global_signal	global_signal_derivative1	global_signal_derivative1_power2	global_signal_power2	csf	csf_derivative1	csf_derivative1_power2	csf_power2	white_matter	white_matter_derivative1	white_matter_derivative1_power2	white_matter_power2	csf_wm	tcompcor	std_dvars	dvars	framewise_displacement	rmsd	t_comp_cor_00	t_comp_cor_01	t_comp_cor_02	t_comp_cor_03	t_comp_cor_04	c_comp_cor_00	c_comp_cor_01	c_comp_cor_02	c_comp_cor_03	c_comp_cor_04	c_comp_cor_05	c_comp_cor_06	c_comp_cor_07	c_comp_cor_08	c_comp_cor_09	c_comp_cor_10	c_comp_cor_11	w_comp_cor_00	w_comp_cor_01	w_comp_cor_02	w_comp_cor_03	w_comp_cor_04	w_comp_cor_05	w_comp_cor_06	w_comp_cor_07	w_comp_cor_08	w_comp_cor_09	w_comp_cor_10	w_comp_cor_11	w_comp_cor_12	w_comp_cor_13	w_comp_cor_14	w_comp_cor_15	w_comp_cor_16	w_comp_cor_17	w_comp_cor_18	w_comp_cor_19	w_comp_cor_20	w_comp_cor_21	w_comp_cor_22	w_comp_cor_23	w_comp_cor_24	w_comp_cor_25	w_comp_cor_26	w_comp_cor_27	w_comp_cor_28	w_comp_cor_29	w_comp_cor_30	w_comp_cor_31	w_comp_cor_32	w_comp_cor_33	w_comp_cor_34	w_comp_cor_35	w_comp_cor_36	w_comp_cor_37	w_comp_cor_38	w_comp_cor_39	w_comp_cor_40	w_comp_cor_41	w_comp_cor_42	w_comp_cor_43	w_comp_cor_44	w_comp_cor_45	w_comp_cor_46	w_comp_cor_47	a_comp_cor_00	a_comp_cor_01	a_comp_cor_02	a_comp_cor_03	a_comp_cor_04	a_comp_cor_05	a_comp_cor_06	a_comp_cor_07	a_comp_cor_08	a_comp_cor_09	a_comp_cor_10	a_comp_cor_11	a_comp_cor_12	a_comp_cor_13	a_comp_cor_14	a_comp_cor_15	a_comp_cor_16	a_comp_cor_17	a_comp_cor_18	a_comp_cor_19	a_comp_cor_20	a_comp_cor_21	a_comp_cor_22	a_comp_cor_23	a_comp_cor_24	a_comp_cor_25	a_comp_cor_26	a_comp_cor_27	a_comp_cor_28	a_comp_cor_29	a_comp_cor_30	a_comp_cor_31	a_comp_cor_32	a_comp_cor_33	a_comp_cor_34	a_comp_cor_35	a_comp_cor_36	a_comp_cor_37	a_comp_cor_38	a_comp_cor_39	a_comp_cor_40	a_comp_cor_41	a_comp_cor_42	a_comp_cor_43	a_comp_cor_44	a_comp_cor_45	a_comp_cor_46	edge_comp_00	edge_comp_01	edge_comp_02	edge_comp_03	edge_comp_04	edge_comp_05	edge_comp_06	edge_comp_07	edge_comp_08	edge_comp_09	edge_comp_10	edge_comp_11	edge_comp_12	edge_comp_13	edge_comp_14	edge_comp_15	edge_comp_16	edge_comp_17	edge_comp_18	edge_comp_19	edge_comp_20	edge_comp_21	edge_comp_22	edge_comp_23	cosine00	cosine01	cosine02	trans_x	trans_x_derivative1	trans_x_power2	trans_x_derivative1_power2	trans_y	trans_y_derivative1	trans_y_derivative1_power2	trans_y_power2	trans_z	trans_z_derivative1	trans_z_derivative1_power2	trans_z_power2	rot_x	rot_x_derivative1	rot_x_power2	rot_x_derivative1_power2	rot_y	rot_y_derivative1	rot_y_power2	rot_y_derivative1_power2	rot_z	rot_z_derivative1	rot_z_derivative1_power2	rot_z_power2	motion_outlier00	motion_outlier01	motion_outlier02	motion_outlier03	motion_outlier04	motion_outlier05	motion_outlier06	motion_outlier07	motion_outlier08	motion_outlier09	motion_outlier10	motion_outlier11	motion_outlier12	motion_outlier13
300.3070146437024	n/a	n/a	90184.3030442129	308.1804813264292	n/a	n/a	94975.20907058955	213.5008509696765	n/a	n/a	45582.613364776014	213.4128826170929	385.8155642679709	n/a	n/a	n/a	n/a	0.0005120985	-0.1018834515	0.0600180285	-0.0211866733	0.0835191237	-0.0651952414	0.0734330686	-0.236834748	0.150336407	-0.1497584036	0.111240785	0.04909755	-0.0540045723	0.1138242098	-0.1487655003	0.2690748948	-0.3336267097	-0.0204351674	0.1459537439	-0.0267914752	0.0670195593	-0.0515122851	0.0041389303	-0.0162593162	0.14750983	-0.0098342078	0.0037669332	-0.0968053176	-0.0003606072	0.0521139518	-0.0320361766	0.1143595843	-0.13578048	0.070004541	-0.0245552407	0.2049151965	-0.194466043	0.104893708	-0.0083298072	0.0816361218	0.0024011298	-0.0341764901	0.1235680763	-0.0647544182	-0.008200495	-0.0763532859	0.0350874977	-0.0493517928	0.1014028721	0.0055648928	0.0110748439	-0.1561577764	0.0740440951	0.0061929606	0.0986096294	-0.0395560411	-0.0204413294	0.0065440287	0.049993888	0.163508412	-0.0940557487	-0.0793916873	-0.0800391207	0.0796683739	0.1123093733	0.0350648742	-0.1183229784	0.0787897203	-0.0547650154	0.0628112605	-0.0176423137	0.0257468688	-0.0184625067	0.1394726835	-0.0663507612	0.1241680104	-0.008321762	0.0212911572	-0.0672049053	0.0295635169	-0.219568319	0.005069679	-0.1993984128	0.124880203	-0.0323246716	0.1142657123	-0.0047303099	0.01599466	-0.0303858246	0.057632526	-0.142537282	-0.0497107621	0.0160162146	0.0394714182	-0.1004108798	0.1176650784	0.0280904094	0.0236491833	-0.0889803037	0.1367367166	0.0622632983	-0.0961646769	-0.117408594	0.0813119898	0.0363853967	0.0479879145	-0.1584859538	-0.0747942102	0.0767608798	0.0197366338	0.0431354243	0.118398648	-0.0040948154	0.0718287628	-0.1102300864	8.3946e-06	-0.0477243483	0.033543742	0.0041226886	-0.0076149276	0.1366804051	-0.1282536699	0.128088817	-0.1426473294	0.0437365559	-0.1221302493	0.0708295877	-0.0786252511	0.035099878	-0.2009528612	0.0005958671	0.0124418378	-0.097306247	0.0163017743	0.0516172408	-0.0502381149	0.1195153378	0.1194927693	0.1194551582	-0.0299356	n/a	0.00089614014736	n/a	-0.0338545	n/a	n/a	0.00114612717025	0.0410341	n/a	n/a	0.0016837973628099	0.000475054	n/a	2.25676302916e-07	n/a	0.000235029	n/a	5.523863084099999e-08	n/a	-0.000361538	n/a	n/a	1.30709725444e-07	0.0	0.0	0.0	0.0	0.0	0.0	0.0	0.0	0.0	0.0	0.0	0.0	0.0	0.0
299.55244344227265	-0.7545712014297692	0.5693776980271653	89731.66637223595	302.1319155789629	-6.048565747466284	36.58514760142237	91283.69441141355	213.3000830859976	-0.2007678836788784	0.0403077431168956	45496.925444493485	213.1163107465404	384.112249631896	1.230813	29.72768	0.057567165	0.0320967	0.1415268025	-0.0680481564	0.0633172158	-0.0496717454	0.1045015046	0.0024444389	-0.1072957455	-0.122873451	0.0591739505	0.0552076102	0.1069869243	-0.0219843586	-0.2838936127	0.0537763696	-0.1157690208	0.0715198589	0.0645035625	-0.0246097546	0.0689435782	-0.1479331136	-0.0084046612	-0.1212054225	-0.0210099784	0.0670256937	0.0164492677	-0.1754850792	-0.0846839171	0.0495797003	0.1906911921	0.1024063051	-0.0139774037	0.0267562303	-0.1805057841	-0.0387746631	-0.0865631424	0.1420857917	-0.0624636072	0.0818418324	-0.0984247996	0.0976594534	-0.0508476856	0.0227224471	-0.0067662692	0.0519409041	0.0526376903	-0.0466138824	-0.0299757774	0.1590433117	-0.1023104715	0.0102422511	-0.010641802	0.0888750064	0.0592409905	0.1239769586	-0.142768142	-0.1725473928	0.1777145029	0.038784584	0.0205160047	-0.0885437796	0.0863188027	-0.0006493681	-0.0283032452	0.0436043219	-0.0887792767	0.0228341633	0.0005119771	0.1395884408	0.0155315809	0.1204305302	-0.0023250454	-0.2196457025	-0.1063323769	0.0312858513	0.0418656878	-0.0208352888	0.1866247979	0.0010249643	-0.1049873717	-0.0494458729	-0.1624201854	0.1043587084	-0.1096153518	0.0549469969	-0.0524027367	0.0764900991	-0.0588811742	0.0014859283	0.0897032273	0.0887264162	0.055684441	-0.0120862545	-0.0192065255	0.0965568246	-0.081869334	-0.1078251942	0.1553745347	0.0597295938	0.014250662	-0.1281075873	0.0230098508	0.1746545979	0.0146841626	0.0080070714	-0.2346936205	0.0305956758	-0.0272752922	-0.0044438785	-0.1070630232	0.0394236143	0.0531745052	-0.1151208525	-0.0347666647	0.1676685821	0.0076672516	0.0588327013	-0.0215783892	0.0784263669	-0.0335041946	0.091446024	0.1261378993	-0.1434551395	0.0774604394	0.0967760494	0.1484709285	-0.0682757322	0.2199687508	0.0080991868	0.0442692767	-0.076489428	-0.1229015033	-0.0610980858	-0.0472131441	-0.0341775367	0.0967217367	-0.1208417671	0.1194551582	0.1192521267	0.1189139965	-0.0289204	0.0010152	0.00083638953616	1.0306310400000018e-06	-0.0570029	-0.0231484	0.00053584842256	0.00324933060841	0.0402457	-0.0007883999999999	6.215745599999916e-07	0.00161971636849	0.000807069	0.000332015	6.51360370761e-07	1.10233960225e-07	5.45247e-05	-0.0001805043	2.97294291009e-09	3.258180231849e-08	-0.000501322	-0.000139784	1.9539566656e-08	2.51323747684e-07	0.0	0.0	0.0	0.0	0.0	0.0	0.0	0.0	0.0	0.0	0.0	0.0	0.0	0.0
299.1810555947648	-0.3713878475078331	0.1379289332765015	89509.30402679775	300.2933910985536	-1.8385244804092624	3.3801722650641475	90176.12073746888	213.25817710817563	-0.0419059778219832	0.0017561109772165	45479.050103502006	213.0798953847368	379.3872360180172	1.373693	33.178665	0.045600635	0.0274293	-0.0075687445	0.0980089146	0.1036425218	-0.079551974	0.0787020705	0.1394026227	0.0573928323	-0.0082328737	0.0387567288	0.1744141195	-0.1800698295	0.0672088446	0.1196914261	-0.0091207445	-0.0224419061	-0.0088776498	-0.1072098551	0.1251044411	-0.0211647091	-0.0828846667	0.0484335911	-0.0427024625	0.0673336158	0.1320035019	0.1059893838	0.003021846	-0.1246494782	0.0442536435	-0.0200223839	0.1140925084	0.0214762164	-0.1233957623	0.1186365966	0.0344225248	-0.0023927172	-0.1383409815	0.020785514	0.1500881536	0.0892835501	0.0480087904	-0.0256004039	-0.1664117034	-0.0172953407	0.1207585436	0.059605435	-0.2183312015	-0.0320191298	0.0537011304	0.1325249105	-0.0204252556	-0.0225748862	-0.067791777	-0.1514497469	0.1048588741	-0.0293030711	-0.0625903076	-0.1364675739	0.0500876048	-0.1140317465	-0.0005613925	-0.02092249	-0.0787831438	0.0224121245	-0.1689842057	-0.0266624462	-0.1264941304	0.0262144795	0.070236963	-0.0614395346	0.0412500928	-0.0878298471	0.0700301641	-0.2021526093	0.0103965174	0.0348660677	-0.0949079654	-0.0159536363	-0.1422316174	-0.0135157416	-0.1212594822	0.1012889203	-0.0756244408	0.1233991733	-0.0767965155	0.0242617101	0.156858535	-0.1086250895	-0.0198315012	-0.0659676459	0.108806323	0.0381483793	-0.0485849706	0.0825992699	0.256115382	-0.0724640685	0.0055344376	-0.0298237508	-0.098309802	0.0078596088	0.1478980053	-0.0162286771	0.1384598685	0.0148174806	0.0319844598	0.0261444535	-0.1560924835	0.0172162887	0.0152454441	0.0974656391	-0.0769147878	-0.0175728749	0.0600730698	-0.1617442551	0.0058941418	-0.024887861	0.0253679748	-0.0252799613	-0.0145893937	0.0050670147	0.0450253356	0.1051352169	0.0713169891	0.0309939463	-0.0029422081	-0.1220877226	-0.125668301	0.2155242478	0.1744637162	0.1157247861	-0.1241141494	0.0130616489	-0.0248516538	-0.0957961224	0.0261137942	-0.0688427591	0.0400229464	0.1193348294	0.1187713263	0.1178341246	-0.0335186	-0.0045982	0.00112349654596	2.1143443240000032e-05	-0.0570165	-1.359999999999556e-05	1.8495999999987923e-10	0.0032508812722499	0.026134	-0.0141117	0.00019914007689	0.000682985956	0.000325021	-0.000482048	1.05638650441e-07	2.3237027430400002e-07	-0.0	-5.45247e-05	0.0	2.97294291009e-09	-0.000500352	9.699999999999856e-07	9.408999999999719e-13	2.503521239040001e-07	0.0	0.0	0.0	0.0	0.0	0.0	0.0	0.0	0.0	0.0	0.0	0.0	0.0	0.0
298.73292121210807	-0.4481343826567467	0.2008244249191435	89241.35821591956	300.1031353425376	-0.1902557560160289	0.0361972526972307	90061.89184242144	213.05861043871928	-0.1995666694563453	0.0398268555578982	45393.97148207794	212.8589248450228	375.9416718494827	1.335006	32.244267	0.23430488	0.11821	-0.1191893953	-0.0392425812	-0.0032639686	-0.0392849788	-0.0024781493	-0.0265440221	0.1274580175	0.060825564	0.016853329	-0.1351596864	0.0420959704	-0.0083742176	-0.0642949815	0.0466235687	-0.0550978435	0.0379962661	-0.1027040145	-0.0149329211	0.0462026946	0.1189811731	0.1032857716	0.0459779503	-0.0246372294	-0.0128151591	0.030187809	0.0002380745	0.0251154755	0.0307363704	0.0249657126	0.0747988853	0.0340801207	-0.0144817873	-0.058710784	-0.0255427554	-0.0012175784	0.038199939	0.0741088104	-0.020474042	-0.0246817127	-0.0689627756	0.0371792023	0.0340489646	0.0608764822	-0.1432659251	0.022054037	0.0889752722	0.0448972503	-0.0129065283	0.1922364492	0.1300910422	0.0626437372	-0.1525170756	0.0912586206	0.0547095959	0.0679299981	0.0778348398	-0.0846854686	-0.0298816685	-0.1114859184	0.0073750672	0.0589625836	-0.160617707	0.1057031516	-0.0400421469	-0.0537395464	0.0266340639	-0.0847139137	-0.0986365919	-0.0966014767	-0.0318050929	0.0349136191	-0.0108113892	0.0146444003	0.0284504491	-0.0268703755	0.0004692206	0.0292272782	-0.0212789931	-0.0808455547	-0.0231688853	0.0052920181	0.1050569908	-0.0059520898	0.0534612245	0.0065544005	-0.027465382	0.0099873582	-0.0264927157	-0.0034983916	-0.0549126492	-0.0328536444	0.0190327846	-0.0098739051	-0.172092381	-0.1416763898	0.1713186606	-0.0144894307	-0.0409451652	-0.0648061741	0.0793155508	0.0192832677	-0.0776807866	-0.033688163	0.0216720275	-0.0051717665	-0.0851025119	0.0970100157	0.1663571292	0.240167774	-0.091817506	-0.0288303079	-0.0017279151	0.0305760464	-0.0794857363	-0.0913513296	-0.0655761788	-0.0388048727	-0.0140340637	-0.0037156329	-0.0024727296	0.0003190206	-0.1624482387	0.0773935834	-0.0697792508	-0.030962867	-0.0208134801	-0.0347955958	-0.0703258445	-0.0488985373	-0.0355079637	0.1012023233	-0.0037473732	-0.0011485833	0.0465086276	-0.1620488606	0.0181696186	0.1191544118	0.1180513362	0.1162204348	-0.0140338	0.0194848	0.00019694754244	0.00037965743104	-0.00268602	0.05433048	0.0029518010570304	7.2147034404e-06	0.0942972	0.0681632	0.0046462218342399	0.00889196192784	-0.000846845	-0.001171866	7.171464540250001e-07	1.3732699219560002e-06	-0.00017431	-0.00017431	3.03839761e-08	3.03839761e-08	0.0	0.000500352	2.503521239040001e-07	0.0	0.0	0.0	0.0	0.0	0.0	0.0	0.0	0.0	0.0	0.0	0.0	0.0	0.0	0.0
298.5227983520575	-0.2101228600505464	0.0441516163158215	89115.8611359432	299.2283287591572	-0.8748065833804048	0.7652865583256973	89537.59273199826	212.84766811493304	-0.2109423237862415	0.0444966639643395	45304.129821964685	212.6622930474984	376.9910562497238	1.324641	31.993921	0.06564413	0.029337	0.1231367091	-0.0378539237	-0.076013719	0.0642199722	0.035093396	-0.1106281345	-0.0942664171	-0.0045370787	-0.0525309633	0.1114097221	-0.0594702295	0.0975892741	-0.0368828384	0.0207200238	-0.0934973305	-0.0559526256	0.0295689683	-0.1151577502	-0.04122151	-0.0458682986	-0.0585794264	-0.0003646937	-0.0027203554	0.0945537411	-0.0320502894	-0.0173014371	0.0365770137	0.043485712	-0.1715830901	0.0512169867	0.1239941984	0.0402152983	-0.0641616268	-0.0290989665	0.0206322017	0.0577909674	0.0462250108	0.024245921	0.0115340002	-0.0361375362	0.1561980792	-0.0248927267	-0.0275184769	-0.124593026	-0.028738823	0.0029529273	0.0443393717	-0.1078775387	-0.1042207786	-0.0955432289	0.0113556301	0.0278858752	0.0279485795	0.0354672668	0.0416535705	-0.0248159977	-0.0104975706	-0.0042324383	0.0310156307	0.013867829	0.0132336472	0.0863905631	0.0081217324	-0.1288088869	-0.0744560107	0.1047432712	0.0709477718	0.0374137003	0.0580990366	0.00326412	0.0146043188	-0.0168234275	-0.0482581116	-0.09214102	-0.0622490724	-0.0289960269	-0.1335707285	-0.0758577327	-0.0527440559	0.0610828294	0.0054904892	0.1034264912	-0.0477525623	0.0492365494	0.0284654781	0.027263674	-0.0488725573	0.0301556104	-0.1444012007	-0.1236516269	-0.0377062468	0.1028788349	0.02190812	-0.0730689766	0.0921706301	0.0310415624	0.0141963426	0.090203848	0.1021958046	0.0099277679	0.0445869334	0.0079521658	-0.075729616	-0.0080134856	-0.0257493199	-0.0201272012	-0.0098412289	0.0167338764	-0.0757678413	-0.0043224042	0.0006860983	-0.0206933164	0.0877889637	0.0762512635	0.0925665003	0.0299453223	-0.0208530914	0.0265827636	0.0151257259	0.0437838493	0.0623900329	0.0394576774	0.0744639602	0.0552083747	-0.0653211121	-0.0385646231	-0.0760237568	0.1247621459	-0.010479315	-0.0023164993	-0.0053426403	-0.0716352819	-0.0331520222	0.0417289358	-0.1085988388	-0.032607788	0.1189139965	0.1170936064	0.1140802373	-0.0012179	0.0128159	1.48328041e-06	0.00016424729281	-0.0234414	-0.02075538	0.0004307857989444	0.00054949923396	0.100026	0.0057288	3.281914944000007e-05	0.010005200676	-0.000658457	0.000188388	4.33565620849e-07	3.549003854400002e-08	-0.00032613	-0.00015182	1.063607769e-07	2.30493124e-08	-0.000186673	-0.000186673	3.4846808929e-08	3.4846808929e-08	0.0	0.0	0.0	0.0	0.0	0.0	0.0	0.0	0.0	0.0	0.0	0.0	0.0	0.0
298.6711346164485	0.1483362643909913	0.022003647333474	89204.44665307671	298.9938921614538	-0.2344365977033931	0.0549605183427425	89397.34754985507	213.00894607038623	0.1612779554531869	0.0260105789151601	45372.81110601671	212.81242128712265	375.3078207663788	1.267949	30.624636	0.12043621	0.0652443	-0.0571053391	0.0967876997	0.0221980805	-0.0705058767	0.0569802584	0.1386242813	-0.029956704	0.0437752483	0.0166759004	-0.0275200903	-0.0309718918	-0.0483978533	0.045068993	0.0863797723	-0.0197875403	-0.006157008	0.0056113998	0.1014357635	-0.0575201656	-0.0379305039	0.0447984203	-0.0280548078	0.0678961243	0.0559685508	0.0146715896	0.1165241059	0.057898386	-0.0244644019	-0.0028599472	0.0616271292	-0.1240644545	0.0301213784	0.064841909	0.0897591402	0.1102457065	0.0260204811	0.0376876359	0.0122623457	-0.0562861365	-0.0805796993	0.0254126459	0.0501592485	0.1198657581	0.0301008191	-0.06505944	-0.1549741266	-0.075103332	-0.0697541004	0.0332407029	0.0604711736	0.0939577116	-0.1288191413	0.1300405905	-0.0915781743	0.0926286748	-0.0916574441	0.1139017715	-0.09053086	0.0431814954	0.0877534123	-0.0357242061	-0.0319026547	-0.0129836892	-0.0628326102	0.0268041227	-0.1140339298	0.0554049291	0.0201200854	-0.0459246608	0.0158699183	-0.0669390492	0.1151604788	0.0042930096	-0.0365753492	-0.0455981117	0.0312256724	0.0173282086	0.0444746141	-0.0678399597	-0.043055858	0.0150722679	-0.1248946275	-0.0115416907	0.0955728005	0.1037706925	-0.0702935748	-0.0134599973	-0.0379738046	0.0438670376	-0.0893166995	-0.0636771721	0.0126848847	-0.0378035208	0.1491629133	-0.0730673428	0.0687497839	-0.0661660476	0.0764665339	-0.0732441542	0.0031684208	0.0513254343	-0.2479208033	-0.0463340002	0.1172035871	-0.0988362847	0.0716358032	-0.1208368669	0.0031499431	0.0170481133	-0.0080294251	-0.0447104777	0.029518838	-0.1059306946	-0.0595349368	0.0052276807	0.0083633018	-0.0408148572	0.0398716069	0.0071561646	-0.0162625305	-0.0717574651	-0.0745998409	0.0705872545	-0.0219441704	-0.0509288916	-0.0914845643	0.0161402929	0.0186855536	-0.011240209	-0.0991623341	0.0296038424	-0.0710305602	-0.136621824	0.0068069366	-0.0513982171	0.0533204568	0.1186137044	0.1159000657	0.1114232278	-0.00962006	-0.0084021599999999	9.25455544036e-05	7.059629266559998e-05	-0.0632458	-0.0398044	0.00158439025936	0.00400003121764	0.0613187	-0.0387073	0.00149825507329	0.0037599829696899	-0.000180066	0.000478391	3.2423764356e-08	2.28857948881e-07	-0.000319159	6.970999999999985e-06	1.01862467281e-07	4.859484099999978e-11	-0.000371758	-0.0001850849999999	3.425645722499999e-08	1.3820401056399998e-07	0.0	0.0	0.0	0.0	0.0	0.0	0.0	0.0	0.0	0.0	0.0	0.0	0.0	0.0
298.2402541377901	-0.4308804786584232	0.1856579868889119	88947.24918817362	298.35462750422806	-0.6392646572257377	0.4086593019779398	89015.48375318668	213.05260206266712	0.0436559922808896	0.001905845662029	45391.41124567319	212.8299719122953	373.21058045306177	1.011191	24.423191	0.174310528	0.0988519	-0.1136987846	-0.0147471835	-0.0450579318	-0.0428663771	0.0532042522	0.017688305	0.1402204702	0.0871302054	-0.0413065608	0.0557466172	0.0676646896	0.0402953327	-0.0279846724	-0.0668162474	-0.1050221834	0.0073844084	0.0902625697	-0.0065031637	0.0231118725	0.112406851	0.0821026184	0.004620051	-0.0369378701	0.0068124802	-0.0191012489	-0.0512196935	-0.0189511695	0.0299773376	-0.1138356532	0.0646235877	0.0077423447	0.0182380347	0.1485169746	-0.1187132393	-0.0269359906	0.0372596467	-0.1002915893	0.0021517408	0.0756154136	-0.0232822307	0.0047816475	0.1325866009	-0.0333884583	0.0291183936	0.0145460796	-0.1446963529	0.0721499892	0.0657426122	-0.068774453	0.0330146599	0.0238885399	0.0209099044	0.0664707132	-0.0046875002	-0.1397591628	-0.0072435562	0.0522998768	0.1151866167	-0.1605002635	-0.0097032499	0.1103458751	-0.019682693	-0.0079849594	0.0585572816	-0.0036941087	0.0172162905	-0.0676095654	-0.1023484212	-0.079010688	-0.0019479746	0.0382070399	-0.0613218959	-0.0119188602	-0.0214952456	0.0012256045	-0.04763661	-0.0979691026	-0.0588862174	-0.0334529067	0.0088058882	0.088648991	-0.0643503884	-0.0825958973	-0.0951355525	0.0417868961	0.1490208772	0.0724204048	-0.0140535596	0.0893503856	-0.0147328106	-0.00521279	0.1089943944	-0.0690146499	0.072852427	0.0057763712	0.0320111439	0.1415386511	0.0241905429	0.0239275773	-0.1180361642	0.1170184364	0.0412626381	0.0543727991	-0.0464036641	-0.0774382924	-0.0877471784	0.0018532425	-0.0224138772	-0.0193437551	-0.1038277154	-0.023111753	-0.0011811286	0.0236170873	-0.0809656667	-0.0901309319	-0.0442641503	-0.0485811708	-0.0351709028	0.0861122659	0.0481327719	0.0724217706	-0.0185675801	0.0512799682	0.0497542784	-0.1050512122	-0.0156620579	0.0097865554	0.0991214676	0.0117322311	0.0301443624	0.0199855416	-0.0828864162	-0.0326925457	0.0138100314	-0.0519398341	0.0420534962	0.1182536866	0.1144731177	0.1082614433	0.000414263	0.010034323	1.71613833169e-07	0.0001006876380683	0.0173275	0.0805733	0.00649205667289	0.00030024225625	0.0972073	0.0358886	0.0012879916099599	0.0094492591732899	-0.000808428	-0.000628362	6.535558311840001e-07	3.9483880304400003e-07	-7.95749e-05	0.0002395841	6.33216471001e-09	5.740054097281001e-08	-0.000283418	8.833999999999996e-05	7.803955599999992e-09	8.0325762724e-08	0.0	0.0	0.0	0.0	0.0	0.0	0.0	0.0	0.0	0.0	0.0	0.0	0.0	0.0
298.33522681306897	0.0949726752788819	0.0090198090496279	89003.9075576053	298.7434552289263	0.388827724698217	0.1511869994939924	89247.65204211748	213.0536700569968	0.0010679943296736	1.140611888215044e-06	45391.86632475565	212.8678026946016	371.5694837053281	1.157874	27.965998	0.092078888	0.0528427	0.0431491765	-0.0467916498	-0.1560441427	0.082283579	-0.0025579776	-0.1162943702	-0.083892377	0.0761933578	-0.1062080678	0.0129882427	-0.0803577413	-0.1140039068	-0.0056406219	-0.036585597	-0.0352567328	0.0924602668	0.0115327791	-0.1210810685	0.00138195	0.0077706124	-0.1050206978	0.0531337651	0.0128026526	-0.0773946563	0.0558720329	0.0841319448	-0.0236358456	-0.0354694521	-0.0588383797	0.004211124	0.0471804658	0.1162876143	0.0889767132	-0.0493122439	0.0377622735	0.0322760879	0.0306476186	0.0084125458	0.0590209865	-0.0345192028	0.0307473908	0.0733771672	-0.0020742734	0.1359639522	-0.1048441343	-0.0100488018	-0.0490455311	-0.0464691831	0.0144844404	0.0358075657	0.0408293544	-0.0883945143	-0.123490266	0.0576238059	-0.0921826352	0.0956222117	-0.0934282327	-0.0089498866	0.0647751589	0.1081892637	0.1241270657	0.1015779662	0.0060562756	-0.0384423872	-0.0065026122	0.1238795406	0.0207612494	-0.0018864495	0.0953460494	-0.0560004968	-0.0147186065	0.0777528665	0.0374331558	0.0927614427	0.0416206464	0.0016502643	-0.0305719411	-0.045840137	-0.0380222687	0.1404331568	0.0867962243	-0.0069343812	-0.0294014355	-0.0395036582	0.0990990259	0.0651071413	0.0236678432	-0.0030746394	0.0106806715	-0.0543606118	0.0052311285	-0.0884826504	-0.0903289353	0.0702185682	0.0232712869	0.0306001234	-0.0898359693	0.0889623529	0.0015260412	0.1171315252	0.0197610566	0.0491076904	0.0305747815	-0.1178103081	0.0524803476	0.0244818752	-0.0047152459	0.0357002386	-0.1065650527	-0.1229997157	-0.0906922756	0.0076822844	0.1477168614	0.0358971445	0.0719958513	-0.0044451417	-0.0362684861	0.0118250633	0.0184723192	6.92588e-05	-0.0695152492	-0.1160441309	0.0073811769	-0.0570920949	-0.1216384723	-0.0220637213	0.0361740161	0.0442119275	-0.0335512715	-0.048623614	0.0811874593	0.0071526474	0.0446288369	0.0471608291	0.0168246182	0.0281313207	0.1178341246	0.112815636	0.1046092073	-0.0105501	-0.010964363	0.00011130461001	0.0001202172559957	-0.00986658	-0.02719408	0.0007395179870464	9.73494008964e-05	0.140755	0.0435476999999999	0.0018964021752899	0.0198119700249999	-0.000890025	-8.159699999999998e-05	7.921445006250001e-07	6.658070408999997e-09	-0.0	7.95749e-05	0.0	6.33216471001e-09	-0.000237135	4.628300000000002e-05	2.1421160890000013e-09	5.6233008225e-08	0.0	0.0	0.0	0.0	0.0	0.0	0.0	0.0	0.0	0.0	0.0	0.0	0.0	0.0
299.21412277611546	0.8788959630464888	0.772458113859415	89529.09126868029	298.5126058970825	-0.2308493318437854	0.0532914140127221	89109.77587946689	213.3722255393675	0.318555482370698	0.101477595348428	45527.70663162271	213.1503695244013	374.3379619869648	1.24748	30.130255	0.13938017	0.0842148	0.018446366	0.1354709535	-0.0142390887	0.0059441405	0.0425667535	0.1185562254	-0.0544129057	0.0205680741	-0.0480738556	0.0505707129	-0.0436208758	0.1086674181	0.0458395275	0.0065411142	-0.0634345878	-0.0340405099	0.0731216038	0.1142120269	-0.0309537107	-0.0588205736	-0.0917171728	0.0403418083	-0.034761814	0.0754048482	-0.0088701254	-0.0783861599	0.1217771615	0.01172149	0.0232465145	-0.0964597923	0.1427490859	0.0891300553	0.0126689625	0.0721092498	0.1406049606	-0.0276370451	-0.0133382377	-0.0420044063	0.0689501028	-0.1458989636	-0.0434972656	0.1210398472	0.034305737	-0.0286311654	-0.0564586099	-0.010410232	0.0517343026	0.0206772343	-0.0644723174	0.246010928	0.0501888066	0.1093107841	-0.0431996138	-0.038485208	-0.0211919203	-0.0138856867	-0.0569375861	-0.1243635127	-0.1239556144	-0.0652694616	-0.1381012725	0.0680236782	0.0560754444	-0.080057814	-0.1541003747	-0.1169885663	0.0355761921	0.0416839736	0.0829682215	-0.0526421192	0.05880572	-0.0646383494	-0.0457893188	-0.0590322072	-0.121669432	-0.0477983881	0.0211584988	-0.0512978122	0.1120964717	0.1667926386	-0.0422295917	-0.0122718224	0.0829876733	0.036290136	0.1411942849	-0.0472508845	0.0954560005	-0.0473067067	0.0361947329	-0.0521458827	-0.0932192094	0.0292924369	-0.1245712536	-0.0048088709	0.0299252363	0.1022314287	0.0475753547	0.0733730199	-0.068381086	-0.0967267341	-0.1676373675	0.0072757855	0.0919635857	0.0613300059	0.0559977594	-0.0739900794	0.0180046163	0.0334707259	0.0685325142	0.1058713387	-0.1306093499	-0.1136000332	-0.0848560679	-0.0412611815	0.0933351706	0.0462961819	-0.0547145371	0.0362531422	0.0344797291	0.0082831894	0.0897844187	-0.0425600371	0.0543386605	0.0606981958	-0.1035729988	0.1476932051	0.0829616413	0.0792572739	-0.0640531933	0.0423412218	-0.0047138401	-0.0203662872	-0.0305473848	0.0119053706	0.0594277694	0.0311802127	0.1173552296	0.1109309587	0.1004830656	-0.0097373	0.0008127999999999	9.481501129e-05	6.606438399999983e-07	-0.0702746	-0.06040802	0.0036491288803204	0.00493851940516	0.093079	-0.0476759999999999	0.002273000976	0.008663700241	-0.000412383	0.000477642	1.70059738689e-07	2.2814188016400002e-07	2.00122e-23	2.00122e-23	4.0048814884e-46	4.0048814884e-46	-0.00036916	-0.000132025	1.7430600625e-08	1.362791056e-07	0.0	0.0	0.0	0.0	0.0	0.0	0.0	0.0	0.0	0.0	0.0	0.0	0.0	0.0
299.3383649395369	0.1242421634214565	0.0154361151716439	89603.45672467539	300.1465312861189	1.633925389036392	2.669712176937725	90087.94024308916	213.208578129892	-0.1636474094754874	0.0267804746280378	45457.89778817026	213.0754880772081	381.4273123833625	1.122988	27.123398	0.05718589	0.0358641	-0.0919189748	-0.0042437732	0.0224624884	-0.0015021174	0.0294610656	0.0446915695	0.1052839327	0.0393851557	-0.0242449348	-0.0013325856	-0.0227323349	-0.0978612081	-0.0017750622	-0.1028150605	0.0968747762	-0.0149925142	-0.1655253168	0.0495006367	0.0074645939	0.0671702673	0.0187234965	0.0318608038	-0.0292489411	0.016938958	0.0776264495	-0.1106854109	-0.069264236	-0.0356889011	-0.0302999898	-0.0136784406	-0.1274026486	0.1857142184	0.0070340286	0.0953387325	0.1128682167	0.0028515132	-0.0107185695	-0.0910077756	-0.0502831686	-0.1720335055	-0.0483090594	-0.158362191	0.039648762	0.0584364682	0.1483285656	-0.0629742148	0.0759740381	0.0143707197	0.027283692	-0.1242027194	-0.186294049	0.0276757291	0.1427069503	0.1970204817	0.1820046387	0.0903468679	0.017514298	0.0307534453	0.04076868	-0.0209002765	0.0134231699	0.091486486	-0.0899832782	0.0754015443	-0.1033752401	-0.0405702832	-0.0423612361	-0.0662865058	-0.0139389616	-0.0303433434	-0.0279118383	-0.0474590084	-0.1252788585	0.1306932056	0.0736602538	0.0823402751	-0.0603078696	0.1283020198	-0.0414787682	0.0615141309	-0.0574575897	-0.1198612479	0.0873265317	0.0716216287	0.0974845589	-0.1131398941	0.1266081043	-0.1835536948	-0.0533962664	0.0326937342	0.0111326456	0.0940738598	0.1886722628	0.0702429033	0.0496255171	-0.0043643225	0.0696397102	-0.0303758939	-0.1372197998	0.0440157282	0.101429082	0.0385178113	-0.2632960343	-0.1227652554	0.0185866629	-0.0465646603	0.0634673975	-0.0403801844	-0.0781249778	0.0429660309	0.0827978338	-0.1039212243	-0.0104346538	-0.0702102887	-0.0579788868	-0.0235373252	-0.0511659729	0.0242654164	-0.0688062871	0.1077424358	-0.009626573	0.0246974945	-0.1231937213	-0.0851828398	-0.0974888768	-0.0665032793	0.1491174011	-0.0962933567	-0.1027731685	-0.0589259608	-0.0638079856	-0.0407395889	-0.073430629	0.0351165571	-0.0650319824	0.0289068829	0.1168172427	0.1088228812	0.0959017104	-0.00878211	0.00095519	7.712545605209999e-05	9.12387936100003e-07	-0.0370253	0.0332493	0.00110551595049	0.0013708728400899	0.0844502	-0.0086287999999999	7.445618943999987e-05	0.00713183628004	-0.00051262	-0.0001002369999999	2.627792644e-07	1.0047456168999996e-08	-0.000155896	-0.000155896	2.4303562816e-08	2.4303562816e-08	-0.000338241	3.091900000000002e-05	9.55984561000001e-10	1.1440697408100001e-07	0.0	0.0	0.0	0.0	0.0	0.0	0.0	0.0	0.0	0.0	0.0	0.0	0.0	0.0
298.6094712328524	-0.7288937066845165	0.5312860356442939	89167.6163099637	299.57281601338445	-0.5737152727344323	0.3291492141687441	89743.8720941891	212.8824373436672	-0.326140786224812	0.1063678124393385	45318.93212938039	212.71427416468777	377.5907789730184	1.205793	29.123381	0.08183754	0.0488275	0.0562314413	-0.0571721295	-0.0676597848	0.0716806432	0.0439223788	-0.1049771039	-0.0443593126	-0.0334500993	-0.027385609	-0.1085247013	-0.0311855331	0.0159785997	-0.0614166177	0.1201188393	-0.0606728836	0.014139199	0.1281293398	-0.117141928	-0.0050951123	-0.0347106592	-0.0733116366	0.0184059044	-0.0970144544	-0.0345919709	-0.1312315034	0.1221388275	-0.00148812	0.0148561912	0.0912163401	-0.0291516972	0.0470892401	-0.16347366	-0.0038918627	0.0248828958	-0.0181553372	-0.0602408336	0.1160115976	-0.0202536014	-0.1564665109	-0.0635737168	0.0890385867	0.0626384317	0.0755841158	0.0865107175	-0.0158304341	0.0740090604	0.0444175414	0.0368642638	0.0437999814	-0.051382511	-0.0705931576	-0.0718329536	-0.0251037737	-0.1126676991	-0.1540582296	0.0532917659	-0.0323983654	-0.0122794219	0.1500442593	-0.0550780787	-0.0187377315	-0.0065129883	-0.1170708441	0.0614755816	0.0577909877	0.1117982674	0.0298113716	0.0265329392	0.073289647	-0.0090397603	0.1175057569	0.0286832652	0.0961076471	-0.1107347825	0.0882414841	-0.0238168702	0.1114523711	-0.0322033934	0.0176095083	-0.0777260335	0.0685488633	0.0584648148	0.029605129	0.0407615877	-0.0786329253	-0.1961290164	-0.0675539351	-0.0560807471	0.0163299835	-0.1396071293	0.0560413786	-0.0635075249	-0.0515529615	-0.0204419574	-0.0128406468	-0.004703656	0.0145262181	-0.1053824314	-0.0141299551	0.0758837582	0.061764241	0.0279893303	0.1237317604	-0.029800435	0.0917258024	0.16141886	-0.0179378462	-0.047056035	-0.0555726674	0.0262206798	0.0596114252	-0.0376376413	0.1105513902	0.0328863624	0.058690528	0.0428191525	-0.0199284799	0.0132491261	-0.098785935	-0.0673790154	-0.0488447091	-0.1229845806	0.0410884511	0.1550269427	-0.0422471012	-0.0301117837	-0.041643195	-0.0927485397	-0.1103703612	0.0452399771	-0.037215245	0.0086542954	-0.0035972042	0.0658463926	-0.0562355113	-0.0178571042	0.1162204348	0.1064956489	0.0908858965	0.00646258	0.0152446899999999	4.17649402564e-05	0.000232400573196	-0.0350394	0.0019858999999999	3.943798809999995e-06	0.00122775955236	0.126436	0.0419857999999999	0.0017628074016399	0.015986062096	-0.000575849	-6.322900000000004e-05	3.31602070801e-07	3.997906441000005e-09	-0.000518206	-0.00036231	2.685374584360001e-07	1.3126853610000001e-07	-0.000365125	-2.6884000000000022e-05	7.227494560000011e-10	1.33316265625e-07	0.0	0.0	0.0	0.0	0.0	0.0	0.0	0.0	0.0	0.0	0.0	0.0	0.0	0.0
298.31111704693234	-0.2983541859200613	0.0890152202560225	88989.52255378857	297.7580389421197	-1.814777071264757	3.293415818388289	88659.84975465687	212.979881595858	0.0974442521907974	0.0094953822850237	45360.42996458569	212.8018097352612	371.0275798088161	1.251979	30.238913	0.0289858199999999	0.0163099	0.0113665751	0.1521645372	-0.0477736112	0.0559956929	0.0387462828	0.0410657805	-0.0739970782	0.0196515347	-0.0995459995	0.0442110632	0.0602767307	0.1615389976	0.0608839236	0.0551217933	0.1252773157	-0.1586824789	-0.0684498798	0.0813134472	-0.1436020829	0.0025097888	-0.1214041272	0.0057955841	-0.0449893809	0.0489711651	0.0270446752	-0.0739900384	0.0103817595	0.0628209989	-0.1275660386	-0.0947023413	-0.1142748809	-0.1179513314	0.0654883501	0.0610308349	0.0444502287	-0.0247510231	0.0712543759	0.0196889784	-0.0645402549	0.1155669919	0.1091670784	-0.0386701164	-0.0562123719	0.0657551704	0.0251670939	0.0842227095	0.1565043259	-0.0319051483	-0.007989568	0.0042103184	0.0272912473	0.0129146979	0.0593925324	-0.0066864114	-0.0233016627	0.0117150778	0.0403987399	-0.0492834931	0.0189256096	0.0167005645	0.0628979625	-0.1258959375	-0.0778141657	-0.0874671726	0.1591844769	-0.0955618696	0.1205301982	-0.0474142204	0.1212058381	-0.0158547911	0.044051141	-0.0293457247	-0.069995658	-0.0288642088	-0.050175996	-0.0380847219	-0.1457720907	0.0857676889	0.1085497907	-0.1397935108	0.0847359214	-0.030805247	-0.0188510671	0.0558695049	0.0553674124	-0.0236492442	-0.0939938764	0.0647529229	-0.0262477563	-0.0362440232	0.1574146735	-0.0956375618	0.0288426018	-0.0719346373	0.0663101222	0.0800924789	0.0550014742	-0.0464481861	0.0270851188	-0.0235968926	0.0440572588	0.005431399	0.0314632056	0.0101295286	-0.0309485019	0.0716913578	0.0417980646	0.0839822615	0.0603117324	0.0017029004	0.0962419022	0.1507679642	-0.0292167981	-0.0841576932	0.1214201036	0.1000226071	-0.0094724611	0.0328457101	0.0467275992	0.0442906853	0.0516145882	0.1188147871	-0.085603189	0.014949452	-0.0997084086	0.0397026996	-0.1385355645	-0.0399490797	-0.1089484434	-0.0328362758	-0.0533621801	0.0759912354	0.0095746238	0.047562086	-0.0269642457	-0.0090066116	0.1155651064	0.1039539485	0.0854583468	0.014973	0.00851042	0.000224190729	7.242724857640003e-05	-0.0451323	-0.0100929	0.00010186663041	0.00203692450329	0.126425	-1.0999999999983244e-05	1.2099999999963138e-10	0.015983280625	-0.000575849	0.0	3.31602070801e-07	0.0	-0.000342362	0.0001758439999999	1.1721173904400002e-07	3.092111233599999e-08	-0.000396711	-3.1586000000000006e-05	9.976753960000002e-10	1.57379617521e-07	0.0	0.0	0.0	0.0	0.0	0.0	0.0	0.0	0.0	0.0	0.0	0.0	0.0	0.0
298.85736978358256	0.5462527366502172	0.2983920522978516	89315.727473961	300.16863320990456	2.410594267784859	5.81096472387722	90101.2083631022	212.9153857984857	-0.0644957973723023	0.004159707878689	45332.961509718	212.7369935641917	373.6247076388321	1.135	27.413534	0.0706423	0.0340075	-0.1077229351	0.046081912	0.0146784064	0.0415825391	0.0077248946	0.066215724	0.0733565046	0.0069666414	-0.0442630223	-0.0613747064	-0.108996948	-0.05827757	0.0118351043	0.115355657	0.0979637861	0.0801120703	0.0676818648	0.0636548485	-0.0784460813	0.135299774	-0.0109737386	-0.0391696005	0.0465405776	-0.0491930602	-0.0036877348	0.211769903	0.0079135521	0.1074082067	0.0494468668	-0.0299093918	-0.1600650406	-0.0113878295	0.1334441639	-0.0021121802	-0.0410799442	0.0094587133	-0.0647216526	0.0690998235	-0.0889154412	0.0246430704	-0.0513978174	0.1062447163	0.0660785144	0.037798002	0.024059387	0.1104680559	-0.0584380505	0.0305099877	0.0588444801	-0.0364932236	-0.0166588373	0.0053642312	-0.0888939638	-0.0248874056	-0.1281194946	0.0234687973	-0.0081713246	0.0643520105	0.0242288959	0.1607435604	-0.0455729478	0.1161349347	-0.0409731746	0.119948034	-0.0008470238	-0.0671245146	0.017282503	-0.146394051	0.0119864339	0.0255606365	-0.0592431342	0.185007748	0.0761847112	-0.0336775709	0.061055798	-0.114186917	0.0617187978	0.1107867296	-0.0370184864	-0.039856206	0.0752157976	-0.1463670067	-0.0741180479	-0.018259176	-0.0479491711	-0.0092555846	-0.0346773464	-0.0593895387	0.1308277542	-0.0154902524	-0.007134194	-0.1034196104	-0.0747933585	-0.0684162737	-0.1067958073	-0.0338085494	-0.0437689836	-0.0388278406	-0.027549117	0.0351988645	-0.0076259336	0.0881301525	0.044480037	-0.1150754822	0.0390475156	0.0358907862	-0.2219289293	-0.0975231055	-0.1214528925	0.0243967782	0.0259823064	-0.020661144	-0.0072350854	-0.1275883282	-0.0409645006	0.0656550578	0.0824778816	-0.0258868725	0.0037484327	-0.0737620546	-0.1901408809	-0.0649550731	-0.0428812236	0.0244725759	-0.0826185556	-0.0787660653	-0.0772819015	-0.0708546327	-0.0794880368	0.0928277301	0.1005489356	-0.0156087309	0.047144425	0.0744243496	-0.1065326685	-0.1493989249	0.1148515874	0.1012028987	0.0796436494	0.0217825	0.0068095	0.00047447730625	4.636929025e-05	-0.02283	0.0223023	0.00049739258529	0.0005212089	0.108798	-0.017627	0.000310711129	0.011837004804	-0.000575849	0.0	3.31602070801e-07	0.0	-0.000587398	-0.000245036	3.450364104040001e-07	6.0042641296e-08	-0.000163677	0.000233034	5.4304845156e-08	2.6790160329000003e-08	0.0	0.0	0.0	0.0	0.0	0.0	0.0	0.0	0.0	0.0	0.0	0.0	0.0	0.0
298.6308783574845	-0.2264914260980504	0.0512983660959286	89180.4015085627	298.7427200709717	-1.425913138932856	2.03322827978135	89247.21279540296	212.93287620172416	0.0174904032384688	0.0003059142054442	45340.40976753878	212.7223411892736	375.24871679052734	1.145964	27.678354	0.10349935	0.0643926	-0.0262350878	-0.0714246517	-0.0385218024	0.1176914445	-0.0572653503	-0.1052936925	0.0250968431	-0.0323377383	-0.0686845031	-0.0568399211	0.0459758517	0.0618890144	0.0553369431	-0.0992929839	-0.0621775338	-0.1472135148	0.1561538183	-0.1134471823	-0.005179956	0.0988158167	-0.0846218635	0.0126948654	-0.01355153	-0.0334250535	-0.0660745845	0.0055965441	0.1485218004	-0.0124502501	-0.0095602578	0.0544467901	0.055105442	-0.1009399825	0.0527202749	-0.1152646851	0.1992809551	-0.0499744237	0.0050611393	-0.0391974478	-0.0036131558	0.0741776312	0.1355950168	-0.0118608035	-0.001930257	-0.0241299645	0.1486668893	0.0956048883	-0.0661480013	0.0107491542	0.0075434243	0.140768262	0.0008969035	0.1066028915	0.0407554928	-0.0747197606	0.0929701487	-0.0894474979	0.0105675574	0.0569072738	0.0671487639	0.0210303958	0.2310276413	0.0372933084	-0.0131974088	0.0009251193	0.1094139904	0.1164670395	-0.0165164103	-0.0892126655	0.085830632	-0.0180076489	0.0511670843	-0.0101321686	0.1084638081	-0.07756739	-0.133186094	-0.0222230383	-0.0151091336	-0.1053502842	0.033186505	-0.0881588063	0.0035269556	0.0069191994	0.0074110103	-0.1392897558	0.1924348056	-0.0574589148	-0.0407504921	0.0301102241	0.0115226369	-0.0705573792	0.0959016591	0.0334471004	0.1066653008	-0.1134782001	-0.0840207528	-0.0320931681	-0.0213481134	-0.0187029045	-0.1031618967	-0.0799576316	-0.1140375058	-0.0379033342	-0.0327193812	0.067270609	-0.0229836207	-0.0420828886	0.0067547919	0.0376741767	-0.1545123588	-0.1562502881	0.0580501698	0.0213511175	0.1605635399	-0.0354532215	0.0061515018	0.026421524	0.0468390007	-0.0274156201	-0.0292948458	-0.0672688217	0.0313468074	0.0367054887	0.0539758067	0.0584112787	0.0294714992	0.2172658176	-0.0004728302	0.0946697973	-0.0679099245	0.054248021	0.1080047818	0.0846849347	-0.0348794848	-0.008506133	-0.066185212	0.004494665	0.1140802373	0.0982480398	0.0734681463	0.0163004	-0.0054821	0.00026570304016	3.005342041e-05	0.03469	0.05752	0.0033085504	0.0012033960999999	0.126429	0.017631	0.000310852161	0.015984292041	-0.000890003	-0.000314154	7.92105340009e-07	9.869273571599998e-08	-0.000454915	0.000132483	2.0694765722500002e-07	1.7551745289000007e-08	-0.000174365	-1.068799999999999e-05	1.142333439999998e-10	3.0403153225e-08	0.0	0.0	0.0	0.0	0.0	0.0	0.0	0.0	0.0	0.0	0.0	0.0	0.0	0.0
298.95182512125024	0.3209467637657326	0.1030068251716969	89372.19374332658	299.2137925365303	0.4710724655586205	0.2219092678074777	89528.89364409381	213.07665728708923	0.1437810853650774	0.0206730005087596	45401.66188063968	212.8855928487556	377.0544138490591	1.240955	29.972641	0.16865585	0.104423	0.0340183422	0.0859615897	0.0686114114	0.0661755779	-0.0247744944	0.0755885326	-0.0780211245	-0.0259647094	-0.0454028122	0.0664768279	0.0534067266	-0.0276475568	0.0191025091	-0.0789836234	0.1724620559	-0.1269328055	-0.0987805432	0.065963645	-0.082083505	-0.0062705403	-0.0777704676	-0.0501509887	0.0553803099	0.0433396832	-0.0173846345	-0.0807771349	-0.1255032095	-0.1237589235	-0.0309689757	0.0200277893	-0.0999215615	-0.0356859592	-0.1841851077	0.0257158665	0.1346322311	0.02889924	-0.0039162134	-0.0532962526	0.083733576	0.0147014559	-0.0186488338	0.1309268097	0.0268112346	0.2441376185	0.030496422	-0.0077987858	-0.0862605959	0.051525363	-0.0779495401	-0.0039981646	-0.0365922182	-0.0716607661	-0.0724655524	-0.1260159313	0.150650993	0.0202759295	-0.0753590508	-0.0389076479	-0.055547328	-0.2840487613	-0.0595886733	0.091338259	0.0494200152	0.0147974748	0.0285244355	-0.079161354	0.0777186304	-0.0220304344	0.0732347864	0.0308657374	-0.0809622627	-0.0468934268	-0.0587752628	0.0100574702	0.0865223635	0.1179158849	-0.0673322133	0.0187869344	0.0223097337	-0.1224772724	-0.1612807897	0.0975493852	0.0489541566	0.0429941042	0.1477986793	0.0218295973	0.0626103777	0.0212417023	0.1746173484	-0.0574312412	0.0625926234	-0.0738624981	-0.021337751	0.1216322028	0.0781767816	-0.1718686031	-0.0302100604	0.0197827025	-0.022021799	0.0120206186	-0.0505747023	-0.0925142088	0.0994475745	0.0430285005	0.1401147597	-0.0967879643	0.2338280953	-0.1001512508	-0.0152392246	0.1674782431	-0.1339209527	-0.0267251867	-0.06288299	-0.0336826546	0.0740093409	0.0843825783	0.0287248679	0.0253725186	-0.0007029961	0.0438626977	0.0024557235	0.0937685294	-0.1801249552	-0.0212972282	0.0236047527	-0.0337462155	0.0134817432	-0.0655166503	-0.0675429454	0.067352349	-0.0420555058	-0.0464551762	-0.0608636682	0.0994818379	0.0326270593	0.0503875831	0.1132514443	0.0950953223	0.0669598143	0.0126625	-0.0036378999999999	0.00016033890625	1.3234316409999996e-05	-0.0536244	-0.0883144	0.00779943324736	0.00287557627536	0.0876152	-0.0388138	0.00150651107044	0.00767642327104	-0.000350343	0.00053966	1.2274021764899997e-07	2.912329156e-07	-0.000454915	0.0	2.0694765722500002e-07	0.0	-0.0003925	-0.000218135	4.7582878225e-08	1.5405625e-07	0.0	0.0	0.0	0.0	0.0	0.0	0.0	0.0	0.0	0.0	0.0	0.0	0.0	0.0
299.34790646891355	0.396081347663312	0.1568804339667854	89609.16910732142	301.48642636431924	2.272633827788922	5.164864515210531	90894.0652819281	213.3286424324504	0.251985145361175	0.0634965134826925	45509.10968207228	213.09016389329304	376.545814596676	1.162665	28.081709	0.09090068	0.0583612	-0.1319220791	0.0174604911	0.0530432003	0.0530172387	-0.0583580929	0.0458434279	0.1033394744	-0.032822742	-0.0260446253	-0.1391198838	-0.0168900084	-0.0609247883	-0.0214219748	-0.0490965725	0.0540386963	0.0115731099	0.0665181377	0.0612340483	0.0550340778	0.1055235338	-0.012200357	0.0507494624	-0.0203434707	-0.0864508291	0.0951249584	0.0859301271	0.0057873294	0.0179447351	0.1237074464	-0.1410330012	0.017434282	0.01723961	0.0547785524	-0.009553754	-0.082900289	0.040782158	0.0524901007	-0.0193383952	-0.0626780906	0.0211271254	0.1444027514	-0.0601430174	0.050937337	0.0155035737	0.1270750672	0.0090790468	-0.0263371545	-0.0906646002	-0.1000418796	0.0503961838	-0.0337969447	-0.0558432061	-0.0468696009	-0.009133079	-0.0548495287	-0.0053848838	-0.0055524763	0.0966522708	0.0476033998	-0.2046549759	0.0420216293	0.0352650181	-0.0122918142	-0.0889232424	-0.078904625	-0.0480822117	-0.0927202216	-0.0862001796	0.01679197	-0.0487393149	0.0225901651	0.0696167126	0.0498660252	0.0943279488	0.0075053921	-0.0339080673	0.1556760963	0.0505531282	0.1052525973	0.0397400889	0.0647177033	0.0007719597	-0.103086835	0.0592105447	-0.0496880161	-0.0133018991	-0.0501822367	0.0062456582	-0.0178961778	-0.1091253111	0.0909685319	0.0154458298	0.1530773096	-0.029215673	-0.0206812567	0.0022302686	-0.029610151	0.0724847703	-0.0208540804	0.0507663698	0.003713177	0.0651644031	0.1233039287	0.0829165676	0.0219833223	0.0379119781	0.1950817973	-0.0645390955	-0.0989056579	-0.0285940508	0.0235690223	-0.0617162399	0.0221556944	-0.1247523691	-0.0597213423	-0.0124195255	-0.0107593926	-0.0098482901	-0.1212185464	-0.0983985477	-0.082473086	-0.0140920311	-0.0114158393	0.043565704	0.0185595367	-0.0052242625	-0.0896087763	-0.0724020329	-0.1054015295	0.0415291508	-0.0038489661	-0.0386748613	0.0253350072	-0.0392097406	-0.0850030314	0.151271865	0.1123656258	0.0917510955	0.0601481375	0.0127448	8.230000000000043e-05	0.00016242992704	6.7732900000000714e-09	-0.00354812	0.05007628	0.0025076338186384	1.25891555344e-05	0.0978089	0.0101937	0.00010391151969	0.00956658091921	-0.0007637829999999	-0.0004134399999999	5.833644710888473e-07	1.7093263359991736e-07	-0.000454915	0.0	2.0694765722500002e-07	0.0	-0.000194972	0.000197528	3.9017310784e-08	3.8014080784e-08	0.0	0.0	0.0	0.0	0.0	0.0	0.0	0.0	0.0	0.0	0.0	0.0	0.0	0.0
299.0204877777585	-0.32741869115506	0.1072029993176926	89413.25211084861	299.3577206949644	-2.128705669354815	4.531387826743332	89615.04493968433	213.2621168177673	-0.0665256146831154	0.0044256574089663	45480.73046959502	213.0451823034952	384.1547913373495	1.413845	34.148453	0.155735385	0.0907299	0.0655599319	-0.1440669144	0.0828139282	0.0277885729	0.0192424364	-0.0843553411	0.0238226767	-0.0951416987	0.0496504645	0.1208182846	0.0536265888	0.0523775311	-0.0562121287	0.0144112737	-0.0191345441	-0.1452548023	0.0766341976	-0.0909452544	0.1178989687	-0.0196059945	0.0057745942	-0.077840876	0.0271516761	0.1306716549	0.0025746061	-0.1099501105	0.038663165	0.0161068681	-0.04644638	0.0243608311	0.1586596547	-0.0830257882	0.1114106031	0.0914133968	-0.1383583702	0.1684012726	0.0101597054	-0.1548304204	0.0832035301	-0.0539325829	0.0834383357	-0.0058631165	0.0060496898	0.0524119622	-0.1667289858	0.0968051002	-0.2061024035	0.0274956636	0.0234138851	-0.1334814419	0.0800282559	0.063105967	-0.0252762847	0.0801229386	-0.0052927965	0.0667291641	0.091663547	0.1126952742	0.1269867188	-0.2892816623	0.0043691708	-0.0669022898	-0.0752184311	-0.0459580649	0.1768672966	0.0961922142	-0.0799002884	0.0579816406	0.0081554899	0.09071271	-0.0125096311	-0.0884210562	-0.0875981163	-0.0455350785	-0.1281379392	-0.0122314895	0.0043401176	-0.1622349352	-0.0014891287	-0.018763652	0.075512509	-0.0296415288	-0.1247127062	0.1003759053	-0.1383956448	0.0391016106	0.189659331	0.065716691	-0.1080609088	-0.1136445001	-0.0001561398	-0.0842896084	-0.0548701505	0.0418396033	0.0092430211	-0.1877038832	-0.2136096843	-0.0385060638	0.129648098	-0.0631302391	-0.031300684	0.0331631836	-0.0658366455	-0.0493979822	-0.0939967411	0.1320071617	0.2889182305	-0.1078464744	0.0285784719	0.0543352608	0.0954169013	-0.0046739249	0.0358226713	0.1398032915	-0.0837671067	0.0436770367	0.0580374999	0.0022576502	0.0525603595	-0.0464132919	0.1716135434	0.0335176833	-0.0059102343	0.05954566	0.0733701832	-0.0130393223	-0.1836943692	-0.0613318855	0.1003155357	0.1260739233	0.0461205633	-0.1461170174	-0.0562044284	0.2301231103	0.1073097383	-0.2035966479	0.1114232278	0.0882220943	0.0530639746	0.00591866	-0.00682614	3.50305361956e-05	4.659618729960001e-05	0.00255835	0.00610647	3.72889758609e-05	6.5451547225000005e-06	0.0421188	-0.0556901	0.00310138723801	0.0017739933134399	0.000429808	0.0011935909999999	1.84734916864e-07	1.424659475280761e-06	-2.38085e-05	0.0004311065	5.6684467225e-10	1.8585281434225002e-07	-0.000312528	-0.000117556	1.3819413136000006e-08	9.767375078400001e-08	0.0	0.0	0.0	0.0	0.0	0.0	0.0	0.0	0.0	0.0	0.0	0.0	0.0	0.0
298.7588459699009	-0.2616418078575862	0.068456435618986	89256.84804526698	298.9458264700974	-0.4118942248670123	0.1696568524787969	89368.6071638896	212.9588892207016	-0.3032275970656997	0.0919469756222383	45351.48849811505	212.7382628529571	391.61023841053617	1.331816	32.167198	0.235290935	0.107517	0.1947012851	-0.069036101	0.1812008645	-0.2068957898	-0.1590054928	0.0008666923	-0.0709321966	0.0372188047	0.2460896027	0.1397180919	0.0684027842	-0.141452591	0.1629494251	-0.102973666	-0.0047176434	0.0352500029	-0.1023428149	-0.0224478142	0.0202525877	-0.1684370009	0.1375756035	-0.0815391844	-0.0336090047	-0.1959969459	0.1639136919	0.117464661	-0.1948201372	0.034664745	-0.1257449167	-0.0336767953	0.163641316	-0.0086868243	-0.2188213485	-0.0114893619	-0.0162076518	-0.141662052	0.0001986035	0.1965759614	-0.0020765511	-0.0077030253	-0.0575036095	0.0223051573	-0.1403046148	-0.169303597	-0.0734271583	0.0558889901	-0.0834143408	-0.0505151749	0.0399905334	-0.0567137962	-0.219644409	0.1330222298	-0.0835511825	-0.0801851423	-0.0505785636	0.0302148506	-0.0181343532	-0.0780859162	-0.0347182459	-0.0282514177	-0.0266171678	-0.0602690683	-0.1387532958	-0.0926807122	-0.0042534363	0.0061378994	0.0457791283	0.1620578955	-0.1513078234	0.1149933527	0.0129701235	0.1282232407	0.0666806055	0.2256301391	0.1464603008	-0.1012722388	-0.1248505328	-0.1020142556	0.0621224724	0.0774046358	-0.1357733227	0.1543108652	0.0544878263	-0.0319372142	-0.1213713395	-0.0077651252	-0.2588006159	0.0108744122	-0.1012986369	0.0719165934	-0.1287027719	0.1679973047	-0.088633694	-0.0758452458	0.1158541446	-0.122552611	-0.1091094728	-0.1369824091	-0.0605405826	-0.0430769811	-0.0214000559	0.0348306981	0.1466972503	-0.0579230989	0.0369845136	-0.0412052837	-0.0027027549	0.0408193818	0.0329689448	0.0990357444	0.1703969617	-0.0388114191	-0.1510968889	0.2726373666	-0.0887384556	-0.0477714941	0.1476228084	-0.2211432554	0.0662912767	-0.1428929946	-0.0821768019	0.1657386826	-0.0094042489	-0.1834394498	-0.0738785894	0.0305611241	-0.1090262745	-0.1017479698	0.0068327798	0.0300382144	0.1603371612	0.0024418387	0.1074639623	0.171375405	0.4964647011	-0.1385327514	0.1104247249	0.0845154255	0.0457394187	-0.0267607	-0.03267936	0.0007161350644899	0.0010679405700096	-0.0429389	-0.04549725	0.0020699997575625	0.00184374913321	-0.0280431	-0.0701619	0.00492269221161	0.00078641545761	0.0010267	0.0005968919999999	1.05411289e-06	3.562800596639999e-07	0.0008058199999999	0.0008296284999999	6.493458723998389e-07	6.88283448012084e-07	0.0	0.000312528	9.767375078400001e-08	0.0	0.0	0.0	0.0	0.0	0.0	0.0	0.0	0.0	0.0	0.0	0.0	0.0	0.0	0.0
299.65424312858823	0.8953971586873308	0.8017360717853451	89792.66542496707	299.10006072128874	0.1542342511913261	0.0237882042405491	89460.84632347862	213.3541079640921	0.395218743390501	0.1561978551271667	45519.97538515346	213.1065920120062	376.22421473190593	1.642342	39.667305	0.24836616	0.14984	-0.0117939713	-0.0314606392	-0.0053416713	0.0824772282	-0.0844293436	-0.0694268273	-0.0332796491	-0.0734896217	0.063377794	-0.1267462754	0.076006139	0.0917489807	0.0502026965	-0.0318508046	0.1034215311	0.1299098417	0.1133086566	-0.0017243762	0.0612293018	-0.0100337994	-0.0797448041	0.1017420279	-0.1051765107	-0.1237575566	-0.059308219	0.0359420463	0.1547403706	0.0220692559	0.0892084128	-0.1845516415	-0.1063302889	0.1408485605	-0.0948389765	-0.150193561	-0.1270970028	0.0804816194	0.1455499699	-0.0302587118	0.023361927	0.0226968983	-0.1153154211	-0.0116303141	-0.0461699453	0.0722740881	0.0012127867	0.112512696	-0.193187057	-0.0438663574	-0.0913655407	0.0171256302	-0.0332191113	-0.0568431127	0.109651458	0.0125979296	-0.1255292245	-0.1487382715	-0.0024420146	0.0434280359	-0.0852348097	0.0831231311	-0.0751009496	-0.0313296018	0.1303877398	-0.0541180414	-0.0145721379	0.0122626305	-0.0494270343	0.0317629488	0.0812816425	-0.0904580095	0.1374716091	-0.0087494033	0.1603756813	0.0285831331	-0.0662619469	0.0308198765	0.0855114337	0.2507645689	0.0296502257	0.1577705679	0.0652383405	0.161357676	-0.0203545086	0.0114929517	-0.0588187078	0.0019774266	0.0222308544	-0.0324705411	0.1311831363	0.0571174764	0.0437588138	-0.0516688025	0.0672274093	-0.0592430207	0.0394325509	-0.1726829683	-0.1317013846	0.1436137849	-0.0012662574	-0.0622314165	0.1194286106	0.0881727151	0.0693773208	0.1129355346	-0.1176634957	-0.0291813992	-0.0905619391	0.0216823068	0.1067210167	-0.1008575854	-0.1027680421	0.079658893	0.0650592638	0.0323751273	0.0209571567	-0.0345191419	-0.0401871385	0.0507510693	-0.135028897	-0.1534628716	0.0081787782	0.0217570472	0.1384921386	-0.0982235504	0.1281131031	0.0821185373	-0.0827575613	-0.0667057511	-0.0889407262	-0.0410231676	-0.0684925913	0.0040384855	0.269158382	-0.0460063636	-0.0203212669	0.122324695	0.1093706198	0.0806385538	0.0382076517	-0.00953429	0.0172264099999999	9.09026858041e-05	0.000296749201488	-0.0320141	0.0109248	0.00011935125504	0.0010249025988099	0.093358	0.1214011	0.01473822708121	0.008715716164	-0.000248532	-0.0012752319999999	6.1768155024e-08	1.6262166538239995e-06	0.000234303	-0.0005715169999998	5.4897895809e-08	3.266316812888857e-07	0.000129528	0.000129528	1.6777502784000004e-08	1.6777502784000004e-08	1.0	0.0	0.0	0.0	0.0	0.0	0.0	0.0	0.0	0.0	0.0	0.0	0.0	0.0
299.30521049042096	-0.349032638167273	0.1218237825060065	89583.6090267152	300.65496688673767	1.5549061654489265	2.417733183351084	90393.40911366532	213.2705436576338	-0.0835643064582996	0.0069829933138566	45484.324792022686	213.1210636419844	385.8558758337779	1.372344	33.146069	0.1417740699999999	0.100607	0.0583871519	-0.0692656559	0.1124630596	-0.0417442006	-0.0608297637	0.0249029108	-0.0103491479	-0.1016919434	0.1752575882	0.1240072961	-0.0633165477	0.0360087916	-0.0377703537	0.0030116178	0.1561348775	-0.1268811841	0.0074555713	0.0735819803	0.0962944619	-0.1327682246	0.0279603571	-0.1041575453	0.0420479354	0.1028276252	0.0621923958	-0.0748127461	0.1681140433	-0.0117519104	-0.1606452712	0.0663672491	-0.0366492855	-0.1045033563	0.0036445216	0.0459695807	0.0743235897	-0.1429994853	-0.0756614902	-0.1092591823	-0.0812985781	-0.0114450505	-0.1191091444	-0.0769211275	-0.1243542989	-0.0260565608	0.061854865	0.1831919902	0.0116035155	0.0295588912	-0.0423890486	-0.006995908	0.1204139655	0.1072787415	-0.0406811053	-0.034011517	0.018195712	-0.0720366346	-0.0510898759	-0.1614789312	0.0240634656	0.0756172559	0.0221910553	-0.0406682345	0.0671525383	0.1060385337	0.0240325639	-0.0718499749	-0.0561564104	0.1713083153	-0.023654775	0.1066658296	-0.0571983801	-0.0105180148	-0.079399924	-0.0119969077	-0.208090797	0.0248816334	-0.182820125	-0.0064941514	-0.0183297585	-0.1017823125	-0.0149026009	-0.0785325424	0.1321629112	-0.0778421488	0.013879722	-0.1591547622	0.0850308839	-0.0255253069	-0.0505313119	0.1162975138	0.1067456061	-0.0445494363	-0.0357576188	-0.1695873793	-0.0572279024	-0.0434315349	0.0149721032	0.002915894	0.0977530008	-0.1279796577	-0.0833763915	0.0231234403	0.0132258256	0.1001605148	0.0645926412	0.0331672369	-0.0644914313	0.1455264963	-0.0151899956	0.0816898446	-0.0180305424	0.0630678527	-0.1016637711	0.1014896234	-0.0300813831	-0.0414873433	0.0496244714	0.0798205262	-0.0342612424	0.1209876502	0.0745074861	0.1778513065	0.0004523729	-0.1397233681	0.1438016586	-0.0281621749	-0.08720088	-0.0477905121	0.0606346616	0.0802131832	-0.0578812811	0.0345278907	-0.1156929161	0.0004572395	0.058671902	-0.0860033035	0.1082614433	0.0765992869	0.0305027946	-0.00953149	2.8000000000007186e-06	9.08493016201e-05	7.840000000004023e-12	-0.0544383	-0.0224242	0.00050284474564	0.00296352850689	0.00235767	-0.0910003299999999	0.0082810600601088	5.5586078289e-06	0.000260481	0.000509013	6.785035136100002e-08	2.59094234169e-07	0.000248375	1.407200000000001e-05	6.1690140625e-08	1.9802118400000027e-10	8.56782e-05	-4.384980000000001e-05	1.9228049600400006e-09	7.34075395524e-09	0.0	0.0	0.0	0.0	0.0	0.0	0.0	0.0	0.0	0.0	0.0	0.0	0.0	0.0
298.5954483271992	-0.7097621632217397	0.5037623283412035	89159.2417617211	301.542378619351	0.887411732613316	0.7874995831797674	90927.80610341602	212.9992353368804	-0.2713083207534055	0.0736082049100327	45368.67425409576	212.86573201815287	387.92932081103976	1.074044	25.941273	0.0857457	0.055784	0.0428291748	-0.0628199234	0.1160661402	-0.2517473781	-0.1418019365	0.0364542201	0.0546501712	0.0600291417	0.1816856361	-0.0131461198	-0.0722065807	-0.14887249	-0.1276911547	0.0785259568	-0.0042227087	0.021200145	-0.0899407336	0.0278701616	0.105672712	-0.0878526637	0.1334156668	-0.0244460904	0.0732046197	0.0207451938	-0.0260962116	0.1033144283	-0.0725606855	-0.0585720656	0.0205605716	0.1165373806	0.0025251364	-0.0468890882	0.0064214514	0.0281896281	-0.0368353315	-0.0490854434	0.1335845876	-0.1214107344	-0.0021414268	0.1886433683	0.0060861873	-0.0180912514	-0.0173217498	-0.1515049602	-0.1517936179	0.1034459819	-0.0854183121	-0.1357446799	-0.039393116	-0.0241758352	0.0270274849	-0.0168776453	-0.0055992496	-0.1159512205	0.0505285097	-0.0291190896	-0.0166905217	-0.0451457733	-0.0240535672	-0.1191451956	0.0198938788	0.0649952399	0.0432857056	0.0619930418	-0.0047387965	-0.0190195842	-0.0803106309	0.1148246659	-0.1352807122	0.0281563264	-0.0841261115	0.0731239864	-0.0080506459	-0.0315711034	0.0886842825	0.0638981701	0.0417202859	-0.0749960696	-0.1121844424	-0.0579897459	0.0677866716	0.0253255212	0.0290394562	0.0215597677	-0.0650873253	-0.0923272946	-0.0231898997	0.2500539042	-0.0360230758	0.0178965423	-0.0271132122	-0.0438083327	0.0257622118	-0.1277804585	0.0853056164	0.0164289043	-0.1584683301	0.0265791063	0.0599008758	-0.0391443949	-0.0050523948	-0.1461827115	0.0619990542	0.0512385056	0.0424489052	-0.0698307874	0.0160906089	0.0247810083	-0.0479601357	0.0827568784	-0.0340022319	-0.0454202074	-0.1182478906	0.1028300719	-0.0987515155	-0.13207428	0.0751993334	-0.0877697397	-0.1305642004	0.1764563811	-0.2927791932	-0.0985996738	-0.1081035592	-0.0687989137	0.1935415348	0.0405583448	-0.305701039	0.2644303535	0.1638600553	-0.0292655307	-0.0579236813	0.3963098499	-0.1362939821	-0.241927734	-0.0688429766	-0.1059412101	0.1070977539	0.0724057592	0.0226597522	-0.00954671	-1.5219999999999815e-05	9.11396718241e-05	2.316483999999944e-10	-0.00490032	0.04953798	0.0024540114624804	2.40131361024e-05	-0.0149721	-0.01732977	0.0003003209282529	0.00022416377841	-7.71246e-05	-0.0003376056	5.9482039251600005e-09	1.1397754115136003e-07	0.000214691	-3.3684e-05	4.6092225481e-08	1.134611856e-09	9.16432e-05	5.965000000000001e-06	3.558122500000002e-11	8.39847610624e-09	0.0	0.0	0.0	0.0	0.0	0.0	0.0	0.0	0.0	0.0	0.0	0.0	0.0	0.0
297.46200694287484	-1.1334413843243851	1.2846893716991783	88483.64557448291	298.9414966534965	-2.600881965854512	6.764587000307231	89366.01842143244	212.80423988069475	-0.1949954561856373	0.0380232279330447	45285.64451120028	212.62095650517665	371.5758123497415	1.156752	27.938911	0.19062802	0.118341	-0.0475360886	-0.067066753	-0.0778856625	-0.0488771577	-0.033166377	-0.1056579047	0.0212140156	0.0536717904	0.0199301698	-0.0534316681	0.0814656905	0.0050172101	0.0845595538	0.0257163618	-0.080965281	-0.0388190259	0.0435442317	-0.0708885612	0.0448957315	0.0156728828	0.0827732634	0.0722801251	0.0619571742	-0.016047989	-0.1257768539	-0.1284705864	0.054423817	-0.1479410177	0.0650471872	-0.0706423266	-0.0783047006	0.0381311277	-0.0026053903	-0.0279349217	0.0186036934	0.0030467632	-0.0682074653	0.1077862931	0.2274335762	0.1897995554	0.0746993039	0.0489406514	-0.0527605968	-0.0868980893	-0.0258631018	0.0481157001	-0.0702271244	-0.0519646496	-0.1498594155	-0.0231921342	-0.0890355137	-0.1130718843	-0.1072021332	-0.047484052	-0.1730434029	0.0138552074	-0.0562511604	-0.0338114144	-0.0782953533	0.1344281805	0.0124102884	-0.1108418339	0.0480279371	0.1454428939	0.0599758521	0.080475289	-0.0516920342	0.0030075306	-0.0804186967	-0.0699207594	-0.0248684527	-0.1165129784	0.0724579441	-0.0925549696	-0.0348585019	0.1717758014	0.0350541692	0.0694511234	0.1019646909	-0.0026788502	-0.0295780587	-0.0284573676	0.0036323106	-0.0730498263	0.069685522	0.2330469091	-0.0599061685	0.2085522228	-0.0075845972	0.033718117	-0.1164436706	-0.0149256907	-0.0164041248	-0.0969754692	0.0693699928	-0.1090732082	-0.0091954278	0.0988161075	0.0041618759	0.1572327067	0.0440381841	0.0599044914	0.1567241665	-0.0023146522	0.0436647641	0.000161656	-0.1576534543	0.0928898442	0.0802894718	-0.0257393148	0.0013275767	0.0580997106	0.0736786066	0.0056746652	-0.0556659246	-0.1035668147	-0.0136578009	-0.0415380726	0.0479282569	-0.0313306495	-0.0452666998	0.0987070674	0.0807670173	0.0004165085	0.1979494996	0.0777698416	0.0979492083	0.113185064	-0.0312433097	0.0681048344	-0.0442307391	-0.0333303595	-0.0418979347	0.0052362511	0.0035963848	0.0231010399	0.1058801375	0.0680664159	0.0147140554	-0.00954991	-3.2000000000000778e-06	9.12007810081e-05	1.0240000000000498e-11	0.0455266	0.05042692	0.0025428742606864	0.00207267130756	0.0828369	0.097809	0.009566600481	0.00686195200161	-0.000634296	-0.0005571714	4.0233141561600003e-07	3.1043996897796e-07	-1.89851e-05	-0.0002336761	3.6043402200999997e-10	5.460451971121e-08	3.47127e-05	-5.6930500000000007e-05	3.2410818302500007e-09	1.2049715412899996e-09	0.0	0.0	0.0	0.0	0.0	0.0	0.0	0.0	0.0	0.0	0.0	0.0	0.0	0.0
297.7021810376483	0.2401740947734651	0.0576835958002534	88626.58859457272	297.99930311758305	-0.942193535913418	0.8877286591170296	88803.58465856515	212.46656256872964	-0.3376773119651091	0.1140259670159816	45142.04020977191	212.29050623058347	371.8173715694813	1.184269	28.603529	0.10600994	0.0726433999999999	0.1190884389	0.0603767753	-0.0864280739	-0.0444111115	-0.0560715524	0.0268886266	-0.1796648076	0.0958905533	-0.0095868598	0.0370280088	0.0983198323	-0.1058381045	-0.044370993	-0.1358759166	0.026096955	0.0203267115	0.0027435801	-0.0636334744	-0.1408238742	-0.1136496151	0.0774028266	0.057385008	0.0386643424	-0.0718029002	0.016723271	-0.1245755025	0.0611358528	0.0196938616	0.087287021	0.0466309659	-6.981e-07	0.0899021825	0.1031449285	-0.0082962396	0.0239381762	-0.1169229001	0.0827464132	-0.0590659707	0.078322911	-0.0706636461	0.1234702616	-0.1844093571	-0.1379235269	0.0632634993	0.0867182628	0.0108956791	0.1554219311	0.1098130461	-0.0026383258	0.0776040645	-0.0019145126	0.0535118159	-0.0266599806	-0.1005292697	0.0515580087	-0.0292279554	0.0469342544	-0.0725379615	0.0771946335	0.0308182246	-0.0315867351	-0.0855807415	0.2089347378	0.1177850723	-0.0397476802	0.0388022986	0.1789733555	0.0538191841	-0.093777972	-0.0623921648	-0.0328527066	-0.1001788032	0.0400462511	0.0689352016	-0.0360536853	-0.0021004166	0.0697097702	0.0085080494	-0.0159585569	0.0598187003	0.0667956802	-0.0969253475	0.1408135926	-0.0719455406	0.1100213863	0.035389471	0.067712773	-0.0385237326	-0.1845529908	-0.0188376196	0.1827730971	0.0376623101	0.1222005712	-0.002563376	0.0680362895	-0.0442681579	0.1493030694	-0.0985007343	0.0156365453	-0.0360552727	-0.1478867149	-0.078723079	0.0631130169	0.0908420403	-0.0448260287	0.106993076	-0.0255400582	0.0735402827	0.0691117252	-0.0355268161	-0.0731420299	-0.0760027311	-0.0317420862	0.0552110333	0.1317634388	-0.0366510443	-0.0067666522	0.0440981575	0.0790694471	0.123112268	-0.0798706826	0.0459069291	0.0175720961	-0.0875073633	0.1188851089	0.0326321396	0.0421139394	0.0287454916	0.0285464401	0.0561123791	0.0052804309	-0.013511995	0.0089822448	-0.1149689996	0.0382007853	0.0339455596	0.1046092073	0.0635899959	0.0067017003	-0.00949204	5.78699999999998e-05	9.00988233616e-05	3.348936899999976e-09	-0.0207611	-0.0662877	0.00439405917129	0.00043102327321	0.0759354	-0.0069015	4.763070225000007e-05	0.00576618497316	-0.000216167	0.000418129	4.6728171889e-08	1.7483186064100005e-07	-7.977179999999998e-05	-6.078669999999998e-05	6.3635400752399975e-09	3.6950228968899965e-09	-0.000141629	-0.0001763417	3.109639515889e-08	2.0058773641e-08	0.0	0.0	0.0	0.0	0.0	0.0	0.0	0.0	0.0	0.0	0.0	0.0	0.0	0.0
298.21394995048735	0.5117689128390452	0.2619074201484583	88931.55994507177	298.8023568129238	0.8030536953407363	0.6448952376004122	89282.84843695782	212.9730172604868	0.5064546917571704	0.2564963548028505	45357.506081035615	212.7639399750288	369.6139411878847	1.186826	28.665277	0.050253465	0.0265922	-0.0958444989	0.070951346	-0.0656428198	-0.086020542	-0.0171673001	0.0909193492	0.0541377676	0.1054850628	-0.0203940927	-0.0248722833	-0.0744110526	0.013677198	0.0706261671	-0.0201685157	-0.0525758017	-0.0519223606	0.0696638538	0.0730931201	-0.0443075517	0.0460076783	0.1125636904	0.0941689691	0.0286721888	0.0432467364	-0.0972685189	-0.003473586	0.1342221925	0.10308096	0.0295222708	0.0136338085	-0.0640861751	0.0227217417	-0.0013000425	0.0052342562	-0.2131334735	-0.1638901217	-0.0595915313	0.0026910508	0.2088514079	0.1225863277	-0.0271212545	0.0029200478	0.0271601371	-0.0474411672	0.0025414624	-0.0867340012	-0.1100830783	-0.0561439842	0.1401743404	-0.0487203295	0.0999835113	0.0165237361	-0.134186595	0.1053313033	-0.0280332193	0.0974315893	-0.0468812805	-0.0435578071	0.09517626	0.0144755408	-0.0417059066	0.0672156512	0.0341199607	0.0028132512	-0.1028579797	-0.0701418963	0.0091989476	-0.0624564492	-0.1149676615	-0.0956907047	0.0076515534	-0.0124801392	0.0155993101	-0.1194066875	-0.0922947387	-0.0559523686	0.0564575627	0.0792262714	-0.0364579205	0.0204264671	0.0098690385	-0.042895472	0.1810025132	-0.0847285685	-0.1671969699	0.2156216894	0.0332817047	0.1291087165	0.0103967541	0.0034109521	-0.0755588372	-0.0245275828	0.026649068	0.0365754251	-0.1114448457	0.0718839218	-0.1363489261	-0.0588063421	0.06382346	0.0570415166	-0.0423198421	0.0486614518	-0.0632331183	-0.076536885	0.0806411235	0.087318074	-0.0069063129	0.0190833931	-0.0786871132	0.0444643089	-0.0193348037	-0.086447251	-0.0715616662	-0.0809041733	-0.0126820198	-0.096268486	-0.0153314488	0.0008402727	0.0544409457	0.0198924513	-0.0601441175	0.0961641581	0.0335447662	0.0483690752	0.0765946914	0.1050886574	0.1350324586	0.1321354133	-0.0038139577	0.0516113687	-0.0089630261	-0.0094087632	0.0393667721	-0.0222089428	-0.0048186061	-0.031143084	0.1032856033	0.0589855141	-0.0013410152	-0.00951768	-2.5640000000000385e-05	9.05862325824e-05	6.574096000000196e-10	-0.0083774	0.0123837	0.00015335602569	7.018083076e-05	0.0543312	-0.0216041999999999	0.0004667414576399	0.00295187929344	-0.000407558	-0.0001913909999999	1.6610352336399997e-07	3.6630514881e-08	-0.000137802	-5.803020000000001e-05	1.8989391204e-08	3.3675041120400012e-09	-6.62517e-05	7.53773e-05	5.68173735529e-09	4.389287752889999e-09	0.0	0.0	0.0	0.0	0.0	0.0	0.0	0.0	0.0	0.0	0.0	0.0	0.0	0.0
298.11014969560205	-0.1038002548853	0.0107744929142532	88869.66135153426	298.75412661274777	-0.0482302001760217	0.0023261522090191	89254.02816814573	213.19465593030327	0.2216386698164569	0.0491236999580084	45451.9613172404	213.0100323699241	376.3247656649111	1.17866	28.468039	0.1097324749999999	0.0674014	-0.033642535	-0.1027644022	-0.1271054441	-0.0359043165	0.0064079613	-0.1094326713	0.0432508724	0.0974112317	-0.0491277371	-0.0330614528	0.1134288217	-0.0750777715	-0.006692311	-0.0358863706	0.0622396979	-0.0184988769	-0.0768219589	-0.0775363985	0.143640973	0.045478711	0.0416726534	0.0242744983	0.0488939083	-0.0158665231	-0.0491146392	-0.064395569	-0.0263549043	-0.1303889856	-0.0344479364	-0.0139731554	-0.1720479584	0.0490155443	0.1141024277	0.0833506641	-0.007769655	-0.0389789944	-0.0301783993	-0.0757619695	0.037107389	-0.0072455219	-0.0233981447	0.0199170436	0.0042680862	-0.0522130299	-0.0059230362	0.142898702	0.1287862031	-0.046155997	-0.0141135184	-0.184232986	-0.0105952001	0.088725069	-0.0679062402	-0.0077885428	0.1101639198	0.0064283036	0.2259760019	0.0548575655	0.1306968449	-0.0375848832	-0.113374415	0.1055224113	0.0456154677	-0.0138443274	-0.0844023726	0.0966898163	-0.1319315207	0.0096775062	-0.0368538723	-0.0227317696	-0.0660212918	-0.0367797918	0.0208870821	0.025158157	0.039582005	0.139386718	-0.0626716171	0.104635967	0.0072656644	-0.0260734891	0.0080831121	-0.2203141749	0.028855289	0.0012281835	-0.0176206114	-0.0487665967	0.0709123497	0.0309601444	0.0480611228	-0.0176491189	-0.0525542269	0.032797657	0.0351304895	-0.1303265537	0.1907072042	-0.0577172938	0.0113746281	-0.1209011842	0.1404025999	-0.0003207966	-0.0715689156	-0.0546408301	-0.104634607	-0.0840575987	-0.1542656187	0.0887002404	0.039684592	-0.1822405121	-0.0618410435	0.0281663845	-0.0321181874	-0.1013405277	0.118865696	0.0063757841	-0.0455388224	-0.101694654	-0.0254781392	-0.006517013	0.0819354514	0.1439413702	-0.0145019123	0.0784427482	0.017228964	-0.0285718877	-0.0141057511	-0.0462767847	-0.0320549012	-0.0647463537	-0.0634175824	-0.0038852587	-0.0903745035	-0.0060525462	-0.062870361	-0.0965537012	0.0239570173	0.0431934955	0.1019099918	0.0542622434	-0.0093776556	-0.00955696	-3.927999999999918e-05	9.13354844416e-05	1.542918399999935e-09	0.0292566	0.037634	0.001416317956	0.00085594864356	0.10356	0.0492287999999999	0.0024234747494399	0.0107246736	-0.000784987	-0.000377429	6.162045901690001e-07	1.4245265004100006e-07	-7.977179999999998e-05	5.803020000000001e-05	6.3635400752399975e-09	3.3675041120400012e-09	-8.740039999999998e-05	-2.114869999999999e-05	4.472675116899996e-10	7.638829920159996e-09	0.0	0.0	0.0	0.0	0.0	0.0	0.0	0.0	0.0	0.0	0.0	0.0	0.0	0.0
297.6480399893882	-0.4621097062138233	0.213545380577026	88594.35570952445	298.2461669789085	-0.5079596338392776	0.2580229896101329	88950.77611761096	212.9922192529758	-0.2024366773274835	0.0409806083273916	45365.68546230771	212.8327132587285	370.356726109122	1.323478	31.965832	0.11259272	0.0688724	0.0999211912	0.1208897238	-0.1123357113	-0.0189748361	0.0359816117	0.0232770755	-0.13606472	0.0689963584	-0.0281233227	-0.0367676214	-0.0701394027	-0.019264592	-0.0207279114	0.1260655567	-0.0038183355	0.0032463695	-0.0433731457	0.0239098533	0.0106492195	-0.1192011581	-0.0701567506	0.0421832382	0.1100885959	0.0124250359	-0.1078835029	0.0285761501	-0.119508249	-0.1350314462	-0.0228370505	0.0944209421	-0.079411676	-0.0708975472	-0.1309702579	0.0305676927	-0.0990060905	0.0240540587	-0.0504708057	0.0025499072	-0.0926882204	-0.0475652464	0.1399093931	-0.0163347755	0.015046478	-0.0182904771	0.0405493968	-0.0690094842	0.1921931484	-0.000983259	-0.0290632953	0.1199655574	0.0222217054	0.1636748759	-0.0215519345	0.0288672417	-0.0462929577	-0.1818575777	-0.1009804305	0.0538540952	-0.0568547932	0.0212044688	-0.0183375314	-0.0581474968	-0.1555887428	-0.0385354672	-0.0099558865	-0.0309428687	0.0335312998	0.1228869898	0.0632194262	-0.0558850291	-0.1169448969	0.0080908242	0.0065352818	-0.0572286365	0.1580256804	0.1536128416	-0.0251001233	-0.0158795247	-0.0805283144	-0.1234172314	-0.0666220366	0.0626019497	-0.0133202674	0.0567171049	-0.0972629869	0.0344394126	-0.0497067526	-0.0274137078	-0.0280024254	-0.1400100518	0.0659991405	0.0411854166	-0.0152496295	0.0298331973	0.0080889499	0.1519602709	0.1786837821	0.0063477041	0.0208142811	-0.0918207673	-0.1107129591	0.1827434667	0.0090005807	0.1329187559	-0.0089097102	-0.1032882137	-0.0855547922	-0.0276086536	-0.0066392666	-0.0135028273	0.1942544887	0.0014907585	-0.044099017	0.0120715563	0.1519990401	0.0096675224	-0.0176471544	0.0222372583	0.101744577	0.0431069093	-0.1078425652	0.0189341379	-0.0734391756	-0.0214754781	0.0390767198	-0.0766702974	0.1097633052	0.0836110141	0.0296351721	-0.0332760936	0.0062265101	0.010294429	0.1114032385	-0.0651951561	0.006564376	-0.0206699956	0.1004830656	0.0494296957	-0.0173718128	-0.00948842	6.854000000000061e-05	9.003011409639999e-05	4.697731600000084e-09	-0.0251764	-0.054433	0.002962951489	0.00063385111696	0.0910549	-0.0125051	0.00015637752601	0.00829099481401	-0.000170824	0.000614163	2.9180838976e-08	3.771961905690001e-07	-7.977179999999998e-05	0.0	6.3635400752399975e-09	0.0	-0.000384959	-0.0002975586	8.854112043396e-08	1.48193431681e-07	0.0	0.0	0.0	0.0	0.0	0.0	0.0	0.0	0.0	0.0	0.0	0.0	0.0	0.0
297.3999018990845	-0.248138090303712	0.0615725118595731	88446.7016495851	298.13722853479504	-0.1089384441134484	0.0118675846058589	88885.8070384086	212.7448896704917	-0.2473295824840988	0.0611719223717586	45260.38808090968	212.57574696134228	367.3414584007624	1.073647	25.931675	0.0280450199999999	0.0195838	-0.055469194	0.0383580711	-0.1298283325	-0.0831880804	0.0439071032	0.0394774904	0.0137873865	0.1442761883	-0.0260762049	-0.0332771366	0.0515244993	-0.0510061152	0.0616294876	0.1272742397	0.0143726499	0.0503995962	0.1073834755	0.0507246469	-0.0101112583	-0.0099911423	0.0329314734	0.013407423	0.0241457376	-0.0375396792	-0.1332310024	0.0078282351	-0.0748398999	-0.1173290842	-0.0145526901	-0.1170779283	0.0559346113	0.1216645889	0.0733382061	-0.0547567664	-0.0538779892	-0.0678282075	-0.0908634967	-0.0146939655	0.0580329097	-0.1262247799	-0.137947706	-0.0486635153	-0.0791526547	-0.1780650018	0.0296955551	-0.1293373782	0.1420280858	-0.0387894658	-0.0014606017	0.1704288223	-0.0132438605	-0.1235978884	0.105274702	-0.1763901779	0.01658932	0.1232660853	-0.0529126093	0.0342119789	0.0172903404	-0.0788570052	-0.0423964491	-0.0600538138	0.0745167454	0.0368867928	0.1924283023	-0.0515395942	-0.0021315466	0.0056450498	-0.0360093113	-0.0272868049	-0.0276731424	-9.15045e-05	0.0674280317	-0.0869887348	0.1173345964	0.1048519668	-0.0038485662	0.0213160267	0.0939637273	0.160911635	0.0139915251	-0.0353675523	0.027947623	-0.113125465	-0.03726124	0.0442332517	0.101436198	-0.0430428696	-0.0560907422	0.1220621642	-0.0927179627	0.1713634903	-0.0273166282	-0.0126215687	-0.0289368401	0.1760559034	0.108477706	-0.0191896544	-0.0849618561	-0.0578140364	0.0702939325	-0.1474185352	0.1557828792	0.1074018356	0.0854789373	0.064454807	0.1545153766	-0.0989856447	0.0664832514	0.0014846027	-0.0138399136	0.1392491845	-0.0413214596	-0.057154916	-0.0084234631	-0.05749496	-0.0343031474	0.0234175597	0.0414341085	-0.0247609742	-0.1164203827	-0.0010728359	0.0828427894	0.1269155505	0.0214374915	-0.0354816768	0.0169935589	-0.0768737634	-0.0347271227	-0.0312524913	-0.0751676273	0.0561380178	-0.0205035182	-0.0736294264	0.0278852316	0.0387827157	0.0990055431	0.0444976032	-0.0252872714	-0.00948465	3.7699999999984274e-06	8.995858562250002e-05	1.4212899999988142e-11	-0.0185292	0.0066472	4.4185267840000034e-05	0.0003433312526399	0.073093	-0.0179618999999999	0.0003226298516099	0.005342586649	-0.000118652	5.2172e-05	1.4078297104e-08	2.721917584e-09	-7.977179999999998e-05	0.0	6.3635400752399975e-09	0.0	-0.000368488	1.6471e-05	2.7129384099999994e-10	1.35783406144e-07	0.0	0.0	0.0	0.0	0.0	0.0	0.0	0.0	0.0	0.0	0.0	0.0	0.0	0.0
297.78202274708747	0.3821208480029554	0.1460163424784977	88674.13307134692	297.65375089645386	-0.4834776383411849	0.2337506267759696	88597.75542272821	212.42138104475595	-0.3235086257357409	0.1046578309254276	45122.8431249614	212.2428746630055	370.5941153706039	1.034932	24.996593	0.12557572	0.0797757	0.017893318	-0.0563510898	-0.184454265	0.0242460152	0.0448549504	-0.1109260939	-0.0263970183	0.0991119962	-0.1268465105	0.0559596618	0.0193199618	0.086464025	0.0465041815	-0.0124170611	-0.0478150206	0.0003133412	0.1133926851	-0.1510813655	-0.0978048098	0.0460401515	0.0038144947	0.0385349882	-0.0136723496	0.0409009591	-0.0332229703	-0.0406578929	0.1078176624	0.122402497	0.0046015898	-0.0507772431	0.2202936936	-0.0051188452	0.1259663953	-0.0392962536	0.0204065462	0.0102096834	-0.0018606823	-0.0526306708	-0.0078744881	0.0566811907	-0.0809654067	-0.0329005365	-0.0735441501	-0.0171835377	0.0107493128	0.0062420758	0.0926244968	-0.0717397163	-0.0379728573	-0.0742823752	-0.0673353364	0.0867138372	0.0356238265	0.0713189867	-0.0298598708	-0.0102442507	-0.0675928167	-0.1396032291	-0.0028484411	0.0361561729	-0.0892781954	0.097057066	-0.0703363044	-0.0220359327	-0.1191200788	0.1383394462	0.0881442151	-0.0747921053	-0.0149417279	-0.0434221885	0.0454338718	-0.03643071	0.010706286	-0.0923263058	-0.1207599722	-0.128249227	-0.0056491405	-0.1116397449	0.0775387216	0.1171268135	0.0686421008	-0.0170803398	-0.047633996	-0.0632193564	-0.0005426677	-0.0451506082	0.0516013002	0.0194631684	-0.0235467999	0.1204358724	0.0574247878	0.0257829201	0.0425216114	-0.0593357202	0.1367173412	0.0716906719	0.0219094033	0.0031783545	0.0032944128	0.005556023	0.0574420404	0.0708062939	-0.065869277	-0.0363151069	0.0967493322	-0.0138877669	-0.1055920635	0.0765425781	-0.0485528355	0.1601993352	-0.0005097573	-0.0479836719	0.1359336188	0.0101601379	0.0321743483	-0.0260042479	-0.0120109226	-0.0049339665	0.107783292	-0.0235231958	0.0223775165	-0.0054198519	0.058530948	0.0938060458	-0.089318273	0.1110519363	0.0015133429	0.0283341198	0.0456504382	0.016937265	0.0063675784	0.0725203496	0.0172964378	-0.13984295	0.050801897	-0.0799034147	0.0974781683	0.0394758984	-0.0330881723	-0.00949807	-1.34200000000001e-05	9.021333372490002e-05	1.8009640000000266e-10	0.0240883	0.0426175	0.00181625130625	0.00058024619689	0.133909	0.0608159999999999	0.0036985858559999	0.017931620281	-0.000516813	-0.0003981609999999	2.67095676969e-07	1.5853218192099997e-07	-7.977179999999998e-05	0.0	6.3635400752399975e-09	0.0	-0.000324073	4.441499999999996e-05	1.9726922249999963e-09	1.0502330932900003e-07	0.0	0.0	0.0	0.0	0.0	0.0	0.0	0.0	0.0	0.0	0.0	0.0	0.0	0.0
298.28907875868555	0.5070560115980811	0.2571057988977533	88976.37450670531	297.3846012405202	-0.2691496559336315	0.0724415372891922	88437.60105498323	212.4453198395333	0.023938794777365	0.0005730658953928	45133.013921721606	212.25411027568256	372.2805935040687	1.139158	27.513948	0.14765597	0.0810884	0.0169934909	0.1159353117	-0.0811788167	0.0097860871	0.0152790481	0.0389831554	-0.1045931037	0.0919786429	-0.0788040185	0.0272606781	0.0561041081	-0.0315084669	0.0934281043	-0.0714207791	0.1294355349	-0.0747924514	-0.0745359073	0.020133397	-0.2140849459	0.0073787973	0.004287662	0.0292377929	0.04358509	0.0304868618	0.0134459203	-0.0699523608	-0.0361453374	-0.0042915538	0.008643744	-0.110601873	-0.0016904102	0.0788760554	-0.0446214657	-0.069069563	0.0082387123	-0.0203533542	-0.0090147072	0.1214168255	-0.0255312005	-0.1064757201	-0.1457975968	-0.0093889456	-0.1529226481	-0.038968217	-0.0098673593	-0.0677232901	0.0052690583	-0.0431238851	0.0499059989	-0.1304094243	0.0389088536	0.0548321335	0.175676372	0.0623447798	0.073585797	-0.0492449204	-0.1042833792	0.036656036	-0.0905976859	-0.0293599107	-0.039566568	0.0226756896	0.0831380229	-0.0337180131	0.0986693205	-0.0403497646	0.1932687672	-0.078267668	-0.0103050361	-0.0379949815	-0.0567582321	-0.0307288887	-0.0599458787	0.0090804789	0.0070963956	0.0189975813	-0.0229628345	0.1097702651	0.0674700825	0.0873286045	-0.0133586544	0.0640942439	0.0590898164	-0.0572229324	0.006618626	0.01574885	-0.0521055594	-0.1197383763	0.0022441275	0.1708062533	0.0044137137	0.1441266926	-0.0714401402	0.0326099729	0.04314617	0.022912429	-0.0514736822	-0.0153260682	0.0544569281	-0.0778974396	0.1344264506	0.0316523491	-0.2002026157	0.0917216762	0.0444210362	-0.0682969708	0.0327218107	-0.0156348636	0.1227302158	0.0225206736	-0.1169250357	0.0506971052	-0.049705697	-0.0597747101	0.1094148723	0.0206864	0.0030036629	0.0348788189	0.0705823263	0.0499849477	-0.0529238987	0.1240979993	-0.1556223728	-0.008381972	-0.0494719966	0.0045852241	0.0716802741	-0.1306500639	-0.022466298	-0.0637105769	-0.0832921564	0.0833021558	0.0545016743	-0.0352413372	0.0329446286	0.0552212007	0.0959017104	0.0343746944	-0.0407391756	0.00627431	0.01577238	3.93669659761e-05	0.0002487679708644	-0.0447186	-0.0688069	0.00473438948761	0.00199975318596	0.106967	-0.0269419999999999	0.0007258713639999	0.011441939089	-0.000157404	0.000359409	2.4776019216000005e-08	1.2917482928099998e-07	0.000107986	0.0001877577999999	1.1660976196e-08	3.525299146083999e-08	-0.0004996	-0.0001755269999999	3.080972772899999e-08	2.4960016e-07	0.0	0.0	0.0	0.0	0.0	0.0	0.0	0.0	0.0	0.0	0.0	0.0	0.0	0.0
299.0996701562865	0.8105913976009447	0.6570584138646528	89460.61268759938	299.3793958682048	1.9947946276845985	3.979205606639335	89628.0226704113	213.06584149654785	0.6205216570145353	0.3850471268240646	45397.05281263205	212.802680968499	375.78094352293465	1.13539	27.422951	0.1220452788	0.0739646999999999	-0.103851822	0.0120099395	-0.0126673556	0.004608911	-0.024378803	0.0186242384	0.0497341883	0.0252410947	-0.042477632	-0.1093450279	-0.0791966328	-0.0865184703	0.0343310126	0.0478622604	0.1263477363	0.1032056531	0.1358679359	0.0551678249	-0.0025777576	0.1171594252	0.0516226468	0.030986484	-0.074057669	-0.0438260911	0.1135488246	0.1607687993	-0.0600239499	0.0837302059	0.165334326	-0.073471969	-0.059132218	-0.053424437	0.019108078	0.073552716	0.0048173368	0.0850890714	-0.0034900444	0.051401948	-0.112504961	0.1519437599	0.0037413697	-0.1469904403	-0.0340122347	-0.0517421195	-0.0886409765	-0.0187946776	0.1134521598	0.1734184379	-0.0526692705	-0.049898659	-0.0281501963	0.0677029524	0.0459228093	-0.0325074012	-0.0174917653	0.0306143336	0.0141623196	0.0064795181	-0.0103769955	0.0008210442	-0.1268097971	0.1908284674	0.0099318854	-0.0005188294	0.1426246591	-0.04118651	-0.0415858896	-0.1135117821	-0.0447111656	-0.0227179537	0.0575394003	0.1498153107	-0.0088555427	0.0854837754	0.0733299825	-0.0906423868	0.1744679213	0.122237909	0.0375207549	-0.0624088192	0.0117417384	-1.22271e-05	-0.1272620674	0.0821635122	-0.0496548394	-0.0865051219	-0.1086549741	0.086559157	-0.1195670035	0.1445476905	0.0062255332	-0.0814417006	0.0314322855	0.0228267568	0.0483393147	-0.0335794576	0.2092919911	-0.0556042671	0.0005173632	-0.092378282	-0.0039509622	-0.0004733003	-0.0510907174	-0.0487758517	0.0494203021	0.0027408985	-0.0282951368	-0.1180951333	-0.0539065405	0.0818732372	-0.1157775063	0.124172129	0.0068884153	-0.0989683816	-0.0470522347	-0.0617685127	0.0110024446	-0.0359846636	-0.0016635166	-0.1083654091	-0.1329817271	-0.0682052248	-0.0759855832	0.0633956072	-0.0183545024	-0.0501672702	-0.0281805804	-0.1223680001	0.0336362769	0.0438677799	0.0699942522	-0.0329606272	0.0833767317	-0.0928321446	-0.0009055411	0.000628409	0.094276963	0.0292042644	-0.0482056202	2.56312e-05	-0.0062486788	6.5695841344e-10	3.904598674556944e-05	0.0218353	0.0665539	0.0044294216052099	0.0004767803260899	0.0957753	-0.0111917	0.00012525414889	0.0091729080900899	-0.000593415	-0.000436011	3.52141362225e-07	1.9010559212100006e-07	0.000184878	7.6892e-05	3.4179874884e-08	5.912379663999999e-09	-0.000251483	0.000248117	6.156204568900001e-08	6.324369928899999e-08	0.0	0.0	0.0	0.0	0.0	0.0	0.0	0.0	0.0	0.0	0.0	0.0	0.0	0.0
299.2020364567843	0.1023663004978061	0.0104788594776071	89521.85861988689	299.919781873196	0.5403860049911486	0.2920170343902937	89951.87555886545	213.10129940911844	0.0354579125705925	0.0012572635638637	45412.16380985474	212.888231555436	378.7000152383024	1.214403	29.331341	0.0489029988	0.0232057	0.0838209732	-0.0323280133	-0.0189394354	0.1319338739	-0.1010387298	-0.084368595	-0.0634918378	-0.0734289467	-0.006186654	-0.0947066584	-0.0861097544	0.0485538113	-0.0349264285	-0.0405984119	-0.0051940695	-0.0551173408	0.1463034317	-0.0852807646	0.0595905633	-0.0396159471	-0.1423583801	0.0971236911	-0.0544080545	-0.1023336584	-0.0471542706	0.0539941986	0.032088778	0.0183637112	0.0704896289	-0.039693132	-0.0396721746	-0.1504303035	-0.0111916939	-0.1276254736	0.0099009057	-0.1929799839	-0.05748173	0.099921741	-0.1221893876	-0.0836035543	-0.1929332596	0.0155916789	0.1249945957	-0.1188371905	-0.1331704923	0.0379559068	-0.1088282408	-0.0219558802	0.0154141459	-0.1061262571	-0.0096137166	0.0099953519	-0.10667292	0.0833410742	0.0226876929	0.0926431099	0.1252365874	-0.0397705315	-0.1020673796	0.0500100119	-0.0252921999	0.0002544969	0.0204903647	-0.0309382273	0.1250452319	0.0918412809	-0.0253150397	0.0527617773	0.1326892107	-0.0864455137	0.0896089865	0.0030701136	0.1057176875	0.0099014028	0.0114628317	-0.0606239976	0.0655811976	0.0046039659	0.0446367362	-0.0750332199	0.0288586072	-0.0185108666	0.0842356112	-0.2202431032	-0.1256669872	-0.1611204317	-0.1290931541	-0.1042461131	0.0601973774	0.0687392678	-0.2474797358	-0.0203612443	-0.0965518565	0.0064984655	-0.0640815849	-0.0130071621	-0.0887678726	0.0256195789	0.0499430929	0.0511610654	-0.0257748197	0.0086282632	-0.0095747986	-0.1828368286	-0.105033846	-0.0283426703	-0.0342494404	-0.0489304384	0.0575400644	0.0930019209	-0.0614625333	0.0479833359	0.1042323489	0.0482768675	0.1178414784	-0.0142875715	0.0107250305	0.0047853224	-0.0921840995	-0.1221052291	-0.0066647101	0.0031134111	0.0108796571	0.1032245775	0.0927527862	0.138501743	-0.0736297181	-0.0642261979	0.0375279652	0.0531712035	0.018550386	-0.0110770197	0.0411589028	-0.0399640307	-0.0360129293	0.0506604985	0.0926047444	0.0239750208	-0.0554536812	0.0104535	0.0104278687999999	0.0001092756622499	0.00010874044771	0.00934682	-0.0124884799999999	0.0001559621327103	8.736304411240001e-05	0.10696	0.0111847	0.00012509751409	0.0114404416	-0.000356599	0.000236816	1.27162846801e-07	5.6081817856000025e-08	0.000196789	1.1911000000000002e-05	3.8725910521e-08	1.4187192100000004e-10	-0.000204171	4.7311999999999983e-05	2.238425343999998e-09	4.1685797241e-08	0.0	0.0	0.0	0.0	0.0	0.0	0.0	0.0	0.0	0.0	0.0	0.0	0.0	0.0
299.44317204672177	0.2411355899374712	0.0581463727344922	89666.21328540261	300.5144843686985	0.5947024955025313	0.3536710581569383	90308.95531538474	213.2483762433402	0.1470768342217638	0.0216315951646962	45474.86997042118	213.0450827576393	378.2646805361573	1.242084	29.999908	0.14172668	0.0753616	-0.083885813	0.071533417	0.0923903048	0.0090365616	-0.0802501984	0.0631434812	0.0600497927	-0.055496595	0.0290312135	-0.0014892672	0.0027886494	0.1436001685	0.0424107517	-0.0861065065	0.0252963854	-0.1110468119	0.0285448304	0.1070760316	0.0413001993	0.0155765644	-0.0390067412	0.028316763	-0.041757738	-0.0431788535	-0.0232791011	-0.0244311498	0.1438594023	0.0412497501	-0.0963906496	-0.0664840571	0.0639881039	-0.1369279533	-0.0883005434	0.0552363569	-0.0061735596	-0.0372268511	-0.0031770351	0.054632449	-0.0023588643	-0.0387634503	-0.0661606045	-0.0024538389	0.1503191558	0.0403810909	-0.0837551711	0.0178224272	0.0829174423	-0.1273856443	0.0154894681	-0.0386573722	-0.0385250215	-0.0446535791	0.0158360208	0.0957953185	-0.0702125217	-0.033094101	0.1293530869	0.0812015938	-0.0492347422	-0.0036456958	0.0438872449	0.0139620001	0.1499084025	0.0067863545	0.1274141669	-0.0977611668	-0.0673114616	0.0002787688	0.0409437463	-0.0295323815	0.0717841793	-0.0271167901	0.0567693585	-0.0341537071	-0.1187422588	-0.0533876627	-0.1058173406	-0.0349923693	0.1094227727	-0.0463831321	-0.0221913297	0.0402376624	0.062759024	0.0489168548	-0.0771337921	-0.0485306093	-0.0502677005	-0.069165163	0.0265929824	-0.018839762	-0.1090286173	-0.1160371975	-0.0014362248	0.014188793	0.0860162224	0.111853626	-0.0260415117	-9.4187e-06	0.0236861822	0.0219723415	0.0907163369	0.0795691825	0.0205646802	-0.0115872814	-0.1493287834	0.0002218533	0.0525765219	-0.0580023594	0.0175257784	-0.0199207105	-0.1240424236	0.1661299301	-0.0875792224	-0.0878927675	-0.0082583073	-0.0322800837	0.0161029463	0.012974274	-0.0486568044	-0.0157267296	0.1282475316	0.0763267553	-0.0296645871	0.0136034953	-0.0274626943	0.1246473436	-0.0587132993	-0.0318621708	0.0558773407	0.0348606152	-0.00202628	0.0101614671	0.010059321	-0.0791049668	-0.0398493894	0.0416181226	0.0908858965	0.0186974948	-0.0624505233	-0.00294047	-0.01339397	8.646363820900002e-06	0.0001793984323609	-0.0410332	-0.05038002	0.0025381464152004	0.0016837235022399	0.0593696	-0.0475904	0.00226484617216	0.00352474940416	-6.83822e-05	0.0002882168	4.676125276839999e-09	8.306892380223999e-08	0.000332253	0.000135464	1.1039205600900001e-07	1.835049529600001e-08	-0.000387736	-0.000183565	3.3696109225e-08	1.5033920569600002e-07	0.0	0.0	0.0	0.0	0.0	0.0	0.0	0.0	0.0	0.0	0.0	0.0	0.0	0.0
299.261332027064	-0.181840019657784	0.0330657927491433	89557.34484661263	300.5838477222225	0.069363353524011	0.0048112748120969	90350.64951149626	213.026262355403	-0.2221138879372119	0.0493345792145843	45380.18845311298	212.8458481936492	382.8743346947927	1.125667	27.188118	0.194091345	0.110085	-0.0352381262	-0.1036600366	0.0541871022	0.0790741112	-0.1056901993	-0.0853575584	0.0712520532	-0.0185324341	0.0046734196	-0.024994543	-0.0233968533	-0.0704538733	-0.0136417416	-0.1433405134	0.1068589236	-0.0002882637	-0.1065954171	-0.0634137628	0.0522891595	0.0929590511	-0.0026663515	0.079386791	0.0216389221	-0.042046911	0.0461459351	-0.1043319388	-0.0488657574	-0.0441871079	0.0450822391	-0.0156787912	-0.0649738921	-0.0412438065	0.0008474495	0.0529845239	0.0031826911	0.0178374818	-0.0024304996	-0.0136604887	-0.1023912513	-0.0564967311	0.0148902978	-0.0337029292	-0.100471873	-0.0080710215	-0.0098490653	0.0528169307	-0.0762398167	0.0400161407	0.0346792555	0.2050525503	-0.0825491917	0.0426238369	-0.2101259034	-0.0672684721	0.089895179	0.060706192	0.0474095683	0.1206563593	-0.030925718	0.2575778746	0.0009625959	0.0488320255	-0.1093535013	-0.002873332	-0.0428700539	0.0760892577	-0.0736104697	-0.0673932144	0.0017266494	-0.0738437438	-0.0387580154	-0.0644403013	-0.023412278	0.113344375	0.0559693917	0.0507340657	-0.0002774068	0.0549237071	0.036433498	-0.0601276845	-0.0041385325	-0.0337030451	0.0286667425	0.0123802685	-0.0049446284	-0.0478487807	0.0135647488	-0.0553749936	-0.0639708506	0.0257872216	0.0903784656	-0.0043894526	-0.0766407957	-0.062017933	-0.0222857574	-0.011668964	-0.0196334435	0.0611251789	-0.1795277004	0.0313697313	-0.256613791	-0.0582816773	0.0419725974	-0.1386383162	0.0028511755	-0.1271635482	-0.1658997716	-0.0571504281	-0.049995352	-0.1495984555	0.0589417903	0.1173308836	0.123654357	-0.005625675	-0.0445523674	-0.0540175333	0.0200189174	-0.0459237948	-0.0752322319	0.0406549591	0.0208072433	0.06390288	-0.1816268443	-0.0354649443	0.0357982418	0.0210515931	0.0739042245	-0.1386969786	0.0417317326	0.0212460889	-0.0129596117	-0.0476288246	0.013345683	-0.0145086262	-0.0391293198	0.0749095885	0.0891212848	0.0133823145	-0.0691644489	0.0035589	0.00649937	1.2665769209999998e-05	4.22418103969e-05	0.0489675	0.0900006999999999	0.0081001260004899	0.0023978160562499	0.105988	0.0466184	0.0021732752185599	0.011233456144	-0.000605346	-0.0005369638	3.66443779716e-07	2.8833012251044e-07	-2.93907e-05	-0.0003616437	8.638132464899998e-10	1.3078616574969e-07	-0.000508586	-0.0001208499999999	1.4604722499999997e-08	2.58659719396e-07	0.0	0.0	0.0	0.0	0.0	0.0	0.0	0.0	0.0	0.0	0.0	0.0	0.0	0.0
299.1295760394123	-0.1317559876516725	0.0173596402820676	89478.50326151855	300.31238244756867	-0.271465274653849	0.0736933953428897	90187.52705133476	212.8317504868862	-0.1945118685167983	0.0378348669938962	45297.35401531218	212.65287698109944	377.57788898481294	1.279346	30.899914	0.17571187	0.108425	0.0499103331	0.1072154139	0.1008050056	0.0654224992	-0.0631620191	0.0764592078	-0.0921170652	-0.0982815813	0.0084599045	-0.0845856094	-0.0477740758	0.0201259373	-0.0341020796	0.0244429965	0.0292017134	0.0178351606	0.0678611423	0.0737013931	-0.0860152016	-0.058070386	-0.0336282956	0.0374541005	0.0023608046	-0.0293946553	-0.0557366913	0.0792210435	-0.0297744983	-0.0128424991	0.1206570914	-0.1909718824	-0.035762894	-0.0274380773	-0.0841661905	0.0875848857	-0.0779399051	-0.0517749255	0.0247290945	-0.0630288464	-0.1195565859	0.0591372215	-0.0110536111	0.0152647736	-0.002567582	0.015639429	0.0570972723	-0.2716575059	-0.0792651766	0.0545295218	-0.0392370718	-0.1210536461	0.2022843646	0.1709312548	0.1025156384	-0.2257922364	-0.0244450059	0.1833995927	-0.1242645602	0.1640234969	0.1595385893	0.1310858995	0.0852402267	-0.0449712304	0.1364510137	0.0349348914	-0.0839878155	-0.0825983048	0.0871158048	0.0296104305	0.0339739295	-0.0419340725	0.0006793533	0.0419115262	0.0513858895	-0.0501214246	0.0676065602	0.0050154665	0.1214982686	0.1208042537	0.1587153227	-0.0122315078	-0.0551983485	0.0023326151	0.0215281481	0.0615757905	-0.1338566071	-0.1100142832	-0.0271125272	0.0843084464	0.0334529368	0.0046307006	0.0504129828	0.1119471645	0.0175516469	0.2284774549	-0.0884403652	-0.006930511	0.0205965052	0.0358573341	0.1842592913	-0.1671495636	0.0206430177	-0.1006880283	-0.0142860546	-0.0628504348	0.3074689362	0.1540636866	-0.0569437961	0.0114016252	-0.0050810124	-0.3119555255	-0.013347733	-0.0321166941	-0.0883495563	-0.0242981445	0.0999206283	0.0636829601	0.0564370155	0.0241691101	-0.103709724	-0.1120132893	-0.0282922316	0.0014350478	-0.0170169851	0.0878421597	0.0952974238	-0.0332999307	-0.0816028659	-0.0927139558	0.0732964338	0.033576496	-0.0025907098	-0.058955315	0.1163875326	0.0029869793	-0.0485215744	0.0620389468	0.0873117978	0.008040184	-0.0755650422	0.00171945	-0.0018394499999999	2.9565083025e-06	3.3835763025e-06	-0.0364066	-0.0853741	0.0072887369508099	0.0013254405235599	0.0749316	-0.0310563999999999	0.0009644999809599	0.00561474467856	0.000363172	0.000968518	1.3189390158399998e-07	9.38027116324e-07	8.947969999999998e-05	0.0001188703999999	8.006616712089996e-09	1.4130171996159994e-08	-0.000447136	6.145e-05	3.7761025000000014e-09	1.99930602496e-07	0.0	0.0	0.0	0.0	0.0	0.0	0.0	0.0	0.0	0.0	0.0	0.0	0.0	0.0
298.96256186934875	-0.1670141700635667	0.027893733002022	89378.61339948418	300.05532184431826	-0.2570606032504088	0.066080153743464	90033.19616709741	212.80081338971576	-0.0309370971704368	0.000957103981333	45284.18617932463	212.59469286009323	378.3008313854792	1.173321	28.33909	0.1295498404999999	0.0981321	-0.1054059405	-0.0009655084	0.0909262955	0.0127181983	-0.0133193931	0.0372600284	0.1400572821	-0.0294525052	-0.0253516348	0.0669573981	0.0429369832	0.0853849728	0.0182558488	-0.0896834314	0.0021181048	0.0031088374	0.0070393887	0.0561744577	-0.0694630332	0.1399599819	0.0794462923	-0.0123600067	-0.0179201257	-0.0284080442	-0.0534510557	-0.055888542	-0.0536333727	0.1224746758	-0.1393477523	0.0490168902	0.1094569745	0.0058721738	0.0384172958	-0.0040693548	0.0579423069	-0.0105734677	-0.0609937128	-0.063206463	-0.1165817972	0.0696748438	-0.0628127742	0.0322578632	-0.0577462493	-0.0707362326	0.0252972341	-0.0345347442	0.0493276898	0.0551465824	0.0865082202	-0.2256772324	-0.0453528137	-0.0819763963	-0.0337202713	-0.041730464	0.0691347282	-0.0490224631	-0.0306796239	-0.002837382	-0.0088349406	0.0528379645	-0.0317971599	-0.0068618297	-0.0789755463	0.0362946779	0.0846414269	-0.0567382913	-0.0026936676	-0.1495226639	-0.0694983919	0.0185897628	0.0226376151	-0.064510209	0.0274394775	-0.0267478831	0.0019932253	-0.1109751628	-0.1858221161	-0.05766453	-0.0631515581	0.0357812717	-0.0237282592	-0.0400464521	-0.0928050904	-0.0417648057	-0.0465744711	-0.1308392781	0.0024050885	0.0480615083	-0.0226743608	0.1023654397	0.0313336486	0.0840908656	-0.0195973723	0.0171591147	-0.0125155409	-0.020838549	0.0076908395	-0.1487345252	0.0777283792	0.1287250244	0.0757149373	-0.0585541988	-0.0781611737	-0.0073744956	0.0833001542	-0.0633317775	-0.0790350149	0.0042836464	-0.0315887902	0.0508220326	0.0502968982	0.1214932867	-0.0102895691	-0.0995300077	-0.1035307028	0.0183942793	0.0710090808	-0.0531130615	0.0586459619	0.0033108702	0.1451655364	0.0785552234	-0.0036421088	0.0091545184	-0.0305796635	0.0403645802	-0.1397416351	-0.0027849492	0.1802193015	0.0350782388	0.0078507028	-0.012729895	0.0609803857	-0.012105911	-0.1577829494	-0.0353806868	0.0854583468	0.0026818616	-0.081623307	0.00793302	0.00621357	6.293280632040002e-05	3.860845214490001e-05	0.058011	0.0944175999999999	0.0089146831897599	0.003365276121	0.0755711	0.0006395	4.089602500000015e-07	0.00571099115521	-1.09791e-06	-0.0003642699099999	1.2054063681e-12	1.326925673314081e-07	-7.977179999999998e-05	-0.0001692514999999	6.3635400752399975e-09	2.8646070252249988e-08	-0.000479198	-3.206200000000002e-05	1.027971844000001e-09	2.2963072320400002e-07	0.0	0.0	0.0	0.0	0.0	0.0	0.0	0.0	0.0	0.0	0.0	0.0	0.0	0.0
298.73714038368115	-0.2254214856675958	0.050814846200586	89243.87904461921	300.8477133147324	0.7923914704141453	0.6278842423850912	90509.34660670342	212.7186401666349	-0.0821732230808436	0.006752438591494	45249.21987434231	212.5518106127894	379.3938182089117	1.233986	29.804335	0.0929714455	0.0473802	0.0548437254	-0.1137994379	0.0055554192	0.0874125528	0.0061785318	-0.1146495155	-0.0209101067	-0.0428292482	-0.0343063045	0.0460874102	-0.1162164924	-0.1010477204	-0.0259657401	0.0346581438	0.0449793397	0.0704959264	-0.0671317992	-0.1398496412	-0.0352478064	-0.002361963	-0.0550641103	-0.0421018227	-0.001370905	-0.0488237391	0.0289183281	0.0627590955	0.006748227	0.0321819812	0.0238985704	-0.0211856469	-0.0004719825	0.1079905396	-0.0588979022	-0.0333808607	-0.2277204217	-0.0376309253	-0.1227710348	-0.1441352633	-0.0169035848	-0.1363714276	-0.0670095906	-0.0008264683	0.0392841111	0.0478175878	-0.0079533699	0.0624763747	0.0789864802	-0.0009203587	-0.047302319	0.0112429464	0.1891188129	-0.0613265204	-0.0236987661	0.0743929468	0.0387628529	-0.0962874036	-0.087859942	-0.0247622631	-0.1118253957	-0.0336089877	0.0225060222	0.1006236333	-0.1613981737	0.0667863369	-0.059274022	0.1346890936	0.0577807495	-0.0070213646	0.0528371649	0.0432545714	-0.0216511457	0.0511522276	0.0049482671	0.0577034868	0.0417371487	-0.015538241	0.0338857707	0.0449226639	-0.0613953677	0.1247035695	-0.0566455339	-0.0064033968	0.0543374511	-0.0795444622	-0.1972543813	0.0395033867	0.1682229743	-0.1349527807	0.0123176547	-0.0439215534	0.0644930202	-0.0945372469	-0.0281731937	-0.0496864047	-0.0985052204	0.101079929	0.0272810124	0.1404239645	0.1422555173	-0.006413434	0.0210301298	0.0234377112	-0.0379396834	0.0772790595	0.021329841	-0.1463323692	-0.0146558962	0.003835389	-0.1252841831	0.1241900345	0.0819044828	-0.0523271882	0.1205217709	0.0689664583	-0.0022914024	0.0605330595	0.0511044343	0.011016154	-0.0451751682	-0.0007578004	-0.0214922105	-0.0249446391	-0.094709373	-0.0325312246	0.071724181	-0.0997086554	0.1075260256	-0.0329873411	0.2002549304	-0.0078107473	-0.0016385688	-0.0242604781	0.1200150722	-0.0069895862	-0.0178750499	-0.0728903301	0.0835618648	-0.0026818616	-0.0873117978	0.00527662	-0.0026564	2.78427186244e-05	7.056460960000003e-06	0.0326523	-0.0253586999999999	0.0006430636656899	0.00106617269529	0.105173	0.0296019	0.00087627248361	0.011061359929	0.000503652	0.00050474991	2.536653371040001e-07	2.5477247164500814e-07	-7.977179999999998e-05	0.0	6.3635400752399975e-09	0.0	-0.000681537	-0.0002023389999999	4.0941070920999985e-08	4.6449268236900004e-07	0.0	0.0	0.0	0.0	0.0	0.0	0.0	0.0	0.0	0.0	0.0	0.0	0.0	0.0
298.8157903931005	0.0786500094193343	0.0061858239816613	89290.87658825336	299.4901281646535	-1.3575851500788758	1.843037439714684	89694.3368680806	212.778055008908	0.0594148422730995	0.0035301234823372	45274.50069337389	212.57436554857003	373.9546766020302	1.289431	31.14348	0.05014933	0.0348382	0.0054369534	0.1288064721	0.0596535572	0.0768016657	-0.0305776036	0.1069691453	-0.0740424198	-0.0452704342	-0.0460807779	-0.0553581257	0.0145555888	-0.0227124241	0.0381506075	0.0194257258	-0.0286800725	0.0028541461	0.042568481	0.0984156841	-0.0966484418	0.0216181448	-0.0608462469	-0.077900223	0.0593789719	-0.0750712873	-0.0712976216	0.1260682981	0.0375847122	-0.0146863418	0.116826056	0.1197137064	-0.0298355718	-0.0323532855	-0.0120158228	-0.1382865225	0.046272215	-0.0462316219	0.0876981466	-0.0806498454	0.0217962886	-0.0905702233	0.0780505853	-0.066419321	0.0058498631	-0.0226403651	-0.0418546663	-0.0971149524	0.0151118225	-0.0988794184	0.039296334	-0.0089043068	-0.1223507409	0.0065895825	0.0554773914	-0.0225725939	0.0716540655	0.1538678903	0.2144375818	-0.0501854311	-0.0907064547	-0.052857761	0.0917814254	-0.0844595294	-0.1872854415	0.0608300392	-0.0714185956	-0.1076740139	0.0688333039	-0.0503934669	0.0643664197	0.0547753739	-0.0488985589	0.0642580984	0.14687607	-0.0576616413	0.0282116871	0.0122589947	0.1249845423	-0.0081446389	-0.1082278157	-0.0742030024	0.0312878373	0.0479780767	0.0380465551	-0.0798627505	0.0497538061	-0.0577614906	0.0216945785	-0.026822574	-0.0501212202	-0.0930402821	-0.0213559775	0.1067731561	0.10360939	0.0504277253	0.1006080597	0.0543059661	-0.0537425954	-0.0403315545	-0.0555834194	-0.0297920808	0.0630120996	-0.1426730391	0.0342652121	-0.1640222965	-0.1573488245	-0.0765031788	0.0852151748	0.0938875949	0.0349896984	0.0224288142	0.1825334606	-0.008494433	-0.0681251703	-0.0753192492	0.0721370162	0.1022481753	0.1045174817	-0.0125688375	0.0049649511	-0.1176727561	-0.031902566	0.0226655184	0.0251172145	0.0945107715	0.1062900207	0.0088476132	-0.0114552698	0.0028978626	0.0169061861	0.0214250546	0.0272434682	0.03072583	0.0664649865	0.016970991	-0.0349119855	0.0192956622	0.081623307	-0.008040184	-0.0926047444	0.00779354	0.0025169199999999	6.07392657316e-05	6.334886286399998e-06	-0.00153236	-0.03418466	0.0011685909793156	2.3481271696e-06	0.0993872	-0.0057858	3.347548164000009e-05	0.0098778155238399	0.000358733	-0.000144919	1.2868936528900001e-07	2.1001516561000012e-08	-7.977179999999998e-05	0.0	6.3635400752399975e-09	0.0	-0.000673217	8.31999999999992e-06	6.922239999999868e-11	4.532211290890001e-07	0.0	0.0	0.0	0.0	0.0	0.0	0.0	0.0	0.0	0.0	0.0	0.0	0.0	0.0
299.15376395849205	0.3379735653915645	0.1142261309034861	89492.97449053318	300.5244448396224	1.0343166749688637	1.0698109841186456	90314.94194616324	213.0165686260535	0.238513617145486	0.0568887455638234	45376.05850921816	212.8025955717693	377.74919109638506	1.056309	25.512922	0.10531058	0.0624187	-0.1094841231	-0.0028338681	0.0613500631	0.0824218153	-0.0345951769	0.0209087169	0.1149355011	-0.0198522989	-0.06601824	0.0443259429	0.0295384438	0.078683496	-0.0047623826	-0.0702152875	0.0391896801	-0.0149038081	0.0244248119	0.0370189437	0.0150692175	0.1720683084	-0.0110504713	-0.0037313322	0.0066098127	0.0169073993	-0.0056628037	-0.0523560049	-0.004751831	0.1149404486	-0.0681560304	-0.0170735651	0.0413481219	-0.1412951837	-0.0302908753	-0.0279989005	-0.1066367581	-0.0225184881	-0.0858140161	0.0302514705	0.0921710998	0.0105465474	-0.0325859045	-0.0512901624	-0.024259949	0.1587024827	-0.1013247744	0.0143723413	-0.0214748896	0.0483242536	-0.0131506086	0.030177044	-0.0560949357	-0.0042011436	-0.0548264318	-0.0058980037	0.1451635437	0.0200386413	0.0012569528	0.1525875659	0.0726536061	-0.0217776428	0.0024739607	0.0593067779	0.1312768714	-0.1144510649	-0.0513563362	-0.0255249468	-0.0771900422	-0.1508306669	0.0241700911	0.0023630751	-0.0058553979	-0.0344300035	-0.0124432106	-0.0251790295	-0.0514630503	-0.1118992428	-0.0973421717	-0.0338826774	0.0385760337	-0.0729902781	-0.0244777799	0.0303486126	-0.0066924041	-0.0788199676	-0.137443551	0.0833263002	0.0156395519	-0.0406030645	-0.0290429555	0.0331342175	0.0009741402	-0.1482142557	-0.021104021	0.0637704677	0.1256187595	-0.0885798039	-0.0253428982	-0.0236356214	-0.0651632162	0.0111875603	-0.0840967502	-0.0460318955	-0.0244812263	-0.0052016665	0.0051503419	0.0041420256	0.137227554	-0.0843266557	-0.0145566594	-0.1502018968	-0.0820261575	-0.0219125386	0.027479472	-0.112015859	-0.0621418185	0.0200028971	0.0699341485	-0.0299828657	0.062122136	-0.0192183764	0.1103040458	0.0796303733	-0.0351929867	-0.0094471317	-0.045658325	0.0167182847	-0.1527711353	0.0560733647	0.0588340088	0.0568004164	0.0451201759	-0.0224524197	0.0518091593	-0.0381274278	-0.0306957039	0.0466906786	0.0796436494	-0.0133823145	-0.0974781683	0.0135249	0.00573136	0.0001829229200099	3.284848744959999e-05	0.0487275	0.05025986	0.0025260535272196	0.00237436925625	0.110148	0.0107608	0.00011579481664	0.012132581904	-0.000209518	-0.000568251	4.3897792324e-08	3.229091990010001e-07	-0.000171272	-9.150020000000004e-05	2.9334097984e-08	8.372286600040005e-09	-0.000561797	0.00011142	1.241441640000002e-08	3.15615869209e-07	0.0	0.0	0.0	0.0	0.0	0.0	0.0	0.0	0.0	0.0	0.0	0.0	0.0	0.0
298.718139355896	-0.4356246025960217	0.1897687943869418	89232.52678024852	300.06223108919363	-0.4622137504287593	0.2136415510854194	90037.34252622465	213.0220637827179	0.0054951566644092	3.0196746766401405e-05	45378.39965824834	212.8074688933617	378.336212582638	1.04263	25.182539	0.04363739	0.0274972	0.0187696971	-0.0685224863	0.0035995511	0.1374013231	-0.0554218168	-0.1031749617	0.011012933	-0.024133361	-0.0552970665	0.0130949495	-0.1056705803	-0.0648440599	-0.0277346886	-0.0695813956	0.0614713266	0.0106398661	-0.0977999892	-0.1053617274	0.0260085943	0.0512246751	-0.1340609078	0.0245524707	0.0171692937	-0.0224094777	0.029901313	0.0629492255	-0.118647057	0.0558235769	0.0787018215	0.013338311	-0.0527367025	0.0112888223	-0.0677651459	-0.018596652	0.0356911108	-0.0069587895	-0.0230698821	-0.0144811088	0.0425529279	0.0764674821	-0.042343069	0.0738234102	-0.0609796269	-0.0205933503	0.0171410056	0.1077042553	0.0200382973	-0.0400118079	0.1547433489	0.048082743	0.0935134716	-0.103549513	-0.0169834581	0.0149152783	0.0754490555	0.0056703837	0.0240338506	0.0193745137	0.03230785	0.0589691851	-0.0466944723	0.1002543664	-0.08246244	0.0824255746	-0.2242854532	0.1115909497	-0.0148106584	-0.0338415713	0.1312720978	-0.0343060037	-0.0438378982	0.0583560657	-0.0211871073	0.0550057188	0.1133076928	-0.0492121139	0.0473148142	0.0561516104	-0.0471423649	-0.0138339052	-0.0773969026	0.0475961624	0.0132099165	-0.0438601252	0.0333995887	0.0289494254	0.0154839223	0.0532835625	0.0235857899	0.0602684051	0.0440165246	-0.0664251022	-0.0662734288	-0.1153748337	-0.0780333134	0.0519379611	-0.0798073884	-0.050230002	-0.0247383405	0.1017636056	-0.0419538384	-0.0872219538	-0.0589793898	0.0163033872	-0.0135635229	-0.0042737752	-0.0614299702	-0.059404103	-0.0857544452	-0.0045409187	0.0692690057	-0.1506372977	0.1440492781	0.0095692449	0.0312758956	0.0373756906	0.0411316182	-0.0384988779	-0.0270824997	0.0011817995	0.025453236	-0.0109525029	-0.1267849259	-0.0899125639	-0.0071720322	-0.0064609316	0.0950226037	0.0822681312	0.0020116378	0.0083434868	0.1011075207	0.0018926069	0.0728278307	-0.0332032124	-0.0402871787	0.0253754349	0.0776238888	-0.0186974948	-0.1019099918	0.0076611099999999	-0.00586379	5.869260643209847e-05	3.4384033164101166e-05	0.0414454	-0.0072821	5.302898041e-05	0.00171772118116	0.135498	0.02535	0.0006426225	0.018359708004	-0.000209518	0.0	4.3897792324e-08	0.0	-0.000206344	-3.507199999999998e-05	4.2577846336e-08	1.2300451839999983e-09	-0.000629555	-6.775800000000001e-05	4.591146564000001e-09	3.96339498025e-07	0.0	0.0	0.0	0.0	0.0	0.0	0.0	0.0	0.0	0.0	0.0	0.0	0.0	0.0
298.65180453258364	-0.0663348233123883	0.0044003087838857	89192.90035056854	299.61916614242745	-0.4430649467661851	0.1963065470529224	89771.64471988354	212.9702258871513	-0.0518378955666207	0.0026871674167758	45356.31711442424	212.7877670302872	373.4153076704909	1.135633	27.428808	0.12690814	0.0816685	0.0298226058	0.1052369719	0.0269630902	0.0321141853	-0.0213888278	0.0917336945	-0.0791811835	-0.0385595484	0.0157750031	-0.0804402074	-0.0084565271	0.0142137574	0.0300890074	0.0121524145	-0.0559112722	0.0046932068	0.0783631679	0.0941264262	-0.0281785235	-0.0649733572	-0.1040332071	-0.0061290033	-0.0002123514	0.0195211582	-0.0945098141	0.0431902196	-0.0101652033	-0.0406256401	0.1866934052	0.0197253461	0.0802430252	0.0208360865	-0.0311822249	0.0646519156	0.1517488791	0.1541079075	0.0202621681	-0.0386814683	0.0648784441	0.0319382739	0.0348241412	0.0519522728	0.0712527365	-0.0972035789	0.0269016529	0.0574325901	0.0818283733	0.0444132688	0.0189588157	-0.1108087294	0.0456155552	-0.0407496592	0.028539423	0.0727658617	0.0101420322	0.0347353136	0.0690493599	-0.026924856	-0.1443548131	0.0521835388	0.0825705939	0.0559547221	0.1764896786	0.0102333716	-0.1177405503	-0.0975719006	0.0331674972	0.0508824086	0.095090684	-0.0120160505	0.0072482617	-0.0197086148	0.0539189087	-0.0972878187	0.0532673445	0.0158200378	0.1670540676	-0.0649151065	0.0030758195	0.0087554725	-0.093387869	0.0349433371	-0.0500181145	0.1151232981	0.1631827316	-0.050921878	0.0806208951	0.0220742898	0.0122791222	0.005836531	-0.0768422596	0.0125325166	0.0459702177	-0.0929432467	-0.0108716154	0.0070383103	0.0683908627	-0.0533908685	0.1004186395	0.0790699025	0.0513994013	-0.0365088259	-0.0943537662	-0.0850275283	-0.080836491	-0.0843866154	-0.0088135573	0.0870972893	0.0063117109	-0.0332463789	-0.1673263688	-0.1300303085	-0.0646320635	-0.0453042357	0.0966967472	0.0583935284	0.0226438904	0.0391279954	-0.0598318458	-0.0815567196	0.021598621	-0.0005053475	-0.0103762153	0.0832453549	0.0792010697	0.0852581743	0.078998004	0.0548438728	-0.0940451589	0.0770135792	-0.0108265134	0.0183084645	0.0248771026	-0.0058607784	-0.0014275024	0.0442293385	0.0755650422	-0.0239750208	-0.1058801375	0.00529667	-0.0023644399999999	2.80547130889e-05	5.590576513599528e-06	-0.0279235	-0.0693689	0.0048120442872099	0.00077972185225	0.100612	-0.034886	0.001217032996	0.0101227745439999	0.000125328	0.0003348459999999	1.5707107584e-08	1.1212184371599998e-07	-0.000144911	6.143299999999998e-05	2.0999197921000002e-08	3.774013488999997e-09	-0.000639052	-9.49700000000002e-06	9.019300900000039e-11	4.08387458704e-07	0.0	0.0	0.0	0.0	0.0	0.0	0.0	0.0	0.0	0.0	0.0	0.0	0.0	0.0
298.3653683597517	-0.2864361728319409	0.0820456811066095	89021.89303645032	299.35776200234136	-0.2614041400860856	0.0683321244541458	89615.06967105046	212.83529887689608	-0.1349270102552111	0.0182052980964098	45298.86444801768	212.63539494581	374.23366747893607	1.135495	27.42548	0.088525115	0.0557888	-0.1141418123	0.0536656234	0.0007693895	0.0081527849	0.0302495934	0.0474172661	0.1015043746	-0.0065704186	-0.0527116524	0.0180303369	0.0782416784	0.0645875591	0.0257077493	-0.0663042661	0.0202115982	-0.0144129864	-0.1128408815	0.0616479894	0.0055579619	0.1147385927	0.0120344501	-0.0558615225	-0.0444409202	-0.0684365095	0.0321300611	-0.020479632	-0.1216261053	-0.0201374193	-0.1979234569	0.0060768367	0.0730560418	-0.0558753009	0.0611516001	-0.1068510824	0.07200921	0.1415598888	-0.0967758134	0.0561657987	0.059838015	0.0983627776	-0.0307756445	-0.0758565206	0.0107345883	-0.0435228347	0.208684875	0.2341367258	-0.0412150425	-0.0022603783	0.0844747969	-0.1599965929	0.1799744872	0.0716796091	0.0102679839	-0.0286081957	-0.0326877881	0.1106272585	0.0425439781	-0.1048797852	0.0103676363	0.0434015902	-0.0110866948	-0.2175425641	0.0614903737	0.1700614936	-0.1003937924	-0.0603330122	-0.0551507203	-0.0952245755	-0.0055516103	0.0513073123	0.0165861619	0.0200693764	0.0126940046	0.050529064	0.0670112236	-0.006295132	-0.2306972183	-0.0988433238	0.057924815	-0.0484494723	-0.0343393481	0.0033198257	-0.1998256557	-0.0376168617	0.0943638333	0.0792490302	0.0157876051	-0.0274079091	0.007521199	0.1055239988	0.0371528562	-0.0070052679	0.1571453084	-0.2209567288	-0.1390356075	-0.095316287	-0.0735957824	-0.0835733466	0.1901095049	-0.0190564392	-0.0341600577	-0.0155963076	-0.0716225609	-0.0901969149	0.0520362409	0.1513088448	-0.0804860318	0.0834891425	0.2137917598	0.0084116945	0.028666693	-0.0928541225	-0.0094091912	-0.1212403941	-0.0547850213	0.0127686855	-0.0076378647	-0.0347687616	0.0775081665	0.0335816551	0.1216237331	0.0927042749	-0.0761109174	-0.081486866	-0.1094755027	-0.063058479	-0.0709429888	0.0011423887	-0.1216581873	-0.0518136379	-0.0260152942	0.1118603097	0.018035262	-0.0326638922	-0.0189041026	0.0962751957	0.0734681463	-0.0292042644	-0.1093706198	-0.000833885	-0.006130555	6.953641932250001e-07	3.7583704608025005e-05	0.0225221	0.0504456	0.00254475855936	0.00050724498841	0.110404	0.009792	9.588326400000018e-05	0.012189043216	-0.000184433	-0.000309761	3.401553148899999e-08	9.595187712099998e-08	-7.977179999999998e-05	6.513920000000003e-05	6.3635400752399975e-09	4.243115376640003e-09	-0.000570813	6.8239e-05	4.656561121e-09	3.25827480969e-07	0.0	0.0	0.0	0.0	0.0	0.0	0.0	0.0	0.0	0.0	0.0	0.0	0.0	0.0
297.67101824580294	-0.694350113948758	0.4821220807406532	88608.03510349315	299.5092950241475	0.1515330218061308	0.0229622566976973	89705.81780586182	212.63917963275188	-0.1961192441441994	0.0384627579236921	45215.42071488972	212.485466699822	374.189028223494	1.278113	30.870117	0.0931262049999999	0.0501177	-0.0456009531	-0.1151521766	-0.0869936738	0.0173215382	0.0214616976	-0.1091435837	0.0213485156	0.062686497	-0.0396735079	-0.0225141801	-0.0565212804	-0.1078617753	-0.0894644621	0.1266925552	-0.0024903771	0.0842603699	0.0229718522	-0.1151066533	0.0129595207	0.0731297292	0.0372325391	-0.046777411	0.0485604617	0.0071206906	-0.032213557	0.1109548832	-0.0654669331	-0.0698480487	-0.0445036995	0.0235467702	0.0747400774	0.0478267797	0.101644749	-0.1318820753	0.0803186097	0.1477503461	0.1376021566	-0.1132270599	-0.096668872	0.0919040344	-0.2110018984	-0.0119125692	0.0272882044	0.0749104085	-0.0178571373	-0.2191441082	-0.0631406506	-0.0145926487	-0.0072968703	0.068543172	0.1347477321	-0.0033493047	-0.1179221896	0.0578500233	-0.0152018555	0.0298330674	0.0178407864	-0.0411509377	0.0828333327	-0.043382461	-0.0957098493	-0.0570702432	-0.0998763634	-0.0848551282	-0.0876177665	0.1203035041	-0.021293035	-0.0554321897	-0.0275990894	0.0376157952	-0.0583032853	0.0911730746	0.0347423808	-0.0360231596	0.0676995156	0.0564944934	-0.0165447417	-0.0864760702	-0.0763162742	0.0775807725	0.1642936505	0.0903006618	-0.1130659205	0.0024256339	0.0810281233	-0.1151376724	0.0743013466	0.0444566957	0.1178762634	0.1713926631	0.0544086227	0.0133973518	0.02140262	0.2569570091	-0.0903077791	0.0922584172	-0.0815391766	0.1150527936	0.0571768413	0.0367201704	-0.0989254868	-0.0204278926	0.0153554038	-0.0409313682	-0.0259034141	0.0691543881	0.0070150484	0.0102042748	0.0531444227	0.0620039847	0.1673542828	-0.1092074649	0.1251002528	0.0149470236	-0.0648553268	-0.008529768	0.0199464705	0.0284595878	0.0717411859	-0.0415264735	-0.0590023678	-0.1846088231	-0.0933534649	-0.0462649379	0.0494890622	-0.0310329848	-0.0051370192	0.0345523314	0.0436742366	0.0086235766	0.0524282594	-0.0217045694	0.1457031376	-0.062446568	0.0805395849	-0.0861001358	0.0713342571	-0.0343746944	-0.1123656258	-0.00369316	-0.002859275	1.36394307856e-05	8.175453525625e-06	0.0662048	0.0436826999999999	0.0019081782792899	0.0043830755430399	0.124275	0.0138709999999999	0.0001924046409999	0.0154442756249999	0.000293799	0.000478232	8.631785240100003e-08	2.28705845824e-07	-1.33582e-05	6.641359999999998e-05	1.7844150724e-10	4.410766264959997e-09	-0.000461194	0.0001096189999999	1.2016325160999997e-08	2.12699905636e-07	0.0	0.0	0.0	0.0	0.0	0.0	0.0	0.0	0.0	0.0	0.0	0.0	0.0	0.0
297.9934488407391	0.3224305949361792	0.1039614885508984	88800.09555199821	298.1074949493891	-1.4018000747583983	1.965043449592651	88868.07854500004	212.41671233814648	-0.2224672946053942	0.0494916971690432	45120.85968054687	212.2267517370771	372.02450755483056	1.416834	34.220638	0.1429168849999999	0.110017	0.1271763131	0.109818215	-0.0948572659	0.040558629	0.0277847968	0.0301396322	-0.1321310116	0.0724944897	-0.0725577236	0.0904833207	0.0191211862	0.1243741321	0.0455804949	0.0187471733	-0.1073260268	-0.0172331049	-0.0540041005	-0.0272609421	-0.1399840323	-0.078612437	-0.0288480026	-0.0274657633	0.0455211614	0.0126349358	-0.1044527012	0.0307391873	0.029704207	-0.0136025645	-0.0883505623	-0.0106038661	0.1963406157	-0.021774414	-0.0985085248	0.075741861	-0.0159918519	0.0178894369	0.1332074218	-0.0287267069	-0.0138403854	-0.1770998438	0.0303004439	0.1544977645	0.1336347336	-0.0125041697	0.0298963763	-0.0155279977	-0.0860107527	0.0471974023	-0.091408224	0.0766585618	-0.1681718985	0.1622892004	0.0072918317	-0.0245308169	0.0322156938	0.0254710614	0.049278998	-0.0340786299	0.1065650178	0.0341096468	0.0501215862	-0.0416622409	0.0847376293	-0.0079431487	-0.0390830855	0.0012817095	0.1588872922	0.0258582605	0.0145229597	0.0102862926	-0.0193923822	-0.0262150415	0.0716845749	-0.1167921523	-0.0069034532	-0.023107687	-0.0672295098	-0.1565111931	0.0314981648	0.1047715742	-0.0055254772	0.1298492945	0.057547256	0.1623156873	-0.0404746483	-0.0994639155	0.0343992153	-0.0896949615	0.0801656953	-0.1641838365	-0.1114804578	0.112259373	-0.0389699082	0.0169878574	0.0543601266	-0.0880624408	0.0197054685	0.0015034867	-0.1344990825	-0.0639127616	-0.1210264708	0.0167777593	0.0294149982	-0.0351737481	0.0245694351	0.082305347	0.0312307367	0.1161056092	-0.0556318615	-0.0736791154	-0.0356127931	0.032659987	-0.036253865	0.0190465186	0.1515931514	0.0624177787	0.0119737052	0.0445123646	0.0614195929	0.0004358144	0.0739466772	0.0269844835	-0.0059651343	0.0122756716	-0.1741656349	0.1520837912	0.0164550808	0.0212051185	0.0135241553	0.1146921094	-0.0208149494	0.1273585565	0.0338371967	-0.1003925217	0.0713930168	-0.042709528	0.0691644489	-0.0394758984	-0.1148515874	-0.00365252	4.064000000000021e-05	1.3340902350399998e-05	1.6516096000000167e-09	-0.0431308	-0.1093355999999999	0.0119542734273599	0.0018602659086399	0.117398	-0.0068769999999999	4.729312899999992e-05	0.013782290404	2.96083e-05	-0.0002641907	8.7665142889e-10	6.979672596649e-08	0.000243183	0.0002565412	5.9137971489000006e-08	6.581338729744001e-08	-0.000448653	1.2541000000000028e-05	1.5727668100000066e-10	2.01289514409e-07	0.0	0.0	0.0	0.0	0.0	0.0	0.0	0.0	0.0	0.0	0.0	0.0	0.0	0.0
298.5285271308471	0.5350782901080038	0.286308776544905	89119.28151091293	298.6773662204984	0.5698712711093208	0.324753265635753	89208.16909241372	212.7220977634397	0.305385425293224	0.0932602579815232	45250.6908768784	212.49450615210125	370.73554472351833	1.312434	31.699081	0.0871608649999999	0.0438514	-0.1257760685	0.0828118758	-0.055089632	0.0188004521	0.0088718542	0.0743050555	0.0728199315	0.0815234065	-0.0612423541	-0.0283230724	-0.0066612123	-0.0714563806	0.0653102315	-0.0075954463	0.0975193261	0.0465386006	-0.0895809333	0.0843516923	-0.0955188665	0.1150609833	0.0078535226	-0.0518010675	0.0253588363	0.0102319525	0.0998190126	0.0814028537	-0.0817757625	0.0347175693	-0.0424287833	-0.149342272	-0.1169034907	0.1338506501	-0.04169347	0.0127440881	-0.0756966162	0.0663644849	0.124856034	0.0965735447	0.0971935683	-0.1269490447	0.0172674655	-0.0276310417	-0.0932301417	0.0967878146	-0.0129142311	0.1415702082	-0.07011266	0.1703749269	-0.006538215	0.1011148762	0.0190409318	0.0210080647	-0.0131123503	-0.0404173841	-0.0012481841	0.0442020184	0.0894287197	-0.1368166056	-0.094649868	0.0376204524	-0.0919623578	-0.0919012174	-0.0546948826	-0.1682623918	0.0248741868	-0.080025224	0.0335864315	-0.1398072333	-0.0078567451	0.0350755608	-0.0689926212	0.0916809209	-0.0777029589	0.0577876925	0.0925078615	-0.0240057376	-0.008390687	0.2027545211	0.0441046835	0.134534048	0.0873432328	0.0890190465	0.0493152792	0.1030492447	0.0362618933	0.1330295391	0.002841357	-0.1374443072	-0.0366607081	-0.0371678088	0.0528819649	-0.1022869793	-0.061502473	-0.0838827479	-0.0384017194	-0.1647252964	0.0049570475	0.0237209769	-0.0677806076	-0.056726823	-0.0645107138	-0.0465898654	0.0736769396	-0.0992609477	-0.0550562263	-0.0139937155	-0.0181296959	0.083201048	0.1509979015	0.0462170616	0.0251294564	0.0875415233	-0.0284823998	-0.1380926226	-0.0234550643	0.0190734434	0.0526336419	0.0049488817	0.0260032964	0.0071063578	-0.0828748325	-0.0058366996	-0.1052351878	-0.0907339661	-0.1193155623	-0.0372499248	0.1184600859	-0.0805012187	-0.0631500063	-0.0607062141	0.037644365	0.1319759907	0.1207661768	-0.0738645759	0.0046270621	-0.1028097268	0.0669598143	-0.0444976032	-0.1168172427	0.00684084	0.01049336	4.67970919056e-05	0.0001101106040896	-0.00403533	0.0390954699999999	0.0015284557745208	1.62838882089e-05	0.111227	-0.0061709999999999	3.808124099999995e-05	0.012371445529	0.000164825	0.0001352167	2.7167280625000003e-08	1.828355595889e-08	-8.205e-06	-0.000251388	6.7322025e-11	6.3195926544e-08	-0.000690069	-0.000241416	5.8281685056e-08	4.7619522476100005e-07	0.0	0.0	0.0	0.0	0.0	0.0	0.0	0.0	0.0	0.0	0.0	0.0	0.0	0.0
298.2046271670941	-0.3238999637530355	0.1049111865192177	88925.99966386559	298.9188804336741	0.2415142131756624	0.0583291151658593	89352.49707972114	212.6032831516754	-0.1188146117642929	0.0141169119686996	45200.15600687147	212.37747213674143	377.1849295873656	1.273016	30.747009	0.0989198899999999	0.0516732	0.0115535197	-0.0879518321	-0.0377824993	0.0295330029	0.0995099851	-0.0706359634	0.0216384172	-0.0362193853	-0.005973853	-0.0382612121	0.0167392901	-0.0693784727	-0.0399189512	0.1130919042	-0.1130838272	0.0437868796	0.1262870731	-0.1021647893	0.0250522599	0.0453298707	0.0356021117	-0.1080178168	-0.0667095344	0.0225683258	-0.1388965079	0.0739211412	-0.057600492	0.0514751368	0.1937007781	0.0791589999	-0.0124570942	-0.0115292083	0.0586732878	-0.0543259471	-0.084477915	0.0321397632	-0.0097864677	0.1262932335	-0.0285166608	-0.0229806115	0.0144525476	0.0143852169	-0.1047695385	-0.076173701	-0.0228541245	0.0115215763	0.0320855785	0.0947545113	-0.0314808055	0.0578208449	0.0219728258	0.0169224045	0.1693626899	0.1825989473	0.1065992327	0.0844565259	-0.0807165186	-0.1686193468	0.0943307665	-0.1140038457	0.0336074083	-0.0448089426	-0.1181851901	0.044460564	0.0537029441	0.1026622741	-0.0279422211	-0.0384769747	-0.0203895326	0.1128101177	0.0685199901	0.0073124075	0.0398816318	-0.130992078	0.1054823401	-0.0203490606	0.1759061233	0.0187146732	-0.1075230069	-0.0303547194	0.0554512825	0.0191088153	-0.0441392398	-0.0362922586	-0.0575557708	0.0752616052	-0.073559263	-0.0573198842	-0.031413586	0.0820226043	0.0129395048	0.0543490861	-0.0663131853	-0.0647135723	0.0059794021	-0.0125048091	0.1017958989	0.0337979485	-0.0999681339	-0.0398405931	0.027424015	-0.0136443246	-0.2201151294	0.0486621063	0.0548780156	0.0842204501	0.1739779967	0.1484791022	0.0450333857	0.1310461741	0.0756984563	0.0435568054	0.0831667248	0.038767499	-0.0631199505	0.0640197018	0.0081157265	-0.0048577028	0.0055517373	-0.0830849256	-0.0764144469	-0.1667790336	0.0507593447	0.139622059	-0.0429275965	-0.0672422357	0.0494074759	-0.1621311374	0.1184270704	0.0268450581	-0.1276537395	0.0355879021	0.0433590216	0.0864590595	0.0907516029	-0.0678033817	0.0647214634	-0.0494296957	-0.1182536866	0.00493198	-0.00190886	2.43244267204e-05	3.6437464996e-06	0.039608	0.0436433299999999	0.0019047402534888	0.0015687936639999	0.118116	0.0068889999999999	4.7458320999999895e-05	0.013951389456	0.000705622	0.000540797	4.979024068840001e-07	2.92461395209e-07	0.000125315	0.00013352	1.5703849225e-08	1.78275904e-08	-0.000945326	-0.000255257	6.515613604900003e-08	8.936412462760001e-07	0.0	0.0	0.0	0.0	0.0	0.0	0.0	0.0	0.0	0.0	0.0	0.0	0.0	0.0
298.08351840592485	-0.1211087611692391	0.0146673320319478	88853.78394525535	299.36047530596767	0.4415948722935923	0.195006031235994	89616.69417541487	212.5123746709967	-0.0909084806787063	0.0082643518593107	45161.50938830608	212.2923965313637	376.6109025728519	1.072093	25.894135	0.21694592	0.11299	0.0231679346	0.0228647273	0.0228951939	-0.0481743995	0.1518799561	0.0454263527	0.0111055125	-0.0362232642	-0.0081962715	0.052847262	0.1092429398	-0.0067171432	0.0833047639	0.1075411951	-0.1290204733	0.0045373219	0.0398955517	0.0094881465	-0.0190797459	-0.0116666639	0.0959086241	-0.1951634814	-0.060510216	0.022066705	-0.176347272	0.0531258559	0.0670644801	0.0320579831	-0.0475325156	0.0873818123	0.019272182	-0.0330252852	0.0311899638	0.0513005703	-0.0848327047	-0.068654811	-0.0529165193	0.0870036525	0.1125685843	0.0478590659	-0.0616792438	0.2411443771	0.1791533708	0.1608557209	0.0549242529	0.0005953904	0.0794496098	0.1018966799	-0.045885921	0.1453890599	-0.1018592618	0.0251218397	0.0908337424	0.0105798469	0.0105969703	0.0269454896	0.023206767	0.0377189782	0.1137794975	-0.0609394518	-0.1258429562	-0.0280478814	0.0361112281	0.1594925042	0.1615614558	-0.0261346002	0.0169489146	-0.0098639005	-0.0809997462	0.2038065809	0.0826055421	-0.0106329755	0.0755867546	-0.1719450421	-0.0142749175	-0.0262820993	-0.0359551066	-0.0823737775	-0.0580741893	0.0076601368	-0.0215705718	-0.0594785135	0.0611488181	0.0228125479	-0.037647791	0.1364193359	-0.004629193	-0.0266593722	0.3101282395	-0.0958184499	-0.0224346913	-0.1280724773	-0.0709864548	0.0450638963	0.0351858306	-0.0043509099	0.1583797722	-0.0554419886	-0.1745989711	-0.0134940456	-0.0404349361	-0.0103233596	-0.010074597	0.0612205392	0.0632760485	0.1711853166	0.0467657319	-0.1069100802	0.0749739195	0.0675783497	0.0215345007	0.0861435516	-0.0884596339	0.0460368093	-0.0799274726	0.0988004165	-0.0474763501	0.0136201695	0.0094823197	-0.0069473078	0.0541279097	-0.054589099	0.1112846171	0.1453960684	-0.0471268092	0.0819810888	0.1789347011	-0.0383386245	0.1265888475	-0.0762717877	-0.0678230955	0.0561980573	-0.0916738699	-0.0267461479	0.1576305547	-0.0235998913	0.0624505233	-0.0542622434	-0.1191544118	-0.0034809	-0.00841288	1.211666481e-05	7.07765498944e-05	-0.0189319	-0.0585399	0.0034269198920099	0.00035841683761	0.0522428	-0.0658731999999999	0.0043392784782399	0.0027293101518399	0.00176935	0.001063728	3.1305994225e-06	1.1315172579839998e-06	-7.977179999999998e-05	-0.0002050868	6.3635400752399975e-09	4.206059553424e-08	-0.00135891	-0.000413584	1.7105172505600005e-07	1.8466363881e-06	0.0	0.0	0.0	0.0	0.0	0.0	0.0	0.0	0.0	0.0	0.0	0.0	0.0	0.0
298.3072421998583	0.2237237939334591	0.0500523359719808	88987.21074888493	297.7843808318995	-1.5760944740681566	2.4840737911881794	88675.53746743777	212.3958296475494	-0.1165450234473155	0.0135827424903353	45111.98845167082	212.15567076927007	375.6906641178141	1.167447	28.197216	0.303780196	0.179784	-0.0555227659	-0.0567498364	-0.0182814379	0.0562069698	0.0340993683	-0.0895904459	0.0461103551	-0.0205244057	-0.0833789912	0.0493628398	0.1306280006	0.0359205339	0.007632567	-0.0586653489	0.0859256983	0.0610279201	0.0801813554	-0.0551194985	-0.0487362923	0.1098740152	0.0257884789	-0.0657407871	-0.03494771	-0.0415219652	0.0066890585	-0.0951716967	-0.0255705328	-0.1223648584	-0.0166083704	0.0290396139	-0.1136424828	-0.2161897428	-0.0002490267	0.0696161904	0.1042373708	0.0474505661	-0.0106282508	-0.131936041	-0.0404354921	0.2178557135	-0.1042918462	0.0344776622	-0.0129574877	-0.0052948099	-0.0662788495	-0.1219053025	0.0074171432	0.1343860191	0.0547407728	0.0611277977	-0.0105242182	0.0431812559	0.0778943374	0.1339309862	0.0287624332	-0.0445525208	-0.0168423274	0.0924354367	-0.1523166935	-0.0381563948	0.0853260795	-0.0185138693	0.1078222624	0.0593331008	0.0023536767	0.0552314	0.0180917364	-0.1264248085	-0.0108263344	0.0745387302	0.0239072421	-0.0604067295	0.0202085652	0.0421148561	-0.004291789	0.1054132855	-0.0555047399	-0.0010254452	0.0441375947	-0.2458142316	0.0155990516	0.0161847725	-0.0326764429	0.0193564469	0.0261691106	-0.1088882062	0.0706042753	0.2202133281	0.077494104	0.1487399681	0.0005317442	-0.0636322786	-0.0737382622	0.1410651944	-0.0734626436	-0.0043566563	0.1059079547	-0.0585937643	-0.0568770743	-0.0632861853	0.0008266102	0.0620230343	-0.1149023813	0.0414774599	-0.0674833733	-0.1065941784	0.0570224635	-0.0041884176	0.0417021236	-0.0638795935	-0.0675150323	-0.0530795292	0.0912423134	-0.0257194984	-0.0775994419	0.0198895587	0.0014293987	-0.04358226	0.1341104701	0.0100682252	0.0200661013	0.0759206573	-0.0560896542	0.0612809753	0.1106549602	-0.0848603934	-0.0616783553	0.0547978322	0.0050547282	-0.0480961962	-0.0032925136	-0.07243977	-0.157648549	-0.072498231	0.2061149426	0.1856338464	0.0601481375	-0.0589855141	-0.1195153378	0.000330396	0.003811296	1.09161516816e-07	1.4525977199616e-05	0.113511	0.1324429	0.01754112176041	0.012884747121	0.11954	0.0672972	0.00452891312784	0.0142898115999999	0.000171111	-0.001598239	2.9278974321e-08	2.554367901121e-06	-7.977179999999998e-05	0.0	6.3635400752399975e-09	0.0	-0.000952573	0.000406337	1.651097575690001e-07	9.07395320329e-07	0.0	0.0	0.0	0.0	0.0	0.0	0.0	0.0	0.0	0.0	0.0	0.0	0.0	0.0
299.68880693859006	1.381564738731754	1.90872112730694	89813.3810042755	299.88774483475504	2.1033640028555283	4.424140128508431	89932.65950207514	212.9490897284441	0.5532600808947166	0.3060967171116283	45347.31481617294	212.7489413180093	380.45073861473537	1.259858	30.429224	0.1348544639999999	0.103801	0.1138237416	0.0109875747	0.0599101944	0.0933825889	0.0047589348	-0.01076309	-0.1281880303	-0.0979573746	-0.0375445652	0.0627029599	-0.1325175405	-0.0549676552	-0.0129725062	-0.090093591	0.0970916631	0.1509851515	0.0788211842	-0.0168158051	-0.0672997671	-0.0804183753	-0.1084631166	0.0079495134	0.0024498745	0.0775652018	0.2373934999	0.0437403849	-0.0788201841	0.0178279235	0.0575864685	-0.0039595918	0.0380281844	0.1074832478	-0.0663119194	-0.0736363706	-0.0037325976	-0.0290985505	-0.1459564757	-0.1653769901	0.0430651429	-0.0205151288	0.1746719078	0.1099568189	0.1111093039	-0.1365578127	-0.0758785337	-0.0169310407	-0.0110560512	0.0138708461	-0.035191329	-0.047852677	0.005629168	-0.0157520077	0.012667003	0.0847282434	-0.0109935007	-0.1131590532	-0.1219704961	-0.0326364655	0.1293645941	0.021166145	-0.0364083528	-0.0028586036	0.1403166273	0.031979026	-0.0067746145	-0.0029717051	0.1107887273	0.0485123455	0.0988511884	-0.0029572356	-0.0214015005	0.0955001061	-0.1466011958	0.1567641932	-0.0256634804	-0.0690464212	0.074690227	-0.0230511967	-0.0349958445	0.0774406992	-0.1389898136	0.0206276101	-0.1338326059	-0.118799127	-0.0224983882	-0.0201412841	0.0982768296	0.1392524122	0.0005606322	-0.2167205113	-0.1293490024	0.0636640363	-0.0538415939	-0.0285639785	0.0005391615	-0.0032580898	0.0399861647	0.0282295014	0.0615972503	0.0277285289	-0.0122089538	0.0543183181	-0.0710833983	0.1446451376	0.021863311	0.0658152158	-0.0046145464	0.0573197068	-0.020488737	-0.0101551214	-0.1147890224	-0.0574162536	0.0107444924	0.0716027885	0.0984952633	0.0852299099	-0.0326671496	0.0531320171	-0.0428406044	-0.062074096	-0.0537402723	-0.0951155491	-0.0346396791	-0.0138190275	-0.0109283183	-0.084816015	0.0063514505	0.0448002264	0.1183107405	-0.0049288104	0.1289629338	-0.1823882919	-0.0551002983	-0.1023010247	0.1529738572	0.1261892118	0.0578154653	-0.0635899959	-0.1193348294	0.00126607	0.000935674	1.6029332449e-06	8.754858342760001e-07	0.0123986	-0.1011124	0.01022371743376	0.0001537252819599	0.107908	-0.0116319999999999	0.0001353034239999	0.011644136464	0.000419673	0.000248562	1.7612542692900004e-07	6.178306784400001e-08	1.7877e-05	9.76488e-05	3.1958712899999987e-10	9.535288141439997e-09	-0.000875296	7.727699999999994e-05	5.971734728999991e-09	7.66143087616e-07	0.0	0.0	0.0	0.0	0.0	0.0	0.0	0.0	0.0	0.0	0.0	0.0	0.0	0.0
300.4467090704819	0.7579021318918535	0.5744156415262165	90268.2249912828	302.22860485451133	2.340860019756292	5.479625632093427	91342.12959230437	213.5454722655977	0.5963825371536018	0.3556721306217672	45601.66872513716	213.27906541676484	383.60485216232746	1.238806	29.920748	0.05721692	0.0391014	-0.0378336228	0.0680015603	0.1951812957	0.031292803	0.0040899782	0.1445312335	0.0626124398	-0.2101904718	0.0736547248	-0.0859931892	-0.0852279236	0.0028811422	-0.0495120132	-0.1247591984	-0.0845320284	-0.0573062838	0.0931273836	0.1654197751	0.1075599147	0.0082389309	-0.0425650566	0.0186631849	-0.0834937971	-0.0484453378	0.0915256997	-0.0931740536	0.1017280951	0.0919203014	0.1854716326	0.126926848	0.0074896372	-0.0338768109	0.0100600386	0.0745895684	0.1693569597	-0.0447770887	0.0733386163	-0.0484782201	-0.0289189911	-0.0715100959	-0.2438405744	-0.0316758705	-0.0625335251	0.0073684836	-0.1004382667	-0.1537195549	-0.0693875131	0.0323959036	-0.1051735991	-0.0332964181	0.0655288137	-0.1256791729	0.0040337296	-0.0941711999	-0.0085102921	-0.0705345419	-0.083292151	2.19226e-05	0.036432156	-0.0054432323	0.0606185242	-0.1149984966	-0.1441085613	0.1736924099	0.0515244133	-0.152734269	-0.1197129187	0.0174707941	0.0506726517	-0.0025592878	0.0953745542	-0.0898891457	0.0014182096	0.1156251754	-0.0986378274	-0.1045522509	0.1644025247	-0.041095789	-0.095699596	-0.0673431323	0.0282487974	-0.0291011223	0.145762284	0.0087537863	0.1069104697	-0.1596296114	0.0720810388	-0.0333324498	-0.0058537738	0.2134218124	-0.0538744086	0.0416033121	-0.1014281062	0.1767071655	-0.0190227141	-0.0326322668	-0.0079288804	0.100838403	0.0622794307	0.029104337	0.0669372531	-0.0756305202	0.0696540526	0.1243311863	0.0568414019	-0.004051834	-0.0319110518	-0.0209129137	0.0139907341	0.0028848784	0.1265371595	-0.0353895558	-0.105956127	-0.0493426033	-0.0270563998	0.0421672934	-0.0348194746	-0.0324080103	-0.0842829907	-0.1155856305	0.1055800057	-0.0792914511	0.0006865281	0.0243010859	0.1095121508	0.0386630769	0.0440941251	0.1210001007	-0.0180923159	0.0456453791	0.0260022238	-0.0434161609	-0.1115706951	0.0504581339	-0.0222364902	0.1672827943	0.0554536812	-0.0680664159	-0.1186137044	0.0044164	0.00315033	1.950458896e-05	9.9245791089e-06	0.0112555	-0.0011430999999999	1.3066776099999983e-06	0.00012668628025	0.0712469	-0.0366611	0.00134403625321	0.00507612075961	0.000591268	0.000171595	3.495978478240001e-07	2.9444844025000012e-08	-7.977179999999998e-05	-9.76488e-05	6.3635400752399975e-09	9.535288141439997e-09	-0.000819292	5.6004000000000015e-05	3.136448016000001e-09	6.71239381264e-07	0.0	0.0	0.0	0.0	0.0	0.0	0.0	0.0	0.0	0.0	0.0	0.0	0.0	0.0
299.4613676583375	-0.9853414121444076	0.9708976984867352	89677.11071980199	300.75563913538485	-1.4729657191264778	2.169628009721782	90453.95447173384	213.3372829689916	-0.2081892966061218	0.0433427832213517	45512.79630459159	213.1420761965966	382.7137010461474	1.173157	28.335131	0.072767095	0.0395337	-0.0963923343	-0.0925621388	0.0919455652	-0.0037520964	0.0295897488	-0.0160850977	0.1664354612	-0.0739920157	0.0314689748	0.0528700507	0.0053734942	0.0723927718	-0.0329531949	-0.1204607523	-0.0866966931	-0.0851091298	-0.0664183572	0.0159474348	0.1896564288	0.069293685	-0.0020322618	0.0206689787	-0.063111002	0.0627545439	0.0240063058	0.0171518735	-0.0106160306	-0.0153821289	-0.0287642795	-0.0471670556	0.1141930753	-0.025541269	0.0502484385	0.020570922	-0.0219583932	-0.1748529041	-0.1429582854	-0.0667245804	-0.0144510025	0.0300946399	0.0147724529	-0.0581854885	0.0136303708	-0.0554755288	-0.0486254102	0.0033965412	0.0425284894	-0.0013887279	-0.1399036754	-0.0987326593	-0.0660309051	-0.1724957052	-0.0073642298	0.0577504358	-0.0132278473	-0.1324053815	0.0675312501	-0.0537830366	-0.0393531898	-0.0152829301	-0.0600055175	-0.003217093	-0.030367619	-0.0628531913	-0.10343627	0.0086285813	-0.1996110557	-0.0008490894	0.0158936877	-0.000263375	0.0610607762	0.0142147619	-0.0766350484	0.0100245305	-0.027449073	-0.0278779111	-0.0365656633	-0.1025965897	0.07697099	0.0454219484	-0.0672857222	-0.1396142209	0.0160670877	-0.1464675001	-0.1355880473	-0.0785797795	-0.0002639069	0.0488608916	-0.0508490839	-0.0161214953	-0.035746409	-0.0105041952	0.0365434199	-0.0017407647	0.0733374213	-0.0570776034	0.0765439128	0.0568863552	0.047311493	0.1434519376	0.1185851255	-0.0030290325	0.010317966	0.0922177653	-0.117566336	-0.0825582516	-0.02605399	-0.0095265857	0.0132692645	0.0670545459	-0.0147372867	-0.0459403182	0.0359762108	-0.0356185497	-0.1162770744	-0.0053500398	-0.0784682545	0.0379521059	-0.1379441329	-0.0075308548	0.1399739514	0.0225990551	0.0250307657	-0.0526052663	-0.0841197045	-6.68639e-05	-0.1071911562	0.050328514	0.0558634962	0.0088206208	0.0089221654	-0.1118002204	0.0786930653	-0.0205572952	-0.0162991331	0.0608242692	0.0530639746	-0.0724057592	-0.1173552296	0.00828919	0.00387279	6.87106708561e-05	1.49985023841e-05	0.0334184	0.0221629	0.00049119413641	0.00111678945856	0.0999623	0.0287154	0.00082457419716	0.00999246142129	0.000411855	-0.000179413	1.69624541025e-07	3.2189024569000026e-08	7.209329999999998e-05	0.0001518650999999	5.1974439048899975e-09	2.3063008598009998e-08	-0.00079025	2.904199999999996e-05	8.434377639999974e-10	6.244950625e-07	0.0	0.0	0.0	0.0	0.0	0.0	0.0	0.0	0.0	0.0	0.0	0.0	0.0	0.0
298.87782407605715	-0.5835435822803561	0.3405231124205907	89327.95372443857	301.0568800829634	0.3012409475785489	0.090746108498022	90635.2450452878	212.9351627608713	-0.4021202081202943	0.1617006617787088	45341.38353999875	212.7381075008895	382.4701755320712	1.271924	30.720638	0.0871513899999999	0.0371229	0.0807041433	-0.0726569017	0.051454916	0.0140512761	0.0302364065	-0.0583874485	-0.0133950433	-0.0638249143	0.0286684981	0.0153207437	-0.0387218107	-0.0593419012	-0.0234123802	-0.0265842855	-0.0562656613	0.000274007	-0.1500915174	-0.0731192919	0.0631893432	-0.0601100035	-0.0553981521	-0.0208654889	0.0057646545	-0.0463557492	0.1556581091	-0.0579643099	-0.0294408804	-0.1912369506	-0.0801269605	0.0174945596	0.1654359974	0.0822722075	-0.0135672957	0.0281659761	-0.1090362856	0.0430503124	0.0154261977	0.1280773981	0.0786321309	-0.041704104	-0.0562397929	-0.1291581939	0.1285200185	0.013787324	-0.0163852854	-0.0679381862	-0.2888145775	0.2020456151	-0.0377907594	0.0775991649	0.0352735602	-0.0514984997	0.090715288	0.0026014489	-0.0524383826	0.0036001074	0.0591531496	-0.0839196748	0.0325844414	0.1070351506	0.0385734837	0.0331260246	0.0807388719	-0.1230647745	0.0879914361	0.0745421597	-0.0258841907	0.0739488253	0.0570765104	0.0286136102	-0.0135537291	-0.009274577	-0.0356042591	0.1741451559	-0.0049658623	0.1366869148	-0.0390963821	-0.2063481141	0.0341730874	0.1564076294	0.0315102368	0.0418903179	0.0241897972	0.0676233451	-0.039359612	0.1095514917	-0.0336998241	-0.0459315994	-0.0457532465	0.0485624347	-0.1394370679	-0.0859089688	0.0599060054	0.1267682601	-0.2444668036	-0.1850000606	-0.0356681641	0.1062693514	-0.074948364	-0.1288773186	0.0228342078	-0.0646855441	0.0202920272	-0.0214674661	-0.0613033735	0.0701795111	-0.0123627843	0.1475610663	-0.0560494688	-0.0252121344	-0.0864292213	0.1741662927	0.0582800818	0.1117738202	0.0021446956	0.0157682005	-0.0305332035	-0.0692800059	0.0328931658	-0.0473135068	0.138051185	-0.2091959573	-0.12712513	-0.1568157621	-0.0575001978	-0.0146981353	0.0128695291	0.0099109273	0.0103014098	0.1082697914	-0.0246006242	0.0194260554	-0.0397126176	0.3459340542	-0.0023692895	0.1489212271	0.0506475487	-0.0765992869	-0.1155651064	-0.00706117	-0.01535036	4.98601217689e-05	0.0002356335521296	0.0140265	-0.0193919	0.00037604578561	0.00019674270225	0.115326	0.0153636999999999	0.0002360432776899	0.013300086276	7.67621e-05	-0.0003350929	5.89241999641e-09	1.1228725163041e-07	0.000362591	0.0002904977	1.31472233281e-07	8.438891370529002e-08	-0.000905568	-0.000115318	1.3298241124e-08	8.200534026240001e-07	0.0	0.0	0.0	0.0	0.0	0.0	0.0	0.0	0.0	0.0	0.0	0.0	0.0	0.0
299.5673050728325	0.6894809967753304	0.4753840449143031	89740.57026859949	298.90701594835593	-2.149864134607469	4.621915797271522	89345.4041831507	212.9655182763649	0.0303555154935963	0.0009214573208819	45354.31197472071	212.7221762553666	396.9437278627104	1.606129	38.792656	0.461977575	0.274775	0.2305650656	-0.0392194387	0.2642902514	-0.3504567043	-0.0860809323	0.0749322641	-0.0331303604	0.0173562668	0.3015914614	0.2203206353	0.0656480619	0.0722652704	-0.1299940021	0.0230638833	-0.1168878879	0.1722857374	-0.0199749029	-0.0423899274	0.1309083376	-0.2961359207	0.1302107044	-0.0892515374	0.0412430509	-0.1999020397	0.058306751	-0.1669679524	-0.0032849062	0.0216664091	0.0790680211	-0.0674281705	0.1458788996	-0.0461838388	0.1423016914	0.1644016378	0.0187326771	0.0444906766	0.27134506	0.1477275598	0.1373109444	0.0952663402	-0.0278712143	0.1656233149	0.0317930093	0.0773515657	0.1598601067	-0.0064377164	0.0179506706	-0.1217280475	0.0751188575	-0.0267208766	0.0596828802	0.1246525509	0.0457452229	-0.0432329499	-0.0037039292	0.0915852967	-0.0228662109	0.0963487057	-0.0956602856	0.0044065345	-0.0205916735	0.0901719326	-0.0887953284	0.0726963847	-0.0090164595	0.0365835768	-0.0201240552	0.3012615501	-0.1425040881	0.11033242	-0.0038429302	-0.197460634	0.1059907289	0.118249673	0.0344693159	-0.1305718921	0.1032961657	-0.1557153142	0.2276136997	0.0238598284	0.1584884531	-0.0065102529	0.1189664051	0.2691594502	0.1540006235	0.138429628	-0.1010105968	0.055159592	0.2075229943	0.0405240465	0.0660867275	0.0304809204	0.0414595786	-0.0555817515	0.0366024648	0.0776913395	-0.1171971644	-0.0757172163	0.0550601694	-0.0673435006	0.0138132214	0.0151975748	-0.0641213302	-0.0974294957	0.0699041166	-0.0279511811	-0.0275825017	-0.1049212808	-0.0371358445	-0.0189286367	0.0135986561	0.0116719042	-0.2706083948	0.3518832097	-0.0966419697	-0.0774723426	0.1385273964	-0.2744459197	-0.1535930586	0.1640516591	-0.0805570525	-0.2296996888	-0.1283494726	0.2147362954	-0.1830651719	0.1969374789	-0.1150816713	0.1273359387	-0.1907771188	-0.1517145034	-0.1492423347	0.0079713231	-0.0058473553	0.1606013382	-0.0517122171	0.1753349576	0.0482056202	-0.0806385538	-0.1132514443	-0.0198065	-0.01274533	0.00039229744225	0.0001624434368089	-0.0663989	-0.0804254	0.0064682449651599	0.00440881392121	-0.104844	-0.22017	0.0484748289	0.010992264336	0.00223457	0.0021578079	4.9933030849e-06	4.656134933302411e-06	0.000902869	0.000540278	8.151724311610001e-07	2.919003172840001e-07	-0.000630917	0.000274651	7.5433171801e-08	3.9805626088900003e-07	0.0	1.0	0.0	0.0	0.0	0.0	0.0	0.0	0.0	0.0	0.0	0.0	0.0	0.0
300.3550428055384	0.7877377327059207	0.6205307355286647	90213.1517387168	299.41142061933687	0.5044046709809322	0.2544240721073825	89647.19879728946	213.1337633431321	0.1682450667672128	0.0283064024915039	45426.00107680624	212.94733275627905	387.1555270921052	1.720796	41.562195	0.29875661	0.186656	0.040652682	-0.1357529137	0.0755414683	-0.0186913814	0.005904383	-0.1088586433	0.0079735521	-0.0773384346	0.1772069211	0.0710041917	-0.1053524751	0.1974822685	0.0944467164	-0.0321648215	0.0664789811	-0.1206178529	-0.0257910896	-0.0506691027	0.109279402	-0.1077062221	0.046202318	0.0476213029	-0.1142922917	0.1796417065	0.0286464208	0.1081819761	0.0430575802	0.1522475957	-0.0296037918	-0.0209079678	-0.0699000229	0.115428561	-0.1523707167	-0.0253644607	-0.0823285703	-0.0611837571	0.0867384913	0.0659657575	-0.0606458349	0.0018875384	0.1185533835	0.0631493323	-0.1546096887	0.0525004072	0.0952772002	-0.0816722711	0.0576890948	-0.0043632286	-0.0420137891	0.0225532303	0.0260065898	0.03047659	-0.0793629531	0.1225340524	0.1206816095	-0.0767993592	-0.0142526329	0.1641452715	0.0108541461	0.0572420814	0.0310520679	-0.1452863634	0.1508685968	0.069353552	-0.086056943	0.0608567929	-0.0509736588	0.1539740742	-0.0492151006	-0.0307485107	0.1046871599	0.1446046872	-0.1753241664	-0.0639072944	-0.0770263096	-0.1050166251	-0.0499488663	0.1744258256	-0.0746536885	0.0723807679	-0.0868185683	0.0511193623	0.0802587468	0.0192099552	-0.0731646883	0.0417927497	-0.1344531248	0.0100790048	0.0287847816	-0.0587578925	0.1819108653	0.1620388488	-0.0264214251	0.0661026614	0.0787029537	-0.0358315484	0.0638913316	0.086396502	0.0266904155	0.1523437656	-0.1477994106	0.0652642001	-0.1373539235	0.1022151854	-0.0440258016	0.0251435402	-0.0126092238	-0.0223258836	0.1452518132	-0.2162836103	-0.101454697	-0.0923795377	0.0007976327	0.1292826558	-0.0480338352	-0.0400319022	-0.0741613871	0.1325307701	-0.2158485956	0.0527923344	0.1347227628	0.0985515991	0.1355882686	-0.1237564788	-0.1462477836	0.021209096	0.0071663498	-0.0120975839	0.0825021507	-0.0921137767	0.0076032622	-0.0412903966	0.1810421754	0.013365599	0.023877404	-0.0930435009	0.0457394187	-0.0845154255	-0.1104247249	-0.00794444	0.01186206	6.311412691360001e-05	0.0001407084674436	-0.0215509	0.044848	0.002011343104	0.00046444129081	0.0548457	0.1596897	0.0255008002860899	0.0030080508084899	0.00102557	-0.001209	1.0517938249e-06	1.461681e-06	0.000492815	-0.000410054	2.42866624225e-07	1.6814428291600005e-07	-0.000602834	2.808300000000004e-05	7.886548890000021e-10	3.63408831556e-07	0.0	0.0	1.0	0.0	0.0	0.0	0.0	0.0	0.0	0.0	0.0	0.0	0.0	0.0
298.9886196150676	-1.3664231904708115	1.8671123354564323	89394.19465932358	301.265490545804	1.8540699264671616	3.4375752922299463	90760.89579380394	213.13740733618272	0.0036439930506162	1.327868535293949e-05	45427.55440598988	212.9621831686921	384.19458187071024	1.332391	32.181084	0.04518415	0.0236461	0.0344649486	0.0484791679	0.1437465299	-0.0995207656	0.0867092676	0.1030617167	-0.0277941658	-0.1147541212	0.1732539133	-0.0045343719	-0.1289965755	-0.0499300662	-0.0368268903	0.1142200504	-0.0556646518	-0.068471696	-0.0831028092	0.1213554171	0.0873593551	-0.1653941852	0.0661331301	-0.0537651324	-0.0065984593	0.0606101906	-0.0333479022	0.0498260797	0.0600781639	-0.0165468747	-0.1245663521	0.0713996021	0.0027859922	0.0007157772	0.0970484572	0.0093390281	-0.0843439053	0.1284779205	0.15684718	-0.0873229708	0.0737433783	0.0209843035	0.0420542244	-0.1105606619	-0.0287473711	-0.0232575648	-0.073559214	0.0728065299	0.128663999	0.0189245385	0.0841447007	0.0530897887	-0.1005218245	-0.1712844688	0.027026434	0.0221151966	0.0696607369	0.1076214375	-0.1264997492	0.0364875631	0.1592398976	0.1127880371	-0.0035064717	0.1277654287	-0.0225056406	0.0323242961	0.0570841815	-0.1179484961	-0.0423405784	0.1862569593	-0.0570814451	0.0595621475	0.0069388604	0.0587261932	-0.0276761324	-0.0469471135	-0.0332714111	0.0809331037	-0.0697567832	0.0040497167	-0.1368951316	0.047478629	0.2278027117	0.0928078814	0.0213795448	0.0827932785	-0.0484286088	0.0124569266	0.1304471973	0.0565712188	-0.1785799053	0.0176963422	0.0106484549	-0.1078315699	0.0355484873	-0.0864237714	0.0624111103	0.0812545909	0.0925415072	-0.0427821086	-0.1638377915	0.1827067935	0.0190258072	-0.0882940944	-0.1155472684	-0.0541560253	0.1085385102	0.0884944067	-0.0418378894	-0.0716492991	-0.118790594	-0.0632710234	-0.0721316908	-0.0083883203	-0.1571230904	0.0697645513	-0.0278957147	0.0055049304	-0.0853294984	0.0047636888	-0.0747997272	0.0164613465	0.0399059418	-0.123027065	0.0201157496	-0.1775676303	0.0498401399	-0.0734951646	0.0878130033	0.0671696938	0.0780180037	-0.0159896118	-0.0637738078	-0.0608187482	0.0759950795	0.0828193603	-0.1843165215	0.0178162783	0.043250186	-0.0882220943	-0.1070977539	0.00388456	0.011829	1.50898063936e-05	0.000139925241	-0.0266856	-0.0051346999999999	2.6365144089999988e-05	0.00071212124736	0.0357438	-0.0191018999999999	0.0003648825836099	0.00127761923844	0.0010644	3.8830000000000114e-05	1.13294736e-06	1.5077689000000086e-09	0.000381744	-0.0001110709999999	1.45728481536e-07	1.2336767040999993e-08	-0.000635304	-3.246999999999994e-05	1.0543008999999961e-09	4.036111724159999e-07	0.0	0.0	0.0	0.0	0.0	0.0	0.0	0.0	0.0	0.0	0.0	0.0	0.0	0.0
297.7186203178884	-1.2699992971791971	1.6128982148356548	88636.37688398699	299.4500931401796	-1.815397405624424	3.2956677403478887	89670.35828166224	212.8974964098444	-0.2399109263383252	0.0575572525765133	45325.34397757971	212.7013295218002	373.93460217499126	1.309604	31.630733	0.19300364	0.109848	-0.0987663699	-0.069094392	-0.0474888512	-0.1274178119	0.0492196122	-0.0153166388	0.1271802445	0.0777649963	0.0555171069	-0.0309146531	0.0916073867	-0.0247140649	0.0650639249	-0.0363163536	-0.2211662209	-0.0421070622	-0.0583885001	0.0129719169	0.1068436123	0.0641099066	0.0965136336	0.0067413017	-0.0707306892	0.0787968979	-0.0858803888	-0.0787879669	0.0855881492	0.056422902	-0.0223722158	0.1151905923	-0.0224436855	0.1090956987	0.0009902752	-0.1577715335	0.0770281595	0.0158365097	-0.0517232122	0.1798380618	0.0753511694	-0.0405817039	0.0345541475	-0.0434721785	0.1135831375	0.0019262007	0.0341535343	0.0361792977	0.0524387674	-0.0527875187	-0.0382444	-0.0482672791	0.0684920279	0.0132287776	-0.0055983121	-0.0942683848	-0.0019140023	0.0265192113	0.0505755607	0.0395095994	-0.0781253412	-0.0525522643	-0.0700394426	-0.0722593264	-0.0176786966	-0.170038931	-0.0621620663	0.0053521507	-0.1341853986	-0.0313555051	-0.0871070113	0.0016985203	0.0881251955	-0.0747541368	-0.0329064642	-0.1021954116	-0.0759278322	0.0055415937	-0.0064798034	0.0106768384	-0.1128126187	0.0429929165	-0.0528345302	0.0051225816	-0.0233688999	-0.1025033858	0.1740447493	0.1809583226	-0.0951155233	-0.1409851056	0.0194416775	-0.0641824518	-0.0779433005	-0.0387833186	0.1057573078	-0.0342193363	-0.0073247196	0.0498879979	-0.0030742407	0.0165677802	0.0985535236	-0.0192181113	-0.0078902737	-0.0596596798	0.0461765288	-0.0429716965	-7.05086e-05	-0.0449413786	-0.0059238342	-0.0477998378	0.1008975133	-0.0019612941	0.0795742561	-0.079586389	0.0092022949	-0.0164452943	-0.1357383419	-0.089923232	-0.1125617957	0.022001818	-0.0483315016	-0.013402928	0.0101893896	0.0491942131	0.1203282363	-0.0624005631	0.0649487523	0.0496526239	0.1237972804	0.0551396867	-0.0003026997	0.0283556414	-0.0966213339	0.0611630539	0.0385945143	0.0094734178	-0.0064484885	-0.0886747577	0.0407391756	-0.0917510955	-0.1032856033	0.0102945	0.0064099399999999	0.00010597673025	4.10873308036e-05	0.0530412	0.0797268	0.00635636263824	0.0028133688974399	0.0926087	0.0568649	0.00323361685201	0.00857637131569	0.000351865	-0.000712535	1.23808978225e-07	5.07706126225e-07	0.000182067	-0.000199677	3.3148392489e-08	3.9870904329e-08	-0.000547476	8.782799999999997e-05	7.713757583999995e-09	2.99729970576e-07	0.0	0.0	0.0	0.0	0.0	0.0	0.0	0.0	0.0	0.0	0.0	0.0	0.0	0.0
297.0022429439731	-0.716377373915293	0.5131965418577715	88210.33231375083	298.1907691086395	-1.2593240315401315	1.5858970164144908	88917.73478160193	212.4414938601572	-0.4560025496871844	0.2079383253212131	45131.388313535215	212.277337061712	372.1395345191823	1.379902	33.328617	0.059909	0.0427368	0.1557551496	-0.002388813	-0.1234603042	-0.0179616706	0.0631170361	-0.0746536677	-0.1544965611	0.037621242	-0.0345468312	0.0319522103	0.065754109	-0.071643427	-0.0492273501	-0.0087351347	-0.0529922836	-0.0009863746	-0.0479441564	-0.1228328478	-0.0899702616	-0.1064356081	-0.0685134856	0.066179821	-0.0323040978	0.008114164	-0.0556454638	-0.1635616437	-0.0478864727	-0.1098091092	-0.0216623228	0.0371263191	-0.0741397412	-0.044030299	-0.13208488	-0.1799998072	0.0203749857	0.0960207044	-0.0690408987	-0.0727914003	0.037470103	-0.116237519	0.1143224551	-0.081259412	-0.0904527924	0.0180370612	-0.1139238963	-0.0129590779	0.0633438455	0.0294497681	0.0723294185	0.0760252298	-0.0020234389	-0.0669316339	0.0124174479	-0.0611206732	-0.1812545571	0.1111938193	0.1259490854	0.0016971283	-0.0280948003	0.0330593012	-0.0247310907	-0.0565074838	-0.102010372	0.049247135	-0.0120610633	0.1065688213	0.1356462811	0.0627906524	0.0585714354	-0.0622600489	0.0235390527	-0.1395629367	-0.0271681575	0.0125093849	0.04591256	0.1656589137	-0.0430960881	0.0509829981	-0.0168276531	-0.1014505944	-0.0556104338	0.1503507975	-0.0289048623	-0.1214229382	0.0511742539	0.0671532102	0.1291153356	-0.0563770059	-0.1592675018	-0.0700327286	0.0226314954	0.0216944617	-0.0638901231	0.0172696928	-0.015214861	0.0596860434	0.0543829343	0.0087231163	-0.0435883105	-0.0334666303	0.0571707839	-0.0378228765	0.1413734075	-0.1776767908	-0.11573822	0.058146381	-0.1030344524	-0.0628814588	0.1061207336	0.0016532424	0.0259988237	-0.0606311062	0.0536198487	0.1111259164	0.1172786824	0.0050916037	-0.0928532076	-0.0015707384	0.0927918773	0.1055225832	-0.0095651588	0.0316231923	0.0150654294	-0.0209389651	0.1355400306	-0.0286766453	0.0912446231	0.0153950893	-0.0598394431	0.027832592	-0.1310855092	-0.0032969414	0.0395032243	0.1115226017	-0.0154212394	0.0250635752	0.0382076517	-0.0950953223	-0.0990055431	0.0102966	2.099999999999672e-06	0.0001060199715599	4.4099999999986195e-12	0.0411697	-0.0118715	0.00014093251225	0.0016949441980899	0.132911	0.0403023	0.0016242753852899	0.017665333921	0.000260571	-9.129399999999996e-05	6.789724604100003e-08	8.334594435999992e-09	0.000204166	2.2099000000000006e-05	4.1683755556000006e-08	4.883658010000003e-10	-0.000588745	-4.126900000000003e-05	1.7031303610000023e-09	3.46620675025e-07	0.0	0.0	0.0	0.0	0.0	0.0	0.0	0.0	0.0	0.0	0.0	0.0	0.0	0.0
297.38805778631985	0.3858148423467469	0.1488530925750451	88439.65691391952	297.5811901816839	-0.609578926955578	0.3715864681883139	88554.56474994752	212.37084179319825	-0.0706520669589565	0.0049917145655728	45101.374443951645	212.19760833562808	366.4232505530875	1.293159	31.233521	0.04153628	0.0264357	-0.0755925715	0.0916392082	-0.0961872314	-0.1278209522	0.0574982637	0.0946338065	0.0319354037	0.1535722599	-0.034793623	0.008816542	-0.0697446358	0.01843127	0.1364400962	0.0501564689	-0.0189628047	-0.0099362123	-0.0282316732	0.0690145791	-0.144028417	-0.0107605743	0.1079010905	0.0407559543	-0.0458188691	0.1575431877	-0.0059859163	0.1009504201	-0.0515923347	-0.0766682135	-0.0313816163	-0.0539517658	0.0150956908	-0.0749315733	-0.0653878258	-0.0428294303	0.0274974591	-0.0525144387	0.0628614086	0.031448894	-0.0596325186	0.011168961	-0.1001321166	0.0386705989	0.0998388881	0.0687967518	-0.0156278834	0.1084039446	0.070806431	-0.1078371447	-0.0949872336	-0.0362368178	-0.0068010046	-0.0645076542	0.0174041506	-0.034449043	-0.0163834474	0.0439989776	0.0362156709	-0.0061776013	0.0120146456	-0.0635569055	0.145280238	0.1539715742	-0.0749348165	-0.1243450715	-0.2519161264	-0.0831398035	0.1134015092	-0.0458505172	-0.1169158611	-0.0438118791	0.0401077004	0.0911040539	-0.131077306	-0.1027189784	0.0386744289	0.0569654474	-0.0321002477	-0.0540728186	0.0419672332	-0.032942667	-0.0224550331	0.0711522783	0.0268488738	-0.0181402974	-0.0124230655	-0.1084566534	-0.0840952534	-0.0697024035	0.1430922504	0.0100900871	-0.0471740935	-0.1012103254	0.0481631383	-0.0735039154	0.1041155075	0.0253436126	-0.021725146	0.0701269041	0.0644563562	0.0235846793	0.113192257	-0.0469097474	0.0776278826	-0.0801213353	-0.0578085808	-0.0529938317	0.0849287189	0.0255021559	-0.1662510409	-0.0682283479	0.0114862398	-0.2244625552	-0.0748965175	-0.0771296691	0.0028099223	-0.0705301257	-0.1267687766	0.0045822359	0.065631561	0.0149333511	-0.0923636197	0.1003004394	0.0330619597	0.0031717975	0.0098479806	-0.0465700643	0.1065535807	0.1773039928	0.0414596086	-0.0024606678	-0.0306507117	0.0002989667	0.0569959234	0.0487404771	0.0209800124	0.0037816151	0.0356568892	-0.0982480398	-0.094276963	0.010301	4.39999999999989e-06	0.0001061106009999	1.9359999999999032e-11	0.0348827	-0.0062869999999999	3.952636899999992e-05	0.00121680275929	0.107529	-0.025382	0.000644245924	0.011562485841	0.00020291	-5.766100000000003e-05	4.11724681e-08	3.3247909210000035e-09	8.68294e-05	-0.0001173366	7.53934470436e-09	1.376787769956e-08	-0.000566485	2.2259999999999966e-05	4.955075999999985e-10	3.209052552250001e-07	0.0	0.0	0.0	0.0	0.0	0.0	0.0	0.0	0.0	0.0	0.0	0.0	0.0	0.0
297.7455580440528	0.3575002577329655	0.1278064342791368	88652.41733496443	298.56448925899554	0.983299077311642	0.9668770754419268	89140.75424648487	212.5676156950404	0.1967739018421355	0.0387199684461783	45184.99124227438	212.3995365623356	370.7786373345192	1.020841	24.656265	0.098795175	0.05574	-0.0333592396	-0.0121467482	-0.1024969012	-0.0824996886	0.0631285534	-0.04078018	0.035933178	0.087713007	-0.03071111	-0.0946028523	0.088502185	-0.0639095418	0.0483829409	0.0844786657	-0.0393924184	0.062239705	-0.0703889667	-0.0270704794	-0.0532944909	0.0235708974	0.1217345391	0.0778411828	-0.04862815	-0.0453989173	0.0787202275	-0.0021124889	0.0486656332	-0.1962910939	-0.0790353129	0.0631774638	-0.0395188705	0.0364844198	0.0185493198	-0.0626420426	-0.0427765139	0.083442814	0.0316186523	0.0086893698	-0.1656401108	0.1099066718	0.1359267002	0.0225070818	-0.0828513866	0.0794332228	-0.0761350871	-0.0649337213	-0.0132067388	-0.0037240882	0.0854156238	-0.1136253727	-0.1265898554	0.0813625522	0.0016578093	-0.0579558406	-0.1131605757	0.0363167526	0.1062435275	-0.0911696835	0.0029544448	-0.1193896162	-0.0352299748	-0.0355769359	0.0138518732	-0.0187685393	-0.0393594942	0.0263819051	0.0357172204	-0.0497264482	-0.123318929	-0.0605375802	0.0519571344	0.035806248	0.0346093337	0.1086760452	-0.0479096365	0.20600079	-0.0351709876	0.0085302463	-0.0657402025	-0.0081982873	0.0632638995	0.0073542098	-0.1479512099	0.0238194739	-0.0125366538	-0.0185853115	-0.118935321	0.0798345634	-0.0334814653	-0.0757520388	0.1256153741	0.0434440521	-0.0506412352	0.1213615152	0.0632828033	-0.0222654015	-0.0212448595	-0.1323336703	-0.0048425372	-0.0732614968	0.0522492363	0.0526811254	0.0752998021	-0.1363899267	-0.0516542404	0.035860712	-0.022214441	0.0270862785	0.0459928912	0.0739736249	-0.0218115648	-0.0888787369	0.0328709475	-0.0235690357	-0.0316418394	-0.073704149	-0.1145685238	-0.0563318452	0.1614099191	-0.0144208376	-0.0551651644	-0.060037631	0.1126673148	-0.0799153552	0.0341680418	-0.0560014416	-0.0884927877	-0.0364499159	0.0283439112	-0.0320188425	0.0434074631	0.0039080854	-0.0749846808	-0.0009171648	-0.0195835753	0.0917798046	0.0330881723	-0.1012028987	-0.0891212848	0.018323	0.008022	0.000335732329	6.4352484e-05	0.0814989	0.0466161999999999	0.0021730701024399	0.00664207070121	0.125842	0.018313	0.000335365969	0.015836208964	-0.000112544	-0.000315454	1.2666151936e-08	9.951122611600001e-08	1.54789e-05	-7.135050000000001e-05	2.3959634520999994e-10	5.090893850250001e-09	-0.00043641	0.000130075	1.6919505625000015e-08	1.9045368810000002e-07	0.0	0.0	0.0	0.0	0.0	0.0	0.0	0.0	0.0	0.0	0.0	0.0	0.0	0.0
297.9606914525482	0.215133408495376	0.0462823834508383	88780.57365088063	297.590174240402	-0.9743150185935292	0.9492897554569092	88559.91180443282	212.93317069836817	0.3655550033277848	0.1336304604579767	45340.5351836604	212.7093562037446	370.42789582907415	0.950845	22.965662	0.037696375	0.0249546	0.0414228147	-0.0383133815	-0.1445078493	0.0074287336	0.0256396162	-0.1108907687	-0.042738545	0.0416598526	-0.0531492961	0.0261077683	0.0065831833	0.1279673238	-0.09358765	0.0539854562	-0.037882752	-0.0375058255	0.0588074458	-0.1015210837	0.0456112937	-0.0378687381	-0.0266681429	0.1042977872	-0.0310506786	0.1267991494	-0.1398877296	-0.0203215589	0.0928507107	0.1063795646	-0.0948936349	0.0612124445	-0.147811592	-0.0781350305	0.032286253	0.0235318617	-0.0079411963	-0.0393247057	0.1528063643	0.0643631013	0.0377357377	-0.0738065436	0.0995548354	-0.0390305706	0.0467241864	-0.0628460433	0.0946150033	-0.0401252389	-0.0601433324	0.0719168331	-0.0629738897	-0.1731809922	-0.0189989174	-0.1090212708	-0.0417031255	0.0386013582	-0.0030160702	-0.0642232977	-0.1803788334	0.0118014072	-0.1029295833	0.0466051319	0.0740864211	-0.0277994709	-0.0405919186	-0.0944716483	0.0646187813	0.1104012895	-0.0152071807	0.0568372523	0.0281709728	-0.0950124838	0.0565449551	-0.055445562	-0.0377265118	-0.1647755604	-0.0666068312	-0.0353465992	-0.04453539	0.0837783525	-0.0919753029	-0.1241414646	0.1293402727	-0.0125596355	0.0768849854	0.0591913502	0.0066673752	0.0204162167	-0.0619945547	-0.0277612188	-0.0396091284	-0.1110286754	-0.065335037	0.043371456	0.0957123718	0.0229554398	-0.0823281078	-0.1629147689	0.0366233619	-0.0225176479	0.0990659556	0.1363789119	0.1296959689	0.0760067178	-0.0098069427	0.0583648004	0.0654346374	-0.1657550335	-0.0066295257	0.0337726199	-0.0677141804	-0.0438923145	0.0457625298	0.0958177361	0.1036197357	0.0362743107	0.0523881161	-0.0514500929	-0.1011402151	0.0032071573	0.0411971381	0.0534340731	0.0231374855	0.0381842076	0.1054607546	0.0482907008	-0.0064740426	-0.0250201548	-0.091108416	0.0993114461	-0.0140178268	-0.0522708084	0.0021445493	-0.0626910305	0.0212539	-0.0108282373	0.0235096637	-0.0481943468	0.0305027946	-0.1039539485	-0.0835618648	0.0183692	4.6199999999999714e-05	0.0003374275086399	2.134439999999973e-09	0.0587718	-0.0227271	0.00051652107441	0.00345412447524	0.135389	0.009547	9.1145209e-05	0.018330181321	-0.000127863	-1.5319000000000007e-05	1.6348946769000003e-08	2.3467176100000016e-10	4.71184e-05	3.16395e-05	2.22014361856e-09	1.00105796025e-09	-0.000496973	-6.056299999999997e-05	3.667876968999996e-09	2.469821627289999e-07	0.0	0.0	0.0	0.0	0.0	0.0	0.0	0.0	0.0	0.0	0.0	0.0	0.0	0.0
297.777260925555	-0.1834305269931633	0.0336467582329896	88671.29712432608	298.4675811586501	0.8774069182480844	0.7698429001896006	89082.89700269538	213.0131333260844	0.0799626277162133	0.0063940218312817	45374.5949693962	212.8010519907456	370.9321854570978	1.077813	26.032291	0.057783835	0.0506869	0.0533191759	0.1186802543	-0.1015349879	-0.0496891464	0.0574948961	0.0722243719	-0.1207328176	0.0869949785	-0.0280969352	-0.0225199706	0.0082194576	-0.0337996134	0.067421245	0.0701431466	-0.0568703237	-0.0371332762	-0.1261370768	0.102717226	-0.0083072723	-0.0853820655	-0.0442185125	0.0475501051	0.0239715342	0.0421923809	-0.008809556	0.0798881453	0.0599259609	-0.1662038684	-0.0630159902	0.1548944794	-0.0806233114	0.1152213796	0.0729981181	-0.0812471046	0.1853920874	-0.1633089342	-0.0352383973	-0.0052421319	0.0531587405	-0.0072524757	-0.005042139	0.0175194794	0.101655104	-0.045942163	-0.0125317602	-0.0431995267	-0.0258670135	-0.1132384684	-0.0400458294	-0.0434312663	-0.0901214598	0.1356695324	0.1183932047	-0.0261619875	-0.0659122566	-0.0179545652	-0.1188739375	0.0605247693	-0.0014520396	0.1150218935	-0.1056030567	0.0530450994	-0.1342413861	-0.0430397157	0.0648683812	-0.1104189968	0.0235214468	0.0832313778	0.0343512981	-0.0483899455	-0.014850008	0.1015493807	0.003254617	8.27214e-05	-0.033004102	0.1531856814	-0.0548220036	-0.0379792568	-0.1348448993	0.0247627937	0.0159713814	-0.1332372383	0.0919900683	-0.1401990512	0.1712280496	-0.0618934988	-0.0516695962	0.0514517444	0.0733539563	-0.0786497543	-0.1649436262	0.0831693322	0.0842001536	0.0141744622	0.1105035717	0.0200230205	-0.0300059916	0.0199780594	-0.0651622214	-0.1259445673	0.0960110052	0.0866409518	-0.0336296418	0.0162542666	0.0970714681	-0.0310080019	-0.1406305974	-0.0763866205	-0.0112560559	-0.0065011695	0.1058134251	0.1156256572	-0.0589015771	-0.0140830993	0.1283797485	-0.0115318265	-0.1106833556	0.0074600695	0.1353219143	-0.0067994605	-0.0763424432	-0.0324312483	0.0547652837	-0.1252367079	-0.0653543204	-0.0418973436	-0.0766887626	-0.0049761885	0.0334207425	-0.0541121149	0.0660025732	0.0144505162	-0.0755558483	0.0027229592	-0.0136676823	0.0845218167	0.0279020578	-0.1064956489	-0.0776238888	0.0193499	0.0009807	0.00037441863001	9.61772490000002e-07	0.0083056599999999	-0.0504661400000001	0.0025468312864996	6.898398803559835e-05	0.132938	-0.002451	6.007401000000043e-06	0.017672511844	-0.000117555	1.030800000000001e-05	1.3819178025e-08	1.0625486400000022e-10	-2.02935e-05	-6.74119e-05	4.1182614225000006e-10	4.5443642616100005e-09	-0.000496973	0.0	0.0	2.469821627289999e-07	0.0	0.0	0.0	0.0	0.0	0.0	0.0	0.0	0.0	0.0	0.0	0.0	0.0	0.0
298.2502153768516	0.4729544512965731	0.2236859130012425	88953.19097233837	297.8393718882452	-0.6282092704049091	0.3946468874226682	88708.29144678441	213.07602283829647	0.0628895122120809	0.0039550907462734	45401.39150858624	212.8491201282472	367.7952264807581	1.167924	28.208746	0.057873815	0.0417131	-0.0992309968	0.0403144654	-0.1164403346	-0.0886204379	0.0708426014	0.049728498	0.0912987545	0.1303928728	-0.0677138434	0.0185194307	0.0696876679	0.1234925093	-0.0856098362	0.146981614	0.0446913986	0.108934004	0.0573477883	0.0758840013	0.0530426548	0.0739214369	0.0358409679	0.0854421165	-0.0975907309	0.0767991951	-0.0890169385	-0.1169434421	-0.1758843812	-0.0795401038	-0.0201921911	-0.0352051508	0.0055759766	-0.0345303424	-0.0816937083	0.1336677324	0.041988872	0.0238107267	-0.0149848099	0.0014418892	-0.0105224371	-0.0154723043	0.1251373174	-0.065608265	-0.0102470729	0.1107659661	0.0035845607	0.1026480454	-0.1459287548	0.0106260584	-0.1249761238	0.0236881386	-0.0773056149	-0.1248231719	-0.0233492138	-0.0165292552	-0.0749462152	0.0206406257	-0.0772262632	0.0114386972	0.1464482075	0.0671341437	-0.0499185694	0.0500910213	0.0279058494	-0.0195197617	0.0415054388	-0.0578877351	-0.0929581275	-0.0627309098	-0.0353715479	-0.0758873928	0.0787264105	-0.1293708139	-0.1105445421	-0.0452279446	0.1439530995	0.0873481137	-0.0381092319	-0.0245622376	0.0376465899	-0.0311767537	-0.0860746169	0.0145135619	-0.0093827816	0.0779752716	0.012326572	-0.0297571284	0.0126030361	0.0459014148	-0.1236930202	-0.0866134705	0.0264417293	-0.1032885658	-0.0194981037	0.0213738408	-0.0104543441	-0.1866795706	-0.0369964538	0.1049303693	-0.1022583648	0.0823229132	0.0306294401	0.0671670069	0.1273690311	0.063868993	0.0858051126	0.1582348915	-0.0119966719	-0.0165901264	-0.0524899871	0.0158374927	-0.0279241024	0.0468644408	-0.0153647562	-0.0915787148	-0.0375317721	-0.0724240921	-0.1252479536	-0.0158171712	0.0537083827	0.1206328358	-0.0034924784	-0.0484506407	0.0176977561	0.157404574	-0.0015066056	-0.049634586	-0.0440634075	-0.05179841	-0.104951983	-0.0214845851	-0.0171598629	-0.0233255845	0.0678877157	-0.0354853753	0.0587598879	-0.0206097158	0.0252872714	-0.1088228812	-0.0713342571	0.0174407	-0.0019091999999999	0.00030417801649	3.645044639999999e-06	0.0478157	0.0395100400000001	0.0015610432608016	0.00228634116649	0.120072	-0.012866	0.000165533956	0.014417285184	-0.0001316	-1.4045000000000004e-05	1.731856e-08	1.972620250000001e-10	-7.802e-05	-5.77265e-05	6.0871204000000005e-09	3.33234880225e-09	-0.000496973	0.0	0.0	2.469821627289999e-07	0.0	0.0	0.0	0.0	0.0	0.0	0.0	0.0	0.0	0.0	0.0	0.0	0.0	0.0
298.3571820249512	0.1069666480996147	0.0114418638056668	89017.00806586987	298.6830105334898	0.8436386452445959	0.7117261637501371	89211.54078134877	212.77016994673176	-0.3058528915647116	0.0935459912784952	45271.14521916111	212.6181713385176	375.195768125848	1.274196	30.775524	0.05213114	0.0259099	0.0661001346	-0.090047868	-0.1341942391	0.0348222199	0.0306044919	-0.1700063322	-0.050524693	0.0331163327	-0.0281767352	0.0084158906	-0.1358068412	0.0230325455	0.1355566067	0.0664577999	0.0102535375	-0.0149667668	-0.0404338483	-0.1349942647	0.0005061308	-0.0675385663	-0.060388267	0.0752615285	-0.0547134736	-0.0337688324	0.0790653747	0.0422192156	-0.0394388593	0.0110498491	0.0222639591	-0.1008106899	-0.0778410811	-0.0644174443	0.0291193833	0.1105711175	-0.0841839849	-0.0051966041	-0.0575468859	-0.1256368139	0.0277459172	-0.0401961806	-0.0756784372	-0.0685986825	0.0467481978	0.1549612154	-0.0459129896	-0.0982639589	0.0842230318	-0.1841814226	0.0658281985	0.0274778883	0.1761754759	0.153623879	-0.1143766992	0.0929134982	-0.0160526366	0.0647904216	-0.0904348556	0.121221368	-0.0947389068	-0.0240256489	-0.0379003933	-0.0832940112	0.0247340816	-0.0809482182	0.0998762376	0.1368723161	0.0434452258	0.0680290025	0.050446728	-0.067148223	0.0547487302	0.1012469052	-0.0418055174	0.066957521	0.0447156769	-0.0285165609	0.0120435152	0.0666558917	0.1132530071	-0.0678037839	0.0153962497	-0.0724134972	0.0434441127	0.0400926998	-0.0835883202	0.0265245732	0.1423143266	-0.0195396877	0.0056113829	-0.0053863926	0.0299093688	-0.1131290997	0.0097427109	0.1270203507	0.06478252	0.2681661006	-0.1247196055	0.0637345176	0.1361400355	-0.0535100009	-0.0976718442	0.1440289693	-0.0267357296	-0.050360824	0.0949537075	-0.0438645359	0.072611296	-0.0862981598	0.1266555283	-0.0472399584	0.0219051704	0.1180017488	0.1229753478	0.0817270486	0.0599679761	-0.0255129029	-0.071958506	0.022685891	-0.0486224194	-0.0541864302	-0.1027069494	0.0873485761	0.0060024485	0.0321480776	-0.1277268133	-0.0767876213	0.05746881	-0.0796586776	0.0064408027	-0.1104853228	-0.0108381551	0.0311929663	-0.1666035452	0.0127238831	0.0123572178	-0.0142756528	0.0226597522	-0.1109309587	-0.0647214634	0.016191	-0.0012496999999999	0.000262148481	1.5617500899999983e-06	0.0361466	-0.0116691	0.00013616789481	0.00130657669156	0.140299	0.020227	0.000409131529	0.019683809401	6.91413e-05	0.0002007413	4.7805193656900005e-09	4.029706952569e-08	-2.02935e-05	5.77265e-05	4.1182614225000006e-10	3.33234880225e-09	-0.000618212	-0.000121239	1.4698895121000022e-08	3.82186076944e-07	0.0	0.0	0.0	0.0	0.0	0.0	0.0	0.0	0.0	0.0	0.0	0.0	0.0	0.0
298.86891454241083	0.5117325174596203	0.2618701694255606	89322.62807975887	298.49143604990803	-0.1915744835817463	0.0367007827596128	89097.13739513633	212.78089345446065	0.0107235077288976	0.0001149936180117	45275.708619278535	212.52451622393704	373.0610813120003	1.323549	31.967527	0.126563885	0.0795604	-0.0077197407	0.1167913891	-0.0240344019	-0.0431244017	0.049704061	0.1098283412	-0.1075583833	0.0150587491	-0.00572163	-0.1065226463	0.1657117355	5.80168e-05	-0.0518637078	-0.0338179137	-0.02414584	-0.0353638802	0.0307926227	0.0940020593	-0.0837313941	-0.0450045397	-0.0053262117	0.0756859475	-0.0480478924	-0.0119438527	0.0284914195	-0.0793020151	0.0974656582	-0.0225880228	0.0595889761	0.0411322148	0.1149699267	0.1511976338	0.0159279666	-0.0366122334	0.001585466	0.0391239636	-0.0817060698	0.0359868253	-0.1011100666	0.0704582387	0.0137816198	0.0561963199	0.0070904895	0.0164580577	-0.0278755031	0.0250673534	0.0823160554	-0.0242741901	0.0951260965	0.0222079634	-0.0581438267	0.0512489708	-0.1441090566	0.0115702386	-0.0032698693	0.0711197697	-0.0786149245	-0.1591279708	0.0595010663	0.0633471218	0.2651811041	0.2238715874	0.0243933686	-0.0016899022	0.1353837089	-0.1073607881	0.0859724027	0.0069260581	0.0005792938	-0.073017313	0.0659302107	-0.0927805794	0.0197466718	0.0586396498	-0.1079539642	0.0501201364	0.0471773231	-0.033727035	-0.0707614638	0.1595217767	-0.0637833092	-0.0201236253	-0.1063062022	-0.041781555	-0.0075182116	-0.0164713171	-0.0776166699	0.0318112594	0.0157857841	0.0371093598	0.0334668667	-0.0223995217	-0.0355241249	-0.0299627747	0.0446382893	0.1094074745	0.0004258205	-0.0776228266	-0.0591895202	0.0600149895	-0.080323901	0.0339559047	0.0031151627	-0.1167400542	0.081881259	0.0124050234	0.0268632744	0.1456650427	-0.269368945	0.0079598822	-0.133789979	0.0615803213	-0.0977041198	-0.0486088323	0.0760701564	-0.0123218748	-0.1076903171	0.0415011122	-0.0267537517	0.0382188919	0.0710199262	-0.1423807792	0.0281695254	-0.0687759708	-0.0386666951	0.1054120874	0.0384723616	-0.1466085368	-0.0378920288	-0.0859154986	0.1071222267	0.1095804245	-0.0686988829	-0.0849807362	-0.0042402205	-0.0482006217	0.020020823	-0.112815636	-0.0578154653	0.0103582	-0.0058328	0.0001072923072399	3.402155584000001e-05	-0.0333307	-0.0694772999999999	0.0048270952152899	0.0011109355624899	0.10752	-0.032779	0.001074462841	0.0115605504	0.000153005	8.38637e-05	2.3410530025e-08	7.03312017769e-09	-2.02935e-05	0.0	4.1182614225000006e-10	0.0	-0.000903844	-0.0002856319999999	8.158563942399998e-08	8.16933976336e-07	0.0	0.0	0.0	0.0	0.0	0.0	0.0	0.0	0.0	0.0	0.0	0.0	0.0	0.0
298.7590579230594	-0.1098566193514329	0.0120684768153256	89256.97469107396	299.61386441097983	1.1224283610717976	1.2598454257383216	89768.467747281	212.73315611974536	-0.0477373347152934	0.0022788531257199	45255.39571266795	212.53798625783404	376.8225051722439	1.072435	25.902403	0.110204775	0.0767285	-0.0543170576	0.0044577044	0.0198342793	-0.0460855271	0.0365505945	0.0778158972	0.1175737807	0.065233759	-0.0305946377	0.1399758429	-0.1396745471	0.002730193	-0.0978765809	-0.0301303125	-0.0443805924	0.0897148004	-0.0350557992	0.0189654927	-0.0189953066	0.0377554407	0.1073286722	0.0499873226	-0.0910253988	0.1503645832	0.0732833053	-0.0130998199	-0.0851921621	0.0595859465	-0.0296977	-0.0778435341	0.0006050693	0.0284883418	0.195499067	0.0533091699	-0.0872741207	0.0415013101	0.0041183117	-0.0243375029	0.0114257219	-0.0664528883	-0.028768045	-0.0112149362	0.0370025987	0.0043139199	0.110961637	-0.0265313239	-0.0784295537	0.0646811167	-0.0491229711	0.1491715373	-0.0426570353	-0.0342156504	-0.0980392877	-0.0908069641	0.0967513092	-0.0475609428	0.0809851009	-0.1066434519	-0.0882091774	0.0034447673	0.0577032208	0.064766601	-0.005749118	0.0176083831	0.0813574144	-0.0160125789	-0.0048354829	-0.0466098255	-0.1055608107	-0.042712266	0.0568722103	0.0030421349	-0.1937933654	-0.0102522901	0.0535963031	-0.0722672976	-0.0053862951	-0.0251886571	0.0640909071	0.0542509908	0.1453126974	-0.1290461075	-0.0387730362	0.0511986499	-0.0452743912	0.0401261581	0.1047399474	-0.0912009411	0.0425541327	0.014940812	0.0325145683	0.0634538299	0.0572743298	0.028679499	-0.0893303097	-0.0916118253	0.0333426016	0.0483061244	-0.1054907175	0.0095579674	-0.1247562893	-0.12315923	0.0850789474	0.0076974369	-0.0889231417	-0.1046576071	-0.0333974368	0.0242004259	-0.0997493188	0.0703449209	-0.0370055212	-0.009636158	-0.0330827288	-0.0407939502	-0.0438189133	-0.0323380564	-0.0529441156	0.0089060273	-0.0128267152	0.045259531	0.0184076794	0.0055094445	-0.0776429338	0.0995304808	-0.1277619894	-0.1497049855	-0.0635127251	0.0295707113	0.0533616754	0.0137434948	0.0120048214	-0.0975562075	-0.045837861	-0.0867832819	-0.0742112755	-0.1024237105	0.0173718128	-0.1144731177	-0.0506475487	0.01602	0.0056618	0.0002566404	3.205597924e-05	0.0395127	0.0728434	0.00530616092356	0.0015612534612899	0.099894	-0.007626	5.815587600000012e-05	0.009978811236	-6.23395e-05	-0.0002153445	3.88621326025e-09	4.637325368025e-08	-2.02935e-05	0.0	4.1182614225000006e-10	0.0	-0.000637717	0.000266127	7.0823580129e-08	4.06682972089e-07	0.0	0.0	0.0	0.0	0.0	0.0	0.0	0.0	0.0	0.0	0.0	0.0	0.0	0.0
298.5122844278439	-0.2467734952155069	0.0608971579408778	89109.58395432997	299.7388784481	0.1250140371201951	0.0156285094770895	89843.39525332488	212.83351232597664	0.1003562062312823	0.0100713681291356	45298.10396901165	212.63953270653425	374.2866007948562	1.009455	24.381268	0.052860375	0.0305604	-0.0103479909	-0.0777424613	-0.0538544585	0.0201801643	-0.0177725261	-0.1280808842	0.0290882687	-0.0284807203	0.0331203814	-0.1563866989	0.0402537684	0.0291383489	0.0379374765	0.0925354532	-0.0305782409	-0.0175444478	-0.0215424396	-0.0522644834	0.0423934437	0.0539678826	0.0202281297	0.0247926584	-0.1007682619	0.0257578222	0.0163762495	0.126774259	0.0843688085	0.0378804776	-0.0286480941	0.0985363458	-0.0480803323	0.0062344141	0.0215397321	0.1214830825	0.0812586772	0.0729971082	-0.1453022839	0.1150293675	-0.1539696015	-0.1490119767	0.0175374109	-0.023687168	-0.0690273737	0.0170640643	-0.1323149426	-0.0400538014	-0.0370437177	-0.0333438089	0.1240301081	0.1081700281	-0.0521741021	0.0134863945	0.1560663024	0.0426442544	-0.0647285863	-0.1796391557	-0.039390316	-0.0003780893	0.0508061657	-0.0882404419	0.1002505094	0.0317429511	0.1194218619	0.0977034751	0.0228356736	0.0577096652	-0.0481062112	-0.0288190174	-0.019169217	-0.0145452153	0.0983300525	0.1158308432	0.0151538681	-0.0240157478	-0.0675755083	-0.0062115096	-0.0175358181	0.0183349654	-0.117465661	-0.0591922435	-0.0975012013	-0.1130148211	-0.1062176522	0.1074601878	0.0402777237	-0.0539550159	-0.0545643071	-0.1581181278	-0.1338313695	0.0239074671	-0.0075025984	-0.0143388747	-0.1583950967	0.0479814574	-0.0473925062	0.0783733734	-0.0575693117	-0.0776395988	-0.1444509612	-0.1707073624	0.1196780574	0.1147350691	0.0093935639	0.2110885336	-0.084917381	0.0194076786	0.0813222662	0.0853873698	-0.0879071098	-0.0192624195	-0.0628536775	0.0194710928	0.0877072197	0.0024015173	-0.0177499697	-0.0402637239	-0.0425628639	-0.0004415531	-0.0604697609	-0.0333992123	0.0104317852	-0.0384045529	0.0841866022	-0.0108539196	0.0306859287	-0.0261654472	-0.1115145736	-0.1789452895	-0.0277319938	-0.0728953517	0.0493716949	0.065654499	-0.1511109933	-0.0590925096	0.0144703095	-0.0539028266	0.0147140554	-0.1159000657	-0.043250186	0.0193941	0.0033741	0.00037613111481	1.1384550810000009e-05	0.0532372	0.0137245	0.00018836190025	0.0028341994638399	0.126903	0.0270089999999999	0.0007294860809999	0.0161043714089999	0.000112565	0.0001749044999999	1.2670879225e-08	3.059158412024999e-08	-2.02935e-05	0.0	4.1182614225000006e-10	0.0	-0.000637566	1.5099999999999229e-07	2.2800999999997672e-14	4.06490404356e-07	0.0	0.0	0.0	0.0	0.0	0.0	0.0	0.0	0.0	0.0	0.0	0.0	0.0	0.0
298.1206502311397	-0.3916341967042172	0.1533773440281574	88875.92209423753	298.57458521444585	-1.1642932336541776	1.3555787339329013	89146.78293597838	212.7221008697597	-0.1114114562169561	0.0124125125763827	45250.692198444216	212.54016881617463	372.1392608336226	1.166865	28.183157	0.064832605	0.0311567	0.1089256306	0.0740868488	-0.0220374905	0.0648097352	-0.0276737585	0.0099883717	-0.1108505349	-0.0188347986	-0.0499329559	0.0346332366	0.0017052612	0.0737161384	-0.1137182696	0.0308901572	0.0877170905	-0.0635498418	-0.0100027751	-0.0457057695	-0.0844213377	-0.0301019087	-0.1132114082	-0.0283456831	0.0230859512	-0.0002772968	-0.0173090227	-0.1028449778	-0.132309909	0.0664077633	0.0192713546	-0.0127766383	-0.0439232073	-0.0553597486	0.0859780139	-0.0543030175	-0.0773720057	-0.108876303	-0.025755632	0.0644200429	-0.1786195628	0.0494723727	0.0390932135	0.0471803022	-0.058323296	-0.0310430522	0.0690088769	-0.0285091686	-0.0096505665	0.010870171	0.1784704686	0.0584761008	-0.0995767554	-0.1379614059	-0.1276042761	-0.0281472925	-0.0610038835	-0.1106642318	-0.0141881601	-0.0056153214	-0.1060244237	-0.1817626167	-0.0589220433	-0.0376869871	0.1426090982	0.0736098549	0.0005534329	0.0350354785	0.1026499352	0.0066724996	0.1148193686	0.0140204102	-0.0410798184	-0.1037573609	-0.0558584636	0.0034100167	0.0881418663	-0.0429051115	-0.0129329132	0.0385705537	0.0096156476	-0.0666081811	0.0634961224	-0.0649959119	-0.0494971062	-0.0977273813	-0.096847094	0.0049486688	-0.1482042572	-0.0131530844	0.0228205595	0.0179367818	0.1364245616	0.0704199668	-0.0414795459	0.0192567153	-0.1206154625	0.0569809913	-0.0404236878	-0.1658832474	-0.0726389463	0.1203356579	-0.0174426938	0.0727505307	0.149372588	0.1154964969	-0.0487797242	-0.1165596541	0.0749893147	-0.034092322	0.095951752	0.0908480199	-0.1359606334	-0.0277351581	0.0157080037	0.0150895656	0.1383372799	0.0709015572	0.0483136054	0.0112218971	0.0182601567	0.0831752133	-0.0039606063	0.0467224583	-0.0966410167	0.0848135716	0.0107986981	-0.021745093	-0.009942931	-0.0649879374	-0.0477690878	-0.0111948389	-0.0299728033	0.0078005259	0.0316278073	0.0657114829	-0.074583672	-0.1102633997	0.012048889	-0.1170936064	-0.0356568892	0.026837	0.0074428999999999	0.000720224569	5.539676040999999e-05	0.0296203	-0.0236169	0.00055775796561	0.0008773621720899	0.14095	0.014047	0.000197318209	0.0198669025	-3.40266e-05	-0.0001465916	1.1578095075599996e-09	2.148909719056e-08	-0.000220637	-0.0002003435	4.8680685769000004e-08	4.013751799225e-08	-0.000685147	-4.758099999999999e-05	2.263951560999999e-09	4.69426411609e-07	0.0	0.0	0.0	0.0	0.0	0.0	0.0	0.0	0.0	0.0	0.0	0.0	0.0	0.0
298.5661813913904	0.4455311602507095	0.1984980147543434	89141.76467063662	300.6148227860656	2.040237571619741	4.162569348648819	90369.27167869762	212.91097931317407	0.1888784434144383	0.0356750663866612	45331.08511209486	212.7142032497613	369.83524161651326	1.167711	28.203585	0.09137048	0.0573658	-0.0866863166	0.0466538675	0.0240663196	0.0113803012	-0.0385912202	0.110338195	0.0507851688	-0.0008350609	-0.000703508	-0.0600858686	-0.0286600518	-0.0619407268	0.0806447521	-0.0014910323	0.0198943533	0.0232275561	0.0654223712	0.0936347482	-0.0044437818	0.0697855363	-0.0210756038	-0.0689720232	0.0431490193	-0.0456171427	-0.0180022085	0.1090178112	0.0606053844	0.0006881363	0.1239850014	0.0801201588	0.0599181697	-0.0303616081	-0.1465953369	0.0243909286	-0.016316209	-0.0710180398	-0.0966812547	0.0241959014	0.1256001178	0.0413237451	0.0213744328	0.0220623563	-0.0871834911	-0.114393643	0.1179623175	0.0197299624	0.1211577212	-0.00114434	-0.0532892814	0.0765377758	0.0699517875	0.0349329997	-0.1410798303	-0.053508711	-0.0157034197	-0.1175184697	0.0784643882	0.064362115	0.0634019745	-0.1129534498	-0.0131140141	-0.0454293077	-0.0439617821	-0.2126748867	-0.0089346851	-0.0944597017	-0.027937259	-0.0623732918	0.0249887934	0.0555370148	-0.0352694976	0.0894341822	0.0939543481	-0.036959162	-0.0284986281	-0.0329490219	0.1110089228	-0.0603013592	-0.0067511632	-0.0373582364	-0.1771397271	0.0139999762	0.0955912019	-0.0391031568	-0.0072174297	0.1072035605	-0.0144391788	0.0497652217	-0.0265523632	0.0444928575	0.0290142853	0.0845660673	-0.0202218511	-0.1233187412	0.0094269683	0.0417190036	0.0930233451	0.0080637063	0.100345126	0.0319323714	-0.157689323	0.0062876253	0.0922887013	0.0684547125	-0.0734768642	-0.0070156124	0.0368217071	-0.092699041	-0.0385236295	-0.0378088995	0.0847260623	0.0451384119	-0.0513551345	-0.0964318408	-0.0316142773	0.0200540649	0.0864753032	0.0004608166	-0.0480829133	-0.0194974081	-0.052444256	0.0776917362	0.0813540089	0.0716917806	0.0599093139	0.0143424209	0.0360747657	-0.0653427259	-0.0244339694	-0.0420483896	0.0488763509	0.0499246297	-0.1044218881	0.0661199792	-0.0730663672	-0.1218708662	0.0093776556	-0.1180513362	-0.0279020578	0.0377424	0.0109054	0.00142448875776	0.00011892774916	0.0341846	0.0045643	2.0832834490000037e-05	0.00116858687716	0.0892393999999999	-0.0517106	0.00267398615236	0.0079636705123599	0.000237563	0.0002715895999999	5.6436178969e-08	7.376091082815998e-08	-0.000196597	2.404000000000002e-05	3.8650380409e-08	5.77921600000001e-10	-0.000496973	0.000188174	3.5409454276000023e-08	2.469821627289999e-07	0.0	0.0	0.0	0.0	0.0	0.0	0.0	0.0	0.0	0.0	0.0	0.0	0.0	0.0
298.1931769910917	-0.3730044002986687	0.1391322826421695	88919.17080404055	298.1981342581254	-2.416688527940209	5.840383441077817	88922.12727502697	212.5891564418416	-0.3218228713325288	0.1035699605127134	45194.1494366538	212.3383640067522	376.3479226822286	1.158709	27.986183	0.1917292449999999	0.106937	0.0208955307	-0.1087977873	-0.0180204121	0.0591134657	-0.0457333298	-0.1105642002	0.0267238037	-0.0057537387	-0.0538086983	0.0774213127	0.0282169858	0.0566580496	-0.1015337592	-0.0461884545	0.0730707814	-0.0055835164	0.012343547	-0.140304876	0.0023320134	0.0411281491	-0.0083139853	0.0225525167	0.0151632773	-0.0438332347	-0.0003423348	0.0506405302	-0.101686198	0.051471015	-0.0941566273	-0.034695144	-0.0124804892	-0.0275755049	0.010427916	0.0458069877	-0.0091956373	0.0652105364	-0.0597493352	-0.1564324263	-0.1004044092	0.1581510718	-0.0101776493	0.0305736354	0.0569561036	-0.0667902627	0.0648778587	0.1691152433	-0.0835651301	0.0027553375	-0.0789424105	0.036894703	-0.1082967506	0.0108031036	0.0940155676	-0.0037036269	0.1207247207	-0.0222208365	-0.0552888203	0.0459491751	-0.0537661403	0.0570875403	0.0230188501	-0.0922262253	-0.0222260275	-0.062775141	0.0393306621	0.1344983271	0.0055800628	-0.0320644256	0.012838471	-0.01560549	-0.019128626	-0.0011542562	0.0194416038	0.0080083407	0.0761268556	-0.0663585051	-0.0987330975	-0.0007633747	0.0235333648	-0.0421504209	-0.0266406812	-0.0353250625	-0.1511880732	0.0435375199	-0.0874830634	-0.1291819705	0.0511537397	0.1475461051	0.0925344943	-0.0052096285	0.0276604617	-0.0313582538	0.0967079324	-0.1792119178	-0.0294875859	-0.098524471	0.0054696426	0.0735248607	-0.1182273447	-0.0572089751	0.0337573302	-0.019475591	-0.0315390028	0.028100587	0.0215171303	-0.1160039616	0.0242405291	0.0031041072	0.0608713217	-0.0500675319	0.0747126469	0.0720044468	0.1364936419	0.0345814369	-0.0061666404	-0.018731284	0.0363985736	-0.0308689118	0.0321125916	0.0317922853	0.052121676	0.0426990302	-0.0155254184	0.109195974	0.0171386186	-0.0630297483	-0.1364812623	0.0547381664	0.0168677403	0.0196249455	0.0625521478	-0.1136936494	-0.1048317244	-0.076137307	0.0128210516	0.0393503047	0.0067017003	-0.1187713263	-0.020020823	0.0270106	-0.0107318	0.00072957251236	0.00011517153124	0.115172	0.0809873999999999	0.0065589589587599	0.013264589584	0.133992	0.0447526000000001	0.00200279520676	0.017953856064	-0.000580005	-0.000817568	3.36405800025e-07	6.684174346239999e-07	-8.42171e-05	0.0001123798999999	7.09251993241e-09	1.2629241924009995e-08	-0.000672174	-0.000175201	3.0695390401000025e-08	4.51817886276e-07	0.0	0.0	0.0	0.0	0.0	0.0	0.0	0.0	0.0	0.0	0.0	0.0	0.0	0.0
298.88581437291333	0.692637381821612	0.4797465426966976	89332.7300333596	299.19128318134744	0.9931489232220656	0.9863447836971484	89515.42393170124	212.8324363159	0.2432798740584019	0.0591850971218718	45297.645948161626	212.6142900285795	374.9670536301137	1.189153	28.721489	0.14210345	0.0990124	0.0559715924	0.0823661171	0.0258792775	0.0488938134	-0.0157599841	0.0806124735	-0.1038598245	0.0034055348	-0.0617371116	-0.0086533745	0.0065713947	-0.0592620565	0.065974589	-0.0962518858	0.0474898596	0.0270487319	-0.0663216775	0.0548662573	-0.0967400187	-0.0390127542	-0.1116434054	0.0483043595	-0.0008628601	-0.0116096025	0.0918911644	-0.0015522656	0.083590056	0.0074273924	0.0426528472	0.0648708765	0.0999775819	0.1284157973	-0.0090873251	0.1293885484	-0.0798403694	-0.0424064847	-0.0732692448	-0.1052039985	0.0189148896	0.0483436973	-0.0595670081	-0.109973097	-0.0422365682	0.1787109935	0.0886713339	0.1333099973	-0.0235685311	-0.0551567892	-0.001615099	-0.0363997414	-0.022710722	0.0995860764	0.0954158647	0.0532923682	0.0055370039	-0.0148713281	0.1082154039	0.0158725377	-0.0291242566	-0.0371492409	0.1592033171	-0.1736786103	-0.0230374174	0.0619123249	-0.0529597119	-0.0778085127	0.1075896061	0.0006525505	0.0949636923	-0.0495892436	0.0012641586	0.0318233687	0.003925601	0.1052432979	-0.0850626308	-0.0041928526	0.0321315249	-0.0918616364	-0.0242573326	0.1155060937	-0.1689722538	-0.1219692228	0.0541798454	0.0549075761	-0.0457212116	0.0229090881	0.097987687	-0.0302622414	0.0323175115	0.0435272706	0.188969995	-0.1032119127	0.1359988072	-0.0592038004	0.0701176093	-0.0199308383	-0.0778452138	-0.0178073606	0.0209091315	-0.1310427727	0.0391604789	0.058938955	-0.0341018394	0.001860622	-0.111539393	-0.0161516818	0.047419124	0.1349726115	0.0606605375	-0.0817840434	0.1370008719	-0.0332672355	-0.0458123515	-0.0046635907	0.1121924269	0.0459795468	-0.0170111991	0.0360440886	-0.0430087388	-0.0800862354	0.0017487523	0.0789736761	-0.0278556827	0.0047913219	0.0456705825	0.0060562735	-0.0263322466	-0.0218782059	0.0351636634	-0.0766738895	0.0764596278	-0.0214976021	-0.2232667815	-0.0706989482	0.0561415664	0.0394692062	0.0040223704	-0.1192521267	-0.012048889	0.0267667	-0.0002438999999999	0.00071645622889	5.948720999999916e-08	0.0270716	-0.0881004	0.0077616804801599	0.00073287152656	0.113689	-0.020303	0.000412211809	0.012925188721	4.85791e-05	0.0006285841	2.3599289568099995e-09	3.9511797077281e-07	-0.00010113	-1.69129e-05	1.02272769e-08	2.8604618640999995e-10	-0.0006958	-2.3626000000000007e-05	5.581878760000002e-10	4.8413764e-07	0.0	0.0	0.0	0.0	0.0	0.0	0.0	0.0	0.0	0.0	0.0	0.0	0.0	0.0
299.86495912474487	0.9791447518315408	0.9587244450392496	89918.99371088491	300.9772313262843	1.7859481449368673	3.1896107764034376	90587.29377683566	213.1020238288095	0.26958751290951	0.0726774271167352	45412.4725599345	212.9039971063304	379.7002848924421	1.080134	26.088348	0.057804395	0.0338976	-0.0689485307	0.0371144016	0.1386745793	0.0155644452	-0.0282805437	0.1007641655	0.0622135388	-0.0547208781	-0.003370531	-0.0315437663	0.0507947591	-0.0544191269	-0.1060645745	-0.0336028148	0.1694649118	0.0140265946	-0.0162627098	0.0971843557	-0.0267130244	0.0126443103	-0.0270038852	0.0335101821	0.0330821492	-0.0865743246	0.1786923066	-0.1300615333	-0.0356601849	0.0788887767	0.1192767737	0.0233814473	0.0819403678	0.0099572459	-0.0454790657	0.0168299195	0.0252229552	0.0086934373	0.0181628484	-0.2299256361	0.0284735393	-0.1426700955	0.2064569516	0.001555464	-0.0392759667	0.0498525177	-0.0441374618	0.0586295231	0.0330794353	-0.0277574405	0.0641835307	-0.0751416149	-0.0204260459	-0.1176346786	-0.0146248539	-0.0805827244	0.0433972095	0.0470484762	0.0166080012	-0.0335240186	-0.1910167769	0.0159901339	-0.0437701387	-0.0217292101	-0.0892967522	0.0242357205	0.1105212447	-0.1009013831	0.013032547	-0.0359113213	0.0213007414	-0.0285696014	-0.0431056177	-0.1095476977	-0.0389677865	0.2252602671	-0.0076838773	-0.0753451383	0.1266288028	-0.0239481762	-0.025634504	-0.0050129537	-0.0315885049	0.0590578509	0.0026575486	0.0079921416	0.0196444638	-0.0630718536	0.1885118989	0.0108468514	-0.1619876758	-0.2164840259	0.093179764	0.014408012	-0.0196081822	-0.0536251075	0.0259187341	0.0287132347	-0.0548492303	-0.0690377302	0.0267146686	0.0930877654	0.0809070361	-0.0833225002	0.0684545166	-0.0572739588	0.0338139687	-0.1384097042	-0.0161530261	-0.0131798287	0.0953765114	0.1023428195	0.0237852281	0.1419998472	-0.0764857338	-0.0705593544	-0.0398045667	0.0220969903	0.0534380715	-0.0088482904	-0.0133392082	0.0661044174	0.0279785655	-0.0422299912	-0.1093912086	-0.0172195883	0.1052598725	0.0183228954	0.103405403	-0.0440552325	0.0203511084	0.0147609756	0.1009212276	-0.0261019541	-0.0811043885	-0.0272943593	-0.0711135162	-0.0884321189	0.0013410152	-0.1194927693	-0.0040223704	0.0269544	0.0001876999999999	0.00072653967936	3.5231289999999616e-08	0.053025	0.0259534	0.00067357897156	0.002811650625	0.0929289	-0.0207601	0.00043098175201	0.0086357804552099	0.000153417	0.0001048379	2.3536775889000004e-08	1.0990985276410004e-08	-0.000182549	-8.1419e-05	3.3324137401000004e-08	6.629053561e-09	-0.000727607	-3.1807000000000016e-05	1.011685249000001e-09	5.29411946449e-07	0.0	0.0	0.0	0.0	0.0	0.0	0.0	0.0	0.0	0.0	0.0	0.0	0.0	0.0
299.4571819367504	-0.4077771879944976	0.1662822350486998	89674.60381350001	300.91987139907064	-0.0573599272136675	0.0032901612499572	90552.7690028332	213.2906661229325	0.1886422941229852	0.0355859151319828	45492.90825516426	213.07958865128745	377.9813682882422	0.969943	23.426916	0.0824987	0.0426056	-0.0967882418	-0.040109491	0.0811329153	0.0731813747	-0.0708839499	0.006116699	0.0881062717	-0.0823297157	0.0249656715	-0.0930742656	-0.0293158957	-0.0180993955	-0.0806306161	-0.126119542	-0.1454647092	-0.0193850634	0.0009290168	0.033068392	0.1340203724	0.1045462096	-0.0425073548	0.005207873	0.0470755379	-0.0712016817	-0.0093399391	-0.014961934	0.0306249071	0.048065146	0.0074441615	0.1065225326	-0.0342922425	0.1196043791	0.0601298091	0.12002328	0.0137872123	-0.0695696205	0.0108822931	0.0622048922	-0.0486557944	0.0788285287	0.1763165424	-0.0236429105	0.0904863432	0.0881815861	0.1703609727	-0.1176213249	0.007168684	-0.0705927444	0.061286111	-0.037507427	-0.0173868189	0.0463838439	0.0604949631	0.1051829367	-0.1876922745	0.1008532609	0.0193211927	-0.0496182215	-0.1323421114	-0.0864448245	-0.1035138001	0.1192235903	-0.032999199	-0.070170232	0.0409265109	-0.0083062872	-0.1597238134	-0.0487420908	0.0459450498	-0.011269965	-0.0425064932	-0.0281603873	0.0564430055	0.0259439756	-0.0011791816	-0.0487741071	0.0505237079	-0.0352411149	-0.070404332	0.003804173	-0.0327823045	-0.1665073277	0.0792311192	0.0888186886	0.0803385226	0.1010581778	-0.1177203841	0.0579657794	0.0094564417	-0.1397293457	0.1078976614	0.0489175965	0.1689044947	0.0915187725	-0.0736720577	0.1224457401	-0.0180669774	-0.0183897595	-0.0396679107	-0.035622787	0.1484265936	0.1635937297	0.0147598998	-0.1581030539	0.0132029204	0.0023910587	0.0039226939	-0.0043085806	0.0009467792	0.1718515947	-0.0452547686	-0.020607617	0.0376029451	-0.0847693041	-0.0722722587	-0.0054425063	0.1041472457	-0.0323473354	-0.1370731943	-0.0340981257	-0.0008939844	0.0280380457	0.0545812877	0.0181672229	0.0094088167	0.0517628776	0.0528156557	0.0070590599	-0.0126163764	0.0323405678	0.1003520629	0.0034949562	-0.113920375	0.1014989496	-0.1100204024	-0.1442780725	-0.0013410152	-0.1194927693	0.0040223704	0.0340508	0.0070963999999999	0.0011594569806399	5.035889295999999e-05	0.0715184	0.0184933999999999	0.0003420058435599	0.0051148815385599	0.120035	0.0271061	0.00073474065721	0.014408401225	-0.000237614	-0.000391031	5.6460412996e-08	1.5290524296100002e-07	-0.000215994	-3.3445e-05	4.6653408036000004e-08	1.1185680250000002e-09	-0.000556027	0.00017158	2.9439696400000023e-08	3.09166024729e-07	0.0	0.0	0.0	0.0	0.0	0.0	0.0	0.0	0.0	0.0	0.0	0.0	0.0	0.0
298.5429857048488	-0.9141962319015988	0.8357547504230819	89127.91431356555	299.6309718626964	-1.288899536374231	1.6612620148657078	89778.71929938397	213.02713819191447	-0.2635279310180181	0.0694469704266372	45380.56160623703	212.846781215372	376.2379271176725	1.158763	27.987473	0.0470144499999999	0.0295003	0.0835736293	-0.0748416556	-0.0009377237	0.1246980909	-0.0547625819	-0.096026528	-0.0424030661	-0.0707493201	-0.0242833407	-0.0042568975	0.0585789056	-0.0168407424	-0.0693725925	-0.0269513523	0.0536706261	-0.0586622715	-0.0429562034	-0.0883266054	0.0717567203	0.009440173	-0.1172688259	-0.0912939405	0.1964560477	-0.0235072794	-0.0483105454	-0.1072082011	-0.0572884442	0.0248286396	-0.0070932146	0.0225798815	-0.0379003934	0.0327482941	0.0819926522	-0.1222279896	0.0734319487	-0.0806887613	-0.0449348815	0.0659588976	-0.0599237239	0.0350508362	0.1163849622	0.1328452463	0.0269446488	0.0351461605	-0.0414119601	-0.0112227319	-0.0732602142	-0.03213178	0.0976549621	0.0058216358	0.0496525155	0.0542302181	0.0491815316	-0.0052729055	0.0737097888	-0.1548673839	0.0087019403	-0.0858994745	0.0541787991	0.010639813	-0.0640175045	0.0780518796	0.0851819778	-0.0809431538	-0.0745525819	0.0981268411	-0.0476115159	0.0253669224	0.1211785856	0.0662720023	-0.2007298757	-0.1142709255	0.0314632766	-0.0254607229	0.0292494739	-0.0356044832	-0.0483393928	0.0116864428	-0.0211357035	-0.0062363446	-0.000812688	-0.0626182088	-0.0764592354	-0.1426205713	0.0914135968	0.0151730389	-0.1186690528	0.0288425219	0.0755908186	-0.1438903954	0.0230503036	0.0207702432	-0.0511370667	0.030259241	0.00815816	0.0130579687	-0.0941268177	-0.064109101	-0.0290229201	-0.0619638663	-0.0407911067	-0.0368207933	-0.1025824726	0.1232184745	-0.0290090053	0.0291426834	-0.052340073	0.0292322097	-0.0370120221	0.0457678265	-0.1314023497	-0.0943573301	0.1209084424	0.0414506818	0.0362911282	0.0787164162	0.1824677207	0.0082512311	0.0051209968	0.1400609368	0.016505475	0.0498975099	0.0720544077	-0.0125798729	0.0324098774	-0.0258189358	-0.0142933827	-0.0440996728	-0.033773981	0.0202899196	-0.0623798839	-0.0241350064	-0.0369496191	0.0619151447	-0.1057085759	-0.0021409728	-0.0040223704	-0.1192521267	0.012048889	0.0377682	0.0037174	0.00142643693124	1.381906276000002e-05	0.0819368999999999	0.0104184999999999	0.0001085451422499	0.0067136555816099	0.146887	0.0268519999999999	0.0007210299039999	0.0215757907689999	-0.000237614	0.0	5.6460412996e-08	0.0	-0.000277471	-6.1477e-05	7.6990155841e-08	3.779421528999999e-09	-0.000496973	5.905400000000001e-05	3.4873749160000004e-09	2.469821627289999e-07	0.0	0.0	0.0	0.0	0.0	0.0	0.0	0.0	0.0	0.0	0.0	0.0	0.0	0.0
298.57544125478233	0.0324555499335588	0.0010533627214897	89147.29412048798	299.59507098801527	-0.0359008746811468	0.0012888728028714	89757.2065603139	212.9916981391333	-0.0354400527811833	0.001255997341133	45365.46347619168	212.77711868951488	367.2695977501701	1.211803	29.268557	0.0893723999999999	0.0577161	-0.0152972262	0.1360146593	0.0327997005	0.07438059	-0.0700893986	0.1060058303	-0.0585292946	-0.0436855266	-0.0207110552	-0.0813222997	-0.0151468299	0.0030179511	0.0481390079	0.0588181349	0.0182991036	0.0206338956	0.0317366033	0.1062637375	-0.040641593	-0.0015088154	-0.0677132507	-0.1018947459	0.2217749654	-0.0556316772	-0.0251652999	0.0705094751	0.0077172133	0.0897837549	0.0065838644	-0.0260003501	-0.1469429604	0.0228077539	0.0169164507	-0.0577834302	-0.0421576185	0.0903663769	0.0063505333	0.019463246	0.0684664579	-0.0055057646	0.0657144524	-0.0062041022	-0.1389610317	0.0847784408	-0.0712869325	0.0325679704	-0.0151991518	-0.286191681	-0.0082948637	0.0547602243	-0.079399666	0.0662185354	-0.1530920617	-0.0663153293	-0.0311138036	-0.0702566839	-0.0045003511	0.0763173956	-0.0172408205	0.0114474026	0.0235517401	0.030198943	0.0800264251	0.0121029291	0.1059073277	-0.1128702597	0.028720047	-0.0007228015	0.066070513	0.0596919314	-0.2166462655	0.06213285	0.1159971873	-0.0454637351	-0.0095686165	-0.0756035344	-0.0023313086	0.1344000264	-0.0070845166	-0.0450585891	0.0108536697	-0.0055747894	-0.0584169128	-0.0008840296	0.009888591	0.1321118672	-0.0098615004	-0.0104928528	-0.0350251622	-0.0135203947	0.0695648951	0.0282169261	-0.0101777233	-0.0106257643	0.237824555	0.0455557761	-0.206979312	0.0533660771	-0.0157627607	0.0034079126	-0.0994051146	0.0404931037	0.1275503413	0.0258480792	-0.0667758378	-0.0327393321	-0.0657488975	-0.0586476848	-0.055107096	-0.052191225	-0.0563234504	-0.0058723975	-0.0755624199	-0.0886068959	0.0647137113	0.103007642	0.1920884582	0.0164844211	-0.0119774255	-0.0028402509	-0.0995504687	0.0384783431	0.1892925761	-0.0084824336	0.0497833672	-0.0339228644	0.0282329558	0.0568952113	-0.0334791431	-0.030118214	0.0380031485	-0.0227005655	-0.0301420308	0.125149236	-0.0248656011	0.0551845985	-0.0067017003	-0.1187713263	0.020020823	0.0377531	-1.5100000000004e-05	0.0014252965596099	2.280100000001208e-10	0.0352691	-0.0466677999999999	0.0021778835568399	0.0012439094148099	0.116711	-0.0301759999999999	0.0009105909759999	0.0136214575209999	-4.3207e-05	0.000194407	1.8668448490000003e-09	3.7794081649e-08	-0.000333334	-5.586300000000002e-05	1.11111555556e-07	3.120674769000002e-09	-0.000496973	0.0	0.0	2.469821627289999e-07	0.0	0.0	0.0	0.0	0.0	0.0	0.0	0.0	0.0	0.0	0.0	0.0	0.0	0.0
298.6375308736981	0.0620896189157633	0.0038551207771047	89184.37484633898	299.1685569551927	-0.4265140328225811	0.1819142201945818	89501.82547065237	212.69947975837616	-0.2922183807571343	0.0853915820523215	45241.068689483865	212.508585145492	372.4488987972463	1.015154	24.518908	0.06470945	0.0376035	-0.0884187525	-0.0072332566	0.040770542	0.0497511106	-0.0688557871	0.0255662167	0.0877095878	0.0057986826	-0.0278898112	0.0059507639	0.114058227	0.0279689206	-0.0478335043	0.0240943547	0.1622723811	0.008664554	0.0350906251	0.0386972121	-0.057774909	0.0956395905	0.065751881	-0.0741271211	0.1233941359	-0.0177724891	-0.0453309524	-0.1029808108	-0.0084493158	0.0550609972	-0.0849430063	-0.1170103363	-0.1421817101	-0.0269986308	-0.0574394464	0.0630530818	0.1039120132	0.0175729683	0.0890558288	-0.0560453073	-0.1417920514	-0.0976347243	-0.0357513633	0.2171970075	0.0089195308	-0.0260729498	-0.0548512924	0.0004392477	0.0436876825	-0.0152330933	-0.0653763781	-0.0731610584	0.0624947631	-0.0840980654	-0.0066862142	0.0024534679	-0.1538776367	-0.0289240256	0.0481205198	-0.0434587781	0.1204400575	0.002057448	-0.1157745598	-0.096803779	0.0648709068	-0.0398614134	-0.0123619383	-0.0387001698	0.009416988	-0.107102728	-0.0632355784	0.0597062214	-0.1429267582	-0.1026556559	0.0175389866	-0.027704733	-0.0034962921	-0.0308341671	-0.1238763377	0.1658991741	0.0579741762	-0.0540257467	0.0091899143	0.0112314558	-0.0071308986	0.0965912044	0.0583254522	-0.1699708477	0.0113677126	-0.0262103109	0.1252818663	-0.0852358831	-0.0282574155	0.0525940774	-0.1911438423	-0.0033023025	0.0128524165	0.0276625611	0.0128092212	0.0466448644	0.1099372763	0.0992861895	0.0862852139	0.0202417468	0.0803880771	0.0186665353	-0.0389111561	0.1732305806	-0.0177173143	-0.0045613559	0.0878986319	0.0306410286	-0.0335008172	-0.0133454387	-0.0090149682	-0.0883107027	-0.0708074037	0.0396750975	0.1713512773	0.0042573811	0.0703289098	0.1501622289	0.0037921374	-0.0047503514	0.052253487	-0.0271420997	0.0211500487	-0.018425912	-0.0032818225	-0.0696838196	-0.1155810141	0.0470887177	-0.0244698999	-0.025584773	-0.0247179352	0.0381056031	0.034530538	0.0082563476	-0.0093776556	-0.1180513362	0.0279020578	0.0283022	-0.0094508999999999	0.00080101452484	8.931951080999996e-05	0.0682243	0.0329552	0.00108604520704	0.00465455511049	0.123962	0.007251	5.2577001000000106e-05	0.015366577444	-0.000237614	-0.000194407	5.6460412996e-08	3.7794081649e-08	-0.000377878	-4.454399999999999e-05	1.42791782884e-07	1.9841679359999987e-09	-0.000559069	-6.209600000000009e-05	3.855913216000011e-09	3.125581467610001e-07	0.0	0.0	0.0	0.0	0.0	0.0	0.0	0.0	0.0	0.0	0.0	0.0	0.0	0.0
298.97572951769104	0.3381986439929392	0.1143783227986628	89386.48684063555	300.11896421094485	0.950407255752168	0.903273951786367	90071.39267905039	212.8214849350366	0.1220051766604513	0.0148852631319479	45292.98444995401	212.6577617726585	372.2602105484502	0.890042	21.497097	0.0375322	0.0188858	-0.0612405987	-0.0563732078	0.0095073768	0.1180852701	-0.1010305074	-0.0619560464	0.0337317697	-0.0362996791	-0.029592727	-0.0733208	-0.0662012826	0.0071985854	0.0166678147	0.0089386028	0.0406054331	0.0822725438	0.0789703444	-0.0727017919	0.0306531314	0.0990854678	0.0152624293	-0.0710386924	0.1650230042	-0.04726579	0.0308325938	0.0957693319	0.0995760679	-0.0270537792	0.0499030551	-0.0117096945	-0.1383011582	-0.0067066155	-0.064089962	0.1151237276	0.149603317	0.0547318925	0.0078009912	-0.0292850519	0.1736472218	-0.0346341325	0.0517086059	0.1013200907	-0.0015223768	-0.1825331914	0.0480781086	0.0262006573	-0.0510015481	0.1006335156	-0.0364569469	0.0445623363	0.0929539992	0.1532547749	-0.0766511187	0.0764372025	-0.0214827405	-0.0382123974	0.0078621527	-0.030325423	0.0516916139	0.0830671355	0.0536856893	0.0017067609	-0.131359828	-0.0766862786	0.0732048226	0.0806964661	-0.0493904133	-0.0683414927	-0.0135909905	0.0530937421	-0.1643572967	0.1188637605	0.0973967842	-0.0186351229	-0.073660317	-0.0116771747	0.071158396	0.0858977322	0.0289737667	-0.0857472257	-0.0405594105	-0.0096157473	0.0785983663	0.1083968375	0.1703541436	0.0284352869	0.0955935484	0.1208911623	-0.0016950493	-0.0418733361	-0.1424157502	0.0745201303	-0.1010344526	-0.1000074353	-0.1008485066	-0.0627316052	0.0453002533	0.0534030601	0.0529568076	-0.0419054344	-0.1421452243	0.123783518	-0.0589751303	0.0086895433	-0.0182159425	0.0374678624	-0.0425502345	0.0642582481	-0.0820901626	0.0263716737	0.1029773371	0.1245291878	0.0827589662	-0.0423978322	-0.0503230693	0.0310985468	0.1810000189	-0.0083971712	-0.0772301806	0.0034019799	-0.0936254762	-0.0023850044	0.1832189859	-0.0064417763	-0.0311465545	-0.0673381972	0.0757883384	0.0284506484	-0.0777866925	-0.0077977387	0.0457138145	-0.002453287	-0.0965504251	0.0525558533	0.0333287249	-0.0017247272	-0.012048889	-0.1170936064	0.0356568892	0.0377462	0.009444	0.00142477561444	8.918913600000001e-05	0.0627987	-0.0054256	2.943713536000003e-05	0.0039436767216899	0.137766	0.0138039999999999	0.0001905504159999	0.018979470756	-0.000237614	0.0	5.6460412996e-08	0.0	-0.000457544	-7.966599999999999e-05	2.09346511936e-07	6.3466715559999985e-09	-0.000461563	9.750600000000002e-05	9.507420036000006e-09	2.13040402969e-07	0.0	0.0	0.0	0.0	0.0	0.0	0.0	0.0	0.0	0.0	0.0	0.0	0.0	0.0
298.7784301811652	-0.1972993365258162	0.0389270281935272	89268.55034152142	299.191186137139	-0.9277780738058254	0.8607721542348477	89515.36586214817	212.8072121708144	-0.0142727642221984	0.0002037117985424	45286.90955191402	212.58416467710984	376.3782332101193	1.156741	27.938631	0.053761485	0.0340396	0.1249062642	0.0230122492	0.046029642	0.1356587863	-0.0999843222	-0.0069815107	-0.1408217615	-0.0947835586	-0.0184187818	0.0276799903	0.1126434523	0.0057865347	-0.0721373293	-0.0800095546	0.0609749431	-0.0472006832	0.0897800479	-0.0171053157	-0.0526132324	-0.036161607	-0.1028159274	-0.0840559093	0.1409404163	0.0665951755	-0.0661901415	-0.1519959782	0.0694661583	0.1130235189	0.0230831693	-0.1008065792	-0.115027015	0.0497490407	-0.0021808693	0.0247330386	-0.0221172164	0.0654229384	-0.002210218	0.0822743115	0.0329231943	0.0298597142	-0.0765348378	0.1250996581	-0.116189885	-0.1384446924	-0.0009845673	-0.038981564	-0.0497682071	0.0389125665	-0.1041908087	-0.1037114771	-0.1262173616	-0.088669391	0.00266876	-0.0834566268	0.2029417371	-0.0662995807	0.0042972444	0.041529619	-0.0447878073	0.0293851397	-0.0686161944	0.0289777662	-0.0580332294	0.0700766249	-0.0548320137	0.0084111935	0.0735447206	0.0221844626	0.1013284621	0.0518888855	-0.1468374848	-0.1474516234	-0.0143644747	-0.0687561147	-0.1108844065	-0.0519501788	-0.0078824333	0.1747923123	0.0287246206	0.0113364794	0.0059402383	-0.0287220275	-0.0356858124	0.0509444368	-0.018215473	0.0408968571	-0.027504203	0.0197078184	0.0440290232	0.0982070534	-0.0590011364	0.1285848266	-0.097113434	-0.0145446297	0.0750714738	-0.1841535921	0.0266722182	0.0013587313	-0.0361833475	0.1126278506	0.0135760345	-0.1645713119	-0.0489563756	0.0726182661	0.0645814233	-0.1238789995	-0.0679266702	-0.0624162559	-0.0462579634	0.0679356915	0.1059670021	0.0032069426	0.0081130971	0.0412970004	0.0949884754	0.1144777421	0.1670678074	0.0612865066	0.0220727312	0.158351328	0.0584306092	0.031151178	0.0851129602	-0.083353729	0.0004775719	0.0671482631	-0.0251333714	-0.0573774945	-0.1460133883	0.0764274345	-0.0196471077	-0.0152475977	-0.0437966293	-0.0126472346	0.018126889	-0.022522583	-0.0147140554	-0.1159000657	0.043250186	0.0377493	3.099999999998937e-06	0.00142500965049	9.60999999999341e-12	0.0325286	-0.0302701	0.00091627895401	0.0010581098179599	0.134768	-0.002998	8.988004000000004e-06	0.018162413824	-6.48293e-05	0.0001727847	4.202838138490001e-09	2.9854552554090005e-08	-0.000264576	0.000192968	7.0000459776e-08	3.7236649024000005e-08	-0.000505616	-4.405299999999995e-05	1.940666808999996e-09	2.55647539456e-07	0.0	0.0	0.0	0.0	0.0	0.0	0.0	0.0	0.0	0.0	0.0	0.0	0.0	0.0
298.7596261093564	-0.0188040718088018	0.0003535931165905	89257.31419300244	300.0662047096446	0.875018572505553	0.7656575022296558	90039.72720885032	213.15065252311047	0.3434403522960565	0.1179512755852394	45433.20067102778	212.92599021630693	366.2533077712322	1.421754	34.339474	0.050505235	0.0249182	-0.1391386011	0.1285467714	0.0251110715	0.0748987907	-0.0460399665	0.1113127389	0.0457585608	-0.035035112	-0.0279790813	-0.0553856524	-0.1547676616	-0.0175532137	0.0729297146	0.0365751415	0.0644975927	0.0775958896	0.019423649	0.1371924015	0.010355311	0.05839893	-0.0717001921	-0.0648646746	0.0397597182	-0.0530227695	-0.0202728087	0.1333398402	-0.0402012621	-0.0040567894	-0.0567512176	-0.0064117113	0.0006080496	-0.0059755409	-0.1123080375	0.0902279934	0.1247777588	0.0819350797	-0.0165331784	0.0802264301	0.1243706353	-0.0456336282	-0.0537332974	-0.1972350718	-0.1477537016	-0.062342679	-0.0854429447	0.0322645784	0.0157237228	-0.0089993995	-0.1069457965	-0.0081368564	0.0789433243	0.0270178454	-0.0446749412	0.1209871782	-0.102012337	0.1933241917	-0.0286101746	-0.0080547681	-0.017469295	-0.0949129958	-0.0440616544	-0.0340213145	0.1307756952	0.0946468849	0.100099426	-0.1282993617	-0.0499897932	-0.044751971	0.0704869439	0.0470102523	-0.0541376132	0.1492706309	0.0499937695	-0.0406381761	0.0761833506	-0.0307940521	-0.0337189369	0.0047532918	0.0235499578	-0.016705671	-0.0637153247	0.0682411916	0.0687795195	0.0633136799	0.116729667	0.0519864861	0.0147950035	0.0050154387	-0.2468445339	0.1786341274	-0.087226929	-0.0351055233	-0.0409253357	-0.028868045	0.0197068047	-0.0173791894	0.0433548501	0.1490666438	0.0850012774	-0.0281914821	0.0106017819	0.1050587718	0.0220816294	-0.1472547432	0.0236044877	0.058752858	0.0995924706	-0.0725607204	0.1030796939	0.0806622888	-0.0768244996	-0.0105395574	-0.0769964914	-0.1534960563	-0.0282678002	0.0629832731	0.1276508914	-0.0151605328	-0.0752835157	-0.0428597595	-0.1241733838	0.0723122264	0.0669757301	-0.0107482297	-0.0246684706	-0.1159282708	0.0220745108	0.054135881	-0.0736538771	-0.0622192868	-0.0032230721	0.0410871505	0.0285025569	0.1543610428	0.0252019001	-0.0406511565	-0.0173718128	-0.1144731177	0.0506475487	0.0377741	2.4799999999998434e-05	0.00142688263081	6.150399999999222e-10	0.0403321	0.0078035	6.089461225000008e-05	0.00162667829041	0.114416	-0.0203519999999999	0.0004142039039999	0.013091021056	-0.000237614	-0.0001727847	5.6460412996e-08	2.9854552554090005e-08	-0.000457544	-0.000192968	2.09346511936e-07	3.7236649024000005e-08	-0.000586362	-8.074600000000003e-05	6.5199165160000045e-09	3.43820395044e-07	0.0	0.0	0.0	0.0	0.0	0.0	0.0	0.0	0.0	0.0	0.0	0.0	0.0	0.0
298.31983068141534	-0.4397954279410783	0.1934200184378761	88994.72137778832	299.4098273047918	-0.6563774048527762	0.4308312976012652	89646.24468668526	212.83825708627216	-0.312395436838301	0.0975909089573929	45300.12367952208	212.6450942187346	375.4311725866848	1.496277	36.139423	0.1100978499999999	0.0708038	-0.0477988876	-0.1412013601	-0.0126257946	0.0384003742	-0.0224110474	-0.1103305653	0.0677447455	-0.006891974	-0.0132206855	-0.0545584948	0.190728669	-0.0850368197	-0.0432136655	0.0010704267	0.025736844	0.0215883509	0.0755341869	-0.0929595979	0.0799284387	0.1217878151	0.0079278254	-0.1218685498	0.0914024445	-0.1498118176	-0.0086296148	-0.1543664524	0.0777012803	-0.0576347292	0.0662067638	-0.0094053962	0.0456087031	0.06834553	0.0632122233	0.0884022381	0.1156427329	-0.0750441616	-0.0110258724	0.0657380231	-0.0262305832	-0.038546697	-0.0462768578	-0.0800317139	-0.0844055964	-0.1477765097	-0.0014105328	-0.0216179665	0.0046782367	0.0936629988	0.03798737	0.0207947831	-0.0178422223	0.0358363493	-0.1496288264	-0.0414842165	-0.0025594641	-0.0897601102	-0.1126890387	0.0522091388	0.1520153636	-0.0890423953	0.1850627208	-0.0547689566	0.0047573387	-0.1004448237	-0.0354822895	0.1068724879	-0.0971910652	-0.0835427259	0.0004720583	0.1032486013	-0.1028851361	-0.1503183384	0.1340923052	0.0758904185	-0.0752489783	0.0425767606	0.0318990066	0.0098146047	0.0249426853	0.0909003295	-0.0026190896	-0.1052040563	0.0417569072	-0.0102177592	0.0890607475	-0.0474516937	-0.0679925626	0.0142534411	-0.1395343079	0.1365382844	-0.0684261689	0.0732502031	-0.0773916077	0.0006157468	-0.0588598806	-0.0181729524	0.0264842306	-0.1081895972	0.0483823872	0.0553592739	-0.157424911	0.0832182187	0.0809497285	0.1288795004	0.0634648256	-0.0165521432	0.1277949151	0.0793130204	-0.1036758527	-0.1708718266	0.0592971664	-0.0336100537	0.1118088788	0.0004770371	-0.1020724015	0.0190431857	0.1303603811	0.0157251789	0.0759957524	0.1450660963	0.0335163832	-0.1660304612	0.1254520926	-0.113499223	0.0179858094	0.1562562	0.0585557001	-0.086267858	-0.1700218246	0.1173134699	0.1009148761	0.0251013752	-0.1109269695	-0.0958235905	0.0510465515	-0.0304137685	-0.020020823	-0.112815636	0.0578154653	0.0377296	-4.449999999999593e-05	0.00142352271616	1.9802499999996373e-09	0.0990278	0.0586956999999999	0.0034451851984899	0.00980650517284	0.148748	0.0343319999999999	0.0011786862239999	0.0221259675039999	-0.000465429	-0.000227815	2.16624154041e-07	5.1899674225e-08	-0.000457544	0.0	2.09346511936e-07	0.0	-0.000473664	0.000112698	1.2700839204e-08	2.24357584896e-07	0.0	0.0	0.0	0.0	0.0	0.0	0.0	0.0	0.0	0.0	0.0	0.0	0.0	0.0
299.2333753975183	0.9135447161029332	0.834563948319589	89540.61295179209	298.9507299163673	-0.4590973884244818	0.2107704120581795	89371.5389175288	213.2397383612765	0.401481275004329	0.1611872141791017	45471.186016385655	213.0320206331652	369.85608778469367	1.637238	39.544029	0.11486871	0.0762226	0.069791753	0.1468194377	-0.0236279778	0.1339441979	0.009135532	0.0573223303	-0.1138832345	-0.0596137389	-0.0960145902	0.0717146063	-0.0996979401	0.1929975175	-0.1117399512	0.0382598036	-0.014664667	0.083215117	-0.0342734595	0.0574390386	-0.0152539318	-0.0523155827	-0.1935146199	0.0019375415	-0.0054465347	0.0966191937	0.089282556	-0.0050476355	-0.1467553128	0.1546688858	-0.0108910303	0.006891584	0.0096763028	-0.0603977307	0.1228643546	-0.0260087911	0.0740120713	0.0851244176	0.1631684153	0.1797499302	-0.0856425002	0.1000724985	0.0607244412	-0.1314725662	0.0375762803	-0.1417512287	0.0215740876	0.0011277086	0.0045572388	-0.0955635113	-0.046637864	0.0470886371	0.0989913255	-0.0112859712	0.0732360607	-0.0064027522	-0.0908381045	0.0189738589	0.086618355	0.0216632678	-0.0305115118	-0.0055923333	0.1543929565	0.0899752683	0.0228422497	-0.0235637272	-0.0616133887	-0.0553295128	0.0287108525	0.0497219433	0.1854069096	-0.0209735096	-0.0236791068	-0.027225571	-0.1627204151	-0.0193078695	0.0805810997	-0.1657717459	-0.0062339625	-0.005992655	0.0111487946	-0.0721953239	0.1664182707	0.0216502505	-0.1282161189	0.0969684097	0.1033111085	-0.0086387399	-0.2232999759	0.0247481293	-0.0821813403	0.079497638	-0.0501645757	0.026188788	0.1430314873	-0.0928808128	-0.0360938597	0.1245935001	-0.0053749926	0.0846645921	0.0549828876	-0.060820183	0.0742555165	-0.0327559903	0.0438157388	-0.0266223868	-0.0945330035	0.0207546947	0.0182560716	0.0683581512	-0.0921840012	-0.0982772311	-0.0658039241	0.0073556191	-0.0094366266	-0.0356820122	0.1326362388	0.1207246607	0.0481873965	-0.026558448	-0.0791828059	0.0529899301	0.0331625314	0.0485790393	0.033052284	0.056571455	-0.0510843347	-0.1576577733	-0.0998142119	0.1464389382	-0.107417999	-0.0888352593	0.0204952216	0.0477172689	0.1350101661	-0.0088100657	0.0706682886	-0.1810802261	-0.0226597522	-0.1109309587	0.0647214634	0.0377657	3.6099999999997245e-05	0.00142624809649	1.3032099999998012e-09	0.0300525	-0.0689753	0.00475759201009	0.00090315275625	0.142456	-0.0062919999999999	3.95892639999999e-05	0.020293711936	-1.06408e-05	0.0004547882	1.1322662464e-10	2.0683230685924e-07	-0.000287179	0.000170365	8.2471778041e-08	2.902423322500001e-08	-0.000639817	-0.000166153	2.7606819409e-08	4.09365793489e-07	0.0	0.0	0.0	1.0	0.0	0.0	0.0	0.0	0.0	0.0	0.0	0.0	0.0	0.0
297.559638813401	-1.6737365841172505	2.801394153012482	88541.73865076168	298.3309093571916	-0.6198205591757073	0.3841775255768865	89001.33147788887	212.8543517753294	-0.3853865859470886	0.1485228206279527	45306.97506969568	212.58342656571736	376.7046078634997	2.562815	61.899403	0.32727529	0.189366	-0.1564305363	-0.2880184777	0.0626942782	-0.145075603	0.1953891289	-0.0385475642	0.1662856512	-0.0293383444	0.0777552899	0.2270790045	0.0758801217	-0.3181382861	0.230836403	0.1176122433	0.0433166023	-0.1657786036	0.2630981697	-0.0227893579	0.1281748053	0.0444984942	0.1552726352	-0.2350798783	0.2266049658	0.0840675484	0.1466920522	0.0529239551	0.2791238768	-0.1561932962	-0.0512902673	-0.3638685216	0.1148622709	-0.0356378485	-0.0835335091	-0.1522970344	0.0328898971	-0.1264113969	0.0471319017	0.0560748546	-0.1945419761	0.0258413145	0.0442285016	-0.1207732687	0.0775892015	0.0570581668	0.034066988	-0.0262646801	0.0610284673	0.0782684661	0.1009327271	0.164404593	-0.0465959499	-0.1153933953	-0.0190452893	0.127918511	0.0246854676	0.0827185379	0.0371946479	0.0301755086	-0.0255507411	-0.0613049634	-0.0192784151	0.0597500553	0.0135530646	0.0995575811	-0.052713761	0.0293156236	-0.1310879761	0.0007658309	-0.1361026268	0.2325733352	-0.2339103779	0.1522791734	-0.007092953	0.0044305987	-0.2948207166	0.1411920237	0.0140740797	0.0205133862	0.3347084714	0.1434349805	0.045044831	0.1504835931	0.0369384474	-0.1251417372	-0.043093314	-0.1644556936	-0.1483413692	-0.0646157245	-0.0250498676	-0.0607160149	0.0710547023	-0.0951576634	0.0866563794	0.0637705518	-0.1554696907	0.1138975646	0.1099611328	0.0150266348	-0.1616169843	0.0824841125	-0.0149082138	0.029795945	-0.0197258118	-0.067292007	-0.1041548787	-0.0270095936	0.0764464678	-0.0509986405	0.0086518512	0.0365497861	-0.0419657961	-0.1369367478	-0.02309875	0.1156978193	-0.3558079416	0.0476218836	0.0566310536	0.4702445479	0.2276288685	-0.2186019206	-0.1730842094	0.0532360587	-0.1944660861	-0.0410055029	-0.041060526	0.2985959617	-0.0588057204	0.0692690333	-0.1178653404	-0.2798508399	-0.1715174425	-0.2468139479	-0.0344084572	0.0003079372	-0.0980300204	-0.1030949388	-0.0252872714	-0.1088228812	0.0713342571	0.0307478	-0.0070179	0.0009454272048399	4.925092041e-05	0.0820102999999999	0.0519577999999999	0.0026996129808399	0.0067256893060899	0.0246863	-0.1177697	0.01386970223809	0.00060941340769	0.00247646	0.0024871008	6.132854131600001e-06	6.185670389360641e-06	0.000119704	0.000406883	1.4329047616e-08	1.65553775689e-07	-0.000523203	0.000116614	1.3598824996000005e-08	2.73741379209e-07	0.0	0.0	0.0	0.0	1.0	0.0	0.0	0.0	0.0	0.0	0.0	0.0	0.0	0.0
298.6225320948858	1.0628932814847758	1.129742127825475	89175.4166747611	300.6379238720182	2.3070145148265624	5.322315971620439	90383.1612700774	212.7784133106652	-0.0759384646642047	0.0057666504155566	45274.65317100427	212.5693914428238	379.90442395316967	2.007341	48.483078	0.355366288	0.197532	0.043241617	-0.1065071725	0.0322479405	-0.0776617405	-0.0089591269	-0.0255591151	-0.0250726057	0.0086821782	0.0508314765	0.0805066312	-0.1127896666	-0.3006016536	-0.1101134162	0.1171833089	0.0261650486	-0.2896973363	0.1098245893	-0.0253452433	-0.0202765087	-0.0776163557	0.0494246525	0.0048430622	0.0591822862	0.1814071516	0.178752998	0.0458228073	0.1194434893	-0.0812489445	0.0175226583	-0.1573029837	-0.0711993008	-0.0600867207	0.1011799254	-0.2560943524	-0.020715863	0.1368425031	0.0547639894	-0.0015390752	0.1260836407	-0.0831499784	-0.0323452063	0.0085777321	0.1682770867	0.0642355646	-0.1062871279	0.0706286267	0.1669716925	0.1549766111	0.0950006128	-0.2327246325	0.0242961724	0.1273995683	0.0491990453	-0.120448832	0.0401841948	-0.1111464688	-0.128625644	0.0596604368	-0.0354977551	-0.024967572	0.0319625556	0.0023096365	-0.0624366819	0.0589725533	-0.0013371804	0.0242172029	0.0462422636	0.0659404111	-0.0577721304	-0.009814456	-0.0697610926	0.1108896139	-0.1393955995	0.0236351549	-0.1685685591	0.1004737676	0.1040758128	0.0624902983	0.0932127082	0.0133301893	0.2164814737	0.1701173248	-0.1744041971	-0.0809233839	0.0668947232	0.0191055293	0.117776458	-0.1821922061	0.0928189899	-0.0948149986	-0.1382739619	-0.1686767344	0.041686078	0.0031683938	0.0799012608	-0.0657975877	0.0975118814	-0.275374898	0.1897346838	-0.1231175527	0.046277066	-0.0070730907	-0.068717565	0.0653639356	0.1290330156	-0.1155837526	-0.0650250782	-0.0449351234	-0.0647869898	0.0091218425	0.0704461259	0.0526239705	-0.0465089575	0.1068124648	0.0244905253	-0.0363855302	-0.0130953755	0.3128295957	0.0134873761	-0.088192739	-0.154146022	-0.0292052899	-0.0656452685	-0.1009342364	-0.1623202899	0.0366251265	0.0225777237	0.0375854887	-0.0480247757	0.4491890502	-0.0875869064	-0.0323042125	-0.0064537113	-0.1138144179	0.0371692726	0.0828222708	-0.0279020578	-0.1064956489	0.0776238888	0.0309599	0.0002120999999999	0.0009585154080099	4.4986409999999916e-08	-0.000387608	-0.0823979079999999	0.0067894152427764	1.50239961664e-07	0.131213	0.1065267	0.01134793781289	0.017216851369	-0.000205511	-0.002681971	4.2234771121e-08	7.192968444841e-06	0.000322552	0.000202848	1.04039792704e-07	4.1147311104e-08	-8.34304e-05	0.0004397725999999	1.9339993971075997e-07	6.960631644160001e-09	0.0	0.0	0.0	0.0	0.0	1.0	0.0	0.0	0.0	0.0	0.0	0.0	0.0	0.0
299.9551072244236	1.3325751295378154	1.7757564758627256	89973.06635001546	300.8266646874102	0.1887408153920091	0.0356230953948404	90496.68218695153	213.2161669299061	0.4377536192409081	0.191628231158514	45461.13384028159	212.98169883609745	376.434249781187	1.686754	40.739975	0.0780875729999999	0.0482685	-0.049477914	0.1172336376	0.0818938614	0.0233306269	0.0524414015	0.0923310325	0.0444632547	-0.1137166561	-0.0291007637	-0.1097091411	0.0054184948	-0.0075394692	0.0188706624	0.0112098027	-0.1340034881	-0.2000502518	-0.1327256411	0.1253868942	-0.012342066	0.0419723201	-0.0488861937	0.0235916217	-0.1160726027	-0.0777276334	0.0037977787	-0.0163352549	0.0810499951	0.047846064	-0.0400118791	0.0675457619	-0.0500992435	-0.0620779599	-0.1120677965	-0.0634335334	-0.0396999995	0.1561477472	-0.1083627822	0.099830634	0.0933046284	-0.1113284011	0.0169757733	-0.0674784194	0.0888200665	0.0118090744	0.1649980649	-0.0642398657	-0.0915107227	-0.0656015351	0.2013873641	0.0365643173	-0.061069639	0.0372920058	0.0141995807	-0.1130036307	-0.0199178295	-0.0896818096	-0.1036421642	0.0082719699	0.1236348901	-0.047136284	-0.0485119604	0.0833748016	-0.1366922512	0.0559397012	0.0019454578	-0.1242590293	-0.0231464995	-0.0462768437	0.0560806942	-0.0157272852	0.131944181	0.012382958	0.0759762712	0.0419163434	-0.0666464136	0.0049891713	-0.0495376747	0.0482592803	-0.0426826923	-0.1306701384	-0.0944077578	0.1067407741	-0.0647550288	0.0509036388	-0.0034628759	0.1702855626	0.0279687112	-0.1903252019	-0.0434815534	-0.0284275954	-0.0621705973	0.0616398576	0.1301477864	0.036859996	-0.0982261758	0.0394110284	-0.1494413104	-0.1360643756	-0.1280273687	-0.0218710608	-0.0203912159	0.0354440972	-0.0052027942	0.0993020801	0.1458598876	0.0579948417	-0.0620108298	-0.1007558077	-0.1150937807	0.0362515936	0.069802646	0.0320524741	-0.0846525219	-0.0624587446	-0.0055851811	0.0213297038	-0.0896084496	-0.09516106	-0.0625192296	-0.1191723639	0.0970787901	0.1117544858	0.0441802232	-0.1020436465	0.0290074478	-0.0727371805	0.0495739631	0.0791009948	-0.0994095071	0.0175692869	-0.0802448829	0.1252581854	-0.0296273961	0.0558820763	0.0089569736	-0.0060561711	-0.0305027946	-0.1039539485	0.0835618648	0.032939	0.0019791	0.001084977721	3.916836810000018e-06	0.045035	0.0454226079999999	0.0020632133175216	0.0020281512249999	0.121905	-0.0093079999999999	8.663886399999994e-05	0.014860829025	-5.78561e-05	0.0001476548999999	3.34732830721e-09	2.1801969494009992e-08	6.51622e-05	-0.0002573897999999	4.24611230884e-09	6.624950914403998e-08	-0.000105943	-2.2512599999999992e-05	5.068171587599997e-10	1.1223919249e-08	0.0	0.0	0.0	0.0	0.0	0.0	1.0	0.0	0.0	0.0	0.0	0.0	0.0	0.0
297.9041317103823	-2.0509755140413404	4.20650055919714	88746.8716901168	299.0895881363108	-1.737076551099392	3.0174349443793584	89454.58173154802	212.69269555644843	-0.5234713734576815	0.2740222788296714	45238.18274306806	212.510230734182	373.26192765541776	1.499214	36.210342	0.10366667	0.0555359	-0.1028451688	-0.1237871324	-0.0224139856	-0.0384339895	-0.0071972894	-0.1088589491	0.1023916424	0.032741203	0.0522183541	-0.0800162298	0.071540518	-0.0806031975	-0.0843218197	0.0007285061	0.0528109938	-0.0584773395	-0.0708051626	-0.0367147669	0.0569209539	0.0891660004	0.1136268043	0.0412183437	0.0233302428	0.0282996719	-0.0482977665	-0.0636565	0.0604082051	-0.0722574813	0.0303653151	0.0440928958	0.0742166191	0.0764588403	-0.0667592721	0.1178998965	-0.1653595937	-0.0076787578	0.0556199966	-0.0699882552	-0.0153261205	-0.0284163396	-0.1247643096	-0.0193795598	-0.0151147805	0.0726997597	0.0255537207	0.0140696609	0.0038227082	-0.0793399485	0.0382738661	0.0518844572	0.0512521541	-0.0784639872	0.0701536291	-0.1574794054	-0.1378702441	-0.1216172727	-0.0582155885	-0.0946239218	-0.0972460747	0.0433245289	0.0376636058	-0.1296798507	-0.170769193	-0.0366041212	-0.1474051937	0.0549658863	-0.0859845931	-0.0672122941	-0.1045995325	-0.0352181208	-0.0176847682	-0.0864026631	0.006125934	-0.0106780757	-0.0327718541	0.1136307602	0.046455283	-0.0356126732	-0.0570761119	0.092093306	-0.0319718525	0.0208625674	0.1022577611	0.1390325353	-0.1379429792	0.0117801884	0.0692053914	-0.0414500605	0.0449294182	0.0455142909	0.0911408032	-0.0385400458	0.0103343521	0.0164260497	-0.0448561342	0.0892575695	-0.0631048725	0.0176223451	0.0515232273	-0.0305731026	0.1084233752	-0.0389322902	0.1711671267	0.1177515954	0.0436455523	-0.0719984525	-0.1532826989	0.106986274	0.0959525154	-0.0131171926	0.1307389133	-0.0996113654	0.0820985203	-0.0155166438	-0.1133214652	-0.0808117982	-0.0660484489	0.0352419939	-0.0558828952	0.0599589075	0.03934498	-0.1153168249	-0.0699459703	-0.0938299184	0.1044957553	0.0443779457	0.0582671946	0.0041304047	-0.0899646766	0.0957438217	-0.0080366259	0.057577752	0.1273236967	-0.0355696372	0.0695819546	-0.0402138499	-0.0330881723	-0.1012028987	0.0891212848	0.0377317	0.0047926999999999	0.00142368118489	2.296997328999997e-05	0.0853021999999999	0.0402671999999999	0.0016214473958399	0.0072764653248399	0.148895	0.02699	0.0007284601	0.022169721025	-0.000424142	-0.0003662859	1.79896436164e-07	1.3416536053881e-07	6.00407e-05	-5.121499999999995e-06	3.60488565649e-09	2.6229762249999948e-11	-0.000366871	-0.000260928	6.808342118400002e-08	1.34594330641e-07	0.0	0.0	0.0	0.0	0.0	0.0	0.0	0.0	0.0	0.0	0.0	0.0	0.0	0.0
298.2529496310716	0.3488179206893278	0.1216739417940262	88954.82196363453	298.814397160011	-0.2751909762997684	0.0757300734368197	89290.04395010081	212.4876274091836	-0.205068147264825	0.0420529450226279	45150.99180198403	212.31354108706924	373.5697747045106	1.430045	34.53973	0.057270405	0.0358367	0.1538769862	0.0128234479	-0.0461132089	0.0282368287	0.0503620594	-0.0430331981	-0.119104097	-0.0096234009	-0.0923393403	0.1124867122	-0.0309989468	0.0247688163	-0.1063098502	0.015071032	-0.0893148823	0.0270449997	-0.0518215198	-0.1350360596	-0.0575272288	-0.0886949801	-0.0440608379	0.0143810081	-0.0619651667	0.0507322588	-0.0677611566	-0.0235817776	-0.0841829767	0.0066683851	0.0164199928	0.0023355134	0.1279674612	0.0062162337	-0.0071316595	0.1401275274	-0.0066733225	0.1117932284	-0.0948225422	0.0397564311	0.0618727376	0.089913634	-0.0637091681	-0.0642749018	0.2250688711	-0.1183549853	-0.0671051449	0.0415106012	0.1409763021	-0.0598022596	0.0936720244	0.0101084356	-0.0329493967	-0.0779599043	0.0281589598	-0.0836338615	-0.0116141121	-0.0587701544	-0.0496209604	0.1554177392	0.0213744571	0.1040126629	-0.0313175013	0.0104401044	0.1052397581	-0.0885017779	-0.058189427	0.1210269747	0.1080906574	0.061584857	0.0421034862	-0.0080471574	0.0666951773	-0.0559758286	-0.0487870736	-0.0714537828	0.0765549553	-0.0217283282	-0.0094460142	-0.1164399551	0.0292539644	0.0428810958	-0.1099309038	-0.0441762083	-0.0900891505	0.1251003861	-0.0628033678	0.0309270315	0.030279891	0.0562325474	-0.0204604539	0.0733294057	-0.2095405375	-0.1171702405	0.0957006508	-0.0577497898	0.0226386938	0.1476381575	0.0457378171	-0.0875164531	-0.0165510065	0.0961561152	-0.0013612725	-0.0465887341	-0.0156711439	0.0925567626	-0.0004698349	0.0093311222	-0.1060383252	-0.0921400389	0.0516219879	-0.1636641559	-0.0884658867	-0.0879729482	0.0555121611	0.1046418381	0.100814002	0.0344801606	-0.0811653377	-0.0310080111	-0.0219660571	0.026129947	0.1076586887	-0.0152112518	0.0108438583	0.1094719273	0.0345600899	-0.086353247	-0.0504595942	0.0910278799	-0.0969702299	0.0454930321	-0.0454859882	-0.0319730796	0.0195951561	-0.0912249738	0.0158266216	-0.1139955645	-0.0356568892	-0.0982480398	0.094276963	0.0352213	-0.0025104	0.0012405399736899	6.302108160000015e-06	0.0520727	-0.0332294999999999	0.0011041996702499	0.0027115660852899	0.14075	-0.008145	6.634102500000022e-05	0.0198105624999999	-0.000349161	7.4981e-05	1.2191340392100001e-07	5.6221503610000006e-09	-8.41444e-05	-0.0001441851	7.08028005136e-09	2.078934306201e-08	-0.000415415	-4.854399999999997e-05	2.356519935999997e-09	1.72569622225e-07	0.0	0.0	0.0	0.0	0.0	0.0	0.0	0.0	0.0	0.0	0.0	0.0	0.0	0.0
298.3110360428307	0.0580864117591204	0.00337403123105	88989.47422494704	298.8407296156581	0.0263324556470934	0.0006933982204061	89305.78167721888	212.64509620651003	0.1574687973264303	0.0247964221314324	45217.93694067591	212.4626984063969	369.6618628546944	1.397303	33.748917	0.11364155	0.0649638	-0.0897368963	0.0323357073	0.030239674	-0.073791488	-0.0154462075	0.0820271408	0.0451865594	0.0740043733	0.0267847111	0.024799972	-0.1778345076	0.0215137788	0.1138502612	0.0047509416	0.0332628762	-0.0298268364	-0.0481828311	0.0616976425	-0.0727426062	-0.0309709786	0.0632448309	0.0340327119	0.0135230571	0.1914820162	0.0287056801	0.1105540477	0.0034137513	0.0146946108	-0.0813627539	-0.0229725232	0.0243810712	-0.0413407735	-0.0672508919	0.0604437463	-0.0555911688	-0.0726187559	-0.10850456	-0.0440610096	0.0164761998	0.0495537532	-0.1078551383	0.0683648345	-0.0313385729	-0.006580717	0.1603629385	0.0021212457	0.0195652909	-0.0438543058	-0.0486268095	0.0304883492	0.077235636	-0.0904494516	0.0760550772	-0.0486628212	-0.1308679137	-0.033788388	0.164211465	-0.1422239313	0.0015503763	-0.0530478681	0.0334237654	0.0691041305	-0.0452534634	-0.0380101143	0.1244261626	-0.0715880935	0.0608700154	0.0072018314	-0.0797055993	-0.049205506	-0.0151741131	0.1564446116	-0.1417164868	-0.1145194944	-0.0477289166	-0.0270527713	-0.0544372121	-0.0538287121	0.0683300373	-0.0247033801	-0.1356571514	-0.0369474498	0.048847161	-0.0026193393	-0.064268381	0.0645411568	0.047980969	0.0274225509	0.1436893882	0.0622914516	0.0745065455	0.0369982157	-0.0074583381	-0.0665351847	-0.1034720921	0.0296293693	0.0402447555	0.0356321315	0.055194362	-0.0352477203	0.1404564076	-0.0653850524	0.1588675404	-0.0086317784	-0.1282840691	0.0842835058	0.0052216162	0.039398731	-0.0638812057	0.1407688863	0.0395299547	0.0726374294	-0.0884844496	-0.0540902445	-0.0292055548	-0.026675368	-0.0603590798	0.1255741656	-0.127662358	-0.0252190838	-0.0248882984	0.0886605199	-0.0415959573	0.0338512405	-0.0181791733	-0.0784076244	0.0378075304	0.0742483358	0.1010738538	-0.0106947534	-0.0070445462	0.065058686	0.0516051517	-0.0163751082	0.1145596366	-0.1146047497	-0.0382076517	-0.0950953223	0.0990055431	0.0378329	0.0026116	0.00143132832241	6.820454560000029e-06	0.0229468	-0.0291259	0.00084831805081	0.00052655563024	0.106346	-0.0344039999999999	0.0011836352159999	0.0113094717159999	0.000432253	0.000781414	1.8684265600900001e-07	6.106078393960001e-07	-8.41444e-05	0.0	7.08028005136e-09	0.0	-0.000584002	-0.000168587	2.8421576569000016e-08	3.41058336004e-07	0.0	0.0	0.0	0.0	0.0	0.0	0.0	0.0	0.0	0.0	0.0	0.0	0.0	0.0
298.1986337269623	-0.112402315868394	0.0126342806125782	88922.42515662704	299.42016350468504	0.579433889026916	0.3357436317528563	89652.43431317231	212.38611432586632	-0.2589818806437165	0.0670716145017562	45107.86155843996	212.1385645770288	373.5896905826016	1.5811	38.188141	0.27520776	0.167784	0.0357210303	-0.0420615943	0.0518308531	0.0150177232	0.2352355809	-0.0300855726	0.0359701459	-0.0745972999	-0.1155255918	0.0537888208	0.0945247896	-0.149621119	0.1343341776	0.0453464235	-0.1929919936	-0.0088155352	-0.1439129357	-0.1082863409	-0.0649764595	0.0550176258	0.0673882879	-0.1050596149	-0.109575087	-0.0738361984	0.1794307474	0.0436889055	0.0058450543	-0.2700639926	0.035969476	0.1481668412	0.050483313	-0.3440886965	0.0872645318	-0.1139249179	-0.1201336743	-0.0673254698	0.0028616831	-0.0495641848	0.0836663246	-0.168008245	0.101636307	0.0496761913	-0.2043661058	0.0199220839	0.1298439286	-0.0744563263	-0.0885193825	-0.1745904837	-0.126291009	-0.0744455463	0.1065189813	-0.0646340875	0.0978953187	0.0100094765	0.0130521108	-0.0794331375	0.0062122475	0.1145687414	0.0739700173	0.1322436763	-0.1566339716	0.1035039475	0.0275605948	0.0524837565	0.0023593339	0.0896982052	0.0552685346	-0.0871257264	-0.0527690908	0.1416013858	0.110788754	0.1074481639	0.0197644198	0.1650083176	-0.0131717602	0.1931682648	0.0510793507	-0.2549877003	0.0556624101	-0.2941144241	0.1561309056	0.0537782858	0.0722251218	-0.1395360426	-0.0751250489	0.0897382963	0.0714252929	-0.0838358691	-0.0342232107	-0.0747661619	0.1345434183	0.2268242984	-0.065482851	-0.0505171897	0.0819382192	-0.0460495902	-0.1044835716	0.1708293247	0.0452451764	0.00857179	0.0985857282	-0.0093649639	-0.0829991195	0.1315294627	0.0435119013	0.1182189026	-0.1091922002	-0.1860194674	-0.0427667935	-0.0455687076	-0.082938149	0.0652302701	0.059493573	0.0734488427	-0.0975826386	0.1241399084	-0.0832133065	-0.1989506919	0.3585822028	-0.29411217	0.0813385569	-0.0380524766	-0.0786843928	-0.0893979636	0.0212494715	-0.154405034	0.0053806652	0.0959645508	0.0653782028	0.2077704044	-0.1868718757	0.2794947646	-0.0883962651	0.1200587531	-0.2053048847	-0.0907790757	-0.0407391756	-0.0917510955	0.1032856033	0.0377491	-8.380000000000193e-05	0.00142499455081	7.022440000000323e-09	0.151214	0.1282672	0.01645247459584	0.0228656737959999	0.207929	0.101583	0.010319105889	0.043234469041	0.000425139	-7.1140000000000135e-06	1.80743169321e-07	5.060899600000019e-11	0.000198393	0.0002825374	3.9359782449e-08	7.982738239876e-08	3.18218e-05	0.0006158238	3.7923895264644e-07	1.01262695524e-09	0.0	0.0	0.0	0.0	0.0	0.0	0.0	1.0	0.0	0.0	0.0	0.0	0.0	0.0
297.33091713089163	-0.867716596070693	0.7529320910965102	88405.67428189715	295.1199570486817	-4.300206456003309	18.49177556425254	87095.78904841575	212.6826062030009	0.2964918771345708	0.0879074332067814	45233.89098130075	212.4468227127726	379.0977032162075	2.094993	50.600147	0.44440829	0.261271	0.2975622595	0.0439408625	0.1156936598	-0.1750132174	-0.0023878731	-0.0126717285	-0.1520861432	0.032908612	0.3650085431	0.1897278511	0.1678373783	0.0114271328	0.2349929795	-0.134471838	-0.035583354	0.3554765967	0.0842357157	0.0133249709	0.0321169437	-0.2982498148	0.1772319165	-0.1135778756	-0.1455093671	-0.5176108807	-0.0051192945	-0.0520576997	-0.077069142	0.2599093459	-0.1083923588	-0.0758210761	-0.1776559716	-0.0457511308	0.0232797085	-0.137412276	0.0558014157	-0.0356892866	-0.0621141535	-0.1453281181	0.0544776016	-0.0195300904	-0.009869556	-0.0089073838	0.0716971984	0.0512801742	-0.0352195894	-0.0062650454	0.0238019166	0.1044743338	-0.1037522867	0.0410500419	0.0505243883	-0.1365305874	0.1083173518	0.0713426864	0.0434253833	-0.0326682578	0.0003257112	-0.0896536279	0.0340064335	-0.0148692489	0.0909167283	0.0854556725	0.0290609867	-0.1271064114	-0.0763086289	-0.0292060641	0.0626601768	0.2694450618	-0.1854688415	0.170460551	0.1714473526	-0.088152714	0.3425915324	0.261947638	0.1808362819	-0.2683950273	-0.1638003692	0.231675042	0.0109616649	-0.0826203993	0.0608927121	0.0297575873	0.0027481658	-0.1764914635	0.0522620672	0.004732825	0.1619842902	-0.0034169287	0.0195145991	-0.0506790463	-0.0113039617	-0.1232317441	0.0315625378	0.0356859143	-0.0696636721	0.0129542712	0.1118130251	0.1116262585	-0.0130477822	0.0318843245	0.0919723942	-0.0556723834	-0.0410384445	0.0474927074	-0.0315916547	-0.0299769915	0.0674586083	0.1107686503	-0.07073444	-0.0020267657	-0.0468767559	-0.0795670099	-0.2063193191	0.3211735713	-0.0251495136	-0.0168286662	0.0308875941	-0.3736709362	0.1279717878	-0.1864611343	0.0257602216	0.1828093659	0.074061905	-0.0022405556	-0.0502926196	-0.0235863567	0.1868941498	-0.1888205549	-0.1660445777	0.0060971495	0.1547271924	-0.1768425969	0.136351702	-0.3919589782	-0.2471829075	0.0091638513	-0.043250186	-0.0882220943	0.1070977539	0.00911631	-0.0286327899999999	8.310710801610001e-05	0.000819836663184	0.0535754	-0.0976385999999999	0.00953329620996	0.00287032348516	-0.0136805	-0.2216095	0.04911077049025	0.0001871560802499	0.00145218	0.001027041	2.1088267524e-06	1.054813215681e-06	0.0011019	0.000903507	1.2141836100000002e-06	8.16324899049e-07	3.18218e-05	0.0	0.0	1.01262695524e-09	0.0	0.0	0.0	0.0	0.0	0.0	0.0	0.0	1.0	0.0	0.0	0.0	0.0	0.0
299.7246564910552	2.393739360163579	5.729988124396341	89834.86970868104	299.859211942214	4.739254893532291	22.46053694586976	89915.54698660562	213.69117815791955	1.008571954918665	1.0172173882484574	45663.91962251972	213.46906957478487	375.6265419059461	2.365533	57.134453	0.3714710000000001	0.213657	-0.0933999891	-0.0727513622	-0.045357393	-0.0322107765	-0.1670037828	-0.1254477689	0.0610174422	0.0281816933	0.2247416	-0.1975175458	-0.105798601	0.2847314555	0.1462122166	-0.1127098423	0.159741945	0.1820433101	0.0466986897	0.0547744335	0.231559237	0.021574972	-0.041776391	0.1330855517	-0.0973980509	0.0249461552	-0.0966378717	0.1478677292	-0.0362105932	0.0991258644	-0.1249064733	-0.0059196709	0.0334293958	0.1688664987	-0.1010613021	-0.1517584113	0.0275647035	-0.0810711503	0.0427387538	-0.0825058767	0.0050338094	0.1479181176	0.0398259463	0.0495204417	0.0189483568	-0.0160993106	-0.0466263141	0.0118983978	-0.107584494	0.0892356893	0.0899354166	0.0595907116	0.0691882585	0.0695861658	0.0647531706	-0.132865783	0.1556623828	0.0074854496	-0.0527934452	0.1506399158	-0.0033984399	-0.1961083034	-0.1286412373	-0.1001670569	-0.1052558481	0.1023053766	0.0055426383	-0.011883466	-0.2288398326	0.0754482104	0.0376971018	-0.1421531331	0.1168771504	0.1178038579	0.0175226069	-0.0952351036	0.0465056578	-0.0966212586	-0.1003478734	0.0825723808	-0.1191225451	0.1691266468	-0.0494466465	0.1416633304	-0.0119102513	-0.0970569298	0.0189177188	-0.0200442088	-0.0372726246	0.1601304248	0.0835969745	-0.0721119678	0.0465711239	-0.0034920437	0.0200936337	0.0245135841	-0.0930622975	-0.0746145136	-0.0622812116	-0.0901655159	-0.0308502166	-0.162338398	-0.0782947558	-0.1347565116	-0.0458806834	0.0895821362	0.0652349512	-0.0812134504	0.1261292243	-0.1996546772	0.1261897246	0.0266678068	0.1075855065	-0.1009143996	0.0584408385	-0.0290530242	-0.0366189992	-0.219314246	-0.0866658252	-0.0017506545	-0.1800122538	-0.0193328532	-0.0627710869	0.1481559974	0.0145175033	-0.0911591554	-0.0302028088	0.0285307539	-0.078583424	0.0378121327	0.055963497	-0.0453718703	0.1161085909	-0.0160850061	0.2424186605	0.1722710724	0.002747362	0.0515791155	-0.0457394187	-0.0845154255	0.1104247249	0.0496333	0.0405169899999999	0.00246346446889	0.00164162647866	0.0673429	0.0137674999999999	0.0001895440562499	0.0045350661804099	0.128976	0.1426565	0.02035087699225	0.016634808576	-0.00109174	-0.00254392	1.1918962275999998e-06	6.4715289664e-06	0.000286483	-0.000815417	8.207250928899998e-08	6.649048838890003e-07	0.000163085	0.0001312632	1.7230027674239998e-08	2.6596717224999998e-08	0.0	0.0	0.0	0.0	0.0	0.0	0.0	0.0	0.0	1.0	0.0	0.0	0.0	0.0
298.25248653511983	-1.4721699559353851	2.1672843791587937	88954.54572438184	298.7252258928516	-1.13398604936242	1.285924360148589	89236.76058473521	213.09908157729947	-0.5920965806200797	0.3505783607819906	45411.21856908854	212.97006408262624	376.6960185727689	1.570859	37.940796	0.0461722049999999	0.0266252	0.1563404871	-0.0302531763	-0.0134351468	0.0043845902	-0.043905427	-0.086697488	-0.1372803571	-0.0466813189	0.1489385975	-0.0571352402	-0.0094803748	0.0636662475	0.0765860253	0.0920576148	0.0566321315	-0.0718421052	-0.0331389582	-0.0607554677	0.112136393	-0.1518955224	-0.0996596957	0.0675592392	-0.0073830834	0.0134760458	-0.0994317397	0.059386382	0.0789564727	-0.0528042131	-0.057455941	-0.0150936488	-0.0905186028	-0.0612165001	-0.0058025774	-0.017424175	-0.0726823186	0.0343385019	0.1063058162	0.0289622302	-0.1008681662	-0.066162577	-0.049280174	-0.1379426112	0.0386107065	-0.1121839144	-0.1205099684	-0.0667665161	0.0197709789	-0.0788223264	-0.0374395332	0.0445171901	0.0495696048	-0.0192880116	-0.1034818777	0.100327669	0.064899196	-0.0281050505	0.172324807	-0.1558090572	0.1182535196	0.0284999487	-0.0072125633	-0.1125752492	0.0351450757	0.0683253746	-0.0214740497	0.0628672278	-0.0405207146	0.1988706698	0.1035711445	-0.0594158384	0.0369756739	0.0362247315	0.0785743847	-0.0825090618	-0.038500643	0.1007569871	-0.0600679952	0.0911511703	-0.0446468394	-0.0453224148	0.0967417074	0.0151716779	0.0086404996	0.0447533444	-0.1285809155	-0.1231506152	-0.0557149907	-0.074986408	-0.0985024415	0.0315747318	-0.0965819563	0.0117373498	0.0258790192	0.0512679989	0.038299114	0.0637130363	-0.0333414328	0.0774099593	0.0336908877	0.0642389167	-0.1390967754	-0.0900063098	-0.0223664884	0.0146242236	-0.2010375267	0.1372692476	-0.002388711	0.1191961104	0.0170706543	0.0975708369	0.0449462741	0.0408282678	0.0247002188	0.124183508	0.1208860162	-0.0493290778	-0.0669287341	0.0174814268	-0.0360081107	-0.0721928326	-0.0064460829	0.0483379683	0.0267794224	-0.0616613367	0.1164967919	-9.2697e-05	-0.1247582063	-0.0397041476	0.0273689666	0.0282180721	-0.0689217369	-0.0783777695	-0.0273507798	0.0263198585	-0.1763024072	0.0128714314	-0.0482056202	-0.0806385538	0.1132514443	0.0542115	0.0045782	0.00293888673225	2.095991524000004e-05	0.0589283	-0.0084145999999999	7.080549315999991e-05	0.00347254454089	0.123977	-0.004999	2.4990001000000036e-05	0.015370296529	-0.00064764	0.0004440999999999	4.194375696e-07	1.9722480999999994e-07	0.000260804	-2.567899999999997e-05	6.8018726416e-08	6.594110409999984e-10	6.92559e-05	-9.38291e-05	8.803900006809998e-09	4.796379684809999e-09	0.0	0.0	0.0	0.0	0.0	0.0	0.0	0.0	0.0	0.0	1.0	0.0	0.0	0.0
297.8895509678806	-0.3629355672392194	0.1317222259672539	88738.18457584555	297.57138088926484	-1.153845003586753	1.3313582923021132	88548.72672434394	212.95828383088065	-0.1407977464188263	0.0198240053966201	45351.23065219392	212.7287186652191	366.2769455523232	1.326234	32.032375	0.046930255	0.0255137	-0.0428510498	0.112794052	-0.0554546198	-0.0847950929	-0.0754183771	0.0827157835	-0.0176536004	0.0874657236	0.0718805142	-0.1385012365	0.0889280004	0.1650870124	-0.0328098352	0.0922851164	0.1735820954	-0.1091222262	-0.0492387071	0.1404957733	-0.0155913674	-0.0618123093	0.0033635586	0.0954044804	0.0250392572	0.0317108306	-0.1477454301	-0.0630743627	-0.0184573006	-0.0855633485	-0.0114973912	0.1734097512	0.0298375652	0.0843976297	0.0126321111	-0.1515098008	-0.0057923563	-0.0357193525	-0.0941317334	0.012092278	-0.0865937414	0.1418642708	-0.0641756964	0.0030410215	-0.0999505837	0.1507377704	-0.1317575496	0.0410195889	-0.072783067	0.0073546992	-0.0017583441	0.0354349599	0.0554881181	-0.0463971467	-0.0407908119	0.0123210323	0.040507728	0.1385959911	-0.0690956566	-0.0159626172	0.0521188665	0.0500263519	0.0092595397	-0.0034447319	0.0238427899	-0.1117650088	-0.0444918565	-0.1388080739	0.0089529586	0.0507109809	-0.0076416046	-0.1013616201	0.0024600386	-0.1083200904	0.0234718687	-0.1006603096	0.0174163914	0.1321647949	-0.0315336687	-0.0320469664	-0.2066954747	0.04525288	-0.006308648	0.0245657511	-0.0638673147	-0.2018668916	-0.006167359	0.0104877329	-0.0659295751	0.0961313397	0.0042593061	0.1057875441	0.0957489399	-0.1510046374	-0.0962737237	0.0425462295	0.0061797851	0.0125207636	-0.0852062947	0.0697473083	-0.0247939452	-0.02406764	-0.0060947015	-0.0075534637	-0.0020233861	-0.0899850353	0.1248235845	0.0207002436	0.0914701192	0.0141932473	-0.0105486673	-0.0498982941	-0.048329893	0.0757523231	-0.0810705606	-0.0732471705	0.0755324689	-0.1124199049	-0.1065544704	0.000594661	0.0402155099	0.0749126283	0.0398073991	-0.0632400782	0.0030639749	-0.1273430016	0.1511461027	0.1348920359	-0.0691975401	-0.0289954442	0.0268431654	0.0026906981	0.082527555	0.052366486	0.1308494254	0.1416234534	-0.0124245357	0.0193441944	-0.0506475487	-0.0765992869	0.1155651064	0.0542142	2.6999999999943736e-06	0.0029391794816399	7.289999999969617e-12	0.0517873	-0.007141	5.099388100000002e-05	0.00268192444129	0.129369	0.005392	2.9073664000000085e-05	0.016736338161	-0.00106889	-0.00042125	1.1425258321000005e-06	1.774515625000001e-07	0.000161168	-9.9636e-05	2.5975124224e-08	9.927332496e-09	-9.77492e-05	-0.0001670051	2.789070342601e-08	9.55490610064e-09	0.0	0.0	0.0	0.0	0.0	0.0	0.0	0.0	0.0	0.0	0.0	0.0	0.0	0.0
297.4974429004377	-0.3921080674429049	0.1537487365538097	88504.7285322992	297.9308076375647	0.3594267482998816	0.1291875873934264	88762.7661395716	212.5950657202432	-0.3632181106374332	0.1319273958950267	45196.66196859453	212.3636724523796	365.8957353963714	1.067925	25.793478	0.0838284249999999	0.0522229	-0.0413958133	0.0249304968	-0.0655672399	-0.1130955025	-0.025642307	0.0531009764	0.091208129	0.1713433592	-0.0294187873	0.1008477923	-0.0389350151	0.0426204223	-0.1685487832	0.0652626516	0.0089690116	0.0582253487	-0.0632139014	-0.0060995009	-0.072479507	0.0446918296	0.1008910674	0.0871994259	0.0339141873	0.0506747784	-0.088781375	-0.063261995	-0.209787456	-0.029400431	0.0258405869	-0.1795247619	0.0487770579	-0.0039630852	0.0417929511	0.05392799	-0.0087759958	-0.028716671	-0.0442218159	-0.0065806205	0.0798761772	0.0645535262	0.011554799	-0.0658329538	-0.0318645756	-0.1062438178	-0.1313067571	-0.0479571353	0.0799654661	-0.1625074554	-0.0895421216	0.10354742	-0.1086433313	0.0391890864	0.1440965638	0.0628940716	-0.0831492741	0.0752094493	0.0226580111	0.0187030792	0.0749178073	-0.0611175643	-0.0650342768	0.0182385791	-0.1131233665	0.1328476129	-0.114790902	0.0083726883	0.0405386741	-0.0723614153	-0.1098033136	-0.0960458103	-0.0587626018	-0.1070193068	-0.1070292661	-0.0723070814	0.2071837994	0.0130520824	0.004994712	0.0017608472	0.1771478714	0.0637404305	0.0358376114	0.0089929438	-0.0116432517	-0.0123723947	-0.0391964268	0.0131112074	0.0120851167	0.121866945	-0.1170658053	0.0378433719	-0.119005456	0.0115533261	0.0042866928	-0.0211603519	0.1318698593	0.1090696834	0.0341889227	0.0820083283	-0.1475816445	-0.0740577274	0.1064337082	0.0299643242	0.0103122251	0.0074339817	-0.0040727684	0.0882149348	0.0047100442	-0.0766277275	-0.0340717112	0.0592248977	0.170096538	-0.1592928466	-0.0128145419	-0.0460338654	0.0005066949	-0.1074204519	-0.0498716991	-0.0551425522	0.1030315581	0.1105133765	-0.0393337856	-0.0333230774	-0.0852135608	0.1514890359	0.0434795273	-0.0653556712	-0.039681763	0.0765711985	-0.0238781821	0.1117965938	-0.0041632515	-0.1642267878	0.1375918367	0.0366633382	-0.0260539948	0.0021258111	-0.0530639746	-0.0724057592	0.1173552296	0.0542052	-8.999999999995123e-06	0.00293820370704	8.099999999991222e-11	0.0973466	0.0455593	0.00207564981649	0.00947636053156	0.140316	0.0109469999999999	0.0001198368089999	0.0196885798559999	-0.0013771	-0.0003082099999999	1.89640441e-06	9.499340409999997e-08	-5.87057e-05	-0.0002198737	3.44635921249e-09	4.8344443951690014e-08	-0.000115928	-1.8178800000000003e-05	3.3046876944000007e-10	1.3439301184e-08	0.0	0.0	0.0	0.0	0.0	0.0	0.0	0.0	0.0	0.0	0.0	0.0	0.0	0.0
297.6070665517024	0.1096236512647124	0.0120173449166072	88569.96606150943	297.153695467454	-0.7771121701107404	0.6039033249342244	88300.31872996439	212.5094243491001	-0.0856413711431116	0.0073344444512721	45160.2554371859	212.363753071127	364.9544999308992	1.131327	27.324823	0.0425190469999999	0.0281335	-0.0014223384	-0.0750001478	-0.1877126325	-0.0165597167	-0.0733608256	-0.1716745912	-0.0238008058	0.1224220781	-0.0087725705	-0.0480023633	-0.106658978	0.0691566901	0.0875454899	-0.0324403946	-0.0507266762	0.0003980386	0.0299769962	-0.1574094548	-0.0463477363	0.0116024324	0.0692782605	0.1752533916	-0.0655271937	-0.0137585427	-0.0271266445	0.096783981	0.0601323002	0.1435561303	-0.0160848775	-0.0204046201	-0.0234468039	-0.0359242006	-0.0361469081	0.0054562574	0.1391491315	-0.059963945	-0.0815032789	0.0713288261	0.2260050657	-0.0780416071	0.0974462999	-0.0308408274	0.0442254421	0.0971318605	0.0098942879	-0.0125013136	0.0405717446	0.0804007307	-0.0091600008	0.0180333911	0.031905226	-0.0045900637	-0.0404739213	0.0864208124	0.0283301972	0.1740209702	0.0181017841	-0.0956653962	0.0775671724	-0.0470791776	-0.0110277193	-0.0083663149	0.0824110387	0.0862828319	-0.0446614303	0.1584211305	0.0479428553	-0.0178611445	-0.0877598402	-0.1657427046	0.0994357819	0.1102137039	0.045676457	-0.0590800312	-0.0430697136	-0.1440794796	-0.0207420755	0.0368069938	0.0353858301	-0.0559836502	-0.0731241206	-0.0080702157	0.0966217252	-0.0595354732	0.1530304632	0.1069770049	0.0579978135	-0.0559355174	-0.0843640469	-0.0741537248	-0.0658189432	-0.0796719908	0.0124778239	0.0403917937	0.019836493	-0.0267645585	0.0873465515	-0.0142919078	-0.023400909	0.0567838383	-0.0522285157	-0.0009886801	-0.0359823843	-0.0917851622	0.0745378792	0.1556048086	0.1304879299	0.1079522348	0.022601698	0.0573340436	-0.0380128657	0.0125113578	0.138625263	0.017452064	0.044617652	-0.130817745	-0.0499957028	-0.0361723111	-0.0074697546	-0.0145909284	-0.0945504101	0.0646370569	0.0547954609	0.0384324314	-0.0425645433	0.0945275138	0.083960903	0.1111321958	-0.0044396427	-0.0584350988	0.0813110578	0.0707834361	0.0300640568	0.0854095977	0.0003497423	0.0538620096	-0.0554536812	-0.0680664159	0.1186137044	0.0542134	8.199999999999874e-06	0.00293909273956	6.723999999999794e-11	0.100218	0.0028713999999999	8.244937959999977e-06	0.010043647524	0.166429	0.0261129999999999	0.0006818887689999	0.027698612041	-0.00149381	-0.0001167099999999	2.2314683161e-06	1.3621224099999975e-08	4.93304e-06	6.363874e-05	2.43348836416e-11	4.0498892287876e-09	-2.57478e-05	9.01802e-05	8.132468472040002e-09	6.629492048400001e-10	0.0	0.0	0.0	0.0	0.0	0.0	0.0	0.0	0.0	0.0	0.0	0.0	0.0	0.0
297.7449423035205	0.1378757518180577	0.0190097229393946	88652.05066732674	297.2425058902065	0.0888104227524877	0.0078872911894755	88353.10730788943	212.4475202029529	-0.0619041461472136	0.0038321233102155	45133.94884038407	212.210735111828	366.4965267864286	1.307436	31.578365	0.1313801655	0.0775594	0.0961257954	0.1298381857	-0.1106279067	-0.0842097959	0.0050827009	0.0826001244	-0.1882977659	0.1090177592	-0.0228752454	-0.0370991657	0.0801746325	-0.084430541	-0.0010724482	-0.0985385015	-0.0670241313	-0.0424728169	-0.0669145683	-0.0039688081	-0.1575204813	-0.1003500724	0.0645735788	0.0954214876	-0.0113057773	-0.0346490827	0.1086868528	-0.0278680182	0.088987703	-0.109541948	0.0637486918	0.0195139708	-0.0804211015	0.040024477	0.0849414114	0.0515675093	0.0662407998	-0.0536854018	-0.0504366916	0.1083161973	-0.0933909649	0.0801244779	0.019466972	0.0554687561	0.089115458	-0.0707609081	0.0353689491	0.0621568166	0.0108445452	-0.0081689602	-0.1871257038	0.0378414873	-0.0080977677	-0.0267821508	0.0425735295	0.1599046682	-0.0397832545	0.1027425219	-0.0379282055	0.1784496093	-0.0003604958	-0.0427128544	-0.1683810893	-0.2083853489	-0.0075258081	0.0899778288	-0.087266957	-0.0352678568	0.190607594	0.0441529615	-0.0740393216	-0.0804242425	0.0281319542	-0.0034184757	0.0046347208	0.1198231739	-0.0912421676	0.097881276	0.0445862569	-0.0015343383	0.0039017904	-0.0215679607	0.0040073228	-0.1985427829	-0.0298991781	0.0024226353	0.0409650155	-0.0479193034	-0.1624260852	0.0303509593	0.0984883972	-0.0258183439	-0.0790721025	0.0028584413	0.026300149	-0.0826455572	0.0186966563	-0.02845681	0.0973130516	0.1912864286	-0.0373782107	0.0753346935	0.0008440072	0.1021383012	-0.0768789293	0.0118326764	0.0320781552	0.0681889828	0.0688559587	-0.1248260331	0.2630710916	-0.0595650218	0.093235629	-0.1343429762	-0.0747780536	0.0133706488	0.1654541319	-0.0513366076	-0.0838075293	0.0426823963	0.1262492849	-0.0136221748	-0.0461967134	-0.0691893901	0.0053674765	-0.0571812682	-0.0293402942	0.027949787	-0.0952779282	-0.0537184966	0.0517562427	-0.0634534875	0.0617935074	-0.0112550302	-0.0547812023	-0.0215239745	0.0013878994	0.055939199	-0.0578154653	-0.0635899959	0.1193348294	0.048142	-0.0060714	0.0023176521639999	3.6861897960000056e-05	0.0378682	-0.0623498	0.00388749756004	0.00143400057124	0.137669	-0.0287599999999999	0.0008271375999999	0.018952753561	-0.000966407	0.000527403	9.33942489649e-07	2.78153924409e-07	-6.99307e-06	-1.192611e-05	4.89030280249e-11	1.422320997321e-10	-0.000170398	-0.0001446501999999	2.0923680360039996e-08	2.9035478404e-08	0.0	0.0	0.0	0.0	0.0	0.0	0.0	0.0	0.0	0.0	0.0	0.0	0.0	0.0
298.33800793645264	0.5930656329321664	0.3517268449652311	89005.56697949088	298.07565905051894	0.8331531603124631	0.6941441885386449	88849.09851840121	212.6299715728016	0.1824513698487067	0.0332885023596695	45211.504811050414	212.4308934559193	366.96937016478114	1.240634	29.964895	0.0724280915	0.0432026	-0.0961581971	0.0346041723	-0.0960283056	-0.1330480031	0.0079002192	0.0699975297	0.1062029232	0.1639661481	-0.0241221385	-0.0474215299	0.0494251009	0.0694748522	-0.1482067896	0.0414720961	0.096644536	0.0352720404	0.0158252021	0.0456913447	-0.0764237546	0.0410081121	0.1899392756	0.0999149248	-0.0574564697	0.0471583719	-0.0367357267	-0.0953350772	-0.0066164509	0.0054593352	0.1622722909	-0.0099019415	0.0188609016	0.1011636236	-0.0670058322	-0.0055938348	0.0467364928	-0.1133990734	0.209969666	-0.0849980665	-0.0544314391	-0.0537508589	-0.0018782381	-0.021550345	-0.044814708	-0.0586464021	-0.0258651759	0.1864455831	-0.0362331899	0.0333651187	0.0761013626	-0.1137953045	0.156487398	-0.1146403333	0.0149339149	0.0486713138	-0.0929062611	-0.0990368049	0.0478935156	0.199521141	0.0807709607	-0.092535177	0.0266312527	0.057399399	0.0689729015	-0.0838623337	0.2034551716	-0.0460170346	0.0368612245	-0.0894899216	-0.1898238414	-0.0844613475	0.0633374547	-0.1470286796	-0.0861661786	-0.009415002	0.0227418389	0.0064268917	0.1616286368	0.0586122435	-0.067702776	0.097613087	0.0234671958	0.077933499	0.1299933789	-0.0058013664	0.0490353637	-0.1754700203	-0.0041919185	0.0290046668	-0.0657962103	-0.0272869372	0.0542699733	-0.0631311226	-0.0416700465	-0.1312396087	-0.1236242755	-0.0620152211	-0.1047612523	-0.0583724171	0.1881779578	0.0343220328	0.0895319399	0.0538962686	0.0090130492	0.1129570187	-0.1301740633	0.0829073347	0.1083145014	-0.1711008265	-0.0542288438	-0.0502572715	-0.0584599647	0.136749686	-0.0463476161	-0.0803734887	-0.0272637326	-0.1473299911	-0.0927012256	-0.0333769258	0.0411939347	0.1303807908	0.0443460308	-0.0950580759	-0.0425150378	0.1180327213	0.0859210644	0.0439578185	0.0531028976	-0.0871566539	-0.0408307936	-0.0439694715	0.0312030747	0.0326621234	0.0501517503	0.0167712688	0.0901419205	-0.0235545342	-0.0601481375	-0.0589855141	0.1195153378	0.0452274	-0.0029145999999999	0.00204551771076	8.494893159999978e-06	0.0727619	0.0348937	0.00121757029969	0.00529429409161	0.113167	-0.024502	0.000600348004	0.012806769889	-0.0010724	-0.000105993	1.15004176e-06	1.1234516049000018e-08	-7.09939e-05	-6.400083e-05	5.04013383721e-09	4.0961062406889e-09	-0.000138036	3.2362e-05	1.047299044e-09	1.9053937296e-08	0.0	0.0	0.0	0.0	0.0	0.0	0.0	0.0	0.0	0.0	0.0	0.0	0.0	0.0
298.0290145596832	-0.3089933767694219	0.0954769068873699	88821.29351941588	297.4999118032335	-0.5757472472854488	0.3314848927567717	88506.1975229317	212.68990394595383	0.059932373152236	0.0035918893516588	45236.995240539065	212.50121325485463	371.0122684922638	1.304286	31.502291	0.0984756549999999	0.0564298	0.0661130079	-0.1037220455	-0.1488520731	-0.0193860596	0.0237126835	-0.1708478889	-0.0279853649	0.0830354991	-0.0443052964	0.0553305344	-0.1828776273	0.0709147488	0.015720973	0.054737083	-0.1011949242	-0.1033692786	0.0107380878	-0.1840321214	0.028938344	-0.0412200483	-0.01322578	0.0868392009	-0.0233347061	0.0788937863	0.0143376592	0.1328031366	-0.0842289859	-0.0309092501	-0.0105498988	0.0496993994	0.0250837501	0.0362764336	0.0811736307	0.058383198	0.0093304804	-0.1121473251	0.0540712494	0.0415204193	0.0827336974	0.039126963	-0.0499965145	-0.0677465922	-0.1725040548	-0.0557878546	0.1169632765	-0.0547205797	0.0011777269	0.2017817914	-0.0827439799	0.0120296714	0.0124901786	0.0431477907	-0.0143914408	-0.0164315562	0.0328000785	0.0028935185	0.0676415011	0.0399624604	-0.0453935065	-0.0320331564	-0.0216277693	0.1504222326	0.011840712	0.0033589203	0.0285635706	0.1880057031	0.0068490001	0.0519340377	0.003305339	-0.0805366155	0.0258900677	0.1329103635	-0.0914427939	-0.0559860686	0.0886623143	-0.0098509436	0.0167506618	-0.0616565295	-0.0035043328	0.038135505	0.0887919263	-0.0498145044	0.1418434075	-0.0123313948	0.0460518971	0.0526841889	-0.0340600596	0.0762020955	-0.0419042286	0.1238020046	0.0530099828	0.0998010578	0.0145074871	-0.0191038332	-0.0577202747	-0.1206337706	0.1418960878	-0.0065217093	-0.003776152	-0.0608563835	-0.0391099582	0.0051969817	-0.0091685637	-0.0283202383	0.0140654378	-0.0399419584	0.076289902	-0.0841968942	-0.0577412209	0.0032681776	-0.0820395402	0.1084382926	0.1391817663	0.0809680631	0.0584793198	-0.0963605927	-0.0720342712	-0.0080888596	-0.0269227901	-0.0303288066	-0.0473488824	-0.0006351803	-0.0561931234	0.0907665081	-0.1394193072	-0.0047168899	0.0670811579	0.1513902646	0.1127343991	-0.028688873	0.0168852466	-0.0326593602	-0.0214206364	0.0013951691	-0.0130279996	-0.0324435686	-0.0624505233	-0.0542622434	0.1191544118	0.0542213	0.0089938999999999	0.00293994937369	8.089023720999998e-05	0.0948062	0.0220442999999999	0.0004859511624899	0.0089882155584399	0.15774	0.0445729999999999	0.0019867523289999	0.0248819075999999	-0.00143876	-0.00036636	2.0700303376000004e-06	1.3421964960000001e-07	-4.60929e-05	2.4901e-05	2.12455543041e-09	6.200598009999998e-10	-7.20079e-05	6.602809999999999e-05	4.3597099896099994e-09	5.1851376624099995e-09	0.0	0.0	0.0	0.0	0.0	0.0	0.0	0.0	0.0	0.0	0.0	0.0	0.0	0.0
298.3063177561165	0.2773031964333086	0.0768970627521301	88986.65921321316	298.48436529606204	0.9844534928285498	0.9691486795423316	89092.91632619301	212.84864966630064	0.1587457203468147	0.0252002037284291	45304.54766476758	212.6176587430081	370.31755340899593	1.377074	33.260307	0.1473752099999999	0.0884150999999999	0.0161528783	0.1222050055	-0.0539833575	-0.106468504	0.0550510321	0.1186230712	-0.0994296655	0.0702338269	0.0404761562	-0.1246792573	0.0997293438	-0.0064674986	0.0967027557	0.0220608397	-0.122381315	-0.0604512482	-0.015612625	0.1065625995	-0.0485549015	-0.0901842338	0.0180264492	0.0341371357	-0.0486145443	-0.0803573478	-0.1190178112	0.0467175474	0.1068202619	-0.1251201181	-0.0229356896	0.0104919553	0.0292691411	0.0773515559	0.0320300999	0.1445542395	0.0215321383	-0.1125925284	-0.018652374	-0.0290060791	-0.0861589214	0.0130205642	0.0203543429	-0.0321938338	-0.0165908757	-0.0346689064	0.0450153917	-0.1089140053	-0.1348800648	0.1195073065	0.1066260416	-0.1662603443	-0.043907987	-0.0388603863	-0.0489351821	-0.0349852767	0.1279660835	0.0617244404	0.1845508504	-0.0088900716	0.0186579847	0.0338673154	0.0188152953	0.0408841745	-0.0214961445	-0.0504969823	-0.058791573	-0.124385489	0.0587992973	0.0653702581	-0.022227418	-0.0220589954	0.0757629849	0.0259804374	0.1573395474	-0.0364811209	-0.0462320893	0.1354553761	-0.0279183664	-0.0181309808	0.0096242857	0.0826723184	-0.0738569326	-0.1808427711	0.0701007113	0.0253046687	-0.0500727302	-0.1181982285	-0.0337876206	0.0598328236	-0.0466565593	-0.0035525337	0.0244340277	0.0859253339	0.0175890257	0.1099300266	-0.0943739232	-0.1811787654	-0.037500216	-0.1416196176	0.0036426073	0.0690675662	0.021246681	-0.1330948563	-0.0682780463	-0.1395268825	-0.0759391025	0.0064765337	0.0271495048	-0.0056585351	-0.0157517289	-0.0269302987	0.0178820758	0.0536963696	-0.1053459885	-0.0405040954	0.089189975	-0.0434846491	-0.0864088948	0.0334420453	0.0391033505	-0.0486840349	0.0193069298	-0.024842062	0.0258203731	0.0136712112	-0.0154752975	0.0419092865	-0.1001097569	-0.1690527341	0.072110161	-0.077670581	-0.0301873563	0.0739210201	-0.0876011051	-0.0018286281	0.0578524328	0.0209968476	-0.0647214634	-0.0494296957	0.1182536866	0.0516725	-0.0025487999999999	0.00267004725625	6.4963814399999845e-06	0.0268752	-0.0679309999999999	0.0046146207609999	0.0007222763750399	0.128022	-0.0297179999999999	0.0008831595239999	0.0163896324839999	-0.000662691	0.000776069	4.39159361481e-07	6.022830927610001e-07	-0.000144141	-9.80481e-05	2.0776627881e-08	9.613429913610001e-09	-0.000141439	-6.943110000000001e-05	4.820677647210002e-09	2.0004990721000003e-08	0.0	0.0	0.0	0.0	0.0	0.0	0.0	0.0	0.0	0.0	0.0	0.0	0.0	0.0
297.90248915502394	-0.4038286010925844	0.1630775390603937	88745.89304475916	297.6321561487415	-0.8522091473205364	0.7262604307767958	88584.90037374884	212.819229473965	-0.0294201923356354	0.0008655477170657	45292.02443389218	212.61121545318483	368.90391499222005	1.087614	26.269033	0.129029465	0.094719	-0.0735863139	0.0171853221	-0.0688487719	-0.1099157701	0.0460977425	0.0494731308	0.1270689202	0.1534486076	-0.0440870294	0.1011787224	-0.0253589319	0.0350358256	-0.1581568318	-0.0142415424	-0.0438808301	0.046878422	-0.0359606319	0.0295708961	0.043477497	0.0615581639	0.0884483854	0.068548455	0.0453404044	-0.0013237821	-0.1064482864	-0.0517489828	-0.1499379064	0.0397301803	0.0944103348	-0.0175926738	0.0954423101	-0.0784338127	0.1202436681	-0.0561681874	0.0077119475	-0.0649201842	0.0078348286	-0.0072292009	-0.0642620931	0.0765905468	0.0978057027	-0.0883422781	0.1512188249	0.2115108971	-0.0908389643	-0.0164644871	0.0249497537	-0.0826121465	-0.2231876796	0.0729454739	-0.0268072789	0.0235505337	-0.0533883164	-0.0085914968	0.1433313856	-0.1390647818	-0.1123188478	-0.2354369362	-0.0514230148	0.1228092746	0.0060425922	-0.0562577005	0.0510770785	0.1215599082	0.0778180307	-0.0169999732	-0.075876953	-0.0506855749	-0.084065285	-0.0599424886	-0.0325698273	-0.115616112	-0.0070478466	-0.0495516787	0.1482848817	-0.0629101521	0.0368064431	-0.1208346577	0.0436568828	-0.0315393657	0.0330658557	-0.0776569226	-0.0640547124	-0.1148804783	-0.0353609328	-0.0867311606	-0.066617182	-0.0010964477	0.0095803284	-0.0994536312	0.0624713331	-0.1819900547	0.137602212	0.1473824309	0.1844672285	0.0040144659	0.0264247326	0.1654346119	-0.0377152092	0.0334245958	-0.1344985814	-0.1007100698	-0.0131043199	0.1511957851	0.0604513966	-0.0211850291	-0.1446212341	0.2015172248	0.0089754785	0.1614978653	-0.0637791587	0.0972576079	-0.0109600039	-0.0655540712	-0.0317911311	-0.1019903979	-0.0434445321	-0.0595586285	0.0854956441	0.0427938443	0.021573202	-0.0252598826	-0.1146290796	0.1980083553	-0.0247132978	-0.1131240016	-0.0445551429	0.0222846743	0.059869781	-0.0005167896	-0.0045663283	-0.0615376041	0.041793144	-0.0368928003	0.023586605	-0.020986522	-0.0669598143	-0.0444976032	0.1168172427	0.0477582	-0.0039143	0.00228084566724	1.5321744490000018e-05	0.114776	0.0879008	0.00772655064064	0.013173530176	0.133751	0.005729	3.282144100000014e-05	0.017889330001	-0.00119517	-0.000532479	1.4284313289e-06	2.83533885441e-07	-0.000144141	0.0	2.0776627881e-08	0.0	-4.42107e-05	9.72283e-05	9.453342320890002e-09	1.95458599449e-09	0.0	0.0	0.0	0.0	0.0	0.0	0.0	0.0	0.0	0.0	0.0	0.0	0.0	0.0
298.1222718968354	0.219782741811457	0.0483044535981616	88876.88900093065	297.7864987958836	0.154342647142073	0.0238216527268224	88676.79886511077	212.70322222982853	-0.1160072441364832	0.0134576806921416	45242.66074695182	212.5279599411543	368.9531649101557	1.093825	26.419041	0.0670535715	0.0401116	0.0119359132	-0.0608546564	-0.145716234	0.0010591278	-0.0182740567	-0.1426774426	-0.040692004	0.0738655958	-0.054054131	-0.0698276941	-0.0537198232	0.009278163	0.1211362996	-0.055805929	-0.0443912814	0.0459339587	0.0428289982	-0.0942265565	-0.0105472447	-0.0063910663	-0.0259906663	0.1071852967	-0.0508931342	-0.0386254367	0.0156219716	0.0479229487	0.0550905332	-0.0663192147	-0.0455454949	0.0135165612	-0.0102332811	0.0513690855	-0.043177961	-0.0120000237	0.0634402605	0.0750593375	-0.0762839724	-0.039045535	0.0234733178	0.2039651154	-0.0520831552	0.0176582434	-0.0327026485	0.1507542367	-0.024205413	0.0295076553	0.0014642991	-0.006978021	0.0034924665	0.01071239	0.0165377684	0.0657834376	0.0579031397	-0.1091195349	0.1476451654	0.0494826822	0.1294196271	0.0404717021	-0.1797698502	0.051270245	0.0462642432	-0.0315886879	0.0515835164	-0.1224156282	0.071552428	0.0914905001	0.0194771585	0.0038887235	0.0161193948	-0.0986367415	0.076631778	0.0757120925	0.0580760792	0.023382361	-0.0404698834	0.0334804282	-0.0560074386	-0.012987236	0.0167919118	0.0016966654	-0.1320427929	-0.0202151237	-0.0633517262	-0.0064171893	0.0846290964	0.0307143547	0.0227920373	0.1168347104	0.0925605881	0.0831212683	0.0935666131	-0.1178304006	0.0170261556	0.0253272709	0.05332369	-0.0157858247	-0.0164894423	0.0072704597	-0.000146695	-0.1473685059	-0.0073284012	-0.1404174233	-0.0169935683	-0.1201512344	-0.0781590557	-0.1534795397	-0.0267576983	-0.0409334498	0.0313577135	-0.0610137423	-0.0795628851	0.113823259	0.11866661	0.0195984252	0.0500542972	-0.0849107397	-0.0463397527	-0.0402116073	-0.0340712783	-0.0837959281	-0.0447538316	0.0642410079	-0.0280783316	0.0647757216	-0.0327249206	0.068046676	-0.0081842977	-0.0907493692	0.0400667819	-0.1296679456	0.0213432453	0.1003766611	-0.119164013	0.0552118884	0.0487423139	0.0746571613	-0.0691644489	-0.0394758984	0.1148515874	0.0542443	0.0064861	0.00294244408249	4.206949321000002e-05	0.0983409	-0.0164351	0.00027011251201	0.0096709326128099	0.168988	0.0352369999999999	0.0012416461689999	0.028556944144	-0.00121631	-2.1140000000000004e-05	1.4794100161e-06	4.4689960000000016e-10	5.11183e-06	0.00014925283	2.6130805948900004e-11	2.2276407263008896e-08	-3.66961e-05	7.514599999999997e-06	5.6469213159999954e-11	1.34660375521e-09	0.0	0.0	0.0	0.0	0.0	0.0	0.0	0.0	0.0	0.0	0.0	0.0	0.0	0.0
298.7443090499433	0.6220371531078968	0.386930219846577	89248.16218972803	298.65350401552416	0.8670052196405891	0.7516980508840261	89193.91546075071	212.8460478621835	0.1428256323549703	0.0203991612575971	45303.44009055091	212.66625931392343	371.2720666787685	1.145685	27.671598	0.0668228035	0.042705	0.0880375771	0.0876513043	-0.0267445418	-0.0097952786	-0.0252288745	0.04595978	-0.1421685531	0.0013363716	-0.0325922414	-0.005615747	0.0139619913	-0.0148568376	-0.1022399888	-0.1228749707	0.0709343846	-0.0057998248	0.0467116933	0.0098010226	-0.0806097396	-0.0595698639	-0.0636473968	0.1214168616	-0.0274217931	0.0652808126	0.0381499393	-0.1491613705	-0.0101142667	0.0756026438	-0.0041162717	-0.0749765832	0.0549975463	-0.0684308531	-0.0673607799	-0.1757302936	-0.0613765293	0.0283246727	-0.014332222	0.0520213136	-0.0349421713	0.0092111397	0.0597912312	0.0669515912	-0.0817062352	-0.0192158392	0.0408926413	-0.0518821055	-0.1215187957	0.0575320816	0.0563720432	-0.0253375611	0.0308319397	0.1122525217	0.0067442026	0.172723216	0.0549436098	0.0618693321	0.0736770973	-0.1122799872	0.0506343051	0.0608520335	-0.1581057097	-0.0293701424	-0.0950986203	0.0668596325	0.0668840517	-0.0161548861	0.100974924	0.0315293792	0.0584966839	-0.1227206738	0.030200851	-0.1108586512	-0.0982917279	0.0339961869	-0.0548685304	-0.0433701605	0.0072569134	0.0349135188	0.0632061785	-0.0148736592	0.0196576096	0.1557827973	-0.0451434593	-0.1248272578	-0.0647381324	0.0635018288	-0.0516703678	-0.0124464966	-0.0185388541	-0.0110943722	0.070646033	0.1136850254	-0.0695299985	0.0521662457	-0.0853378219	-0.0714966947	-0.0331658972	0.0228981735	-0.0576853039	-0.0048442108	-0.0869175464	0.0243341059	-0.2276403251	-0.139379663	-0.0216141959	0.0961807619	-0.0812846084	0.0284169954	0.0657928121	0.1606280858	0.0800987177	-0.01355266	-0.0162091745	0.0130928878	0.1428397365	-0.0257053395	-0.0442541113	0.0123865365	0.0167059508	0.0351863145	0.037315539	-0.021734233	-0.1933063756	0.0563806572	0.0483563809	0.0822670352	0.0560424696	-0.0699460529	0.0263554348	-0.0122060151	-0.043167794	0.0009379792	0.0328112674	0.0210122731	0.0371721397	0.0009355895	-0.0713342571	-0.0343746944	0.1123656258	0.0542239	-2.040000000000375e-05	0.0029402313312099	4.1616000000015286e-10	0.0594696	-0.0388713	0.00151097796369	0.0035366333241599	0.156189	-0.012799	0.000163814401	0.0243950037209999	-0.00110237	0.0001139399999999	1.2152196169000005e-06	1.2982323599999973e-08	0.000117729	0.00011261717	1.3860117441e-08	1.26826269788089e-08	-0.000112781	-7.608490000000001e-05	5.788912008010001e-09	1.2719553961e-08	0.0	0.0	0.0	0.0	0.0	0.0	0.0	0.0	0.0	0.0	0.0	0.0	0.0	0.0
299.0879261806762	0.3436171307329232	0.1180727325331268	89453.58758705763	299.68835996676097	1.034855951236807	1.0709268398102365	89813.1130995669	212.92247247366527	0.0764246114817694	0.0058407212401394	45335.97928429874	212.66535653180856	370.96518979293086	1.035118	25.001089	0.0568592849999999	0.0355206	-0.0676991663	0.0821314821	0.0563048185	-0.0112134915	-0.0288915164	0.103882693	0.0287001917	-0.0550460462	0.002927699	-0.0806606609	-0.0724769847	-0.0188896693	0.052143608	-0.0499000153	-0.009557738	-0.0264468687	0.0837325004	0.1178536564	-0.0389749394	0.0541785886	0.0238798505	0.0600920761	-0.0910355789	0.0279692588	-0.0383795949	-0.0375324275	0.0511699811	-0.0197171231	0.1216937731	-0.004273417	0.0291508726	-0.2016842036	-0.0421207335	0.0250980522	-0.0780201243	0.0643700758	-0.0511607396	-0.0135362498	0.0647852699	-0.034477572	-0.0024487977	0.1056258339	0.0515312349	-0.026626433	-0.0672886877	-0.0459563246	-0.1574612305	0.015402998	0.1553101026	0.0277612275	-0.1131476155	0.0546942086	-0.0697814516	0.0261294375	-0.0245989978	0.0338462056	0.0802231968	-0.017991471	-0.0014612227	0.035056022	0.154526426	-0.0185766251	0.0356189778	0.1488256035	-0.1970679949	-0.1172146241	0.0030073149	-0.0664374094	-0.0165657586	-0.0506590879	0.1100078477	-0.0188115925	-0.0003692128	-0.0356810447	-0.0427281202	0.0140879965	0.1070027339	-0.0587849809	0.0754571478	-0.14654815	-0.0484149408	0.0343248106	0.0056346471	0.0056162673	-0.1235236214	0.0646926934	0.0804534454	-0.0038961861	0.0243184117	-0.0049733939	-0.1009402271	0.0163866483	-0.1078187792	0.0722741308	-0.0289069148	-0.0269383325	-0.1481262494	-0.0846500191	-0.0803618261	0.0456560183	-0.1059381402	0.0281578299	-0.0375992747	-0.1135836548	-0.0744600936	-0.0432459313	-0.0656122057	0.1490084603	-0.0566359903	-0.132938894	-0.0160055495	-0.2050039702	-0.0749304121	-0.0801383884	0.0127503071	-0.0308651053	-0.0274964215	-0.0245315656	-0.0509360114	-0.1094454483	0.0257706646	0.0377415579	-0.0972823339	0.0834669918	0.0525977906	0.0611729327	0.0281500948	-0.0675366778	0.0865697261	-0.0275761926	0.0027551946	0.0222523682	-0.0488843126	0.0888058786	0.0167228967	-0.0117504511	-0.0734681463	-0.0292042644	0.1093706198	0.0566941	0.0024701999999999	0.0032142209748099	6.101888039999994e-06	0.0711892	0.0117195999999999	0.0001373490241599	0.0050679021966399	0.125039	-0.0311499999999999	0.0009703224999999	0.015634751521	-0.000911888	0.000190482	8.31539724544e-07	3.628339232400002e-08	9.64729e-05	-2.1256099999999995e-05	9.30702043441e-09	4.518217872099998e-10	-9.41294e-05	1.865160000000001e-05	3.4788218256000037e-10	8.860343944359999e-09	0.0	0.0	0.0	0.0	0.0	0.0	0.0	0.0	0.0	0.0	0.0	0.0	0.0	0.0
298.93009449613766	-0.1578316845385643	0.0249108406442808	89359.20139546979	299.2344369562366	-0.4539230105243632	0.2060460994835011	89541.24826051595	212.8774614074472	-0.045011066218052	0.0020259960820858	45316.81357527918	212.6526926580325	376.7872137205332	0.926758	22.383877	0.0598959249999999	0.0315259	-0.0756563095	-0.0413254364	0.0663251503	-0.0136907661	-0.0686522609	0.0169504735	0.0850515132	-0.0179409559	-0.0117156525	-0.0305629692	0.0715712928	-0.000591326	-0.1319913729	-0.1337817845	0.0448309502	4.066e-07	-0.0078630252	0.0046646907	0.0071378275	0.0744742377	0.1050366724	0.0697400843	-0.0336160358	0.0052729	0.0578779624	-0.0610768476	-0.026743147	-0.0287752755	0.0535445471	0.0285902856	-0.07291078	-0.1301645315	-0.0019998361	0.1417474926	0.0096824608	0.0271782183	-0.0099600606	0.1141215136	-0.0762602738	-0.1585632874	-0.1365388545	0.0907921756	0.0382216701	-0.058460578	-0.0842913527	0.1575151362	-0.0643511226	-0.1023411489	0.0703808811	0.0062550999	-0.0079607585	0.1305673403	0.1341365903	0.0327562707	0.1296089651	0.059980092	-0.1682443223	-0.0315798346	-0.0532097436	-0.031675218	0.0093978776	-0.0217138307	0.033408822	-0.1857160565	-0.075155603	-0.0002058883	-0.0386690612	-0.0773123186	-0.1012544844	-0.048359091	0.0318303001	-0.0612141538	-0.0493593221	0.0758188619	0.0362332152	0.0220787418	0.022496698	-0.015398593	0.0129496591	-0.1379011504	-0.0150178546	-0.0768172697	0.0271477222	0.1319333649	-0.0521408521	-0.0962475819	-0.0649062199	-0.1733597958	0.0598059791	0.0379644419	-0.1549303058	-0.0261220542	-0.1270809313	-0.1499428607	0.072691021	0.0313901728	-0.1354110897	-0.0041174004	-0.0564252721	-0.127368163	-0.0063968184	0.0147084038	-0.153289978	0.0257780117	0.1052773711	-0.1053367029	0.0690988965	0.0954342375	0.0635293058	-0.0519119629	-0.0408252554	-0.089495345	0.010816214	-0.0521121787	-0.0482253624	-0.0818928622	-0.0083767322	-0.0389283826	-0.048790005	0.0420893846	0.0981105408	-0.0010017934	-0.1579359845	0.0774682621	0.0473263854	-0.0249273086	-0.0599931757	-0.1098223115	-0.0110698787	0.0237588477	-0.0173860455	-0.0637703743	0.0069482846	0.0029251796	0.0581865331	0.0385316907	-0.0755650422	-0.0239750208	0.1058801375	0.0542295	-0.0024645999999999	0.00294083867025	6.074253159999987e-06	0.0949697	0.0237805	0.00056551218025	0.00901924391809	0.129762	0.0047229999999999	2.2306728999999784e-05	0.0168381766439999	-0.00116222	-0.000250332	1.3507553284e-06	6.266611022400001e-08	-0.000144141	-0.0002406139	2.0776627881e-08	5.7895048873210016e-08	-0.00018174	-8.761060000000001e-05	7.675617232360001e-09	3.30294276e-08	0.0	0.0	0.0	0.0	0.0	0.0	0.0	0.0	0.0	0.0	0.0	0.0	0.0	0.0
298.57893268546184	-0.3511618106758192	0.1233146172771198	89149.37904358955	299.7899942893016	0.5555573330649963	0.3086439503222912	89874.04067597949	212.59842819452567	-0.2790332129215471	0.0778595339133214	45198.09167078289	212.40845775752103	375.7227786418397	1.082929	26.155867	0.04242746	0.0236672	0.0666824587	-0.0976339169	-0.0019773934	0.0789028798	-0.0997755051	-0.1332870046	-0.0268751108	-0.0332412141	-0.0062204109	-0.0136865653	-0.0890665184	-0.0186633718	0.0473645459	-0.0783441919	0.0034852557	-0.0053142686	-0.024480054	-0.1216610402	-0.0396875812	-0.0599601822	-0.0294495202	0.1014428535	-0.1268702888	0.0313535535	0.0569116427	0.1150463721	-0.000447542	-0.0175463055	0.0743061426	0.0071975522	-0.0295235223	-0.0214199861	0.0293697031	0.0646805779	0.0050059729	0.1024217798	-0.0250252217	-0.0591231019	-0.0704012961	0.0041080633	-0.0443028136	0.1621112505	0.0601319681	-0.1028627455	0.2451172543	-0.0159545425	0.0085960407	0.0525123655	0.0407659507	0.0031827819	0.0154790775	-0.0555907536	-0.1948303062	-0.0726313866	0.0244052732	0.107681085	-0.1492090549	-0.2029662446	-0.0743196988	-0.140863856	-0.0405767048	-0.0192892533	0.0087142991	0.0433790092	0.0966954652	0.1098469115	0.0714896074	0.0462180521	0.0185823108	-0.0931428265	0.1257802538	0.1377022919	-0.0234499274	0.0104317141	0.0152338646	0.0160472479	0.0857631358	-0.0252244669	0.0277119223	-0.0611437512	-0.0416774864	-0.0621069906	-0.0833715384	0.1106367407	0.0105511726	-0.0278173546	0.0649386839	-0.0202377869	0.1754556383	0.017803391	0.0319153492	0.1534612003	0.0257948188	-0.0659991904	-0.1692014456	0.0288424928	0.0348829879	-0.0636285872	0.0238464437	0.1436534509	-0.1020238307	-0.0244154021	0.1273359208	-0.0589348455	0.1774302802	-0.0682737053	0.0723025691	0.0911778505	-0.0137867091	0.2249382006	-0.0402624089	-0.0050321087	0.1109365107	0.0678324193	0.0582585179	-0.0484889302	-0.0042761654	-0.0039802486	-0.1443072681	-0.1168190181	0.0021642179	0.0594198161	-0.0798268762	0.0319105632	-0.0221550072	0.0145076641	0.0166001158	-0.0175484714	0.0852867968	-0.0177858598	0.0293364724	0.0571874099	-0.1171666544	0.0082925338	0.0076256639	0.0834408493	-0.0776238888	-0.0186974948	0.1019099918	0.0542365	7.000000000000062e-06	0.00294159793225	4.900000000000087e-11	0.0900035	-0.0049662	2.466314244000004e-05	0.00810063001225	0.149979	0.020217	0.000408727089	0.022493700441	-0.00130176	-0.0001395399999999	1.6945790975999995e-06	1.9471411599999962e-08	-1.61168e-05	0.0001280242	2.5975124224000003e-10	1.6390195785640002e-08	-0.000104559	7.7181e-05	5.956906761000001e-09	1.0932584481e-08	0.0	0.0	0.0	0.0	0.0	0.0	0.0	0.0	0.0	0.0	0.0	0.0	0.0	0.0
299.1869059437718	0.6079732583099826	0.3696314828200568	89512.80468820737	298.89094206411625	-0.8990522251853577	0.8082949036107431	89335.7952479749	212.83622732941384	0.2377991348881778	0.0565484285535657	45299.25966381793	212.6074231140373	375.1129133792613	1.262681	30.497393	0.1512237649999999	0.0812997	0.0329531831	0.0878201842	0.1081362132	-0.0312004688	-0.0668678415	0.1174068337	-0.0905393902	-0.0396801926	0.029290233	-0.0400550016	0.1310557646	-0.0631201684	-0.0546478422	-0.1053290419	0.0557059517	-0.0298913165	0.0331735321	0.1055070879	-0.0637057508	-0.0720645344	0.013440679	0.054220666	0.0133142018	-0.02948397	0.1371147127	-0.0261122351	-0.0046252221	-0.0841696735	0.0266701595	0.054153364	0.1051770263	-0.001940065	-0.0713172784	-0.0203303663	-0.0737881283	0.0341831556	-0.0193403945	0.0082420787	-0.0561317063	0.0553804715	-0.1078325053	0.0905404802	0.0855963424	-0.0232970662	-0.0523509728	0.0591846181	0.1490201123	0.1265335732	-0.1235005562	-0.0294270662	-0.0586845004	0.0441727382	-0.2095255048	0.0327420435	-0.0143020267	-0.0510400111	0.0797867949	0.0654421713	-0.1035542606	0.0623393807	-0.0561449219	0.08763375	-0.0289844248	0.0389519966	0.1449723438	-0.1197011718	0.077465025	0.0433785659	-0.0167735544	-0.0461035761	-0.0124486716	-0.0232435512	-0.0223441537	0.1491682792	-0.0352851467	0.051377056	0.0190492251	-0.0997676418	-0.0289576532	0.0495401665	-0.0363557091	0.0657182284	-0.0660996212	9.1025e-06	-0.0939798936	-0.0393985959	-0.0394606151	0.0085490516	0.1427478159	0.0525472108	-0.0544672216	-0.0615955743	-0.0621727793	-0.0441827943	0.0705057266	-0.0176764311	0.1916800812	-0.0001400483	0.0880266097	0.0628799703	-0.135880627	0.0878548341	0.0305361125	-0.0825888375	-0.0725820584	-0.1090152936	-0.0505575951	-0.0832269376	-0.0308229191	0.0386724228	-0.0112038567	0.1891063083	-0.1126474865	-0.0047557678	0.0706949183	-0.0107402368	0.0304957853	0.0345790189	0.004080553	-0.0080481156	0.0985207934	-0.1137964804	-0.0517719753	-0.0736286101	0.0882754091	0.0717540156	-0.0135950002	-0.0933049769	0.1499432747	-0.0107301637	0.1064634958	-0.0384718237	-0.1008407315	-0.0718111064	0.0216872688	-0.0241902029	-0.0796436494	-0.0133823145	0.0974781683	0.0495503	-0.0046862	0.00245523223009	2.196047044000001e-05	0.0466968	-0.0433067	0.00187547026489	0.0021805911302399	0.0965913	-0.0533876999999999	0.0028502465112899	0.00932987923569	-0.000695256	0.0006065039999999	4.83380905536e-07	3.678471020159999e-07	9.31475e-05	0.0001092643	8.67645675625e-09	1.193868725449e-08	-0.000385654	-0.000281095	7.901439902499999e-08	1.4872900771599997e-07	0.0	0.0	0.0	0.0	0.0	0.0	0.0	0.0	0.0	0.0	0.0	0.0	0.0	0.0
299.3791776370727	0.1922716933008814	0.0369684040447882	89627.89200264993	300.3344106831128	1.443468618996576	2.0836016540278823	90200.75824037268	213.30923758285505	0.4730102534412026	0.2237386998605107	45500.8308381789	213.0850546001464	376.93921594795216	1.13105	27.318117	0.088882945	0.0560061	-0.0882611582	-0.0266970969	0.1131457625	-0.0236375153	-0.0856740705	0.0891071155	0.1437670323	0.0048660303	0.0177298169	0.0780826731	-0.0793701662	0.0133088244	-0.1082908754	-0.1488424004	-0.1569946443	0.0112090467	0.0560074898	0.0925562215	0.1253823493	0.054170396	0.0509302814	0.0440450347	-0.0498462691	0.0452503369	-0.0110950515	-0.0305599905	-0.0974929094	0.1772677238	-0.0390410832	0.1000195539	0.1105462233	0.0320265726	0.0834777035	-0.0716111901	-0.0336082715	0.0018520411	-0.0277153447	-0.06194025	-0.0585835952	-0.1789382901	-0.021141646	0.138512003	-0.0723121811	-0.0533981425	-0.1133971457	-0.1116908472	0.0228954201	0.0541292749	-0.0830059926	0.0298141537	0.0787050425	0.140008572	0.0504575495	-0.0815953569	-0.0446677957	0.042828434	0.1118365874	0.1339067184	0.0369184359	0.1366822016	-0.0039050304	0.1121988963	0.0143816269	-0.0397262623	0.0331256455	-0.0709214986	-0.150436272	-0.0125628203	-0.0510918089	-0.0372994715	0.0371541737	-0.0748677379	-0.0738777734	-0.0164645814	0.0591525094	-0.1966333333	-0.0164491348	-0.1040061389	-0.0975226675	0.0737164146	0.0565176656	-0.0110575848	-0.038577062	-0.0536877612	-0.0253545315	-0.024012335	0.0810813437	-0.0929074927	0.0059555392	-0.0498839472	-0.0179715198	0.1716792504	-0.1736200392	0.0574220623	0.0232198603	0.0321388379	0.0874314886	0.0596904588	0.0665506756	-0.187959348	-0.03430485	-0.0946792398	0.002494889	-0.1103861699	-0.0510826679	0.0588339652	-0.1153496049	-0.0757088854	-0.0754959066	-0.1014065103	0.0195922302	-0.0110764251	-0.0495456456	-0.0611975897	-0.0957529722	-0.0517962841	0.0975536822	-0.0221128132	-0.063643558	0.0469777478	0.1272615712	-0.0145152381	-0.0023946971	0.0692255779	-0.0200881017	0.0461056627	0.0070606761	0.0175181627	0.2181911839	0.0667612982	0.0439348408	-0.0839351794	0.0165120943	-0.0579077754	-0.039578265	-0.1605331493	-0.081623307	-0.008040184	0.0926047444	0.0542686	0.0047183	0.00294508094596	2.226235489000001e-05	0.0986697	0.0519729	0.00270118233441	0.00973570969809	0.0815884	-0.0150029	0.00022508700841	0.00665666701456	-0.000835467	-0.000140211	6.98005108089e-07	1.9659124521e-08	4.98216e-05	-4.3325900000000005e-05	2.4821918265599996e-09	1.8771336108100003e-09	-0.000225414	0.0001602399999999	2.5676857599999993e-08	5.081147139600001e-08	0.0	0.0	0.0	0.0	0.0	0.0	0.0	0.0	0.0	0.0	0.0	0.0	0.0	0.0
298.30145616278827	-1.0777214742844308	1.161483576133807	88983.75874883989	299.34720443170283	-0.9872062514099866	0.9745761828229578	89608.7488010757	212.9309718873336	-0.3782656955214349	0.1430849364083149	45339.59878888445	212.7656072357828	373.1726393849028	1.334534	32.232849	0.130551415	0.0799296	0.0471151179	-0.1107070702	-0.0200748926	0.1478669915	-0.1037240723	-0.1340659056	0.0161328684	0.004598685	-0.0206317227	-0.0004661056	-0.0242001563	-0.0849498311	-0.0307057073	-0.1036770695	-0.0364857425	-0.0626936988	-0.1652087541	-0.146412443	0.0756467976	0.0804391551	-0.0971420478	-0.0547903985	0.2237615371	-0.0366311886	-0.0049525417	0.0064086999	-0.0686739934	0.010180697	-0.0966836198	0.0586687192	-0.0008521199	0.0655108165	-0.1220519954	0.0401821398	-0.2668271206	-0.1341372933	0.0070328583	0.0762611957	-0.1268648855	-0.0578801424	-0.0474464249	0.0558207518	-0.0267565629	0.0881432814	0.0541077398	0.0258072171	0.1054483114	-0.0705524767	0.0009281414	-0.133811949	-0.0489436252	0.0421995032	0.180753892	-0.1139874243	0.0276218509	0.1792421408	-0.1009909303	-0.0885148964	0.0155040013	0.051623825	0.2087859387	-0.0609829822	0.1399681517	0.031120585	0.1166534855	0.1590725045	-0.0698360059	-0.0316103256	0.0993077432	0.0307357013	-0.2487424966	-0.0091321542	0.0331746756	0.0404045536	0.0429447224	0.0048248289	-0.1078440647	0.0057552841	-0.0914431637	0.0612776143	-0.0805103937	0.0056758629	0.1054393489	0.0300568754	-0.2551638899	0.0135730485	-0.1207879479	-0.1280655588	0.0900721755	-0.0298212805	0.0997861163	0.0411402011	0.0210069391	-0.0595840587	0.1072498688	0.0311634402	0.032533005	-0.0827708989	0.0394814835	-0.1021832694	0.1811855055	-0.1075729081	-0.0145510784	-0.073407876	0.1639040434	0.0779763771	0.0775679033	0.1660150501	0.0041444444	-0.1241866904	-0.0876817056	0.1106211917	0.1442703943	0.0384853591	-0.0090157418	0.0317989291	0.2202113332	-0.0301477262	-0.0273243183	0.0782213468	0.0296838314	0.0819387758	-0.0510187071	-0.0868378344	0.0087512916	-0.0545712154	0.0711150057	-0.0766788581	0.1863654341	-0.1697263881	-0.2690945345	0.0713152783	0.0694795767	-0.1075340593	-0.0897909511	0.2503196655	-0.0835618648	-0.0026818616	0.0873117978	0.0663311	0.0120625	0.00439981482721	0.00014550390625	0.127612	0.0289423	0.00083765672929	0.016284822544	0.15356	0.0719716	0.00517991120656	0.0235806736	-0.000835467	0.0	6.98005108089e-07	0.0	-0.000144141	-0.0001939625999999	2.0776627881e-08	3.762149019876e-08	-6.78763e-05	0.0001575377	2.4818126921289998e-08	4.6071921016900015e-09	0.0	0.0	0.0	0.0	0.0	0.0	0.0	0.0	0.0	0.0	0.0	0.0	0.0	0.0
298.14215839072864	-0.1592977720596309	0.0253757801831621	88888.74660988232	299.1690717153911	-0.1781327163117225	0.0317312646205926	89502.13347104883	212.76401426616795	-0.1669576211656647	0.0278748472652976	45268.52576665412	212.532752114673	364.5696333937833	1.334214	32.225124	0.0855052899999999	0.056563	0.000774765	0.1106225055	0.0278560576	0.0416203469	-0.0746883475	0.1148213171	-0.0620250934	0.0161201877	-0.0229798353	-0.059510644	-0.008515573	-0.0467148328	-0.0636088009	0.1155392758	0.0092153228	0.0831217066	0.0729211711	0.0665980819	-0.0161168805	0.0311719287	-0.0247173789	-0.0941429969	0.2245944513	-0.0803427318	-0.1481118965	0.121126341	-0.1030515059	-0.0036734979	0.0551130744	0.1562647822	0.0337753255	0.0178371653	0.0534134617	0.0077016025	-0.0918507949	0.0050700437	-0.0187567501	0.0966353998	0.0398927619	-0.1394919751	0.0765167565	-0.0768254403	0.1319354759	0.0197566976	-0.1092953592	0.0487678216	0.0334130951	0.213009539	0.0550351317	-0.1815798664	0.0566811468	-0.0050071407	-0.0150278774	-0.0054166037	-0.0412504515	-0.0592307539	0.0931991358	-0.0012302875	-0.1503401989	-0.0061942063	-0.0455502051	0.0085523064	0.0918355848	0.0885296579	-0.0526228771	-0.0711086075	0.0048450252	-0.0272974536	0.0263613435	0.0642383924	-0.2163880946	0.025148589	0.1705697746	-0.1020129805	0.1427415432	-0.0278330675	0.0929636574	-0.1020828398	-0.1575727276	0.002007011	0.0230946362	-0.0451469562	-0.0035791746	0.0079537781	-0.0526504896	0.0747119675	-0.0191303506	-0.118803818	-0.088341734	-0.0850512427	-0.1167118876	-0.0781159061	0.0028697018	0.0615642345	-0.0676067113	-0.1273745833	0.0984689726	-0.1362872548	0.1747570444	-0.0266607696	0.0192908248	0.0258958083	-0.0404443906	-0.0160930725	-0.104154433	-0.0614078475	-0.0571700007	-0.0270235759	0.1212357861	0.0343118438	-0.1775201732	-0.0533220915	-0.0741589381	-0.0603294278	0.0464204864	0.0709325753	0.2377240882	0.028629296	0.0372061903	0.0103940907	-0.141853724	-0.1417974408	0.1627975937	0.0308252331	0.0407820415	-0.0801761142	-0.0398566937	-0.0154275343	0.1535211761	-0.0071813263	-0.0666161012	-0.1233267681	0.1364587659	0.0192133994	-0.0102090771	0.1290793725	-0.0854583468	0.0026818616	0.081623307	0.0703708	0.0040396999999999	0.00495204949264	1.6319176089999946e-05	0.0803225	-0.0472895	0.00223629681025	0.00645170400625	0.124081	-0.029479	0.000869011441	0.0153960945609999	-0.0007542869999999	8.11800000001e-05	5.689488783688491e-07	6.590192400016235e-09	-0.000144141	0.0	2.0776627881e-08	0.0	-8.06381e-05	-1.2761799999999995e-05	1.6286353923999992e-10	6.502503171610001e-09	0.0	0.0	0.0	0.0	0.0	0.0	0.0	0.0	0.0	0.0	0.0	0.0	0.0	0.0
298.3377688363452	0.1956104456165803	0.0382634464343171	89005.42431424855	297.7902003771142	-1.378871338276895	1.9012861675215145	88679.00344064184	212.57747629375683	-0.1865379724111164	0.0347964151512504	45189.18342742274	212.33048272391625	366.9804569919687	1.066509	25.759279	0.070836345	0.0565975	-0.1212497545	-0.0008639998	0.0287170925	0.0187907436	-0.0880699776	0.0080228984	0.1238178905	0.0563249605	-0.0489394877	0.0859577021	0.0517947455	0.0917608556	0.0594977068	-0.0278487042	0.0345361831	0.0269927047	0.0685901327	-0.0018089457	-0.0651470772	0.1328101841	0.0951942507	-0.0601846834	0.0923163492	-0.0529161939	-0.0299758129	0.0269056304	0.0150332249	0.1535465942	-0.172536149	-0.1111932839	0.0389786602	0.0534041087	-0.0174404348	0.0524033259	-0.0176180256	0.05083019	0.0395384558	-0.1763607482	0.0727629103	0.0940020628	0.0340973998	-0.0938855937	0.0869644979	-0.0350355632	-0.0126418696	-0.1326870624	-0.0997733562	0.0374066683	0.0749255198	-0.0169355759	-0.0727287133	0.0687923269	0.0604191585	-0.0109302813	-0.1854439171	-0.1163012532	-0.0354984936	0.0174572008	-0.059606759	0.132041491	0.0216163421	-0.0123005228	-0.0084609058	0.0439794251	-0.0878994102	0.0026297012	0.0096705866	-0.1478019232	-0.0946183228	0.0510087614	-0.0858433123	0.0098685811	0.0621536325	-0.0329837997	-0.0386818597	-0.1535454261	-0.1522174363	0.0514526669	0.0329032465	0.1005288289	0.0480979101	0.0643462032	-0.0227520143	0.0705357575	-0.0639205743	-0.0220700848	0.1345536397	0.1714246011	-0.0457364714	-0.043727681	-0.0718486134	0.0162235498	0.1220610657	0.1522870874	-0.0543802242	-0.0276606268	-0.0381838953	-0.0509709477	-0.0563015794	-0.0434543955	0.0812319957	0.1533407059	0.0444797618	0.0222689584	-0.0012233709	-0.024323173	-0.1849370763	0.0052108513	0.0265437107	-0.0967258001	-0.0313458685	-0.0574009788	-0.0022448777	-0.096079302	-0.1041765591	-0.0001233361	0.2118186667	-0.0473867008	0.1195896476	0.0505173725	0.0570413116	0.0112047557	0.1386125109	-0.0544301867	-0.0971146875	0.0060781489	-0.0064927939	0.0988204472	0.171905534	0.0057797281	-0.0527151772	-0.0360684245	0.0418660807	-0.0484565476	0.0786905236	0.1566638166	-0.0873117978	0.008040184	0.0755650422	0.0682667	-0.0021040999999999	0.00466034232889	4.42723680999999e-06	0.136004	0.0556815	0.00310042944225	0.018497088016	0.130459	0.0063779999999999	4.0678883999999936e-05	0.0170195506809999	-0.000835467	-8.11800000001e-05	6.98005108089e-07	6.590192400016235e-09	-0.000144141	0.0	2.0776627881e-08	0.0	-0.000132913	-5.227489999999999e-05	2.732665170009999e-09	1.7665865568999998e-08	0.0	0.0	0.0	0.0	0.0	0.0	0.0	0.0	0.0	0.0	0.0	0.0	0.0	0.0
299.1014577702536	0.7636889339083837	0.5832207877741236	89461.6820402908	299.8330123696146	2.04281199250039	4.173080836703413	89899.83530663747	212.6164378189837	0.0389615252268811	0.0015180004480048	45205.749630833765	212.4017273207968	372.1217528399634	1.170372	28.267878	0.0611866	0.0368239	0.0344840911	-0.085752099	-0.0051683781	0.1440799627	-0.0884364845	-0.1208196385	-0.0192687113	-0.0367098187	-0.0404028616	0.0028814484	-0.1281736738	-0.0623901341	-0.0166487969	0.0096830286	0.0307666852	0.1741491014	0.0605883053	-0.1565800929	-0.0689083475	0.0955411893	-0.01378232	-0.0278784588	0.1340918889	-0.0498365793	0.1541066652	0.0930346218	0.012137898	0.1277310648	0.0756253409	0.1632726817	0.0874424908	0.1129211916	0.0714905938	-0.0300034673	0.0841419549	0.1274120647	0.0859631095	-0.0184426727	0.0690924341	0.0120079996	-0.1687280907	0.0685376861	-0.0401713574	0.0776061779	-0.0844726732	-0.0221958932	0.0781851678	-0.0801501925	-0.091676212	0.0153585842	-0.1272144959	-0.0423970028	-0.0417282146	-0.0743332676	-0.0334562286	-0.0137357346	0.0396017508	0.0179935657	0.1360516424	-0.1235541923	0.0297319881	-0.1090858934	0.0413885124	0.0471182898	-0.0101106023	0.1551923711	0.0610365199	-0.1055055358	0.0052983805	0.0180308307	-0.1248588239	0.0998267701	0.0333890866	0.1122351681	-0.0662943406	-0.141129303	0.0859085177	-0.0755974233	-0.2006702129	0.0932621525	0.0744797253	0.048982723	-0.0835479739	0.0569880164	0.1197301121	0.0151151166	0.0763093376	0.0117781551	0.0631076307	0.1532901825	-0.0134503858	-0.0164283135	-0.0529433502	0.0575679399	0.1999635859	0.0041237128	-0.0144074512	0.0004976766	-0.0303827333	0.0629864193	0.0146811672	-0.028285614	0.1427257845	0.0811868688	-0.0165215507	0.1105838233	0.1083914204	-0.0200746586	0.0168173431	-0.0024607318	0.045515956	-0.0053219607	0.129833091	0.0271464421	0.0127718556	0.0360204439	0.1667262922	-0.0060599527	-0.0238909575	-0.001373715	-0.05242541	-0.1529441682	0.0579643716	-0.0709827961	-0.0443914647	-0.0438643901	0.0124962066	0.0736015078	0.053355638	-0.0438390556	0.0731422624	-0.0132502358	0.0490592852	-0.1006561263	0.0597777688	0.086960136	-0.0891212848	0.0133823145	0.0691644489	0.0647593	-0.0035073999999999	0.00419376693649	1.2301854759999955e-05	0.118115	-0.017889	0.000320016321	0.0139511532249999	0.161357	0.030898	0.000954686404	0.026036081449	-0.000909254	-7.378699999999996e-05	8.267428365159999e-07	5.444521368999994e-09	-0.000144141	0.0	2.0776627881e-08	0.0	-0.00023697	-0.000104057	1.0827859249000002e-08	5.61547809e-08	0.0	0.0	0.0	0.0	0.0	0.0	0.0	0.0	0.0	0.0	0.0	0.0	0.0	0.0
299.49018392325286	0.3887261529992543	0.1511080220255996	89694.37026638382	299.9762426171122	0.1432302474975699	0.0205149037982151	89985.74613468055	213.15991559235945	0.5434777733757414	0.2953680901534538	45437.149615341805	212.9374363182127	374.47263976390656	1.224994	29.587149	0.0814217499999999	0.0513663	0.0488642987	0.1072024704	0.0932976744	0.1095337317	-0.0721986482	0.0735439616	-0.0535177607	-0.1007120448	-0.0281687115	0.0643019772	-0.0877223303	0.1565907027	0.0144675424	-0.073170552	-0.067243871	-0.0518782963	0.0671916494	0.0747433078	0.0048477036	-0.0434988705	-0.1577733496	-0.0261019321	0.0708321378	-0.0021346137	0.0325135	0.0164536307	0.1204952225	0.1170653571	-0.1383164636	0.1246329552	0.0765623569	-0.1182724476	0.0100917294	0.0870551419	-0.0653638535	0.0943461462	0.0579340983	-0.1548150422	-0.0227813011	0.0357574173	-0.0045216979	0.0913849246	-0.1868091305	-0.0568936706	0.0847420296	-0.0312020735	0.0624735045	0.0375225872	0.0585160663	0.0386082169	-0.0355631238	-0.1681802705	0.0529048551	0.1276780616	-0.0948478191	0.1435494071	-0.0524307677	0.0169688064	-0.0305739564	0.0627982531	-0.1590586765	-0.0217231956	0.0169741841	-0.0768073337	-0.0534444958	-0.078208422	0.0092261643	0.0459261188	0.1479375828	0.0035453623	-0.0440715189	0.0085993787	0.0418408549	-0.0249423381	-0.1475604092	-0.1300341159	-0.0981966566	-0.1204248532	-0.0803556676	-0.0737934131	0.0903156665	0.0685991192	0.0396278551	0.1257859643	-0.0698198597	0.0087379463	0.1381237399	0.1016563577	-0.0084452164	0.0571941186	0.1571424127	0.0974254217	-0.1113829079	-0.0783196586	-0.0603046658	0.0580038572	0.0878527249	0.0252403492	-0.1140322559	0.1446924489	0.1326244454	0.055799446	-0.0146430349	-0.1032361077	0.0151774861	0.0220920365	-0.0092648762	-0.0606854375	0.1198493801	-0.0055650892	-0.0278829815	-0.0383254441	-0.0534364542	-0.0329837553	0.0938286922	0.075014962	0.101399747	0.018975447	-6.99741e-05	-0.0163594861	0.1824114192	-0.0212512955	0.0171022855	-0.0489037655	-0.074169058	0.1265716551	-0.0473966063	0.1507996633	0.0396290876	0.0290252803	-0.0188289727	-0.0177297339	0.0424010443	-0.1030937782	0.029552291	0.03707508	-0.0908858965	0.0186974948	0.0624505233	0.0594397	-0.0053196	0.0035330779360899	2.829814416000008e-05	0.0767664	-0.0413486	0.0017097067219599	0.00589308016896	0.1327	-0.0286569999999999	0.0008212236489999	0.01760929	-0.000835467	7.378699999999996e-05	6.98005108089e-07	5.444521368999994e-09	-0.000144141	0.0	2.0776627881e-08	0.0	-0.000285114	-4.814399999999999e-05	2.3178447359999994e-09	8.1289992996e-08	0.0	0.0	0.0	0.0	0.0	0.0	0.0	0.0	0.0	0.0	0.0	0.0	0.0	0.0
299.15728440598684	-0.3328995172660143	0.1108220885959453	89495.0808131645	300.1382187897646	0.1619761726524302	0.0262362805071298	90082.9503782926	213.4576232511791	0.2977076588196325	0.0886298501198667	45564.15692404231	213.27413322093875	374.749631575362	1.065541	25.735889	0.0451584	0.0252078	-0.0851058834	0.0362059636	0.0875670506	0.027837606	-0.063555419	0.0698034069	0.075659368	-0.0186558001	0.046024469	0.0150348396	-0.1134533655	-0.0598022973	-0.0212398641	-0.0580321987	0.0291768313	0.0274145985	-0.1004082003	0.1086299317	0.1298554444	0.0583220934	-0.0741569502	0.0232548315	0.0046532571	-0.0020440364	0.0589101571	-0.0112131585	-0.0846775554	-0.0977362523	-0.0923406282	0.0752107591	-0.0866932369	-0.0187500997	0.0174423499	0.0540703213	-0.0620418133	0.0089336383	0.0552548367	0.0082451079	0.0112705973	-0.0983134939	-0.0577358659	-0.0292694117	-0.0906098672	0.0337153748	-0.0643681287	0.0988675609	-0.0273634094	0.1132641943	-0.0840701623	0.0671362786	-0.0947039613	0.0911639243	-0.0231036654	0.05684717	0.0465209064	0.0471286295	-0.1712275355	0.0698839133	-0.0265238389	-0.0344367994	0.0340951799	0.1109674647	0.060293053	0.1496230557	-0.2135734046	-0.0840449843	-0.1539647597	0.0006056367	0.0766973683	-0.0331942644	-0.0444147924	0.030671981	-0.0675482041	0.0884828641	0.0967295905	0.0965566788	-0.0997828191	0.0001131982	-0.0800638326	-0.0168305216	0.0936920043	-0.0086960329	0.0822082764	0.0506199804	-0.0268152947	0.0103014431	0.035458023	-0.077212343	-0.0360342696	0.0522665555	-0.0080511409	-0.0583399051	-0.0818413125	-0.0577073252	0.0642008197	-0.109864459	0.0666720979	0.0589553512	-0.0641500496	-0.052960825	-0.0946261529	0.1014140848	-0.0156597731	-0.0334720271	0.1254070504	-0.0993567585	0.0427642561	0.0290574813	-0.0377711044	-0.0702639859	-0.0650282841	-0.232833625	-0.0533007516	-0.0728284271	-0.0404878112	-0.0202577735	0.0577933993	0.0016330395	-0.0153221739	0.0101990254	0.0346402531	-0.089278504	-0.1301446446	-0.1675322053	-0.0023589684	-0.0472302182	0.0905751676	0.0660613367	0.0147418346	0.0132544916	0.0514066752	-0.0028238465	0.045993957	-0.053211612	0.061997425	0.0488325813	-0.0926047444	0.0239750208	0.0554536812	0.054722	-0.0047176999999999	0.0029944972839999	2.2256693289999985e-05	0.0966237	0.0198573	0.00039431236329	0.00933613940169	0.118685	-0.014015	0.000196420225	0.014086129225	-0.000916201	-8.073399999999995e-05	8.394242724009999e-07	6.5179787559999925e-09	-0.000144141	0.0	2.0776627881e-08	0.0	-0.000335748	-5.063400000000003e-05	2.563801956000003e-09	1.1272671950400002e-07	0.0	0.0	0.0	0.0	0.0	0.0	0.0	0.0	0.0	0.0	0.0	0.0	0.0	0.0
298.53475133798497	-0.6225330680018715	0.3875474207558227	89122.99775643252	299.3114633777474	-0.8267554120172349	0.6835245112997879	89587.35210932861	213.1358778115357	-0.3217454396433936	0.1035201279313206	45426.90241049387	212.922432988189	370.0056597056642	0.973699	23.517649	0.06947815	0.0510091	-0.0587055951	-0.0070013239	-0.016321394	0.0436049692	-0.0464569202	0.0079200253	0.0693333477	0.0029459424	-0.0143043886	-0.0653105987	0.0216695583	-0.0152693204	-0.0466120721	-0.0895122393	-0.2214239421	-0.0600418261	0.0720138139	0.0439621297	0.1178577994	0.0587006511	-0.0895181172	0.0167383615	0.0094848421	-0.0461559806	-0.1211782799	0.0276349246	0.0241332921	-0.0784013446	0.1281474248	-0.0576245409	0.0671871733	-0.195709474	-0.0929021653	0.0320517211	-0.0021144986	0.0020072561	0.0929052809	0.0971382316	0.073749307	0.0826040583	-0.0177508156	-0.0022434123	-0.0673694266	0.1956592863	-0.0287033512	0.0088519189	0.2555558529	0.1113252024	0.0298995376	-0.0164354838	0.0945258655	-0.0212756051	0.0658849402	-0.0448069177	0.1560115469	-0.0090838225	0.0235628735	-0.0549071729	0.0274313273	0.1488725519	-0.0671258556	-0.079719484	-0.1322204942	-0.1672693028	-0.0336582938	-0.0231572617	-0.1434387473	-0.0141724054	0.0933278984	-0.0339166446	0.007981143	-0.0223256455	0.0970354767	-0.0834439004	0.0578173978	0.046875934	0.1041433204	-0.0844017619	0.1347511888	-0.0881412965	-0.0201994765	0.1264709313	0.1308745693	0.0212802991	0.0408025159	0.049543518	-0.0494489558	-0.0833363346	0.0245835439	0.0510088054	0.1651501549	-0.2136181797	-0.0470804132	0.0299313081	0.1044756288	0.0307965911	0.1667196307	-0.0698679768	0.07446573	0.0583833997	-0.0193579249	-0.1903914549	-0.1316099377	0.0010576355	-0.0126719834	0.0080047312	-0.0914445364	0.0495974263	0.0604136087	-0.0540866657	0.18188008	0.005514821	0.0358724412	-0.0655890239	-0.0226043646	-0.0054178136	0.0575525439	-0.0297357464	-0.0444712073	-0.1060150962	0.0847594304	-0.0776708717	0.0030297231	0.0092259192	-0.078559637	0.1013115143	0.1053689798	0.0773423834	-0.0979708633	0.1178803908	-0.0767520286	0.1479473595	0.0489435307	-0.0821409219	0.1123376881	-0.0095424104	-0.094276963	0.0292042644	0.0482056202	0.0594762	0.0047542	0.00353741836644	2.260241764e-05	0.0965752	-4.850000000000687e-05	2.3522500000006663e-09	0.00932676925504	0.166242	0.047557	0.002261668249	0.027636402564	-0.00115573	-0.000239529	1.3357118329e-06	5.7374141841000025e-08	-0.000144141	0.0	2.0776627881e-08	0.0	-0.000232908	0.00010284	1.0576065600000008e-08	5.4246136464e-08	0.0	0.0	0.0	0.0	0.0	0.0	0.0	0.0	0.0	0.0	0.0	0.0	0.0	0.0
298.0581583821499	-0.4765929558350876	0.2271408455516258	88838.66577815874	298.5902306665348	-0.7212327112125649	0.5201766237230271	89156.12584949446	212.90891088542296	-0.2269669261127376	0.0515139855490648	45330.20433441697	212.73541996312696	369.7240195575488	1.077403	26.022398	0.035488635	0.0168617	0.0630588031	-0.0473459475	-0.0958903537	0.1163256067	-0.0041615207	-0.1195231749	-0.047290806	-0.0062641274	-0.0495225951	-0.0073480618	0.0281520722	-0.052706157	-1.04699e-05	-0.082601915	0.0154920912	-0.0257315636	-0.1317808069	-0.0893344515	0.0237474086	-0.0130066068	-0.145759048	-0.0249324965	0.0877943902	0.0352871754	-0.1084463989	-0.0884844596	-0.1130674815	-0.0116169341	-0.0022754019	-0.0968297663	0.0440984322	0.0676673647	-0.1458100613	-0.0095779094	0.1781819111	0.0413057274	-0.0289671183	0.0562996074	-0.0201569281	-0.0361736235	-0.1252645596	-0.1041346842	0.0327284755	0.1196665206	0.148433524	0.01299686	-0.0182737398	-0.058938951	-0.0126400563	-0.0299643623	0.1529035294	-0.1447756394	-0.0529248841	0.1060570294	-0.0629589689	0.034101784	-0.0181017294	0.0900328753	0.1415630335	0.0381217567	0.1023567231	0.1312267125	-0.1716304796	0.1017668427	0.1002934803	0.0937483269	0.002529562	0.0292452495	0.1441069437	0.0092159824	-0.1141469263	-0.0932948852	-0.0349595135	-0.0504530471	0.0999442042	0.0327551033	-0.0689981172	0.0360735374	0.0620544234	0.0583356567	-0.1842032144	0.0869510018	0.0364280983	-0.0188697701	0.1377827663	-0.0649335768	0.0115155599	-0.1324702852	0.0125486962	0.1303699169	0.0364932403	-0.0755101957	0.1000972729	0.0443524785	-0.1052577487	0.0364574469	-0.0796870787	0.0999548602	0.0694218094	0.1543378965	0.0627091405	0.0655562933	-0.0658115756	-0.0257263877	0.0344236573	0.1329790341	0.0263643311	-0.0773745328	-0.2064173345	-0.026792817	0.1063751748	0.077877976	0.1294837809	0.0351672549	0.0593741505	0.0566048154	0.0914860114	0.0034207418	-0.0459161195	0.054890751	0.0187221679	0.0530180905	-0.068824864	-0.0450276111	-0.0975173309	-0.0024083958	0.0750782548	-0.069031765	-0.0523854829	-0.0790699499	-0.1227469267	0.1857498393	0.0910399097	0.0431234746	0.0265048087	-0.0006419065	-0.0959017104	0.0343746944	0.0407391756	0.0659407	0.0064645	0.00434817591649	4.178976025000006e-05	0.0924497	-0.0041255	1.7019750250000035e-05	0.0085469470300899	0.173001	0.0067589999999999	4.568408099999983e-05	0.0299293460009999	-0.000892991	0.000262739	7.97432926081e-07	6.9031782121e-08	-9.17263e-05	5.24147e-05	8.413714111690001e-09	2.74730077609e-09	-0.000280547	-4.763900000000004e-05	2.2694743210000033e-09	7.870661920900003e-08	0.0	0.0	0.0	0.0	0.0	0.0	0.0	0.0	0.0	0.0	0.0	0.0	0.0	0.0
298.0352633248066	-0.0228950573433053	0.0005241836507532	88825.0181850868	298.9833627302435	0.3931320637087196	0.1545528195158768	89391.05118948438	212.58055019494915	-0.3283606904738008	0.1078207430484312	45190.490321187295	212.3570426282957	368.9292720119376	1.376523	33.247017	0.152586605	0.0819313	-0.0155249427	0.1023846837	0.0128905352	-0.0922429725	0.0679109268	0.1186542616	-0.0471292449	0.0057368917	0.0012601237	-0.0625296488	-8.96971e-05	-0.0477564248	0.0177681924	0.1352228209	-0.0769352124	0.0209105728	0.1087222279	0.0771436793	-0.0426305583	-0.034867818	0.0005538453	-0.0886089499	0.0454104649	0.0045849762	-0.2106950221	0.1301144416	-0.065220248	-0.0801150781	0.2119009982	-0.1561625625	0.0588707341	0.003709601	0.1324223027	-0.0957779826	-0.1158366633	0.1659627587	-0.0430800707	-0.1548428562	0.0270786008	-0.0224249921	-0.0103203087	-0.1345604633	-0.0459597036	-0.0947052152	0.160854234	-0.05681889	-0.0977139365	-0.0062701537	0.0034348578	-0.0906883618	-0.1642973047	0.0296371431	0.0070373648	0.084819687	0.1166605343	-0.1084828188	-0.0495598037	-0.0514485833	-0.0006121441	0.051639524	0.0169405293	-0.057778232	0.0202750263	-0.1223550634	0.0814432813	-0.0859943797	0.0396854236	0.0163335105	0.0082028505	0.0649828793	-0.0337776126	0.0402515495	0.1124427664	-0.2024979684	0.1338501978	0.079166705	0.1996049137	0.0178413189	0.1356045883	0.062668793	0.0595074808	-0.024195635	-0.1770451228	-0.0390228658	-0.1243641103	0.010174789	0.1705561548	0.0012469976	-0.0179402031	0.0995513363	0.0484714881	0.1934731259	0.1924451537	0.0057698087	0.0654174974	-0.1240230631	-0.0464714155	-0.011021271	-0.0625237911	0.0546181052	-0.0318031212	0.0694214513	-0.1159973281	0.0807927067	-0.0553799767	-0.0736864869	0.0136002583	0.0820212803	0.0488760993	-0.0248315343	-0.0324608834	0.0901406159	-0.0989561389	-0.0353985623	0.0212134775	0.0476098786	-0.0067474576	0.0392725484	-0.0237772935	-0.1600115382	-0.0065033397	-0.1410039215	0.0415957035	0.1598247992	-0.0017044756	-0.0894348098	0.014711662	-0.084245458	0.0757315875	0.0369037294	-0.2940802118	0.0245139384	0.1084253966	-0.030451647	0.1666508813	0.0359109029	-0.0974781683	0.0394758984	0.0330881723	0.0601772	-0.0057635	0.00362129539984	3.321793225000005e-05	0.0501113	-0.0423384	0.00179254011456	0.00251114238769	0.129377	-0.0436239999999999	0.0019030533759999	0.0167384081289999	-1.64442e-05	0.0008765468	2.7041171364000003e-10	7.683342925902401e-07	0.000154966	0.0002466923	2.4014461156e-08	6.085709087929001e-08	-0.000374522	-9.3975e-05	8.831300624999998e-09	1.4026672848400001e-07	0.0	0.0	0.0	0.0	0.0	0.0	0.0	0.0	0.0	0.0	0.0	0.0	0.0	0.0
297.58907276275045	-0.446190562056131	0.1990860176679661	88559.25622779358	298.4360080851784	-0.547354645065127	0.2995971074743711	89064.05092181667	212.0907627781539	-0.4897874167952523	0.2398917136509661	44982.491655819154	211.8588677125384	372.2111120646063	1.742521	42.08691	0.34254091	0.136988	-0.0301606325	-0.0300204824	0.0298421596	0.0166562582	0.3988643058	0.0050355896	0.1193629095	-0.1468634376	-0.1968044582	0.1996343182	0.1834990218	0.1005452171	0.2065480143	0.1530059725	-0.0342310903	0.0492893204	-0.0669755905	-0.0537996611	-0.1464905211	0.0774367185	0.0628912756	-0.2928617823	-0.3395757927	0.0285475196	-0.154427831	-0.0741560491	0.0652426052	0.0019022231	-0.0432251469	-0.0209026935	-0.0211828322	0.1403713133	0.0392373014	0.0636474683	-0.0777531284	0.0257026958	-0.0057611999	0.0695413052	0.0255673383	-0.0086130164	-0.0874698088	0.0023568174	-0.1046223558	0.054335825	-0.1230465676	0.0397710558	0.119648972	-0.0807581675	0.0826054333	-0.0316217135	0.0488915722	0.0679932539	-0.1851708173	0.0845237366	-0.0206910579	-0.0793938069	0.0073968667	-0.043193532	0.0028338521	0.0849447672	-0.0098489468	0.0018973121	-0.0676976315	0.0079830993	0.0092587933	0.0340950251	0.1077664367	-0.1470792106	-0.035851398	0.3130175534	0.2964022511	-0.0669617737	-0.0184746148	-0.1086048362	0.0053537062	0.0618133511	-0.0877913988	0.0954248198	-0.0420929379	0.1675282551	-0.0097558742	-0.0917493509	0.0329862202	0.0446971995	-0.0302095414	0.0714283528	8.7156e-06	-0.0479530191	-0.0306692428	0.1055038908	0.0533966028	-0.0711555899	-0.1133521409	0.0087580726	0.1374087038	0.1030468737	-0.0565342501	-0.0761558452	0.1218425339	0.0486390961	-0.1237300838	0.0893471528	-0.0080584545	-0.0217235984	-0.0666821521	-0.0131641397	-0.0833866776	0.0261509749	-0.0518573085	0.0634701134	0.0419046571	0.0424433591	-0.0057516428	0.0049303407	-0.186921741	0.3023541414	-0.2897411714	-0.0909598305	0.0228124942	0.2189270829	-0.129723723	0.0805519019	0.1944181214	0.0402718741	-0.1627727442	0.2300626099	-0.0669981656	-0.1886145873	0.272416926	0.1465641227	-0.057780841	0.0508636583	0.0601308009	0.0572330047	-0.0851918056	0.1455714124	-0.0990055431	0.0444976032	0.0252872714	0.141863	0.0816857999999999	0.0201251107689999	0.0066725699216399	0.106077	0.0559657	0.00313215957649	0.011252329929	0.167657	0.03828	0.0014653584	0.028108869649	0.00129561	0.0013120542	1.6786052721e-06	1.7214862237376402e-06	-0.00113489	-0.001289856	1.2879753121e-06	1.6637285007360002e-06	-0.0011048	-0.000730278	5.33305957284e-07	1.22058304e-06	0.0	0.0	0.0	0.0	0.0	0.0	0.0	0.0	0.0	0.0	0.0	1.0	0.0	0.0
297.6991581917165	0.1100854289660446	0.012118801670638	88624.78878805664	299.1629509310179	0.7269428458395168	0.5284459011172555	89498.47120975463	211.8118604143089	-0.2789023638449919	0.0777865285583242	44864.26421217068	211.57850767253905	372.1663772795462	1.358752	32.817795	0.0402292	0.0241117	0.09394124	0.0252292648	0.067964786	0.1692449349	0.3728615091	0.015005055	-0.0437506778	-0.1879393467	-0.2254332496	0.1637877118	0.0237431004	-0.043235082	0.0906570971	0.146084375	0.1122477869	0.152634739	-0.1071452749	-0.1113338618	-0.2665877748	0.0152180146	-0.0312580117	-0.3158810723	-0.1532475298	0.0850546278	-0.0003053941	-0.0299238221	-0.0129934432	-0.0481660247	-0.0089124721	0.0865268637	-0.1194040256	0.1139205688	0.0210312773	0.1267009873	-0.1024710495	-0.145762394	0.1371892719	0.0159540287	-0.0118851425	0.0779539682	0.1573640877	-0.0613389172	0.1077826445	-0.1152722022	-0.1770132554	0.0578692069	-0.1302289614	0.0107888659	-0.0061088657	0.1500348666	0.184911385	-0.0620656533	0.038881258	-0.0529788137	0.0943322151	0.1064865787	0.0168621301	0.0650237175	-0.1699976472	0.0298484686	0.0346951389	0.0314663344	-0.0777576754	0.0544438437	0.0028152342	0.0722907038	0.2554206691	-0.1267272219	0.0546140988	0.3249535317	0.103513944	-0.017863166	-0.1337853022	-0.0324712615	0.0543058683	0.0726361286	0.0336464555	0.0971567364	-0.1214178266	0.0389566171	0.1211411182	-0.0805162843	0.1746727685	0.0947811603	-0.036849135	0.0245966664	-0.1229004022	0.1656449384	-0.1083461316	-0.1494649277	-0.0781568119	-0.1137585796	-0.005368083	-0.0595594727	-0.1929167331	0.0643090744	-0.0481381547	0.1401990103	0.0060015598	-0.1120652526	-0.0414321506	-0.2034091958	-0.0236979095	-0.0609224856	-0.0068799474	-0.1669357997	0.0073103687	-0.0350679374	0.0255757455	-0.0324086896	0.016319578	0.0062085714	0.0445784293	0.0605124318	-0.0473820914	0.3840614578	-0.1918511091	-0.0893917469	0.0256659766	0.2187384787	-0.2575271235	0.0736832126	-0.0378969326	-0.0095974023	0.1185467553	0.0944988299	0.0726180094	-0.0143456737	0.0627631718	-0.0524399458	0.1389296777	-0.1005308016	0.1060410254	0.0659660249	-0.0499252812	-0.1292797941	-0.1004830656	0.0494296957	0.0173718128	0.134104	-0.0077589999999999	0.017983882816	6.0202080999999816e-05	0.0997878	-0.0062892	3.955403664000011e-05	0.00995760502884	0.189504	0.021847	0.000477291409	0.035911766016	0.00134134	4.57299999999999e-05	1.7991929955999998e-06	2.091232899999991e-09	-0.00113903	-4.140000000000133e-06	1.2973893409000002e-06	1.7139600000001102e-11	-0.00114161	-3.680999999999997e-05	1.3549760999999975e-09	1.3032733920999998e-06	0.0	0.0	0.0	0.0	0.0	0.0	0.0	0.0	0.0	0.0	0.0	0.0	0.0	0.0
298.4374179586949	0.7382597669783877	0.5450274835389833	89064.89243785273	298.0089039138601	-1.1540470171578363	1.3318245178108994	88809.30681194029	212.3780787001776	0.5662182858687004	0.3206031472520893	45104.44831237884	212.09604795071505	367.0405407852939	1.413509	34.140339	0.1218595	0.061113	-0.0741188362	0.0546654273	0.0556081872	0.1364319099	0.1459235539	0.0616229837	0.0375277997	-0.1109448371	-0.1404416366	0.0204660771	0.0531361861	-0.0305943977	0.2123515806	0.0075358495	0.0860674673	0.05285125	0.0144784204	0.0271117634	-0.1840132588	0.1289551254	-0.0430664822	-0.153608088	-0.1362198615	-0.0315388942	-0.0053402006	0.038153346	0.016582096	-0.0580883185	-0.0639261135	0.1235194251	0.0865178226	-0.0246604074	-0.2461146742	-0.223944217	0.0836908535	-0.0533724761	0.1958881092	-0.0517601438	0.0888398669	0.0685061154	-0.1050893606	-0.1071540158	0.0855781184	-0.0280276366	0.1181658087	-0.0244661293	-0.0365421697	-0.0531289013	-0.1054153022	-0.0317012542	-0.0758734128	0.0123569456	-0.0117756823	0.0697944045	0.0495001974	-0.0581190122	-0.107374508	0.0484148161	-0.028593221	-0.0063049688	-0.0259630586	0.0788350868	0.0980122237	0.0416672644	0.041804572	-0.0519928275	0.1248400942	-0.1941515163	0.0522160006	0.1631284226	0.1251684492	0.0534137438	0.0368210386	0.0086103489	-0.0033228765	0.0480330755	-0.0665910014	-0.0996239348	-0.1069551543	-0.0010287186	-0.0497392302	0.3267962012	0.1448473466	-0.0800524961	0.0715985144	-0.071897229	-0.0177507519	0.0515047739	0.0850681774	0.0626202781	-0.0711597356	0.0596265831	0.2506985887	0.0023315668	0.0547502433	-0.0571377116	-0.0141992203	0.0724869741	0.0077796291	0.0391643509	-0.0206306185	0.07655132	-0.0289758406	0.0822058836	0.0198209341	-0.0510327951	-0.0271453831	-0.0352947702	-0.0348072678	0.0097475422	-0.0748065101	-0.0465094921	-0.0141508938	-0.0885820346	-0.0732276807	0.2168189867	-0.1133900862	-0.0909507274	-0.0026731543	-0.0749247761	-0.1089075648	0.1017471739	-0.049980361	0.0137848955	0.0451183869	0.0970694811	0.0477761866	0.1388163738	-0.0318223275	0.0143107944	0.1483483165	0.0497072321	-0.0583572803	0.0063831063	0.2011628013	0.1114730902	-0.1019099918	0.0542622434	0.0093776556	0.115905	-0.018199	0.0134339690249999	0.000331203601	0.10999	0.0102022	0.00010408488484	0.0120978001	0.176698	-0.012806	0.000163993636	0.0312221832039999	0.000292915	-0.001048425	8.5799197225e-08	1.099194980625e-06	-0.000831345	0.000307685	6.91134509025e-07	9.467005922500002e-08	-0.000884674	0.0002569359999999	6.601610809599997e-08	7.82648086276e-07	0.0	0.0	0.0	0.0	0.0	0.0	0.0	0.0	0.0	0.0	0.0	0.0	0.0	0.0
300.2195234004472	1.7821054417523214	3.175899805523237	90131.76223079166	300.847107027754	2.83820311389394	8.055396915717255	90508.98180696888	213.28385652714945	0.9057778269718426	0.8204334718338333	45490.00345509367	212.9747194903765	381.832764324414	1.285573	31.050301	0.09113595	0.0453587	-0.0381138764	-0.1055251817	0.1357081265	0.1814929511	0.1055538864	-0.0707064866	0.0396073029	-0.2394456943	-0.1253344833	0.0247034762	0.079959571	-0.0838094683	0.0040831206	-0.1450061453	0.1289916215	0.0737167488	0.0289980073	-0.0412474047	0.0551624701	0.1376352752	-0.1868326018	-0.0780474036	-0.1894354307	-0.0071169836	0.1932204233	-0.1716338985	-0.0569517859	0.0430843552	0.0838151581	0.0074772284	-0.0722501044	0.0389591987	-0.0676134624	-0.011863319	-0.039778196	-0.1831094489	0.0878778959	-0.067180516	0.0723020408	0.1046124018	-0.0068420165	-0.0813048404	0.1607693304	-0.0527817185	-0.0043570942	-0.0927870547	0.1358466193	-0.0507564362	0.1549108888	0.042587856	-0.1504049932	0.0894450924	-0.0075075781	-0.1372617079	0.0217693349	-0.008364262	0.1267682786	-0.030285159	0.223808904	0.0399902654	-0.1471026046	-0.0398931893	0.091163028	-0.0727878628	0.0434949337	0.0510520938	-0.0685030689	-0.1209796655	0.2018091862	0.1031172648	0.1287192936	-0.0825548515	-0.1419805224	0.2417706018	-0.0146188343	-0.0363802165	0.0551583407	0.0916496046	0.0076553588	-0.0083305567	-0.0429408801	0.0036853318	0.1133490597	-0.0460595122	-0.0496159358	-0.0402291479	-0.0218363666	0.1383078979	0.0448608266	-0.0395733057	-0.1091785769	0.0479528085	0.206113576	0.0697598568	0.120886011	0.0965937473	0.0548442734	-0.2793746773	-0.0780793034	-0.0389171865	-0.1063795271	-0.0910248203	0.0912033906	0.0286821094	-0.087453624	0.2135471575	-0.0297532132	-0.0514085718	0.0366277149	-0.0081994883	0.0027645193	0.0562644964	0.1261280793	-0.00162552	-0.0942070722	0.1577036291	-0.0962089877	-0.0881895897	-0.0951204487	0.0778249917	0.0390970521	0.0277102889	-0.1113833978	-0.0307549151	-0.0073331432	0.0088362178	-0.0529556533	0.0033796212	-0.1246387822	-0.0270410031	0.0266305679	-0.0848690876	-0.0994268256	-0.0943028825	0.1264362788	0.113288194	-0.1032856033	0.0589855141	0.0013410152	0.0923995	-0.0235055	0.00853766760025	0.0005525085302499	0.13332	0.0233299999999999	0.0005442888999999	0.0177742223999999	0.178815	0.002117	4.481689000000033e-06	0.031974804225	-0.000254991	-0.0005479059999999	6.5020410081e-08	3.002009848359999e-07	-0.000693337	0.000138008	4.807161955690001e-07	1.9046208064000004e-08	-0.000726919	0.0001577549999999	2.4886640024999996e-08	5.284112325610001e-07	0.0	0.0	0.0	0.0	0.0	0.0	0.0	0.0	0.0	0.0	0.0	0.0	0.0	0.0
299.8800067465384	-0.3395166539087881	0.1152715582814198	89928.01844630392	301.7230618476868	0.8759548199327583	0.7672968465634309	91036.80605074302	213.623638225154	0.3397816980045434	0.1154516022988507	45635.05880855148	213.424978589642	386.3484225033647	1.247975	30.14221	0.1250097	0.0820527999999999	0.0939248478	0.0007234785	0.2305359381	0.1576584553	0.1047821993	0.0290137857	-0.0603131478	-0.300615657	0.0309552869	0.001525	-0.1974301944	-0.0156181793	-0.0411871546	0.0938466419	0.0642276528	-0.0311617032	-0.0427107621	0.0665696871	0.1540939997	-0.0675174606	-0.2885176151	-0.0974993763	-0.0753507165	0.1465093934	0.1034984718	0.0434981874	-0.033296602	-0.074114484	0.0557795977	-0.0677120282	-0.0503352228	0.1010945875	0.2100656277	-0.0339781652	0.0412274877	-0.1245231343	0.0815387677	-0.0480718225	0.1077396762	0.0810003941	-0.1205328371	0.1520866736	-0.1031601465	0.061327636	-0.050251058	0.0489728017	-0.0597694423	0.0192302793	0.0751087292	-0.0188785795	-0.06146183	0.0036990658	0.1406576798	0.0527879145	-0.1504314913	-0.0192019604	0.0283753017	-0.1249831521	0.0317737849	0.0616148064	-0.0105147262	-0.0532904232	0.0265781642	0.0038910688	-0.0044302363	-0.0523590968	-0.1061221346	0.1211248581	0.3027160795	0.0836325819	0.0288823025	0.0959116784	-0.1826092262	0.0291168468	0.0164153987	0.0477370784	0.0878721593	0.035281807	0.0153812258	0.1209845846	0.1701867878	-0.0890135051	0.0596579965	-0.0992536193	0.0939971043	0.0129219651	0.0678220488	0.1223304782	0.1451095662	0.0737240165	0.0281341176	-0.0312339262	-0.1449700307	-0.0344084745	0.0278431908	-0.0459290292	-0.0839880816	-0.087751081	-0.0859399012	-0.0275462153	0.1437952541	0.0397273829	-0.0068640033	0.0069996909	-0.0204353774	0.1414396202	-0.1097766359	0.1214906437	0.0808639677	0.0342902749	-0.0003333902	-0.0607867239	0.0019274547	0.0552835226	0.0357525195	0.2123241896	-0.0639674365	0.0273716309	-0.181669774	-0.0262649282	0.0055211962	-0.0866664257	-0.1621057837	-0.1376363035	0.0443249913	-0.1077785263	-0.0340104252	0.1221843965	-0.0358904136	-0.0002430121	0.1164313224	-0.1056134732	-0.0637680638	-0.0435582131	-0.0526312316	0.0112072319	-0.1046092073	0.0635899959	-0.0067017003	0.0938462	0.0014467	0.00880710925444	2.0929408900000265e-06	0.06321	-0.0701099999999999	0.0049154120999999	0.0039955041	0.142998	-0.035817	0.001282857489	0.0204484280039999	3.9242e-05	0.0002942329999999	1.539934564e-09	8.657305828899998e-08	-0.00063485	5.848700000000008e-05	4.030345224999999e-07	3.4207291690000084e-09	-0.000726919	0.0	0.0	5.284112325610001e-07	0.0	0.0	0.0	0.0	0.0	0.0	0.0	0.0	0.0	0.0	0.0	0.0	0.0	0.0
298.69761550582086	-1.18239124071755	1.398049046125587	89220.2655088632	299.8548950020271	-1.8681668456596867	3.490047363222064	89912.9580566767	213.52486349305016	-0.0987747321038341	0.0097564477021842	45592.867329725705	213.2842493330785	373.6514942836904	1.189573	28.731625	0.0245302999999999	0.0152354	-0.0490136949	0.0852696784	0.1486478653	0.02996949	0.1643466404	0.1175397665	0.0399172091	-0.2131515964	-0.0185691212	-0.0476085717	-0.0112432815	0.0208488982	0.0368962074	0.0607681426	-0.1462467134	0.0135268633	0.0398518634	0.1898364051	0.1570728906	0.0056913475	-0.1568328275	-0.0757312139	-0.1363244837	-0.1097551722	-0.0939505886	-0.0278295242	0.0919308333	-0.1183794279	0.0056210845	-0.1276782454	0.0872732712	0.0492414195	0.0749570167	-0.0093998482	-0.0972167769	-0.0571288413	-0.0686884986	-0.0191836896	-0.0136921782	-0.0398712256	0.1149201605	0.0848287077	-0.0498584172	-0.0642110989	0.0664642344	0.1417606667	0.0160229382	-0.0456431134	0.025438436	0.0330198929	0.0039834433	-7.75692e-05	0.0272278064	0.0118578515	-0.0014676786	-0.0032353566	-0.0941138346	0.0808968954	-0.1004049426	-0.0847793115	0.0250034409	0.0833374199	-0.0301262127	0.0599797229	-0.012243645	-0.1684295928	-0.1749470589	0.0389277427	0.1755716615	0.0792488761	0.1401401517	-0.0491870179	0.1064585577	-0.0189823184	0.0230439716	0.0992428083	0.0228931598	-0.0173880623	0.1414511719	0.1318219657	0.0457994756	-0.0398799189	0.0177608988	-0.0456649182	-0.0562439939	0.0497481014	0.0371059043	0.0124002308	-0.0369910044	-0.1176622626	0.0583823768	0.0351365217	-0.0605183981	-0.1796416371	-0.0716698416	0.056206573	0.0045617108	0.0150624654	-0.0370574723	-0.0153586415	0.0518001484	0.0802038519	-0.0057324128	0.0295194348	0.1043055211	-0.1205800523	0.0091359596	-0.0899592049	-0.0487662961	0.0431162182	-0.0317719122	-0.0610243539	-0.0824574345	-0.0678592342	-0.0547812325	0.1695780473	-0.1255918205	-0.0440562194	-0.1689978246	-0.076394302	0.0593199463	-0.0759542501	-0.011569326	0.0119870324	0.119611278	0.0650883664	0.0043014626	0.0827094128	-0.1367787366	0.0025040061	-0.05626682	-0.0227824854	0.0025413591	0.0005579317	-0.031029476	-0.0147099818	-0.1058801375	0.0680664159	-0.0147140554	0.0906851	-0.0031611	0.00822378736201	9.99255321e-06	0.0632332	2.3200000000001e-05	5.382400000000462e-10	0.00399843758224	0.133633	-0.0093649999999999	8.770322499999971e-05	0.017857778689	0.000242697	0.000203455	5.8901833809e-08	4.1393937025e-08	-0.000598685	3.6165e-05	3.58423729225e-07	1.307907225e-09	-0.000726919	0.0	0.0	5.284112325610001e-07	0.0	0.0	0.0	0.0	0.0	0.0	0.0	0.0	0.0	0.0	0.0	0.0	0.0	0.0
297.9422891483123	-0.7553263575085793	0.5705179063471782	88769.60766293653	298.7996896840349	-1.055205317992204	1.1134582631190286	89281.25455527555	212.87720837180376	-0.6476551212464017	0.4194571560766912	45316.70584417236	212.6753080952075	374.50391005805807	1.102599	26.63096	0.0496948299999999	0.0268084	-0.0686497783	-0.0616544298	0.0622852087	-0.0065469921	0.107318699	-0.0009411706	0.1149573606	-0.0601821245	-0.0207836133	0.1018099589	0.0750119134	0.0293184295	0.0004931629	0.02009482	-0.0249556926	-0.0280392254	-0.0579699387	0.0036760818	0.1018794741	0.0663876489	-0.0449906955	-0.1027813846	-0.1257543493	-0.0027242275	-0.0439201776	-0.0308442508	-0.1330469548	-0.0804651642	-0.0727999292	-0.1155137634	-0.0327487847	0.0063057516	0.0539337172	0.1076171523	0.070975991	-0.0088445506	-0.0231988616	-0.0669344357	-0.0069604425	-0.1695866158	0.0439691794	-0.0366067257	0.1657800542	0.00327465	0.1087325298	-0.0744077307	-0.0386170768	-0.0757770657	-0.1112495903	-0.1320138115	0.0624068827	0.1020242016	-0.1446365169	-0.0376220945	-0.0441862063	-0.0159254217	0.0088072629	-0.1108879063	-0.0248368893	-0.041448449	-0.0266727307	-0.1507770865	0.0461909087	0.0091294344	-0.0420408206	0.0088536526	-0.1191490611	-0.0243639254	0.061139161	0.1039249541	0.0861868518	0.0011871586	-0.0558156547	-0.0164714415	0.1491748873	0.046897034	-0.1130510844	0.0040112991	0.1370074258	-0.0038492686	-0.0284004132	-0.150519113	0.0003725081	0.0655835883	0.0465873948	-0.0626487507	0.0788789251	-0.090134287	0.0272511175	-0.1215990076	-0.0896889898	0.109627123	0.1248390805	0.1047161863	0.0359876758	-0.0573325133	-0.0494099441	0.0732055087	0.1694083317	0.0550145667	-0.111525015	0.0728718109	0.0521125128	-0.0018928548	0.0465565196	0.0305034356	-0.0009773077	0.1113033477	0.120944948	0.0460986125	-0.0065531951	0.0229421557	0.0115493247	-0.0370946711	-0.1233358513	0.1090111652	-0.0557546453	0.0218626997	-0.0553689389	0.0559813904	0.0649730967	0.0448963059	-0.0481776018	-0.0259389484	-0.0982372699	-0.1350408364	-0.159642299	-0.0337918514	-0.1156698441	0.0412300294	-0.0453200962	0.0447685841	-0.0573946303	-0.0594560048	0.0520773231	0.0057671062	-0.1070977539	0.0724057592	-0.0226597522	0.0962108	0.0055256999999999	0.00925651803664	3.053336048999994e-05	0.0809511	0.0177178999999999	0.0003139239804099	0.0065530805912099	0.148328	0.0146949999999999	0.0002159430249999	0.0220011955839999	5.41544e-05	-0.0001885426	2.93269903936e-09	3.554831201476e-08	-0.000645267	-4.658200000000009e-05	4.163695012890001e-07	2.169882724000008e-09	-0.000726919	0.0	0.0	5.284112325610001e-07	0.0	0.0	0.0	0.0	0.0	0.0	0.0	0.0	0.0	0.0	0.0	0.0	0.0	0.0
297.91938520425424	-0.0229039440580436	0.0005245906534139	88755.96008048081	299.81769252487373	1.0180028408388466	1.036329783955962	89890.64875093973	212.7443321488437	-0.1328762229600499	0.0176560906281289	45260.150861457536	212.5491061765094	369.0538794111103	1.000332	24.160906	0.07441598	0.0360897	-0.0003020062	0.0041804088	0.021964171	0.0582489431	0.1693500824	-0.0507406004	0.0104982644	-0.1010960813	-0.1008863113	-0.0209269855	-0.0007359887	-0.0357753515	0.0256780977	0.1686240423	-0.0679758992	0.102784538	-0.0645444254	-0.0248730165	0.0205524334	0.0894930325	-0.0727980097	-0.0715093565	-0.1719700849	-0.054265887	0.0893362052	0.0631781561	0.075286896	-0.0761763188	-0.0939501037	-0.1478766697	0.0197836387	0.0174068481	0.0816726105	-0.0128743952	0.1032388585	0.0420142071	-0.101150394	0.1572414337	-0.0350088216	0.0123378285	0.1818182543	0.1663352325	-0.1200514374	0.0457838536	-0.144042725	-0.1610706332	0.0349628342	0.0277417903	-0.1588275347	-0.1202830297	-0.0679495837	-0.1121146752	-0.0104822005	-0.0067617387	0.0397017511	0.0455476314	-0.0780846345	0.0488068494	-0.050337991	-0.0296176304	0.1524214911	-0.0786293893	-0.0991404386	-0.0862121707	-0.0206170763	0.0293461408	-0.0477532164	-0.0727808189	0.0920067628	0.0800685445	0.1537124807	0.0987640609	0.0303368255	0.0484493047	-0.0469701596	0.0414060182	-0.0505760369	0.0092452712	0.1546973117	0.0398583951	0.0190313686	-0.0742324175	-0.1800446417	-0.0146390086	0.1251526503	0.0707570468	-0.1547998621	0.0162762828	-0.0857914041	-0.1144651069	0.0141009097	0.0266308475	-0.2338170583	0.1262673282	0.0891989294	-0.0602083155	0.1081923352	0.0756447169	0.055364642	0.0764439567	0.178631496	-0.0452311355	0.0321702463	-0.0377547191	0.0551165288	-0.1512415548	0.096310185	0.0769338964	-0.0779453395	-0.0571266603	0.1674568521	-0.001416955	0.0540593001	-0.0073029242	-0.0564243504	0.1706188147	-0.0764467932	-0.063533085	-0.0352247388	-0.1041823212	-0.0258782811	-0.0797546462	0.0275596044	-0.0508139255	0.02926101	-0.0898954398	-0.116612137	0.0299693569	-0.0744423802	-0.0963401798	-0.0941354769	0.0577872014	0.0620887363	-0.210002746	0.0210533387	-0.1978702861	-0.1082614433	0.0765992869	-0.0305027946	0.0911193	-0.0050914999999999	0.00830272683249	2.592337224999999e-05	0.1041	0.0231489	0.00053587157121	0.0108368099999999	0.166521	0.018193	0.000330985249	0.027729243441	0.000526006	0.0004718516	2.76682312036e-07	2.2264393242256e-07	-0.000658773	-1.3505999999999936e-05	4.33981865529e-07	1.8241203599999822e-10	-0.000652625	7.429400000000003e-05	5.519598436000005e-09	4.25919390625e-07	0.0	0.0	0.0	0.0	0.0	0.0	0.0	0.0	0.0	0.0	0.0	0.0	0.0	0.0
297.7349318169897	-0.1844533872645684	0.0340230520733728	88646.08962406749	298.6917799189121	-1.1259126059616165	1.2676791962632783	89216.77939112783	212.84421102112265	0.0998788722789356	0.0099757891277119	45302.658165204186	212.6622350611428	374.658234924656	1.563971	37.774418	0.2577836	0.163519	0.0747276949	-0.1723311311	0.0670646845	-0.1133444636	0.1610706018	-0.0783750198	0.0475727491	-0.0549955117	0.0974217239	0.2334487204	0.1760605406	0.0322372017	-0.0967776551	0.1716262953	0.0334905731	-0.028170384	0.1432751344	-0.0431232993	0.1276474718	-0.056899136	0.1141955232	-0.2645879455	0.0315384017	0.2402195086	0.0467910951	-0.0659284911	0.0724193085	0.1890093398	0.2545752589	0.0363907252	0.0018204857	-0.0801396419	-0.079949138	-0.1126048443	0.0777154297	0.0276699904	-0.2277262971	-0.1031701875	-0.0797382092	-0.0140575737	0.0504873028	-0.0504864206	0.012744075	-0.011806615	0.0357011605	0.027813752	-0.0504833642	0.0137118155	-0.1098109232	-0.0088775627	-0.0540456701	-0.0107724642	0.015415621	-0.1527942753	-0.0896862477	0.3382150668	-0.0643815281	0.0209524141	-0.0435964702	0.1093880399	-0.0251731139	-0.0434633679	0.0767245955	-0.1642560237	-0.0461003077	0.0451883628	-0.0857898276	0.0869166399	-0.0823159618	0.2723384889	-0.0471151675	-0.0867716654	-0.18299867	-0.1063384637	-0.1719468402	-0.1208550621	0.2361389346	0.0420501467	-0.0455155944	-0.137527777	-0.1924619615	-0.0066078186	-0.1630066558	-0.1568983453	-0.0190628928	-0.0813422488	0.0640310177	-0.0439804063	-0.0380269451	-0.0067803444	-0.0121141515	0.0328600417	0.0617898961	-0.0586295842	0.018332367	-0.0237130424	0.038999144	0.1031470684	-0.0553920888	-0.0200555928	0.044908866	-0.0537651118	0.1519147942	-0.2465168887	0.2059261214	0.0147915245	0.0261788783	0.0429868443	0.122576757	-0.1541610236	-0.0509721726	0.0472034083	-0.0474530511	0.2142951034	-0.1796715136	0.0743891983	0.0372462081	0.3315453422	0.1717815371	-0.0200022698	0.2137127747	0.0653557437	0.0188018287	0.2780877187	0.1725741621	-0.1522621132	-0.0295081011	0.0066971892	-0.0785931145	-0.1604323044	0.3677765909	0.3590001131	0.1941446529	0.0540202013	-0.0753781168	0.2271874944	-0.1093706198	0.0806385538	-0.0382076517	0.0425763	-0.048543	0.0018127413216899	0.002356422849	0.103959	-0.000141	1.9881000000000633e-08	0.010807473681	0.0235573	-0.1429637	0.02043861951769	0.00055494638329	0.00141444	0.000888434	2.0006405136000003e-06	7.893149723560002e-07	-0.000419278	0.000239495	1.75794041284e-07	5.7357855025e-08	-0.000847414	-0.000194789	3.794275452100001e-08	7.18110487396e-07	0.0	0.0	0.0	0.0	0.0	0.0	0.0	0.0	0.0	0.0	0.0	0.0	1.0	0.0
297.93736222381085	0.202430406821179	0.040978069605788	88766.67180888227	296.81945965682405	-1.872320262088067	3.505583163825528	88101.791630969	212.6823865633968	-0.1618244577258565	0.0261871551182675	45233.79755430215	212.53842154436333	375.2599186738411	1.452566	35.083675	0.239794425	0.116259	0.0892428483	-0.1561389765	0.0400996739	-0.1655119074	-0.0542098165	-0.0592908707	0.0288897581	0.1230264171	0.2834330513	0.1501218778	-0.1017795226	-0.1256604604	-0.0044094066	0.0939878631	0.1004213728	-0.0961378502	0.0217676149	-0.031715537	0.1155811504	-0.1978225999	0.206272443	-0.118128824	-0.0770346933	0.1599225965	-0.0080981966	0.1979343246	-0.1561437208	0.0414248443	0.0539033792	-0.0329345345	-0.0623478595	0.0470195785	-0.1405091977	0.0772029433	0.1819016022	-0.0422363702	-0.0165925703	-0.0488365717	0.0445163016	-0.0274506595	0.0478345431	0.057989686	-0.1215838167	0.1557469533	0.028349118	0.0054528162	-0.0387727417	-0.1483166145	0.1513423248	-0.0758061738	-0.1350867406	-0.0207043424	-0.0623496131	0.0650271142	0.0073047194	-0.0961124456	0.0707870816	0.0074707983	-0.0265082653	0.0779360445	0.1171734562	-0.0356061528	0.0187493916	0.0519868994	0.0065154981	0.0353438366	-0.0444247817	0.2208400129	-0.2066570394	0.1303725513	0.0300018266	0.1761267782	-0.1580451415	-0.1066304618	0.1503595183	-0.0393632827	0.0492749987	0.0693606097	-0.0142619825	-0.0155973629	-0.1967382229	0.0237666305	0.0408594748	0.00837156	0.1490901579	-0.0700803046	0.0313785604	-0.0140834547	-0.0070209926	-0.0407970005	0.1139727119	0.0073094146	-0.0477618179	0.031316599	0.1144117698	-0.030808866	-0.1924753633	-0.1190430609	-0.0923558592	0.0987591409	0.0836015252	0.0786436502	-0.0168855969	-0.0119164451	-0.1074671164	-0.0676687709	-0.0415206698	0.0739345351	-0.0774763136	-0.0767108717	0.0422013895	0.0957441862	-0.1302312993	0.1937959994	-0.0975096797	-0.1039992805	0.0079268734	0.2247813651	-0.1732607959	0.1006098677	-0.1267831787	0.1014194791	0.04336593	0.0815281246	-0.1544149082	-0.226650657	0.1066022865	-0.0770887873	0.0104362234	0.3570569316	0.1488587309	0.1386461153	-0.1151101329	-0.0026383169	-0.0814075694	0.074620989	-0.1104247249	0.0845154255	-0.0457394187	0.0688271	0.0262508	0.00473716969441	0.00068910450064	0.00770539	-0.0962536099999999	0.009264757438032	5.9373035052100005e-05	0.00768678	-0.01587052	0.0002518734050703	5.90865867684e-05	0.000349673	-0.001064767	1.22271206929e-07	1.1337287642890002e-06	9.97089e-05	0.0005189869	9.94186473921e-09	2.6934740237161004e-07	-0.000402778	0.000444636	1.97701172496e-07	1.62230117284e-07	0.0	0.0	0.0	0.0	0.0	0.0	0.0	0.0	0.0	0.0	0.0	0.0	0.0	0.0
298.7721492979338	0.8347870741229713	0.6968694591227911	89264.79719610685	298.3549589332146	1.535499276390567	2.357758027795955	89015.68152004018	213.2092333742876	0.5268468108908166	0.2775675621458239	45458.17719605144	212.96994529620625	373.8062187870126	1.52358	36.798851	0.22854713	0.137935	-0.0519659704	-0.0135225905	0.0194573845	-0.0579116136	-0.035591909	-0.0779199664	0.055886007	-0.0274596054	0.1590499257	-0.223183662	0.1436463054	0.1226893054	0.1229727142	0.1818495005	0.0586634338	-0.2213106995	-0.1220682129	0.0508155846	0.1262575593	0.0024199729	0.0517702925	0.0690511048	-0.0652842854	0.040795861	0.0387344165	-0.0711738157	0.0904930227	-0.0438281141	-0.0702388921	0.0428575988	-0.2678194463	-0.0515672235	-0.0578968476	-0.040556608	-0.1354719218	0.2643885986	0.1499968712	0.0039068235	0.0450029033	0.0579810931	-0.0492748216	-0.0131422742	-0.0255077618	-0.1303103352	0.0324696097	-0.1047390073	0.0983149732	-0.0704135381	-0.0718169237	0.0340743797	-0.064184372	0.043340624	-0.0227526113	-0.0567297865	0.0056171591	0.0370988707	0.016066824	-0.1733570968	0.0337197679	-0.1113577147	0.0769529604	0.1052896053	0.0861564675	-0.0599767537	0.0277930865	-0.0309316458	-0.1352173377	0.0493584957	-0.0422073863	-0.0568410498	0.0821260263	-0.0034733452	-0.0058808243	0.0179090983	-0.1355929166	0.1502502718	-0.058730077	0.2170175694	-0.0833906198	-0.1686211387	0.1314326686	0.1255545738	-0.0829892383	0.1963352884	-0.0423117469	0.1309039742	0.0122900891	0.0438664741	0.0544918071	0.1089698476	-0.0265742203	0.1400174206	0.0831969727	0.0088687152	0.100849635	0.058347514	0.045357479	0.0088140817	0.0443535089	-0.0312140283	-0.0632453277	-0.0574356982	0.0936231983	0.0039459224	-0.0452524133	0.012669037	0.0843831334	0.1289368498	-0.0981981163	0.1098232056	-0.0870142025	-0.0341579274	-0.0185701537	0.0015190125	-0.0670194018	-0.0977206469	-0.0731250546	-0.0369556247	-0.1189839917	-0.0637855407	0.0273127474	0.0557733885	0.177976176	-0.1025757077	0.13435404	-0.0581988761	-0.0450640241	-0.0816643636	-0.1403441164	-0.0252706056	-0.1856686194	-0.0591552505	0.0042801338	-0.0777278853	0.038123384	0.0162642555	-0.1114232278	0.0882220943	-0.0530639746	0.0723271999999999	0.0035000999999998	0.0052312238598399	1.2250700009999264e-05	0.097473	0.08976761	0.0080582238051121	0.009500985729	0.0931886	0.0855018199999999	0.0073105612233123	0.00868411516996	-0.000537585	-0.000887258	2.889976322250001e-07	7.872267585640001e-07	9.97089e-05	0.0	9.94186473921e-09	0.0	-0.000294484	0.0001082939999999	1.1727590435999998e-08	8.672082625600003e-08	0.0	0.0	0.0	0.0	0.0	0.0	0.0	0.0	0.0	0.0	0.0	0.0	0.0	1.0
297.1309077443643	-1.6412415535695004	2.693673837163227	88286.77633698995	298.6687966443315	0.3138377111168893	0.098494108919088	89203.05008897305	212.57016512806072	-0.6390682462268842	0.4084082233355054	45186.075102571005	212.43926954786903	373.9754968564466	1.328635	32.090378	0.05516347	0.027128	0.1460482324	-0.0686864482	-0.0349271629	-0.0026037201	-0.0247243186	-0.0944883744	-0.089278698	-0.0185190079	0.0732290519	0.0367456186	0.0144996213	0.1019547081	-0.1132166886	0.190764231	0.1087035773	-0.1371684867	-0.0222841579	-0.0940841574	0.0560908681	-0.144059071	-0.0003140035	-0.0439314863	-0.007285818	0.0549986318	-0.1037350704	-0.0522441392	-0.0275089123	0.0301499949	-0.034058899	-0.0211167049	-0.04768135	-0.0311518517	0.0625627797	-0.1231155994	0.106144133	0.0347376236	-0.0539874315	0.0039379978	-0.0863920768	-0.0866056188	-0.0728141927	-0.1954662577	0.0182249667	-0.0115335827	-0.0299948226	0.023501748	-0.028384709	-0.0079969881	0.0867490839	0.0497135109	0.0281351719	0.1281700392	-0.0301566044	-0.1799260026	-0.1229604467	0.0267483835	-0.0517833759	0.0714616749	-0.1444407252	-0.1149328931	-0.0789960822	0.1214991859	0.0083921572	0.0665984682	0.0188647497	0.0921216255	0.0093847505	0.1592649973	0.0041930894	0.039115106	-0.0038037951	-0.0855833942	-0.0286142101	-0.1271259355	0.0035626215	0.0275649035	-0.0485562474	0.0717240922	-0.0115400498	-0.0283019645	0.052928749	0.0129335284	-0.102886264	-0.0981559728	0.0541531246	-0.1017899307	0.0032014863	-0.1111858934	-0.1151547395	0.0993771091	-0.0595616906	-0.0096106493	0.0734069459	0.0162447022	-0.0739416707	0.0661709948	-0.0771555876	-0.0830853431	0.0186678112	-0.1818680202	-0.0562823498	0.0652720658	0.1869201456	-0.0191318695	0.109445981	-0.0497939811	-0.0195093354	-0.1627408246	0.0339962328	0.0639961381	-0.0893349698	-0.0138962298	0.0337871734	0.1280646902	0.0778247467	-0.0174740311	-0.0215173695	0.0853051348	0.0010377236	0.0969898571	0.0335001116	0.0538865947	0.079786969	0.0031987036	0.1058249938	-0.0705479912	-0.1134257529	0.0553696365	-0.0806715841	0.1104469272	-0.0826043617	-0.0757681508	-0.0039475912	0.0213550209	-0.0230234125	-0.0278465025	-0.1123656258	0.0917510955	-0.0601481375	0.0857648	0.0134376000000001	0.00735560091904	0.00018056909376	0.0835570999999999	-0.0139159000000001	0.00019365227281	0.0069817889604099	0.111242	0.0180533999999999	0.0003259252515599	0.0123747825639999	-0.000611086	-7.350100000000001e-05	3.7342609939600004e-07	5.402397001000002e-09	1.59745e-05	-8.37344e-05	2.5518465025e-10	7.01144974336e-09	-0.00033238	-3.789599999999999e-05	1.436106815999999e-09	1.1047646440000001e-07	0.0	0.0	0.0	0.0	0.0	0.0	0.0	0.0	0.0	0.0	0.0	0.0	0.0	0.0
296.97127666975206	-0.159631074612264	0.0254820799818661	88191.93916686242	297.68234591785864	-0.9864507264728672	0.9730850357588476	88614.77907115965	212.51102935081087	-0.0591357772498497	0.0034970401509438	45160.9375957412	212.2910157395888	363.02310807677657	1.342871	32.434216	0.0246601699999999	0.013096	-0.0322111706	0.1250114672	-0.0610197632	-0.1186308156	-0.0156789793	0.1048650678	-0.0384331994	0.094818446	0.0294326632	-0.0671476308	0.0373504872	-0.0329167889	0.1185556413	0.077332854	0.0196000482	-0.0005748394	-0.0349996715	0.1212561019	-0.0790349859	-0.0650611909	0.0609684284	-0.0173823152	0.0122636881	-0.0799483137	-0.0018463505	0.0457283346	-0.0338998818	-0.120712974	-0.1082364948	0.0132732388	-0.0038128322	0.0017503226	0.0897123845	-0.0747264355	0.0129658642	0.071785126	-0.1528286869	-0.0684964748	-0.1479539261	0.0373856869	-0.0052291588	0.0323474599	-0.0625798982	-0.0363746518	0.0851417716	-0.0061888037	0.0434572579	-0.0053256399	0.0549625649	0.0939366773	0.2127222093	0.0050020535	-0.0714780897	-0.0366391436	-0.0102784103	-0.0523451827	0.0584064316	0.0318180164	0.0934315225	-0.0287239528	0.0479424678	-0.0260096517	0.1097396786	-0.0732445148	-0.0808818625	-0.1347020908	0.0767811273	0.0351124427	-0.0658391316	0.0112353603	-0.0215438509	0.073905515	0.0813156084	0.0264205299	0.0478296451	0.1065829252	-0.1235275864	-0.0312497407	0.0309837308	-0.0300221332	-0.0352310956	-0.1067273501	-0.1854565704	-0.0943345957	0.0196289496	-0.0068777198	0.0359083549	0.0028564776	0.0118643099	0.0358649474	0.1342538681	0.0374917056	-0.0337950998	-0.0358018645	-0.1554308135	0.1406753325	-0.0076620629	0.0163501503	0.1163030017	-0.0331798199	-0.1005103237	-0.0287564238	0.040895647	0.0417156624	-0.0752461345	0.0642784732	0.052253476	0.0134946243	-0.0651803134	-0.1028087174	-0.036217451	-0.0384321198	-0.1112091302	-0.0488182509	0.0413198534	-0.056745244	-0.0383665849	0.0068893722	0.0648632086	-0.0611509643	-0.1015668795	0.0958433961	0.109153324	-0.1079000302	0.0637603447	-0.0754189523	-0.0858164531	0.005867159	-0.0421480222	-0.0185591116	-0.1328749385	-0.0405803807	-0.0400604329	0.0680927058	0.0338177071	0.0746433066	-0.1132514443	0.0950953223	-0.0669598143	0.0857696	4.799999999999249e-06	0.00735642428416	2.3039999999992796e-11	0.0768266999999999	-0.0067303999999999	4.5298284159999966e-05	0.0059023418328899	0.101923	-0.0093189999999999	8.684376099999988e-05	0.010388297929	-0.000611086	0.0	3.7342609939600004e-07	0.0	9.97089e-05	8.37344e-05	9.94186473921e-09	7.01144974336e-09	-0.000243995	8.838500000000002e-05	7.811908225000003e-09	5.9533560025e-08	0.0	0.0	0.0	0.0	0.0	0.0	0.0	0.0	0.0	0.0	0.0	0.0	0.0	0.0
296.97324008053647	0.0019634107844126	3.854981908347877e-06	88193.10532393196	297.1774578879151	-0.5048880299435154	0.2549119227802441	88314.44147672357	212.36046248865728	-0.150566862153596	0.0226703799787799	45096.96602839641	212.13487567310185	363.9512801746537	1.105144	26.692429	0.109039445	0.0608083	-0.0551406259	-0.0210212394	-0.0948982146	-0.1024287969	-0.014704296	-0.0150025181	0.0403772054	0.1100940676	0.0254634822	-0.022156786	0.1026995078	0.041742026	-0.1158019972	0.1019414121	0.1398484743	0.1061464837	0.1022900175	-0.0248283462	-0.0425606568	0.0257112891	0.1809835322	0.1075103265	0.0727510986	0.0121062086	-0.0757431653	-0.1264959127	-0.0069211756	-0.0507353457	0.1141409256	-0.0288839968	-0.0298951746	0.0348779709	0.0342113996	-0.0922013501	0.0766282845	-0.0302747686	0.0226947066	-0.0159518941	-0.0047557482	0.0101075348	0.0163958048	0.0756855523	-0.0417475289	0.0071225087	-0.0121642504	0.0096098863	-0.0853218899	-0.0512994247	0.1458629436	0.0497128571	-0.0367052215	0.1109268759	0.0835832138	0.1821056759	-0.0047734517	0.0045698654	-0.0285011557	0.0096104451	0.0021206331	-0.0440377834	0.0139719263	-0.0532083423	-0.039925649	-0.1298614823	0.1219905921	0.0275130176	0.0274918697	-0.0444526846	-0.1798615794	-0.0972781198	-0.0469486347	-0.1676563522	0.0092885382	-0.0380237026	0.0040064856	0.0575444419	0.1051724352	0.0606504991	0.0153610507	0.0165860581	0.0405245202	0.0348776396	-0.0141002515	-0.0916405666	0.092246332	-0.007527453	-0.0137086715	0.0631666714	0.0426683255	-0.0301444347	0.0105037763	0.016747001	-0.069748776	-0.0171561818	-0.0311806117	0.0711281374	-0.1333902889	-0.0413415595	-0.1146329251	-0.0683888118	0.0080545291	0.1411602699	-0.1367995227	-0.0199838151	-0.030000036	0.0028270852	0.0755322213	0.0418956246	0.0473188556	-0.0047831991	0.0662681338	0.1025868284	-0.0035171781	-0.0285600888	-0.0520060618	-0.103357999	-0.0157691078	-0.0133910837	0.1235276862	0.1227234577	-0.0356146088	-0.0574746984	0.0260776698	0.0811817459	0.1519798931	-0.0165993766	0.0753983197	-0.0194502038	-0.147633861	0.1082838915	-0.0218069503	-0.0418489289	0.0586714905	0.0533817589	0.0683921157	-0.0182716238	-0.1140802373	0.0982480398	-0.0734681463	0.0784379999999999	-0.0073316000000001	0.0061525198439999	5.375235856000154e-05	0.126635	0.0498083000000001	0.00248086674889	0.016036423225	0.115005	0.0130819999999999	0.0001711387239999	0.013226150025	-0.00108404	-0.000472954	1.1751427216000005e-06	2.2368548611600005e-07	-0.000106154	-0.0002058629	1.1268671716e-08	4.237953359641e-08	-0.000341529	-9.753399999999998e-05	9.512881155999996e-09	1.16642057841e-07	0.0	0.0	0.0	0.0	0.0	0.0	0.0	0.0	0.0	0.0	0.0	0.0	0.0	0.0
297.44460053897626	0.4713604584397899	0.2221806817805689	88473.29038979116	297.27326324438746	0.09580535647234	0.0091786663287921	88371.39303996689	212.44177485888008	0.081312370222804	0.0066117015512503	45131.50770519109	212.25486297533493	365.4806476277181	1.056037	25.506353	0.041056925	0.0257121	0.033526571	-0.0527983509	-0.1629790959	-0.0073101495	-0.0432828697	-0.1321260148	-0.0579728044	0.1025424708	-0.0371841984	0.0259544955	-0.1256452073	0.0328929073	0.1237909219	-0.0544831988	-0.046492335	0.0115189704	0.0169973336	-0.1258196912	-0.0461143514	-0.0166430054	0.040599724	0.136655971	0.1028894796	0.0465564283	0.0887576341	0.0723914436	0.1103390532	0.05579625	-0.0676013136	-0.0549638249	-0.0881641993	-0.0896124218	-0.0015581129	0.0792070007	0.0261758399	-0.1093929325	-0.1398481282	-0.0806979262	0.1215972517	-0.013642765	-0.0635339931	-0.0900320894	-0.0235670825	-0.0186091258	-0.0544980732	0.0055589448	-0.0552242685	0.0113615277	0.0110487881	0.0276378788	-0.0639978126	-0.0081888067	0.0161724126	-0.1062825719	-0.0295840844	-0.0216026164	0.1000209602	0.0505687643	-0.0512480707	-0.0024925567	0.0889297232	0.0459266614	-0.1036425791	0.0647791551	0.0254271074	0.1236634004	0.0677948178	0.0132057045	-0.0633081089	-0.1377120725	-0.0754684678	0.1373184092	-0.0242901524	0.0061596262	-0.1267504061	-0.0777907788	-0.0451539555	0.0369318391	0.0872346859	-0.0942488132	-0.0536681779	-0.0882692325	0.1275327081	-0.0414734042	-0.0492513596	0.030921168	0.1240791472	0.0396232879	-0.0606851289	0.0382005049	-0.0896142911	-0.0315948808	-0.0098916303	0.0133420816	0.0204696965	-0.0296642508	-0.0172921352	-0.0126137936	-0.0657886282	-0.0827971542	0.0397664341	-0.0462161965	0.0868834165	-0.0143077277	-0.0711568165	-0.0755644797	-0.0671488182	-0.0312872357	-0.029283672	-0.0194454113	0.0507941008	-0.0515943974	0.1083326367	0.0411382288	0.0431260262	-0.0825477895	-0.0132379111	-0.0317625036	0.0397239016	-0.0318182286	-0.1035555878	0.1121245033	0.0662745519	0.007744429	-0.0557383424	-0.0071136285	0.0770301586	0.1471621935	-0.0148083581	-0.0741911387	-0.029089725	-0.043203143	-0.0516916497	0.0353027106	0.0439279345	-0.0205153986	-0.1148515874	0.1012028987	-0.0796436494	0.0831820999999999	0.0047441	0.0069192617604099	2.250648481000001e-05	0.13605	0.009415	8.864222500000013e-05	0.0185096025	0.138301	0.023296	0.000542703616	0.019127166601	-0.00108404	0.0	1.1751427216000005e-06	0.0	-4.26195e-05	6.35345e-05	1.81642178025e-09	4.03663269025e-09	-0.000350031	-8.502000000000021e-06	7.228400400000037e-11	1.22521700961e-07	0.0	0.0	0.0	0.0	0.0	0.0	0.0	0.0	0.0	0.0	0.0	0.0	0.0	0.0
297.8727833835878	0.4281828446115128	0.1833405484196069	88728.19508068581	297.2480925747111	-0.0251706696763562	0.0006335626119562	88356.42853930402	212.5963255685793	0.1545507096992082	0.0238859218685289	45197.19764526136	212.37048873679583	367.8082101585733	1.125278	27.178724	0.07589961	0.0610035	0.0835858788	0.0889468277	-0.0744830038	-0.0540313785	-0.0027008201	0.0844406854	-0.1643427974	0.0601435266	0.0284136537	-0.0771639965	0.091489753	-0.0680906641	-0.041616374	-0.0583747869	-0.0678920983	0.0195189803	0.0524206397	0.0293674798	-0.0943392173	-0.0991785963	-6.99629e-05	0.0333898005	0.0561299883	-0.0787424726	0.0634105301	-0.0297073721	0.1255925532	0.0038786909	0.0141148462	0.1173202162	-0.1175634596	0.134415844	0.0617476008	-0.0042061986	-0.1685098456	-0.0290903827	-0.0734049731	0.0233446132	-0.0592949829	0.0560083252	0.0133012788	-0.0733332554	0.1154441657	0.024828836	0.0079053664	0.0217106642	0.0153699991	0.0667701089	-0.1708281332	-0.1088377886	-0.043360204	-0.0341641755	-0.097435535	0.0114422576	-0.025401625	0.0772227103	-0.082346452	0.073452492	0.1237439199	-0.0856838446	0.0883739016	-0.0871607885	-0.1105635962	-0.0624585324	-0.0636671147	-0.0514507717	0.1291014332	0.0625397211	-0.0143195526	-0.0323584054	-0.0384806817	-0.0339379598	0.0825260381	0.1122558558	-0.1244627116	0.0401567646	0.0232321622	0.0670215672	-0.1771937073	0.0474305973	0.0330580237	-0.1628043878	-0.0368924302	-0.0222967996	-0.1346241342	0.0436180484	-0.0507165974	-0.0017999686	0.0267991295	-0.0331166826	-0.042441051	-0.0711462801	0.125391105	0.0087755083	0.0261544828	-0.0986501754	0.1145849755	0.0806671062	0.0834566601	0.054924736	0.0185981443	0.0690415323	0.0700393844	-0.0464412919	0.0909427668	0.0328846915	0.1350218137	-0.005573384	-0.0497330418	-0.0553720844	0.1606463935	-0.0578480707	-0.054260504	0.0075621693	0.1337656041	-0.0283627162	-0.0157122742	0.041230178	0.1292821706	0.0121084138	-0.0461960135	-0.1326709831	0.0902297897	-0.0569625524	0.0151256016	0.073564162	-0.060635162	-0.0151154711	0.0114269169	0.0162874817	0.1063043077	-0.0343789237	-0.0637218589	-0.0102097631	-0.0045293706	0.0177015917	-0.1155651064	0.1039539485	-0.0854583468	0.085763	0.0025809000000001	0.007355292169	6.661044810000558e-06	0.0763656999999999	-0.0596843000000001	0.00356221566649	0.0058317201364899	0.125983	-0.0123179999999999	0.0001517331239999	0.015871716289	-0.00108404	0.0	1.1751427216000005e-06	0.0	-6.37287e-05	-2.1109200000000005e-05	4.06134720369e-09	4.455983246400001e-10	-0.00035525	-5.218999999999992e-06	2.723796099999992e-11	1.2620256249999998e-07	0.0	0.0	0.0	0.0	0.0	0.0	0.0	0.0	0.0	0.0	0.0	0.0	0.0	0.0
298.3906626987738	0.5178793151860077	0.2681989850975283	89036.98758581339	297.9143193329437	0.6662267582325967	0.4438580933851148	88752.94166361116	212.9149431804485	0.3186176118692003	0.1015171825932323	45332.77302953361	212.71487486270047	367.2231192178598	1.098664	26.535921	0.056025715	0.0282282	-0.0946293823	0.0866007641	-0.0473021357	-0.0722747846	-0.0394074232	0.0995044926	0.0865546842	0.1154589444	-0.0360832742	0.0655946225	-0.0710732753	0.097327802	-0.0479144687	-0.036739907	0.0374138012	0.0420331671	-0.0485888814	0.1199029947	0.0137712535	0.0333993848	0.0300889255	0.0979866033	0.0582086262	0.0357147518	0.0060892467	-0.0552367264	-0.0802381959	0.0717377515	-0.1300372821	-0.0152607436	0.0169364626	-0.0395500972	-0.0747869962	-0.046069786	0.0059922159	-0.0766339787	0.1903866134	-0.0653683979	-0.0404463015	0.025668594	0.0451773563	0.0492667666	0.0859647615	-0.1008062223	-0.0366217326	0.0122724914	0.0724153856	0.1732016612	-0.0028848859	0.0609348805	0.0141111315	0.0979536689	-0.0775974022	0.0659910854	-0.0965855158	-0.0257976847	-0.0884930451	0.0358379173	0.0377620181	0.0716225208	0.080528683	-0.1212504886	-0.173835736	0.073844432	0.0168572834	-0.1119058453	-0.0413222815	-0.0261259231	-0.0389966306	-0.1011815648	-0.0552109752	-0.0455035	-0.0786557357	-0.0008809024	0.0267270278	-0.0884794256	-0.1190446964	-0.011319022	-0.0354036086	0.0072200158	0.1013947995	0.1572270435	0.044857007	0.0104604483	-0.0218637723	-0.128358261	-0.0236403046	0.1059136763	0.0352846687	-0.1078607233	-0.0535691255	-0.0165735238	-0.0271299727	-0.0054368955	-0.1041398112	0.0067886433	0.1300622637	-0.0593029976	0.0614645116	-0.0104777963	-0.1036076342	0.1465592612	0.0191979125	0.0218562513	0.0169139507	0.022568363	-0.0317102912	0.0944178215	-0.0084828346	-0.0328888436	0.2070526921	0.070920638	-0.0616920063	-0.090781151	0.0001364295	-0.0929251597	-0.0002841031	-0.0261845561	0.0894689304	0.0619769058	0.0321934061	0.0328253335	0.0055187192	0.0001331237	-0.1289003366	-0.071551801	-0.0832488812	0.0749309763	-0.0513332555	-0.0665028361	0.0040424968	-0.0900122666	0.0157912835	0.0239981463	0.0023764227	-0.0335180768	-0.1162204348	0.1064956489	-0.0908858965	0.0762243999999999	-0.0095386000000001	0.0058101591553599	9.0984889960002e-05	0.094625	0.0182593000000001	0.00033340203649	0.008953890625	0.108002	-0.017981	0.000323316361	0.011664432004	-0.00116981	-8.576999999999999e-05	1.3684554361e-06	7.356492899999998e-09	-0.000177774	-0.0001140453	3.1603595076e-08	1.300633045209e-08	-0.000360371	-5.121000000000021e-06	2.622464100000021e-11	1.29867257641e-07	0.0	0.0	0.0	0.0	0.0	0.0	0.0	0.0	0.0	0.0	0.0	0.0	0.0	0.0
297.9181617433192	-0.4725009554545636	0.2232571529054755	88755.23109651852	298.4229313693469	0.5086120364031785	0.2586862035741882	89056.24596707392	212.71257279065503	-0.2023703897934581	0.0409537746651561	45246.63862321972	212.5522098238154	368.8299887224194	1.110285	26.816591	0.1168992	0.0634635	-0.0158716077	-0.0744386289	-0.0964023437	-0.004438745	-0.0600972344	-0.1090808161	0.0253319572	0.0744904208	-0.0031930528	-0.1023639009	-0.056767232	-0.0177398834	-0.1122228747	0.0818367225	-0.0419569188	0.0453596213	-0.0448271715	-0.0963122442	0.0597358151	0.0325938136	0.0061609355	0.0985711199	0.0598714923	-0.0766381064	-0.010488447	0.0580480178	0.0048252022	-0.0609481485	0.0046513561	0.1194739669	0.092850517	0.0564152996	0.0011611015	-0.0108998774	0.052220196	0.058578665	0.1292881498	-0.0550619869	-0.041865492	-0.0940190944	-0.0413274917	0.0434165056	0.0522232157	0.0012856897	-0.0342282688	-0.0375066479	0.0433493207	-0.0511353702	0.0594862145	0.0035441073	-0.0838059939	-0.0870424461	-0.1564959147	0.1164474503	0.0454018913	0.0296527782	-0.0311069874	0.0894768812	-0.1150542445	0.0331100573	-0.0851722254	-0.109260686	0.1308372354	0.0001922046	0.0034675721	0.1057745903	-0.0502641018	-0.0014758126	-0.0119833519	-0.0993774277	-0.0395377892	0.0286190902	0.0860986401	0.0443370097	0.0257369527	0.0478578082	0.0157979874	-0.1134072129	-0.1390059408	0.0697246994	0.065820268	0.0522232473	-0.0260895488	0.0583668244	0.0527216866	-0.0970179794	0.0264566634	-0.0436726106	0.0235179943	-0.0382803418	-0.0225847182	0.0110317437	-0.0425408415	0.0504125999	0.0419191015	0.0887912865	-0.0531657122	-0.006697153	0.0038185724	0.1972099015	-0.0848450144	0.0802160824	0.0136394988	-0.0154132227	-0.0117575237	-0.1240188268	0.0483890507	-0.035652976	0.1774116582	-0.0398874835	-0.0450263025	0.0881615947	0.1111727869	0.0231942227	0.0138246299	-0.0981593226	0.0120980816	-0.0191111139	0.0779805642	-0.0170649505	-0.002850254	-0.1709086131	0.0479634349	-0.0706972427	-0.046993356	0.0090281851	0.0268011404	0.0302400225	-0.0221129679	-0.0506778152	0.120470219	0.0140306475	0.0684992088	0.0377818901	-0.0477882171	-0.0059688469	-0.1168172427	0.1088228812	-0.0959017104	0.0648829	-0.0113414999999999	0.0042097907124099	0.0001286296222499	0.129619	0.034994	0.001224580036	0.016801085161	0.15551	0.047508	0.002257010064	0.0241833601	-0.00141391	-0.0002440999999999	1.9991414881e-06	5.9584809999999966e-08	-0.000119117	5.8657e-05	1.4188859689e-08	3.440643649e-09	-0.000202014	0.000158357	2.5076939449e-08	4.080965619600001e-08	0.0	0.0	0.0	0.0	0.0	0.0	0.0	0.0	0.0	0.0	0.0	0.0	0.0	0.0
298.05948408952764	0.1413223462084261	0.0199720055378542	88839.45605571539	297.0346161884598	-1.3883151808871048	1.9274190414815944	88229.5632142256	212.66498789192457	-0.047584898730463	0.0022643225871884	45226.397075072426	212.44418928826505	367.15432268301095	1.238193	29.905933	0.14605925	0.0986354	0.0980474788	0.1257627738	-0.0885324144	-0.018611898	-0.0265670591	0.0515017209	-0.114735724	0.1127785425	-0.034998995	0.0797591582	0.0048695958	0.1601043825	-0.0446555926	-0.0019891936	-0.047999283	-0.0699722547	-0.1265700815	0.0325285729	-0.0673740273	-0.1263293886	-0.0957826869	0.0589405183	0.036586664	0.0056452136	-0.076812037	-0.0048136583	0.0336139422	0.0464683069	-0.1049765268	-0.1520619324	0.141281251	-0.0215491283	0.0247771649	0.124216128	0.0289867091	0.1039822571	-0.0952593502	0.0616504234	0.0637794019	0.0114354997	0.0755460675	0.0240097341	-0.0528527638	-0.0403393804	-0.0718961663	-0.0914223473	-0.0083969121	3.65798e-05	0.035347672	0.0141690545	0.0214844454	-0.077515014	0.0061012878	-0.0381312054	0.1565904832	-0.0615912198	0.1184097236	0.1322079132	-0.0030484898	-0.0660382109	0.0107991283	-0.0601640108	-0.022587061	0.0132749549	0.041450427	-0.0476737477	0.1038061738	0.0903633752	0.0759778647	-0.0768647094	-0.0039304766	-0.0520213078	0.0426530587	-0.0928081542	-0.0293636723	-0.0716449734	-0.0791423927	-0.0756329564	0.1680217385	0.0583048243	-0.0490042943	-0.0119353409	-0.1105725552	0.1149242255	0.0146216588	0.0744749122	0.0193835174	0.001922929	-0.0957579911	-0.0407229992	-0.0117052604	-0.0049809312	-0.0892832585	0.0652793972	-0.0273944879	-0.0094855193	-0.0123878203	-0.0566300831	-0.0102747171	0.0212205995	0.0211030136	-0.1418386514	-0.0464629881	0.0899037699	-0.1020790366	-0.0947447175	0.1079073874	-0.1474450366	-0.0035848344	-0.0498925147	0.1042227921	0.0468540888	-0.0606626927	0.0071026508	0.1664386014	-0.0199168662	-0.016241503	0.0559597756	0.0444959822	0.018902866	0.0844212498	0.0110953184	0.0358210844	-0.0048497442	-0.1668377732	0.0160719621	-0.1025869471	0.0421625946	-0.0550151913	-0.0426723698	-0.0531658737	-0.0417419264	0.0413205044	0.022297841	-0.0061609589	-0.1061396163	-0.1173552296	0.1109309587	-0.1004830656	0.0674378	0.0025549	0.00454785686884	6.527514010000065e-06	0.0409115	-0.0887075	0.00786902055625	0.00167375083225	0.128872	-0.026638	0.000709583044	0.0166079923839999	-0.000917722	0.000496188	8.422136692840001e-07	2.462025313439999e-07	-0.000161476	-4.235899999999999e-05	2.6074498576e-08	1.794284880999999e-09	-0.000177384	2.4630000000000013e-05	6.066369000000007e-10	3.1465083456e-08	0.0	0.0	0.0	0.0	0.0	0.0	0.0	0.0	0.0	0.0	0.0	0.0	0.0	0.0
298.57672773400304	0.5172436444753998	0.2675409877501938	89148.06234434499	298.4114097462425	1.3767935577827188	1.895560500751997	89049.36946673984	212.54902359684613	-0.1159642950784416	0.0134477177330398	45177.08743197265	212.3432449141214	371.0554269565865	1.122447	27.110338	0.0548533999999999	0.0303251	-0.0699766163	0.0422672764	-0.0177828577	-0.0762069088	0.004587452	0.0896647905	0.0458513126	0.0746619788	0.0345182779	-0.0679356112	-0.1065987304	-0.0501283719	-0.0053079414	0.0748760425	0.0125639218	0.0713873486	-0.0166095865	0.0539286648	-0.0382302208	0.0089160103	0.1103997754	0.0833204336	-0.0310559592	-0.0312810808	0.1069935154	0.1128674575	-0.0486626196	-0.0457535022	0.0727835792	-0.0356524627	0.0997988768	0.0507837639	0.0245843524	0.0222976982	0.0731707414	0.0455732108	0.0275613151	0.1445077659	-0.008129434	0.0046170276	0.1480565448	0.0021168091	-0.0552296829	0.0390414692	-0.0817053127	0.1091282258	0.0246673891	0.0700947355	0.0801757569	-0.0307226128	0.1482907915	-0.0001210325	0.0291285227	-0.0785400067	-0.0279574597	-0.1241505952	-0.0908945345	-0.0764913758	0.1569486739	0.0351555181	-0.0785451085	-0.0311843089	0.0619805938	0.0559142324	-0.0255551993	-0.0570850955	0.0219309006	-0.0273383434	-0.1181523893	-0.0671474961	0.0278622543	0.1272452342	-0.0232092842	0.0777166382	0.0537554222	-0.0046250258	0.0830448323	-0.0572035968	0.0395079006	0.0791327296	-0.0031160297	0.0078553229	-0.0786751681	0.02731152	0.1109543862	0.0090422014	-0.1288031366	-0.0138770201	-0.1322163716	-0.060640113	0.0704090843	-0.0957729518	-0.1124407021	-0.055783726	-0.0343395054	-0.0407659059	0.0045557346	-0.0648291373	0.0932558794	0.0058971831	-0.0451294048	-0.0431526493	-0.0653204208	0.1473158473	0.0573989262	0.1719508609	-0.1294957275	0.006945989	0.0416014256	0.0182616505	-0.0803598082	-0.0693109581	-0.0653436724	-0.0577157485	-0.0059025764	-0.0746433434	-0.0161138752	0.0223512522	0.018651723	-0.0748204186	-0.0754487333	-0.1153296791	0.0332325346	-0.0480067002	-0.1341541226	-0.0971168689	-0.0353445922	-0.0846748836	-0.0261321046	-0.0410198846	0.0587763753	-0.0058821749	-0.0280607373	0.0463017684	-0.0520560323	-0.0950403888	-0.1178341246	0.112815636	-0.1046092073	0.0759489	0.0085110999999999	0.00576823541121	7.24388232099999e-05	0.0613976	0.0204860999999999	0.0004196802932099	0.0037696652857599	0.108622	-0.0202499999999999	0.0004100624999999	0.011798738884	-0.0008489889999999	6.873300000010004e-05	7.207823221208302e-07	4.7242252890137516e-09	-0.000147503	1.3972999999999996e-05	2.1757135009e-08	1.9524472899999987e-10	-0.000206802	-2.9417999999999995e-05	8.654187239999998e-10	4.2767067204e-08	0.0	0.0	0.0	0.0	0.0	0.0	0.0	0.0	0.0	0.0	0.0	0.0	0.0	0.0
298.06402401804155	-0.5127037159614929	0.2628651003607232	88842.16241382765	297.45049262348607	-0.9609171227564276	0.9233617168064912	88476.79556195454	212.4552296813258	-0.0937939155203366	0.008797298588636	45137.22461894489	212.21503645431164	373.1322177780736	1.071988	25.891607	0.11293185	0.0720434	-0.0235826621	-0.1037199353	-0.0611832494	-0.0110072166	-0.0606481764	-0.0914228229	0.0575472942	0.0330267886	0.0316459119	-0.0647527697	0.0355994719	0.0174796427	-0.0231410329	-0.1491171691	-0.1729622719	-0.085871011	0.1149809962	-0.1161784045	0.0225415817	0.0708916259	0.0482032931	0.0985435737	-0.0362752833	-0.0557190476	-0.0380843226	-0.0272423078	0.1749412509	0.0736179274	0.0109202868	0.055826079	0.0851655324	0.0044064258	-0.0777621057	0.0551179125	0.0062634591	0.0554410371	0.087927549	0.1480358241	-0.1257916881	-0.0212263885	0.0446739319	-0.0786324575	-0.0760656774	0.0395640921	0.0718542488	-0.0411458763	-0.0299532322	-0.0378646526	-0.1022060912	-0.0726280701	0.044426785	-0.0229939452	0.0624175134	-0.1807447426	-0.0049521861	-0.0870684627	0.0803094824	-0.0355157454	-0.1141056724	0.0150690735	-0.1127337164	0.0999763724	0.04084326	0.1444196575	-0.0806244688	0.1235304874	-0.0384673255	-0.0542465907	-0.0544683419	-0.092233507	0.0688241724	-0.0533111321	0.102073216	-0.0150280991	-0.1401939255	-0.0555489875	0.016849534	-0.0472432053	-0.0228806962	0.0093120463	-0.0461968314	0.0328863087	0.0392115056	0.1216809265	0.0250901667	-0.0208347191	-0.16872897	-0.1170893829	-0.0665573037	0.0216613353	0.1309322171	0.0656260817	0.0654745229	0.0306876568	0.0025385119	-0.0702461728	0.0262764808	0.0691608037	0.0641045538	-0.0564877099	0.0643920012	-0.1260804354	0.0626113393	0.0155397954	-0.0055368657	-0.0462973348	-0.1751260181	-0.1346365879	-0.0074680919	0.093741684	-0.0985781028	-0.1543611201	0.1082016541	0.0143325043	-0.0155097844	-0.1112324671	0.00512039	-0.0393615256	-0.0502841367	-0.0276823239	0.0583411016	-0.0128557869	0.0633379068	0.0391446307	-0.0839589741	0.1285241452	0.080952269	0.0157643344	-0.0177704405	0.01915613	-0.003195722	0.0212866703	-0.0750582967	0.0243287015	-0.073689027	-0.0897976628	-0.1182536866	0.1144731177	-0.1082614433	0.0791356	0.0031867	0.00626244318736	1.0155056890000005e-05	0.121382	0.0599844	0.00359812824336	0.014733589924	0.137207	0.028585	0.000817102225	0.018825760849	-0.00125554	-0.0004065510000001	1.5763806916000002e-06	1.652837156010814e-07	-0.000142651	4.852000000000014e-06	2.0349307801e-08	2.3541904000000133e-11	-0.00019469	1.2111999999999995e-05	1.467005439999999e-10	3.79041961e-08	0.0	0.0	0.0	0.0	0.0	0.0	0.0	0.0	0.0	0.0	0.0	0.0	0.0	0.0
297.76047252395665	-0.3035514940848998	0.0921435095611749	88661.29899768994	297.8269914518429	0.37649882835683	0.1417513677540657	88700.91683725611	212.40200461163263	-0.0532250696931555	0.0028329080438412	45114.61156304001	212.2423796128857	370.0129745598162	1.203118	29.058781	0.073762145	0.0491842	0.1216823072	0.0692486988	-0.0595780752	0.0204869961	-0.050878596	0.0066408815	-0.1748398102	0.0569780418	-0.009969804	-0.0028023104	0.0130529999	-0.0539335772	-0.026502566	-0.1150508472	-0.021642934	0.0069637811	-0.0705508431	-0.0363361026	-0.1183362455	-0.0833453459	-0.0494329686	0.0732624429	0.0668805627	0.0232579993	0.0017113925	-0.0184984323	-0.0640414076	-0.0012340425	-0.0305295406	0.0102872886	-0.0693593127	-0.1067437253	0.1363902757	-0.045662261	-0.0082617015	-0.0425563457	-0.0046457309	0.1177588226	0.0675486523	-0.082622186	-0.1390050182	0.0042899145	0.0267186112	0.0169290117	0.1328342472	0.144347356	-0.0309765661	0.0853214698	0.0799688431	0.0470002512	-0.1399701793	-0.2122032329	0.0577591297	-0.0935537502	-0.0574743023	-0.0562259882	0.0207575672	0.0974648309	0.1269466575	-0.0551197625	0.0059490657	-0.0740349259	-0.0240767785	-0.0980994247	-0.1059295624	0.0170917196	0.1397208535	0.0406497811	0.0274691076	-0.0805233819	-0.0673949672	-0.0151890872	-0.0254170435	0.0223524126	0.0559140519	0.0141278022	-0.0452052235	-0.0247023914	-0.0051160294	-0.0832128985	0.0953002916	-0.0658921116	0.0375302935	-0.0645916639	-0.0004616705	0.0615694338	0.0103382313	-0.1746581076	0.0929796455	0.0923945852	-0.0509426465	-0.0750400606	0.0217019144	-0.105918157	-0.0947128755	-0.1310345278	-0.0094176548	-0.1234141225	-0.1423379131	0.1519967873	0.1024982194	-0.0488657802	0.1402382315	0.1102844869	-0.0273563686	0.0925186888	0.0288885543	-0.0260145913	0.0105137605	-0.101720233	0.0543113526	-0.1042306927	-0.0046386166	0.0417284132	0.1674266943	-0.0250484434	0.024210633	0.0236890349	0.0346568079	0.0011736689	0.0170742034	-0.0110226007	-0.104431479	-0.0931747566	-0.0311264633	0.0536248922	0.0178534212	-0.0440844814	0.0254255693	-0.0485742312	0.0116599748	0.0532323196	0.0190838117	0.0495169389	-0.096262174	-0.0987020024	-0.1186137044	0.1159000657	-0.1114232278	0.0778539	-0.0012816999999999	0.00606122974521	1.6427548899999915e-06	0.0751968999999999	-0.0461851000000001	0.00213306346201	0.0056545737696099	0.133152	-0.004055	1.6443025000000024e-05	0.0177294551039999	-0.00103177	0.00022377	1.0645493329e-06	5.0073012900000047e-08	-5.97947e-05	8.285629999999999e-05	3.57540614809e-09	6.865166449689998e-09	-5.65094e-05	0.0001381806	1.909387821636e-08	3.19331228836e-09	0.0	0.0	0.0	0.0	0.0	0.0	0.0	0.0	0.0	0.0	0.0	0.0	0.0	0.0
298.35939935435323	0.5989268303965787	0.3587133481688921	89018.33118309043	298.0742489706112	0.2472575187683219	0.061136280587467	88848.25789939392	212.74109863876475	0.3390940271321199	0.1149847592366788	45258.77505002864	212.513208087655	369.1287968866508	1.12983	27.28867	0.0940970599999999	0.0586948	-0.0716483422	0.0495872615	0.0139848669	-0.0540829344	-0.0518325381	0.1056507213	0.0428361695	0.046600222	0.005387926	0.025311361	-0.0385794259	0.0420464437	0.0406868709	-0.0566092931	-0.08831314	-0.0314472204	0.112255371	0.0809611614	-0.0128438656	-0.0121722081	0.0354061106	0.0147513082	0.0501552276	-0.0297059977	0.0169111909	0.067074099	0.036150147	0.1145311313	0.0086361092	0.0822210044	0.0149395861	0.0175139294	0.1094348042	0.0146901671	0.0124723343	0.0626454663	-0.0472520584	0.0511601541	-0.1320656316	-0.050823331	-0.0206942283	-0.0596551495	0.0724720654	0.0467233309	0.1205766144	0.1693535564	-0.066831178	-0.0987872061	-0.1223082172	0.1692547886	-0.0418602785	0.0973985456	0.0482720039	0.1378385385	0.0623975246	-0.0182249926	0.1131270074	0.1048324211	0.0157809803	0.0929863106	-0.1367989861	-0.026925073	-0.038059559	-0.0147286812	0.1022330735	-0.0824415887	-0.0019686727	-0.0012856726	-0.0376721871	-0.0185565285	-0.02487894	0.0049877925	0.0415738322	-0.0224879176	-0.0362153473	-0.1326952641	0.0178200848	-0.0545507697	-0.0673356007	0.0052897675	0.0400026856	-0.1011739424	-0.0696956856	0.0283466021	-0.0005774067	-0.0602534166	-0.0389721987	-0.1288014319	0.0378012601	0.007345981	0.0195939392	-0.0213051587	0.1128932925	-0.1435938323	0.0068232242	-0.0147517552	-0.0233761859	0.2021519207	-0.184124346	-0.0918232854	-0.0926680369	0.0917159133	-0.0734328196	-0.0217385576	-0.097189683	0.0812591996	-0.0232278894	-0.170341878	0.0330380643	0.0209457891	0.0355705449	0.115030645	-0.0751167417	-0.059575157	-0.0119458369	-0.0603162795	0.0436032281	-2.60909e-05	0.002235144	-0.0022797654	0.086588484	0.0243594405	0.0428195681	0.0428420968	-0.0206213896	0.129807459	0.0272231078	-0.0047601686	0.0760358026	-0.0167069267	-0.0050119727	-0.0100961995	-0.0448340187	-0.0361427935	-0.0426071019	-0.1702048625	-0.1189139965	0.1170936064	-0.1140802373	0.0858011	0.0079472	0.00736182876121	6.315798784000002e-05	0.0829054999999999	0.0077085999999999	5.942251395999994e-05	0.0068733219302499	0.0813732999999999	-0.0517787	0.00268103377369	0.0066216139528899	-0.000644325	0.000387445	4.15154705625e-07	1.5011362802500006e-07	1.00709e-05	6.98656e-05	1.0142302681e-10	4.88120206336e-09	-0.00013245	-7.59406e-05	5.76697472836e-09	1.75430025e-08	0.0	0.0	0.0	0.0	0.0	0.0	0.0	0.0	0.0	0.0	0.0	0.0	0.0	0.0
297.9938945155081	-0.3655048388451405	0.1335937872192121	88800.36116851977	297.9852231590054	-0.0890258116058362	0.0079255951320778	88795.19322112224	212.60808300807287	-0.1330156306918866	0.0176931580083603	45202.1969603676	212.3975068351095	373.348880245222	1.063188	25.679056	0.14305089	0.0929	-0.0484576096	-0.111509854	-0.0241719295	-0.020179956	-0.0763371444	-0.0928131772	0.081585527	0.0736936895	0.0306933603	-0.0004895627	-0.0002169532	-0.0900666884	-0.0231107849	-0.1170904281	0.0387521133	-0.0040027847	-0.1252996904	-0.0780145582	0.0479872537	0.0559341351	0.086189894	0.0477332084	0.0896781678	-0.0151289628	-0.0415143859	-0.0502591534	-0.0749103867	-0.0748081321	-0.0463804514	0.0283364117	-0.0509717818	0.0848092043	-0.1072919042	0.0178851647	-0.0172733262	-0.0195011706	0.0207349893	-0.0785957699	-0.0087439407	-0.0249924832	0.0449737823	0.1560233183	-0.0097303346	0.0071491646	0.0895579198	-0.0493598709	0.0558966475	0.0702667496	0.0248209309	0.0055228601	0.0462931028	-0.0638394032	0.0322312428	0.0594296003	-0.0558600785	0.0475697353	0.0798945094	-0.0373668902	-0.0279891089	0.0462323731	-0.022763596	0.2368750247	0.0615464746	-0.0367126975	0.0447852589	0.0908490594	-0.0579262595	-0.0363193429	-0.0897734443	-0.0409679205	-0.0982595682	-0.0483581197	0.0031322299	0.0344809007	0.0849430942	0.0752021939	-0.0658800646	0.0435895394	-0.0373062893	0.0202990377	-0.0893035106	0.0422622774	0.091615456	0.0378938041	0.0133881491	0.013392799	0.0566350477	0.0397822662	0.1199727707	-0.0876844704	0.0648411541	0.0922359298	-0.047598163	-0.0026784748	-0.0555642649	0.0338460774	0.0899686496	0.0116707562	-0.0027976115	0.0295314989	0.0539203607	-0.0098845327	-0.0531942078	-0.1075751259	-0.0388746116	0.0105006981	-0.0262050203	-0.0705621473	-0.1126553796	0.0448077416	-0.2278650002	0.0508317931	0.0880210924	-0.0011015661	-0.0691694985	-0.1060904621	0.0621970144	-0.0581219128	0.0202125626	0.0609369647	-0.014396969	0.0629666424	-0.1218380716	0.0104121629	0.0580896953	-0.0323770752	0.0842132552	-0.1216287234	0.0271489119	0.0001968986	-0.0566898163	-0.0220410652	-0.0584246184	0.0333060423	-0.0237741753	-0.0482609465	-0.1191544118	0.1180513362	-0.1162204348	0.0857729	-2.8200000000006e-05	0.00735699037441	7.952400000003383e-10	0.157782	0.0748765000000001	0.00560649025225	0.024895159524	0.125265	0.0438917	0.00192648132889	0.0156913202249999	-0.00111549	-0.000471165	1.2443179401e-06	2.2199645722500005e-07	1.26747e-05	2.6038000000000004e-06	1.6064802009000002e-10	6.7797744400000016e-12	-0.000143771	-1.1321000000000007e-05	1.2816504100000022e-10	2.0670100441e-08	0.0	0.0	0.0	0.0	0.0	0.0	0.0	0.0	0.0	0.0	0.0	0.0	0.0	0.0
297.97742666408925	-0.0164678514188381	0.0002711901303529	88790.54680135268	298.0858227609079	0.1005996019025019	0.0101202799029418	88855.1577310474	212.55428901681665	-0.0537939912562137	0.0028937934952736	45179.32577944442	212.3710332471271	367.6457421897004	1.242842	30.018221	0.051989405	0.0320887	0.1128477991	0.0238147769	-0.0630600228	0.0959271583	-0.094744806	-0.0370270679	-0.1430595324	-0.0031431925	-0.0296603209	-0.0641411051	-0.0255924062	-0.0237629295	0.0250324223	-0.0842126942	-0.0477815944	0.0427285171	0.0541550676	-0.0732864389	-0.0676798837	-0.0580714003	-0.0792807756	0.0256827724	0.0754615578	-0.0749618865	-0.060599445	0.0314733366	0.1409325155	0.0114695559	0.0128404893	0.0148821854	-0.0062077038	-0.0957956867	-0.0974832431	0.1728586864	0.0469684369	-0.0220551529	-0.094302053	-0.0811971956	-0.0022133163	0.1215527314	0.0477477385	-0.1266896599	-0.0486171731	0.0674635563	-0.147621865	0.012080918	-0.0592362537	0.073819872	0.0324033736	0.0005504937	-0.0226353941	0.0516799615	0.1276217127	0.0371609558	-0.1009945226	-0.0889149565	-0.1718463302	-0.165669766	0.0169850001	-0.1170304527	-0.1709933994	0.1028801811	-0.0148252451	-0.0809964413	-0.0242630181	0.0612185555	0.0951354703	0.0396914433	0.0718571451	-0.0371083869	-0.0370164873	0.0220406457	0.1510953908	-0.0431422584	-0.0878286976	-0.0123625722	0.0233467051	-0.0195693919	0.0316418369	-0.0929748619	-0.1175597334	-0.0283916101	0.0711217401	0.0632703034	-0.0370976097	-0.0617984519	0.0319533779	0.1262460836	-0.1700484996	0.0189312728	0.0351721324	-0.1711785095	-0.0303036568	0.0682769509	0.0273731804	-0.0461460537	0.0209930826	-0.0127292702	-0.0949644186	-0.1430673127	0.084330687	0.1098382509	-0.0427817683	0.0781490268	0.1027430987	-0.013175563	-0.0663276866	0.0387632476	0.022877136	0.1991104257	-0.0504145237	-0.097317742	0.0616365535	0.0381132491	0.1425935699	0.011272487	0.128289219	-0.0114723869	-0.0046377338	-0.0776806603	-0.0624025505	0.0547956558	0.0324064698	0.0922971729	0.0775319493	0.085785461	-0.0017936474	-0.0044937324	0.0495563547	-0.0472199236	-0.024486499	0.0108668462	-0.0920458746	0.0703334702	-0.1046793861	-0.0817245584	-0.1193348294	0.1187713263	-0.1178341246	0.0919281	0.0061551999999999	0.00845077556961	3.788648704e-05	0.128399	-0.0293829999999999	0.0008633606889999	0.016486303201	0.135738	0.010473	0.000109683729	0.018424804644	-0.00108232	3.317000000000012e-05	1.1714165823999998e-06	1.1002489000000075e-09	-5.41164e-05	-6.67911e-05	2.92858474896e-09	4.46105103921e-09	-0.000163374	-1.960300000000001e-05	3.8427760900000036e-10	2.6691063876e-08	0.0	0.0	0.0	0.0	0.0	0.0	0.0	0.0	0.0	0.0	0.0	0.0	0.0	0.0
298.9113912140459	0.93396454995667	0.8722897805757651	89348.0197975164	298.8684366292591	0.782613868351234	0.6124844669356827	89322.34241321747	212.8516496032876	0.2973605864709441	0.0884233183863438	45305.82473884072	212.6557847880578	371.6075568296375	1.200926	29.005838	0.0777423849999999	0.0459387	-0.0568905152	0.0734415963	0.0868366662	0.0003304643	-0.1197194769	0.0750364942	-0.0056999102	-0.0036683622	0.0309580209	-0.0477755566	0.0704807758	-0.0215773139	-0.0329111246	-0.1227910626	0.1788257064	-0.076926583	-0.0240126139	0.0918519746	-0.0446287469	0.0319794149	0.0201392137	0.031807113	0.1675658186	0.0067787642	0.1464211552	-0.1131109233	0.0095653984	0.1034437307	-0.0015465171	-0.0234814837	0.0200452948	-0.0263311239	-0.0368674781	-0.013112436	-0.0751763117	-0.0205369399	-0.0183562495	0.1018123023	0.0188228372	0.0660966218	0.0306694878	0.0371012154	0.0555862103	-0.0359474434	-0.0401460596	-0.0769396681	-0.124508517	-0.2075857098	-0.0415370558	-0.0183361048	0.1938450809	-0.0583852997	-0.046439707	0.007812094	0.2250936249	0.0035110643	-0.0031943217	-0.0994362752	0.0423392692	-0.0829559193	-0.017849465	0.067898437	-0.0624855533	0.1102099361	-0.0007883811	-0.0934606333	0.0219230244	-0.038775445	-0.0242742098	-0.0476914178	-0.1637416275	-0.0490221355	-0.0587608446	0.1036256302	-0.1101415526	-0.0919586327	-0.0060562462	0.0315891145	0.0440990171	-0.0470110743	-0.0222732931	0.028970007	-0.0142001418	-0.0135210048	-0.0678747966	0.115313764	-0.1160335626	0.0408845775	0.0078883951	-0.0174732555	-0.0491622788	0.0214982486	0.0162336914	0.0534218175	-0.0149318754	0.0754270372	-0.1991810726	0.1470982116	0.0789486649	0.0568706654	-0.0660292779	-0.1888998313	-0.138720737	0.0619657231	0.0587851741	-0.0034511163	0.080649964	0.00316442	-0.0847932593	0.1495605842	0.0126390277	0.0052795117	-0.0747307825	-0.0684697932	0.0230439513	-0.0488653504	0.1052652573	-0.0085165292	0.047957408	0.0458173068	0.0274217516	0.0529314184	-0.1179319068	-0.0857035624	0.0817897957	0.0422455433	0.0752595937	-0.0520465481	0.0090775592	-0.0260064057	0.0328531021	-0.0397355874	-0.030673641	0.0787924462	-0.042082623	0.0281975108	-0.1194551582	0.1192521267	-0.1189139965	0.0834993	-0.0084288	0.00697213310049	7.104466944000001e-05	0.101134	-0.027265	0.000743380225	0.010228085956	0.100888	-0.0348499999999999	0.0012145224999999	0.010178388544	-0.00101205	7.026999999999988e-05	1.0242452025e-06	4.9378728999999836e-09	-4.64357e-05	7.680700000000003e-06	2.15627423449e-09	5.899315249000002e-11	-0.000229395	-6.602099999999998e-05	4.3587724409999984e-09	5.2622066025e-08	0.0	0.0	0.0	0.0	0.0	0.0	0.0	0.0	0.0	0.0	0.0	0.0	0.0	0.0
299.15387297833814	0.2424817642922221	0.0587974060142687	89493.03971793967	300.0023900720138	1.1339534427546596	1.2858504103351451	90001.43404892071	213.0534215514033	0.2017719481156916	0.0407119190464013	45391.76043475996	212.81136130990907	372.7326020013628	1.014255	24.497194	0.0971407149999999	0.0542141	-0.0990784874	-0.0467009479	0.0831166187	0.0193509386	-0.1214166089	-0.0024584231	0.083527819	-0.0487048969	0.0285910833	-0.0625495535	-0.0796526728	-0.0597794324	-0.0181237717	-0.1004880257	-0.0027233668	0.035806801	0.1210116227	0.0350230892	0.0893986317	0.0827273853	0.0194580397	0.1145070793	0.0311245186	-0.0339884844	0.059437518	-0.0010836888	-0.1030389422	-0.038177533	0.0541215599	-0.0048151625	-0.0093912838	-0.0706693803	4.2151e-05	-0.0690886687	-0.0579489503	-0.1294591738	-0.0163073177	0.0229871852	0.1897328848	0.0093123079	-0.0078068772	0.0437210426	0.0598118111	-0.0810777754	0.0031871406	-0.0447796391	0.1010423211	-0.0166842624	-0.0132773599	0.0410937182	0.0743358463	-0.0259364844	0.1255881595	0.0927892961	-0.045340782	-0.0391153062	0.0727784831	-0.0569937208	-0.0537674588	-0.0423918189	0.2463155707	-0.0159487036	0.0073070386	0.0138763941	0.0500657914	-0.0154500412	-0.1198562448	-0.044132425	-0.0222492774	-0.1093789377	-0.0265303557	0.0283159616	-0.0119678713	0.0668988997	0.0866573114	0.0013304499	0.0531569737	-0.0265994084	0.0737375135	-0.0750298657	0.0239833021	0.0510268777	0.1068030311	-0.1161527834	-0.0149452681	0.1426384753	0.0223739929	0.0734868419	0.056561241	-0.0069744942	-0.1219831686	0.0294361744	0.0109913182	-0.0454511878	-0.0249037066	0.1185850931	0.0846751371	-0.0101343915	0.0398752929	-0.047036388	0.1109999672	-0.0031198906	-0.0265797496	0.0723569361	-0.136796233	0.0161373269	0.1061225547	0.1690420047	-0.0701495827	-0.0439691843	-0.0198723813	0.0674233902	0.0209006237	-0.0472910625	-0.0651610451	-0.1021567118	0.0371590666	-0.0660144392	-0.0699775155	-0.1257025143	-0.019429858	0.0377770682	-0.0725633451	0.068030569	0.049635728	0.0034360748	0.0817811286	0.0345072099	0.0256111438	0.0688503333	0.0246780411	-0.1115183664	-0.0888851354	0.005231933	0.0304108637	0.0473018239	-0.1195153378	0.1194927693	-0.1194551582	0.0776395	-0.0058597999999999	0.00602789196025	3.433725603999998e-05	0.144677	0.043543	0.0018959928489999	0.020931434329	0.115255	0.0143669999999999	0.0002064106889999	0.0132837150249999	-0.00144994	-0.00043789	2.1023260036e-06	1.9174765210000006e-07	-0.000183654	-0.0001372183	3.3728791716e-08	1.8828861854890003e-08	-0.000321705	-9.231e-05	8.521136099999998e-09	1.0349410702499998e-07	0.0	0.0	0.0	0.0	0.0	0.0	0.0	0.0	0.0	0.0	0.0	0.0	0.0	0.0
