global_signal	global_signal_derivative1	global_signal_derivative1_power2	global_signal_power2	csf	csf_derivative1	csf_power2	csf_derivative1_power2	white_matter	white_matter_derivative1	white_matter_derivative1_power2	white_matter_power2	csf_wm	tcompcor	std_dvars	dvars	framewise_displacement	rmsd	t_comp_cor_00	t_comp_cor_01	t_comp_cor_02	t_comp_cor_03	c_comp_cor_00	c_comp_cor_01	c_comp_cor_02	c_comp_cor_03	c_comp_cor_04	c_comp_cor_05	c_comp_cor_06	c_comp_cor_07	c_comp_cor_08	c_comp_cor_09	w_comp_cor_00	w_comp_cor_01	w_comp_cor_02	w_comp_cor_03	w_comp_cor_04	w_comp_cor_05	w_comp_cor_06	w_comp_cor_07	w_comp_cor_08	w_comp_cor_09	w_comp_cor_10	w_comp_cor_11	w_comp_cor_12	w_comp_cor_13	w_comp_cor_14	w_comp_cor_15	w_comp_cor_16	w_comp_cor_17	w_comp_cor_18	w_comp_cor_19	w_comp_cor_20	w_comp_cor_21	w_comp_cor_22	w_comp_cor_23	w_comp_cor_24	w_comp_cor_25	w_comp_cor_26	w_comp_cor_27	w_comp_cor_28	w_comp_cor_29	w_comp_cor_30	w_comp_cor_31	w_comp_cor_32	w_comp_cor_33	w_comp_cor_34	w_comp_cor_35	w_comp_cor_36	w_comp_cor_37	w_comp_cor_38	w_comp_cor_39	w_comp_cor_40	w_comp_cor_41	w_comp_cor_42	w_comp_cor_43	w_comp_cor_44	w_comp_cor_45	w_comp_cor_46	w_comp_cor_47	w_comp_cor_48	w_comp_cor_49	a_comp_cor_00	a_comp_cor_01	a_comp_cor_02	a_comp_cor_03	a_comp_cor_04	a_comp_cor_05	a_comp_cor_06	a_comp_cor_07	a_comp_cor_08	a_comp_cor_09	a_comp_cor_10	a_comp_cor_11	a_comp_cor_12	a_comp_cor_13	a_comp_cor_14	a_comp_cor_15	a_comp_cor_16	a_comp_cor_17	a_comp_cor_18	a_comp_cor_19	a_comp_cor_20	a_comp_cor_21	a_comp_cor_22	a_comp_cor_23	a_comp_cor_24	a_comp_cor_25	a_comp_cor_26	a_comp_cor_27	a_comp_cor_28	a_comp_cor_29	a_comp_cor_30	a_comp_cor_31	a_comp_cor_32	a_comp_cor_33	a_comp_cor_34	a_comp_cor_35	a_comp_cor_36	a_comp_cor_37	a_comp_cor_38	a_comp_cor_39	a_comp_cor_40	a_comp_cor_41	a_comp_cor_42	a_comp_cor_43	a_comp_cor_44	a_comp_cor_45	a_comp_cor_46	a_comp_cor_47	a_comp_cor_48	a_comp_cor_49	edge_comp_00	edge_comp_01	edge_comp_02	edge_comp_03	edge_comp_04	edge_comp_05	edge_comp_06	edge_comp_07	edge_comp_08	edge_comp_09	edge_comp_10	edge_comp_11	edge_comp_12	edge_comp_13	edge_comp_14	edge_comp_15	edge_comp_16	edge_comp_17	edge_comp_18	edge_comp_19	edge_comp_20	edge_comp_21	edge_comp_22	edge_comp_23	cosine00	cosine01	cosine02	trans_x	trans_x_derivative1	trans_x_derivative1_power2	trans_x_power2	trans_y	trans_y_derivative1	trans_y_derivative1_power2	trans_y_power2	trans_z	trans_z_derivative1	trans_z_power2	trans_z_derivative1_power2	rot_x	rot_x_derivative1	rot_x_derivative1_power2	rot_x_power2	rot_y	rot_y_derivative1	rot_y_derivative1_power2	rot_y_power2	rot_z	rot_z_derivative1	rot_z_derivative1_power2	rot_z_power2
345.1856604667655	n/a	n/a	119153.14019187712	344.2665347525504	n/a	118519.446950529	n/a	218.8588924203468	n/a	n/a	47899.21479146093	218.59186114901587	431.2234665429715	n/a	n/a	n/a	n/a	-0.0424299854	-0.0160515309	-0.1202836894	0.0858827027	-0.1380495325	0.2647762457	-0.1261508695	0.0961351331	-0.1555671256	0.5395844762	-0.3657204183	0.2224206729	-0.2604230467	0.0586758128	0.0418498774	-0.0543523253	0.055706406	-0.0664342408	0.0413065259	-0.0136916741	0.0148355012	-0.1448624804	0.0659428926	-0.0680890726	0.1050517325	-0.0167976316	0.0704491971	-0.119162819	0.0348808686	-0.0689318816	0.0659308138	-0.0459840295	0.0101207295	-0.0003100695	-0.0805481255	0.0303658673	-0.110920526	0.1397015496	-0.0666791155	-0.0312214232	0.100777827	-0.1719982341	0.0095858898	0.1836709145	-0.0099015413	-0.0333939108	-0.0387620325	0.0155827719	0.037358595	0.0022838618	-0.0763555594	-0.0512264239	0.0944212661	0.0183176161	0.0542868478	-0.092761231	-0.0055061594	0.0011984483	0.1648488764	0.0403790982	-0.1555435111	-0.098878355	0.0648916344	0.0302835744	0.0718621893	-0.022494883	0.0840649003	-0.0824073887	0.041507915	-0.0024777185	0.0641790213	-0.1764712393	0.0581009676	-0.0735918946	0.0983197698	-0.0165230081	0.0142784288	-0.1691324933	0.0528516914	-0.0344328807	0.0098135114	-0.081634943	0.041843333	-0.166818323	0.0187930459	-0.0556752568	0.1548173922	-0.0850171371	-0.0306589037	0.0284207961	0.1623309504	-0.1616383382	0.0441348674	0.113844888	-0.0015718748	-0.0325820394	-0.0511708428	0.028475827	0.0174178495	-0.0427541959	-0.0788944364	0.0842618819	0.07158298	0.0324432304	-0.0409363116	-0.0939326118	0.0587793494	0.01420545	0.1152615278	-0.02356387	-0.0978973536	0.1968113349	0.0506990433	0.0186004462	0.0147597748	-0.1201013514	0.0670155746	-0.1441045879	0.0118166466	-0.0473927084	0.0195157179	-0.0126177888	0.1143965615	-0.0914773006	0.009770644	-0.0284446651	0.1967260096	-0.0525364182	0.1136652326	-0.2696011681	0.168020851	-0.1239376757	0.1744320689	-0.0792844697	0.1815105027	-0.2047100729	0.3085489891	-0.2585877884	0.1195153378	0.1194927693	0.1194551582	0.0364638	n/a	n/a	0.00132960871044	0.0746518	n/a	n/a	0.00557289124324	-0.0351537	n/a	0.00123578262369	n/a	-0.000284552	n/a	n/a	8.096984070399999e-08	-9.89243e-05	n/a	n/a	9.78601713049e-09	0.000150106	n/a	n/a	2.2531811236e-08
344.28475445618847	-0.900906010577046	0.8116316398938483	118531.992150958	338.8699392351077	-5.396595517442677	114832.8357172056	29.12324317888239	218.48590241352247	-0.3729900068243239	0.1391215451908092	47736.08955345126	218.1804107693264	426.2331186086988	1.261912	21.299974	0.111418285	0.0656038	-0.0291492	-0.0685975045	-0.1088400384	-0.0626150051	0.1069928876	0.1434644065	0.0596675904	-0.0042432245	0.0128335904	0.2701041076	-0.0855561605	-0.2046486112	-0.0741110241	0.0898281341	0.0807003077	0.0221741772	-0.0303959722	0.0689933972	-0.0335362476	-0.088901508	-0.0578022394	-0.0566540879	-0.0501083856	0.0335729346	0.0051856868	0.0906929871	-0.0523829048	-0.0415892952	0.0152056073	-0.058058892	0.016217182	-0.0911241048	-0.1881851504	-0.0492706068	-0.1252735342	0.1777180339	-0.0233663186	-0.1230516957	-0.0671468585	-0.0546641055	0.0330341178	-0.0802209735	0.0827534683	0.1171036552	0.0878619	0.122359179	0.0156258096	0.1782224965	-0.0835697386	-0.1280573537	-0.0090871459	-0.0800257988	-0.0543438914	-0.0242305527	0.106095134	-1.18127e-05	-0.0418747721	0.0829051242	0.1598688105	-0.0385916276	0.135822737	-0.0807474053	0.0363967892	-0.1198789659	0.039969832	-0.065979028	-0.0362495136	0.0817210567	-0.0381437311	0.093328015	-0.0330533964	-0.0690498312	-0.0167148924	0.0458525579	0.028979222	0.095331194	0.0349253813	-0.0079990449	0.1410889424	-0.0541068124	-3.5594e-05	-0.0366899475	-0.1494239025	-0.164125276	-0.0301514622	-0.0591391636	-0.0880367671	0.0680096634	0.0470699977	0.0699125901	0.1151869614	-0.1393589346	0.0024483177	0.0991053923	0.0786818576	0.0064239032	0.1754328267	-0.119356687	-0.0305764538	0.1330457862	0.027246008	0.1330138294	-0.1250721552	0.0392476374	-0.0752430898	0.0220736006	0.1158654568	0.0172517024	0.1237435124	-0.1003218121	0.164828793	0.0518194785	0.0247009989	-0.0972933084	-0.0118610103	0.0631208205	0.0287058987	-0.1271595609	-0.0157625491	-0.0808593342	0.0487986821	-0.0290864824	-0.0285654417	0.0321236368	-0.1431943182	-0.050360551	0.0762978749	0.01925011	-0.0113841099	-0.0888297635	0.134792148	-0.0061939767	0.0409092821	0.1254138155	0.1614293688	-0.0802582865	-0.1928166551	-0.0811999022	0.1194551582	0.1192521267	0.1189139965	0.0139359	-0.0225278999999999	0.0005075062784099	0.00019420930881	0.0599267	-0.0147251	0.00021682857001	0.00359120937289	-0.0206622	0.0144915	0.0004269265088399	0.00021000357225	-0.000449998	-0.000165446	2.737237891600001e-08	2.02498200004e-07	-9.21696e-05	6.754699999999991e-06	4.562597208999989e-11	8.495235164160001e-09	-0.0008711689999999	-0.0010212749999999	1.043002625624796e-06	7.589354265608258e-07
343.3913657210893	-0.8933887350991654	0.7981434320020867	117917.6300517949	336.6132117977536	-2.256727437354129	113308.45435679932	5.092818726506937	218.3466821497644	-0.1392202637580624	0.0193822818408644	47675.273605810245	217.9801887194316	423.0261819857033	1.130884	19.088345	0.05915394	0.0321667	0.0047047792	-0.0763901658	-0.045795945	0.0946769699	0.0688237404	-0.0291782008	-0.0202543689	0.1066276436	-0.0824200751	0.0758585983	-0.0675970371	-0.074482677	-0.10455813	-0.0121431662	-0.0537468184	0.087977401	0.0867698571	0.0484571837	-0.1172638409	-0.0061998225	0.0731114771	0.05048658	0.0096529516	-0.0057222662	-0.2613995783	-0.0736038961	-0.0005956909	-0.0660516573	-0.0389518994	-0.1141948825	-0.0662953994	0.0316355013	0.0773158207	-0.0257087021	-0.0666875271	0.0803861365	0.0744227733	-0.0040349515	0.0170597642	-0.0391335197	-0.1086011189	0.0733497503	-0.0791890671	0.000113796	0.0566720321	0.1150984651	-0.1032043034	0.0102066975	-0.0834303215	-0.1485846334	-0.0147802338	-0.0667931175	0.0854789031	-0.0058097716	-0.0696317231	-0.0198325794	0.0228054294	-0.1317614068	-0.0982467631	-0.0168628205	0.089397633	0.2325656384	0.0022928849	0.0957041771	-0.1154282718	-0.0629161325	0.0490955382	0.0148131406	-0.1383807496	0.0015329817	0.0229218525	0.0440087389	-0.1248455301	-0.0025539322	-0.2713286396	-0.0554144789	0.0293922463	-0.0532141415	0.0507647526	0.1000527057	0.0841423059	-0.0193268805	0.0583717222	-0.0382554058	-0.0302727753	-0.0537517632	-0.0956907023	0.0258173243	0.0499055636	-0.0563399933	-0.0998582145	-0.0124566785	0.0625956639	0.0195524736	-0.1217428676	-0.0391663921	0.1211003834	0.0105092106	-0.0252350937	0.1330007882	0.0102768661	0.0538850354	0.113138953	-0.0892203971	0.0112055906	-0.0530433198	-0.0897558645	0.003985013	-0.1238486738	0.0436112735	0.0232378548	-0.206190679	-0.0268394121	-0.0213973259	0.0363903501	-0.0702207858	-0.0312946104	-0.0917709829	0.0129487407	-0.0246156891	-0.0950822409	0.1304027934	0.010997653	0.0648725143	-0.0039872996	-0.0003116888	-0.1720490753	0.0220830013	-0.0469882069	-0.1109757573	0.1616749633	0.0846846281	-0.0131804678	0.0940875926	0.2319807889	-0.08335019	-0.0307415397	-0.0389538181	0.1193348294	0.1187713263	0.1178341246	0.00573838	-0.00819752	6.71993341504e-05	3.292900502440001e-05	0.0772478999999999	0.0173211999999998	0.0003000239694399	0.0059672380544099	-0.0177102	0.0029519999999999	0.0003136511840399	8.714303999999998e-06	-0.000880143	-0.000430145	1.85024721025e-07	7.74651700449e-07	5.12178e-05	0.0001433874	2.055994647876e-08	2.6232630368400003e-09	-0.000911301	-4.013200000009998e-05	1.6105774240080244e-09	8.30469512601e-07
342.88136814460347	-0.50999757648583	0.26009752802142	117567.6326207151	335.00734775678245	-1.6058640409711415	112229.92305103377	2.578799318084164	218.26219425331547	-0.0844878964489339	0.0071382046463657	47638.38544027202	217.9082937476749	417.5604799804522	1.120965	18.920908	0.02654615	0.0169773	0.0261226662	-0.1316697707	-0.0029240467	-0.0361878534	0.0389005875	-0.0863303194	0.0408155493	-0.0725183488	-0.0114744379	0.125440938	0.0791453588	-0.0102991775	0.0769022567	-0.0947695498	-0.1439394519	0.09234941	-0.061339143	0.0901953814	-0.092614854	0.0935873475	0.0704358997	-0.0967419139	-0.0113666978	-0.0364432583	-0.0598796576	-0.0226064785	0.0544646634	0.0064857393	-0.0284727217	0.0421567292	0.0108841231	-0.0342883848	0.0384448232	0.1505379257	0.1589383827	0.1133581908	-0.0878124012	-0.0329478785	-0.1412097504	0.0379545367	-0.0601836235	-0.0621644103	-0.1180899849	0.0423035617	-0.0764506352	-0.0644833092	-0.0380876713	0.0172676171	-0.0670121219	0.0551132661	0.0007107742	0.0867403366	0.0170778577	-0.002215416	0.0707638344	-0.1854689638	-0.0330226938	-0.1713644456	-0.1106917919	0.0607815429	-0.0976768283	0.0064771086	-0.0646097403	-0.0801148761	-0.1481640189	0.0604561142	-0.0752841862	0.0572970236	-0.1063461581	-0.1011734413	0.0722048255	-0.1112004127	0.0182911109	0.0128797085	-0.0599208392	-0.0213339984	-0.0330023203	-0.0492166951	-0.0252982273	0.0094686627	-0.0554685597	-0.0062560215	-0.0252765729	0.1306689341	0.171979342	-0.1215339379	0.0725370454	0.089730951	0.1104370915	0.0712952714	-0.0305755511	-0.1046728651	0.1177448348	-0.0049943594	-0.0495227411	-0.0077881834	-0.1012850904	-0.0438212361	-0.0838905434	-0.0534817812	-0.0072241975	-0.0434860233	-0.0002321583	0.0594198465	-0.0526994376	-0.1575051549	-0.1304767858	-0.0558995175	-0.1317045924	0.0548696558	-0.0396063463	0.1079905022	-0.0498309314	-0.0280149919	-0.065574254	0.0388922858	-0.0168240502	-0.0804623452	-0.0952418312	0.0815152686	-0.0638114369	-0.0417274614	-0.1217771536	0.0025139026	0.0975446089	0.0441203359	-0.1373472466	0.0993757299	-0.1872342625	-0.1391456157	0.205421063	0.0688137864	-0.0789594703	0.080270349	0.0213403437	-0.1116718899	-0.0808962129	0.1021315721	0.1191544118	0.1180513362	0.1162204348	0.00235571	-0.00338267	1.1442456328900002e-05	5.5493696041e-06	0.0806927	0.0034448000000001	1.1866647040000753e-05	0.00651131183329	-0.00170843	0.01600177	2.9187330649e-06	0.0002560566431328	-0.000880143	0.0	0.0	7.74651700449e-07	0.000125362	7.414420000000001e-05	5.497362393640002e-09	1.5715631044e-08	-0.000911495	-1.940000000000188e-07	3.76360000000073e-14	8.30823135025e-07
342.45074567993606	-0.4306224646674081	0.1854357070762332	117272.51321674424	333.99997994400405	-1.0073678127783978	111555.9866025951	1.014789910221933	218.1382952517236	-0.1238990015918659	0.0153509625954612	47584.31585532814	217.80356966745285	416.03042092914507	1.119982	18.90432	0.02027695	0.0124224	0.0375882889	-0.1255414789	-0.0065077221	0.1147976891	-0.0972491337	-0.0806211494	-0.0121925928	0.0080491174	0.0556963007	0.0726654321	0.1726913478	0.0099071113	-0.0036665278	0.2365776868	-0.0132626253	-0.0323231428	-0.0331447402	0.0320813014	-0.2554125725	-0.0499301828	0.0506637063	-0.081255763	-0.0642303069	0.1299737378	0.0990942581	0.1341246975	0.0336909458	0.0197110263	-0.0930197379	0.0787426923	0.0231737766	-0.0194529368	0.0374812988	-0.0629114167	-0.1650709668	0.0170425501	-0.0397963175	-0.1662051702	0.0907886633	0.0289694869	0.0705982291	0.0760823321	0.0497535334	-0.1461089023	-0.0517597306	-0.0919087992	0.0509828576	-0.0583540023	0.0850173432	0.0972510559	0.0454358751	0.0036079388	-0.0223718373	0.0206460851	-0.0221414143	0.0687633678	-0.0770074353	0.0450318797	0.0841203107	0.1265481078	0.0768055499	0.0461184628	-0.0328821976	-0.0227756989	0.0213972385	0.0517741044	-0.0226412734	0.0054599831	-0.2482814635	0.0379260458	0.0676935917	-0.0453107841	-0.092855148	0.0785290836	0.144024738	0.1211458398	-0.0507550693	0.0521721698	-0.0503679355	0.0717208777	-0.0896410393	-0.0533436516	0.0068797023	-0.1305406121	-0.0581798748	0.1148578554	-0.1008512093	0.1746079493	-0.0538564225	0.0367383929	0.0014456082	0.1472124265	-0.0719284805	-0.1116043767	0.0466371619	0.0295048472	-0.0949902902	0.0015697278	0.0455777911	-0.0889289889	0.007140374	-0.0257133427	-0.0336431316	0.0101973069	0.0468830945	0.0093036295	-4.63758e-05	0.0165110712	0.114330304	0.1192086242	0.0965244069	-0.0376749208	0.0381658193	-0.0640188858	0.059641135	-0.0598449511	0.0008740773	-0.1010879329	-0.1364136565	0.0905469004	0.0582675745	0.0815119347	-0.1128808244	0.1967285445	0.2592433308	0.0471785629	-0.1582454833	0.0646742429	0.0539807775	-0.005172653	-0.0788059365	-0.0956584341	0.0311837019	0.0609832312	-0.0422275467	0.1312828243	-0.0122456468	0.0716193117	0.1189139965	0.1170936064	0.1140802373	0.00321718	0.00086147	7.421305609000001e-07	1.03502471524e-05	0.068551	-0.0121417	0.00014742087889	0.004699239601	-0.00417671	-0.00246828	1.74449064241e-05	6.092406158400001e-06	-0.000947248	-6.710500000000003e-05	4.503081025000004e-09	8.972787735040001e-07	0.00011429	-1.1072000000000003e-05	1.2258918400000008e-10	1.3062204100000002e-08	-0.000893562	1.7933000000000033e-05	3.215924890000012e-10	7.984530478439999e-07
342.6635247899728	0.212779110036763	0.0452749496680369	117418.29122148833	334.6625156690941	0.6625357250900379	111998.99939396665	0.4389535870205822	218.1995681071142	0.0612728553905981	0.0037543628077171	47611.05152213117	217.8887740462167	418.4112276573987	1.205897	20.35449	0.025421434	0.0118626	0.0517685958	-0.1041920986	-0.0150222883	-0.1396938228	0.0275392819	0.016188465	-0.0627624044	-0.0887825863	0.1523305531	-0.0203373547	0.1240883797	-0.0225390014	-0.0609084202	-0.0043579011	0.0215886518	-0.0842039155	-0.0349728986	0.2047820608	-0.1405709321	-0.0382356864	-0.0205113519	0.1482606937	0.0013728408	-0.1401330746	-0.028766953	0.040288604	0.0283199887	-0.083945372	-0.091512938	-0.0200300411	0.0075728267	0.048886461	-0.0407977693	-0.0903644751	0.1110010765	0.1654178265	0.0657374939	0.012465039	0.1058742884	0.0698755482	0.0992875275	-0.0826648347	-0.1565530987	-0.0939209267	0.0085552891	-0.0810599294	-0.028645822	-0.2329254512	0.0976983337	0.0366578682	-0.0515766377	-0.1038006731	0.0845937828	0.0817824412	0.0358604914	0.0730376523	0.1148947578	-0.033807957	0.0236137675	0.0969874491	0.010303087	-0.0761203819	0.0387609343	0.064984007	0.0559313773	0.0591925366	0.0076811594	0.1942449619	-0.1646368142	0.0464193222	0.0234504464	0.1199482501	0.1514315142	0.0003665531	-0.0754973322	0.0311871689	0.014317015	-0.0733023542	0.0546451729	0.0623109751	-0.0492308567	0.0167083652	-0.0360452033	0.001996383	-0.1063137604	-0.1963344545	-0.0599452164	0.020679357	-0.115390223	0.0723200728	0.0455340753	0.0573229505	0.0691167461	-0.1582950124	-0.0782562646	-0.0469630506	-0.0723267115	0.2312011163	0.0736211807	-0.0817877731	-0.0898964383	0.1019179511	0.0764306854	0.0178930404	0.0664268297	0.0498513752	0.0260034809	0.0993863666	-0.0533460768	0.0685662472	-0.0166614178	0.0785742805	0.1493010089	0.0485646149	-0.1347381459	-0.0049794667	0.0044173108	-0.0829993536	-0.031681273	0.1292362494	0.1445614601	0.1299524408	-0.0772393486	-0.0815985215	0.3434509621	-0.0992638288	-0.1082156613	0.0149142764	0.0097377707	-0.0446264415	-0.0285165093	-0.0803903285	-0.1425328504	-0.0297031013	0.0698343471	0.063381017	-0.0246063194	0.1701472262	0.1186137044	0.1159000657	0.1114232278	0.000277346	-0.002939834	8.642623947556e-06	7.6920803716e-08	0.0775224999999999	0.0089714999999998	8.048781224999814e-05	0.0060097380062499	0.00268947	0.0068661799999999	7.233248880899999e-06	4.71444277924e-05	-0.000880143	6.710500000000003e-05	4.503081025000004e-09	7.74651700449e-07	8.23206e-05	-3.1969400000000006e-05	1.0220425363600003e-09	6.77668118436e-09	-0.000927366	-3.380400000000002e-05	1.1427104160000011e-09	8.60007697956e-07
343.15409324014485	0.4905684501720202	0.2406574043041779	117754.73170746602	333.42321060118775	-1.2393050679063435	111171.037367604	1.5358770513383468	218.5447196960449	0.3451515889306904	0.1191296193413803	47761.79450702283	218.2030258878072	421.4029391112687	1.215494	20.516481	0.056524665	0.0322798	0.0843353116	-0.0850629906	-0.1121015211	0.0356517224	0.0062015238	0.0001554137	-0.0059871241	0.1121931433	0.1831126455	0.0310595923	0.0903294762	-0.0904933946	0.1185263143	0.0078006718	0.0482351517	0.0044052731	0.0135018661	-0.0714389339	-0.0673946115	-0.0789112434	-0.0368968733	0.1426076357	0.0423394446	-0.1541052895	0.0799650715	-0.0946450378	0.0759925682	0.0494014563	0.0734947294	0.0392900731	-0.0990312198	0.0163354979	0.161881825	-0.0541884206	0.1084100887	-0.1218898134	-0.1060631052	-0.0238639119	-0.1012645892	0.0223975926	0.0119707276	0.0066415276	0.1078344981	0.0356477513	-0.0526947022	0.0680685313	0.0029599887	0.1087749531	-0.111696344	0.0584640852	0.1247340826	0.0344471835	0.0602445994	0.0255881493	-0.1548233276	0.071876027	-0.069553373	-0.0750507291	0.0874350126	-0.0027054523	0.1156819162	0.1767110557	0.1606037927	0.0535909363	0.0409761606	-0.0330476367	0.0043391189	-0.0570251566	-0.0577956677	0.1000081746	-0.0218646519	0.1184189489	0.1701899147	-0.0502013549	-0.0039570516	-0.1335332906	-0.0499254229	-0.0288796857	-0.165124527	-0.0144582728	0.1003083706	-0.0421940443	0.067514219	0.1036186681	-0.0319550324	0.0336384077	0.1485977916	0.0567216365	0.0607342935	0.0293600122	0.0273884635	-0.0257464605	-0.1061098395	0.0726011479	0.0075879157	0.0656024685	0.0373867765	-0.1222954659	-0.0681095089	0.0056554389	0.1432398791	-0.0839985369	0.1174513602	-0.0188875833	0.0827838981	-0.0530166986	-0.0483780776	0.1095796889	0.1026554982	-0.0015377064	0.0680273986	-0.1802778302	0.1266370147	-0.1373404432	0.0585341802	-0.0099354584	-0.0364197177	-0.1309135156	-0.035800524	0.0346748916	0.1113830533	0.1158831765	-0.1616771786	-0.0256829912	0.1362895768	-0.0980392768	-0.1544025927	0.0350962775	0.1948122725	0.0572082261	-0.0762830605	-0.1065178819	-0.0422250725	-0.0678330735	0.0720166232	-0.0541194008	-0.0632246302	-0.1767244002	0.1182536866	0.1144731177	0.1082614433	0.000208121	-6.922499999999999e-05	4.7921006249999986e-09	4.3314350641e-08	0.0538369	-0.0236855999999998	0.0005610076473599	0.00289841180161	-0.0125659	-0.0152553699999999	0.00015790184281	0.0002327263138368	-0.000692356	0.000187787	3.526395736900001e-08	4.79356830736e-07	0.000181357	9.90364e-05	9.80820852496e-09	3.2890361448999994e-08	-0.000990832	-6.346600000000009e-05	4.027933156000011e-09	9.81748052224e-07
344.1203782301391	0.9662849899942784	0.9337066818882428	118418.834713254	334.9450188245745	1.5218082233867565	112188.16563539456	2.3159002687675554	218.7817086123119	0.2369889162669949	0.0561637464334047	47865.43602332255	218.385755613872	425.54318340985145	1.297518	21.900984	0.151072934	0.0778726	0.1150526622	0.0386907281	-0.0992795704	-0.114338492	0.1024396238	-0.0596201842	-0.0638618842	-0.1320271124	0.0194817943	0.0432641748	-0.0728133744	-0.2162415961	0.0865170119	0.0930272264	-0.0911783351	-0.0443670811	0.1034231132	0.0657494015	0.1878229007	-0.2788248474	-0.089729748	-3.47695e-05	0.0817140936	0.0039061185	0.2206140314	-0.0996913792	0.0641126394	-0.1562330136	0.1140635509	-0.0577371081	0.0697845022	-0.0150926165	0.1497565401	-0.0075785353	0.0505613092	-0.0783513928	0.0665657938	-0.0012464134	-0.0501879865	-0.0532178191	-0.1041200734	0.0471005782	-0.0090122513	-0.0483127488	0.0570680739	-0.0695614782	0.027584515	-0.0085502634	0.0911259931	0.0408877561	-0.055729093	0.0796966601	0.0836373582	0.0140683803	-0.0089447867	-0.0352924939	0.0198801146	0.0129120274	-0.0139550093	0.1666357035	0.0643829487	-0.0582186731	0.0574481366	-0.0777418321	-0.0990469203	0.0385684266	0.1302597633	0.0987135607	0.182782822	0.2595583984	-0.0376507133	0.0107481908	0.0301194061	-0.0925288565	0.2102868917	-0.1168463984	0.1111958024	-0.1678418002	-0.0094923572	-0.0538134716	0.0240189933	-0.0893274799	0.1576701128	0.1128454831	-0.0200938976	0.0667931049	-0.0248817546	-0.0084366783	0.1032888112	-0.0947654415	-0.0719276064	0.0113447263	-0.0182854435	-0.0665925352	0.0737649512	-0.0293706252	-0.02749777	0.0208385698	0.0759511526	-0.0364626859	-0.0759966406	-0.0610705197	0.0753558453	0.0323724572	-0.0182120757	-0.0141610309	0.0447759	-0.0369983793	-0.0378630613	0.1085522529	0.0647973623	0.0717667657	0.0457223333	-0.1139886888	-0.1423611005	-0.098216534	-0.1056438885	-0.0404277581	0.011771463	0.0807907022	-0.082681398	0.1635318316	-0.0815268438	-0.0763944296	0.0546935089	-0.0454900482	0.1803029629	-0.1114205866	-0.0097429769	-0.0609329694	-0.0226451191	-0.2965122641	0.1698279112	-0.0790548943	-0.0258350118	0.0393468411	-0.2068382278	0.1331768415	0.1178341246	0.112815636	0.1046092073	0.0216014	0.021393279	0.0004576723863718	0.00046662048196	0.0943166	0.0404797	0.00163860611209	0.00889562103556	-0.00237407	0.0101918299999999	5.636208364899999e-06	0.0001038733987488	-0.00108935	-0.000396994	1.57604236036e-07	1.1866834225e-06	-1.09795e-05	-0.0001923365	3.699332923225e-08	1.2054942025e-10	0.0	0.000990832	9.81748052224e-07	0.0
344.5741474598787	0.4537692297395779	0.2059065138584498	118731.34309770224	335.320360430574	0.3753416059994947	112439.74411929006	0.1408813211942799	218.86775943596228	0.086050823650396	0.0074047442509115	47903.09612051826	218.52782812209355	432.32661706070417	1.343892	22.683722	0.174548375	0.0931844	0.0685572695	0.1491417886	-0.1165144675	0.0329451703	-0.1067587302	-0.0972723936	0.1119199481	-0.0325708777	0.0756565268	-0.046369539	-0.1110883582	-0.1228191712	0.1509532449	-0.1208866933	0.0167729577	-0.0321746005	-0.131086827	-0.1284401927	0.1007475655	-0.0143489433	0.026350053	-0.0308273763	-0.2485415336	0.0650741935	-0.0545996139	0.0045174002	0.0361850965	0.0822837569	-0.005617608	-0.0386732348	0.0634041326	0.0841290621	-0.0214091042	-0.0288707355	0.0881745414	0.0870496749	-0.0106972774	-0.0909054507	-0.0071968945	-0.1518752428	0.1364642912	0.032739555	-0.1448237926	-0.0154180668	-0.0149543481	-0.1723151763	-0.028979956	-0.0004573343	-0.0562450898	-0.1662333807	-0.1638789148	0.0174543362	-0.0235095661	0.0149708282	-0.0588786351	-0.0763035542	0.0565719934	0.1752969201	0.0438609765	-0.0031594862	0.005871979	0.0466671745	-0.1441525462	0.0136824231	0.0664892809	0.051178491	-0.1107025376	-0.0925449665	0.1248834223	0.0346171584	0.0017319902	-0.0290915416	-0.0458267618	0.2611753904	-0.0198670728	0.0177052362	-0.0799129443	0.0254237833	0.0511676346	-0.0223267136	-0.0393131869	0.0850434605	0.0342122754	0.0590933116	-0.0540454162	-0.0833152863	-0.0431462623	0.1086535846	0.0671088403	-0.0693414095	0.1552608388	0.0898472999	0.1709192019	-0.0219546967	-0.0084100222	-0.067331723	-0.1193663467	0.0063058147	-0.0697989133	0.1645789321	-0.1425472856	0.0375630324	0.0011941602	-0.0098842656	0.0295698163	-0.0378116124	0.1388793155	-0.1275539348	0.0251019979	0.0415691028	0.0038027915	-0.0486588428	-0.1516953666	0.057790183	0.0739155487	0.0875467799	-0.0420079549	-0.0056045709	-0.217465032	0.0460625442	0.0094043009	0.0241173301	-0.0057891279	0.0142772495	-0.1427764784	-0.0187383355	0.096519912	-0.0602136072	-0.0590952479	0.0667858321	0.0884089374	0.0850542124	0.1156924808	-0.0247861237	0.1345135863	0.3089439747	-0.0612058101	-0.003099508	0.1173552296	0.1109309587	0.1004830656	0.00218598	-0.01941542	0.0003769585337763	4.778508560400001e-06	0.0309734	-0.0633432	0.00401236098624	0.00095935150756	-0.0122074	-0.00983333	0.00014902061476	9.669437888890002e-05	-0.000729411	0.000359939	1.29556083721e-07	5.32040406921e-07	0.00022834	0.0002393195	5.727382308025e-08	5.21391556e-08	-0.00103987	-0.00103987	1.0813296169e-06	1.0813296169e-06
344.30525957319566	-0.2688878866830464	0.0723006956048748	118546.11176976564	335.48496262373123	0.1646021931572363	112550.16014664636	0.0270938819921721	218.86772081122297	-3.862473931803834e-05	1.4918704873864164e-09	47903.079213099445	218.5260901805333	433.4340845303208	1.24332	20.986153	0.10827959	0.0758705999999999	0.0380467378	0.1703458514	-0.0923605398	0.0508281473	-0.0865356455	0.0702158973	-0.1598752338	-0.0092384166	0.0450581175	-0.1575372193	-0.1210490584	-0.0325233082	0.1116883112	-0.059569541	0.0239389211	-0.1937540976	0.1064448115	-0.0616870171	0.1116319811	-0.0039872222	0.2332273796	0.1022686428	-0.0692776962	0.0121816833	0.0268166399	0.0322187882	-0.044743798	-0.0192601947	0.0274222385	0.0744170529	-0.156919634	0.0672663807	-0.0457898676	0.0076037576	-0.0144072741	-0.0266636801	0.0932570417	-0.0843457037	-0.1272413596	-0.0564942978	-0.0960823906	0.1230326306	-0.1606053633	0.1332112404	0.0109857261	0.0588873481	-0.0072137813	-0.0794728449	0.061224834	-0.0311220526	-0.0343014404	0.0905957959	-0.1778385471	0.1021346876	0.0501523601	0.0450788709	-0.1060412625	-0.042056191	-0.0625518548	-0.0025423853	0.0428098339	0.0100140259	0.0219810907	-0.0248425522	0.1160905034	0.0727191691	0.1697541861	-0.0461850914	0.1372808575	-0.0246697945	0.1929106199	0.1389087185	-0.0284725613	0.0884282045	-0.0046399377	-0.0025905806	0.0888507499	0.056772796	-0.1197421694	0.0478921488	0.0634731745	0.0655525281	-0.0684500953	0.061896174	-0.0356821571	0.0420813048	-0.1296531477	-2.84377e-05	0.1802229195	-0.0369355042	-0.0642327632	-0.0224887629	0.1820605806	0.1220057996	-0.0124260662	0.0315530301	0.0437182983	0.075475373	0.0050087666	0.0102978114	-0.0869717552	-0.0890230034	-0.1800488499	0.0209719472	0.0078918249	0.035929205	-0.166296789	0.0346706231	0.0067899809	-0.0034141341	0.0542373194	-0.0297502574	0.0269945528	-0.0456243453	-0.0365617131	-0.1783815141	-0.0217696336	0.0318402282	-0.1251924121	-0.023637931	0.0968778351	0.0811324541	0.0367771843	-0.1220255723	-0.1270457542	0.0109144389	0.0112021448	-0.107188392	-0.019918263	0.0169087497	-0.0542791431	0.0945264008	0.0393527452	-0.1217338974	0.0349816178	0.1287278354	0.1013407358	0.1506014491	0.1168172427	0.1088228812	0.0959017104	0.0158603	0.01367432	0.0001869870274624	0.00025154911609	0.102864	0.0718906	0.00516825836836	0.0105810024959999	-0.00788493	0.00432247	6.217212110490001e-05	1.86837469009e-05	-0.000916801	-0.0001873899999999	3.5115012099999986e-08	8.40524073601e-07	0.000283989	5.564900000000001e-05	3.096811201000001e-09	8.0649752121e-08	-0.000915065	0.000124805	1.5576288025000018e-08	8.373439542249999e-07
344.2190454584804	-0.0862141147152328	0.0074328735761313	118486.75125634742	335.7510146482856	0.2660520245543694	112728.7438373533	0.0707836797694787	218.81229816496256	-0.0554226462604106	0.0030716697185066	47878.82182823248	218.47878167288644	435.1376808189223	1.298714	21.921156	0.1215313	0.0787767999999999	-0.0176369539	0.1361924946	-0.0265125359	-0.1092617061	0.0685994205	0.1043701387	0.1320623631	-0.0252125479	0.0835388373	-0.0930156844	-0.1022143994	0.0542424259	0.2013737426	-0.0594195304	0.1676110251	0.0578533727	-0.0652138872	0.0264243813	0.0856804556	0.0035757181	0.1195867798	-0.0102685482	-0.159749226	-0.0903277303	-0.0038805687	-0.0098562863	-0.021784735	0.0743109692	-0.0146273285	-0.088072586	0.0081862352	0.0672908175	-0.1798676137	0.0004150893	0.0438419825	-0.0704761141	0.0120913521	0.0238649994	0.0266166465	-0.1174232144	-0.0656293942	0.117422137	-0.0935617314	-0.0711990302	-0.0262299752	0.205968304	-0.17426558	0.0140564805	0.1372799057	0.0438089803	-0.0952971937	0.0137697849	-0.1613173405	-0.0382489127	0.0832993214	0.0535543747	-0.002551333	0.0218965111	-0.1574840229	0.0901364785	-0.0504056676	0.0558482119	-0.066993472	-0.1130582836	0.0928304856	-0.1228709343	-0.0921549584	0.0560833319	0.0915112606	-0.0177713727	0.1241664143	-0.0120385842	0.0833661712	0.158736605	-0.0417727579	-0.0027022926	-0.0241641076	0.0479037145	0.0991316884	-0.0192446532	0.0371759587	0.1392512527	-0.0418682741	0.0581307411	-0.0367955485	0.062025662	-0.0134729376	-0.0540737478	0.0436031475	-0.1109974731	-0.063290423	0.0444512064	0.0691347049	0.0152472735	-0.2382940605	-0.0030120965	0.1358763083	-0.0662556568	0.1392882981	-0.0279932577	-0.1175361738	-0.023784745	-0.1918560438	-0.0439690584	-0.0851269561	0.1173714804	-0.0400895732	-0.0185808027	-0.0684765323	0.1166159019	-0.0669888581	-0.031907765	-0.04973877	-0.0406760185	-0.0201498214	0.1485273197	0.036548057	0.0198548616	-0.0682766502	-0.093617904	0.0886079184	0.0706757219	-0.1179063964	-0.1106061854	-0.1423038351	-0.0890092345	0.0452364548	0.0151614298	-0.0309588236	0.003267174	-0.0506301933	0.1289990469	0.0371270513	-0.0260194472	-0.134621789	-0.0102400504	-0.1352840347	0.0982389062	0.1162204348	0.1064956489	0.0908858965	0.00177647	-0.01408383	0.0001983542674689	3.1558456609e-06	0.0300387	-0.0728253	0.0053035243200899	0.00090232349769	-0.0160202	-0.0081352699999999	0.0002566468080399	6.618261797289997e-05	-0.000764562	0.0001522389999999	2.3176713120999997e-08	5.84555051844e-07	0.000217895	-6.609400000000002e-05	4.368416836000003e-09	4.747823102499999e-08	-0.00122647	-0.0003114049999999	9.697307402499997e-08	1.5042286608999995e-06
343.5832230689085	-0.6358223895718993	0.4042701110809201	118049.43117441935	335.4713815756604	-0.2796330726251881	112541.04785628236	0.0781946553058037	218.5327706188254	-0.2795275461371602	0.0781356490494622	47756.57183434015	218.18528509684973	432.0733624960709	1.220538	20.60162	0.06267106	0.0350073	-0.0295086344	0.0908030407	0.0011192039	0.1455443111	0.0655744903	-0.0212433013	-0.0272160061	0.1254024803	-0.1378773084	-0.1362138489	-0.033492861	-0.038106115	0.0787809643	0.0435573718	0.0187605036	0.0305760443	0.1345278899	-0.1300298135	-0.0413674142	-0.0924116329	0.1069626055	0.0941804297	0.0108367121	0.1733171703	0.0276424187	0.1524982646	-0.0662425493	0.0528044608	0.072464804	-0.0905567752	-0.0121584055	0.0353540016	-0.0250876091	-0.1389363317	0.0183919956	0.0042313892	0.0002952589	0.0691397345	0.0571275902	-0.0982876257	-0.059842935	0.0499757828	0.1292782553	0.0255143531	0.1004559055	-0.0188577898	-0.1078349561	-0.0370708022	0.0092524525	0.0632994862	-0.0083197852	-0.0791601454	0.081378805	-0.2047691661	-0.0578070235	0.0622923748	0.0684195218	0.0085279394	-0.0173966457	-0.0896807628	0.0130796388	0.0492054721	0.0599547626	-0.0458690791	-0.0234787828	-0.0778911896	0.0903012809	-0.1414267047	-0.0251669894	0.0779502476	0.0918882731	0.1337853669	-0.1547506289	0.0103473163	0.0713424992	0.1657028487	-0.0045103243	0.0783801343	0.0696227207	-0.0619742392	0.0896542389	-0.0048844274	-0.0041539	0.0026702717	-0.1495368021	-0.0360689435	0.0252259411	-0.0115616585	-0.00260436	-0.1404952173	-0.0439013882	0.0052938326	-0.1149282476	0.0536403723	-0.0011984522	-0.1265615943	0.039478235	0.0009511693	0.0192965009	-0.0753337015	0.0267278694	0.0272896572	0.1109953069	-0.1714270443	-0.0882616647	0.0590963936	0.0896247753	0.0152841028	-0.0262040974	-0.0593064726	-0.0211593202	-0.0768620696	0.0055139768	-0.0656857819	0.1046059786	-0.0847841719	-0.0281607006	0.0168002436	-0.0494446652	-0.1184963469	-0.0863975567	0.1362197741	-0.0448811304	0.0618656686	-0.0839730686	-0.1113567994	-0.057357665	-0.0067101443	0.012749012	-0.0392699346	0.029297269	0.1545116763	-0.0703434972	-0.0723170702	-0.1166373741	0.0656208732	0.1020817798	-0.0874970513	0.1155651064	0.1039539485	0.0854583468	0.00519873	0.00342226	1.1711863507600002e-05	2.7026793612900004e-05	0.0512644	0.0212257	0.00045053034049	0.00262803870736	-0.0187244	-0.0027042	0.0003506031553599	7.312697640000002e-06	-0.00106894	-0.000304378	9.264596688400001e-08	1.1426327236e-06	0.000232953	1.5058000000000004e-05	2.2674336400000006e-10	5.4267100209e-08	-0.0008395279999999	0.000386942	1.4972411136407734e-07	7.048072627838321e-07
343.40318625880394	-0.1800368101045819	0.0324132529926333	117925.7483326988	335.3824176872726	-0.0889638883878092	112481.36609376018	0.0079145734370785	218.49191718166568	-0.0408534371597113	0.0016690033277624	47738.717873719856	218.09667250860304	430.6161135728771	1.299378	21.932367	0.06235621	0.0267715	-0.0522948271	0.0680652762	0.0504480982	-0.1475189476	0.1215095104	-0.0106808479	0.0485512407	-0.1680865192	-0.13543786	-0.031502265	0.028977198	0.106316012	0.0547085446	0.0180458287	-0.076175649	0.0417934939	0.0005273257	0.1687812831	0.0568459783	0.014414043	0.1065147429	0.0283412926	-0.07498417	-0.1126843444	-0.1250011779	0.1301523942	-0.1064886653	-0.0155048745	0.0785347143	0.0713133669	0.0287218807	-0.083750241	0.0148456089	0.0544494398	-0.0910976457	-0.1348078839	0.0016781754	-0.0707039221	-0.0132518538	0.2164443698	-0.0569142985	-0.0205277394	0.0866454084	-0.1118242103	-0.0151547388	-0.1039313232	-0.09249866	0.096694975	-0.013846413	0.2125204	0.0279892228	-5.89209e-05	0.0643997893	-0.0209149575	-0.1163542688	-0.007329701	0.0605864966	0.1280215107	0.117606397	-0.1783320285	0.0753121235	-0.0586056015	0.1285058212	-0.0198865425	-0.1258866067	0.0196570351	0.005284189	0.1552317898	0.0472048027	-0.040527738	0.1120053041	0.0243700452	0.0429887245	0.0768440096	-0.1592602159	0.0963524171	0.1238735372	0.08774931	-0.0621600175	-0.0774873732	-0.01703752	-0.0747824521	-0.003767961	-0.0176763451	0.0441542111	0.1885558549	0.0046830548	-0.0496884594	-0.0389597061	0.1928705794	-0.109281156	-0.0026390357	-0.0914076813	-0.0743619688	0.0247656985	-0.0831929692	-0.1000674548	-0.1705937655	0.0050203262	-0.1465594047	0.0161936015	-0.0197997739	0.0872580856	-0.0009056525	0.0835139952	0.036533594	0.1853510187	-0.0102919551	0.0635355606	-0.2304056567	0.0016996184	-0.0392917697	0.0865443384	-0.0542694206	-0.1655811876	0.0037019477	-0.0097621663	0.0457740425	-0.0454399441	-0.0174622263	-0.1493247982	0.0295871105	0.0120543755	-0.1178168557	-0.0200672132	-0.0662333997	0.0282390281	-0.0814183181	-0.1001498992	0.0711931394	-0.1767160402	0.1079705179	-0.0341514991	0.0065920959	-0.1159023336	-0.0148480932	-0.0465956706	-0.1040069477	0.1148515874	0.1012028987	0.0796436494	0.0161098	0.01091107	0.0001190514485449	0.00025952565604	0.0711467	0.0198822999999999	0.0003953058532899	0.0050618529208899	-0.0102664	0.0084579999999999	0.00010539896896	7.153776399999997e-05	-0.0008287299999999	0.0002402100000001	5.770084410004804e-08	6.867934128998343e-07	9.58562e-05	-0.0001370968	1.879553257024e-08	9.18841107844e-09	-0.000754738	8.478999999989999e-05	7.189344099983041e-09	5.69629448644e-07
343.6872734318145	0.2840871730105618	0.0807055218691329	118120.94191899482	335.0476400978797	-0.3347775893928997	112256.92113515834	0.1120760343597209	218.43156545854683	-0.0603517231188561	0.003642330483415	47712.34878867143	218.106655713036	428.5236832670864	1.209386	20.413378	0.1160913899999999	0.0614916	-0.0516114885	0.0693414557	0.0302986302	0.0610420526	-0.0772271264	-0.0862097078	0.1587768252	0.0313238434	-0.0677682871	-0.0565729521	0.0401352068	0.0558900847	0.0739864488	-0.1102749603	-0.1427953579	0.0682811873	-0.0926037368	-0.0865286456	-0.067039227	0.001177884	-0.0119855075	-0.0483073736	-0.1035021843	-0.0486717698	0.1060184496	-0.0016648477	-0.1156935438	0.0366992627	0.1488370346	0.0340401536	0.0514006562	0.1413874896	-0.0024955495	0.0058458044	-0.001003896	-0.0450659405	0.0699497655	0.0263383557	-0.0284282905	-0.0490758838	0.0163475042	-0.0017855676	0.1609616372	-0.165817981	-0.0674896119	-0.116011423	-0.1201950713	-0.0237029525	-0.0019864871	-0.0952710348	0.0371925022	-0.0142155679	-0.1124820792	-0.115020393	0.0112841509	-0.1215471414	-0.1153597038	-0.0676331984	-0.1373694398	-0.0244000978	-0.0734305889	0.0155754183	-0.0358419179	0.0793362285	-0.1129435957	0.0866110916	-0.1121515828	-0.1051453593	-0.0565852767	0.0123038956	0.0046056551	-0.0409855428	0.0802905013	0.0842116035	0.0847838588	0.0001055453	0.1061833613	0.1275278539	-0.018360239	-0.1359339481	0.014966089	0.1183683692	0.1043142997	-0.0036911019	-0.027425067	0.0119866372	-0.0382558483	-0.0566743611	0.0373151019	-0.0541961234	0.0228478611	0.0341930777	-0.197198263	-0.0776999676	-0.0840721874	-0.0762009672	-0.1457743472	-0.064408413	-0.0314693572	0.0855271421	0.0302705739	-0.0046832052	-0.0937718253	-0.1214038441	-0.0795447378	-0.0992157085	-0.1718601273	-0.1266954864	-0.0126995662	-0.0057291069	-0.0639978558	-0.0101753272	0.0161531127	0.1167849323	0.0986190637	0.050621394	0.0389505738	0.0388639674	-0.103732868	-0.0095168527	-0.1261210808	-0.0497898287	-0.0968384563	-0.065266159	-0.0374540807	-0.0245262059	-0.0186599557	-0.0832261297	0.0546204562	0.1441073592	-0.0286336732	0.1530333069	0.0279488972	-0.0015601962	0.0183408474	-0.1768919139	0.0756379105	0.0269231265	0.1140802373	0.0982480398	0.0734681463	0.0216068	0.0054969999999999	3.0217008999999983e-05	0.0004668538062399	0.0242857	-0.0468609999999999	0.0021959533209999	0.00058979522449	-0.0232005	-0.0129340999999999	0.0005382632002499	0.0001672909428099	-0.000434749	0.0003939809999999	1.552210283609212e-07	1.8900669300100002e-07	0.000250469	0.0001546128	2.3905117923840005e-08	6.273471996100001e-08	-0.00122213	-0.000467392	2.1845528166400005e-07	1.4936017369000002e-06
343.99897312069044	0.3116996888759331	0.0971566960453535	118335.2935080895	335.9558338493021	0.9081937514224024	112866.32229737988	0.8248158901226963	218.64205151366443	0.2104860551175988	0.0443043793989688	47804.34669010389	218.2823943619501	430.9045986481208	1.128356	19.045664	0.0912927	0.0636173	-0.0881049362	0.0739005379	-0.0326010132	0.072459776	-0.121005208	0.0082509438	-0.1089057776	-0.0518817217	-0.1070942869	-0.1060325561	0.0627205585	-0.0263791727	-0.0020905476	0.0302912276	-0.0828086198	-0.1425773724	0.0287334846	-0.0286657331	-0.0545002194	-0.0558924942	-0.0161337293	-0.0494248626	-0.0353184844	0.1110063346	-0.0448205522	-0.1259343792	0.0794649276	0.061268178	-0.054814209	0.0597856777	-0.1000531393	0.0398098888	-0.0710125745	0.1290565828	0.0059439618	-0.1317678462	0.0719141371	0.0682272965	-0.2001618489	0.0527047637	0.039232451	-0.0868991732	0.0641465666	-0.0111741107	0.2102596209	-0.0089732234	-0.1281782994	0.0751754943	-0.006597451	0.0258236616	0.0488438431	0.1536246983	0.0257657793	-0.1082861463	0.1525678654	-0.0745558485	0.0683891075	-0.0379015829	0.0320908535	-0.0045679559	0.034179023	-0.0865098932	-0.1181263292	0.0675635362	0.0202663342	0.1383746793	0.0968479615	-0.034166699	-0.0440900547	0.0595472648	-0.0258346982	-0.0388644612	-0.1187243388	0.0305976721	0.0115495255	-0.1070321657	-0.1020364845	-0.0055680862	-0.083926651	0.0549901254	0.0169604382	0.132429804	-0.0953781519	0.0296519348	0.1094574818	0.0759775463	0.0280294299	-0.19002904	0.1217140553	0.1087114221	0.0559006076	-0.0582458103	-0.0487237888	-0.0449007741	0.0281992541	-0.1978337598	0.0657686196	-0.0728769425	0.0079430396	-0.027982016	0.0371928809	-0.1227534527	0.0061551792	0.0016303215	-0.1992322262	-0.1099905682	0.0746491578	0.0584032182	-0.0680657499	-0.0179460572	0.0830145034	0.0751517601	-0.0373459273	0.1475602931	-0.0008355142	-0.1370066384	0.0584057089	0.0919123734	-0.1223359853	-0.0150682782	-0.0190133546	-0.0800205725	-0.0571536719	0.0916417537	-0.0849602879	0.0182842043	-0.0520135648	-0.1805965304	-0.0244081197	0.1277303411	-0.0716875457	0.0755650276	-0.0376380283	-0.0054661897	-0.0820065113	0.1274930124	0.081204089	-0.0205560358	0.1132514443	0.0950953223	0.0669598143	0.0215758	-3.099999999999978e-05	9.60999999999986e-10	0.0004655151456399	0.0791028	0.0548171	0.00300491445241	0.00625725296784	-0.0207487	0.0024518	0.0004305085516899	6.0113232400000025e-06	-0.0009002409999999	-0.0004654919999999	2.166828020639069e-07	8.1043385808082e-07	0.000233105	-1.736400000000002e-05	3.015084960000006e-10	5.4337941025e-08	-0.00102513	0.000197	3.8809000000000047e-08	1.0508915169e-06
343.5498520595666	-0.449121061123833	0.2017097275449977	118026.5008501501	335.8212515899917	-0.1345822593104344	112775.91301946848	0.018112384521101	218.6468212497629	0.004769736098467	2.275038244902008e-05	47806.432442625766	218.3271757797968	430.973723333335	1.174898	19.831264	0.0595228999999999	0.0396567	-0.1196165209	0.0223797933	-0.015289733	-0.0671357343	-0.0416194499	0.110208309	0.1077295805	-0.0367873778	0.0723740159	-0.1199232015	0.0412088393	0.0942143564	-0.0130471033	0.0398285446	0.0794836755	-0.0810930293	-0.1017815938	-0.0296365165	-0.007431173	0.0388953235	0.0523943899	0.0953034825	0.0316129423	-0.0340003275	0.0101131563	0.0314619998	-0.0769813402	0.0741956044	0.0021781783	0.172288743	0.1410084131	-0.1195165946	0.078173258	0.0660245908	-0.0004325359	-0.0135601738	0.0234382511	-0.0690931168	0.0557318508	-0.0998847678	0.1516345274	0.1301578709	-0.0382979245	0.0610009898	-0.0999842193	0.0591463796	0.1582597131	-0.1088754554	-0.0822190346	0.0529900118	0.0812049084	0.063965366	0.2100087778	-0.0463004447	0.1748642364	-0.0756777642	0.030869414	0.030716785	0.0075138869	-0.0181198247	0.0679794771	-0.0074556441	0.1117511963	-0.0339469451	0.1366840336	0.0422106664	-0.0715340831	-0.0020706336	0.0120794655	-0.0314914772	0.0319446467	0.1050797201	0.0190422547	-0.0230691912	-0.0273938122	0.0166485809	0.0116042789	0.126640244	-0.059218459	-0.0711577979	-0.1730426429	-0.1150670726	0.0440277198	0.0292059416	0.1186726729	0.0464324881	-0.0716515482	0.0638839902	-0.0277188651	-0.066412478	0.1335408316	0.1631975854	0.0142779307	0.0830741029	0.0113119565	0.1486005085	0.0472985167	0.1054383479	-0.0740178608	-0.0962610835	0.0780539433	0.0249246142	0.1297382636	0.1894444911	-0.1390895157	-0.0894425645	0.0348461108	-0.0005304884	-0.0332365835	-0.0494969785	-0.0143267477	-0.0281910988	0.0583275699	-0.0892688968	-0.0292665936	0.0783742705	0.0938101541	0.0044621715	-0.0725952342	-0.1044087996	0.0479542618	-0.0331446822	0.1216206186	-0.0910619856	0.0056866007	0.0124044761	-0.0563312934	-0.1542760233	-0.0475350061	0.1429437214	-0.0004861771	0.0854155921	-0.050907728	-0.1016811671	0.0130296189	0.0124710591	-0.0748120806	0.0129157788	0.1123656258	0.0917510955	0.0601481375	0.0215946	1.8799999999999373e-05	3.5343999999997634e-10	0.0004663267491599	0.0492971	-0.0298056999999999	0.0008883797524899	0.00243020406841	-0.0219637	-0.001215	0.0004824041176899	1.476225000000002e-06	-0.000469523	0.0004307179999999	1.8551799552391385e-07	2.2045184752900002e-07	0.000184511	-4.8594e-05	2.361376836e-09	3.4044309121e-08	-0.000934774	9.0356e-05	8.164206735999998e-09	8.73802431076e-07
343.1309821250544	-0.4188699345122018	0.1754520220382562	117738.8708941044	335.99128202421474	0.1700304342230651	112890.1415962754	0.028910348562084	218.6348650673909	-0.0119561823719891	0.0001429502969122	47801.20422303623	218.3307937458584	426.6035013018135	1.054008	17.790747	0.0391979	0.0207942	-0.1046557801	-0.0353860137	0.0027144203	0.0853745387	-0.0169841479	0.10752513	-0.0657738265	0.1143144559	-0.0558260302	-0.0551733921	0.059342914	0.1408438247	0.136542576	-0.0624387115	0.0976588465	-0.0675529079	0.0552392094	-0.0615776062	0.005882456	-0.0279904106	0.0952744503	-0.096133486	0.0053999032	0.0652276421	-0.0006457374	0.0078993728	-0.0211714378	-0.090287553	0.0272626386	0.0908675595	0.1191032904	-0.1367525738	-0.1756181736	0.0482951408	0.0159751219	0.0851873872	-0.0490489049	0.1462867223	0.0130743326	0.1436459126	0.0036512361	0.0799941789	0.0810905459	-0.1328664585	0.1314534315	0.0501079104	0.2083935071	-0.0907790289	-0.1060974212	0.0522165929	-0.0507012171	0.0271450378	-0.0489076272	0.0530926528	-0.1155618882	0.0259345684	0.0985451377	-0.1327361632	-0.0522132373	-0.1296198452	-0.0985841432	0.0045563702	-0.0627191517	0.0927638058	0.1054717817	-0.0539375212	0.0702022004	-0.0641180266	0.0149053554	0.0191167755	0.1132947783	-0.087164069	-0.0753898316	0.0071451586	0.0305800991	0.0398677589	0.0661350282	-0.0402588312	0.0839676487	-0.1044974718	-0.1624956145	-0.0274342241	-0.1569889386	-0.0695518859	0.1013821902	-0.0733563438	0.0655573733	-0.074481444	-0.0564759949	0.0370046336	-0.1143093236	0.1203989083	-0.1167415656	-0.1243850409	0.1367814649	0.0581496766	0.140975303	0.0866997809	-0.1287652431	0.0257913886	-0.0476668653	-0.0875788559	0.0285341335	-0.0662592131	0.1361331395	0.0037511836	-0.0437461511	0.1018660132	-0.1019481768	-0.073293857	-0.1195574327	-0.0036608222	-0.0744555599	0.1349993052	0.048688154	-0.050865732	0.0437661071	-0.0439525848	-0.0302237152	-0.1947714774	0.0107010393	-0.1743082887	0.0229655846	-0.1246215409	-0.1247098553	-0.0420002477	0.0032970629	-0.102910378	0.0449790295	0.0781540037	-0.0339018727	0.0690233107	-0.1193379652	-0.0393651333	-0.1794829047	0.0495873781	-0.071680712	-0.2668037636	0.1114232278	0.0882220943	0.0530639746	0.0216135	1.890000000000225e-05	3.57210000000085e-10	0.00046714338225	0.0595503	0.0102531999999999	0.0001051281102399	0.00354623823009	-0.0231515	-0.0011877999999999	0.00053599195225	1.4108688399999985e-06	-0.00066151	-0.000191987	3.6859008169000016e-08	4.3759548010000004e-07	0.000298743	0.000114232	1.3048949824000006e-08	8.924738004900003e-08	-0.000686233	0.000248541	6.1772628681e-08	4.70915730289e-07
342.227583514484	-0.9033986105703776	0.8161290495804886	117119.71891816314	334.36441266431217	-1.626869359902571	111799.56045635045	2.646703914189801	218.38104821459825	-0.253816852792653	0.0644229947615672	47690.28221930669	218.04428911481585	420.4631163964223	1.19665	20.198414	0.0756138599999999	0.0446243	-0.0629556101	-0.0849275295	0.1254636882	-0.1033323695	0.1537614852	0.0393401679	0.0275186846	-0.0075893634	-0.0251702161	-0.0987512305	0.107370793	0.1203884191	0.0624725683	0.0304888579	0.106916527	0.0792665232	0.0250582608	0.0892335311	0.0105457559	0.1545340257	0.0462072606	0.00385983	0.0436092581	0.190032888	-0.1025729825	0.0045097841	0.0066013821	-0.0266765212	0.0374755156	-0.1679738875	0.1107570426	0.0581890588	0.011181175	-0.0571868415	-0.019725357	-0.1011269724	-0.0583676655	0.0592371881	-0.0588444352	-0.0876691757	0.0994849142	0.0007679624	0.1002107951	-0.0598637648	-0.0197849548	0.1323652242	-0.018407928	0.0556683215	-0.1803698174	0.1595420272	-0.0676561169	0.1385449827	-0.1308244325	0.0820723389	-0.106788495	-0.0067793045	-0.137224626	-0.0125952435	0.1588201109	0.1060668321	0.1054697538	0.01568874	-0.0184485336	0.0063261281	0.0111534673	-0.1387305051	-0.0210492681	0.0729934716	-0.0074717444	-0.1673681467	0.0002101891	0.0070503204	-0.2021290292	-0.019875291	-0.0296616999	0.0547997699	-0.014389908	-0.0602876439	0.1429633989	-0.034265842	0.0134379664	0.0424860448	0.1003520664	0.0033491531	-0.0755899002	0.0405875536	0.1177385447	-0.0629508515	0.0283408137	-0.0350721123	0.1184302855	0.0349107686	-0.1014857549	-0.0069913083	-0.0432049116	0.0705467683	0.1180485935	-0.1821362218	-0.197371844	-0.1212564934	-0.1021774018	-0.1644131257	-0.0484963731	-0.014638199	0.1266723548	-0.0649019978	-0.0118748082	0.0048106524	0.1618362124	0.0956842919	0.1827189171	-0.0175274925	0.0021643052	0.0241257799	-0.1043847475	0.0502925875	0.0021852649	-0.0113606632	0.0504824208	-0.2057049991	-0.0217526208	-0.0567195561	-0.003396448	0.1404972596	0.0534141979	-0.0006225452	0.1482250765	-0.0358694161	-0.1329000166	0.0329909522	0.1348860913	0.0498596056	0.1209983918	-0.0424942026	-0.1142326712	-0.0281287262	0.0766607185	0.1058885442	0.1104247249	0.0845154255	0.0457394187	0.0216434	2.989999999999937e-05	8.940099999999625e-10	0.00046843676356	0.0728539	0.0133035999999999	0.0001769857729599	0.00530769074521	-0.00799996	0.0151515399999999	6.39993600016e-05	0.0002295691643715	-0.000661583	-7.299999999995678e-08	5.3289999999936895e-15	4.37692065889e-07	9.93274e-05	-0.0001994156	3.9766581523360016e-08	9.86593239076e-09	5.68548e-05	0.0007430878	5.5217947850884e-07	3.2324682830400003e-09
341.9593931015459	-0.2681904129381109	0.0719260975919144	116936.2265303776	333.6764355978783	-0.6879770664338594	111339.96367330504	0.4733124439389389	218.45600154850683	0.0749533339085815	0.0056180022640113	47723.02461256122	218.1162170019604	412.88748524391656	1.078953	18.211782	0.0733753699999999	0.04639	-0.0200019741	-0.1272219591	0.1861831524	0.076585751	0.0701783707	-0.0839940645	-0.0059829079	0.1300162938	-0.0916570006	-0.122320586	0.0922408361	0.1142918408	-0.115980622	0.054670564	0.0567082253	0.1272843236	0.0785765106	-0.0949036716	-0.0464808087	0.0418343405	0.0038009816	-0.0426982043	0.0408889854	0.0166067812	0.0203616311	0.0288473057	0.1246821064	-0.0093723339	0.0399713544	0.1564083078	0.1199563249	-0.0302913516	0.2009277635	-0.0461215542	0.0771093252	-0.0707140018	0.1149851301	0.085464759	0.0134489598	0.0384257866	-0.0598703202	-0.0176677333	-0.010725456	0.0918029465	0.0842962785	0.0664334519	0.1954160716	-0.0227717973	-0.0486274448	0.0519934337	0.0619057759	-0.0727548647	-0.0251422277	-0.0883775336	0.0009359119	0.0795905168	0.2324306216	0.0940563846	-0.06854643	-0.0629689654	0.090052234	-0.1424591366	-0.0927900248	0.1197674683	-0.0458603467	-0.1480142722	0.0046097081	-0.1072690746	-0.0368169008	-0.0438912126	-0.0156181611	-0.0238320916	-0.0238311225	-0.0241138026	0.0303996465	0.013064728	-0.0665879059	-0.0454016489	-0.1918563027	-0.0379649596	-0.1529209453	-0.1283207497	0.1426133685	0.0989523694	-0.0238956889	-0.0171818188	-0.0024729867	-0.1197166261	-0.0225440002	-0.0342058746	-0.0352811943	-0.0386769687	-0.0159496328	-0.0072545422	0.1549901008	0.0826715797	0.1181831518	0.112703861	-0.044144481	-0.0505295434	0.1538373957	0.0327462512	0.0035327374	-0.0639352425	-0.0227833711	0.1284373619	0.1702613189	0.0269337506	-0.1506982461	-0.0703732555	-0.020718031	-0.0289068846	0.0846655799	0.2274653603	0.0654918555	0.0200479259	-0.0723372501	-0.0210552461	0.074427911	-0.1530641786	-0.1254811456	-0.0764147203	0.1215218403	0.1440419882	0.0450052627	0.0328327745	0.1211404128	-0.039964052	0.1061327698	0.0421761414	0.1126234481	0.0383244105	-0.1343546047	-0.0510135968	-0.1539355946	-0.0823957934	0.0954254892	0.0585226072	0.1093706198	0.0806385538	0.0382076517	0.0216598	1.6399999999999748e-05	2.689599999999917e-10	0.00046914693604	0.0383669	-0.034487	0.0011893531689999	0.00147201901561	-0.019755	-0.01175504	0.000390260025	0.0001381809654016	-0.000226881	0.0004347019999999	1.88965828804e-07	5.147498816100001e-08	0.000206964	0.0001076366	1.158563765956e-08	4.2834097296e-08	5.68548e-05	0.0	0.0	3.2324682830400003e-09
342.3252253982253	0.3658322966794003	0.1338332692937247	117186.55994394576	333.88631875747075	0.2098831595924366	111480.07385341536	0.0440509406805042	218.2409363109001	-0.2150652376067228	0.0462530564268361	47629.10628185836	217.86587842214675	416.6495528001687	1.098539	18.542376	0.0840411249999999	0.0407663	-0.045849587	-0.0828917594	0.2163298579	-0.0971833101	0.1106478259	-0.0602119432	0.0122251611	-0.086030885	-0.0639385283	-0.0810710539	0.0899858121	-0.0141256735	-0.0830545379	0.0762428703	-0.0558045586	0.0800738214	0.0877783553	0.1016293726	0.0139306383	-0.0351856506	0.0407818811	0.0667570165	0.2201349901	0.1753793814	-0.0379120789	0.0536525285	-0.0955592619	-0.1143801688	-0.017908388	-0.0117400632	-0.0968753631	0.0022553693	0.0029335291	0.1074619491	-0.0141804223	-0.0219231399	-0.106150375	0.0501705336	0.0552896426	-0.1197293368	0.0531667576	-0.1477145948	0.0158547301	-0.0542599065	-0.1559921211	-0.1009039951	0.0331697382	-0.0310325042	-0.0073466715	-0.0010725119	0.1495762637	-0.049492127	-0.2443841237	-0.0053251548	-0.0235547016	-0.1567320165	-0.0176218349	0.1697206857	0.0237063906	0.0304737263	-0.1175901933	0.0272262888	-0.1079929718	0.0841080017	-0.1129696156	-0.0315115955	0.0428426666	0.0808847608	-0.0129171624	0.0008057682	0.0304166114	0.1189957396	-0.1724673497	-0.2142423682	0.0379999332	0.0793552497	0.122912204	-0.0174865124	0.0117988432	0.0940281813	0.0652432476	0.0365542406	-0.0374146649	-0.0165346002	0.1011119572	0.0001628899	0.0907861043	0.0285573691	-0.0764606415	-0.1031726934	0.1141138459	-0.0541270563	0.0066680098	-0.0822434943	-0.0509021709	0.0478667425	-0.195975817	-0.0031312149	-0.0348246525	-0.0278744231	0.1543862142	0.0245900521	-0.2444104516	-0.0382877381	0.0890844467	-0.0848043801	0.055037269	-0.1625774456	0.0836528781	0.0479256285	-0.0917692919	0.0310235579	-0.1390643907	0.0927562672	-0.1239730521	-0.0194750773	-0.0647328049	0.0279176481	0.113184093	-0.0452674923	-0.1469183637	-0.0427130159	0.1159364106	0.0346325478	0.1337866429	0.0452277629	0.2236619374	0.0892665457	-0.1069808824	0.0231355027	-0.0372778485	-0.1044907641	-0.105229748	-0.0947796997	-0.026833584	-0.0438299657	0.0229602034	-0.0695115653	0.1082614433	0.0765992869	0.0305027946	0.0139873	-0.0076725	5.886725625000001e-05	0.00019564456129	0.0648878	0.0265208999999999	0.0007033581368099	0.0042104265888399	-0.00907432	0.01068068	8.23432834624e-05	0.0001140769252624	-0.000592552	-0.000365671	1.3371528024099997e-07	3.51117872704e-07	3.92943e-05	-0.0001676696999999	2.811312829808999e-08	1.54404201249e-09	0.000306855	0.0002500001999999	6.250010000004e-08	9.4159991025e-08
342.9000754528672	0.5748500546418995	0.3304525853217949	117580.46174558204	334.3593580926766	0.4730393352058399	111796.18034414672	0.223766212651983	218.60074824245817	0.3598119315580561	0.1294646260915392	47786.28713216258	218.2706015050979	417.8989475717013	1.177497	19.87513	0.20289323	0.107264	-0.0172255776	-0.0532775529	0.2071056992	0.0743958697	-0.0293967619	-0.1393014751	0.0786922149	0.0517763349	-0.033783762	-0.0504267278	0.0085340038	0.0678672233	-0.0226185515	-0.0936384139	-0.0858279748	0.1538347115	-0.0783267045	-0.0898557505	0.0467196259	0.0131208529	0.0140846562	0.0466956581	0.039330856	0.0436203703	0.0465394262	0.0646807142	-0.0364658648	0.1295539013	-0.0527345693	0.120887255	-0.0103585654	0.0085801857	0.0100098577	0.1829998758	0.0350447068	0.1333319548	0.010092136	0.0480761283	-0.0717939927	0.0685051284	-0.0092664344	0.0877320844	-0.0475474357	0.021014761	0.0690186596	-0.1299827672	-0.0559812248	0.0658508694	0.1122758835	0.0934882668	0.0600242657	-0.1138602828	0.0428855738	0.1132435074	-0.0009674197	0.1378993654	-0.1513382512	-0.0116267729	0.0365611131	-0.0434852028	0.0496774104	-0.2176550575	0.0309251987	0.0053290106	-0.1203802595	-0.0067432878	-0.1392589146	-0.1025918909	0.0536749068	-0.0168308871	0.0133195372	0.0635928023	0.0071825235	-0.0359398566	0.0648402565	0.0785403222	-0.0657073282	0.0971245303	-0.0708023597	0.0147904747	-0.0401130107	0.0311440452	-0.0420996855	0.0022342154	0.2174328531	-0.1264300551	-0.0095186707	-0.0205977377	0.0732422011	0.044149156	-0.0670775793	0.0564983496	0.0664131269	0.0425307523	0.0978407143	-0.1224620849	-0.0641481496	-0.052269057	0.1421861886	-0.0810660236	0.0255707808	0.0697341576	0.0387755034	0.0491382251	0.1071649217	0.1518884196	-0.1168510126	0.0610283562	0.1015792163	-0.0993368442	0.1058594994	0.1403297045	0.1034529049	0.0178036136	0.0749603642	0.1141722129	-0.0332532811	0.0513032808	0.0445846262	0.0083680637	-0.1261382205	-0.1402650115	0.1399347082	-0.0390330178	0.0655047948	-0.0580687417	0.0724047386	0.2788301328	-0.0197178664	0.1578813407	-0.0248851894	-0.036878766	-0.0709856582	0.0420793142	0.0522508273	0.0635151096	0.1308444536	-0.0913452924	0.1070977539	0.0724057592	0.0226597522	-0.00397112	-0.01795842	0.0003225048488964	1.57697940544e-05	-0.00351199	-0.06839979	0.0046785312720441	1.23340737601e-05	-0.026899	-0.01782468	0.0007235562009999	0.0003177192171023	9.58755e-05	0.0006884275	4.7393242275625e-07	9.192111500249998e-09	-0.000115672	-0.0001549663	2.401455413569e-08	1.3380011584e-08	-0.0008239579999999	-0.0011308129999998	1.2787380409687737e-06	6.789067857638352e-07
342.73651681432483	-0.1635586385423835	0.026751428241838	117468.31995801596	334.82207405883656	0.4627159661599762	112105.82127706104	0.2141060653393602	218.5893285325629	-0.0114197098952786	0.0001304097740923	47781.29454831671	218.23573349725632	418.7889050254967	1.217257	20.546249	0.0844375499999999	0.0600924	0.0280088109	-0.0239934101	0.1487038462	0.0241250523	-0.0630455786	-0.0949756792	-0.1234221377	-0.136656086	-0.0273501161	0.0199111726	0.0409445573	0.0332119839	-0.0614825873	-0.1143694049	-0.1363742341	-0.0534060543	0.0632760537	0.0543500332	0.0752390326	0.1891797601	-0.0881989896	0.0306727244	-0.1034208585	0.0170324156	0.0752730872	-0.0352069985	0.0668700058	-0.0191071975	0.0090724505	-0.0579130165	0.0088254274	0.0698603192	0.0161465586	0.176596075	-0.053615128	-0.0599832369	0.1166630108	0.0227810633	-0.0393437508	0.1727363544	-0.0552709221	-0.0285461698	0.0380136132	-0.030104364	0.0573947277	-0.0476861239	0.1875185423	0.1229364473	0.1735738138	-0.1112562429	0.0649566289	-0.2114543005	0.043185418	0.0987125526	-0.0330921102	-0.0203910085	-0.0958061972	-0.0217273678	-0.007455202	-0.1414863408	-0.0625897552	0.057363215	-0.0039070893	-0.1065304731	-0.0805883378	0.1100966065	0.0865411494	0.04151071	0.05033737	-0.1863077101	-0.1325807912	0.0173815367	0.036036499	0.1048234064	0.0808355182	-0.0347880503	-0.0145827755	-0.0990436781	-0.0022249102	0.0158139027	0.0415837317	0.0660719785	0.0842372822	-0.0128485276	0.1339142202	0.0407977926	-0.0795666005	-0.1354327059	0.0052598221	0.1283966718	-0.0931047997	-0.0333206188	-0.0288047978	-0.0499826355	0.187907125	0.035037153	-0.0150078624	0.0225031161	0.227703124	0.1045549218	0.0832471846	0.152807763	0.0190364978	0.0084102787	0.149980498	-0.028607279	-0.0770391848	-0.0233613535	0.0469812537	-0.0905863979	-0.0361588284	-0.0582975852	-0.1797977141	-0.0550157788	-0.0573166708	-0.0580682577	-0.0277940463	0.1303682837	0.072101578	0.1081995174	-0.0003200987	-0.2411659507	0.0363686147	0.0886492303	-0.01647133	-0.0809182443	-0.0515553791	0.1423698556	-0.0886373591	-0.1258339416	0.0177693521	-0.1166424158	-0.059325266	0.0295519361	-0.0189821267	0.0106933901	-0.0352061853	-0.1061669811	0.1058801375	0.0680664159	0.0147140554	-0.00359393	0.0003771899999999	1.4227229609999992e-07	1.29163328449e-05	0.0521978	0.05570979	0.0031035807018441	0.00272461032484	-0.0251636	0.0017353999999999	0.00063320676496	3.011613159999993e-06	-0.00012247	-0.0002183455	4.767475737025e-08	1.4998900900000004e-08	-6.42961e-05	5.13759e-05	2.63948310081e-09	4.1339884752100005e-09	-0.000561376	0.0002625819999998	6.894930672394747e-08	3.151430133760001e-07
342.3438153658031	-0.3927014485217341	0.1542144276710682	117199.28791921509	333.426279663688	-1.3957943951485845	111173.08397036786	1.948241993528203	218.5530285779496	-0.0362999546132982	0.0013176867049275	47765.42630059405	218.2266384642465	416.565608002911	1.243631	20.991407	0.104591535	0.0577227	0.101535072	-0.0498270405	0.0868881346	0.0516114462	-0.0970060075	-0.1074405279	0.0433753865	0.022881142	0.2015937523	-0.008648378	0.0480236225	0.1542755123	-0.1648313986	0.114683208	0.0337538606	-0.0506056167	-0.1702993167	-0.0314315992	-0.0489083528	0.0661394839	-0.0923351188	0.0117377502	-0.0216491114	0.105758152	0.0067051948	-0.1004778404	-0.0839259023	0.048951285	-0.2032368511	0.0183377152	-0.0708960234	0.1353288093	-0.0498710615	0.0015643814	0.0172236467	-0.0087650512	0.0778738012	0.114691736	0.0988641468	0.0395782939	0.0499153582	0.0463519748	0.0117021225	0.0455990688	-0.01952988	-0.0222328693	0.1006523274	-0.051081706	0.009578516	-0.0438661835	0.0027395681	0.1760933602	0.1236648739	0.0123321869	-0.1233120205	0.0216123454	-0.0334541607	0.026535444	-0.1091598723	-0.0310186336	-0.0231918645	0.0108765697	0.0547056311	0.0547670853	0.1052126768	0.075991365	-0.1412089662	-0.0204598034	-0.0416862145	-0.0393073537	-0.1210367505	0.0137603591	-0.0726716552	0.014119522	0.0328508641	-0.0874592864	-0.0356998529	0.1140834393	0.0312435546	0.1950143288	-0.0227864684	0.155337129	-0.033257604	-0.0092614722	-0.0197676016	-0.060754664	-0.0129363609	-0.0962229236	-0.1181386232	-0.0242882804	-0.0255450977	0.075197855	-0.0066213572	0.0605686166	0.0749266986	0.0558512972	-0.0289648921	0.0951024013	-0.0046740418	0.069871408	-0.0205347902	-0.1935705526	0.1559731091	0.0725607529	0.0115324755	0.0497609496	-0.060570508	-0.0753428412	-0.0249691913	-0.0234633105	-0.0440311634	-0.0586055509	0.0553446718	-0.0051418171	0.0662214569	0.1278643083	-0.0666395348	0.0471671763	-0.0082079364	0.0660017829	0.1038740642	-0.1595049679	0.2211316724	0.1604457215	0.0445869303	-0.0036035388	-0.0764442882	0.1638558852	-0.0549941963	0.0658027703	-0.1503163586	-0.0861306737	0.0617257158	0.1348227638	-0.0850855568	0.0512611204	-0.02925186	-0.022578008	0.1046092073	0.0635899959	0.0067017003	-0.0188355	-0.01524157	0.0002323054560649	0.00035477606025	0.00508699	-0.04711081	0.0022194284188561	2.58774672601e-05	-0.0229716	0.002192	0.00052769440656	4.804864000000013e-06	0.00023791	0.00036038	1.298737444e-07	5.66011681e-08	0.000317099	0.0003813951	1.4546222230401004e-07	1.00551775801e-07	-0.000620544	-5.916799999999996e-05	3.500852223999995e-09	3.85074855936e-07
342.5555812426843	0.211765876881202	0.0448447866112644	117344.32624051328	334.3043869055126	0.8781072418246367	111759.42310427068	0.771072328144871	218.4450882880079	-0.1079402899416948	0.0116511061926971	47718.25659715557	218.1293646558126	417.8301759223132	1.232166	20.797895	0.08008127	0.044024	0.133947159	-0.002983816	0.0416956851	0.1003686436	-0.0784049462	-0.0242305826	-0.1942805925	0.0647307254	0.1430988608	-0.0668184046	-0.0527151804	0.0089839176	-0.0509357018	-0.0615712958	0.0450428095	-0.1331139472	0.0935022587	-0.0582201872	-0.0589359769	0.1218570183	-0.1850161738	0.1327166035	-0.0487921805	-0.2106940584	0.006234822	0.0084716989	-0.1096804064	-0.1960910865	-0.05481269	-0.0358193754	-0.0060505076	-0.00804638	-0.0153779965	0.0277106138	-0.0013794973	-0.0759412118	-0.0877270515	-0.0305948891	0.0259092016	-0.0506760786	-0.0751804297	0.0729730391	0.147382505	-0.0835455725	0.0841336834	0.0330547527	-0.1063873903	-0.0731446713	-0.0325863634	-0.0615356592	0.075553707	-0.220892128	-0.0738024655	0.0185001771	-0.0867068926	0.0681651875	-0.0077498597	-0.0568660115	-0.0572068444	0.0269982184	-0.0295367624	-0.1290499449	-0.0490158157	-0.0376099406	0.1175481313	0.0316046819	0.1270763315	-0.0560241822	-0.064537544	-0.0761344119	-0.1897797729	0.1122535436	0.2347526247	0.0225658687	-0.0668178141	0.0054692328	0.2120788003	-0.0327489022	0.0787039818	0.0922060529	-0.0140812777	0.0108218084	-0.0075055318	-0.014989662	0.0150097082	0.1039616743	0.0766919773	0.064911915	0.0213646127	-0.0704231847	-0.0597174317	0.0223133427	-0.1522159042	-0.0099602798	-0.0700232694	-0.1425959974	0.0702540466	0.0274936832	-0.0039198188	0.0511524707	0.0780755364	0.1219396712	-0.0401360482	-0.1436497499	0.1262393866	0.1094697702	-0.0618827435	0.0047288443	-0.044995012	0.001741186	0.0434805404	0.1239646112	-0.0504052476	0.0025044887	0.0839170207	-0.1033615653	-0.0904514808	0.0734086388	0.1434159457	0.0754220888	0.1682813807	-0.1505469602	0.1767556816	-0.09217918	0.032619824	-0.0928919636	-0.0512221187	0.0796971424	-0.0408604202	0.0348137881	-0.0441636827	-0.136703799	-0.0919824479	-0.0249648736	0.0793233683	0.0687736719	0.0005949965	0.0650496753	0.1032856033	0.0589855141	-0.0013410152	-0.00755197	0.01128353	0.0001273180492609	5.70322508809e-05	0.0398022	0.03471521	0.0012051458053441	0.00158421512484	-0.0241012	-0.0011296	0.00058086784144	1.2759961600000032e-06	4.71284e-05	-0.0001907816	3.639761889856e-08	2.22108608656e-09	-0.000110137	-0.000427236	1.82530599696e-07	1.2130158769e-08	-0.000579503	4.1041000000000016e-05	1.684363681000001e-09	3.35823727009e-07
342.47459597244017	-0.0809852702441276	0.0065586139965143	117288.84888648611	333.45529647773697	-0.8490904277756499	111192.43474905546	0.7209545545402362	218.45072223615	0.0056339481421048	3.174137166792644e-05	47720.71804549556	218.13494699387323	418.0942932055586	1.290245	21.778219	0.028578255	0.014526	0.1497302835	-0.0102106816	0.0339500828	-0.1391359263	0.1369540948	0.0022578915	0.0184423492	-0.0176640228	0.2365364031	0.0345158396	-0.0462554394	0.0599460452	0.0071063161	0.0035640912	0.1561932677	0.0925408777	-0.0458795464	0.1413323926	0.0437939611	0.10215164	-0.1372905156	-0.0290709189	-0.0803294335	-0.1228920305	0.070905861	-0.1202338137	-0.0442951471	0.0194399549	-0.0704653272	-0.1069209504	0.0310130501	0.085425596	-0.0322721444	-0.0143882002	0.0406156597	0.0308926899	-0.069287366	0.0075432634	0.2348118481	0.036019009	-0.0238741343	-0.0445282417	-0.0577231094	0.0230540484	0.0593136062	-0.0284643767	0.1198083363	0.0667378308	0.0795565074	0.1628870447	0.0119233039	0.0213236127	-0.086719383	-0.0454363841	0.0175842684	-0.0046398573	0.1412035289	-0.1566529394	-0.0042301855	-0.034348372	0.054434061	-0.1244934916	0.069113582	-0.1599328255	0.068227616	-0.1466299611	-0.0908674562	0.1497932538	0.0185188365	-0.1044451872	-0.11940779	-0.0611763694	0.173963094	0.0530961077	0.0275585254	-0.1214529621	-0.0231751486	0.0119989787	0.1374300974	0.0438697738	0.0151984061	0.0943161275	0.0557129948	0.0015665243	-0.0389409413	-0.04637571	0.0343272208	0.0557849071	-0.2221900638	-0.0428153118	-0.0563584388	-0.0143486272	0.0957721784	-0.0563855916	0.1526511063	0.0511370964	0.0175141713	-0.032757993	0.0627836614	-0.1038542941	-0.0055761304	-0.0458893224	-0.0653192893	-0.0522988053	0.0069542623	-0.0130697615	0.0404741438	0.1576501172	-0.1707534035	-0.0934190745	0.0568909698	0.1260537176	0.0638349643	-0.1461444963	-0.0520813162	0.1878361043	-0.1124589091	0.0150432397	0.0943165427	-0.0284385348	0.1537458798	-0.1067871666	0.0591556393	0.0108825741	-0.1656273104	-0.0108226351	-0.1120740401	0.1337126896	0.0328318557	0.0574538216	-0.0519747382	-0.0936769563	0.1132260597	0.0572196406	0.0169832327	-0.0912698733	-0.1240214531	0.0948745937	0.1019099918	0.0542622434	-0.0093776556	-0.0123428	-0.0047908299999999	2.2952052088899996e-05	0.0001523447118399	0.0301543	-0.0096479	9.308197441000007e-05	0.00090928180849	-0.0268209	-0.0027197	0.00071936067681	7.396768090000011e-06	0.000154968	0.0001078396	1.1629379328160002e-08	2.4015081024000003e-08	-8.88441e-05	2.1292900000000008e-05	4.533875904100003e-10	7.89327410481e-09	-0.000678767	-9.926400000000006e-05	9.853341696000013e-09	4.607246402890001e-07
342.30618929698767	-0.1684066754525019	0.0283608083369643	117173.52723102516	333.8934860876528	0.4381896099158098	111484.86005176556	0.1920101342381695	218.3393017218592	-0.1114205142908133	0.0124145310048293	47672.05067638906	217.97729009264992	414.4743878478673	1.211331	20.446215	0.03805006	0.0208407	0.1768060775	-0.0168498877	0.0453119614	0.0873263629	0.0725281329	-0.1345380197	-0.1305724603	0.1377786903	0.0308070719	-0.0731443183	-0.0574408371	-0.0386342291	-0.1301837593	-0.04284581	0.0266988244	0.110557303	0.135863141	-0.1083962293	-0.1046658639	0.0596271829	-0.1922257396	0.0422409266	-0.0423035804	0.0002334495	-0.0842307517	0.0363671296	0.2084675406	0.0816638987	0.0136439829	-0.0195146409	0.0497901964	-0.0039718788	0.0228991533	-0.0579744299	-0.0629974804	-0.0542853947	-0.1020263375	-0.0439093376	0.1032378273	0.1950193136	-0.0452542951	0.0365683713	-0.0939006188	0.150488823	-0.0357389576	0.0188832845	0.0028870338	-0.0102658418	-0.3452123506	-0.185151922	-0.05102993	-0.003775202	-0.0992518342	-0.0198782517	0.0725948355	0.015701151	0.0393893558	0.0451306129	-0.0535489866	0.1686664416	-0.1368860598	0.000823193	-0.0029176876	0.0907723047	-0.0593214136	-0.1344827925	0.0596039933	-0.1225817266	-0.1038732834	-0.030740164	-0.2075267715	0.0236184452	0.0137899678	0.0379257122	-0.0554038157	0.0394283349	-0.1823452987	-0.0928863397	-0.0627600339	-0.0453310063	-0.0119702366	-0.0061740771	0.0453504741	-0.0115078844	-0.0751082816	0.0918694739	0.0539921651	0.0687281401	-0.1161919153	0.149633154	-0.1439342284	0.010630067	0.1410632344	0.1048730032	-0.0177354902	0.0361708568	0.0568586962	-0.001475624	-0.3336084416	0.1658016907	0.0463034191	0.1156046746	-0.0704047122	0.0078031237	-0.1021480947	0.0404269457	-0.0034530155	-0.0462057619	-0.0163458165	0.1705563151	-0.1164699803	0.0857053337	-0.0057878074	0.0707469559	0.1355121399	-0.0197593531	-0.1757657623	0.0747194594	0.1777430321	0.0065140284	0.046085447	-0.0225196218	0.1064651521	0.0811449137	-0.1405481952	-0.0318150408	-0.0878278252	0.0160677616	0.0342220588	0.0364675633	0.0511166618	-0.0113767149	0.00472155	0.1443646676	0.0391925795	-0.0380705082	0.0594149421	0.0294449484	0.1004830656	0.0494296957	-0.0173718128	-0.0011216	0.0112211999999999	0.0001259153294399	1.2579865599999998e-06	0.0169944	-0.0131598999999999	0.0001731829680099	0.00028880963136	-0.0254683	0.0013526	0.00064863430489	1.8295267600000065e-06	0.000358926	0.000203958	4.1598865764000016e-08	1.2882787347600002e-07	-9.97213e-05	-1.0877199999999998e-05	1.1831347983999995e-10	9.94433767369e-09	-0.000710259	-3.1491999999999935e-05	9.917460639999959e-10	5.04467847081e-07
342.982964981782	0.676775684794336	0.4580253275288424	117637.3142676943	333.2564910154427	-0.6369950722100839	111059.88880392585	0.4057627220199299	218.3792878665887	0.0399861447295109	0.0015988917703293	47689.51336911842	218.0185697437468	418.13049256375626	1.300153	21.945461	0.209237045	0.115949	0.1420296616	0.0172492975	0.0406516169	-0.1486360045	0.124517489	-0.0887856217	-0.0315380483	-0.100553666	0.0628529421	-0.0321562985	-0.0443326895	0.0442749797	-0.0669865112	-0.0007240021	-0.0092731867	0.1259682035	-0.006220387	0.1426397425	0.0277521948	-0.0487704058	0.0344139517	0.1036221796	0.1186352597	0.0962888523	0.0857773234	-0.1422458032	-0.0545154749	0.0050108774	0.0603714939	0.0729322632	-0.0471780955	0.0465572102	0.0880945857	-0.0255913365	-0.0817499199	-0.0516387457	0.0102040912	-0.0754331614	-0.0635104226	-0.0058071824	0.0195376796	-0.1625142042	-0.1229612219	0.0875793873	-0.0580042989	0.0765987039	0.0726613183	-0.0172636523	0.0419626237	-0.1369360854	-0.0723803235	0.1256938645	-0.0379414692	-0.000453225	0.0154344273	0.0497988184	0.0293292023	-0.0052193187	-0.0567348127	-0.174837951	0.0212405554	0.0724043401	0.028846282	-0.1390777698	-0.0942118324	-0.0726297818	-0.0458323556	0.1317945701	0.0190877734	0.0078055859	0.0367157069	0.1275314993	-0.0840717936	-0.1239252235	0.1000525633	-0.1598319952	0.0306056515	0.0360888041	-0.1002630388	-0.0129151074	0.0206883929	0.0024620148	0.0718229379	-0.0348786692	-0.0108239539	0.053479654	-0.0118529461	0.0139123497	0.0058367615	0.0663505617	0.115818337	-0.1616979952	0.1349646827	0.0154930784	0.0034094763	0.1504556564	-0.0188460724	0.0661289392	0.0140012321	0.1100327164	-0.0678970972	-0.0972094184	-0.0485647859	0.0347213365	-0.0695476928	0.0563703336	-0.0231371512	0.0097042177	-0.068149153	-0.1403629921	0.0076904351	-0.1150023019	-0.0430024586	-0.074810033	-0.1785688111	0.0324577737	-0.2081871899	-0.0365846172	-0.0418727754	-0.0688471423	-0.0549575682	0.0243296103	0.1506441044	0.0702386229	-0.0967228323	0.225059112	0.0934815313	-0.0256709048	0.2589915634	-0.0260174074	-0.0524385886	-0.2100219447	-0.043731725	0.031583062	-0.042299272	-0.0187286044	-0.0556270548	0.1200789246	0.0990055431	0.0444976032	-0.0252872714	0.0260931	0.0272147	0.00074063989609	0.00068084986761	0.0977812	0.0807867999999999	0.0065265070542399	0.00956116307344	-0.0129508	0.0125174999999999	0.00016772322064	0.0001566878062499	-0.000256846	-0.000615772	3.79175155984e-07	6.596986771599999e-08	-7.28274e-05	2.68939e-05	7.232818572099997e-10	5.30383019076e-09	0.000421436	0.001131695	1.2807335730250002e-06	1.77608302096e-07
344.2018548908766	1.218889909094571	1.4856926104925716	118474.91691032004	336.0200519069458	2.7635608915031185	112909.47528354656	7.6372688010455105	218.93751387196443	0.5582260053757295	0.311616273077744	47933.63498043662	218.5543349447705	427.00944488062754	1.239026	20.913687	0.19644764	0.138498	0.0838814707	0.10024536	-0.0159476032	-0.0014877562	-0.008366098	-0.0913753035	0.0351579614	0.0802037815	-0.0383490062	-0.0329461082	-0.1174369118	-0.0186831342	-0.0981861936	-0.076785656	-0.0604205497	0.0950269943	-0.0303200723	-0.1199262808	0.1453460515	-0.110287492	-0.1537287058	0.0931447644	0.0269636892	0.0653648542	0.0482308478	0.0330843493	0.0075096025	0.1136703911	-0.0626933816	0.1844569135	0.0165365192	0.0050335378	0.0161249667	-0.0548018533	-0.0792176967	-0.0636542416	-0.1260698206	-0.008292331	-0.038499256	-0.2142873937	0.0035325483	-0.0856451326	0.0332281466	0.0327191122	0.0254417892	0.056336543	0.0411097698	-0.0392377508	0.062038016	-0.0237751581	0.1730115086	0.1109730427	0.1416942403	0.1333251395	0.0862798088	0.0582325744	0.148165352	-0.0564661073	-0.0555623594	-0.0430229246	-0.123031577	-0.0735603096	-0.112636483	0.0210832064	-0.0973197134	-0.0184579402	-0.0573750656	-0.098050067	0.1546863987	0.1354243103	-0.1337306546	0.0977006091	0.015616513	-0.0360630851	0.0771860958	0.0480820098	-0.1069710155	0.1017125316	-0.1079294371	0.0253898955	-0.1142202126	0.0176238272	-0.029949642	-0.0985614926	-0.0022671898	0.0999614572	0.107016506	0.0763593868	0.0584444739	-0.1384950237	0.1392425363	-0.0951177309	-0.0336577051	0.0172986394	-0.0363655154	0.0024007314	0.0360076048	0.0882048605	0.0794670089	-0.01706133	0.1100162933	-0.0848258057	0.0569813558	0.2226527581	0.0129745553	0.0167269748	0.0211123196	0.0782300578	-0.1584033682	0.0254861298	-0.0684712102	0.0843880686	-0.1010980362	0.1264046973	0.0950320176	0.081847875	-0.06421276	0.0429231354	0.1141526857	0.0937686138	-0.0705583172	0.1126481759	0.0513438643	-0.0472549119	0.0006644381	-0.1048432712	0.2069659112	-0.1443870763	0.0964011874	-0.0528246713	-0.1899221183	-0.0259519684	0.0198477909	0.1256466087	-0.0165891995	-0.1522586585	0.0154567691	0.0780463966	0.0974781683	0.0394758984	-0.0330881723	0.0216432	-0.0044499	1.980161001e-05	0.00046842810624	-0.0329746	-0.1307558	0.01709707923364	0.00108732424516	-0.0316203	-0.0186695	0.00099984337209	0.0003485502302499	0.000143931	0.0004007769999999	1.6062220372899998e-07	2.0716132761e-08	-0.000158918	-8.60906e-05	7.411591408359999e-09	2.5254930724e-08	5.68548e-05	-0.0003645812	1.3291945139344e-07	3.2324682830400003e-09
343.82128556502204	-0.3805693258545375	0.1448330117813771	118213.07640758443	336.2041285452941	0.1840766383483014	113033.21605090064	0.0338842087856113	218.71065852144773	-0.2268553505167005	0.051463350058055	47834.35215088532	218.333827478318	431.7035865515196	1.126644	19.016775	0.13186735	0.0705906	0.013205064	0.1386300917	-0.0333654379	-0.0327992089	-0.0593876242	-0.060888283	0.032667527	-0.0769436107	-0.0658043762	0.0158106629	-0.06561421	-0.0743747878	0.0262822868	-0.1920178119	-0.0904821534	0.0199175417	-0.0775996483	-0.0391499158	0.1369026746	0.1025078203	-0.0302488317	0.0475984547	-0.0453388389	-0.043749417	0.1011282144	0.0331747722	0.2389043806	-0.1611086104	0.0433096147	0.0785473712	-0.058967221	-0.2333553658	-0.0037229029	-0.1007263576	-0.0148332669	0.1035671557	-0.0830701848	0.0422185688	0.1397654625	0.0249497605	-0.0315672492	0.1151664456	-0.0137891447	0.1051844128	-0.0317650177	0.0260180388	-0.1461914911	0.0385679402	0.1202832094	-0.0415618075	-0.0689604096	-0.0206134659	-0.1074891128	-0.006792581	0.0565117066	-0.0104677176	0.0484022568	0.1584554431	0.0363723344	0.1503926043	-0.0925610172	0.0853325514	-0.0596792736	-0.0086059918	-0.0650619211	0.0718437742	-0.0662130177	-0.0211787693	0.1433024933	-0.0880638523	-0.0520623613	0.019269113	0.0800791784	0.0527907872	0.0705070674	-0.0173628637	0.0166172906	-0.255742538	-0.1258917746	-0.0451687962	-0.0385012867	-0.2406334747	-0.1600164026	-0.0477802792	-0.0607673531	-0.0406797064	0.0221145853	0.0956958341	-0.1039119499	-0.0449717713	-0.1192444471	0.0843244306	0.0402454245	0.1644016398	-0.1029305522	-0.0639401685	0.0047924659	-0.0210655489	0.0920548828	-0.0046636331	-0.0739056455	0.0444530837	-0.1557872733	-0.0040038085	-0.0489846312	0.0107021953	0.1207770596	-0.0738728491	0.0687716924	0.1759538319	-0.0747691806	-0.0100826182	-0.0591671357	0.0349518882	0.0330421815	0.0855271411	0.0296997488	0.1384033904	0.0561975357	0.1425877842	-0.0058728034	-0.0634848976	-0.0348574525	-0.082975818	-0.1116958124	-0.0439580033	-0.1754676015	0.0217369734	-0.0296744542	0.0081220509	0.0052776408	0.0089257016	-0.0559180124	0.1056228434	0.0272637741	-0.1328754751	0.06407984	0.0603083768	0.0959017104	0.0343746944	-0.0407391756	0.00432262	-0.01732058	0.0003000024915364	1.86850436644e-05	0.00442897	0.03740357	0.0013990270487448	1.96157752609e-05	-0.0433172	-0.0116969	0.00187637981584	0.00013681746961	0.00024244	9.8509e-05	9.704023080999998e-09	5.87771536e-08	2.25922e-05	0.0001815102	3.294595270404e-08	5.1040750084e-10	-0.000972052	-0.0010289068	1.0586492030862402e-06	9.44885090704e-07
343.2349739790982	-0.5863115859238519	0.3437612757885424	117810.24736243222	335.0848100530011	-1.1193184922930186	112281.82992825584	1.2528738871891163	218.6349448934633	-0.0757136279844132	0.0057325534625621	47801.23912856774	218.31288061141967	426.3838372728795	1.087065	18.348713	0.027241169	0.0152756	-0.0081305873	0.0783918899	-0.0064150866	0.1058802731	-0.1210625638	-0.058457349	0.0574333238	-0.0033907328	-0.0250950492	0.0456072284	0.0236049935	-0.0605952593	0.0962602919	0.1000178875	-0.0310920309	0.0321295065	-0.11668779	-0.0763697685	-0.0452331536	-0.0459223514	0.01333459	-0.0988926721	0.0317673267	0.0403205312	-0.1563718967	-0.1558298237	0.114269659	0.1064505262	-0.1202430591	-0.0704238864	-0.0321258032	-0.0537337045	-0.0023716538	-0.1707960672	-0.0549566324	0.1060056697	-0.1055335846	-0.0056376179	0.009091008	0.0231756711	-0.0260818078	0.0102203837	-0.0843814622	-0.0506143824	-0.047761567	0.0153255099	0.0630815909	0.1409256068	0.0069503664	0.0450492729	0.1431585729	0.0082414148	0.0927587577	0.0541719485	0.0287819574	0.0955812747	-0.095563322	0.1165132759	-0.0851211484	-0.2819434515	-0.177088652	0.0053623195	0.2027064149	-0.0764240194	-0.0141063762	0.037033663	-0.1125115542	-0.0789170118	-0.0318583005	0.0584787215	-0.0010733713	-0.11302064	-0.1053326034	-0.023983857	-0.1280324792	-0.1208870872	-0.2100575163	-0.0280496522	0.0520843697	0.0659978135	0.032159213	-0.0353754733	-0.0725732287	-0.102409554	-0.1095536344	-0.0682255559	0.0847004594	0.0721855457	0.0246651781	0.0093301708	-0.0388169488	0.0412653584	0.0756168622	-0.036676977	0.0128466982	0.057184549	0.0015580875	-0.1169411346	0.0633979048	-0.00693026	0.1351988006	-0.0064667579	0.0444054924	0.1808567262	0.0441014671	0.1876478832	-0.0796397646	-0.0669905778	0.0301202237	-0.3013726654	-0.204797398	-0.0038146495	-0.0124858445	-0.1483182715	0.1467896554	0.0446620433	0.0399581952	0.1250329751	-0.0604376665	0.0740237387	0.0192950752	-0.0159871258	-0.1031117901	0.0825323063	-0.0871090263	0.074559141	-0.1367612147	0.0615538631	-0.0202349756	-0.098646985	-0.1312761248	-0.1153082837	-0.100542584	0.1075694222	-0.0498362562	-0.1278993804	0.2779996517	0.0852349594	0.094276963	0.0292042644	-0.0482056202	0.00422252	-0.0001001	1.0020010000000109e-08	1.7829675150399995e-05	-0.0075752399999999	-0.0120042099999999	0.000144101057724	5.738426105759848e-05	-0.0433242	-7.000000000000062e-06	0.00187698630564	4.900000000000087e-11	7.367779999999998e-05	-0.0001687622	2.848068014884e-08	5.428418212839997e-09	9.36922e-06	-1.322298e-05	1.748472000804e-10	8.778228340839998e-11	-0.0008514399999999	0.0001206120000001	1.4547254544024132e-08	7.249500735998298e-07
343.81293765647405	0.5779636773758625	0.3340420123658301	118207.3360999745	335.6922285999872	0.6074185469860822	112689.27234242603	0.3689572912226834	218.4052546038265	-0.2296902896368067	0.0527576291534401	47700.85523856228	218.0229455293928	429.3336207886031	1.281189	21.625362	0.209303921	0.102988	-0.0786656536	0.0716664361	0.000364701	-0.0964468231	-0.0535965814	0.0322687858	-0.0739870714	-0.1859173841	-0.0875761605	-0.0434961741	0.1180870519	-0.0790324516	-0.071957752	-0.0534385703	-0.1166651004	-0.1259401576	0.0104640244	0.1419023035	-0.0290087937	-0.0352184194	0.0379142407	-0.0346352433	-0.0266768178	0.0875504165	-0.0849667322	0.0205832373	0.0207340792	0.0472102735	0.0661599928	-0.0251521398	-0.0526297383	0.1171999505	-0.0813627184	-0.0246584914	-0.079072288	0.0482854694	-0.0164350153	0.0160980874	0.1028526586	0.0085295197	-0.1447327507	-0.026730347	0.0684405913	-0.0246951991	-0.0180153823	0.0800879826	0.0969735418	-0.0334391002	0.0778737578	-0.1522920394	0.0672224477	-0.0411126561	0.0859922167	0.0082738775	-0.0136698628	0.1871005475	0.0417185226	0.0410211602	0.0139288263	0.1287057032	-0.0081972699	-0.0621321042	-0.1014060413	-0.0368731052	-0.0355775294	0.1620555503	0.078498844	0.1330961697	-0.0487728981	0.0224847978	0.0252565587	-0.0221935071	-0.1172685649	0.0298558146	-0.0558528206	0.0454152086	-0.0301263138	0.0141238501	-0.0149895919	-0.0428433944	0.0804398762	0.138505108	-0.014913635	-0.0943419143	-0.0477832	0.0099073699	-0.0288415703	0.0472321995	-0.0510369595	-0.0574488506	-0.1344714417	-0.0757555601	-0.0824511324	-0.0236110624	0.0008766324	0.0658121421	0.0549504718	0.1146582855	0.1081896737	0.1055279377	0.0836650607	0.0459512622	0.0273264962	0.0612616017	0.0153235589	0.1568207121	0.0822353349	0.0108163147	0.0134018361	0.1778690604	0.0397917758	0.0891118837	-0.0936290947	0.0155354184	-0.1287197035	-0.0920351362	0.0573636975	0.1338272286	-0.0163644898	0.0592763411	0.0199687236	0.0022065263	-0.1189806344	0.1014047215	-0.0691574688	0.2068013499	0.1197082212	0.0385895223	-0.1308034995	-0.0840787852	-0.0442223563	0.0365979128	-0.0728150943	0.031732265	0.0060103705	-0.079226898	0.0652900055	0.2040363091	0.0926047444	0.0239750208	-0.0554536812	0.0216229	0.01740038	0.0003027732241444	0.00046754980441	0.0637716	0.0713468399999999	0.0050903715779855	0.00406681696656	-0.0221047	0.0212195	0.00048861776209	0.0004502671802499	-0.000667144	-0.0007408218	5.488169393552401e-07	4.4508111673600004e-07	-0.00052137	-0.0005307392199999	2.816841196462083e-07	2.718266769e-07	-0.000136257	0.0007151829999999	5.11486723488857e-07	1.8565970049000002e-08
344.3174232744136	0.5044856179395651	0.2545057387078649	118554.4879703317	336.8515029234872	1.1592743235000285	113468.93502181213	1.3439169571264489	218.67638625224896	0.2711316484224539	0.0735123707762771	47819.361904342775	218.3402061298916	433.9564849531321	1.216571	20.534666	0.20042278	0.104982	-0.108227424	0.0654893719	-0.0670938183	0.0217085152	-0.1238569479	0.0380794589	0.1496247742	0.0129703784	0.0217736306	0.0065257015	0.0596098136	-0.0521986133	-0.0610139284	0.0022228956	-0.0591016587	0.003739513	-0.1543002346	-0.0571249996	0.0114773218	-0.0172330936	-0.0700690504	-0.0480371891	0.1180687534	-0.0196791659	-0.0319930978	-0.0839321581	0.0702672929	-0.1128084964	0.0604904145	-0.1728950622	-0.0292124637	-0.1055842154	-0.0272000312	0.1467103287	0.0127409155	-0.0428993652	0.1639827481	-0.0572404849	-0.0059845848	0.0633504068	-0.0145295628	0.0731624974	-0.006805156	-0.039849507	-0.0913326758	0.0192085796	0.0113758123	-0.0683958567	0.0256027592	-0.1311260202	0.0975650047	-0.011313981	-0.0983169544	-0.0147041351	-0.0194924345	0.024131161	-0.0408794755	-0.0337165657	0.0898270126	-0.2170147065	0.1052437308	0.1444034515	-0.1848872528	0.0569269573	0.012366276	0.1020654196	-0.1402381542	-0.0471371137	0.0127674871	0.0288654184	-0.0721776329	-0.0581331901	-0.018505287	-0.1253244592	-0.0383324597	-0.0697325913	0.0570214861	-0.1686039296	0.0990006747	-0.0169932179	0.1154647626	-0.0309210787	0.0074490731	0.1059086642	0.1089764348	0.0857310006	-0.1705748492	-0.0591951241	0.0127638467	0.0599428781	-0.0540509072	0.0915180441	-0.0215887418	-0.004478129	-0.0637437974	0.0396394607	-0.0501622825	0.0912788598	0.0038315372	0.1111989618	0.0855947371	-0.0153482734	-0.1055870796	-0.0369214809	0.0156412965	-0.0378779451	5.27934e-05	0.0821290026	0.0594077733	-0.1391483851	0.1039822609	-0.1644152426	-0.1760879351	0.0744642047	0.0929930696	0.091368995	0.1319572969	0.0980087976	-0.0037511943	0.0762976772	-0.0112948333	-0.0345699991	-0.0646560795	0.0619824995	-0.1292047049	0.1072104736	-0.1412205146	-0.0293464537	-0.002682198	0.0330919276	-0.1304642184	0.0166768197	-0.0724770553	-0.0156767667	0.0362784299	-0.0097234025	0.0074357079	-0.1388181869	0.0908858965	0.0186974948	-0.0624505233	0.0084073099999999	-0.0132155900000001	0.0001746518190481	7.068286143609833e-05	-0.00633169	-0.07010329	0.004914471268824	4.00902982561e-05	-0.0476929	-0.0255882	0.00227461271041	0.00065475597924	0.000204408	0.000871552	7.596028887040001e-07	4.1782630464e-08	-0.000355205	0.0001661649999999	2.7610807224999992e-08	1.26170592025e-07	-0.000928854	-0.000792597	6.282100044090001e-07	8.62769753316e-07
343.7465270593336	-0.5708962150800403	0.3259224883927156	118161.67486535315	336.74168240988854	-0.1098205135986631	113394.96067224225	0.0120605452070741	218.73450636724283	0.0581201149938692	0.0033779477669005	47844.7842757214	218.37909797486805	432.4190412592617	1.156091	19.513819	0.15835672	0.0876992999999999	-0.0948747229	0.0666579149	-0.0342482762	0.0662984968	-0.132576603	0.0643517674	-0.0955993537	-0.054096718	-0.0812918478	-0.0800449726	0.0197905839	-0.0382625272	-0.0434267347	0.1121980516	-0.0530746955	-0.1722100202	0.0237024555	-0.0291056353	0.0653359976	0.0709935177	-0.0047732441	-0.1129714031	-0.0031953252	0.112403358	-0.1231368118	-0.0627431728	-0.2739671201	0.1684234305	0.0462056465	-0.0134319683	-0.1675667249	0.0660095084	0.0100100221	0.0365822891	0.1340356949	-0.0119148028	0.0150747419	0.0425289442	0.1591117337	0.1233005312	0.0368159143	0.0373112159	0.0947506186	0.0776712237	-0.198267928	0.0814282074	-0.0298265616	-0.1037747487	0.0399094267	-0.1176049616	-0.0208641215	0.0142276293	-0.0217374199	-0.0053579338	0.0825333991	-0.0885182957	0.0567414344	-0.109203666	0.1261996056	0.0329549109	-0.0579328056	-0.1024616241	0.035938839	-0.0423126947	0.0597534728	0.1365756045	0.1028058567	-0.0262787606	0.0682208644	-0.0658029779	-0.0479712688	-0.0980424984	-0.15815871	-0.0060383987	-0.0784072972	-0.0673634306	0.0693775412	0.2998035954	-0.0182639282	-0.0034902905	0.1709676759	0.1217003505	-0.0224504812	0.1331954943	0.0318482346	-0.0724529592	0.0404776506	-0.0103785232	-0.1980831509	0.0574427194	-0.0357866723	0.045693074	-0.1030386573	0.1395114145	-0.1075358815	0.1105069591	-0.0646183963	0.1049200055	0.0161174315	0.0497745973	-0.0515167028	0.053004649	-0.0766738114	0.0339374184	-0.0749881978	-0.116792078	0.0129565483	0.0795031076	-0.0119997332	-0.0042349208	-0.0040934002	0.1721165653	0.0144694803	-0.0512070007	-0.0083078661	-0.1639189353	0.1212031253	0.1270570085	0.0234867497	0.0482926148	0.0436762564	0.08620466	-0.0421750273	0.1072648398	0.0408262125	0.1564038695	-0.0279409798	-0.0444512506	-0.0458254847	-0.0374878855	-0.0365799402	0.0102901037	0.1553894903	0.0725154989	-0.0831643937	-0.0309563741	0.065778801	-0.0024652448	0.0891212848	0.0133823145	-0.0691644489	0.0267713	0.0183639900000001	0.0003372361287201	0.00071670250369	0.0513905	0.05772219	0.0033318512183961	0.00264098349025	-0.0399932	0.0076997	0.0015994560462399	5.928538009000006e-05	-0.000234891	-0.000439299	1.92983611401e-07	5.5173781881000015e-08	-0.000421614	-6.640900000000002e-05	4.410155281000003e-09	1.7775836499600004e-07	5.68548e-05	0.0009857088	9.7162183839744e-07	3.2324682830400003e-09
343.4170280071242	-0.3294990522093712	0.1085696254068739	117935.25512524592	336.1686392625173	-0.5730431473712656	113009.35402361248	0.328378448749166	218.8780040108902	0.1434976436473789	0.0205915737323501	47907.58063979127	218.5594216873532	427.9143794779527	1.286272	21.711147	0.16449376	0.0878342	-0.1094730093	-0.0089766867	-0.014203248	-0.0621039121	-0.0633902407	0.1383751654	0.1312668795	0.0029134087	0.0827912978	-0.0457532165	-0.0040641196	0.0972776054	-0.0471506866	0.0648325793	0.1319027317	-0.0313745543	-0.1024209876	0.0068006462	0.1328158618	0.1117432746	-0.0318973423	0.0323146196	0.1376298638	-0.1511069003	0.0010446975	-0.0501093035	0.0125291529	0.0528986047	0.0141617702	0.0242017216	0.1350981733	-0.0551058952	-0.061827621	-0.0252529973	-0.0431171522	0.0096914304	0.0296706043	0.0621934662	0.1247750087	-0.0605915231	0.0983857396	-0.1119067962	0.0426315134	-0.1782807682	-0.0634575326	-0.070649515	0.0245120326	-0.0507138351	-0.0615133696	-0.21289828	0.0515980833	0.0308785914	0.0114136682	-0.0110499601	-0.0334441233	0.0364068443	-0.1549166276	-0.0855436447	0.0236904488	-0.0093995332	0.1130290474	-0.0820600443	0.1173365555	0.0517790403	0.1435593472	-0.0240172638	-0.0863630424	0.0334989959	0.1395299712	-0.1000057413	-0.0151315786	0.0197529367	0.1308588151	-0.1474330035	-0.0532094905	-0.0337129412	-0.0642720823	0.0172149006	0.0695102011	-0.0910993286	-0.0943679905	-0.0197623153	0.0164186305	-0.0822963645	-0.0053046783	0.0293546778	-0.0235686444	-0.0537231288	-0.1361486333	-0.0694873124	0.0922420454	0.037004397	-0.0883029481	-0.1672248922	-0.0673712629	-0.0043728914	-0.0811138636	0.0727488825	-0.0684007524	0.2213972678	0.0566899299	-0.0052481469	0.0250801704	0.0457368631	-0.0097297369	0.0166499572	-0.1241906993	-0.0006180191	0.0949550079	-0.0714897071	0.1220093268	0.0474929177	0.1455660418	-0.0185091849	0.0344471071	0.1437969983	0.1474872151	0.0618456483	0.0465828449	-0.0034626373	0.1129547976	0.0222494474	0.0345047505	-0.0914279934	0.0739431618	0.072283465	-0.2151783974	-0.0778511111	0.0112355997	0.1406123106	-0.1087850476	0.0916629049	-0.0650526044	-0.0202750433	0.032255444	0.0369966425	-0.0542614569	0.0255258975	0.0873117978	0.008040184	-0.0755650422	0.0117178	-0.0150535	0.00022660786225	0.00013730683684	-0.00663307	-0.05802357	0.0033667346755448	4.39976176249e-05	-0.0411705	-0.0011772999999999	0.0016950100702499	1.3860352899999982e-06	0.000324129	0.00055902	3.125033604e-07	1.0505960864100001e-07	-0.000105553	0.000316061	9.989455572100001e-08	1.1141435809e-08	-0.000872852	-0.0009297068	8.643547339662401e-07	7.61870613904e-07
342.9553155387063	-0.4617124684178861	0.2131784034925375	117618.34845625362	335.79063653101963	-0.3780027314976451	112755.35158190734	0.1428860650196807	218.60199781421565	-0.2760061966745581	0.0761794206027548	47786.83344836634	218.31162786211289	426.7069785934432	1.171977	19.781958	0.1420981495	0.071228	-0.1067629476	-0.0416701379	-0.0256841724	0.0912227464	0.001690317	0.144835175	-0.0497541557	0.1611112176	-0.0949167779	-0.0574680434	0.0653316079	0.0025251866	0.1225671201	-0.0902313134	0.0896590546	-0.1024032087	0.1488550162	-0.0886870936	0.0215428345	-0.0166276892	-0.0680411623	-0.1002576795	0.1222297646	-0.0550698636	0.0917643421	-0.0761660871	-0.0158886656	-0.1423631565	-0.0130797472	-0.0206574383	-0.0563251361	0.0746405052	-0.1463748639	-0.0053177378	0.053021067	0.0218744655	-0.0806558847	-0.0882840378	0.1434638777	-0.0676825071	-0.0863684606	-0.0140256332	-0.0503031775	-0.0946499468	-0.128251913	-0.0998507184	0.1151405939	0.0969301509	-0.1406689123	0.0086448393	-0.0982244904	0.1800283175	0.092246718	0.0280796441	0.0849447587	0.1135205914	-0.1747995791	-0.0372039643	-0.1564382689	-0.0142143321	-0.0055465031	0.0098107108	0.0525645772	0.0932453746	0.1097690623	-0.0558506944	0.1597596717	-0.0869306688	0.0321865954	0.026953538	-0.0106042214	-0.1081803109	0.093092214	-0.1494662189	0.0852339075	-0.0627439368	0.114137334	-0.0763964944	0.0835862164	0.0214732773	-0.0085392524	0.1439888158	-0.1068626575	0.0509342411	-0.0653539727	0.0078524343	-0.029511784	0.144976062	-0.088926162	-0.1166945377	-0.0517802331	-0.0255144726	0.0522453231	-0.0974183447	0.0504273417	0.1146657297	-0.0880949629	-0.1301199407	-0.1277630814	0.0491457985	-0.0531454752	-0.0412617487	0.101691915	0.1789744887	-0.1003989378	0.0839580515	-0.206722289	-0.0376436893	0.0272740821	0.0261356243	-0.0349164123	-0.1098289757	0.0680702341	0.0889207394	0.1111284578	-0.1094786882	0.1157064993	0.0114358588	0.1521668208	-0.0869866192	0.0619119832	0.0060410221	-0.1426781165	-0.0974809059	0.0260938029	0.085043386	-0.0111072161	-0.0397967175	0.0152835667	-0.0023511731	0.028264871	-0.0981980249	-0.0036217172	-0.0573525222	-0.1725899464	-0.1123073289	-0.067025325	-0.030949403	0.0854583468	0.0026818616	-0.081623307	0.0323867	0.0206688999999999	0.0004272034272099	0.0010488983368899	0.0302033	0.03683637	0.0013569181547769	0.0009122393308899	-0.0382364	0.0029341	0.0014620222849599	8.608942810000011e-06	-1.72364e-05	-0.0003413653999999	1.1653033631715997e-07	2.9709348496e-10	-0.00052137	-0.0004158169999999	1.7290377748899996e-07	2.718266769e-07	3.14119e-06	0.00087599319	7.673640689263762e-07	9.8670746161e-12
342.8903530399304	-0.0649624987759125	0.0042201262472104	117573.79420784811	334.9438964441463	-0.8467400868733534	112187.41376518698	0.7169687747182941	218.4624279024076	-0.1395699118080529	0.0194797602821076	47725.83240501464	218.0987449010213	424.2624013649817	1.27083	21.45051	0.0417474705	0.0229803	-0.1067472792	-0.0503735034	0.0820727263	-0.1932305656	0.1760215266	0.0974213477	0.0814264073	-0.0888530253	-0.0308600747	-0.0268025983	0.0933133525	-0.0121706126	-0.020873106	0.1371054001	0.0878411522	0.0497001993	-0.012216209	0.1400983325	0.0225480528	0.0136745384	-0.1317863151	-0.0764758988	0.0653890292	0.0288539647	-0.1413305401	0.0164606338	-0.1008506754	-0.0327235037	0.1680264701	0.0782228749	-0.1072268046	-0.0863873938	-0.0401610605	-0.0389208091	0.0600835627	-0.0652402078	-0.0311111456	-0.0577924237	0.0943768057	0.0422250383	0.0799398688	0.0200539709	0.0042097674	0.0815653496	-0.027302881	-0.0521998336	-0.0437911944	0.1523632041	0.1297292648	-0.0116541916	-0.0607066688	-0.0606829834	0.1402294855	0.0422552009	-0.0770604309	-0.0569423965	0.0456037877	0.0328315119	-0.1384157426	0.1306315109	0.0230858323	0.1967374102	-0.0096858741	0.1211606255	0.0016815789	-0.0988292628	-0.0260504657	0.1565739196	-8.35771e-05	0.0029135589	-0.1283505687	-0.0963903044	-0.0710433138	-0.0779773721	-0.1132544227	0.0127507126	0.1254865688	0.05533505	-0.0593787856	-0.1380870831	0.0656839457	-0.0434227244	-0.1476755308	0.0604001389	-0.0380885179	0.0315758751	0.0440496221	0.0433153303	-0.1141402968	0.0303179009	0.068620025	0.0156386922	0.0252782527	0.1032096236	0.0498803799	-0.0144388184	-0.0573475039	-0.1022916844	0.1700810358	0.0195338644	-0.024767212	0.0457068372	0.1499443121	-0.0276732445	0.0566193997	-0.063001399	0.0027354215	-0.1278796486	-0.0705200196	0.1990505793	-0.06677837	-0.1990120442	0.0342012103	0.0716951558	-0.1435725743	0.0840189693	0.0965437246	0.032927586	0.1402130429	-0.0745217351	0.014829957	0.0660923816	-0.1427077911	0.1390682712	0.0797281406	0.051368046	0.0501706037	0.0182074599	-0.0265730199	0.0705005262	-0.0216787753	0.0580115958	0.1680785663	-0.0707571502	0.0159981741	0.084630239	0.1732232529	0.1023136022	0.0835618648	-0.0026818616	-0.0873117978	0.0292675	-0.0031191999999999	9.729408639999994e-06	0.00085658655625	0.0327018	0.0024985	6.242502250000021e-06	0.00106940772324	-0.0288317	0.0094046999999999	0.0008312669248899	8.844838208999997e-05	-0.000248024	-0.0002307876	5.326291631376e-08	6.151590457600001e-08	-0.00052137	0.0	0.0	2.718266769e-07	0.000306855	0.0003037138099999	9.224207838471608e-08	9.4159991025e-08
343.3607662708759	0.4704132309454962	0.2212886078485808	117896.61581412308	334.59101855438365	-0.3528778897626239	111951.1496972599	0.1245228050833225	218.6975443944132	0.2351164920056021	0.0552797648130203	47828.61592414633	218.32896149680727	423.6393100003261	1.166755	19.69381	0.09463275	0.0626675	-0.1069389141	-0.0617974713	0.0561565571	0.0619855718	0.0312770996	-0.009309263	0.071594807	0.1397302802	-0.0923866563	-0.1115312634	0.056053965	-0.1345042333	-0.0726471098	-0.01214098	0.0808940933	0.0960137991	0.0231571999	-0.1007541239	0.023089903	-0.0643383536	-0.0888708267	0.0136395312	0.0345518393	-0.0915174687	-0.0636008341	0.0027787606	-0.0814391773	0.093526465	0.0870643693	-0.0699358886	-0.117493232	0.0019832071	0.1259567267	-0.0948492873	-0.0497070901	-0.0401824565	0.0548577296	0.0291257765	-0.0080906133	-0.1490875436	0.1129850576	0.0525230301	-0.0957462371	-0.0460742914	0.080514794	-0.0936870169	0.0234827921	-0.0084894695	0.0818130117	0.0131798198	-0.1966014673	-0.0777381757	0.0780917301	0.0909950623	-0.0297188735	-0.1871389093	-0.0262875139	0.0405398071	0.1924579453	-0.0873839742	-0.215294727	0.0135618372	-0.1235835001	0.0577444551	-0.0005544859	-0.1244465138	-0.0323235715	-0.0868945369	0.0282660583	0.0758993827	-0.0902501971	-0.0027946995	0.0366749123	-0.0494548568	-0.087051404	-0.0226324863	0.002958989	0.1091362328	-0.0700553589	-0.0232651985	0.1868905062	-0.0784476296	0.0749254805	-0.0198249164	-0.0924826583	-0.0056817495	-0.0206113213	-0.0392270664	0.0433737415	-0.1051876496	0.1415749469	0.0972859324	0.0970724227	-0.0442625429	0.0292499527	-0.0422679878	-0.0138204841	0.0150532216	0.0666076355	-0.0348375893	-0.2162823355	0.0954695159	0.1058233457	0.0015543675	0.0703105299	-0.1952972121	0.0426261467	-0.0144691936	0.1964302685	-0.0708059773	-0.1987318038	0.0766927397	-0.144481203	0.1678864331	0.112989025	0.018360298	0.0757744205	0.0193479456	0.1664392933	-0.0573128517	-0.0638927417	0.0950734567	-0.0396821122	0.1231618223	0.0648869735	0.0011907675	0.1681410813	0.0511384694	0.1058195842	-0.0323278853	0.0399122994	-0.0087888812	-0.0415354554	-0.0295921251	-0.001829411	0.1026911783	0.1301533535	-0.0917740241	0.081623307	-0.008040184	-0.0926047444	0.0279228	-0.0013446999999999	1.8082180899999929e-06	0.00077968275984	-0.0181094	-0.0508112	0.00258177804544	0.00032795036836	-0.0393099	-0.0104782	0.00154526823801	0.00010979267524	0.00029084	0.000538864	2.903744104960001e-07	8.45879056e-08	-0.00052137	0.0	0.0	2.718266769e-07	0.000407964	0.000101109	1.0223029881000012e-08	1.6643462529600004e-07
343.6968280916776	0.3360618208017172	0.1129375474005654	118127.5096402802	336.04644028205087	1.4554217276672148	112927.21002623798	2.1182524053658205	218.85208129046256	0.1545368960493647	0.0238816522405721	47896.23348516724	218.45608684358143	427.72281311212777	1.146054	19.3444	0.1088094	0.0759045	-0.1123026819	-0.002751874	0.1027909409	-0.0584327673	0.0767674661	0.0294111667	-0.0054688166	-0.0953494058	-0.1456240156	-0.0738696941	-0.0524095877	-0.052521505	-0.106167418	-0.0212990579	-0.0493799173	-0.0308351045	0.099674538	0.0099555855	0.1882322277	0.0219561906	0.0110217316	0.0448060664	-0.0156918443	-0.0581717886	-0.0916426956	-0.1450045023	-0.0452856892	0.0094004454	-0.0543513185	0.0901515549	0.0328194461	-0.0648001053	0.0623070764	-0.043690944	-0.2332719905	-0.0458214141	0.0937981356	0.1362839087	-0.0156226163	0.1045356959	-0.0943749316	-0.0488319986	-0.022553257	0.0330593286	-0.0443408906	0.0363339627	0.041898955	0.0628139621	-0.176955581	0.0886468893	-0.0179831725	-0.0206806577	0.0625707891	-0.0923260084	-0.0616582376	-0.0670434551	-0.0844929637	-0.0393005142	0.0717540282	0.0843600438	-0.0808468892	-0.0123088666	-0.0340424936	-0.0883658176	-0.0654602226	0.0048834353	0.1180636649	0.0357257931	0.1899189706	-0.0152154574	-0.0264519514	0.0398912467	-0.0221415446	-0.0017489907	-0.1246480708	-0.1612784106	-0.0115607579	0.0576474239	-0.0357371995	0.0387194783	-0.071047376	-0.1080730385	0.0298602237	-0.1859607557	0.0105426795	0.0472592328	-0.0357161778	-0.1787586803	-0.0103795003	0.0321147187	-0.1161805535	-0.0574724497	0.0263298917	-0.0042238928	0.0155981776	0.1008295611	0.0063459171	-0.094795643	-0.1479992226	-0.0546340397	0.039341182	0.0202797281	0.1239710814	-0.0720863318	-0.0367270687	-0.057275165	-0.0249282247	-0.0290238837	0.0785969129	0.0586372909	-0.0053074591	0.0922231317	-0.0538724774	-0.0458087497	-0.1215402881	-0.0625000386	0.0497081917	0.0603644284	0.1050962649	-0.0052754039	-0.1367608741	0.1084271117	0.0461135254	-0.0096239405	0.0873969506	0.0908141389	0.074385364	0.1272982707	-0.0886419096	-0.0598153698	-0.0651466552	0.0267367348	-0.0225443396	-0.0415973787	0.0855393412	0.1834088367	-0.0671067881	-0.1206682434	0.0796436494	-0.0133823145	-0.0974781683	0.0270543	-0.0008685	7.542922500000021e-07	0.00073193514849	0.0485578	0.0666672	0.0044445155558399	0.00235785994084	-0.0353911	0.0039188	0.00125252995921	1.5356993440000002e-05	-0.00024159	-0.00053243	2.834817049e-07	5.83657281e-08	-0.000653012	-0.000131642	1.7329616164000018e-08	4.2642467214400003e-07	0.00049099	8.302599999999993e-05	6.893316675999989e-09	2.410711801e-07
343.4809250287501	-0.2159030629275093	0.04661413258148	117979.14585860586	335.7471683841188	-0.2992718979320443	112726.16107795385	0.0895636688918479	218.7837216607776	-0.0683596296849771	0.0046730389706672	47866.3168637406	218.4479951377142	426.4627744698434	1.073767	18.124247	0.12490375	0.0843321999999999	-0.0789036795	-0.005212035	0.0899306279	0.0446682247	-0.0537539323	-0.0531737428	0.1819992532	0.0418434809	-0.0752651309	0.0130865516	-0.0312711687	0.0785030059	0.0027223193	-0.1276745796	-0.037556445	0.0866085674	-0.0560123391	-0.0869198746	0.1658616418	0.0828285563	-0.0019583688	-0.0906766372	0.109364854	0.0198949744	-0.0498304084	0.0958687531	-0.0075682015	-0.0350407344	-0.0770609716	-0.0404492857	-0.029300519	-0.0341654142	0.0124126988	-0.0052544382	0.0211967195	0.1809431467	0.1126457686	-0.0416320647	-0.0450687291	0.1161789733	0.1617583368	-0.0242402229	0.0369187456	0.0618023532	-0.0604378067	0.1084898988	-0.0482989011	-0.0092123626	0.0946213446	0.125766766	0.0520981114	-0.0471478898	-0.061096243	-0.1905320891	0.0382845361	0.0617849562	-0.0513037737	-0.1120662041	-0.1186009396	0.050894674	-0.0175438284	0.0250632825	-0.0582172977	0.0542439595	-0.0568041078	-0.0076807718	-0.090602784	-0.0847865124	0.1614107357	-0.0883026488	-0.0056722286	-0.0943130004	-0.0134031538	-0.1059369106	-0.0386585042	0.1160269872	0.0037415303	-0.015078445	0.0505336103	0.080401089	0.0067881028	-0.0558906617	-0.0370644759	-0.0128135452	0.0120968274	-0.1790152243	-0.1216628974	0.0024713954	-0.0062651611	0.174422799	0.0917184621	0.0587186395	-0.0452619548	0.0548557214	-0.0350770248	0.0650855408	-0.000316212	-0.0126061429	0.0866884751	-0.1412961434	0.1088982968	-0.055125449	-0.0478304746	-0.1837098104	-0.1356700988	0.0866541307	-0.1084668015	0.0188159227	-0.0828050569	0.0787205897	0.026193022	0.0134687219	-0.0626739994	0.0035425051	0.0748437063	0.0784939595	0.0909567029	0.0342497643	0.0702047615	0.0458909477	-0.1518408166	-0.0273660926	-2.58949e-05	-0.1021601626	0.1073466757	3.67646e-05	0.0547654703	0.103717973	-0.0606270861	-0.000762612	0.0522278063	0.0861440787	0.1520227626	-0.040578464	-0.0132410061	0.0373628038	-0.003379406	-0.0005339649	0.0776238888	-0.0186974948	-0.1019099918	0.032903	0.0058487	3.420729169000002e-05	0.001082607409	-0.0272502	-0.075808	0.005746852864	0.0007425734000399	-0.0403356	-0.0049444999999999	0.0016269606273599	2.444808024999997e-05	0.000262893	0.000504483	2.5450309728900004e-07	6.911272944899999e-08	-0.000575579	7.743300000000002e-05	5.9958694890000035e-09	3.31291185241e-07	0.000306855	-0.0001841349999999	3.390569822499999e-08	9.4159991025e-08
342.99157588942205	-0.4893491393280555	0.2394625801611087	117643.22113110917	335.43579353695424	-0.3113748471645863	112517.1715857662	0.0969542954467694	218.3041709422136	-0.4795507185639849	0.2299688916752342	47656.71105076722	217.98065584001088	424.45821171188976	1.052276	17.761507	0.0906678249999999	0.0655293	-0.0307506549	-0.0105405017	0.0673383449	0.1175498747	-0.0777390972	-0.0640144157	-0.0599941398	0.0032614191	-0.1025990851	0.0084643892	0.0408055611	0.0448493921	0.0184637546	0.0075560643	-0.1429075016	0.0066226782	0.0627318297	-0.0428396226	-0.0837850901	0.0875718617	0.0007775637	-0.1397383768	0.1180712551	-0.0599005341	-0.0472836558	0.0823439026	-0.0571567015	0.0427390961	-0.0036740635	-0.0025388559	0.0494114591	-0.0758301778	-0.067215958	-0.0694843698	0.0714540285	-0.1159923355	0.1345705097	0.0007828761	0.0714137502	0.0222369618	-0.1030767511	0.1343289531	-0.1291224856	0.0374679751	-0.0292296602	0.1295003104	-0.0835375915	0.0129996144	0.0325952494	-0.0031195547	-0.0562285333	0.0286597781	0.0289103539	0.0544007927	-0.0599486327	3.68125e-05	-0.0348834971	0.0382526837	0.0306602015	-0.0265737572	-0.0151677672	-0.0763702679	0.0097229104	-0.0635683945	-0.0988289865	0.065413379	0.0588226141	-0.0830964674	-0.0888623142	-0.0913226113	0.0007197538	-0.1457054825	0.0318338326	-0.1139894848	-0.0612932079	0.0688267418	0.0117519844	0.0789305256	0.0302270447	-0.027314853	-0.0411624375	-0.068563227	-0.0299689476	0.1577797645	-0.0775370636	0.088311262	-0.0726992751	-0.1027103014	-0.0349795199	-0.02857451	-0.1206651788	0.0489813384	0.0981692438	0.0963964368	-0.1146868448	0.0559269046	0.0960021787	-0.0150424789	0.0634496485	0.0129683655	-0.0902060284	-0.0221429737	0.0292866048	0.0201932266	0.0558940597	0.0454973533	0.0044262721	-0.0082966333	0.0375212287	-0.0568248911	0.0232168794	0.0603310164	0.0162102986	-0.0291972082	0.0477759455	-0.1323285148	0.0508178511	0.0482339341	0.0834501856	0.0922734258	-0.106945197	-0.0685773122	-0.0734287812	-0.0471196523	0.0501432057	0.0540499983	0.0093198609	0.0958187389	0.1040292073	-0.0162090103	0.1273313553	0.0793067879	0.0592616894	-0.0760646203	-0.040891332	0.1052719591	-0.1374618018	-0.0041478636	0.0755650422	-0.0239750208	-0.1058801375	0.0361573	0.0032543	1.059046849000001e-05	0.00130735034329	0.0337089	0.0609591	0.00371601187281	0.00113628993921	-0.0392694	0.0010661999999999	0.00154208577636	1.136782439999992e-06	-4.67275e-05	-0.0003096205	9.586485402025e-08	2.18345925625e-09	-0.000644889	-6.931000000000005e-05	4.803876100000007e-09	4.158818223210001e-07	0.000435689	0.000128834	1.6598199556000008e-08	1.8982490472100002e-07
343.0372519344912	0.0456760450691717	0.002086301093161	117674.5562147676	334.5887447191199	-0.8470488178343203	111949.6280927164	0.7174916997945195	218.425411126767	0.1212401845533861	0.0146991823505391	47709.66022589718	218.10184578668503	424.6161683675852	1.138905	19.223722	0.0538765049999999	0.0331411	0.0216742904	-0.0020803445	0.0840230858	-0.0751461459	-0.0100783547	-0.0600196642	0.0690077375	-0.0930175706	0.04162779	0.0634043569	0.0473451333	0.0669717155	0.0119104317	-0.093494275	-0.0797184277	0.0534427641	-0.1148619327	0.0795344753	-0.0001965473	0.0836886636	-0.0724397049	-0.0104770544	0.0892583658	-0.1272912562	-0.0008270921	0.0450204547	0.1162040115	0.0019580593	-0.0279007055	0.0652965459	0.0598115255	-0.024495149	0.0877065051	0.0086636284	0.0624887429	-0.0087019451	-0.0265321431	0.0248268418	-0.0838877462	-0.0981920654	-0.0426403102	0.05913785	0.0681033304	0.1047244743	0.0322204141	-0.095937174	0.0172788966	-0.1328422047	0.0194087785	-0.0259083579	-0.1280134771	-0.1906971708	0.0604089229	-0.1055159806	-0.0402500693	0.0369397238	-0.1383735259	0.0988326083	-0.0518264265	0.0589020728	-0.0292404639	0.1316356554	0.0899767522	0.0567927937	-0.0592994865	0.0658600805	-0.1216356079	0.0705318392	-0.0204216402	-0.0806325412	-0.0499678009	-0.0466438902	0.1368926012	-0.0862189182	-0.0412982517	0.0590011507	-0.0740055159	-0.0914106062	-0.0534342412	0.0101360888	-0.0808128218	-0.064219578	0.0483423391	0.0570337077	0.0376322842	0.0018242023	0.0505609264	0.0306228804	0.115532741	-0.1012217445	0.0128798442	-0.0047747862	-0.056752641	0.0889489076	0.0795335337	-0.0323096557	-0.0611347255	0.1415964148	-0.0114828633	-0.004523985	-0.0885428826	0.1592602988	0.1003172014	-0.1712946006	-0.056525261	0.067762457	-0.0927212974	-0.1053997148	0.1087480736	0.0547353496	-0.0492372681	-0.1005081039	0.0520837344	-0.0780748423	-0.05112715	0.1190243346	0.032484168	0.0187872217	0.072555037	0.1221937977	-0.0714058296	-0.1067425808	-0.0311313501	-0.047717414	0.0676273816	0.0172866255	0.0233288913	0.0187434421	0.0683545699	-0.0862218703	0.1065407247	0.0827313762	0.0860422959	-0.1107298481	-0.0587998196	0.0438266091	-0.1347395171	0.0497011067	0.0734681463	-0.0292042644	-0.1093706198	0.0373541	0.0011967999999999	1.432330239999995e-06	0.00139532878681	0.00494392	-0.02876498	0.0008274240744003	2.44423449664e-05	-0.0335127	0.0057567	0.00112310106129	3.313959489000004e-05	0.000200707	0.0002474345	6.122383179025e-08	4.0283299849e-08	-0.0007209789999999	-7.608999999989994e-05	5.789688099984773e-09	5.198107184408558e-07	0.000475325	3.963600000000001e-05	1.571012496000001e-09	2.25933855625e-07
343.3557780420009	0.3185261075096832	0.1014588811652702	117893.1903148278	334.8936347848898	0.3048900657698823	112153.74661943514	0.0929579522051631	218.44953060150144	0.0241194747344479	0.0005817490614656	47720.19742001631	218.1286675979977	425.3277261049346	1.113039	18.787128	0.03662345	0.0258808	0.0718294838	0.0308344744	-0.0437722946	0.1143688811	-0.1350831432	-0.0968702285	-0.028958128	0.0474133982	0.0340983598	0.0550094488	0.0362690353	-0.0457325134	-0.0260555493	-0.0304902968	-0.100914005	-0.0467283309	-0.041388779	-0.1258617174	-0.0843805278	0.0667053671	-0.1442436072	-0.1026123133	0.0127763514	0.0591849567	-0.0145772214	0.1823553042	0.0929238546	0.1158404105	0.0777706349	-0.0896347895	-0.0811172886	-0.0089769777	-0.0227985205	-0.0691267663	0.1081035751	0.1678669939	0.0389935463	0.0555407227	-0.0891246807	0.0350472512	-0.1684968436	-0.0482995557	0.1239887442	-0.0648365042	-0.0221519262	-0.0430635388	0.0466896168	-0.0065153758	0.1744534533	0.0368257526	-0.1741680124	0.0869342348	-0.0016528739	0.0998952857	0.0861553926	0.0151819193	0.1049913843	0.0498983073	0.0760816229	0.0937003863	0.1039231979	0.0830884259	0.1780064246	-0.0399741191	-0.0064947271	0.1150301449	-0.0197333971	-0.1255208592	-0.0736593762	-0.0280812584	-0.149256975	-0.1155850857	-0.027028762	-0.0038500327	0.0406601886	0.1790154824	-0.1183312681	-0.0190261794	-0.0075756168	-0.083514978	0.1221224692	-0.0385370249	-0.0692915976	0.0640234272	-0.0624532055	-0.1788689919	-0.0294296008	-0.0124977551	0.0872595659	0.0002825522	-0.1223280245	-0.1081838535	-0.1281955153	-0.0679969782	0.0577431188	0.0145881964	-0.0766034954	0.0277887599	0.0987688506	-0.0338008678	-0.2385486308	0.0025798509	-0.0909805656	0.1401802895	-0.0215688715	-0.0247559571	0.1210618693	0.055791262	-0.0016148753	0.0584799554	-0.0022945204	-0.1155590838	0.1457500431	-0.1237601756	0.1065629375	-0.0086372378	0.0096627693	0.0093101166	0.0490354826	0.1608958723	0.0076146732	-0.0944598934	0.0091431843	0.0687300272	-0.0428507357	0.0906597797	-0.0243565967	-0.0959034912	0.0973037674	-0.1125088803	0.0188732851	-0.0128607326	0.0836473171	-0.1679198358	0.0287503007	0.0182335327	-0.079472631	-0.1399045942	0.0713342571	-0.0343746944	-0.1123656258	0.0399229	0.0025687999999999	6.59873343999998e-06	0.0015938379444099	0.00248567	-0.00245825	6.042993062499999e-06	6.178555348900001e-06	-0.0425316	-0.0090189	0.00180893699856	8.134055721000005e-05	0.000623414	0.000422707	1.78681207849e-07	3.88645015396e-07	-0.000695145	2.5833999999900006e-05	6.673955559948334e-10	4.83226571025e-07	0.000472316	-3.0089999999999978e-06	9.054080999999986e-12	2.2308240385600005e-07
343.1409501308128	-0.2148279111880811	0.046151031425434	117745.71165667695	334.6267835932144	-0.2668511916754141	111975.08429793992	0.0712095584985886	218.57227950347087	0.1227489019694871	0.0150672929347147	47773.84136734342	218.21223311878387	423.90984511155983	1.138562	19.217943	0.09177413	0.0567865	0.0977959737	0.0270458452	-0.1047336503	-0.0703231677	-0.0566797356	0.0377621242	-0.1667668249	-0.0730347722	0.0785693592	-0.0172443849	-0.0406107082	0.0773898787	-0.1374823544	-0.0550144179	-0.0068289547	-0.1382842142	0.0617186015	0.0157173798	0.0312628152	0.137771344	-0.008336706	0.0848509636	0.092223115	0.0432006723	0.0948426375	0.1170918931	0.0234493572	0.1308440534	-0.1137900171	-0.0505995627	0.0712690232	-0.0290419401	0.0931047275	-0.0335697568	0.0327054148	-0.0845197777	-0.0193654111	-0.0012089131	-0.0463453738	-0.1321246658	-0.0228881958	-0.1916593316	0.1315292301	0.0253049124	0.0128969206	0.0441654523	-0.0807912237	-0.0072369216	-0.0191880626	0.0390417938	-0.0333713814	-0.2439178403	-0.0619564369	0.115679868	-0.0478277536	0.0263980513	-0.0650994938	-0.0052830755	-0.1038571615	0.0198434106	-3.26425e-05	-0.0814099795	-0.0399644887	0.1086065536	0.0703903652	0.0811936084	0.1136849661	0.015049518	0.0271428769	-0.1354411466	-0.0372855724	0.0943503328	-0.004185097	-0.0712364197	0.0902482555	0.1055894558	-0.1663151474	0.0553359853	0.0311774211	0.0756860381	-0.0113719174	-0.1039920096	0.0853372942	0.0285378782	-0.0127273473	0.0332731662	0.0694346502	-0.0195357389	0.0039521827	-0.0575785575	0.1333888834	-0.2112022162	-0.1373244483	0.0201529468	-0.0608211442	-0.0311720133	0.0249469042	-0.0282085008	0.0013992486	-0.0359788572	-0.0268661793	0.1694829145	-0.0231253649	-0.1010859435	0.1699365289	0.0563516857	-0.1269296085	-0.0044467753	0.0023887676	0.0034850475	0.0092449387	0.0206829633	0.1117227077	0.1145878502	-0.1015759698	-0.0630509849	-0.0205637863	0.0411423453	0.0461640008	0.060727862	0.1142401015	-0.0784385742	0.2045094513	-0.0138558631	-0.0960570703	0.1166629576	-0.0039447858	-0.1486561542	-0.0461493517	0.0154970077	0.0591210968	0.0148343039	0.1974382507	0.003810234	-0.024794227	0.0169397143	-0.1137657042	0.0400765508	0.0691644489	-0.0394758984	-0.1148515874	0.0441022	0.0041793	1.7466548490000033e-05	0.00194500404484	0.0514188	0.04893313	0.0023944512115969	0.00264389299344	-0.0352285	0.0073031	0.00124104721225	5.333526961e-05	0.000281948	-0.0003414659999999	1.1659902915599997e-07	7.9494674704e-08	-0.000640543	5.460199999999995e-05	2.981378403999994e-09	4.102953348490001e-07	0.00070342	0.0002311039999999	5.3409058815999973e-08	4.947996963999999e-07
342.87689954954624	-0.2640505812665878	0.0697227094672229	117564.56824470962	334.32445824673744	-0.3023253464769482	111772.84338197448	0.0914006151224067	218.6035772262261	0.0312977227551698	0.0009795474496594	47787.5239761026	218.2971132169451	418.7942412757977	1.124816	18.985918	0.07399813	0.0600675	0.1156377991	-0.0106230767	-0.0807138045	-0.0140615085	-0.0223313943	0.0404889204	0.0317790454	0.0898809376	0.2123982116	-0.0050464431	-0.0776273423	0.0437911753	0.0220544957	-0.0101585078	0.1637992906	0.0148778905	-0.0284143014	-0.0535955399	-0.0745893206	0.0974393704	0.0687375663	0.0099801331	0.0588846734	-0.007801021	0.0676983063	0.0119451816	-0.1176447629	0.1688992687	0.0610787052	-0.115330198	0.1078972872	-0.0536625023	-0.0774542065	0.1098105332	-0.1392911873	-0.1409713536	0.0094994811	-0.0065965349	-0.0631215134	0.1356001752	0.0087193467	-0.0362639284	-0.0734872319	0.0016582277	0.0806887131	-0.0817452909	-0.0338276419	0.0246988616	0.1247876317	0.1127637644	0.0369000195	0.0014489282	-0.0749694339	-0.0162934092	0.0887935061	0.0218767137	0.1662229555	-0.001405938	0.0422205401	0.0090495393	0.0468040574	0.0651959962	0.1927719748	0.1790825864	0.1457643984	-0.0855519341	-0.0607134252	-0.0412420474	-0.0593948656	-0.0999782899	0.0634765879	0.0337358116	0.0273357526	-0.0546450382	0.0602044025	0.011751979	-0.0598278636	0.1515674159	0.140843639	-0.1250140489	0.0550248217	-0.0164757103	0.0594970076	-0.0616104871	0.0883670943	0.175469445	-0.0024885615	-0.1248334368	0.0102171012	0.144811198	-0.0346556478	-0.0055840732	0.1114456326	-0.0342182403	0.0591333408	-0.0862719916	-0.0431335143	-0.0213848948	0.1048734706	-0.1050318345	0.0116646309	0.0002230462	-0.1125529316	-0.014195457	-0.02471924	-0.042375232	0.090513075	0.1132397111	-0.0569457989	-0.0076737607	-0.0840594947	-0.0903649478	0.1703676769	-0.0097134238	0.065545029	0.0748294241	-0.0437371805	-0.0482650472	0.025081447	-0.0216734901	0.1448733996	-0.0769246991	0.147058134	-0.1363112218	-0.0539201727	0.0982205773	0.1048320552	-0.0985921082	0.0175179885	-0.0440702751	0.1017657954	0.0740243245	0.0159313767	-0.006834125	0.0009603131	0.1310945503	0.0207314097	0.0848090786	0.0669598143	-0.0444976032	-0.1168172427	0.0424913	-0.0016108999999999	2.594998809999995e-06	0.00180551057569	-0.00771768	-0.05913648	0.0034971232667903	5.95625845824e-05	-0.0316904	0.0035381	0.00100428145216	1.2518151610000016e-05	0.000357028	7.507999999999999e-05	5.637006399999999e-09	1.27468992784e-07	-0.00052137	0.000119173	1.4202203929000022e-08	2.718266769e-07	0.00070342	0.0	0.0	4.947996963999999e-07
342.9122502254121	0.0353506758658568	0.0012496702841728	117588.81135465564	333.6954100575067	-0.6290481892307298	111352.62669344754	0.39570162437446	218.42018755788223	-0.1833896683438638	0.0336317704552723	47707.37833282045	218.11193123499552	421.927847006157	1.020624	17.227242	0.099751555	0.0670268	0.095321085	0.0304724356	-0.0683010539	0.0462510386	0.0160061789	0.0513212362	-0.1221939222	0.0755973234	0.06179277	-0.0175418214	-0.0233011601	0.0561060387	0.1905212844	-0.012760636	0.0958375144	-0.0467553392	0.1265476219	-0.0228635212	-0.0933091484	0.0022757517	0.1099785054	-0.0532936668	0.0691457137	-0.2069052816	-0.0118242471	-0.0161655463	-0.1204844681	0.0733207676	0.0833044313	-0.0148199945	0.0005130947	-0.0505722389	0.1704499529	0.0118345075	-0.1105376263	-0.1349671849	-0.0141768364	-0.1795998123	-0.0550676305	0.046907815	0.0090815225	-0.027590754	0.1277176455	0.0104041517	-0.0402883611	-0.033776177	0.0427751309	0.0192705073	0.1404131244	0.0156314923	0.013610397	0.1031980324	-0.0075191381	-0.0483660169	-0.0060939841	-0.0479340731	0.0085819455	0.115792955	-0.1284890173	0.0739979514	-0.0002934641	0.0682488213	-0.1248520676	-0.0715646568	0.0864745601	-0.0694925723	0.1243054424	-0.0367940409	-0.0873241419	-0.0243114502	0.1292931457	-0.0458424755	0.1257948161	-0.0787519015	-0.0948176258	-0.0477790841	0.0488317263	0.1408012313	-0.0376098781	-0.0449743348	0.1039926167	-0.1210875749	0.1443538931	-0.026701102	0.0296132858	0.2072022461	-0.014917697	0.0864420314	0.0563125772	0.0823135864	0.0412348568	-0.0288397672	-0.1201284082	0.0052871214	0.0909151295	0.0200541158	-0.0820879277	-0.011573487	0.1024130521	-0.0315762658	0.0110109674	-0.0990183699	-0.0442077609	0.0170603008	-0.0671451498	0.0118773618	0.0435921358	-0.144137624	-0.0544013332	0.0994106593	-0.0112734625	-0.0659270251	-0.0565810913	0.0068481321	0.024432598	-0.1132820201	-0.0493792229	-0.0606561263	0.0015302509	-0.0128285777	0.1484093634	-0.0174210259	-0.0092038526	-0.1511938104	-0.048831408	0.1222841798	0.1038031311	0.0281946221	0.1214172722	-0.016592228	0.0008728737	0.1440968274	-0.0845650651	-0.0049669432	0.0565460347	-0.0431768401	-0.0149273078	0.0132164038	0.0647214634	-0.0494296957	-0.1182536866	0.0461357	0.0036443999999999	1.3281651359999992e-05	0.00212850281449	0.0512797	0.0589973799999999	0.0034806908468643	0.0026296076320899	-0.0264824	0.005208	0.00070131750976	2.712326400000001e-05	-8.28205e-05	-0.0004398485	1.9346670295225e-07	6.859235220250001e-09	-0.000719557	-0.000198187	3.927808696900002e-08	5.17762276249e-07	0.00070342	0.0	0.0	4.947996963999999e-07
343.4148178831285	0.5025676577163836	0.2525742505825321	117933.7371417023	335.0316400577185	1.336230000211799	112246.19983976464	1.7855106134660246	218.3531509923656	-0.0670365655166165	0.0044939011162636	47678.098548294816	218.01843073163712	426.2441353206707	1.16412	19.649328	0.097169175	0.0575809	0.0381603973	0.0835750415	-0.0074375527	-0.1603082803	0.1206970336	0.0983263395	0.0511468413	-0.0679403529	0.0990494126	0.0467141232	-0.0724317446	-0.0692805847	0.1259417085	0.1493430353	0.0915686893	-0.0512601588	-0.0502178867	0.149924271	-0.0888492698	-0.0234616933	-0.0555356116	-0.0402621943	0.0381076572	-0.1825800646	0.0135194301	-0.0859869174	0.0868227476	-0.019593282	-0.1254433211	0.0631417239	-0.1445445512	-0.0246057134	-0.0506160575	0.0858096512	0.1280541201	-0.0668183686	0.0119007789	0.001823977	0.0172993818	0.045294658	-0.0971722162	-0.004340407	0.0398787634	-0.0469787094	0.0256498905	0.0608183718	-0.0901572679	-0.0469205474	-0.019149208	0.0460227277	-0.057017707	0.0645057326	-0.1193742396	-0.2000086005	0.1079130783	0.0404261363	0.083934712	0.1008910036	0.1166105984	-0.0466582485	0.0250249598	0.0791958057	-0.0352877795	-0.0229219938	0.0818347549	-0.0147325805	-0.0194024389	0.1744810514	-0.0877712197	0.0409313792	-0.0029255849	-0.0634546051	0.1866633205	-0.0575755709	-0.0447730458	-0.1022692676	-0.0381580044	-0.0361332555	-0.0752382342	0.113516685	-0.0098412937	0.0485551736	-0.1395413916	0.115531496	0.0639505914	0.02081935	0.0020676961	-0.0074572774	-0.0348135979	-0.0053632234	-0.1001976942	-0.0277924719	-0.0630679925	-0.0567696697	-0.0702397812	-0.0472551328	0.0498073953	-0.0097984115	-0.0626816335	-0.0698420659	-0.0259807024	-0.0481638982	-0.1227137115	-0.1114528437	-0.1984910742	0.0041749248	0.1700060565	0.0539035757	0.0649087098	-0.0129082642	-0.0395823583	-0.1236362644	-0.030948488	0.0245150735	-0.0621307313	0.1229037599	0.0149696622	0.0312040637	0.0594445843	0.0339965245	0.1649581211	0.065488765	-0.0249405032	-0.1346140016	0.0031982166	0.1104788235	0.1190608459	0.0409412662	0.059594791	-0.0334923991	0.024691479	0.1525395353	-0.1283668555	0.0032876801	0.0971595674	-0.0228565577	0.0648281473	0.0850726143	0.0624505233	-0.0542622434	-0.1191544118	0.0391962	-0.0069395	4.8156660250000016e-05	0.00153634209444	0.00331475	-0.04796495	0.0023006364285025	1.09875675625e-05	-0.0298858	-0.0034034	0.00089316104164	1.1583131560000006e-05	0.000207629	0.0002904495	8.436091205025e-08	4.3109801641e-08	-0.000812717	-9.316e-05	8.678785600000002e-09	6.60508922089e-07	0.000309803	-0.0003936169999999	1.5493434268899997e-07	9.5977898809e-08
344.0745686814772	0.659750798348739	0.4352711159217984	118387.3088133446	335.975765203656	0.9441251459375052	112879.7148041822	0.8913722911915156	218.6584438970912	0.3052929047255759	0.0932037576757795	47811.51508749738	218.30367510296048	433.5218808153997	1.117667	18.865248	0.031941165	0.0154146	-0.0272427101	0.1109004509	-0.0768991806	0.0595907248	0.0059939908	0.1066439035	0.0523044291	0.0842999967	-0.0070329876	0.0528686995	-0.0589646453	-0.1592720923	0.1732259327	0.0249238183	0.0797764326	-0.0283980368	-0.009298337	-0.0526032774	-0.0580693197	-0.1018952233	0.1274094115	0.0072635212	0.0150294949	-0.1140205893	-0.0151333182	-0.106628886	0.0957702439	0.0042151532	-0.1229706142	0.0014263169	-0.1022810997	0.0042531306	-0.0632340736	-0.0182169874	0.113287437	-0.119426691	-0.1088248033	0.1704611875	-0.0772321114	0.0867861614	0.1816640528	-0.0402401959	-0.0629624001	0.0470364912	0.1061308588	-0.0400804352	-0.0565262697	-0.0656381817	-0.0515681957	-0.0052310176	0.0158702356	0.0155520696	-0.086673156	0.0192216647	0.1034607844	-0.021136809	-0.0952879333	0.0500243516	0.0427974611	-0.0506502428	-0.0593075113	-0.0205486757	-0.0110635421	-0.0948273393	0.0864695405	-0.0325549318	0.0080054355	-0.0330537861	-0.0348209673	0.100124065	0.1552751926	0.0049203478	0.1046702618	-0.0185302899	-0.0404378107	-0.1254314341	-0.0869075311	-0.0575955119	-0.0603990657	0.1316475226	0.0245069635	0.0369907085	-0.0954089678	0.0441850011	-0.0125116341	-0.0184577136	0.233236773	-0.1571480035	-0.0093230208	0.095296597	0.0936339732	0.0820584765	0.0956851487	-0.0112597081	-0.017783714	-0.1273114175	0.0308291208	0.0469255861	-0.0814021957	-0.0419018528	0.0088597199	0.0228527849	-0.1306360105	0.0397674431	-0.0394086186	-0.0361237879	-0.0221985299	-0.0529663554	0.1014239739	-0.0114602553	-0.0052243607	0.0124156226	-0.0829113527	-0.0056567834	0.1121684582	0.0042119535	0.0447760219	0.0309568442	-0.0070655601	-0.0672271884	0.1340642639	0.1168707383	-0.0655092796	-0.1544589741	-0.008208545	0.153713643	0.1231360852	0.1570259424	0.0433465769	-0.0424722676	0.0225098163	-0.003478684	-0.1616867097	0.0438693632	0.1233722796	-0.0199318873	-0.0704257167	-0.0476624415	0.0601481375	-0.0589855141	-0.1195153378	0.0327364	-0.0064598	4.172901604000002e-05	0.00107167188496	0.0012749	-0.00203985	4.160988022500001e-06	1.62537001e-06	-0.0402812	-0.0103954	0.00162257507344	0.00010806434116	-1.13253e-05	-0.0002189543	4.7940985488490006e-08	1.2826242009e-10	-0.000838764	-2.6046999999999963e-05	6.78446208999998e-10	7.03525047696e-07	0.000293882	-1.5921000000000012e-05	2.5347824100000036e-10	8.636662992399998e-08
344.21906815661185	0.1444994751346371	0.0208800983141856	118486.7668826062	336.3009897277067	0.3252245240506681	113098.35569183508	0.1057709910439836	218.81182462476616	0.1533807276749712	0.0235256476221036	47878.61459561942	218.4660189446949	436.62138731852696	1.168832	19.728861	0.04680614	0.0265753	-0.0954989699	0.1050082777	-0.0609938415	-0.0523318416	0.1162576304	0.166512448	-0.0381862111	-0.0262186769	-0.1254699265	-0.0159426292	-0.0111990749	-0.145272551	0.0639871617	-0.0391559771	0.0636714122	-0.056571087	0.1262488569	0.0644820031	0.1323143022	-0.1973365402	-0.0738534683	-0.1457954593	-0.051000485	0.0134573111	-0.0302747021	-0.1293958729	0.1172295253	0.0635640958	-0.1224831943	0.006859298	-0.0366531194	0.0643814064	-0.0858176966	-0.0298700635	-0.0629258037	0.2034888272	0.0614125976	0.0130372185	-0.0568047502	-0.0787739998	-0.006401576	0.1654341423	0.0877657552	0.059392286	-0.095112424	-0.103142905	-0.035302865	0.0840252191	0.1531383704	0.0549492028	0.1330823203	-0.0435261026	0.0753295775	-0.1231281491	-0.0063193774	0.0034717523	0.0375593876	0.0091201268	0.0433977263	0.0295681472	0.0851439671	-0.001454478	0.0180433424	-0.0351053132	0.0205318905	-0.0644071677	0.1503400007	0.0894903219	0.1130352165	0.1936849984	-0.0278310168	-0.1647302328	-0.0142424113	0.032783006	-0.0054727401	-0.0746649714	-0.1349644305	-0.0523742624	0.0533404426	0.0689898198	-0.0222495585	0.1124737573	-0.0807064531	-0.1184741554	-0.0065261368	-0.1355016414	-0.1170663606	0.0498164121	0.1340267166	-0.0855259452	-0.0409612451	0.1275916383	-0.0685317876	0.1474024375	0.0170442399	-0.0040150154	-0.1450083278	-0.0463547296	0.1676491786	-0.0531036899	0.1302815948	0.0050687728	0.0485148658	-0.0343319136	-0.0739408934	-0.023397662	0.0901899376	0.0062419309	-0.0041110368	0.0101521319	0.0609934689	-0.0135233218	0.0445769028	-0.0453860318	-0.0447888639	-0.0902532302	0.0968093463	0.1267544221	0.1495464724	-0.0334581584	0.0858232281	0.1227970472	-0.1600688291	-0.0212820369	-0.0737950546	-0.0264446089	0.0330558037	0.0743411178	-0.0139611766	0.0189376291	-0.0032052303	-0.0332559865	0.0709635916	0.0104429298	0.0870198881	0.0238107416	-0.0834279208	-0.0063599593	0.0578154653	-0.0635899959	-0.1193348294	0.0389883	0.0062518999999999	3.908625360999997e-05	0.0015200875368899	0.0218969	0.020622	0.000425266884	0.00047947422961	-0.0431928	-0.0029116	0.00186561797184	8.477414560000001e-06	-4.88781e-05	-3.75528e-05	1.4102127878400003e-09	2.38906865961e-09	-0.000785904	5.285999999999995e-05	2.794179599999995e-09	6.17645097216e-07	0.000543882	0.00025	6.25e-08	2.95807629924e-07
344.1723034731345	-0.0467646834773631	0.0021869356207379	118454.5744780034	336.1229760330335	-0.1780136946731545	112978.65501730324	0.031688875491187	218.7350254802444	-0.0767991445217717	0.0058981085992759	47845.01137184316	218.3865405436925	434.7144496186592	1.151725	19.440117	0.048415505	0.0246394	-0.1144471382	0.0563655156	-0.0384558401	-0.0824652965	0.1016984685	0.0755318594	0.2002658293	0.0178141143	-0.055572532	-0.0308634588	-0.084026349	-0.0550707982	-0.0518292637	0.068448121	0.0806228777	0.0568145265	-0.0776582171	-0.0335306909	0.1384640634	-0.0756880415	-0.046009194	-0.0953821433	0.1291581835	0.0804389577	0.0716222438	-0.0293499113	0.0101577158	0.0761265702	-0.0084448143	0.0031594045	-0.0121625677	-0.0443269943	-0.0076003202	0.0062967336	-0.0002086374	0.1266851876	0.1185836339	-0.0430885572	-0.0484767949	0.0152326964	-0.1486225457	-0.1050045958	0.066162966	0.0317673605	0.086528641	0.0490330052	-0.0270685947	-0.1107128647	-0.0437223334	0.0858078767	-0.0465993631	0.0915464683	-0.0414800139	0.0147903967	-0.0402219244	-0.0506665176	-0.0439750077	-0.065109059	0.0924997479	0.0749494989	-0.0581256196	0.1068653231	0.1417644489	0.1370959839	0.0280740238	-0.078438701	-0.0910840615	0.007524107	0.1482651053	0.0845740718	-0.0395545501	-0.0876336867	-0.0879398325	-0.1339298071	0.080763166	-0.0385202496	-0.0832877426	0.0393325772	0.0308094031	-0.0200520116	0.0002355625	-0.0643007058	-0.0411623503	0.0029481391	0.0187766121	-0.0850790155	-0.1476705227	0.0104359262	0.0564167567	0.0072947489	-0.0830866348	-0.1871304721	-0.0767384053	-0.0020061351	0.0017141069	-0.0419379311	0.0515505199	0.0670611403	-0.0787985104	-0.0723516879	-0.0771609777	-0.1121360419	-0.0010793383	-0.0517526773	0.0191222685	-0.0991315253	-0.059119518	0.0741968623	0.0542327113	0.054331784	-0.0555834243	-0.0361391085	0.0587641875	-0.0750437102	-0.0095112734	0.1016743553	0.0908522557	0.0296425514	0.0356900852	-0.0770148051	-0.0873490158	0.2288943764	-0.0260115295	0.0474464495	-0.0137316328	0.0482978056	-0.1308214351	-0.0228563831	0.037069753	0.0136209261	0.0741906494	0.0411901606	0.0384225361	-0.0297120998	0.0195919264	0.0424073983	0.001542267	-0.0496280109	0.0554536812	-0.0680664159	-0.1186137044	0.045857	0.0068687	4.717903969000008e-05	0.002102864449	0.0057812	-0.0161157	0.00025971578649	3.3422273440000005e-05	-0.0482066	-0.0050137999999999	0.00232387628356	2.5138190439999987e-05	0.000180958	0.0002298361	5.2824632863210006e-08	3.2745797764e-08	-0.000964414	-0.00017851	3.18658201e-08	9.30094363396e-07	0.000543882	0.0	0.0	2.95807629924e-07
343.8464564181778	-0.3258470549566823	0.1061763032239431	118230.38559133784	336.95818546177014	0.8352094287366185	113540.81874968868	0.6975747898505487	218.82094390304	0.0859184227956006	0.0073819753756835	47882.605490617374	218.45982003984	432.2729791766189	1.063955	17.958637	0.01843821	0.0105693	-0.0956965129	0.0381659687	-0.0648388175	0.0455473228	-0.0021694334	-0.0020527208	0.0385386319	0.0376852056	-0.1923879479	0.0351455422	-0.0742869294	-0.0681808031	-0.0338676064	0.1351124258	-0.0601024677	0.0782018115	0.0371628471	-0.12419538	0.1424711209	-0.0044743453	-0.0560257634	-0.0308471516	0.0225041023	0.0564258256	0.0057163089	0.0598711585	-0.0746519306	-0.0349643485	-0.0989622179	-0.0377902765	0.1509976515	0.0220734946	-0.1223377195	0.1165055936	0.0491728971	-0.0544871318	-0.0457972955	-0.2163926793	-0.0182456777	-0.0305143476	0.0677550164	0.046682859	-0.071124311	-0.0733171185	0.0362631892	0.001695574	-0.0910403332	-0.0974139652	-0.1639400861	0.2087759784	-0.1135903557	-0.0722743211	0.1267864533	0.1262294064	-0.0294593012	0.1204192531	0.0818266794	0.0085712546	0.0471228164	-0.0170234644	0.0034325616	0.0994902361	-0.1582493718	-0.1130742	-0.0940379238	-0.0361369672	0.0047607578	-0.1209627782	0.1496593465	0.0192995609	-0.0388635043	-0.028564552	-0.0038374269	-0.0322998072	0.0294531122	0.0944381674	0.0467315862	0.0332868012	0.1754897843	0.0188147013	-0.1523593829	0.1125263073	-0.0202936613	0.0948857469	0.0635820591	0.1202258827	-0.0420387463	0.1323402696	0.0440681299	0.0924822418	0.0762741445	0.0551778701	0.0545217171	-0.0543071718	-0.0907302814	-0.091914646	0.0640622167	-0.0378685395	-0.1361660976	-0.1971342126	-0.1211612522	0.0942741145	0.1429349949	0.0374017843	0.1360888841	0.0669724758	0.0631172029	0.1099860274	-0.0177413726	0.0632111912	0.0116700275	-0.0723503546	-0.1598070458	-0.0394558208	0.0556268736	-0.0286287046	0.0834851364	0.0654118776	0.0843692475	0.0262160353	-0.1247977803	0.1557295026	-0.0092610992	-0.1144689866	0.0556529529	0.0310190007	-0.0529516513	-0.0847741711	-0.1179175	-0.0077917379	-0.0264478507	-0.0738639856	0.0051458099	0.096562316	-0.0642403754	-0.039849366	-0.0259423377	-0.1321601748	0.0530639746	-0.0724057592	-0.1173552296	0.0491146	0.0032575999999999	1.0611957759999995e-05	0.00241224393316	0.00324404	-0.00253716	6.4371808656e-06	1.05237955216e-05	-0.0476778	0.0005288	0.00227317261284	2.79629440000003e-07	0.000271664	9.070600000000002e-05	8.227578436000004e-09	7.380132889600001e-08	-0.000964414	0.0	0.0	9.30094363396e-07	0.000695469	0.000151587	2.2978618569000005e-08	4.83677129961e-07
343.35752494779763	-0.4889314703801801	0.2390539827281249	117894.38993827748	335.7442025653029	-1.2139828964672574	112724.16955621114	1.4737544729150318	218.482239718558	-0.3387041844819975	0.114720524585615	47734.48907243744	218.1217365582784	427.4381443874605	1.094363	18.471889	0.10463706	0.0637395	-0.0709696754	-0.0157807801	-0.0568823953	-0.0865870733	-0.0070448569	-0.0286755355	0.0872511583	-0.1065305054	-0.1175379989	0.0806767504	0.0275758177	0.1042897984	0.1103866704	0.0143945911	-0.0820991715	0.0588307202	-0.0585097701	0.0767687863	0.0247265463	0.0482619827	0.1581248324	-0.1686379017	0.0706313063	-0.0150865973	0.0072548225	-0.1168756446	-0.0936325351	-0.1021474043	-0.0641150109	0.0320471604	0.0217072971	-0.0642151405	-0.0766410691	-0.0785303138	0.1136926346	-0.0217400653	-0.1041546161	-0.2361236811	-0.1160974309	0.0429154505	-0.0144991542	-0.0212527035	0.0056183444	-0.0845719915	0.0026573875	0.0277602985	0.0364302582	-0.0385479242	-0.0325863886	-0.0317235352	0.0634654267	-0.0777019499	0.0289587419	0.2112902554	-0.01925045	-0.1692114677	0.1493531378	-0.0294612358	-0.0563813086	0.2212951859	0.0958838074	-0.0535067312	-0.0311185512	0.0049371058	-0.0941960555	0.0346053634	-0.0625761089	0.0564427503	0.0209097273	-0.0763972612	0.1751970664	-0.1615517674	-0.0309187428	-0.078240549	-0.0065473958	-0.1214722683	0.1163633808	0.0331211013	0.0621471456	0.0400260346	-0.0886206987	-0.0165483419	-0.0999412611	0.1040807496	-0.0554189609	0.075891483	0.0538343464	0.1798130921	0.1316717688	0.1424705304	0.0298676111	-0.0192205899	-0.0549960187	-0.0792650229	-0.0408154482	0.018510574	0.0574288018	0.0456640844	-0.0046303004	0.034318073	0.000445552	0.088465581	-0.0122554914	0.1097233446	0.201184605	-0.1447097129	0.0644734029	-0.0395965654	-0.1500727961	0.1551001542	0.0658324359	0.0955584427	0.1012426558	0.0458279405	-0.1164647975	0.0019043547	0.0636309164	-0.0462183856	-0.066536061	0.0083248239	-0.1235186051	0.0259176583	-0.0310842952	-0.1134410395	0.060602047	0.0337373453	-0.1951126867	0.0689537385	0.1395037667	0.1267232242	0.1055341684	-0.0779397718	0.1929993901	0.1350521377	-0.0030864016	-0.028084464	-0.026693598	0.0185460187	0.0506475487	-0.0765992869	-0.1155651064	0.057869	0.0087543999999999	7.663951935999992e-05	0.0033488211609999	0.0602365	0.0569924599999999	0.0032481404968515	0.00362843593225	-0.0290553	0.0186225	0.0008442104580899	0.00034679750625	0.00013996	-0.000131704	1.7345943616000003e-08	1.9588801600000004e-08	-0.000909281	5.513300000000007e-05	3.039647689000008e-09	8.267919369609999e-07	0.000913986	0.000218517	4.7749679289e-08	8.353704081959999e-07
343.7665487078223	0.4090237600246951	0.1673004362647393	118175.44001048758	335.97440508122287	0.2302025159199843	112878.80086968164	0.0529931983358906	218.6607120813217	0.1784723627636992	0.0318523842704574	47812.50700791066	218.32523296265376	424.46156130833566	1.010304	17.053061	0.10993835	0.0681021	-0.0527694562	-0.0435975648	-0.0673141184	0.0283492774	-0.0855674965	-0.0580592532	0.0982649742	0.0224509895	-0.1001177873	0.1874334579	0.0538240147	0.1373823945	0.0561419031	0.1096209334	-0.1240632385	0.088885007	-0.1507164886	-0.0478951427	0.0416686543	-0.1048924074	0.0762290213	-0.0349564818	-0.0906518625	-0.1059138263	0.1512856769	0.042122956	0.0948275643	0.0372186288	0.0710939406	-0.0913237098	0.0134831381	0.2436616351	-0.0175299652	-0.0742237046	-0.0007486877	-0.016105961	-0.0563351019	-0.0468368309	0.0436438076	0.1304282751	0.1452087949	-0.163035177	-0.0444979181	0.0534202884	0.026778601	0.1654944977	0.0225380647	-0.1622690332	0.0194036163	0.061982217	-0.0665922636	0.039716202	-0.0483989126	-0.1162150764	-0.1410629653	0.0455233273	-0.0588264839	-6.24613e-05	-0.0625375766	-0.009392867	-0.0145659298	-0.1168236265	-0.0084437809	0.117507217	-0.1063778391	0.0751276018	-0.163330041	-0.0722825172	0.0487701128	0.0843429805	0.1458977275	-0.0622268788	0.1568124027	0.0848840262	0.1080023217	0.0303554535	-0.0484330161	-0.0594808039	-0.0260440453	-0.0583421061	0.0910225759	0.1699308688	0.1332433272	-0.0535307827	-0.1439753981	-0.0207462839	0.0456047832	0.035493241	-0.1227658867	0.1880003177	0.0906030477	-0.0732136228	0.0165889425	-0.0056658819	-0.0617737658	0.0675001808	0.0955631557	0.1528389744	-0.0125794849	-0.0777544392	-0.0442902374	-0.1537071025	0.0355346845	-0.1651150876	-0.0005566658	0.0974079424	-0.042996501	-0.0478344708	0.0424236432	-0.0221207618	-0.0025938628	0.0478972037	0.064402142	0.1499243138	0.0227303685	0.0378870312	0.0521744305	-0.1306359101	-0.1236699542	0.0360069442	-0.2033090957	-0.0457697511	0.0197373798	-0.0202267095	0.0399460864	-0.0934333411	-0.0308229439	-0.0003678518	0.2814468315	0.1390227458	-0.0341301203	-0.0977838049	0.1334436878	0.1147721434	-0.0952059679	0.135080711	0.1062273687	0.0199871641	0.0482056202	-0.0806385538	-0.1132514443	0.067495	0.009626	9.265987600000005e-05	0.0045555750249999	0.0012735	-0.058963	0.003476635369	1.6218022499999998e-06	-0.0261493	0.0029059999999999	0.00068378589049	8.444835999999993e-06	0.00027725	0.0001372899999999	1.8848544099999998e-08	7.68675625e-08	-0.000964414	-5.513300000000007e-05	3.039647689000008e-09	9.30094363396e-07	0.00149043	0.000576444	3.322876851360001e-07	2.2213815849e-06
343.69816936616286	-0.0683793416594653	0.0046757343657818	118128.43162565156	335.934292701845	-0.0401123793778879	112851.84901308884	0.0016090029793556	218.3852117614672	-0.2755003198545012	0.0759004262399324	47692.10071610087	218.0387463378906	428.3009346733238	1.221006	20.60952	0.0631439999999999	0.0342071	-0.0845858237	-0.0101628886	-0.1270787162	0.032282589	-0.1334946977	0.0297745087	-0.0815440553	-0.0581977606	-0.0492240974	-0.0093504014	0.1012197245	-0.1463597492	-0.1527677747	-0.0963768873	-0.0856201152	-0.1326193293	-0.0482787684	-0.017053742	-0.0945548449	-0.0609597085	-0.2255818618	-0.0025542026	-0.0511707937	0.0783653329	-0.0090119998	0.2238966948	-0.1203728009	-0.0657436401	-0.0617923335	0.0509417656	0.0186397386	0.0039553689	0.0025842124	-0.1035790262	0.113537537	-0.0142892652	0.029485576	0.0580034175	-0.1481233738	-0.0750830494	-0.030492641	-0.0687148244	-0.0025163696	0.0679588076	-0.0494374769	0.0278205014	0.0271873553	-0.0294071001	-0.2101525796	0.1078602439	0.1509419135	0.0580253639	-0.0973731273	-0.1378856356	0.0991419934	0.0691656639	0.0709514154	-0.0363612114	-0.0916047487	-0.1001045078	-0.0576686218	0.0164175381	0.0581936708	-0.1385984665	0.028417105	0.1641249221	0.0182753853	-0.0080440533	-0.08842677	0.1102188927	-0.2038906222	0.0008925297	-0.0087315817	0.0432964026	0.058544741	0.2179330518	0.1036101456	0.0926015642	0.0020448008	0.0615966605	-0.083545441	-0.0229729558	-0.0536573577	0.0916781689	-0.0889037125	-0.0726003778	0.0837983293	-0.078395818	0.1186379133	-0.0246425011	0.0531338475	-0.0998622865	-0.0014803166	0.0178403992	-0.0122395406	0.0412180525	-0.0096945981	-0.0222545159	-0.2216957713	-0.0952263823	0.1841480602	-0.0653853986	-0.07077293	-0.0052532457	-0.0976736618	0.1007091205	3.54775e-05	0.0534980092	-0.1190635028	-0.0871764496	-0.081623149	0.025117051	-0.055804314	-0.1105224034	0.0246539941	-0.0733785359	0.1471734208	-0.064629538	0.0311531089	0.1646025435	-0.0455972285	-0.0382988723	0.0964888863	0.0896101827	-0.0177595725	-0.2819213295	0.0557276531	-0.1376989454	0.0331291555	-0.1096138247	0.0092425578	-0.0331026073	0.0432011379	0.154873395	-0.0518173373	0.0840665404	-0.0330796071	0.0297569006	0.0457394187	-0.0845154255	-0.1104247249	0.0674387	-5.629999999999524e-05	3.169689999999464e-09	0.00454797825769	-0.015096	-0.0163695	0.0002679605302499	0.000227889216	-0.0441632	-0.0180139	0.00195038823424	0.00032450059321	0.00045132	0.00017407	3.0300364900000005e-08	2.0368974240000002e-07	-0.00136443	-0.000400016	1.60012800256e-07	1.8616692249e-06	0.00149043	0.0	0.0	2.2213815849e-06
342.28983562601786	-1.408333740144997	1.983403923630795	117162.33157288632	334.53984512621673	-1.3944475756282486	111916.90797707308	1.9444840411755	218.3119892088758	-0.0732225525914032	0.0053615422080008	47660.1246323363	217.96869162604924	419.28354235784906	1.344362	22.691668	0.108941365	0.0700317	-0.039113344	-0.1543407585	-0.1397008382	-0.0230470272	-0.0395401119	0.0862289732	0.0215359797	0.046268888	0.1242464007	0.0686166963	0.068999488	0.0152513322	-0.0089789644	-0.0168572563	0.1427351916	-0.0509998749	-0.0551063034	0.0900466472	-0.1862356418	0.0055752195	0.1891850922	0.0942606146	-0.0489984778	0.0833643608	0.1720279998	-0.0135112201	-0.1011783339	0.0034508546	-0.1045865106	-0.089503621	-0.1325530178	-0.1132784273	0.1366446927	0.0162205627	0.0321732471	-0.0095543268	-0.080227242	0.1798824442	-0.0368232133	0.0387774018	0.0238627923	0.0560299648	-0.1572084105	0.0532411438	0.0029280273	-0.0671504267	-0.0360333563	-0.1155111212	-0.072677996	-0.0368554084	0.031056158	0.0223981589	0.1918696548	0.0957578158	-0.0618361064	0.0240312175	0.076553962	-0.0436218343	0.0230553266	0.0345650504	-0.0884350225	0.0777865193	-0.0601939473	-0.1363954562	0.1501398466	-0.02414433	-0.0411739941	0.0920755146	-0.1765569349	-0.0320834818	0.1745919345	0.1370198192	-0.0550765014	0.0731086645	0.1629352035	-0.057416412	0.0297520309	0.0812195169	-0.0009606656	0.1597855851	0.1353180523	-0.1598080673	-0.0025451804	0.0141509907	0.0699283594	-0.0595916032	0.1520207977	-0.0680998178	0.0186306652	-0.0017568481	-0.0644263278	0.0835110818	0.1423462822	0.0191257878	-0.0679236616	-0.0650790619	-0.0268077649	0.129718471	-0.0809627091	-0.0019697499	0.0224009114	-0.0067038448	0.2001318262	0.0979182228	0.0604351341	-0.0171152093	0.0317648922	0.0485700188	-0.0402336837	0.0919524381	-0.065815174	0.0026117429	-0.1570378882	-0.0783360571	-0.0606479348	0.0098593088	0.0990245816	-0.2708459178	-0.1243370698	-0.0471433831	0.0431687048	0.0163062885	0.1188348	-0.0290229725	0.039210543	0.0442322207	-0.0732086539	-0.0189840691	0.0104796209	-0.181746783	0.0531057847	0.0814477357	-0.0931220478	0.2100597684	-0.0660316007	0.0849735322	0.1177456101	0.0341671462	0.043250186	-0.0882220943	-0.1070977539	0.0779969999999999	0.0105582999999998	0.0001114776988899	0.0060835320089999	0.0453833	0.0604793	0.00365774572849	0.00205964391889	-0.0251835	0.0189797	0.00063420867225	0.0003602290120899	8.190869999999998e-05	-0.0003694113	1.3646470856769006e-07	6.709035135689997e-09	-0.00135536	9.070000000000128e-06	8.226490000000232e-11	1.8370007296e-06	0.00149043	0.0	0.0	2.2213815849e-06
342.26425147219027	-0.0255841538275944	0.000654548927074	117144.8178358187	333.5800605270363	-0.9597845991804091	111275.65678122122	0.9211864768238988	218.32704574090465	0.0150565320288649	0.0002266991567362	47666.69890195107	218.0077775700887	411.96950148606726	1.096736	18.511946	0.02721833	0.0141786	0.0097560869	-0.2353706013	-0.0890386585	0.0655673229	0.0356211611	0.050071002	-0.109041575	0.1303723911	0.0396442379	0.1381057078	0.1716426048	0.0237923506	0.1329972276	-0.1183660222	0.0762505464	-0.0115390938	0.0835352803	0.0180738211	-0.1679446672	-0.0790841268	0.1718624931	-0.0174374476	-0.0834171951	-0.0116558619	0.1665355341	0.0602998266	-0.0603073574	-0.0197876218	0.025213925	0.0542834222	-0.0270402357	0.067542753	0.0045088898	-0.057817045	0.084640108	0.0746860904	0.1439620228	0.0208740607	-0.0091090618	-0.0354715558	-0.0565177311	-0.2729277745	-0.0945674903	0.0155783366	-0.084979415	-0.0590567194	0.0026027845	0.2928281885	0.0254678593	-0.0107585043	-0.0133720551	-0.1778689496	0.0243597056	0.0084137961	0.033073587	-0.0389282876	-0.1028372701	0.0964851386	-0.0605903283	-0.04347147	-0.0833194182	-0.1172979637	-0.0629734496	-0.0126090209	0.0546040128	-0.0709614427	0.0777381914	0.0039006419	-0.1616725955	0.0538763691	0.2050635681	-0.0036786535	0.0721961731	0.0946460367	0.1400241655	0.0109668333	0.0537190907	0.0490754669	-0.0532942638	0.0025569422	-0.0065348009	-0.0162984175	0.0014737083	0.0801598032	-0.0789163654	-0.1593230161	-0.0918692291	-0.0926623068	-0.0152412778	-0.0108537613	0.057062887	-0.2556912622	0.0995619846	-0.0470346643	0.0230340601	0.0765975429	-0.114095171	-0.2224577897	0.1310643936	0.0508362442	0.065184653	0.1680824695	0.03397896	-0.0170002792	0.0309394091	0.0592015105	-0.0507998443	-0.1289285085	0.0117537844	-0.0601551437	0.0264106307	0.1204526406	-0.1057041531	0.0477096277	0.0127759748	-0.0919687622	0.0240725655	-0.2885468919	-0.0331365553	-0.0210089268	0.0359858004	-0.0781130062	-0.0842146839	-0.0331175476	0.0332779408	-0.0237950584	0.0486486871	0.0127672567	0.0860143448	-0.0414603174	-0.141728508	0.0908236557	-0.1204845242	0.2065044405	-0.1106321297	-0.047278212	-0.1074448507	-0.0384116864	0.0407391756	-0.0917510955	-0.1032856033	0.0850722	0.0070752000000001	5.005845504000143e-05	0.00723727921284	0.0364822	-0.0089011	7.922958121000003e-05	0.00133095091684	-0.0178017	0.0073818	0.00031690052289	5.4490971240000014e-05	1.13341e-05	-7.057459999999998e-05	4.980774165159997e-09	1.2846182281e-10	-0.00134873	6.629999999999874e-06	4.395689999999833e-11	1.8190726129e-06	0.00149043	0.0	0.0	2.2213815849e-06
342.5487556323504	0.284504160160111	0.0809426171484101	117339.6499852717	334.2742138703664	0.694153343330072	111739.25005865144	0.4818488640563167	218.2276253133257	-0.0994204275789627	0.0098844214199837	47623.29644989326	217.8555211485	414.614761141809	1.112415	18.776594	0.0391328449999999	0.0221124	-0.0039305363	-0.2273249638	-0.0740135335	-0.0869344994	0.161601562	0.0548590158	-0.0061839406	-0.0028271816	0.0741911263	0.15211366	0.1373471408	-0.1794108928	-0.0697299539	0.1238552628	0.0738278071	0.0580945381	0.0151843792	0.0959959214	-0.0931033017	-0.0969125677	-0.0964725623	-0.0572776086	-0.0280766683	-0.0019434477	-0.0491106782	0.2312916476	0.0737446882	-0.0885395085	0.026937775	0.0495735701	0.1367162498	0.0200384727	0.1130639301	0.0026427987	-0.0653021477	0.0979128243	0.0337910595	0.0046839025	0.0168097048	0.1080822624	-0.0442524519	-0.0493295889	-0.1200696371	-0.0079586685	0.0944651038	0.038066511	-0.0618693833	-0.0062608711	-0.0962840106	0.0275459525	-0.033057899	0.0755030738	0.0311247991	-0.0835252586	0.0734862145	-0.0154982683	-0.1610125804	-0.1150729959	-0.0133396566	-0.0259786095	0.1533608398	0.0770813482	-0.1982709331	-0.1253662816	-0.0045076646	-0.1013858161	-0.0027097823	0.1070429385	-0.1062652903	0.1057698121	-0.0849903964	-0.0709463043	-0.0122402179	0.0379206103	-0.0263148247	0.2189862054	0.0401958919	-0.0864612371	-0.0792109828	-0.0235252198	-0.1150344603	-0.0896160544	0.1349779653	-0.0427893767	-0.0042925053	-0.0739645499	-0.069925005	0.0023284416	-0.0320092499	0.0916032831	-0.0898711997	-0.0464971363	0.1268410981	-0.0741394406	-0.0193534542	-0.0521685702	0.069305354	-0.0437232978	-0.0850396235	-0.0345401716	-0.0139682127	-0.0537235195	0.0486877345	-0.0232079606	-0.1365954261	-0.035127651	-0.1367453405	0.0126333579	-0.0116804799	0.0107479876	0.2215691157	-0.0581980148	-0.2058124581	-0.0780031816	-0.0623850354	0.0238944317	0.0106201329	-0.2105715164	0.06425555	0.0181345047	0.0109182392	0.0296003435	-0.0363343915	0.1860007012	0.0321292443	-0.1368489653	0.0432580477	-0.1020012349	-0.0426944278	0.0135803629	0.0148876259	0.0955407153	-0.0948825543	0.1143460976	-0.0017779314	0.0931119487	0.0605219948	0.01405776	0.0382076517	-0.0950953223	-0.0990055431	0.0816695	-0.0034026999999999	1.1578367289999963e-05	0.00666990723025	0.0192728	-0.0172094	0.00029616344836	0.00037144081984	-0.0245444	-0.0067427	0.00060242757136	4.546400329000001e-05	0.000165755	0.0001544208999999	2.384581435681e-08	2.7474720024999995e-08	-0.00142987	-8.113999999999994e-05	6.5836995999999915e-09	2.0445282169e-06	0.00149043	0.0	0.0	2.2213815849e-06
342.1804933758407	-0.3682622565096949	0.1356170895696123	117087.49004693374	333.9090067658101	-0.3652071045563048	111495.2247993298	0.1333762292183997	218.57529927322503	0.347673959899339	0.1208771823920872	47775.161452379885	218.23237792060488	414.8864894499312	1.085166	18.316662	0.0143815499999999	0.0106631	0.0279512566	-0.2296182124	-0.0837297721	0.0647323377	0.0821356268	-0.0728497039	-0.0194368209	0.1532179425	-0.0480331747	0.047861927	0.1122396427	-0.0285149706	-0.1249761288	-0.0606576607	0.0166724485	0.0916346106	0.0717590395	-0.0918399672	-0.0511232591	0.014921403	0.010241287	0.0186007852	-0.0415352637	0.0416417703	-0.0487394555	-0.0058163897	-0.0320978312	0.0135190105	-0.1286759289	-0.0735404394	0.0025574883	0.0235855593	0.0576537308	-0.1437137205	0.0209669436	0.0490140831	0.2089527497	0.1046580682	0.0082722558	0.029427435	0.0029603642	-0.0011272076	-0.0330753552	-0.153810573	0.0029006621	0.0894750404	0.0005478396	0.0122167903	-0.0784775056	-0.004522445	0.1824006108	0.0024646104	-0.0337472406	0.1109502394	-0.1593610447	-0.1582104523	0.0784970543	-0.0146540897	-0.0689500955	0.1130712702	0.1600963499	-0.0510426441	-0.008364902	-0.0010614522	-0.0558406571	-0.1036137309	0.0211017016	-0.0890650887	-0.0464563352	0.0066577937	-0.0188545931	0.0238876257	-0.0342583276	0.049157459	-0.0381564035	-0.0230251121	-0.0504247723	0.0573599985	0.0594668577	0.1270006004	-0.0214924033	-0.0603978147	0.0469680734	0.0170842186	-0.1356284721	-0.1227688557	-0.1081808903	-0.1613818087	-0.0013640017	-0.0014878756	-0.0342810567	0.0438934568	-0.0500011973	-0.1300212818	-0.0968983914	0.0422523064	0.0670050802	-0.0164560117	-0.02111185	-0.0030477415	0.1438332096	-0.0644057275	-0.0170664052	0.0057799275	0.2120698025	-0.1294381132	0.0454611244	-0.1460525393	-0.1335099345	0.0743440468	0.1263654474	-0.0027144712	0.0989415353	0.036175186	0.0399625932	-0.0366131561	-0.049299527	-0.2120932666	0.0360724831	0.0247072879	-0.1438487169	0.0312032165	-0.0059888008	0.0516725291	0.0704243985	0.0256257073	-0.0593472447	-0.1235175729	-0.0927457144	0.0367913126	-0.0470149255	0.0078426458	-0.0959213017	0.0077642624	0.0826375195	-0.118801861	-0.0963268438	0.0196306754	0.0356568892	-0.0982480398	-0.094276963	0.0822332	0.0005637	3.177576900000004e-07	0.00676229918224	0.0192835	1.0699999999998905e-05	1.1448999999997655e-10	0.0003718533722499	-0.0260625	-0.0015180999999999	0.00067925390625	2.3046276099999936e-06	0.000214246	4.849100000000001e-05	2.3513770810000006e-09	4.5901348516e-08	-0.00123258	0.0001972899999999	3.8923344099999976e-08	1.5192534564e-06	0.00149043	0.0	0.0	2.2213815849e-06
342.39273441991025	0.2122410440695716	0.0450462607877418	117232.7845835432	333.29092604150463	-0.6180807243054574	111082.8413816037	0.3820237817579587	218.5054573334216	-0.0698419398034388	0.0048778965555071	47744.63488448772	218.11849452336628	416.7510731133759	1.259426	21.258022	0.0274736	0.0167195	0.0899968019	-0.1234062518	-0.0280363517	-0.0477256137	-0.0010014189	-0.0963075863	-0.1035646649	-0.0697339867	0.0433661758	0.0750025949	0.1231902988	0.0180777486	-0.0661737409	-0.0964360086	-0.0819269219	-0.0874901147	-0.0169059304	0.035797787	0.027474411	0.0806136258	-0.0852137675	0.0006763303	-0.1185402142	-0.0613387527	0.1024522525	0.0242007263	0.0082375801	-0.0761787378	-0.0539450101	0.0438578834	-0.0407810492	0.0649899877	0.2540878088	-0.017261877	-0.1505400368	0.0841873842	-0.0281016596	0.1693139124	-0.0513078135	-0.0043392577	0.2420113813	0.0682840812	-0.0298471868	-0.0333008551	0.0578487542	-0.017171975	-0.0844976503	0.1339865615	-0.0653759491	-0.0343354906	-0.0509751321	0.1295805843	-0.1580187507	0.1072323106	-0.0470794784	-0.0418272327	0.0866780295	0.1581194566	-0.0732243591	-0.0808814261	0.0276110338	0.0815089746	0.1042153412	-0.0077188368	-0.0114830305	0.1159006072	0.035015054	0.0398053246	0.022455989	-0.0632420896	-0.1205673046	0.0041478178	0.0773812563	0.1120922963	0.0744449461	-0.0241426493	0.063439536	-0.0131095867	-0.1739313268	0.1466746235	0.0307974532	-0.1011331641	0.1775304038	-0.2010589171	0.0162676996	-0.1340011025	0.0677962719	-0.0755640486	0.0024500773	0.0102763507	0.1239670852	0.1577218491	0.0695325647	0.0082449874	0.0036878285	-0.0817997541	0.0112535161	-0.1656990437	-0.0755622023	0.0916317544	-0.0925095939	-0.1185500101	-0.1247693906	0.0200124965	0.0649192908	0.0175683336	0.0736170816	-0.0781563273	-0.0803635858	-0.0687368204	-0.0387161864	-0.0860119235	0.0153814487	-0.1045022461	-0.1058023164	-0.038881122	-0.0486117727	-0.1075686941	-0.0060012744	0.1666212688	0.0013689111	-0.1091419321	0.010950633	0.1017014363	0.0685138326	-0.060802245	-0.0414423844	-0.1283669799	-0.0980495721	0.0893977294	0.0149985393	0.0544935454	-0.0201247217	-0.1895048452	0.1369299433	-0.0260629736	-0.0247498903	-0.0901373265	0.0330881723	-0.1012028987	-0.0891212848	0.0761353	-0.0060979	3.718438441000004e-05	0.00579658390609	0.0334305	0.014147	0.000200137609	0.00111759833025	-0.0204128	0.0056497	0.0004166824038399	3.191911009000001e-05	0.000185186	-2.906e-05	8.444835999999998e-10	3.4293854596e-08	-0.00123006	2.519999999999996e-06	6.350399999999981e-12	1.5130476036000002e-06	0.00149043	0.0	0.0	2.2213815849e-06
342.4812994035012	0.0885649835909703	0.0078437563184688	117293.44044111064	333.2328489403457	-0.0580771011589149	111044.13161289926	0.0033729496790228	218.5237282526191	0.018270919197505	0.0003338264883217	47752.61980942452	218.18902222678776	416.32617761195513	1.155997	19.512218	0.04845257	0.0302164	0.1402034204	-0.0679487697	-0.0642076909	0.0445694218	-0.0471215821	-0.020143994	-0.0380100207	0.0671492016	0.221040889	0.0014069482	-0.0012075989	-0.040528757	-0.0313066136	-0.0075749159	0.0775538689	-0.0497311004	-0.0254710666	-0.0448818062	-0.0258501447	0.1675063905	0.0402612783	0.1617619432	0.0498916271	-0.0083716487	0.0941777053	0.0333372039	0.1408136136	-0.0302545188	0.0737399025	-0.3077364966	0.0266231932	-0.0178799693	-0.0182903174	0.0479471021	-0.0325166843	0.0252241561	0.1309207576	-0.1220456052	0.0037916512	-0.0999879684	0.0418716982	0.0191456471	-0.0988157719	0.0670596899	-0.0122002755	-0.0638719454	-0.0167653823	-0.0439243168	0.0480757442	-0.1303529819	0.0769756256	-0.0196890797	-0.0562271344	-0.0023377614	0.0042551358	0.1156091144	0.0719115888	-0.0173174553	0.1913856587	-0.0914121156	0.0213428138	-0.0879154883	0.0236991765	-0.1258457093	0.1121743227	0.0090617611	-0.0284317662	-0.0420745813	-0.0249268724	-0.1632645095	-0.0014823118	0.1756425367	0.0354507327	-0.0187529935	0.0632539389	0.0451305937	-0.0669866198	-0.1832914255	0.1771828492	-0.044328708	0.165867192	-0.0274337777	0.0964806851	0.0366069422	-0.0416563056	0.0571148647	-0.197605666	0.0325099527	0.0514365078	-0.0209801785	0.0665406283	0.0316279009	0.1164101265	0.046660556	-0.0490152621	-0.0864438701	-0.0431897141	0.111523192	0.0186506562	0.096311332	0.0707644526	0.0116894906	-0.0788639364	0.0273810524	0.0348059555	0.0499609832	0.1490905287	0.142465266	0.0775340695	-0.072777502	0.048847315	0.0571109144	-0.0549043325	-0.0374987808	0.0527927369	0.0035265313	-0.0823270601	-0.1611330757	-0.0583276483	0.0590745699	0.1405210042	0.0088136061	0.0567911883	0.0033364657	0.0521563625	-0.0098936248	-0.0717654578	-0.0705604784	-0.0005479636	0.0917743227	-0.0461683785	-0.0349219487	0.0911966426	-0.2146709991	0.1095340736	-0.0400887953	0.0380449073	-0.0347602427	0.0305027946	-0.1039539485	-0.0835618648	0.0716359	-0.0044994	2.0244600360000006e-05	0.00513170216881	0.00956738	-0.02386312	0.0005694484961344	9.15347600644e-05	-0.0222711	-0.0018583	0.0004960018952099	3.4532788900000008e-06	0.000467951	0.000282765	7.995604522499999e-08	2.1897813840100002e-07	-0.00114819	8.186999999999995e-05	6.7026968999999924e-09	1.3183402761000002e-06	0.00149043	0.0	0.0	2.2213815849e-06
342.49691461045524	0.0156152069540098	0.0002438346882165	117304.13651768146	333.0941960586559	-0.1386528816898362	110951.74344796228	0.0192246216008957	218.4826185401188	-0.0411097125002868	0.0016900084618562	47734.654604147065	218.13312096913657	414.74456317707467	0.994083	16.779251	0.0456422199999999	0.0325327	0.1720065117	-0.0766230105	-0.0637614143	-0.0046319602	0.1045924391	-0.0247783736	-0.1402375541	0.0707177285	0.0884221551	0.009215995	-0.0576787604	0.0090021161	0.0199503726	-0.0363498916	0.0251623127	-0.0117285842	0.1583738598	0.0824584524	0.0015936958	0.0049118391	-0.0754158097	0.1412246862	-0.2739260115	-0.0338153847	-0.0177331132	0.0291629597	0.1049404935	-0.0674639716	-0.0890527385	-0.0017486282	-0.065693891	0.068041002	-0.0037997375	0.178186444	0.0882227423	0.0717696392	-0.1145591355	-0.1261255452	-0.0345620784	-0.0143898878	-0.0441993462	-0.0192191034	0.0960257161	0.0726891454	-0.0026841348	0.1113114271	0.0754996085	0.1328310798	0.0821905152	-0.0701939574	-0.0061227218	0.1748719343	0.0939430581	-0.0753509106	-0.14109807	0.0038623305	-0.0249165053	0.0095724012	0.0373255977	-0.009624259	0.0147553814	-0.0710671445	0.0071688938	0.1745290064	-0.0192613369	-0.0783947404	0.1452835968	0.0636386698	-0.0262469769	-0.0099655943	-0.0829511578	0.10142854	0.0710091675	0.2680913916	-0.0290737646	0.0312645332	-0.0064494882	-0.1380813427	-0.0027809631	0.1110191023	0.0115120645	0.1166487282	-0.0239327268	0.0418685952	0.1484970757	-0.0261438448	0.011712799	0.1834887019	0.0006027282	0.0298960947	0.0128614041	-0.1299204591	-0.0883803979	0.0902647572	0.0743337497	0.0898528941	0.0706100719	-0.0539811536	0.0815970376	0.1227977457	-0.0217486273	-0.2055033106	0.1041623385	-0.0135380628	-0.0355989369	-0.0371071888	0.0379676054	-0.0184290252	0.0958193547	-0.0348291085	-0.0282936288	-0.0109185154	0.1845889886	0.1469827938	-0.0172579803	-0.0655945499	-0.158757647	-0.133208717	0.0472743696	0.0287497486	0.0792715122	0.0389569921	-0.0270637285	0.0518476519	-0.0797796889	-0.1470115441	-0.0496475963	0.0082035098	-0.0489143578	0.0678239158	-0.0302338093	-0.0694118226	0.0595438	-0.0626696295	-0.0431886912	0.0706980341	0.1084965028	-0.0463750805	0.0279020578	-0.1064956489	-0.0776238888	0.0702384	-0.0013974999999999	1.9530062499999888e-06	0.00493343283456	0.0355676	0.0260002199999999	0.0006760114400483	0.00126505416976	-0.0209913	0.0012797999999999	0.00044063467569	1.637888039999994e-06	0.000150157	-0.000317794	1.00993026436e-07	2.2547124649e-08	-0.00112669	2.1500000000000035e-05	4.622500000000015e-10	1.2694303561000002e-06	0.00149043	0.0	0.0	2.2213815849e-06
342.75134273785994	0.254428127404708	0.0647336720146663	117478.48294860592	333.51278510276546	0.4185890441095807	111230.77782700342	0.1752167878485725	218.4389110383002	-0.0437075018186021	0.0019103457152231	47715.55785559843	218.0640146359943	416.4185230210464	1.031822	17.416265	0.03165725	0.0179968	0.1526222751	-0.0307403282	-0.0284982723	-0.0372917478	0.0714728027	-0.1110055521	0.0064706052	-0.0082915437	0.0756021238	0.0166675098	-0.0701011658	-0.0296373506	-0.0004628588	0.0061138696	-0.0846757231	0.1387443998	-0.0084310174	0.0689096541	-0.0132723639	0.0102196533	0.0907631861	0.0701761349	-0.0685462667	0.0492417268	-0.1040906227	-0.0683913109	0.0401336101	-0.0219089776	0.0085621457	0.0824945523	-0.0219174124	0.0255269518	0.0889254952	0.201022336	0.0626540532	0.0858359211	0.0087383113	0.0181051843	0.0210292998	-0.1785451458	-0.0525402755	-0.1084813182	0.0329062444	-0.0608600797	-0.05993652	-0.0163491988	0.1433575337	0.0682165099	-0.0375837235	-0.057263751	-0.0766760783	0.0251687827	-0.1107866245	0.0243372061	0.1024843732	-0.017945922	0.1136769878	-0.0094689377	-0.0672717605	0.0311736353	-0.0040370456	-0.0337597944	0.1044459451	0.0549408365	-0.1477069326	-0.0261013599	-0.0635260276	0.0437069088	-0.025895418	-0.0371835042	0.0618361516	0.0832849409	-0.0744511221	0.0755660079	-0.0865025492	-0.0584508661	-0.002366248	-0.0632709058	-0.072732324	0.0229666115	-0.0346498773	0.051917916	0.0316742014	0.0581356574	0.2073463756	-0.0933902346	-0.0450779732	0.0475972671	-0.0055155538	-0.171157651	0.0862694251	-0.1179985136	-0.0151268791	-0.0987624063	0.076463764	0.1035078777	-0.0471920124	-0.0563433188	-0.0384760207	0.0600789607	-0.0479363503	0.0637411234	-0.1330102845	0.0505266485	-0.0463013327	-0.0144370477	0.0382173779	0.0159828661	-0.1239897929	0.0225650518	-0.0363704189	0.0080692666	0.0403569048	-0.0036491852	-0.0048890035	0.0563704472	-0.1695278895	-0.0892594931	-0.0964587879	0.072747134	-0.0341422149	0.0747714953	0.0087843292	-0.0224259701	-0.0218625337	0.0465839519	-0.0236163284	0.0603022457	-0.1390477419	0.1817469663	0.1299946695	-0.0310085063	0.028264577	-0.1451207854	-0.085200932	0.0477995366	0.1101774573	-0.0740392515	0.0252872714	-0.1088228812	-0.0713342571	0.0674161	-0.0028223	7.965377289999999e-06	0.00454493053921	0.0193309	-0.0162366999999999	0.0002636304268899	0.00037368369481	-0.0183782	0.0026131	0.00033775823524	6.828291610000001e-06	0.000105484	-4.4673e-05	1.995676929e-09	1.1126874256e-08	-0.00108327	4.342000000000018e-05	1.8852964000000155e-09	1.1734738928999998e-06	0.00137882	-0.00011161	1.2456792100000012e-08	1.9011445924e-06
343.09900379753896	0.3476610596790124	0.1208682124171338	117716.92640686364	333.64210826457423	0.1293231618087702	111317.05640722987	0.0167244801802173	218.4686522325809	0.0297411942806888	0.0008845386372416	47728.55200832037	218.1137821079436	420.6174961083892	1.094555	18.475138	0.0809071	0.0439451	0.1103882271	0.0214749009	-0.0245224599	0.0417869137	-0.0297600554	-0.1121613618	-0.0556507835	-0.0457216785	-0.0175513674	0.1048613	0.0186324349	0.099055708	0.2544008523	0.1720051104	-0.1789633363	-0.0006230848	0.0034545249	0.0293446857	-0.0192850791	-0.0643750023	0.2095736479	-0.0818362477	-0.0229710831	-0.1493722003	0.0333942816	0.1088184246	0.0346011232	0.1102660137	0.1498099485	-0.032748181	0.0579338933	-0.0194271178	0.0589791446	0.0266895346	-0.0608205927	-0.0152381219	-0.1351445174	-0.1483825875	0.1995901092	-0.0855069188	0.000297874	0.0874076261	0.0089607315	0.1650369171	-0.0287433461	0.0868264358	-0.0970425722	0.0525100587	-0.0502028682	-0.0219194426	0.0790733653	0.1548780407	0.0537711401	0.0974105538	0.0112782602	-0.0778361702	0.0349014155	-0.0882144241	-0.1202565123	-0.1250495514	0.0826058483	-0.0918829449	0.0262505127	0.0244125769	-0.1274300285	0.1121922876	0.0233110537	-0.0211916849	-0.0253460248	0.0137363509	0.2311343406	-0.0847011813	0.0962239933	0.0462613469	-0.0385415419	0.0979564674	-0.0297428099	0.0166833028	-0.0386938648	-0.1353557269	0.0795565141	-0.0508846827	0.1257222965	-0.0205193878	0.0317827731	0.119251327	-0.0127428838	0.2064022117	-0.1385283782	-0.0937348818	0.0105414509	0.0057438406	0.0551394319	0.2209678096	-0.0685445014	-0.03159827	0.0792984519	-0.0550476829	-0.0191746719	0.0425206603	0.022479743	-0.113849384	0.0275498759	0.1485611951	0.0212930392	-0.0247856597	-0.0683249079	-0.0189792125	-0.2083619983	-0.1377309454	0.1080534337	0.0204197946	0.0070752692	0.0110717105	-0.0124213422	-0.0954023619	-0.1498395493	-0.1070698674	-0.1884705712	0.0647320511	-0.0548135528	-0.0685789993	-0.0776771964	-0.0858098048	-0.0891740154	-0.0301796135	0.0428269938	0.1075166274	0.1016027156	0.1938421819	0.0151135011	-0.0208414044	0.0270584129	-0.1076055918	-0.0866812718	-0.0259512645	0.1133500379	0.1466463276	0.0226597522	-0.1109309587	-0.0647214634	0.0797027	0.0122865999999999	0.0001509605395599	0.00635252038729	0.0491017	0.0297707999999999	0.0008863005326399	0.00241097694289	-0.0143985	0.0039797	0.00020731680225	1.5838012090000008e-05	-0.000270766	-0.0003762499999999	1.4156406249999997e-07	7.331422675599999e-08	-0.00110438	-2.1110000000000182e-05	4.4563210000000764e-10	1.2196551844e-06	0.00167886	0.0003000399999999	9.002400159999993e-08	2.8185708996e-06
343.9959181372044	0.8969143396654431	0.8044553326974978	118333.19169505822	335.5318722345133	1.8897639699390536	112581.63728519776	3.571207862079813	218.43533981241447	-0.0333124201664247	0.0011097173373444	47713.99767896498	218.1058365994408	427.7211084773751	1.240799	20.943609	0.1440204199999999	0.0783055	0.0522833443	0.1164984697	0.0142969887	-0.0643221837	-0.0496236985	-0.0229468171	0.0131037806	-0.1444999587	0.0423314502	-0.0168203597	-0.0402056512	-0.0699260957	-0.0150545361	-0.0818108521	-0.0983703043	-0.0760675183	-0.1461149045	0.0343404758	-0.0383004072	-0.159600025	-0.0548784597	0.0568751997	-0.1260016165	0.1024184255	0.0004772553	0.0504277631	-0.0708775919	-0.0059263572	-0.036769567	-0.1348273732	0.1188012725	-0.226314153	-0.1086166662	0.1088934044	-0.0915006736	-0.0610106911	0.0600709408	-0.0901305681	0.1341563156	-0.1587058211	0.0590582191	0.0588379819	0.0346524623	0.0949327609	0.0404621226	-0.0033250628	0.1463385935	0.1041020228	0.0003088401	-0.0594327245	-0.0470562607	0.0186715877	-0.0342691122	0.0073505832	-0.1038558544	-0.1133057591	-0.0481443577	-0.053252688	0.0386384904	-0.0157368216	-0.0578109057	-0.0209759089	-0.0093082601	0.0874234231	-0.0153508478	0.1529345482	-0.0844953264	0.0493172059	-0.0316515368	0.1834395651	-0.0424877218	0.0376239369	-0.0705415882	0.1357615048	0.0208588239	0.0621558639	0.0056891268	0.0053853174	0.2684373912	-0.0282594237	-0.0339996241	-0.1119654174	-0.0656611764	-0.0107991858	0.0907016656	0.1703914764	-0.1393783876	0.0260542916	-0.1202274691	-0.1331243254	0.1200728379	0.0154296077	0.0273544397	0.1210657046	0.1512506117	0.061099116	0.0610070481	-0.0506648441	-0.0062292649	0.0833816072	-0.0259962682	-0.0383213951	-0.000920348	-0.042770521	0.0609622513	-0.1239823443	-0.037261612	-0.0411651907	0.0691672572	-0.0421034789	-0.0650712627	0.0402729418	0.0273014305	0.0696247932	-0.0207570122	0.1014260941	-0.0646935597	0.0814385056	-0.1269799146	0.1516691803	0.0683680042	0.0710275768	-0.1013732759	0.1094456284	-0.0460144498	-0.1243473558	0.1817892417	0.1074999625	-0.1188161338	-0.0056248412	0.0977598536	-0.0359876842	-0.2530332894	-0.179048682	-0.025898884	0.092545558	-0.0920339092	-0.1267047704	0.020020823	-0.112815636	-0.0578154653	0.0522383	-0.0274644	0.00075429326736	0.00272883998689	-0.0126493	-0.061751	0.003813186001	0.00016000479049	-0.0233546	-0.0089561	0.00054543734116	8.021172721e-05	-7.02476e-05	0.0002005183999999	4.020762873856e-08	4.9347253057599995e-09	-0.00133282	-0.0002284399999999	5.2184833599999954e-08	1.7764091524e-06	0.00119084	-0.0004880199999999	2.3816352039999987e-07	1.4180999056000002e-06
344.1532063720227	0.1572882348182815	0.0247395888122508	118441.42945614403	335.22667854936424	-0.3051936851490495	112376.9260112388	0.0931431854548571	218.6340825255619	0.1987427131474248	0.0394986660291996	47800.86204179421	218.3013071123759	433.8582886921501	1.13427	19.145485	0.0314118699999999	0.0190754	0.0145613312	0.1441036902	-0.0858275254	0.0975123631	-0.1366052946	0.0255810198	-0.0294627281	0.0166022353	0.0765346426	-0.0660107412	-0.0946076315	-0.163038374	0.0768717522	0.1036486746	0.0159999707	-0.1471706744	-0.0291251283	-0.1106898504	-0.0657098737	-0.2144342305	0.0950292301	0.0995697908	0.0625822376	0.0365270932	0.0030551881	-0.0356546506	0.0855470691	0.03579241	-0.1283979755	0.065754333	-0.026511768	-0.1109741698	-0.0268371723	0.0327807877	0.0135261228	-0.070320514	-0.0256380988	-0.005742486	0.0525823804	0.0033763501	0.0343408992	0.0428398385	0.080829915	-0.18237792	0.0213204721	-0.0662018875	0.1087022305	0.1138990014	-0.0650884916	-0.0371084276	-0.1592943788	-0.0921708344	-0.0641136585	-0.0294273841	0.0159369426	0.005367024	0.0234631827	-0.0319194752	0.093020135	0.025458814	0.1264963249	0.030103452	-0.1861259211	0.0502796987	0.1231831389	0.0903444963	0.0299419983	-0.0927534556	-0.0336847531	0.2045366777	0.1102565407	0.1124751958	-0.0513039565	-0.0384082191	0.0094106983	-0.0336220299	-0.1143669405	-0.0356667813	-0.0211806093	0.0886046487	-0.0571934305	-0.0563835967	-0.0978606476	0.0329071413	0.0708275265	0.0815953833	0.0089897204	0.0121175697	-0.0563575083	-0.0303301534	0.0040628508	0.1176513291	-0.0900981075	-0.1517821216	0.1141206495	0.0643510702	0.0045231309	-0.1074244317	-0.0423809208	0.1079477537	-0.1138741009	0.1175671961	-0.0078299839	-0.0819302131	-0.0019111753	-0.0332471567	0.076034789	0.0846193139	0.0392919723	0.0445105015	0.1334328688	-0.0536714293	-0.0704247939	0.1203296565	0.0963742891	-0.0425593983	-0.0093256064	0.0178210397	-0.1847940741	0.0304178012	0.0991631542	0.1640356649	0.0280695603	0.0544553923	-0.0108938807	-0.0931922479	0.0996558551	0.1310434854	-0.1429943017	0.0100641343	-0.0057805045	-0.0338405457	-0.0175096974	0.0034954254	-0.0566685031	-0.1054919012	0.059315808	0.0866561279	0.0173718128	-0.1144731177	-0.0506475487	0.0645077	0.0122694	0.0001505381763599	0.00416124335929	-0.0126642	-1.4899999999999984e-05	2.2200999999999947e-10	0.00016038196164	-0.0253016	-0.001947	0.00064017096256	3.790809000000003e-06	-0.000118939	-4.86914e-05	2.37085243396e-09	1.4146485721e-08	-0.00124937	8.344999999999989e-05	6.963902499999981e-09	1.5609253969000002e-06	0.00140231	0.0002114699999999	4.4719560899999934e-08	1.9664733361e-06
343.87951446711173	-0.2736919049109474	0.074907258813783	118253.1204701365	335.2390830819234	0.0124045325591737	112385.24282560874	0.0001538724280116	218.72589359134727	0.0918110657853787	0.0084292718006471	47841.01652733337	218.38377082098097	430.2686977500069	1.228835	20.741671	0.056628235	0.0447009	0.0306867474	0.1065802732	-0.0538706204	-0.1207505336	0.0470298222	0.1330338266	-0.1102671999	-0.1189131507	0.0650018552	-0.0208786513	-0.1028704619	0.0309832918	0.0848815684	-0.1873833985	0.0655798313	-0.1098000107	0.0153329114	0.1403230567	0.0937051359	-0.0980082307	0.0615102525	0.0839453854	-0.0495523642	-0.0313405576	-0.0704929956	0.1725619371	0.0060779472	0.0269457202	0.0368401683	-0.0340388651	-0.0263149496	0.0214701156	-0.0250401674	-0.1543656552	0.0385310433	0.0081993203	-0.0300997359	0.0775665497	0.005293176	0.0457269076	0.0137782045	0.1149841533	-0.038772547	-0.070509387	0.1091735755	-0.1315525562	0.1421497621	0.08085864	-0.0654615615	-0.0501297917	0.012840633	0.0364609592	-0.0311467224	-0.1158519256	0.0113027495	0.0299888214	-0.1587738294	-0.0962350943	0.0192845876	0.0877673818	0.000680594	-0.0167557923	0.0065238737	0.0829924892	0.089169289	0.0164935484	0.0700115008	0.1615523483	0.0894000768	0.0760600951	0.0863167213	0.0781688761	0.0401662359	0.0690373409	-0.0659980608	0.1798442614	-0.0176157652	0.0053822832	-0.0024697019	-0.0228264893	0.0439896572	-0.0081510051	-0.0291663603	0.0078876055	-0.1367576708	-0.0582611517	0.0746283667	-0.0345473846	0.0124643691	-0.0240100601	-0.0605123886	0.1356171813	0.0561459113	-0.0913164082	0.2049765124	0.0118295086	-0.0008851252	-0.0285967638	-0.0618156031	0.089390275	0.0460865289	-0.0291449455	0.0177141582	-0.0464509079	-0.07149337	-0.0069883607	-0.1037289495	-0.0119937561	0.0801786938	0.0419309858	0.0806522763	0.0876568099	0.0178097606	0.0083454984	-0.1516783378	-0.0322040198	-0.0102711494	0.025342795	-0.0601697147	-0.0136933652	0.1406927387	0.0721455263	-0.0445275745	-0.092362728	-0.0976655102	-0.2590036354	0.0151269784	0.0938538238	-0.0603687349	-0.0708345906	-0.0005130945	-0.0808258754	-0.0450679077	0.008715475	-0.23249389	-0.0647817243	0.0090444403	-0.0403535527	0.0147140554	-0.1159000657	-0.043250186	0.0674329	0.0029252	8.556795040000017e-06	0.00454719600241	0.0315058	0.04417	0.0019509889	0.00099261543364	-0.0242206	0.001081	0.0005866374643599	1.1685610000000046e-06	-9.96583e-05	1.92807e-05	3.7174539249e-10	9.93177675889e-09	-0.00118773	6.164000000000018e-05	3.799489600000022e-09	1.4107025529e-06	0.00149043	8.812000000000013e-05	7.765134400000022e-09	2.2213815849e-06
343.6929688005125	-0.1865456665992155	0.0347992857269456	118124.85680291009	335.460194487839	0.2211114059155647	112533.54208581876	0.0488902538259576	218.65426490646124	-0.0716286848860363	0.005130668498503	47809.68756178493	218.2873095140003	427.4519485737997	1.258619	21.244394	0.100362515	0.0555586	-0.0013814587	0.0265402549	-0.0602401674	0.0283554869	0.0210987969	0.0455049928	0.1127348396	0.0965757468	0.0347341215	0.0278866295	-0.0777112929	0.0058674033	-0.0619745215	-0.0625038768	0.1059330238	0.0718226653	-0.0295173102	-0.0476849086	-0.0160829816	-0.1158189502	0.0130992598	0.1535684953	-0.1273568617	0.0525876064	-0.1603063917	-0.1200945434	-0.0373926026	0.022944423	0.2220356831	-0.0139194217	-0.0256938696	-0.1192580995	0.0730085575	0.0547827334	0.0426021423	0.0676582783	0.1516746322	-0.0012701325	-0.0289245297	0.0343282277	0.0707473496	0.0059817645	0.0593969419	-0.0259972759	-0.054881043	-0.0320666017	0.0919281273	-0.0273171338	0.0291004682	0.0906684265	0.0107616329	-0.0194655211	-0.0872237075	0.1301766141	0.0561493828	0.0861033454	0.0767034442	-0.054171456	-0.0060891844	-0.0294248773	-0.0291839184	0.0925857097	0.067235941	-0.1090874332	0.0340188185	-0.1174349843	-0.0661286672	-0.0321550323	-0.0030761379	0.1170146298	-0.0247764976	0.1353249744	-0.1257703779	0.1392276942	-0.1430395213	-0.1300848353	0.0460205133	-0.0055367562	-0.0398911856	-0.1903260146	0.1062186044	-0.0836691188	0.0107902298	0.0685813518	0.0838032349	-0.0693116413	-0.0913297567	-0.0685662429	0.007165293	0.0532078876	0.0727719223	0.0589247243	-0.0785278979	-0.0215929629	0.0743877034	0.0613810378	-0.0605131972	0.0293706574	-0.0226818671	-0.075769339	-0.0280336511	0.0152994125	-0.1022022254	0.0733605895	0.0980398701	0.0668664558	-0.0059630372	0.1256874409	-0.0451663863	-0.004794251	-0.0812540012	-0.0330622562	0.0141722536	-0.098961763	0.0708570564	0.084669445	-0.0116095582	-0.045201328	-0.101168546	-0.1228290446	0.0482029977	0.0830195934	-0.048977848	0.0724429001	-0.1386223684	-0.1178576105	0.0298610506	0.0697558358	-0.1339924845	-0.0057513715	-0.0839919027	-0.0295355014	0.1131908712	0.028170089	0.0576602083	-0.0378311773	-0.0004595929	-0.0248337076	0.012048889	-0.1170936064	-0.0356568892	0.0748849	0.007452	5.5532304e-05	0.00560774824801	-0.0149471	-0.0464529	0.00215787191841	0.0002234157984099	-0.0369946	-0.012774	0.00136860042916	0.000163175076	0.000230904	0.0003305623	1.0927143418129e-07	5.3316657216000006e-08	-0.00130653	-0.0001188	1.4113440000000017e-08	1.7070206409e-06	0.00126612	-0.00022431	5.0314976100000064e-08	1.6030598544e-06
343.4812772497924	-0.2116915507201042	0.0448133126462824	117979.38782114876	336.0325309505856	0.5723364627466481	112917.86185705628	0.3275690265893453	218.68487612685263	0.0306112203913926	0.0009370468138504	47823.07504661688	218.3220236959912	427.7802279193013	1.199669	20.249376	0.091303345	0.0569221	-0.0554687475	0.0089440907	-0.0089520813	0.0662549162	0.0598735965	0.03092089	-0.0838794029	0.0684264444	-0.1618249179	-0.0933424999	-0.0418632003	0.0033843304	-0.0671359657	0.0379774119	0.0177729138	-0.0278910379	0.1361981098	-0.0349163572	-0.0006234357	-0.1341223126	0.0676788979	0.0705587137	-0.0116242513	-0.0538333983	-0.2063052054	0.128103909	-0.0895786659	-0.0264046989	-0.101356579	0.048973351	0.1886182808	0.0528546105	-0.0448613789	-0.0700598608	-0.0123944411	-0.0494922654	-0.0061434314	0.0866833508	-0.0337327904	0.0058529582	-0.1809624779	-0.0081922392	-0.0286593515	0.0673873071	-0.0110018386	-0.0433326513	-0.1060835947	-0.002028701	0.1429936687	-0.053485439	0.0812790555	0.1219154364	-0.0589088798	0.0873524153	0.0707121056	0.0122530601	0.0068520552	0.0776344582	0.0198673845	-0.1107003925	0.0580049781	0.0359455433	-0.0887364862	-0.0110142824	-0.0159097375	-0.0543718785	0.1392813594	-0.0277089622	0.0121178326	0.1309514742	0.0608291495	0.0673272948	-0.0220401289	0.0218856003	-0.2144959382	0.1401475118	0.033056504	0.0782699941	0.06996116	0.0307855934	-0.1844702839	0.0046614234	0.0617438964	-0.0098249293	-0.0815919451	0.0216632317	0.0690752642	-0.0945283646	0.0368919205	-0.0317157968	-0.1462340595	-0.0932988505	0.0304245731	0.0561401351	-0.0515819037	-0.0901383359	-0.0800851495	0.0335702256	0.1097657919	0.0273829749	0.0140715205	-0.0882218564	-0.127097177	0.1433456694	-0.030575144	0.0083353055	0.0360685858	0.0195542697	0.0405820077	-0.0758980389	0.02944195	-0.0965765369	-0.0242086571	0.0925246265	0.0233532758	-0.1607407426	-0.0233582267	0.0565502661	0.0266466305	-0.0997338864	-0.0621957343	0.1158952866	0.048076374	0.0769286059	-0.1128690476	-0.092048025	-0.0888693044	-0.0878630949	-0.0129731869	0.0268617925	0.1041827095	0.014142829	-0.1699064473	-0.0152534917	0.0054879842	-0.1607018104	-0.0842077192	0.0732568798	0.0093776556	-0.1180513362	-0.0279020578	0.0829117999999999	0.0080268999999998	6.443112360999827e-05	0.0068743665792399	0.037383	0.0523301	0.0027384393660099	0.001397488689	-0.0441574	-0.0071627999999999	0.00194987597476	5.130570383999996e-05	5.69931e-05	-0.0001739109	3.024500113881e-08	3.24821344761e-09	-0.00122908	7.744999999999996e-05	5.998502499999993e-09	1.5106376464e-06	0.00149043	0.00022431	5.0314976100000064e-08	2.2213815849e-06
343.4897863829478	0.0085091331553712	7.240534705583868e-05	117985.2333494031	335.18879021304195	-0.8437407375436692	112351.52508448264	0.7118984321907349	218.6126359294497	-0.0722401974029196	0.0052186461208127	47791.484588022126	218.2253943942842	428.5252747130381	1.263345	21.324158	0.033905095	0.0154829	-0.0900992146	-0.0007934621	0.0634738408	-0.1189615084	0.082082394	0.0113434684	0.1561010425	-0.0925484792	-0.0680195833	-0.0416650853	-0.0280500435	0.0417807868	-0.016896801	0.0485074296	-0.0268786617	0.1465555852	-0.0176079237	0.1465454366	0.1080374631	-0.0165051556	0.0984352027	0.0801425269	0.1183959213	0.1106206045	0.0301585043	0.0136057508	-0.0050474702	-0.0327626408	0.0726374288	-0.0641065347	0.0893486364	-0.0973456045	-0.0892808731	0.0012793106	0.1475218531	-0.0293693492	-0.0991408787	0.1537209266	-0.0070098564	-0.0631741785	-0.167807167	-0.0089395239	0.030667048	-0.0629241882	0.0305735828	-0.1231153621	-0.1023466516	-0.0518628155	-0.0279386066	-0.09976256	0.1021359224	0.0193247914	0.1627534119	-0.146835524	-0.0446725129	-0.0370775097	-0.1281289861	-0.0113201889	0.0360369141	-0.0456353063	0.0223603882	0.0397792922	0.0524823929	-0.0577418091	-0.1321384556	-0.0573774018	-0.0802483678	0.1309401344	0.0885646711	-0.0280103653	0.1055827436	0.1075850436	-0.1051518422	-0.1005889674	0.0618270281	0.0498318762	0.0140152547	-0.0569155281	0.1353591658	-0.1172693806	-0.0119133406	-0.02435229	-0.0599640195	0.1032960258	0.0169552978	-0.0274464017	0.1632819468	-0.046005831	0.0145588308	-0.1413142017	-0.1344250099	-0.0487934652	-0.0465549322	-0.0532850046	-0.0828978981	-0.1475514294	-0.0794506495	0.0602698376	-0.016516152	0.1018049735	0.1292240358	-0.0212852441	0.1614845964	-0.0209441026	-0.1082188587	-0.0501025757	-0.0180729284	-0.0386533346	0.1192452793	-0.0895078871	0.0142531218	-0.0157609756	0.0097278202	-0.1169252149	-0.1296209995	0.1023440266	0.0051976904	-0.0050194354	-0.1036501667	-0.0846972615	-0.1397680064	0.0693726792	0.0630286432	-0.0372979285	0.0030226125	0.0321480675	-0.0562440372	-0.0125726268	-0.123470289	0.0785009373	-0.0838451126	-0.1276033562	-0.0613049992	-0.0479852849	0.0620908876	-0.2161060929	0.0712222715	-0.0836846369	0.0067017003	-0.1187713263	-0.020020823	0.0892470999999999	0.0063353	4.013602609000002e-05	0.0079650448584099	0.0321024	-0.0052805999999999	2.7884736359999963e-05	0.00103056408576	-0.0338387	0.0103187	0.00114505761769	0.00010647556969	0.000220463	0.0001634699	2.672240820601e-08	4.8603934369000006e-08	-0.00121047	1.8610000000000067e-05	3.4633210000000246e-10	1.4652376209e-06	0.00154776	5.732999999999997e-05	3.286728899999996e-09	2.3955610176e-06
343.79251903185855	0.3027326489107622	0.0916470567165268	118193.29614227082	336.4047629573001	1.2159727442581243	113168.16454035726	1.4785897147786338	218.581128270073	-0.0315076593767003	0.0009927325993981	47777.70963581811	218.23317594891503	430.183969110428	1.090411	18.405195	0.04063345	0.0237053	-0.1010734899	0.0363941098	0.0426143309	0.0832515012	-0.0960257115	-0.0490416034	0.0635020958	0.013211979	-0.1425649527	0.0279842378	-0.0061241219	0.0155792933	-0.004842908	0.0123470865	-0.1248335417	0.0368940316	0.0250135383	-0.0135393076	0.0576822674	-0.0274032563	0.023158481	0.0217780475	-0.1241691519	-0.0700041816	-0.0152312799	0.0022452985	-0.0757010877	-0.1864198208	0.0537479395	0.078564592	-0.0996811076	0.0992915202	-0.0549227243	0.1746648205	-0.0652765825	-0.0905526997	-0.0541815909	0.0221332466	-0.0449421492	-0.0784928114	0.1384287785	0.0237849037	-0.0128939043	-0.0986393895	0.0050852376	0.0110347738	0.0126875197	-0.0865819899	-0.1104675749	0.0730898991	-0.0727286483	-0.0827109761	0.1055304264	-0.203122243	-0.0301391757	0.1522291392	0.1205965563	0.0720177179	0.0492584648	-0.0039592593	0.0154744551	-0.0037557813	0.089823393	0.0030105517	-0.1119106505	0.0505932395	0.0145824264	-0.0440634425	0.040786269	0.0085702349	0.0315626892	0.0216264903	0.0637223579	0.1006222696	-0.0209185333	0.0153743297	0.2387938659	-0.057282397	-0.0795327256	0.0442901317	0.0302521404	0.1827035031	-0.0295129819	-0.08012257	0.1458625226	0.082354658	0.0267126599	-0.0375166833	0.0270482994	-0.0314122175	0.14174053	0.0869709466	-0.0008420392	-0.1029015703	-0.0194160147	0.0134125857	0.0381320586	0.0235179343	-0.1037220841	-0.0656267833	-0.0097423488	0.0623200225	0.1543389925	-0.1156204273	-0.1014697241	0.1491612099	0.1570521453	0.0519307596	0.0277115628	-0.0160104516	-0.062670595	-0.0244215299	0.0677305661	-0.0377935017	0.0646166854	-0.0417787251	0.0424637559	0.0408253298	-0.0630724069	-0.031115342	-0.1456117974	-0.063401101	0.0189698988	-0.087775174	-0.0067970855	-0.0721568063	0.0091287425	0.0550619549	-0.0641329531	0.11726468	0.0925100659	0.0238763049	0.0270677284	-0.0461774449	0.1012651296	-0.144270891	0.0324634256	0.0413613074	0.0040223704	-0.1192521267	-0.012048889	0.0881635	-0.0010835999999998	1.174188959999768e-06	0.00777280273225	0.0122064	-0.019896	0.000395850816	0.0001489962009599	-0.0446594	-0.0108207	0.00199446200836	0.00011708754849	0.000240616	2.0152999999999995e-05	4.0614340899999974e-10	5.7896059456e-08	-0.00130965	-9.918000000000014e-05	9.836672400000029e-09	1.7151831225000002e-06	0.00149043	-5.732999999999997e-05	3.286728899999996e-09	2.2213815849e-06
343.5217812244922	-0.2707378073663449	0.073298960337536	118007.21417564788	335.4670548270234	-0.9377081302766896	112538.14487431712	0.8792965375870052	218.4736993652106	-0.1074289048624166	0.0115409695999381	47730.75731432042	218.0902266184489	429.3652767869157	1.074631	18.138845	0.078908615	0.0461235	-0.0907506025	0.031448093	0.0439572	-0.0716062258	-0.0725389789	-0.0085159043	0.0289822406	-0.1677012979	-0.0557405861	0.0107583809	0.0733326848	0.029220764	-0.0217627776	-0.0351943188	-0.0481242094	-0.0199536472	-0.0827899999	0.1187445995	-0.0112508071	0.0318256987	0.0556813861	-0.1468484608	-0.0658827934	0.1776649457	0.1212258248	0.004420031	0.0988780271	-0.1013893182	0.0733005933	0.0637463572	0.0097076512	0.0523029183	0.0642305755	0.0076935737	0.0497691986	-0.0061017116	-0.1014926768	-0.0109109411	-0.0812300002	-0.0113168087	-0.0140512111	0.1492281479	-0.0113837671	-0.0456283331	0.0480812071	0.170227978	-0.0633377734	0.109558479	0.0017083772	0.0078828969	-0.0408586532	-0.024037156	0.0070293672	0.0790168554	-0.2450671119	-0.019469427	0.1344435484	-0.0711404268	0.0947068852	-0.0856685501	-0.1172261499	-0.0168288384	0.0472686826	-0.0592631492	-0.01997601	0.0806290043	-0.0538006507	0.1061380915	-0.0209598514	-0.0572576848	0.0480241637	-0.1151780908	-0.1521607266	0.0709096163	0.1812193154	0.0006993487	0.0580473631	-0.1048312384	-0.1321059287	-0.0109528205	-0.0327288909	0.0280396719	0.046634342	0.0296226575	0.0021771884	-0.006509166	0.0856838573	0.0710473629	0.0972183863	0.0011202614	-0.0450892111	0.0797181242	-0.009011582	0.0495262343	-0.0744755495	0.001285393	0.1709169266	-0.1195346101	0.0399642311	0.0679226223	-0.0431225725	-0.0755890683	0.0611021962	-0.0847694959	0.2003378757	-0.0086274831	0.115058282	0.1033443947	-0.0005960439	-0.0985238464	-0.1158464329	0.0567119899	-0.0075547416	-0.0301192603	-0.1408643054	0.0064465256	0.0594231068	0.0274889063	-0.1539951505	-0.0322708061	-0.0700878595	-0.126408381	-0.0096709392	0.0838647517	-0.0660512456	0.0554269232	-0.0723079525	0.0157272815	-0.0144087337	-0.0850915996	0.0254526902	-0.0585850275	8.859e-05	-0.1394934555	0.0538559044	-0.0857635961	0.0486550241	-0.0007234668	0.0013410152	-0.1194927693	-0.0040223704	0.0932467	0.0050831999999999	2.583892223999996e-05	0.00869494706089	0.0525681	0.0403617	0.00162906682689	0.00276340513761	-0.0334121	0.0112473	0.00111636842641	0.00012650175729	6.13477e-05	-0.0001792683	3.213712338489e-08	3.76354029529e-09	-0.0013983	-8.865000000000001e-05	7.858822500000002e-09	1.9552428900000003e-06	0.00166684	0.0001764099999999	3.112048809999996e-08	2.7783555856e-06
343.32967794399366	-0.1921032804985429	0.0369036703783018	117875.2677571264	334.9159945344503	-0.5510602925730836	112168.72339499996	0.3036674460507325	218.67341622042144	0.1997168552108519	0.0398868222553123	47818.06296150968	218.3326734697251	424.33760762898805	0.998153	16.847956	0.069475915	0.0512634	-0.0593713455	-0.0115709133	0.0776293145	0.0896340973	-0.1345764774	-0.0482735037	0.053044034	0.0044009479	0.0179671004	0.0353090752	0.0911355918	0.0620835171	-0.0608573068	0.1287536929	-0.013333521	-0.0621870911	-0.0692534025	-0.0633808873	-0.0203824423	0.0972112561	-0.003103311	-0.0405306373	0.0611553052	0.0871962061	-0.050158888	-0.103918077	-0.0144863371	-0.1007984863	0.0903856717	0.0492983564	-0.0198617829	0.1375764603	-0.0500828549	0.0268886433	-0.043340657	-0.034729475	-0.1515687947	0.0110034018	-0.0861795914	0.0114839495	-0.0443010985	0.0350839793	0.0335885955	0.0738854095	0.0090187868	-0.0579416094	-0.0025327597	-0.0398889097	0.0681482773	-0.0281245272	-0.2435248616	0.0436500076	0.1090721564	0.1845949161	0.0076126363	0.0349380317	-0.0361080878	-0.0468796995	-0.0787129015	-0.055607282	0.2326052582	-0.068871014	-0.0653805259	0.0394623399	0.06004704	0.0791458275	-0.0437602782	-0.0698013389	-0.0217533373	-0.0881214039	-0.0436596602	-0.028631349	-0.1219515762	-0.0486453439	-0.0057030611	-0.0625022292	0.1015234825	-0.067027402	-0.0470896099	-0.0407405142	-0.0004010946	0.1523221815	0.0114128298	-0.078690478	0.0158362484	0.0350752509	0.1411284691	0.0347787408	0.0786607511	0.0125838113	-0.0236623244	-0.0274873074	0.0038097104	0.0613608343	0.0563973079	-0.0204876605	-0.0368908475	0.0611706024	0.0405707031	0.0381317176	-0.2445357785	0.0240254126	0.0949930138	0.093676405	0.0471277184	0.0722050067	-0.0581639632	-0.0092094829	-0.0989896467	-0.026146856	0.2488838371	-0.0973751481	0.0037974737	0.0951307782	0.0540204719	0.005416271	0.0462687457	0.0109926674	-0.1419993379	-0.0268778978	-0.0322299882	-0.117571284	0.0164646293	0.1305931114	0.006008297	0.0321444655	0.038073673	-0.0229711099	-0.0802625087	-0.1518461594	-0.1130061054	0.002110625	-0.0273741965	-0.0486354186	0.0481554925	-0.0594743338	-0.0554014554	0.0105641975	-0.0013410152	-0.1194927693	0.0040223704	0.0949389	0.0016922	2.863540840000016e-06	0.00901339473321	0.00489505	-0.04767305	0.0022727196963025	2.39615145025e-05	-0.0355001	-0.0020879999999999	0.00126025710001	4.359743999999999e-06	0.000314901	0.0002535533	6.428927594089e-08	9.916263980100003e-08	-0.00143207	-3.376999999999981e-05	1.140412899999987e-09	2.0508244849e-06	0.00159371	-7.313000000000003e-05	5.347996900000004e-09	2.5399115641e-06
343.7055009610189	0.3758230170252545	0.1412429401259647	118133.47139086496	334.92143891061653	0.0054443761662241	112172.37024195783	2.9641231839349835e-05	218.65872409422727	-0.014692126194177	0.0002158585721056	47811.6376225154	218.3058672814142	423.846453323323	1.003377	16.936138	0.1158635499999999	0.0722243999999999	-0.0520186465	-0.0217252703	0.0603767714	0.0502546073	-0.0926420299	0.0373204223	-0.1077712159	-0.0650730333	0.0119835216	-0.0627006883	0.0573345058	-0.0122001106	-0.1591764471	0.0139381673	-0.0422414607	-0.1553169154	-0.0021417475	-0.0165715409	-0.0366241317	0.009544824	-0.0248628965	0.0083071447	0.0869551098	0.0666145063	-0.1001553023	-0.0826241023	-0.0728431512	-0.1334647505	0.1075025571	-0.0250816517	-0.0623168204	0.1478773975	0.162417229	-0.0005235895	-0.0960599974	0.1374939812	0.0607928331	-0.0444091175	-0.1562544416	0.0129892784	-0.0097514509	0.0920520883	0.0700104752	-0.1416771573	-0.037252403	0.0941957496	-0.053145554	-0.0653377763	-0.049837163	-0.0070025259	0.0227556906	-0.0932972297	0.0416815979	-0.0149557625	0.0311882725	0.0403129838	0.0040752836	0.1760290392	-0.0365019005	0.0785272035	-0.217791104	-0.0487838465	0.0469224863	-0.0440073935	0.0667830526	0.1284479159	0.0679367237	-0.011422232	-0.0326338114	0.0018104971	-0.0680816734	0.0236874396	-0.1486444623	-0.0954529841	-0.0783834017	-0.0742872566	0.1668911704	-0.0284708807	-0.0796649091	0.0144386478	0.0922182561	0.0483883201	0.1531984153	-0.0814393041	-0.0144775222	-0.1069729348	-0.0807553118	0.0415151076	0.1912356326	0.0530717551	-0.0152275851	0.0429408271	-0.1218233373	-0.0591168285	-0.0880268809	0.0208323013	0.0578025248	-0.0245492259	-0.0399052515	-0.020184035	0.0155665374	0.081618518	-0.0030678298	0.0097430248	-0.0239901518	0.1258935542	-0.005408005	-0.1067165459	0.0510769697	0.0433626659	-0.2244312917	0.1151243343	0.0475295672	-0.0678458001	-0.0903823803	-0.1547624885	0.0122159149	0.0319454883	-0.1488903311	-0.0575504788	0.0368273749	-0.0963176334	0.0990256886	0.1264115416	0.037412079	0.0712883757	0.0569638614	-0.0310820383	0.0311483293	0.0214381276	-0.1301605165	0.0651004732	0.0476398052	0.0356945676	0.1428902612	-0.0369063576	-0.093947751	-0.0185288017	-0.0040223704	-0.1192521267	0.012048889	0.103929	0.0089900999999999	8.082189800999977e-05	0.0108012370409999	0.0672255	0.0623304499999999	0.0038850849972024	0.0045192678502499	-0.0266335	0.0088665999999999	0.00070934332225	7.861659555999998e-05	-0.000117137	-0.000432038	1.8665683344400006e-07	1.3721076769e-08	-0.00141397	1.8099999999999844e-05	3.2760999999999433e-10	1.9993111609000004e-06	0.0018571	0.00026339	6.937429210000003e-08	3.44882041e-06
343.7453826654621	0.0398817044431893	0.0015905503492939	118160.88810382495	336.1640361473624	1.242597236745894	113006.2591988852	1.5440478927685313	218.9146672122428	0.2559431180155229	0.0655068796595079	47923.63152064701	218.58560900461103	426.9859395742287	1.136116	19.176649	0.1179149899999999	0.0801366	-0.0614050791	0.0033966316	0.0804634886	0.011791102	-0.0512463563	0.1189877075	0.0580398817	0.0046037352	0.1305339138	-0.0057868495	-0.1199955544	0.0253916178	-0.0103730489	0.0118319487	0.1587160472	-0.0453002095	-0.0787332026	-0.0087226088	0.102001542	0.0959783612	0.0571914973	0.0330967059	-0.1300696361	-0.0208218607	-0.0321884814	-0.0089907527	-0.0396693684	-0.1928305259	0.0818393937	0.0818066817	0.0482231958	-0.048932704	0.0483749435	0.0251731958	-0.0645637695	-0.0501546087	-0.068079639	0.0972632097	-0.0037697281	-0.0252034637	-0.0141609706	-0.0409770415	-0.057974986	-0.0708328599	-0.0276437648	0.256559085	-0.0213242989	0.040559881	0.1457670896	0.0160927642	0.0319731674	-0.0423133526	0.0441462542	0.0442184805	0.1071628782	-0.0310620453	-0.1321271092	-0.0942765269	-0.0825880089	0.100848781	0.0340222944	-0.0567165736	0.0289827673	0.0291287853	0.1705978052	-0.0384029358	-0.0653823072	0.0206091918	0.1009836655	-0.100192677	0.0112297528	0.025941227	-0.0103429923	0.1298916098	-0.04693201	-0.0227076132	0.1996925978	-0.0874702772	-0.0487779338	-0.0407992357	-0.0585851649	-0.0653845854	0.0249188778	-0.0820839769	0.0613743271	0.0273112799	0.0929649401	-0.0511379432	-0.0099513905	-0.0357116331	0.0047700525	-0.0392467243	0.0027034556	-0.0536868145	-0.1466005253	0.1176884758	0.1571969075	-0.0366843805	0.198372565	-0.0504445689	0.0269685808	0.0271089542	-0.0144129837	0.0366802279	-0.0588674903	-0.0162319928	-0.1781267793	0.0008443045	-0.0329856879	0.0628029372	0.1003230523	0.0728719199	0.0320577436	-0.0235101691	-0.0057352275	0.0787956614	0.0621691838	-0.0170163948	-0.0696811335	-0.0981235702	0.0705734996	-0.0857579262	0.1206993968	-0.0567392466	0.0560702775	-0.1228968776	0.0049393484	-0.064093272	-0.025285462	-0.123178651	-0.0814670718	0.0506119635	-0.015418133	-0.0477145828	0.1574083215	0.0024335978	0.034942054	0.0199986413	-0.0067017003	-0.1187713263	0.020020823	0.100739	-0.0031899999999999	1.017609999999999e-05	0.0101483461209999	-0.00416419	-0.0713896899999999	0.005096487838296	1.73404783561e-05	-0.0394816	-0.0128480999999999	0.00155879673856	0.0001650736736099	0.000345517	0.000462654	2.14048723716e-07	1.1938199728899998e-07	-0.001381	3.2970000000000005e-05	1.0870209000000003e-09	1.907161e-06	0.00174298	-0.0001141199999999	1.3023374399999976e-08	3.0379792804000005e-06
342.96810348438464	-0.7772791810774606	0.6041629253364479	117627.12000767558	335.3596658439411	-0.8043703034213081	112466.10547495984	0.6470115850260872	218.5936901964407	-0.3209770158021001	0.1030262446732216	47783.20139369749	218.27964774994624	425.9000754049164	1.107651	18.696182	0.03689074	0.0190873	-0.0095202645	0.0250897944	0.1449173906	0.1445592428	0.0357146354	0.0452648205	-0.0709698078	0.1059122092	-0.0042116249	-0.0732296168	-0.0798474117	0.0562919172	0.1063013602	-0.0868483962	0.1303213238	0.0486491471	0.1108736229	-0.0882341136	-0.0348626622	0.0793478215	0.0354214686	-0.0560757632	-0.0445591859	0.0197267244	-0.0935882169	0.054174399	0.0293937374	-0.0282989362	0.0594681157	0.0970455315	-0.1995469638	-0.081073218	-0.1151312055	0.042591174	-0.0368222494	0.0157049692	-0.2337945804	-0.0213457512	-0.0855561313	-0.0467513226	0.0341311946	-0.0476732559	-0.0273560114	0.0936208522	0.1220218157	-0.0124910264	0.1305023813	-0.1843946377	0.1017525465	0.0283273501	0.0690958129	-0.1253243807	-0.0500659867	-0.0973889984	-0.0429656564	0.0724731918	-0.0245441505	-0.1550460683	-0.0421091753	-0.0126926655	-0.0493704527	0.0711733155	0.0811354746	0.0179526319	0.0627397555	-0.1588503711	0.0605812967	-0.0982730794	-0.0319765315	-0.0773066173	0.0156402901	-0.0480212581	-0.0447154488	0.045272643	-0.0709600675	0.0685556063	0.0361942856	-0.030426099	-0.091169619	-0.0363180684	0.0697890606	0.0194200994	-0.2500454816	-0.1080188463	0.0798011399	0.0395799213	0.150170215	0.1281205847	0.0795815588	-0.0259059397	0.0622435357	-0.0554290143	0.0610936612	-0.0126002884	0.1104542638	-1.31085e-05	0.0279431352	0.2280619804	0.0463744433	-0.0737802637	0.0724797067	0.0189078928	-0.0404769553	-0.1864342145	0.0096525987	-0.0412782645	-0.1487336162	0.108888157	-0.0278631963	-0.0021484592	-0.0665699325	-0.0604620891	0.0352850142	-0.0680877251	0.0926362584	-0.0507994125	-0.0036605349	0.0085759643	0.0150099353	-0.1812226273	0.0444225826	-0.1023926847	-0.04388893	-0.0143999834	-0.0015419543	-0.0916865208	-0.0548001826	0.0921522228	-0.0366567565	-0.1369412605	-0.1183519468	-0.0325590101	0.1871984247	-0.1681177749	-0.0130374025	-0.0791068416	-0.0782715144	0.0360181491	-0.0093776556	-0.1180513362	0.0279020578	0.0948257	-0.0059132999999999	3.496711688999996e-05	0.00899191338049	0.0112563	0.01542049	0.0002377915118401	0.00012670428969	-0.0379864	0.0014952	0.0014429665849599	2.2356230400000063e-06	0.000254062	-9.1455e-05	8.364017024999999e-09	6.4547499844e-08	-0.00123332	0.00014768	2.1809382400000023e-08	1.5210782224e-06	0.00178508	4.209999999999999e-05	1.7724099999999995e-09	3.1865106064000003e-06
342.51256102621244	-0.4555424581722036	0.2075189311975739	117314.8544607349	333.7669996033728	-1.592666240568292	111400.41002423788	2.536585753845936	218.31245170188	-0.2812384945606823	0.0790950908227589	47660.32656808569	217.9465086319333	420.8396938883684	1.204195	20.325762	0.0480368	0.0237017	0.0587573464	0.0090052239	0.1842357173	-0.0735903358	0.1684037456	-0.0251771449	-0.069783144	-0.0668424783	0.0119252579	-0.106669573	-0.0382273874	0.1814900105	-0.071742027	0.0616293985	0.0115725238	0.0324382306	0.1124111928	0.1172650945	-0.0427161109	0.105145979	-0.1333398195	0.0084280707	-0.0458791034	0.1003950819	0.0082056496	-0.006257728	-0.0415401828	0.1323387114	0.0439327411	0.1840190069	0.0940992762	0.2080780753	-0.0294586056	0.0262016612	-0.1216002984	0.0592966607	-0.1165165443	0.0001895541	0.0987913936	-0.0882651608	-0.0024835461	-9.11e-07	-0.0453822215	-0.0476348498	-0.089408105	-0.1544277397	-0.0866459328	-0.0578318498	0.0359254862	0.0010099372	0.0818188196	0.0091301658	-0.1231833944	-0.0142162902	-0.0553265542	0.0358857606	0.0987137646	-0.1300849641	0.1051740561	-0.0050998003	-0.1381010337	0.0072366091	-0.1083756003	0.0129762325	-0.0560808962	-0.0604586739	0.0788835055	0.0973133762	-0.0592614598	-0.0961456341	-0.1308758328	0.0345475935	-0.0558379816	0.0199585921	0.0548932963	0.03219338	-0.0481151818	0.148183103	-0.081944327	-0.1083964602	-0.1411883088	0.2143148256	0.0620878795	-0.1722989223	0.0110330406	-0.009013279	0.0152300926	0.1256162365	-0.0502527829	-0.1134826848	-0.0224600302	0.0411353043	0.0559947395	-0.0383327863	-0.0542011178	-0.0481582936	-0.1993370522	-0.0086599687	0.0047772665	0.000720954	0.0481033538	-0.0590184868	-0.0682530744	-0.0862108714	0.0564950616	-0.0483161635	0.0144929687	0.1817094771	0.0032485498	0.0388199907	-0.0714222421	0.0895454747	-0.10688628	0.050062119	-0.1292420332	-0.0073135649	-0.0993959748	0.1085965679	0.0702278861	-0.1004020669	0.0045052284	-0.0107840549	0.0544641269	0.085609021	0.05789507	-0.1202841645	-0.166586325	-0.038332323	0.0668647073	-0.0936321899	0.0372128346	0.1214611031	0.0456529132	-0.1314170428	-0.0470111508	-0.0925118094	-0.0435792452	0.0238542589	-0.012048889	-0.1170936064	0.0356568892	0.0860318999999999	-0.0087938000000001	7.733091844000179e-05	0.0074014878176099	0.0287836	0.0175273	0.00030720624529	0.0008284956289599	-0.0313224	0.0066639999999999	0.00098109274176	4.440889599999995e-05	0.000117118	-0.000136944	1.8753659136e-08	1.3716625924e-08	-0.0010888	0.0001445199999999	2.0886030399999992e-08	1.18548544e-06	0.00180465	1.9570000000000004e-05	3.829849000000001e-10	3.2567616225000004e-06
342.2696271470596	-0.2429338791528152	0.0590168696402346	117148.49766738722	333.36460061270225	-0.4023989906705765	111131.95694166647	0.1619249476926987	218.2216600200586	-0.0907916818214005	0.0082431294879584	47620.69290191004	217.85737459182727	415.8305847899102	1.119671	18.899069	0.0753373799999999	0.0474592	0.1185007359	-0.0196630046	0.1493136085	0.0698398055	0.0403733375	-0.1379880569	0.0305907521	0.1121958523	0.0489959515	-0.1114414761	-0.0721607559	0.1307496765	-0.1202780654	-0.0178705488	-0.0105748651	0.1424333323	0.0425257845	-0.0865677785	-0.1638846876	0.0404859662	-0.0080996098	0.0444509239	0.1166816966	0.1328488626	0.154342643	-0.0276176413	-0.125726024	-0.0468397896	0.10682069	0.0253191007	-0.0586656207	0.0270522812	-0.0205750706	0.0097681258	0.0268807019	0.090899737	0.0409859671	-0.101815845	0.0667821141	-0.0561138849	0.0893832465	-0.049168779	0.0391492185	0.0325832946	0.1429449816	0.012311144	-0.0918167259	-0.0308001231	0.0377980963	-0.0724426568	-0.0490753031	0.0373700143	0.1467982075	-0.1445794994	0.1296191699	-0.0284144381	-0.0800461358	-0.006874967	0.0915808472	0.0692117858	0.0975076228	0.0609704565	-0.0676261726	-0.0881712043	-0.0836449553	-0.085406232	-0.0408132908	-0.1143039183	-0.1549804997	-0.0365734553	-0.0087883355	0.0894324763	-0.0809747663	-0.1220743344	0.187528217	-0.0385544996	0.110683084	0.0762563781	-0.0109595464	-0.0650272786	0.0411282071	0.0318594721	-0.0313540974	0.0102368898	-0.026252698	-0.0564933644	-0.0988722437	0.0779451739	-0.045733274	0.0098467274	0.121358156	-0.0424165967	-0.0094922641	-0.0077066837	0.0068940262	-0.1635026149	0.0921800374	0.059885503	0.0551922761	0.0146575134	-0.0228918115	0.0320756949	0.0823248072	0.0231323788	-0.2406353634	-0.0382998959	0.03648361	-0.0135795033	0.0775618558	0.0500545542	0.1218581014	-0.0003447613	-0.0455413479	-0.0876310024	0.0919415866	0.0649772192	-0.1662833596	0.049219408	-0.0034769426	-0.0996959187	-0.0428130126	0.0226174124	0.0950371601	0.0051220639	0.115979121	0.0157463701	-0.1000377097	-0.051278128	0.0483838102	-0.1130046129	-0.0077166606	-0.0707581328	-0.0223313164	-0.0789591016	-0.0876173546	-0.0729359786	-0.1016578391	-0.0114783655	-0.0147140554	-0.1159000657	0.043250186	0.0806706999999999	-0.0053611999999999	2.8742465439999964e-05	0.0065077618384899	-0.00871583	-0.03749943	0.0014062072503249	7.596569258890002e-05	-0.0320716	-0.0007491999999999	0.0010285875265599	5.613006399999977e-07	0.000565639	0.000448521	2.0117108744100005e-07	3.199474783210001e-07	-0.00118305	-9.424999999999992e-05	8.883062499999988e-09	1.3996073025e-06	0.00171287	-9.178000000000007e-05	8.423568400000013e-09	2.9339236369e-06
342.81817564232983	0.5485484952702109	0.3009054516632126	117524.30155073533	334.0488218367979	0.6842212240956655	111588.61537055275	0.4681586835029709	218.2094376677425	-0.0122223523160869	0.0001493858961385	47615.35868727241	217.84520462808155	419.3199388837582	1.003689	16.941397	0.07415688	0.0523804	0.1235822265	0.0374338943	0.1040429167	0.0478807104	0.0432184416	-0.1078307832	-0.1341333274	0.0254272746	0.0086923712	-0.0985924268	-0.056252851	-2.55615e-05	-0.071948743	0.0845785681	-0.1101152295	0.0187172628	0.1468012164	0.068356798	-0.1383112373	-0.0176599205	-0.0593841907	0.0590599891	0.1008151827	-0.0141798539	-0.0603538791	-0.0891217925	0.0860946776	0.0743790395	-0.0471892781	-0.0103576388	-0.0232471766	0.1185902759	-0.0183537621	0.0916519891	-0.0052074679	0.0434638807	-0.0070810764	-0.0489789141	0.1433194497	0.0398406121	0.090094188	0.1291282078	-0.0272353983	-0.0054595291	0.0426227407	0.1115308075	-0.0774808978	-0.1054826911	0.0392296805	0.0984800974	0.1143203972	-0.0362890897	0.0969948935	-0.0337557736	0.0248479218	-0.1382511529	-0.1665160753	0.2339957452	0.0648285972	-0.0333632941	0.1059080946	-0.0761309774	0.0364145254	-0.0074723509	-0.117872131	0.0197684073	0.1287028415	0.0211448528	-0.1562899863	0.0032653338	-0.0451179384	0.0535770497	0.0141136372	-0.1102156755	-0.0544725947	-0.0505479874	-0.1096860681	-0.02821099	-0.0161471199	0.0269298034	0.0073855168	0.1620123793	0.0393338825	-0.0092314388	0.059518271	-0.019535081	-0.0603181967	0.0765276336	-0.1047168552	0.032260967	-0.0131517611	0.1678555813	0.0149686449	0.0390332566	-0.089983642	-0.0613634055	0.1102979721	0.0729391588	0.0706854627	-0.173831879	0.0745359271	0.0296002127	0.0262433642	0.0589466395	-0.0319587767	-0.0370770153	0.0639438625	-0.2214414998	0.165353349	-0.118169572	0.1401664502	0.0149445686	0.0503742861	-0.0334977861	0.0221405177	-0.0998628797	-0.1937873595	0.1131128999	0.0527768044	-0.0763405453	0.0185491804	0.0254688382	0.0082409083	0.0298717458	0.0510234271	0.0126926258	-0.0687590658	-0.0701077139	0.0935632824	0.0053497721	0.0087243673	0.0043747726	-0.0822670909	0.0099085908	-0.0149440697	0.0158813466	-0.0528980503	0.1000304515	-0.0173718128	-0.1144731177	0.0506475487	0.0820131	0.0013424000000001	1.8020377600002808e-06	0.00672614857161	0.0377855	0.04650133	0.0021623736917689	0.00142774401025	-0.0246871	0.0073844999999999	0.00060945290641	5.453084024999998e-05	0.000240076	-0.000325563	1.0599126696900005e-07	5.7636485776e-08	-0.00119049	-7.440000000000051e-06	5.535360000000076e-11	1.4172664401e-06	0.00175844	4.556999999999999e-05	2.076624899999999e-09	3.0921112336e-06
343.265928196293	0.4477525539631415	0.2004823495805159	117831.49746046256	334.0845628305171	0.0357409937191732	111612.49512165772	0.0012774186320339	218.54831567284657	0.3388780051040498	0.1148383023433004	47763.36628343819	218.1673803983416	423.868870972157	1.09141	18.422058	0.0784596499999999	0.0433629	0.106439053	0.082991789	0.0875808631	-0.0747341494	0.0860989074	-0.080580093	0.047646005	-0.0468978743	0.0991598006	-0.0029905514	-0.1167559837	-0.0153097805	-0.0320504973	0.0770211265	0.0171502662	0.0982861217	-0.082867817	0.0350669026	-0.0258924283	-0.0924684008	-0.0137793081	-0.0006591995	-0.0682581799	0.1247970054	0.0583317094	-0.1673624488	0.0136885359	-0.142409414	-0.2473825724	0.2220337009	0.0143445075	-0.0863158665	0.0331128435	-0.0832391388	-0.0394335345	-0.1486229522	0.157856868	-0.1480427694	0.1512987278	0.0081122379	0.0074063215	0.1473416179	0.0161836116	0.0699592826	0.029140537	-0.0689208407	-0.1431671583	-0.0077874856	0.020030007	-0.0237955316	-0.0605208021	-0.1268784647	-0.0991187999	-0.0337345924	0.0023050297	0.0318851935	0.053068272	-0.0426011767	-0.0646938988	-0.0088088587	-0.0038097059	-0.0677056996	0.1129402457	0.1348702912	-0.0492849252	-0.0559339839	-0.1082169262	0.0495029093	-0.0237154955	0.1064883069	-0.0164762951	0.0149564043	-0.1016770991	0.0543450285	0.0824897376	-0.2011472369	0.0428297566	0.0053788614	-0.0833577339	0.2230057008	-0.2647948689	-0.0690022651	-0.0807221911	0.0484739704	-0.1009979213	0.1807022391	-0.1472418086	0.0250587944	-0.0972246196	-0.0083072537	-0.005431863	0.0991805371	-0.015819811	0.1322847495	-0.0259005898	-0.1178544517	-0.0278903611	-0.007972831	0.0383663321	-0.0036337406	-0.0398469474	0.1299625587	-0.0474524107	-0.138074719	-0.0047105528	0.0412532267	-0.0504143113	0.0084994717	-0.0627469758	-0.0234923421	-0.0715949196	0.0040912587	0.1773576358	0.0991267454	-0.0102249911	0.1509800652	-0.156537633	0.1131881693	-0.0111925987	-0.1193374887	0.0534576796	0.098282209	-0.0015144503	0.0630209722	0.0230540404	0.0659330003	-0.0314839202	0.0420630085	0.0554850796	-0.0378118372	0.2109902118	-0.008608811	-0.0279070454	0.1277599665	0.0192154114	0.0883401147	-0.0757694233	-0.0189743879	-0.020020823	-0.112815636	0.0578154653	0.0724524	-0.0095607	9.14069844900001e-05	0.00524935026576	0.0033804	-0.0344051	0.00118371090601	1.142710416e-05	-0.0365348	-0.0118477	0.00133479161104	0.0001403679952899	0.000418219	0.000178143	3.1734928449e-08	1.74907131961e-07	-0.00118372	6.76999999999991e-06	4.583289999999878e-11	1.4011930384000005e-06	0.00149043	-0.0002680099999999	7.182936009999999e-08	2.2213815849e-06
343.4745031114976	0.2085749152046219	0.0435034952526152	117974.73428769015	334.5575019771722	0.4729391466551078	111928.72212920558	0.2236714364388616	218.89688083395856	0.348565161111992	0.1214976715410289	47915.844438836255	218.54062439600628	424.9156463036488	1.039023	17.537798	0.0695556899999999	0.0347741	0.1104957156	0.0881056413	0.0594600462	0.1204124936	0.0271335383	-0.1022034657	-0.0883851445	0.0788120457	-0.0191639231	-0.0392523489	-0.1367527653	-0.0217381582	0.0238679605	0.1927047485	0.0374317322	0.0774430266	0.0592214692	-0.1091762677	0.0849005783	-0.0252381882	0.0726582486	0.0550961946	-0.0835301408	0.017237781	-0.1027003359	-0.08119685	0.0722301468	0.1038085507	-0.1123195572	-0.1502354294	0.0724671992	0.0510731328	0.0188797105	0.1229245411	-0.2115873176	-0.0109154089	-0.0194963986	0.0144858399	-0.0072396248	0.002420678	-0.0946486251	-0.0083590647	-0.0120157707	0.0502817617	0.0170611263	-0.1707228283	-0.1270862384	0.0204155769	-0.0545596381	0.0473721181	-0.0013286529	-0.0773364181	0.0033445519	0.0145580271	0.1538090016	-0.0369851076	0.0760160607	0.0412065484	-0.0795813973	0.0908060091	0.0440172547	-0.033223815	0.090619188	-0.045522425	-0.0220093305	-0.100419064	0.0166699657	-0.1122597006	0.0872906118	0.0112282816	0.0360845545	0.0513147108	-0.057298792	0.0925192641	-0.0991770642	-0.0470499697	-0.1677959651	-0.0358772102	0.1234107877	0.0845337633	0.0419246689	0.0600008974	0.1200819987	-0.1415524971	0.1022113625	0.1017146719	-0.0255479385	-0.0316532576	0.0305412042	1.13732e-05	-0.0832480821	-0.0470295419	0.0609361766	0.0362517349	0.0066531839	-0.1581213905	-0.1056498256	-0.0797534142	-0.0522943042	-0.0892306596	-0.0074200701	0.1570100881	-0.0335852319	0.067154569	-0.0582138186	0.0016400777	0.0250664869	-0.051712307	-0.100833799	0.0551243677	-0.0019151893	0.0254987273	0.1322184004	-0.0198369715	0.0887624053	-0.0539682091	-0.1662167014	0.0799036589	-0.0186315666	-0.1210315793	0.0049315842	0.0826438501	0.0198372619	0.0568264358	0.0016610508	0.0105443901	-0.0135639923	0.0222495656	0.0256723775	-0.0774995264	0.0750430316	0.0470609007	-0.0481920985	0.0990437983	-0.0330127765	0.1157027214	0.0104714624	0.012858541	-0.0226597522	-0.1109309587	0.0647214634	0.0812321	0.0087797	7.708313209000002e-05	0.00659865407041	0.0178625	0.0144821	0.0002097312204099	0.00031906890625	-0.0333022	0.0032326	0.00110903652484	1.0449702760000012e-05	1.14032e-05	-0.0004068158	1.6549909512964e-07	1.3003297023999998e-10	-0.00132009	-0.0001363699999999	1.8596776899999948e-08	1.7426376080999998e-06	0.00180847	0.0003180399999999	1.0114944159999994e-07	3.2705637409e-06
343.2580186365809	-0.2164844749166832	0.046865527879952	117826.06735831132	334.9826004125376	0.4250984353653848	112213.34257914584	0.1807086797500982	218.7517568075169	-0.145124026441664	0.0210609830506407	47852.331106375015	218.37226077760968	424.6163376909885	1.131029	19.090788	0.0268930399999999	0.0146433	0.1003504603	0.0628036281	0.0898010851	-0.1132833422	0.1011391836	-0.0615117123	0.0039091985	-0.10577281	0.0089584219	0.0604996254	-0.105413884	0.1312693137	0.0178978231	0.0192557214	-0.0236443714	0.1009116512	0.0121848274	0.0454841946	0.1998013309	0.03414232	0.0223196564	0.1246306564	-0.1040255614	0.0877541685	0.0481012024	0.0624006855	0.0904263331	-0.1409277754	0.0316111777	-0.0559581907	0.0530571229	0.01336449	-0.134363647	-0.1557794326	-0.0708169809	-0.1622199	0.0422608287	0.085532657	0.0122298615	0.137130306	0.0207537042	-0.1191207542	0.0747972108	-0.0019988083	-0.0882932112	-0.0511477897	0.1076648773	-0.159584611	0.0549031578	-0.0150677719	-0.070055479	0.0383394899	-0.0162874722	-0.0089350952	0.0370928032	-0.1573841689	0.0065546944	0.0783897145	-0.0584113284	-0.0668286002	0.0002959516	0.0276153729	0.0463712263	-0.111753883	-0.0958520172	-0.0581942531	-0.0298380785	0.0411903102	0.1881174157	-0.0583116456	0.0107686991	0.1172758686	-0.0364594755	0.1140102677	0.0847172684	0.0575719097	0.0360257398	-0.1664435817	0.0581675722	-0.0222117876	-0.0257520503	0.0253887051	-0.0332888645	-0.0619558859	-0.1909044258	0.1232727928	0.0596134065	-0.1710328732	-0.0985560269	0.0959010994	-0.0038805761	-0.0537168457	-0.0900077586	-0.0413414876	0.0391376998	0.1208232354	-0.1162342734	0.1568269711	-0.0308642846	-0.0173164433	-0.099055594	-0.0011465507	-0.0693870891	0.0137416447	-0.036770278	-0.0833960564	0.0085631483	-0.137973401	-0.051940026	-0.0745471793	-0.042667794	-0.0142454011	0.0136253127	-0.1263279524	-0.1042632122	0.0844375455	-0.1233530065	0.0673320449	-9.74952e-05	-0.0256305659	-0.0498849499	-0.0153035416	0.0315862161	-0.0661790427	0.0567959106	-0.0462589038	0.0027563483	-0.0490331536	-0.1506291966	-0.1328470322	-0.0551758566	0.0595329002	0.0145019477	0.1917929852	-0.0699476949	0.0162748813	0.0101978212	-0.0620068141	-0.0252872714	-0.1088228812	0.0713342571	0.093178	0.0119458999999999	0.0001427045268099	0.008682139684	0.0168066	-0.0010558999999999	1.114924809999997e-06	0.00028246180356	-0.0290417	0.0042604999999999	0.00084342033889	1.815186024999997e-05	0.000113398	0.0001019948	1.0402939227040001e-08	1.2859106404000001e-08	-0.00133502	-1.493000000000002e-05	2.2290490000000063e-10	1.7822784003999995e-06	0.00188416	7.569e-05	5.7289761e-09	3.5500589056e-06
342.6911523222251	-0.5668663143558206	0.321337418351352	117437.22587993449	333.9891871871498	-0.9934132253877692	111548.777157933	0.9868698363753308	218.61277378465232	-0.1389830228645792	0.0193162806445761	47791.544861819566	218.2823988505772	420.2953080371966	1.134132	19.14316	0.05381875	0.0344093	0.1083503259	0.0318810714	0.0808461861	0.1228109272	-0.051716446	-0.1529623022	0.0295918241	0.0343876487	-0.0086444527	0.0922876521	-0.0317941937	0.1540174648	0.1297669404	0.0444876622	-0.0927140793	0.0495980879	-0.0309994742	-0.1251901636	0.0103618416	0.1289668041	0.059815471	0.0955024247	-0.0287604249	0.0491552301	0.0447558906	0.0863896348	0.0555790576	-0.0109845791	0.1044600477	0.0603934899	-0.1231214601	0.1207681361	-0.1477673867	-0.0840262052	-0.0399245241	-0.0782863718	-0.0144007739	0.078361375	0.1257346066	0.0639311812	-0.0741142727	0.0808384338	-0.0021363398	-0.0391329217	-0.0701942441	-0.0319899291	0.1401387718	-0.0807919678	-0.0195256947	0.0205324172	0.0884337718	0.0012715132	0.0012923722	-0.001958678	0.0436631867	-0.1483261859	-0.0647943579	0.1142362989	-0.0509603746	-0.0682890759	0.033956752	0.1202024111	0.038225203	-0.0302750365	-0.0692056104	0.0487816792	-0.0594120038	-0.1491796998	0.026629543	-0.1239918998	0.0430180137	0.1102537349	0.0043986295	0.0315804886	0.0495961248	0.0840300305	0.0299049288	-0.0314408758	-0.1077351301	-0.0724988506	0.0461164794	0.159483304	-0.1164252247	-0.0431528167	-0.1295930803	0.0543416939	0.012332897	-0.0500450523	-0.0877214481	-0.0603821811	-0.1550545727	0.0629341497	-0.0084123276	-0.0361414568	0.0616941864	0.1186786099	-0.0187817244	0.0674568237	-0.0387613294	-0.0620649813	0.0731433669	0.0248612572	-0.0323652478	0.0680328742	0.0021555647	-0.1017065213	-0.0291304684	-0.1674992417	0.0156972559	-0.0610755991	-0.0392165733	-0.11458936	-0.009351955	-0.0736365939	0.1134766729	0.0280463651	-0.1180762471	0.0574716411	-0.0991072562	-0.0162555362	-0.0470605029	-0.0883780126	-0.0274146882	-0.1117014265	0.1386846281	-0.0326291009	0.0554583507	0.085567084	-0.0361828112	-0.0003175488	0.0956123722	0.1014934441	0.1261626525	0.1965455168	0.0728237012	0.0280854287	0.0565180419	0.0359642222	-0.0279020578	-0.1064956489	0.0776238888	0.0885234	-0.0046545999999999	2.1665301159999957e-05	0.00783639234756	-0.0139245	-0.0307311	0.00094440050721	0.0001938917002499	-0.031302	-0.0022603	0.000979815204	5.108956090000015e-06	0.000288963	0.0001755649999999	3.082306922499999e-08	8.3499615369e-08	-0.00130641	2.860999999999988e-05	8.18532099999993e-10	1.7067070881e-06	0.00176488	-0.00011928	1.4227718400000011e-08	3.1148014143999995e-06
343.394412360342	0.7032600381169232	0.4945746812122162	117919.7224403046	334.625457433121	0.6362702459712182	111974.19676232547	0.4048398259082745	218.4639944416737	-0.1487793429785995	0.0221352928971437	47726.51686741164	218.09431877045404	421.7854892604727	1.177235	19.870701	0.076747335	0.051407	0.0522847517	0.0598950568	0.0998401615	-0.0096704891	-0.0461380873	-0.0698214793	-0.1123630008	-0.1259918154	-0.0475312255	-0.0047926259	0.0243493745	0.0568531488	0.0587854608	-0.1192548848	-0.1283975289	-0.0640636577	0.0624160683	0.0609026115	-0.0495528597	0.0964315627	0.0307734328	0.0344316034	0.0222735105	-0.143274852	-0.0773022483	-0.0415326763	-0.0664157331	0.1297660352	0.0246420443	0.029702478	0.0526653475	0.0483755898	-0.0413972955	-0.1910736598	0.1128114894	-0.0458299647	-0.1005141612	0.0016840694	-0.0550722622	-0.108752961	-0.0723334567	0.0732818691	0.0339358945	0.0668661516	0.1055521706	-0.104905507	-0.0159464909	-0.0043529055	-0.0432533935	0.0341210023	-0.1110663819	0.0231681409	-0.027716855	0.0161841931	0.0232829258	-0.0110035025	-0.051807449	-0.1046492727	0.0808596128	0.0072062881	-0.002823211	-0.119063097	0.077257291	0.0063853199	-0.0751437862	0.1034809606	0.0924175885	0.0382680148	-0.0465885528	-0.0943304269	0.0342162096	0.0124591584	0.1212984517	-0.0252936188	-0.1369182387	-0.046515575	-0.0704866979	0.1344523334	0.0215374871	-0.0833051448	-0.0373035741	0.0266612637	-0.0149265896	0.078364594	-0.1781898723	0.0026814635	0.147842761	0.0477652003	0.1060683435	-0.1108911456	-0.0193484884	-0.0133139578	0.0144356216	0.0548651883	0.1050426848	-0.0960304755	0.0068255982	-0.0056747959	-0.0657729626	-0.0005627008	-0.1313801151	0.0099821048	0.0072205155	-0.0106279046	-0.0152506357	-0.0270371452	-0.0485518392	0.0945496176	0.0410900361	-0.0368275544	0.0645543806	0.1264292118	0.058235432	-0.0228745599	-0.0690406085	-0.0724462807	-0.1055745389	0.1364041256	-0.0482141484	0.0235974666	-0.0198024733	-0.1369075898	-0.1199777402	-0.0730589623	0.0275024772	0.0078813811	0.0708117086	0.0343949301	0.2091452039	0.0613678451	0.0513384074	-0.0315681455	-0.0686984898	0.0834539442	0.0287328954	0.0334662259	-0.0831797141	-0.0813537858	-0.0305027946	-0.1039539485	0.0835618648	0.0944674	0.005944	3.533113600000006e-05	0.00892408966276	0.0339642	0.0478887	0.00229332758769	0.00115356688164	-0.0361193	-0.0048172999999999	0.00130460383249	2.320637928999997e-05	7.09863e-05	-0.0002179767	4.751384174289001e-08	5.03905478769e-09	-0.00116814	0.00013827	1.9118592900000005e-08	1.3645510596e-06	0.00177058	5.699999999999976e-06	3.2489999999999724e-11	3.1349535363999995e-06
344.5992276650141	1.2048153046720813	1.45157991837208	118748.62770732422	335.9147152113	1.2892577781789782	112838.69589548878	1.6621856185949957	218.6977076846489	0.2337132429751705	0.054621879941971	47828.687346520135	218.3497642308189	431.6859806522396	1.237783	20.892694	0.132365185	0.0775425	-0.0511214541	0.1147305954	0.0075421053	0.032237422	-0.1216032842	0.0017891462	0.1034626929	-0.0524334118	0.0345929921	-0.0295747778	-0.0430266618	-0.0736022723	0.0514608861	-0.0257557465	-0.0354981757	-0.0571780405	-0.1248299925	-0.0519554165	-0.066480986	0.0551586951	-0.0937092415	0.0451925536	-0.0678091663	-0.0659162185	-0.0669410239	-0.0772616469	0.0097030993	-0.0938667415	0.0903922294	-0.0956210529	0.1472657675	-0.0998394024	-0.0379041607	-0.0306041449	-0.0870078928	0.0856617291	0.0180357048	-0.0287962643	-0.1804932152	-0.0428924556	-0.0793065525	0.1251789126	0.0818361391	-0.0630963333	-0.0580160093	-0.0146457663	-0.0148086851	-0.0704026119	-0.0306790161	0.0144537819	0.126255384	0.1022152182	0.0343202348	-0.0083829734	0.0488525603	-0.0484456732	-0.0016531234	-0.0602008509	0.0713841578	0.0231142848	-0.0955945925	-0.0961569462	0.002121236	0.0551744483	0.0501677791	0.1147438918	-0.0941956343	-0.0351984833	-0.063785838	-0.0093248217	-0.1068260452	0.0164593313	0.0320802656	0.0521707004	-0.0985122127	-0.0558325211	0.0760839796	-0.0960954994	0.162924817	-0.1340444766	-0.0514736956	-0.0756704199	0.0207277497	-0.0714257541	0.0015978614	0.0185782412	-0.0588382189	0.024947361	0.2328944028	-0.0194802725	-0.0766510007	0.0609323553	-0.1124251318	0.0132967368	-0.061464689	0.0015216709	-0.0273906214	0.0100361298	-0.0643615719	-0.0223808618	0.0842008365	-0.0853387478	0.0063580009	0.0849913768	-0.0469754946	-0.0926329958	-0.0315224754	0.046234662	0.0255591497	0.0011091932	-0.0484999201	0.1237488906	-0.0026092665	0.043890827	0.0739704817	0.0607110044	0.0419529715	0.1558845979	-0.0551076887	0.0615411438	0.00650945	-0.0513849578	-0.0265543045	0.0037439034	0.0340856751	-0.0221321507	0.0440071451	-0.1350571068	0.0362033376	0.0129586543	-0.0299593676	-0.0949091655	-0.0105352229	0.0252245585	0.2129545737	0.1243915322	-0.0421280524	-0.0275009354	-0.0330881723	-0.1012028987	0.0891212848	0.0965582	0.0020907999999999	4.371444639999958e-06	0.00932348598724	-0.0314836	-0.0654478	0.00428341452484	0.00099121706896	-0.0554208	-0.0193015	0.0030714650726399	0.0003725479022499	0.000508558	0.0004375717	1.9146899264089e-07	2.58631239364e-07	-0.00136092	-0.00019278	3.7164128400000016e-08	1.8521032464e-06	0.00149043	-0.0002801499999999	7.848402249999991e-08	2.2213815849e-06
344.18479717844207	-0.4144304865720301	0.1717526282003296	118463.1746087653	336.22375785777	0.3090426464700044	113046.41534800036	0.0955073573371841	218.79098261727228	0.0932749326233874	0.0087002130558974	47869.49407463154	218.4660602787563	434.2980107935816	1.115628	18.830839	0.0997917	0.0686173	-0.0951111671	0.1050159167	-0.0346490486	0.019422583	-0.0921055599	0.1520835187	-0.0748602668	-0.0391685488	0.001101628	-0.1272876947	-0.098627668	-0.0042501798	0.0159471127	-0.0862400362	0.0542727672	-0.1819006202	0.0807055557	-0.0233402274	0.030144503	0.0168062544	0.0374550823	-0.0093843676	0.0606279865	0.1148103959	0.1562535836	-0.125904067	0.0103472537	0.080797509	0.0514861697	0.0366108212	0.1172625066	0.0063914289	-0.0712036702	-0.0047213012	0.0062356469	0.0726270315	0.0060597428	0.0953457423	-0.0363007745	-0.013152752	-0.0389821508	0.1167694408	-0.1750897036	0.2031866227	-0.1142218358	-0.0378218427	0.0250231315	0.0384436794	0.0099839515	0.1095514174	0.0392515192	-0.0921285311	0.0069759494	-0.117983148	-0.0847711045	-0.0805344351	-0.0521287574	0.0193382536	-0.0940779105	0.0160200425	0.0230596894	0.0554722981	-0.037753749	0.2062875749	0.1369851029	0.0579430355	0.1412791766	-0.010282339	0.0431163302	-0.0211056854	0.0502683045	0.0117621555	-0.0571404387	-0.0517708979	0.1825303469	-0.0914244982	-0.0765973921	0.0180896813	0.0633384674	-0.1304985818	-0.0953102063	0.0332919523	0.00036107	-0.0171353124	0.0223718519	-0.0959325124	0.0107891277	-0.0472883591	0.0733093995	-0.0604844455	-0.0784289209	0.0554412268	0.1919753411	0.194555339	0.0072353619	0.1139461817	-0.0745418412	-0.0054699244	0.0191254135	-0.1002405838	0.0985683805	0.0344988858	0.068208824	-0.1398921066	0.0065943828	-0.0309698356	-0.0444830296	-0.1046000314	-0.0130557281	-0.0037654088	-0.0250067016	-0.0703063082	0.0786420178	0.1240696798	-0.0336591441	-0.1203067566	0.0750087213	0.1260984921	-0.0410706573	-0.090451507	0.1067597623	-0.0050912523	0.0382546221	-0.0935309215	0.0256387272	-0.0263768922	-0.0493688038	-0.0425709369	-0.004533304	-0.0533469126	0.045638086	-0.087801045	0.0141152048	0.057042084	0.1554841866	0.1753700848	0.0661632252	-0.0437411371	-0.0356568892	-0.0982480398	0.094276963	0.0995811	0.0030229	9.137924410000054e-06	0.00991639547721	0.0314432	0.0629268	0.00395978215824	0.0009886748262399	-0.0514216	0.0039992	0.00264418094656	1.599360064000001e-05	0.000281932	-0.000226626	5.1359343876e-08	7.9485652624e-08	-0.00133988	2.1039999999999948e-05	4.4268159999999773e-10	1.7952784144000003e-06	0.00183962	0.0003491899999999	1.2193365609999992e-07	3.3842017444e-06
343.60945239567565	-0.5753447827664218	0.331021619056541	118067.45577565608	335.7850441102785	-0.4387137474915334	112751.59584814166	0.1924697522380649	218.69166925125413	-0.0993133660181513	0.0098631446698552	47826.04619989993	218.351123022352	429.5930794084401	1.130444	19.080906	0.0645566699999999	0.0417519	-0.0975748331	0.0294901958	0.0381103416	-0.0616630529	0.030659738	0.1230116181	0.1205732703	0.0171791387	0.0429115272	-0.0551036698	-0.0429636853	0.082815631	0.0447886241	-0.0431159821	0.1563240124	0.0295170664	-0.0424138795	0.0067853743	-0.022829588	-0.0106273074	-0.0118832446	0.0292120381	0.0050096056	-0.018970869	0.0141217275	-0.2984043541	0.0817620496	0.121101993	0.025306174	0.10539854	0.0731784253	0.1020606365	-0.0759979081	-0.0417810922	0.1791791856	0.0627374312	0.0827216484	-0.1019523192	-0.0834427964	0.008202818	-0.0383806953	-0.0630758345	0.1914136031	0.0036028371	-0.0362831644	-0.0350570345	-0.080422761	-0.0105270316	-0.0608425221	0.0457845288	-0.0465907448	-0.0287217235	-0.0327081033	0.0598064482	-0.093499712	0.0301914488	-0.0440808789	0.0320951011	0.048569006	-0.0803808514	-0.0659977461	-0.0294955932	-0.0979921649	-0.1166054753	0.1044330806	-0.1142851304	-0.058072886	0.0288071164	-0.0093221451	0.0184385021	0.0060505568	0.0129059495	0.0464027045	-0.0153589147	-0.0056317213	-0.2824700774	-0.1390679829	0.0118067159	-0.0365255615	-0.1100980689	-0.1177754515	0.1630846084	-0.0226990184	0.1425671897	-0.0449408386	-0.0947703266	-0.041909782	0.0360520113	0.0830711539	0.056350853	0.0239747948	-0.067214007	-0.1839725399	0.0513555639	-0.004602775	-0.0537990811	-0.0766846468	-0.0467523617	-0.0574670687	-0.003848801	-0.0602328299	-0.0075610719	-0.0020787077	-0.0383003917	0.1177699563	0.0980674604	0.0137438106	-0.0084032812	0.0293689657	-0.0736330978	0.0560387302	0.0956558	-0.2113340645	-0.0845305692	-0.0031168637	0.1087695606	0.0908048543	0.0279972102	-0.0047375478	-0.1700488223	0.0565948466	-0.0263869908	-0.0916019889	-0.0744925042	0.0035506326	-0.0171259554	0.0085258411	-0.0088320681	0.0236452873	-0.0359494161	-0.0484287256	-0.0812233746	0.068254567	0.0091306443	-0.0221382193	-0.0085660181	-0.0847014754	0.0464163245	-0.0382076517	-0.0950953223	0.0990055431	0.104185	0.0046038999999999	2.1195895209999947e-05	0.010854514225	-0.00633232	-0.03777552	0.0014269899112704	4.00982765824e-05	-0.0515828	-0.0001612	0.00266078525584	2.5985440000000075e-08	0.000506583	0.000224651	5.0468071801000014e-08	2.56626335889e-07	-0.00142776	-8.787999999999982e-05	7.722894399999967e-09	2.0384986176e-06	0.00171183	-0.00012779	1.6330284100000004e-08	2.9303619489e-06
343.3929718393013	-0.2164805563743357	0.0468638312881419	117918.7331086272	335.8357897395581	0.0507456292796177	112785.67766999268	0.0025751188909844	218.6152095478645	-0.0764597033896166	0.0058460862424281	47792.60984565671	218.27948115757533	427.5843984508876	1.018549	17.192215	0.05935817	0.0331324	-0.0898051932	-0.0166414826	0.0125881254	0.0883080225	0.0507116044	0.062536733	-0.0179539073	0.1108602192	-0.1173898942	-0.0491332425	0.0799683753	0.0280208915	0.1182634584	-0.0230185107	0.0416919353	-0.0283323368	0.0666580466	-0.0403778986	-0.0923643463	-0.0424168228	-0.0203505733	-0.0559179851	-0.0583566057	-0.0589024728	-0.0165432438	-0.0361577437	0.0189400913	0.0285741147	0.1495292874	0.0675551829	0.0447054743	-0.0005112482	-0.0717273416	0.1248968005	-0.0037134712	-0.0070367065	0.073817012	0.0716995482	0.0861211554	0.153609859	0.0202480699	-0.0601643566	-0.1076878112	-0.0700225972	-0.0178269494	-0.0175203494	0.0588565377	0.0416163392	-0.0126655572	0.0320755811	-0.1139364544	-0.0049781231	0.0636670574	0.012471768	0.0383298702	-0.0420475657	-0.0608664282	-0.1234152649	0.1472350865	0.014710038	-0.0877191901	0.0232264917	-0.026542816	0.0993084375	0.0388269867	-0.0421465392	0.0692418147	-0.0459202451	-0.0853768496	0.0499712239	-0.0039866331	-0.0710185829	0.0275570963	0.0489713211	-0.0330561568	-0.0336521996	0.0276612836	-0.0152668589	-0.0348996993	-0.200753709	-0.0249863559	0.0507071006	-0.0242578605	0.0065423955	0.1008748381	-0.0130656367	-0.0672262575	-0.1040990295	-0.1346918089	0.0764520966	-0.0665349155	0.0012594898	0.0752428834	-0.0999268585	0.0204072193	0.0661973956	-0.0249410174	-0.0328186675	0.0109194282	-0.0015376442	-0.1013690909	0.0265589445	0.1122006845	-0.0152033794	-0.0366062719	-0.155388378	-0.0930006513	0.13266169	0.0836313034	0.016033027	-0.0511194455	0.012458711	-0.0234789466	0.0644329156	0.07880145	-0.0777218528	0.0595807668	-0.0107946615	0.0352374334	-0.1539839833	0.0282315644	-0.0756153259	-0.1145888747	-0.0068531654	0.001805651	0.0310596277	-0.0016429476	0.0292600308	0.0002922571	0.0396928298	-0.1217771747	-0.0754146966	0.0407448852	-0.0382079707	-0.0547948794	0.1147656942	-0.0694241117	-0.0736233107	-0.0407391756	-0.0917510955	0.1032856033	0.107526	0.0033409999999999	1.1162280999999978e-05	0.011561840676	0.0191216	0.0254539199999999	0.0006479020433663	0.0003656355865599	-0.0528442	-0.0012614	0.00279250947364	1.5911299600000071e-06	0.000242386	-0.000264197	6.980005480899999e-08	5.8750972996e-08	-0.00153071	-0.00010295	1.059870250000002e-08	2.3430731041e-06	0.00193072	0.00021889	4.7912832100000015e-08	3.7276797184e-06
343.32597446072333	-0.0669973785779802	0.0044886487363212	117872.72473940524	335.30159815152484	-0.5341915880332522	112427.16172296664	0.2853606527254878	218.41044711323045	-0.2047624346340626	0.0419276546372687	47703.12340820123	218.0415532439096	425.5673998970565	1.122626	18.948959	0.0360073599999999	0.0191182	-0.0808697553	-0.0398969214	0.0522464704	-0.1548124073	0.1602351261	0.0672798045	0.0688148815	-0.0593176584	-0.0407836812	-0.0183072522	0.0743969242	-0.0103811472	0.0208889498	0.085315048	0.0835067705	0.0604080281	0.0358645827	0.1239105124	-0.0610339345	-0.0961299271	-0.0662576931	-0.1773633114	0.0545522811	0.0492257824	0.0875990652	0.0063104214	0.0777287579	0.0462681585	0.0684759767	0.0460311284	-0.0273079515	-0.1043093958	0.0792892939	-0.0066520571	0.0528331704	-0.0465957273	0.0201160955	-0.078374055	0.0752686073	-0.0052305829	-0.0301273849	0.0399236141	0.012593759	-0.116414581	0.1856030123	0.0306203005	-0.0116595824	-0.151801691	0.0014028737	-0.0839199648	0.1080336447	-0.0512372701	-0.1632999718	0.1413144108	0.1031625937	-0.0089625024	-0.1149039012	0.0521670933	-0.0914175709	-0.157518815	-0.0547298347	-0.0313230196	0.067493041	0.0248859505	-0.0081291432	-0.1103282406	0.0019282324	0.134764372	-0.0701250226	0.0923047746	-0.0291483813	-0.1504687386	-0.0373648476	-0.060150098	0.1356056488	-0.0066674176	-0.048686764	0.0121110888	-0.1027083373	-0.0500621462	0.0259833146	-0.0904681493	-0.0105405239	0.0887099726	-0.0076862376	0.0785419271	-0.0382709019	0.0532100687	-0.0199236478	-0.0364111505	-0.0204232554	0.0610754602	-0.0425551587	-0.1215835435	0.0021084581	-0.1662086418	0.1326026944	0.1265407597	-0.0150491755	0.0267506301	0.0627940497	0.0557136078	-0.2183189218	0.0794291027	0.0611811477	0.0560213455	-0.1856546181	-0.0710312945	0.0221991916	-0.1701245815	-0.0718936026	-0.0136507452	-0.0020855966	0.0381345387	-0.093453801	0.0994657486	0.063010813	0.0356339034	0.1052084186	-0.1067311954	0.0452782158	-0.0028151553	-0.109093393	0.0523019665	0.0212299042	-0.027553968	0.0286602637	-0.0370981437	0.0023610807	0.0393679393	0.0005942401	0.0203107659	0.0324502357	0.0756426294	0.0882445134	0.0858891219	0.1026104433	0.0341389999	-0.043250186	-0.0882220943	0.1070977539	0.105401	-0.002125	4.515625000000008e-06	0.011109370801	0.00993264	-0.00918896	8.443698588159999e-05	9.86573373696e-05	-0.0487003	0.0041438999999999	0.00237171922009	1.7171907209999993e-05	0.000398136	0.00015575	2.42580625e-08	1.58512274496e-07	-0.00153071	0.0	0.0	2.3430731041e-06	0.00167548	-0.0002552399999999	6.514745759999994e-08	2.8072332304e-06
343.42142023672955	0.0954457760062155	0.0091098961574286	117938.2718774124	334.79200692162755	-0.5095912298972962	112085.68789861113	0.259683221588239	218.7133360764204	0.3028889631899574	0.0917417240222873	47835.52337767722	218.3417564383008	424.2952781784644	1.121569	18.931108	0.0407644399999999	0.0302007	-0.0602714158	-0.0107872355	0.1223662155	0.0868196932	0.0403041088	-0.0429859989	0.0659857025	0.1150540314	-0.0810908226	-0.1037555514	-0.0243813594	-0.0655810473	-0.0189469069	0.0557580104	0.0386331829	0.1329602957	-0.0070124562	-0.1041801697	-0.0140241369	-0.0150288935	0.0184044961	-0.0144689077	-0.1017521952	0.0272310263	0.0405862318	-0.1056030062	0.071271586	0.1216148756	0.1125708393	0.0481368831	0.1377249238	-0.0083311878	0.0655737189	0.0108707082	0.0421867422	-0.0319426704	0.0214027748	0.0340879904	0.0871361915	0.0656515289	0.0642868682	-0.1011627362	0.0365381231	-0.0282387542	-0.1042059916	0.2039563603	-0.1717504909	0.0316175848	-0.0026975899	-0.010881703	0.0819626545	-0.0250917181	0.0215121742	0.0721624457	0.0598404884	0.1590613702	-0.0138453852	-0.0156354238	0.1071392635	0.084722884	-0.0399389068	0.1199300123	-0.0031769274	0.0353761355	-0.0445055637	-0.1056875449	-0.0695365856	-0.0983454673	-0.003950101	0.013971247	0.0005210524	-0.0210032505	-0.0345692364	0.0928218652	0.0413303655	-0.1236413874	-0.1105860994	0.0159729193	-0.0649678564	-0.1594923429	-0.0477892161	-0.0306509366	0.1219456821	0.0229444741	0.0260488483	-0.0242152714	0.0204731236	-0.0492328776	-0.1298625914	0.0702889876	0.0390457281	-0.0326111632	-0.0840616915	0.0315638961	-0.2424201996	0.006709503	0.0710346738	-0.0784600236	0.0574223765	-0.0062990357	0.0968539913	0.0321918743	-0.0238918947	0.0687060854	0.0054783325	0.0705896041	-0.0239705315	0.1427821639	0.1051646685	0.1562767345	-0.0375663766	-0.082444336	-0.0552224404	-0.0293333994	0.1079457091	0.0216311469	0.0111083948	0.0443618113	0.0438063016	-0.1174554436	-0.073879724	0.0614836633	-0.0214675214	0.094621639	0.0446304126	0.0462533971	0.0166725942	-0.008275944	0.0594787089	-0.0236538726	-0.0107761808	0.0585855774	-0.0484767359	0.0292289546	0.0133136302	0.1201765456	0.045070052	0.0219586614	-0.0457394187	-0.0845154255	0.1104247249	0.103495	-0.0019059999999999	3.632835999999966e-06	0.010711215025	-0.0179839	-0.02791654	0.0007793332055716	0.00032342065921	-0.0517981	-0.0030977999999999	0.00268304316361	9.596364839999989e-06	0.000548768	0.000150632	2.2689999424000013e-08	3.011463178240001e-07	-0.00153071	0.0	0.0	2.3430731041e-06	0.00168173	6.249999999999962e-06	3.906249999999953e-11	2.8282157929e-06
343.2961518644411	-0.1252683722884739	0.0156921650958037	117852.2478849334	335.8454211946786	1.0534142730510323	112792.14693743104	1.1096816306676354	218.8055762742695	0.0922401978490938	0.0085082540992399	47875.88020871516	218.40494453430176	425.0622075044212	1.169325	19.737183	0.0895396649999999	0.0515904	-0.0730927015	-0.0069116149	0.164474104	-0.0654103435	0.0541803266	-0.0165017063	-0.0045528618	-0.0980691492	-0.1255716864	-0.0117104487	-0.0372023934	0.0423362009	-0.0187655613	0.0007217419	-0.0799141488	-0.0184699185	0.0919426815	0.0646825086	0.1683194892	0.0304583763	-0.0224507355	0.0663840786	0.1449615437	-0.0272024359	0.2394627229	-0.0333132209	-0.1533250161	0.029615011	0.0067037661	-0.0765774024	-0.0531142111	-0.0221443731	-0.0290523128	0.0409835658	0.0251918487	0.1399230772	-0.045160711	-0.0157117134	0.1117987556	0.1410364414	0.0365122396	0.0819411202	-0.0585509036	-0.1391477845	0.1236260522	-0.0681757922	-0.1115861239	0.1616447717	-0.124624024	-0.0858573675	0.1133857842	0.0620705915	-0.099642568	0.012355184	0.0980216754	0.0345586209	0.1019538923	-0.013165169	0.0050539903	0.0594191508	-0.0441435359	-0.0231256988	0.0856711075	0.0596923489	-0.0901231717	0.0307558327	0.0999483973	0.0624114666	0.1605722326	-0.0452271659	0.0022066685	0.0881089871	0.092681201	-0.1564377489	0.1950921708	-0.0478602379	0.0629849296	0.1141784107	0.0936997208	-0.0037796995	0.1056943484	-0.0138499918	-0.0220563517	-0.0173179593	0.0418887735	-0.1206813299	-0.0339322334	0.0734164864	-0.1100787095	0.0881884555	-0.1031603454	0.1237776781	0.0575197062	-0.0901856076	0.0030056892	-0.1689867967	0.0699471587	-0.1790179734	-0.0723521306	0.1489691832	0.0826520951	-0.0128518325	-0.078105836	0.0606129625	-0.0204091752	-0.0350319302	0.0208360505	0.088400877	-0.0408581124	0.0447321471	-0.0833348431	0.0287128188	0.1427487362	0.0661913068	-0.127487929	-0.0532020944	0.0250915962	0.0844440338	0.0600610041	-0.0036998454	-0.1244940664	-0.030094575	0.0150731495	-0.1202285178	0.0951914213	-0.0507370294	-0.0099811242	-0.0166370358	-0.0733855476	-0.0199699125	-0.1354583463	0.1122537951	-0.0903712126	0.0540481922	0.0339459311	0.0391844519	0.0052025007	-0.0818634559	-0.0482056202	-0.0806385538	0.1132514443	0.111553	0.0080579999999999	6.493136399999993e-05	0.012444071809	0.0188348	0.0368186999999999	0.0013556166696899	0.00035474969104	-0.0505988	0.0011993	0.00256023856144	1.438320490000001e-06	3.92647e-05	-0.0005095033	2.5959361271089e-07	1.5417166660899995e-09	-0.00145234	7.836999999999992e-05	6.141856899999987e-09	2.1092914756000004e-06	0.00196313	0.0002814	7.918596e-08	3.8538793969e-06
342.9544425735769	-0.3417092908641734	0.1167652394628963	117617.74968095284	334.8681316938372	-0.9772895008413798	112136.66562412107	0.9550947684547932	218.54557684941133	-0.2599994248581652	0.0675997009265766	47762.169160441954	218.2153953007289	421.3900921041409	1.114844	18.817598	0.090122715	0.0614639	-0.0600017987	-0.0451866836	0.1831162096	0.0690523536	-0.0628864094	-0.0928901681	0.1538530048	0.0127618137	-0.0284196583	0.0240464603	0.0393371082	0.1067582839	0.0421088111	-0.0449655412	-0.0408510405	0.1264046127	-0.0759973699	-0.0886614362	0.0613939053	0.1577334194	0.1430745026	0.0118160838	0.0952508795	-0.0983029771	-0.1668903763	0.0371449471	0.0651013428	0.0361382194	-0.0636066377	-0.0267540672	-0.088153174	-0.0202086649	-0.0351266853	-0.116394242	0.1006404236	-0.0554342758	0.0696751897	0.0454022767	-0.0083907479	0.0093123218	0.0736686393	0.043734923	0.0265724536	0.0339899933	0.1187550313	-0.0047318484	0.1417113564	0.1728384058	0.0923894147	-0.0690497336	0.0881766987	-0.0009071939	0.0641586116	-0.119869585	-0.0569249227	-0.0683309259	0.2126327589	0.0388184069	0.0593952911	0.0700605935	0.0103322859	-0.1154740373	-0.1236369658	0.0351087209	-0.0669080726	-0.0144218711	-0.1329687046	-0.1036530646	0.0597494534	-0.1665151952	0.091789137	0.0027088457	0.0355752656	-0.0763441788	-0.2057701169	0.0387676917	-0.0771250169	-0.0291302267	-0.0171467327	0.0747165924	0.0559488468	-0.0349850249	-0.088447748	0.0867872251	-0.1055276433	-0.0387655047	0.014166816	-0.1020327114	0.0188944285	-0.0146624063	0.0485879141	0.0739899102	-0.0048569754	0.0231441623	0.1819293224	0.0308479896	0.0812162074	-0.0356079698	0.1513495851	0.1108225637	0.1212815203	-0.0266546396	0.0601998723	-0.0602868747	-0.0311042106	-0.0902134047	0.2201583877	-0.0077212805	-0.105290987	0.0437475269	0.0320096661	0.1220971989	-0.0473512211	0.0674269922	0.0814388077	0.081263565	0.037838265	0.0344350042	-0.0419177896	-0.0151378826	-0.1303187465	-0.117678285	-0.0683419129	-0.0621542219	0.1254989408	0.0071905679	0.0137966271	0.0382056292	0.0467248612	-0.0086046192	-0.0155954684	0.0432554892	0.079027217	-0.0313955057	0.0079842351	-0.0195230561	0.0076917158	0.1449881152	-0.0506475487	-0.0765992869	0.1155651064	0.107449	-0.0041039999999999	1.684281599999997e-05	0.011545287601	-0.0329845	-0.0518193	0.00268523985249	0.00108797724025	-0.0551152	-0.0045164	0.00303768527104	2.0397868960000036e-05	0.000535235	0.0004959703	2.4598653848209e-07	2.86476505225e-07	-0.00145348	-1.1399999999999518e-06	1.2995999999998902e-12	2.1126041104e-06	0.00186658	-9.654999999999992e-05	9.321902499999988e-09	3.4841208964e-06
343.07428053813913	0.1198379645622367	0.0143611377504199	117699.9619667618	334.50924724885493	-0.3588844449822659	111896.43649499556	0.128798044850229	218.57760786313065	0.0320310137193189	0.0010259858398871	47776.170659168514	218.21830337070284	420.0843965264999	1.084177	18.299974	0.0607364	0.0487735	-0.0306037189	-0.0340961552	0.1394201822	0.0834665655	-0.10330109	-0.0713115853	-0.0840586081	-0.0302748207	-0.0681244782	0.0110288236	0.0950607885	0.0295422298	0.031349599	-0.0214622349	-0.1477613011	-0.0595567426	0.0980748403	-0.0352004561	-0.0344944967	0.1518817074	-0.0639443213	-0.1509570497	-0.0531034298	0.0589071524	-0.0132077281	0.0180543212	0.0396159002	0.0801538033	0.0503006344	0.0093240722	0.0175657469	-0.0464265038	0.0033450293	-0.0340850662	0.0345357425	-0.1028020347	0.0702187623	-0.0765896237	-0.0749060797	0.170777005	0.218109435	-0.006315611	0.0250240941	0.0240448692	-0.0227306294	-0.1066279404	0.0616480766	0.0337009803	-0.0494484149	-0.109435328	-0.0074529523	-0.0379545818	0.0518538794	-0.001204911	0.0729408322	0.1939658438	-0.0834020637	-0.0142607936	-0.0730082737	-0.0419074082	0.1089423847	-0.0779704764	-0.0995258803	-0.0112510853	-0.075874464	0.1099064091	0.1158398658	-0.0576560299	-0.035992719	-0.1497080659	-0.0726749051	-0.1448518255	-0.0205645202	0.0489298844	0.0464943654	0.0121308571	-0.067911739	0.0347085636	-0.0397028101	-0.0693295664	-0.0033031525	-0.0235962411	-0.0202091119	0.0794335368	-0.0358547438	0.0651241155	-0.017654705	-0.0637588391	-0.0012221771	0.2308548232	0.143579609	0.1260165074	-0.0034538486	-0.0040030482	0.113174699	0.0032711905	-0.0791931246	0.0088506478	-0.0392617013	0.0904871355	0.0633832577	0.0884910714	0.0340976916	0.0507467381	-0.0690554718	0.163402335	-0.0655035371	0.0185697176	0.0121834044	0.0288074803	0.1413198224	-0.0417186791	-0.051682169	0.1012090295	0.0274142769	-0.1146746037	0.0124951191	0.0981480005	0.0343879907	0.0795868476	-0.0497756771	-0.1570775519	-0.1225612165	-0.0357922058	0.0782588548	-0.0067187356	0.0206692488	-0.0182480044	0.1051879332	-0.0156218129	0.0400141709	0.0163340877	-0.0971735895	-0.0992689652	-0.076176616	-0.0228013676	0.0229755468	0.1078767657	-0.0530639746	-0.0724057592	0.1173552296	0.107217	-0.0002319999999999	5.382399999999819e-08	0.011495485089	0.0140411	0.0470256	0.00221140705536	0.00019715248921	-0.0516798	0.0034354	0.00267080172804	1.1801973160000035e-05	0.000394647	-0.000140588	1.9764985744000012e-08	1.55746254609e-07	-0.00145122	2.2600000000000224e-06	5.1076000000001015e-12	2.1060394884e-06	0.0019246	5.801999999999999e-05	3.366320399999999e-09	3.70408516e-06
343.3194827987782	0.2452022606390755	0.0601241486225131	117868.26726922057	334.4638503308141	-0.045396918040808	111866.06717811324	0.0020608801676038	218.5727115012052	-0.0048963619254607	2.3974360105101447e-05	47774.03021298908	218.24411955924265	423.3638652084838	1.155975	19.511856	0.05447285	0.031861	-0.0003536409	-0.0373463122	0.0407305991	-0.0414503839	-0.0612137253	-0.0496775201	0.0850077047	-0.0461214222	0.0814394772	0.0543742276	0.1327748711	0.0165990835	-0.0153319223	-0.0529954737	-0.0245534861	0.0470712566	-0.1453685231	0.0436659436	-0.0850883532	0.1247211594	-0.0163548842	-0.1444169439	0.0165754844	-0.039596978	0.0840656842	-0.0696217878	-0.0047467621	-0.0667935886	0.0281679265	-0.0370067331	-0.1044525229	-0.0371730055	-0.1084205357	-0.181121774	-0.0988840625	-0.0963900968	0.0030634745	0.0915853482	-0.1438704689	-0.0898568642	-0.0476543297	-0.0242891892	-0.0049139179	-0.0042438615	-0.1052705527	-0.0348766323	0.0250986945	0.1422506018	-0.0024647214	0.1302784404	0.0478129048	-0.0075111583	0.0148156923	-0.0747776398	0.1156980639	0.1507692622	0.0007471871	0.0786276708	-0.0519373127	0.1101209375	0.0627770273	-0.0355145314	-0.0811446808	0.0353533181	-0.0034856806	0.0532968638	-0.155448387	0.0331558809	-0.0897750436	-0.1115589586	-0.0047840517	-0.1339200708	0.0451841911	-0.0423642372	0.0746984313	-0.0836068827	0.0430457958	-0.0231900993	0.0384101977	0.0110365951	0.0705170635	-0.022598203	-0.1355969849	-0.0995020728	-0.1652089637	0.0812463383	0.0597464978	-0.1236858586	0.1618724679	-0.105057217	0.0053026334	-0.0468135132	0.0051313792	-0.0164932362	0.0288902263	0.0949554146	-0.0819021266	-0.1476351862	0.0034525304	-0.0810967747	0.1047041788	0.0237127889	-0.006910797	0.0327618604	-0.1083521095	0.1397582593	0.0481765967	0.0305125542	0.0108258184	0.1348902771	0.0256097409	-0.0356074669	0.0795782316	0.0810454756	0.0014050951	0.1316203142	0.0305272548	0.0241886389	-0.0388316452	0.0702205161	-0.0271384235	-0.1302972616	-0.1051098477	0.0683476147	0.0272952565	0.1420070681	0.0011740874	-0.0828809379	0.0194071429	-0.0603841132	0.0138814323	-0.0265753432	0.006551952	-0.0858589719	0.000869769	-0.0637214926	0.0213406962	0.0005998104	-0.0554536812	-0.0680664159	0.1186137044	0.111346	0.0041289999999999	1.704864099999995e-05	0.012397931716	-0.0141812	-0.0282223	0.0007964982172899	0.0002011064334399	-0.0565375	-0.0048576999999999	0.00319648890625	2.3597249289999997e-05	0.000554564	0.000159917	2.557344688900001e-08	3.07541230096e-07	-0.00153071	-7.948999999999999e-05	6.318660099999998e-09	2.3430731041e-06	0.00181873	-0.00010587	1.1208456900000022e-08	3.3077788129e-06
343.6487618658322	0.3292790670540171	0.1084247039999638	118094.47153191948	334.4977029284193	0.0338525976051755	111888.71326438904	0.0011459983646179	218.7177102626184	0.1449987614132055	0.0210246408113637	47837.43678252269	218.40128294354395	424.3507251589765	1.138206	19.211922	0.02107081	0.014064	0.0604753457	-0.0167994763	-0.0820384151	0.0835326048	-0.1151200698	-0.0129483815	-0.1072361118	0.0024302748	0.0794317029	-0.0356169174	0.0507618945	-0.0792741004	-0.0519938953	0.0724780516	-0.0600109413	-0.1418814684	-0.0421278514	-0.1011241844	-0.0081303841	0.0237770032	-0.0532934321	0.015163249	0.0368227867	-0.0505923322	-0.0347135667	0.0116502183	0.0392612304	-0.0263693199	-0.0012194617	0.043435182	-0.0070538317	-0.1024723266	0.1469993965	0.0685101965	-0.0686893268	0.0217747542	0.0176376864	0.0869223919	0.0387368778	-0.1847120179	0.0935567482	-0.0395377065	0.0225686963	-0.0461012942	-0.0575014569	0.0366083513	0.0545391654	-0.0081004068	0.0308267112	0.053037441	0.0789606734	0.0955174836	-0.0019122351	0.0317507783	0.1640597844	-0.0501151237	0.0446246791	-0.0811662286	0.0690472685	0.1313614175	0.1234646253	0.0228960752	-0.0123188362	-0.0471453751	0.0712443464	0.1393374292	0.0313804748	-0.0822656813	0.0062705038	0.0089191596	-0.0753057808	-0.0021798863	0.0312841564	-0.0301356054	-0.0571443071	-0.004152216	-0.0142024929	-0.0479800814	-0.0585528168	0.0221588643	-0.0165430595	-0.1426601821	0.0442555077	-0.0608572206	0.1050822804	-0.0215494281	-0.0230215964	-0.0314862836	-0.0400080906	-0.1675731306	0.1531338371	0.0066418457	-0.029504293	-0.0654561222	-0.0183132385	0.061058152	-0.0056837851	-0.0041580268	0.0119818348	-0.1012927559	0.0247567139	-0.0302653986	-0.0764717294	0.1438795857	-0.0893575192	-0.1346393125	0.0260822128	0.0807425506	-0.0505413805	0.1009109757	0.119066689	0.0133275819	0.074897885	-0.051423626	0.0689255194	-0.0623093221	0.0248606414	0.0429130854	0.0285843835	0.1149935085	0.0915600705	-0.0439018795	-0.0044945506	0.0310466454	0.055664712	0.0684147958	0.0536156331	-0.2098641646	-0.0438093469	-0.0527628615	-0.0183436139	-0.0355150602	0.0488477379	0.0526255426	-0.122059009	-0.0125474002	0.0141349028	0.0656802004	-0.0578154653	-0.0635899959	0.1193348294	0.111652	0.000306	9.363600000000044e-08	0.012466169104	-0.00122574	0.01295546	0.0001678439438116	1.5024385475999998e-06	-0.0611495	-0.004612	0.00373926135025	2.1270544000000047e-05	0.000529757	-2.4807000000000063e-05	6.153872490000031e-10	2.80642479049e-07	-0.00153071	0.0	0.0	2.3430731041e-06	0.00185787	3.914000000000001e-05	1.5319396000000007e-09	3.4516809369e-06
343.4914083154752	-0.1573535503570156	0.0247601398099578	117986.34758654852	335.2788765458582	0.7811736174389239	112411.92505785284	0.6102322205826142	218.5872382857414	-0.1304719768770041	0.0170229367501935	47780.38074138749	218.25687210900443	425.50438503374846	1.155001	19.495407	0.01883771	0.00927664	0.0623494966	-0.0490355659	-0.1912860801	-0.1138798602	0.0223387598	0.1081059025	-0.0167806692	0.0007512232	0.1386483758	0.0410544774	0.0400665141	-0.0376763438	0.0099781733	-0.1314333507	0.1427568662	0.0182170558	-0.0639806958	0.0477515161	-0.0058255514	0.0909814688	-0.0551851834	0.0302372488	0.1201525643	-0.0450520909	-0.0035187212	0.0534310113	-0.151739317	-0.0698780017	-0.0581617804	-0.0175401068	0.0294185066	0.0911685342	0.021029511	-0.0340728743	0.0248191929	0.0330138811	0.0086863038	0.0336979582	-0.0871135429	0.0271450455	0.0562350839	0.0839743837	0.0540855446	0.1851882739	0.0734734199	-0.0805964024	-0.0451792973	0.0934706253	-0.0247287023	-0.0041109105	0.0653539055	0.023297935	0.0267375968	0.0608021815	-0.0170638654	0.0295890992	0.017707338	0.0212219957	0.0160185963	-0.0144568374	-0.0799253014	0.125937056	-0.1457737557	-0.046002194	0.1128883996	-0.0751415903	-0.0726377111	0.0684723229	-0.0120100958	-0.0732084856	-0.0586935482	0.0288381043	0.0632100248	-0.1234308681	-0.0273179082	0.0593892867	0.1241925081	0.0652603769	0.0503772318	0.0738463321	-0.0282008203	0.022134315	0.053547025	0.0071404552	-0.0469791342	-0.0752165593	0.0430667065	-0.0293785593	0.0734784957	0.0459143936	0.0160109833	0.030417	0.0287953183	0.192711417	0.1227295759	-0.1123919026	-0.0161610974	-0.0600579265	0.0017855351	0.0077888282	0.0413929974	-0.023402479	0.0372063164	0.0362983864	0.0356556352	-0.0105629909	0.0046109835	0.0164649156	-0.0196068695	0.0821476414	0.0153898054	-0.0311157232	-0.1834116283	-0.0043156817	-0.0464627407	0.0818674753	0.0191234981	-0.05014306	0.0679129219	0.0211478468	0.1680021533	-0.0025082971	-0.0149634123	-0.0998248017	0.0003216769	0.1004703478	-0.0256082732	-0.1043932167	0.0064303071	0.0147452255	0.0671047831	-0.1396803193	0.0823151882	0.081012575	-0.1080563254	0.0212016299	0.1247778542	-0.1095548094	-0.0601481375	-0.0589855141	0.1195153378	0.109199	-0.0024529999999999	6.017208999999985e-06	0.011924421601	0.00624272	0.00746846	5.57778947716e-05	3.8971552998400005e-05	-0.0591528	0.0019967	0.00349905374784	3.986810890000016e-06	0.000638978	0.000109221	1.1929226841000013e-08	4.08292884484e-07	-0.00154564	-1.493000000000002e-05	2.2290490000000063e-10	2.3890030096e-06	0.00184363	-1.424e-05	2.0277759999999998e-10	3.3989715769e-06
343.2441930783471	-0.2472152371281026	0.061115373468304	117816.57608200565	335.12206799090785	-0.1568085549503735	112306.80045450266	0.0245889229056243	218.4729420678657	-0.1142962178757045	0.0130636254206905	47730.426415789	218.10214324951173	423.1748546214122	1.010665	17.059141	0.0304313199999999	0.0162346	0.0592448128	-0.0868669635	-0.1770790016	-0.020815489	0.0705168486	0.006643939	-0.0563008962	0.1205226721	-0.042227373	0.0143309684	0.0524336649	-0.0776326248	-0.0549111098	-0.0587568805	0.0299357728	0.0709443808	0.0770041788	0.001961229	-0.0895278738	-0.0248602074	-0.1739355701	-0.0111461041	-0.0659322555	-0.0647523583	-0.0725925061	0.0423829941	0.0142883863	-0.0937308437	0.0029554326	-0.0499030696	0.0390645124	-0.0445185742	-0.1514259405	-0.010397822	-0.0179188502	-0.0058047865	0.0791392055	-0.1392457378	-0.0589104337	0.0180482649	-0.0159760843	-0.2032467974	-0.1574588533	0.0120738209	0.005284356	-0.085143163	-0.0296872051	-0.0120936558	0.0201001719	0.0187337136	0.0388766628	0.0670464221	0.0540652904	0.1096551686	-0.1935507572	-0.0700340904	0.0610806678	0.0521704609	-0.0733729132	0.082101091	-0.0490728733	-0.0309372735	0.1323520097	-0.1093548843	-0.0379259943	-0.0989326556	0.0398148992	-0.0038992465	-0.1003999104	0.0503660033	-0.1552728326	-0.0345487331	0.0670844938	0.0481355701	-0.0659029006	0.0299867172	0.0564127612	-0.0670440634	0.0855128898	-0.0326511195	-0.0374352093	0.0026995445	-0.0886874996	0.0142550385	-0.0536435266	0.072423298	-0.1005618223	-0.0038468565	0.0253886103	0.1282559852	0.0587844502	-0.1632167441	0.1525774152	-0.0745560287	-0.0506490688	-0.0517060004	-0.0995537718	0.0438069528	0.0040537255	0.0328414898	0.0076635111	-0.1146989336	0.0654059194	0.0344731818	0.197571638	0.0108763555	0.0782551945	-0.0951699149	-0.0534576811	0.0408359819	-0.0829002188	0.0749097557	0.0645057248	-0.1488522308	0.0426159057	-0.0031119801	-0.0375229591	-0.044944163	0.1675025438	0.0104763376	0.0250380497	0.020830524	-0.0624551789	0.0469268645	-0.07622605	-0.0166528108	-0.0379300783	-0.1711728673	-0.0207395777	0.0696425189	0.0936560726	-0.0629375623	-0.0271696886	0.1040691544	-0.1088310566	0.0628186309	0.0961584202	-0.0343802937	-0.0624505233	-0.0542622434	0.1191544118	0.109373	0.0001739999999999	3.0275999999997776e-08	0.011962453129	-0.00621095	-0.01245367	0.0001550938964689	3.85758999025e-05	-0.0538373	0.0053155	0.0028984548712899	2.8254540250000007e-05	0.0007498109999999	0.0001108329999999	1.2283953888977833e-08	5.622165357208501e-07	-0.00155285	-7.209999999999899e-06	5.198409999999854e-11	2.4113431225e-06	0.00197535	0.0001317199999999	1.735015839999997e-08	3.902007622499999e-06
343.1534150991444	-0.0907779792026985	0.0082406415081255	117754.2662942057	334.6234997155744	-0.4985682753334686	111972.886561899	0.2485703251689893	218.33887428242792	-0.1340677854377645	0.0179741710921864	47671.86402291786	217.94550995418004	423.6119276268249	1.002371	16.919159	0.04405465	0.028144	0.0646602475	-0.0490448388	-0.1176160831	-0.0818140055	0.0613490523	-0.0681661256	0.0298839584	0.0261603851	-0.0073789524	0.0258470213	0.0356613848	-0.0822558139	-0.0581940572	0.0082623399	-0.0223890703	0.1498314962	-0.0153889299	0.0462712969	-0.0864045466	0.0119067797	-0.0037182387	0.0542895139	0.082413342	-0.0225662734	0.0144427091	0.0944280424	-0.1122397361	0.0522678095	-0.2363390684	0.1439890151	0.052628071	-0.0809536983	0.0057328691	-0.0044803434	-0.1097001479	0.0688585972	-0.0015680501	0.1130383686	-0.1046308903	0.0701548063	-0.0551902822	0.1347390201	0.1055916081	0.0955521586	-0.0014218242	0.034467925	0.0698546315	0.0216306274	0.0535993548	-0.1238735182	-0.2139412472	0.0078330009	-0.0978291321	0.1507320973	-0.0009963525	0.0248168574	-0.1185865325	-0.074493063	0.0378427801	0.0762142439	-0.0211239436	-0.006261536	0.1410605162	-0.1093098693	-0.1046870481	-0.0750749335	-0.0696336724	0.0259849675	-0.0929208993	-0.0092969718	-0.0012011979	0.0648415167	0.0166798963	-0.090592852	-0.0042761935	0.0713348122	-0.0169074333	0.1524245048	-0.0216600976	0.1675462965	-0.1555148182	-0.1252715246	-0.0471511344	-0.1394992802	0.0734140597	-0.0429377652	0.0465378378	-0.0850893417	0.0734678785	0.0444366263	-0.1075601269	0.0287206243	-0.0686625342	0.1696256809	0.0734835076	0.0517829199	0.0256968516	0.0173469432	0.012667408	0.1205376032	-0.2661166437	0.0376138615	-0.1064207429	0.0578400195	0.0570981687	-0.0124323274	-0.0979580889	0.0269797704	0.0999509377	0.053617173	-0.0092138324	0.0285534973	0.0541357318	-0.1036618712	-0.0298129848	0.0573724555	-0.0412364185	-0.0891055688	0.0610539919	0.0530293162	-0.0697171278	0.0657076391	0.0422461135	-0.0698754926	-0.0067754367	0.256712611	-0.0284072124	-0.1250310342	-0.1391674117	0.0499184865	-0.0480141191	-0.0524139592	-0.0330441711	0.0306911215	-0.0369349708	0.0139498611	0.0560748551	-0.0743759173	-0.0647214634	-0.0494296957	0.1182536866	0.115141	0.0057679999999999	3.326982399999995e-05	0.0132574498809999	0.0201822	0.02639315	0.0006965983669225	0.00040732119684	-0.0540611	-0.0002238	0.00292260253321	5.008644000000141e-08	0.000679477	-7.033399999989995e-05	4.946871555985926e-09	4.616889935290001e-07	-0.00167307	-0.00012022	1.4452848400000022e-08	2.7991632249000003e-06	0.00193251	-4.2839999999999935e-05	1.8352655999999943e-09	3.7345949001e-06
343.43678777244094	0.283372673296526	0.0803000719712196	117948.82719545264	333.88783698236693	-0.7356627332074481	111481.08768476364	0.541199657030253	218.54931715264425	0.2104428702163261	0.0442862016248854	47763.80402788708	218.1918344992683	420.9663712491716	1.012732	17.094032	0.04224097	0.0208848	0.0959663195	-0.0642664117	-0.1609603008	0.0335045419	-0.0090949616	-0.1152167774	-0.0409924389	0.0676357953	-0.0580465175	0.1078073148	0.0459491641	-0.0697780965	0.0677014816	-0.0227554987	-0.1861099922	0.0610382342	0.0162712499	-0.0122083917	-0.0121471212	-0.1481791024	0.0484150528	0.0854984485	0.2478323014	-0.1372109414	0.0389081461	0.0666483431	0.057221628	0.0632767061	0.0023961393	-0.0100286683	-0.0093923409	0.1422476339	-0.1120233721	0.1055765016	0.0320476528	-0.0066071786	0.0600650114	0.093367804	-0.0098519566	-0.0492833127	-0.0506070803	0.1183330191	-0.0884390064	-0.0205155742	-0.1172563784	0.1829481531	0.25780867	0.1206496027	-0.043626658	0.1106841085	-0.1211977107	-0.1148145857	-0.1543868353	0.0644380912	-0.0646452044	0.1095664802	0.0531448444	-0.0138096886	0.0681846184	0.0540806916	-0.0517288084	0.0926441496	-0.0161145918	-0.0988993228	-0.1666943517	0.0693024473	0.0072430769	-0.0440948216	-0.0202012665	0.1285813358	0.1071202211	0.0725098574	0.1497920559	-0.2484257916	-0.0198812158	0.0982896035	-0.0700389766	-0.0496635365	-0.0165537435	0.0041056836	0.0264993608	0.1578838019	0.0275884078	0.0437496665	0.0843273717	-0.0413842572	-0.049215074	-0.1009738952	0.0283212101	-0.0975727538	-0.0667606477	0.0422857089	0.0687939399	0.01720341	0.065155238	0.3471661462	0.1394254904	-0.0967529384	-0.0280032103	-0.0142473782	-0.1039612138	0.067550073	-0.0929752077	-0.078152955	0.1642533895	0.0659879987	0.0470919683	0.1177162435	0.0281091455	0.0853527388	-0.0483006621	-0.0230112006	-0.0586730883	-0.0937126825	0.053340154	-0.0377715935	-0.0645714152	-0.0715684082	0.041369833	0.112902085	-0.0817399766	0.0090830086	-0.0567422565	-0.157805614	-0.0023277214	0.1382312523	0.0875597829	0.0096223955	-0.1160956562	0.1390666891	-0.0432085049	-0.0572623163	-0.0068550991	0.1308543613	0.0567620795	-0.0190465973	0.0809026181	-0.002616589	-0.0669598143	-0.0444976032	0.1168172427	0.108261	-0.0068799999999999	4.7334399999999965e-05	0.011720444121	0.00533228	-0.01484992	0.0002205201240064	2.84332099984e-05	-0.0526843	0.0013767999999999	0.00277563546649	1.895578239999993e-06	0.000408812	-0.000270665	7.325954222500005e-08	1.67127251344e-07	-0.00165923	1.383999999999999e-05	1.9154559999999968e-10	2.7530441929e-06	0.00203069	9.818e-05	9.639312400000005e-09	4.1237018761e-06
344.44231154658445	1.005523774143512	1.011078060367813	118640.50598355434	335.9773577420057	2.089520759638788	112880.7849152997	4.366097004961456	218.78878311153508	0.2394659588908325	0.0573439454675059	47868.53161542634	218.4219890639896	426.8347509479161	1.160007	19.579914	0.0692701799999999	0.0363748	0.0508122284	-0.0190539233	-0.2254743543	-0.1059912979	-0.0543653135	-0.0132063482	-0.0278997745	-0.0918130825	0.0054571409	0.1285332388	0.0946151872	-0.1641334221	-0.0800826638	-0.214592086	-0.0652310487	-0.0842556941	-0.1247885954	-0.0096472173	0.0301177108	-0.1089069815	-0.1517028227	0.0215612412	0.0606695729	-0.087159945	-0.0889332279	-0.0654947248	-0.1080029094	0.1862334317	0.0632257675	-0.1120920116	0.1019700449	-0.0802872469	0.0873153502	-0.0633970422	0.0833618086	-0.0934785708	-0.1914591604	0.0734474412	-0.0344707692	0.0369822569	-0.0514708506	-0.0107217492	-0.1223063639	-0.0877125235	0.0450278314	0.0911830551	-0.0433814457	-0.0979495674	0.0772393135	-0.1463695336	-0.1158881492	0.0267371692	-0.0509976418	-0.1184116198	-0.050017706	0.0372272756	0.0411267962	0.1215943142	-0.0993266459	-0.0292078501	-0.0156296359	-0.0790653555	-0.0672978908	-0.0584102411	0.0098773931	0.1295432941	-0.0591167524	0.0265757692	0.0454021579	0.1482874687	-0.1282401954	-0.0056450613	0.0551366932	-0.0546815577	-0.1059013394	-0.0389987655	-0.1000971467	0.1449111532	0.112079736	-0.1234624405	0.0509809043	-0.0965575232	0.1108210857	0.0640834595	0.0126524681	0.0434540648	0.2580049248	0.0233533128	0.0139861828	0.0019627369	-0.0532765095	0.0050432875	0.0748848591	-0.1109693809	-0.0970417464	0.0312776424	0.0715684681	0.1024533588	0.0458461049	0.1155239494	-0.0998447967	-0.0531745634	-0.0378756998	-0.1221330024	-0.0839089547	0.1179855774	0.0475613245	-0.1183926612	-0.0532191238	-0.0326057074	-0.0104304655	0.0077282542	-0.0363897289	0.0303082061	-0.017073117	0.0806979279	0.0217025469	-0.0242566704	0.032080671	0.2155764434	0.0284661645	-0.0092230446	-0.0415533839	0.0440829977	-0.1009328759	0.0630697827	0.0878639571	-0.1541591788	-0.0333279087	0.1177697927	0.1178448315	-0.0689885226	-0.1245486417	0.0367022942	0.083569995	0.0268307115	-0.0484291456	-0.0817814491	-0.0691644489	-0.0394758984	0.1148515874	0.106375	-0.0018859999999999	3.5569959999999952e-06	0.011315640625	-0.0183417	-0.0236739799999999	0.0005604573290403	0.0003364179588899	-0.0623061	-0.0096218	0.00388205009721	9.257903524e-05	0.00075683	0.000348018	1.2111652832400002e-07	5.727916489e-07	-0.00179157	-0.0001323399999999	1.751387559999997e-08	3.2097230649e-06	0.00182928	-0.0002014099999999	4.056598809999999e-08	3.3462653184e-06
344.27540014412523	-0.1669114024592204	0.0278594162709038	118525.55114439754	335.8741863526426	-0.1031713893631263	112811.46905804968	0.0106443355831178	218.99580833461084	0.2070252230757603	0.0428594429895683	47959.164068129605	218.6765109661648	432.1482842589432	1.183879	19.982847	0.04712582	0.0238885	-0.0134084108	0.0358814032	-0.2253259942	0.064642032	-0.1310711312	0.0771207877	-0.0321760667	0.0602957506	0.0068119695	0.0028028453	-0.0076856542	-0.1596218412	0.0945691585	0.1250384787	0.0538386068	-0.1071391461	-0.0677033858	-0.1351342783	0.0989336028	-0.1215104447	0.0193001442	-0.0468794809	0.0304094221	0.060930882	0.0789738171	0.038288263	-0.0015852955	-0.0924266706	-0.0944371244	-0.105617506	-0.0197117508	0.002634979	0.122408832	-0.046021528	-0.0823776867	-0.00266573	-0.093016579	-0.0651861344	-0.0643891188	0.2580619232	-0.0497507767	-0.0855633342	0.0712480802	0.0434726591	-0.0341566108	0.0476357521	-0.0526343312	0.0234611245	0.0084818005	-0.039386466	-0.0479874896	-0.0176122325	-0.0093074094	-0.0428609592	-0.0404643893	-0.127810387	-0.0387172681	-0.1177934747	0.0171891175	-0.075835245	0.0095861812	-0.0709253589	-0.1177856227	-0.069504584	0.1378217757	0.0501119602	-0.0111220925	-0.102745959	0.116592586	0.123629388	0.0251698202	-0.0496112082	-0.0513830899	-0.0178411652	0.0881148311	0.021655543	0.0435635841	-0.0637271733	0.038429224	0.1354375557	0.0590596766	-0.0976673577	0.0842999763	-0.0679007768	-0.0292774527	0.0229863352	0.0706251627	0.0698219907	-0.0050715524	0.2546182241	-0.1054155711	-0.0889788873	-0.0644021297	0.0342620067	-0.0076560872	0.0359061125	-0.0238825699	-0.0381876091	0.021901479	0.0116357003	-0.0351689181	-0.004660512	0.0196919402	-0.1001533245	-0.0181865935	-0.1053566032	-0.0651547214	-0.0215370841	-0.0665400057	-0.0794780207	0.1166829621	0.0820858231	-0.1531287158	0.0109061099	0.098418219	-0.0679502139	0.0552907619	-0.0436925584	-0.0002885189	0.080722016	0.0901300254	0.0981574451	0.0830413306	-0.0277872721	-0.0721710478	0.1059408225	0.0576531592	-0.0228543319	-0.0741778897	0.1431002701	0.1185730863	-0.0945453529	-0.0056192239	0.0171580395	-0.0041022745	-0.1644024717	-0.0209554599	0.0703462155	-0.0713342571	-0.0343746944	0.1123656258	0.102158	-0.0042169999999999	1.778308899999999e-05	0.010436256964	-0.00191418	0.0164275199999999	0.0002698634133503	3.6640850724e-06	-0.0664194	-0.0041133	0.00441153669636	1.6919236890000002e-05	0.00051635	-0.00024048	5.7830630400000025e-08	2.666173225e-07	-0.00181328	-2.171000000000009e-05	4.713241000000039e-10	3.2879843584e-06	0.00201445	0.00018517	3.4287928900000054e-08	4.0580088025000005e-06
344.11939498901086	-0.1560051551143715	0.0243376084222591	118418.15800760288	335.6776458281683	-0.196540524474301	112679.4819087412	0.0386281777606333	218.960264190131	-0.035544144479843	0.0012633862068039	47943.59729421196	218.60744799477715	432.34618648194464	1.230344	20.767141	0.0266935	0.014715	-0.0700363496	0.0241866886	-0.1134883204	-0.1776237576	0.0716303927	0.1667519252	-0.0020612639	-0.0953009348	-0.0043393884	0.0261067646	0.0388201599	0.0126324298	0.0657650691	-0.1057927253	0.1294252147	-0.0856086738	-0.0292021642	0.09928247	0.1426940217	-0.0439568812	0.1143273672	-0.131236631	-0.1240992079	-0.0682718096	0.0061007165	0.1092975589	0.0451703645	0.1711291784	0.0855313921	0.0851302995	0.0053653325	-0.0107094934	0.0494457288	0.0333917834	0.0797692182	0.0792385376	0.1494324601	-0.0315546428	0.0646821576	-0.0481580526	-0.0561030519	-0.0679761609	0.1136039167	0.0148128661	0.1509748234	0.0092022868	0.1210266449	-0.1122251438	-0.1549431788	-0.0123386445	-0.0435867774	-0.0364005753	0.0755832596	0.0372875328	0.0281698708	-0.0255430379	0.01301372	0.2022790931	-0.0428597252	0.1043041529	-0.0562803855	-0.0075319931	-0.0356858331	-0.1003550264	0.1251072923	-0.0236420687	0.0147507174	0.1385314167	0.1441586335	0.0213628167	0.13812707	-0.1344353334	0.0636493056	0.131585867	-0.013890874	0.0848205849	-0.1121613007	0.0981577265	-0.1285660319	-0.0820504495	0.0090948129	-0.0122051915	0.0302881287	0.0752666676	0.0386066199	-0.0566445895	-0.145676095	-0.001309585	-0.0308898247	-0.0674903206	0.0178554857	-0.0861603975	-0.1162323006	-0.0493767755	0.1252860666	-0.06471657	0.1248317951	0.1310032884	-0.1390925253	-0.0312604681	-0.0107117039	0.1007442871	0.0304200086	0.1009123139	0.0070804538	0.0886196056	0.1169907369	-0.1990688482	0.0116814292	0.1046033512	-0.0255225835	0.0825113468	-0.0935152394	-0.0624493705	-0.1410402676	0.0324179298	0.1123363676	-0.0466141471	0.0803362499	0.024841155	0.0840077896	0.0364434129	-0.0279313145	-0.0894559874	-0.1374365364	-0.0424116752	0.0380812588	0.0884509565	0.0639843554	0.0814999628	0.0011095849	-0.0963686832	-0.0680250579	0.0047498967	-0.1520447997	0.0308015523	0.0307172815	-0.0154609826	-0.0734681463	-0.0292042644	0.1093706198	0.104827	0.002669	7.123561000000025e-06	0.010988699929	0.00723152	0.0091457	8.364382848999999e-05	5.22948815104e-05	-0.0664422	-2.2800000000003373e-05	0.00441456594084	5.198400000001538e-10	0.00035566	-0.0001606899999999	2.5821276099999984e-08	1.264940356e-07	-0.00194173	-0.00012845	1.6499402500000002e-08	3.7703153929e-06	0.00200647	-7.97999999999988e-06	6.368039999999808e-11	4.025921860900001e-06
344.04106339636854	-0.0783315926423142	0.0061358384058814	118364.25330290408	336.54467509418816	0.8670292660198697	113262.31833425268	0.751739748134954	218.858120658012	-0.1021435321189869	0.0104333011537425	47898.87697795694	218.5023075330825	431.9113829663849	1.141957	19.275249	0.0862970199999999	0.052692	-0.0956063422	0.0203466627	-0.0360430022	0.0366647452	0.0402468148	0.0752821053	0.1021911978	0.1217288828	-0.0945646697	-0.0687124984	-0.0222533043	-0.072682371	-0.0130472897	-0.0674255572	0.094755221	0.0516485032	0.0432390619	-0.1086595743	0.1026599806	-0.0278322076	-0.0126305099	-0.0015028821	-0.0198704621	-0.0547374461	-0.0963513911	-0.0127386762	0.010291531	0.0229326191	0.0488555156	0.0026826239	-0.1583050977	-0.0890109919	0.1382636394	-0.1145506389	0.0097045606	0.0391285065	0.0513238995	-0.0233915711	0.1329191246	-0.1230919611	0.0463655811	-0.0297395371	0.0604843945	-0.1290268372	-0.0494527741	-0.0162206423	-0.0327618934	0.013879212	0.0363188185	0.087911438	0.0247723937	0.0235370117	0.029932318	0.0107463697	-0.2177300056	0.1057126041	-0.1585704407	-0.0538772557	-0.0973789543	0.0291793969	-0.0148495608	-0.0721786559	-0.0164201588	-0.064316909	0.0291387159	-0.1246369799	0.0074133205	-0.0838003083	0.1074273359	0.0337988212	-0.0486721769	-0.0118013594	0.0023910186	0.0264856792	-0.1233523261	-0.0369410593	-0.0010476265	0.0223517971	-0.1091454903	0.0175029809	0.1454963055	-0.1346304332	-0.021567448	0.0223669213	-0.0737101809	-0.0237582561	-0.0581021466	0.0801118522	-0.0820098716	-0.1375836157	0.075144245	0.0571926787	-0.096969431	-0.0862836915	-0.0563695132	0.0106779545	-0.0623945432	-0.0660608772	0.0480993048	-0.0410022223	0.0255000601	-0.1201219816	0.1048145524	-0.0817925043	0.1443394381	0.1471960314	-0.133608201	-0.0603874468	0.0430817498	0.042997638	0.0476142356	0.0542087079	-0.0045759706	-0.0324282572	0.1060446049	0.0039049438	0.0925438111	-0.0271529304	0.1137163072	-0.0346000017	-0.0118591069	0.097813854	-0.0586161327	0.046795971	-0.1181033144	-0.0750608699	0.0337383258	0.1023217744	-0.0480670715	0.0989929078	-0.0466380714	-0.1072549684	0.0988711892	-0.0954308824	0.0829712801	0.0247937269	-0.0068438119	0.0401625745	-0.0755650422	-0.0239750208	0.1058801375	0.0965505	-0.0082765	6.85004522500001e-05	0.00932199905025	-0.0354573	-0.0426888199999999	0.0018223353529923	0.0012572201232899	-0.0715994	-0.0051571999999999	0.0051264740803599	2.6596711839999862e-05	0.00080397	0.00044831	2.009818561e-07	6.463677608999999e-07	-0.00179207	0.00014966	2.2398115600000007e-08	3.2115148849e-06	0.00201199	5.519999999999744e-06	3.0470399999997173e-11	4.0481037601e-06
344.03218779496103	-0.0088756014075102	7.87763003449971e-05	118358.14623898732	335.9358058228957	-0.6088692712924626	112852.86563387827	0.3707217895242144	218.7088427989804	-0.1492778590315993	0.022283879197058	47833.55791846912	218.3366349002293	432.0079149030387	1.102823	18.614691	0.09731035	0.0720897999999999	-0.1099147564	0.0316330235	0.0437725282	-0.133331598	0.0998705202	0.055107054	0.0483649335	-0.101064296	-0.1236982349	-0.0390075395	0.0130688197	0.0073844826	-0.0901003558	0.0563085043	-0.0074927038	0.0106177644	0.07290605	0.1228046188	0.1533292849	-0.0953038801	0.0023013408	-0.0973795475	-0.0200966678	-0.0111301438	-0.1182780122	0.1030326896	-0.1526437042	0.0506348596	-0.0958347295	-0.0186539957	-0.030172408	0.0676910955	0.0765952889	-0.02194681	0.0119547876	0.0777618416	-0.0118522725	-0.0530239237	-0.0597523687	0.0912281178	0.0533399531	-0.1294218872	0.0789353957	0.028434258	-0.0238491736	0.086880199	-0.0032302884	-0.1187893699	0.0772270299	-0.0729922706	0.0088293045	0.0485263899	-0.1251117493	-0.0059072618	0.0232538419	0.0854058082	0.0346453732	-0.0077080938	0.1712267053	0.01276022	-0.0237747719	0.0963592385	0.0703485158	0.216535308	-0.0650759496	-0.0361523041	0.0716718776	0.1236734119	0.1255929194	0.0686721986	0.004155928	-0.099279099	-0.0565752748	0.01192766	-0.1035401691	0.1011231776	0.0316196938	0.1543313835	0.010323659	0.1184230342	0.0473094121	0.0119798068	0.072431459	-0.0416162422	-0.0097372403	-0.0947588807	0.0139079022	0.0396170484	-0.0173905655	0.1543679953	0.0698618538	-0.0896263352	-0.0960760031	0.006396914	-0.0466276991	0.0209610263	-0.002725391	0.146328553	0.0331495265	0.0494069854	0.0068713737	-0.0654617424	-0.1227749939	-0.0113459485	-0.0402202456	0.0049899372	0.0348487806	0.1752952326	0.1579384472	0.0165386823	-0.089290844	-0.1039483871	0.0802376362	0.1222514755	-0.1576243446	-0.0118315217	0.067149541	0.013983326	0.1017288655	-0.0151421025	-0.1017085441	0.1372401775	0.0624774522	0.0920431891	-0.1398268589	0.032734625	-0.1081283993	0.1079877271	0.2255582386	0.0731019114	0.0272999376	-0.0299719906	-0.1385071115	-0.1200554956	0.0568423939	-0.0155908994	0.0210394997	0.1068010484	-0.0776238888	-0.0186974948	0.1019099918	0.100406	0.0038554999999999	1.4864880249999985e-05	0.0100813648359999	0.0332077	0.068665	0.004714882225	0.00110275133929	-0.0728428	-0.0012434	0.00530607351184	1.546043560000014e-06	0.000540091	-0.0002638789999999	6.963212664099998e-08	2.9169828828100004e-07	-0.00194173	-0.00014966	2.2398115600000007e-08	3.7703153929e-06	0.00206938	5.7390000000000045e-05	3.293612100000005e-09	4.2823335844e-06
344.54526551360726	0.5130777186462296	0.2632487453712195	118711.43998784212	336.1654819781098	0.229676155214122	113007.23127357489	0.0527511362739414	218.74094136370087	0.0320985647204565	0.0010303178571133	47847.59942867802	218.37417009807768	432.7295951512806	1.167688	19.709551	0.1387813	0.102052	-0.1126413729	0.025234916	-0.0312666945	0.0308945133	-0.0288105366	-0.0286048981	0.1696662471	0.0917617533	-0.0899654925	-0.0427420263	-0.046418414	-0.0708414971	-0.0933469948	-0.0855817197	-0.0014187414	0.0778227072	-0.0699080361	-0.0330252691	0.0502250997	-0.1327524202	-0.0437019133	-0.0999505411	0.0957345551	-0.1384511998	0.0792022279	0.0997591247	0.0013184741	0.098006628	-0.0949137888	-0.0161058645	-0.2569434926	0.0699195319	-0.0600658789	0.048447805	-0.13495828	-0.0912105258	0.0429824681	-0.0428916637	-0.079427368	-0.0658578439	0.0567084194	-0.0444991014	-0.0405175102	0.0375444466	-0.0732692741	-0.0995835306	-0.0558265156	0.0049646271	-0.0822454517	-0.0741041036	0.0382520305	0.0427703438	-0.046839549	-0.0128522239	-0.2617248159	-0.006052724	0.0694315663	-0.1073472662	-0.0291220409	0.0243239495	0.1294157246	-0.0185485796	0.0286945546	-0.0408207192	-0.042490718	-0.0292680423	-0.0906297985	-0.0255941812	0.0560067569	0.1334208911	0.0149994669	-0.0906405897	0.1354201151	-0.1095917192	0.0402885556	0.0801829333	-0.0528731421	0.0895103058	-0.0957285797	0.1575035896	0.1967511697	0.0746652812	-0.0861887337	-0.0938963407	0.0209611418	0.1199551619	-0.0755921498	-0.0313090884	0.0561895438	0.0011907104	0.0641733734	-0.0346995407	0.0643382977	0.0431540886	-0.066528603	-0.0210980049	-0.1441570059	-0.0060849265	-0.1012101481	0.1432979906	0.0445244247	-0.1333053559	0.0659550781	-0.1502180262	0.1528630479	-0.0370983299	0.0395598322	0.0368272361	-0.0768273932	0.0095965969	0.0974750264	-0.0339816706	0.0594171534	-0.048497418	0.0871875919	0.0617151422	0.1144406982	-0.0851039174	0.0566854222	0.0513869084	-0.1951498037	0.1211981938	0.130037328	0.0015016829	-0.1033869673	-0.0418715084	0.0924577359	0.0412442853	0.0319150497	-0.0128647744	-0.1816245639	-0.0089540016	-0.0016927552	-0.0740568088	0.0594139919	0.0282825267	-0.1627913442	0.1350188807	-0.0796436494	-0.0133823145	0.0974781683	0.107352	0.006946	4.8246916000000106e-05	0.011524451904	-0.0638702	-0.0970779	0.00942411866841	0.00407940244804	-0.0769071999999999	-0.0040643999999998	0.0059147174118399	1.6519347359999175e-05	0.000919621	0.00037953	1.440430209e-07	8.457027836410001e-07	-0.00199291	-5.118000000000006e-05	2.619392400000006e-09	3.9716902681e-06	0.00225253	0.0001831499999999	3.3543922499999996e-08	5.0738914009e-06
344.3013368577062	-0.2439286559010725	0.0595011891697038	118543.41056200369	337.1426462536364	0.9771642755266045	113665.16392290464	0.9548500213654336	218.7809471145243	0.0400057508234397	0.0016004600989471	47865.10282032829	218.40081181934903	433.208629951002	1.213778	20.48752	0.1049253	0.0907408	-0.1011166039	0.0291971456	-0.0965589514	-0.0224159769	-0.0576961215	-0.0005033525	-0.0028466426	-0.1158460738	-0.1628428548	0.0934558281	0.0057460877	-0.054760134	0.0409878735	-0.0453786131	-0.1449375738	-0.1149922009	0.0451265601	0.0298594243	0.1008716293	-0.0186636104	-0.005846721	-0.1037975984	-0.084456734	-0.0447990709	0.0096815815	0.0139422342	0.0037829652	-0.0229820312	-0.1057311252	0.0560538321	0.0427854768	-0.173429623	0.0476562372	0.0725883798	0.1666342822	-0.0783981884	0.0077381641	-0.0117849375	0.0590285201	-0.0547122073	-0.0028465606	-0.1221362613	-0.0849340067	0.1696157712	-0.1705110789	-0.0282998328	0.0091125977	-0.1419737135	0.0478040637	0.0163205821	0.124275423	-0.0537645665	0.0083518598	0.0060933831	-0.0645944701	0.096983825	-0.0853104805	-0.0066934383	0.1302268428	-0.0136049582	0.0365620479	0.1255236779	0.0184465114	-0.1362501008	-0.0634985687	0.1435013734	0.1104027282	0.0275959083	0.0977912486	0.0092529896	-0.0004197269	-0.1228994052	0.0553766228	0.0958720511	-0.0018285369	-0.0123118702	-3.81918e-05	0.0024014587	0.0098646269	0.0679777223	-0.1018551883	-0.135784766	-0.0432466082	0.1779811309	0.0990648607	0.0329541899	0.037887844	0.0119111793	-0.0928956338	-0.036690311	0.0605759723	-0.0821108187	0.0699598192	0.092147174	-0.0907136354	0.0731978082	-0.147274974	0.1821086209	0.0055918281	-0.0639666929	0.146006918	-0.0126612934	0.0162977383	-0.018464862	0.0660136068	0.037573627	0.0091290951	0.0974342471	0.1514910392	0.0113783187	0.0623282379	-0.0829209449	-0.0822744667	-0.1401171954	-0.0861758285	-0.1145480162	0.1375038817	-0.0247659102	0.0572115128	0.1563598547	-0.1354653607	-0.0634389794	0.0337925446	-0.0387953095	-0.1986866451	-0.0411546761	-0.0802598315	0.0849429131	0.0323184229	-0.0442045634	0.0561817707	-0.0020489989	0.0138690113	0.0289479258	-0.0013633028	-0.0157978871	-0.0021318142	0.1104002857	-0.081623307	-0.008040184	0.0926047444	0.108228	0.000876	7.673760000000031e-07	0.011713299984	0.0236997	0.0875699	0.00766848738601	0.00056167578009	-0.0769137	-6.500000000103645e-06	0.00591571724769	4.2250000001347377e-11	0.000613973	-0.000305648	9.342069990400005e-08	3.76962844729e-07	-0.00201386	-2.095000000000005e-05	4.3890250000000204e-10	4.0556320996e-06	0.00224967	-2.859999999999929e-06	8.179599999999591e-12	5.0610151089e-06
343.7846220290673	-0.5167148286388965	0.2669942141353242	118187.86634366866	335.6400817460367	-1.5025645075997431	112654.2644744862	2.257700099498458	218.5890730993557	-0.1918740151686222	0.0368156376969286	47781.182878435466	218.26375057038803	427.9855863094072	1.195425	20.177736	0.09458415	0.0639928	-0.0898851931	-0.0326155872	-0.0714511235	0.0119977921	-0.1228385914	0.0025383697	0.1644468805	0.0260936955	0.0460742573	0.0489771236	0.1134284534	0.0176216946	-0.0908028228	0.0588954721	0.04783342	-0.050658903	-0.1871678455	-0.0700173058	-0.0350788002	0.0309382492	-0.0390817745	-0.0308338648	0.0085895345	0.0154017465	0.0118646261	0.1335424426	0.0159012057	-0.0616627502	-0.0182418487	0.1018868657	-0.0573692337	0.0637161942	-0.0371829781	-0.0001099315	0.0475038443	0.0568837675	0.1379546116	0.0790787182	0.070164253	-0.0419159875	-0.0743905002	-0.0740916232	-0.1375595793	-0.0563354207	0.0652145731	0.0722326371	-0.1025341672	0.0535211563	0.0333854851	-0.0469956769	0.1294304423	-0.0604680526	0.04662655	0.0034603759	-0.0309983283	-0.0882239314	0.0191542566	-0.1563735174	-0.0442597458	-0.0416845113	0.0029021011	0.088713262	-0.0505911404	0.0197172661	0.1162267443	0.0745289727	-0.1585569706	-0.0420926251	-0.0156135981	-0.0013011495	-0.0482863711	-0.0309774561	-0.0070648024	-0.0020208744	0.0176095927	0.1144256515	0.0413500433	-0.0003696588	-0.0991098228	0.0300738974	-0.0611407769	0.0264395285	-0.0560225752	0.0316846953	-0.0442390866	-0.1110726064	-0.1216097846	-0.0910459475	-0.0599099946	-0.0733146276	-0.0557195279	-0.089708899	0.0881405064	-0.0847747121	-0.1295345755	-0.0668245736	0.0658498039	-0.0137749293	0.0952232664	0.0451805167	0.0988594756	-0.0011115221	0.0665344769	-0.0538785927	0.044544405	-0.1526869899	-0.0786457088	0.0582559904	-0.0794073612	-0.0160860566	0.0060780476	-0.0708363715	0.0009823962	0.0577562922	0.0498232614	0.0860471808	0.1523218337	-0.0889175185	-0.0469920132	0.0984176035	-0.0352644663	-0.022953106	0.0903635263	0.1253516868	-0.1058590872	0.0978233493	0.0146051304	0.0580927574	-0.0076619787	-0.0181416276	-0.0473618829	0.0104234452	0.0520673879	-0.0439489452	-0.0786455345	0.0353329946	-0.0605540843	0.0717986156	-0.0835618648	-0.0026818616	0.0873117978	0.102921	-0.005307	2.8164249000000066e-05	0.010592732241	-0.0360001	-0.0596998	0.0035640661200399	0.00129600720001	-0.0734534	0.0034602999999999	0.00539540197156	1.1973676089999996e-05	0.000871844	0.000257871	6.6497452641e-08	7.60111960336e-07	-0.0019388	7.506000000000006e-05	5.634003600000009e-09	3.75894544e-06	0.00206026	-0.00018941	3.5876148100000045e-08	4.2446712676e-06
343.83301784333975	0.0483958142724532	0.0023421548390937	118221.1441592584	335.56513675124245	-0.0749449947942366	112603.96100288004	0.0056167522447081	218.5264994098894	-0.0625736894662907	0.0039154666134237	47753.83094434039	218.186775125776	428.5431573242514	1.125988	19.005701	0.0900766	0.0625738	-0.085341996	-0.0136431791	-0.0453434493	0.1213326449	-0.1166893253	0.0680150841	-0.1215831653	0.0347955072	-0.0211304625	-0.0474439721	0.0268865796	-0.0213400278	-0.0094236304	0.0877659958	-0.0483059215	-0.1619724602	0.0701198566	-0.0188965801	-0.0705156273	0.0478558311	-0.0242914828	0.1033484606	0.0315397851	0.0770154409	-0.0355735144	-0.0200207573	0.0465585345	-0.0026566623	-0.0701447507	-0.0519316697	0.0924366289	-0.0677912753	-0.0444347097	-0.1102894919	0.1051542585	0.0901740008	-0.0272847201	-0.0563942382	-0.0737752702	0.0136015087	0.0398370299	-0.1678617324	-0.1615271273	-0.160322458	-0.0429767533	0.1033718278	0.0097045991	0.0619199803	0.0275993372	0.045400736	-0.0434124183	0.1080888329	0.091134649	-0.0143288071	-0.1024380146	-0.0279344664	-0.0014173902	0.14434103	0.0303395124	-0.0236109206	-0.0156039485	0.0538124139	0.0908521478	0.1492935516	0.0601558009	0.11277034	0.1376434988	-0.0274726526	-0.0626753529	-0.0410195382	-0.0335004749	0.0854809953	-0.0541070386	-0.0219187685	-0.0119857027	-0.0123386722	-0.0835287549	-0.0452184578	0.1143784561	-0.0105510492	-0.0887556068	-0.0696666368	-0.0536916654	0.0579223208	-0.0866854756	-0.1132449003	0.0262866778	0.0444408388	0.0182828294	0.1168817911	0.0947570039	-0.0721312942	0.0763386619	-0.1804828532	-0.1301311529	0.1089556797	0.0436453683	-0.0671016606	0.0491570711	-0.003757266	-0.0451296199	-0.1274665836	0.1059479184	0.057368332	0.0204465134	0.0068448737	0.1024860708	-0.0910795532	0.1157289396	-0.0427618668	-0.1099804148	-0.1030482862	0.099694418	0.078120185	0.0294676219	-0.189226158	0.1089515474	-0.0595768091	-0.0081670863	0.0767559929	0.0225537948	0.0317553591	0.1925209651	0.0537215017	-0.0213892285	-0.0007069136	0.0299762599	0.1291541391	-0.0252387764	0.0242180265	-0.0193292454	0.0825567365	-0.0073681235	0.0325463764	0.0129813675	0.0654945177	-0.0331991442	0.1035935742	-0.0854583468	0.0026818616	0.081623307	0.102076	-0.0008449999999999	7.140249999999975e-07	0.010419509776	0.0203464	0.0563465	0.00317492806225	0.00041397599296	-0.0676749	0.0057785	0.00457989209001	3.339106225000007e-05	0.000519842	-0.000352002	1.2390540800400005e-07	2.70235704964e-07	-0.00192121	1.7590000000000054e-05	3.094081000000019e-10	3.6910478641e-06	0.0022328	0.00017254	2.977005160000004e-08	4.98539584e-06
343.50056009716286	-0.3324577461768854	0.1105281529930143	117992.6347870646	335.6040565229095	0.0389197716670537	112630.08275463224	0.0015147486266155	218.5224867285344	-0.0040126813549932	1.610161165671022e-05	47752.07720602249	218.16793604896185	426.6064723892088	1.233729	20.824278	0.047036574	0.0256391	-0.0927680952	-0.0588414795	-0.0025307009	-0.1092026943	0.0257762377	0.1286606878	0.0702985819	-0.0347493851	0.1299329659	0.042659978	0.0547280585	0.0915456802	-0.0140229369	-0.0081336358	0.0819936289	-0.0243193821	-0.0949745959	0.1535390168	-0.0352829749	-0.050089367	0.0293316224	0.0263302972	0.0401914402	-0.108261272	0.1030759802	0.0724126598	-0.0670501136	0.0871594655	-0.0497471524	-0.1189396171	0.0616726804	0.0231956764	0.0602631386	-0.0834259866	-0.0562506983	0.0851131751	-0.030960122	-0.1822971773	-0.0976348759	0.0311603012	0.0302866198	0.1195109277	0.0806373091	-0.0217287293	-0.0984674689	0.0648793397	0.1733860865	0.0160879569	-0.0041819579	-0.0051080023	-0.0116560087	-0.1221060841	0.097542791	-0.1483744835	0.0943380202	-0.1478963626	0.1041375116	-0.0489202906	-0.1138966733	-0.0850597638	-0.1050931986	0.0421558798	-0.0253206925	0.1095454179	0.0772260973	0.007347063	-0.076691384	0.1697511113	-0.0448252752	0.0359683744	0.0780843585	0.0217414436	0.1253702705	-0.0443586561	0.0411685377	0.077849479	-0.0319461383	0.0943520385	0.1154255721	0.0196371842	0.0329788613	-0.0505958194	0.1146228889	-0.0588390839	-0.0517424221	-0.006995511	-0.0689144039	0.1723023415	0.1371646945	0.0951362592	0.009275559	0.0971407406	-0.1148997103	0.0334298088	0.0397968935	0.1917311869	0.0319433328	0.0119395289	0.0155512829	-0.006294979	0.0496245422	0.1374898832	0.0682143282	-0.0488737531	-0.1110239299	-0.1315882984	0.0163001161	-0.0437996476	-0.1543827643	-0.0746260394	-0.1519913184	-0.0397334732	-0.07003265	0.0782653637	-0.1087714915	0.0954668359	0.1259294656	-0.114376976	-0.0018999122	0.0323142587	0.0456732995	-0.0064509015	0.1426357201	-0.0659110449	-0.0464183511	0.0670583907	-0.0670519012	0.1554019062	0.026214513	-0.0958005067	-0.0143998145	0.0474481189	-0.1055462642	-0.0852128616	0.0393869567	0.0997567263	0.0855065137	0.0566127582	-0.0873117978	0.008040184	0.0755650422	0.0998464	-0.0022295999999999	4.971116159999992e-06	0.00996930359296	-0.000598374	-0.020944774	0.000438683557911	3.5805144387600004e-07	-0.0717199	-0.004045	0.00514374405601	1.6362025000000056e-05	0.000594436	7.459400000000009e-05	5.564264836000014e-09	3.533541580960001e-07	-0.00179753	0.0001236799999999	1.5296742399999982e-08	3.2311141009e-06	0.00203473	-0.00019807	3.9231724900000116e-08	4.140126172899999e-06
343.3862259616104	-0.1143341355524398	0.0130722945525236	117914.10018015816	335.78441681763417	0.1803602947246645	112751.17457755868	0.0325298359131678	218.7221337108352	0.1996469823008055	0.0398589175418181	47839.37177502048	218.3878572345916	422.6335616935313	1.171191	19.768692	0.040865976	0.0227971	-0.0497925874	-0.1319142002	-0.0623556418	0.0989617203	-0.0116025111	0.0810740115	-0.042234844	0.1499125561	0.0292165823	0.1229817867	0.103177241	-0.0785192983	0.0759559169	-0.0799758232	0.0717519878	-0.0058325868	0.0793619828	-0.0712856838	-0.0701049708	-0.1502558365	0.0098851065	-0.1144923414	0.0052293367	-0.0075255965	-0.0201630981	0.0629155572	0.0829533691	-0.0630488244	-0.1079530135	-0.1441724626	0.0262950953	-0.0117890908	-0.0934318427	0.1537401938	0.0977667754	-0.0542617535	-0.1150355525	0.1138483452	0.0252254366	0.0832165971	0.1668972302	0.0872373359	0.0826026738	-0.0306471533	-0.1168099965	-0.0311805916	0.0134213279	-0.0778890995	0.1069025475	0.0108402402	0.1309363799	0.0255316113	0.0009640552	0.0430821272	-0.0111601251	-0.1328692687	0.0175659273	0.0730681106	-0.1337454434	0.0818008351	-0.0386771292	0.0230245261	0.0547381055	-0.0910406845	0.0621946517	-0.0731444058	0.0680537786	-0.0743226402	-0.0683934033	0.1344297843	0.0616219201	-0.1165309014	0.0308231366	-0.0009570461	0.0253620607	0.1033754874	-0.0163744559	-0.1390195315	0.1187566128	0.0982834993	0.0269942487	0.0814663938	-0.0196476282	0.0724614884	0.1397418417	0.0203714057	0.1526755815	-0.0554654695	-0.0806960245	0.0667019107	0.0284733444	0.1949617038	-0.0655013895	0.0203955558	-0.040301816	0.0231485636	-0.087259924	0.0690521369	0.0563939574	-0.0338455988	0.0677874087	-0.0461841032	-0.0828055624	0.0723474722	0.0363804909	-0.0653364028	-0.0132614442	-0.1540049042	-0.0878298063	0.0657185285	-0.0615478854	0.0401057163	0.0289102966	-0.1473875915	0.0845191273	-0.0393717793	0.0852240802	-0.1668877587	0.0565151035	-0.0238152599	0.0294744178	-0.046381832	0.0248164447	-0.0662882804	-0.0423485803	0.0121268311	0.0342906277	0.1503875888	0.0350126804	-0.0529490443	-0.0168202036	0.0356724398	-0.0556684056	0.0183027635	-0.0673493966	-0.0028309994	-0.0415996497	-0.0678367676	-0.0891212848	0.0133823145	0.0691644489	0.102318	0.0024716	6.108806560000021e-06	0.010468973124	-0.0193011	-0.018702726	0.000349791959831	0.00037253246121	-0.0687261	0.0029938	0.0047232768212099	8.962838440000028e-06	0.000658353	6.391699999999992e-05	4.08538288899999e-09	4.3342867260900005e-07	-0.00174028	5.725000000000001e-05	3.2775625000000004e-09	3.0285744784000004e-06	0.00224752	0.00021279	4.5279584100000014e-08	5.051346150399999e-06
343.1913064251203	-0.194919536490147	0.0379936257055337	117780.2728057808	334.8173929568941	-0.9670238607400848	112102.68662645122	0.9351351472406588	218.7027389245656	-0.0193947862696006	0.0003761577344434	47830.88801310671	218.35286613010223	420.7066573724917	1.167607	19.708185	0.0295005399999999	0.0169664	0.0224764052	-0.1102568924	-0.0315778725	-0.0728094428	0.1601215624	0.0713233071	-0.0694660693	-0.0346573172	0.0344232501	0.0855391971	0.0765837796	-0.0629346849	-0.0202095624	-0.0334142943	0.0704273375	0.0311704695	0.1204754239	0.1119007033	0.1023983254	0.0151445778	-0.0517368965	-0.124833926	0.0849447857	0.1689871334	-0.0857691388	0.0223204051	-0.0056891118	-0.0121365691	-0.0305398696	-0.0880935599	0.0027747991	-0.1250907589	0.1543344323	0.1274310003	0.082031494	-0.0969352974	0.0033304839	0.0252993571	0.0015364801	0.0115724911	-0.0277121673	0.089308904	-0.1754592011	-0.0291521582	-0.0340308742	0.0084542133	-0.0277166083	0.0553349407	0.0191467138	-0.0255190242	-0.0673695548	0.040091116	-0.0342152973	-0.0256840836	0.0486201127	0.093090623	-0.0477407894	0.1257017617	-0.0757134694	-0.0507615726	-0.0218110838	-0.1698856849	-0.0148276005	0.1139197985	-0.0056969287	-0.1157165724	0.0953170368	0.1141440479	0.0725901314	-0.0405731576	-0.0804155626	-0.1127443095	-0.1900666617	-0.0637488189	0.0023204996	0.0505564238	0.0094748262	-0.0356463245	0.0374792299	0.0686380051	0.0544516557	-0.1076497422	0.0642775472	0.1911138321	0.1464592796	0.0668315331	0.0465000921	-0.0205668834	0.0065851979	-0.023355782	-0.0427576182	0.0859737157	0.1547886514	-0.0236121027	-0.0160910473	0.0441937599	-0.0037058592	-0.0539866737	0.0383990019	0.0069470946	-0.0523594491	-0.0114984469	-0.0234395479	0.0307819423	-0.0759284655	0.1671197778	-0.0263449368	-0.0889959835	0.022935057	-0.0644829447	-0.0034503643	0.0774059716	0.0840389019	0.1686361894	-0.0978240082	-0.0300762897	0.0362464874	-0.0992129453	0.1578526118	0.0389024606	0.0528586329	-0.0365411497	-0.0639123034	0.0999924737	-0.1032686933	-0.0880731915	-0.0085528271	0.1093048727	-0.068862381	-0.049555534	-0.1020218384	0.0958366448	0.121060347	0.0413767182	0.0426772162	0.0571307116	0.0940408809	-0.0463304181	-0.0908858965	0.0186974948	0.0624505233	0.10297	0.0006519999999999	4.251039999999998e-07	0.0106028209	-0.00517156	0.01412954	0.0001996439006116	2.6745032833600004e-05	-0.0605677	0.0081583999999999	0.00366844628329	6.655949055999994e-05	0.000648091	-1.0261999999999925e-05	1.0530864399999841e-10	4.200219442810001e-07	-0.001796	-5.571999999999999e-05	3.1047183999999987e-09	3.225616e-06	0.00218229	-6.522999999999989e-05	4.254952899999986e-09	4.7623896441e-06
342.83854263905687	-0.3527637860634058	0.1244422887577883	117538.2663188724	334.57911039313035	-0.2382825637637324	111943.1811114585	0.0567785801938172	218.70456819645844	0.0018292718928307	3.346235657900686e-06	47831.68814999934	218.35530608949207	420.71271956050856	1.117751	18.866665	0.06360929	0.0397464	0.0765210032	-0.0678137774	-0.0099112238	0.0502285668	0.0885429325	-0.0537426757	0.0604572523	0.1303656008	0.0444311015	0.0127678321	-0.0300644818	0.0033606907	-0.1098768992	-0.0555987056	0.0478037491	0.0713887444	0.0115467745	-0.0327456246	0.1146799982	0.0173702575	-0.0479443597	-0.2061054243	-0.0948752952	-0.0667571602	0.0130063212	-0.0174955782	-0.052160206	-0.0313314595	-0.0410734732	-0.1483320784	-0.0699840807	0.0392182107	0.1039467952	0.0011793329	-0.0425879919	0.0085141523	-0.1132317362	0.1103980727	0.1067757902	-0.0890839813	-0.2396291169	-0.0284794318	-0.0207857007	0.0436430958	0.0684105729	-0.0633196593	0.0805019685	-0.0065518219	-0.0845293443	-0.0670000165	0.101179324	-0.0495137327	0.1128464767	0.1075729135	0.0372681769	0.1191624909	0.0859856498	0.0090535038	0.1240206112	-0.0815532124	0.1017772325	0.0919291296	-0.1442399067	0.1159757174	-0.0135737172	-0.0912685344	-0.025135229	-0.0294232005	0.1075823391	-0.0224816725	-0.0543982931	-0.2032869693	0.0201670317	0.0730217018	0.0032626285	-0.0297473982	0.0450163162	0.0136361043	0.0548626032	0.1163239236	0.1341621649	-0.02383506	0.1010907686	-0.0833281953	-0.0045783857	-0.0073925157	0.0874181778	0.0441771605	-0.0420421402	-0.2008777097	-0.1683535224	-0.1136208762	0.0512955983	-0.0313280622	0.0716104776	-0.0482973777	0.0173427546	0.0791155514	-0.0572238756	0.0360665854	0.1034485198	0.1067813579	0.0802025378	0.13518315	0.0783729724	0.010173645	0.1154236605	0.1516331626	0.0387177343	-0.0311365649	0.0702683941	-0.1365570363	-0.0641807155	0.145203706	0.0801151336	0.0451792933	-0.0523542864	-0.1104204247	0.1081069584	0.0207355462	-0.0363826496	0.066491974	0.0486661933	0.0967315748	-0.0457761699	-0.0126169172	-0.0701431241	0.0252211696	0.0309112987	-0.0723711981	0.0704147124	0.1632581903	0.0275626994	-0.0641427377	-0.0781896927	0.0088284276	-0.0191835142	0.0106960146	-0.0926047444	0.0239750208	0.0554536812	0.092788	-0.010182	0.000103673124	0.0086096129439999	-0.0407288	-0.03555724	0.0012643173164176	0.00165883514944	-0.0605701	-2.3999999999996247e-06	0.00366873701401	5.759999999998198e-12	0.000826914	0.0001788229999999	3.1977665328999984e-08	6.837867633959999e-07	-0.00169013	0.00010587	1.1208456900000022e-08	2.8565394169e-06	0.00210963	-7.266e-05	5.2794756e-09	4.4505387369e-06
342.5956798761394	-0.2428627629174684	0.0589823216119064	117371.79986979418	334.57921603295654	0.000105639826188	111943.2518012278	1.1159772877042074e-08	218.63588129288968	-0.0686869035687607	0.0047178907218642	47801.64858871855	218.26719167436872	418.8331126794985	1.002964	16.929169	0.08251983	0.052268	0.1334949215	-0.025417201	0.0065411555	0.0640143028	0.0750501717	-0.1108534153	-0.1031626958	0.0645865111	-0.0146625302	0.0224872524	-0.0726889552	0.0214426604	-0.0207619401	0.0842054832	-0.0696811225	0.0663013541	0.1809740637	-0.0768101868	0.0261269943	0.100029032	0.071105284	0.0367746079	-0.0149028906	-0.0370378634	0.1300923895	0.0369746795	0.0209354578	-0.0015351885	-0.12057674	-0.0255767903	-0.1776873672	-0.1522622061	-0.0115588372	-0.0631835456	0.0015803427	0.1839076886	-0.0667321094	0.0621648963	0.0690041542	-0.0126104284	0.0151092231	-0.0853511499	0.0993427978	-0.1221175805	-0.1631514403	0.04062697	-0.1186611365	-0.0840554197	-0.101886307	0.0189586743	-0.2234181215	-0.0357373404	0.0826326114	0.0428350529	0.1221549682	-0.0707372045	0.1591035744	-0.0325380657	-0.0246017775	-0.2282421379	0.1290558348	-0.027227773	0.0253405759	0.0350868062	-0.1143495004	-0.0592005628	0.1265847515	-0.1087231965	0.0256089404	-0.1222587893	0.0535682749	0.0470408581	0.0676057462	0.0213109971	0.1000499923	-0.0085676192	-0.0316622167	-0.0011040169	0.0165088328	0.1234945506	0.0979482307	-0.1437758926	-0.1708352168	-0.0791118592	0.0049556318	-0.1405957899	-0.000948358	0.0733492476	-0.0958120698	-0.0210116483	0.0002387732	-0.0110866097	-0.1434703182	-0.0722680749	-0.2153227707	0.0383171799	-0.0734039622	-0.0010038982	-0.118855464	-0.0196547956	-0.2133703603	0.1318191175	0.0372705235	0.0604629968	-0.0826838547	-0.0063592963	0.0802126036	0.0428770018	-0.1884896	-0.2074925513	0.0771699025	-0.0815315598	-0.0406016973	0.0104350926	0.0255670795	-0.1078877533	-0.1259355043	-0.0567515765	0.1193145695	0.0766426203	-0.0686381536	0.0530628069	0.0812078928	-0.0114441132	-0.0076065711	0.0791925124	-0.118683349	0.0604739017	-0.0529195613	-0.0898458232	-0.0546542253	0.0558476277	-0.0248710756	-0.0607711743	-0.0965640932	0.0518959683	-0.0627269945	-0.053711213	-0.094276963	0.0292042644	0.0482056202	0.0846605	-0.0081274999999999	6.605625624999993e-05	0.00716740026025	0.00713303	0.04786183	0.0022907547709489	5.08801169809e-05	-0.0551934	0.0053767	0.0030463114035599	2.890890289000005e-05	0.000589738	-0.0002371759999999	5.625245497599999e-08	3.477909086440001e-07	-0.00162262	6.751000000000001e-05	4.557600100000001e-09	2.6328956644e-06	0.00222802	0.0001183899999999	1.4016192099999976e-08	4.964073120399999e-06
342.87989176460275	0.2842118884633464	0.0807763975439016	117566.62017650568	334.1607447823944	-0.4184712505621633	111663.40335352453	0.1751181875470608	218.5224922395821	-0.1133890533075714	0.0128570774099872	47752.079614598224	218.16616592498053	419.8692650394822	1.075533	18.154058	0.08431043	0.0557821	0.1381033402	0.0298899242	0.0165646268	-0.0875564303	0.0417750232	-0.1408871228	0.0354939045	-0.0540961861	0.0475723361	0.0560065184	-0.0733945099	0.0617709179	0.0227334376	-0.083320273	-0.0795968426	0.1015260382	-0.0464676776	0.0054961467	0.0103003846	0.0695925981	0.0473120017	0.0573655886	-0.0305618937	-0.1222271476	-0.0263110284	0.0559680726	-0.0218174932	-0.1225046415	-0.1436714167	-0.0724399737	0.0049658335	0.0332256089	0.1029612096	0.0565525993	0.0457054296	0.0461783409	0.1713395485	0.0112370032	0.0297184311	-0.0864447746	0.0273455204	0.0280739558	0.0437049947	-0.0280129887	0.1175875476	-0.0603621869	-0.012596069	-0.0166816782	0.1223706847	0.1584775157	-0.1017223132	0.2566501486	-0.0087100082	0.0111692541	0.1081440238	0.0691156128	-0.1661990547	-0.0240679516	-0.0316747098	-0.1075563025	-0.0888156013	-0.0306218902	-0.0740516817	0.1718609046	-0.1086988557	0.0154896874	-0.0871260611	-0.0003271188	0.0043430543	-0.0662707273	0.0397263549	0.0434450031	0.1210963691	0.0263899758	-0.0677283862	0.0373572942	0.0770432523	-0.0542868822	0.0460616402	0.178136626	-0.0116501904	-0.0315851439	0.0798748417	0.0743270898	0.0070784118	-0.0812711849	-0.1335528046	-0.0719531527	0.0055768234	-0.0746990252	0.0501754172	0.0326175777	-0.0287673655	-0.0379853689	0.0934316465	-0.139414533	-0.0059886779	-0.0328428549	0.0650265676	-0.1703732022	-0.1429481179	-0.1978095465	-0.0197469469	0.1148641774	-0.1317463711	0.062184748	-0.1574918206	0.0097199166	0.1044279291	-0.057377418	-0.0615230922	-0.0100931654	-0.0633036099	0.2037913065	-0.0188270242	0.12399174	-0.1014838846	-0.0105171968	0.0462196479	0.1481437539	-0.0421644628	0.0014223271	-0.0256283399	-0.1126160393	0.0020612888	-0.015089906	-0.0058578712	0.0530474863	0.0025483094	0.0344705946	0.1257515569	0.1789711688	0.0984824635	-0.019447338	-0.0691769793	-0.0479351044	0.0204770859	-0.0791028174	-0.0959017104	0.0343746944	0.0407391756	0.0809370999999999	-0.0037234	1.3863707560000735e-05	0.0065508141564099	-0.0445391	-0.05167213	0.0026700090187368	0.00198373142881	-0.0566849	-0.0014915	0.00321317788801	2.22457225000002e-06	0.000628106	3.8368e-05	1.4721034239999994e-09	3.9451714723600004e-07	-0.00141391	0.0002087099999999	4.355986409999999e-08	1.9991414881e-06	0.00192663	-0.0003013899999999	9.083593209999995e-08	3.7119031569e-06
342.7829675602635	-0.0969242043392455	0.0093943013867958	117500.16284942064	333.8237825290995	-0.336962253294871	111438.31778203552	0.1135435601455568	218.6437490102608	0.1212567706786842	0.014703204435423	47805.08898126191	218.3125359117417	420.8806033916711	1.030845	17.399775	0.0210935999999999	0.0125652	0.1356949812	0.058031914	-0.0303411694	0.0917875972	-0.0938242722	-0.1426792847	-0.0342051072	0.001150258	0.0427134596	0.0757548357	-0.0045472654	-0.0185443744	0.115288158	0.0574838144	-0.0676714022	-0.0137577709	-0.0397313462	-0.0601969312	-0.0770676763	0.0809269699	0.0182129952	0.0139362263	-0.1088445547	0.0759690275	0.0889513772	-0.1190772288	-0.0280852007	0.0419506034	0.0036509773	-0.184622677	-0.1107104533	-0.0117365201	0.0904849784	0.0622181047	0.0198137652	0.0232372682	-0.1632839954	-0.1161846845	0.0219407772	-0.0359132508	-0.0785306768	-0.0306647045	-0.0356902575	0.04967317	0.2983683937	0.0538267154	0.1564280198	-0.0005588765	-0.0018200636	0.0907226182	0.110985361	-0.0011945598	-0.1295612793	-0.0234491179	0.0207931618	0.0187833714	-0.1030198951	0.0614152255	-0.0048899536	0.1024706288	0.0194942397	0.1408886352	0.0521408586	0.0130695281	-0.0172765386	0.0756246345	-0.0333108307	-0.0741215039	-0.0721309643	-0.0723608842	-0.0073334356	0.0117457991	-0.0434175536	0.1038497532	0.0869365224	-0.1300159921	-0.0376787794	0.013160924	0.0939723917	0.0428613881	0.179964317	-0.0147078671	0.0291658152	0.0193817894	0.0456307598	0.0017696622	0.0606248762	0.1854823706	0.018016177	-0.0252344829	-0.0144229082	-0.1113629328	0.0786255414	-0.0635436557	0.2108842349	-0.0747304576	0.2429911349	0.0337170084	-0.0132909428	-0.1149476852	0.1052472782	-0.0425141162	-0.1234767919	-0.0438975831	0.012823727	-0.0630340166	-0.0548164567	-0.0466154035	0.1177010454	0.1112967012	-0.0658807456	-0.1427374328	0.0532830349	-0.0212155071	0.1177850291	-0.006055622	-0.0692224632	0.0343563024	-0.0443101384	0.1552033314	0.0555641687	0.0076546125	-0.1263489603	0.0165364775	0.0217529286	0.0523726334	-0.0279412927	0.0200900584	0.0092823208	-0.111786679	0.0860097966	0.0183612551	0.0455983867	-0.1127453546	-0.1054457259	-0.0323954642	0.0454468996	-0.1808402885	-0.0974781683	0.0394758984	0.0330881723	0.07936	-0.0015770999999999	2.487244409999687e-06	0.0062980096	-0.0445092	2.989999999999937e-05	8.940099999999625e-10	0.00198106888464	-0.0597072	-0.0030222999999999	0.00356494973184	9.134297289999992e-06	0.000587	-4.1106000000000063e-05	1.689703236000005e-09	3.44569e-07	-0.00134421	6.970000000000001e-05	4.858090000000002e-09	1.8069005241e-06	0.00170815	-0.0002184799999999	4.773351039999993e-08	2.9177764225e-06
342.9069659014362	0.1239983411726939	0.0153755886135798	117585.18726372872	333.50149258048134	-0.3222899486181632	111223.24555340884	0.1038708109802982	218.3983588200099	-0.2453901902509017	0.0602163454713737	47697.84313527379	218.0505186707633	419.6463063926263	1.110317	18.741194	0.09143732	0.0551785	0.1270926992	0.0686578519	0.0167746349	-0.0693329116	-0.0410474878	-0.027890926	-0.1513462944	-0.136093691	0.0779176439	-0.0775904323	0.0146504335	0.0458840328	-0.0564511985	0.0275719837	-0.0107676153	-0.1091504116	0.0388745072	0.0535446872	-0.0607086709	0.0945914582	-0.0340237097	-0.0076105157	-0.0343410366	0.1379588654	-0.0715335614	-0.1052579418	-0.0262596293	0.0090000093	-0.0760896803	-0.0821632644	-0.1458661245	-0.1195682554	0.0146175527	-0.1261289986	-0.0982728092	-0.0962847081	0.093532783	-0.1145542304	0.1406117638	-0.0732506627	-0.002652351	-0.0664059786	0.0304060583	0.1465751124	-0.0914084189	0.012589621	0.0572047392	-0.0282074894	-0.0301869775	0.1824512829	-0.134390529	-0.01149279	-0.1119930632	-0.0757324476	-0.0241934541	-0.0008692382	-0.0587646118	-0.0646894047	0.0079363807	-0.0253813359	-0.0193247979	-0.0945244068	-0.0285258957	-0.1046665131	0.0466211271	0.0660740234	0.0767470728	0.0457854202	-0.0621951604	-0.0924380027	-0.0788323942	0.0039751981	-0.1390477259	0.0349188089	-0.0326843336	-0.1197449645	-0.0328499025	0.0500597815	0.0444788654	0.1099323563	0.0964038438	-0.0734422137	-0.0912176291	0.0230723932	-0.1414150698	0.1484613629	-0.1210961891	0.0386592657	-0.1286297879	-0.0552573042	0.0726705077	-0.0499267424	0.0243558543	0.0993176024	0.0474433583	0.129153327	-0.0598967836	-0.0156140144	-0.0964485732	-0.1801227565	-0.0654916264	-0.0256325767	-0.0604987208	-0.1408469256	-0.031215284	0.0828968988	-0.0291257161	0.0294528727	-0.0020838263	-0.0789620803	0.0712043024	0.1275748805	-0.0964948259	-0.0455203516	-0.099092357	-0.0720638048	-0.0824562738	0.0711948056	-0.034433829	0.1185771885	0.133783507	0.0518290055	0.0015005484	0.0873347001	0.0393467946	0.0525197419	0.0435975398	0.0574348145	0.003556578	0.0517230771	-0.0208593804	0.2214871726	0.1158808253	0.0430028394	-0.0742092284	-0.0956267801	-0.0311500275	-0.1239940899	-0.0990055431	0.0444976032	0.0252872714	0.0805589	0.0011989	1.4373612100000069e-06	0.00648973636921	-0.00178758	0.04272162	0.0018251368154244	3.1954422564e-06	-0.0471947	0.0125125	0.00222733970809	0.00015656265625	0.000126454	-0.0004605459999999	2.1210261811599997e-07	1.5990614115999998e-08	-0.00130984	3.436999999999993e-05	1.1812968999999951e-09	1.7156808256000002e-06	0.00191332	0.0002051699999999	4.209472889999998e-08	3.6607934224e-06
343.0945601515665	0.1875942501303029	0.0351916026819506	117713.87720559687	334.7201343553256	1.2186417748442864	112037.56834284724	1.4850877753956324	218.44353816662613	0.0451793466162371	0.00204117336067	47717.579366754246	218.11348853792464	423.8079433676096	1.093727	18.461168	0.09759642	0.0629169	0.0674742876	0.0761517322	0.0115980076	-0.0208766987	-0.0616541832	0.0179342458	0.0667818618	-0.0135998678	0.1559558971	-0.0641471445	-0.0560473927	0.0071544234	-0.0069343929	0.1093065956	0.0017235109	-0.020727291	-0.1276996431	0.0260361687	-0.1004534451	0.0452710168	-0.0024842349	0.0802265041	0.0001574633	0.0287469568	0.0185036641	-0.0270360492	-0.1145023048	-0.0362030277	0.0239834766	0.075620921	0.0249387025	-0.0985981038	0.0416799563	0.0475542517	0.025014404	-0.01654967	0.0139319577	0.0308909457	-0.0032543351	0.0635376486	-0.0667317627	-0.1148836053	0.0412166253	0.0588246265	0.0132054986	-0.1189473716	0.0356050289	-0.0107693027	0.0546696187	-0.1433774082	-0.0792575479	0.1472297716	-0.0192946158	-0.0764257569	-0.160441823	0.1360552053	0.0917435006	0.0791241657	-0.0375712469	-0.0087243475	-0.0143881128	0.0029633941	-0.0219130665	-0.0130443448	0.0524687115	0.0571035724	-0.1023643282	0.0269640602	-0.0923987316	-0.0297542317	-0.0179478034	0.0859493156	-0.0332753043	0.0024881011	0.007809471	-0.0578160774	0.0829581069	0.0597713936	-0.010628199	-0.0235044804	-0.0503376233	-0.0991419537	-0.0192853082	0.0308588888	0.0752436625	0.0090425696	0.0355653051	-0.0343519499	-0.0446031475	0.0298132644	-0.0321488177	-0.13499527	-0.0037103777	0.0092149509	0.1017060925	-0.0336682354	-0.1260287348	0.073625663	-0.0051807411	0.1683576169	-0.0811797565	-0.1603630738	0.0372201421	-0.0588397436	0.0024888655	0.1457417061	0.0984107332	-0.0278365168	-0.0297967237	0.0377664823	-0.0509476222	-0.0302911988	-0.0256159716	0.0122988258	0.0431194221	0.0909764612	-0.0233662298	0.0189625592	-0.063048688	0.0777251858	0.1109193622	0.0879211169	0.0692640054	0.0092811935	0.086509672	3.38573e-05	0.0769807894	0.0041990452	0.0178442354	0.0440254854	0.0388636647	0.1331196362	0.0058684573	-0.037249334	-0.0715759126	-0.1101860712	0.0225052131	0.0031801214	-0.1004830656	0.0494296957	0.0173718128	0.0832344	0.0026754999999999	7.158300249999986e-06	0.00692796534336	-0.0556018	-0.05381422	0.0028959702742084	0.00309156016324	-0.0544097	-0.0072149999999999	0.0029604154540899	5.205622499999999e-05	0.000587648	0.0004611939999999	2.1269990563599997e-07	3.45330171904e-07	-0.00139497	-8.512999999999988e-05	7.2471168999999805e-09	1.9459413009e-06	0.00178181	-0.00013151	1.7294880100000013e-08	3.1748468761e-06
343.02510058905034	-0.0694595625161582	0.004824630824936	117666.21963412812	334.98314966916337	0.2630153138377409	112213.7105622731	0.0691770553131653	218.47977101547207	0.0362328488459411	0.0013128193354928	47733.41034297311	218.18130318505425	425.1693327660553	0.960915	16.21941	0.0825132999999999	0.0518384	0.0480806604	0.0856044901	0.0190613575	0.107273802	-0.0592512104	0.0239724805	-0.0991084832	0.0357464558	0.0366127255	-0.0631776928	-0.0461637176	0.056044894	0.1079527492	0.127376423	0.0030569605	-0.0526112891	-0.0047278013	-0.0492445097	-0.0758614686	0.0232176567	0.0966772695	0.2133956335	0.1095968673	0.0707872419	-0.0253140597	0.0166991243	0.1590623221	-0.0212300966	-0.0765305073	0.0103496337	0.0041573236	0.0351502796	0.0882420606	0.0158210634	-0.0082662009	-0.1141552296	-0.0245278499	-0.1352793488	0.0965544632	0.0367306638	-0.2078675585	-0.1376187945	0.0375249838	-0.047113992	-0.0497115095	0.0177393332	-0.0698199457	0.0154059818	0.1288030556	0.0221211749	-0.0250794693	0.0220114196	0.081281033	-0.0739805926	0.0183767361	-0.0068506157	0.0961183719	-0.1010562938	0.0483702791	0.0166130663	-0.1100852165	-0.008008799	-0.037956983	0.0815707485	0.0613521923	0.0385559409	0.0125669347	-0.0603785923	-0.0682077432	-0.0267748938	0.0758234254	0.2087117166	-0.0505842376	-0.0829348393	-0.0446898999	0.0171999891	-0.1061672328	-0.1291974563	-0.0481976976	0.0777769161	-0.0365264461	-0.0052921675	0.0447934529	0.0876502215	-0.0346682555	0.1422592129	-0.0155977248	0.1125395139	-0.0766178555	0.0106582758	-0.1243192399	-0.1940203224	-0.0634901191	-0.049075863	-0.0530478566	0.0037454918	-0.0701010953	-0.0468557385	0.1548052193	-0.0631438212	-0.0288320936	-0.0335765369	0.079745329	-0.0346397664	-0.0694255903	-0.0329731127	0.0233569387	0.0846483542	-0.0470884872	0.0193917256	-0.0667050124	0.099904524	-0.0948825235	0.0609178991	0.0709245577	-0.1040007191	-0.0410432	0.0364004719	-0.0910299369	0.0107179822	0.0981112877	0.0714176558	0.047140353	0.0009512938	0.1059440618	0.0720474861	0.0499698736	0.076637991	0.0400050638	0.0455139298	-0.0773582017	0.104047725	0.0551818772	-0.0368025807	-0.0455037356	-0.1064404867	0.0408014266	0.0315122565	-0.1019099918	0.0542622434	0.0093776556	0.0821376	-0.0010967999999999	1.202970239999989e-06	0.00674658533376	-0.0107073	0.0448945	0.00201551613025	0.0001146462732899	-0.0506783	0.0037313999999999	0.00256829009089	1.3923345959999969e-05	0.000250606	-0.0003370419999999	1.1359730976399999e-07	6.2803367236e-08	-0.00124731	0.0001476599999999	2.1803475599999996e-08	1.5557822360999998e-06	0.00195292	0.0001711099999999	2.9278632099999974e-08	3.8138965264e-06
343.49076364750624	0.4656630584559025	0.2168420840105052	117985.904711147	334.8767939732138	-0.1063556959495599	112142.46714177828	0.0113115340609152	218.8020890637448	0.3223180482727343	0.1038889242423447	47874.35417865891	218.44021508898047	424.6192832852804	1.153731	19.473969	0.03966035	0.02337	0.001198533	0.0991013341	0.0909781566	-0.1285980814	0.0422376189	0.0691662999	-0.0181308783	-0.177034282	0.0611096809	-0.0522939062	-0.0280000039	-0.0153483029	-0.0061283594	0.2062940964	-0.0137790068	-0.1107225663	-0.0554743769	0.1545263081	0.1106898754	-0.0055526938	-0.0571249354	0.0239983514	0.0732575897	0.1060570998	-0.0850974924	0.0507758508	0.0716574729	0.1224268028	-0.030274592	0.0334576981	0.0140651794	0.0507255205	-0.0443288333	-0.010341133	-0.1526220655	-0.1173351289	-0.0478912082	-0.008195944	0.0099845813	-0.0169775073	0.1873365853	-0.0564372571	-0.1084760854	-0.1335739971	0.0843044613	0.1124883199	-0.0995658796	0.1547012951	0.0480231249	-0.0432662338	-0.1145208465	-0.1326791319	0.163707101	-0.0691018523	0.1233302793	0.0997385938	0.0362256139	-0.1102908129	-0.0875080267	-0.0386346208	-0.0152278889	0.173839686	0.0917507137	-0.0936444883	0.0394285431	0.1031999262	0.0074471415	0.1773794081	0.0958552509	0.0094611533	-0.0510191724	0.0246381744	-0.0982891331	-0.0606152745	-0.0164922985	0.0928232569	-0.1561368112	0.0145888096	-0.0308946529	-0.0051775037	-0.0079379279	0.0795803815	-0.0094843257	-0.1194012482	-0.0208032495	0.1247309857	0.0494460319	-0.0517387284	-0.0456246031	0.063922727	0.1720794222	0.0397118975	0.1003805656	-0.1134395272	-0.0979175683	-0.0337980257	0.1255223884	-0.1509002528	0.1510777396	0.0595422379	-0.0589960627	0.160475443	0.130250686	-0.0356543107	-0.1436703079	0.0594965086	-0.0895794898	0.0748341514	-0.1047141028	0.0296594618	-0.0905461408	-0.1370720925	-0.0298600883	-0.1549893104	-0.1383339406	0.0124167415	0.0073746629	0.1108615882	-0.0349003203	0.0841586177	0.0939272769	0.0706399215	0.0451206304	0.0620292924	0.0989091161	-0.0927206004	0.0977745793	0.0651043562	0.1626036416	0.0313250239	-0.0963461605	0.0953272508	0.0098287258	0.022443396	-0.0578055334	-0.1226723624	0.0169799401	-0.0957332839	-0.1032856033	0.0589855141	0.0013410152	0.0798129999999999	-0.0023246000000001	5.403765160000498e-06	0.0063701149689999	-0.0314884	-0.0207811	0.00043185411721	0.0009915193345599	-0.0564181	-0.0057397999999999	0.0031830020076099	3.294530403999996e-05	0.000346083	9.5477e-05	9.115857529e-09	1.19773442889e-07	-0.00132444	-7.713000000000012e-05	5.949036900000019e-09	1.7541413136e-06	0.00199661	4.368999999999988e-05	1.908816099999989e-09	3.9864514921e-06
344.15734636021784	0.6665827127116017	0.4443325128859577	118444.27905370697	335.55390605251347	0.6771120792996612	112596.42386709905	0.4584807679335107	218.78488900647525	-0.017200057269548	0.0002958419700757	47866.8276575757	218.4751958247593	429.7080813667615	1.206007	20.356344	0.0928193499999999	0.0574541	-0.0756772771	0.0861976852	-0.0183198632	0.019347074	-0.0847758733	0.0285107981	0.1481818733	0.0301789077	0.0343620025	-0.0968866575	-0.0429697755	-0.1091010918	-0.0307877912	0.0622177096	0.0494440983	0.0097725898	-0.2001187492	-0.0790973523	0.017139495	-0.06538997	-0.0428520129	0.0863175812	0.0079685251	-0.0214896789	-0.119528035	0.105473705	-0.0534684679	-0.0261736698	0.1295178578	0.0369259916	-0.2114848781	-0.0362333967	0.0028906351	0.1535748704	-0.0004837981	0.0795790085	-0.0573780593	-0.0811317008	0.1115262871	0.112002323	-0.1326547641	-0.0109236005	0.0533352342	0.0904598953	-0.0098221652	-0.0702942889	-0.0900303253	0.090051682	-0.2000952113	0.0860518559	-0.0526523885	-0.0800402402	0.0145242988	0.0163731636	0.0377139217	-0.1260629641	-0.0753635481	0.0513046478	-0.0489442787	-0.048459658	-0.0704606217	-0.0811491028	0.0492142665	-0.0294053013	0.0831440453	0.0310040815	-0.1822191708	-0.0497429414	0.0331413642	0.0910143997	-0.0449347414	0.0617794946	-0.004706533	-0.0121539522	-0.1238904621	0.0797518662	0.108456133	0.0090846042	-0.1087720053	-0.0523839373	0.1603150386	0.0103247108	-0.1170078976	0.0186493992	0.1239906369	-0.0411315683	-0.0472876839	0.1131446117	-0.140542849	0.069158481	-0.1221460652	-0.1253570976	0.0027283083	0.0868224837	0.039275349	-0.0710210923	-0.0323293068	-0.1596751338	-0.1707318606	-0.0764623187	-0.0062117904	0.1464395832	0.0314011721	-0.0036387974	-0.0082165857	-0.0466015251	-0.0517428858	-0.1096623612	0.0113782533	-0.1096816256	-0.0455770895	0.0706037421	0.0707335456	0.0095770654	0.0837448045	0.117576649	0.0756625597	0.0522583075	-0.1078915324	0.0254491672	0.0215847897	0.1067775542	0.0534541997	0.1060079591	0.0764602212	-0.0190096272	0.1269820768	0.0550175112	0.0876169583	0.03256516	-0.0325309926	0.0033190437	0.0339983649	0.0505726291	0.0222737134	-0.0903032125	-0.1507896446	-0.1213104298	-0.1046092073	0.0635899959	-0.0067017003	0.0778327999999999	-0.0019802	3.921192040000006e-06	0.0060579447558399	-0.0816526	-0.0501642	0.00251644696164	0.00666714708676	-0.0703299	-0.0139118	0.00494629483401	0.00019353817924	0.000623456	0.000277373	7.6935781129e-08	3.88697383936e-07	-0.00139315	-6.870999999999982e-05	4.7210640999999755e-09	1.9408669225e-06	0.00180743	-0.0001891799999999	3.57890723999999e-08	3.2668032049e-06
344.15121899019755	-0.0061273700202946	3.75446633656053e-05	118440.06153243892	337.19863669288543	1.6447306403719608	113702.92058754056	2.70513887937836	218.80511193061665	0.0202229241413931	0.0004089666608285	47875.67700696968	218.46607756887164	435.7483900624736	1.117973	18.870413	0.0685492499999999	0.044213	-0.1173206332	0.1028771514	-0.0640461986	0.1009894635	-0.1081123156	0.116836978	-0.0585654409	0.0103581041	-0.0792760312	-0.1058119909	-0.0834540739	-0.059795186	0.0489536215	0.0979270735	-0.0092032234	-0.1431887432	-0.0196646209	-0.1291758943	0.0006611554	-0.0345583848	-0.0796844231	-0.0409116534	-0.0081290356	-0.004199216	-0.0652802745	-0.030694867	-0.0470528528	-0.1128820434	0.0125769617	0.0193284727	0.2220467275	0.1884986243	0.0627830971	-0.0671010869	0.1725579749	-0.0566601747	-0.0719364365	0.0028520806	0.1279868418	-0.0146196952	0.0183946254	-0.014120964	0.0683435703	0.1137837443	0.034479214	-0.1248745157	-0.0251507417	0.1128800724	0.0811726402	0.1322311837	-0.0426530341	-0.1249301297	-0.1367445282	0.0519684172	0.0282113094	-0.144067037	0.0665184227	-0.0077890893	-0.0288329274	-0.1161978881	0.131453157	0.2522648929	0.1171020895	0.0252900572	0.0959080499	0.0970404625	0.0541616833	-0.1018014089	0.0291902586	0.0777919084	-0.0661485011	-0.0461846606	0.0100261121	-0.0049272768	-0.0411886444	-0.0188894355	0.0986078461	-0.0188981767	0.0375370764	-0.0375675675	-0.1912699848	0.1073174713	0.1824823862	0.1303441462	-0.1360722585	-0.0608493305	0.1415638513	0.0217533918	-0.1101985989	-0.0385771133	0.0385394971	-0.0262884539	0.0012099006	0.0818013284	0.1174552517	-0.1182181594	-0.0784397426	-0.1012321182	0.0650945495	-0.1203382934	-0.0391838146	0.1298182121	-0.1460662678	-0.0526988828	0.0827834019	-0.1310937552	0.0498031848	-0.0288623655	-0.0834761543	-0.0737320016	-0.0323486969	-0.2746368592	0.0026966307	-0.0799860077	0.079751589	-0.1075741211	0.1189514037	0.0994094764	0.0141804077	0.0096993869	0.0352370501	0.0677913553	0.0867021709	0.0045482827	0.0533324974	-0.0885768262	-0.0087590099	-0.0346604439	-0.001259085	0.0855764833	0.070239428	0.0036281438	0.0281911324	0.0314321279	-0.0062471249	-0.038696523	-0.0109409836	-0.0092515856	-0.1058801375	0.0680664159	-0.0147140554	0.0822031	0.0043703000000001	1.909952209000092e-05	0.00675734964961	-0.0399099	0.0417427	0.00174245300329	0.00159280011801	-0.0779075999999999	-0.0075776999999998	0.0060695941377599	5.742153728999842e-05	0.000544065	-7.939099999999995e-05	6.302930880999991e-09	2.9600672422500005e-07	-0.00124874	0.0001444099999999	2.0854248099999997e-08	1.5593515876e-06	0.0018808	7.33699999999999e-05	5.3831568999999864e-09	3.53740864e-06
343.29554405305737	-0.8556749371401793	0.7321795980498498	117851.83056668466	336.2887623858663	-0.9098743070191516	113090.13170701764	0.8278712545735816	218.76740800474587	-0.0377039258707725	0.0014215860260687	47859.17880511495	218.43987624122985	430.5802301283972	1.240895	20.945227	0.0288359499999999	0.0152864	-0.0935784443	0.0579633937	0.0416664755	-0.1023529725	0.0032764353	0.146998907	0.0200477545	-0.0765253192	0.0326583317	-0.0738751126	-0.0899756028	0.2124667246	-0.0015099866	-0.1020023663	0.1099743106	-0.0712505592	-0.0660790187	0.1280794589	0.09308866	0.1475386146	0.0352414485	0.1023321519	0.0443171391	0.0047549769	0.0901152816	0.0323776196	0.0972746628	0.0581683392	0.0402437401	0.1274863834	0.0074236289	-0.0109839188	-0.175562802	0.0015989144	-0.0073498715	0.0327457236	0.0513057773	-0.0623429606	-0.015220151	0.0227033312	-0.0449892503	0.0368426407	0.1265187269	0.0244587051	-0.0983116227	-0.0148468354	-0.0884244856	0.0570446141	-0.1153629697	-0.0242224213	0.073763629	0.1713997437	-0.0449192333	0.0293465796	-8.05903e-05	0.0467412482	0.0673166222	0.1702204695	-0.0364971958	-0.011068002	0.0471671572	0.1054181732	-0.0860110018	-0.0052937838	0.120649126	0.0002807988	-0.0258926494	0.1447241155	0.0923531192	-0.1488704941	0.042712734	0.0951980242	0.0544381821	-0.0438224986	0.0613034385	0.0312283778	-0.0731518747	-0.0206481704	-0.067365282	-0.1038805187	-0.0889009704	0.0692066205	-0.147609036	-0.0177543431	-0.0146455576	0.0153908071	-0.0913089486	0.0018823243	0.0110514586	0.0354859312	-0.0455156392	-0.0228711678	-0.1143705313	0.1287658029	-0.0613778755	-0.0233970663	-0.0455558348	-0.1210312499	-0.1188525533	0.0399416222	0.0475093101	-0.1167567792	-0.0616750042	0.1267381335	0.009140594	0.0450000193	0.1179570654	-0.083544335	3.78268e-05	0.0454528795	-0.0158670358	-0.1438717556	-0.0552623351	0.0731823411	-0.1260841161	0.0587044647	0.1020429825	0.0565649171	-0.0307670526	-0.0612750767	0.0602800006	0.0413892549	0.1227471492	-0.0976506437	0.077804218	-0.0145327299	-0.1286875102	0.0071986133	0.0464037084	-0.1058095958	-0.0159941266	-0.1011283714	0.0339853718	-0.131776763	-0.0321754784	0.0051611595	0.2345489767	-0.0286492655	-0.1070977539	0.0724057592	-0.0226597522	0.0817949	-0.0004081999999999	1.6662723999999793e-07	0.00669040566601	-0.027905	0.0120048999999999	0.0001441176240099	0.000778689025	-0.0741499999999999	0.0037576	0.0054982224999999	1.411955776e-05	0.0004818	-6.226500000000004e-05	3.876930225000005e-09	2.3213124e-07	-0.00112958	0.0001191599999999	1.4199105599999973e-08	1.2759509764e-06	0.00195268	7.188000000000008e-05	5.166734400000011e-09	3.8129591824e-06
343.21077425534435	-0.0847697977130224	0.0071859186043067	117793.63556495294	335.67956234993835	-0.6092000359279268	112680.76857944614	0.3711246837745873	218.61859472453244	-0.1488132802134316	0.0221453923678813	47794.089959329365	218.28871774582635	424.3869254135995	1.089559	18.390804	0.06865175	0.0492163	-0.0626776065	0.0235568684	0.0633216729	0.0508766809	-0.0413648985	0.0643402377	0.0082850177	0.0552740565	-0.0132016592	-0.0560729124	0.0062624707	0.0550048355	-0.0365787481	0.0725830018	0.0467587074	-0.0609748791	-0.0454764618	-0.0556595947	-0.0413729898	-0.0038219937	-0.0547830648	0.0480222284	0.176856579	-0.1227134098	-0.0882808925	-0.0345665738	0.0363435415	0.0165336111	0.0390936056	0.1229611846	0.0517933333	0.0473337619	-0.0681674986	0.1918737485	-0.2501813449	0.1587033558	-0.0325193766	0.0225262301	-0.0174146911	-0.0085054548	-0.0084473853	-0.1153935566	-0.1388421933	0.0718888838	0.0180184903	0.0150991078	0.0141533594	-0.0840005567	0.0282178235	0.0202442885	-0.0014564751	-0.002537397	-0.0539303449	0.0132637202	-0.1309215093	-0.0466265569	-0.0151812257	0.1033104179	-0.0511895584	0.0692468314	0.110037474	-0.0315880404	-0.0793451465	-0.0048023678	0.0885819945	0.025612241	-0.0134630512	-0.0363089523	-0.0233954372	0.0360445232	-0.0276797372	0.0347462567	0.0742461196	-0.1935236209	-0.1180048591	-0.0046326027	-0.0189759682	-0.0203298953	-0.0647301522	-0.0855704494	-0.092341461	0.0718365407	0.0053689188	-0.2667783443	0.1899796116	-0.0193203603	-0.0816859743	0.0171585722	0.0115327101	0.0307652191	-0.0074563975	-0.0948293108	0.1689284618	-0.0141306078	-0.0312924195	-0.0045869199	-0.0087300068	0.1017582873	-0.0162181023	-0.0607718797	-0.0071618573	-0.0597136119	-0.0479367603	-0.0410433742	0.0893684216	0.0406189472	0.0764763241	-0.1711485596	0.0256078313	0.0708852463	0.1016045365	-0.0153505367	-0.0115021571	0.0684184046	0.0812052722	0.0084987518	0.0776138915	0.0743200624	0.0167374798	0.0029380055	0.0532635449	0.0160608991	0.1105786705	-0.0111285618	0.1446470643	-0.0909139867	0.0332219061	-0.0502928117	0.0657367656	0.0605270714	-0.0470647848	0.0382010536	0.0146921668	-0.0619030105	-0.0667909201	-0.0374449322	0.003447338	0.019981078	-0.1082614433	0.0765992869	-0.0305027946	0.0779803	-0.0038146	1.455117316000001e-05	0.00608092718809	-0.0732497	-0.0453447	0.00205614181809	0.00536551855009	-0.0741089999999999	4.099999999999937e-05	0.0054921438809999	1.6809999999999482e-09	0.000711189	0.0002293889999999	5.2619313320999997e-08	5.05789793721e-07	-0.00112165	7.92999999999996e-06	6.288489999999936e-11	1.2580987225000005e-06	0.00180097	-0.00015171	2.30159241e-08	3.2434929409e-06
343.48950745423355	0.2787331988891992	0.0776921961630058	117985.04173115196	335.02985799207096	-0.6497043578673924	112245.00574618723	0.4221157526318807	218.672278483244	0.0536837587115712	0.0028819459494022	47817.56537705343	218.3060120355516	426.3144602711032	1.062132	17.92786	0.12250043	0.0832351999999999	-0.0910377102	-0.0056654977	-0.0437089017	-0.0397327629	-0.0138647798	0.0945880275	-0.0213749557	-0.0750838639	-0.0179822128	-0.0649334851	0.0874801548	-0.0263452382	-0.1128286948	0.0795171009	-0.0122549065	-0.064151916	-0.0596243421	0.0248294211	0.0110152209	-0.0249742073	0.0630793133	-0.0576030729	0.1185147738	0.015850861	-0.0224813384	-0.1033667938	-0.0968379682	-0.192678412	0.021151901	-0.0360063828	0.0631489066	0.200941311	-0.0545566767	-0.0134680912	-0.0645260766	0.0020336024	0.1931390873	0.0402239299	0.120725831	-0.0407200572	-0.0129417272	-0.0260626992	0.0406175594	0.1931302031	0.1890949355	0.1253031575	0.0189963868	-0.1180844293	-0.1197438405	-0.0009548077	0.005251503	-0.0172219491	0.0897979945	0.0416181437	0.0370198339	-0.026301711	0.0666712645	0.1026806765	0.0065038207	-0.0321951076	-0.0082521804	-0.0937487843	0.1132484068	0.0241639307	0.0383377791	0.0688404974	-0.0111824159	0.0352357463	0.0144966829	0.0212930072	0.0513130615	-0.0412847284	-0.0839663532	-0.1368968925	-0.0241776488	-0.1040307005	0.192587992	-0.0386178599	0.0352975962	0.038456161	-0.0573418384	0.1428907991	0.1254432814	-0.0514019897	-0.1031523254	-0.0285086703	-0.144422559	-0.1422886308	-0.0981561609	-0.0448027115	0.0180246652	-0.1090296732	0.0046426322	0.1366201473	0.0379222558	-0.0912571505	0.2285092155	0.1513556143	-0.0984431735	-0.0548781805	-0.0035237071	0.0513161178	0.0436197917	0.0553210377	0.0174788213	0.005737883	0.0786349654	-0.0627951934	-0.0323005419	-0.0518943222	-0.0338506316	0.0469041163	0.0773926012	-0.0106045703	-0.1064617822	-0.0846858689	0.0658168853	0.0427116762	-0.1004448357	-0.0683900438	0.0130527822	0.0107001076	0.0960155994	0.0924115769	0.0606846199	0.0799614611	-0.0091903414	0.0150604331	0.0831912775	0.1473030101	0.0105638961	0.0126506362	0.0751219324	0.1372975814	0.11106979	-0.0858666685	-0.032565096	-0.1568141897	-0.1093706198	0.0806385538	-0.0382076517	0.0865642999999999	0.0085839999999998	7.368505599999824e-05	0.0074933780344899	0.00212723	0.07537693	0.0056816815762248	4.5251074729e-06	-0.0741885	-7.950000000010726e-05	0.00550393353225	6.320250000017055e-09	0.000284109	-0.00042708	1.823973264e-07	8.0717923881e-08	-0.00118533	-6.367999999999999e-05	4.055142399999998e-09	1.4050072089000002e-06	0.00207941	0.0002784399999999	7.75288335999999e-08	4.3239459481e-06
343.38475715218306	-0.1047503020504905	0.0109726257796689	117913.09144446372	335.8812658857104	0.8514078936394185	112816.22477298728	0.7248954013515113	218.894479374207	0.2222008909629949	0.0493732359447487	47914.793100505136	218.57424190884544	423.86073145636624	1.085306	18.319021	0.1021537799999999	0.0778206	-0.0788229236	-0.085577815	-0.0600799337	-0.0173551977	-0.040349732	0.1158397257	0.0400489847	0.0357034468	0.0528427881	0.0248072735	0.0362894848	0.040998273	-0.1374744411	-0.0322142221	0.0908464778	-0.0723019858	-0.0096509867	-0.0497742099	0.0393441315	0.0671632994	-0.07771849	0.028332852	0.0245964382	0.0429025743	0.0532399804	0.1868189649	0.1155637543	0.0873375224	-0.0040977891	-0.061136203	-0.0200413767	0.0082132629	-0.0486616817	0.1866594107	0.1039195731	-0.1557634646	0.1028113396	-0.0649330896	-0.070681302	-0.0604694109	-0.0487691482	0.0970355032	-0.0140201326	-0.03377017	-0.024060785	0.0301761648	-0.0735124753	0.0391922974	-0.0370706504	0.0702425391	0.0038975475	0.0574786772	0.078300962	0.0138298104	-0.0352387421	-0.0366607807	0.048224115	-0.0789474474	-0.0354751212	0.0453715677	-0.2271062534	-0.0839659687	0.0658481534	-0.0032112716	0.1237620861	-0.0038789538	0.0068172459	-0.0237801857	0.0426510429	-0.0523090331	-0.0841219028	0.0284067167	0.0326651046	-0.0019482152	0.0815937111	0.1985522418	-0.1121848842	-0.0453152065	-0.0196416586	0.0125907829	0.0569916996	0.0759286934	-0.0040732541	0.2108867606	0.1174566992	0.1341098396	-0.085941328	-0.0634903163	0.0807356458	-0.0197932493	-0.0128263512	0.0093183374	-0.0060741765	0.0364461194	-0.0785061013	-0.025057698	0.0281802679	-0.0885676625	-0.026575782	-0.0219226746	-0.0155642771	-0.0583812741	0.0852520791	0.0127064708	0.0344884479	-0.031559315	-0.0288348337	0.0399724582	-0.0507443214	0.0185245207	-0.191599788	0.1512114019	0.0551675202	-0.0321249579	0.0043643514	0.035325573	0.1223304418	-0.0192548114	0.0650363755	0.0260989176	0.0362729047	-0.038958443	0.082338946	-0.061085674	0.0852726537	-0.1085773328	-0.0185149479	-0.1243533248	-0.0053106788	-0.0153236498	0.0632105451	0.0597902382	-0.1082538959	-0.0381193619	-0.025082686	-0.0242988612	-0.1039017433	0.0877846208	-0.1104247249	0.0845154255	-0.0457394187	0.0872937	0.0007294000000001	5.320243600001491e-07	0.00762019005969	-0.0686878	-0.0708150299999999	0.0050147684739008	0.0047180138688399	-0.0740693999999999	0.0001191000000001	0.0054862760163599	1.4184810000025729e-08	0.000752754	0.000468645	2.1962813602500002e-07	5.66638584516e-07	-0.00119939	-1.4059999999999984e-05	1.9768359999999955e-10	1.4385363721000002e-06	0.00195231	-0.0001270999999999	1.6154409999999946e-08	3.811514336100001e-06
342.1156034633234	-1.2691536888596602	1.6107510859460832	117043.08613307391	335.183844591664	-0.6974212940463644	112348.20967524876	0.4863964613893055	218.5553668358637	-0.3391125383433007	0.1149973136616365	47766.44837275896	218.28163365046183	418.42133824039166	1.070051	18.061525	0.0957584499999999	0.0609709	-0.0653473604	-0.1733524607	-0.0072324634	0.018712756	0.0253000341	0.100553955	-0.0112013573	0.1186252237	0.0192461436	0.0535697544	0.083772732	0.0727178062	-0.0082850446	-0.1469065321	0.1375500244	0.0451602251	0.0797431897	-0.00322157	-0.0932730317	0.0492687558	0.0943596877	-0.1913398947	-0.0164744742	0.031424515	0.0118791292	-0.0117155117	0.0023158675	0.003855124	0.0189717653	-0.1110621696	0.1129379164	-0.0125151601	0.0712490993	0.1770369746	-0.0675511758	0.0833660482	0.0122263868	0.1073554893	-0.0871186112	-0.1110964123	-0.0462944933	0.044598133	0.0680253302	-0.0958773354	-0.1292683307	-0.0536920436	0.0066690759	-0.0706006423	-0.0116349202	-0.0427958235	-0.1295892107	-0.0269577004	-0.0071531175	-0.1194325402	-0.0760786966	0.1108018386	0.068337975	0.0398009008	-0.1946159816	-0.0775989073	0.079070627	-0.019178156	0.0394389819	-0.0516918443	0.0795104236	-0.141424379	0.0254259764	-0.0284994122	-0.1010759681	-0.0881998538	0.0900479409	-0.1644790544	-0.0620205754	0.0260656533	0.0380444627	0.0314155959	-0.0024222461	-0.0323948971	0.1095350095	-0.0225017239	0.0172581848	-0.0042447162	0.1414237363	-0.0497717073	0.1985844261	-0.0263203099	-0.0303977965	-0.0225994062	0.1119196939	-0.1333183742	-0.0252627307	0.0592838501	-0.0833270017	-0.0520758118	-0.0387325775	0.0426498811	-0.1360206287	0.0313973236	-0.059325846	0.055272755	-0.0855558695	0.0047068822	0.0183276293	-0.0947659765	-0.0520426345	0.2168913058	0.0461924981	-0.0755115766	-0.124059315	-0.0629461888	0.0306568458	-0.0534917698	0.0505155697	-0.0268352349	-0.0056504588	-0.0056824673	0.06504277	-0.1530133915	0.0325222909	-0.1432931793	0.0240851139	-0.0989879616	-0.0710583604	-0.0575401942	-0.0030899083	0.0984678178	-0.0448715205	0.0504712361	-0.0534763281	-0.0531446146	0.103277267	-0.0355262216	0.0116349631	-0.0175292042	-0.0168015202	-0.110182395	-0.0986904715	0.060925275	-0.1114232278	0.0882220943	-0.0530639746	0.0973114	0.0100177	0.00010035431329	0.00946950856996	-0.0124472	0.0562405999999999	0.0031630050883599	0.00015493278784	-0.0642536	0.0098157999999999	0.0041285251129599	9.634992963999807e-05	0.000591777	-0.0001609769999999	2.5913594528999994e-08	3.50200017729e-07	-0.00125064	-5.124999999999986e-05	2.626562499999986e-09	1.5641004095999997e-06	0.00213377	0.00018146	3.2927731600000016e-08	4.552974412900001e-06
341.77360280278504	-0.3420006605383605	0.1169644518086749	116809.19557279588	333.9649318903245	-1.218912701339491	111532.5757325091	1.485748173486735	218.5403203146267	-0.0150465212369965	0.0002263978013353	47759.871603219646	218.23511023657665	409.9051704251837	1.071937	18.093365	0.06187887	0.0328047	-0.0223886891	-0.2741805058	0.027239128	0.0411213291	0.126739952	0.0291727515	-0.1086949252	0.147080125	-0.0980997609	0.0583018982	0.191358317	0.2021417518	0.1010277932	-0.0335954656	0.0762366808	0.0606798766	0.120450818	0.0815449487	-0.0370663586	0.0569958553	0.1190960436	-0.0502393117	0.0539119233	-0.0771257818	-0.0568263794	0.0639716109	0.0588322412	-0.1639448723	0.0801496651	-0.0043520404	0.0491184226	0.0838438552	0.0319357505	-0.0357519281	0.1011646707	0.0522059791	-0.0010373761	-0.0023602481	0.0265650092	-0.0308806661	0.2148155101	0.083414733	0.0699206123	0.1466448005	-0.1215067462	-0.0090139703	-0.0043017217	0.0823645388	-0.0140037102	-0.0154731802	0.0525436831	0.0353233077	0.0181242507	0.0505003991	0.0096813599	0.1012058905	0.0026226522	-0.0387881591	0.1458760177	-0.0786949917	-0.1317989792	-0.0041041112	-0.0547154458	0.0291620526	-0.0113907033	-0.1364353391	0.0795738524	0.032001906	-0.0572528966	-0.0950535391	0.1342893122	-0.0514607101	0.0117602495	-0.0569378835	-0.0725870124	0.0696455619	0.129213601	-0.1457593036	-0.0366468036	-0.0391884337	-0.0182871731	0.0292521057	0.0730376385	0.0174390221	-0.0757630573	-0.1139536837	0.0163171837	0.0232076841	-0.0584033741	0.013522744	0.1702338694	0.1147558926	-0.0415732987	0.2014057777	-0.0005434775	0.0330246789	-0.0582279652	-0.039338667	-0.0222281587	0.0599023341	0.0767471297	-0.0324870994	0.0189092621	0.05271429	0.002288638	-0.0039013056	0.0054282329	0.19836972	0.0996411094	-0.0348287634	-0.121053224	-0.0151941885	-0.0428225931	0.0382462924	-0.0292860976	-0.0536058805	-0.0266878526	-0.1468080064	0.0124923791	-0.1729368132	0.0033276529	-0.1428532296	-0.1325896441	0.0440469047	0.0506837541	0.1578442745	0.0085651806	0.1177150578	-0.0679636473	0.1110065666	-0.0294168035	-0.0615871545	-0.0455712421	0.0126753589	-0.0328423324	0.0831588404	-0.0782614466	-0.0661390356	-0.1123656258	0.0917510955	-0.0601481375	0.0905913	-0.0067201	4.515974401000009e-05	0.00820678363569	0.00173407	0.01418127	0.0002011084188129	3.0069987649000004e-06	-0.0566748	0.0075787999999999	0.00321203295504	5.743820943999995e-05	0.000124753	-0.000467024	2.1811141657600002e-07	1.5563311008999998e-08	-0.00113913	0.00011151	1.2434480099999998e-08	1.2976171569e-06	0.00222321	8.944000000000009e-05	7.999513600000016e-09	4.942662704100001e-06
341.94905948228086	0.1754566794958236	0.0307850463797001	116929.15928081646	334.0374958887916	0.0725639984671033	111581.04865965448	0.0052655338735337	218.35145580931248	-0.1888645053142283	0.0356698013675882	47677.35825404614	218.03105646133423	409.9874017996341	1.105422	18.658562	0.10040362	0.0683703	0.0261083232	-0.2327261418	0.0506270135	-0.101800554	0.1832008367	-0.0050112777	0.0006171536	0.0341246203	0.0470227	0.0887665983	0.1427735952	-0.0415168809	0.0142617456	0.0083642697	0.0936328766	0.0972924059	0.0672618213	0.107392895	-0.0261355315	-0.0181461229	-0.1405940386	0.0050894654	0.0463794147	0.058467854	-0.0743139793	0.0604853703	0.1034273281	0.0034149973	0.0566502776	0.0545762816	-0.1240759693	-0.0018366439	-0.1524917783	-0.0338350283	0.0175566277	-0.162192864	-0.0077755801	0.0062537473	-0.130820475	-0.1518907701	0.10767757	-0.0143475427	0.0362411265	-0.0486720794	0.1078265511	0.0846912019	0.0584699605	-0.0051230049	0.0377142074	-0.0155592161	0.0261051986	-0.019440716	-0.0143942026	0.1487603269	0.1059715737	-0.1452998464	-0.0397230428	0.0341285306	-0.0147862348	-0.0932852605	0.059856831	-0.0904559905	0.0035936881	0.0566255696	-0.0212428573	-0.1510452782	0.0191887158	0.1083637233	-0.0539427381	0.02518875	-0.1269557455	-0.000594764	-0.0231471084	-0.0442130071	-0.0077332823	0.0916941473	-0.0311241281	-0.0776693108	-0.0854718638	-0.0325448272	0.0517093212	0.1056641271	-0.1808874564	0.0322402042	-0.0370882312	0.1364783149	0.0559437374	-0.0952364723	0.1260284674	-0.0607533446	0.2031643944	0.0116309413	-0.0361951253	-0.0405811022	0.0213419145	-0.0003599142	0.1292925731	0.0266539331	0.0665051219	-0.0029914522	-0.0313032877	0.0429527667	-0.0734504019	0.1266369095	0.0465534703	-0.0852921166	-0.0554802844	-0.0784896466	-0.0666263322	-0.1379861016	0.1005789371	0.0506368637	-0.0324052267	0.0223409134	-0.0472763914	0.0713155675	-0.0289884088	-0.0855555579	0.1723085698	-0.045764381	0.0608818236	-0.1467723338	-0.1646116357	0.0578806598	0.0854230954	-0.0836522408	0.0583187425	-0.080450362	-0.1093328229	0.0716602921	-0.0167311431	-0.0152240698	-0.0340251992	0.0253153086	0.0582727427	-0.0785737939	-0.0286921865	0.0467031617	-0.1132514443	0.0950953223	-0.0669598143	0.0877032999999999	-0.002888	8.34054400000057e-06	0.0076918688308899	-0.0581836	-0.05991767	0.0035901271782288	0.00338533130896	-0.0582765	-0.0016017	0.00339615045225	2.5654428900000144e-06	0.000603158	0.000478405	2.28871344025e-07	3.6379957296400004e-07	-0.00104141	9.771999999999992e-05	9.549198399999984e-09	1.0845347881e-06	0.00207941	-0.0001438	2.0678440000000105e-08	4.3239459481e-06
341.80847852195154	-0.1405809603293164	0.0197630064071128	116833.0359894914	332.40323141823825	-1.6342644705533758	110491.90825728684	2.670820359713105	218.512633394312	0.1611775849995069	0.0259782139062732	47747.770952917	218.1481068792797	410.6816893207362	1.072237	18.098421	0.01591625	0.00828659	0.0929405305	-0.1598186732	0.0534022845	0.0523215782	0.1131074984	-0.0906786779	-0.0250500279	0.1283766143	0.0412149763	0.0497708026	0.1054223537	-0.0563012824	-0.0198129998	-0.0062342301	0.0669538725	0.101166044	0.0603331554	-0.0419123517	-0.1248788672	-0.0886704229	-0.1000225651	0.016234554	-0.0810677097	0.0030479292	0.0524392634	-0.0216299807	0.0048814949	-0.0018234461	0.09023718	0.0434949851	0.0231955466	-0.0243551482	-0.0326224286	0.0171889105	0.0536031504	-0.0301224561	0.0294045304	0.1092030499	-0.1031030019	-0.0422259374	0.0019094715	0.1179496936	-0.0044439975	0.085620061	-0.1408657446	0.126845377	-0.0737539812	-0.0025019385	0.0322850817	-0.2066102955	-0.0546934216	-0.0519208696	-0.0171632042	-0.1507778953	-0.0540383046	-0.1317027618	0.0235887869	-0.0695347317	0.0932443291	-0.0045469828	0.1305262604	-0.1475321596	0.169554989	0.0263720324	-0.0239908365	-0.1321310604	0.0027293253	-0.0488847127	-0.1315042006	0.1007394294	-0.0907158377	0.0065862882	0.0153088134	0.0788270719	0.0602513881	-0.0219460042	0.037430768	-0.0102858145	-0.0466644037	-0.1000700762	-0.0087813606	-0.0044459591	-0.0020034503	0.0324253443	0.0394971909	-0.0261590162	0.0499156406	-0.0937839233	0.087260138	-0.0311969783	-0.0079622899	0.0512447636	-0.0177423292	0.1856568052	-0.1804492122	0.0978684273	0.0071418347	0.0601058235	0.0413367252	0.181497398	-0.0372218173	0.0324957232	0.0020673948	-0.132963666	-0.0760123354	-0.1220262676	0.0907749616	-0.0095968079	0.0347077699	-0.1066442791	0.1015336076	0.0974867384	0.1674504045	-0.0020370126	0.063681575	0.0245307149	-0.1028090523	-0.0958671186	0.0848508715	-0.0866913094	0.0480118958	-0.096608323	-0.1390033187	0.0629726594	0.0324201061	-0.0053280225	0.0222345222	-0.044029661	-0.0425466734	0.0688679823	-0.0950903645	-0.0090125347	0.0439762349	0.01089632	0.1071750273	-0.0303624575	0.0522142785	0.0460969583	-0.1140802373	0.0982480398	-0.0734681463	0.0858139	-0.0018893999999999	3.569832359999631e-06	0.00736402543321	-0.0570905	0.0010930999999999	1.1948676099999992e-06	0.00325932519025	-0.0568165	0.00146	0.00322811467225	2.1316000000000085e-06	0.000544643	-5.851499999999998e-05	3.424005224999997e-09	2.96635997449e-07	-0.00109683	-5.542000000000004e-05	3.071376400000004e-09	1.2030360489e-06	0.00196387	-0.0001155399999999	1.334949159999998e-08	3.8567853769e-06
342.3708327393174	0.5623542173658507	0.3162422657891584	117217.78711061364	333.01195076151936	0.6087193432811091	110896.9593499926	0.3705392388845847	218.3106280284086	-0.2020053659034033	0.0408061678537678	47659.530310158174	217.94149442763555	414.365788122868	1.074911	18.143562	0.06948905	0.0420121	0.1262926404	-0.0584589502	0.0964489731	-0.0730794812	0.1429738156	-0.0731732986	-0.0807480306	-0.0371154664	0.0505059777	0.0114940804	0.0101615812	-0.0644705959	-0.0611511948	0.0060288551	-0.0260774273	0.00181552	0.1110981664	0.1278841197	-0.022658281	-0.0519075406	-0.1931759346	0.044108889	-0.0105786984	0.0029620534	0.0999681107	-0.0251619772	0.0599234427	0.0312773393	0.2088459703	-0.0212743089	-0.1304998151	-0.007040697	0.0614609701	-0.0781645346	-0.0264242511	-0.0208657866	0.0899177226	0.1109844852	0.0542046474	0.0912255145	-0.0021815905	0.1085730051	-0.0213049205	0.0040910886	0.0281378625	-0.0795182689	0.0167785304	-0.0407779134	0.0426052579	0.1443039553	-0.0319245854	0.0901952592	0.0207923089	0.0701370659	0.0409554951	-0.0329385435	0.0972071613	-0.1230568364	-0.054622753	0.0506536953	0.0358087808	-0.0223844689	-0.1374881781	-0.0809772926	-0.0730098404	-0.0217293159	0.1054115327	0.1261857372	-0.044070843	0.0589853785	-0.1740400106	0.0341067989	0.0460221946	0.0035733566	0.1058168627	-0.042804095	0.0039517441	-0.0325910253	-0.1194400827	-0.1407360096	0.1841188704	-0.0358229542	-0.0034175711	-0.0080245663	-0.0836559161	-0.0138989964	-0.0239437589	-0.0913904634	-0.03154565	-0.0160862449	-0.1055734903	0.1335390418	0.014569279	-0.0132609213	0.084518177	-0.0189892055	-0.0433274191	0.029847838	0.0083368675	-0.1513043212	-0.0754343962	-0.0721568763	0.0291500547	0.0548885988	0.0043883057	-0.0367101506	0.0036025671	0.065898326	-0.1666323092	0.0748688657	0.0723722114	0.0634747719	-0.0690894516	0.0409632989	-0.0964389891	-0.0554690476	-0.1555019458	-0.0137492321	0.1257575949	-0.0284723287	0.0412572588	-0.0446477153	-0.115010358	0.0837264545	-0.0475638683	-0.0670178932	-0.0147933235	-0.035883654	0.0816202368	0.0955748675	-0.0691176918	0.1382834173	0.0398106316	-0.0059409215	0.2326538907	-0.053785978	0.055653421	0.03633652	-0.1148515874	0.1012028987	-0.0796436494	0.0788803	-0.0069335999999999	4.807480895999997e-05	0.00622210172809	-0.0187028	0.0383877	0.00147361551129	0.0003497947278399	-0.0514092	0.0054072999999999	0.00264290584464	2.9238893289999964e-05	0.000376244	-0.000168399	2.8358223201000005e-08	1.4155954753600004e-07	-0.00100556	9.127000000000008e-05	8.330212900000012e-09	1.0111509136e-06	0.00207941	0.0001155399999999	1.334949159999998e-08	4.3239459481e-06
343.0295845012074	0.6587517618900165	0.433953883793201	117669.295843071	333.85721865094166	0.8452678894223027	111460.64244534267	0.7144778048884342	218.64211929890143	0.3314912704928474	0.1098864624129621	47804.37633151505	218.2908045696077	421.3062878656723	1.074849	18.142517	0.11842335	0.0674602	0.1054852835	0.0377483723	0.0667976782	-0.0129818575	0.0701838508	-0.1076157393	0.0658024991	0.0505556313	0.0598340585	-0.0137206781	-0.1450067561	-0.0883369847	-0.0209574854	-0.0240119114	0.0160646969	0.1647320045	0.010401925	-0.0063593971	0.0140882812	-0.0953280185	-0.0539361005	0.0907575789	-0.1588251019	-0.0543472522	0.093566903	-0.0190261407	-0.0951638872	-0.0262413895	-0.1427465115	-0.0882134578	-0.017750602	0.1134083955	-0.0355731411	-0.0381032752	0.011120759	-0.1411954759	0.0528406676	-0.0669036158	-0.1411481653	0.1031356013	-0.0617494488	0.0543673127	0.0392833055	-0.0068202636	-0.1709994915	0.0239187784	0.0902584085	-0.0532317318	-0.0450665879	-0.0999417943	0.0244825311	-0.0703206781	0.1589658958	0.1447147777	0.2230418706	0.0638307253	-0.0881165211	0.0292075403	0.0265508062	0.0837073729	-0.045763659	0.1065101125	-0.0258566182	0.1116520965	-0.0969459853	-0.1185860379	-0.0668633734	-0.0070241145	0.0021492116	0.0948722722	-0.0411773586	0.07833389	0.1054658614	0.1374204065	0.0625725029	-0.0357834993	0.0550389082	0.051722966	0.0891538766	0.1592823864	0.0245501763	0.1072169464	0.0462262407	0.0496914901	-0.070984022	0.1114818297	-0.0027978739	-0.0628254384	0.1334040991	0.1299384509	-0.0623812062	-0.0160669703	-0.0887839487	0.0392860333	-0.019752813	0.1537861063	-0.0255518073	0.0660765535	-0.00190294	0.0375307941	0.0451786431	0.2029305333	0.0753716067	0.2506120722	-0.0721700277	-0.0025564488	-0.1153546687	0.0657720488	0.0955052646	0.10526842	-0.0407800346	-0.0638709978	-0.0149759355	0.0470907141	0.0570176008	0.1024093608	-0.1281978839	-0.0011684177	0.0640174502	-0.0268534609	-0.0416828355	0.0643004244	0.0115015659	0.0177256314	-0.0443044479	-0.0226815343	-0.0814885278	-0.0630146443	0.1042293935	-0.0373974674	0.0149704069	0.0050486347	-0.0252436726	-0.0657629233	0.0924779326	0.0605487022	0.0034234549	0.0142429668	-0.1155651064	0.1039539485	-0.0854583468	0.0700597	-0.0088205999999999	7.780298435999996e-05	0.00490836156409	-0.0715462	-0.0528434	0.00279242492356	0.00511885873444	-0.0739692	-0.0225599999999999	0.00547144254864	0.0005089535999999	0.000815972	0.0004397279999999	1.9336071398400003e-07	6.65810304784e-07	-0.000965011	4.054899999999997e-05	1.6442214009999972e-09	9.31246230121e-07	0.0018757	-0.0002037099999999	4.149776409999999e-08	3.51825049e-06
342.830253814192	-0.1993306870153901	0.0397327227860274	117532.58293030332	334.50602885192825	0.6488102009865884	111894.28333828706	0.4209546769042572	218.53394153661893	-0.1081777622825086	0.0117024282524509	47757.08360353038	218.1979014887129	423.73519954103097	1.02153	17.242531	0.0606924	0.0422568	0.115346922	0.0914974409	0.0468701666	0.105792232	0.0439534921	-0.1302596968	-0.0907684966	0.0444040266	-0.0550225337	-0.0159318557	-0.1800959641	-0.0329951051	-0.0225733826	0.0078946688	-0.0843372932	0.0897378523	0.1829646268	-0.0830868489	0.0061025116	0.1048745779	-0.0450756815	0.003961504	-0.0114248097	-0.0677203675	0.0830130614	-0.1132814946	-0.1284853474	0.052594478	-0.1315297858	0.0461596337	0.1627745223	-0.029815192	-0.0235288159	0.0627376795	0.0737096942	0.070368157	-0.0341497226	-0.010031435	0.0788180325	-0.0465291169	0.0393393488	-0.038012519	0.0846741891	-0.0811721956	0.1455755018	0.1282876543	0.115838864	0.1286523811	0.0639413509	-0.0914175374	-0.0177749756	0.038630089	-0.0053026538	-0.1471452514	0.0009070232	-0.1280663595	-0.0419306491	-0.0210022449	-0.0361882857	0.0224479258	-0.0618022795	0.1094396565	-0.0579716064	-0.2587706321	-0.1428798495	-0.0676889854	0.114029167	-0.1145845659	0.0011093721	-0.0986118204	-0.0424766631	0.0079011642	0.1107544778	-0.0065007051	0.0462940874	-0.1078460303	-0.0212800337	0.1224684897	0.15178211	0.0280602106	-0.167389925	-0.000150369	0.0175811148	0.012798782	0.1103890019	-0.0731078079	0.0140382626	0.0502430759	-0.0728614622	-0.0571918258	0.0489051361	-0.0168365817	-0.0842135677	-0.0818840561	0.1115368213	0.0260627155	0.1671819876	-0.058060203	0.1183437884	0.1374615613	0.0166834623	-0.074289747	-0.0145393387	-0.0907508564	-0.098211023	-0.0863549182	-0.0151508319	-0.088822429	-0.0331152119	0.0110435749	-0.0358862676	0.0318863441	-0.1639246638	-0.1990703623	0.0737966291	-0.0913414999	-0.1348727487	0.0215537885	0.0505457158	0.0105237387	-0.0861879423	0.0471630028	0.031002934	-0.1484896751	-0.0508287009	0.0225465883	-0.1158699651	-0.0110430297	-0.1480483643	-0.0900769495	-0.1327033593	-0.0034535581	0.0264056732	-0.0195003084	0.0201720347	0.0448907489	0.0023165	-0.058692878	-0.1162204348	0.1064956489	-0.0908858965	0.0695239	-0.0005358	2.870816400000032e-07	0.00483357267121	-0.0361328	0.0354134	0.00125410889956	0.00130557923584	-0.0685498	0.0054194	0.0046990750800399	2.936989636000005e-05	0.000473265	-0.000342707	1.1744808784900001e-07	2.23979760225e-07	-0.00100463	-3.961900000000007e-05	1.5696651610000055e-09	1.0092814369e-06	0.00187155	-4.149999999999857e-06	1.7222499999998813e-11	3.5026994025000003e-06
342.9365624787522	0.1063086645601742	0.0113015321605676	117605.4858847431	333.9389577439401	-0.5670711079881698	111515.227499109	0.3215696415149305	218.5895345931397	0.0555930565207631	0.0030905879333207	47781.384633645415	218.23876285189675	420.8368695602265	1.131622	19.1008	0.04942255	0.0249022	0.1354516976	0.0704516497	0.0828877395	-0.141898072	0.1008052843	-0.1196001269	-0.0089790947	-0.1177837519	0.0346322831	0.041634354	-0.1321160544	0.0396889931	0.0003532125	-0.0929054237	-0.0585765809	0.0845416949	0.0123389039	0.11616829	0.073319026	0.0299352918	-0.0236142254	0.1899746372	-0.0853316222	0.1370837225	0.0199979311	-0.0338707389	0.0047585636	0.1478061735	-0.019415392	-0.0843015055	0.0323093382	-0.0631757314	-0.0042914655	0.0101650421	0.0359373658	0.1143369258	-0.0447473396	0.0626408346	-0.0599440634	0.0914424412	0.0883605563	0.0646029969	0.0662493078	0.1170577544	0.0486919748	-0.003467554	-0.0195407124	-0.1232118451	-0.0064062332	0.1111860251	0.0064619394	-0.0045207483	0.0610085358	-0.0088166492	-0.1191208022	-0.0405747722	-0.0965450435	0.0118119086	-0.1042511537	0.0714131665	0.1037927956	-0.0223995758	-0.1277353363	0.0435505825	-0.1227268694	-0.0250099224	-0.0218298651	0.1095621877	0.0555153427	-0.0364407589	-0.03726881	0.1738700996	-0.064333433	0.1008349986	0.0466699225	-0.0035824793	-0.1431683866	0.0316888176	0.1217939032	-0.0539116534	0.0381408414	-0.0202120704	-0.0322209703	-0.0093331359	0.0679989612	-0.1277191151	0.0689467884	0.0118061067	0.0240965553	0.093604237	0.0017985339	0.0787820919	-0.0587353783	0.1307540879	0.0228235376	-0.0389374585	0.0096218421	0.0927051505	-0.0432896521	-0.142578685	-0.0115623734	-0.0693586875	0.098726545	-0.0803651616	0.0513383196	-0.0090075766	-0.0980468318	-0.1285353446	-0.0220439049	0.0773287236	0.1002241062	-0.0303294443	-0.0092498261	0.0746597915	-0.1482431973	0.0814498948	-0.1507037162	0.0137483892	-0.0226637081	-0.00505212	-0.0600019329	0.0643638801	-0.001002299	-0.0906246891	-0.034915258	0.034060059	-0.0038084979	-0.0412714748	-0.0411401267	-0.1145614991	-0.1545981098	0.0131260157	0.04501012	-0.0014621399	-0.0152089323	0.0815301527	0.0799226138	-0.0612853974	-0.1168172427	0.1088228812	-0.0959017104	0.0780367	0.0085128	7.246776384000002e-05	0.00608972654689	-0.0287375	0.0073953	5.4690462090000006e-05	0.00082584390625	-0.053148	0.0154017999999999	0.002824709904	0.0002372154432399	0.00034458	-0.000128685	1.6559829225000005e-08	1.187353764e-07	-0.000978922	2.5708000000000154e-05	6.609012640000078e-10	9.58288282084e-07	0.00207941	0.0002078599999999	4.3205779599999926e-08	4.3239459481e-06
343.71578849893604	0.7792260201838417	0.6071931905315489	118140.54326344532	334.28300192363145	0.344044179691366	111745.12537507458	0.1183663975795049	218.677638434992	0.0881038418523019	0.0077622869491354	47819.90955150509	218.31590414683023	425.66815194208425	1.105725	18.663679	0.0782928999999999	0.0470957	0.101021701	0.1103213653	0.0258640921	0.0655354834	-0.018515368	-0.1434387333	0.0549537065	0.040676001	-0.0057901705	-0.0290724513	-0.1793482904	-0.0529906344	0.0178822379	-0.1230130292	-0.0509047258	0.151175452	-0.0119797787	-0.137987807	-0.011380625	-0.1369938683	0.0286773322	0.0660343992	0.0554488889	0.086836222	-0.0355379437	-0.0262619935	-0.09812013	-0.1368707076	0.1075422713	-0.0077757998	0.1038581437	0.0148979101	-0.0039451353	-0.1357457822	0.0284672423	0.044353284	-0.0856787073	-0.1176308881	-0.0295825467	0.0630549558	0.0311911019	0.0493111699	-0.1388136103	-0.0060613982	-0.0352054883	-0.1278058057	0.0635125542	0.0523349766	0.055221905	0.0002324796	0.0224885089	0.0444767665	-0.1156756654	-0.083955507	0.0580973965	0.1700698287	0.0188871851	-0.0486948227	-0.0076776629	0.1033593659	-0.0411639576	-0.1382836698	0.0419449691	-0.0288552978	-0.1110881032	-0.0624130868	-0.083251696	-0.1326048815	0.0150615098	0.1314983526	0.0402975891	0.0947326405	-0.0783043456	-0.0483382899	0.0084856828	-0.0155252018	0.1433337464	-0.0111558276	0.0656978143	-0.0927065092	-0.0757227764	-0.0236368728	0.0399281378	0.0403487235	-0.1354752725	-0.0148492518	0.0448718297	0.1276669667	0.0493283732	0.0802603845	0.0037693493	0.0772335822	0.1672365173	-0.0707533856	0.1216443464	0.0508931571	-0.1078956897	-0.0278590879	0.0271937312	0.0290368369	0.0364000682	-0.0384035722	-0.113574296	-0.0227641942	-0.0751601053	0.1498763924	0.0056087241	0.0827440931	-0.0309362218	0.0795003334	0.0547006835	0.1551735688	0.0692768668	-0.0330452273	0.0967047045	0.0541348132	-0.1456072281	0.0064027956	-0.0472195181	-0.0365009951	-0.0917401751	0.1163061493	0.0229875696	-0.1222957091	-0.0295658352	0.0078768673	0.0246644208	-0.0464518607	-0.0241565571	-0.0650528652	-0.143370034	-0.0351909389	0.0092509599	0.0431273488	0.0685349411	0.0278604807	-0.0730392482	0.039351939	-0.1173552296	0.1109309587	-0.1004830656	0.0746326999999999	-0.0034040000000001	1.158721600000069e-05	0.0055700399092899	-0.0687166	-0.0399791	0.00159832843681	0.00472197111556	-0.059766	-0.0066179999999999	0.003571974756	4.379792399999999e-05	0.000578811	0.000234231	5.4864161361000025e-08	3.3502217372100004e-07	-0.000938427	4.049499999999988e-05	1.6398450249999902e-09	8.80645234329e-07	0.0017883	-0.0002911099999999	8.474503209999988e-08	3.19801689e-06
343.7023609992635	-0.0134274996725594	0.0001802977474565	118131.31295646804	336.1750855298169	1.892083606185452	113013.6881309797	3.579980372795743	218.59705225719577	-0.0805861777962206	0.006494132051804	47784.67125553518	218.2319221251352	430.5253830709906	1.114103	18.80509	0.0871048999999999	0.0563239	0.056529749	0.1543325597	-0.0022616991	0.0341358494	-0.0027313143	-0.0676773988	-0.0921212758	-0.073127517	-0.1289848378	0.0495752348	-0.1659466463	0.0072975768	0.1436366816	-0.0149652008	-0.1757524949	0.0013305176	0.1593367296	-0.0319932389	0.0128297305	0.0615997255	0.0883794251	-0.0951554366	-0.1410027928	-0.0996652667	0.0219638471	-0.1061571618	-0.1006829353	0.01346968	0.0545601728	0.0873817269	-0.0283161938	-0.1908828904	-0.1382602088	-0.0788327982	-0.0591388501	-0.0155483926	0.1671110818	-0.027755623	-0.1103524753	-0.0816915844	0.010918206	-0.0342402475	-0.1477418086	-0.0455423847	0.1247278312	-0.060754113	-0.0589367215	-0.0542901441	-0.068319835	-0.0237379033	0.0274122302	0.011886402	-0.0024471291	-0.0821863296	-0.0506882515	-0.0116891644	-0.0048785259	-0.0039132041	0.0476039897	0.0059445934	-0.0785955204	0.1532461654	0.0550948762	0.0936952443	-0.1583109913	0.0520926912	0.1578345828	-0.0701245226	0.0120931795	-0.0733774774	0.0861758376	-0.0867020531	0.0765481714	0.1208529861	-0.0210260174	-0.1343471004	0.060566688	0.1110456038	0.0326592599	-0.087473277	-0.0492178739	-0.1117887267	-0.1862583602	-0.0364637646	-0.0350707899	0.0596295836	-0.1419477153	-0.1112092834	0.1362866797	-0.0419234318	0.0669681013	-0.0123487781	0.1361660905	-0.0964501665	-0.0192125128	-0.087243344	0.0271165548	0.0410955668	-0.0681452601	0.0347320442	0.0321132924	-0.0268958647	0.0461115913	-0.0972007426	-0.0233831922	-0.0465381875	-0.0173565644	0.0063292287	0.0422630751	0.0160676371	-0.073626305	-0.0622095653	0.0066076108	-0.0614913099	-0.0210612198	-0.117589952	-0.087535375	0.0793891531	-0.0597019503	0.0128358468	-0.094287257	-0.0283437189	-0.0759424503	-0.1707652828	-0.0520956593	-0.1145135596	-0.0382063437	0.0325169374	-0.0230468984	-0.0388107697	0.1188836775	0.0093654828	0.1201291081	0.0818929569	0.0318338383	0.0530934946	0.0146046783	0.1067245062	-0.1178341246	0.112815636	-0.1046092073	0.0755741999999999	0.0009414999999999	8.86422249999996e-07	0.0057114597056399	-0.0196914	0.0490252	0.00240347023504	0.00038775123396	-0.0564518	0.0033141999999999	0.00318680572324	1.0983921639999976e-05	0.000259722	-0.000319089	1.0181778992100005e-07	6.7455517284e-08	-0.0008721459999999	6.628100000010003e-05	4.3931709610132604e-09	7.606386453158256e-07	0.00207941	0.0002911099999999	8.474503209999988e-08	4.3239459481e-06
343.128051167532	-0.5743098317314548	0.3298317828234119	117736.85949802848	334.8159321514906	-1.3591533783263117	112101.70842247157	1.847297905815826	218.56545218064304	-0.0316000765527348	0.0009985648381387	47770.85688692896	218.21394762311664	426.3101765127136	1.199014	20.238308	0.0852359999999999	0.0487016	0.0322164991	0.0875062409	0.0273840382	-0.032884846	-0.042919022	-0.0653290999	0.1016829402	-0.0987125807	0.0304560132	0.063498087	-0.0105332686	0.0611566055	0.0596338232	0.0290713353	0.0109119804	0.030988333	-0.1385142527	0.0615137106	-0.0431990504	0.0786252687	0.0734750455	-0.1762458714	-0.0626052566	0.0607328804	0.0358166691	0.0754837197	0.0321747487	0.0443584174	-0.0739906776	0.0102392188	0.0257471051	0.1685438212	0.1581403521	0.02766836	-0.0352652761	-0.1681490769	0.0119833907	0.0518590414	0.0448091524	-0.0563744557	-0.0840008423	-0.0076777624	-0.1022742204	-0.1086357065	-0.0690510296	-0.0872504741	0.0368542068	-0.0053995527	-0.0722975864	-0.0033470065	0.0281257083	-0.0270975948	-0.018261728	-0.0579191355	0.0189786198	-0.0784017286	-0.0941744345	-0.0134779764	0.2020185579	0.143722917	0.0602003969	-0.0212359803	0.0968910428	-0.016495018	0.0168105524	0.0238928347	-0.1353542898	0.0599018681	-0.0428700746	-0.0905954082	0.0548243757	-0.1552665876	-0.0733412449	0.0703350071	0.0577335487	0.0613585033	-0.0523754272	0.0511018604	-0.1031187675	0.1228146666	-0.0291046451	0.0673991995	0.2120371736	0.0436636169	-0.0258432285	0.0950472345	0.0123486917	-0.0480324273	-0.0239739806	-0.105158126	-0.0717558424	-0.0138672329	0.0740718665	-0.1268063326	-0.0282569389	0.0586488578	-0.0850991867	-0.0425057756	-0.082939477	-0.0043070178	0.0287745383	0.0477326888	0.0055921165	-0.0439487789	-0.0193261935	-0.170914155	0.0239989166	0.0198412838	0.1786194207	0.0743902903	0.078354899	0.0548115801	0.1029215655	-0.0820726037	-0.0055815023	0.1342107135	-0.0242108356	0.0301270898	-0.1279007844	0.0046827493	-0.0054199169	-0.0343072126	-0.0665181473	0.0282647603	-0.0629314816	0.0597637231	-0.0467134353	-0.0490301884	0.0273480311	-0.199545257	0.027615497	-0.0656436777	0.0067028917	-0.0810982936	-0.114697307	0.1270829169	-0.0222118838	-0.0024107528	-0.1182536866	0.1144731177	-0.1082614433	0.0751149	-0.0004592999999998	2.1095648999990694e-07	0.00564224820201	-0.0570427	-0.0373513	0.00139511961169	0.00325386962329	-0.0661215	-0.0096696999999999	0.00437205276225	9.350309808999992e-05	0.000596105	0.000336383	1.13153522689e-07	3.55341171025e-07	-0.000947017	-7.487100000009997e-05	5.60566664101497e-09	8.96841198289e-07	0.00173555	-0.0003438599999999	1.1823969959999993e-07	3.0121338025e-06
342.87318726696714	-0.2548639005648851	0.0649556078111476	117562.02254660871	333.8852312459355	-0.9307009055551134	111479.3476441518	0.8662041756011082	218.35991363172167	-0.2055385489213108	0.042246095092678	47681.05188125297	218.0540455600193	421.5895786264747	1.160786	19.593058	0.086918295	0.0428351	0.0078218554	0.0187257229	-0.0007742453	0.1343555062	-0.0907209905	-0.0587424974	-0.0492853129	0.0351621585	-0.0442619735	0.0686556077	0.0644361495	0.0562595607	0.1657726481	0.2108269837	-0.0952004474	-0.0260238548	-0.0063053323	-0.0089542927	-0.1467272909	-0.0675545966	0.1369759186	-0.1263469715	0.0439621809	-0.033344255	0.0017271858	-0.0212150718	0.1537363945	-0.0148615003	-0.0207453829	0.0100882715	0.0680853323	-0.0214235527	-0.0926518208	-0.0623506406	-0.2401527603	-0.0234206624	-0.0380524414	0.0840998278	0.1110938357	0.0023180833	0.0012302576	0.0042552896	0.212462687	-0.0121962223	0.0896472151	-0.0310483897	-0.0727029065	-0.0452646974	0.0844468337	-0.0353158657	0.0083764301	0.1232094159	0.0327890578	0.0681899077	-0.0583583922	0.0673010708	-0.0041078306	-0.0494373117	0.0089207031	0.0298539837	-0.2309970575	0.0515803944	-0.0084286212	-0.0230779574	-0.0398623659	0.0821941962	0.016427805	-0.0573434953	-0.1435990348	0.0461002851	0.1558887126	-0.1208447019	-0.0397589228	-0.0422246261	-0.0177714143	-0.0126889049	-0.0845639404	-0.1227064318	0.004226346	-0.0185874217	-0.0394748459	-0.0164169011	-0.0212369179	-0.2506621512	-0.0572711846	0.1167338692	0.0024050642	-0.0516625164	-0.1094873563	-0.0685194033	-0.0594958799	0.0172063902	-0.1570034479	0.0510565072	0.0339227558	-0.1459882597	-0.011024897	0.0005071494	0.0523871848	0.0606209374	-0.0565439917	-0.1516355086	0.0155337213	0.0428178402	0.0281189739	0.0350364362	-0.0944544721	0.0727244362	0.0237145359	0.0624760432	-0.1706479779	0.0839869154	-0.0971272159	-0.0798956948	0.0807800709	-0.0913342002	-0.0312379885	-0.0220008823	-0.1434978831	-0.0201913834	-0.0436271673	-0.0643527789	-0.101283823	0.0591952684	-0.0602022364	0.1011872514	0.0747130179	-0.0072506626	0.0183171664	-0.1365213981	-0.1402570327	0.0195114945	-0.035477321	0.022662971	-0.0033532468	0.0291198089	0.0591156195	0.0797222779	-0.1186137044	0.1159000657	-0.1114232278	0.0846851	0.0095702	9.158872804000002e-05	0.00717156616201	-0.0389555	0.0180872	0.00032714680384	0.0015175309802499	-0.0610804	0.0050411	0.00373081526416	2.541268921e-05	7.57121e-05	-0.0005203929	2.708087703704101e-07	5.7323220864100005e-09	-0.00116716	-0.000220143	4.846294044900001e-08	1.3622624656e-06	0.00207941	0.0003438599999999	1.1823969959999993e-07	4.3239459481e-06
343.91742024046204	1.0442329734949	1.0904225029340002	118279.19194485457	335.43646571347847	1.5512344675429972	112517.62253034962	2.406328373293406	218.525469282682	0.1655556509602718	0.0274086735648793	47753.38072521639	218.1775994573321	425.53629926506994	1.324818	22.361769	0.047316295	0.0233652	-0.0315804257	0.0559953541	0.0142577203	-0.1602273211	0.032059778	0.0013591125	0.0488025368	-0.2080503129	-0.0210295316	0.0874329731	0.0386701382	-0.0934535902	0.0485763481	-0.07045398	-0.1620141103	-0.0201999124	-0.1230231898	0.1823743074	-0.0640125161	-0.0952774829	-0.0051489155	0.0751786381	-0.0931762752	-0.0639020469	-0.0101316665	-0.1384454288	-0.0199295443	0.0704482976	0.1023106089	-0.0670586631	0.0216241528	-0.0964956659	-0.0734957256	-0.0576135412	-0.034681577	0.0930053778	-0.0946447621	0.1244012404	-0.0448190531	-0.0505695687	-0.0207799476	-0.0467807082	-0.02667935	-0.0010141672	-0.0884344818	0.0350003577	-0.0369690012	-0.0150645265	-0.0431301974	0.1552388853	0.060339236	-0.159425967	-0.0872434504	0.088656259	0.0655461621	-0.0068920263	0.0101600281	-0.0659272598	-0.0015600747	-0.1099027549	0.0724448354	-0.0484850798	-0.1597612835	0.119436817	-0.1089694369	0.162795696	-0.0752570661	0.1759654449	-0.0804722303	0.1018164829	0.0276669369	0.0407009506	0.0567135589	0.0803690044	-0.0420537863	-0.1217269438	-0.0392096089	-0.0064707341	0.1139548312	-0.1538693389	0.0553637312	-0.0386360661	-0.0628909117	-0.1223558338	0.0162198718	-0.0905844285	0.1018182404	-0.0269057728	0.0403933369	-0.0632328981	0.004555828	-0.0122343257	0.0064062518	-0.0027077382	-0.0970506711	0.0708110038	-0.01666153	-0.040624925	-0.0408628346	-0.1649703104	0.0588922552	0.1286950846	-0.078652474	-0.0098886871	0.0974545183	-0.0066993584	-0.0594550842	0.0906781885	-0.0453491555	-0.0822473216	0.0767943951	-0.0353537112	-0.0351497701	0.2001796865	-0.1432205393	0.0767520547	0.0232917619	0.0599834725	-0.0725940441	0.0602243276	-0.068289667	-0.0849828826	-0.1320141381	-0.00078291	-0.1036496114	-0.1381243928	0.06359465	-0.1207240782	0.1676057847	-0.0585733959	0.021737091	-0.0571297893	-0.1765558373	0.0745752876	0.0668968099	-0.034535494	0.0664001848	-0.0293829012	-0.1189139965	0.1170936064	-0.1140802373	0.0864671	0.001782	3.1755240000000205e-06	0.00747655938241	-0.0540016	-0.0150461	0.0002263851252099	0.0029161728025599	-0.0698723	-0.0087918999999999	0.00488213830729	7.729750560999997e-05	0.000245228	0.0001695159	2.873564035281e-08	6.0136771984e-08	-0.00106957	9.759000000000005e-05	9.523808100000011e-09	1.1439799848999998e-06	0.00191259	-0.0001668199999999	2.7828912399999943e-08	3.6580005081e-06
344.08810132681384	0.1706810863518058	0.0291320332382325	118396.62147469172	335.9620647177232	0.5255990042447252	112870.50892939564	0.2762543132630466	218.7316041652687	0.2061348825866957	0.0424915898190308	47843.514660711786	218.4024260094052	431.7959893778588	1.231344	20.78401	0.081437	0.0439089	-0.089264582	0.0906563507	-0.046454564	0.1146220915	-0.1448128221	-0.0267450708	0.1150506585	0.0154566459	-0.0256035255	-0.0111933042	-0.0135810397	-0.1625012597	0.0008543619	-0.0717618316	-0.0341824418	-0.0290621385	-0.1206093742	-0.0841835716	-0.0203488275	-0.1156269721	0.049948027	0.0476995735	-0.0428016684	0.0500979936	-0.0587491725	0.0025068481	-0.1222992715	-0.0477073352	0.0334578475	0.0071782291	-0.0233797198	-0.0545995779	-0.0508566499	0.0880982077	0.1377412499	-0.0283575668	-0.0525487744	0.146158983	0.1171177025	0.0536914077	0.0777246937	-0.069018527	0.087404945	0.0244494843	0.0564717174	0.0261409769	-0.0805536207	0.1528941225	-0.0272849894	-0.0273660465	0.0488497974	-0.0302000885	0.0396453192	0.0668562095	-0.0236765579	0.1742611022	-0.0270267543	0.1182558873	-0.0237459413	0.1654719713	0.0502259112	-0.0757825102	0.0329969353	-0.0203787595	0.0321239677	0.0864213744	-0.0968104237	-0.0750681336	-0.0017338343	0.1163616312	0.0444689368	0.0541812287	-0.0648958192	0.0539608377	-0.0297210023	-3.51117e-05	0.1066871006	0.0314886006	0.0388968095	-0.0197883592	0.0262338272	0.009116508	-0.0734160007	0.0798102568	0.1054201938	-0.0686380625	0.1392644227	-0.0934897359	-0.1833813618	0.0073486291	0.0360314094	-0.0067254641	-0.0437324162	0.0288356509	0.0250551026	-0.0899365618	0.0552990849	-0.0991381688	0.0386260861	0.073418391	0.0772100149	0.0382956925	0.0220071199	0.0521766997	0.0344261632	0.1898625071	0.0623164455	-0.0130740572	0.0415491934	0.1539796963	0.1163803942	0.0396512025	0.0655814658	-0.0476128726	0.1191441841	0.0303173884	0.0680348312	0.052654021	-0.1284648909	-0.009629709	-0.0586269281	0.0027398468	-0.0170328825	0.0450868381	-0.0681916311	-0.0534795633	-0.0040388269	-0.036470968	-0.0272080542	-0.0649553891	0.0827681312	-0.1750485381	-0.0403460137	-0.0267003547	0.0651295167	0.0216721913	-0.0061918558	-0.0006365295	-0.1191544118	0.1180513362	-0.1162204348	0.0716241	-0.014843	0.000220314649	0.00513001170081	-0.0860634	-0.0320618	0.00102795901924	0.00740690881956	-0.0782609999999999	-0.0083886999999999	0.0061247841209999	7.037028768999835e-05	0.000613344	0.000368116	1.3550938945600006e-07	3.761908623360001e-07	-0.000977566	9.200399999999991e-05	8.464736015999984e-09	9.55635284356e-07	0.00184984	-6.275000000000009e-05	3.937562500000011e-09	3.4219080256e-06
343.60808421225306	-0.4800171145607805	0.2304164302712575	118066.5155360148	335.36259766243904	-0.5994670552841512	112468.07191089896	0.3593607503710516	218.90319285476417	0.1715886894954792	0.0294426783627759	47918.60784201008	218.55379922594344	430.2490359271741	1.214284	20.496059	0.140094755	0.100725	-0.1159196687	0.0331426573	-0.066041065	-0.0293774158	-0.0763662962	0.1063958477	-0.0590543614	-0.0845599117	-0.0946753031	-0.0883141002	0.0169903539	0.0494791933	-0.0717510241	-0.0147967072	-0.0359598643	-0.1288297319	0.0269400533	0.01897754	0.1072969677	0.0037629802	0.1667997153	0.0566540214	0.0712665632	0.0245362188	-0.1446112711	-0.0196104083	0.2362425283	-0.0282123627	0.0341449012	0.0244174023	0.0177610563	0.0885053794	0.0921084095	-0.0543902714	0.0798227144	0.0573277836	0.0422435216	-0.1207569494	-0.0814667035	0.0239018247	0.0980387478	-0.0041248036	0.0046005234	-0.0209217814	0.0875524379	-0.1776972923	-0.0074154214	-0.0304421057	-0.0700564425	-0.1406108873	0.0606325132	-0.0640000366	-0.0755021849	0.0209795405	0.0378249871	-0.0043963202	0.0298596713	-0.205559465	-0.0775944248	0.0348129396	0.0484585555	0.0065227706	0.1109548284	-0.1070370932	0.0296955874	0.0922042144	0.0876067912	0.0274567177	0.1146259323	-0.0285511138	0.1173391969	0.0566361947	-0.1142115552	-0.0333754665	-0.1436113064	-0.0098571628	-0.1202963931	-0.1818962295	-0.1244235215	-0.0134076212	-0.0215648112	0.0138848255	0.0758214694	0.0654434253	-0.0973062189	-0.0695770297	-0.0661239836	0.0747027	0.0737088498	0.0876056682	0.0945993032	0.0440528818	-0.0046778071	-0.0622947584	0.0810441897	-0.1523075059	-0.0737581425	0.0608306993	-0.0773627755	0.1596326938	0.0608222352	0.0673626766	-0.0426263601	-0.0372390886	0.0188323598	-0.0867483185	-0.1401376077	0.125983764	-0.1098147356	0.0049965111	5.47488e-05	-0.0256334663	0.1560268954	-0.069174082	-0.1340719843	-0.130292176	0.0624007883	0.085669946	-0.1275764794	-0.0893385539	-0.0004334001	0.0250202483	0.0579238052	0.0871328304	-0.0426822061	0.0279407129	-0.0587157024	0.0276259957	-0.0450759919	0.1196528742	0.1391855172	-0.0638309645	0.0294377964	0.1132597431	-0.0348662478	0.015299834	-0.1450830922	-0.1432160146	-0.1193348294	0.1187713263	-0.1178341246	0.0723759999999999	0.0007518999999999	5.653536099998536e-07	0.0052382853759999	0.003757	0.0898204	0.00806770425616	1.4115049e-05	-0.0740273999999999	0.0042336	0.0054800559507599	1.7923368960000035e-05	-3.42241e-05	-0.0006475681	4.193444441376101e-07	1.1712890208100003e-09	-0.000948927	2.8639000000000008e-05	8.201923210000004e-10	9.00462451329e-07	0.00207941	0.0002295699999999	5.270238489999996e-08	4.3239459481e-06
342.97457177498245	-0.6335124372706105	0.4013380081765491	117631.5568842326	335.569882629192	0.2072849667529794	112607.14612776972	0.0429670574417838	218.82975640678035	-0.0734364479838234	0.0053929118924808	47886.462289050825	218.4750869787307	424.952272448723	1.139043	19.226059	0.143221305	0.11144	-0.1031680641	-0.0509739737	-0.0239200112	-0.0100393505	-0.0700737468	0.0752421007	0.1165204866	0.0520205535	5.62912e-05	-0.0956550226	0.0581079733	0.1223654516	-0.1388290313	-0.0021552325	0.11274495	0.0263822592	-0.0732820492	-0.0966349807	0.0981487866	0.0885652438	0.0002254104	-0.0296069875	-0.0185294326	0.0505004885	-0.0504366	-0.0269893657	-0.0034543616	-0.0579722862	-0.0428674493	0.1818160596	-0.0355127324	0.0474231725	0.0798120917	-0.0903767815	0.0012539788	0.0534513992	-0.1834636775	-0.1317317783	-0.0452770301	0.0549164213	-0.1198300196	0.1244914819	-0.1332178089	-0.1727753319	-0.0115499833	0.0111178865	0.0674507073	-0.0434543363	0.0636784288	0.0300254034	0.0167603948	0.0083560876	-0.0051568898	-0.130611048	-0.0126495232	-0.1080804257	-0.0340224083	0.0852806907	0.2148144107	-0.0834577958	0.0420371389	-0.0819105448	-0.048281166	-0.0787239476	0.0903808154	-0.0523781092	-0.0996091055	-0.0673036512	0.1122842971	-0.0835966847	-0.0381430741	-0.0072044144	-0.0676116896	0.0112365666	-0.0402062572	-0.0243928787	0.0534432692	0.0442506736	-0.150001061	0.0603178768	-0.1114704201	0.0176611226	-0.0228438147	-0.019169406	-0.0606766581	0.0162916041	0.0738565355	0.2473243391	0.1225984668	0.0264800053	-0.1614894475	0.1053962014	0.0542970838	-0.174309295	-0.0177734745	0.0851375242	0.018241437	0.0189876117	0.0698212424	-0.0457815244	0.0130639264	-0.0162929636	-0.004236216	-0.0418481632	-0.0707080572	-0.0841869637	0.1511806901	-0.0259527893	0.1584073986	-0.1512394405	0.0621344775	0.0970244826	-0.0391935225	-0.0177124794	0.0450552335	0.0922574583	0.094861628	0.043170925	-0.0360779879	-0.0688200857	0.0077052134	0.000203084	0.0875731603	0.0621555476	0.129251921	-0.0775256809	0.0456483713	-0.0792079825	-0.1322511375	0.0756820397	0.1651572167	-0.1368832752	0.0085741186	0.0687251593	-0.1333911403	-0.0264842217	-0.0432706665	0.101856481	-0.1194551582	0.1192521267	-0.1189139965	0.0728486	0.0004726000000001	2.233507600000952e-07	0.00530691852196	-0.0977498	-0.1015068	0.01030363044624	0.00955502340004	-0.0738173	0.0002100999999998	0.00544899377929	4.4142009999955335e-08	0.000648402	0.0006826261	4.6597839240121e-07	4.2042515360399993e-07	-0.0008109169999999	0.0001380100000001	1.9046760100027604e-08	6.575863808888378e-07	0.00207941	0.0	0.0	4.3239459481e-06
342.48590810653565	-0.4886636684468044	0.2387921808598884	117296.5972515584	333.9023262483884	-1.6675563808036031	111490.76347408522	2.7807442831588114	218.7737227973417	-0.056033609438657	0.0031397653867239	47861.941786608106	218.44954626537503	421.1578659203224	1.061329	17.914305	0.0978285499999999	0.0641624	-0.0835536253	-0.0713150364	0.025905004	0.0961428587	-0.0395357214	0.0727583027	-0.0468648712	0.0762715652	-0.0096635025	-0.0806362907	0.0910192995	0.0333064336	0.0334612653	0.0009579833	0.0654245396	-0.1017956455	0.0900329008	-0.1104015281	0.0301487775	0.0165299059	0.0054411349	0.0442553744	-0.0377890732	-0.0432515269	0.1556133495	0.0771039747	-0.101961726	0.0656269768	0.0333149732	0.1237727768	-0.0174876306	-0.0243890763	-0.0059416379	-0.0575702411	-0.0548555786	0.0723083289	0.0126032166	-0.0518779301	-0.0520335769	0.0663592616	-0.0148109004	0.0555485678	-0.0864617389	-0.0501723941	0.005147151	0.0886956506	-0.0111879558	-0.0280272278	0.0671820283	-0.0333845751	0.0694239818	-0.025690004	-0.051111834	0.1250353455	-0.0655806833	0.0164798658	-0.0407759266	0.091216475	0.0458485438	-0.0530693955	0.0616425501	-0.0132283763	0.00498339	0.0608709112	0.1026967527	-0.0118411184	0.1135383706	-0.0896693951	0.0467575954	-0.0016058622	-0.0020519708	0.064216119	0.0857854674	0.0352351525	0.1189083219	0.0357773474	0.0463069927	0.1505529473	-0.088078971	-0.0422260729	-0.026735385	-0.0635143313	-0.0356078847	-0.068350955	-0.0115608151	-0.0299874251	-0.0489236393	0.0346882432	0.0797090199	0.0668896675	-0.062043023	0.0300914769	0.0338442136	-0.0155068485	-0.0657876927	0.0308294949	0.0808150192	0.0303908544	0.0831580251	0.0155019115	0.0143986928	0.0023636536	-0.0697419917	0.0630934281	0.1409304538	0.0302238784	0.0103819848	-0.0596433849	0.0850197403	-0.0230855289	0.0392226155	-0.0472964542	0.021686339	0.0366390155	0.0685339626	-0.1110821802	0.0236507768	0.0173038556	-0.0140573303	-0.116522121	0.0173847174	-0.0660299399	0.0503322545	-0.0629194436	0.1078455016	-0.0483527055	-0.0077210034	0.0076896697	-0.1245184147	0.1023454288	0.1186637697	-0.1022400392	-0.1915447958	-0.0923366965	0.0546828678	0.129798382	0.1052555804	0.1218892108	-0.1195153378	0.1194927693	-0.1194551582	0.070275	-0.0025735999999999	6.623416959999976e-06	0.004938575625	-0.0407036	0.0570462	0.0032542689344399	0.0016567830529599	-0.0628686	0.0109487	0.0039524608659599	0.00011987403169	0.000288278	-0.0003601239999999	1.2968929537599997e-07	8.3104205284e-08	-0.000827824	-1.6907000000099997e-05	2.858466490033813e-10	6.85292574976e-07	0.00191124	-0.0001681699999999	2.8281148899999943e-08	3.6528383376e-06
