global_signal	global_signal_derivative1	global_signal_power2	global_signal_derivative1_power2	csf	csf_derivative1	csf_derivative1_power2	csf_power2	white_matter	white_matter_derivative1	white_matter_derivative1_power2	white_matter_power2	csf_wm	tcompcor	std_dvars	dvars	framewise_displacement	rmsd	t_comp_cor_00	t_comp_cor_01	c_comp_cor_00	c_comp_cor_01	c_comp_cor_02	c_comp_cor_03	c_comp_cor_04	c_comp_cor_05	c_comp_cor_06	c_comp_cor_07	w_comp_cor_00	w_comp_cor_01	w_comp_cor_02	w_comp_cor_03	w_comp_cor_04	w_comp_cor_05	w_comp_cor_06	w_comp_cor_07	w_comp_cor_08	w_comp_cor_09	w_comp_cor_10	w_comp_cor_11	w_comp_cor_12	w_comp_cor_13	w_comp_cor_14	w_comp_cor_15	w_comp_cor_16	w_comp_cor_17	w_comp_cor_18	w_comp_cor_19	w_comp_cor_20	w_comp_cor_21	w_comp_cor_22	w_comp_cor_23	w_comp_cor_24	w_comp_cor_25	w_comp_cor_26	w_comp_cor_27	w_comp_cor_28	w_comp_cor_29	w_comp_cor_30	w_comp_cor_31	w_comp_cor_32	w_comp_cor_33	w_comp_cor_34	w_comp_cor_35	w_comp_cor_36	w_comp_cor_37	w_comp_cor_38	w_comp_cor_39	w_comp_cor_40	w_comp_cor_41	w_comp_cor_42	w_comp_cor_43	w_comp_cor_44	w_comp_cor_45	w_comp_cor_46	w_comp_cor_47	w_comp_cor_48	w_comp_cor_49	a_comp_cor_00	a_comp_cor_01	a_comp_cor_02	a_comp_cor_03	a_comp_cor_04	a_comp_cor_05	a_comp_cor_06	a_comp_cor_07	a_comp_cor_08	a_comp_cor_09	a_comp_cor_10	a_comp_cor_11	a_comp_cor_12	a_comp_cor_13	a_comp_cor_14	a_comp_cor_15	a_comp_cor_16	a_comp_cor_17	a_comp_cor_18	a_comp_cor_19	a_comp_cor_20	a_comp_cor_21	a_comp_cor_22	a_comp_cor_23	a_comp_cor_24	a_comp_cor_25	a_comp_cor_26	a_comp_cor_27	a_comp_cor_28	a_comp_cor_29	a_comp_cor_30	a_comp_cor_31	a_comp_cor_32	a_comp_cor_33	a_comp_cor_34	a_comp_cor_35	a_comp_cor_36	a_comp_cor_37	a_comp_cor_38	a_comp_cor_39	a_comp_cor_40	a_comp_cor_41	a_comp_cor_42	a_comp_cor_43	a_comp_cor_44	a_comp_cor_45	a_comp_cor_46	a_comp_cor_47	a_comp_cor_48	a_comp_cor_49	edge_comp_00	edge_comp_01	edge_comp_02	edge_comp_03	edge_comp_04	edge_comp_05	edge_comp_06	edge_comp_07	edge_comp_08	edge_comp_09	edge_comp_10	edge_comp_11	edge_comp_12	edge_comp_13	edge_comp_14	edge_comp_15	edge_comp_16	edge_comp_17	edge_comp_18	edge_comp_19	edge_comp_20	edge_comp_21	edge_comp_22	edge_comp_23	cosine00	cosine01	cosine02	non_steady_state_outlier00	trans_x	trans_x_derivative1	trans_x_power2	trans_x_derivative1_power2	trans_y	trans_y_derivative1	trans_y_power2	trans_y_derivative1_power2	trans_z	trans_z_derivative1	trans_z_power2	trans_z_derivative1_power2	rot_x	rot_x_derivative1	rot_x_derivative1_power2	rot_x_power2	rot_y	rot_y_derivative1	rot_y_derivative1_power2	rot_y_power2	rot_z	rot_z_derivative1	rot_z_derivative1_power2	rot_z_power2	motion_outlier00	motion_outlier01	motion_outlier02	motion_outlier03	motion_outlier04	motion_outlier05	motion_outlier06	motion_outlier07	motion_outlier08	motion_outlier09
331.9034618860632	n/a	110159.90801195342	n/a	381.46672723252897	n/a	n/a	145516.86398549666	218.84807676678264	n/a	n/a	47894.48070451959	217.89893240450465	480.0916698665078	n/a	n/a	n/a	n/a	0.0	0.0	0.0	0.0	0.0	0.0	0.0	0.0	0.0	0.0	0.0	0.0	0.0	0.0	0.0	0.0	0.0	0.0	0.0	0.0	0.0	0.0	0.0	0.0	0.0	0.0	0.0	0.0	0.0	0.0	0.0	0.0	0.0	0.0	0.0	0.0	0.0	0.0	0.0	0.0	0.0	0.0	0.0	0.0	0.0	0.0	0.0	0.0	0.0	0.0	0.0	0.0	0.0	0.0	0.0	0.0	0.0	0.0	0.0	0.0	0.0	0.0	0.0	0.0	0.0	0.0	0.0	0.0	0.0	0.0	0.0	0.0	0.0	0.0	0.0	0.0	0.0	0.0	0.0	0.0	0.0	0.0	0.0	0.0	0.0	0.0	0.0	0.0	0.0	0.0	0.0	0.0	0.0	0.0	0.0	0.0	0.0	0.0	0.0	0.0	0.0	0.0	0.0	0.0	0.0	0.0	0.0	0.0	0.0	0.0	0.0	0.0	0.0	0.0	0.0	0.0	0.0	0.0	0.0	0.0	0.0	0.0	0.0	0.0	0.0	0.0	0.0	0.0	0.0	0.0	0.0	0.0	0.0	0.0	0.0	0.0	0.0	1.0	0.0205247	n/a	0.00042126331009	n/a	-0.0838330999999999	n/a	0.0070279886556099	n/a	-0.218076	n/a	0.047557141776	n/a	-0.00164557	n/a	n/a	2.7079006249e-06	0.000284086	n/a	n/a	8.070485539600002e-08	0.0	n/a	n/a	0.0	0.0	0.0	0.0	0.0	0.0	0.0	0.0	0.0	0.0	0.0
328.7283599852272	-3.175101900836012	108062.33465857712	10.081272080692456	370.5349422061126	-10.931785026416378	119.50392386378134	137296.1433956872	218.50347977975625	-0.3445969870263923	0.1187470834676675	47743.770675862346	217.5223534993877	460.8134124920791	1.56959	32.662083	0.096260352	0.0520271	-0.182336217	-0.1406661975	-0.1715901641	-0.0061864902	0.1599809358	-0.1977234507	0.0450471295	-0.0695558769	0.089911226	-0.089811249	-0.24447188	0.1258981986	-0.1681813998	0.0920845414	-0.0565557684	0.0643688235	-0.0579641234	0.140400191	-0.0199932931	0.006532477	-0.0127215214	0.1393993591	-0.0588727208	0.1049492256	-0.1065717488	0.0375978306	-0.0544484308	0.036334924	-0.0264624529	0.0286960142	-0.0020717521	-0.0486369587	0.1278525752	-0.0644653579	0.0498731441	-0.1311907757	-0.1169237423	0.0133288829	0.0362751227	-0.0672956791	-0.0201553709	0.038108431	0.0729169071	-0.0565779755	-0.0117206952	-0.0652080203	0.0367115921	0.0275754962	-0.0294515189	-0.0186688456	-0.0186905137	-0.1330022741	0.0496869715	0.1361671282	-0.1500884714	-0.0321592223	-0.0217480308	-0.0859287009	0.0874873748	0.0005203213	0.2319070684	-0.1338927195	0.1396716264	-0.1299796509	0.0748451551	-0.0664823016	0.0734356501	-0.1103429731	0.0334863292	-0.028461892	-0.0194234296	0.1384206774	-0.0370665036	0.0651119041	-0.1412380208	0.0415323079	-0.0631831159	0.0343253575	-0.0314341432	0.0279481797	-0.1126666066	0.0305158191	-0.1297983853	0.0649653639	0.1181284618	-0.1050546354	0.0843601186	0.0509503952	-0.0346560376	-0.0793342669	0.0280957854	0.0345122938	0.0488313749	-0.0023199109	-0.0607949973	0.0786521578	0.0034308424	0.0203301326	-0.072027336	-0.0074005986	-0.0407475651	0.0870391846	0.1333561755	0.1098042226	-0.1175681887	-0.004205723	-0.0148361427	0.1015218407	0.0551079308	-0.0482538794	-0.1742484349	0.1399292435	-0.1601526072	0.0273723378	-0.0750741415	0.0590719896	-0.0949559386	0.2873761927	0.0004240053	-0.0442682505	0.0909718929	-0.0915558837	0.0477424516	-0.0270723721	0.0066035676	-0.0007373727	0.1167528596	0.0671337004	-0.0260632041	0.1238989601	-0.0777067772	-0.0240345609	0.0543281948	-0.0631325261	0.1199443696	0.119921393	0.1198831019	0.0	0.000257128	-0.020267572	6.611480838400003e-08	0.0004107744747751	-0.0665766	0.0172564999999998	0.00443244366756	0.0002977867922499	-0.172151	0.0459249999999999	0.029635966801	0.0021091056249999	-0.00151555	0.00013002	1.6905200400000006e-08	2.2968918025000003e-06	0.000382565	9.8479e-05	9.698113441e-09	1.4635597922500006e-07	-2.77266e-05	-2.77266e-05	7.6876434756e-10	7.6876434756e-10	1.0	0.0	0.0	0.0	0.0	0.0	0.0	0.0	0.0	0.0
326.56224708461895	-2.1661129006082547	106642.90122095573	4.692045098181507	366.4147548756357	-4.120187330476881	16.97594363822221	134259.7725905722	217.89134456980423	-0.6121352099520152	0.3747095152629977	47476.63803843716	216.91926046333683	440.7709317378032	1.516539	31.558119	0.0997933519999999	0.0597123	-0.0910804156	-0.1396383358	-0.0824133502	-0.0979307423	0.1081474633	-0.1168094367	0.02353606	-0.2303970393	0.0019530538	0.0554172486	-0.1294239032	0.0429377288	-0.2069032475	0.0818033056	0.0213630657	-0.0587553563	-0.1759003579	-0.0024682011	-0.1553756232	0.0388941033	0.0477996267	-0.0812980539	-0.0291359997	-0.0828095896	-0.1569307453	0.010218969	-0.1207524322	0.1062652404	-0.1504603686	0.1256932288	0.0763887094	0.0454154221	-0.0311744834	-0.0252470521	-0.0475902981	-0.0995025887	-0.0430065584	0.0208727426	-0.0146568075	-0.1021987772	-0.1098061389	0.0153723074	-0.0843180006	-0.0050366863	0.0434156539	0.0944011793	0.0785833494	0.0632789011	0.1008011545	0.0031003824	0.010724709	0.0543162626	0.0087060856	0.0523516195	-0.0600889572	0.0336697251	0.0680208697	-0.1477690843	0.0135222183	-0.0887882244	0.1221892516	-0.0434322048	0.1728265619	-0.1259242533	0.0195882366	0.0407010526	0.1858086378	0.0284020859	0.1514554519	-0.0236232219	0.0352465457	-0.0623485631	0.117109149	-0.1102121537	-0.0895650585	-0.0053736812	-0.1269273918	0.0999869395	-0.1458447138	0.135120049	-0.0338431164	-0.0358547525	0.0537509437	0.0336666235	0.1410381997	-0.0227463957	0.0296841285	0.0418909681	0.0213802227	-0.0946823761	0.069626472	-0.0331411587	-0.0543838613	0.0513591209	0.0813666321	-0.0799252507	-0.0992487123	0.0534374712	0.0886639827	-0.0440764131	-0.050271967	-0.0254375232	-0.0080892511	0.0414137593	-0.0727151673	-0.0061851831	-0.0110706536	0.1750070876	0.0157414199	0.1142723261	-0.1436157966	0.0637050246	-0.1484124028	-0.1454287951	-0.2075364306	0.0438464991	0.0320885776	0.1674769678	-0.0451020599	-0.0453978754	0.1502983578	-0.025781081	-0.0348939289	-0.045951294	0.0721502334	0.0109003232	0.074318729	0.0462892874	-0.1017776809	-0.05279327	0.1679931046	-0.0214590969	0.1030690776	0.083032237	0.1198831019	0.1196764004	0.119332162	0.0	0.00693951	0.006682382	4.815679904010001e-05	4.465422919392401e-05	-0.0476388	0.0189377999999999	0.00226945526544	0.0003586402688399	-0.114654	0.0574969999999999	0.013145539716	0.0033059050089999	-0.0013718	0.00014375	2.06640625e-08	1.88183524e-06	0.000270616	-0.000111949	1.2532578601000004e-08	7.3233019456e-08	-0.000105551	-7.78244e-05	6.056637235360001e-09	1.1141013601e-08	0.0	1.0	0.0	0.0	0.0	0.0	0.0	0.0	0.0	0.0
326.0048177729128	-0.5574293117061302	106279.1412111501	0.31072743754917	364.3795221492685	-2.0352327263672123	4.142172250476116	132772.43616172925	217.72664712123944	-0.1646974485647945	0.0271252495637531	47404.89286665672	216.7318507389092	429.5662172584409	1.372201	28.554548	0.0767643719999999	0.0422481	-0.0398497784	-0.0882107963	-0.0731910304	-0.0926305554	-0.064747627	-0.1986249584	0.1394505598	-0.0168710986	-0.099037921	-0.0585795757	-0.0329847905	0.0869100187	-0.1335534341	0.0236449954	0.0801083202	0.1014340841	-0.0381126691	-0.0263641743	0.1044208899	0.0276409357	-0.0272796514	0.0846743339	-0.0485491397	0.0572599641	-0.0101058823	-0.0045901521	0.0699437917	0.1008383137	-0.0871980494	0.0956108261	0.0185748093	-0.0342044283	-0.0346138106	-0.0947907803	0.0402161862	0.0632414113	0.1273792209	-0.1152718967	-0.0002043897	-0.0822408064	-0.1918670776	-0.0972886163	0.0534565617	0.0876339911	-0.0471719434	0.0143470626	0.0702028015	0.1001663549	-0.0117211638	-0.0385045249	-0.0266791688	-0.076529511	0.0032620967	-0.1300085177	0.0292394543	0.0552352824	0.145893792	0.0609767576	0.0384581513	-0.0897262518	0.0258386156	-0.0775728662	0.139958273	-0.0601329828	-0.0530365493	-0.1130915424	0.03355842	0.0258431378	-0.1103340213	-0.0348375066	-0.0419878872	0.0597535002	-0.0107080508	0.0763368373	-0.0457866037	-0.0217000897	0.041301851	0.1215146629	-0.0722271685	0.0924028158	-0.0010176651	0.0119966867	0.0538952816	0.0946195151	-0.0990918089	0.0246478685	-0.0386745063	-0.147916392	-0.0294480204	-0.1111220802	0.1813820914	-0.1101328548	0.014008274	-0.1134804511	-0.0044558961	-0.0325471838	-0.0775149414	0.097289413	0.0265916424	0.0162809767	0.0164101915	0.092026002	0.0110458458	-0.0885454988	0.0851826195	-0.1226128228	-0.1087255064	-0.0352076111	0.0395877975	0.0350667935	-0.125285933	0.0698127031	-0.1225790588	0.0991578064	-0.1420260391	-0.0047114377	-0.1080673792	0.0468888572	-0.0811912033	0.0822386612	0.2062792325	-0.1006669564	-0.0062940405	-0.1572832902	0.0192263222	0.0155275449	-0.0676131838	0.031669255	-0.0959303451	0.1136771507	-0.1456621067	0.0055921415	0.0510360409	-0.0810317495	0.1197605978	0.1191869159	0.1182328141	0.0	0.000150788	-0.006788722	2.2737020944000002e-08	4.6086746393284e-05	-0.0704818	-0.0228429999999999	0.00496768413124	0.0005218026489999	-0.117463	-0.0028089999999999	0.013797556369	7.890480999999956e-06	-0.000856946	0.000514854	2.65074641316e-07	7.343564469160001e-07	0.000267494	-3.121999999999988e-06	9.746883999999924e-12	7.1553040036e-08	0.000262946	0.000368497	1.3579003900900005e-07	6.9140598916e-08	0.0	0.0	0.0	0.0	0.0	0.0	0.0	0.0	0.0	0.0
326.56531852755813	0.560500754645318	106644.9072650055	0.314161095957971	364.1106626577585	-0.2688594915099997	0.0722854261750156	132576.574661072	217.80528540142348	0.0786382801840375	0.0061839791103031	47439.14234879553	216.81624688535544	432.4172257751933	1.331794	27.713699	0.128989587	0.0912689	-0.0564221295	-0.0618955578	-0.0635281257	0.0449723472	-0.0798518066	-0.0352202514	0.0318650189	-0.155958416	0.1877859219	-0.0983758717	0.0055174423	0.1471867903	0.0434256861	0.0219991037	0.0770284454	-0.0149502562	-0.2414460301	-0.0487125914	-0.0989880653	0.0906053659	0.0206216947	-0.0994533882	-0.0521412611	-0.0256569823	-0.2019420126	-0.0432192009	0.1058548446	-0.1418936607	-0.0422738311	0.0277514451	-0.0191267828	0.012587808	-0.0378085989	0.0988707831	-0.0048372026	0.0467283373	-0.0231337893	0.0522010035	0.1532729131	0.2348332319	0.0055472303	-0.0555809906	0.1071803383	0.0266917956	-0.0500922003	-0.0514960389	-0.0975526425	-0.0072957778	-0.0112744747	0.0065782074	0.0496187943	-0.1377997984	-0.0539546939	0.0341109336	-0.0687150028	-0.0009678013	-0.108464037	0.1070090055	0.0279967911	-0.2780275608	-0.0145915898	-0.1486008902	-0.0231544296	0.0021093513	-0.090452162	-0.004269582	0.2499879583	0.0533226473	0.0826228807	-0.0769284078	0.0030170053	-0.0924043302	0.063138183	-0.0958597008	-0.1887960277	-0.0109667003	0.0887448421	-0.1352315216	-0.0385195687	0.0615345192	0.0524739808	-0.0048300805	0.0518909747	-0.0786632167	-0.0427433585	0.0064724133	-0.0353673058	0.0848151589	-0.1597205192	0.213829865	0.0371335403	0.0229170192	0.0493403096	-0.0962621653	-0.0610583418	0.0411245125	0.1252425004	-0.0156092351	-0.0423181295	0.0209866199	0.0327186515	-0.003549861	0.1741518625	0.0382955127	-0.0350548839	-0.0020195238	0.0843359611	-0.1064867999	-0.0433554264	0.1108419979	-0.1181802505	0.0265102378	-0.1676701062	-0.086569575	-0.0410610714	0.1383226148	-0.030141479	0.1180819617	-0.14941128	0.072288506	0.0322939349	-0.0477999816	0.030197215	0.0053593188	0.0030054191	-0.1847781174	-0.0214056368	0.1957170401	-0.0623498677	0.0425444258	0.1318315125	0.0226517379	-0.1619782836	0.0018875255	0.1195769199	0.1184539393	0.1165901104	0.0	0.000171675	2.0887000000000005e-05	2.9472305625000004e-08	4.3626676900000013e-10	-0.0032233	0.0672585	1.038966289e-05	0.00452370582225	-0.111023	0.00644	0.012326106529	4.1473600000000016e-05	-0.00185829	-0.001001344	1.0026898063359998e-06	3.4532417241000003e-06	0.000275095	7.600999999999984e-06	5.777520099999975e-11	7.5677259025e-08	0.000359405	9.645899999999997e-05	9.304338680999993e-09	1.29171954025e-07	0.0	0.0	0.0	0.0	0.0	0.0	0.0	0.0	0.0	0.0
326.8988171597788	0.3334986322206532	106862.83666046248	0.1112213376930465	364.8062066858675	0.6955440281089977	0.4837814950380902	133083.56843653187	217.84387471940784	0.0385893179843606	0.001489135462498	47455.953752765054	216.92141961196955	437.14436122108646	1.381008	28.737818	0.1581304549999999	0.0983439	-0.0757319111	-0.0725005723	-0.0709447138	0.0870997362	0.011928744	-0.0701186416	0.0809324194	-0.0503444458	-0.0969823313	0.1325555337	-0.0589611675	0.1118112367	0.049457431	-0.0006845784	-0.0453701708	0.0968311231	-0.082413626	-0.1600816744	0.0864313791	0.0716585233	-0.024834562	0.0028557684	-0.0677480476	-0.0411121634	0.0603368503	-0.2260093692	-0.0971753284	-0.2066010021	-0.1069566546	0.0530870757	-0.1232160274	-0.0958523402	0.0614247512	0.1011490938	0.0471227479	-0.0605031672	0.1402616583	0.1645755278	0.0151761305	-0.0770162418	0.1451814043	-0.0505180725	0.0326943955	0.0122372143	-0.0736996445	0.1118944282	0.0431607654	0.0250450021	0.0257051713	-0.0084409659	-0.0416256536	0.1500925736	-0.0195138792	-0.1214396287	-0.0610314845	-0.0916304799	0.0152025958	-0.0306334745	-0.0491125003	0.1455675209	0.0573708324	-0.1180588544	-0.0655083046	0.000265842	0.0367293635	-0.1070076341	0.0696825586	0.1619266885	-0.1048370175	-0.0622368159	-0.0267752028	-0.0344603805	0.0741196949	0.0708747863	0.042483953	-0.1945227121	-0.0818464555	-0.2546154015	-0.0545969627	0.0924214467	0.0275307086	0.1323029729	-0.0933725084	-0.0798119343	-0.0514868916	-0.0208955503	-0.1798632921	0.1311735219	0.0483330806	-0.0809441857	-0.09959308	-0.0237118005	0.1050882704	-0.0202455202	-0.0432188097	-0.1086310606	-0.0759552439	0.0045258994	0.0335112782	-0.0375560513	-0.0101230694	-0.018316301	-0.1322370381	-0.1338153831	-0.0905739437	0.028799354	-0.0557854989	-0.0285258315	-0.0568765434	-0.1513156191	-0.1344466983	0.0693967818	-0.0802357116	-0.0184009995	-0.1490026782	-0.0476843772	-0.1068694369	0.0277363199	-0.0972866551	-0.1372462922	-0.026328863	-0.0595618148	-0.0130032316	-0.1806812355	0.0072757078	-0.0199230214	-0.1803984308	-0.0343919872	-0.0339559376	-0.0448776929	0.0636901343	0.0081289533	-0.0297335966	0.0897537106	0.119332162	0.1174789681	0.1144116002	0.0	-0.00201793	-0.002189605	4.072041484899999e-06	4.794370056024999e-06	-0.0936566	-0.0904333	0.00877155872356	0.00817818174889	-0.0895033999999999	0.0215196	0.0080108586115599	0.00046309318416	-0.00144665	0.00041164	1.6944748960000005e-07	2.0927962225000003e-06	0.000579013	0.0003039179999999	9.236615072399999e-08	3.35256054169e-07	0.000195204	-0.0001642009999999	2.6961968400999992e-08	3.8104601616000004e-08	0.0	0.0	0.0	0.0	0.0	0.0	0.0	0.0	0.0	0.0
326.2029784978542	-0.6958386619245971	106408.38318087152	0.4841914434290137	364.2427977811338	-0.5634089047337056	0.3174295939332338	132672.81573542792	217.9769749026341	0.1331001832262757	0.0177156587748681	47513.96158770358	217.0069046937906	432.02881467226	1.260067	26.221109	0.077387655	0.0471411	-0.0475125174	-0.0856957645	-0.0373251309	0.0699026247	0.085793098	-0.1273030096	-0.0664501695	-0.0191600856	0.0488737917	-0.049785964	-0.158009444	0.0672188523	-0.0752254831	-0.0187064424	-0.1026906816	0.0525511302	-0.1111130779	0.0090721228	-0.0235332755	0.1580832172	-0.0299084162	0.1445032943	-0.0251647604	-0.0232752934	-0.0241029668	0.0992914837	-0.0617443617	-0.0267070043	0.0755335899	-0.0950297582	0.0854516646	-0.1674238427	-0.0321376066	0.1408344627	0.0497866268	0.0666958164	-0.013931433	-0.0076338588	-0.0062688083	-0.0106291532	-0.0142295887	0.0893429624	0.0215011934	-0.0094899686	-0.0910859969	-0.0691564246	-0.0619573817	-0.0254240325	-0.0914868659	-0.0795887621	0.017467235	0.03636761	0.083537209	0.0064345704	0.0481388758	0.0908965673	0.0801126777	0.0403398398	-0.1120668271	0.1052473685	0.151694103	-0.075743815	0.061013488	-0.008416889	0.1181036646	-0.054833057	0.1137793364	0.0011920624	0.0286767293	-0.1447495355	-0.0054579233	0.1702352972	0.0115748263	-0.0432450817	-0.0182992413	0.0775516249	-0.0440889263	-0.0374083336	0.065557961	-0.1248212395	-0.103088179	0.1327803715	0.0873240365	-0.1408949541	-0.0704068881	-0.0259420595	0.0243720656	-0.0239023501	0.0193447272	-0.0096209456	0.0223234871	0.0708561888	-0.0043018063	0.0165604767	-0.0726779444	-0.0058430845	0.0814211964	-0.0122129436	-0.0290897717	0.1178813715	0.0055044335	0.0533596596	-0.1389362145	0.0497199636	0.0955318693	-0.0860435945	-0.0826687707	-0.0306090619	-0.0794673436	-0.0491037994	-0.135437752	0.0589109243	-0.0538505765	0.0401758193	-0.0191072263	-0.0013380151	0.0101209956	0.179737674	-0.0106938851	-0.0710036926	-0.0229184081	-0.0411608868	0.0849084583	0.0307064428	-0.0375966814	-0.0188759648	0.0231229699	0.1573080324	-0.0431316404	0.0457418427	0.0229689172	0.043856	0.0508667745	-0.1462068507	0.1190264491	0.1162639941	0.1117072952	0.0	0.000178675	0.002196605	3.1924755625e-08	4.825073526025e-06	-0.0488558	0.0448008	0.00238688919364	0.00200711168064	-0.0926525	-0.0031491	0.00858448575625	9.916830810000625e-06	-0.00123711	0.00020954	4.3907011600000014e-08	1.5304411521e-06	0.000318768	-0.000260245	6.7727460025e-08	1.01613037824e-07	0.000120166	-7.503800000000001e-05	5.6307014440000025e-09	1.4439867556e-08	0.0	0.0	0.0	0.0	0.0	0.0	0.0	0.0	0.0	0.0
325.732086451818	-0.4708920460361696	106101.39214425464	0.2217393190201301	363.46036854205926	-0.7824292390745313	0.6121955141587501	132103.43950072952	217.85419081667223	-0.1227840859618822	0.0150759317654948	47460.44845638704	216.91458241889327	429.733752759209	1.448198	30.135988	0.134358775	0.0975048	-0.0391643084	0.0029793622	-0.0040954956	-0.1255275438	0.148361416	0.0665836647	0.1362784942	-0.0197687318	0.0129416865	-0.0309283628	-0.1344359127	0.0306660422	-0.0127803023	0.1494098255	0.1465220244	-0.0346071064	-0.0696167765	0.0291473861	0.0393187849	0.1793933213	-0.0515579287	-0.1353360386	-0.052585649	-0.0542106407	0.0975923115	0.0196421479	0.1403748348	0.1158996216	-0.0588352178	0.0812360573	0.0168695661	0.0278022026	0.1282198409	-0.1463942517	-0.0339570285	0.088621654	0.0362689447	0.1027738024	-0.1051116252	0.0069651548	0.1464634367	-0.0057233491	-0.02386694	0.001255305	0.0285695361	0.1320949028	-0.1814395628	-0.2655040482	0.0736499173	0.1405256843	-0.1089056524	-0.0622008577	0.0706019527	0.0713873338	0.08709344	-0.1139387235	0.0768279407	0.0078371743	-0.0079031772	0.0254481811	0.1336250081	-0.0316721906	0.0167708677	-0.1377985921	-0.1637185794	0.0320760966	0.0718230846	-0.0235802109	-0.0384178413	-0.1795961861	-0.0414401405	-0.1132777425	0.0947584567	0.0225883447	0.1092105197	0.030115659	0.144698268	0.1232121361	-0.088894594	0.0736462181	-0.0594131452	-0.0507939631	-0.0815968817	0.1216819192	-0.0937352479	0.1011646458	-0.0034214151	0.0711795658	0.1534822995	0.0362316422	-0.1321085226	0.0043799918	0.0023486711	0.017236302	0.0577456285	-0.1063059097	0.1508094998	-0.2413200054	-0.0496330512	-0.2135962204	0.0271873599	0.0264343578	0.0386607407	0.0734402156	0.0645702002	0.1481687582	-0.0758420026	0.0075976823	0.033968921	0.0371006858	0.0589181595	0.0133924982	-0.1455166599	-0.0133514134	-0.1479950263	0.1039854115	-0.0193683432	0.0621709857	0.0658430587	-0.0182787349	0.1735154655	0.0552457029	0.0529228424	-0.0538915544	-0.0112925164	-0.1887857829	-0.1476158077	-0.2525939626	0.1108224579	-0.2457521566	-0.1442615281	-0.1559676333	0.0249253517	0.0582410273	0.1186599374	0.1148114994	0.1084896234	0.0	-0.0105185	-0.010697175	0.00011063884225	0.0001144295529806	0.0465226	0.0953784	0.00216435231076	0.00909703918656	-0.0717084	0.0209440999999999	0.00514209463056	0.0004386553248099	-0.00113645	0.00010066	1.0132435600000006e-08	1.2915186025e-06	0.00036489	4.6122e-05	2.1272388840000004e-09	1.331447121e-07	0.000120166	0.0	0.0	1.4439867556e-08	0.0	0.0	0.0	0.0	0.0	0.0	0.0	0.0	0.0	0.0
325.38315017031755	-0.348936281500471	105874.19441475942	0.121756528547376	360.32395143254905	-3.136417109510205	9.83711228482835	129833.34997596596	217.40609705524275	-0.448093761429476	0.2007880190320161	47265.41103679363	216.5001823655542	429.08509156693975	1.856337	38.629089	0.2128057	0.111094	-0.0264218919	0.025288345	0.0108351485	-0.1329247718	-0.0023648826	0.1163863705	0.3796146276	0.2089324946	0.3983193556	-0.0399709473	0.0722136379	0.0795150576	0.2223147646	0.3260828916	0.298948422	0.1565011339	0.1549450207	0.1938670654	-0.0236461699	-0.1014445261	0.2064553729	-0.0736199091	0.0559119303	0.1056660409	0.0536414575	0.1325665733	0.0055365255	0.0400234063	0.0406184503	0.0360844048	-0.0892073073	0.0235501616	-0.0967988312	-0.114020594	-0.0615796375	0.0289811762	0.2417798948	0.0359614734	0.0771134389	0.0921959032	-0.0652795125	-0.1254245171	-0.0213146742	-0.1176963128	-0.0834683405	0.0018455559	-0.0252388556	-0.009683858	0.013826004	-0.1206092818	0.0683531973	0.0837740026	-0.0579602409	-0.0107157139	-0.023295026	-0.1315285595	-0.0988264028	-0.0708420604	0.0620814602	0.0272412051	-0.0656285791	-0.0682299623	-0.2170736694	-0.2466218748	-0.3813025639	-0.1469081121	-0.1555228341	-0.2118229819	0.0509611816	0.1032536391	0.1955559473	-0.0593849506	-0.0582844553	0.0499815182	0.0215070952	0.1581715593	-0.0022148608	0.076900218	0.0806102696	0.0298089116	0.1478436016	0.0017697023	0.0479372233	0.1611202805	-0.0455917575	0.0773564237	-0.2234520569	-0.0090048853	-0.0832295706	0.0479166779	0.092156982	-0.0990693317	0.0572294948	0.083725011	-0.0962514862	-0.0105289212	0.0454880006	0.0051289785	0.0099203846	0.096331316	-0.1021214682	-0.0475185313	0.0003982133	-0.0547383403	-0.1000623927	0.1219929441	0.0653909181	0.0350636207	0.0385972631	-0.0361627225	0.1851253946	-0.0627629687	0.0098437951	-0.1765068519	0.0259934492	-0.0185336676	-0.3733689314	0.072875212	0.1967891354	0.2344202556	0.0131519373	0.4793378249	-0.0184233422	0.1774332202	0.2608156756	-0.1461272901	-0.1485496493	-0.0009145081	0.2216407885	0.1037601798	0.0264646769	0.2428535916	0.159842371	0.0965032156	0.1182328141	0.1131244514	0.104773372	0.0	-0.0333177	-0.0227992	0.00111006913329	0.00051980352064	0.0938437	0.0473211	0.00880664002969	0.00223928650521	0.0082866499999999	0.0799950499999999	6.866856822249835e-05	0.0063992080245024	-0.00139046	-0.00025401	6.452108010000002e-08	1.9333790116e-06	0.000177176	-0.0001877139999999	3.5236545796e-08	3.1391334976e-08	-0.000691917	-0.000812083	6.59478798889e-07	4.78749134889e-07	0.0	0.0	1.0	0.0	0.0	0.0	0.0	0.0	0.0	0.0
326.2612585630663	0.878108392748743	106446.408839156	0.7710743494157807	364.3988743117012	4.074922879152155	16.604996471037683	132786.53959963503	217.3978684450932	-0.0082286101495583	6.771002499341444e-05	47261.83320447005	216.399216821905	428.5619843623517	2.259729	47.023388	0.4835198	0.318144	-0.0222682552	-0.0704964499	-0.0500089726	0.0717271053	-0.1958398909	-0.0174475417	-0.0433788598	-0.0771765568	0.3271631724	0.4559748189	0.1326291471	0.1533487126	0.0034367715	-0.0987444736	0.0726924482	0.2534720516	-0.0240931379	-0.0310627392	-0.2596303209	-0.2411964534	0.141045567	-0.1420713215	0.063520567	-0.0465233177	-0.1249064718	0.0424566047	0.1001467207	-0.0051214223	0.0912398299	-0.1120153997	-0.0325020879	-0.0267134616	-0.1585663795	-0.0930171946	-0.0071802737	0.0181730729	-0.1345299951	-0.108133093	-0.1780339975	0.0679361894	-0.0544403188	0.2114457604	0.0593273774	-0.0045312083	-0.0189963978	0.0231825497	-0.080984593	0.0008690566	-0.0774161867	0.0848006549	-0.0214388547	-0.0001217403	0.047435614	-0.0390417648	-0.0188817601	-0.019007564	0.0342439994	0.0727935345	0.1900968286	0.0836873299	-0.1445195593	-0.142541502	0.0217346052	0.085593855	-0.0436830091	-0.262746925	0.0024408391	0.0291008497	0.2582587741	0.256612928	0.1371442605	-0.146337778	-0.0203711381	-0.1410842657	-0.0893927633	0.0348066901	0.1001043991	-0.0181866482	0.0447583358	-0.1359882522	0.0876770821	0.0360426769	0.0731963173	0.0821632904	0.0487910986	-0.0298952387	0.1955292837	-0.1565454985	0.1404933756	0.0774466261	0.0879833299	0.1777336325	-0.0180417297	0.013319837	-0.008651271	-0.0143885212	0.0672559447	-0.0097924846	-0.0549346737	-0.0433499388	0.1038629802	0.0240447896	-0.0219762694	-0.0398864737	-0.0187244493	-0.0060265601	-0.0300261665	-0.078987237	0.1807376088	-0.0828798251	-0.3159398095	-0.0459363561	0.0617531614	-0.2416110245	0.1520916273	-0.3753671017	-0.097511001	0.0763130626	-0.1083914724	0.1802738069	-0.3794840159	-0.1101729617	-0.1941904503	0.1153615825	-0.1014611037	0.138548917	0.1006818894	0.0607840493	0.0957003461	-0.1167568687	-0.016783741	0.2053156802	0.0090926821	0.0986072813	0.1177452974	0.1112062966	0.1005756196	0.0	-0.0300039	0.0033137999999999	0.00090023401521	1.0981270439999991e-05	-0.22135	-0.3151937	0.0489958224999999	0.09934706851969	-0.0462029	-0.0544895499999999	0.0021347079684099	0.0029691110592024	-0.00286989	-0.00147943	2.1887131249e-06	8.2362686121e-06	-0.000266104	-0.00044328	1.964971584e-07	7.081133881600002e-08	-0.000404172	0.000287745	8.2797185025e-08	1.63355005584e-07	0.0	0.0	0.0	1.0	0.0	0.0	0.0	0.0	0.0	0.0
325.4717738469998	-0.7894847160665108	105931.87557111256	0.6232861169026193	363.85069919382977	-0.5481751178714376	0.3004959598533644	132387.3313038388	217.30121721435785	-0.0966512307353468	0.0093414604026572	47219.819002841534	216.2863054452397	430.8586891294911	1.672568	34.80497	0.26296329	0.136894	-0.0379782947	-0.0946746211	-0.0630823345	0.1047066539	-0.1164840486	-0.072891024	-0.1012325008	-0.0603489157	0.0009873937	0.0523736088	0.1210094837	0.1140212772	-0.0954285898	-0.1676250381	-0.0352882984	0.0219262108	-0.0583534638	0.037108809	-0.006291302	-0.1504829087	-0.0015715141	-0.0696233274	0.0188301443	0.0377740009	-0.070080998	0.0189030378	-0.10248683	0.0419721124	-0.165721484	-0.150308924	0.0316935436	-0.0569777381	0.1474276617	-0.0078586664	-0.038485461	0.0286704721	0.0163148825	-0.1950521604	-0.0200620561	-0.0633769666	0.1019113369	0.0252127567	0.1146203931	0.07195193	0.2441979119	0.086965628	0.0535222703	0.083749205	0.0128722555	-0.0011495681	0.005671874	0.1295739424	0.051101977	0.1649867939	0.1049339528	-0.000462792	-0.0327030268	0.0218577156	-0.1138356536	0.1328362241	-0.1343387763	-0.1058338662	0.1114117997	0.1161666752	0.0786299771	-0.0292647484	0.0566209881	-0.0426871481	0.0146638787	0.1520302769	0.0161030422	-0.084252156	-0.0456255438	-0.0066099921	-0.0421583986	0.0192691669	-0.1071212723	0.0100039439	-0.1903060233	-0.1187824119	-0.1316664961	0.0105884829	-0.1181538943	-0.0357047656	-0.0032659564	0.0603955693	-0.0119448452	-0.2003450366	-0.0158683321	-0.0487072368	-0.1057099038	0.0754914047	0.0618290107	-0.0913873498	0.2799343059	0.0095780143	-0.1046202459	0.0793829556	-0.0227418522	0.0175762205	-0.0424007311	-0.0569384321	-0.1182880918	0.1767223739	0.0463470515	0.0693818237	-0.0086686464	-0.0253337616	-0.0735235697	-0.077020549	-0.1710658783	0.0133875586	0.009326863	-0.020037886	0.2594566026	-0.1431317126	0.0602643783	-0.0780561391	-0.0736225445	0.0986255595	-0.0702402929	-0.0531240273	-0.0935375293	0.0702557738	-0.1199395114	0.0585205219	-0.0415636701	-0.337302323	0.1853461651	0.1221534022	-0.181729926	-0.2009290876	0.1083939466	-0.1061920803	0.1171976362	0.1090609537	0.0959156576	0.0	-0.00178756	0.02821634	3.1953707536000005e-06	0.0007961618429956	-0.105908	0.1154419999999999	0.011216504464	0.0133268553639999	-0.041083	0.0051198999999999	0.001687812889	2.621337600999997e-05	-0.00144665	0.0014232399999999	2.0256120975999995e-06	2.0927962225000003e-06	-0.000606429	-0.000340325	1.1582110562500001e-07	3.67756132041e-07	0.000115964	0.000520136	2.705414584960001e-07	1.3447649296e-08	0.0	0.0	0.0	0.0	1.0	0.0	0.0	0.0	0.0	0.0
324.90671329107045	-0.5650605559293354	105564.37234160583	0.3192934318671695	362.40169234656827	-1.4490068472615008	2.099620843410714	131334.98661565673	217.2531043913781	-0.0481128229797604	0.0023148437350817	47198.91136769103	216.2444282299091	428.8978460392582	1.278345	26.601479	0.16521354	0.101606	-0.0230473957	-0.1974701273	-0.0230727005	0.1374395164	-0.0567478564	-0.0520410184	-0.03060209	-0.1833326624	-0.0947039723	-0.0175224681	0.0091272443	0.0608141687	0.0412268264	-0.199999389	-0.0776669991	-0.0160413453	-0.0826999477	0.0612796102	0.076579769	0.0874444919	0.0849066796	-0.1294550516	0.0913831841	0.0742005592	0.0794466792	-0.0040497845	-0.0211666376	-0.0377820827	-0.0263851478	0.0830300897	-0.1273603848	0.1387783681	0.1209473132	0.0316170852	0.0155308568	-0.2076597811	0.0026705005	-0.2090725014	0.0541252208	-0.0018800975	0.0394868088	0.0418803621	-0.0907035372	0.0097907607	0.0204832952	-0.0489062142	-0.0878191794	-0.0972197993	0.0408364876	0.0422505756	0.1396449	0.0602051017	0.0553769826	-0.1629388148	-0.1082230244	0.073392528	-0.1194627509	0.0346054875	-0.1816555058	-0.0194155046	-0.0174169205	-0.066895279	0.0006621113	0.1913703366	0.0817624506	0.0130265609	0.0812834614	-0.0498697438	-0.0696767352	-0.0887229105	0.1021858991	-0.1411638237	-0.0582179464	0.0418197949	0.0876038874	0.0247386783	-0.0425641815	-0.0138650673	0.0073490946	0.1150158671	0.0607103342	-0.0850447464	-0.208348295	-0.0483924239	0.1405916243	-0.1127377769	-0.0388246814	-0.1690213471	-0.1032668508	0.006151531	-0.0828170503	-0.0519134985	-0.1051836078	0.0580731953	0.0066326923	0.019629473	0.0903568287	-0.1013458086	0.1174507643	0.0995814664	0.1856213788	0.0229208582	-0.0356275155	-0.0732334236	-0.125246151	-0.038355307	0.1230251818	-0.048408489	-0.170613477	0.0904574756	-0.0848505352	-0.0129815932	-0.0780844459	-0.0141819649	0.1300024734	0.0207796066	0.0185622296	-0.1281333573	-0.0758171095	-0.0409500427	0.0670328759	0.0274575482	-0.0342811717	0.1119166968	-0.0029461692	-0.0243392003	0.1429077039	-0.1745896223	0.1452028154	0.0106855232	0.1483383211	-0.0308621068	-0.1666095301	-0.1001533821	0.1165901104	0.1066928056	0.0908149015	0.0	0.00983823	0.01162579	9.67907695329e-05	0.0001351589931241	-0.0127621	0.0931459	0.00016287119641	0.00867615868681	-0.0747285	-0.0336455	0.00558434871225	0.00113201967025	-0.0012058	0.00024085	5.800872250000007e-08	1.4539536399999995e-06	-0.000592124	1.4305000000000049e-05	2.0463302500000132e-10	3.50610831376e-07	0.000396736	0.000280772	7.8832915984e-08	1.57399453696e-07	0.0	0.0	0.0	0.0	0.0	0.0	0.0	0.0	0.0	0.0
323.0627169151529	-1.843996375917527	104369.51906060024	3.4003226343969737	359.9899826800275	-2.411709666540787	5.816343515686275	129592.78762996648	217.3818584761248	0.1287540847467028	0.0165776143389611	47254.87239453394	216.41132568795888	422.34241103416593	1.33177	27.713205	0.0789254199999999	0.0431416	0.0169366712	-0.2206154446	0.0540015561	0.1214065152	0.0094780219	-0.0781133354	0.1069646749	-0.1848867919	-0.1140181244	-0.1471081575	-0.1754724596	-0.0352617793	0.0557330647	-0.1088270298	0.0630498496	-0.0543041804	-0.0608850827	0.0013023959	0.0987903751	0.0902378924	-0.0670460597	0.0776775816	0.0348282902	0.1141190398	0.1717422692	-0.1387831624	0.0671844686	0.0671393921	0.0610742795	0.0229719194	0.0394301369	0.0464563571	-0.1160193823	-0.1077782763	-0.0411150205	-0.2256505392	-0.1086974358	-0.1235890833	0.0965562556	-0.0117224464	-0.1615658929	0.0762847163	-0.1323272266	0.0604701238	-0.0378033958	0.0501533085	-0.0791050227	-0.0460561479	-0.1565429824	0.0257097646	0.0126598759	0.1523159836	-0.0186062414	0.0746767938	0.1549035709	-0.0868805269	-0.0218446101	0.0323853181	0.1597969296	0.073458551	0.1771712312	0.0204043637	-0.00695621	0.1254847033	-0.0574142506	0.0451389379	0.0572812872	0.0371027074	-0.0909384935	-0.1124605813	-0.0434172647	0.0232373599	-0.1388630534	0.1711654088	0.1172971347	-0.1125777885	0.0516864407	0.0476646172	0.0396821346	-0.0143786335	0.0253825858	-0.0414013289	0.0832691304	0.1417266618	0.2417126305	-0.1276069395	0.0881898805	-0.08315545	-0.1110189437	-0.0349660371	0.1062844144	0.0034931416	-0.1808698757	0.048353143	-0.0056606891	-0.0894107492	0.0467698127	-0.0281003542	-0.143329446	0.0343304474	0.0085033168	-0.1446028042	-0.1387958621	-0.0016121201	0.086049859	0.1280510954	0.0211142187	-0.0490930548	0.1689941093	-0.0141876365	-0.0237112897	-0.0636989951	-0.1117958206	0.0491759508	0.1438492038	0.0868532122	-0.0131640452	-0.1343603997	-0.0576368564	-0.1667522667	0.1703978308	0.0789352574	-0.0369472275	0.1425259912	0.0529466615	0.1444583167	-0.0346080714	-0.234613605	0.0541994611	0.0255151403	-0.0073165772	-0.0668040999	-0.1737355396	0.0039744474	0.1159230303	0.1041066901	0.0852967926	0.0	0.0116664	0.00182817	0.00013610488896	3.342205548900002e-06	0.0252041	0.0379662	0.00063524665681	0.0014414323424399	-0.0652791	0.0094493999999999	0.00426136089681	8.929116035999993e-05	-0.000987684	0.0002181159999999	4.7574589455999994e-08	9.75519683856e-07	-0.00023052	0.0003616039999999	1.3075745281599997e-07	5.31394704e-08	0.000410649	1.3913e-05	1.93571569e-10	1.6863260120100005e-07	0.0	0.0	0.0	0.0	0.0	0.0	0.0	0.0	0.0	0.0
320.2520606150164	-2.810656300136543	102561.38232816412	7.89978883749724	355.3563444100627	-4.633638269964763	21.47060361688204	126278.13151248312	217.19158478197315	-0.1902736941516423	0.0362040786861127	47172.18450010503	216.24850020398137	393.34430984273615	1.608775	33.477501	0.15767435	0.0838862999999999	0.1567809281	-0.1710100761	0.2069459061	0.1166370161	-0.0266605745	-0.0323485104	0.101426083	-0.0893856243	-0.0538582044	0.0151274645	-0.1861955456	-0.1346765858	0.0331768985	-0.0851453471	0.1171534088	0.0060716978	-0.0601993405	-0.0988942466	0.0600831953	-0.0367870254	0.1345916474	-0.0736233644	0.2567881583	0.0305205362	0.0910806486	-0.1037238077	0.0530565963	-0.1177328036	0.0093268974	-0.0145145813	0.055852646	-0.0398772145	0.0159142465	0.2040863291	0.0215218545	0.0235076659	0.0048730099	0.1318581542	-0.1341401313	0.0665131701	-0.0036095827	-0.0548117159	-0.1321431544	-0.0686515477	0.0066492627	-0.0393295052	0.1990858926	0.0811483567	-0.0131019564	0.0037984091	-0.0672027213	-0.0905045708	-0.2178723441	0.1041772986	0.0959514364	0.0855247303	-0.1000815304	0.0689410823	0.0400120511	-0.0283549407	0.1938899174	0.120679465	0.0128048576	0.0982747552	-0.1011092047	-0.0080960314	0.0415227068	0.1003797113	-0.057307298	0.0488865657	0.1713745499	-0.1161337766	-0.2194430906	-0.0530200933	0.1280569461	-0.0607917697	0.0293220626	-0.1088906494	0.0162307375	0.0140934028	-0.0457596263	0.0106374548	0.0521909323	-0.2069839395	-0.0392311639	0.0088656932	-0.0318379434	0.1201287943	0.1388942153	0.0709615214	0.0171764972	-0.0583787594	-0.0687797867	0.0895247699	-0.0645751864	0.083571787	-0.1798510165	0.0858807221	-0.0411898176	-0.0665909085	-0.1285878585	-0.1601879237	0.1541891402	0.0096072748	0.1332111985	-0.0555753237	0.1472922609	-0.0684421737	0.0298011611	0.0036158001	0.022481892	-0.184428847	-0.0725588698	0.0212858719	0.1241554828	-0.0313085302	-0.0235735105	-0.1184126492	0.0006056876	-0.1547145212	0.0113883295	0.1199247608	-0.0116689862	0.2373382224	-0.0520598504	0.2024438498	-0.0097216538	0.0268877237	-0.1500557715	0.0946255634	0.0546917465	-0.0620634299	-0.0164882176	0.1198079012	0.1151967366	0.1013078907	0.07938669	0.0	0.023766	0.0120995999999999	0.000564822756	0.0001464003201599	0.0591156	0.0339115	0.00349465416336	0.0011499898322499	-0.0126816	0.0525975	0.0001608229785599	0.00276649700625	-0.0017368	-0.000749116	5.61174781456e-07	3.01647424e-06	-0.000368034	-0.0001375139999999	1.8910100196e-08	1.35449025156e-07	0.000115964	-0.000294685	8.683924922500004e-08	1.3447649296e-08	0.0	0.0	0.0	0.0	0.0	1.0	0.0	0.0	0.0	0.0
319.1512275951337	-1.100833019882657	101857.50607548084	1.2118333376639705	353.34831754693687	-2.008026863125849	4.032171883035038	124855.03351325094	216.87511477586105	-0.3164700061120982	0.1001532647685914	47034.8154090429	215.90835558877205	371.0669884187352	1.310479	27.270153	0.04255045	0.0221519	0.2594316643	-0.0394365876	0.2883469039	0.071067327	-0.0047282156	-0.0289460501	0.0366301819	0.0055736464	-0.0310909769	-0.098417337	-0.1646208421	-0.1889809334	0.0102014228	-0.1137039031	0.1120606182	-0.0128842398	-0.0194983619	-0.0414835035	0.0403673412	0.0607118471	0.0017722206	0.2064006537	0.040785978	0.1098525782	0.0349125728	0.0365195316	0.0664042665	-0.0078446594	0.065275754	-0.1363777362	-0.0938522706	0.0926317362	-0.1454021052	0.0325524319	0.0461860243	0.0881195407	0.1274710345	-0.0065834994	0.0450522597	-0.0696163897	0.1357114895	0.0273353574	0.0342697384	-0.1377732326	0.0244738504	-0.0949070046	0.0920119728	-0.0014919414	0.1901456035	-0.0559825904	0.0814506373	-0.0724888176	-0.0022720682	0.0334552309	-0.0114592631	0.0749851867	0.0717450887	0.0064304752	-0.0207527373	-0.0120179229	0.1727484599	0.1791852245	0.0461139533	0.1260940013	-0.0958285001	0.0084838732	0.0157988712	0.0498659003	-0.0444621156	-0.0598052512	0.0202316973	0.1743132068	-0.1320975626	0.0769532897	-0.0231144045	0.0092137163	0.0369980644	0.0134785559	0.0624672705	-0.1169331754	0.1905802587	-0.0419536264	0.0476417117	-0.0321227398	-0.1128778164	0.0135323007	-0.0893618427	-0.0318072918	-0.0091087109	-0.0871561342	-0.1122996609	0.0687122452	0.1062364258	0.0992809826	-0.0256029121	0.1341087976	-0.0536700082	-0.0419045849	0.2016799324	0.0343538346	-0.0489800538	0.0025575358	0.082790111	0.0905255671	0.0176230565	-0.0688737799	-0.0624363228	0.0173183256	-0.0040746498	-0.0053383104	0.06841844	-0.2193155135	-0.0909836725	0.1297783107	0.079782494	-0.0047840337	0.0624808006	-0.0879731476	0.0188222779	-0.0839689529	-0.0002801024	0.1224134944	-0.0061881068	0.1163142753	-0.14309231	-0.0133050217	-0.0111330294	0.0010430437	-0.1541331321	0.0570301522	-0.08601012	-0.0604742305	-0.0527572212	-0.1167762246	0.1144116002	0.098302125	0.0731117546	0.0	0.019575	-0.004191	0.0003831806249999	1.7564481000000002e-05	0.0566386	-0.002477	0.0032079310099599	6.135529e-06	-0.0126509	3.0699999999999825e-05	0.0001600452708099	9.424899999999892e-10	-0.0014284	0.0003083999999999	9.511055999999995e-08	2.04032656e-06	-0.000153894	0.00021414	4.58559396e-08	2.3683363236e-08	0.000310459	0.000194495	3.7828305025000006e-08	9.638479068100003e-08	0.0	0.0	0.0	0.0	0.0	0.0	0.0	0.0	0.0	0.0
318.8804874474646	-0.2707401476691302	101684.76527473262	0.0733002275599024	352.02560491423344	-1.3227126327034284	1.7495687087132348	123922.02651523198	216.6740602369053	-0.2010545389557592	0.0404229276347128	46947.64837954606	215.68723161488128	362.5835456413649	1.058061	22.017519	0.12203195	0.0602102	0.297739311	0.0832129664	0.3173729223	0.0173160107	-0.0212843728	0.0403303275	-0.0137372105	-0.0166189005	0.0557648682	-0.0193348318	-0.067693568	-0.2121763614	0.0715212281	-0.0764832616	0.0860725512	-0.0136878806	-0.0370461087	-0.0516645223	-0.0678778875	-0.0260420519	0.1579496066	0.1871880501	-0.1358511989	-0.0678437328	-0.0908364883	0.0843415123	-0.0426571662	-0.0848535667	0.0105463768	-0.1047865892	0.0206762021	0.0421928058	0.083175261	-0.1738582108	0.1079629494	0.0923848637	-0.0405985468	0.0727514225	0.1157958992	-0.0096819471	0.0480643572	-0.1110115326	-0.1539967207	0.1291458139	0.0429809045	-0.0481559215	0.0736616746	-0.1165637624	-0.0820394236	0.0387697	-0.1835720514	0.0462384236	-0.0568937193	-0.1301805813	0.067284414	0.0747233312	-0.1310516889	-0.1484316076	-0.1035492003	-0.0111507014	0.0778055662	0.2025422473	-0.0215319145	0.118652278	-0.0976779102	0.0206250537	0.0336066811	0.0471885382	0.0656736168	0.0476592181	0.1372387989	0.2261655897	0.1283310324	-0.0153953857	-0.1279825228	0.0433555615	0.0096482454	-0.0777370497	0.0026996013	-0.0790864734	-0.0436438796	-0.0914465552	-0.0739649789	0.1373674072	-0.1745737935	-0.0306217383	0.0286353738	0.1413549144	-0.1098700397	-0.0197284928	-0.1084273995	-0.0955100136	-0.1380249099	-0.0360228197	0.0313773499	0.0281615961	-0.0707802308	-0.0834424732	-0.0893145	-0.0820343063	-0.0068805125	0.0135830136	-0.098719313	-0.1639911454	0.0634013793	-0.0455239112	0.179392295	0.1047641511	-0.0871439619	0.0459401928	0.0664918212	-0.2707667503	-0.041633291	0.0350042562	-0.0270067987	-0.0219593683	0.1247786476	-0.0250749078	0.0105008699	-0.0116227978	-0.107268244	0.1462425554	0.0569867813	0.0785590669	-0.1670387977	-0.1573353728	0.0715045721	0.1206203591	-0.208546021	-0.0945063158	-0.0847224276	0.1168039445	-0.1181184221	-0.0275703729	0.1135680224	0.0950955338	0.0665008237	0.0	-0.0136035	-0.0331785	0.00018505521225	0.00110081286225	0.062045	0.0054064	0.003849582025	2.922916096000006e-05	0.0189501	0.031601	0.00035910629001	0.000998623201	-0.00193029	-0.00050189	2.518935721000001e-07	3.7260194841e-06	0.000186642	0.000340536	1.15964767296e-07	3.4835236163999994e-08	0.000115964	-0.000194495	3.7828305025000006e-08	1.3447649296e-08	0.0	0.0	0.0	0.0	0.0	0.0	0.0	0.0	0.0	0.0
320.31441537455595	1.4339279270913607	102601.32469674356	2.056149300092527	353.8193955271354	1.793790612901944	3.2176847629351317	125188.16465118749	216.4720096137484	-0.2020506231568788	0.040824454318083	46860.130946214784	215.50611984171385	366.6795010475822	1.112186	23.14381	0.133636705	0.0711228	0.272174596	0.1408968014	0.2591058888	-0.0090307445	-0.0124772555	-0.0330425347	-0.0597962163	0.1061488728	-0.0495907641	-0.005323271	0.030625346	-0.2024634727	-0.0118682142	-0.0697987041	0.0988016987	0.0342463398	-0.0890979389	0.0409306217	0.0137694829	-0.0783517972	0.0561115349	0.0714693616	-0.2154530245	-0.100450164	0.2459213595	-0.0210352362	0.0543165391	-0.0014763238	0.1804490839	0.0356779455	-0.0254202292	0.0204945739	-0.0302338235	0.0176149825	-0.0293365178	0.0435777052	0.0155548722	0.056058661	-0.1915297409	0.0142904857	0.1198551045	0.0968698048	0.1871444052	0.0959778628	0.0367142859	-0.0039757152	0.0583030283	0.0428799755	-0.0617552588	-0.0420778101	0.0206207263	-0.1266133461	0.1182902632	-0.0334163939	-0.0589018429	-0.0080131571	-0.0794398441	0.038000445	-0.0022257528	0.0709989895	-0.0181147128	0.2046292617	0.0348957986	0.0771618547	-0.074124606	-0.0411219301	0.0849076113	-0.0339807106	-0.0027371179	0.0825552933	0.0255970005	0.0939447188	0.1888341462	0.175241757	0.173458989	-0.0447835495	0.1184065334	0.0042719478	0.1806413761	-0.0009720849	0.0565077674	0.0269501973	0.0151630545	-0.0106214651	-0.0190160687	0.0383020652	0.0213184219	0.0107639801	0.2185573424	0.0365125204	-0.0639768249	0.1416575215	0.0857292642	-0.1687883387	0.0251742511	0.0226820302	-0.0726943226	0.0381305539	-0.0389775426	0.0674617495	0.055762081	0.175712232	0.0611534991	0.0460112759	-0.0199244784	-0.0228741244	0.0269150076	-0.04797799	-0.008452907	-0.0905839437	0.0416552933	-0.2162979382	-0.0408816134	0.1564875185	-0.0273565629	-0.0511586905	0.0907115715	-0.0695064257	0.0885816648	0.0448325932	-0.0713904225	0.0535202879	0.0402207315	-0.0433548343	-0.0293035475	-0.0211777661	-0.028690409	0.0020648181	-0.2808817253	-0.1350406036	-0.0139866324	-0.0368841427	-0.0915891709	0.0305337354	0.1126664339	0.0916946678	0.0595842788	0.0	0.0126188	0.0262222999999999	0.0001592341134399	0.0006876090172899	0.0252009	-0.0368441	0.0006350853608099	0.00135748770481	-0.0036695	-0.0226196	1.346523025e-05	0.00051164630416	-0.00114353	0.00078676	6.189912976000001e-07	1.3076608609e-06	1.43879e-05	-0.0001722541	2.967147496681e-08	2.0701166641e-10	0.000115964	0.0	0.0	1.3447649296e-08	0.0	0.0	0.0	0.0	0.0	0.0	0.0	0.0	0.0	0.0
321.9035431320139	1.589127757457959	103621.89108094432	2.525327029523362	356.8249875754479	3.005592048312508	9.033583560879377	127324.07175821856	216.44323779553136	-0.0287718182170522	0.000827817523515	46847.67518741293	215.46487945177688	380.3638674622079	1.092133	22.726536	0.027357985	0.0130931	0.202182996	0.1825011913	0.1700938674	-0.0962394525	-0.0141981285	0.0482361907	-0.1483420832	0.1116335612	0.015735921	0.0243338053	0.1266381942	-0.1600207756	0.0216076409	-0.0012305764	0.0152210439	-0.0025372937	-0.0136684514	0.0143914227	0.0157691753	-0.0696966666	-0.0776640631	-0.0096512141	0.0766786803	-0.0196577582	0.0683455759	0.0563656654	0.0118861937	-0.0104868781	0.0619451101	0.124215769	0.1202332146	0.022800794	0.0387984902	0.1837728021	-0.0688532017	-0.0483833215	-0.1072804168	0.0794823211	0.1007670744	0.0562782339	0.0892560263	0.1961412925	-0.0164664221	-0.0078503942	0.2234000316	-0.024809722	0.0324600167	-0.0346913422	0.0785682693	-0.0666093728	0.0419799564	-0.0228893662	0.057984326	-0.1416317698	-0.1431076833	-0.1742188167	0.1076012694	-0.0217314913	-0.1450915333	0.0713224362	-0.1143385779	0.1694846212	-0.0263162442	0.0129228272	-0.0158308133	0.0076349861	0.0139369805	-0.0105378852	-0.0095315455	0.063759954	-0.0793257095	0.0021077057	-0.0511481227	-0.0234790475	0.1067163729	0.0462289809	0.0146165721	0.0212750603	0.083144416	0.123603278	-0.0893702221	-0.0237152502	0.0470855107	-0.1769637297	0.1273880419	0.0011843131	0.0225449662	0.1337951402	-0.0442814734	0.0730724102	-0.0824320481	0.1692754745	-0.0434724971	0.0483445243	0.185444053	0.0699061228	-0.0073600044	-0.0635018008	0.1132514295	0.0755827772	0.0025615356	0.1636071685	0.0426798744	-0.1179935667	-0.1466775688	0.071625872	-0.1865769371	-0.0058775798	-0.1206972749	-0.0454548919	0.0549325501	-0.1557775583	0.007764099	0.1005146383	0.009434484	-0.0118620474	0.1583939417	-0.0609213713	0.116318901	0.1037993731	-0.0893017099	0.0745534714	0.0364681297	-0.0858170183	0.0383805639	0.0648368506	-0.0374064884	0.0373953696	-0.1733363481	-0.0615345641	0.059877745	-0.0624515202	0.0253398353	0.0232240721	0.1117072952	0.0881064748	0.0523939058	0.0	0.012626	7.200000000000609e-06	0.000159415876	5.184000000000877e-11	0.034823	0.0096221	0.001212641329	9.258480841000004e-05	-0.00131166	0.00235784	1.7204519556000002e-06	5.5594094656e-06	-0.00103582	0.00010771	1.1601444100000002e-08	1.0729230724e-06	-0.000127733	-0.0001421208999999	2.019835021681e-08	1.6315719288999997e-08	0.00017355	5.758599999999999e-05	3.316147395999998e-09	3.0119602499999995e-08	0.0	0.0	0.0	0.0	0.0	0.0	0.0	0.0	0.0	0.0
323.5481715667206	1.6446284347067035	104683.41932416808	2.7048026882458216	359.2501772875936	2.425189712145709	5.881545139897387	129060.68988116743	216.6245681000243	0.1813303044929455	0.0328806793275043	46926.20350452207	215.62581723862868	397.8256141852357	1.176674	24.485769	0.08909867	0.0381989	0.111739162	0.2280057944	0.0681340642	-0.1228418652	-0.0839544045	0.130292505	-0.1621357323	0.0745128411	-0.0967252924	0.0325408868	0.1871658936	-0.1042716888	-0.0383319864	0.0488459235	-0.0577897125	-0.0394805851	-0.0298489387	-0.0693810796	-0.0501527766	-0.0694488841	-0.1148196002	0.0644248949	0.0802921013	0.0949313748	0.1208818455	-0.0108013032	0.0599259162	0.0720019524	0.0375853804	-0.0100179176	-0.0371415663	-0.146711975	0.1553596391	-0.0605873347	-0.0913920023	0.0438328205	-0.1303531972	-0.0870221288	-0.1377854571	-0.0535696228	-0.049913168	-0.1226519823	-0.1662152775	-0.1535660987	0.1006915004	-0.001165035	-0.0199498263	0.1796580751	-0.0331470365	0.0186827903	0.0539827159	0.0746489122	-0.0514529351	-0.0422598416	0.1335944087	0.2005485221	-0.0354025229	0.045352929	-0.0528281041	-0.0483227817	-0.1810744597	0.1191299263	0.0017920977	-0.056063163	0.0601802736	0.0457764434	0.0255267371	0.077602669	0.0476945244	0.0586549552	-0.1028262447	0.030636448	-0.1558647927	0.0757040515	0.0887743469	-0.0081626739	0.050916302	0.0845745226	0.0292116645	-0.0510353614	-0.1339635275	0.1032762393	-0.1226706406	0.0299124232	-0.0030805369	0.1213923829	0.1406060884	-0.0684826581	0.0572144632	0.0151333584	-0.0074115557	-0.1903572943	-0.0175594319	0.1798091351	0.0976350524	0.034717691	-0.015986406	0.1999006309	0.0379561873	0.0236390455	0.0342291881	-0.1100038621	-0.0607044209	-0.0301016196	0.1127761549	-0.117027498	0.1235495008	-0.0221080678	-0.0535058124	0.0749040437	0.0743612293	-0.0738452303	0.0769817407	-0.0213085592	-0.0864083226	0.0046013227	0.2188254634	-0.1145973097	0.0549984665	0.0916717045	-0.061331628	-0.0244092641	-0.0007408337	-0.1453784887	-0.0047674079	-0.0747766451	-0.0267485379	0.0047439781	-0.0038943361	0.0020931354	-0.0264166986	0.120666067	0.0135629574	-0.0860499769	0.1106910964	0.0843382854	0.0449627491	0.0	-0.00537376	-0.01799976	2.88772965376e-05	0.0003239913600576	0.0168074	-0.0180156	0.00028248869476	0.00032456184336	0.0208806	0.02219226	0.00043599945636	0.0004924964039075	-0.0008157229999999	0.0002200970000001	4.8442689409044025e-08	6.654040127288369e-07	0.000212405	0.000340138	1.1569385904400003e-07	4.5115884025000007e-08	0.000115964	-5.758599999999999e-05	3.316147395999998e-09	1.3447649296e-08	0.0	0.0	0.0	0.0	0.0	0.0	0.0	0.0	0.0	0.0
324.85306613555554	1.304894568834925	105529.51457767162	1.7027498357748847	361.9633659210967	2.71318863350308	7.361392560970311	131017.47826892971	216.97910272176847	0.3545346217441647	0.1256947980152779	47079.93101794375	215.97448532118884	413.2696565187349	1.087063	22.621023	0.0834759499999999	0.0504885	0.0339426826	0.2056411939	-0.0064776005	-0.1231904938	-0.0437394659	0.0467393418	-0.1747126791	0.1139998507	-0.1251303447	0.0423020838	0.1255826515	-0.0236389248	-0.1063223106	0.0168965121	-0.0599154119	-0.0053014886	0.0856170834	-0.0892135148	0.0613498254	-0.0736535131	-0.1491026803	-0.1186501784	-0.0465189649	-0.0124461264	-0.0108689326	0.0247852448	-0.083485455	-0.0354851201	-0.0019491466	-0.1627040372	0.0080982432	0.0413346701	0.004230357	0.1860887949	0.0323048501	0.0211607009	-0.0145986425	0.0660683599	0.0642967092	-0.0023501819	-0.061178352	-0.0520297915	-0.043262253	0.0699233397	-0.1226126764	0.0476820238	0.0304362935	-0.0986550913	-0.1355867917	-0.0037451877	0.0934103421	-0.050085977	-0.0068989366	-0.0894732839	0.0006981196	0.1415615659	0.0444068448	-0.1019523844	0.1115548841	-0.0609632133	-0.1301937076	0.0363293061	0.0813460309	-0.051190551	0.0757367779	0.0122999	-0.0899649035	0.0732815523	-0.0666538488	0.0767829566	-0.1546920563	-0.0851822137	0.070026613	-0.0185596121	0.001554635	0.0537354274	-0.0689208069	-0.056204941	-0.0172174249	-0.1512616641	0.0248204135	-0.0377718602	0.0090926094	-0.1940685817	-0.0169716946	-0.0227526773	-0.0275504195	0.0865586835	-0.0729563254	-0.0030340382	0.0457254181	-0.0632246353	-0.0250510885	-0.0091208	-0.0817659617	-0.1157541496	-0.0346179787	-0.0950474522	-0.0832571377	0.1210171704	0.0965696114	-0.0108258352	0.0159697803	-0.0646214509	0.0499787768	-0.1321480872	0.0487885825	0.1312492029	0.1034580195	0.0955458346	0.0148654066	0.0018538449	0.1108453714	0.0593350872	-0.0635638404	-0.0732367328	0.1008376421	-0.1420717143	0.1092338234	0.0923038466	-0.0469347295	-0.0597697324	0.0552548677	-0.1716571836	-0.0030405354	0.1016195869	-0.004460909	-0.0134939925	0.0216632096	-0.0283715426	0.155544352	0.1064815334	0.0762922235	-0.0709110216	0.1096183565	0.0803977977	0.0373249597	0.0	-0.00363252	0.0017412399999999	1.31952015504e-05	3.0319167375999998e-06	-0.0160099	-0.0328173	0.00025631689801	0.00107697517929	0.00350064	-0.01737996	1.22544804096e-05	0.0003020630096016	-0.000306513	0.0005092099999999	2.5929482409989813e-07	9.3950219169e-08	9.0866e-05	-0.000121539	1.4771728521000004e-08	8.256629955999999e-09	0.000115964	0.0	0.0	1.3447649296e-08	0.0	0.0	0.0	0.0	0.0	0.0	0.0	0.0	0.0	0.0
325.8500220430828	0.9969559075272514	106178.23686547752	0.9939210815534856	363.7857721007765	1.822406179679831	3.321164283735236	132340.0879829581	217.21768267401333	0.2385799522448621	0.0569203936131607	47183.52166626835	216.20665897703967	424.8236803385559	1.043513	21.71479	0.07489809	0.0340789	-0.0207604096	0.1924108255	-0.0588120243	-0.0952248848	-0.1297907741	0.0353783938	-0.0969841449	0.1242677773	-0.0491167116	-0.0337934689	0.085819087	0.026800472	-0.0953569971	0.0172706625	-0.0252332648	-0.0890323415	0.1766170463	0.0276780676	0.0960388474	-0.0621824952	-0.0706344959	-0.110000929	0.0428349995	0.1471067378	0.0679278996	-0.0133325663	-0.0628109262	-0.0224141666	0.0235679918	-0.0723663044	0.0343899313	-0.0310160135	0.0432759514	0.0062684631	0.0468605321	0.1217816876	-0.0447245134	-0.0468713641	-0.1007573289	0.0080818097	-0.0264941349	-0.0027627696	0.0360234396	0.0684127833	0.0125054598	-0.0710411077	0.0515735561	-0.0664001606	-0.0584227995	-0.1935559378	0.0822070639	-0.0866736182	0.1710901688	0.1337694173	0.140690649	-0.0610946618	-0.0650564358	0.0190359466	0.0533977444	0.0338315983	-0.0955187641	-0.019107484	0.0903010387	-0.0447855403	0.0434433008	0.1002781028	-0.1750809989	-0.0460064402	-0.0887777401	0.0483129284	-0.0642553904	-0.1186531051	-0.0977326591	0.0952557931	0.0385296767	0.0596523381	-0.0767828432	-0.0358526724	0.0133279201	-0.0939911587	-0.0676739209	-0.0106185486	-0.0018548667	-0.0308261114	-0.112982492	0.0390447852	0.0902180085	-0.0350326005	0.0627628135	0.0219011846	0.0228247688	-0.0153230673	-0.0368132505	-0.0698873405	-0.0234370612	0.0515032897	-0.0254854294	-0.0280927652	-0.0415758108	0.1783859946	-0.0767711625	0.1690870487	0.0190132414	0.1669801177	0.1109918089	0.1335545124	0.0251177296	-0.0066750321	0.0734663087	-0.0849815449	0.0034267061	0.0384113458	0.0707695123	0.0562684741	0.0446611053	0.0293467474	0.0901744028	-0.1331509865	0.1089391324	0.1468289757	-0.0395867251	-0.0172420273	0.1390004113	-0.196264564	0.0308777532	0.1222466151	-0.0314649574	0.0498235343	0.0161106802	0.0917737794	-0.0695409088	-0.0169616662	0.1228085777	0.0800088228	0.1084896234	0.0762930619	0.0295156382	0.0	0.012657	0.01628952	0.0001601996489999	0.0002653484618304	0.00605423	0.02206413	3.66537008929e-05	0.0004868258326569	-0.0152202	-0.01872084	0.00023165448804	0.0003504698503056	-0.000314352	-7.83899999999999e-06	6.144992099999985e-11	9.881717990400001e-08	-8.97061e-05	-0.0001805721	3.260628329841e-08	8.047184377210001e-09	-5.20969e-05	-0.0001680609	2.824446610881e-08	2.7140869896099998e-09	0.0	0.0	0.0	0.0	0.0	0.0	0.0	0.0	0.0	0.0
327.04698812842867	1.1969660853458777	106959.73244387656	1.432727809468235	365.9779999458184	2.1922278450418844	4.805862924576984	133939.89644434146	217.37276756656885	0.1550848925555215	0.0240513238989576	47250.92007954957	216.3602863912573	437.89625666186953	1.193172	24.829079	0.06386212	0.0269983	-0.0868378293	0.1189156093	-0.1128281627	0.0301186576	-0.1202833947	0.1209389091	-0.127583495	0.007003869	-0.015499559	0.0649789449	0.0804639564	0.1085178911	-0.0087343317	-0.0356773076	-0.0241685416	-0.1298556397	0.1696790352	-0.0612502666	-0.1064888995	-0.0955201855	0.0737947181	0.0854429572	0.1178360758	-0.1229368917	0.005463306	0.0735605573	-0.1361201045	-0.0267120591	0.0430455194	-0.0090946356	0.0043789673	0.036178212	0.0415110142	0.0347304677	-0.0385210725	-0.0182760255	-0.0866951315	0.0385571141	-0.0671321625	-0.0461729322	0.0003012211	-0.0365003131	-0.0623638245	0.0384428165	-0.0598274604	-0.078080769	-0.1233158886	0.0575007608	0.0625048274	0.010016695	-0.0710662277	-0.1704018133	-0.0473805918	-0.0614709943	-0.0458303996	0.0061441459	0.0974864616	0.2114900801	-0.0997650888	-0.0308720556	-0.0960798175	-0.1076388333	0.0163626647	0.0354123979	0.0354155134	0.1395814653	-0.1659661936	0.0622429926	0.1019141721	0.1090291237	0.0742107824	0.1241595505	-0.0076893253	-0.1486098811	0.0675278234	0.0223464903	-0.1186413964	-0.0205296662	0.0462167521	-0.0067991166	-0.006442703	-0.0340699498	-0.0490298722	-0.0404999074	0.0523329063	0.0206828938	0.0738037977	0.0638879841	0.0685587369	-0.0128696003	-0.0383746913	-0.075971618	-0.0589739936	-0.0428253573	-0.0630707339	0.005737726	0.1374165212	0.0902350728	0.0549584695	-0.0926179479	-0.0012281595	0.0739063206	0.1287174502	-0.0454823418	0.0399547336	-0.0858232316	-0.1086130301	-0.1778941221	-0.0696076139	0.108362973	-0.0056223635	0.0576634179	0.0925195672	-0.1235429109	0.0216375787	0.0727668179	0.0854127	-0.1793099877	0.0322890514	0.0755246135	-0.1055629293	0.006851735	0.1476581711	-0.1450554735	-0.0633495255	-0.0132357422	0.108616402	0.1503619443	0.1479622365	0.0223462559	0.1268989301	-0.0796414666	0.0438990941	0.0978740699	0.1073054737	0.0720324637	0.0215706732	0.0	-0.0036385	-0.0162955	1.323868225e-05	0.00026554332025	0.0116996	0.0056453699999999	0.00013688064016	3.187020243689999e-05	-0.0058958	0.0093244	3.476045764e-05	8.694443536e-05	-0.000544557	-0.0002302049999999	5.299434202499999e-08	2.96542326249e-07	0.000163965	0.0002536711	6.434902697521e-08	2.6884521225e-08	0.000115964	0.0001680609	2.824446610881e-08	1.3447649296e-08	0.0	0.0	0.0	0.0	0.0	0.0	0.0	0.0	0.0	0.0
327.3391843680008	0.2921962395721493	107150.94162270804	0.0853786424201049	367.1569474176402	1.1789474718218005	1.3899171413150144	134804.22403703982	217.3614574812381	-0.0113100853307628	0.0001279180301891	47246.00319836808	216.4196798030178	448.9299936148246	1.205588	25.087442	0.0684633399999999	0.0460492	-0.1287314012	-0.0047577898	-0.1176377717	0.1221817708	0.0320818293	-0.0050245036	-0.0108602267	0.0677845521	-0.1311640505	0.0139837653	0.0093390263	0.0819518473	0.1126531125	-0.055689489	-0.0883560374	-0.0094720209	0.1542391929	-0.0881517453	0.0111509299	-0.0269933337	-0.0822512384	-0.1040196018	-0.1200214691	0.1132019854	0.1067588529	0.0510093263	0.0219985846	0.1899107426	0.0691082703	-0.0504726336	-0.0386596841	0.0065766344	0.0136012433	-0.0906591842	-0.0294360887	-0.1050239668	0.0192772624	0.1355936566	0.100035091	0.0009646517	0.0090731965	0.0854981608	0.1033453609	-0.0855259244	-0.0779555494	0.0655520062	-0.0878019525	0.0083551661	-0.1636688885	0.1288047483	-0.0569978724	0.0623096081	-0.0438810388	-0.12032165	0.0889149347	-0.0047265178	0.1039987258	-0.1857516588	-0.0011576293	-0.0566415741	-0.0075778809	-0.0891490633	-0.121143255	0.0717698727	0.0784088652	0.0169173632	-0.1597243646	0.0814903013	-0.0162900219	0.0135285765	-0.1011575875	-0.1107295419	0.0516176194	0.1680835948	0.033060628	0.0728482493	0.0321728137	0.1763243344	0.0441679484	-0.0866023117	0.0199621511	0.0193260429	-0.0526649109	0.1070445642	0.1070823712	-0.0289696093	-0.0545286929	0.1021957051	-0.0334922243	-0.0297371171	0.0270341541	0.1303909485	0.1267681435	0.0225439748	-0.0371763215	-0.0447801848	0.0893138813	0.0010649038	-0.1538888118	-0.0744902135	0.0922570895	-0.045326393	-0.0880574102	-0.1749854326	0.0902709509	0.0095315123	-0.0718870933	0.1767341898	0.0026822379	-0.0028447214	-0.0167762256	0.0976320633	0.0751983177	0.0369030562	0.0524114911	0.0573510739	-0.0420496998	-0.1287863416	0.0477465611	-0.0834134684	-0.0486612753	0.016633292	0.1938774535	-0.2372659207	0.1233821219	0.1652863933	0.0126078825	-0.0386720267	0.1344837248	-0.1065416683	0.0429804635	0.0011834962	-0.0092967644	0.0767248557	0.1060665123	0.0676247074	0.0135265772	0.0	-0.00467276	-0.00103426	2.18346860176e-05	1.0696937476e-06	0.00467784	-0.0070217599999999	2.18821870656e-05	4.930511349759999e-05	-0.0351793	-0.0292834999999999	0.0012375831484899	0.0008575233722499	-1.32806e-05	0.0005312763999999	2.822546131969599e-07	1.7637433636e-10	0.000255165	9.120000000000002e-05	8.317440000000004e-09	6.5109177225e-08	0.000115964	0.0	0.0	1.3447649296e-08	0.0	0.0	0.0	0.0	0.0	0.0	0.0	0.0	0.0	0.0
326.2815524749856	-1.057631893015241	106459.65148548676	1.1185852211230023	365.9744786638902	-1.1824687537500154	1.3982323535951144	133937.3190333062	216.9454685688628	-0.4159889123752975	0.173046775219183	47065.33633256344	216.0122551280948	442.0557401746664	1.121012	23.327477	0.0742381199999999	0.0558837	-0.0872432504	-0.0375151414	-0.0702301481	0.0669680447	0.0725097274	0.0254818181	-0.0584927155	0.0007241897	-0.0080756135	-0.0900793833	0.0089416117	-0.045959201	0.0538636032	0.007294254	-0.1435126823	-0.0711064167	0.0431983437	0.0044996209	-0.0049041088	0.0607424343	-0.0850644745	-0.0399768668	0.2231417942	-0.0288261732	-0.0765472239	0.0986222726	-0.0312001103	-0.0688982285	-0.1188654736	-0.118731234	0.0240705304	0.023274155	0.0660035981	0.1075812077	-0.0079628366	0.1027378614	-0.0368698686	0.0189111481	-0.0957221526	-0.0402218661	-0.0240491061	-0.0736247063	0.1616668756	-0.0464009423	-0.0828264973	-0.0053653844	0.060631496	-0.0426720659	-0.1204772566	0.0220197061	0.0357881235	0.1131680009	0.0356898429	-0.0899084971	0.0413358113	-0.1252851991	-0.0043429834	0.0760177281	0.041982217	-0.1790127068	0.000314329	0.0393827536	-0.0908693341	0.0033294674	0.1248005494	0.0787892209	-0.0354985077	-0.0106645785	0.0004674708	-0.0612231807	-0.048736073	-0.0200702591	-0.1454801785	-0.2042366886	0.0189417163	0.0950460704	-0.059646957	-0.0599855353	-0.1174608497	-0.0766204242	-0.0235162454	-0.0562284291	-0.0276692532	-0.1381101347	-0.0510504658	0.0880034653	0.0320766363	-0.0140291775	0.0535387281	-0.0113777676	0.0476772609	-0.0340105516	0.1630447263	-0.0626630969	-0.093370418	0.0240611535	-0.053292207	-0.0235623976	-0.1058622326	0.0569209872	0.0335963572	0.0095579483	-0.101837895	-0.1082512913	-5.14576e-05	0.1476741233	-0.0025545707	-0.0574526113	0.0585904333	0.1886610059	0.0301531285	0.0593221935	0.0566260225	0.0400118146	0.0956593759	0.0778570161	0.037873294	0.003126991	0.0937237005	-0.0988447869	-0.0547361117	0.0146402282	0.2539276792	-0.0900550417	-0.0090366702	0.2023744121	-0.0188380074	0.183527491	0.2179747112	0.0737935526	0.0356008642	-0.0806041906	0.0663746449	-0.0234120567	0.104773372	0.0630787976	0.0054203179	0.0	-0.00467585	-3.089999999999864e-06	2.1863573222499995e-05	9.548099999999156e-12	0.0577196	0.05304176	0.00333155222416	0.0028134283038976	-0.0236158	0.0115634999999999	0.00055770600964	0.0001337145322499	-0.000140841	-0.0001275604	1.627165564816e-08	1.9836187281e-08	0.00019013	-6.503500000000002e-05	4.2295512250000034e-09	3.61494169e-08	0.000115964	0.0	0.0	1.3447649296e-08	0.0	0.0	0.0	0.0	0.0	0.0	0.0	0.0	0.0	0.0
325.1732491684747	-1.1083033065108907	105737.64197478292	1.2283362192229734	364.55983076603593	-1.4146478978542518	2.001228674903454	132903.87020816075	216.7047807040647	-0.2406878647981045	0.0579306482610706	46960.96197999677	215.7548998731069	431.7794626689079	1.191343	24.791018	0.0575664449999999	0.0319378	-0.035902205	-0.0108606725	-0.0058362588	-0.0362669864	0.1331743462	0.0574042113	0.0188788159	-0.0372269028	-0.0643164187	0.0694158161	0.0490835085	-0.1082486435	0.0496761611	0.010146657	-0.1024946283	-0.0230355362	0.0659813806	-0.0951693979	-0.0208131077	0.0382086897	-0.006595085	0.0642158439	-0.183293608	-0.1557944302	0.0268632792	-0.0559969343	-0.0204293546	0.0293387958	0.1012213058	0.0360082595	-0.073119714	-0.0033138611	0.0692149068	-0.1407716948	-0.0443084114	0.0042554826	-0.1144857747	-0.110168864	-0.021432993	0.0355061506	-0.0533949904	-0.0940479683	0.1299192934	0.0770229027	-0.0146173588	-0.1061313445	0.0248420783	0.011781496	0.1722753096	-0.1015902254	-0.0744560322	-0.0537997576	-0.0440538136	-0.1211737247	-0.0055459721	-0.0607865985	0.1255093657	0.1101271622	-0.0520620565	-0.0452473733	-0.036812588	0.108435299	-0.0776354755	0.0007787516	0.087436926	0.0251510524	-0.0664844898	0.0764931781	0.0098757883	-0.0276011517	-0.0317741064	0.0946244586	0.2369038001	0.0010607295	0.0117112449	-0.1006017949	0.0300091582	0.0122975309	0.0909966894	-0.0041431347	-0.0148245689	0.012968009	-0.1086375482	0.1375044896	0.0174388755	0.0446499135	0.1313366129	-0.0830170576	-0.0286368052	0.0616332502	0.0412010392	-0.0570330816	0.0106517112	-0.1851770912	-0.0330986784	0.0917500424	0.0107857421	-0.0033854295	0.1672824031	-0.0382391332	-0.1278123141	0.0681837933	0.0370764552	-0.1066463395	0.0129770043	-0.0175634343	-0.1085083944	-0.0851465488	-0.0308276749	0.0704280448	0.0760426934	-0.0039400644	0.03665332	-0.0791715753	-0.0707815413	0.0589858851	0.055615324	-0.0719123006	0.137195843	-0.1258898406	0.0282896745	0.012122779	0.1881223981	-0.0219796981	-0.0427594259	-0.042761038	0.1806206551	0.0220263324	0.1952237217	-0.1323569929	-0.0670709291	0.0270251135	0.0958092656	-0.0068043555	0.1034267134	0.0584040215	-0.0027108513	0.0	-0.00469673	-2.088000000000003e-05	2.20592726929e-05	4.3597440000000124e-10	0.0745360999999999	0.0168164999999998	0.0055556302032099	0.0002827946722499	-0.00047189	0.02314391	2.226801721e-07	0.0005356405700881	-0.000249753	-0.000108912	1.1861823744000004e-08	6.237656100900003e-08	0.000265341	7.5211e-05	5.656694520999999e-09	7.040584628099999e-08	-5.16161e-05	-0.0001675801	2.808308991601e-08	2.66422177921e-09	0.0	0.0	0.0	0.0	0.0	0.0	0.0	0.0	0.0	0.0
324.95068837387737	-0.2225607945973138	105592.94987465676	0.0495333072917877	363.5091904162206	-1.0506403498153531	1.1038451446601276	132138.9315170561	216.39509607122625	-0.3096846328384401	0.0959045718162795	46826.83760367524	215.4361588059263	423.6025896431512	1.178672	24.527342	0.0848201149999999	0.0673471	0.005171663	0.0325532158	0.0079387229	-0.1138846664	0.0411448514	-0.0283111645	-0.0066358427	0.12602229	-0.0341133633	0.0610906816	0.1562632716	-0.1349279104	-0.0245709874	0.0725503581	-0.0172966935	-0.0096748345	-0.0385804496	0.0155084917	0.009217892	-0.0702515891	-0.0039475007	-0.1227754658	-0.0758639441	0.1914265153	0.1083508347	0.0009617869	-0.1193915738	0.0707216625	0.1236891703	0.1061710728	0.103199115	0.0312190076	-0.0404662175	0.1161510053	0.0573940295	-0.0549865278	0.0306289372	-0.115901048	0.0123054848	-0.1141688634	-0.0833123705	-0.0049950954	0.0586635872	0.05012571	0.0405616753	-0.1483856035	-0.00838683	0.0570506431	0.0748029503	0.1019911514	-0.1300344206	0.112188655	-0.1392038941	0.1085259964	-0.0926041258	-0.1680748578	-0.1034679698	-0.0722461738	0.0476730422	-0.0482625497	-0.1426623197	0.1473952972	-0.0129676955	-0.0743852385	0.0187947326	0.0084744371	0.0386243579	-0.0169419619	-0.0074548501	0.0611002816	-0.0292581538	-0.1343131615	0.0078656858	0.1955579962	0.0219087136	0.0738955435	-0.1234018311	0.0791929491	0.1569258595	0.0715440822	-0.0466002601	-0.0312986439	0.0956626243	-0.0997346699	0.0465074204	-0.0840324689	0.0082282654	-0.1039425792	-0.0185115762	-0.1439339739	0.0622718187	-0.0022094591	-0.074962748	-0.1152815237	-0.0056233033	0.149355532	0.0334746769	0.0450603415	0.0067771241	-0.1544310612	-0.1003657161	-0.1603050873	-0.0089904591	-0.0285038674	-0.1485989027	0.1506166871	0.0535949864	0.0470739318	-0.020603501	-0.0366142547	0.1170971203	0.0336979027	0.131026786	0.0976464916	0.0009717714	-0.027310406	-0.0236179994	-0.0060984813	0.08977198	0.0179004431	0.1213189132	-0.2049869507	-0.0819104642	0.118922231	0.0963049688	0.0636308982	-0.0621109489	0.0007491024	-0.0027404435	-0.0511638211	0.1260149945	0.0011714709	0.0525675577	-0.1354571617	0.1020272243	0.0536099293	-0.0108295624	0.0	-0.00467585	2.088000000000003e-05	2.1863573222499995e-05	4.3597440000000124e-10	0.0703618	-0.0041742999999998	0.00495078289924	1.7424780489999122e-05	0.00407134	0.00454323	1.65758093956e-05	2.06409388329e-05	0.00102909	0.001278843	1.635439418649e-06	1.0590262281e-06	0.00019013	-7.5211e-05	5.656694520999999e-09	3.61494169e-08	0.000115964	0.0001675801	2.808308991601e-08	1.3447649296e-08	0.0	0.0	0.0	0.0	0.0	0.0	0.0	0.0	0.0	0.0
326.0068081249228	1.0561197510454576	106280.43894380024	1.1153889285483194	364.6038515469641	1.094661130743532	1.1982829911607078	132935.96856288065	216.608647907983	0.2135518367567499	0.0456043869821815	46919.306348524544	215.6424954476427	428.9527074422796	1.143092	23.786953	0.0823938499999999	0.0506255	-0.029030819	0.1187624219	-0.0688241306	-0.0334130514	-0.1220686496	0.1316872081	-0.0855802556	0.1148112633	0.044497106	-0.0182542653	0.2306116717	0.0071691878	0.0919536851	-0.0020662171	-0.0180720893	-0.0350309279	0.0569986926	0.1133580588	0.0239242686	-0.069057592	-0.1648868984	-0.0197080999	0.0222887584	0.1160736681	-0.0334235358	-0.0125971673	0.060869753	-0.1070083299	-0.1100583183	-0.0191331089	-0.0111832966	0.216243339	-0.073772223	-0.1906188358	0.0535242221	-0.0118497602	0.0051502834	0.1128532039	-0.0389515246	-0.0170013394	0.1202347879	0.0117565198	0.0415273759	-0.1272100669	0.0073470536	0.0684119859	0.168398223	-0.0828551809	0.1396793928	0.0168826879	-0.0794058271	-0.0546603808	0.0619318473	0.0579349363	0.0773905705	0.0955987508	0.033635035	0.1258552231	0.0080370323	-0.0151467182	-0.2286660558	0.0018881231	-0.0958022375	0.0245400207	-0.0010271312	0.0390216935	-0.0551808438	-0.1179258886	-0.0238572828	0.0422877769	-0.1614369424	-0.0424395646	-0.0996302348	0.058695512	-0.0536246306	0.0278353071	0.0131362625	-0.1010024679	-0.1081898779	0.0353792004	0.1236355472	-0.2107927355	0.0038952318	0.163403448	-0.0262984411	-0.0395563268	-0.0022133165	0.0821816415	0.0846594285	-0.011798018	-0.0997233003	0.0537597404	0.1306726728	0.0987473102	-0.0103005336	0.0430096743	-0.1539636128	-0.1224177894	0.1085097097	-0.1245125633	-0.0409966885	0.049244601	-0.0170617609	0.1143063529	0.0889849504	-0.0797139658	0.0346549149	-0.0909793151	0.0203515856	0.0650975583	0.1534238019	0.055874347	0.1274233462	0.0389259872	0.0957474844	0.1045885417	0.0030853797	-0.00480676	-0.0414059267	0.0736362883	-0.001217783	-0.1585218804	-0.0479645182	0.048833029	0.0094860593	-0.1258973797	-0.1093353407	0.037987427	0.0764882924	-0.0356195299	0.0939311568	0.0355763055	-0.1151860059	-0.0591366816	0.1005756196	0.0487063151	-0.0188985047	0.0	-0.00469331	-1.7460000000000392e-05	2.20271587561e-05	3.048516000000137e-10	0.102201	0.0318392	0.010445044401	0.0010137346566399	0.0118466	0.00777526	0.00014034193156	6.0454668067600014e-05	0.000408212	-0.000620878	3.854894908840001e-07	1.6663703694399997e-07	0.000293281	0.000103151	1.0640128801e-08	8.6013744961e-08	-1.52456e-05	-0.0001312096	1.7215959132160003e-08	2.3242831936e-10	0.0	0.0	0.0	0.0	0.0	0.0	0.0	0.0	0.0	0.0
327.1529940329086	1.146185907985796	107029.08150469634	1.3137421356652237	366.1677060854637	1.5638545384995837	2.445641017585746	134078.78897989052	217.13339352272783	0.5247456147448304	0.2753579601939299	47146.91058269578	216.1919347492639	444.674269520588	1.193924	24.844738	0.0273656104999999	0.0140707	-0.1027411431	0.0963085442	-0.1024915944	0.0749794378	0.012108293	0.1724578563	-0.0732014114	0.0656460008	-0.026524654	0.0391770852	0.0596287979	0.0502447952	0.0942601649	0.0905734412	-0.1201023538	-0.1495495811	0.0613567367	-0.0904351849	0.0112380141	0.015471903	0.0300538451	0.069624011	0.0393981835	0.0564891566	-0.0603675263	0.0950043341	-0.0876143853	0.0305325578	-0.1669209914	-0.091336705	0.0082765646	-0.0824812395	-0.1324420706	-0.0794167373	0.1813584883	0.0114745641	-0.0766239835	-0.0123367296	-0.049063613	0.1318584934	0.1617103906	-0.0678102492	-0.0258770644	0.0397483354	-0.0326820758	0.1304800101	-0.1063910026	0.2184011967	0.1209299132	-0.0718723546	0.0348172315	-0.0668590325	-0.0104167822	0.0714537365	-0.0551187399	-0.0777803091	0.1082154323	-0.0002957165	-0.0070965622	-0.0985819218	-0.0593821227	-0.054139814	-0.1394262784	-0.0725111115	0.0834177645	0.16010275	-0.057913662	0.0905896968	-0.0183942549	-0.0049995743	0.0413922493	0.0780379272	-0.0544140719	-0.01140305	-0.0575225221	0.0920826738	-0.1092061808	0.0047106113	-0.1814801314	-0.0756939834	0.0372447869	0.0715009025	0.0841533377	0.0813618144	-0.1224750516	-0.1595289953	0.0559338743	-0.0232141229	-0.0093865844	0.1525629659	-0.1575153992	-0.0234061261	0.0714165989	-0.0129114922	0.002130915	-0.1677530108	0.0294869312	0.2122413011	0.0971912655	-0.0217761113	-0.0666345274	0.0110971111	0.0927684717	0.0584311572	-0.079626	0.0448849428	-0.0962271263	0.0102667184	-0.0143436352	0.1183114684	0.1349820399	0.0847691842	0.1157557797	-0.1175104865	0.0065409873	0.120571971	-0.0130225875	-0.0336180044	0.0096539613	-0.0991789986	-0.0728586001	-0.111054318	-0.0582746472	0.0982032893	0.0213989395	-0.0605809099	-0.0454506717	0.0355350503	0.0764183419	-0.0014380088	0.0029177104	-0.0199323676	-0.0925191682	-0.0087942056	0.0990726408	0.0437031967	-0.0268805962	0.0	-0.0146939	-0.01000059	0.0002159106972099	0.0001000118003481	0.0966502	-0.0055507999999999	0.00934126116004	3.081138063999994e-05	0.0040293	-0.0078173	1.6235258490000004e-05	6.111017928999999e-05	0.000396457	-1.1754999999999958e-05	1.38180024999999e-10	1.5717815284900002e-07	0.000244018	-4.926299999999999e-05	2.426843168999999e-09	5.9544784324e-08	3.67481e-06	1.892041e-05	3.579819145681e-10	1.35042285361e-11	0.0	0.0	0.0	0.0	0.0	0.0	0.0	0.0	0.0	0.0
326.72460868831206	-0.4283853445965633	106748.96992253064	0.1835140034651163	366.6787772600068	0.5110711745431331	0.2611937454488976	134453.3256928937	217.52092829152545	0.3875347687976216	0.150183197027026	47315.35424480696	216.57628012078249	447.8469655282106	1.139723	23.716843	0.0761650595	0.0367733	-0.1099275483	0.055372389	-0.0578670186	-0.0156212202	0.1648806368	0.0144731502	0.0207209911	0.1270454901	-0.1056294283	0.0500875421	-0.0813043025	0.0096719964	-0.062916746	0.1130000731	-0.1607123238	-0.0147091656	0.2217984137	-0.0777614885	-0.0379181241	-0.0186924267	-0.1380945814	-0.0112387983	-0.0498654605	-0.0715491962	-0.0060924466	-0.0119839557	-0.1457456131	-0.0695510348	-0.0002524137	-0.0403889999	0.1235964155	-0.0229244222	0.0900899102	-0.0753687228	0.0106197753	0.0311425808	0.1414424544	-0.0379800945	0.0761093213	0.1737220519	-0.1527787897	-0.0125528173	-0.2106014318	-0.0131542907	0.0621460277	0.0099979002	-0.0550601512	-0.1497634288	-0.0049584892	-0.0672605142	-0.0643749535	0.0002691005	-0.107199629	-0.0589488208	-0.1568711592	-0.0858211749	-0.0783915084	-0.0287666279	0.0429643097	0.0984190943	0.0813756349	-0.0116487853	0.0118256021	-0.1314500764	0.1427432829	0.031080943	-0.2206461659	0.0488710241	0.0290678859	0.0172312193	-0.1441318122	0.027668521	0.1164939225	-0.0524276691	0.0183766037	-0.0077762938	-0.1132014772	-0.0761516352	0.0051934192	-0.040059494	-0.1501846483	-0.0785597355	0.0139777874	0.0805929123	-0.087109983	0.0205345733	-0.1482150598	-0.0285920849	-0.0808782236	0.1261752751	0.1176144288	-0.0695419798	-0.2024527987	0.1311916484	0.0337045036	-0.0233272462	0.0562799081	-0.1272153529	-0.049164172	-0.0097241089	-0.0998651738	-0.008016933	0.0636400031	-0.1213784023	-0.1462404334	-0.0100845273	-0.0122889304	-0.015248037	0.0198517607	-0.1578165548	0.0937960395	0.0843293762	0.1182747432	0.0128151392	-0.0640744224	-0.0173351887	-0.0543518113	-0.0109433378	0.134367864	-0.1309651352	0.0052881621	-0.1346039742	-0.0071767312	0.0833947913	-0.0642854001	-0.1032550331	0.190842634	-0.0863390948	0.057099796	-0.0073758753	-0.1366701119	0.1228496327	-0.0088325248	0.0365182703	0.0975190556	0.0386107952	-0.034739154	0.0	-0.0046768	0.0100171	2.187245824e-05	0.0001003422924099	0.067591	-0.0290592	0.004568543281	0.00084443710464	0.0114171	0.0073877999999999	0.0001303501724099	5.457958883999999e-05	0.000126456	-0.000270001	7.290054000100001e-08	1.5991119936e-08	0.000455747	0.000211729	4.4829169441e-08	2.07705328009e-07	0.000115964	0.00011228919	1.2608862190856102e-08	1.3447649296e-08	0.0	0.0	0.0	0.0	0.0	0.0	0.0	0.0	0.0	0.0
325.9418854689956	-0.7827232193164377	106238.11270308384	0.6126556380570883	364.45078016539753	-2.227997094609293	4.963971053587451	132824.3711631669	217.3847623048005	-0.1361659867249613	0.0185411759407823	47256.13488231461	216.4047370234288	436.8327098395978	1.171679	24.381836	0.05119414	0.0339337	-0.0577672971	0.0560375978	-0.0404554073	-0.1045241187	0.0360990348	-0.0292095208	-0.033180523	0.1189399269	0.0265320325	-0.0619174841	-0.0442290779	-0.0069123767	-0.1126255864	0.0075154938	-0.0386130866	-0.0356269179	0.2121768669	0.0472899634	-0.041154196	-0.0147443884	-0.0455106067	0.0058932062	0.0597583742	0.0554230762	-0.045384833	-0.0877699067	-0.062410825	-0.0159011748	0.180324548	-0.0177649484	0.1515820817	-0.178221946	-0.1276694962	0.0378945836	0.0366292995	0.1155338232	0.0864407157	-0.0387095526	0.1034806834	-0.0686015886	0.0518659558	-0.0361737402	0.1891021612	0.0178502267	-0.0270886521	-0.0265542906	-0.0713002516	0.0852926998	0.0568264691	0.0413846943	0.0909189124	-0.0398837894	-0.1283596845	-0.1506500332	0.0016630978	0.1276453595	-0.0333558109	-0.2276602429	0.0541261825	0.0444672312	0.0402693663	0.0063534969	0.1026419594	-0.0429056875	0.0568712101	0.0407383541	-0.1982838404	-0.0599283019	0.0470344332	-0.0021174511	-0.0457940072	-0.0358087393	-0.0801541187	-0.0108285637	-0.0595769738	-0.0736432086	-0.0724351085	-0.013475247	0.186085856	-0.0634973027	-0.1072129656	0.1177351411	0.2205071391	-0.0252755422	-0.1064321535	0.0041988691	-0.0672297492	-0.0512362471	-0.0911236621	-0.0817441589	-0.0335644406	0.0645883773	0.1513995174	-0.1241350677	-0.0224899341	0.0009604877	0.0782323296	0.0635786788	0.0924526228	0.0229144381	0.0675349196	-0.085552824	0.084822314	-0.1369994805	0.0076648994	-0.1255595397	0.0766452942	0.2242364178	0.0460949811	0.0160499948	0.0794444425	0.0629547446	0.1327665809	0.0604167907	0.0435445102	0.0248943761	-0.0114935545	0.0331481646	0.0815482863	0.0572519321	0.0709622365	-0.1884581629	-0.0473995085	0.1148043434	0.0645721376	0.0113886829	0.0244500128	0.0124840853	-0.0580249907	0.0158046982	-0.0083900557	0.0551113759	-0.0860926148	0.024083616	0.0959156576	0.033439514	-0.0424380632	0.0	-0.00157359	0.00310321	2.4761854881e-06	9.629912304100002e-06	0.0675057	-8.529999999999649e-05	0.00455701953249	7.276089999999401e-09	0.00405032	-0.00736678	1.6405092102399996e-05	5.42694475684e-05	0.000673616	0.00054716	2.9938406560000013e-07	4.537585154560001e-07	0.00019013	-0.000265617	7.0552390689e-08	3.61494169e-08	0.000115964	0.0	0.0	1.3447649296e-08	0.0	0.0	0.0	0.0	0.0	0.0	0.0	0.0	0.0	0.0
326.4703925119625	0.5285070429668508	106582.91718691484	0.2793196944655647	365.9619807250274	1.511200559629856	2.28372713142559	133928.1713361853	217.1650798512601	-0.2196824535404005	0.0482603803935302	47160.67190680417	216.1836493203416	436.6822542924761	1.097311	22.834284	0.070454785	0.035873	-0.0637442606	0.0608566967	-0.0824691255	-0.0142445961	-0.0574754152	0.1192768828	-0.0649188511	-0.0406543018	0.0542535661	-0.0553153853	0.0316051873	0.0766019985	0.0095747445	-0.044412228	0.0341779276	-0.1140336101	0.1141803694	0.0671173501	-0.1080449427	0.0306670771	-0.0889681168	-0.0007194143	0.1771367277	-0.0978358773	-0.1772981299	-0.0750139515	0.0736770319	0.0053649264	-0.027199917	0.0701509738	-0.1279277034	0.1595563649	-0.038275431	0.0604654331	-0.1071403516	0.1205023871	0.0589322829	0.1008448892	-0.1142066797	-0.0867331503	0.0424883664	-0.0242895554	-0.1293820143	0.2461427727	-0.0229660288	-0.1657520427	0.0355319211	-0.0506859886	-0.0416151931	0.1322215165	0.0178067282	0.041623462	0.0323723677	0.0081989723	-0.0700891257	-0.0250049771	-0.016970943	-0.0961032572	-0.0916821112	0.1476928579	-0.0426280749	-0.078235891	0.0238587111	0.0518217049	-0.0396639802	0.1234062251	-0.1037894267	-0.0742586777	0.088788482	-0.0385084745	-0.0858380981	-0.0216215478	-0.0850169876	-0.2365682809	-0.0923078972	-0.1152400445	0.0216664321	0.0168204307	-0.0236092644	0.0915267987	0.2029120693	-0.0716281812	-0.021298759	-0.0756585177	-0.0585023706	0.1701196442	0.003855267	0.1011752562	0.1510434759	-0.0776402059	-0.06747509	-0.0714547345	-0.2260709447	-0.1388076543	-0.0417131089	0.0648751189	-0.0161069045	-0.0419971638	-0.0097938607	0.0032118036	0.1531274558	-0.0337738935	-0.040738309	0.0014127177	-0.0780426461	0.042363314	0.0051173836	0.0832032759	-0.0784783678	-0.1319336527	0.0832304772	0.0566237473	0.120799914	-0.046980344	0.0785442432	0.1057492152	0.0246462373	-0.0258469706	-0.0322815381	0.036752628	-0.021454524	-0.151135381	-0.0619337926	0.0366037969	-0.013047299	-0.1538200293	0.0162429162	0.0641725464	0.000118134	0.0779506197	-0.0525942231	0.0490403423	-0.1031533785	0.0213265909	0.0942632658	0.0281999178	-0.0499419421	0.0	0.00794559	0.00951918	6.31324004481e-05	9.06147878724e-05	0.0762478	0.0087421	0.00581372700484	7.642431241000005e-05	0.0225025	0.01845218	0.00050636250625	0.0003404829467524	0.000252475	-0.000421141	1.7735974188100006e-07	6.3743625625e-08	0.000295106	0.000104976	1.1019960576e-08	8.7087551236e-08	-3.27455e-05	-0.0001487095	2.211451539025e-08	1.07226777025e-09	0.0	0.0	0.0	0.0	0.0	0.0	0.0	0.0	0.0	0.0
326.16992799497376	-0.3004645169887112	106386.82192824635	0.0902789259692595	365.5252675727263	-0.4367131523010812	0.1907183773927473	133608.72123411315	216.913919573086	-0.2511602781740976	0.06308148533249	47051.64850455922	215.95082153265147	441.7505386313523	1.133802	23.593639	0.07082592	0.0461705	-0.0851479472	0.0029392295	-0.0736453888	0.071755545	0.0365665742	0.0780136478	0.0343343123	-0.0395467013	-0.0776515844	0.0114566541	0.0523667978	0.0331483162	0.1349169424	-0.0641868942	-0.0374768911	-0.0060888017	0.0674392324	-0.0751045481	-0.07563713	0.0629661478	0.0559415963	-0.0313927691	-0.1379197176	-0.0841121859	0.0333668843	-0.108060609	-0.0642079902	-0.0106221366	0.0786279778	-0.0160285609	-0.1318837827	0.0580161403	-0.0315848997	0.068312551	-0.0980185311	-0.0135420897	0.1266898893	0.0146237104	0.234723086	-0.0400017678	-0.0937198954	-0.0432325418	-0.0156142469	0.0051415218	-0.0634622145	-0.1575487377	0.0090508608	0.0543622716	0.0431956667	0.2216668214	0.0054992235	-0.0445248274	0.2064608264	0.0687329088	0.0881138138	0.1002773396	0.0239873921	0.0893177474	0.0513188181	0.0901160299	-0.050436621	-0.0378720975	-0.1183908536	0.0982078933	0.0159006248	0.0114552116	-0.0690999959	0.0720013682	0.0550774623	-0.0582404671	0.0150193641	-0.0224504915	0.1895385914	0.0438013442	-0.0006637576	-0.1181807546	-0.0256202119	-0.017163672	0.1080700763	-0.0173640307	0.14713989	0.0009228453	-0.0270726579	-0.0407139959	0.0439464229	0.079495218	-0.1461206921	0.0682531476	-0.2073273268	-0.0953958048	0.0801774071	-0.0528050548	-0.0536253164	-0.012788239	-0.0689304473	0.1327509646	0.0377761256	0.0623424777	0.0522212415	-0.1148869979	0.2259161734	0.0568501464	-0.0857234848	0.1867466912	0.1271651705	-0.0441442089	-0.0378080752	-0.0449844251	0.0621082942	-0.1028182531	0.0463826164	0.072065803	0.133095982	-0.1056906012	0.0034250541	0.0499785398	-0.0442504987	-0.1084285201	-0.0715356133	-0.1018910354	0.0288019908	-0.0681196382	-0.108261805	0.0225046192	0.0992674591	-0.0919852749	0.2021813274	-0.0287120421	-0.0561729341	-0.0704386351	0.0811436481	0.0300751735	-0.064488882	0.0332085578	0.0925627242	0.0229027108	-0.0572163058	0.0	0.00929783	0.0013522399999999	8.64496427089e-05	1.8285530175999984e-06	0.0626168	-0.013631	0.00392086364224	0.000185804161	0.00729674	-0.01520576	5.32424146276e-05	0.0002312151371776	0.000947331	0.000694856	4.82824860736e-07	8.974360235610001e-07	0.000253321	-4.178500000000002e-05	1.7459862250000016e-09	6.4171529041e-08	4.33519e-05	7.60974e-05	5.79081428676e-09	1.87938723361e-09	0.0	0.0	0.0	0.0	0.0	0.0	0.0	0.0	0.0	0.0
324.78800136003514	-1.3819266349386226	105487.24582744618	1.909721224352785	363.8824549610332	-1.6428126116931026	2.6988332771379127	132410.44102846837	216.7346786508768	-0.1792409222092033	0.0321273081944056	46973.92092989883	215.80605945509208	427.9237330626023	1.190548	24.774473	0.0610937799999999	0.0355922	-0.0176685097	0.0304489682	-0.0013673219	0.0941066674	0.0243140288	-0.0021715774	0.0815227816	0.1227245367	-0.0972476787	0.030494423	0.0432058984	-0.0234757549	0.1618676424	-0.0181519031	-0.0769767172	0.1196490689	0.1151217603	-0.0452688127	0.0633282071	-0.0089505155	-0.1549773716	0.1157932353	-0.0205753765	0.0566350181	-0.0659496055	-0.135248524	-0.011829599	0.0927537501	-0.0366519551	0.1485524085	0.0135008141	-0.1689413612	-0.0239749741	-0.0147629258	-0.1177405463	-0.072324103	0.0709973057	0.0284847447	-0.0461678513	0.0811528685	-0.027084397	0.0334480802	0.0852588315	-0.2035751064	0.1264191337	0.0074335777	0.0532943682	-0.1204508794	-0.0407174765	0.0420651325	0.0979124352	-0.0621596861	0.0518728236	0.0971165516	-0.0232083854	0.1026435899	-0.1041022576	0.0402858858	0.0364565907	0.0595568005	-0.0292520653	0.0199834736	-0.1702651757	0.052314978	0.0432091957	-0.1131378966	-0.1249417926	0.034411456	-0.0708815207	-0.0137395827	-0.1586621251	0.0623566194	-0.0637894843	0.0556569399	-0.0840191496	-0.1454346023	-0.0407306847	0.0716084528	-0.028464555	0.1072869096	-0.093619144	0.1716724979	0.0654286165	0.0665829772	0.1040609245	0.063405867	-0.0809944777	-0.0298287663	0.0661086276	0.0754109089	0.0747804106	0.0240290147	0.1183988272	0.1270297641	0.0806713605	0.1289966326	-0.0178242044	-0.1207543626	-0.0596294615	0.0437369226	0.0672214932	-0.0043372191	0.0732444698	0.1393938477	0.0143325344	-0.0518966407	0.0886999306	-0.0388773444	0.0419489238	-0.0136059443	0.0402524097	0.0564168665	0.1137859166	0.0795354363	0.0353337241	-0.000311927	-0.1163428427	-0.0692374099	-0.0153936234	-0.1257299301	0.0095888353	-0.1245901324	-0.11271342	0.0094745699	0.1691927117	0.0763593779	-0.03859039	-0.0270209458	-0.1037819538	0.0134570675	0.0101658093	-0.0574907231	0.0089966346	0.0486833913	0.0908149015	0.0175587148	-0.0642277237	0.0	0.0113604	0.0020625699999999	0.00012905868816	4.254195004899999e-06	0.047019	-0.0155978	0.002210786361	0.00024329136484	-0.00471075	-0.01200749	2.21911655625e-05	0.0001441798161001	0.00142027	0.0004729389999999	2.236712977209999e-07	2.0171668729e-06	0.000136458	-0.0001168629999999	1.3656960768999996e-08	1.8620785764e-08	4.6355e-06	-3.87164e-05	1.49895962896e-09	2.148786025e-11	0.0	0.0	0.0	0.0	0.0	0.0	0.0	0.0	0.0	0.0
324.691494609309	-0.096506750726121	105424.56667162696	0.0093135529357136	363.5603213344879	-0.3221336265452805	0.1037700733512142	132176.1072488361	216.37083769636288	-0.3638409545139041	0.1323802401815888	46816.33940542581	215.4505387515776	421.22924335875217	1.09404	22.766205	0.043059845	0.0252674	0.0174552668	0.0700983435	0.0218482592	0.0611830646	0.0992085928	0.0029582057	-0.0504599962	0.0851700577	0.0750389756	-0.0660961964	0.0798913597	-0.1174968531	0.1030187403	0.0289053303	-0.0987389393	0.0777432526	-0.0984951603	0.1451534861	0.0527423442	0.0551986348	-0.1027034855	-0.0029023875	-0.0079423645	-0.1434516367	-0.0401276557	-0.0247914792	0.0582677146	0.0068169678	-0.0666034643	0.1570800607	-0.1684466094	-0.1693051568	-0.1154953346	-0.0917151262	0.0621863055	0.1111992563	-0.0117389849	0.0919291569	0.0819716528	-0.032957259	-0.1079826948	0.0563873802	-0.0066981693	0.0118154032	-0.0012591383	-0.0132639063	-0.0152262516	-0.0839578837	0.0971933894	-0.0031610541	0.0797619263	0.1950059432	-0.1324436938	0.2008305826	-0.1024093404	0.0677937796	0.0344583309	0.0815186257	-0.0256736228	0.1555897509	-0.0594602144	0.1172632969	-0.1373443586	-0.0009794273	0.0737106073	-0.0791186179	0.101936642	-0.1560843316	-0.0500740565	-0.0598713161	-0.0964965114	0.0093255174	0.0521559005	-0.109833146	0.0182365464	-0.048717175	0.0595496862	-0.0220262664	-0.0572354171	0.1361943527	0.0928562984	0.2342886414	0.0321776723	0.1222660146	-0.1190791883	0.0226937445	0.0740864494	0.0871355124	-0.0453977358	-0.0603849162	0.1388346749	0.0530898256	-0.0171065513	0.037040891	-0.003382648	-0.0131422467	0.0161253388	-0.1000972213	0.0766275324	0.0430916217	-0.0695111884	-0.2492647002	-0.0638445844	0.1502448849	-0.1140049173	-0.0525496011	-0.0786094263	-0.0814523505	-0.0459780333	-0.1299539909	0.0396004851	0.0357879582	0.0710704849	0.123049562	0.0389777384	0.036295242	0.0298509191	0.0991657111	0.0565810683	-0.0715067626	-0.0598313307	-0.0585366569	-0.1116276816	0.0607664173	0.0958579466	-0.0658013618	0.040316071	0.0639702247	-0.0282183984	0.1300006608	-0.1262926238	-0.0591249812	0.1229972089	-0.0565848327	0.0890206905	0.0121788474	-0.070943974	0.0	0.0110069	-0.0003534999999999	0.00012115184761	1.2496224999999977e-07	0.0683663	0.0213473	0.00467395097569	0.00045570721729	-0.014493	-0.00978225	0.000210047049	9.56924150625e-05	0.00125701	-0.0001632599999999	2.6653827599999976e-08	1.5800741401e-06	0.00019013	5.3672e-05	2.8806835839999996e-09	3.61494169e-08	-9.9684e-06	-1.46039e-05	2.1327389521e-10	9.936899856e-11	0.0	0.0	0.0	0.0	0.0	0.0	0.0	0.0	0.0	0.0
324.88066713916953	0.1891725298605138	105547.44788079186	0.0357862460538269	364.2273616744589	0.6670403399709812	0.4449428151486022	132661.5709923371	216.39774519334503	0.0269074969821474	0.0007240133938442	46827.98412476388	215.4383333164804	424.0475009685891	1.159563	24.1297	0.06377202	0.0373571	0.0034202964	0.0559052578	0.0004257683	-0.1292062413	0.0689197001	0.0916022461	-0.0483031585	-0.0753890811	-0.0485100436	0.0119125903	0.1103584558	-0.1182368154	-0.0319628912	0.0831158449	-0.0639828257	-0.1067261911	-0.0724835766	-0.0186521165	-0.0084783161	0.1191883405	0.0647044782	0.0212635504	-0.135029593	-0.0720669592	0.012257745	-0.0487582257	-0.031026419	-0.1237353445	0.0043080895	0.0617049025	-0.017121529	0.1924150367	-0.0922815263	0.0152210834	-0.0131181778	0.0243993399	-0.0899477701	-0.0320866452	-0.0685825861	0.1390066563	-0.0501126364	0.0305214352	0.0642000808	-0.0870945696	-0.0058562942	0.0642970185	0.0491509386	0.155197656	0.0654659706	-0.0324930559	0.0617247208	0.1128211757	0.0205968779	-0.0417723272	-0.0423663283	0.0228233746	0.0041551959	-0.0520173784	0.0899665134	-0.1434747949	-0.0988664171	0.1258320612	-0.0162168988	-0.0933195733	0.0583482002	0.0983852458	0.0867023524	0.0286711089	0.0078819293	-0.1135181359	0.050869513	0.0324222189	0.1556731924	0.0312441785	-0.0054464454	-0.0612861614	-0.0101417399	-0.11654654	0.046311198	0.079333995	0.1276225632	-0.1390648844	0.0444568875	-0.0210208068	0.0538475181	-0.0075012693	0.0887785443	-0.0616241495	0.0088684976	0.1570723908	0.0819578894	0.0694205964	0.1050989119	0.0409212236	0.0160348156	-0.0252535094	-0.0720427761	0.1371962889	0.0832185118	0.037506677	-0.0137783076	-0.0349142752	-0.0617389837	-0.0212354351	-0.1069882172	0.0068075448	0.0439931614	0.0544139272	0.0748463108	0.096384628	0.104136904	0.0255928986	0.0457563261	-0.0832571024	-0.0669667658	0.0447354844	0.1079107142	0.0352407128	0.0266527524	0.0100952437	0.0896811601	-0.0447326286	-0.1933272543	0.0731328515	0.0081938434	-0.0005830754	0.0586888771	-0.0148015108	-0.0012592174	0.058124078	0.087873147	-0.0144944378	0.0228761155	0.0447999341	0.0871810076	0.0067740994	-0.0773341911	0.0	0.0192885	0.0082816	0.00037204623225	6.858489856e-05	0.0966266	0.0282603	0.00933669982756	0.00079864455609	0.0078645999999999	0.0223575999999999	6.185193315999844e-05	0.0004998622777599	0.00122546	-3.154999999999998e-05	9.954024999999986e-10	1.5017522116000002e-06	0.00019013	0.0	0.0	3.61494169e-08	-7.58688e-05	-6.59004e-05	4.34286272016e-09	5.75607481344e-09	0.0	0.0	0.0	0.0	0.0	0.0	0.0	0.0	0.0	0.0
325.40084548009423	0.5201783409247014	105885.71023916017	0.2705855063671749	364.4964618290308	0.2691001545719018	0.0724148931906214	132857.6706858821	217.03561861761685	0.6378734242718167	0.406882505392253	47104.45974873164	216.0490882211569	428.4276711673639	1.192822	24.821791	0.09258823	0.0563173	-0.016244681	0.0529218222	-0.0514074622	-0.0486926594	-0.1010192487	-0.0447234452	0.0476610348	0.102585896	-0.1319480076	-0.1141050862	0.041138487	0.0434082339	-0.0943868004	0.0104535647	0.0646161582	-0.015300256	0.0632082196	-0.0138331692	0.2238259991	0.0285185573	-0.0222967801	0.0212749927	0.0494696591	-0.08908882	0.0623845091	0.1422453378	-0.0125928117	0.0340037159	-0.0068207189	-0.0242609702	-0.0357262714	0.060093737	-0.0189640331	-0.0428921976	-0.0667804716	0.0171691805	-0.0686122817	0.0302828454	0.1584628891	0.0610273115	0.0119344179	-0.1620944567	0.0291231282	0.0108489607	-0.0039744287	0.1960001903	0.05823015	-0.0288559952	-0.070091484	-0.0415115802	-0.1442697811	0.0192447807	-0.0385020896	0.0149596662	0.047163745	0.165130824	0.0677207258	0.0698970488	0.0295731565	0.0337028911	-0.0493270361	-0.0340801369	0.1041782492	-0.033806659	-0.0464696507	0.0103239269	-0.0632546462	-0.0004078221	-0.2165492426	-0.025450095	-0.0064003674	0.0565369684	0.0183343467	-0.0732735416	0.1103034197	0.1027907452	0.0048482207	0.0430637301	-0.0161609838	-0.0237939423	0.0658945013	-0.0375909995	-0.0101399324	0.0604252106	0.0294426632	0.0538143258	0.0203188154	0.0668844069	-0.169896172	0.083307009	-0.0254904385	-0.0908961575	0.1022307194	-0.0341397335	0.0711909767	-0.1394038767	-0.0939538567	-0.0579610618	-0.1139260375	-0.0841129591	-0.1031145568	-0.014229913	-0.076079163	0.0150005545	0.1052484317	-0.1795520798	-0.0166124637	-0.0636597954	0.0235485769	-0.0460528734	0.0671739277	0.0926347702	0.0211334872	0.091733632	-0.0585225404	-0.0868529293	-0.0310290862	-0.0900772605	-0.0702046017	0.0665073277	0.061729665	0.0249638201	-0.2047261969	-0.0362308554	-0.0299283235	-0.0117537152	-0.0187408713	-0.0639732658	-0.0568887252	0.0997378301	-0.0723861987	-0.0108636186	0.1171080415	0.1068021884	0.0852967926	0.0013555122	-0.0833690079	0.0	0.018051	-0.0012374999999999	0.000325838601	1.5314062499999975e-06	0.0692395	-0.0273871	0.0047941083602499	0.00075005324641	-0.00428314	-0.0121477399999999	1.83452882596e-05	0.0001475675871075	0.00200823	0.00078277	6.127288729000002e-07	4.032987732900001e-06	0.000128415	-6.1715e-05	3.808741225e-09	1.6490412225e-08	0.000115964	0.0001918328	3.6799823155840005e-08	1.3447649296e-08	0.0	0.0	0.0	0.0	0.0	0.0	0.0	0.0	0.0	0.0
325.38506383101407	-0.0157816490801678	105875.4397643131	0.0002490604476895	364.9414634854684	0.4450016564375687	0.1980264742321799	133182.27177091545	217.2649480824574	0.2293294648405606	0.0525920034440579	47204.057665272914	216.29586571456875	428.10947179506127	1.095451	22.795567	0.035954905	0.0275757	-0.0186369752	0.0386956761	-0.0522054004	0.063303275	-0.0355905808	0.065881127	-0.0372853113	0.0354816624	-0.0060622761	-0.172979596	-0.0458859866	0.1035890308	0.0200906948	-0.0599725765	-0.0166250066	-0.0929512466	0.1014798944	0.0962343264	0.0260076444	-0.0085613922	-0.0219314958	0.0615791693	-0.1134678685	-0.098307762	-0.0193126074	-0.0584471718	0.2101623527	0.0069391062	-0.0135207563	-0.1948896308	0.0126826155	0.0451151576	0.0244919067	0.0434386127	-0.1559802601	0.0344908516	0.0306237455	-0.1420141608	-0.0295846518	-0.0069743501	0.0562611245	-0.1646120969	-0.169325743	-0.0535410156	-0.023332091	0.203956438	-0.0231513887	-0.0413706863	0.0153754694	0.1379611625	0.1270506786	-0.0414988822	-0.0211463652	0.0519320639	-0.0741155513	-0.1779695305	0.0579940062	-0.1163022484	-0.0503687489	-0.0189797543	0.0362822074	-0.1073899907	0.0102470436	0.0576175696	0.0013031618	0.1064996154	-0.0894585929	-0.1122638982	-0.0192056117	-0.0114961595	-0.0330361779	0.0747949858	0.0797342755	0.0038648302	-0.0325799134	-0.094322085	0.2416873341	-0.0080775819	-0.0538164754	-0.1815548381	0.0185362631	-0.0637078265	-0.0057200571	-0.0592610664	0.0491300059	0.1390031902	-0.0490605198	-0.1360130173	-0.0373974619	0.0385697592	-0.0908890171	-0.1821728495	-0.0091255911	0.1084363464	0.0442053601	-0.1754287425	-0.0581080412	-0.0457519073	-0.0096375357	-0.0790472034	0.1049665934	-0.0680701293	0.1330964733	-0.002781424	-0.0978207336	0.1774834782	-0.106947833	0.1040975638	-0.0683164097	-0.0284640545	0.0790838119	0.0821098708	0.0249959634	0.0947834527	0.0968911317	0.0382970502	-0.0130498115	0.0531955884	-0.1316123914	0.0415544991	-0.0052332922	0.0312299602	-0.1398969295	-0.0506246342	0.0064734395	-0.0835872077	0.0102166372	-0.0459151447	-0.0523415355	-0.0233503385	-0.0139244749	0.0286315116	-0.0057666701	0.0259170765	0.0833690079	-0.0040658442	-0.0890206905	0.0	0.0180444	-6.600000000002437e-06	0.0003256003713599	4.3560000000032166e-11	0.0960221	0.0267826	0.00922024368841	0.00071730766276	-0.00428369	-5.499999999993357e-07	1.83500000161e-05	3.024999999992693e-13	0.00197566	-3.2569999999999995e-05	1.0608048999999996e-09	3.903232435600001e-06	0.00019013	6.1715e-05	3.808741225e-09	3.61494169e-08	2.69459e-05	-8.90181e-05	7.92422212761e-09	7.260815268099998e-10	0.0	0.0	0.0	0.0	0.0	0.0	0.0	0.0	0.0	0.0
324.90771563070206	-0.477348200312008	105565.02367636116	0.2278613043411129	363.83540476551934	-1.1060587199490328	1.223365891975293	132376.2017608893	217.24719002115924	-0.0177580612981671	0.0003153487410694	47196.34157208968	216.3492644806772	425.6189034886274	1.097389	22.835909	0.056831085	0.033178	-0.0018243827	-0.0149081681	-0.0067479324	0.0494049273	0.0623947209	0.1378430245	0.047362694	-0.0815440103	-0.0577011431	-0.0860136366	-0.1044400703	0.0351702383	0.0822202696	0.0552967406	-0.0561253168	-0.1428734322	0.0966721103	-0.0133175792	0.0425630829	-0.0242432703	0.0271254953	0.0185338076	0.106201372	-0.0619893107	-0.1285294479	0.104264932	-0.0177409863	-0.0747552634	0.0792514981	0.1571200545	-0.0810533904	0.0477773074	0.0207894779	0.0925026886	-0.1200261149	-0.0346696795	0.0720322381	0.0548319956	0.0366711184	0.1111924575	0.0351353706	0.0923758822	0.1354195154	-0.0285889993	0.0640514359	0.0742884802	-0.0877852513	0.1071608981	0.0171509657	-0.0384549668	0.0034968405	0.0806681548	0.0152329341	0.2352438704	0.159322572	0.1183753523	0.0543555411	0.0824859843	-0.0351385562	0.0030847461	0.106942892	-0.0462810388	-0.0962722695	-0.0425398816	0.0274957615	0.1486134598	-0.0882577645	0.002821581	-0.0516494629	0.0221603075	0.0261985984	0.0063299772	-0.0579469851	-0.1550152831	-0.0674412481	0.0500998605	-0.0177060527	-0.0318120051	0.1143493338	0.160953306	0.08363383	0.0293208033	-0.0512098076	-0.0598999239	0.0984652163	0.0671741426	-0.1057062253	0.0174095516	0.0139764166	0.1147184042	0.0063665471	0.13584666	0.1179291803	-0.0169765224	0.1101797056	-0.0599367467	0.0715175691	0.0960024842	-0.0184668261	0.0128265201	-0.08345783	-0.0879409901	-0.0955688055	0.2570819698	0.1562071908	-0.0491983187	-0.0444756754	-0.0437369122	-0.034456202	-0.004426587	0.1184643927	0.0407413436	-0.0090842987	-0.0515036238	0.0023602434	0.0140774587	0.0301962101	0.0468971998	-0.104812616	-0.1204461871	-0.0269925322	0.0695819065	-0.1796089555	-0.0327374713	0.0171949678	0.0637702213	-0.1373415045	0.017107349	-0.0357176812	0.0812322018	-0.0189329241	-0.0365317348	0.0124186792	0.163586128	0.0813986382	-0.0094788943	-0.0942632658	0.0	0.018026	-1.839999999999828e-05	0.000324936676	3.385599999999367e-10	0.120926	0.0249039	0.014623097476	0.00062020423521	0.014466	0.01874969	0.0002092651559999	0.0003515508750961	0.00189018	-8.548000000000019e-05	7.306830400000032e-09	3.5727804324e-06	0.000119078	-7.1052e-05	5.048386704e-09	1.4179570084e-08	-7.970399999999998e-05	-0.0001066498999999	1.1374201170009996e-08	6.352727615999997e-09	0.0	0.0	0.0	0.0	0.0	0.0	0.0	0.0	0.0	0.0
323.8872225444934	-1.02049308620866	104902.9329275862	1.0414061389996754	363.9595133502027	0.1241085846833698	0.0154029407921091	132466.52735811638	216.6963377108519	-0.5508523103073344	0.3034382677709278	46957.302777295576	215.76724292691569	417.768545370665	1.08117	22.4984	0.06251339	0.0303897	0.0400300283	-0.0631037101	0.0444971382	0.0278607385	0.1086404604	-0.0034182133	0.0681809124	0.0196443358	-0.0876224416	-0.0051813042	-0.0985781614	-0.098183321	0.067143978	0.0292456536	-0.0588172837	0.1012745248	0.0569458135	0.0993176798	0.1112355636	-0.1154770655	0.0399563771	0.0819856561	0.078171417	-0.1247895438	0.0816142993	-0.0256814929	0.0144189029	-0.0287494249	-0.1513806128	0.0269234244	-0.020948919	0.0323339241	-0.0775416655	0.0965684929	0.0263422381	0.1102105092	-0.2240435521	-0.1763941979	0.0331024715	-0.0334601919	0.0076724117	0.1157205373	-0.0323274012	-0.0591195119	-0.2155302843	0.0389267774	-0.1464616641	0.1391500001	-0.0153548391	0.0858591244	-0.0685269919	0.0602719329	0.160937685	0.0602294218	-0.0811873717	-0.0936067309	-0.0302193531	-0.0865417135	-0.0328260884	-0.0206461112	0.1087530158	0.0881009851	-0.0720976754	-0.0068995564	0.038421937	-0.0886301719	-0.0627225924	-0.1121810069	-0.1019712119	0.1168456653	0.0504203088	0.1063378517	-0.0284621311	-0.0637656428	0.127039396	-0.062920654	0.0145306838	-0.048984291	-0.1324404123	0.0537516872	0.0602382684	0.0042921509	0.0508994612	-0.1195198695	0.0139636567	0.008292463	0.2561639674	-0.1272629455	-0.1169721578	-0.0253545979	-0.0218469557	0.0954678568	-0.0032150461	0.0764542447	-0.1680682319	-0.113402553	0.1304211129	0.1420433762	-0.048639699	-0.111862971	0.0726362574	0.073480957	-0.0922015918	0.0871999241	-0.1125370022	0.1143572273	0.0049451602	0.0694905803	-0.0289272633	0.0180067263	0.0757001674	0.008289308	0.0327415251	0.0990235881	-0.0461889608	-0.1095730613	-0.0317904587	0.0742461479	-0.0545429273	-0.1290110742	0.0053140385	0.0475530032	-0.1015110423	-0.0448304891	-0.1129921961	-0.0376032889	0.0466660686	0.0388599562	0.0835280819	0.1015072962	-0.0021983262	-0.0080762608	-0.0007870137	-0.0046233687	0.07938669	-0.0148725796	-0.0990726408	0.0	0.00131781	-0.01670819	1.7366231961e-06	0.0002791636130761	0.0962458	-0.0246802	0.00926325401764	0.00060911227204	0.0175875	0.0031214999999999	0.0003093201562499	9.743762249999996e-06	0.00179683	-9.335000000000007e-05	8.714222500000014e-09	3.2285980489e-06	0.00019013	7.1052e-05	5.048386704e-09	3.61494169e-08	0.000115964	0.0001956679999999	3.828596622399999e-08	1.3447649296e-08	0.0	0.0	0.0	0.0	0.0	0.0	0.0	0.0	0.0	0.0
323.4969192427879	-0.3903033017055008	104650.25675957484	0.1523366673222152	361.6594353541912	-2.3000779960115096	5.290358787736322	130797.5471807124	216.39696911559707	-0.2993685952548333	0.0896215558248521	46827.64824241668	215.44850720762645	410.4965595190384	1.0392	21.625032	0.0717810899999999	0.0476628	0.0784241399	-0.0544721674	0.0861673109	-0.044154475	0.1064675475	-0.0061912025	-0.0188928981	-0.0214415539	0.1074148673	-0.1184975738	-0.0199838932	-0.156689184	0.0299940985	0.007459419	-0.0150381411	-0.01241069	-0.026637821	0.110181481	-0.0645947436	0.0070973296	-0.109604888	-0.0734521474	-0.1321598246	0.0347611938	-0.0772534686	0.0335109342	0.0046889615	0.0149903189	0.0753385312	-0.1155579892	0.1820211488	-0.0479485322	-0.0883491155	-0.0592738943	-0.0024400892	0.0262019718	0.0031184777	0.1049646689	0.023660617	-0.0476115282	0.1294323626	0.1294510924	-0.1020016118	0.0624419061	0.0184817998	0.1177555701	-0.0913817979	0.1089156933	-0.0222223399	-0.0365414078	-0.0589884828	0.0700081778	-0.0338016938	0.1017134883	-0.1152094342	0.077853549	-0.0331005493	0.0733986116	-0.0454934462	-0.1060276542	0.0313164987	0.1515615019	-0.0292439107	0.0070179938	0.0030712702	0.0154358586	0.032593272	-0.1154555838	0.070834625	-0.0141344876	-0.1152844599	-0.0451447882	0.0761237713	0.0244767302	-0.1039602562	0.0707814022	0.0254191654	0.0015311457	0.0314726339	-0.1482233856	-0.1036951103	-0.0203327335	0.1654495288	0.0510056934	-0.0073189753	-0.0238619044	-0.0081299378	0.0910597176	0.0452643157	-0.0518888604	-0.1223083516	0.1439773676	-0.0705906559	0.0421196464	0.0712040689	-0.1603796346	0.0569762102	0.0904094162	-0.0543814896	-0.0233566791	-0.051378854	-0.0613804011	-0.015271492	0.0706445165	-0.1303730611	-0.0615716843	0.0716733996	-0.0797399861	-0.0720902076	0.0612880712	0.0885865562	-0.051129807	0.0283940659	0.0563053935	0.0068812054	0.0053329573	0.0319783488	0.2036257319	-0.0054298479	0.0194756708	0.0209012114	0.025981558	-0.0385495896	-0.0025684887	0.0410426296	0.0174893615	0.0272664397	0.01697465	0.0246446445	-0.0478548529	-0.0845162785	-0.0365209632	-0.0457470644	0.1343777081	0.0773341911	-0.0202358811	-0.1034267134	0.0	-0.00184038	-0.00315819	3.3869985444e-06	9.9741640761e-06	0.134569	0.0383231999999999	0.018108815761	0.0014686676582399	0.0105998	-0.0069876999999999	0.0001123557600399	4.882795128999999e-05	0.00133059	-0.0004662399999999	2.1737973759999995e-07	1.7704697481e-06	0.00019013	0.0	0.0	3.61494169e-08	0.000115964	0.0	0.0	1.3447649296e-08	0.0	0.0	0.0	0.0	0.0	0.0	0.0	0.0	0.0	0.0
323.62727817472984	0.1303589319419416	104734.61517878396	0.0169934511370437	362.6766727646096	1.0172374104183746	1.0347719491546803	131534.3689676077	216.2557977162406	-0.141171399356466	0.0199293639962628	46766.57004588758	215.29640837893925	409.7318142421408	1.096754	22.822691	0.07155463	0.0411697	0.0829598967	-0.0366738328	0.0599347495	-0.1497407142	0.0141584335	0.0442386294	-0.0511452986	-0.1043885521	-0.0439533932	0.1005091245	0.0909589871	-0.120490574	-0.0330949617	0.0139669615	-0.0212244871	-0.0407309802	-0.0500402216	-0.0814557739	-0.0806964472	0.0665351073	0.1633804521	-0.1278579484	0.1386147806	-0.1016741118	0.0096126031	0.0775453346	0.0971499638	0.1684688063	-0.0417003269	0.0282965314	-0.1176066891	-0.0419861937	0.1300997508	0.056366609	0.0237498903	-0.0348167023	0.1438999927	-0.0275566612	0.1426330924	0.0132668826	-0.1434452005	-0.0037912554	-0.139739818	0.0368875584	0.0282465472	0.0347800894	-0.0157145334	0.0816883072	0.0367996581	0.0305390841	-0.1085380819	-0.1111451179	0.0877914189	-0.009061883	0.0928323233	0.0649570057	0.0834651414	-0.0879574295	-0.0659083182	-0.0232397473	-0.0841858085	0.1280348681	0.0110692056	-0.0237997639	0.0251432665	0.041278227	0.0501250335	0.0887439538	0.0714052854	-0.0422581399	0.1670718718	-0.1170490757	-0.0037916474	-0.1447480434	0.0765466527	0.0393333373	0.0887734951	0.1872952178	-0.0567950693	0.0437205422	0.0356023782	0.0759679461	-0.1477520288	-0.0519416501	-0.0317526018	-0.012537462	-0.1521094782	0.004773578	-0.1321910474	-0.0346231019	0.0979615785	-0.0680016421	-0.1569151987	0.0507376266	0.0359930895	-0.0410429724	0.0115202187	0.091157322	0.0093994384	-0.1042562029	0.0129747391	0.1233839494	-0.0014159252	0.0432336472	0.1178930732	-0.0790004099	-0.0581377892	0.1036987414	-0.0307111517	0.0597693538	0.0519695503	-0.0483739442	0.0465387007	-0.0683140251	-0.1743539467	-0.0616340607	0.0906020408	0.0435917411	-0.0807264304	0.0042660606	0.0598719825	0.0495347022	-0.0975526057	0.0173914585	-0.0052440281	0.0190948347	-0.0201749106	-0.0341744846	0.0481832576	-0.0475761262	0.0430692406	-0.0350652783	0.116963647	-0.0704731532	0.0752421898	-0.0255578418	-0.1073054737	0.0	-0.00911441	-0.00727403	8.30724696481e-05	5.29115124409e-05	0.100313	-0.0342559999999999	0.010062697969	0.0011734735359999	0.0215669	0.0109671	0.00046513117561	0.00012027728241	0.00165523	0.0003246399999999	1.0539112959999997e-07	2.7397863529e-06	0.00024664	5.651000000000001e-05	3.193380100000001e-09	6.083128960000001e-08	0.000115964	0.0	0.0	1.3447649296e-08	0.0	0.0	0.0	0.0	0.0	0.0	0.0	0.0	0.0	0.0
324.2213680863113	0.5940899115814773	105119.49552375935	0.3529428230428875	362.7481787025784	0.0715059379688227	0.0051130991648011	131586.24115203775	216.4713472570953	0.2155495408546812	0.0464616045626639	46859.84418330194	215.49739317187945	414.1383800506592	1.090317	22.688734	0.06412519	0.0440323	0.0643620552	-0.0021667051	0.0112699616	-0.1143468127	-0.1035773668	-0.0790395757	0.0601209966	0.0779830504	-0.0625425502	-0.0371407207	0.1248809717	-0.0419818891	-0.058646487	0.0178770387	0.0536321194	0.094477941	0.0178973642	-0.0080256337	0.1292966632	0.0463759552	-0.0064636947	0.0774944638	0.001268955	0.0304882008	-0.1266592467	-0.073097777	0.1542471223	-0.0201456736	0.0352013597	-0.0461145512	0.0631433226	0.1312922199	0.0866103111	0.0913213247	0.0178534596	0.1017344119	-0.0608755128	0.0665570236	0.0806449253	0.0280861297	-0.1834564745	0.0410371333	-0.1257474189	-0.0382201492	0.0319522202	0.0052588437	0.0526051116	0.002092782	-0.0729147056	-0.0472555909	0.1134809023	-0.0761803054	-0.0820184921	0.0102479942	0.0314608892	-0.0792384881	0.0214494854	-0.1152679528	-0.0719687071	0.1234060212	-0.1218809588	0.0571478116	0.0542554936	-0.0304530523	-0.0396715435	-0.0959780353	-0.0204168847	-0.0062960538	-0.1297149228	-0.0470937009	-0.0063044471	0.0594260556	-0.0545456674	-0.0165943334	-0.1344461622	-0.072715263	0.1348102545	0.0040682835	0.0087473883	-0.0281781291	-0.0369059412	-0.1631802774	-0.0227714152	-0.1298358431	-0.0455809971	0.0389621314	0.0615145333	0.1011016586	-0.0742203999	0.0211394268	0.1594740808	0.0077475588	-0.0997819611	0.1178204956	0.0104946471	-0.0130337114	-0.0502119943	0.0165591018	-0.038248709	0.1127836161	-0.0165518633	-0.0212368312	0.1176881152	-0.0521743222	0.0367531748	0.0568761518	-0.0680732764	0.1219301964	-0.0556078388	-0.0357451064	0.0378562626	-0.0168368914	0.0487032724	0.1053594078	-0.0708505873	-0.0822237867	-0.0860890653	0.025742345	-0.0748687848	0.1143426182	0.0752893353	-0.0423370739	-0.0151916161	0.002810152	0.0339696501	0.0902160593	-0.0957070749	0.0384024919	-0.0289562104	-0.0026122946	-0.0383771849	0.058017994	-0.0661406957	-0.0925561128	0.0731117546	-0.0308275893	-0.1106910964	0.0	-0.00280976	0.00630465	7.8947512576e-06	3.97486116225e-05	0.0974963	-0.0028167	0.00950552851369	7.93379889000003e-06	0.00392061	-0.01764629	1.5371182772099998e-05	0.0003113915507641	0.00233194	0.0006767099999999	4.579364240999998e-07	5.4379441636e-06	0.000317081	7.044099999999997e-05	4.961934480999996e-09	1.0054036056100001e-07	0.000115964	0.0	0.0	1.3447649296e-08	0.0	0.0	0.0	0.0	0.0	0.0	0.0	0.0	0.0	0.0
324.979221230931	0.7578531446196735	105611.49423186238	0.5743413888099277	364.2845302898139	1.5363515872355151	2.360376199601087	132703.21900847036	216.73675315681544	0.2654058997201503	0.0704402916062624	46974.82016895834	215.7536433380904	421.6615323723332	0.993074	20.665182	0.057991233	0.040298	0.0270135706	0.0366439944	-0.0232856245	0.0006233427	-0.1335184847	0.0517521404	-0.0218492016	0.0560929621	0.0889052191	-0.0381325203	0.0928945018	0.0608239973	0.0235009314	-0.0534345569	0.0465632948	-0.004193466	0.0318924289	0.1435376334	-0.0080911214	-0.0010637299	-0.0487112577	0.1195898625	-0.06367965	-0.1055178527	-0.1217039278	-0.0410779971	0.0352239653	-0.172799283	-0.0286292916	0.0081977478	0.0685289369	-0.0511437598	-0.0944238661	0.0352836565	0.149506085	-0.1389179837	0.0856568674	-0.0978670767	-0.0996133739	-0.1505533955	-0.0209006183	-0.0073710386	-0.1130881166	-0.0225334373	-0.0458042985	-0.0101509113	-0.0040083893	-0.0705608425	-0.0367278304	-0.0262600451	0.0314436726	-0.2218841835	-0.1273514942	0.0677861289	0.0172368074	-0.0004300811	0.047014501	0.0761357226	-0.0574208862	0.0794909128	-0.1011703245	-0.0556982241	0.0115217624	0.0606457457	-0.047624376	0.0059445346	-0.0232146426	-0.1447641584	0.0177038173	-0.0070331442	-0.0436820296	0.1329229905	0.0409591239	-0.0733931045	-0.0941421932	-0.0644272438	0.0559326989	-0.1864748686	-0.0324180146	0.0152955853	-0.0293354065	0.0294496551	0.0844124693	-0.0173202471	0.0161828827	-0.1972828929	-0.0315482094	-0.1272381777	0.1230011765	-0.1594839511	-0.0078727466	-0.0972566528	-0.063659554	0.0783289131	-0.0585141747	-0.0322247761	0.01089497	-0.0408999268	-0.0297346722	0.0423162888	-0.0359398144	0.0002481403	0.2191632773	0.0365481574	0.1231785021	-0.0561315959	-0.0839049198	-0.0846014047	-0.0656017685	-0.0746741431	0.0373034458	-0.0048315951	0.0569448937	0.039960235	0.008998897	0.0137326682	-0.0152800125	0.0790615412	-0.1288267576	0.1381147221	-0.0322475678	0.005695015	0.0273531758	0.030587012	-0.0562481292	-0.0951065265	-0.0894825947	0.0585400206	0.0123623284	-0.0346262168	-0.0058061581	-0.1593551128	0.0241152465	-0.0151577976	0.070943974	-0.0360343578	-0.1135680224	0.0	-0.000712417	0.002097343	5.075379818890001e-07	4.398847659649001e-06	0.106744	0.0092477	0.011394281536	8.551995529000021e-05	0.0128756	0.00895499	0.0001657810753599	8.019184590009998e-05	0.00166631	-0.0006656299999999	4.430632968999997e-07	2.7765890161e-06	0.000405275	8.819400000000004e-05	7.778181636000007e-09	1.6424782562500005e-07	0.000115964	0.0	0.0	1.3447649296e-08	0.0	0.0	0.0	0.0	0.0	0.0	0.0	0.0	0.0	0.0
325.53967309136414	0.5604518604331474	105976.07875643224	0.3141062878629762	365.0140919847004	0.7295616948865131	0.5322602666456817	133235.28734741535	216.77849880915187	0.0417456523364307	0.0017426994889941	46992.91754594946	215.81954154320687	431.4615951876816	1.085556	22.589664	0.0500684729999999	0.0262845	-0.0213112116	0.0672576858	-0.0370164948	0.0622432964	-0.0487208118	0.1477793522	-0.064087611	-0.0107100279	0.0044079487	0.0754920666	0.0615565411	0.0521375393	0.0816579546	-0.0584979669	-0.0552425295	-0.0878525213	0.0405791705	-0.063424353	-0.0974715285	0.0620545967	0.0469338327	0.0622353796	-0.0419974516	-0.0070788925	0.0812849574	-0.1076971484	0.0566269661	0.0472778961	0.0808955816	0.0194241556	0.1537786763	-0.106023144	-0.0238764561	-0.0505781262	0.068845938	-0.0557274907	-0.0280956908	-0.0129750617	-0.0327585386	0.1823874972	0.0119489843	-0.0679604876	-0.0944856661	-0.0548548032	0.0401147657	-0.1129592896	0.1482965845	0.0095557986	0.0364175015	0.1745555541	0.0507335451	0.0072519989	0.0134073937	0.1090355353	-0.0503530691	-0.0128878948	-0.1452063693	0.0227614257	0.0405570651	-0.0273672184	-0.0644728892	-0.0538125334	-0.0753142038	0.0729871594	0.0395578714	0.0884632033	-0.0383107476	0.0684148035	0.1013457282	-0.0628036604	0.0454847115	0.0399874147	0.0184944236	0.065594145	0.0483781467	-0.1101881435	0.0652670233	0.0486304329	0.0607607661	-0.0105577611	-0.1703162177	0.0318093751	0.1129991918	0.0564033967	-0.0183090538	-0.1031087407	-0.0015393609	0.0054824031	0.0005823479	0.1674555509	-0.0048790561	-0.0559836204	-0.0605220957	0.0660483029	-0.0362949218	0.174547915	-0.1358358414	0.0079365732	0.0107893009	-0.0601672864	0.112106227	-0.1115162121	0.0483668929	0.1146942532	-0.0760056833	0.0482388418	0.1068360085	-0.0325742665	0.0250503784	-0.0481122661	0.0403934156	0.0071784381	0.0698664995	-0.1427395764	-0.0218362149	0.0523646795	0.0131039152	0.0417231998	-0.1637707535	0.0001074371	-0.0928164609	0.0855023337	0.0607779643	-0.0799780791	0.0118537266	-0.0634781011	-0.0158088743	-0.0914407942	-0.0887723622	-0.0529566165	-0.092951293	0.0232565676	0.1270116268	-0.1413716838	0.0687399551	-0.0411675101	-0.1159230303	0.0	-0.0116131	-0.010900683	0.00013486409161	0.0001188248898664	0.113105	0.0063609999999999	0.012792741025	4.0462320999999896e-05	0.0305674	0.0176918	0.00093436594276	0.00031299978724	0.00151066	-0.00015565	2.422692250000001e-08	2.2820936356e-06	0.000423664	1.838899999999995e-05	3.3815532099999807e-10	1.7949118489599998e-07	-1.22968e-05	-0.0001282608	1.6450832816639998e-08	1.5121129024e-10	0.0	0.0	0.0	0.0	0.0	0.0	0.0	0.0	0.0	0.0
325.556209003196	0.0165359118318519	105986.84522053265	0.0002734363801107	365.1458118533395	0.1317198686390952	0.0173501237943005	133331.46391403442	216.7830624001845	0.0045635910326211	2.082636311302028e-05	46994.89614360228	215.8489893242009	435.4194033084942	1.063056	22.121466	0.06378684	0.0346421	-0.0371485806	0.0565109062	-0.0130321234	0.0852587884	0.0417809669	0.0054188557	-0.0103132252	0.0802936396	-0.0673110832	0.0930893438	-0.010579815	0.0001065973	0.0555333673	3.72889e-05	-0.1433874544	0.033212125	0.1242762529	-0.0511005802	0.0880242375	0.0728515751	0.1977765386	-0.0133684207	0.012712493	0.0140789893	-0.0574501098	0.0962290314	0.107399178	-0.0984871734	-0.0858597877	0.1701490915	0.0076699112	-0.0566606978	-0.0881116686	0.0772777652	-0.0433185741	-0.1963509084	-0.0324483579	-0.0264434287	-0.077319483	0.0550470945	0.023633007	-0.0300090193	-0.0655515736	0.0280866527	0.0063376232	-0.087926138	0.1779037527	-0.142022065	-0.0881019212	-0.1161072843	-0.0657972554	0.050895172	-0.0315422862	-0.1045988798	-0.1074529733	-0.0392363428	-0.0002635044	0.0370517256	0.023156121	0.0008236554	0.012885115	-0.0091997877	-0.0893994885	0.0072600148	0.1285036794	-0.0141749096	-0.1283378863	0.0481949754	-0.0805198892	-0.0638989698	0.2012402569	0.0116218798	-0.0015672476	-0.0307920035	-0.055866649	0.1096266133	0.1005428919	-0.0805781753	-0.0541340634	0.1893527784	0.0211089608	0.089675888	0.0813701818	-0.0361011685	0.1735617382	-0.0772149376	-0.0110651673	-0.0081781503	0.0537095133	0.060303582	-0.0321015123	-0.0941531896	-0.0950880001	-0.0070475782	-0.061055494	0.0948411225	-0.1448153897	-0.1394142572	-0.0609800083	0.104370446	-0.0884129278	0.0645915434	-0.0297986054	-0.1298841482	-0.0928334425	-0.034300597	-0.0153949368	-0.0547632039	0.0086954816	-0.0382555476	0.0117639646	0.0391217556	0.093010614	-0.0256846633	-0.0956605799	-0.0682344971	-0.1028642131	0.0173263386	-0.0461647289	-0.120015882	-0.1060986671	0.0055012669	0.0994185906	0.0097094236	-0.0864191661	0.0638482673	-0.0957919257	0.0478163155	-0.0216166838	0.0230968394	0.0353408023	-0.0467384607	-0.0637204831	-0.0172193809	0.0665008237	-0.0462165596	-0.1177452974	0.0	-0.0074983999999999	0.0041147	5.62260025599985e-05	1.693075609000082e-05	0.0880559999999999	-0.0250490000000001	0.0077538591359999	0.000627452401	0.0198983	-0.0106691	0.00039594234289	0.00011382969481	0.00179347	0.0002828099999999	7.998149609999993e-08	3.2165346408999995e-06	0.000355654	-6.800999999999997e-05	4.625360099999996e-09	1.26489767716e-07	0.000115964	0.0001282608	1.6450832816639998e-08	1.3447649296e-08	0.0	0.0	0.0	0.0	0.0	0.0	0.0	0.0	0.0	0.0
325.5314533112576	-0.0247556919383669	105970.7270949395	0.0006128442833473	365.0014219180146	-0.1443899353249094	0.0208484534231315	133226.0380021725	216.6968623803189	-0.0862000198656005	0.0074304434248299	46957.53016547486	215.7543962437265	434.4762390549933	1.031984	21.474863	0.02908733	0.0153686	-0.0340464224	0.0710050756	0.0004553914	0.0091709969	0.1269652488	-0.0270195801	-0.0988891324	0.1471774325	0.064470787	-0.0142288806	-0.0201930594	-0.0532369743	-0.0644404047	-0.0155870657	-0.0890516534	0.0648188917	0.0741799311	0.1814052857	-0.0752175779	0.0093930966	0.0107775411	0.006768661	-0.1034862232	-0.039645075	0.0414593196	0.1202291621	-0.0848806845	-0.0022881816	-0.0333632574	0.0815592303	-0.052180842	0.0607486647	0.0270344322	0.019833128	0.0878166238	-0.061558844	-0.1720449082	0.1376814647	-0.0322429966	0.003077597	0.0404684987	-0.129957789	0.0534079135	0.0265949389	-0.0026383159	-0.0035525518	-0.047357549	0.0021207413	0.0055758693	0.0365394232	-0.0567032562	0.1167778568	-0.0278620758	-0.0850465349	0.2762899113	0.0001149106	-0.097879658	-0.0274578508	0.0126009025	0.0720511218	0.023720181	0.0507549256	0.0409188597	-0.0060450652	0.105456795	-0.0545620253	-0.066928597	-0.187691963	0.0856238658	-0.0123474769	-0.0044505786	0.0502419656	0.1232002913	0.0252856191	0.0351139093	0.1004895864	-0.0639962262	0.0127387513	-0.0153372268	0.0929929815	0.0392726491	-0.0219774321	-0.0808370405	-0.0164333406	0.0161762209	-0.1002704053	0.1308570673	0.1465508786	0.031430284	0.0443515525	-0.0537142156	-0.0914563533	0.1078455173	-0.0663092961	0.0336809644	-0.0135726386	0.0286456765	0.0307806591	0.0106659998	-0.0337572208	-0.0099557351	-0.0875720724	-0.151441883	-0.0969511311	0.2166795189	0.0934309161	0.1173574063	0.0105140193	0.0311936015	-0.1228786773	0.0173770447	0.0404645448	0.0773009676	0.0495094034	0.0144613309	-0.0555901507	-0.012321917	0.1674916572	0.0596809575	0.0070228773	-0.0485797277	0.0125306221	0.1204158495	-0.0042288039	-0.079713981	-0.0021094926	0.0743102584	-0.1111934303	-0.0767380433	-0.0428959864	-0.0408969762	-0.0375466069	0.0346876854	0.0273423457	0.0642277237	-0.0511711914	-0.1190264491	0.0	0.00132383	0.0088222299999999	1.7525258689e-06	7.783174217289823e-05	0.100091	0.0120350000000001	0.010018208281	0.000144841225	0.017216	-0.0026823	0.000296390656	7.194733290000011e-06	0.00186011	6.664000000000019e-05	4.440889600000025e-09	3.460009212100001e-06	0.000311338	-4.431600000000003e-05	1.9639078560000024e-09	9.693135024400001e-08	0.000115964	0.0	0.0	1.3447649296e-08	0.0	0.0	0.0	0.0	0.0	0.0	0.0	0.0	0.0	0.0
325.6529896508069	0.1215363395492659	106049.86966850852	0.0147710818310344	364.5322196870393	-0.469202230975327	0.2201507335522241	132883.73918995986	216.8264370378711	0.1295746575522116	0.0167895918797729	47013.703798537885	215.8504316311368	435.4347149367002	1.136149	23.642466	0.0467771199999999	0.0315944	-0.0375994445	0.071484171	-0.0090652252	-0.1515886159	0.0037152551	0.0833112675	-0.0791211056	-0.0816244581	0.0518847661	0.0003650579	0.0043535007	-0.0329528838	-0.1110039886	0.0386120163	0.0239094783	-0.1157438662	0.1102753473	0.0209222886	-0.101723625	0.0298791536	0.0293592789	-0.0197020192	0.013155956	0.0277115195	0.0232749692	-0.0760874563	0.0503058476	0.0728968244	-0.0526671119	0.1738072288	0.0769077082	-0.0097481121	-0.006408897	-0.0981981354	0.0382417297	-0.010949271	0.1234942639	-0.0360053272	-0.0149987483	-0.2012800953	0.1186149815	0.0818859984	0.1455358886	0.1810692021	-0.0610714179	-0.106433759	0.0064034044	0.0759258655	0.1168340368	-0.0708567796	0.1203691684	0.0493210638	-0.1545558235	0.0647058705	0.0820259057	-0.0328923498	-0.0304540238	-0.0809009343	-0.0266858158	-0.1361641973	-0.0091361384	0.0354933964	0.1003122748	-0.0668761999	-0.0017196673	0.1213422704	-0.1017495739	-0.0085514781	0.1050865471	-0.0394617366	0.0266349633	-0.0517318542	-0.035707991	0.0371284915	0.0021375356	-0.0672468105	0.0303526237	0.0815249442	-0.0362680239	0.1709800558	-0.0559452083	-0.0006643565	0.0515073312	0.0981472442	-0.034864353	-0.0201162778	-0.0604192231	-0.0589001799	0.0565359683	-0.2283251309	-0.1006495457	0.1208845859	-0.0073984169	-0.2311425014	-0.0641855645	0.0132479792	0.0096516367	0.0624699838	0.1419939169	0.1181796444	-0.0648284927	-0.1469440389	0.0373736748	0.0227872491	0.0273254556	0.0812982804	0.0502799492	0.0749913821	-0.062469065	0.0706719694	0.036397791	0.0207310848	0.0321666368	-0.1355009768	-0.020413637	0.0486039364	0.0707001371	0.0930048135	0.0022473046	0.0834716691	0.019139686	-0.0169740991	0.0795302152	0.0992866662	-0.0363989626	0.1038475808	-0.0939237138	-0.015717132	-0.1005739734	0.0399152412	-0.0152045581	0.0423250404	-0.0261355723	-0.0514644454	0.0619218161	-0.0560212833	-0.1197605978	0.0	0.00131781	-6.020000000000027e-06	1.7366231961e-06	3.624040000000032e-11	0.128373	0.0282819999999999	0.016479627129	0.0007998715239999	0.0219337	0.0047177	0.00048108719569	2.2256693290000016e-05	0.00170589	-0.00015422	2.378380840000001e-08	2.9100606921000003e-06	0.00019013	-0.0001212079999999	1.4691379263999995e-08	3.61494169e-08	0.000115964	0.0	0.0	1.3447649296e-08	0.0	0.0	0.0	0.0	0.0	0.0	0.0	0.0	0.0	0.0
325.7819346937283	0.1289450429214298	106133.86897278868	0.0166268240940093	363.99107657333263	-0.5411431137066529	0.2928358695121315	132489.5038250137	216.8324935932573	0.006056555386209	3.668186314621826e-05	47016.33027786997	215.85024658893872	434.9922371382826	1.168523	24.316153	0.0511756949999999	0.0319253	-0.0351350959	0.0331555255	-0.0335105641	-0.0228205527	-0.1149087048	-0.0080872019	0.0696095338	0.0648579527	-0.0466824492	0.082968373	0.0683305942	0.0664310433	-0.0522480615	0.0023076626	0.1183124586	0.0315344735	0.0580749209	0.0322073308	0.0296366219	0.0277655856	0.0823324583	0.014911527	0.0081008826	-0.0621149303	0.1127796503	-0.1148926558	-0.0304890596	0.1644111464	-0.0800738834	-0.1060802744	0.073054048	-0.0335742116	0.0992664942	-0.0478168438	0.129009839	-0.1181266041	0.0317019747	0.0621572464	-0.0553350658	0.1175254424	-0.0533118185	-0.0004424643	0.0337667553	0.1566143574	-0.246250727	-0.1262850248	-0.0184172882	-0.0268243543	0.0385787817	-0.1713139172	-0.2013530236	0.0339815797	0.1357715913	0.0799975682	-0.1226880335	-0.0053351341	-0.0898710757	0.134178863	-0.0477387371	-0.0998287245	-0.0778977512	-0.0579275759	0.0736619902	-0.0091110232	-0.1018887506	-0.0363007395	-0.0601528582	-0.0251766032	-0.0093561336	-0.0200649804	0.0929432809	0.0195144016	0.0360892505	0.0446125789	0.1291234043	-0.1093217642	-0.0320452701	0.1099189631	-0.135457465	-0.107663598	-0.1114662101	0.0004363437	-0.0484583593	0.039231747	-0.0244301359	-0.1585463775	-0.0558003002	0.0725421434	0.0558882513	0.0738950364	0.0631112561	-0.0055119044	-0.1206538373	-0.1920130852	-0.2682267625	0.0032380557	0.0676649118	-0.0129819203	-0.023651377	-0.0277273218	-0.1792216104	0.1528809318	-0.1160852993	0.1267993499	-0.1270110039	-0.0229664034	0.0980278829	-0.1417689852	-0.0511005227	0.0969854674	-0.0055450977	0.0140769541	0.0776422843	-0.0478822913	-0.0955429786	-0.0637710524	-0.1394878597	-0.0515032937	-0.0552527133	0.0850553777	0.0236010494	-0.0127320104	0.0894552875	0.0464071451	-0.1528723167	-0.013981361	0.0222436188	-0.0092222734	-0.0941706975	-0.0405057394	-0.0043424545	-0.1020435791	0.0784204164	0.0238488748	0.0595842788	-0.0607569269	-0.1199443696	0.0	-0.00149231	-0.00281012	2.2269891361e-06	7.896774414400001e-06	0.0986726	-0.0297003999999999	0.00973628199076	0.0008821137601599	0.0172233	-0.0047104	0.00029664206289	2.218786816e-05	0.00171066	4.769999999999861e-06	2.2752899999998675e-11	2.9263576356e-06	0.000320785	0.000130655	1.7070729025000006e-08	1.0290301622500003e-07	-2.77065e-05	-0.0001436705	2.064121257025e-08	7.6765014225e-10	0.0	0.0	0.0	0.0	0.0	0.0	0.0	0.0	0.0	0.0
325.96414677987235	0.1822120861440339	106252.62498593016	0.0332012443369608	366.1196563365096	2.1285797631769583	4.530851808206476	134043.6027559639	216.9566812417821	0.1241876485247814	0.0154225720461146	47070.20153544824	216.0064128370864	438.4854371883546	1.142626	23.777254	0.051402315	0.0263101	-0.0518888175	-0.0304375444	-0.0546787287	0.1009864046	-0.0074305033	-0.0215639115	0.0056967574	0.048956405	0.0916424887	-0.0593131535	0.0069507935	0.1012490258	0.0763158232	-0.0449301265	-0.0114578252	-0.02642141	-0.0893182626	0.068312775	0.0100725822	-0.0086913412	-0.0520519075	-0.1053151436	-0.0358119266	-0.1023731352	0.1190056983	-0.0152292824	0.174753219	-0.0659886964	-0.0173280595	0.115573725	0.1912978204	-0.0434548058	0.1098971278	0.0097310565	0.0888137407	0.0572378506	0.0337360938	0.0383663788	-0.0144287941	0.0492199552	0.0578978652	-0.0231260026	0.086170415	-0.0549885685	-0.0110250219	0.0062261095	-0.106198754	0.0172938358	-0.0179663316	-0.0950350352	0.0186899466	-0.0357727447	-0.0332875325	-0.0461640273	0.0584227727	-0.0870424884	0.0696915254	-0.0355631461	0.0530025363	-0.059305166	-0.0067560717	-0.1012912203	-0.0598302087	0.059113756	-0.00675991	0.0207158795	0.0960276661	-0.0715178833	-0.0107962094	0.0006487631	-0.0583314498	-0.0936850179	0.0640199584	0.0087105329	0.1376222975	-0.0167957498	0.1955195436	-0.0369719665	-0.0053571582	0.1341661682	-0.190607353	-0.0490975471	0.0397007689	-0.033712768	-0.1076673697	-0.0291584169	-0.039141858	0.0009929646	0.0258309819	0.0558646743	-0.0335615235	0.0255539034	0.1230065851	-0.0188513179	-0.0221498218	-0.0222560145	0.1055119866	0.0393711126	-0.0173190933	0.0584383993	-0.0734871518	0.0244246604	0.0349163658	-0.0838428131	0.0439034722	0.0573970771	-0.07655921	0.0364781734	0.0566147238	0.0763290014	-0.0182949681	0.0305262647	0.0342797605	0.0381638789	0.0909262767	0.0580073254	-0.0896554852	0.083366025	-0.0816226426	0.0114938392	-0.0658315594	0.0487442577	0.0790830965	-0.0836083837	0.0342960831	0.020598576	0.050211323	-0.0764872435	-0.1200967098	-0.0851150616	-0.1326758048	0.0373396374	-0.0183330947	0.0012164595	0.0572163058	-0.0653684476	-0.1195769199	0.0	0.00132451	0.00281682	1.7543267401000002e-06	7.934474912400002e-06	0.106323	0.0076504	0.011304580329	5.8528620160000026e-05	-0.00608457	-0.02330787	3.70219920849e-05	0.0005432568039369	0.00151358	-0.0001970799999999	3.8840526399999945e-08	2.2909244164000003e-06	0.000308991	-1.179400000000003e-05	1.390984360000007e-10	9.5475438081e-08	0.000115964	0.0001436705	2.064121257025e-08	1.3447649296e-08	0.0	0.0	0.0	0.0	0.0	0.0	0.0	0.0	0.0	0.0
325.2784086303285	-0.6857381495438517	105806.04312107895	0.4702368097398259	365.4738992848061	-0.6457570517034696	0.4170021698247576	133571.1710584406	216.7671098392433	-0.1895714025388031	0.0359373166605289	46987.979908058565	215.8552985078919	435.25441700710576	1.125603	23.423019	0.053105368	0.027307	-0.0358614197	-0.0451147121	-0.0167490752	0.0689994653	0.064817551	0.0574381097	0.0183602719	-0.1075413834	0.0243079586	0.0251881001	-0.0473395557	-0.0067868689	0.098691067	0.0825968523	-0.0482512405	-0.0244398052	-0.1467812968	-0.0285339643	-0.0239341684	0.1765066747	0.0376362938	0.0703361675	0.0936301712	-0.0441765504	-0.1414345092	0.0893775671	0.0337459768	-0.1156396399	0.1479237291	-0.1437595775	-0.0403419588	-0.0235880909	-0.0946322156	-0.0131643851	-0.0478815789	-0.1084670895	0.1209609498	-0.022433953	-0.1505070538	-0.0202939544	-0.0997943241	0.1036004314	0.056790457	0.0104126027	0.1413864144	-0.0108011257	-0.0821469351	-0.043941362	-0.0363888483	-0.0827948359	-0.0408781217	0.0627352955	0.0589668385	-0.1063043657	0.0557366254	-0.0600903489	-0.0299741396	0.0114941191	0.0717318348	-0.0490213081	0.0559860624	0.0007831004	-0.1273817213	-0.0536486094	0.0195114385	0.022132074	0.1459017055	0.0463252982	0.0182318933	-0.1624499315	0.0615204125	0.0696262898	-0.0719299288	-0.1666818293	-0.0885184526	0.0636239244	0.0416763703	-0.0945958796	0.1252825131	-0.1370591071	0.072883004	0.0251232924	0.0150184036	0.0322392793	0.0731573946	-0.0538208757	-0.1026703353	-0.0964944428	0.187239986	-0.0212267243	0.1107073432	0.0630107669	-0.0293553655	-0.0082840864	0.160735863	0.0452150618	0.0806297409	-0.0385479473	-0.0063723328	0.0451978673	-0.0314632671	0.0748567336	-0.1009415273	-0.0942192912	0.0233349789	0.0700082767	0.0534774357	-0.0295274117	0.0720247177	0.0007958512	-0.002664668	0.0200319869	-0.0178333532	-0.1275605865	-0.0334486459	0.0441122575	0.0023027714	0.0533561879	-0.0393247757	-0.1081955585	-0.0585846799	0.0717716653	0.0095723351	0.0738253321	-0.0560555	0.1130421744	-0.0523924909	0.0487673523	0.0162990421	0.0558611047	-0.0086311243	-0.0817017121	-0.0966395089	-0.0679993565	0.0548191066	-0.0698464244	-0.1186599374	0.0	0.00131404	-1.0470000000000054e-05	1.7267011216e-06	1.0962090000000112e-10	0.120573	0.0142499999999999	0.014537848329	0.0002030624999999	0.000748928	0.006833498	5.60893149184e-07	4.669669491600401e-05	0.00196393	0.0004503499999999	2.0281512250000003e-07	3.8570210449e-06	0.000119113	-0.000189878	3.6053654884e-08	1.4187906769e-08	0.000115964	0.0	0.0	1.3447649296e-08	0.0	0.0	0.0	0.0	0.0	0.0	0.0	0.0	0.0	0.0
324.6069871772719	-0.6714214530566096	105369.69612430556	0.450806767624649	364.6934871939135	-0.7804120908926393	0.6090430316114211	133001.33960165715	216.51849189358805	-0.2486179456552406	0.0618108829018321	46880.25733187376	215.5846165630361	427.72262135376656	1.131077	23.536922	0.055297658	0.0262315	0.0012564266	-0.007496661	0.03949185	0.0099700232	0.1332743757	-0.0722390231	0.0779504768	0.0730380531	-0.0026205653	0.0615092375	-0.0368063767	-0.0648865773	0.0134212837	0.006303015	-0.0373448149	0.1281916112	-0.083729443	0.0027823273	0.0609597612	0.0856281254	0.0597418713	-0.1327622121	-0.0791816707	-0.1326942339	-0.0626872689	0.1507345077	-0.0550769492	0.0650122925	0.0592447328	0.0184792223	-0.0480859553	0.0770547371	0.0639070382	-0.0122201074	0.0215441384	0.012599239	-0.0811785926	-0.038849331	0.005735813	-0.1107321784	0.1337862337	0.0379891005	-0.0227461847	-0.0925261192	-0.0959749244	0.0646622239	0.2427198311	-0.0205759574	-0.1487308005	-0.0444229227	0.2084379685	-0.133746703	-0.0364841703	0.0430693166	0.1306922681	-0.0242912158	-0.0793897745	-0.061693589	0.0928027624	-0.0236439822	0.0438632432	0.0645202424	-0.0220902839	-0.0085989538	0.0298715455	-0.1305664932	0.0757115238	-0.0163866013	-0.0612686852	-0.0589046609	0.0577618592	-0.0695061698	0.1923565347	-0.1210204872	-0.0104088072	0.1145672297	-0.0166434761	0.0904655101	0.0597658007	9.92961e-05	0.0065751924	-0.0456260985	-0.0947381484	-0.0175415361	0.0333722899	0.0032928875	0.0925380956	-0.030751663	-0.027926351	-0.0966146373	-0.124032446	0.0408400107	0.0946949545	0.116007677	-0.0931591308	-0.0512003369	-0.2271062856	-0.0308146476	-0.0732326986	0.2101067141	0.069354154	-0.0084298073	0.1679065125	0.0240953093	0.1408205594	0.0783101444	0.1072002552	0.0633710791	0.0743043383	-0.0219196728	-0.0282936836	0.0019668042	-0.029137111	0.0641245046	-0.0959410497	-0.0985254456	-0.0517931915	0.0459874631	0.0670976694	-0.0526014236	-0.0168573653	0.0423796589	0.015369213	0.0230757937	-0.0672065562	-0.0293280532	0.1685634004	-0.1000637696	0.0043950747	-0.0639330661	-0.1052940676	0.0132548296	0.0110243226	0.1049153686	0.0523939058	-0.0741817089	-0.1171976362	0.0	0.00672306	0.00540902	4.51995357636e-05	2.9257497360400004e-05	0.0986137	-0.0219593	0.0097246618276899	0.00048221085649	-0.00486071	-0.005609638	2.36265017041e-05	3.1468038491044e-05	0.00170628	-0.00025765	6.638352250000006e-08	2.9113914384e-06	0.000243426	0.000124313	1.5453721969000008e-08	5.9256217476e-08	0.000180395	6.4431e-05	4.151353760999999e-09	3.2542356025e-08	0.0	0.0	0.0	0.0	0.0	0.0	0.0	0.0	0.0	0.0
324.8059200319998	0.1989328547279001	105498.88568783384	0.0395742806901918	363.91599567981376	-0.7774915140997223	0.6044930544970787	132434.85191163022	216.6359478535171	0.1174559599290603	0.013795902522857	46931.13390239178	215.67226100874865	425.2979385262032	1.056136	21.977448	0.07962534	0.0474256	0.011050946	0.0178688358	0.0107561696	-0.1156016288	0.0018055419	-0.0504420995	-0.0328256042	-0.0088536609	0.0276272854	-0.0628584805	0.0110600073	-0.0456263413	-0.0614511255	0.0657040618	0.0048003645	0.0059206305	-0.0825870978	0.0053251825	0.0525637262	-0.0303312886	0.1301584352	0.0647316091	0.0373566107	0.1248105649	-0.121630717	0.0212803613	0.140225095	0.0176713418	0.1427706319	0.0526336049	-0.0422721984	0.0206173317	-0.0102251629	0.0149041359	0.0289768129	0.0049919143	-0.0108622679	0.0209053774	0.0923086737	-0.2149285048	-0.0624638066	-0.0177219453	-0.0114614574	-0.0295764576	-0.0961937342	0.1173195467	-0.047476837	0.0461640338	0.0869578754	-0.1585697658	0.0594163685	0.0124126907	0.0881733569	-0.1393455767	-0.0352959327	-0.1647096476	-0.1810548198	0.0122667531	-0.1147861676	0.04256218	-0.0089059631	0.0530647784	0.0497929969	-0.0795340471	-0.0029346091	-0.0060496964	0.081435148	-0.0057734255	-0.0579600897	0.027414107	0.1131366963	0.0183059325	-0.1222278436	0.025220933	-0.1695401872	0.0122853697	0.1238459191	0.0770565472	0.1542452687	0.0433132617	0.034747799	-0.0038772797	-0.0197137319	-0.0237898945	-0.005152455	-0.0225823052	0.027580197	0.0330223634	-0.073182175	-0.1958075551	0.0436161789	-0.0542196482	0.0679568218	0.0489320194	-0.0306146916	-0.1540115357	0.0317711056	0.0316515462	0.1328462079	0.0829475949	-0.0255597089	0.163833552	-0.0225709517	-0.0876449387	-0.0993876552	0.1507871133	0.1060335022	-0.0729210398	-0.1056371371	-0.0204288042	-0.0145382407	0.017483998	-0.0519112221	0.0492893821	-0.0033723337	-0.007270461	0.0325752045	0.1048000051	0.0180986678	0.1241835335	0.027176782	0.063758708	-0.014125294	0.0225354918	0.0409508246	0.1724151188	-0.0416330174	-0.0119809051	-0.0009075905	0.0171224724	-0.0166440579	0.0440781303	-0.1139834842	-0.0885225489	0.0499419421	-0.0783654444	-0.1151967366	0.0	0.00532946	-0.0013936	2.8403143891600003e-05	1.94212096e-06	0.122886	0.0242722999999999	0.0151009689959999	0.0005891445472899	-0.0212891	-0.0164283899999999	0.0004532257788099	0.000269891997992	0.00240147	0.00069519	4.832891361000004e-07	5.7670581609000005e-06	0.00019013	-5.329600000000001e-05	2.840463616000001e-09	3.61494169e-08	0.00018253	2.135000000000006e-06	4.558225000000025e-12	3.33172009e-08	0.0	0.0	0.0	0.0	0.0	0.0	0.0	0.0	0.0	0.0
325.34904421260165	0.5431241806018647	105852.00057005342	0.294983875554447	364.95695332002987	1.0409576402161065	1.083592808724285	133193.57777663847	216.6924460692424	0.0564982157252984	0.0031920483801423	46955.61618347153	215.71978902472	430.1992571909225	1.089031	22.661987	0.0367492676	0.0234361	-0.0174613601	0.0068716228	-0.0411511911	-0.0212318469	-0.1321184205	0.0556481213	-0.014451929	-0.0487248506	0.0134074527	-0.0009023634	0.050842668	0.0634356474	-0.0496922893	-0.0081205384	0.0855193644	-0.072259096	-0.0510386603	0.0025234688	0.0155816146	-0.0144887976	0.1067996531	-0.0212383189	-0.0464267288	-0.0017627086	0.0279109952	0.0773246627	-0.0094394085	0.1484197868	-0.0209237269	-0.0205622768	0.1116947694	-0.0995021036	-0.1219911121	-0.0365637307	-0.2138815332	-0.0455977884	-0.0093208851	0.1444007686	0.0343143536	-0.0690882673	0.0390080126	0.0269874162	0.0041523673	0.0696212514	0.0965689163	0.0354787115	-0.0363167734	-0.0971598039	-0.1589084053	-0.0265399494	0.133642437	0.0650098889	0.0273442318	-0.0605921275	-0.0992505761	0.1175620869	-0.0210485866	0.1487641024	0.1040005013	0.0414880599	-0.061710634	-0.0605902575	0.0630891466	0.0020364036	-0.0726849839	0.0622380491	0.0587956338	0.0029841745	-0.0036416426	0.0276287858	0.112468586	0.0063886157	0.0540769064	0.0316232321	0.0131663728	0.0761893382	-0.0019973291	0.1280238933	-0.0507224986	-0.0669981472	-0.0410065374	0.0879859388	0.178555601	0.066366154	0.1595768789	0.1209610091	-0.0287625541	0.134681854	0.0399235645	-0.0594665413	-0.0494097903	0.0222981629	-0.00134636	-0.0263768501	0.1147858302	-0.0401672383	0.0379120071	-0.0937618265	-0.1033186731	0.1770451212	0.108758141	-0.0375438808	-0.0514171341	-0.0075540867	-0.0752742089	-0.145853635	0.0206542949	-0.1434752583	0.1243663287	0.0576633574	0.0018702925	0.0399740592	-0.0415068006	-0.1041518489	-0.040541632	-0.0243576079	0.0647550748	-0.0161712098	-0.1021899347	0.0935248813	0.0026094138	0.1321284503	-0.0307808574	-0.0328961308	-0.1310798544	0.0134107132	0.0549193109	0.0531215637	0.0091602582	0.0235718745	0.0406339096	-0.1378066249	-0.0168395426	0.0283901804	0.0474644681	-0.0823890838	-0.1126664339	0.0	0.0135672	0.00823774	0.00018406891584	6.78603603076e-05	0.121364	-0.0015219999999999	0.014729220496	2.316483999999986e-06	2.77776e-05	0.0213168776	7.7159506176e-10	0.0004544092706133	0.00239127	-1.020000000000014e-05	1.0404000000000284e-10	5.7181722129e-06	0.000140103	-5.002699999999999e-05	2.5027007289999992e-09	1.9628850609e-08	0.000235756	5.3226e-05	2.8330070759999995e-09	5.5580891536e-08	0.0	0.0	0.0	0.0	0.0	0.0	0.0	0.0	0.0	0.0
325.7271730790541	0.3781288664524709	106098.19128207208	0.1429814396446306	365.6149935410617	0.6580402210318539	0.4330169324956511	133674.3235020306	217.09715394498744	0.4047078757450322	0.1637884646900564	47131.17425101357	216.15174355397468	435.9337906307644	1.129056	23.494865	0.0916010826	0.0595143	-0.0444756597	-0.0076702418	-0.0421230854	0.1101552403	-0.0066380165	-0.0328613131	0.0023110181	0.0344933247	-0.08479536	-0.0191247967	-0.0912846601	0.1101533359	0.029272077	-0.0475673175	-0.0203887328	-0.0069216675	0.0529336494	0.0091931699	0.0388173719	-0.0952813172	0.0932141512	-0.0593802942	0.0239654025	0.0787738339	-0.0109554504	0.0860984793	0.0157479719	0.1777647218	-0.0026384418	0.0256411141	-0.005487177	-0.034056286	0.0895767396	0.0546833055	0.1273614145	-0.0520207473	-0.0382488594	0.0417612184	-0.2184318685	0.0450366356	0.0267513613	0.0685202221	0.0154624927	-0.1139428938	0.0661808556	0.072770526	0.056306763	0.0513148583	-0.0301185858	-0.0044613379	-0.0458136753	0.0766440462	0.0423866731	-0.1212501028	-0.0638645167	-0.0119689772	-0.0495948882	-0.0352892615	-0.1486694544	0.0679399293	0.0811687455	-0.1189273466	-0.0149853556	0.045561088	0.0187612983	0.0128272017	-0.0604892907	-0.0087954954	-0.0317204088	0.0951598207	0.0902062878	-0.0756714048	-0.0292154262	0.045383696	-0.0103163418	0.0808900939	-0.0080792546	0.1904721764	-0.027114387	0.0188032638	-0.056121207	0.0373226177	-0.0930711966	-0.0632509566	-0.0097920973	-0.1224569782	0.0380350504	-0.0110413625	0.2029311037	0.0847242363	0.0108511332	0.0293195449	0.0945742657	0.1075235217	0.0519622568	-0.0019106293	-0.0982764771	0.0359105066	6.43344e-05	-0.0256369798	0.0251691628	0.0993434066	-0.0971932513	-0.1177810371	-0.0767792616	-0.01009101	-0.0051774261	-0.0046857057	-0.1545561535	-0.1493402992	-0.0369098754	0.0749834174	-0.0620239193	0.0369854692	0.0130054949	-0.0850078057	-0.0673364369	-0.0642959483	-0.0770206339	-0.0312175634	-0.0367678339	0.1562408102	-0.0528074403	-0.1405012269	0.1006138244	0.0765098939	0.0823231862	-0.0601220061	-0.0993745042	-0.0611650849	0.0642140099	0.0131973721	-0.0020081804	-0.1085380535	0.0449627491	-0.086244407	-0.1096183565	0.0	0.01429	0.0007228	0.0002042041	5.224398400000012e-07	0.106283	-0.0150809999999999	0.011296076089	0.0002274365609999	-0.0188413	-0.0188690776	0.0003549945856899	0.0003560420894748	0.00330127	0.0009099999999999	8.280999999999996e-07	1.08983836129e-05	-7.219109999999998e-05	-0.0002122941	4.506878489481e-08	5.211554919209997e-09	0.000252026	1.6269999999999978e-05	2.647128999999993e-10	6.3517104676e-08	0.0	0.0	0.0	0.0	0.0	0.0	0.0	0.0	0.0	0.0
325.2984811364905	-0.4286919425636029	105819.10182970768	0.1837767816189554	365.2103769086464	-0.4046166324152977	0.1637146192270962	133378.61940175557	216.9938645100989	-0.103289434888552	0.0106687073595964	47086.33723502715	216.08354992643163	433.0756247133391	1.052741	21.906805	0.0668116599999999	0.0444418	-0.0278643438	-0.0238721236	-0.0001071592	0.085774343	0.0721189846	-0.0450702969	-0.0086590834	0.0353685549	0.0028747991	-0.0650963148	-0.1341587504	0.0098918069	-0.0241272152	0.0314039035	-0.0799644624	0.0405046517	-0.0162670338	0.040085315	0.0741793817	-0.0228061435	-0.0368395801	-0.027623301	0.1783430536	0.0234781181	-0.0287069018	0.0603652065	0.1195983822	0.0908449585	-0.0272987442	-0.0139478363	-0.0814029534	0.0485934561	-0.0454468947	0.0488274079	-0.0923457281	0.0191758762	0.0469280823	-0.1054741335	0.0386003112	-0.1039776909	0.0941403838	-0.0886153618	0.0677622065	0.17672781	0.1112781766	-0.1344799885	-0.0417139183	-0.0338489884	-0.0849745263	0.1483306296	-0.1331724027	-0.0419931798	-0.0224434102	0.0006991225	-0.0868040622	0.1503858234	0.036069916	0.0209029715	0.1430056646	-0.1204728616	0.1376561104	-0.0198816553	-0.002874726	-0.0403027245	0.0810590388	-0.0342447581	0.0136651941	-0.0517896644	-0.0785228175	0.0197415702	-0.0166503231	-0.0384553485	-0.159810353	-0.1002063813	0.0079871543	0.0522467302	0.0743197166	0.0927248389	-0.0476663117	-0.0032202319	0.1237078634	0.0145154489	-0.0038375542	-0.0500810419	0.018006078	0.0868291283	-0.0185681683	-0.0670912408	-0.0342186253	-0.1062792304	-0.1222133381	-0.0450555443	-0.0783459575	-0.2083960503	0.0701949494	0.1509868831	0.0548138717	-0.0457109087	-0.1166493449	-0.122334347	0.066534872	-0.0521134515	0.0016506003	-0.0097445759	-0.0414536023	-0.1914045984	0.0096274708	0.0086364669	0.1225513933	0.1289817404	-0.0309153531	0.0524172029	-0.0803412754	0.0924996054	0.038126982	-0.052684589	0.00810154	0.072490357	0.0390479226	-0.0749490124	-0.0771738781	0.0987196203	0.026975175	-0.0427720557	-0.0208148691	0.0594553848	0.0063507831	0.0857542127	0.0454051145	0.0798683953	0.0249050927	0.0383360548	-0.0914054267	-0.0110791994	0.0424380632	-0.0899235378	-0.1060665123	0.0	0.0191584	0.0048683999999999	0.0003670442905599	2.3701318559999986e-05	0.120554	0.0142709999999999	0.014533266916	0.0002036614409999	-0.0208895	-0.0020482	0.0004363712102499	4.19512324e-06	0.00253682	-0.0007644499999999	5.843838024999998e-07	6.4354557124e-06	1.19281e-05	8.411919999999999e-05	7.0760398086399985e-09	1.4227956961e-10	0.000315938	6.391200000000001e-05	4.084743744000001e-09	9.9816819844e-08	0.0	0.0	0.0	0.0	0.0	0.0	0.0	0.0	0.0	0.0
325.0411593369627	-0.2573217995278014	105651.7552631168	0.066214508512226	365.8645337817167	0.654156873070292	0.4279212145851021	133856.85707931293	216.9602884570301	-0.0335760530687991	0.0011273513396788	47071.7667673577	215.9897035540593	429.4499659110424	1.110702	23.112934	0.0350100399999999	0.0205002	-0.0099502219	-0.1039102049	-0.0023487965	-0.0518215311	0.1146244918	-0.0614763959	-0.0853377061	-0.1315592977	0.0268280985	-0.0835530021	-0.114011248	0.0017224921	-0.1161178848	-0.0066083351	-0.0196726065	-0.0759063296	-0.0033906996	0.0558603706	-0.0301979609	0.0166930074	-0.0592721111	0.0568851028	-0.017659972	-0.0897784015	-0.0124821032	-0.0848629376	-0.0455455205	0.0025085762	-0.0089493418	-0.103141711	-0.0528485839	0.0164109253	-0.0079237594	0.0173040253	-0.0693652335	-0.0487023388	-0.024937019	0.0355665019	-0.0643941067	-0.0213895745	0.0058799711	-0.0302736333	-0.0814416059	-0.1523766967	0.0805442883	-0.1252403412	-0.0786155401	0.0120802689	0.1558904552	-0.0433006694	-0.1009229502	0.1439141078	0.115924544	0.0078224461	-0.0282979423	0.0049552646	-0.0524928569	0.0108935848	0.1868167763	0.0405252418	0.1071179464	-0.0068557175	0.1176871256	-0.023241656	0.0412461766	0.0732171464	0.0128850212	-0.051084722	0.0328023869	-0.0203271907	-0.0490348664	0.0536874331	0.0462253918	-0.0382946977	0.0141588243	-0.1125353111	-0.0339651369	-0.030571325	-0.0255949648	-0.102720078	0.0427941129	0.0086216303	-0.0344040034	-0.0072304939	0.0808859181	0.0292617348	-0.0017213758	0.0238184645	0.0626581705	0.0064371755	-0.0245253977	-0.0586983461	0.0098787103	0.1409225062	0.0344279178	0.1383326732	0.1060874438	0.0255663169	0.1297231362	-0.0688464107	-0.0967530441	0.0083215256	-0.1656673454	0.033745856	-0.0977093441	0.0197790889	0.060758488	-0.0189912473	0.2080331122	-0.0259013738	-0.0263136781	0.0209825128	-0.0724812009	-0.0138081234	0.0190563137	-0.019037133	0.1237355053	0.120313702	0.0419814872	0.0278115508	0.0428953482	0.116644946	-0.0022818229	-0.0536498879	-0.0508817523	0.0694472705	0.0662514751	-0.0213500661	0.046824899	-0.0211731506	0.0998489284	-0.0296320564	-0.0728452764	0.0846309668	0.0398916998	-0.09341896	-0.1020272243	0.0	0.0177409	-0.0014174999999999	0.00031473953281	2.009306249999996e-06	0.128218	0.007664	0.016439855524	5.873689600000007e-05	-0.0105909	0.0102985999999999	0.00011216716281	0.0001060611619599	0.00229375	-0.0002430699999999	5.9083024899999884e-08	5.261289062500001e-06	7.654389999999998e-05	6.461579999999998e-05	4.1752016096399975e-09	5.858968627209997e-09	0.000320851	4.912999999999999e-06	2.4137568999999983e-11	1.0294536420100002e-07	0.0	0.0	0.0	0.0	0.0	0.0	0.0	0.0	0.0	0.0
324.60274169511337	-0.4384176418493553	105366.93991598448	0.1922100286847495	364.7417759502771	-1.1227578314396285	1.260585148059017	133036.56312336214	216.693386700266	-0.2669017567640992	0.0712365477637623	46956.023839631016	215.72301060551555	428.0752797692058	1.153989	24.013712	0.0484680999999999	0.0219805	0.0024916443	-0.195241962	-0.0183775621	-0.1025630897	-0.0724622484	-0.0669634747	0.1307491865	-0.1876730151	-0.1108941559	-0.0312679067	-0.0245842063	0.009436032	-0.0882259691	0.0122450916	0.1228840755	0.0008014272	-0.0215610438	-0.1130121041	0.0453121173	0.0080017243	-0.0239772155	-0.0168849572	0.0817012812	-0.020222441	0.0370094999	-0.0679467368	-0.0322498793	0.1158119417	0.0619823228	-0.1736534459	-0.1269366729	0.1137860208	0.0147950842	-0.0140904472	0.1367447311	-0.0570138745	-0.1402559324	0.0043342513	0.1173836987	0.0524885444	0.141417985	0.0114220441	0.0783876589	0.0093605961	0.1213851245	-0.0976953961	-0.0416627193	-0.1587483704	-0.1431216022	-0.0234481179	-0.0531246867	0.0062889696	-0.1905424158	0.107232656	-0.0439672284	0.0030906056	0.005403239	-0.0266092697	0.0718635872	-0.0541214215	0.0178912232	-0.0012137342	0.1099567849	-0.0292783396	-0.1042284444	-0.010111852	0.0166761467	0.1189609665	-0.0554255845	0.0024205225	-0.0116853276	-0.0401211861	-0.0431245166	-0.0397453389	0.0649364452	-0.0812747666	-0.0458745197	0.083143804	0.0144471201	-0.1725233156	0.1167769697	-0.0459532203	-0.1277436475	-0.0010149633	-0.0095399121	-0.1503588451	0.1003000603	0.0636009967	-0.1051810968	0.0403214848	-0.1316063277	0.0878144473	0.0181447589	-0.0557247808	0.0575845986	0.1431875762	0.0581590045	-0.1559954425	-0.1772679044	0.0371103757	-0.1107117635	-0.1622302193	0.0641378174	-0.029053415	-0.0079399831	-0.031632832	-0.0144333748	0.0169934351	0.0015094538	-0.0345779115	-0.0204713491	-0.012712491	-0.0752260885	-0.0997532451	-0.0675655258	-0.0655622209	0.063719184	-0.0495365882	-0.0809971441	0.0147947469	0.120669533	0.104730034	0.0170149033	-0.0421130737	0.0036156015	0.1208056654	0.0161100868	0.0991457973	0.0600428709	0.0735020623	-0.1214790259	0.1029866455	-0.0938514756	0.0413024908	0.0373249597	-0.0967235326	-0.0975190556	0.0	0.0113963	-0.0063446	0.00012987565369	4.025394916000001e-05	0.136505	0.0082869999999999	0.0186336150249999	6.867436899999981e-05	0.0086645	0.0192554	7.507356025e-05	0.0003707704291599	0.0024615	0.0001677499999999	2.8140062499999978e-08	6.0589822500000005e-06	6.82719e-05	-8.271999999999978e-06	6.842598399999964e-11	4.661052329610001e-09	0.000436451	0.0001156	1.336336000000001e-08	1.9048947540100002e-07	0.0	0.0	0.0	0.0	0.0	0.0	0.0	0.0	0.0	0.0
324.28126771228506	-0.3214739828283086	105158.34058908669	0.1033455216354956	364.08023401149535	-0.6615419387817383	0.4376377367671011	132554.4167978652	216.60097176270463	-0.0924149375613581	0.0085405206844697	46915.98096854797	215.6262602207984	422.07246190013024	1.180402	24.563335	0.0836661329999999	0.0491588	0.0321412085	-0.1358280905	0.010566816	0.0621085789	-0.0664405755	-0.0901588835	0.1206577783	-0.0186885919	-0.0318710623	0.007565784	0.0243667437	0.071172507	-0.0074778086	-0.1702096553	0.1242723341	0.0585843819	-0.0645201502	0.0766511226	0.0405559815	-0.0418930402	-0.0474864518	0.0024459504	-0.016817815	-0.0785684927	-0.0108192405	-0.0284132181	-0.2105738405	0.1481564763	0.0430137938	0.0168191947	-0.0212008066	-0.081789424	0.0779572862	0.0224072244	-0.0642790571	0.0719326612	-0.0049587084	0.1142598792	-0.055160856	-0.1188725795	0.0277912162	0.0449534161	-0.01219599	0.0642274913	0.0547668592	0.0309519771	-0.0936045242	-0.0762581868	0.1021984318	0.0453297594	0.1686382718	-0.0974866863	-0.0693326608	-0.1513394875	-0.0493985772	-0.0767873191	-0.0347423626	0.0853687883	0.1278469859	-0.122002937	-0.0315131882	-0.0681730199	0.073318142	0.1671545627	-0.0959362144	-0.0815477758	0.0659985563	-0.0705621812	-0.0391218646	0.0435224266	-0.0494195469	0.0094025971	0.084637844	-0.0399822638	0.0383080084	-0.0634987786	-0.2020958194	0.1181602813	0.0307041676	-0.0242313625	-0.0548477239	0.0959832719	-0.0580230139	-0.0126849343	-0.0042764647	0.0984288508	0.0154682135	0.0956729363	0.0984526982	-0.0897636884	-0.009489153	0.0339350984	-0.0003061373	-0.030448171	0.0745996141	-0.0797244609	0.0775616804	-0.0800534289	0.123981057	0.0482523966	0.1078294213	-0.0343540456	0.1698340127	-0.1166809064	-0.0528381972	0.0435223789	-0.0109905544	-0.094146323	0.1308075949	0.0537900833	-0.0590298223	-0.0060586777	-0.0655908759	0.0741134096	-0.0054811697	-0.1093999649	-0.0346365871	-0.0691263664	-0.1155718768	0.0409250583	0.0493904932	0.0700012643	0.0113154506	-0.0143636958	-0.0219189299	-0.0580588901	0.0442072477	0.0443639152	0.0981182502	-0.1088361118	0.154780863	-0.1560492946	-0.0496478734	-0.0208570105	0.034739154	-0.0998305046	-0.0925627242	0.0	0.01428	0.0028836999999999	0.0002039183999999	8.315725689999997e-06	0.108758	-0.0277469999999999	0.0118283025639999	0.0007698960089999	-0.0098994	-0.0185639	9.799812035999998e-05	0.00034461838321	0.00301374	0.0005522399999999	3.0496901759999986e-07	9.0826287876e-06	-8.57476e-06	-7.684666000000001e-05	5.905409153155601e-09	7.352650905760001e-11	0.000496795	6.0343999999999936e-05	3.641398335999992e-09	2.46805272025e-07	0.0	0.0	0.0	0.0	0.0	0.0	0.0	0.0	0.0	0.0
324.0300904159381	-0.2511772963469525	104995.49949496104	0.0630900342001648	363.198807356144	-0.8814266553513335	0.7769129487638384	131913.3736649254	216.44947362585543	-0.1514981368491987	0.0229516854687785	46850.37463290989	215.5214191911656	419.6396512750247	1.046166	21.769979	0.084793127	0.0497559	0.0427180162	-0.0366407901	0.0242585105	0.0967684153	-0.0304171141	0.0222671741	-0.0252593168	-0.0121359531	0.0507296879	-0.0557912765	0.0324498733	0.0333183296	0.1493651057	-0.0819167345	-0.0094691906	0.0186011224	-0.1405822431	-0.0371064286	0.0475495032	-0.0888519161	9.66206e-05	-0.0688519091	-0.0144645871	0.1827940762	-0.0167491792	0.0028954227	-0.0956478444	-0.0486738814	-0.0427335162	0.0785174874	0.1149191482	-0.011777437	0.0395086249	0.074983286	0.1577232519	-0.0680449159	-0.0539562761	0.0640970746	0.1545538487	-0.1985684936	0.0040652629	-0.0723701112	-0.0698111197	-0.1286607567	-0.0408633659	-0.0048422113	-0.0840977761	0.0412762665	0.1040346813	0.0281838619	-0.0253302461	-0.00195188	0.046060491	0.0134818029	0.0748591419	0.0450800842	0.0074612528	-0.0280170429	0.1030842415	-0.0045919996	-0.0269109675	-0.0375969515	-0.125363777	0.1156691161	-0.0118152651	-0.0243972022	0.1285017294	0.0358277099	-0.0574568207	0.0870531524	-0.0202210617	-0.0922005383	-0.0529139062	0.1226087466	-0.0655779194	0.0585684969	-0.1129964377	-0.0292252498	-0.0090375652	0.094058146	-0.1179529433	-0.047907831	0.0246106	-0.0812398369	-0.0232366432	-0.1539387425	0.0230597711	0.1117565772	-0.124018242	-0.1941181456	-0.0315914747	-0.09919791	0.0662456753	0.1163558824	-0.0196462138	-0.0329372162	0.0903925215	0.0427363643	0.09150138	-0.0872336421	-0.0180994534	-0.0063721855	-0.0226330806	0.027892213	0.080092989	0.0003682392	-0.0097490411	0.0438831966	0.1084453061	-0.0253888935	-0.0271412742	-0.0279142241	-0.0666243534	0.0627595296	0.1174289458	-0.0192926259	0.0162717233	0.0183601757	-0.0889935645	-0.0107115528	-0.0454740503	0.0772269863	0.065594062	-0.0972789924	0.1093042478	-0.0490859578	-0.1038985748	-0.0940431498	-0.0073973774	-0.0780395033	0.0565976071	0.068199547	0.0651478671	-0.104667055	0.0321356035	-0.1027335286	-0.0871810076	0.0	0.019571	0.005291	0.000383024041	2.7994681000000023e-05	0.131612	0.022854	0.017321718544	0.000522305316	0.00927867	0.01917807	8.609371696889998e-05	0.0003677983689248	0.00239795	-0.00061579	3.791973241000002e-07	5.750164202499999e-06	-1.22919e-05	-3.71714e-06	1.38171297796e-11	1.5109080561e-10	0.000626689	0.000129894	1.687245123600002e-08	3.9273910272100004e-07	0.0	0.0	0.0	0.0	0.0	0.0	0.0	0.0	0.0	0.0
324.4627541617434	0.4326637458053142	105276.07883822394	0.1871979169342855	363.7983551700814	0.5995478139373631	0.359457581197071	132349.24322445667	216.3161561546959	-0.133317471159529	0.0177735481163718	46792.679413542784	215.3936505687945	420.386407497704	1.026979	21.37072	0.0532558649999999	0.0295561	0.0371553291	-0.0038808377	0.0383815578	0.0550227731	0.0316292134	0.140371532	-0.0205765064	-0.0600165352	0.0529187737	0.0957803169	0.0316474602	-0.0465549554	0.1103691349	0.0295439002	-0.1034143163	-0.0331059248	-0.1946136846	0.0423350285	0.0004884135	-0.098841232	0.07241771	0.0829202076	0.0159130536	0.0362356623	0.0736911652	-0.0230901031	-0.0167645983	-0.2124085196	-0.0914452514	-0.1277577011	-0.0448246547	-0.033312941	0.0948882536	-0.1279433207	-0.1944106263	-0.0243137443	0.1751412236	-0.0406901689	-0.021280285	-0.0775634373	-0.0500811576	0.0397161468	0.1491167441	0.0806260035	0.0577088009	-0.1221977874	-0.1650789289	0.0158636656	-0.1239096441	-0.0510402933	-0.0730881533	-0.1100172381	0.0013251038	0.0466168718	0.0070317757	-0.0232244054	0.0873275725	-0.2749066054	-0.0453357281	0.0159577903	-0.021270366	0.0417077577	-0.1448029013	-0.0006931326	0.0749444304	0.0324633631	0.1936331066	-0.0268400484	0.0080339126	0.096043726	0.0850987099	0.0885800638	-0.065310677	0.057716963	0.045808239	0.0062941752	0.0038239346	-0.2319314438	-0.0642015177	-0.0793150076	-0.0281270808	-0.0122798745	-0.1074952893	0.1204857057	0.0586153836	0.1612186439	-0.1649919063	-0.0763653218	0.0493826813	-0.1099768192	0.0541074007	0.042967769	-0.0239654172	-0.1537700678	0.0530324485	0.0864100964	0.1945836487	0.0234159255	-0.1234058845	0.021283895	-0.0355074327	0.0754623967	0.0542661898	-0.0217621001	0.028982672	-0.0081986188	-0.0470804433	0.294954271	-0.0655964521	-0.05172215	0.0013551781	-0.0500549171	-0.096970277	-0.0765537356	0.003403528	-0.014162055	0.1020289369	0.0350009726	0.025708371	-0.078394688	-0.0899020639	0.0052706662	0.0701188151	0.0219485556	-0.0426361818	-0.1038875005	-0.1297368328	0.0970937706	0.0511169085	0.0789025713	-0.0613066445	0.0157270069	-0.0026109897	-0.0434194546	0.0295156382	-0.1054266739	-0.0813986382	0.0	0.0235232	0.0039521999999999	0.00055334093824	1.5619884839999994e-05	0.149971	0.0183589999999999	0.0224913008409999	0.0003370528809999	0.0205768	0.01129813	0.0004234046982399	0.0001276477414969	0.00210986	-0.0002880899999999	8.299584809999998e-08	4.451509219599999e-06	4.10428e-05	5.33347e-05	2.8445902240899997e-09	1.68451143184e-09	0.000678195	5.150599999999999e-05	2.652868035999999e-09	4.59948458025e-07	0.0	0.0	0.0	0.0	0.0	0.0	0.0	0.0	0.0	0.0
325.67722227537143	1.2144681136280155	106065.6531090017	1.4749327990191905	365.24298971501736	1.4446345449359796	2.086968968422385	133402.4415359643	216.575084268514	0.2589281138180865	0.0670437681253919	46904.76712591394	215.62278584105832	430.578940586177	1.144784	23.822153	0.10557568	0.0567312	-0.0138028998	0.0487442721	-0.0117551315	-0.0789075085	0.0470126824	-0.0417945432	-0.0729684224	0.0286968811	-0.0750911664	0.1515562653	0.0299878217	0.0108749845	-0.1156939141	0.0702027599	-0.0579140452	0.0364215997	-0.0528223886	-0.0730337042	0.0143834321	-0.000540836	0.1300306096	0.0077236651	-0.0626424741	-0.0016715508	0.0917841353	0.0286908752	-0.0483252584	-0.1013885686	0.0459495689	0.0132070528	0.0891291644	0.1178000097	-0.0322178341	-0.0616241403	0.0582008942	0.1304011024	0.1131737934	0.031344777	-0.1547698751	0.0564421446	-0.0982394183	0.1359444282	-0.1204132541	-0.0550733414	0.1155749514	0.116825345	-0.0556698682	0.0411740492	-0.0667875452	0.0062398486	-0.0821168516	-0.0499752992	0.1163425592	-0.0840827428	-0.0803395681	0.0948304115	0.1619122113	-0.0454611641	0.0149534598	0.1421571964	-0.0318044534	-0.00561764	0.0689348172	-0.1038827744	0.0800094005	-0.0360030161	0.045514964	0.0734369705	-0.0224922605	0.0141989476	0.1234476446	0.0281670299	0.0806737866	0.0642727232	0.0569930385	0.0342341478	-0.0221138939	-0.0777958908	0.0708792128	0.0328587095	0.0271948586	-0.160843947	0.0656598015	0.0328475002	-0.1379022074	0.0147900126	-0.0341819708	-0.0357493465	0.1622561177	0.0477398503	0.094930192	0.0880877156	-0.0923582959	0.1508734095	0.1372975433	-0.0709838621	0.0205090051	0.0638654458	-0.068645022	-0.0828126932	0.0261031607	0.1535057072	-0.0328295432	-0.03637702	-0.0250759784	-0.1479012475	-0.1268270136	0.0596037455	0.0750646736	-0.0883643368	-0.0531999019	0.0137698867	-0.044992843	0.0099804477	-0.1157168137	-0.1034478395	0.0427645501	-0.0357607954	0.0594056544	0.0077747745	0.0145810859	0.0092323765	0.0658395945	0.0386803127	-0.0343136861	-0.0143052432	-0.0518873944	-0.119540356	0.0225571106	-0.1054131185	0.2101829571	0.0533410669	0.0290088394	-0.059192619	0.0268805962	-0.1079044385	-0.0752421898	0.0	0.0100875	-0.0134357	0.0001017576562499	0.00018051803449	0.10814	-0.0418309999999999	0.0116942596	0.0017498325609999	-0.00175502	-0.02233182	3.0800952004e-06	0.0004987101845123	0.00246881	0.00035895	1.2884510250000017e-07	6.0950228161000006e-06	0.00019013	0.0001490872	2.222699320384e-08	3.61494169e-08	0.000626689	-5.150599999999999e-05	2.652868035999999e-09	3.9273910272100004e-07	0.0	0.0	0.0	0.0	0.0	0.0	0.0	0.0	0.0	0.0
326.39879545535524	0.7215731799838068	106536.17367470684	0.5206678540719432	365.8906618284544	0.6476721134370678	0.419479166524038	133875.9764132644	217.133306598298	0.5582223297840017	0.3116121694694787	47146.87283431048	216.14828099427976	441.8801501235093	1.133626	23.589964	0.0758462599999999	0.0409157	-0.0647955787	0.0411610882	-0.0637028191	-0.0909371825	-0.0757606421	-0.0810283845	0.0407950188	0.0470617702	0.0464819024	-0.0965946174	-0.0607461092	0.0947296825	-0.1387768569	0.017805415	0.0759552665	-0.0879150279	0.0096423339	-0.0450797888	0.1033528614	-0.0597576362	-0.131456374	-0.0150936426	-0.0578442373	0.0519055941	-0.0027733068	-0.0393894471	0.1101671777	-0.0767910419	-0.1045886392	-0.0380290946	-0.0614011985	0.0949748956	-0.0023750614	-0.0989061206	0.0633622593	0.1246979205	0.0557621914	-0.0764078917	0.1351112702	0.0833008856	-0.0636579647	0.1471776193	0.0126240936	-0.0656330909	0.1003042478	0.010361949	0.0898841374	0.0725414889	0.010445693	-0.0015343079	-0.0994021808	0.0086981191	-0.0550012154	-0.1566718845	0.0042607275	-0.0170832791	-0.0997389384	0.014018057	-0.0160509633	0.0383370342	0.0472748563	-0.0881389945	0.1564360162	-0.0518494473	-0.0512355837	0.0765545979	-0.0060897364	0.0352451661	-0.110047862	0.0424119426	-0.1359200836	-0.0249089959	-0.0222546914	0.0604898864	-0.0373687361	-0.0068083166	0.0952310007	-0.0782847772	-0.0942504238	0.0048326855	0.073493093	-0.097137433	-0.0364568237	0.0826362878	-0.1194801689	0.0316840238	-0.0244405519	-0.0729551667	-0.1441116078	0.0266249178	0.0926800841	0.1859930169	-0.0146340501	0.0805385657	0.0610976633	0.082679433	-0.0771475102	0.055564877	0.0184671388	-0.0518939069	-0.0259940925	0.0531695144	0.0064123639	-0.1667245458	-0.0221257727	-0.009308138	0.1064542135	-0.051688912	-0.0292136091	-0.0538083464	-0.0631890912	0.0556109548	-0.0951811679	0.0596829317	0.05964805	0.0156913826	-0.0017489722	-0.0104575734	0.031488626	0.1435294416	0.0375272932	-0.0109122676	0.1581166293	0.0548477645	0.0365138583	0.0737351027	-0.1154793936	0.0202994484	0.0436251967	0.0268433251	-0.12988031	0.0824773268	-0.0455213451	-0.0346602328	0.0242318235	-0.1101617605	-0.0687399551	0.0	0.0186201	0.0085326	0.00034670812401	7.280526276000002e-05	0.131656	0.0235159999999999	0.017333302336	0.0005530022559999	-0.0320979	-0.03034288	0.0010302751844099	0.0009206903666943	0.00258481	0.0001159999999999	1.3455999999999952e-08	6.6812427361e-06	3.70344e-05	-0.0001530956	2.343826273936e-08	1.37154678336e-09	0.000626689	0.0	0.0	3.9273910272100004e-07	0.0	0.0	0.0	0.0	0.0	0.0	0.0	0.0	0.0	0.0
325.90786234364845	-0.490933111706795	106215.93473740653	0.2410153201701164	365.4485294582191	-0.4421323702352993	0.1954810328098837	133552.62768317483	217.061023818122	-0.072282780175982	0.0052248003099693	47115.48806097133	216.08196150136047	440.30276683716926	1.122723	23.363075	0.058204085	0.034569	-0.0588115974	0.0050394513	-0.0397957402	0.0197183237	-0.076143822	0.0947823272	0.0546439541	-0.1247430193	0.1026708306	0.0116727961	-0.0690274932	0.117660799	-0.0196087295	-0.0115184765	0.1165042843	-0.0993833557	-0.0566345551	-0.029686839	-0.1043471484	-0.1178593167	-0.067069012	-0.0181191856	-0.0948905643	-0.0509709677	0.0312976265	-0.0146741202	-0.0956914941	0.0103490361	-9.87483e-05	-0.0858543507	-0.107717357	0.0040787307	-0.0822767748	0.0026767946	0.1093385398	-0.0436445519	-0.0457068534	-0.086169374	-0.0582967106	-0.1668880318	-0.0635979377	0.0196980065	-0.0501023021	-0.1677869944	-0.2097036588	-0.0523545344	0.0225901024	-0.197924874	-0.0660113608	-0.0724729857	-0.1437208228	0.0703923854	-0.0869833503	-0.0573648214	0.0192447438	0.031898803	0.0831601306	0.0187957109	-0.1812542971	-0.0287968542	0.0506098559	-0.1205974747	0.0645160126	0.0151829765	-0.1112999501	0.0939897207	0.058297872	0.0400182662	0.104199998	0.1257180645	-0.0751630903	0.012147698	0.1133529052	0.0177982785	0.0323017503	-0.0105902228	-0.0780976181	-0.0320580235	-0.0170290298	-0.1006957546	0.0969268608	0.0391807983	-0.0220926224	0.0019757007	0.0133479648	-0.0996546376	0.1068828779	-0.0951402505	0.0485698653	-0.1735023962	0.0385496273	-0.0471215662	0.0039532722	0.1555164168	-0.2246283963	0.0156509659	0.0086085703	-0.1793378245	-0.0557518157	-0.0336488867	-0.1276628221	0.0059605757	-0.1062246136	-0.113912828	0.0799767871	-0.0539627119	-0.0552791136	-0.0048467538	-0.2090488565	0.033121816	-0.0518137521	0.0243485592	-0.1065779202	-0.1209919841	0.0138172082	0.0906703722	0.067912526	-0.0700137383	-0.0619843235	0.0547132976	-0.0109432067	-0.0098363801	0.0855760279	0.1619958184	-0.0394995534	-0.1293593856	-0.0011416669	0.063808193	0.094379078	-0.1126356624	0.0157412629	-0.0890462127	-0.0362014032	0.0269539492	0.0215706732	-0.1121940284	-0.0619218161	0.0	0.0213945	0.0027743999999999	0.00045772463025	7.697295359999998e-06	0.140859	0.009203	0.019841257881	8.46952090000003e-05	-0.0140666	0.0180313	0.00019786923556	0.00032512777969	0.00215192	-0.00043289	1.873937521e-07	4.6307596864e-06	2.63647e-05	-1.06697e-05	1.1384249809000002e-10	6.950974060899998e-10	0.000506341	-0.000120348	1.4483641104000013e-08	2.56381208281e-07	0.0	0.0	0.0	0.0	0.0	0.0	0.0	0.0	0.0	0.0
325.7603496887071	-0.1475126549413516	106119.80542930872	0.0217599833678462	365.225329338494	-0.2232001197251065	0.0498182934453019	133389.54119041143	216.81860277753225	-0.2424210405897611	0.0587679609206226	47010.30651040132	215.90683500978864	436.5390570324446	1.139824	23.718954	0.06962596	0.0435412	-0.0392869617	-0.0113027531	-0.0286250623	0.0827028589	-0.0099158561	-0.0437794456	0.0887519606	0.0120840869	-0.0709725866	0.1101301781	-0.0526428717	0.075179901	0.0931854369	-0.0232917855	0.0469861432	0.0875745379	-0.02171229	-0.1912403866	-0.0246424542	-0.0812725993	0.0068081079	-0.0051736407	-0.0664345662	0.1313461084	-0.0935013002	0.0159642442	-0.0104791136	0.0788725695	-0.0451027596	0.1524190894	-0.0017015261	0.0189050202	0.0597046618	-0.1079461328	-0.0223731482	0.1604321371	-0.0318340019	-0.0731148213	-0.0437198425	-0.0748257283	0.0292593519	0.2032635272	-0.1453241975	-0.0484554467	-0.0625323017	0.0415807931	-0.007767898	-0.0751089284	0.0737603933	0.0487166983	-0.0101942907	-0.0420199943	-0.0523789473	0.097053575	0.0589603959	-0.0362928928	0.056518664	0.0995501277	0.05883132	-0.038830226	0.0528204223	-0.0826420973	-0.0813881289	0.0443187046	-0.0545699009	-0.0879775546	-4.61923e-05	0.182881389	0.0072319338	0.0928814633	-0.0068764389	-0.0324778072	-0.0061107238	0.0797884308	-0.1444416398	0.0342780714	-0.0318381742	0.0965712048	-0.0358583012	0.1396921364	-0.0484809642	-0.0177532273	-0.0368360463	0.0763540247	-0.0819211247	0.1203045378	0.1200007883	-0.0770129096	0.0512529702	-0.0738453082	-0.0365804399	0.1536463389	-0.1408947088	0.1458802989	-0.0427984313	-0.078858948	0.0119406707	-0.0598751638	0.0436269339	-0.0705034136	-0.0330082971	-0.0592306989	0.06352488	0.0776109485	0.0769871625	0.0583002786	-0.0489550087	-0.0668733692	0.0615903355	0.1245311396	-0.0785174801	0.0281728462	-0.0941403574	0.0243355931	-0.036726238	-0.0384633932	-0.0903364408	-0.1505863976	-0.0202780515	-0.1008240215	-0.0471563865	0.017912509	0.0561962213	-0.0121955835	0.0958055775	-0.0667644723	-0.0651206721	-0.0916608153	-0.0106209851	-0.1184296124	0.0256205	0.0574701351	0.1074669937	-0.0289426851	0.0188985047	-0.1139970903	-0.0548191066	0.0	0.0226385	0.0012439999999999	0.0005125016822499	1.5475359999999966e-06	0.111263	-0.029596	0.012379455169	0.000875923216	-0.0189413	-0.0048747	0.00035877284569	2.3762700090000007e-05	0.00264548	0.00049356	2.436014736000001e-07	6.9985644304e-06	1.93925e-05	-6.972199999999997e-06	4.861157283999997e-11	3.7606905625e-10	0.000684034	0.000177693	3.157480224900001e-08	4.6790251315600003e-07	0.0	0.0	0.0	0.0	0.0	0.0	0.0	0.0	0.0	0.0
325.9311922942464	0.1708426055392919	106231.142110349	0.0291871958674541	365.5953242461272	0.3699949076331563	0.1368962316744679	133659.94111063087	216.75783281703863	-0.0607699604936158	0.0036929880983956	46983.95808753927	215.81931067607343	437.4081605860711	1.116992	23.243837	0.0333962049999999	0.0213875	-0.0434180097	-0.0020136879	-0.0090942856	0.085495494	0.0861171531	-0.0994202155	-0.0549586223	0.037639708	0.055735836	0.0097231234	-0.0702214956	-0.0037565896	0.0147208565	0.0298577077	-0.0716081542	0.0967124782	-0.1506003046	0.0389952615	-0.0074230214	-0.1348974294	0.0583872229	0.0356820123	0.1442951655	0.0244798791	-0.1070522327	-0.0732128725	-0.0532746153	-0.0377650314	0.0945531367	0.0942186797	-0.0184712698	-0.0744377103	0.1470283393	-0.0908484701	-0.0395508594	-0.0255579946	-0.0930859986	-0.0550402424	0.0475944864	0.1008072671	-0.0047578049	-0.0026599532	0.0617515428	0.0120093938	-0.1780643327	-0.0647746372	0.0774945916	0.0013034745	-0.0247787461	-0.0274687881	0.010057332	-0.1189952793	0.0149323308	0.0735399083	0.0407883485	-0.0800338935	0.09389279	-0.0857904347	0.0325657284	0.0922181101	0.0753407312	-0.0027802465	-0.0407862399	-0.0234531973	0.0688926343	-0.0980423136	0.1402848307	-0.0368065632	0.0086833974	0.133202824	0.062493933	0.001776283	-0.1377636556	-0.0839079706	-0.0733243213	-0.0679595221	-0.0520982911	-0.0266720189	0.1089812027	0.0675793287	-0.1248759064	0.0460259277	-0.1147181161	0.0928878925	0.0620039598	0.0341177787	0.0625947714	0.0015285804	-0.0898622542	0.0933461689	0.0204109576	0.0162964638	-0.0065500992	-0.0753319258	-0.2045848179	0.0303742381	-0.0396201656	0.0129263614	-0.031653847	0.0106708011	-0.0271936141	0.0664681309	0.0867354646	0.0539121883	0.0622538004	0.0675564049	-0.0798345873	0.0842492838	0.0411846861	0.0241656415	-0.1017584572	0.0473058875	-0.1209673803	0.1239455992	0.0134118303	0.0311303634	0.0336754612	0.0338577557	0.1073051055	-0.0573338757	-0.0896586991	-0.0052834339	0.0993667371	0.1367945667	0.0547699705	-0.0876398209	-0.046195443	0.0612245755	0.0796641766	-0.0122131027	-0.0838394089	0.0815638831	0.0230821113	-0.035265473	0.0162166827	-0.1155672626	-0.0474644681	0.0	0.0253487	0.0027101999999999	0.0006425565916899	7.345184039999997e-06	0.116159	0.0048959999999999	0.013492913281	2.3970815999999978e-05	-0.0387919	-0.0198505999999999	0.0015048115056099	0.0003940463203599	0.00267784	3.235999999999994e-05	1.0471695999999962e-09	7.1708270656e-06	8.002659999999998e-05	6.063409999999998e-05	3.6764940828099983e-09	6.404256707559997e-09	0.000709828	2.579399999999999e-05	6.653304359999994e-10	5.03855789584e-07	0.0	0.0	0.0	0.0	0.0	0.0	0.0	0.0	0.0	0.0
325.95320152115085	0.0220092269044585	106245.48958188796	0.0004844060689319	365.77385416215617	0.1785299160289923	0.031872930917319	133790.51238863828	216.684730685686	-0.0731021313526412	0.0053439216082988	46952.272512328265	215.7231555580156	438.9883655657163	1.133552	23.588423	0.08181072	0.048751	-0.0543256839	-0.0022777424	-0.0292605352	-0.1128346143	0.0894063277	0.0076758461	-0.0395538985	-0.12608547	0.0097429061	-0.0060020133	-0.0360616525	-0.0069468664	-0.10251833	0.0699192582	-0.0051560911	-0.1021427369	-0.105579067	0.0279625456	-0.1159743459	-0.040157498	-0.0538957475	0.0381042472	0.0651103554	-0.0005119792	0.1343730484	-0.0373311285	-0.0095474351	0.0554324154	0.0175115685	-0.0558052534	-0.0351722935	-0.0030991944	-0.1440131361	0.0882347885	-0.0360079957	-0.1425601098	0.049343964	-0.0025126141	-0.0639649221	0.0732371492	-0.1001864201	-0.0883936931	0.0807137906	-0.1065206831	0.0257648801	0.1510857229	-0.0065059933	0.0068120643	-0.0401534155	0.0455149574	-0.0269706822	-0.1668246994	0.0226671724	0.0938247333	0.0409306106	-0.028238293	-0.083316845	-0.0704691763	-0.0511844208	0.0248718055	0.0343301357	0.0100788896	0.0778160161	-0.0974738791	0.0226485525	0.091464326	0.1161089342	-0.002684526	0.1163944249	0.0308554039	-0.0492532504	0.0186791342	-0.0627482431	0.0381003778	0.1371270425	-0.0598057046	-0.0222019662	0.0405798418	0.014513891	-0.0674626414	0.1275197983	0.0406911954	0.0899434639	-0.0354805361	0.1247061026	-0.0704237651	-0.0811526622	-0.0566974269	0.0412722447	0.08560954	0.1206101344	-0.1011369532	0.1415586933	0.035666751	0.0556944677	-0.055324017	-0.0020642865	-0.0108394405	-0.0816303013	-0.083931413	0.0096735307	0.0615152484	0.1492068448	0.0729041709	0.0657003466	0.0431037485	0.0747374614	0.0568805037	-0.0576837323	-0.1220881871	-0.0197591083	0.0415494393	-0.1340808982	-0.0756990563	0.0139619116	0.024756899	0.1249264758	0.0161014541	0.0789949487	0.028355066	0.0449466995	-0.0162165556	-0.0073382593	0.0729789503	-0.0320477788	0.0317385904	0.0048987925	-0.0601864106	0.0062378	-0.0709411522	0.0909222411	0.0114928376	0.0592763932	-0.0352819047	0.0135265772	-0.1169013377	-0.0398916998	0.0	0.0275983	0.0022496	0.0007616661628899	5.0607001600000045e-06	0.155303	0.039144	0.024119021809	0.0015322527359999	-0.0132909	0.0255009999999999	0.00017664802281	0.0006503010009999	0.00257276	-0.00010508	1.1041806400000005e-08	6.6190940176e-06	0.00019013	0.0001101034	1.2122758691560005e-08	3.61494169e-08	0.000626689	-8.313899999999998e-05	6.9120933209999974e-09	3.9273910272100004e-07	0.0	0.0	0.0	0.0	0.0	0.0	0.0	0.0	0.0	0.0
325.31791613523336	-0.6352853859174843	105831.74655857073	0.4035875215603269	365.2299350849364	-0.5439190772197549	0.2958479625635896	133392.90548214686	216.6409618979365	-0.0437687877494852	0.0019157067810594	46933.306372063176	215.67933706591168	437.6800463901238	1.145974	23.846922	0.06563025	0.0397399	-0.044354455	-0.0280650011	-0.0346971079	-0.0983518541	-0.0309591789	-0.1006389431	0.1708671869	-0.0525831125	-0.1317795339	0.0195259826	-0.0212723611	-0.0027309202	-0.0944672061	0.0601311594	0.0571435159	0.1028819728	-0.0216786427	-0.1702496517	0.1826332435	0.0585641088	-0.0673922264	-0.055914241	0.0806963307	-0.0093924291	-0.1409583237	0.0272492833	-0.0739827288	0.0732955601	-0.0029245363	0.0611991824	0.0435556939	-0.0828923935	-0.1871175743	-0.1044522637	-0.0041449115	-0.0277051013	0.1413822546	0.0141539121	0.0372699581	0.0555677888	0.1679329689	0.0094122738	-0.0472202017	0.0235425426	0.0202787976	-0.0698730717	0.0422106691	0.1160895567	0.0034361159	0.0488242852	0.0367347287	-0.0706616241	0.1330283704	-0.1499579614	0.083517461	-0.0269196077	0.0606283093	0.0859621337	-0.0179519432	0.0802292828	0.0205452457	0.0106216851	0.0881763145	-0.0747297538	-0.0533205717	-0.1099861867	0.0132269358	0.1492122274	-0.2072287074	-0.0485664284	-0.0624802568	-0.0595401009	-0.0238066869	-0.1307718529	-0.0864052419	0.0291771755	-0.0906510723	0.0801155824	-0.0003965064	0.0381448467	0.0340253964	0.0801895163	0.1846365311	0.1419102576	-0.0322723038	-0.0186438498	-0.1447960321	0.0120573016	-0.0038122482	0.0311114529	-0.1620148872	0.0220498351	-0.0394707421	-0.0014258141	0.0059154129	0.0735931106	-0.0333715779	0.1175172498	0.0673497596	0.0087192409	0.141723952	0.14159615	-0.0097787955	-0.0617515989	0.0824560402	0.0235959606	-0.0615763098	-0.0849519437	0.0213885661	-0.0248505778	-0.0684189502	0.044435732	-0.0976950858	0.0299066272	-0.0979550727	-0.053871208	-0.0373034114	-0.1376424026	-0.0112429841	0.0228341136	0.1101662297	-0.0085139823	0.0517711519	0.1053842389	0.0403148171	0.0817769968	0.0110395553	0.0830098722	0.0497869407	-0.0598029092	-0.0470991072	0.1672065699	-0.1349444265	0.0011998857	0.0108295624	-0.1179965901	-0.0321356035	0.0	0.0169405	-0.0106577999999999	0.00028698054025	0.0001135887008399	0.124098	-0.0312049999999999	0.015400313604	0.0009737520249999	-0.0226233	-0.0093324	0.00051181370289	8.709368975999999e-05	0.00286146	0.0002887	8.334769000000016e-08	8.1879533316e-06	0.00019013	0.0	0.0	3.61494169e-08	0.000626688	-1.000000000015745e-09	1.0000000000314906e-18	3.92737849344e-07	0.0	0.0	0.0	0.0	0.0	0.0	0.0	0.0	0.0	0.0
324.5247262886708	-0.7931898465625409	105316.29797273672	0.6291501326899072	363.4419759295466	-1.7879591553898422	3.196797941342358	132090.0698675731	216.5930865422976	-0.0478753556388937	0.0022920496775505	46912.56513791922	215.6138250800057	425.65516372194736	1.236882	25.738647	0.08944949	0.0476813	0.0109703239	-0.0321089803	0.006014004	0.0327845458	-0.088043555	-0.0827203421	0.106630875	0.0137977238	0.1323614798	-0.0296260606	0.002142607	0.0500889424	-0.0156345183	-0.0852628042	0.1224907618	0.1001775942	-0.0557073161	0.1093348306	-0.023853909	-0.0167855965	0.0071144058	0.101477178	-0.0750560659	-0.0086132175	0.0116028424	0.0181539099	-0.040752284	-0.0009968779	-0.0761002236	-0.0441119271	-0.0596922432	0.0574304589	-0.0138903308	0.2073233003	-0.074591639	0.0009290322	0.1503662666	-0.0932631341	-0.0649652294	0.1029005515	0.0559127427	-0.0627794067	0.1411449179	-0.05311765	-0.1044625127	0.0007932183	0.0288855317	-0.0318624737	-0.0853418477	-0.0041053478	0.1454101554	0.2180776139	0.0103782827	-0.117177419	-0.0015803289	0.0521618644	0.0914918397	0.1061224531	-0.0936228805	0.0002599461	-0.0076510532	-0.0460103053	0.0670462778	0.0840243011	-0.1052280134	-0.1195235085	0.063638177	-0.108909548	0.0316581643	0.0196479994	-0.0004411028	0.1074343528	0.0541295514	0.0633789346	-0.0120696721	-0.0157723453	-0.0452129135	0.0012671231	-0.0538708613	-0.016975317	0.1104693685	-0.0027726203	-0.0075027066	-0.1853244502	0.0288709941	0.0737711733	-0.1648394304	-0.1519797894	0.0322626489	0.105066301	-0.0116055379	-0.0188130287	0.1564057932	-0.0421211878	-0.1041896719	-0.0006204531	-0.0360391561	-0.0267926836	-0.0229136762	0.151443725	0.083535355	-0.0685685841	-0.175927752	-0.0684220044	-0.0180634411	-0.0248413981	-0.0873071305	-0.0875386895	-0.0545879305	0.1146414824	-0.1074531557	-0.0377678524	-0.0954900303	0.0768270702	0.0988562863	0.0763356189	-0.0613697958	-0.0839689521	0.0357810422	0.0898584012	0.0688103599	-0.0490255177	0.036863203	0.1197589739	0.0570178357	-0.0221299361	0.0793634626	0.0443683593	0.0589059494	-0.0263702486	-0.0322325551	-0.2484949162	0.0865050815	0.1152946365	0.0081270158	-0.1188507821	-0.0242318235	0.0	0.0324607	0.0155202	0.00105369704449	0.00024087660804	0.122473	-0.001625	0.014999635729	2.640625000000005e-06	-0.0389635	-0.0163402	0.00151815433225	0.00026700213604	0.00201347	-0.00084799	7.190870401000005e-07	4.054061440899999e-06	-8.11608e-05	-0.0002712908	7.359869816463999e-08	6.587075456640001e-09	0.000626689	1.000000000015745e-09	1.0000000000314906e-18	3.9273910272100004e-07	0.0	0.0	0.0	0.0	0.0	0.0	0.0	0.0	0.0	0.0
324.6004424967164	0.0757162080456055	105365.44726906413	0.0057329441608054	364.21627446294696	0.7742985334003833	0.5995382188259846	132653.4945836687	216.66686493592243	0.0737783936248206	0.0054432513658589	46944.53036116125	215.7292200986112	422.2331774900925	1.174641	24.44346	0.08717956	0.0479117	0.0243065192	-0.0182678388	0.0129331907	0.0894964899	-0.0673280079	0.0083719789	-0.0128077908	-0.0914961373	0.0556109771	0.0984492727	-0.0181543375	0.0523271046	0.1471976252	-0.0138288948	0.0386201588	-0.0615797338	-0.1759438539	-0.109991456	-0.0109255341	0.0033482179	-0.0161630162	-0.0539159972	-0.0362496318	0.0494616129	-0.0012555669	0.0357490089	-0.1273235911	0.042667929	-0.0377648831	-0.081889986	0.1670701856	0.0429333653	0.1007052765	-0.0634551229	0.0829948183	0.071907548	0.03320124	0.112784927	-0.0332761188	0.0596569546	-0.1239797498	-0.0871986391	0.1346222279	-0.1088341118	-0.0283631052	-0.0494243698	0.1269700957	0.019322202	0.0096440641	0.0756939433	-0.0498763759	0.0146831187	-0.0536181181	0.1064272111	-0.0693438898	0.0861207395	0.0028458751	-0.007103418	-0.0231281928	0.0490224121	0.0182982396	-0.0580697375	-0.1248514865	0.057064098	-0.0748019625	0.0515201991	0.1681157086	0.1136201043	-0.0003056407	0.016101938	-0.0164416992	-0.0357923548	0.0514428394	0.0215801148	-0.0068916398	0.0720333951	-0.1336539848	0.0461466878	-0.0443061858	-0.07763962	-0.1563700734	-0.1466928725	0.0241272606	0.0306668944	-0.1137271126	-0.0067985345	-0.0352392025	0.0822478636	0.0283823696	0.0428216726	0.1630920901	-0.0299786945	0.1487437295	-0.0103171982	-0.080338424	0.1149494031	-0.1037595041	0.0108731512	-0.0446612795	-0.0811145246	-0.0283935191	-0.0793763437	0.0077882017	0.0848141091	-0.0418626849	-0.0919423344	0.006735408	0.0413586709	-0.0423937771	-0.0022025963	-0.0752054842	-0.0707391993	-0.131648633	-0.0625311076	0.0558299472	0.1280094404	-0.0115544258	-0.1656627545	0.0435352796	-0.0589331559	-0.0214726047	-0.0695164156	-0.0784994054	0.0406928086	0.1835100865	-0.0368186754	0.0935904935	0.049577996	-0.0859080976	0.0097356325	-0.0691452668	0.0592327836	0.3036700199	-0.0824019294	0.0054203179	-0.1194621689	-0.0162166827	0.0	0.0517414	0.0192806999999999	0.00267717247396	0.0003717453924899	0.159983	0.0375099999999999	0.0255945602889999	0.0014070000999999	-0.0170282	0.0219352999999999	0.00028995959524	0.0004811573860899	0.00201347	0.0	0.0	4.054061440899999e-06	-0.000250232	-0.0001690712	2.8585070669440013e-08	6.261605382400002e-08	0.000626689	0.0	0.0	3.9273910272100004e-07	0.0	0.0	0.0	0.0	0.0	0.0	0.0	0.0	0.0	0.0
325.5534972338534	0.9530547371369948	105985.0795611926	0.9083133319792664	365.1226084538291	0.9063339908821604	0.8214413030283839	133314.5192041282	216.7272632752341	0.0603983393116891	0.0036479593916099	46970.70664677265	215.7784687583081	429.2069512406708	1.33399	27.759411	0.09534115	0.058123	-0.0151488898	0.0118216271	-0.0139134423	0.0693404423	0.0738560558	-0.0572414021	-0.0331255713	0.06947402	-0.0529502377	0.0349062231	-0.0261567512	0.020608962	0.0186066712	0.0523505087	-0.0969221465	0.0693040704	-0.1861216533	-0.0419156068	0.1775988	0.0362474996	-0.0126773503	-0.0486762848	-0.0438032867	0.0858689839	0.1556359613	-0.066632895	-0.0490677235	-0.017363551	0.1282563701	-0.0961543441	-0.0491938869	-0.0393850433	-0.0149811812	-0.0333842628	-0.0568211219	0.1456875578	-0.0064752844	-0.0874773844	-0.0553730086	0.0698482558	0.0609319773	-0.0301170418	-0.1176238608	0.0682874475	-0.0552229406	-0.0390617206	-0.0987247594	-0.0427764384	0.128262905	0.1610892193	0.0672826008	0.0118892908	-0.1209293191	0.024061744	-0.080096153	-0.0060210822	0.0585831519	0.0141148916	-0.0442792528	0.0020518002	0.0281706571	-0.0200872136	-0.0434882805	-0.0471099804	0.0809776072	-0.0734185719	0.1764789383	0.03195624	-0.1800755481	-0.0212605721	8.46997e-05	-0.0444063674	0.0088602146	0.1429888925	0.0953263504	-0.0047326452	-0.0378843679	-0.0394272735	0.1196410452	-0.1486607959	0.0106252535	0.0363627067	0.0026484882	0.0157261151	-0.1151562506	0.1170543409	0.0573290015	-0.0733410722	0.0186495625	0.0847997108	-0.0897978913	-0.0477430282	-0.1374521561	-0.0031449368	-0.0668846852	-0.0171335406	0.0912432788	-0.0352161865	0.1062864968	-0.0813049015	0.100422343	-0.1605688874	0.0728119003	0.0159114555	-0.0809372069	-0.005491249	-0.0574462559	-0.0012011489	-0.0692362563	0.1158620002	-0.0480966381	0.0227642481	-0.1444449587	0.1163482964	0.0792925451	-0.055404974	0.0172199769	-0.0829484923	0.1987635124	-0.0865649511	-0.0467408143	-0.0821839442	-0.1087571622	-0.0666264461	-0.0205685844	-0.134337655	-0.0112069128	0.0223798608	-0.0121250653	0.1121533549	-0.0380147007	0.0858189166	0.0337412559	0.0525721699	0.0027108513	-0.1198295012	-0.0081270158	0.0	0.0562678	0.0045264	0.00316606531684	2.048829696e-05	0.117625	-0.0423579999999999	0.0138356406249999	0.0017942001639999	-0.0104717	0.0065565	0.00010965650089	4.298769225e-05	0.00267956	0.00066609	4.436758881000004e-07	7.1800417936e-06	-0.000298197	-4.7964999999999965e-05	2.3006412249999967e-09	8.8921450809e-08	0.000750639	0.0001239499999999	1.5363602499999992e-08	5.63458908321e-07	0.0	0.0	0.0	0.0	0.0	0.0	0.0	0.0	0.0	0.0
325.6520563118426	0.0985590779891936	106049.2617801315	0.0097138918540799	365.520171592657	0.3975631388278771	0.1580564493546738	133604.9958411254	217.107566066172	0.3803027909378897	0.1446302127951483	47135.69524317725	216.13631970460443	434.9851722176382	1.190035	24.763803	0.103557	0.0556362	-0.041853485	-0.0063861336	-0.0345505693	-0.0534728765	0.087085668	-0.0861349663	-0.1372456678	-0.0967856597	0.0193147489	-0.1170884274	-0.1125900281	0.0492962755	-0.167273341	0.062650813	-0.0347426356	-0.0916479345	-0.0631715017	-0.0296617424	0.0507128236	-0.0097952058	0.0184521647	0.0007496318	0.035488265	0.0925176124	0.0773251046	0.0226082953	0.0886567999	-0.1190896909	0.0687683508	-0.0482359295	-0.0274193336	0.012333789	0.116314245	0.0486132332	0.020783989	-0.0364883305	0.0341659707	0.0587323207	-0.0393145327	0.0501991045	-0.0155215857	0.0025099751	0.0365402639	0.0370331478	-0.0809518898	0.0566030161	-0.033102952	0.0755482784	0.1270867651	0.0709976499	0.0134873223	-0.0474076827	0.0735539981	-0.0065181594	0.1017251151	-0.0261626734	-0.0657115156	0.1406018202	-0.0258871874	-0.0224755543	0.1010022372	-0.052060035	0.144097606	-0.1092333222	0.0611611188	0.0868519225	0.0662367784	0.0363940682	-0.0414351514	0.0059031441	0.0263341919	-0.0189393092	-0.0912627692	0.0743977928	0.0352158321	0.0543112211	0.0817752634	-0.0941674544	0.0770950678	-0.0285314597	-0.0246913205	-0.0316738996	-0.1092890075	-0.0546328034	-0.0165145191	-0.0261396435	-0.0673280404	0.0337642676	0.0431925038	0.0659622165	0.0459490591	-0.0077488479	0.049701812	-0.0479085031	-0.0470664627	-0.0751532192	0.0282596197	0.0565832884	0.116944534	-0.067901842	0.0850315914	0.0367616583	0.0203508539	0.0702667184	0.0655669603	0.0655404649	0.0604737275	-0.1454956249	0.0031897345	0.0211824981	-0.0466390131	0.0544685399	-0.1357828299	0.0086102973	0.1160345849	0.032343571	0.1715965701	0.0061380888	0.1231414476	0.0353258459	0.0724734405	0.0011658647	-0.1001710255	0.0770266603	0.0975763573	0.0612772915	0.0508973415	0.0407665785	-0.024287595	0.034599427	0.2089479615	0.0678321121	0.0821790834	0.0042516583	0.0	-0.1199520288	-0.0	0.0	0.0473633	-0.0089045	0.0022432821868899	7.929012025000004e-05	0.161809	0.044184	0.026182152481	0.001952225856	-0.0226601	-0.0121883999999999	0.0005134801320099	0.0001485570945599	0.00328865	0.00060909	3.709906281000001e-07	1.08152188225e-05	-0.000265635	3.256199999999998e-05	1.0602838439999982e-09	7.0561953225e-08	0.000626689	-0.0001239499999999	1.5363602499999992e-08	3.9273910272100004e-07	0.0	0.0	0.0	0.0	0.0	0.0	0.0	0.0	0.0	0.0
324.77094150978144	-0.8811148020611768	105476.16444914987	0.7763632944113067	364.31636954277536	-1.2038020498816309	1.4491393752992163	132726.41711682806	217.00108814848488	-0.1064779176871297	0.0113375469549871	47089.472257626505	216.0309757950995	431.0282385627484	1.267724	26.380461	0.1171923	0.0750904	-0.0234957351	0.0128062063	-0.0139969641	-0.1030103498	-0.0648191146	0.03589215	0.1680880129	-0.075743528	-0.131378209	-0.0394063666	-0.0972129628	0.0459093658	-0.147134741	0.0183428358	0.1258699056	-0.0672144371	0.0835641078	-0.0063935071	0.0563972365	-0.142998091	0.1899057072	-0.0389406645	-0.0526241884	0.0703254542	0.0361811113	0.0047931912	-0.0642512036	-0.0990129102	-0.0109628534	0.0319603692	-0.1480925369	-0.0592991794	0.1168945898	-0.1322984524	-0.0928327344	-0.0503635365	-0.107342519	0.1063101385	-0.0329686717	0.1853949433	-0.0678359028	-0.0512961525	-0.0147497178	0.1014519092	0.0318979449	-0.0131451463	0.0280203762	0.1318340108	-0.0565575075	0.0872514281	0.2020173562	-0.0130570833	-0.0355649841	0.0581331203	-0.0321687489	0.0980593356	-0.0186192552	-0.0069795025	-0.0765657966	0.0700155142	0.0830131962	-0.0431033455	0.1689133042	-0.0547459027	-0.0934178745	0.0642032547	-0.0846269875	0.0105001942	-0.0406712739	0.1444923539	0.1790035664	-0.0454370557	0.0147793959	0.1104105036	-0.0094995494	0.0372178206	-0.0478362036	-0.1072295747	0.0063969506	0.0314466043	-0.0006212284	0.0768388296	-0.1781397255	0.136799199	0.0726832697	0.0678296946	0.0566098614	0.11940301	0.0116677418	0.187426787	0.0735692279	-0.0491743206	-0.0399081864	-0.0699444381	0.0394157776	-0.0044514231	-0.0740315351	0.1372341246	-0.0146918877	0.1102197674	0.1636424822	-0.1257225867	0.0573363777	0.0825807813	-0.0046746674	-0.0652793968	-0.0103557495	0.0257700548	-0.066912691	-0.0746730954	-0.0032102606	0.0085446921	-0.1580870471	-0.0652643237	0.0082028628	-0.0584838135	0.0389383498	-0.2177215252	0.0731506893	0.0090967596	0.1321131461	-0.0802242325	-0.106000474	-0.0843446853	-0.0831185766	-0.0670180478	0.0162093612	0.0153611253	-0.0265637612	0.0843173064	-0.1767280077	0.1468548433	0.0701662291	0.1498105382	-0.0027108513	-0.1198295012	0.0081270158	0.0	0.0508553	0.003492	0.00258626153809	1.2194064000000014e-05	0.146442	-0.015367	0.0214452593639999	0.000236144689	0.0175987	0.0402588	0.0003097142416899	0.0016207709774399	0.00225111	-0.00103754	1.0764892516e-06	5.067496232100001e-06	-0.000141685	0.00012395	1.5363602500000002e-08	2.0074639225e-08	0.000626689	0.0	0.0	3.9273910272100004e-07	0.0	0.0	0.0	0.0	0.0	0.0	0.0	0.0	0.0	0.0
324.61753271170755	-0.1534087980738832	105376.54254383652	0.0235342593264734	363.2109577650019	-1.1054117777734405	1.221935198440238	131922.19984057	216.8844156971684	-0.1166724513164751	0.0136124608961952	47038.84977230215	215.89962585494789	422.374079101754	1.307892	27.216328	0.0641664499999999	0.0329345	0.0132793133	0.0208746806	-0.0001678078	0.0949104989	-0.0991794701	-0.0557409561	-0.0102451805	0.0117833817	0.0248619799	-0.0517499181	-0.0757862262	0.0890408055	-0.0095395571	-0.0960437594	0.094855073	0.0412902495	-0.0176293759	0.0425296201	-0.0473639034	-0.1886044837	-0.0144738176	0.0631721733	-0.1028354521	-0.0221766906	0.0403207008	-0.0254931126	-0.050062741	-0.0160990005	-0.1118678857	-0.0146358351	0.092217509	0.1741600965	-0.1007959238	0.0732935658	-0.0796137656	-0.0471460364	-0.0138521648	-0.1174576519	0.2014946843	0.0755923159	-0.0280751312	0.1059385647	0.0298804527	0.1689044063	0.1651059187	0.0306253792	0.1377841295	-0.0321563917	0.1746381537	-0.0500997523	0.0366386219	-0.0415082879	-0.1279220967	-0.0883354942	0.0997472519	0.0503218501	-0.0681822937	0.0303346981	-0.0419325215	-0.0225279824	0.0623972358	-0.0973637183	0.0659230795	0.0980844311	-0.0727592332	-0.0420124401	0.0075502773	-0.0490432271	0.0526141864	0.1861147791	-0.0450050562	0.073174752	0.0723376766	0.0743601906	0.0127631858	-0.0351645042	-0.0376073992	-0.0324357688	-0.0822511964	0.0318026599	0.0669630451	-0.1549383935	0.1059896316	-0.066387591	0.1083740325	-0.0045170715	-0.0443845485	-0.0407972221	-0.2154803767	0.0355628619	0.0181063685	0.1403852093	-0.1181574111	-0.1526923565	0.1885073019	0.0152647173	-0.1385377731	-0.068745651	0.2108397093	0.0204754547	-0.0539371535	-0.0342317164	0.0714454841	-0.0793795217	0.0994686062	-0.0271923744	0.0937466019	-0.0495222215	-0.0428090342	-0.0150465167	-0.0725738906	0.0025846135	-0.0699561978	0.0885821769	0.1011925777	0.0403944777	0.0237512652	-0.1326982213	-0.023789614	-0.0054561096	0.0191150589	-0.0584772183	-0.0385548877	0.0673015944	0.0560772609	-0.1735054112	-0.0099711259	0.1505925928	-0.0709486097	0.0129180708	0.2122369785	0.1272172192	0.0648773883	0.1877183922	-0.0054203179	-0.1194621689	0.0162166827	0.0	0.0461505	-0.0047048	0.0021298686502499	2.2135143040000015e-05	0.136972	-0.0094699999999999	0.018761328784	8.96808999999996e-05	0.00849912	-0.0090995799999999	7.223504077440001e-05	8.280235617639996e-05	0.00271259	0.0004614799999999	2.129637903999998e-07	7.3581445081e-06	-1.07236e-05	0.0001309614	1.7150888289959998e-08	1.1499559696e-10	0.000852089	0.0002253999999999	5.0805159999999976e-08	7.26055663921e-07	0.0	0.0	0.0	0.0	0.0	0.0	0.0	0.0	0.0	0.0
325.43044826275855	0.8129155510509918	105904.97665649996	0.6608316931405376	364.1193178571743	0.9083600921723588	0.825118057051376	132582.87763677392	216.842140630135	-0.0422750670334153	0.0017871812926797	47020.51395305924	215.97588101770472	429.42725606587584	1.647641	34.286259	0.23309971	0.183669	-0.0153871301	0.0301531697	-0.0047716897	0.0059186547	0.1021233906	0.1684247415	0.1650457937	-0.0083396288	0.1654245295	-0.1213480364	-0.0673662846	0.0231770802	0.15790385	0.3060326168	0.1703941349	-0.0442120502	-0.0524008154	0.0570183952	-0.0759277306	0.0214826581	-0.1605270877	-0.1260473798	-0.0773456049	0.2226584169	-0.0556257302	-0.0610484138	0.0185286216	-0.0498244223	0.0160902534	0.0114080559	-0.0394860054	-0.0902700424	-0.1459144101	0.1422527685	-0.0494418119	0.1523881916	-0.199864686	-0.2025353406	-0.0861186245	0.0798883401	0.0634978983	-0.1274461558	-0.014887445	0.153581118	0.0047861286	-0.0464163081	0.0081195045	-0.0139375205	0.0602238731	0.0155530221	-0.0833953938	0.0273658031	0.1075704293	-0.1608986926	0.0711825454	0.1914478559	-0.0180446571	-0.0536670291	-0.0966341005	0.025295936	0.0796319091	-0.0269540285	-0.1812670631	-0.240757341	-0.2369132899	0.046974628	0.0664925369	-0.0518325752	0.0691571261	-0.0420368984	-0.1768610125	-0.1566825188	-0.0539191567	0.1643299152	-0.1441421225	0.024714288	-0.0253385234	-0.0814710534	0.0043527572	-0.0246501917	0.0705485993	0.1199435256	0.118644668	-0.1490428274	-0.0586292594	0.0808482833	0.2431544737	-0.1451714218	-0.0227421014	0.1388915272	-0.1185208983	-0.1260083564	-0.0858558614	-0.142500618	0.0206149115	0.0190411809	-0.0197019138	-0.013075865	0.0875793235	-0.0582444612	0.070967488	0.118283485	-0.1435775932	-0.0591656805	0.087524815	-0.1544358461	0.0678334645	0.06428567	-0.0444147874	-0.0185511248	0.1527180793	-0.069920096	-0.3057522989	-0.1115879916	0.1718449859	-0.0015406734	-0.1915879442	0.0268045121	0.2243379711	0.0370723931	-0.0872058741	-0.324837258	-0.1565428134	-0.2513026968	-0.1317705995	0.0182001028	-0.1836036914	0.0211254682	0.0979648267	-0.2067932347	-0.0230543879	-0.0452562677	-0.1421733673	0.0094497482	-0.0081270158	-0.1188507821	0.0242318235	0.0	0.0495948	0.0034443	0.00245964418704	1.186320249000003e-05	0.313282	0.17631	0.098145611524	0.0310852160999999	0.00956591	0.0010667899999999	9.15066341281e-05	1.1380409040999995e-06	0.00209466	-0.00061793	3.818374849000001e-07	4.3876005156e-06	-0.000212965	-0.0002022414	4.090158387396e-08	4.5354091225e-08	0.000626688	-0.0002254009999999	5.080561080099998e-08	3.92737849344e-07	0.0	0.0	0.0	0.0	0.0	0.0	1.0	0.0	0.0	0.0
325.51270048665214	0.0822522238935903	105958.5181781129	0.0067654283354413	364.8695538696308	0.7502360124565257	0.5628540743866682	133129.7913410234	216.5374922575774	-0.3046483725575797	0.0928106309019818	46888.4855532004	215.65154390835755	433.4744780022064	1.748072	36.37616	0.29275431	0.157636	-0.0238147979	-0.0484070509	0.0086710898	-0.0848025782	0.1058132861	0.1202954226	0.3509593041	0.107158389	0.1985056951	0.2022550673	0.0631610149	0.016127156	0.1521542611	0.3887608476	0.1846980255	0.2081344115	0.060276578	0.0987585624	-0.1987265492	0.147235048	-0.0341529751	0.1315744274	0.150158965	-0.0844395198	0.1288734018	-0.2409824125	-0.1650449227	-0.0608145053	-0.0903193138	-0.0492220822	0.0654890477	-0.0125730442	0.2276460006	0.0600922857	0.0214455949	-0.107034702	-0.1069555857	-0.0137941269	0.0618701401	-0.1139944456	0.0879588125	0.0228303167	-0.0475640296	-0.0523476893	0.196239285	0.0039536568	0.062247696	0.0829330088	-0.1022660595	0.0457773305	0.0343658458	-0.0202156079	0.0362601766	-0.0677168953	0.0002533497	0.0184727468	0.104373276	0.0671289188	-0.0088603903	-0.040805164	-0.0502758627	-0.0043768154	-0.205310259	-0.3317200788	-0.2485168299	-0.1978597861	-0.0637192253	-0.0720800674	0.2151803846	-0.1578775241	0.0031060593	0.0978427384	-0.1007675524	-0.0236243857	0.1864192579	-0.2619112908	-0.1582521347	-0.093010729	-0.0755194702	-0.0157788688	-0.1999303773	-0.0434157658	-0.1596586512	-0.1070170401	0.0854049716	-0.0435371001	0.0351219939	0.0515585404	-0.0513728534	-0.0916105254	-0.1132983448	-0.0002247075	0.0085509772	0.0839640535	0.1709835737	0.083684682	-0.0757607519	0.0780296479	-0.052892747	0.0299354445	0.0820186661	0.0274738516	0.004367788	-0.0481716648	0.0276443897	-0.0368534871	-0.0848112088	-0.0596185146	0.0051030553	0.0362771576	0.0938399319	-0.1083252272	0.0110320436	-0.3490663943	0.0643135287	-0.2430222884	-0.2383300385	0.0149362756	0.3086449589	0.0642465015	0.0690283253	-0.0128914259	0.094415057	-0.1569584768	0.2016169991	-0.1095705093	0.1335831125	-5.14049e-05	-0.2319170226	0.2180965826	0.0507581753	-0.3172413979	-0.1996764147	-0.21001424	-0.0108295624	-0.1179965901	0.0321356035	0.0	0.00022348	-0.04937132	4.99433104e-08	0.0024375272385424	0.194202	-0.1190799999999999	0.037714416804	0.0141800463999999	0.0952869	0.08572099	0.0090795933116099	0.0073480881265801	0.00215837	6.371000000000024e-05	4.058964100000031e-09	4.6585610569e-06	0.000110277	0.000323242	1.0448539056400001e-07	1.2161016729e-08	0.000242	-0.000384688	1.47984857344e-07	5.8564e-08	0.0	0.0	0.0	0.0	0.0	0.0	0.0	1.0	0.0	0.0
324.7794870675942	-0.7332134190579609	105481.71521988958	0.537601917886665	364.6633135597007	-0.2062403099300809	0.0425350654400558	132979.33225634063	216.679297090338	0.1418048327605845	0.0201086105942573	46949.91778756296	215.7174353756945	423.8020538292836	2.470402	51.407356	0.46997873	0.324074	0.0251978474	-0.2072556835	0.0335547817	0.0106114492	0.0342246931	-0.3966291357	-0.1458084185	-0.0349933878	0.2066587933	0.2957703322	0.0023620906	0.0164033215	-0.2073996504	-0.1592292184	-0.1373717866	0.4221785993	0.0862333326	-0.0865983529	-0.2756794233	0.0907440652	-0.0190992051	-0.1530388583	-0.0032876851	-0.0423528598	0.0672766961	-0.1094282869	0.1387710566	-0.0895987315	-0.0038697434	0.1026318814	0.0890377009	0.0968477349	-0.0415978445	-0.0598938346	-0.0065758998	0.0650318383	0.103113613	-0.0960637917	0.0539193113	0.0797433221	0.1140519326	-0.0873285624	-0.052399713	-0.1259151856	0.031898791	-0.0856083365	-0.0684004477	0.0135827436	0.0299433694	-0.1571166089	-0.0614397081	0.053785123	-0.0705981333	0.0192010627	0.0690003666	0.0518936329	0.0604763621	-0.0175936914	-0.0109512472	-0.0910014114	-0.0046329503	-0.0108383813	0.1676015007	0.0738701171	0.2110191462	-0.4233445374	-0.1057266559	0.0997609352	0.2672907445	-0.0951803062	-0.0182810516	-0.1762807195	0.0300260431	-0.0006644735	0.058867278	-0.0842214001	0.1484519639	-0.073383662	0.0050859825	0.1117309639	0.005670958	-0.1256357837	0.0988260871	0.0630597132	-0.0824478877	0.0419742391	-0.0808958964	-0.0848375359	-0.0631074154	0.0704839698	-0.1497282176	-0.0471720271	0.0066166656	0.0903716277	-0.0085251836	0.0806973836	0.0802526826	0.0323699774	0.0127928263	0.0380169321	-0.1981673462	-0.0404216125	-0.0497204541	0.000804586	0.0599132065	-0.060269698	-0.0211476724	0.0386038985	-0.0217115358	0.1095287025	-0.4567275392	-0.1167059116	0.3741918597	-0.0843771644	-0.0177783793	-0.0384880985	0.0799443907	0.0747834648	0.1845844664	-0.1332204943	0.0319616604	-0.0134095604	-0.0517905173	0.043749824	0.2182004942	-0.0688912403	-0.1223694965	0.0703566049	-0.0825734583	-0.2200413884	-0.1246411079	-0.1192254769	-0.0146433762	0.0579463173	-0.0135265772	-0.1169013377	0.0398916998	0.0	-0.0210041	-0.02122758	0.00044117221681	0.0004506101526564	-0.124866	-0.319068	0.015591517956	0.101804388624	0.0187255	-0.0765614	0.0003506443502499	0.00586164796996	0.00127366	-0.00088471	7.827117841000003e-07	1.6222097956e-06	0.000135	2.4723e-05	6.11226729e-10	1.8225e-08	0.000395002	0.0001530019999999	2.3409612003999995e-08	1.56026580004e-07	0.0	0.0	0.0	0.0	0.0	0.0	0.0	0.0	1.0	0.0
323.46932324456446	-1.3101638230297112	104632.40308029651	1.7165292431758286	363.0990710327758	-1.564242526924943	2.446854683040531	131840.93538486474	216.02153678933016	-0.6577603010078406	0.432648613581925	46665.30435682392	215.03469383458005	418.6069521250031	1.596824	33.228794	0.24796325	0.160527	0.0468110896	-0.1926286784	0.0198042758	-0.1070659577	-0.0651377643	-0.1938741876	-0.1136896839	-0.133769843	0.050747593	0.0132682397	0.1063856912	-0.0712130356	-0.1280326113	-0.1233264056	-0.0817380931	0.0752203036	0.0303243419	0.1080590627	-0.1055750149	0.2031933791	0.0428358349	0.0938631224	0.1619614049	0.2847766878	-0.0405370349	-0.1972656044	0.1098399996	0.0179018662	0.0480646029	-0.0384790684	-0.0430408014	0.0779825736	-0.0292139518	-0.0670023884	0.0263935661	0.0514280693	-0.1509802027	0.1320532858	0.0151593945	0.0347109227	-0.0625861133	-0.0136859534	0.0929737424	0.0465508975	-0.0291292829	0.1013387249	0.0413465744	-0.0413300859	-0.0980822886	-0.012189387	-0.0432807655	0.0765908476	0.1238180146	-0.0009647654	-0.1445590857	-0.0077270309	0.0349726526	-0.0343398062	-0.0359057445	-0.0354473291	-0.1040879326	0.081983293	0.1164836658	0.0738565269	0.1254972674	-0.076477848	-0.019575878	-0.0620780607	0.1067387587	-0.2373739622	0.0625025996	-0.0279746795	-0.3198539757	0.1387706949	-0.12159638	-0.151347273	0.0263053461	0.0249314287	0.0282553158	-0.0455499038	0.0794384542	-0.0754795655	-0.0110696719	0.0516676527	-0.0366009999	-0.007064115	0.1509403179	0.1503854182	-0.0041426549	0.0514166997	0.0737441716	0.0016301847	0.0700049557	-0.0631298049	-0.0077182004	-0.0742198566	-0.0449833093	-0.064107723	-0.1197676245	0.0019989508	0.0302969442	0.1115009677	-0.103509672	0.0186140013	-0.1395365742	-0.0331574068	-0.0535404237	0.0375822621	-0.0340320758	0.0036408059	-0.2054001181	-0.1085548809	0.24451365	-0.026224706	0.125681446	0.0069894752	0.0867908517	0.0357573979	0.0879521655	-0.0348803062	0.2726761173	0.0768674423	-0.0875010314	-0.1457656298	-0.1644234907	-0.1303583541	-0.2227992258	-0.1099636779	0.0632823069	0.0694897728	-0.0691057293	0.0896546209	-0.0329648562	-0.1389005887	-0.0162166827	-0.1155672626	0.0474644681	0.0	-0.0136944	0.0073097	0.00018753659136	5.3431714090000006e-05	0.0322223	0.1570883	0.00103827661729	0.02467673399689	0.0584655	0.03974	0.0034182146902499	0.0015792675999999	0.00180457	0.0005309099999999	2.818654280999999e-07	3.2564728849e-06	0.000248908	0.000113908	1.2975032464e-08	6.1955192464e-08	0.000626689	0.000231687	5.3678865969000034e-08	3.9273910272100004e-07	0.0	0.0	0.0	0.0	0.0	0.0	0.0	0.0	0.0	1.0
322.4824182384222	-0.9869050061422512	103994.91007290066	0.9739814911486372	361.588282426968	-1.510788605807761	2.2824822114385586	130746.0859884848	215.77715898321355	-0.2443778061166028	0.0597205121223639	46559.782338867015	214.783776449655	416.4255041311309	1.1389	23.699709	0.1071071	0.0816912999999999	0.0622666163	-0.2454853538	0.0210654953	-0.0141497723	-0.1218605179	-0.1641190982	0.0448751803	-0.1393254957	0.0096700707	-0.0127782557	0.1361673097	-0.0901936206	-0.0888276681	-0.1488559963	0.0946454674	0.0269572999	0.0104916424	0.0027760224	-0.0139676606	0.184329358	0.0592221353	-0.0509937373	0.2167200984	0.1269898784	-0.0379137362	0.0615392671	-0.091884683	0.0294009729	0.0186783769	-0.1744637269	0.0596985869	0.0180747164	-0.0583866826	-0.1476721316	-0.1680608506	-0.0052490366	-0.053188343	-0.0569989349	0.069308701	0.0391510212	0.1064837933	-0.1713921989	-0.0894708648	-0.0267796336	-0.0598357098	0.0289992394	0.0314699255	-0.0152200726	0.1213451447	-0.0312723354	-0.0165895479	-0.0258594206	0.0147196121	0.0066979353	0.0042830094	-0.1586051878	0.0575169345	-0.0070528214	-0.0206801813	0.0903341863	-0.1348386036	0.1022641114	0.1159385518	0.1238439424	-0.0447725075	-0.0382413448	-0.0055115916	0.0168004303	0.0214765354	-0.1898212583	0.1036907567	-0.072824681	-0.1927515225	-0.0673915262	-0.0049951753	0.0963604156	-0.1214336874	0.0273252194	-0.000884249	-0.1918397389	0.0041846179	-0.0718665804	0.0693535744	0.1507607862	0.0770403566	0.121905957	3.1669e-05	-0.009252406	-0.1090976514	0.0754456725	-0.1420965699	-0.147105694	0.0050834768	0.0101311903	-0.0397762713	-0.0402517165	-0.0407397316	-0.0206854078	0.1093271839	-0.0734119493	-0.0691180126	0.0395034784	0.0341659223	-0.0187037824	-0.008428306	0.1202607658	-0.1136728389	-0.0134248479	-0.0031137371	-0.1290523159	-0.1021786192	-0.1455392297	0.2044108594	-0.0312545617	0.0841275591	0.0359758882	-0.0291783589	-0.0226467738	-0.077497238	-0.0400455324	0.2540280879	-0.0186102355	0.1524804902	0.008980008	-0.0212088071	0.0139753416	0.0311448685	0.1099719424	0.0168079943	0.1270604063	-0.0324850896	0.1337539059	-0.0568964951	0.121000764	-0.0188985047	-0.1139970903	0.0548191066	0.0	-0.0151061	-0.0014117	0.00022819425721	1.9928968900000004e-06	0.109663	0.0774407	0.0120259735689999	0.00599706201649	0.0575347	-0.0009307999999999	0.00331024170409	8.663886399999917e-07	0.00151652	-0.00028805	8.297280249999998e-08	2.2998329104e-06	0.000507336	0.000258428	6.678503118400003e-08	2.5738981689600005e-07	0.000626689	0.0	0.0	3.9273910272100004e-07	0.0	0.0	0.0	0.0	0.0	0.0	0.0	0.0	0.0	0.0
320.52654428903094	-1.9558739493912756	102737.26559386811	3.825442905907425	360.4747170663053	-1.113565360662733	1.2400278124679225	129942.02164403284	215.6703110849568	-0.1068478982567455	0.0114164733618838	46513.68308348204	214.6897972182484	407.96241472422497	1.349326	28.078531	0.07856945	0.0649815	0.105022813	-0.2478041777	0.100042565	0.0882701234	-0.0662753475	-0.0546520319	0.0507990318	-0.1432471449	0.0105060577	-0.048781686	0.027852803	-0.1300750161	0.0613738979	-0.2809701818	0.0994641906	-0.0669486762	0.0129258301	0.1023379327	0.0014187484	0.1788444792	0.0044002342	-0.0720706653	-0.0112081228	0.0856863903	0.0573452844	0.0076264787	-0.2527448425	-0.1090374918	-0.1436556545	0.2087699397	-0.0507870253	-0.1296311627	-0.1200779121	-0.0315398855	0.0045027149	0.0100859886	0.0015691071	-0.0294917544	-0.0139697647	0.081394173	-0.1129428567	-0.1160468979	-0.0064675754	0.0199541286	-0.0298010904	0.1069684468	-0.1237608174	-0.0222425269	-0.0464472639	0.0230695237	0.082744386	-0.0251646996	0.0525144998	-0.019994908	-0.0395703592	-0.0221012863	0.1224667377	-0.0596808292	-0.0214270532	-0.0558258346	-0.0248585031	0.1244045167	0.0295308478	0.2922593305	-0.0756945218	0.0564503178	0.0004532117	-0.0933029851	0.0099766459	-0.1822082715	0.0246033045	-0.0757532441	0.026577727	0.0745294555	0.0541972143	0.0563826298	-0.2680610098	-0.1256549065	-0.0669509787	0.196645006	0.0266085452	0.1454786888	0.0921999878	0.0795231206	-0.0306429964	0.0127364884	0.0198725512	-0.0595545756	-0.0279819406	0.0818368956	0.1014504427	-0.1465647316	0.0382797083	0.0041761893	0.0272638496	-0.1281662099	0.0796191381	-0.0086244562	-0.0354759639	0.0497569119	0.0865460882	0.0170641758	0.0110286672	0.0018823674	-0.0245261076	0.0118827801	-0.1119352045	0.077161047	-0.01253604	0.0250800907	-0.0062043048	-0.1834975502	0.0942359671	-0.0110410614	0.1636686498	0.0738091885	-0.0637498296	0.0532588303	-0.1247715139	-0.0577424607	0.2154691967	-0.0429305006	0.0873718491	-0.0560187771	-0.1174149984	0.0164716197	0.087523222	0.0068300106	0.1140825157	0.0729389042	0.0212273482	-0.0638775842	0.0378474157	0.034533125	-0.0215706732	-0.1121940284	0.0619218161	0.0	-0.0113771	0.003729	0.0001294384044099	1.390544100000001e-05	0.174491	0.064828	0.030447109081	0.004202669584	0.0511653	-0.0063694	0.0026178879240899	4.056925636000005e-05	0.00158938	7.286000000000011e-05	5.308579600000016e-09	2.5261287844e-06	0.000507336	0.0	0.0	2.5738981689600005e-07	0.000626688	-1.000000000015745e-09	1.0000000000314906e-18	3.92737849344e-07	0.0	0.0	0.0	0.0	0.0	0.0	0.0	0.0	0.0	0.0
318.4864010585563	-2.040143230474655	101433.58765923156	4.162184400851561	355.020836768947	-5.453880297358296	29.744810297913016	126039.7945401233	216.2013708884384	0.5310598034815825	0.282024514873897	46743.0327740401	215.22109181399017	385.29766510564855	1.473519	30.662903	0.0657280999999999	0.0391092	0.2179975316	-0.1672537659	0.237229929	0.1342988464	-0.09348936	0.0062269348	0.0181288855	-0.0642935179	-0.0675891957	-0.0568443324	-0.134063514	-0.1122563106	0.1010938422	-0.1967087005	0.1262108374	-0.0597110765	0.1001696274	0.0358624798	-0.1235626125	0.1469426229	-0.0885236297	-0.1097976277	-0.1493932966	0.0463431624	-0.1001687207	0.0795379395	0.0069101325	0.0739280072	-0.0534845264	0.0785977414	0.1449599869	-0.0597814103	0.1692483878	0.0651535763	-0.1016346823	-0.0594352611	-0.010118977	-0.075469943	-0.0813377038	0.0791035326	0.004462551	-0.0612799078	0.0071233166	0.0256249927	0.0230679266	-0.0203024929	0.0357274802	0.0321719666	-0.0556832497	-0.0600863751	-0.0900279914	-0.1039462122	0.022295036	0.0321758394	-0.0451652263	-0.0782043982	0.000559617	0.0085579465	-0.0725592058	0.0152837946	0.1344486461	0.0975561052	-0.0019894591	0.2331189687	-0.1213392405	0.0624898066	-0.0954331282	-0.0311089217	0.1315331212	-0.1496535339	-0.0938631635	-0.0810997656	0.1189356905	0.0330468513	-0.1113236324	0.1081058939	0.0097021278	0.0824923502	-0.0664230034	0.0648551586	-0.214241303	-0.0012612291	-0.0375149271	-0.0807946014	0.1007818205	0.0601238224	-0.0218353292	-0.0736597819	0.0600825056	0.1063750316	-0.0088667615	-0.062951744	-0.0433069411	-0.050216131	0.0059539411	0.03662928	-0.0235448528	0.032657038	-0.0723959136	-0.018156209	-0.0801935934	0.0980086898	0.0614704636	0.008837375	-0.0062320773	0.0164643489	-0.0379170671	-0.0307070149	-0.0893711179	-0.0761055397	0.0467798663	-0.2528511341	0.0680007685	0.0012995711	0.0612122352	0.085348399	-0.1308074432	0.0667615977	-0.2128787075	-0.0609385512	0.0834095605	-0.0645484477	0.0861541253	-0.0419951478	0.0096529698	0.0279318713	0.1641736886	-0.0187944654	0.0363499899	-0.026312925	0.1352102981	0.1406417913	0.0567191081	-0.0625786235	-0.0242318235	-0.1101617605	0.0687399551	0.0	-0.0146526	-0.0032755	0.00021469868676	1.0728900250000004e-05	0.210855	0.0363639999999999	0.0444598310249999	0.0013223404959999	0.0670271	0.0158618	0.00449263213441	0.00025159669924	0.00172838	0.000139	1.9321000000000005e-08	2.9872974244e-06	0.000572872	6.553599999999994e-05	4.294967295999992e-09	3.28182328384e-07	0.000626688	0.0	0.0	3.92737849344e-07	0.0	0.0	0.0	0.0	0.0	0.0	0.0	0.0	0.0	0.0
318.5060275409012	0.0196264823449041	101446.0895798853	0.0003851988092348	352.42095503218235	-2.599881736764644	6.7593850451623405	124200.52954579548	216.3124235818213	0.1110526933829021	0.0123327007075968	46791.06459584128	215.36018887723404	367.1108229389749	1.303934	27.133959	0.0274747999999999	0.0134665	0.2988161623	0.0073273134	0.3068527612	0.1210129951	-0.1093035564	0.0968423432	-0.0478801681	-0.0098844959	-0.0234160427	-0.057074752	-0.1607772688	-0.131365248	0.1140080931	-0.1362108554	0.1215686225	-0.058143775	0.2005102071	-0.014396443	-0.0502707464	-0.0350564162	-0.0140884574	-0.0587208175	-0.0299971908	0.1079040337	0.0184461241	0.0483082158	0.1341428736	-0.2378962165	0.002053426	-0.0715936872	0.0653212696	-0.0179329102	0.1403129101	-0.0122491916	-0.0066937563	0.0147645371	-0.014080245	0.1280118051	0.0212807411	-0.1030725098	-0.1266863537	0.0367142668	0.1232179595	-0.0003399888	0.0134625342	0.1226228149	-0.1028175939	0.0252621922	0.0482417785	0.0116486642	0.0454265909	-0.0464889757	-0.0341405073	-0.0658031079	-0.1369211859	0.0418994088	-0.0130769412	0.0920216017	0.1838137138	-0.0384261225	0.1661793979	0.1140795673	-0.0359717686	0.1728852075	-0.1179310436	0.0689825153	-0.2023949427	0.0233723822	0.0656797084	0.0197291202	-0.0171979772	-0.0551284841	-0.0695294353	0.0827144543	-0.0340187734	0.1082616762	0.1397521865	-0.2081594465	0.0145227516	-0.0286029818	-0.1184080278	-0.0662829205	-0.0824736543	-0.0274252157	-0.0043124476	0.017954636	-0.0085606568	0.095469048	0.0126848642	-0.0934953929	0.1570647177	0.0564889283	0.1295653037	-0.0403662434	0.0687206619	-0.1173624757	0.1054279123	0.0159332188	0.0319788407	-0.0112775758	0.0366808797	-0.0057459177	0.0960467938	-0.041820598	-0.1318208764	-0.0875683421	0.0644209549	-0.0774529268	0.1726782499	0.1709041233	0.0761855955	-0.2878901857	0.0025083526	0.0500955362	0.0201448797	0.0817189365	-0.0795156389	0.1006970158	-0.1922029426	-0.0289165195	-0.0752044351	-0.1083258643	0.0042932117	-0.0964980196	0.0447627096	0.021411841	-0.1082754272	-0.0565517711	0.0025359274	0.0070498705	0.003086726	0.0974931238	0.14632405	0.0295051673	-0.0268805962	-0.1079044385	0.0752421898	0.0	-0.0122813	0.0023713	0.00015083032969	5.623063689999999e-06	0.213362	0.002507	0.045523343044	6.285049000000046e-06	0.0792907999999999	0.0122636999999998	0.0062870309646399	0.0001503983376899	0.0018695	0.00014112	1.99148544e-08	3.49503025e-06	0.000507336	-6.553599999999994e-05	4.294967295999992e-09	2.5738981689600005e-07	0.000626688	0.0	0.0	3.92737849344e-07	0.0	0.0	0.0	0.0	0.0	0.0	0.0	0.0	0.0	0.0
319.853159166052	1.347131625150837	102306.0434285038	1.814763615481535	354.1616659401116	1.7407109079292695	3.030074464983942	125430.48562147522	216.25536792336143	-0.0570556584598591	0.003255348162288	46766.38415566842	215.31636948931785	371.7027646465559	1.161688	24.173918	0.04873908	0.0252109	0.2738806084	0.0925246839	0.277409891	0.0866151302	-0.0228980707	0.1010805533	-0.0109481705	0.0270081998	0.008745599	0.0517215885	-0.1406797141	-0.1596853267	0.0897384849	-0.0156916009	0.1319743315	-0.0017961464	0.141347616	-0.0808236481	-0.0819316327	-0.0477396032	-0.1089431782	-0.0141358864	0.0677796842	-0.0780926408	-0.0601627717	0.1543341504	0.0862034649	0.010027001	-0.1218500776	-0.011457661	0.0519224185	-0.0518520274	-0.059759075	0.07533682	0.1210692099	-0.0330395333	-0.0379400184	-0.1052773726	0.0188894849	0.1180992916	-0.0637658242	0.2223241724	0.0217497475	0.0880687178	-0.0715602951	-0.0141039073	0.1174684112	0.0222927567	-0.0539025795	0.0939167917	0.0256081903	0.1391880656	0.0008346205	0.1139050932	-0.0240472828	-0.0954159568	0.1171519098	-0.0848831376	-0.0173208601	0.0970538409	0.1498353443	0.1441779666	-0.0519146004	0.05637817	-0.1372010522	0.0155745586	-0.1447940479	0.0862155327	0.0848153031	0.0501349411	-0.1014601156	0.0319363015	-0.0263533078	-0.146324838	0.0059288445	0.1384793515	0.0656183157	0.0053524225	-0.1505595741	0.0254308385	-0.0070458387	0.0454578205	0.0726459265	-0.0805145893	0.0109602234	-0.1394552351	0.0405042593	-0.0941688948	-0.0465553597	0.0666329704	0.0888134693	0.212969999	-0.0963659853	-0.0337440233	-0.0912847328	0.0010851922	-0.1333881125	0.0123927441	-0.0524117703	-0.009457	0.065920685	-0.0731711249	-0.0959037886	0.0472925517	-0.0577801444	0.0770455193	-0.1583306021	0.1038018427	-0.0288977873	-0.0748687821	0.092877303	-0.2837661718	-0.0329689289	0.0164358225	-0.1375851166	0.0711758276	-0.0988267315	0.0550222849	-0.0684175887	-0.0573076363	-0.1812112672	-0.1622365212	-0.0372951172	0.002436384	-0.0319937509	0.0653982057	-0.0168255436	0.0480543469	0.096918768	0.0971955912	0.0363238205	-0.0284327167	0.1396460469	-0.0692105511	-0.0295156382	-0.1054266739	0.0813986382	0.0	-0.00462772	0.00765358	2.1415792398400003e-05	5.85772868164e-05	0.228879	0.015517	0.052385596641	0.000240777289	0.0622248	-0.0170659999999999	0.00387192573504	0.0002912483559999	0.00169945	-0.00017005	2.891700250000005e-08	2.8881303025e-06	0.000507336	0.0	0.0	2.5738981689600005e-07	0.000626688	0.0	0.0	3.92737849344e-07	0.0	0.0	0.0	0.0	0.0	0.0	0.0	0.0	0.0	0.0
321.204568928704	1.351409762651997	103172.37510067456	1.8263083465911267	357.4742290552245	3.31256311511288	10.973074391606348	127787.82443862713	216.24334318884488	-0.012024734516558	0.0001445942401937	46761.18347348854	215.2842361968256	383.2628850870385	1.181805	24.592537	0.07754359	0.0604798	0.2132987779	0.1308788572	0.2175200564	-0.0156282268	0.0404072666	0.0003862458	-0.0448932347	0.1196174523	0.0130560013	-0.0054255787	-0.0692661401	-0.1396943953	0.0034087893	-0.0193010624	0.023844242	0.0578891431	0.0584324942	-0.051678187	-0.1470489446	-0.1061661842	0.0292477147	0.1117644983	-0.0537724202	-0.0534685496	-0.056321343	0.1312699332	0.0681835649	0.0676559	0.0902526729	0.0396322291	-0.1250705134	-0.0035956272	0.0618919706	0.085236775	0.0901278095	0.0916793345	0.0911845754	0.0314029011	0.0735332157	-0.1045343926	-0.0606576443	-0.1508659581	-0.0392361229	-0.0518637464	0.1371045701	0.0305439842	-0.0617274297	0.0342459286	0.0061470881	-0.0012799429	-0.0270087989	0.0791576144	0.1897661564	0.1251799561	0.0135338683	0.0211344438	0.0424446324	0.2151684853	0.0519128998	-0.1326306987	0.0750338259	0.1353282085	0.0163887512	0.0341104343	-0.0267207281	-0.0428679134	-0.0633819248	0.0376958561	0.1392838741	0.1178814723	-0.0010070533	0.1284222075	0.051785751	-0.0523503729	-0.0763221358	0.0632344998	0.0893069088	0.1097123764	0.1024487891	0.0362054744	0.071564211	0.0589029742	-0.1029701069	-0.0863315716	-0.1553804304	-0.0016292609	-0.0531548301	0.0340476282	-0.0538267689	-0.0979084012	0.0221481572	-0.1532183286	0.0391841567	0.0700475978	0.1596698825	0.0276020592	0.0503635297	0.0485235892	-0.0399396912	-0.0329134461	-0.0168728163	0.033134525	-0.1323208462	0.1964708136	-0.0182651091	0.0034471093	-0.0345467126	-0.166631838	0.0611066761	0.1549542875	0.0520222938	-0.1936317872	-0.016659791	0.0932109798	-0.1752599594	0.0289243489	0.0063335723	0.0884372203	0.0166477164	0.0477260956	-0.1542471454	-0.0571171401	-0.0714272003	-0.0495171556	-0.0003890765	-0.0663679652	0.1063665659	-0.1295799157	0.1246681279	0.0114324617	-0.0111298596	-0.0259137026	-0.0997556632	0.1069390095	-0.0321356035	-0.1027335286	0.0871810076	0.0	-0.00839751	-0.00376979	7.05181742001e-05	1.4211316644100002e-05	0.170478	-0.058401	0.0290627484839999	0.003410676801	0.051773	-0.0104517999999999	0.002680443529	0.0001092401232399	0.00179787	9.84200000000001e-05	9.68649640000002e-09	3.2323365369e-06	0.000507336	0.0	0.0	2.5738981689600005e-07	0.000626688	0.0	0.0	3.92737849344e-07	0.0	0.0	0.0	0.0	0.0	0.0	0.0	0.0	0.0	0.0
322.5724115561663	1.3678426274622666	104052.96069716071	1.870993453502877	359.97689579878244	2.5026667435579384	6.263340829310896	129583.36550892748	216.19488651938207	-0.0484566694628085	0.0023480488154278	46740.22895712849	215.2214418763224	396.64499942561406	1.113655	23.174381	0.0789436399999999	0.0484925	0.1453049065	0.1043432941	0.1345600932	-0.0878911735	0.026283063	-0.0452020037	-0.0969327062	0.0386182036	0.0208362301	0.048789885	0.0202484488	-0.1090867124	-0.0625201187	0.0397622503	0.0076223493	0.0022104506	-0.0621077543	-0.1931559574	-0.0884469786	-0.1794154064	-0.1948420697	0.15064931	0.1012607343	-0.0634009504	0.0790669554	0.0298600151	-0.0171836447	0.0652241635	0.0982925466	0.0849197307	-0.145976449	-0.0628386139	0.0057485078	0.0684866508	0.0455913678	-0.0507652677	0.0509897703	0.0457302655	0.0478274522	0.0722041122	-0.0064150378	-0.0867987676	0.0424134877	0.0040868451	0.0125685384	0.0317231649	0.0844607865	-0.2310986908	0.0884386407	-0.0896703457	0.044357005	-0.0062992728	0.1529735727	0.0999473423	-0.0854545817	-0.055847599	0.0362348446	-0.165794349	0.0562707517	-0.0229841535	-0.016301563	0.1132715273	0.0458162487	-0.0469102347	0.0098040301	-0.0032289892	0.051647927	0.1953315488	0.0765239601	0.1807087055	-0.2020732485	0.1389928872	-0.0752405967	-0.0605153583	0.1168189263	-0.035458959	-0.0132393279	0.0709103517	0.1063727155	0.0650447872	0.0746175533	0.1399447482	-0.0655105126	-0.0268724264	-0.0174098531	-0.0497568155	-0.071979962	0.0451150173	-0.0397317502	0.0660221189	0.0217668836	-0.0752259112	0.0317203661	-0.0225664572	-0.0035121253	0.0160655298	-0.0573659291	-0.2472884322	0.0267515094	0.037608502	-0.0670914369	0.1023306666	0.0035109648	0.1379664031	-0.1107859245	0.0959789328	-0.0334376265	0.1656569538	0.084627553	-0.0054734895	-0.0018663456	-0.1296055768	0.0132754853	0.0388741929	-0.2186603193	0.0934518955	0.0394412608	0.0180014658	0.0167570321	0.0655250523	-0.1081936467	-0.0022918247	-0.0798722983	0.0337924442	0.1548473118	0.1218290782	0.087517831	-0.0981264246	0.0673848818	0.0865916699	0.0871538724	-0.1050348189	0.0753586805	0.0395721438	-0.034739154	-0.0998305046	0.0925627242	0.0	-0.00624662	0.00215089	3.902026142439999e-05	4.626327792100003e-06	0.152021	-0.018457	0.0231103844409999	0.000340660849	0.0207635	-0.0310095	0.00043112293225	0.00096158909025	0.00226012	0.00046225	2.136750625e-07	5.1081424144e-06	0.000423061	-8.427500000000003e-05	7.102275625000005e-09	1.7898060972100005e-07	0.000626688	0.0	0.0	3.92737849344e-07	0.0	0.0	0.0	0.0	0.0	0.0	0.0	0.0	0.0	0.0
323.56776217450323	0.9953506183369428	104696.09671861588	0.9907228534237342	361.3157605547593	1.3388647559768856	1.7925588347970454	130549.07882526418	216.05833473181207	-0.1365517875699993	0.0186463906885622	46681.20400708375	215.0930389912764	407.4342671309666	1.015141	21.12438	0.0726295899999999	0.0493199	0.0912955449	0.1110730951	0.0595229614	-0.1410383574	-0.0755128034	-0.0688629498	-0.0166941333	0.0767797691	-0.0478857314	0.0096338593	0.0977792583	-0.0625222447	-0.0134715454	0.012480372	0.0631304761	0.0628060237	-0.0360939468	-0.2530298095	-0.0155750339	-0.0978750492	-0.1716338689	-0.0651892632	-0.0740214916	0.0421592351	-0.1064298829	0.0661752738	0.0060440751	-0.0096628341	0.0415037675	-6.61976e-05	-0.1255451112	0.0024785434	0.0868406112	0.0039925951	0.0029624314	-0.025564365	0.0341800936	0.1003614607	-0.0632104804	-0.0583110271	-0.0222917811	-0.0299394408	-0.0206991216	0.0366442348	-0.101972612	-0.0108259538	-0.0660126047	0.1509891023	-0.0147278518	-0.0894725968	0.0970828523	0.0513087168	0.0175963875	-0.022896385	0.0138186235	-0.0923068098	-0.0461272335	-0.0540960041	-0.0954606897	0.1077049228	-0.0916931372	0.0734060527	0.0120690977	-0.0127180889	-0.0561457534	-0.0723384582	0.0236695071	0.2338156014	-0.0145435078	0.1039421026	-0.1951662893	-0.0651171869	0.0401119498	-0.0126564837	-0.120175993	0.0750803571	0.0156283218	-0.0010952125	0.0347405643	-0.0118258495	0.0406721505	0.0336723314	-0.135038516	1.22734e-05	-0.0112902491	0.0176313673	-0.0311892967	0.0628503045	0.0740206323	-0.0366594465	0.026432106	-0.068072117	0.028636662	-0.0047198738	-0.0738321139	-0.0849992747	0.0512407376	0.1599596035	0.0434853871	0.1346403308	0.0051544059	0.0087774729	-0.043982393	-0.0247694107	-0.0247966555	0.0901667574	-0.0150066664	0.01698376	-0.0872721788	-0.1535051206	-0.0482093725	-0.0759505605	0.0418267654	0.0949162398	-0.2462919888	0.0584522558	-0.0286703296	-0.0666952428	0.0157586786	0.1247180149	-0.0748721375	-0.0616894852	-0.045314228	0.0188382731	0.079259141	0.0526863007	0.0621728356	-0.1280211707	0.1022861027	0.0754352467	0.0043188413	0.0008483962	-0.2400572637	-0.0660396692	-0.0373249597	-0.0967235326	0.0975190556	0.0	-0.00863701	-0.00239039	7.459794174010001e-05	5.713964352100004e-06	0.103154	-0.0488669999999999	0.010640747716	0.0023879836889999	0.0167522	-0.0040113	0.0002806362048399	1.609052769000002e-05	0.00206915	-0.0001909699999999	3.6469540899999976e-08	4.2813817225e-06	0.000579309	0.0001562479999999	2.441343750399998e-08	3.35598917481e-07	0.000626688	0.0	0.0	3.92737849344e-07	0.0	0.0	0.0	0.0	0.0	0.0	0.0	0.0	0.0	0.0
325.06362751003115	1.495865335527924	105666.36192998028	2.2376131020340684	362.9633748762256	1.6476143214662784	2.714632952300785	131742.41150153946	216.3208287289012	0.2624939970891375	0.0689030985078321	46794.70094195861	215.3283473749049	419.5878392347676	1.126123	23.433832	0.0571590499999999	0.0436603	0.0285736169	0.1179128876	-0.0167466602	-0.0342370994	-0.1642053266	-0.0344641474	-0.0881299316	0.1270410034	0.0525992268	-0.0225704434	0.1452900924	0.0649464202	-0.0426110079	-0.0503884653	0.0064165542	0.0198239423	-0.0344154288	-0.0370802234	0.0865946163	-0.0489682755	-0.2500607908	-0.0336560024	0.0630683906	-0.1847399232	0.1322401385	0.0172762828	0.1238177782	-0.1426597632	-0.1210236417	-0.0116622165	-0.0459039048	-0.2445183749	-0.0072777841	-0.0962781969	-0.1484304955	0.0514396357	-0.0287041424	0.0190723803	0.0802721699	-0.1043711899	-0.0793256845	0.0889234143	-0.0013708499	0.0496721609	-0.0639557188	-0.0269117089	0.1028480061	0.027015	-0.0440736036	-0.0475968353	-0.1291016385	0.0293997546	0.0460014247	0.0321317222	0.0415655529	-0.0649709367	-0.207594939	0.0440004367	-0.0328371214	-0.1665160865	-0.1506827606	-0.0511172366	0.0466743998	0.0352070185	0.0090412887	-0.0246863537	0.0328368612	0.0385443912	-0.0829384832	0.0326125262	-0.2255557975	0.0080989021	-0.022630069	-0.1181740192	0.210677517	0.0181218898	0.1722671666	-0.1725774463	-0.1173996643	-0.0073795171	-0.0786755384	0.2054266253	0.0153791692	0.1160920152	0.0425564669	0.1627075745	0.0266734296	0.0339155659	-0.0725181974	-0.1326142729	0.078073812	0.0737257069	-0.0618961183	-0.0205864421	-0.0517371744	0.0010515571	-0.0613644358	0.0282237471	-0.0528220989	-0.0236874622	-0.0601482022	0.0805314873	-0.0605273335	0.0051982896	0.0040893234	0.1073498122	0.229288503	-0.0575004116	-0.0493774648	0.1019556871	-0.0840253844	0.014996168	0.0460807029	0.1449345294	-0.0971772954	0.1228966455	0.0083756994	-0.0190435376	-0.0208399522	0.1843555971	-0.1296620481	0.0200611845	-0.0093228163	0.0517151151	0.0954538692	0.0166529419	-0.0210056538	-0.0191177146	0.0467673445	0.1670743406	-0.0268775437	-0.1286150844	-0.0639052365	0.0085237755	-0.0398916998	-0.09341896	0.1020272243	0.0	-0.00665441	0.0019826	4.428117244810001e-05	3.930702760000001e-06	0.103108	-4.599999999999049e-05	0.010631259664	2.115999999999125e-09	-0.0125925	-0.0293446999999999	0.0001585710562499	0.0008611114180899	0.00257203	0.0005028799999999	2.528882943999998e-07	6.6153383209e-06	0.000566474	-1.2834999999999997e-05	1.6473722499999986e-10	3.20892792676e-07	0.000626688	0.0	0.0	3.92737849344e-07	0.0	0.0	0.0	0.0	0.0	0.0	0.0	0.0	0.0	0.0
326.41972969475194	1.3561021847207826	106549.83993399492	1.83901313540448	366.40117481026175	3.43779993403615	11.818468386458957	134249.82090234	216.49405465302644	0.1732259241252336	0.0300072207890411	46869.6757001076	215.50197715243613	436.45056518761294	1.261577	26.252539	0.02780772	0.0155323	-0.0609636198	0.0958431191	-0.0991443095	0.0459319805	-0.1041781873	0.09951707	-0.1225920198	-0.0165709544	0.0167477366	0.0688827209	0.1423214256	0.1239173915	0.0197719533	-0.0589449692	-0.0719766437	-0.0359468928	-0.0569895941	-0.0688063109	-0.0857223424	0.0825066349	0.0429187534	0.1448939887	0.0653489521	-0.0166430383	-0.0104172401	0.1065160855	-0.1582032262	-0.0912567327	-0.0393421385	0.0955539353	-0.0951502022	-0.0055063871	0.0330506814	0.0119829158	0.0825751644	0.0854835133	0.0600418314	-0.0284611714	0.0379478692	0.0581836283	0.0695702767	0.0247195675	-0.0315554612	0.0909708565	-0.028279534	0.1393169069	-0.005506139	0.0535323268	-0.0202444902	0.1454794524	-0.0303053523	0.1115986695	-0.0810682992	-0.0188751417	-0.0112814359	-0.028882776	-0.3556047598	-0.0354132377	0.2371868731	0.0979112524	-0.1490127091	-0.1171813039	-0.0268067709	0.0598855654	0.0760450027	0.0286682986	0.061263185	0.0845901928	0.0787309128	-0.0642440298	0.0434740177	0.1612808648	-0.0210855927	-0.0692590457	0.0080039056	0.0753392751	-0.1558346536	-0.0545694967	0.0215001294	0.1366990413	0.0431865085	0.0370519848	-0.0700627676	-0.0074149122	-0.1238946837	-0.0043609537	-0.0546778596	-0.0282009683	-0.0672939028	0.0292001622	-0.0365928557	0.0737603034	-0.0240344238	-0.0159490728	-0.0065621139	-0.1250367672	-0.0578259154	0.0480367357	-0.0726510379	-0.1127089361	0.0824804562	-0.1482754586	-0.0049668801	-0.0700895885	-0.116419556	0.1056573344	0.3098941862	-0.0321370706	0.1934512726	-0.1806148725	-0.0761298685	0.0714414362	0.0312457657	-0.0814481876	-0.1213654369	0.1988126226	0.1031258072	-0.0779210554	-0.0631780797	0.0695844442	-0.1606945158	0.0779099422	-0.0617859125	-0.0063402998	0.0179780274	-0.1335552696	0.0702155116	-0.0606555299	0.0496766903	0.1308412189	-0.0298513655	-0.0996189349	-0.1094558086	-0.0528456121	-0.0424380632	-0.0899235378	0.1060665123	0.0	-0.00416064	0.00249377	1.7310925209600003e-05	6.218888812900001e-06	0.0946589	-0.0084491	0.00896030734921	7.138729081000002e-05	-0.00401495	0.00857755	1.61198235025e-05	7.35743640025e-05	0.00240737	-0.00016466	2.7112915600000025e-08	5.7954303169e-06	0.000565388	-1.085999999999969e-06	1.1793959999999325e-12	3.19663590544e-07	0.000626688	0.0	0.0	3.92737849344e-07	0.0	0.0	0.0	0.0	0.0	0.0	0.0	0.0	0.0	0.0
327.26250609445617	0.8427763997042348	107100.74789522396	0.7102720598984321	367.9280101427443	1.5268353324825623	2.3312261325171373	135371.02064759936	216.72047866684875	0.2264240138223101	0.0512678340354057	46967.76587358805	215.8005755417604	449.2648708240645	1.185144	24.662014	0.04868092	0.0321988	-0.1252510545	0.07926876	-0.1367204617	0.1253862604	-0.0004552319	-0.0491363834	-0.0863181008	0.0898968257	-0.0768710299	0.0642918547	0.0656363192	0.1368998799	0.1044558837	0.0053262815	-0.1810540415	0.0800241837	0.044634375	-0.0600907463	0.0605449198	-0.0248351025	0.1215833553	0.1236152801	-0.1570845577	0.1521177731	0.0172648767	-0.0062190965	0.0376778656	0.0502660274	-0.0184803731	-0.1117786486	-0.0114830923	-0.0107612998	0.0247611939	0.1237595248	-0.0780961656	-0.0064121065	0.0715661286	0.1073418423	-0.0528674845	0.0891679558	-0.0379721842	0.0175862532	-0.0502952931	0.0644367892	0.0404269682	0.0447973663	0.0045068407	-0.0597678896	-0.0553287493	-0.1008875846	0.0066521492	0.1401167693	-0.0664043359	0.1133015344	0.0759760179	-0.0560427947	0.1201482251	-0.0192387456	-0.0767128211	-0.225921693	-0.0647554219	-0.1380678634	-0.1483576057	0.0028281223	0.1523958109	-0.0711815352	-0.0588344483	0.0543379547	-0.063692856	0.0289359287	0.1033650615	0.1100851215	0.0128610315	0.2154533368	-0.0995998228	0.0134237421	0.0433825223	0.0442409666	-0.0254511909	-0.0983360152	0.0186317773	0.0266097276	-0.0046551314	-0.1096701896	0.0105334602	0.0522281672	-0.1235452719	0.0792280137	0.0739369031	0.0915052538	0.046320404	0.0042367895	-0.0817158342	-0.0061408569	0.0653519285	-0.0653290458	-0.0258439022	-0.0462263419	-0.0604066072	0.0892628022	-0.1289797357	-0.1190733762	-0.083536688	0.0203145835	0.0313316259	0.0998677697	-0.0369086423	0.0562804476	-0.0875775314	0.24635249	-0.0925446972	0.1346743835	0.0719985203	0.0848940274	-0.1092027122	0.0883843161	-0.0595701996	-0.0647854912	-0.0006002153	-0.0622067611	-0.1688686125	0.0904989642	0.0049332721	-0.0235552421	0.0236637572	0.0009508029	-0.1043971132	-0.1348433662	-0.0482417153	0.116071711	0.0414953572	0.0507800463	-0.1304642581	0.0814274915	-0.0449627491	-0.086244407	0.1096183565	0.0	-0.0119488	-0.00778816	0.00014277382144	6.065543618560001e-05	0.0727837	-0.0218751999999999	0.00529746698569	0.0004785243750399	-0.00406161	-4.666000000000045e-05	1.64966757921e-05	2.177155600000042e-09	0.00278602	0.00037865	1.4337582250000028e-07	7.7619074404e-06	0.00056462	-7.679999999999493e-07	5.898239999999221e-13	3.187957444000001e-07	0.000626688	0.0	0.0	3.92737849344e-07	0.0	0.0	0.0	0.0	0.0	0.0	0.0	0.0	0.0	0.0
327.25834556650875	-0.0041605279474197	107098.02474292846	1.7309992801260574e-05	369.24747747370463	1.3194673309603218	1.7409940374715551	136343.699620694	216.75510969198527	0.0346310251365196	0.0011993079020062	46982.777577584566	215.8186497159141	454.3864867845728	1.176854	24.489508	0.13062304	0.0858992999999999	-0.149207582	0.092027261	-0.1457998535	0.0367758585	0.1465051829	0.0274814328	-0.1250740915	0.0338806709	0.0533684948	-0.0814946795	-0.0471104079	0.0119970113	-0.0417278693	0.0678750882	-0.2071908565	-0.0011106724	0.0465979069	0.1372605191	-0.0033998434	-0.0476506983	0.1368413157	0.1155045808	-0.0766006598	0.0734370367	0.0692376375	0.02907149	0.0500182777	0.039409798	-0.0580680319	-0.0459643178	-0.0178041541	-0.218930293	-0.0008387442	-0.0004236055	-0.0785356497	0.0419848437	-0.0666160073	-0.0246627109	0.0394334791	0.0403405741	0.0976800558	-0.0403752331	0.0951615127	0.0110538299	-0.0144880498	0.0150329251	0.1252676904	-0.2094860253	0.1561756514	0.032466534	-0.0375209756	-0.0731172019	-0.0232116853	0.0013262453	0.0127269005	-0.0708320502	-0.0358559973	0.0539371619	0.0306091186	0.0635025862	0.0498487059	-0.0198539732	-0.0238673496	-0.0880041196	0.2027826658	0.0168989018	-0.0355745991	-0.1413662414	0.024936343	0.0385765782	0.1288914271	0.117819292	-0.0070229835	0.1444652367	-0.0070917184	0.0353356041	0.0537154671	0.015526522	-0.0599236427	-0.0512216249	-0.0735893561	0.2010997851	0.0211040242	0.012521454	-0.0022654288	0.0861402892	0.0287057221	-0.0029883025	-0.0660069842	0.0533804106	-0.0673066173	0.0087511373	0.0809799131	-0.0820980994	-0.0374237622	0.0373470611	-0.0950934839	-0.2226897058	0.1040343553	-0.1028978494	-0.0150334334	0.0352148164	0.087512386	-0.0009184099	0.0141125324	0.0688268466	0.0329114355	-0.0476474025	0.0303250303	-0.0261059254	0.0094272081	0.155822108	0.0076403661	0.0164711808	0.046832301	0.0751541633	0.0494977641	0.1059468104	0.1273266417	-0.0106922628	-0.1085489557	0.0607793854	0.0231241761	-0.0387548737	-0.1516749209	-0.0527516268	0.0784465479	-0.0863249877	-0.0979531626	0.2323750326	-0.0586342673	0.0758763682	0.0551744192	0.0195180688	-0.0474644681	-0.0823890838	0.1126664339	0.0	0.00510148	0.01705028	2.6025098190400003e-05	0.0002907120480784	0.154306	0.0815222999999999	0.0238103416359999	0.0066458853972899	0.0191921	0.02325371	0.00036833670241	0.0005407350287641	0.00289434	0.0001083199999999	1.1733222399999972e-08	8.3772040356e-06	0.000567812	3.191999999999952e-06	1.0188863999999692e-11	3.22410467344e-07	0.000691111	6.442299999999998e-05	4.150322928999997e-09	4.77634414321e-07	0.0	0.0	0.0	0.0	0.0	0.0	0.0	0.0	0.0	0.0
326.67576043791576	-0.5825851285929957	106717.05245769052	0.3394054320577173	367.06563089964754	-2.18184657405709	4.7604544727246605	134737.1773877563	216.5217609527315	-0.2333487392537563	0.0544516341113175	46881.67296607181	215.56139993652613	451.6813406613969	1.134241	23.60276	0.05052491	0.0251773	-0.1362893992	0.0944575584	-0.1065340613	-0.1190424315	0.0979255038	0.0355254224	-0.0517177383	-0.0583403079	-0.1148967634	0.0757528871	0.0007693703	-0.0108092093	-0.1268495596	0.1069729895	-0.0766803929	-0.0643957907	0.1378391953	-0.0126956326	0.0080568303	0.0227669108	0.1144957154	-0.2054488208	-0.0944885459	-0.0187016909	0.0445274733	-0.127719955	-0.0668792465	0.0056836072	-0.0195226195	0.0990400223	-0.1660187809	0.1490410313	-0.0069384076	0.1262139499	0.0217338576	0.1060797538	-0.060975828	0.0606067724	-0.0386665133	-0.1091255069	0.0715284612	0.0374112789	-0.0355248691	-0.0691407148	-0.0058551664	-0.0821206778	0.0034311985	-0.0706820023	-0.1376460172	0.0252187406	0.1131900288	-0.1626950687	-0.0005843466	0.1332637382	-0.0624320504	-0.0500003154	-0.0555160392	-0.0054641966	0.0347504416	-0.0664746131	-0.0041719342	0.0129757315	0.0787947182	-0.1417180043	0.089035998	0.0695174484	-0.1328621245	0.0122042616	-0.0104314589	-0.0180630861	0.0939475926	-0.1895072688	0.1551946271	0.0718106804	0.0209729209	-0.0844334795	-0.0750041235	-0.0114004265	0.0050013622	0.1015770645	0.1701261022	-0.0366518378	-0.0577441909	-0.1376388632	-0.03374373	0.067399988	0.113117233	0.0683416199	0.0424982761	-0.1075723113	-0.0531161604	0.0313364823	-0.0122629138	0.0833849375	-0.0760441776	0.0908517469	0.0288477506	-0.046246506	-0.1636512838	0.0881535559	0.0496779423	-0.0082505366	0.206964706	0.1063696979	-0.0397661007	0.0757438057	0.0554664347	0.0060696226	0.0454937633	0.0919624551	0.0123818032	0.1378102583	0.0383911756	-0.0899060225	-0.1273019255	0.0028433589	0.0418822677	-0.0523386313	0.082727773	-0.0199375938	0.0275422278	-0.0068839968	-0.015576736	0.0614094857	-0.1404442459	0.0749130569	-0.0096521661	-0.1394277161	-0.1276075499	0.0449759856	0.1415747521	0.0988854426	-0.0145511656	0.0682101111	-0.0499419421	-0.0783654444	0.1151967366	0.0	-0.00221463	-0.00731611	4.9045860369e-06	5.352546553210001e-05	0.136594	-0.017712	0.018657920836	0.000313714944	0.0345101	0.015318	0.00119094700201	0.000234641124	0.00297277	7.842999999999999e-05	6.151264899999999e-09	8.8373614729e-06	0.000628535	6.072300000000005e-05	3.6872827290000053e-09	3.9505624622500004e-07	0.000626688	-6.442299999999998e-05	4.150322928999997e-09	3.92737849344e-07	0.0	0.0	0.0	0.0	0.0	0.0	0.0	0.0	0.0	0.0
326.7872337594974	0.1114733215816272	106789.8961481844	0.0124263014244408	366.8979515913901	-0.1676793082574477	0.0281163504176961	134614.10688195805	216.35659198834065	-0.1651689643908582	0.0272807867979486	46810.17489680931	215.3764002205478	450.12424297512325	1.217918	25.344036	0.06268213	0.0312844	-0.1250735676	0.0660766018	-0.1309000662	-0.0149430023	-0.0674631176	-0.0468174616	0.044077653	0.1251327258	-0.0018294217	-0.0765852434	0.0947015227	0.0637511484	-0.0700804692	0.0134964328	0.0234881253	0.0274056988	0.1161239083	0.1110830358	0.1036849744	0.0754802011	0.083776268	-0.0348219217	-0.1042227813	-0.0829276618	0.0910815716	0.0764278388	0.1377361369	-0.0523213516	-0.0993692294	-0.1186742096	-0.044612708	0.0482571394	-0.0007954505	0.0570161178	0.152091709	-0.0075592149	0.0056579697	-0.0288856104	0.0342747067	-0.1184626452	-0.079643933	-0.0130511856	0.0827399298	0.0364210397	0.080141039	0.0385227323	0.0365355283	0.0238236593	0.1467426534	0.1028028596	0.0864925164	0.0814959175	0.1368117785	0.0922618417	-0.0945525364	0.0116666675	0.1281376248	-0.0599416897	0.0773193478	0.0030267515	-0.1036962129	-0.0543433124	0.0702926056	-0.0329579443	-0.0115517638	-0.0234533332	-0.1089891438	-0.1188959971	-0.0818831386	-0.0766648557	0.0850755268	0.0084823349	0.1102177966	0.0340359943	0.079250099	0.0692631269	0.1581733517	-0.0664198599	-0.1118710633	-0.0654778961	0.0666541536	-0.0360101742	-0.0482434714	-0.0813695828	-0.0658983721	-0.1170737009	0.0154333264	-0.0306141399	-0.0352955671	-0.133404516	0.0895482422	-0.001335343	0.0794063849	-0.0534014821	0.0978444153	0.0164441218	-0.0665593827	-0.0057373031	0.1090836651	-0.0445245544	0.0778778962	-0.0321692489	-0.0657220138	0.167755961	-0.1298208885	0.0180571013	-0.1511909935	0.0696666896	0.1158732211	0.0218286059	0.0165018475	0.1327830269	0.0487629061	0.0950691762	0.0484143546	0.0612111327	-0.1072673953	0.0158169416	-0.0037775444	0.1490057068	0.0159754262	0.0111221529	0.0709102383	-0.0154083922	-0.2110745255	0.0314806266	-0.0048511402	-0.0617445072	-0.0879909128	0.0510718537	0.0279051672	-0.0346346938	0.0616129967	0.0905809089	-0.0523939058	-0.0741817089	0.1171976362	0.0	-0.00845586	-0.00624123	7.150156833960001e-05	3.89529519129e-05	0.157516	0.0209219999999999	0.0248112902559999	0.0004377300839999	0.0150487	-0.0194614	0.00022646337169	0.00037874608996	0.00287747	-9.53e-05	9.082089999999995e-09	8.2798336009e-06	0.000854385	0.00022585	5.10082225e-08	7.299737282250001e-07	0.000626688	0.0	0.0	3.92737849344e-07	0.0	0.0	0.0	0.0	0.0	0.0	0.0	0.0	0.0	0.0
326.9578612441441	0.1706274846467295	106901.443029345	0.0291137385168699	367.64322881144415	0.7452772200540494	0.555438134731492	135161.54369090387	216.419942950837	0.0633509624963437	0.0040133444492131	46837.59170684354	215.46835433278807	454.77099565393365	1.200078	24.97279	0.12737587	0.0801186	-0.1413892758	0.0094006689	-0.1312774001	0.0623131461	0.001337394	0.1088048429	-0.0040760877	-0.0753007656	0.0628998011	-0.0806264015	0.0980111718	0.0823859777	0.1077945927	0.0036696625	-0.0459116116	-0.1464377871	-0.0581318253	0.0768355046	-0.1740116085	0.0485384116	-0.0172301019	0.065270608	0.0388915128	-0.0220899797	-0.0150727745	0.0253126068	-0.0545819201	0.0956194154	0.105655595	-0.0603085534	0.1312240012	0.0629482361	-0.0727823343	0.0596715356	0.0480627722	0.0407004557	0.0745641042	0.0768782511	0.1271192969	-0.0880239631	-0.08289233	0.0357271544	0.0688179455	0.1064674389	-0.0032508414	0.0640950307	0.0470833043	-0.0007799571	-0.0787294562	0.0822946613	-0.05451181	-0.0846254539	-0.0222353893	-0.006519356	0.1732637331	-0.1703046361	0.0583937765	0.0228176898	-0.028566992	0.0674452445	-0.0975386215	-0.0817995375	-0.1067413799	0.0299125298	0.0095260456	0.1446474544	0.0715102204	-0.0614124438	0.1692079547	-0.053136359	-0.0314955462	0.0678389731	-0.0192906731	-0.0562877025	-0.0058430259	-0.0108779683	-0.0456680535	0.1114855669	0.1054718513	-0.0751210077	-0.0031804258	-0.0907048314	0.135269232	-0.0509195819	-0.0447058796	-0.0363370268	-0.0683006912	0.0832360046	-0.074423013	-0.1267995288	0.0910640919	0.0671541736	-0.0151176971	-0.1162211352	0.0341928222	-0.0563756063	-0.0460856654	0.0047489431	-0.10224577	-0.0658918485	0.007130894	0.0267761644	0.0433766567	-0.0508096376	0.1763064181	0.1656506186	-0.097586485	-0.0282621289	0.0033949528	0.0159959397	0.0676701111	0.0790944988	0.0062087415	-0.1475832717	0.0837077531	0.1641387957	-0.0356090244	0.0347248075	-0.0480613451	0.002593767	-0.0677744564	0.0407290433	0.0665152808	-0.02491469	-0.0688825171	0.0750319789	0.0791770262	-0.0412261163	-0.1467812805	-0.0534187584	-0.0973640336	0.0811288265	0.0443383883	0.0072029807	-0.0548191066	-0.0698464244	0.1186599374	0.0	-0.0084715299999999	-1.56699999999e-05	7.176682054089832e-05	2.45548899996866e-10	0.222169	0.064653	0.049359064561	0.004180010409	0.0395508	0.0245021	0.0015642657806399	0.00060035290441	0.00235216	-0.00052531	2.759505961000002e-07	5.532656665599999e-06	0.000615593	-0.000238792	5.7021619264000026e-08	3.78954741649e-07	0.000626688	0.0	0.0	3.92737849344e-07	0.0	0.0	0.0	0.0	0.0	0.0	0.0	0.0	0.0	0.0
326.1883783650865	-0.7694828790575912	106398.85818044483	0.5921039011627595	367.1188310549276	-0.524397756516521	0.2749930070395604	134776.2361151365	216.20624137381483	-0.2137015770221637	0.0456683640217597	46745.13880899229	215.31392834209788	449.7294659253222	1.220984	25.407822	0.08455782	0.0522288	-0.1072102788	-0.0623888232	-0.0743239734	0.0814695186	0.1011963838	0.0467538949	0.1228782022	0.0196518429	-0.0936133795	0.1271057388	0.0351947299	-0.0061058546	0.1505954046	0.0476801272	-0.0773442638	0.0618702236	0.0337441744	-0.0893076346	0.1508533614	0.093449264	-0.0087822728	-0.1252516599	-0.0105958042	-0.0989573052	-0.0308697666	0.0662327272	-0.0616935194	0.0332545	0.0093619968	-0.0569390756	-0.0344666083	0.0751310403	-0.1531087251	0.0027690884	0.1745481339	-0.1466191667	-0.0740930293	-0.0288855062	-0.1169998084	0.0071199179	-0.1018861921	0.0321199431	0.1198116135	0.0976246617	0.0615552399	-0.1038468659	0.0123186963	-0.056040301	0.1492356493	0.0134067878	0.0058154264	-0.1633855853	0.0121021498	-0.0519289938	0.0041714431	0.0720102025	-0.0444905107	-0.0655962068	0.0021036805	-0.0032966184	-0.024325772	0.0016579509	-0.1779927979	-0.0111122397	0.0396930127	-0.0533299185	-0.0496431903	0.0747252751	-0.161278434	-0.0717066881	-0.0088600994	-0.0776212647	0.1105640923	-0.1082224446	0.0304845047	0.0710744118	-0.056434696	0.0124045924	-0.0229837259	-0.0577225575	0.1142907925	-0.0182304557	0.0479674177	-0.0007624884	0.0376539531	-0.2542827078	0.0907125944	-0.0277575	0.1012826231	0.0039547818	0.0846709018	0.006981649	-0.0191042608	-0.1465193222	0.0277385965	0.1259919295	0.011208663	-0.056240673	0.1366521072	-0.020831433	0.0201695167	0.0793883991	0.1224960531	0.0308791705	0.0306949199	-0.0456240961	0.0876820354	0.0775306325	0.0269203261	0.1406271412	0.066775823	0.07681159	0.0242773928	-0.0111351442	-0.0123221133	-0.0227724112	-0.1651729514	-0.0202144881	0.0263465204	-0.155367742	-0.0211528889	-0.0185198938	0.064283494	0.0460955957	-0.1275390357	0.1579742813	-0.0541821249	-0.003685662	-0.0173058662	-0.0496174928	0.0966655883	-0.0273490886	-0.0792806258	-0.0246585622	-0.0572163058	-0.0653684476	0.1195769199	0.0	-0.0109028	-0.0024312700000001	0.00011887104784	5.911073812900485e-06	0.186587	-0.035582	0.034814708569	0.001266078724	0.047799	0.0082482	0.002284744401	6.803280324000007e-05	0.00300983	0.00065767	4.325298289e-07	9.059076628899998e-06	0.000507336	-0.0001082569999999	1.1719578048999989e-08	2.5738981689600005e-07	0.000626688	0.0	0.0	3.92737849344e-07	0.0	0.0	0.0	0.0	0.0	0.0	0.0	0.0	0.0	0.0
325.5799585034589	-0.608419861627624	106002.309379114	0.3701747280229771	365.9399416960469	-1.178889358880724	1.389780120482205	133912.0409285062	216.3837309078543	0.1774895340394664	0.0315025346935469	46821.9190016027	215.46344914296927	438.6441532722023	1.105866	23.012297	0.0503180999999999	0.0249642	-0.0547388386	-0.0083758431	-0.0382617257	0.0127697022	0.1433392695	-0.0004541975	-0.0317900636	0.0879020068	0.0883588541	-0.0185860497	0.0026508468	-0.0100289337	0.0012815762	0.0590532581	-0.0868412633	0.0021951386	-0.0342448534	0.1833506728	0.0318203007	0.182138844	-0.1082186453	-0.0162431475	-0.0044358943	-0.1176587178	0.0566525792	0.2028672916	-0.033359334	0.133737039	0.1772490287	0.038074843	-0.0592318274	0.0718052214	0.1793467821	-0.0157497315	0.0297759991	0.0954191133	0.0096351869	-0.1273130736	-0.087053892	0.0845135943	-0.1712674081	0.0181242473	-0.0147290672	0.032267284	0.0227361654	-0.001547274	0.1001886725	0.034444284	0.0394905715	0.0118840467	0.0457231394	0.0376230914	-0.1861531641	-0.0740515543	0.0436919274	-0.0275489766	0.0668839449	0.0797828581	0.0993942974	0.0318165485	0.0036383721	0.0118655602	-0.0322113274	-0.0621380915	0.0758465163	-0.0037651269	0.0391801136	-0.1872044404	-0.0226227686	-0.1753052341	-0.0963665886	0.0394364375	0.0966238561	-0.1115722445	0.113016503	0.1468529787	-0.0123958154	0.1763842625	0.1698198119	-0.0010924801	-0.0235234695	-0.0538604655	-0.1865196846	-0.0180068975	-0.0798826024	0.0458511408	0.0555675207	-0.1440112317	0.0349028915	0.0780098074	0.1667226054	0.0184111989	-0.0838034456	-0.0282836942	0.0107672321	0.0114227609	-0.1185886704	0.0256614582	0.0596077534	0.0129251233	-0.0493400754	-0.1526842552	0.0348098377	-0.1221229469	0.047069047	-0.032475775	-0.061631863	-0.0896875433	0.0908529253	2.76574e-05	0.0692647331	0.0553067543	0.0119667539	0.0564738295	0.0572540554	0.0181865533	-0.0255921773	0.1639612159	0.0838651243	-0.0123176702	-0.0101722069	0.0062318518	0.0745702053	0.0875931422	-0.079028714	0.0254124326	0.0443143426	-0.0593537547	-0.0014514973	-0.1130385209	-0.0377613425	-0.0005277685	0.0677161777	0.0241099539	-0.0595842788	-0.0607569269	0.1199443696	0.0	-0.0121792	-0.0012763999999999	0.00014833291264	1.6291969599999968e-06	0.20515	0.0185629999999999	0.0420865225	0.0003445849689999	0.0425661	-0.0052328999999999	0.00181187286921	2.7383242409999987e-05	0.00282326	-0.0001865699999999	3.4808364899999856e-08	7.970797027600001e-06	0.000652868	0.0001455319999999	2.1179563023999992e-08	4.262366254240001e-07	0.000453874	-0.000172814	2.9864678596000016e-08	2.06001607876e-07	0.0	0.0	0.0	0.0	0.0	0.0	0.0	0.0	0.0	0.0
325.738365944613	0.1584074411541109	106105.4830482666	0.0250929174129931	365.3274855856168	-0.6124561104301165	0.375102487203187	133464.17172430904	216.4248119173988	0.0410810095445128	0.0016876493451963	46839.69921348145	215.48788882366185	439.44631745282135	1.02044	21.234638	0.0487424799999999	0.0283407	-0.0581089846	0.03291496	-0.0501108918	-0.158328393	0.0503658382	0.1057307799	-0.0277374218	-0.0809016718	-0.0039844176	0.0532211997	0.0664423717	-0.0184354515	-0.031324699	0.1308273889	-0.0151345751	-0.0803919299	-0.0178873263	-0.0717972778	-0.0570802164	0.1618908905	0.0719721094	-0.0093095831	0.0104522916	-0.0264542628	0.0344044774	0.1400176286	0.1095448786	-0.0887033491	0.0421392462	-0.0443227665	0.1381908097	-0.047893799	0.1028788313	-0.0555887693	-0.0042214483	0.0414340362	-0.119069654	0.0145646745	0.0629529582	-0.112868641	0.1499386916	0.1424763349	-0.0260408234	0.0321288205	-0.1111784155	-0.0285850325	-0.1363805394	-0.107956999	0.0316576284	-0.1871445233	0.1071679207	0.1270672104	-0.0640952471	0.0127070399	-0.0234639471	0.1881739736	-0.1051127333	0.0409974361	0.064944219	0.1457760629	-0.0647885713	0.0256958452	-0.0134156261	-0.1377970394	0.006194394	0.0817540651	0.0213699321	0.0814337294	0.0564187233	-0.1462235576	0.0903477899	0.0166668648	0.01550688	-0.0522360707	0.0262209786	0.136875167	0.1272672472	-0.0519232769	0.0346823213	-0.0334515652	-0.1644606684	-0.0437007438	-0.0253305552	0.0038595082	-0.0226018438	0.0183064662	0.0992133346	0.038181465	-0.0286079884	-0.0911530365	-0.1494107356	0.1311914261	-0.0014901628	0.0011307033	-0.0806977889	-0.1245543571	0.1482493043	-0.1123823833	0.1216122828	0.1977006787	-0.0526272103	-0.0947555965	-0.0960546481	0.0045396349	-0.0066840176	-0.1570427852	0.086398153	-0.0635494598	0.041695604	-0.2412265394	0.0997286654	0.0266927535	0.0081703495	-0.1426370656	-0.0382443514	0.0324646424	0.0185777641	0.0415489728	0.0348718302	0.0426239431	0.0486797247	-0.051982938	0.0109338307	0.1332303517	-0.0954647206	0.161719656	-0.0568304101	-0.039257586	-0.0234011749	-0.1028160753	0.0616096861	0.0503022206	0.0164121921	-0.0662038888	-0.0619218161	-0.0560212833	0.1197605978	0.0	-0.00853452	0.0036446799999999	7.283803163040001e-05	1.3283692302399994e-05	0.220738	0.0155879999999999	0.0487252646439999	0.0002429857439999	0.0667847	0.0242186	0.00446019615409	0.00058654058596	0.00289647	7.320999999999977e-05	5.359704099999966e-09	8.3895384609e-06	0.000676736	2.3868000000000023e-05	5.696814240000011e-10	4.579716136960001e-07	0.000445128	-8.746000000000014e-06	7.649251600000025e-11	1.98138936384e-07	0.0	0.0	0.0	0.0	0.0	0.0	0.0	0.0	0.0	0.0
325.99674864525684	0.2583827006438355	106273.88012727875	0.0667616199920019	365.2110818685112	-0.1164037171055838	0.0135498253559967	133379.1343195684	216.6689897807622	0.244177863363376	0.0596228289567035	46945.45113261603	215.70040343475583	441.0912037081965	1.05994	22.05661	0.07853713	0.0558319	-0.0642541821	0.0590382657	-0.0692241885	-0.0459615732	-0.0921425385	-0.0173146812	0.0804024543	0.1040839859	-0.0731536584	-0.0164180636	0.0495244641	0.0826058105	-0.0597836123	0.029218188	0.0628246743	0.0429963975	0.0851157033	-0.0139342405	0.1124787187	-0.0392661073	0.0740914522	0.0290199742	-0.0473819351	-0.1157714147	-0.1212007681	-0.0085067234	0.0783890542	-0.1525368237	0.0927544918	0.0553692238	0.0935238251	-0.1021346396	-0.0296429977	-0.0663697474	0.0261722358	-0.246336473	-0.1021906039	0.0566548783	-0.007154894	-0.0212194825	0.0136119895	-0.1014149404	0.007343345	0.1053053489	0.1488019061	0.0843122745	-0.0275072227	-0.0356913691	0.0728568528	5.81576e-05	-0.0023090087	0.0439984618	-0.0666691311	0.0806675968	0.0712348182	0.1600702507	0.0934596604	-0.1423482909	-0.0925617008	0.0155304289	-0.0586163756	-0.0740597059	0.0677697693	-0.0436519781	-0.0591822105	-0.0385292651	-0.0887888857	-0.0022184592	-0.1065634245	0.0368366425	0.0631816298	0.0379947001	0.0652374211	-0.0958608237	-0.0889496726	-0.0285154006	0.1218548746	-0.1479989811	0.0745196602	0.0525219917	-0.1087583631	0.0620502934	0.041483682	0.0887955244	0.1535828746	-0.1900950753	0.0259709333	0.0800090399	0.0273360006	0.0224194476	-0.0514311846	-0.1141723822	0.0056863382	-0.105608311	0.1946321474	-0.0711195146	-0.0140184524	-0.045756796	0.0595998935	-0.0279057835	-0.0453566301	-0.1050182075	-0.0315954115	0.0489163511	0.083720017	-0.1031280484	-0.0193514691	0.1742139578	-0.0784770849	0.0182871151	0.0519568005	0.0710613313	0.0574230407	0.0283743858	-0.0577849893	-0.0780729221	-0.0940054988	-0.0756115151	-0.0323770595	0.0707202579	0.0471981215	-0.0028538579	0.0589963835	0.0659884909	-0.1229523772	-0.0177260492	-0.0654861908	-0.0150587409	-0.0802816034	-0.0583651823	-0.0137971873	-0.0247864809	0.0868618206	0.0575514144	-0.0642277237	-0.0511711914	0.1190264491	0.0	-0.0124369	-0.00390238	0.00015467648161	1.5228569664400005e-05	0.167595	-0.0531429999999999	0.0280880840249999	0.0028241784489999	0.07065	0.0038653	0.0049914225	1.4940544090000016e-05	0.00310572	0.00020925	4.37855625000001e-08	9.645496718400002e-06	0.000772642	9.5906e-05	9.197960835999997e-09	5.969756601640001e-07	0.000492501	4.737300000000002e-05	2.244201129000002e-09	2.425572350010001e-07	0.0	0.0	0.0	0.0	0.0	0.0	0.0	0.0	0.0	0.0
326.3723545607676	0.3756059155107323	106518.9138215394	0.1410798037666553	366.54391097445176	1.3328291059405617	1.7764334256423164	134354.43867244682	216.9641565856349	0.2951668048727072	0.0871234426987628	47073.4452429159	215.99857972500948	444.1254580531881	1.054729	21.94817	0.02354777	0.0120525	-0.0818621436	0.0694670687	-0.0907299867	0.0679386457	-0.0436423964	0.0555464951	-0.0722962237	0.0606038432	0.0624289558	-0.0833335513	-0.0072008911	0.1555662997	0.0200851435	-0.0338046548	-0.0264132822	-0.0661041519	0.0147881168	0.1436751693	0.0168724439	-0.0853991611	-0.010413158	0.108570176	-0.0454740528	0.0187440298	0.1195471744	0.0225944442	0.1289018509	0.0017635939	0.0665171055	0.1474315726	0.028567811	0.0068555019	-0.1079134886	-0.0091304978	0.1261570507	0.0265460781	0.0332068325	0.1498953483	0.0217328128	0.0250740731	0.103075552	-0.0089883963	-0.2081051956	0.1337650679	-0.0300398688	-0.169022578	0.0405123374	0.1136108062	-0.121788888	0.0094374616	0.0418404802	-0.0213382595	0.1058729768	0.0170937457	0.1213811098	0.0164296079	-0.0573081475	-0.0241280822	-0.0967906461	-0.0103406653	-0.0064250169	-0.1605635819	0.0001053217	0.0430853692	0.0192330986	0.0752522767	-0.0103396761	-0.1426623874	-0.0113388964	0.0715996456	-0.0268352743	0.1148838439	-0.0229107677	0.1014278521	0.061701728	0.0148108744	0.1369189889	0.035883369	0.0813913009	0.1376513725	0.0567764435	0.0084566754	0.115625608	0.0351427764	-0.1151678089	-0.0887464213	-0.0165835435	0.1747042449	0.0365615162	-0.0055290882	-0.1294379997	-0.0257215535	-0.2043183993	0.0087058866	-0.0745943298	0.0675943971	-0.0306141652	0.1398195455	-0.0630950803	0.0998111801	0.0976121738	0.0373035716	-0.0496781068	0.0437985225	0.1054594512	0.047530854	0.0519761327	0.0159261096	-0.062997678	-0.0642917265	0.0373346127	0.0912447002	0.074520183	0.0167987591	0.1186473677	0.0401056664	-0.0162498223	0.0165090541	-0.0677031517	0.0363053338	-0.0490969475	0.0311127667	0.0675977645	-0.0179480196	-0.0518550725	-0.0706645982	-0.0080153056	-0.0117689289	-0.1203813845	-0.0608295491	0.0502789111	0.0363217697	0.0073361961	0.0045286241	-0.0665008237	-0.0462165596	0.1177452974	0.0	-0.00852493	0.00391197	7.26744315049e-05	1.5303509280900006e-05	0.172596	0.005001	0.029789379216	2.5010001000000053e-05	0.0672111	-0.0034389	0.0045173319632099	1.182603321000006e-05	0.0029236	-0.00018212	3.316769440000001e-08	8.54743696e-06	0.00081085	3.820799999999997e-05	1.4598512639999976e-09	6.574777225e-07	0.000488911	-3.5900000000000385e-06	1.2888100000000275e-11	2.39033965921e-07	0.0	0.0	0.0	0.0	0.0	0.0	0.0	0.0	0.0	0.0
325.8015834681629	-0.570771092604673	106146.67179036232	0.3257796401531321	365.4503894100466	-1.0935215644051368	1.1957894118190575	133553.98711995472	216.90875000423856	-0.0554065813963404	0.0030698892620293	47049.40582840126	216.01219068297573	445.1060511466239	1.074461	22.35878	0.03090413	0.015764	-0.0837177442	0.0247393864	-0.0593443837	0.0692188403	0.0443478395	0.1373575513	0.0017395622	-0.0717102798	-0.0635918258	0.0415955052	-0.094268965	0.0810948995	0.0776198808	0.0120170249	-0.0993876708	-0.0778824464	0.1203179404	-0.0776903725	-0.0798447129	0.0773804595	-0.0141081179	0.0400872456	-0.0149210606	0.0033882221	0.0298651387	-0.1500671156	0.0268453958	-0.0493442135	0.1362288187	0.0692005158	-0.1511119965	0.0485983553	-0.0256875597	-0.1106281116	0.0452140504	-0.0415326548	-0.0165442705	-0.136893451	-0.0180600584	-0.1860720174	0.0147036127	0.0225365504	-0.020504472	0.0044838752	-0.03538982	0.2193996954	0.0194874695	0.1103229153	-0.1349267656	-0.0209487625	0.0375283478	-0.0929290135	-0.0888588912	0.0411392411	-0.0086936824	0.0279816162	0.0419203866	0.0755696507	-0.0297594157	-0.0034834545	0.0949992887	-0.0904162021	-0.0986213321	-0.0071822783	0.0692743622	0.0840350772	-0.1136623617	0.0850385425	0.0603616194	-0.0850597375	-0.0222476597	-0.0107424837	-0.0085787208	0.0385885562	-0.0070675238	-0.1637376703	0.028081101	-0.0482999885	0.1487503397	0.0318687931	0.1259887523	0.0093157143	-0.0787417194	0.1209688366	0.0116219372	-0.0388680339	0.0864000614	-0.138009634	-0.0022756251	-0.1725503722	-0.0305793406	-0.0217349306	0.0310394987	0.0279873511	0.0209539317	-0.1986621033	-0.0970105044	0.1020238164	-0.1248851544	0.039824815	-0.0070566407	-0.0179631556	0.1070804697	0.0044473354	0.0488525068	-0.0719425368	-0.088906444	-0.0864175156	-0.0515646013	-0.0086188565	0.0500076076	0.0820258707	0.0521833284	-0.1268308546	0.0179829538	0.0329056388	0.0389517377	-0.0322009194	-0.0448512328	-0.1437566815	-0.0321515865	0.03289925	0.0026009772	0.0165671198	0.0253033212	0.0167162373	-0.1264621644	-0.0081494231	-0.1295272421	-0.0136490143	0.0045937672	0.008696684	0.012349169	0.102536104	-0.0687399551	-0.0411675101	0.1159230303	0.0	-0.00849235	3.25800000000008e-05	7.212000852249999e-05	1.0614564000000524e-09	0.168973	-0.0036229999999999	0.028551874729	1.3126128999999907e-05	0.0806138	0.0134027	0.00649858475044	0.00017963236729	0.00300034	7.674000000000005e-05	5.8890276000000095e-09	9.002040115600001e-06	0.00074845	-6.24e-05	3.89376e-09	5.601774025e-07	0.000626688	0.000137777	1.8982501729000016e-08	3.92737849344e-07	0.0	0.0	0.0	0.0	0.0	0.0	0.0	0.0	0.0	0.0
324.577093731181	-1.2244897369819228	105350.28977497984	1.4993751159740585	364.5585955031809	-0.8917939068657006	0.7952963723227898	132902.96955525188	216.5224022981003	-0.3863477061382525	0.1492645500382895	46881.95069694039	215.601223844584	434.0138206508535	1.182316	24.603184	0.0788167	0.046857	-0.0234948049	0.0023018497	0.0124887129	0.0573454758	0.1279708533	0.0281191554	0.0496145832	0.0988581986	-0.0739623256	0.0679100638	-0.1220536775	-0.0529799687	0.0264662893	0.0233375326	-0.0797019197	0.0674840414	0.0432373091	-0.017598566	0.109893767	-0.0732188415	0.0299186917	-0.0066448476	0.1911645377	-0.0458519774	-0.0219743704	0.0196486543	-0.0646159192	0.0509315925	-0.0571852834	0.0485060826	0.080044687	0.1029032563	-0.0120138979	-0.1853964012	-0.0387345886	0.0685693323	0.1024047729	0.1604078881	-0.029974221	-0.0703729765	-0.0654576371	0.0391158457	0.0831522652	-0.0632343797	0.0728859047	-0.0879363727	-0.0669661309	0.0153148353	-0.0055777089	0.1411076918	0.0274841058	0.0650689188	-0.072324347	-0.0617045069	-0.0581673988	-0.0360685264	-0.0506200085	0.0190704592	-0.2820556666	-0.1823194605	0.127872968	0.0435913157	-0.0449159738	-0.0167825362	0.0720180015	-0.0588049448	-0.0568845007	-0.0062776472	-0.1094353572	0.0826651735	0.0466307712	-0.006015791	-0.0946166426	-0.1428361105	0.0642270618	0.000836515	-0.0907458843	0.07189043	-0.0439309537	0.0587462556	-0.0126843783	-0.1504191208	0.0486891423	0.1584307989	-0.0544734995	0.0866547783	-0.0557549248	0.1031391087	0.1006089673	-0.0805646078	0.1021191156	0.0380602347	0.0676030764	0.0059054447	0.0641280964	0.0942642107	0.0789164433	0.0005420901	0.0320202091	-0.024126226	0.1164712421	-0.0811031062	-0.0275396141	-0.0812044084	-0.0627654687	0.0252799598	-0.0145290803	-0.0215335049	-0.3346217237	0.0200796472	0.0347779704	0.076027987	0.0418536138	0.0916525386	-0.027419642	-0.1516838924	-0.0335939787	-0.0147570003	0.0141900578	-0.1635763537	-0.0036646615	0.0667761586	-0.0171234015	0.049495817	-0.0588562916	-0.0577263052	0.0179483596	0.0708592846	0.0285299207	0.0282040587	0.0454951057	-0.0236034108	0.0939496534	-0.1226949821	-0.070943974	-0.0360343578	0.1135680224	0.0	-0.0115871	-0.00309475	0.0001342608864099	9.5774775625e-06	0.149057	-0.019916	0.0222179892489999	0.000396647056	0.0683247	-0.0122890999999999	0.00466826463009	0.0001510219788099	0.00366204	0.0006616999999999	4.3784688999999996e-07	1.34105369616e-05	0.000678073	-7.037700000000005e-05	4.9529221290000065e-09	4.5978299332900005e-07	0.000488428	-0.00013826	1.9115827600000025e-08	2.38561911184e-07	0.0	0.0	0.0	0.0	0.0	0.0	0.0	0.0	0.0	0.0
323.76180875827424	-0.8152849729067384	104821.70881042937	0.6646895870475412	362.5582331993389	-2.000362303842053	4.001449346632286	131448.4724606262	216.2085211340952	-0.313881164005096	0.098521385117194	46746.12461099249	215.2803120617596	422.4145622071639	1.11205	23.140993	0.0420182	0.0270615	0.0289152506	0.0130774558	0.0440361068	-0.0182712574	0.1296325336	-0.0186116179	-0.0517037755	0.0255747938	0.0343327761	-0.0859556429	-0.0459617138	-0.1107872026	-0.0165741668	0.000128266	-0.0990031603	-0.0182337235	-0.0103648696	0.1208838352	0.0156352214	-0.0407541417	0.0605078001	-0.1598563295	-0.1219454938	-0.1301688161	-0.0788113014	0.0013057488	-0.0216260972	-0.0542970484	0.0465516435	-0.131843487	-0.0397587791	-0.0565780139	-0.0874791274	-0.1801814774	0.0475245325	-0.0417576651	0.0022549836	0.0124213381	0.0383881735	0.0566137455	0.1043385397	-0.012347461	-0.0182221396	-0.1842093948	0.0840869781	-0.1225089904	0.0642573676	0.0905179282	-0.0539385689	0.1331510832	-0.0252376053	0.0298866036	0.1210144247	-0.0416329901	0.0601187356	-0.0953305098	-0.0496659045	-0.1303411786	-0.0268906541	-0.0749381094	0.0529646433	0.1025051914	-0.0063866553	-0.0080648112	0.0941204567	0.0249561737	0.0154328995	-0.1389765777	-0.0097449589	0.0483433576	0.0519350188	-0.1171934948	0.182891829	-0.0715661835	-0.0478385859	0.0105766066	0.0302515897	-0.0821059547	0.0121099826	-0.1450444045	0.0211953795	0.0421596116	0.0179199639	0.1857883912	0.000768185	-0.0725089856	-0.0162175562	0.021583249	-0.0321052246	0.0328914712	-0.108549501	0.0260775956	0.067134037	0.1471193361	0.0206959182	0.2080904841	-0.0473066106	0.1168108196	-0.0469983031	-0.0534080827	0.1218690158	0.0608581667	-0.0684789231	-0.0206032338	0.0215614227	0.1256008111	0.0319657415	0.1276377284	-0.028465455	0.0593152323	0.0482786909	0.0415208923	0.0565450488	0.0740186318	0.0446139453	-0.0628608982	0.0959810124	0.1429640259	0.0225927211	-0.019639404	0.0274393937	0.0767038646	-0.0168113406	0.0483230156	0.0742689392	0.0123148903	0.0492212025	0.0310006233	0.0006488133	-0.1088782267	0.0220560758	-0.0414470365	-0.0321467365	0.0785231154	-0.0731117546	-0.0308275893	0.1106910964	0.0	-0.012246	-0.0006589	0.000149964516	4.341492100000006e-07	0.174123	0.025066	0.030318819129	0.000628304356	0.0668021	-0.0015225999999999	0.00446252056441	2.318310759999997e-06	0.00363112	-3.092000000000025e-05	9.560464000000154e-10	1.31850324544e-05	0.000805061	0.000126988	1.612595214400002e-08	6.481232137210001e-07	0.000350922	-0.0001375059999999	1.8907900035999993e-08	1.2314625008399998e-07	0.0	0.0	0.0	0.0	0.0	0.0	0.0	0.0	0.0	0.0
323.7196575051448	-0.0421512531294183	104794.41665524826	0.0017767281403803	363.39085435290025	0.8326211535613766	0.6932579853578774	132052.91302733077	215.6500967605513	-0.5584243735439145	0.3118377809679133	46504.96423283513	214.7037655885248	421.7203686579833	1.013388	21.087891	0.0704472499999999	0.0406494	0.0306899836	0.027153109	0.0150007218	-0.1469554158	0.0428535048	0.0861269573	-0.0863462624	-0.0570351901	-0.0190611937	0.0247001763	0.104153806	-0.1460165992	-0.0366948577	0.0340116645	-0.0282094437	-0.0896711109	-0.0288312075	0.0721813942	-0.0452042646	0.0008505825	0.1191135785	-0.072972557	0.0383512928	-0.1034033599	0.0360133686	-0.0508179261	0.0826326873	0.1132800555	-0.0927813234	-0.0897336284	-0.0429033766	-0.1272345113	-0.0013505421	0.0365361511	-0.0362131049	-0.0596634867	0.1941419505	-0.0895780866	-0.0940092695	0.0295940528	-0.0815216061	0.059678717	0.0101318594	-0.0910985632	-0.1415847026	0.0024209057	-0.0195175411	0.0388230542	-0.0244323555	-0.00038939	0.0073288435	-0.0504437615	-0.2570942727	-0.0136077912	-0.05098778	0.1775013964	-0.0672934131	0.0642752852	-0.0570174939	0.1070884	-0.0941879587	0.1522367972	0.0050817437	-0.0453669066	0.0373597786	0.0871167599	0.0368846911	-0.0643115591	0.0504708211	0.0038973096	0.1235868396	-0.0777596687	0.0287417935	-0.0489626535	0.0741128132	-0.0700764074	0.0737266073	0.0820585059	-0.1231836489	-0.076119986	0.017112016	0.1266813523	-0.0089402846	-0.0159082692	0.0284633169	0.00296192	-0.1745074348	-0.1534091972	0.0749831529	-0.0096883707	0.1144880113	0.0318546585	0.0055574467	0.0480926767	-0.1410862407	-0.0306408424	0.0267066592	0.0448950019	-0.0022448688	-0.0130680985	-0.0261689885	-0.1360825994	0.1162429184	-0.0650278307	0.0451734697	-0.2101862889	0.0870719174	-0.0638523384	-0.1081367786	-0.074439814	0.083078185	0.0111038713	0.0305865474	-0.076279684	-0.0010459769	-0.0776040491	0.1534770999	0.0707228962	-0.0197026921	0.0037994753	0.0735233508	0.032479789	-0.0853847277	-0.0336901676	0.0019028021	0.0594752649	-0.011858337	0.0134216662	-0.0214198203	-0.022885753	0.0137061556	-0.0303350962	0.1573745436	-0.0745917338	-0.0752421898	-0.0255578418	0.1073054737	0.0	-0.010998	0.0012479999999999	0.000120956004	1.5575039999999977e-06	0.193826	0.019703	0.037568518276	0.0003882082089999	0.094875	0.0280728999999999	0.009001265625	0.0007880877144099	0.00337499	-0.0002561299999999	6.560257689999992e-08	1.13905575001e-05	0.000959447	0.0001543859999999	2.3835036995999983e-08	9.20538545809e-07	0.000332971	-1.795099999999999e-05	3.2223840099999966e-10	1.10869686841e-07	0.0	0.0	0.0	0.0	0.0	0.0	0.0	0.0	0.0	0.0
324.225018693316	0.5053611881711504	105121.86274668109	0.2553899305097569	363.3510898204462	-0.0397645324540576	0.0015812180412898	132024.01447370596	215.90236378203247	0.2522670214811739	0.0636386501269831	46613.83068666909	214.93447742384208	426.2355129187853	1.106201	23.019276	0.0796275	0.0530754	0.0095789842	0.0520013753	-0.0095753861	-0.0969823963	-0.0988016313	-0.0365671585	0.0573200481	0.0562193698	-0.1444314431	-0.0120234536	0.1158975937	-0.0609699667	-0.0245641896	0.0284225007	0.0534881892	0.0004503909	0.0114923617	0.046670338	0.1848581899	0.1183609182	-0.0971489095	0.090080873	-0.0543125249	-0.0177873991	-0.1411970099	-0.0093584615	-0.0176727177	0.0581184258	-0.112999776	0.0510872816	-0.0190964166	0.1056447387	0.0352834001	-0.0301157331	-0.0807516541	-0.1531689332	-0.0010192412	-0.0542457434	0.0394744538	0.0230785778	0.1184818415	0.094239809	0.0314638536	-0.1044269505	-0.0197033962	0.0255864757	-0.1147171241	0.1683734361	-0.1006052874	-0.0627180829	-0.1271612779	-0.1780106238	0.0019660845	0.0372701362	-0.0029387321	0.0211633262	-0.0876819485	0.0585830833	-0.0246065401	0.0858299903	-0.1109411428	0.0721759582	0.0228365386	-0.0238579627	-0.0518498169	-0.0040783183	0.0012875553	-0.0433211244	-0.187271926	-0.1354330762	-0.0884778098	0.0942158408	0.0234160914	-0.0312189384	-0.1185607258	-0.0245328204	-0.029718858	0.0427415478	-0.1186798333	0.0696165785	0.0281650476	-0.0503374845	-0.0659182571	0.0427808855	0.199474973	-0.0240460854	-0.0399832871	-0.0455925488	-0.0185723325	0.0124516917	-0.110536356	0.1204991577	0.0345097677	0.0493571784	-0.0166376343	0.0043190269	0.1242903181	0.1704106171	-0.1362471559	-0.0674769036	-0.0854609492	0.1152229118	0.119951075	0.0244374283	0.033529509	-0.0412328083	0.0890285251	-0.0634577164	-0.0357176437	-0.0202414781	0.0531958395	0.0417637097	0.0361394197	0.0628492427	-0.0462212467	-0.0838939727	-0.0589607222	-0.0714818218	-0.0216072672	0.0732871903	0.1116055567	-0.0130139963	-0.0526833196	0.0130567851	0.0231005479	0.1255378755	0.0151875535	0.1536825873	-0.0589783314	-0.068172366	-0.0490451623	0.07693853	-0.0594713907	-0.110140005	-0.0773341911	-0.0202358811	0.1034267134	0.0	-0.0085198	0.0024782	7.258699203999999e-05	6.141475240000008e-06	0.18426	-0.0095659999999999	0.0339517476	9.150835599999984e-05	0.0597713	-0.0351037	0.00357260830369	0.00123226975369	0.00395793	0.00058294	3.3981904360000013e-07	1.56652098849e-05	0.000929313	-3.013400000000002e-05	9.080579560000011e-10	8.63622651969e-07	0.000369489	3.651800000000003e-05	1.3335643240000024e-09	1.3652212112100006e-07	0.0	0.0	0.0	0.0	0.0	0.0	0.0	0.0	0.0	0.0
324.9059478033077	0.6809291099917232	105563.8749179657	0.4636644528341202	364.4449881560577	1.0938983356115273	1.1966135686536696	132820.14939206906	216.23673528912423	0.3343715070917596	0.1118043047548146	46758.32568849879	215.26552255481192	431.2608714132517	0.998456	20.777172	0.03546325	0.0201856	-0.0165084064	0.0845918016	-0.040652695	0.0264826626	-0.1050812128	0.0134938047	-0.0094234768	0.1083856697	0.0729687416	-0.0981458735	0.0905990139	0.0792266423	-0.0141371774	-0.0727325938	0.0608378129	-0.0127193396	-0.051166685	0.0984249171	0.0581039898	-0.0491172434	0.006372227	-0.0043062421	-0.0326782176	-0.0763933246	-0.0778454152	0.0149117654	0.078000252	0.0759319594	0.1155258916	0.0263950272	-0.0468314112	-0.1231074119	-0.0742248924	0.107793448	0.0041816623	0.0503570767	-0.0309832518	0.0750203617	0.0759518499	-0.0690319918	0.1114125593	-0.1435637136	0.044211025	-0.1795751548	-0.0272315176	0.0189802326	0.0419539886	0.1052774058	-0.075056223	0.0213748756	-0.2649220364	-0.0045759312	-0.1399124854	0.0061846671	-0.2331082361	-0.0545867103	0.015959533	-0.0246969066	-0.0725040413	0.0197524876	-0.096427581	-0.0730441963	0.0454480037	0.0751517175	-0.0472008902	0.0031260705	0.0603058353	-0.1069337973	-0.0576283766	0.0433395049	-0.0053906249	0.0068337171	0.043530107	-0.0696386067	-0.0575187257	-0.0145364803	0.0932995238	0.0730132664	0.1007628121	-0.0071577288	0.0246533085	0.171091168	0.0674383884	-0.0785059358	0.0029233445	0.0232733066	0.0239612952	0.0924840386	-0.0585606237	-0.0654552907	-0.0876333379	-0.0476972047	0.1632722849	0.0717808729	-0.074543963	0.0808909205	-0.0308717847	0.0802131263	-0.1734343841	-0.2239205133	-0.1708686539	-0.0228536818	0.0637897426	-0.1147624577	-0.1917168225	-0.0716871353	-0.0310636616	-0.0033314669	-0.1016174345	0.0286056353	0.0393523241	0.0694451187	0.0248103901	0.0789263414	0.0771726525	0.0153753118	-0.0015179504	0.0035297178	-0.0651060747	0.1136015869	0.0200050751	0.0481438239	-0.0751609414	0.0266145619	0.0007520632	0.0071133111	0.0353192763	0.1745102215	-0.0032583628	-0.0829218224	-0.0087676747	-0.1774040073	0.0513232288	-0.0561457233	-0.07938669	-0.0148725796	0.0990726408	0.0	-0.0085389	-1.910000000000106e-05	7.291281321e-05	3.648100000000405e-10	0.18645	0.0021899999999999	0.0347636025	4.796099999999989e-06	0.0434945	-0.0162768	0.00189177153025	0.00026493421824	0.00366235	-0.00029558	8.73675364000001e-08	1.34128075225e-05	0.00094409	1.4776999999999998e-05	2.183597289999999e-10	8.913059280999999e-07	0.000398679	2.918999999999996e-05	8.520560999999975e-10	1.58944945041e-07	0.0	0.0	0.0	0.0	0.0	0.0	0.0	0.0	0.0	0.0
325.1535878758651	0.2476400725574308	105724.85570854794	0.0613256055362496	365.58819547172897	1.1432073156712477	1.3069229666042597	133654.72866827511	216.659954022326	0.4232187332017645	0.1791140961329063	46941.53567695641	215.7256595799849	436.2212913234752	1.03679	21.574877	0.0415958299999999	0.0236468	-0.0401468416	0.0350987658	-0.0585973729	0.088632815	-0.0256902516	0.1062984715	-0.0349352534	-0.0216674506	-0.0614023805	-0.0343823171	-0.0293723518	0.1094652898	0.1055405391	-0.0113935419	-0.0264638866	-0.155826658	-0.0716089807	-0.0643059595	0.0393100906	0.0129027889	0.0698573865	-0.1042000394	0.0784963097	-0.0804482233	0.0607279939	-0.0541588357	-0.0066403047	0.1220361438	0.0565627079	-0.0399760689	0.1798818948	0.1346692414	-0.0236395759	0.0371687428	0.045135738	0.0393446823	0.0467295734	-0.0668773004	0.0715562781	-0.1173260944	0.0342526376	-0.1130640823	0.0491659093	-0.0875730741	0.0674414854	-0.020941213	0.047981144	-0.0471989783	0.0176040254	-0.1327774673	0.0946462768	0.1326065842	0.0421583478	0.0744583449	-0.0787102452	0.0028059494	-0.0098351435	0.0680844226	-0.1032824767	0.1865162603	0.0223840972	-0.116556407	-0.0875665233	0.0347877971	-0.0047449186	0.1539264021	0.071264224	0.0596070432	-0.0480779744	0.0006167952	0.0738857824	-0.1041224347	0.022092657	-0.0663743934	0.1021741579	-0.0772414105	-0.0057499042	0.1352357785	0.0447273987	-0.057196048	-0.0668792691	-0.1827210599	0.1092714129	-0.0716838989	-0.036506826	-0.0187476137	-0.0138900893	-0.0482920064	-0.0661036758	-0.1158178679	-0.0520730564	-0.0794922387	0.1132697462	0.0166411716	0.0558845858	0.0679922645	-0.0223667269	-0.0546518897	0.023148999	0.1344903337	-0.0806613434	-0.0108515513	-0.0687062606	0.1091195253	-0.09907074	0.0033086374	-0.0336449581	-0.0848790652	-0.0726498327	-0.1450401282	0.066006889	0.0669955344	-0.0200774413	-0.0649123023	0.0467448707	0.0433005577	0.028635222	-0.0656932017	-0.0942198629	-0.0297674618	-0.0314190781	0.0763164991	-0.1064161795	-0.0848208193	0.0921644509	0.0367836114	0.1308485811	0.0452236975	-0.0512793298	-0.1062383413	-0.1169880638	0.037737751	0.0805274613	-0.1531962133	-0.0813986382	-0.0094788943	0.0942632658	0.0	-0.00853357	5.329999999999571e-06	7.28218169449e-05	2.8408899999995428e-11	0.203313	0.0168629999999999	0.0413361759689999	0.0002843607689999	0.0523559	0.0088613999999999	0.00274114026481	7.852440995999997e-05	0.00347649	-0.0001858599999999	3.4543939599999976e-08	1.20859827201e-05	0.00087186	-7.222999999999995e-05	5.217172899999993e-09	7.601398596e-07	0.000457911	5.923199999999999e-05	3.508429823999999e-09	2.09682483921e-07	0.0	0.0	0.0	0.0	0.0	0.0	0.0	0.0	0.0	0.0
325.1766525181208	0.0230646422556901	105739.85534289067	0.0005319777223829	365.6418530935237	0.0536576217947413	0.0028791403766674	133693.96473366598	216.6729529783948	0.0129989560687988	0.0001689728588785	46947.16855237768	215.75556941423653	437.4045298579459	1.067171	22.207096	0.04056888	0.02187	-0.0419150241	-0.006004611	-0.0296191162	0.0883205595	0.0849274382	0.008883802	0.0201121096	0.0796899811	-0.1126371875	0.0106487957	-0.1327574225	0.0229853994	0.0835519112	0.0216543752	-0.0413757348	0.0377317637	0.1239570594	-0.1020286749	0.1009952702	0.0350656016	0.0127470443	0.0552574217	-0.0042350258	-0.0297386363	0.0943442135	-0.0617012282	0.0408677455	0.0742752623	-0.2026877273	-0.0628510774	0.0858018352	0.0177678283	-0.0526130317	0.1189782925	-0.0914901067	0.0856416719	-0.0085768928	0.0154585344	-0.1025750653	-0.0745413748	-0.0308292299	0.0705911987	-0.0504005113	-0.0522740719	0.0199519467	-0.0321004256	0.0026116498	0.0987527838	0.0530157347	0.0149898353	-0.0550502126	-0.0055201042	-0.0024141568	-0.1503256538	0.0991734069	-0.0512237168	-0.0920868144	-0.0516362595	0.0856667982	0.0147773275	0.1321862831	-0.0362681945	-0.0808824612	-0.0070972845	0.0227789992	-0.0226849061	-0.1344921674	0.0808987548	-0.1017913282	-0.0269007344	0.0231379838	0.062933042	0.0113148434	0.0456171145	0.0888312588	-0.0655864915	0.0284790778	0.0464629803	-0.2013457117	-0.0397295236	-0.0075407967	-0.0335546434	0.111673663	-0.1375383505	0.0053245261	0.1177419667	0.021682959	-0.0206414279	0.0888303312	-0.0506068765	0.0282853259	0.0257161663	-0.0124015344	0.0701215519	0.0092561196	0.0232367085	0.0130974766	0.101698513	0.1054028131	-0.0404468128	0.0196724079	0.0587678578	-0.0296259074	-0.1476667688	0.0505057836	0.0522611083	0.1040233894	0.0102310787	0.0701822513	-0.067564136	0.0665855547	0.07551	-0.0138906967	0.0664860894	0.0049611142	-0.0856349166	-0.0363972967	-0.0117032755	0.0109975927	-0.124504221	-0.0447420084	0.0461662665	-0.0810494183	-0.042051144	-0.0033180589	0.0760862618	-0.0009391854	0.1350882216	0.0801154787	-0.0044062244	-0.0467183939	-0.0168731134	-0.0530794	-0.0518473863	-0.0833690079	-0.0040658442	0.0890206905	0.0	-0.0115425	-0.00300893	0.00013322930625	9.0536597449e-06	0.192221	-0.0110919999999999	0.036948912841	0.0001230324639999	0.0607872	0.0084313	0.00369508368384	7.108681969000004e-05	0.0038018	0.00032531	1.0582659610000006e-07	1.445368324e-05	0.0008517	-2.015999999999997e-05	4.0642559999999876e-10	7.253928900000001e-07	0.000442648	-1.5262999999999952e-05	2.3295916899999847e-10	1.9593725190400002e-07	0.0	0.0	0.0	0.0	0.0	0.0	0.0	0.0	0.0	0.0
324.5088657505117	-0.6677867676091296	105306.00395068362	0.4459391669938496	364.6656221356288	-0.9762309578949272	0.9530268831524468	132981.01596756518	216.6165266304941	-0.0564263479006683	0.0031839327374072	46922.71960945957	215.67334323872265	431.5726487617723	1.068514	22.235041	0.0476384	0.0290739	-0.0136650865	-0.0495488328	0.0020948023	-0.0079627199	0.1462661733	-0.0296929623	-0.0338055078	0.0123522575	-0.01558006	-0.142085254	-0.1254484379	-0.0169662557	-0.0550474805	0.0319715656	-0.0697360189	-0.0074352103	0.0328017085	0.0688063365	0.0241200395	-0.1039664731	-0.0165711722	-0.0317855014	0.0468985002	-0.0765283741	-0.1121995362	-0.0587147401	-0.0118675997	0.0501051385	0.0195348125	-0.0809008628	0.1017461475	-0.026172182	-0.0936004166	-0.0207518366	0.0525591541	-0.0495740203	0.0465091607	-0.024377631	0.0013885099	0.0024984975	-0.026411242	-0.0962990034	-0.1081710798	-0.0675332029	-0.0337226078	0.0630292124	0.0123100424	0.0389754968	0.0859172025	0.0025881371	0.0425872042	0.0144488698	0.1131177826	-0.0818971151	-0.0947907285	-0.0072394752	-0.1608208013	0.121904144	0.1285343594	0.0165462066	0.1242434367	0.0113302109	0.0499226224	-0.046673032	0.0666923411	0.0143513063	-0.0304851138	-0.0944259267	-0.0263938473	0.1014339363	-0.0213094765	-0.0341249665	0.0107855933	-0.1171062951	-0.05638851	-0.0790585717	-0.0131618386	0.0344448598	-0.0054112658	-0.0919701854	-0.038510607	-0.0149575302	0.1207435918	0.0244844351	0.0047555937	-0.0897324137	-0.0565094679	-0.0237288691	-0.0235107179	0.0014058755	0.0041369186	-0.1256803791	0.0022609628	0.1097778592	-0.0212642992	-0.0437373026	-0.0255429305	0.0282047274	0.0949008889	-0.0236225802	0.0665634106	0.0764372919	-0.0110202224	0.005816819	-0.1396351515	0.0006472106	0.1300939918	-0.1350632341	0.1275983021	-0.0187562244	0.0708247905	0.0545425346	-0.0176320854	0.0565579499	0.0468292533	-0.1051756031	0.0789183584	0.1024556028	0.031825888	-0.0499587123	0.0284719937	0.054463244	-0.0637832928	-0.0537646681	-0.0118303916	-0.0457324449	0.1871622993	0.0205389112	0.1048636263	-0.0532019302	-0.032333645	0.0508104278	-0.0939291194	0.0480289897	-0.0852967926	0.0013555122	0.0833690079	0.0	-0.0109338	0.0006087	0.00011954798244	3.7051569000000026e-07	0.203327	0.011106	0.041341868929	0.000123343236	0.0762603	0.0154731	0.00581563335609	0.00023941682361	0.00346883	-0.00033297	1.1086902090000009e-07	1.20327815689e-05	0.0008602409999999	8.540999999899967e-06	7.294868099829124e-11	7.40014578080828e-07	0.000375147	-6.750100000000003e-05	4.556385001000004e-09	1.40735271609e-07	0.0	0.0	0.0	0.0	0.0	0.0	0.0	0.0	0.0	0.0
323.45808382919904	-1.050781921312648	104625.13199445716	1.1041426461575004	363.290022905456	-1.3755992301727815	1.8922732420519488	131979.64074264673	216.2410464122377	-0.3754802182564276	0.1409853943018945	46760.19015345954	215.3058662138732	424.2446182926884	1.028215	21.396446	0.0630522999999999	0.0368043	0.0240024264	-0.0859384013	0.042578859	-0.1243624039	0.1170429038	0.0268535875	0.0355614489	-0.111909398	-0.001738387	-0.0824567347	-0.0741043472	-0.0861322514	-0.0640963912	-0.0123246826	0.0259056837	-0.1051190178	0.0234898907	-0.0036885542	-0.0117302357	-0.1071884216	-0.0540770165	-0.0501624393	0.0594014354	-0.1289445799	-0.0517158712	-0.1414630933	-0.1121535645	-0.0256648171	0.0450840809	0.0454779653	-0.0366042815	0.0950985789	-0.0817804662	-0.064372998	-0.1172148225	-0.063701165	-0.0651030664	0.0786097533	-0.0951584183	0.0720718562	0.1309325752	-0.0436838542	0.102426394	-0.1113200064	-0.1238497731	-0.0002947515	-0.092955144	-0.0970094115	-0.0023590263	-0.0741043073	-0.0052685711	0.1283780787	-0.0504379628	-0.0717420778	0.2175918203	-0.0607047811	0.0715399459	0.0083880685	0.0601146292	0.0848928123	0.0770098341	0.0860278565	0.0712727618	-0.0085088048	-0.0140206432	0.0970364404	-0.0199420608	-0.0053060162	0.0055012938	0.1071515209	-0.0501017627	-0.0743704982	0.0317421505	-0.1125403803	0.0258616889	-0.1667628119	-0.1035936521	-0.0465479432	0.0536449527	0.0232544157	0.0886325514	-0.0390612037	0.0266938157	0.0940520092	0.1284956511	0.0531353611	0.0181185142	0.0344022973	0.1058967482	0.132927514	-0.1084888146	-0.0021613298	0.1728480568	0.0102536503	-0.1123217009	-0.0263357601	0.0969013254	-0.0737065834	0.0354729469	0.0523126056	-0.0839502716	-0.0621651779	-0.1470268284	-0.1082545417	0.1670374319	0.1009106018	-0.0384463753	-0.0257813852	0.0564273788	-0.0004792192	0.09028607	-0.0103666342	-0.0096984618	-0.0631656224	0.0043890406	-0.0843023876	0.1334724865	0.0730160661	-0.0047574923	-0.0358540775	0.0657199553	0.0418980698	-0.0896428488	-0.0643039941	0.0459712743	0.0526002346	0.0651046515	0.0387719365	0.0689940435	-0.0748852011	-0.1336344539	-0.0683944391	-0.0232146043	0.2225853804	-0.0871810076	0.0067740994	0.0773341911	0.0	-0.0182204	-0.0072866	0.00033198297616	5.309453956000001e-05	0.209911	0.0065839999999999	0.0440626279209999	4.334905599999972e-05	0.0992533	0.022993	0.00985121756089	0.000528678049	0.00305512	-0.0004137099999999	1.711559640999999e-07	9.3337582144e-06	0.000929817	6.957600000009998e-05	4.840819776013912e-09	8.64559653489e-07	0.000415635	4.048799999999998e-05	1.6392781439999987e-09	1.7275245322499997e-07	0.0	0.0	0.0	0.0	0.0	0.0	0.0	0.0	0.0	0.0
322.8177298604799	-0.6403539687191255	104211.28671227378	0.4100532052543348	362.05983713925895	-1.230185766197053	1.5133570193538304	131087.3256693067	215.954681805724	-0.2863646065137004	0.0820046878637464	46636.4245938115	215.0040640736556	415.0467764583093	1.028748	21.407534	0.0776104999999999	0.0551158	0.0713680504	-0.083006977	0.049122608	-0.140867269	0.0162397108	-0.0231146713	0.0435494946	-0.0331184613	-0.0787401266	-0.009083216	0.0482500185	-0.0881100539	-0.02932608	-0.0117805171	0.0505833777	0.0419779295	0.0099850864	-0.0040634998	0.0428495088	-0.0010004186	-0.0487697675	0.1518984595	0.0063474694	-0.0240836983	-0.05200485	-0.0926389586	0.0021116118	0.2198486407	-0.0453970423	0.0208956379	-0.0089469249	0.0492771246	-0.0200215255	0.0294998717	0.0188875759	-0.0388622302	0.068599911	-0.0486899513	-0.0728147913	0.0621527103	-0.0445049862	0.0684718149	-0.0407787317	0.0687624045	-0.0105998034	0.0617371473	-0.2472717437	-0.0725647641	-0.0197441174	-0.0323552916	0.0345552371	-0.0327374734	0.0627707443	-0.002158918	0.026142507	0.1229941492	-0.2285575936	-0.1225174948	-0.0261417943	-0.1466294049	-0.0442905107	0.0947800825	0.0408952226	-0.0035627424	-0.0375339255	-0.0405991641	-0.0111453914	-0.0013331792	-0.0439920584	9.187e-05	-0.0488713585	0.1080336157	-0.0199160513	0.006489784	-0.0340388767	-0.1552963032	-0.0224797037	0.2064360972	-0.0781378066	0.0109486757	0.044252154	0.0018464338	-0.0041617659	-0.0261532343	0.0069272239	-0.0711242222	-0.049736706	-0.0877860119	0.0679917242	0.0686865763	0.0275824012	0.0219985898	-0.082728883	-0.0029940461	0.0549820482	-0.1519221845	0.217901914	-0.0541549555	-0.0042305902	0.0604188504	0.0634479757	0.0462004996	-0.0181052645	0.0518727235	0.0123183943	-0.0382735228	0.2322394765	0.124953467	-0.0625325795	-0.0032842584	0.0585610404	-0.0065295709	0.0133252893	0.0498597838	-0.0590758714	-0.1771676302	0.0514626514	-0.0043489443	-0.0560074506	0.0034912449	0.1275569339	0.0456268677	-0.0996393357	-0.0972703455	0.0612630042	0.0386911867	0.0479421167	0.021530131	0.1097964889	-0.0372318596	0.0698180616	0.0058505432	0.0288839015	-0.0417395542	-0.0890206905	0.0121788474	0.070943974	0.0	-0.0202743	-0.0020538999999999	0.0004110472404899	4.218505209999989e-06	0.188329	-0.0215819999999999	0.035467812241	0.0004657827239999	0.0944012	-0.0048520999999999	0.00891158656144	2.3542874409999983e-05	0.00394918	0.0008940599999999	7.993432835999998e-07	1.55960226724e-05	0.000977037	4.722000000000005e-05	2.2297284000000048e-09	9.54601299369e-07	0.000456805	4.117000000000004e-05	1.6949689000000032e-09	2.0867080802500001e-07	0.0	0.0	0.0	0.0	0.0	0.0	0.0	0.0	0.0	0.0
323.2096366063943	0.3919067459144116	104464.46919523749	0.1535908974932232	361.2794518112848	-0.7803853279741588	0.6090012601173355	130522.84230106244	215.7504013178449	-0.2042804878790889	0.0417305177281185	46548.23566881113	214.77742009311305	413.476658297494	1.029629	21.425863	0.0528128	0.0267209	0.0781614445	-0.0361254839	0.0353127324	-0.0771252225	-0.1411091131	0.006494147	0.0124463302	0.0230623684	-0.0313019171	-0.1625857682	0.1012724388	-0.0790916209	-0.0343341788	-0.0027193522	0.0496224607	-0.0482933107	-0.1208090103	0.0834021248	0.1496743175	-0.0619055054	-0.0413204694	-0.0188130527	-0.0324395179	0.0427667033	-0.0586558251	-0.0537406022	0.0894688275	0.0322238976	-0.0199771426	0.0345793719	0.0151426559	0.0118706934	-0.0798831433	0.059270305	-0.0930046446	-0.0772526801	-0.0608742151	0.088461791	-0.0605963043	0.0056816967	-0.1288800532	-0.0360689	-0.1047294823	0.0356198714	-0.0498150839	-0.0764475656	0.0380261425	0.1079449894	0.0532743508	-0.0032388294	-0.0656726629	0.029870725	-0.1068728734	-0.0101049337	0.0523775412	-0.0658177661	0.2098768683	0.0423401558	0.1996024164	0.038330116	-0.0968747947	0.0859447012	0.0388124985	0.0057213272	-0.0381748523	0.0370890661	0.1258494073	-0.0878899563	-0.1485161355	0.0493707667	-0.0464811087	-0.034089766	-0.0305035924	0.043337901	-0.0740878911	-0.0319624389	0.0740189917	0.0090913273	-0.0433777427	0.009702136	0.0391047822	0.011488316	0.0840044561	-0.0234095383	0.1472073012	0.0234318845	0.0530328924	0.0931624518	0.0677220152	0.0150343155	0.1117365916	-0.0813674659	-0.1056886546	0.0023462756	-0.0768981488	0.0155724998	-0.0392569547	0.1209219545	0.0506988148	-0.0498198448	-0.1045697365	-0.0968676411	-0.0110284436	-0.0644454739	0.0693883292	-0.0313108144	-0.2300417195	-0.0262513705	0.1955928479	-0.0597774093	0.06407946	-0.0058226643	0.0001706511	0.0650878159	0.0381172762	-0.0907700007	0.0897516231	0.0280769839	-0.0789282309	0.1004774473	0.0819089378	0.0101890124	-0.0291058103	-0.1092357669	0.0947658063	0.0228796335	-0.0573327387	0.136833802	0.0673521286	0.0646375607	-0.0834282982	0.0516572631	-0.1254057452	0.0533131136	-0.0908149015	0.0175587148	0.0642277237	0.0	-0.0113334	0.0089408999999999	0.00012844595556	7.993969280999997e-05	0.203357	0.015028	0.041354069449	0.000225840784	0.0922541	-0.0021470999999999	0.00851081896681	4.610038409999996e-06	0.00366548	-0.0002837	8.048569000000001e-08	1.34357436304e-05	0.00105739	8.035300000000002e-05	6.456604609000004e-09	1.1180736121000002e-06	0.000626688	0.000169883	2.8860233689000005e-08	3.92737849344e-07	0.0	0.0	0.0	0.0	0.0	0.0	0.0	0.0	0.0	0.0
324.57122162284367	1.3615850164493395	105346.4779057451	1.853913757019348	363.6252314576802	2.345779646395385	5.50268214944286	132223.30895265148	216.0700825707057	0.3196812528607893	0.1021961034306439	46686.280582111576	215.10121736643413	424.8049698829208	1.154885	24.032362	0.02403575	0.0185072	0.0230279766	-0.0064572405	-0.0142867913	-0.0085264316	-0.1298786074	0.0888802445	0.0038210509	-0.0274066891	-0.0050445909	0.0152302642	0.111366091	0.0231323931	0.0328742474	-0.0145971294	0.0616630983	-0.1020655227	-0.061105774	-0.035212159	-0.0275176046	-0.0130817557	0.1378542219	0.0850927412	0.048477843	-0.1266810219	0.095934045	0.0495197185	-0.0819334614	-0.0346505964	-0.1129558183	0.0109350171	0.1298699775	0.0130270855	-0.1014774271	-0.0255298293	-0.1291484097	0.0751441643	-0.1747981699	0.0476392866	0.0779468474	-0.0209239601	-0.0500038312	0.102393653	-0.0990023889	-0.1254045107	-0.0475894347	-0.0798202393	-0.0063876396	-0.0487607661	-0.0008107979	0.0017571059	0.0708004449	-0.0521052481	0.0938030652	-0.0097351315	-0.0039468636	0.0838348893	0.0321295603	-0.1472666645	0.0424434884	-0.1221251024	-0.1173082124	-0.0165866062	-0.0140546028	0.0303773174	-0.0674432723	0.0988573548	0.0679944909	0.0443100649	0.0369443048	0.0360403601	0.1581180619	0.1403004963	0.0454481582	-0.0643270521	0.1381896946	0.0201165434	-0.0609201048	-0.0459256195	-0.0904675848	0.0073206748	-0.0435380799	-0.0522653037	0.1608496966	0.0150366535	0.0806900066	0.1250080273	0.1555714329	0.0857827397	-0.0778875028	-0.0112482042	0.0128751495	0.0551019785	-0.0291755186	0.1712238566	-0.0558080218	0.0322800814	0.0478471924	-0.0250463475	0.0486771596	0.0626054281	0.0740274817	0.0696495027	-0.0212770024	0.0411541485	0.0284355554	-0.0717497498	-0.012550565	0.1633270606	0.0375233638	0.0958078201	0.0558599544	-0.005633949	0.0051440735	-0.0828045188	-0.0507774669	-0.0242712757	0.0651513532	-0.1026654696	-0.1107580321	0.0452824817	0.0193687628	0.0107317809	-0.0293118291	-0.0149920341	-0.0468435383	-0.0939903375	-0.0368361467	0.1533003259	0.0756995921	-0.0484501488	-0.081198563	-0.1530741203	0.0400470596	0.0127842802	-0.0925627242	0.0229027108	0.0572163058	0.0	-0.0118598	-0.0005263999999999	0.00014065485604	2.770969599999998e-07	0.203336	-2.1000000000021e-05	0.0413455288959999	4.4100000000088206e-10	0.0954919	0.0032377999999999	0.00911870296561	1.0483348839999992e-05	0.00333899	-0.00032649	1.0659572010000004e-07	1.11488542201e-05	0.00113591	7.851999999999989e-05	6.165390399999983e-09	1.2902915281e-06	0.000626689	1.000000000015745e-09	1.0000000000314906e-18	3.9273910272100004e-07	0.0	0.0	0.0	0.0	0.0	0.0	0.0	0.0	0.0	0.0
325.5041308920873	0.9329092692436234	105952.9392278131	0.8703197046406714	364.6762966979791	1.0510652402989535	1.104738139364697	132988.8013733525	216.51162621801384	0.4415436473081513	0.1949607924781851	46877.28428756894	215.57753834848845	435.7318770871058	1.123247	23.373991	0.0975520999999999	0.0593839	-0.0264460481	-0.0109678552	-0.0433962875	0.1094922974	-0.0440375882	-0.0315855023	-0.018677758	0.0709925564	-0.0592590279	-0.0270380848	0.0448800597	0.1265317063	0.0751141934	-0.0738967613	-0.0743357565	0.0197265317	-0.0355720585	-0.0739126352	0.0621988848	0.0237574563	0.0712796226	0.0627640535	0.0416156062	-0.0217332437	-0.0636045832	-0.0672554609	0.0591975828	0.1257684747	0.05926662	0.1223885108	0.0897668057	-0.0099702094	0.0348297805	0.1133995848	0.0683280536	0.1529380825	-0.0316939632	0.0502962482	-0.0649413624	0.0782555304	0.0504135687	-0.020666382	-0.0514286445	0.1251529314	-0.0157161864	0.0048846291	-0.0295526521	-0.0192261465	0.0379019805	-0.0779646747	-0.1167314907	-0.0287591247	0.0909298653	-0.0136802856	0.0828289401	0.0179927825	0.0693181014	-0.0999250244	0.1064081007	0.0594162608	-0.0520111196	-0.1268010454	-0.059822883	0.0779579683	0.0540754177	-0.0160439837	0.0247583909	0.0500436025	-0.0797510505	-0.0085581018	0.0700210983	0.0256545086	-0.0122162253	-0.0435831587	-0.053003074	-0.1067411244	0.046334681	0.1494579001	0.0549663406	0.0979932463	-0.0723089501	0.001616988	0.0520264901	-0.1235104331	-0.156664578	0.0116246953	0.0538863792	0.0524104924	0.0616558731	0.1092086421	-0.0647867379	-0.0127435992	-0.0962749823	-0.0639085815	-0.003477037	-0.0655101047	0.0333270123	-0.0150995484	0.019196458	-0.0396914854	-0.0806860221	0.1083991926	-0.0658419816	-0.0037558127	0.072093299	-0.007524101	-0.0135407967	0.1116029904	0.1271861139	-0.0607150973	0.0049205774	0.0633503171	0.0452109622	0.0891287124	0.0085829721	-0.0610489152	-0.0288667833	-0.0546655238	-0.1065516252	0.0045757857	-0.0357036944	0.0705011426	0.0152553653	-0.0913837365	0.0855393822	-0.1374706087	0.008765002	-0.0150052962	0.0151782287	-0.1330252473	-0.0039376653	0.0362602416	-0.1074745496	-0.0920795647	-0.0942632658	0.0281999178	0.0499419421	0.0	-0.0211771	-0.0093173	0.00044846956441	8.681207929000002e-05	0.156451	-0.0468849999999999	0.024476915401	0.0021982032249999	0.0758160999999999	-0.0196758000000001	0.0057480810192099	0.00038713710564	0.00373402	0.0003950299999999	1.5604870089999984e-07	1.39429053604e-05	0.00109746	-3.844999999999999e-05	1.4784024999999991e-09	1.2044184516e-06	0.000626689	0.0	0.0	3.9273910272100004e-07	0.0	0.0	0.0	0.0	0.0	0.0	0.0	0.0	0.0	0.0
325.4162833120052	-0.0878475800820979	105895.75744459922	0.0077171973262806	365.79177987258026	1.1154831746011382	1.2443027128182331	133803.62622235023	216.5104694488253	-0.0011567691885545	1.3381149555891816e-06	46876.78338095071	215.6127354137105	440.0622157039669	1.050217	21.854288	0.0715924299999999	0.0453975	-0.0420601354	-0.0311408755	-0.040824546	0.1077689492	0.0428057599	0.0425287458	-0.0527679685	-0.0424563403	0.0034376091	-0.1039817383	-0.0398137112	0.0606985632	0.0721405407	0.0196418928	-0.126193994	-0.0551753806	0.0004688183	-0.0009019571	-0.0438825218	-0.0079718375	-0.0283155769	-0.1806750915	0.0291460119	0.0902867634	0.1119699444	0.0741616255	0.028656289	-0.0416967179	0.0746289758	-0.0799131835	-0.0222829432	-0.0621575205	-0.0482622015	0.0284235803	-0.1493099084	-0.0779003925	0.0320740181	-0.0236016403	0.1563206781	0.0022171967	0.0250300255	0.1493437498	-0.0900919852	-0.0598773554	-0.0859184795	-0.0484914938	0.0527080565	-0.0173342732	0.0538241056	-0.1505733098	0.0390361347	-0.159756947	0.0749978645	0.0093615392	-0.0310102879	0.0455674864	0.0632059444	-0.0036366292	-0.0665631294	-0.033270886	0.0444688561	-0.0683875127	-0.1058259337	-0.0110676664	0.1024746474	0.0586783007	0.0026742961	0.0039715311	0.0458001072	0.0008389523	-0.0198712082	-0.1663032455	-0.0477754099	0.0577232056	0.0874006598	0.1251329141	0.0409760868	-0.043227119	0.0722428706	-0.1042364982	0.0158382445	0.0563489804	0.0325798367	0.0061199308	0.1405082796	0.067429653	-0.0790859401	0.0117404425	-0.1292398503	-0.0292500187	-0.0306212165	0.0866035163	-0.0829378525	0.1217170317	-0.0832019241	-0.0051119528	0.0052763539	-0.0391542457	0.092594243	0.1097065076	-0.0507488818	0.1552189916	0.0932840069	0.0821539939	0.0493444074	-0.084841221	-0.0812262583	-0.0013877517	-0.0502755299	-0.0607061282	0.0233472323	0.0673034568	-0.0113792343	0.0137090791	0.0935936999	0.029469231	0.0852095641	0.0341480462	-0.0456372417	-0.0886297787	-0.0876188369	0.0427455617	-5.88848e-05	0.0235092348	0.1300526845	-0.0172833195	-0.2106396305	0.0563573977	0.0663702513	0.0327081792	-0.0214010128	-0.0131820379	-0.1055726928	0.062632718	-0.0959156576	0.033439514	0.0424380632	0.0	-0.00985362	0.01132348	9.70938271044e-05	0.0001282211993104	0.19899	0.0425389999999999	0.0395970201	0.0018095665209999	0.0692612	-0.0065548999999999	0.0047971138254399	4.296671400999876e-05	0.00365016	-8.385999999999984e-05	7.032499599999973e-09	1.33236680256e-05	0.00100859	-8.887000000000001e-05	7.897876900000001e-09	1.0172537881e-06	0.00067746	5.077099999999991e-05	2.577694440999991e-09	4.589520516e-07	0.0	0.0	0.0	0.0	0.0	0.0	0.0	0.0	0.0	0.0
324.69427375041226	-0.7220095615929267	105426.37140630766	0.5212978070316102	364.70840014095165	-1.083379731628611	1.173711642903681	133012.2171333725	216.20273323838583	-0.3077362104394581	0.0947015752156384	46743.62185974863	215.2947457225696	434.8837330280377	1.048639	21.821447	0.04106778	0.0266325	-0.0147041839	-0.0046951457	0.0069155748	0.041193079	0.0989310857	0.0914760926	0.0370953299	-0.034179689	-0.0708128277	0.1327389508	-0.0526722603	-0.0620108539	0.0509160904	-0.0008603846	-0.0814810275	0.0465839908	0.0058578669	-0.0372612809	-0.0079119872	-0.088090996	-0.0035489094	0.025190688	0.0512992993	0.0475074389	-0.0276539195	-0.0141347609	-0.0477973117	-0.0212481706	-0.0924000218	-0.0800234484	0.0029147303	0.0927835956	-0.0625418958	-0.0670390359	0.0966930452	0.0211724457	0.0039121368	-0.0174909167	-0.0092470325	0.0571596667	-0.0153181366	-0.1218100972	-0.0189128455	0.0676926823	0.0776276269	-0.1278364008	-0.2847227698	-0.022894751	0.0042723643	-0.0428648831	0.10019696	-0.0457024179	-0.0916674277	0.130651511	-0.0005364206	-0.063219713	0.050779274	0.0838953249	0.0029359237	0.1809058738	0.0601652658	0.0524818451	-0.0640183891	0.009863612	0.0655207587	-0.0406769952	-0.0178441673	0.0221383722	-0.0002233786	0.0923917402	0.0010689782	0.0165817563	-0.0504992351	-0.0074877163	-0.0327302758	-0.0093227578	-0.0725737225	-0.0365928496	-0.0982492006	-0.0597999037	0.0748804095	-0.1039740662	0.0297283129	0.0587797747	-0.1060306674	-0.0770683929	0.021315146	-0.0216208703	-0.0084772316	0.0586646599	-0.0096246608	-0.1145762752	-0.0498086646	-0.0716701018	0.0683203274	0.0481509137	0.2864735075	0.0090344841	-0.0075375091	0.081080277	-0.044115202	-0.1328304009	0.1118529598	0.0691677134	0.0023711524	0.0537864154	-0.0885432653	-0.0661067841	0.0285082692	-0.1626969043	0.0360206173	0.0332288157	-0.0183328523	-0.0311582806	-0.0736154453	-0.1004650952	0.0398050163	-0.0580637712	-0.0067367748	-0.1647522137	-0.0383666336	0.0123692189	0.0256658478	0.0683759271	-0.0508371707	-0.1325124645	-0.0380740627	0.0262495662	0.096263664	0.0469998374	-0.0316937261	0.0022097828	0.0676237268	-0.1553420961	-0.0975190556	0.0386107952	0.034739154	0.0	-0.0146245	-0.00477088	0.00021387600025	2.27612959744e-05	0.192057	-0.0069329999999999	0.036885891249	4.806648899999993e-05	0.0937178	0.0244566	0.00878302603684	0.00059812528356	0.00358725	-6.290999999999979e-05	3.957668099999973e-09	1.28683625625e-05	0.00103436	2.5770000000000046e-05	6.640929000000023e-10	1.0699006096e-06	0.000686926	9.466000000000077e-06	8.960515600000142e-11	4.718673294760001e-07	0.0	0.0	0.0	0.0	0.0	0.0	0.0	0.0	0.0	0.0
324.70821542517774	0.0139416747654763	105435.42516460364	0.0001943702952663	363.8585279824947	-0.8498721584569466	0.7222826857202694	132393.02838558788	216.00784302245003	-0.1948902159357999	0.0379821962675027	46659.38824721141	215.0852989705244	431.3069008796617	1.036811	21.575321	0.0278423	0.014487	0.0005109455	0.0506272824	0.0243057539	-0.0084503114	0.1098558584	-0.0530004519	-0.0254297771	0.1437538272	0.0106565015	0.0288415259	-0.0007223886	-0.0819089863	-0.004936311	0.0401206326	-0.0817115203	0.0342222001	0.009861392	0.128162212	0.0465300679	-0.0399001504	-0.0893525724	0.0127885691	-0.0847013319	0.120606281	-0.073677048	-0.0098415766	-0.1123704286	0.0449227654	-0.1032902541	-0.0190141586	-0.0156315188	0.1605248259	0.099782877	0.0234556447	0.0304894433	0.0408958639	0.0652137702	0.096720183	0.0925287438	0.1023865141	0.0244731478	0.0677785044	0.006983842	0.047436441	-0.1051287954	-0.1094662727	-0.0184940865	0.0647263713	-0.1533005583	-0.0736935428	-0.0497294877	-0.0494329431	0.0097031492	-0.0329609524	-0.1789478405	0.1353744613	0.0567901829	0.0985878246	0.0661702883	0.0955382315	0.0088347672	0.0785477006	-0.0243947739	-0.0375739643	0.0784858085	-0.0326970701	-0.0054862808	-0.1292257995	-0.0454081101	0.0249980293	-0.1035453943	0.0123994084	0.0146667362	0.1014883857	-0.1144154126	0.018134109	-0.144422	0.03569971	-0.0954071442	0.0158931457	0.0313875123	-0.13853278	-0.0921225805	-0.0398700403	-0.036190276	0.0142793897	-0.0739835676	0.10299779	-0.0519810796	0.0410095831	0.0022373419	0.1065622103	-0.0464469916	-0.0368138926	-0.1416024468	0.0456065375	0.0590704558	0.0662029736	-0.1468633333	0.0785755918	-0.0071927457	0.0637035421	0.0068794299	0.0038233325	-0.0940989426	-0.2253964505	-0.0459055458	-0.0979224648	0.0550367726	-0.0461822339	0.0348223062	0.0193917571	0.0179949728	0.0882867094	0.004452556	-0.0866268461	0.0108718398	0.0814781849	0.0602081803	0.0029678252	-0.007986269	-0.0429978077	0.0986346268	0.0668164503	0.0080271892	-0.0930758409	-0.0394421236	-0.0678575774	0.0052877478	-0.1063335686	0.0477569646	0.0159832555	-0.0565123858	0.1059254891	-0.0990726408	0.0437031967	0.0268805962	0.0	-0.0154558	-0.0008313	0.00023888175364	6.910596900000001e-07	0.197477	0.00542	0.038997165529	2.9376400000000087e-05	0.0994284	0.0057105999999999	0.00988600672656	3.261095235999996e-05	0.00355532	-3.1930000000000326e-05	1.0195249000000208e-09	1.2640300302399998e-05	0.0012598	0.0002254399999999	5.0823193599999974e-08	1.5870960399999998e-06	0.000626688	-6.0238e-05	3.6286166439999995e-09	3.92737849344e-07	0.0	0.0	0.0	0.0	0.0	0.0	0.0	0.0	0.0	0.0
325.22341352106054	0.5151980958827949	105770.26870229072	0.2654290780012575	364.31964676720753	0.4611187847128235	0.2126305336150313	132728.80502058286	215.95445631229404	-0.0533867101559906	0.0028501408212797	46636.32720113851	214.99521668981885	437.4067558934111	0.978705	20.36618	0.04670185	0.0332539	-0.0247685212	0.0565883222	-0.02161194	-0.1321863088	0.0474726486	0.0273551148	-0.1185582905	-0.0191017777	0.1077803719	-0.0416624477	0.0904464903	-0.0515262683	-0.0612603959	0.0478188787	-0.053230423	-0.0480552299	-0.0027500089	0.0803937904	-0.0729151376	-0.0635741982	-0.0537859755	-0.0171374465	0.1004060611	0.1161740573	-0.0578121298	0.0455259442	0.0870363334	-0.0494929842	0.048665691	0.0611495384	-0.0671452526	-0.0394075599	0.0555657016	0.046387627	0.1289046419	-0.2255677261	0.0206742115	0.015930759	0.0204400672	0.0646298383	-0.0195631293	0.0893392145	-0.0154031845	-0.0297538735	0.0229918605	0.1025978519	-0.0469077383	-0.197662355	0.0719723996	0.1179745214	-0.0647126353	-0.0853135871	-0.0472442542	-0.1613374589	0.0894428695	-0.0121569291	-0.0297495485	0.0424170608	-0.0497298566	-0.089421419	-0.0873048774	0.0589491978	0.0268135582	-0.0687641017	0.0624309513	0.046203736	0.0093910373	-0.0605160681	0.0796440799	0.0387889335	-0.0576941356	-0.0530665471	-0.1597405748	0.00965862	-0.0550848286	0.05701039	0.0471296066	-0.0185591831	0.037568337	0.0856106766	0.0109417475	0.0565078196	-0.1116056315	-0.0212079862	0.0801543028	-0.2346034354	-0.083057002	0.0117487467	0.0171517934	0.0591461666	0.0402074521	0.0361980561	-0.0209547556	0.0492694914	0.0435393123	-0.057917153	0.0330737532	-0.2018492068	0.0431226079	-0.1284678961	0.082969025	0.0371505332	0.0621209729	-0.1367138035	0.112615886	0.0260734578	0.0456840745	-0.0635552712	-0.0418139187	0.1290089024	0.04221805	0.0290620388	-0.0050908097	-0.0174561757	0.0441809732	-0.0064517807	0.1023981223	0.0980387208	0.0297545885	0.0630025001	0.0038322995	-0.0541022809	0.0655561814	0.0751249703	0.040318295	0.0909602653	-0.0927177449	-0.0796626636	-0.0198756441	-0.0112315301	0.0582304929	0.0102709538	0.1139874132	-0.0888611911	-0.1005756196	0.0487063151	0.0188985047	0.0	-0.0132268	0.002229	0.00017494823824	4.968441e-06	0.228604	0.0311269999999999	0.052259788816	0.0009688901289999	0.0878961	-0.0115322999999999	0.00772572439521	0.0001329939432899	0.00359159	3.627000000000014e-05	1.3155129000000102e-09	1.28995187281e-05	0.0012598	0.0	0.0	1.5870960399999998e-06	0.000626689	1.000000000015745e-09	1.0000000000314906e-18	3.9273910272100004e-07	0.0	0.0	0.0	0.0	0.0	0.0	0.0	0.0	0.0	0.0
325.50144749517915	0.2780339741186139	105951.19232145688	0.0773028907641901	364.6319564808945	0.3123097136869432	0.0975373572632204	132956.46368708494	215.9167133857464	-0.0377429265476507	0.0014245285043813	46620.02711930256	214.961795847658	440.4688634531047	1.017555	21.17462	0.0193277999999999	0.0102869	-0.0388923806	0.0685572391	-0.045699091	-0.1344213825	-0.0980839295	0.0660460964	0.0446274167	-0.0285659893	-0.0974547848	0.064241713	0.1058199885	-0.047308153	-0.0712402741	0.039796668	0.0259880752	-0.0942425931	0.0207627941	-0.0621317308	0.0308933112	0.0465855497	0.1712814254	0.0693150215	-0.0690929458	0.0921579757	-0.1256475653	-0.0407827951	0.042745617	-0.0492842751	-0.1090936318	0.055729506	0.0539086602	0.0460920664	0.1117713751	0.0332951558	-0.1514837541	0.1056837318	0.0767366962	-0.0658811711	-0.0501943087	-0.0241865054	0.0292784656	0.1329818058	0.1166242188	-0.1114387843	-0.0288320016	-0.0642623958	0.0313769309	-0.1734683178	0.1085717785	0.1753980106	-0.1742500007	-0.0024765747	0.0144224844	0.0239693796	0.085467724	-0.0099199488	-0.0408443061	-0.0112646694	0.0347050194	0.0725994417	-0.1054157804	0.0587588552	0.0501720438	-0.0527475852	-0.0095829389	0.0848048413	-0.0137339721	0.0640560656	-0.0319054255	-0.0451988834	0.1624832172	0.0403998444	0.0052093733	0.0605609569	-0.1842505299	-0.0218214329	0.0199614259	-0.0359034478	-0.0828502181	0.0985909502	-0.0708991564	-0.0793516727	-0.0394819475	-0.0542647565	0.0194317131	0.2053527532	-0.0464549746	-0.0997732722	0.0703207106	-0.0297011481	0.0304003544	0.1538792283	0.0655525938	0.0151027887	-0.0632105946	0.1159917292	0.0152024872	-0.184431978	0.039413769	-0.2464670627	0.0124051172	-0.0053592015	-0.0419651375	0.0180652035	0.0992203123	0.0415642145	0.0184703854	0.0063274921	0.0228600878	-0.1071214835	0.0454389215	0.0398586222	-0.0258482886	-0.0943251763	-0.0624281014	-0.0318664821	0.042143197	-0.0655822374	-0.0368187692	0.0613650196	0.0477002683	-0.0674121486	0.0749141539	0.1081850546	-0.0295438684	0.0022118583	-0.0461646514	-0.0176151705	0.0218877677	-0.0384905048	-0.126271727	0.0849161462	-0.0920626463	-0.1175153419	-0.1020272243	0.0536099293	0.0108295624	0.0	-0.0183729	-0.0051461	0.00033756345441	2.648234521000001e-05	0.221231	-0.0073729999999999	0.048943155361	5.436112899999986e-05	0.0914443	0.0035482	0.00836206000249	1.258972324000001e-05	0.0036568	6.521000000000001e-05	4.252344100000001e-09	1.337218624e-05	0.0012598	0.0	0.0	1.5870960399999998e-06	0.000626689	0.0	0.0	3.9273910272100004e-07	0.0	0.0	0.0	0.0	0.0	0.0	0.0	0.0	0.0	0.0
325.8388143166943	0.337366821515161	106170.9329153092	0.1138163722592425	364.8873462434543	0.2553897625598438	0.0652239308203734	133142.77544859052	216.18120955933708	0.2644961735906861	0.0699582258441143	46734.315366538016	215.2140180964921	444.570489856156	1.025878	21.347818	0.04144285	0.020361	-0.0559814064	0.0508577562	-0.0530097239	-0.0158279511	-0.1135776797	-0.044619129	0.0916631248	0.0967985059	-0.0047950347	-0.0083773151	0.0637994354	0.0413855051	-0.0741107652	-0.0209579458	0.0941492305	0.0124344233	0.0736980493	-0.0640418815	0.0903509237	0.0452393035	0.0158279734	0.0270968415	-0.0003968558	0.0499937944	0.0135623257	0.0485319076	-0.1140195809	-0.0657351641	0.1950578774	0.0059161011	-0.04651199	-0.0552349292	0.0180318533	0.1267830491	-0.0704745461	-0.0788372347	0.0604858711	-0.1007802204	-0.099895504	-0.0565427211	0.1931898474	0.0861293812	-0.0476495137	0.029301269	0.0739976187	-0.0259229954	0.0036959906	0.1231070784	-0.0267364221	0.0778315347	-0.1753033192	0.08556216	-0.1049317481	0.0934935903	-0.1250930285	-0.0748425615	0.1043506866	-0.0626867724	0.1270605407	-0.0752964013	-0.0719341431	-0.0331395662	0.0937594208	0.0051918179	-0.0717146911	-0.0175174498	-0.0685890926	0.069293956	-0.0869001562	-0.0445307204	0.024013847	0.0319851268	-0.0158216275	0.0210801848	-0.0071756823	0.0651217979	-0.0973338154	-0.0674277594	0.2020065059	-0.0226101032	0.0023230998	0.1120884451	-0.0309808821	-0.1133723197	0.1078952406	0.0090479039	-0.0545114956	-0.1034089032	0.1106189231	-0.05558977	-0.1948173957	0.0992488514	-0.0953659332	-0.0123819971	0.0220627102	0.048976419	-0.0352450608	0.1061323026	-0.107394821	-0.1754264355	-0.0946823155	-0.1094321846	-0.0038797097	-0.026867342	-0.160986944	-0.0026860182	-0.0996076334	0.0776104932	0.0769544615	0.0274951406	0.0163937036	0.0489135547	-0.0035957664	0.049644579	-0.036101818	-0.0461225666	-0.0911912376	-0.0959968311	-0.034944887	0.0751233791	0.0174218331	-0.0538504014	0.0979985373	0.1251703735	-0.0293341997	-0.0277304733	-0.0541189814	0.0282578305	-0.0228235999	-0.0593520687	-0.114834846	-0.0338795859	0.0560898852	0.1166859121	-0.1034267134	0.0584040215	0.0027108513	0.0	-0.0106408	0.0077321	0.00011322662464	5.9785370410000006e-05	0.204512	-0.016719	0.041825158144	0.000279524961	0.0854071	-0.0060372	0.00729437273041	3.644778384000008e-05	0.00355303	-0.0001037699999999	1.0768212899999998e-08	1.26240221809e-05	0.00137512	0.00011532	1.3298702400000033e-08	1.8909550144e-06	0.000626688	-1.000000000015745e-09	1.0000000000314906e-18	3.92737849344e-07	0.0	0.0	0.0	0.0	0.0	0.0	0.0	0.0	0.0	0.0
325.8011388448382	-0.0376754718561187	106146.38207259354	0.0014194411795811	365.7521409468847	0.8647947034303911	0.7478698790812581	133774.62860722982	216.5552622257978	0.3740526664607273	0.1399153972863801	46896.18159768405	215.600410339106	442.7351471556447	1.062119	22.101961	0.0829048399999999	0.0486792	-0.0476855072	0.000817649	-0.0572281762	0.0613793356	-0.0555447163	0.0150224387	0.0370781231	0.0188593202	0.0850339774	-0.05107347	0.0069047341	0.1211735473	-0.0045615624	-0.0813065747	0.0637170819	0.0085944651	0.0037392345	0.124636651	0.0815762991	-0.0193789161	-0.055650578	0.1783262774	0.095012113	-0.0297489081	-0.0880134645	-0.052825108	-0.0438400945	-0.0181265476	0.0632046714	-0.0295555304	0.0254034207	-0.0090571189	0.1389863531	-0.0673634415	0.072569574	0.004027106	0.0824995692	0.0482912364	-0.1159231528	0.0276838343	-0.0248530586	0.0333899974	-0.0305464659	-0.089375451	-0.0448305294	-0.097581984	0.0780854777	-0.0069408363	0.1179838451	-0.0180538355	0.1898613655	0.0151635645	-0.0185146936	-0.0907712325	0.0333442691	-0.0049515458	0.1145492384	-0.1204156718	0.1281287425	-0.1407469718	-0.0181804698	-0.1174538758	0.0502733677	0.0719329308	-0.0611020226	-0.0188530903	-0.0011637226	-0.1301949619	-0.0802625363	0.0084116053	-0.0349593261	0.1383397529	-0.0944406206	-0.0804661342	-0.0432456927	-0.1023187739	-0.0559705188	0.003910834	0.0508101054	-0.0161432323	-0.1021622779	-0.0434831509	-0.1118728809	0.0598953014	-0.0728962216	-0.0379622333	-0.0823915771	-0.0049149689	0.1278993358	0.0335901233	0.0424632115	0.01467937	0.0291719041	0.0927852439	-0.0933044823	0.0550911319	-0.0558948924	-0.0090674338	0.1797159742	0.1243536977	0.0481199852	-0.0505425012	0.0302283242	-0.0633882222	0.0125912491	0.0195274154	-0.0650019632	0.1547113841	0.1430950666	0.1273471651	0.0090288701	0.0751861957	-0.0394626716	0.0638490005	0.1247747334	0.0115012912	-0.0382402685	-0.007554292	-0.0577445355	0.0895615897	-0.0213440309	-0.0229820068	0.0307070796	0.0744221623	0.0420154107	-0.0382249247	0.049874088	0.0368346115	0.0115538252	-0.0806549783	0.0248003981	-0.1246508215	0.0431234893	-0.1271239787	-0.104773372	0.0630787976	-0.0054203179	0.0	-0.00846036	0.00218044	7.157769132960001e-05	4.754318593600002e-06	0.214978	0.010466	0.046215540484	0.000109537156	0.0560697	-0.0293374	0.00314381125809	0.00086068303876	0.00413927	0.0005862399999999	3.436773375999996e-07	1.7133556132899996e-05	0.00114294	-0.00023218	5.390755240000001e-08	1.3063118436000002e-06	0.000626688	0.0	0.0	3.92737849344e-07	0.0	0.0	0.0	0.0	0.0	0.0	0.0	0.0	0.0	0.0
325.357020536874	-0.4441183079641746	105857.19081263186	0.1972410714689614	365.97206400439467	0.2199230575099591	0.0483661512245287	133935.55163163674	216.28770433136023	-0.2675578944375729	0.0715872268758674	46780.3710449299	215.3562461783473	441.3625843428501	1.099997	22.890163	0.0556535399999999	0.0404569	-0.0426393329	-0.0034744094	-0.0365063551	0.0847336914	-0.0114193959	0.1103245557	0.0028307833	-0.1056309813	0.0156283821	-0.0038701021	0.0055734075	0.0534466871	0.130876589	-0.0659336555	-0.013473544	-0.1619703456	-0.0555021772	-0.0218362601	-0.0579859813	-0.0364131459	-0.0958115061	0.065908068	0.0063034153	0.0088513205	-0.0126982051	0.043918386	0.1258001627	0.0417742321	0.0527764417	0.1192631467	0.0070196825	0.0180416308	0.0483273401	-0.2204785963	-0.0140707669	0.0549320279	-0.0273659037	-0.092490305	-0.0837971769	-0.0088252781	0.0715413575	-0.1129218282	-0.0059549837	-0.0605622413	0.0547637319	-0.1151134031	0.0597363677	0.0121184034	-0.1532219113	0.0212398793	0.0663450679	-0.0124333273	0.1028868526	-0.1270349346	-0.1814407442	0.1199517689	0.0180521749	-0.0616877195	0.0421485016	-0.0130350497	-0.0068446879	-0.0593708217	-0.0990790973	0.0981391311	-0.0169115866	0.1620461175	0.0653656076	0.0174679021	0.0517114329	0.0295898558	-0.0951615977	0.0498810394	-0.0382943992	-0.0077971076	-0.0232475018	0.0013083708	0.1130612256	0.0880870885	0.0468276312	0.0905471906	-0.056426178	-0.0455685827	-0.0486122929	0.1918126575	-0.0537362349	0.0562395921	0.0925764887	-0.1103838878	0.0520216951	0.0188731421	-0.0998837964	-0.1063574594	0.0505012614	0.0395380438	0.0082114651	0.1410094116	-0.02009454	0.0088732859	-0.0916162989	0.1188215228	0.1384693177	0.0753548987	-0.0070812898	-0.0453797488	-0.1406968605	-0.1712222569	0.0189744779	0.0738232553	0.063529119	0.0292106182	0.013145062	0.0422041021	-0.0487958793	-0.1024759122	0.0508755563	0.074937276	0.0648000857	-0.0493257028	-0.0961510097	-0.0276160616	-0.0518935133	0.0250939427	0.0057051227	-0.0037022122	0.1389884915	0.0024542087	0.0818733609	-0.0533984929	-0.0629549239	-0.0994590843	-0.1347988923	0.0304112638	-0.0518436356	-0.1549239807	-0.1060665123	0.0676247074	-0.0135265772	0.0	-0.00847	-9.639999999999996e-06	7.17409e-05	9.292959999999992e-11	0.214729	-0.0002489999999999	0.046108543441	6.200099999999963e-08	0.0776566	0.0215869	0.00603054752356	0.00046599425161	0.00357997	-0.0005592999999999	3.128164899999995e-07	1.28161852009e-05	0.0012598	0.0001168599999999	1.3656259599999972e-08	1.5870960399999998e-06	0.000626688	0.0	0.0	3.92737849344e-07	0.0	0.0	0.0	0.0	0.0	0.0	0.0	0.0	0.0	0.0
324.75628573905504	-0.6007347978189728	105466.64512702676	0.360882297310602	364.9194858651473	-1.0525781392473732	1.1079207392214625	133166.23116408344	216.2992279934548	0.0115236620945609	0.0001327947880696	46785.35603056454	215.39939952383847	437.1137746117493	1.089122	22.663879	0.0390662999999999	0.0290897	-0.0199820036	-0.0148791185	-0.0031394138	0.1005166678	0.0570817839	-0.006058844	0.1054825241	0.0325460542	-0.1051415538	0.1239848422	-0.0528167177	-0.003381811	0.1027920819	0.0598458922	-0.0963529456	0.0770996281	0.0298827071	-0.0974652417	0.0796109452	-0.0906505624	0.0613582937	0.0324585162	0.007561004	0.0144754565	-0.0339678408	0.0938924808	0.0045199609	0.0578419233	0.0133540145	0.0884474752	0.066340836	0.0778645399	0.0149760497	0.0216705175	-0.1350463716	-0.0767891761	-0.0805754714	-0.1008490619	0.068049559	-0.093489969	0.0024533482	-0.1167512893	0.029550833	0.0110194353	-0.0359234722	0.0489099433	0.0478375449	-0.0514036415	0.0056126764	-0.0669625125	0.0041613736	0.1094845037	-0.008381094	-0.0045396701	-0.0660661718	0.1170203895	0.0217535759	-0.0376173818	0.0299301449	-0.1213221186	0.0599791026	-0.0024473573	-0.1330676372	-0.0367369378	0.0606381325	-0.0672995252	-0.0430870356	0.083681911	-0.0897386885	0.0967667646	0.0538842049	0.0467812199	-0.0041302525	-0.0250744088	-0.0394807236	0.0682815626	0.0067990075	0.0884894336	0.0352564208	0.0806001616	-0.0334625872	-0.0730512463	0.0221608774	-0.0203396304	0.167098217	0.0618019459	0.041457114	-0.061391501	-0.1051873617	-0.0587637926	-0.0455892321	-0.1189763169	0.0555754174	-0.039815055	0.0018060782	-0.0389656325	-0.0513592128	-0.0821840199	0.0170627938	0.0373859972	-0.0506982866	-0.0393301231	-0.0980457473	0.006238899	-0.0695752673	-0.099287823	0.0427620102	0.0271112086	0.000606868	0.0549626577	0.0055423104	0.0328568282	-0.0209854459	0.0126504064	-0.0574148049	-0.0474497552	-0.0894699189	-0.106415047	-0.0224248509	-0.1416159247	-0.0598051774	0.0152322997	0.002015465	0.0683624783	0.101707085	0.0817451128	-0.0622040978	0.0248732588	-0.05624086	-0.0122124501	-0.0546990643	-0.0875790829	-0.0141840463	0.008867501	-0.1073054737	0.0720324637	-0.0215706732	0.0	-0.00847	0.0	7.17409e-05	0.0	0.194058	-0.0206709999999999	0.037658507364	0.0004272902409999	0.0785968999999999	0.0009402999999998	0.0061774726896099	8.841640899998006e-07	0.00392907	0.0003490999999999	1.2187080999999986e-07	1.5437591064899998e-05	0.0012598	0.0	0.0	1.5870960399999998e-06	0.000626688	0.0	0.0	3.92737849344e-07	0.0	0.0	0.0	0.0	0.0	0.0	0.0	0.0	0.0	0.0
324.5582543240864	-0.198031414968625	105338.06044989836	0.0392164413144757	364.0827950588439	-0.8366908063034089	0.7000515053526485	132556.28165786012	216.1249041904435	-0.1743238030113048	0.0303887882963241	46709.97421132838	215.2087169402577	430.9335535901583	1.079423	22.46204	0.02475766	0.0135035	0.0083313922	0.0068757635	0.0254267269	0.0675127999	0.0972101797	-0.0280350054	-0.0326942194	0.1005162215	0.0538535864	0.0022865882	-0.0378845106	-0.0634006523	0.0274581407	0.0472193615	-0.133702301	0.0244386509	-0.1051812236	0.1474287963	-0.0415515736	-0.1412173013	-0.0554058834	0.0368081465	-0.0728591546	0.0222520171	-0.0838971792	-0.0083600237	0.0063515241	0.0061618153	0.0280501989	-0.0209309683	0.0502508652	0.1344056606	0.0579606154	0.00615098	-0.124989114	0.0179387934	-0.0479789441	-0.0301542942	0.0298391737	0.0881229866	0.0178508448	-0.0200559807	-0.0766130348	0.053472732	-0.0435836298	-0.0484361989	0.0163884256	0.0725489002	-0.0192440373	-0.0317209209	0.0742714942	0.0753887154	-0.0972676937	0.0441951042	0.0783611545	-0.0922410131	-0.0274285685	0.1032701054	-0.0995510808	-0.0826081316	0.0472448966	0.0543603672	-0.065807922	-0.0367385699	0.1162772975	-0.0191391298	0.1084570606	-0.1546807042	0.0398904326	0.1318871605	-0.0747887809	0.0432930021	0.017267824	0.0251707559	-0.1071583111	-0.0125516347	0.0087118507	0.0155624727	0.0147757986	-0.018292725	-0.0133980988	-0.1433102106	-0.0215895627	-0.018494365	0.0794100114	0.0961152638	0.0219101673	0.0086620549	-0.0522458347	0.091545415	-0.0442891131	-0.0040801766	-0.1004386244	-0.0232726707	-0.0402736469	-0.0001325762	-0.0341658685	0.0928882131	0.0011411404	0.0787649875	-0.0384974681	-0.1213005999	-0.0247128161	0.0117609873	0.0517561917	0.0978269551	-0.0150720722	-0.1040034181	-0.0978788514	0.0605926386	0.000335962	0.0281215003	-0.0367418397	0.0980394313	0.0718269678	-0.0500771798	0.0392332369	0.0814060707	0.0444878106	-0.0291244903	-0.0622009344	-0.0121198696	0.0128364813	0.0477208708	0.0572226056	-0.0513453918	0.0710929348	0.0469123521	-0.0023152251	0.0777468422	-0.0118516286	-0.0117411953	0.0011872694	-0.1507288321	-0.1084896234	0.0762930619	-0.0295156382	0.0	-0.00847001	-9.999999999940612e-09	7.17410694001e-05	9.999999999881223e-17	0.204816	0.0107579999999999	0.041949593856	0.0001157345639999	0.083749	0.0051521000000001	0.007013895001	2.654413441000107e-05	0.00410602	0.00017695	3.131130250000013e-08	1.6859400240400002e-05	0.0012598	0.0	0.0	1.5870960399999998e-06	0.000626689	1.000000000015745e-09	1.0000000000314906e-18	3.9273910272100004e-07	0.0	0.0	0.0	0.0	0.0	0.0	0.0	0.0	0.0	0.0
324.4996745509993	-0.0585797730871036	105300.03878370448	0.0034315898149365	364.2313576795287	0.1485626206847996	0.0220708522647356	132664.48191707276	216.0467321985374	-0.078171991906089	0.0061108603185656	46676.19049366654	215.1145365504265	431.82805098538506	1.066706	22.197412	0.07762349	0.0511052	0.0026946243	0.0538301239	0.0254708603	-0.0716259553	0.1011744217	0.054909282	-0.0624850421	-0.075065836	0.028042682	0.0242099168	-0.0027642778	-0.0830337291	-0.0672797021	0.0899378254	-0.050683388	-0.0886936758	-0.0622080179	-0.0281243351	-0.0610128166	-0.1380987806	0.0208414587	-0.0513368416	-0.1109484771	0.0568943725	-0.0235427267	-0.0921506805	-0.0801640666	-0.0776940385	-0.0182868072	0.0498731968	-0.0081545973	0.0042598865	-0.0847056346	0.0479793268	-0.0553853737	-0.0288977034	0.0619255222	0.0691318054	-0.0470249435	-0.054764358	-0.0008213779	-0.0220077185	-0.1737219607	0.0851757514	0.1156273004	0.1064103792	-0.0018332605	-0.0951754842	-0.0534447529	-0.0178832223	-0.0408898807	0.0427003347	0.043985863	-0.0528381956	-0.0536171486	-0.114949368	0.0629254845	0.1646096739	0.0409593512	-0.0521584359	0.0076922216	0.084058225	0.023233395	-0.099967025	0.0501966354	0.0872781943	0.0696808136	0.0266692929	0.0621406948	0.1400837714	0.0001997203	-0.056497385	0.0727462436	0.1080627568	-0.0685606777	-0.0535986248	-0.071638418	-0.0974654246	-0.0028908098	0.0437307401	0.0404326316	0.0131626814	0.0759984411	-0.0119179577	0.0353975201	0.0344937821	-0.0538554894	0.0617462215	0.0857870357	-0.0444019549	-0.0276460471	-0.0947847496	-0.1373525206	0.0590693579	0.1329830465	-0.0873044042	-0.0328143527	-0.0838662145	-0.0771913123	0.0053035771	-0.00988213	0.0432187871	-0.0278472075	-0.0528702637	-0.0820051953	0.072717964	-0.0857099826	-0.1720037634	0.0592325253	0.1028781229	0.0197671911	-0.0017489239	-0.0314028045	-0.0807464258	-0.0399419463	-0.0230771391	0.123840987	0.0242016233	0.0428282151	-0.0034411722	-0.0126154213	-0.0380782298	0.0267724011	0.0385355051	0.0386907878	0.0172004239	0.0285130998	-0.0421798716	-0.0500406697	0.0061088827	-0.0365623649	-0.0699504044	-0.0387930334	0.1295052851	-0.1096183565	0.0803977977	-0.0373249597	0.0	-0.0084779499999999	-7.939999999900804e-06	7.187563620249832e-05	6.304359999842477e-11	0.215223	0.010407	0.046320939729	0.000108305649	0.108092	0.0243429999999999	0.0116838804639999	0.0005925816489999	0.00340188	-0.00070414	4.958131396000003e-07	1.15727875344e-05	0.00141297	0.00015317	2.34610489e-08	1.9964842209e-06	0.000626688	-1.000000000015745e-09	1.0000000000314906e-18	3.92737849344e-07	0.0	0.0	0.0	0.0	0.0	0.0	0.0	0.0	0.0	0.0
324.76277113351455	0.2630965825152316	105470.85751431956	0.069219811731194	363.8337110514791	-0.3976466280495856	0.1581228407992055	132374.9692974912	216.0392728832337	-0.0074593153036914	5.564138479988596e-05	46672.96742791632	215.0984373299516	432.1223051176688	1.05957	22.04892	0.0842491	0.0596078	6.72106e-05	0.0843076836	-0.0043449757	-0.1234847622	-0.0159709747	-0.0070589543	-0.0224398069	0.0417524065	-0.0748591149	0.0225083524	0.0285293228	-0.0382242092	-0.0625272301	0.0353875486	-0.0089011996	0.0763764009	-0.0543551825	-0.0010377552	0.1027616289	-0.1051731761	0.0026970424	-0.0326785034	0.0682051922	-0.0860256641	-0.0135834506	-0.1078334927	0.0299901384	-0.0319743676	0.1307447979	0.0132567659	0.1908116501	-3.57082e-05	0.0391759291	0.0302921984	0.1391492831	0.0293167447	-0.063199976	-0.0457360822	0.0809968456	0.0737871236	-0.0383750081	0.0212925165	0.1137758094	-0.0092159987	-0.0482420609	0.1261956259	-0.0715294971	-0.0962145704	-0.0156604524	0.2995465454	0.0777546102	0.0206786899	0.0352850302	0.0084773857	-0.0577704704	0.0957675209	0.0495364447	0.091350814	-0.1461476367	-0.0124193382	-0.0279505708	0.0447894308	0.0480787699	-0.0603895051	0.0179182975	-0.073086307	0.039749811	-0.0196101478	-0.0966342476	0.1082978564	0.0064228767	-0.0545661595	-0.0164381404	-0.0789187626	0.041319848	-0.1190829413	0.0427764964	-0.0193719573	0.1085706288	0.0017738908	-0.1712514314	-0.0937279689	0.0683502723	-0.0539304746	-0.0635274138	-0.1276573583	0.0581281928	-0.0249798663	-0.0833248251	0.0727360134	0.0699226225	0.0610880534	0.101235434	-0.0188366922	0.0211235492	-0.0872408055	0.0297837487	-0.1312169412	-0.0385373164	-0.1332021758	0.2820215418	-0.0866458489	-0.029585648	0.0809546249	0.0037265614	-0.0833846578	-0.0927770337	-0.0713665276	-0.1484028844	-0.0616070857	-0.0193750776	0.044789258	-0.0072320058	0.0554416011	-0.0236813194	-0.1159096732	0.0821415549	-0.0016363748	0.0095736183	0.0625202349	0.0156923688	-0.0168526341	0.0306299711	-0.0154322664	0.0584999343	-0.0363378617	-0.0212024416	-0.0948829665	-0.020439113	0.1052911779	0.0611411033	0.0684928207	0.0117973225	-0.0490230957	-0.1106910964	0.0843382854	-0.0449627491	0.0	-0.0107425	-0.00226455	0.00011540130625	5.1281867025004505e-06	0.177199	-0.038024	0.031399485601	0.001445824576	0.108163	7.100000000000162e-05	0.011699234569	5.041000000000229e-09	0.00418964	0.0007877599999999	6.205658175999996e-07	1.7553083329599998e-05	0.00139132	-2.165000000000001e-05	4.687225000000005e-10	1.9357713424e-06	0.000558307	-6.838100000000006e-05	4.675961161000008e-09	3.11706706249e-07	0.0	0.0	0.0	0.0	0.0	0.0	0.0	0.0	0.0	0.0
325.00488416066975	0.2421130271551987	105628.17472829037	0.058618717918254	363.7026680924413	-0.1310429590378135	0.017172257113386	132279.6307775605	216.3594391629157	0.3201662796819846	0.1025064466454028	46811.40691489141	215.3910296840961	435.188407435078	1.046596	21.778933	0.0866620499999999	0.0564535	-0.0143872796	0.0440991324	-0.0286576594	-0.0709875358	-0.1039539281	0.0269283258	0.0602098325	-0.0489897821	0.0242291976	-0.1219509989	-0.0054386425	0.034916962	-0.0849987556	0.0169275371	0.0895281405	-0.0930746899	-0.029933296	0.0225326194	0.088264594	0.0843496446	0.0098419297	-0.1243667946	0.0277291487	0.0162760729	-0.002768267	-0.0572701321	0.045760024	-0.103908128	0.0051971078	-0.0353469708	0.0085908732	-0.0991701138	-0.0234339464	-0.0839593999	0.1594022385	-0.0226299023	0.0557064946	0.0249648668	-0.0237530721	-0.0242962919	-0.0797375432	0.0444774257	-0.023289867	0.0116134734	0.1465385232	-0.1924240499	0.0366430567	-0.0158266555	-0.1672087818	-0.0371855671	0.0521540731	0.1824616579	0.0500165639	0.0512542533	0.0769459955	-0.080066768	0.0665391536	0.0638814997	0.0102251841	-0.1077813194	-0.0025975091	-0.0285940545	0.1026626286	-0.0333107937	-0.0761338578	0.0927973871	0.0367334138	-0.0186732466	-0.0851312946	-0.089076415	0.0229962903	-0.1318127508	-0.0286652968	-0.0093033486	0.0126707454	0.0013760681	0.0501192399	-0.1177973754	-0.0099553562	-0.0282145536	-0.0443732385	0.0537858422	0.0148388819	0.080760163	-0.1049548213	-0.1352884769	-0.0245835132	0.0294657861	0.0485793662	-0.0613557479	0.0715242706	0.011287487	-0.1026435923	0.0166593022	0.0848546148	0.2006703087	-0.0102328587	0.0244911626	-0.1049676893	0.1583159994	-0.0024590104	-0.0546666231	-0.1702625231	-0.00273396	0.0193058883	0.1103256018	-0.0623707821	-0.0203956645	0.0014474904	0.1282759478	0.0177261869	0.0145243656	-0.0329464178	-0.0611084752	0.0339099303	-0.0022904705	0.0253135591	-0.0071357777	-0.0203867956	0.1062393884	0.021476293	-0.0574409111	0.0433416528	0.0001368249	0.0290454173	0.0678711901	-0.020283277	0.0475895495	-0.0821258616	0.1092428356	-0.041573866	-0.0413929562	-0.076496886	0.1086805874	-0.1117072952	0.0881064748	-0.0523939058	0.0	-0.00847	0.0022725	7.17409e-05	5.164256250000001e-06	0.229151	0.051952	0.052510180801	0.0026990103039999	0.0999865	-0.0081764999999999	0.00999730018225	6.685515224999982e-05	0.00390432	-0.0002853199999999	8.140750239999973e-08	1.52437146624e-05	0.0012598	-0.00013152	1.7297510399999997e-08	1.5870960399999998e-06	0.000626688	6.838100000000006e-05	4.675961161000008e-09	3.92737849344e-07	0.0	0.0	0.0	0.0	0.0	0.0	0.0	0.0	0.0	0.0
324.62548985543987	-0.37939430522988	105381.70866388427	0.1439400388408634	364.4283086254868	0.7256405330455209	0.5265541831985877	132807.99212763307	216.31296202901984	-0.0464771338958485	0.0021601239751726	46791.29754176818	215.33286826245555	434.2270303821076	1.082826	22.532848	0.1021496	0.0527902	-0.0064745906	-0.001145411	-0.0112149414	0.0358795523	-0.0655344856	0.0262545531	0.1003272387	-0.0092960929	-0.0136432471	0.0880898998	-0.0061961434	0.0792647051	0.0208579815	-0.0855458539	0.1068874581	0.0449609633	0.1298129526	0.0690657788	0.0846777156	0.0708656849	0.0609556559	0.0678039792	0.0278789163	0.0039565917	0.0843021384	0.0045952723	-0.2017073626	-0.0586561625	0.2274509023	0.0778408602	0.0041786092	0.0316180137	-0.0555541744	-0.0288509702	0.0556115581	0.0984617378	-0.0084511051	-0.0988138506	0.0230650642	0.04197679	-0.0936092115	0.1054509092	0.0201963155	-0.0943432946	0.0213216851	0.0083570357	-0.0487029455	-0.0026737437	0.0201583192	-0.0691648343	-0.1538918834	0.007916352	0.0654733793	0.0618172646	0.0952848475	0.0117534209	-0.0686622391	0.0810245713	-0.1255575015	-0.0692571061	-0.0063140547	-0.0791029822	0.0428290164	0.0936878762	-0.1011557319	-0.0419838686	-0.1266431186	-0.0643663131	-0.0741180336	-0.070902028	0.0659521806	0.0775088048	0.0091356279	0.0226664369	0.0840247221	0.000825047	-0.1814643662	-0.0310014601	0.2638936969	0.0411315402	0.0201935674	-0.0249370393	0.0410867022	0.0261232068	-0.0723165911	-0.0252557522	0.0668086718	-0.0990194863	-0.0395318832	0.0267290685	0.0842406034	0.1007621576	-0.0201048364	0.0708981971	0.039285042	0.017225602	0.074919293	0.0119082749	-0.0216988737	-0.0781187238	-0.105425429	0.1113626694	-0.0717976422	0.0655772478	0.0794082009	0.0327980581	0.1118819423	-0.0528596799	-0.1263055647	0.1185035411	-0.0432780353	-0.0083677244	0.0436358267	0.0040573848	0.0141595861	-0.053081463	-0.0958490567	-0.0842279311	-0.0101388891	0.0219565018	0.055870364	0.0614380032	-0.0737156974	-0.1043549917	-0.1421808844	-0.13016255	0.010487932	0.0144495521	-0.0206027621	0.0311243885	0.1049550392	-0.1270731244	0.119635538	0.1146561922	-0.1126664339	0.0916946678	-0.0595842788	0.0	-0.0200092	-0.0115392	0.00040036808464	0.00013315313664	0.186162	-0.042989	0.034656290244	0.001848054121	0.122206	0.0222194999999999	0.014934306436	0.0004937061802499	0.00385263	-5.169000000000007e-05	2.6718561000000074e-09	1.48427579169e-05	0.00147409	0.00021429	4.59202041e-08	2.1729413281e-06	0.00038463	-0.000242058	5.8592075364000015e-08	1.479402369e-07	0.0	0.0	0.0	0.0	0.0	0.0	0.0	0.0	0.0	0.0
324.01316006130685	-0.6123297941330179	104984.52789291403	0.3749477767829841	363.5286736961716	-0.899634929315198	0.8093430060439613	132153.0965992976	216.11544133937832	-0.1975206896415215	0.0390144228364622	46705.88398531427	215.18329902776043	429.6096566757564	1.112325	23.146715	0.0583724999999999	0.0352144	0.0181208564	-0.0403268175	0.0166754579	0.0973771339	-0.0098246944	0.0065600759	-0.0179671453	-0.0873746658	0.0332485113	-0.0956049899	-0.009073492	0.0342286384	0.0924286057	-0.0795349814	-0.0030751337	-0.0432597971	-0.0255151571	0.0838996957	-0.0435932457	-0.0454178769	0.0314822143	-0.1003062646	-0.0409655553	-0.0250045302	-0.0567356488	-0.1564858296	0.1285839312	0.0501840433	-0.0128525847	-0.0207789689	-0.0118156929	0.0545254802	0.1394510392	0.1023975267	0.0325376174	-0.0712029083	0.0144566542	-0.0202245309	0.0499759754	0.0092178333	-0.0294623764	-0.1067817506	0.0750376171	-0.0564806186	0.0723904898	-0.0354555163	-0.1218939654	0.0743103021	0.0260106433	-0.1282715834	-0.0687042966	0.012080369	0.0424795582	-0.0619539283	0.0754705229	0.0741817365	-0.0396416202	-0.0897280677	0.178898621	0.1467429821	0.0111415222	-0.0393270185	-0.0612004238	0.1004170818	-0.0120837611	0.0400459714	0.0353320353	-0.0931339102	0.0407775335	0.0326245341	0.0133030135	-0.1308921916	0.0385097756	0.012050804	-0.0614900183	-0.1507349852	0.1224491875	0.0403792513	-0.025145905	-0.0041418133	-0.0347462344	-0.042774837	-0.1123946558	-0.1171446471	0.0353462577	-0.0464072632	-0.0578256265	-0.0047010747	-0.0685810326	0.0223260066	0.0246742169	-0.0726167189	0.0814947577	-0.0303326491	0.0436773189	0.0628856211	0.1290339597	0.0828027594	0.0193779093	0.0029726705	-0.1267530725	0.0644811486	-0.0477713632	-0.0540962231	0.0225286816	-0.046562652	0.0788583932	0.0789120064	0.1830427465	-0.1343856236	-0.0256417147	-0.023718643	0.0078152835	0.0093796487	0.1354071427	0.0406187848	0.0053537341	0.0539864562	-0.0655827356	0.0023554697	-0.0030527236	0.0525868336	0.0162687303	-0.1608116118	0.064126126	-0.0403317847	0.0172814012	-0.0970479253	-0.0206120745	0.0036438375	0.0927638921	0.1078805856	-0.1162485577	0.0432619622	-0.1135680224	0.0950955338	-0.0665008237	0.0	-0.0168943	0.0031149	0.00028541737249	9.70260201e-06	0.217584	0.031422	0.047342797056	0.000987342084	0.113233	-0.0089729999999999	0.012821712289	8.05147289999999e-05	0.00366284	-0.00018979	3.60202441e-08	1.34163968656e-05	0.00145172	-2.2369999999999852e-05	5.004168999999934e-10	2.1074909584000005e-06	0.000469722	8.509199999999999e-05	7.240648463999998e-09	2.20638757284e-07	0.0	0.0	0.0	0.0	0.0	0.0	0.0	0.0	0.0	0.0
323.6390228374028	-0.3741372239040288	104742.21710314894	0.1399786623106134	363.1039770319156	-0.4246966642560323	0.1803672566302011	131844.49813639387	215.85601562071272	-0.2594257186655966	0.0673017035051612	46593.81947964938	214.9696743655452	425.86021916913967	1.152467	23.982037	0.0240729	0.0126222	0.0443779932	-0.0833469717	0.0573811279	0.0649434733	0.0150948176	0.1000824382	0.0468514881	-0.1509068897	-0.011869728	0.0926397549	-0.0236637248	-0.0454104518	0.1124293857	-0.047361787	0.0125248977	-0.0125991771	-0.0317193657	-0.0629825187	-0.0211841089	-0.0674191534	0.0823673404	-0.0206242973	0.0689321664	-0.0897385247	0.070093896	-0.1913456953	-0.0422785413	0.0499102273	-0.0500229912	-0.0151273026	-0.0366026765	0.0762581047	-0.0665518255	-0.0949587295	-0.0248361969	0.0833571989	-0.0233045999	-0.0116437482	-0.084942751	-0.0512787586	-0.0539821193	-0.0201204014	0.0958196417	0.143135103	0.0340315287	0.2414030119	0.1270988135	-0.0050501032	0.0085973188	-0.2270088846	-0.0347324217	-0.0340683827	-0.0334451463	0.0458248628	-0.060143077	0.0191579211	-0.0291750326	-0.0802364335	0.0157358254	-0.0240775817	0.0333684478	0.0412481166	-0.1060611859	0.0643687809	-0.0280585698	0.0067095918	0.0277799299	0.0699396663	0.0107060646	0.0727868343	0.0866221127	-0.0530103991	-0.0018797086	-0.0240336667	0.0974439051	-0.2095430408	-0.0425521291	0.0119052437	-0.0519326212	-0.0251477884	0.0941741475	-0.0529192145	0.0288457175	0.0879168104	-0.0373617538	0.0693233092	0.0757261415	-0.0356329487	0.0525994573	-0.0390394241	0.0542817416	0.0093766372	0.0471116841	-0.1414188064	0.0870336946	-0.2137951227	-0.1735974385	-0.0209290998	-0.028377305	0.0771755966	-0.205922811	0.0792178021	0.0610379088	0.0133269373	-0.0677201674	-0.0445093808	0.0658511509	0.08340682	0.0124671687	0.0094402298	-0.0015030829	-0.0651699487	-0.0134916072	-0.111100904	-0.0260903912	-0.0047595267	0.0085285067	-0.0077441906	-0.0404929457	-0.1504337359	-0.0291592246	0.0353502432	-0.0191915094	-0.0586890543	0.0131876042	0.0746391275	-0.1138619264	0.0612835755	0.0451982925	0.1052604526	-0.0367909907	-0.0730459182	-0.0020823112	0.1120547855	-0.1144116002	0.098302125	-0.0731117546	0.0	-0.0196931	-0.0027988	0.00038781818761	7.833281440000004e-06	0.222335	0.004751	0.049432852225	2.257200100000005e-05	0.121788	0.0085549999999999	0.0148323169439999	7.318802499999988e-05	0.0035709	-9.194e-05	8.452963599999998e-09	1.2751326810000002e-05	0.00151759	6.586999999999999e-05	4.338856899999999e-09	2.3030794081e-06	0.000471274	1.551999999999988e-06	2.4087039999999623e-12	2.22099183076e-07	0.0	0.0	0.0	0.0	0.0	0.0	0.0	0.0	0.0	0.0
323.2198100766584	-0.4192127607444149	104471.04562599112	0.175739338770954	362.5157285186916	-0.5882485132239594	0.3460363133101988	131417.65342343773	215.7493440584205	-0.1066715622922345	0.011378822201866	46547.779461638704	214.8342830888208	420.0827884705108	1.12431	23.396109	0.05074225	0.0246545	0.0755612266	-0.0839422023	0.0860006105	0.0477110135	0.0780628452	-0.0572924627	0.0388238682	0.0656411093	-0.0773005183	0.0939300516	-0.0228638485	-0.1103668287	0.0669891222	-0.0046525207	-0.063504649	0.1632792005	-0.0093928046	0.0735254763	0.0040616902	0.0664115004	0.0524616191	0.0164399573	-0.0253812098	0.0723329352	-0.0610076882	0.0047114247	-0.0784530511	-0.0171298509	-0.0152979008	-0.0984740719	0.0087876978	-0.0595241765	-0.08054413	0.0158856841	0.0393204913	0.0608203801	0.0812179031	0.0179304563	-0.0366174064	-0.0640249675	0.0667296985	0.0098832833	-0.0314294621	0.08934435	0.0033353497	0.1363018297	0.1085703337	-0.0569925131	-0.1338479106	0.061647164	-0.0333431588	-0.0891749326	-0.0554654867	0.0278822027	0.1197392459	0.024861935	-0.0401615536	0.0358022418	-0.0168622247	-0.0543356387	0.0355440526	0.1030853678	-0.0824751264	0.0249424265	0.0498236086	-0.1544900979	0.0030374566	-0.0732883095	-0.0009957735	-0.0622667701	0.0561118653	0.0224720246	-0.0048022004	0.0253602404	-0.085226773	0.0335091581	-0.0884263073	-0.0367162738	-0.024674938	-0.0955842086	0.0193075552	0.0435576602	0.0767357603	-0.0119738592	-0.0911460099	-0.0080035445	-0.0462822964	0.0031749315	0.0427677424	-0.0792301539	-0.0470042944	0.012966017	-0.0378719034	-0.0300537278	0.0362375294	-0.1028931807	-0.1430512226	-0.0595534546	-0.1448969407	-0.0369723586	0.0434135493	-0.0051035928	0.07881787	-0.0130458392	0.1348557962	0.0090428297	0.0658166046	-0.0373601643	-0.0251450033	-0.034577441	-0.0149717181	-0.0743204364	0.0016633021	0.0530642696	-0.0337406342	-0.1084503223	-0.0376455463	0.0401947888	0.0353024255	-0.0916485831	0.0145053913	-0.003001169	0.0510135328	-0.0170427808	-0.0529770901	-0.1141213418	0.041688645	0.0011903688	0.1042889144	0.0863030329	0.1029334787	0.0374641684	-0.0304958338	-0.0432290158	-0.1151967366	0.1013078907	-0.07938669	0.0	-0.0111571	0.008536	0.00012448088041	7.286329600000003e-05	0.207824	-0.0145109999999999	0.043190814976	0.0002105691209999	0.133964	0.012176	0.017946353296	0.000148254976	0.00384533	0.00027443	7.53118249e-08	1.47865628089e-05	0.00151937	1.7799999999998373e-06	3.1683999999994205e-12	2.3084851969e-06	0.000437099	-3.4175000000000004e-05	1.1679306250000003e-09	1.91055535801e-07	0.0	0.0	0.0	0.0	0.0	0.0	0.0	0.0	0.0	0.0
323.5100851774354	0.2902751007770234	104658.77521151151	0.0842596341311111	361.61343703835695	-0.902291480334668	0.8141299154845265	130764.27784669376	216.0530998539346	0.303755795514121	0.0922675833084165	46678.94195649424	215.1157745605968	417.6589105465089	1.014657	21.1143	0.07905085	0.0408185	0.0876541856	-0.0570006559	0.0887106308	-0.0574140221	0.0670854021	-0.0446112723	-0.043202766	-0.0207020083	0.1240806811	-0.0377967882	-0.0152880927	-0.0682244391	-0.0565835185	0.0289524633	-0.0032976986	0.0246108326	-0.0781988479	0.0729799266	0.0122358136	-0.0406427294	-0.0682712011	-0.1262415385	0.0178194614	-0.0043945122	0.0479317301	0.1026100046	-0.0906804388	-0.0825757147	-0.0510853035	0.0610372814	0.0730581663	-0.0212023928	0.0159167756	0.0178626086	0.0968796254	0.0396468108	0.2063434598	-0.1486261946	-0.081109094	-0.0005213061	0.0598323803	-0.1253150059	-0.0452380258	0.0405965148	0.0281968443	0.1201006748	0.0497115267	-0.0695318415	-0.0650136035	-0.0606748265	0.0210907176	-0.0413746671	0.1628515998	0.0908465942	0.0096278992	0.0394806182	-0.0669410702	-0.0714626598	0.0042254713	-0.0146002353	0.0202776608	0.0697420558	0.0404898299	-0.0370857372	0.0122839133	-0.0312784667	0.0774705969	-0.0775546357	-0.0090133071	0.0462054761	-0.061755824	-0.0947016288	0.0292373677	-0.0222519262	0.0756806435	0.1295588919	-0.0852725628	-0.0650533038	-0.0191435029	0.0809957086	-0.0543822809	-0.0209594617	0.0375227644	-0.0192904969	-0.1341060339	-0.0301182807	-0.1555875129	-0.1841919918	0.0432449875	-0.0125530135	-0.0783054322	-0.1251651599	-0.0127658796	-0.0033035991	0.0361789242	-0.0701786147	-0.0983364708	-0.0482541071	-0.100966829	0.0305082284	0.0048968747	0.1200517429	-0.0171763806	0.1302075312	-0.0094637481	0.0206607006	0.0700902145	0.0644864938	0.0360197416	0.0298145894	-0.0018864194	-0.0934619707	-0.0185259211	0.0235030495	0.0205447731	-0.0056704929	0.048478185	0.1359280493	0.0371281249	0.0301425533	0.0180922982	-0.0355553326	0.0438925589	0.0395989118	0.056063427	0.0228994667	-0.0301998738	-0.0492920604	0.0628003887	-0.0651413364	0.0036130784	-0.0116133599	0.0465579469	0.1071741235	-0.1159230303	0.1041066901	-0.0852967926	0.0	-0.0132133	-0.0020562	0.00017459129689	4.227958440000004e-06	0.236689	0.028865	0.056021682721	0.000833188225	0.115413	-0.0185509999999999	0.013320160569	0.0003441396009999	0.00343262	-0.00041271	1.7032954410000013e-07	1.17828800644e-05	0.00163474	0.00011537	1.3310236900000012e-08	2.6723748676e-06	0.000373606	-6.349299999999997e-05	4.0313610489999965e-09	1.39581443236e-07	0.0	0.0	0.0	0.0	0.0	0.0	0.0	0.0	0.0	0.0
324.1856219004792	0.6755367230437628	105096.31744700046	0.4563498641807054	362.8338736668049	1.220436628447942	1.48946556405738	131648.41988005894	216.0693956133963	0.0162957594616841	0.000265551776433	46685.98372073836	215.1186421480392	424.0257289022803	1.043466	21.713799	0.0361486	0.0193073	0.0563545041	0.017024797	0.0325975535	-0.1568054164	-0.0721542474	0.0606317806	-0.0445849685	-0.0846780099	0.0079805983	0.0977756907	0.0487477471	-0.030998525	-0.0986126955	0.0569720669	0.0404962113	-0.0761118952	0.0423359087	-0.1264047191	-0.1285586499	0.054940249	0.022983024	0.0482263541	-0.0864382374	0.16587669	-0.066222975	-0.0314704845	0.0143480252	-0.0022825931	-0.0865186142	0.034201682	-0.0309695228	-0.0051866063	-0.0117112094	-0.0332480244	0.0676305375	-0.0162605868	-0.0068243048	-0.0354330992	-0.0925017705	-0.0857411444	-0.0647820178	0.0213067458	0.0623737839	-0.0496698417	-0.1308946777	-0.0408675286	0.1137814054	-0.0773720557	0.0284206717	0.1088111584	0.037621569	0.088422886	-0.0048124843	0.0002884215	-0.017152606	0.082864307	0.0643862566	0.0143739427	-0.0623875172	0.0517556293	-0.0517263543	0.0391023211	0.0775851626	-0.0789723676	-0.0179910373	0.0714040036	-0.036417099	0.1388513883	0.1257521464	-0.0526160094	0.0162762166	0.0080548038	-0.0209404589	0.1216520675	-0.1505900476	0.0061009374	-0.0258117987	-0.0098295536	-0.0742761448	0.0458539328	0.0022750584	0.0106959827	-0.0147897633	0.0258983219	-0.0251684523	-0.0309026104	0.0525916572	-0.0667300395	0.0744845353	-0.0903702961	0.087755198	-0.0075516424	0.0709897997	0.0168589012	-0.1452751259	0.0478201972	-0.1011095638	-0.1008363767	0.0555718847	-0.0169293588	0.0847459612	-0.0892524325	-0.094094559	0.0277251641	0.0005068731	-0.0704846136	-0.0528148981	-0.0083552792	-0.0525465661	-0.0208557555	-0.0111110827	-0.0749681224	-0.0126015051	-0.1024305899	-0.0865952266	0.0050820527	0.0785716053	-0.0171405924	-0.0078962458	0.0468006266	0.0499678866	-0.0799391838	0.0507212502	0.0477186225	-0.036814612	0.0010522821	-0.1057922824	-0.0376869986	0.0629991006	0.0145503665	-0.008279117	0.1118575938	-0.0395114407	-0.0957436524	-0.1165901104	0.1066928056	-0.0908149015	0.0	-0.0139813	-0.0007679999999999	0.00019547674969	5.898239999999993e-07	0.229986	-0.006703	0.052893560196	4.493020900000019e-05	0.127957	0.0125439999999999	0.0163729938489999	0.0001573519359999	0.0034583	2.5680000000000147e-05	6.594624000000075e-10	1.195983889e-05	0.00167865	4.3910000000000086e-05	1.9280881000000074e-09	2.8178658225e-06	0.000626688	0.000253082	6.405049872400001e-08	3.92737849344e-07	0.0	0.0	0.0	0.0	0.0	0.0	0.0	0.0	0.0	0.0
324.9012302350076	0.7156083345283832	105560.8094082214	0.5120952884464864	363.5539361610829	0.720062494278011	0.5184899956658705	132171.46449821675	216.31878274427976	0.2493871308834627	0.0621939410502853	46793.81576796691	215.33419379360527	434.1609005113498	1.10264	22.945168	0.0989794099999999	0.0548151	0.0093319863	0.0333135046	-0.0060586059	-0.015762945	-0.1201760182	-0.0841374534	0.0337819425	0.091432554	-0.0354396716	0.0037048829	0.0183323712	0.0584969754	-0.0788128434	0.001624992	0.1139481089	0.0143971725	0.0519562128	-0.0955872031	0.0770458227	0.0116216381	0.0129986153	0.0528372591	-0.0571572705	0.0085058582	-0.0471115333	0.1342069	-0.0574362278	-0.1635346425	0.0298331161	0.0562386495	0.0180849949	-0.0517030128	0.0325708671	-0.0073958861	-0.108154325	0.0862326237	-0.0875660263	-0.1453745487	0.0931837373	-0.0907292204	-0.1516828434	-0.1381216696	0.090167662	-0.0554142985	0.0513505896	-0.1095310232	-0.0448032828	-0.0644143553	-0.1071601723	0.0053529274	-0.0035868019	-0.059888775	0.047760126	0.0360639139	-0.0082520454	-0.1552531382	-0.0660999683	0.0663055086	-0.0144198308	0.0278082812	-0.0305522998	-0.0501044047	0.1074390924	-0.0133500832	-0.0890556422	-0.0216145153	-0.0560221254	0.0937260808	-0.0690453806	-0.0067485983	0.0178003348	0.0874757552	0.0346054853	-0.0200050122	-0.0545237967	0.1311540151	-0.0294188826	-0.1425011299	0.0771826561	0.0468224863	-0.0879303634	0.0227035056	-0.0063952563	-0.0037420309	0.0218928183	0.1385538077	0.1156275905	-0.1156406751	-0.1446489105	-0.0719664257	0.1157542617	-0.1354596006	0.0683630449	-0.0381357176	0.0544146248	0.1423510178	0.1003200515	-0.05388347	-0.092564743	0.0391394187	-0.0069604229	0.0546398782	0.0404368479	0.020771098	0.0080556142	0.1334633959	0.0106340684	-0.0947812789	-0.0125708113	-0.0646115419	-0.0442022395	-0.0164903368	0.0091426169	0.044707345	-0.0512182928	-0.0493542379	-0.0888013509	-0.099026853	-0.0383477265	0.0876666669	0.030018451	-0.0508912192	0.071584377	0.0733304895	-0.0117223515	-0.0254726225	-0.0462794537	0.0077522664	-0.0667832034	0.0401033666	0.0281260862	-0.0532996986	0.1047459073	0.0697128456	-0.1171976362	0.1090609537	-0.0959156576	0.0	-0.00483979	0.00914151	2.34235672441e-05	8.35672050801e-05	0.200826	-0.0291599999999999	0.040331082276	0.0008503055999999	0.1082	-0.0197569999999999	0.01170724	0.0003903390489999	0.00409981	0.0006415099999999	4.1153508009999953e-07	1.6808442036099997e-05	0.00161867	-5.998000000000006e-05	3.597600400000007e-09	2.6200925689e-06	0.00050976	-0.0001169279999999	1.3672157183999996e-08	2.598552576000001e-07	0.0	0.0	0.0	0.0	0.0	0.0	0.0	0.0	0.0	0.0
324.6862182823521	-0.215011952655459	105421.1403424952	0.0462301397847133	363.8889206927856	0.3349845317026734	0.1122146364800594	132415.1466029604	216.20683471270448	-0.1119480315752809	0.0125323617735801	46745.39537648671	215.2516928741445	435.5855793795548	1.023297	21.294109	0.04350207	0.0248286	-0.0002700177	0.0337716487	-0.0091712483	0.0633585873	-0.0801558221	0.0274378662	-0.0762251878	0.0233768424	0.0842339339	-0.0628859649	-0.010669837	0.0702835308	0.0128675323	-0.0906568038	0.117261779	0.0104623807	0.0182001599	0.1096055678	0.0019959536	0.0133747366	-0.065313861	-0.0259425829	0.0237246578	0.0178948912	0.0236086885	0.1352511736	0.0040733257	-0.0503078571	-0.0223766931	-0.0051872414	-0.1838072521	-0.0464002827	0.0311104842	0.1091199041	0.0423872542	0.1275849041	-0.0699712099	0.0558297246	-0.0613538569	0.0405083283	0.0125260793	0.0601754861	-0.1239221944	-0.0946807546	0.0627873084	0.0001322961	-0.1421016267	-0.0755137005	0.1320916092	-0.0972221911	-0.0422968541	-0.0179291794	-0.1042248175	0.0816062322	-0.0150320282	0.1188125425	-0.0012715599	-0.1887757989	-0.0511007098	-0.0576219602	0.0001610769	-0.0731464938	0.0433778157	0.092976972	-0.1070929313	-0.0082699689	-0.0186256184	-0.1051308395	0.0123675205	-0.0145010329	-0.0486205615	-0.0069201317	-0.0323786085	-0.0113039656	0.0388552173	0.1335062016	0.0003890162	-0.0460266265	-0.018372131	0.0115502203	0.1059582765	0.1173569456	-0.1198156182	-0.1179867252	-0.1082961504	0.0325777774	0.0844924581	0.0395818097	0.0499834488	0.0708793188	-0.0182936298	0.0301694873	-0.0414850817	0.171263354	0.0629892645	-0.0471064552	0.1294998808	-0.0704948411	0.1022463395	-0.0025327364	-0.1476242601	-0.0819540564	0.047091823	0.0448972941	0.0045696972	-0.0935646508	0.0544008317	0.1922317885	-0.0645715202	-0.0182779852	-0.0323557822	-0.0107021534	-0.0123768935	0.0095307905	0.10832272	0.0097322791	-0.008017292	0.0054472177	-0.0557425064	0.0680946208	-0.034412549	-0.0517866325	0.0612948016	-0.0293855507	0.0015261833	-0.1395188268	-0.0019048573	-0.0492651514	-0.0432404953	0.0612327524	0.1714624396	0.0004571676	0.0258471762	-0.0176879064	-0.1177452974	0.1112062966	-0.1005756196	0.0	-0.00233947	0.00250032	5.473119880900001e-06	6.2516001024e-06	0.218357	0.0175309999999999	0.0476797794489999	0.0003073359609999	0.123375	0.0151749999999999	0.015221390625	0.0002302806249999	0.00402009	-7.972000000000014e-05	6.355278400000022e-09	1.6161123608099996e-05	0.00155522	-6.345000000000005e-05	4.025902500000007e-09	2.4187092484e-06	0.000487015	-2.2745000000000068e-05	5.173350250000031e-10	2.37183610225e-07	0.0	0.0	0.0	0.0	0.0	0.0	0.0	0.0	0.0	0.0
324.7209737993329	0.0347555169807947	105443.71082518704	0.0012079459606023	363.8597730909075	-0.029147601878094	0.0008495826952438	132393.93447376668	216.0251863328585	-0.1816483798459671	0.0329961339006647	46666.88113014624	215.1339392885401	434.46628711102784	1.002465	20.86059	0.04630779	0.0236321	0.0068403737	0.0068157879	0.0126421683	0.0878721794	-0.0087815859	0.1279850858	-0.0039029757	-0.0771440973	0.0176891756	0.0701328119	-0.0096874784	0.0303376642	0.0990833603	-0.0522139685	0.0026899779	-0.0440440774	-0.0439017751	-0.0280380387	-0.0729712618	0.027159957	0.007035172	0.0121620927	-0.0237591845	0.0554799867	0.0177100848	0.0023352486	-0.0006853218	0.0797625891	-0.0873076741	-0.1587045325	-0.2825541767	-0.0953466328	0.0498119509	-0.0664394332	0.1475632434	-0.0499161945	-0.0100175207	-0.0258892535	0.1189172347	0.0487316741	0.0999162256	0.1366207581	-0.0600078065	0.0335979298	0.1236589346	-0.0274946772	0.0820352001	0.0673355251	0.069957551	-0.066860053	0.0672843555	-0.0058627216	-0.003203734	-0.0801741403	-0.0289396167	-0.070812147	0.0311226011	0.043427949	0.0634879564	0.0017829515	0.0151466794	-0.0382738958	-0.0930042989	0.0727376726	-0.0062667199	0.036870017	0.0406546626	0.0505263409	0.0665434762	-0.031188419	0.0016582066	-0.0103572384	-0.0238103821	0.0681683914	-0.0070352453	0.0008796122	-0.0148025328	0.0295511775	-0.122728372	-0.1342326938	0.1438692619	0.1792278477	-0.2248333901	0.0744688464	-0.0787540323	-0.1386664088	-0.0196224501	0.0281055428	-0.1162127654	0.0156247346	-0.0731568527	0.1444896956	-0.0767527278	0.0296927771	0.0912451733	0.0554821121	-0.0846291204	0.0510067618	0.1106749204	0.0655024673	-0.0195857203	0.0417278493	0.0482864551	-0.0575334878	-0.0445297719	0.0323186438	-0.0753062082	-0.0614004945	0.0658169145	-0.0397442713	-0.0136134211	-0.0416052412	-0.045619876	-0.116384908	0.0217531656	0.048794473	0.0151338746	-0.0148459991	-0.043296735	-0.0835043566	-0.0835671799	-0.0748871734	0.0421907434	-0.0274812575	0.0644285523	-0.0262340702	-0.1353702656	-0.0702895843	-0.0653885293	0.0626809242	0.0286443109	0.0300510784	0.0181861654	0.1088147777	-0.1182328141	0.1131244514	-0.104773372	0.0	-0.00232833	1.1140000000000197e-05	5.4211205889e-06	1.240996000000043e-10	0.227946	0.009589	0.051959378916	9.194892100000029e-05	0.131387	0.008012	0.017262543769	6.419214400000009e-05	0.0037589	-0.0002611899999999	6.822021609999985e-08	1.412932921e-05	0.00172827	0.00017305	2.994630250000004e-08	2.9869171929000003e-06	0.000626688	0.000139673	1.950854692900001e-08	3.92737849344e-07	0.0	0.0	0.0	0.0	0.0	0.0	0.0	0.0	0.0	0.0
324.454323990276	-0.2666498090569007	105270.608355987	0.0711021206700816	364.5586847957341	0.698911704826628	0.4884775711436636	132903.0346599954	215.94820832779885	-0.076978005059658	0.0059256132629647	46633.62867998641	215.0272638224386	434.4361083227111	1.079594	22.465595	0.05165799	0.0299831	0.012185519	-0.0405492474	0.0357162369	0.0610797966	0.0945672265	-0.0512825843	0.0199410987	0.0437227174	-0.0702227872	0.1229920365	-0.0476290658	-0.0640369984	0.0503615982	-0.0177555702	-0.0393245133	0.1845827587	0.0169393539	-0.0563155264	0.0244573518	0.0397790294	0.0572900789	-0.1000771536	-0.0275990837	-0.0105890106	0.0163094463	-0.0091956384	0.058574078	0.0557565494	-0.1151752688	-0.0921254904	-0.0594798383	-0.1156772542	-0.0304618647	0.0063645093	0.027624108	0.0076421111	-0.1844692136	0.1274700375	-0.0669671101	-0.1430942941	-0.1169415232	-0.1313586784	0.0539366744	0.0606062506	0.0918532962	-0.0597044724	-0.0843694184	0.0245291538	0.0426350709	0.048543276	0.0333010106	-0.1035427244	-0.0315137873	-0.0561271334	0.0554172511	-0.0782773398	-0.0447528469	0.0738771452	-0.0750771023	0.1042582543	0.0550107133	0.0588687197	-0.0558307157	0.0297760359	0.0383280522	-0.1762527737	-0.036065091	0.0484652403	-0.0298992744	-0.0269190986	0.0574818232	-0.0756246654	0.0462721648	0.0085037183	0.0182166214	0.021824724	0.0489013007	0.0184341168	-0.1451342941	-0.0957803162	0.0145748643	0.1085063855	0.0015527872	-0.0219831858	-0.0185005641	-0.0120570373	0.1847246142	0.1397159353	0.0613630883	-0.0960544622	0.0991661575	-0.15537805	0.0467795394	-0.1023809354	0.0941062328	0.0675684325	0.0945831168	0.0423819184	0.0610417179	-0.0314180348	0.0598809327	0.0239441971	0.1047068859	-0.0750274204	0.0584240132	0.0962262303	0.0148561362	-0.0752738478	-0.0561847112	-0.1009069134	-0.040265172	-0.0285466317	-0.0115283405	0.0283252954	-0.0691448643	-0.0925746067	-0.0482636095	-0.0187496794	0.033371629	-0.1376497784	-0.0443759892	-0.0167071765	0.0491953881	0.0176132469	-0.0711680105	-0.0765055212	-0.0130114558	-0.0138745661	0.0363543965	0.145325551	0.0623907215	0.0228170049	0.0622103802	-0.0529974644	-0.1186599374	0.1148114994	-0.1084896234	0.0	-0.00715347	-0.00482514	5.11721330409e-05	2.3281976019600003e-05	0.205179	-0.022767	0.042098422041	0.000518336289	0.126216	-0.005171	0.015930478656	2.6739241000000093e-05	0.00400715	0.00024825	6.162806250000011e-08	1.60572511225e-05	0.00173135	3.079999999999923e-06	9.486399999999524e-12	2.9975728225e-06	0.000500121	-0.000126567	1.6019205489000017e-08	2.50121014641e-07	0.0	0.0	0.0	0.0	0.0	0.0	0.0	0.0	0.0	0.0
323.94090401533424	-0.5134199749417689	104937.709294272	0.2636000706692066	362.5764272824904	-1.982257513243724	3.929344848811192	131461.66562093503	216.12233125021632	0.1741229224174674	0.0303187921111993	46708.86206502823	215.19781575807045	427.83335073068497	1.03224	21.480204	0.04141817	0.02129	0.0415830861	-0.0413295496	0.0702224403	0.0017098897	0.0989416743	-0.0710570363	-0.0353009647	0.0385090711	0.0931875396	-0.0368606025	-0.0701877994	-0.0565288319	-0.0321006872	-0.030993041	-0.0040571842	0.0592241897	0.0583162937	0.1249690167	-0.0464960079	-0.0091746227	0.032060719	-0.0985734245	0.0351208429	-0.0215536442	0.0315246532	-0.0391428767	-0.1015794762	0.0111617013	0.0459494837	-0.0635163257	0.0073697068	-0.1258778639	0.1164982864	-0.0342733611	-0.1365427681	-0.0517680172	0.0810504094	0.0957981705	0.0904389534	-0.0172459214	0.0104311346	0.1217035638	-0.0789288888	0.0990818113	-0.2041823923	0.0265494907	0.1163417133	0.0349022438	0.1387573036	0.0487106913	-0.0433383686	0.0535239191	0.1224456505	-0.0112999294	0.039228059	0.1154965709	0.1047608162	-0.0142410937	0.0272535887	0.0121394939	0.0719957574	0.0517930211	0.0373090687	0.0231705859	0.0144589658	-0.0530145427	-0.0602931723	-0.1235419247	0.0628339065	0.0040807007	0.0324817813	-0.0939273762	0.0135541538	-0.0188322336	0.0595723717	-0.0122200321	-0.0754504895	-0.0161577087	0.0410792269	-0.0788723044	-0.1083979861	0.0872787689	-0.070513541	0.0472740237	0.0827758741	0.0954678754	-0.1356110336	0.1240575934	-0.0365362685	-0.0524401234	-5.04662e-05	0.0836379351	-0.1261545913	-0.034162859	-0.1562487489	-0.1170912052	-0.0953881824	0.0058405275	0.1468086464	-0.0959264432	0.0580384423	0.0696257792	-0.1316122021	0.0689440598	0.0477485682	-0.0676306288	-0.0517653008	0.0394198421	0.0403498463	0.0266737066	-0.0329915469	-0.0455056356	-0.017388539	0.0729815425	0.0433015677	-0.0066619041	0.0036893099	0.1181373847	0.0730765489	0.013949479	-0.0130250825	-0.0626527317	0.0774464311	0.0447140738	0.0616264039	-0.0183869106	0.1134312429	-0.0813802247	-0.0429555097	-0.0355814087	0.0824962204	-0.008336033	-0.0423574068	0.1376304402	-0.1190264491	0.1162639941	-0.1117072952	0.0	-0.00506345	0.00209002	2.56385259025e-05	4.368183600400003e-06	0.21939	0.014211	0.0481319721	0.000201952521	0.11232	-0.0138959999999999	0.0126157824	0.0001930988159999	0.00384304	-0.00016411	2.6932092100000096e-08	1.47689564416e-05	0.00168755	-4.380000000000009e-05	1.9184400000000077e-09	2.8478250025e-06	0.000483608	-1.6512999999999955e-05	2.7267916899999846e-10	2.3387669766400002e-07	0.0	0.0	0.0	0.0	0.0	0.0	0.0	0.0	0.0	0.0
323.9107224433019	-0.0301815720323475	104918.15611374176	0.0009109272903437	363.7305695577626	1.1541422752721928	1.332044391570474	132299.92723081436	215.77731266849952	-0.3450185817168005	0.1190378217298725	46559.848662439406	214.8322526835226	426.1333460388822	1.053432	21.921194	0.03917275	0.0280002	0.0475724765	-0.024182739	0.0445423047	-0.1453198176	0.0382361184	0.0039299158	-0.0803219879	-0.148041413	0.0267034356	0.0342394625	0.0141604892	-0.0997726644	-0.1181665968	0.0406361403	0.0410130025	-0.120356907	-0.0155535227	-0.0915878687	-0.0727940005	-0.0454126695	0.1131327351	0.1163073616	0.0197295014	-0.0132877157	0.1420487243	0.0247060047	0.0882910358	0.072034051	-0.1851155091	0.1056044478	0.0152459269	-0.1317424607	-0.0256452754	0.0391297572	0.1414692008	0.065191765	0.0165737243	-0.0865452188	0.1851481607	0.1323422553	0.1547871144	-0.0197743157	0.0769050435	-0.055842325	-0.0007448525	0.0045296308	-0.0872101516	0.0199580161	-0.1494328784	0.0322297551	0.0928431575	-0.0279284583	-0.0832992053	-0.1267566599	0.0661308087	-0.1250241078	0.1364412466	0.078355332	0.0651663816	0.0209087497	-0.0127396617	0.1052719631	0.1038208615	-0.070415916	-0.0185279873	0.1174882836	0.01652529	0.0944776535	0.0742029888	0.0573478671	0.1095706728	0.0981199968	-0.0280094626	0.0678642754	0.1103662995	-0.0155832686	0.0739534606	0.0768018055	-0.1531289764	0.1431085637	-0.0171151601	0.1262802409	0.0605345292	-0.0191833011	-0.1516199259	-0.0669168578	-0.0500529665	-0.0671086161	-0.2094775023	0.1015226184	-0.1164983892	0.0759444797	0.1103069652	-0.0110929602	-0.0115133865	0.0191604152	0.0739451728	0.028747678	-0.1035254799	0.0641971684	0.0706369125	-0.0544453866	0.0568875462	-0.1821746269	0.0839451583	0.0724538831	-0.1571949667	-0.0854549738	0.0836556409	0.0575425955	-0.0236422858	-0.0697846932	-0.041661221	-0.0872498431	-0.0266354844	0.0426902279	0.1269601441	0.0372454763	0.0518844534	0.0202744992	0.0549360841	-0.0724096785	-0.0295283972	0.0076683798	-0.0168253717	0.1016612256	-0.0285006077	-0.078267381	-0.0038186916	0.0641779588	0.0349514115	0.0054652839	0.1079849561	-0.0545132851	-0.119332162	0.1174789681	-0.1144116002	0.0	-0.00526835	-0.0002049	2.77555117225e-05	4.1984010000000024e-08	0.233112	0.013722	0.054341204544	0.000188293284	0.11448	0.0021599999999999	0.0131056704	4.66559999999998e-06	0.00341889	-0.0004241499999999	1.799032224999999e-07	1.16888088321e-05	0.00169423	6.680000000000011e-06	4.4622400000000135e-11	2.8704152929e-06	0.000452721	-3.0887000000000004e-05	9.54006769e-10	2.04956303841e-07	0.0	0.0	0.0	0.0	0.0	0.0	0.0	0.0	0.0	0.0
324.1603923932884	0.2496699499865258	105079.95999657072	0.0623350839262743	363.168200904535	-0.5623686532275656	0.3162585021329859	131891.14214823672	215.8979971277912	0.1206844592916809	0.0145647387145253	46611.94516379174	214.94977051519965	430.19052444708063	1.177993	24.513218	0.08682012	0.0444917	0.0292835624	-0.0430673366	0.0143084407	-0.0745004553	-0.1055158547	-0.0844090509	0.1534754275	0.000517672	-0.0663400213	0.027708937	0.0602374199	-0.0149802391	0.0137827138	0.0462650027	0.1527380261	0.0484853865	0.0470374446	-0.1971842025	0.0173617889	0.1298813672	-0.0422712557	0.0159004058	-0.1298642912	-0.0697271703	-0.1346929775	-0.0636622695	0.0593397334	0.0457403445	0.095109407	-0.1569950553	0.0549396501	-0.0108107711	0.0706818451	0.0455378915	-0.0722625319	-0.1128585009	0.0139420406	-0.0125449494	-0.0166270027	0.0862720012	0.0527331788	-0.0110443914	0.0162044834	0.039539918	-0.1125451332	0.0239628183	-0.0323199799	0.05198159	0.0549200416	0.0647203198	0.1322711339	0.0652165851	0.0614834216	0.0971463135	0.0246398313	-0.0652878177	-0.1110175304	-0.0491437496	-0.0975694471	-0.0793576314	-0.0585659787	0.027567415	0.0067697202	-0.0317389884	-0.1574129217	-0.0605196586	-0.0478754863	0.1951263528	-0.0341436117	-0.1222419309	-0.051718046	0.0175450425	0.1212314665	-0.0391341861	-0.1430840383	-0.0765703461	0.0893700291	0.036550896	0.0433440082	-0.173395465	-0.0803329371	-0.0115769683	-0.0324551629	-0.0443567925	0.1223200637	-0.0121487871	-0.0824774436	-0.0154484826	0.0099155658	0.0922612055	-0.0399291249	0.0089621778	0.0151453407	-0.0503227107	-0.0955747288	-0.0669687855	0.0095963904	0.0598518384	0.0428921077	0.03621742	0.0915483343	-0.0699731053	-0.017288606	0.1259401608	-0.0382525185	0.1533786818	0.0790867526	0.0330666996	-0.0668682388	0.09311209	-0.0430111046	-0.0775608618	-0.0023373787	-0.0024689017	-0.132713407	0.0243882547	-0.1061707723	-0.1200904194	-0.0235452893	0.0728288402	0.0582113409	-0.0667380729	0.1058999654	0.0209840779	0.0210377047	0.0487741128	0.200114808	-0.0063203086	0.0028959921	0.0248249977	-0.1869312088	0.0881126621	-0.0556297692	0.0537525026	-0.1195769199	0.1184539393	-0.1165901104	0.0	-0.00712787	-0.00185952	5.080653073689999e-05	3.4578146303999995e-06	0.203527	-0.029585	0.041423239729	0.000875272225	0.101313	-0.0131669999999999	0.010264323969	0.0001733698889999	0.00270527	-0.0007136199999999	5.092535043999998e-07	7.3184857729e-06	0.00177158	7.735000000000012e-05	5.983022500000018e-09	3.1384956964e-06	0.000399519	-5.320200000000002e-05	2.830452804000002e-09	1.5961543136099998e-07	0.0	0.0	0.0	0.0	0.0	0.0	0.0	0.0	0.0	0.0
325.0774984456777	0.917106052389272	105675.37999569958	0.8410835113290341	363.79817446553966	0.6299735610046469	0.3968666875648755	132349.11174445922	216.2992824357132	0.4012853079219951	0.1610298983540504	46785.37958220443	215.3500342622413	429.9768264243792	1.212602	25.233402	0.10859123	0.0706683	0.0254032824	0.0005257705	0.0142966654	0.0496930211	-0.0475265322	-0.1839554509	-0.0263756067	0.0802426342	0.0403312475	-0.0101775081	-0.0060395672	0.0586206734	-0.0126367913	0.0087393604	0.0135768389	0.1677636626	-0.0644679557	-0.0695807051	-0.1110813571	-0.0043588461	-0.157109359	0.100954419	0.0562436719	0.0222252113	0.2710052717	0.2855919144	0.0824152937	-0.1237271729	-0.0505090399	0.0169465486	0.0948869951	0.2335855987	-0.0185322699	-0.0567693276	-0.0311916027	-0.2169152103	0.0399571611	0.0646510381	-0.1241455607	-0.037486158	0.0700586895	-0.1136007954	0.0060238625	0.0857893513	-0.147702319	-0.0194645197	0.0156202276	0.0738814713	0.0451516134	0.1377001902	0.0063070596	-0.0366454032	-0.0286482264	0.0471005583	-0.0971169218	-0.0097040572	-0.0339387833	-0.0021233295	0.0472972329	0.0838830523	0.0046303952	-0.0561525971	0.0029019824	-0.0086453119	0.0011139692	-0.1684055255	0.0539475083	0.1022707434	0.1162992122	-0.002505089	-0.1483814632	0.168631511	-0.0864489406	0.0562554319	0.242204802	0.2729919791	0.1032431335	-0.0618618358	-0.017975602	0.0628358231	0.0640891485	-0.2487511213	0.0060400914	0.0496857681	0.1534214932	-0.0800799697	-0.0693595932	0.0260265331	0.1445650151	-0.0297338383	-0.0995051854	-0.1290343549	0.0186954348	-0.1263258867	-0.1441185159	-0.0360760408	-0.0190198752	0.0865755909	0.01390272	-0.0863975935	0.096600571	-0.0633598414	0.0650205191	0.0435739237	-0.0710097401	-0.0210808883	-0.0163468331	0.0050897101	0.040648532	-0.0572182966	-0.1229322724	-0.0662065845	0.0437641283	0.0828684984	-0.0797795408	0.2722221318	-0.1575106513	-0.0118868487	0.1844454149	0.005466423	-0.0295391683	0.1111120297	-0.2140700833	0.0091652298	-0.1017538676	0.1167136668	-0.0168441776	0.2003841799	0.0461593452	-0.1777616933	-0.0699491993	-0.0291066555	0.0464764138	-0.1212088694	-0.1197605978	0.1191869159	-0.1182328141	0.0	-0.00232154	0.0048063299999999	5.3895479716e-06	2.3100808068899997e-05	0.19128	-0.012247	0.0365880384	0.000149989009	0.041634	-0.059679	0.0017333899559999	0.003561583041	0.0031438	0.0004385299999999	1.9230856089999998e-07	9.88347844e-06	0.00187839	0.0001068099999999	1.1408376099999986e-08	3.5283489921e-06	0.000307681	-9.183799999999996e-05	8.434218243999991e-09	9.466759776100001e-08	0.0	0.0	0.0	0.0	0.0	0.0	0.0	0.0	0.0	0.0
326.74178014091603	1.664281695238344	106760.19088965472	2.769833561105417	366.8691843300697	3.0710098645300263	9.43110158804073	134592.99841101066	216.8347836685668	0.5355012328536191	0.2867615703877459	47017.32340859417	215.8571239904352	446.2126211754281	1.257111	26.159613	0.05511781	0.0260446	-0.0590063656	0.0247490161	-0.0841057602	0.0584048763	-0.0515000046	-0.1522772407	-0.0821610746	0.046194811	0.0415407541	-0.0164685082	-0.0636742699	0.1691151267	-0.131013072	0.0096760615	-0.0488880836	0.0587999778	-0.0272439372	-0.0194708533	-0.1851129552	0.1860547358	-0.1007847554	0.0371510018	-0.0426528898	0.0615197619	0.0946976777	0.10937835	-0.0239278589	0.0862233015	-0.0644049489	0.0137320302	-0.036806582	0.003556957	-0.1986523158	0.0747986149	-0.142248711	0.0378823481	-0.0840192825	0.1982152138	0.0147234596	0.0277482274	-0.1375443184	0.0254549827	0.0747699606	-0.101165043	0.1215520241	-0.0398570017	0.0122828774	0.0768554403	0.0368741359	-0.0216972343	0.037045467	-0.0534482998	-0.0676515802	0.035336428	0.0025120329	-0.019102557	-0.0774731006	-0.0456407948	-0.1212567964	0.0776932199	0.0457257242	-0.1718107636	0.1128810791	-0.0420119405	0.0794997789	-0.0591433391	0.0320793827	0.0511339916	0.1892192888	-0.1843804159	-0.0984476033	0.0679234682	0.0074897715	0.0784749399	0.0603172358	0.1222078259	-0.0335004855	0.0872564374	-0.0500292302	-0.0062170302	0.1439222512	0.0562033986	0.167500224	-0.0464164946	0.0794205899	0.1127337768	0.0550321292	0.1820464739	0.0167118776	0.0400971413	0.1490502542	0.0285220737	0.0823827973	0.0585122822	0.1026184576	0.0970396304	0.0124483124	0.0700111545	0.0510724382	0.027746855	-0.0318141802	-0.0233432856	0.0764211077	0.0085478342	0.001764842	0.021004056	0.0789651283	0.0488108122	-0.136274965	0.030068167	-0.1438883607	-0.0062744928	0.068130867	0.0136819033	-0.0078103248	0.2595200892	-0.1178025579	-0.0265272426	0.1866134904	0.0647028319	0.0274970338	0.1661953021	-0.2534818782	-0.0595562052	-0.2678332528	0.0316556895	-0.0273618319	0.058382815	-0.0083728888	-0.0668803438	0.1401363454	0.0350903216	-0.0802932181	-0.0746328876	-0.1198831019	0.1196764004	-0.119332162	0.0	-0.0070397	-0.00471816	4.955737609e-05	2.226103378560001e-05	0.17884	-0.01244	0.0319837456	0.0001547536	0.055908	0.014274	0.003125704464	0.000203747076	0.00346377	0.00031997	1.023808009000001e-07	1.19977026129e-05	0.00186777	-1.062000000000003e-05	1.1278440000000064e-10	3.4885647729e-06	0.000164558	-0.000143123	2.048419312900001e-08	2.7079335364000006e-08	0.0	0.0	0.0	0.0	0.0	0.0	0.0	0.0	0.0	0.0
325.62819409723824	-1.113586043677799	106033.72079102864	1.2400738766739727	365.9313604381413	-0.9378238919283604	0.8795136522716569	133905.7605521089	216.62808233628937	-0.2067013322774471	0.0427254407652716	46927.72605669816	215.71185763711927	451.1993073774237	1.271014	26.448917	0.09407879	0.0669904	-0.0728633279	-0.0924168984	-0.0507070538	0.0842869712	0.0326809546	-0.0575153617	0.0429161053	-0.064916717	0.0935604476	-0.1308557069	-0.1020806577	0.096831268	0.0495777501	0.0108595539	-0.0024558034	-0.0229632652	0.0031623153	0.0116414993	-0.0343976945	0.0489656583	-0.0617691682	-0.1257964584	0.1046092113	-0.0536968618	-0.0058390375	-0.0923156522	0.0206072084	-0.054662119	0.1287057779	0.0614448881	-0.0663038811	0.0003389464	0.0399212149	-0.0722938647	-0.0280983676	0.1069388289	-0.0555525442	0.0180944161	0.0816689847	0.0768908352	-0.0413605657	0.0312697844	0.0783374965	0.1087660844	0.012562895	0.1529752205	0.1198681889	0.084828243	0.0367986673	-0.0106282131	-0.0784395688	0.0148818514	-0.0159325657	-0.0351562926	-0.1089648547	-0.0387100006	-0.0236200927	-0.0023615387	-0.0323198488	0.0424819228	0.0997737545	-0.104875459	-0.0403573133	0.0014177051	-0.0147346824	0.028108514	-0.0005661543	-0.0155708418	0.025509826	-0.0535461368	-0.0627506579	-0.1474511002	-0.0481407852	-0.1068179869	0.042812006	-0.0721492605	0.0262293477	-0.0435679238	0.1367449249	0.0344098816	0.0138945921	0.0113488726	-0.0424101732	0.060918216	-0.0516053143	0.0837866123	0.0683885217	0.0514623823	-0.0927495468	0.0652247913	0.0682010051	0.0833923029	0.0065165603	-0.1013650395	0.0274071549	-0.0990819671	-0.1597005994	0.0548153077	-0.0075642369	-0.0723284818	-0.0349558328	0.0519552794	0.0037036791	-0.0281570959	-0.1221520764	-0.022772839	0.0083607216	-0.0199831929	-0.0563727244	0.0124121027	-0.052491168	-0.0055807763	-0.0543983082	-0.0341767479	0.1021495851	0.1770596516	-0.1025038254	0.0191782403	0.0355626878	-0.011269791	0.0070949832	0.0485521977	-0.0720325081	-0.1242855662	-0.0039381338	0.119290686	0.1710501402	-0.1050015265	-0.0264554246	0.0015628849	-0.0655955075	0.0867896539	0.0091332053	-0.0083245504	-0.1199443696	0.119921393	-0.1198831019	0.0	-0.00360376	0.00343594	1.29870861376e-05	1.18056836836e-05	0.24436	0.06552	0.0597118096	0.0042928703999999	0.0620325	0.0061244999999999	0.0038480310562499	3.7509500249999976e-05	0.00349253	2.876000000000007e-05	8.27137600000004e-10	1.2197765800900002e-05	0.00169097	-0.0001767999999999	3.1258239999999985e-08	2.8593795409e-06	0.000338965	0.0001744069999999	3.0417801648999994e-08	1.14897271225e-07	0.0	0.0	0.0	0.0	0.0	0.0	0.0	0.0	0.0	0.0
