global_signal	global_signal_derivative1	global_signal_derivative1_power2	global_signal_power2	csf	csf_derivative1	csf_power2	csf_derivative1_power2	white_matter	white_matter_derivative1	white_matter_derivative1_power2	white_matter_power2	csf_wm	tcompcor	std_dvars	dvars	framewise_displacement	rmsd	t_comp_cor_00	t_comp_cor_01	t_comp_cor_02	t_comp_cor_03	c_comp_cor_00	c_comp_cor_01	c_comp_cor_02	c_comp_cor_03	c_comp_cor_04	c_comp_cor_05	c_comp_cor_06	c_comp_cor_07	c_comp_cor_08	c_comp_cor_09	w_comp_cor_00	w_comp_cor_01	w_comp_cor_02	w_comp_cor_03	w_comp_cor_04	w_comp_cor_05	w_comp_cor_06	w_comp_cor_07	w_comp_cor_08	w_comp_cor_09	w_comp_cor_10	w_comp_cor_11	w_comp_cor_12	w_comp_cor_13	w_comp_cor_14	w_comp_cor_15	w_comp_cor_16	w_comp_cor_17	w_comp_cor_18	w_comp_cor_19	w_comp_cor_20	w_comp_cor_21	w_comp_cor_22	w_comp_cor_23	w_comp_cor_24	w_comp_cor_25	w_comp_cor_26	w_comp_cor_27	w_comp_cor_28	w_comp_cor_29	w_comp_cor_30	w_comp_cor_31	w_comp_cor_32	w_comp_cor_33	w_comp_cor_34	w_comp_cor_35	w_comp_cor_36	w_comp_cor_37	w_comp_cor_38	w_comp_cor_39	w_comp_cor_40	w_comp_cor_41	w_comp_cor_42	w_comp_cor_43	w_comp_cor_44	w_comp_cor_45	w_comp_cor_46	w_comp_cor_47	w_comp_cor_48	w_comp_cor_49	w_comp_cor_50	a_comp_cor_00	a_comp_cor_01	a_comp_cor_02	a_comp_cor_03	a_comp_cor_04	a_comp_cor_05	a_comp_cor_06	a_comp_cor_07	a_comp_cor_08	a_comp_cor_09	a_comp_cor_10	a_comp_cor_11	a_comp_cor_12	a_comp_cor_13	a_comp_cor_14	a_comp_cor_15	a_comp_cor_16	a_comp_cor_17	a_comp_cor_18	a_comp_cor_19	a_comp_cor_20	a_comp_cor_21	a_comp_cor_22	a_comp_cor_23	a_comp_cor_24	a_comp_cor_25	a_comp_cor_26	a_comp_cor_27	a_comp_cor_28	a_comp_cor_29	a_comp_cor_30	a_comp_cor_31	a_comp_cor_32	a_comp_cor_33	a_comp_cor_34	a_comp_cor_35	a_comp_cor_36	a_comp_cor_37	a_comp_cor_38	a_comp_cor_39	a_comp_cor_40	a_comp_cor_41	a_comp_cor_42	a_comp_cor_43	a_comp_cor_44	a_comp_cor_45	a_comp_cor_46	a_comp_cor_47	a_comp_cor_48	a_comp_cor_49	a_comp_cor_50	edge_comp_00	edge_comp_01	edge_comp_02	edge_comp_03	edge_comp_04	edge_comp_05	edge_comp_06	edge_comp_07	edge_comp_08	edge_comp_09	edge_comp_10	edge_comp_11	edge_comp_12	edge_comp_13	edge_comp_14	edge_comp_15	edge_comp_16	edge_comp_17	edge_comp_18	edge_comp_19	edge_comp_20	edge_comp_21	edge_comp_22	edge_comp_23	cosine00	cosine01	cosine02	trans_x	trans_x_derivative1	trans_x_derivative1_power2	trans_x_power2	trans_y	trans_y_derivative1	trans_y_power2	trans_y_derivative1_power2	trans_z	trans_z_derivative1	trans_z_derivative1_power2	trans_z_power2	rot_x	rot_x_derivative1	rot_x_power2	rot_x_derivative1_power2	rot_y	rot_y_derivative1	rot_y_derivative1_power2	rot_y_power2	rot_z	rot_z_derivative1	rot_z_power2	rot_z_derivative1_power2	motion_outlier00	motion_outlier01	motion_outlier02	motion_outlier03	motion_outlier04	motion_outlier05	motion_outlier06	motion_outlier07	motion_outlier08	motion_outlier09
290.3258798432285	n/a	n/a	84289.11650674476	380.48978946394135	n/a	144772.47988631442	n/a	185.3653484905197	n/a	n/a	34360.31242101181	184.21554584955152	320.5119742183235	n/a	n/a	n/a	n/a	-0.0261333464	0.0013648208	-0.0187873672	0.0270763163	-0.5990653446	0.3705399517	-0.1789104318	0.3260457732	-0.2352213301	0.0619519676	-0.2287688325	0.0780707545	-0.0697450834	0.121196218	0.0290128628	-0.0176367201	0.4057072481	-0.1832181982	0.1255331391	-0.0598239178	0.0871437339	-0.0964852602	0.0420193209	-0.1647390881	0.0245195161	-0.0141105	0.065458226	-0.0652858018	0.0479941777	-0.1128720283	0.1194921034	-0.04759103	0.0830977941	-0.1093878546	0.00979269	-0.0862625468	0.0406690892	0.0073742566	0.0100196747	-0.066084353	0.0082771073	0.014517908	0.0842560441	-0.1427561708	0.1798145374	-0.1749082984	-0.0286781692	-0.0302834483	-0.0363475891	0.130232441	-0.083433045	-0.0263787745	-0.0471188097	0.1333300371	0.0291580415	0.00578506	-0.116909866	-0.0060385822	-0.0448403192	-0.0039722831	0.0941430158	0.1114686683	-0.0638808163	-0.1774800539	0.1167803463	-0.0316845177	0.0245313604	-0.3632290538	-0.1128903833	0.2896745987	-0.0643152551	0.0180251659	0.0292594234	-0.0739638233	0.1621671633	-0.0091333235	0.0124546	-0.0543692727	0.055937227	-0.0247953398	0.1455069802	-0.0684768164	0.0900196862	-0.1067601643	0.0297207408	-0.0194417793	0.0987692411	-0.0366595349	-0.0367042835	0.0172818894	-0.0894995382	-0.0526296058	0.0248356165	0.0507508363	0.157217587	-0.1691553738	0.1808118583	0.0143517683	-0.0476128541	-0.0002338108	-0.1419077633	0.025760894	0.0381349053	0.0537438542	-0.1348548805	-0.0464282356	-0.0091711519	0.1548265128	0.0045755439	0.0111154671	-0.0737311265	-0.0437904581	0.1132229233	0.0501814036	0.0910501449	-0.1805017793	-0.5751655912	0.0537511736	-0.0510686678	0.0969721001	-0.0552039944	0.1151060396	-0.0071571765	0.218793851	-0.0434147635	0.0067610014	-0.083736475	0.2041752086	-0.2387594048	0.1235301032	-0.0782275973	0.2797893363	-0.4450351826	0.1825027772	-0.2252543639	0.0213263975	-0.0714165926	0.0130067026	0.1007240913	-0.0342775985	0.1195153378	0.1194927693	0.1194551582	0.0225052	n/a	n/a	0.00050648402704	-0.0373895	n/a	0.0013979747102499	n/a	-0.0999847	n/a	n/a	0.0099969402340899	0.000756761	n/a	5.72687211121e-07	n/a	-8.315820000000001e-23	n/a	n/a	6.915286227239999e-45	0.0007669989999999	n/a	5.882874660008466e-07	n/a	0.0	0.0	0.0	0.0	0.0	0.0	0.0	0.0	0.0	0.0
290.70670811186886	0.3808282686403572	0.1450301701956121	84510.39014123932	375.5571935848125	-4.932595879128826	141043.20565330036	24.330502106798672	185.92039156626507	0.5550430757453739	0.3080728159328849	34566.392000153326	184.76684096096807	324.1692747591049	1.476533	30.441189	0.16508028	0.0899576	0.0218873561	0.0289246461	-0.0176126079	-0.0583520386	-0.2888258752	0.1468572054	-0.0344156566	0.1156795829	0.0763710202	-0.0742614678	-0.003252027	-0.0317614709	0.0207541268	-0.1237689385	0.0474600773	-0.018870867	0.2497300876	-0.0256122112	0.0637420143	0.0148307828	-0.1221435764	-0.3046414026	-0.0470890944	-0.1327435822	0.0183427318	-0.0074113305	-0.098201475	-0.0032807642	0.0489855566	-0.0095374423	0.0107474035	-0.0194780444	0.0051709722	0.0742767486	0.051469531	-0.0656871612	0.0816877986	0.1373723756	-0.0714664378	0.0517224734	-0.0614398099	0.0836375557	0.1133086481	0.123341043	-0.0264942498	-0.0668943948	0.0375236706	0.1311469099	0.0664467922	-0.0973477227	-0.0529113172	0.1057627443	0.0673395147	-0.033959346	-0.0758795647	0.0322542954	-0.0107853818	0.013616939	0.0964646361	0.0816801195	0.001084311	0.0651032858	0.1166025378	0.1010200362	-0.108635068	-0.0321598045	0.0172131257	-0.2389598129	0.003108761	0.1010185812	0.0410664723	-0.0543583316	0.2924706348	0.0070030438	0.1994955923	-0.012681896	-0.0084199001	0.0928730106	0.0185573273	-0.0315534002	0.027062648	0.0147288308	0.0351976858	0.0575583367	-0.0868884081	-0.0735769409	0.0437285044	-0.0297053384	-0.1519082081	-0.0699772376	0.0824958402	-0.0761137255	-0.0154543012	0.1286519535	-0.1147254727	0.0345993341	0.0400835109	0.0785310917	0.1326514457	-0.0393586818	0.0372243863	0.104171819	-0.0442870095	-0.090436086	0.0610123749	-0.0288657089	0.0942962733	-0.0227794345	-0.0162345512	-0.0536807379	0.0027112091	-0.0616275094	0.0403605228	-0.1280254005	-0.0214527928	0.142541246	-0.2587032828	0.0086652915	0.013849324	0.1200241149	0.0500635977	-0.1055606577	-0.0178634269	-0.1999658928	-0.037169655	-0.089954503	0.0172280093	0.0512208195	-0.2400069275	0.0096701397	0.1424379695	0.1011983114	0.3668013533	-0.0783972668	0.2437659977	0.0077781594	-0.1866539828	-0.0450408224	-0.0547660215	-0.1843356141	0.1194551582	0.1192521267	0.1189139965	0.0202994	-0.0022058	4.865553640000003e-06	0.0004120656403599	0.0152293	0.0526188	0.00023193157849	0.00276873811344	-0.0567689	0.0432158	0.0018676053696399	0.00322270800721	-7.02829e-05	-0.0008270439	4.93968603241e-09	6.840016125272101e-07	-6.99947e-05	-6.99947e-05	4.899258028090001e-09	4.899258028090001e-09	0.00032324	-0.0004437589999999	1.044840976e-07	1.969220500809113e-07	0.0	0.0	0.0	0.0	0.0	0.0	0.0	0.0	0.0	0.0
290.0812103716418	-0.625497740227047	0.3912474230291423	84147.10861067672	373.8359710985017	-1.7212224863108077	139753.3332871598	2.9626068473819585	185.64121467866093	-0.2791768876041374	0.0779397345723331	34462.66058736867	184.54239812191065	326.2765778631676	1.231595	25.39139	0.0841502049999999	0.0411255	0.0705485929	-0.0249798843	0.083752482	-0.0352131618	-0.0845922966	0.1182057459	0.0317742648	0.0462790983	0.1733169479	-0.1056297496	0.0566279669	-0.178539079	-0.0518287805	-0.1786791407	0.010160086	0.0435873319	0.0341559584	-0.0852270288	-0.0164070687	0.1011509691	-0.0384011309	-0.0076350923	-0.0415560892	0.0882636549	-0.0555869065	-0.0908781805	-0.1303216472	0.1154364908	0.1612596426	-0.0861169152	0.0950618189	0.0699358745	0.0048823055	-0.0475155871	-0.1664212935	-0.0808065655	0.1659380316	0.0269693184	0.1005876685	-0.0265889443	-0.1413854818	0.0160589913	0.0464546081	0.0362795938	-0.0392087198	-0.0738367882	-0.0369625012	-0.0173623666	0.0571521542	-0.0693688709	0.0723961397	0.1087203226	0.1563733819	0.1064958868	0.0453610664	-0.0300039253	0.0911931072	0.0342001141	-0.0432280932	-0.0186465343	-0.0914213308	-0.0449316651	0.0258655279	-0.00063349	0.0231083559	-0.0254007415	-0.0560275816	-0.0260941122	-0.1338644924	-0.0227064117	0.1110457765	0.0241542241	0.0330667996	0.0490004923	-0.0653174017	0.0203718279	0.0651910828	0.1741246698	-0.0398987652	-0.1582811509	0.1221574603	-0.1250723235	-0.0522939411	-0.0569661908	0.0073209867	0.1008358958	0.0360968795	-0.2028171854	-0.0800020733	0.0824264768	-0.0112724913	-0.1453411826	0.037012511	0.015453905	-0.0334022192	0.0778563525	0.0709351101	-0.0157384468	-0.0102353703	-0.0656493415	0.0865330432	-0.0178040279	-0.0825311429	-0.1981889437	-0.11411521	0.0612420781	0.0067772589	-0.0686207639	-0.0320535433	0.0156454482	0.019072745	0.1217469879	-0.0314976123	-0.0238748981	-0.0160340673	-0.0419319728	-0.0263422212	-0.0467209342	-0.0616049121	-0.0340483004	-0.0164475608	-0.2144462299	-0.1236950949	-0.1128194543	0.0742795905	0.0158722856	0.1679835713	0.0013597098	-0.0221687528	0.1800885195	0.0043855681	0.1203294558	-0.0029563807	-0.2633898333	0.0858464646	0.1563907944	-0.07440088	0.084116802	-0.041934629	0.0121134144	0.1193348294	0.1187713263	0.1178341246	-0.000145435	-0.0204448349999999	0.0004179912781772	2.1151339225e-08	0.0104367	-0.0047925999999999	0.00010892470689	2.296901475999999e-05	-0.0319117	0.0248571999999999	0.0006178803918399	0.00101835659689	-0.000300613	-0.0002303300999999	9.0368175769e-08	5.305195496601e-08	-0.000315462	-0.0002454673	6.025419536929e-08	9.951627344400003e-08	0.000117926	-0.0002053139999999	1.3906541476e-08	4.215383859599999e-08	0.0	0.0	0.0	0.0	0.0	0.0	0.0	0.0	0.0	0.0
288.7413182399574	-1.339892131684394	1.7953109245497492	83371.54885894837	371.1698758688945	-2.666095229607208	137767.07675253056	7.108063773334313	185.5139113552599	-0.127303323401037	0.016206136148949	34415.41130632722	184.34711049699104	317.7360778587071	1.285144	26.49538	0.026023335	0.0170045	0.0101783773	-0.1005667343	-0.0883339357	0.0502709772	0.0257501463	0.0218985449	-0.1208039104	-0.045326754	-0.0225826519	-0.0117280666	0.0689273771	-0.2217607391	-0.0369289584	-0.1018963422	-0.0857889939	-0.0806762922	0.0757815055	0.0627745442	0.0218756664	0.0772393597	0.1228726584	0.0339310029	0.0838703436	0.12253738	0.0968700394	-0.0321429371	0.1514212109	-0.0423179334	0.0821057305	0.0402099696	0.0126909786	0.0375869187	-0.0997060869	0.0561508334	-0.0689705029	0.0412828521	0.0332752246	-0.0170216934	0.1649115878	-0.1455712578	-0.084856693	-0.0570874236	-0.051817646	0.0279347718	0.057568398	0.0738440564	0.0295397456	-0.0364573521	0.079914191	-0.0399892541	-0.0917774477	-0.1409331563	-0.1182130717	0.0425932282	-0.0333074489	-0.046813281	0.0876907218	0.1238833602	0.0076362581	0.0404820312	0.0377923733	0.1398287607	0.0334489198	-0.0121913477	0.0213832355	0.0821410154	0.091705653	-0.0826887635	0.0696123569	0.001712031	0.0472304968	0.1293036456	-0.0388690434	-0.0594574817	-0.1401710793	-0.0456825711	0.0313799117	-0.1584303223	0.0835144668	-0.0858708339	-0.0230682189	-0.0272314834	-0.0678417391	0.0655601004	-0.0307941772	0.031540039	-0.0683982249	-0.0755125097	0.0155810663	0.1665805974	-0.1284417409	-0.0550804885	0.071901058	-0.0172057192	-0.0729044008	-0.013702568	-0.0865127304	-0.0336566743	-0.0313970261	-0.0342954701	-0.0110027726	0.13634591	0.0790829099	0.184095342	-0.0582562129	0.0310160717	0.0101709225	-0.0845832933	-0.1206797963	0.0652288163	-0.0029694669	-0.0165361924	0.1296062119	-0.0500472127	0.04672941	-0.0180389362	0.0073333681	0.119032813	-0.0586276669	-0.1311415909	-0.0553281429	-0.0563392129	-0.1798231393	-0.1915489699	0.006702104	-0.1270616896	0.0745763442	0.0769280765	-0.0830449447	0.0076494187	-0.0125753657	-0.0141830114	-0.0488043427	-0.2229471743	0.0047438941	0.0311332788	0.0217707585	-0.0597397616	-0.0487616406	0.0125204932	0.1191544118	0.1180513362	0.1162204348	-0.00014412	1.3149999999999967e-06	1.7292249999999916e-12	2.07705744e-08	0.00714868	-0.00328802	5.11036257424e-05	1.08110755204e-05	-0.017006	0.0149057	0.00022217989249	0.000289204036	-0.000317167	-1.6554000000000004e-05	1.0059490588899998e-07	2.7403491600000016e-10	-0.000455474	-0.0001400119999999	1.9603360143999988e-08	2.07456564676e-07	0.000117926	0.0	1.3906541476e-08	0.0	0.0	0.0	0.0	0.0	0.0	0.0	0.0	0.0	0.0	0.0
288.2866071820111	-0.4547110579463265	0.2067621462186674	83109.16788051518	369.5640149706776	-1.6058608982169176	136577.5611612472	2.5787892244220454	185.37659849051968	-0.1373128647402097	0.0188548228231631	34364.48326791535	184.26591803745072	315.5420296961867	1.268189	26.145826	0.058722343	0.0333969	0.0275275991	0.1185207044	-0.0525167163	0.1701236653	-0.0082245235	-0.1373470346	0.0339332183	0.0634296634	0.0318947123	0.161116768	0.068424413	-0.0079631302	0.0456655013	0.0191567296	0.0887640861	-0.0324390866	-0.0734365593	-0.0071245087	0.1310550959	0.0368756594	0.1036902889	-0.022545341	0.0471310078	0.0837449281	0.0139023499	0.1860515355	-0.0210758534	-0.1497139852	-0.0881391719	-0.1167353488	-0.0348839284	0.0602751928	0.0347723406	-0.100156568	0.1025114005	0.0177733964	-0.0355384415	0.0202729608	-0.0579524732	0.0316077194	-0.050198409	-0.1004246381	0.0181079759	0.0732281969	0.0145337184	0.0315243583	0.0443927146	-0.0111642685	0.0548918566	-0.0824573653	-0.1089162164	-0.0662909943	0.0112775104	0.12459517	0.0102579392	-0.2130393948	0.0786534008	-0.016038584	-0.1034371707	-0.1156761806	0.0387949505	0.021569754	0.0393991582	-0.0738694311	-0.060929004	-0.0810996565	0.0267139016	0.0784539755	0.0654763984	0.119296907	0.0497565509	0.0670959304	0.0038277142	-0.0377107243	-0.0921381227	0.023054372	-0.1692676462	-0.0024367328	0.1135041806	0.1329032349	0.0771653013	0.0945950094	-0.0229204925	-0.1240194125	0.0503987346	-0.0891345769	0.0179242708	0.0776337911	-0.0065536703	-0.0429071462	0.0163251392	-0.0089428647	0.1251339728	-0.0402466965	-0.084877914	-0.0109521776	-0.0207959507	0.0408691465	-0.0306491676	-0.0018771176	0.0514475683	0.1074418334	0.0577423809	0.014213086	-0.1006576752	0.2628950478	0.0064351121	0.0005301224	0.035132937	0.0728536809	-0.1365455648	-0.0049724764	-0.0307374937	-0.0166485134	0.0876339203	-0.000912427	-0.0144351005	-0.012102155	0.064600124	-0.1754704031	-0.0664902434	-0.1133004834	-0.1503578226	-0.0159860233	-0.1293730934	0.1073252653	0.0837485285	0.0542243667	0.0310580476	-0.0769060972	-0.1658574145	-0.0965995387	-0.0537768064	-0.0421015188	-0.0271574258	-0.1840896956	-0.0934926793	0.1005328385	0.0560536204	0.0420315976	0.1189139965	0.1170936064	0.1140802373	-0.000121957	2.2163e-05	4.911985689999998e-10	1.4873509849e-08	-0.0136685	-0.02081718	0.00018682789225	0.0004333549831524	-0.0154255	0.0015805	2.497980250000001e-06	0.00023794605025	-0.000587743	-0.0002705759999999	3.45441834049e-07	7.3211371776e-08	-0.0	0.000455474	2.07456564676e-07	0.0	0.000117926	0.0	1.3906541476e-08	0.0	0.0	0.0	0.0	0.0	0.0	0.0	0.0	0.0	0.0	0.0
288.8570029259463	0.5703957439351939	0.3253513046993833	83438.36813936014	370.57806892533904	1.014053954661449	137328.10516843334	1.0283054229645243	185.37587980890848	-0.0007186816112039	5.165032582826619e-07	34364.216814926884	184.1816550593805	316.9463207890668	1.16268	23.970587	0.0224080559999999	0.012854	-0.0098710686	-0.0640876349	0.05808622	0.1138260173	0.1224884695	0.0477898643	0.0015374913	0.0062531482	0.0574480467	0.0468402279	0.0487600243	0.0574412425	0.0074683567	0.0266120133	-0.0543803769	0.0501246625	-0.0048231448	-0.0609606436	0.0635828766	-0.0479387801	-0.1161159546	0.1141402231	-0.0654260098	0.019196929	-0.067248852	0.0449464272	-0.0323322331	-0.0307351056	-0.0366841252	0.0138314315	0.0869857312	-0.009782201	0.0390298797	0.0402933033	0.0475442705	0.0020326812	0.0085911152	-0.1322728854	0.0344823887	0.1712727435	-0.0961918771	0.0753144228	0.04375445	-0.0538683839	-0.0789575043	-0.0136518639	-0.001969827	0.0057876627	-0.0825592929	0.1091341401	0.0131316772	-0.0667515397	0.0211829401	-0.0926344448	-0.1526840257	-0.0798441075	0.0036996045	-0.0477351481	-0.0041433384	-0.1993376675	0.1265889996	-0.0664281833	-0.0439630702	0.2097517689	0.2040767698	0.0626784935	-0.0413522653	0.014998058	-0.0447313999	0.0522982603	0.0104248727	-0.1577636333	-0.1032148272	0.0651421999	0.0001462435	0.0392213343	-0.0204401734	0.037147352	0.0148970502	0.08781233	-0.006194339	-0.0724460192	0.0435820465	-0.0152136518	-0.0427059768	-0.0577237742	-0.0146002793	-0.0096036517	0.1338140338	0.010821378	0.1831357176	-0.1238002958	-0.087812834	-0.0008213424	0.0408438465	0.0411362301	0.0067496807	0.0079411553	-0.0349383017	0.0656146886	-0.1175651216	-0.0956414502	0.033989211	0.0746250699	0.08476312	0.0562804172	0.1457410907	-0.0371343852	0.0937008847	-0.0039063346	-0.184788823	0.0052440705	0.0365671678	0.1234891924	-0.3462208635	-0.0432438086	0.0060543597	0.0001705661	-0.1050050219	-0.1204539318	-0.080949145	-0.0277215427	-0.135840027	0.0339438357	-0.0498688303	0.1007770788	-0.0159125258	0.1417596558	0.1640605956	-0.1297726439	-0.0214346545	-0.0796620772	0.0908503317	-0.0045509405	-0.1000996307	-0.0114776286	-0.1298133277	-0.0419345285	-0.1180617531	-0.0777164264	0.1186137044	0.1159000657	0.1114232278	-0.000118471	3.486e-06	1.2152196e-11	1.4035377841e-08	-0.0101546	0.0035139	0.0001031159011599	1.2347493210000002e-05	-0.0251487	-0.0097232	9.454061824e-05	0.00063245711169	-0.000488474	9.926899999999992e-05	2.3860684867600005e-07	9.854334360999983e-09	8.408039999999998e-05	8.408039999999998e-05	7.069513664159997e-09	7.069513664159997e-09	0.000117926	0.0	1.3906541476e-08	0.0	0.0	0.0	0.0	0.0	0.0	0.0	0.0	0.0	0.0	0.0
289.38520676413674	0.5282038381904499	0.278999294679123	83743.79789392218	371.01504214643273	0.4369732210936945	137652.16149891925	0.1909455959529988	185.64046121252588	0.2645814036173988	0.0700033191401528	34462.38083919932	184.4968772381968	322.6899914600718	1.171703	24.156618	0.041863859	0.0201912	-0.0306588837	0.0928067885	-0.0563597616	-0.0519605429	-0.0362841378	-0.0992596791	0.0232923817	-0.0263883525	0.0352794954	-0.0201780748	0.1946085472	0.1577366145	0.0527747818	0.1165346813	0.0651967426	-0.0667269249	-0.0005613763	-0.0495715071	0.0976732054	0.0501596013	-0.0358008154	0.0347572876	-0.1501687742	0.0319992296	0.0013640376	-0.1191123776	0.1266039698	-0.0595391156	0.0810252122	0.1543734413	-0.0953860995	-0.0780762142	-0.0979456645	-0.0464387674	-0.076754675	0.0626384536	-0.0827170252	0.0073471189	-0.0709633708	0.0363116772	0.0104653601	-0.0154411207	0.0215855541	0.1025166592	0.0773429611	0.0109412176	0.0418410012	-0.0063506263	-0.0612136613	-0.0753788088	0.2366210117	-0.0063377861	0.001651817	0.1131544418	-0.1047782498	-0.0046864748	0.0865048778	0.1032648179	0.0097781197	-0.1411402663	0.0080167003	-0.0164267446	0.0413828331	-0.0798875227	-0.159487406	-0.0645005113	0.0553114082	0.0120561626	-0.0116349997	0.1031683091	0.095515816	-0.007904186	-0.0161985411	0.1459955173	-0.0077877125	-0.0007706082	0.1255858821	-0.1207100422	0.0720542113	-0.0887729482	-0.159188969	0.0476826566	0.0020040619	0.0914083902	0.1305322403	0.0852673511	-0.028643809	0.0362006571	0.0363191096	-0.0324669932	0.034017675	0.0015671791	0.0080571499	0.006311952	-0.0851498359	-0.0703365862	0.0288963277	0.0497604187	0.0093713586	0.0202592981	0.1662946933	-0.1606191377	-0.1273098535	0.0801204081	-0.0495001134	0.0212626123	0.090038157	-0.0955290495	-0.1185901164	-0.0121787384	-0.1688296866	0.0018974413	-0.1368586507	-0.0428600311	0.1386456938	0.0861729117	-0.0272681369	0.0029415476	0.0916548387	-0.0596290509	0.0027104531	0.0570603197	-0.1406928914	0.0622759769	-0.0022281143	0.2312695988	0.0517126321	-0.0623768094	0.0053983552	-0.0555659058	-0.042472	-0.1837316912	-0.0384608623	-0.0604698738	-0.1016635684	-0.1359959978	-0.1405864861	-0.0398148636	-0.044455589	-0.011844532	0.1182536866	0.1144731177	0.1082614433	-0.0123582	-0.012239729	0.0001498109659934	0.00015272510724	-0.0144849	-0.0043303	0.00020981232801	1.8751498090000005e-05	-0.0318843	-0.0067355999999999	4.536830735999997e-05	0.0010166085864899	-0.000288819	0.000199655	8.3416414761e-08	3.986211902500001e-08	0.00025559	0.0001715096	2.9415542892160004e-08	6.53262481e-08	0.000117926	0.0	1.3906541476e-08	0.0	0.0	0.0	0.0	0.0	0.0	0.0	0.0	0.0	0.0	0.0
288.8399697463745	-0.545237017762247	0.2972834055382688	83428.52812308654	370.5976777643833	-0.4173643820494135	137342.6387643537	0.1741930274034888	185.6221095827401	-0.0183516297857693	0.0003367823157939	34455.567565946774	184.4936228476429	323.50399488820807	1.232761	25.415419	0.04909117	0.0242163	-0.070232615	-0.0329835663	0.1353959747	-0.0532846022	0.1078670857	0.0403448976	0.0589966793	0.0553752653	0.1100885083	-0.0812822253	0.1024144449	0.1404243828	-0.0515781656	-0.1608596424	-0.0615332087	0.0997841852	0.0529521342	-0.092581346	-0.1072194776	0.1041629083	-0.0816221172	-0.1013255322	-0.0408037136	0.1412623221	0.0117853058	-0.0151857762	0.0136945325	-0.0493762889	-0.1024772498	0.0171831831	-0.1679172252	0.1297429291	-0.0371131529	-0.0871598157	0.1374278844	0.0916158541	0.0796507145	-0.1062573338	0.1060110197	0.0466451283	0.0227691811	-0.2222167971	0.0776571775	-0.0160600166	0.0344314542	-0.03151786	0.1162810911	-0.0712160839	-0.1071597209	-0.0122817418	0.0097564853	0.0301533612	-0.0111577848	-0.168235637	0.0728864928	-0.0752685138	-0.0241000973	-0.0056510362	0.0161632216	-0.0468024147	-0.063818647	-0.053684141	-0.0772128601	0.0188418137	0.0377969368	0.0512330381	-0.1034441698	-0.0579979395	-0.1686399227	-0.0828451757	0.0673430116	0.0247686665	0.1345008353	0.0398966158	-0.0980714172	0.006463279	0.0241318674	0.0074848146	0.0315753316	0.0983800108	-0.0915948784	0.165042242	-0.1463112215	-0.0857085803	0.0553616929	-0.1708479833	-0.084457975	-0.0733688514	0.080801042	0.0972454282	0.0358972677	0.0649578538	0.2042276939	-0.0505812894	0.0397579297	-0.0312635127	0.0542463598	0.1102077929	-0.1139856386	0.0571898739	0.0115542941	-0.0326948449	0.0027447526	-0.0022832773	0.1954810994	0.0230455156	-0.067132356	0.0165159547	-0.0015503688	-0.0299344336	0.0251142492	0.0602985048	-0.0228504921	0.0614884969	-0.0123796798	-0.0133865157	-0.0180914563	-0.0808585432	-0.0847917926	0.105810644	-0.0238257256	-0.0405812548	0.0060976057	-0.0900138521	0.0807169416	0.1410952297	0.1430457401	0.0252569887	0.1259219982	0.0655467394	-0.0216726853	-0.060216661	-0.079410981	-0.0866061431	-0.0797773244	0.0040739988	0.0315469798	-0.1171572103	-0.0279512079	-0.0681959285	0.1178341246	0.112815636	0.1046092073	-0.0083240499999999	0.00403415	1.6274366222500798e-05	6.928980840249835e-05	0.00300932	0.01749422	9.0560068624e-06	0.0003060477334084	-0.032107	-0.0002226999999999	4.9595289999999684e-08	0.0010308594489999	-0.000118589	0.00017023	1.4063350921e-08	2.89782529e-08	0.000129018	-0.0001265719999999	1.6020471183999996e-08	1.6645644324e-08	0.000367926	0.00025	1.35369541476e-07	6.25e-08	0.0	0.0	0.0	0.0	0.0	0.0	0.0	0.0	0.0	0.0
288.3317224224812	-0.5082473238932721	0.2583153422446726	83135.18215511476	369.11668517635866	-1.4809925880246624	136247.12727558307	2.193339045783987	185.57317604708385	-0.0489335356562605	0.0023944909118225	34437.40366820197	184.44066498562057	315.6592543533468	1.203299	24.808002	0.03642318	0.0187797	-0.1532033522	0.0022909571	-0.0997406809	-0.0629012095	0.0668456643	-0.1424402178	-0.0995826303	-0.0388195478	-0.0774633213	-0.1048148193	-0.0181422807	0.0218104418	-0.1179801066	-0.0616590811	-3.39847e-05	-0.1232882591	0.0069907659	-0.0611613932	-0.1159111748	0.107926685	0.0327838394	0.0030615426	-0.0529244133	-0.0088359887	-0.045446233	-0.0110168682	0.0397517827	0.0071407921	-0.1420957248	-0.0029877322	-0.0922772517	-0.0743207067	-0.0106636924	0.0314755823	-0.0609891886	0.0117921758	0.0063611816	0.1184852442	0.009929139	-0.0038531493	-0.11912944	-0.0949231191	-0.1446697199	-0.0243281848	0.0160257034	-0.142707301	-0.0148477217	-0.1573089043	0.0427382543	-0.0054193594	0.0362359968	-0.0293721434	-0.1077478731	-0.1762689325	-0.0489910254	0.126495107	0.0339872129	0.0213190754	0.0061039641	0.0929836339	-0.0694781771	-0.1306988737	0.0872848917	0.0177912137	0.040019507	-0.0182377331	0.1189075975	-0.0096033893	-0.1179934456	-0.0722088012	0.0366834093	0.1142865563	-0.0085435638	0.0357078695	0.0192254818	0.0333035595	0.0219735635	-0.0232928617	-0.0483674597	0.1188006799	-0.0129725897	0.0907118881	0.0304038877	0.0943001363	-0.0041779294	0.0863995248	0.0001795022	0.0155051888	-0.1150205691	0.023892707	-0.0499365966	-0.0454126063	0.034517305	-0.1932345171	-0.0061766697	0.0565733251	0.1425054788	-0.0101829322	-0.1001030029	-0.1019112381	0.0003428885	0.0162773278	0.0008116085	0.1167376894	0.122130083	-0.1429264431	-0.0357521385	-0.0996905952	0.0114993567	0.0477835396	0.1564320947	0.0179965233	-0.1124543569	-0.0854906964	-0.063713791	0.0024595636	0.004067137	0.0968329033	0.075137051	0.081431509	0.025118444	0.0263051416	0.0483657351	-0.1572381843	0.0871041285	0.0639299659	-0.0457555446	0.1086320211	0.1048845031	-0.0613065673	0.1264844585	-0.0795277741	-0.047404805	-0.0588237574	-0.0727029808	-0.1408584902	-0.017798459	-0.0458771631	-0.017117545	0.0198577588	0.1173552296	0.1109309587	0.1004830656	-0.0157286	-0.00740455	5.482736070250145e-05	0.0002473888579599	0.0176998	0.01469048	0.00031328292004	0.0002158102026304	-0.0264157	0.0056912999999999	3.239089568999996e-05	0.00069778920649	-0.000176156	-5.756700000000001e-05	3.1030936336000005e-08	3.313959489000001e-09	0.000165922	3.6903999999999984e-05	1.3619052159999991e-09	2.7530110084e-08	0.00028966	-7.826599999999996e-05	8.390291560000001e-08	6.125566755999993e-09	0.0	0.0	0.0	0.0	0.0	0.0	0.0	0.0	0.0	0.0
288.68210781915485	0.3503853966736301	0.1227699262021371	83337.35937491014	368.92548860739737	-0.1911965689612884	136106.0161442069	0.0365561279825687	185.3688683328284	-0.2043077142554352	0.0417416421042805	34361.61734699347	184.22886474392425	319.2926441374726	1.133297	23.364805	0.02742706	0.0140897	-0.0942846094	0.0556222206	0.1200699323	-0.059184307	0.1266487978	-0.0510159173	0.1139344205	0.0321732	-0.0452042421	-0.1159887107	-0.1172224533	-0.0347369647	-0.0611183468	0.0385355715	0.0784607794	0.1007787332	0.068493526	0.0771893899	-0.1360460892	0.0204352267	-0.164049749	0.1431707243	0.1321687429	0.0103156824	0.041969986	0.1578808782	-0.1084095074	0.0038739089	-0.0235210279	-0.0024602323	0.1107485827	-0.1023265566	-0.077915634	0.0152070923	0.0184547792	-0.0057130335	-0.0754997131	-0.1300639803	-0.1408346958	0.0088614185	-0.1164953265	0.1802814907	-0.0943449224	0.0025323372	-0.0102140738	-0.0935871437	-0.0124686534	0.0765798036	0.0101009217	-0.0317538964	-0.0750980685	0.0244405741	-0.0134342091	0.0139292668	-0.0383022419	0.1019565343	0.0138444216	-0.0004060369	0.0559413313	-0.011333817	-0.0909599198	0.1082840295	-0.0184284333	0.0025819866	-0.1463667742	-0.0689280592	-0.1004872639	-0.0822008012	0.0230579998	-0.1702269596	0.0126153777	-0.107769306	-0.0773341647	-0.1071777232	-0.0325346361	-0.0926065704	-0.1732076424	0.0686907737	0.0244819981	0.0664523514	0.019625238	-0.1367204236	0.0585335119	0.1256806558	0.056068421	-0.0188221962	0.0149992973	0.025245622	0.1432778661	-0.1482512603	-0.0254989042	-0.1421227628	-0.1848070736	-0.0413480981	-0.026601402	0.0319229089	0.0458134816	0.0567077389	0.0828680107	-0.0088812401	-0.0390211497	0.087217816	-0.0143828233	-0.0117172035	0.001963588	-0.0728730891	0.0265816055	-0.0294716942	0.0226826576	-0.0608540053	-0.0066458774	0.0707981855	0.0202243488	-0.02042878	0.1250985006	0.1449832356	0.0061406671	-0.0928723735	-0.0058853629	-0.0041187835	-0.0154708145	-0.0212903499	0.1452011908	-0.1546141794	0.0784124392	0.0440365425	-0.0686971499	-0.0035606503	-0.0024634668	-0.1157521492	0.0837232916	-0.0998038229	-0.0498016781	0.0535015175	-0.0055122905	-0.0484078552	0.0202832229	-0.0274553767	0.0734837504	-0.044670814	0.1168172427	0.1088228812	0.0959017104	-0.0163695	-0.0006408999999999	4.107528099999998e-07	0.0002679605302499	0.0091101	-0.0085897	8.299392200999999e-05	7.378294609000004e-05	-0.0171241	0.0092916	8.633383056000001e-05	0.00029323480081	-0.000221284	-4.512799999999999e-05	4.8966608656000004e-08	2.0365363839999994e-09	7.02418e-05	-9.56802e-05	9.15470067204e-09	4.933910467239999e-09	0.000252371	-3.728900000000003e-05	6.369112164099999e-08	1.390469521000002e-09	0.0	0.0	0.0	0.0	0.0	0.0	0.0	0.0	0.0	0.0
288.6020338042841	-0.0800740148707745	0.006411847857525	83291.13391596913	369.6952782944568	0.769789687059415	136674.59879321585	0.592576162303032	185.3160701834437	-0.0527981493846994	0.002787644578449	34342.04586823504	184.14169487071828	318.02643191157364	1.124684	23.187231	0.02162247	0.0105013	-0.0809619066	-0.080324941	-0.0526650817	-0.0999463245	0.1147265697	-0.0312668254	-0.1120892053	-0.0876988371	-0.1237029012	-0.007575937	-0.003265235	0.0442575481	-0.0443015533	-0.0134406388	-0.0942639798	-0.0866605231	-0.0075750653	0.1363522361	-0.01721386	-0.0248209541	-0.0312595693	0.0192111203	0.1156235024	0.1540432306	-0.1944174954	0.1454638186	0.1602628194	0.158164295	-0.0465501714	-0.0295838902	-0.0348505837	-0.0267012139	0.0182286903	0.0105694063	0.0274596831	-0.0509937963	0.0370320047	0.1043290441	0.0040444547	0.1522823878	0.0607588104	-0.1333058227	-0.0887953858	-0.1109803106	-0.1022613796	0.0432878538	0.070371742	0.1169268299	0.1337383535	0.0331295638	0.0131428903	-0.0101317387	0.0739277935	-0.0144926295	0.0066613916	-0.0027724748	0.0513290782	0.0049612857	0.1763817643	-0.0459943209	0.0697093195	0.0504212475	-0.1129264498	0.0020411373	0.0583132372	0.0890075052	0.097574278	-0.0198622934	0.1123749612	-0.125830869	0.0137591115	-0.0406802229	-0.0243554418	-0.0720953632	-0.1451368193	0.252022512	-0.1086561601	-0.1215514399	-0.1559058434	0.0347278409	0.0360751328	0.0097593057	-0.0327418512	0.0403719462	-0.0164963025	-0.0200440122	0.0603525895	0.0029299137	-0.0867911355	0.0180771084	0.1408765906	0.0875140492	0.0360567856	-0.1341633765	0.1246899777	0.0704989202	-0.096160667	0.0669997565	0.1064997613	-0.108979793	-0.0187287093	-0.0131543821	0.0198873674	-0.0554783278	0.0139238038	0.015228884	0.0229320218	-0.0775413107	-0.0550984119	-0.0976554878	-0.1012469652	-0.055673452	0.093988324	0.1290610951	-0.0162643148	-0.0478046853	0.0452193128	0.1136142041	-0.0428984348	-0.0487941383	0.0367084303	0.0722994747	0.0751353034	-0.118706706	0.0007616433	-0.0583583214	0.0948547739	-0.0281610036	-0.0363875867	-0.0409871306	0.0922494985	-0.1288508579	-0.0468309246	0.0932367967	-0.0530986208	-0.0248829582	0.0893953535	0.023576865	0.0406511592	0.0380765507	0.1162204348	0.1064956489	0.0908858965	-0.0142233	0.0021461999999999	4.606174439999996e-06	0.00020230226289	0.00668386	-0.0024262399999999	4.46739844996e-05	5.886640537599998e-06	-0.0194305	-0.0023064	5.319480960000001e-06	0.00037754433025	-9.82151e-05	0.0001230689	9.64620586801e-09	1.5145954147210002e-08	3.28831e-05	-3.73587e-05	1.3956724656899999e-09	1.0812982656099998e-09	0.000117926	-0.000134445	1.3906541476e-08	1.8075458025e-08	0.0	0.0	0.0	0.0	0.0	0.0	0.0	0.0	0.0	0.0
288.59288742419534	-0.0091463800887368	8.365626872764109e-05	83285.85467183428	369.0424945169282	-0.6527837775286116	136192.36275927696	0.4261266602045239	185.33854068985903	0.022470506415317	0.0005049236585608	34350.37466504653	184.20426134588595	320.50051312606166	1.167874	24.077669	0.053529796	0.0275563	-0.0161825978	0.1324752877	0.0328069493	-0.0424045717	0.0397210539	-0.1081960413	0.0970929655	0.0049018393	-0.107323292	0.135718981	0.030849923	0.0489881645	-0.140344467	-0.0003299398	0.1277886817	0.0112581373	-0.0494931378	0.0079872793	0.008050449	-0.1479196275	0.1562538982	0.0201846768	0.0616530901	0.0634760949	-0.1559155107	-0.0917395992	0.0942320575	0.1745992175	0.0740168078	0.0314317937	0.060136053	0.0931747756	0.006477439	-0.0702583689	-0.0882077546	0.0202369964	-0.1198840181	-0.0387484571	-0.0549360332	0.0194506403	-0.134482975	-0.0194668136	-0.0709988749	0.0678372772	0.0528142302	-0.013143642	0.0230651071	-0.0098613562	-0.0516441219	-0.1061962906	0.1332975824	-0.0799139123	-0.0280004888	0.0444807291	-0.1085607085	-0.1546706137	-0.0479603077	0.0106297024	0.0489923001	0.1175743471	-0.0385723266	-0.0516236263	-0.0233354602	-0.0670771694	-0.1307372518	-0.1157753027	-0.0124329679	0.049205062	0.0621487362	0.0593598459	-0.1550688551	0.0420498971	-0.0444047991	-0.0627676838	-0.0827923733	0.1738561579	0.1072759133	-0.0418621217	-0.1398577537	-0.1283253998	-0.0147281804	-0.100395635	-0.094094662	-0.0723314353	0.0334773324	0.0896828196	0.0306514473	0.0644902424	0.0684124346	-0.0301543441	0.0034830531	-0.1262987676	0.008255225	-0.1027421139	-0.0965922325	-0.0271108323	0.012596067	0.0450822154	0.0035204938	0.0366082673	0.1392556618	-0.0494412532	-0.0573340342	0.1314754499	-0.0292758291	0.1140384194	0.1207063968	0.0208989811	-0.0670646456	-0.0217247605	0.1586043727	-0.0727851291	-0.0815732268	0.010500537	0.1041687709	0.0479020355	0.0143771458	-0.082670143	0.0535030206	-0.0493448987	0.0920026109	0.0316042522	0.0544974063	-0.0752585822	-0.1559872871	-0.0020317228	0.0291133423	0.0704330792	0.1174070379	0.0318995236	0.0652768532	-0.0020341893	0.0175044253	0.0809644191	-0.0280450417	-0.0174543727	0.1891142032	0.0278112021	0.097080733	-0.0434649544	0.1155651064	0.1039539485	0.0854583468	-0.000121064	0.0141022359999999	0.0001988730601996	1.4656492096e-08	0.014336	0.00765214	0.000205520896	5.85552465796e-05	-0.0147649	0.0046656	2.1767823360000005e-05	0.0002180022720099	-0.000268483	-0.0001702679	7.208312128900003e-08	2.8991157770410008e-08	7.94106e-05	4.6527500000000005e-05	2.16480825625e-09	6.30604339236e-09	0.000443327	0.000325401	1.9653882892900003e-07	1.05885810801e-07	0.0	0.0	0.0	0.0	0.0	0.0	0.0	0.0	0.0	0.0
288.50339202836074	-0.0894953958346036	0.0080094258755923	83234.20721187	369.648880802312	0.6063862853838486	136640.2950784019	0.3677043271016223	185.35396439334	0.0154237034809625	0.0002378906290686	34356.09211632755	184.1886945480419	317.21418255896083	1.14179	23.539892	0.068591266	0.0336165	-0.030877859	-0.0974568248	0.0734610668	0.0502138013	0.1468026294	0.0297021024	-0.0252405765	0.0074353811	0.0055750676	0.1327520758	-0.062732417	0.0271644054	-0.0883532292	0.0876115416	-0.1428178495	0.0921484798	-0.1016422395	0.015759352	0.0820789093	-0.03011435	-0.0049280803	0.0079283663	-0.0726814724	-0.1063773426	0.0559911066	0.0200875741	0.1406145809	0.0721828817	-0.1089180302	0.0191816581	-0.0107364234	-0.0776480659	-0.0140636635	-0.1503576376	0.0032111189	0.1084934137	3.52537e-05	-0.0156704377	-0.1306380743	0.1150391075	0.0425739075	-0.0632570862	-0.0112134745	0.1101362856	0.1074757985	0.0018305003	-0.0197887262	0.0066298333	-0.0419121571	-0.0601812181	-0.0046644991	0.0437370434	0.0861128413	0.0872825493	-0.0021765452	0.0148236925	0.0690986609	-0.0233811376	-0.1490083564	0.0223416996	-0.0383895673	0.0788242933	-0.0200592612	0.0735959302	0.0292050407	0.1450891455	-0.0832795681	0.1024222293	0.021628285	0.0412647216	0.0098743978	-0.0420129157	-0.0309365571	0.0622029719	0.1017019688	-0.0135955766	0.0090021639	-0.1767326726	-0.1207684099	0.0745965412	-0.0225544786	0.005717067	0.0629399993	-0.0491920058	0.1539408496	-0.0320964488	-0.0728719778	0.0243722862	0.0042135368	-0.1147637395	0.0750767263	0.0540853158	0.0781657544	-0.0742742052	-0.1074771583	-0.137881046	0.0359786458	-0.0034470056	-0.0009110399	0.051271388	0.0760592971	0.0278190384	-0.0394516381	-0.0940119225	-0.095360812	0.0113310096	0.0291942731	-0.0184512174	0.0662600231	0.1158229524	-0.0057203218	0.071623592	0.0921218439	0.0049661411	0.009054655	0.0313913566	0.0588126787	-0.0055531048	-0.1452507088	-0.0085301377	0.03279669	0.0090713058	0.0550041888	0.0353527825	-0.105540969	0.0700406235	-0.0819231787	0.0513530191	0.123372418	-0.0635996656	0.0773487848	-0.0233918549	0.0254190617	0.0998000187	-0.0040323473	0.0471409882	0.0158183341	0.0216546176	0.1795276922	0.0335505931	0.1148515874	0.1012028987	0.0796436494	-0.0139293	-0.013808236	0.0001906673814316	0.00019402539849	-0.00370711	-0.01804311	1.37426645521e-05	0.0003255538184721	-0.00847875	0.0062861499999999	3.951568182249999e-05	7.18892015625e-05	-0.000475421	-0.000206938	2.26025127241e-07	4.2823335844e-08	0.000100095	2.0684399999999995e-05	4.2784440335999974e-10	1.0019009025e-08	6.1874e-05	-0.0003814529999999	3.828391875999999e-09	1.4550639120899997e-07	0.0	0.0	0.0	0.0	0.0	0.0	0.0	0.0	0.0	0.0
288.9218043312541	0.4184123028933868	0.1750688552125472	83475.80901802749	369.88562265877584	0.2367418564638228	136815.37384967032	0.0560467066019373	185.4273781741958	0.0734137808558159	0.0053895832195457	34383.31257655623	184.2872012151926	317.6801666791045	1.13891	23.480526	0.03623582	0.0231022	0.0135814701	0.0295194295	-0.1165237668	0.0060236945	-0.0138718704	-0.1182572999	-0.0175988443	-0.0679231445	0.0809420965	-0.0132753228	-0.0832915968	0.0669650169	-0.0047160965	0.1432707534	0.0363638646	-0.0834761144	-0.0808708312	-0.0803653614	-0.0262219858	0.0172741651	-0.1192232955	0.1084002519	-0.0073192817	-0.0721304147	0.1329245475	-0.0600595323	-0.0019750013	0.0248346356	0.0810162721	0.0413226657	0.1426150808	0.1354273715	0.0731951056	-0.0521072047	0.0589376401	-0.0946735439	-0.0682327391	-0.0176057089	0.0979796322	0.070636725	0.0134189863	0.0530700769	-0.0399052798	-0.0285885668	-0.115495192	0.0249437056	0.0579720328	0.0928303794	-0.0770725663	0.1336119558	0.0035357241	0.1341933542	-0.0450474133	0.0789122692	0.0077093052	0.1434875203	0.0823747339	0.1089237451	0.0651740525	-0.1246964593	-0.0536471573	-0.0573036186	0.0581555042	-0.0438330733	0.1162721546	-0.0495953686	0.0783399659	0.0854946968	-0.0910082803	-0.0256857488	0.0327125437	-0.0965797699	-0.065306825	0.0039653893	0.0416938439	-0.1721722289	0.0382623727	-0.027233021	0.012698479	-0.0781646082	-0.0250689174	-0.1437834824	-0.0639586199	-0.1286160406	-0.038891356	-0.0546748174	0.1168016366	0.0479344772	0.0393880655	0.0714447867	0.0819183249	0.0224168852	-0.077210318	0.01628927	0.0054053507	0.1059609508	-0.0775837536	0.0639409645	0.0364642568	0.0471008371	-0.1750007899	-0.0097474765	-0.1074944314	-0.0612860455	-0.0670729835	-0.1647405901	-0.0500156626	-0.0974019152	-0.1076413329	-0.0370887242	-0.1006061564	0.1158143645	-0.0663661072	-0.0610758044	-0.0304985228	-0.0806356267	0.0297465746	0.0784656766	0.0766653486	-0.0291567159	0.0811066028	0.0089570623	0.0640345717	0.1226727853	0.0308225005	0.0806839441	-0.0843842135	0.0138100571	0.043626699	-0.0712871055	0.1158690508	0.0526734995	0.1528259969	0.0902755308	-0.0450780409	0.1031111901	0.0696108376	0.0488369145	0.0280862158	0.0164415616	0.1140802373	0.0982480398	0.0734681463	-0.0130854	0.0008438999999999	7.121672099999998e-07	0.00017122769316	-0.00708148	-0.00337437	5.01473589904e-05	1.13863728969e-05	-0.0249547	-0.01647595	0.0002714569284025	0.00062273705209	-0.000229969	0.000245452	5.2885740961000004e-08	6.024668430400002e-08	0.000109423	9.328000000000005e-06	8.701158400000004e-11	1.1973392929e-08	0.000117926	5.6052e-05	1.3906541476e-08	3.1418267039999996e-09	0.0	0.0	0.0	0.0	0.0	0.0	0.0	0.0	0.0	0.0
289.3361668914577	0.4143625602035854	0.1716963312984699	83715.41747144147	370.94172068186174	1.0560980230858945	137597.76014242033	1.1153430343659343	185.50519470214843	0.0778165279526206	0.0060554120226009	34412.177261482	184.38551866431936	322.8737467959171	1.191817	24.571289	0.02708849	0.0170302	0.0892831394	0.0368385567	0.1092691305	-0.0786038364	0.0373016023	0.0583495114	0.1552841947	-0.1168349171	-0.0003026177	-0.1418223439	-0.0539468148	0.109437468	0.151421661	0.0994745	0.0473348344	0.1106971888	0.0318678207	0.017771612	-0.0194282137	0.1381616825	0.0664626083	0.0600764893	-0.0618989149	0.0126452414	0.068669064	-0.1436585505	-0.1786329554	-0.039055214	0.1760441342	0.0795740093	-0.0309933888	0.0026483367	-0.0289727204	0.0846851736	0.0290994419	-0.0071795126	-0.1580783471	-0.0821224069	-0.0022796421	-0.1049345253	0.2122184384	0.0190825511	-0.0979832828	-0.0221805755	0.0142798183	-0.0350247719	-0.0800196423	-0.136424255	-0.139136616	-0.1210300026	-0.1976543928	-0.1244944757	0.1320398957	-0.0103205799	0.1455714187	-0.0581776337	-0.0184645375	-0.0081738004	0.0612404945	0.0233795594	-0.0885605304	-0.0515988583	-0.0488037052	-0.0106730278	0.0624527785	-0.0442484991	-0.1156050085	-0.0368383529	0.0052759005	-0.0302635606	0.0951065068	0.129258859	-0.0384610025	0.0609363188	-0.0237350271	-0.1280957898	0.1028128398	0.1638303094	0.0755536265	-0.1895319007	-0.0695509896	0.010603298	0.016657057	0.0498037063	-0.0234375069	0.036788589	0.0070013691	0.1240229987	0.1294504445	-0.0089590613	-0.1109218746	0.1643153668	-0.1099674011	-0.016077689	0.0754465602	-0.0280837963	0.0688453258	-0.0959525005	-0.0823287501	0.1831899983	0.0838064554	0.1202187566	0.2394997879	-0.088452349	0.0325243114	0.0995405747	-0.0615122002	0.0291582693	-0.0407532781	-0.0935867295	0.0827671833	0.1111619541	0.0073016279	0.0548977182	-0.0312491423	-0.0633786888	0.0413514902	-0.139353579	-0.019391501	-0.0182330289	0.0771620379	0.0855118948	0.0673548927	0.0548057246	0.1754351272	0.0661178962	-0.0265896368	-0.0522295526	-0.144554859	-0.0983918697	-0.1176334116	-0.0825885361	0.1046678001	-0.0201267279	-0.1064858296	-0.0588914433	0.0696597599	0.0797432736	0.0135971379	0.0108425599	0.1132514443	0.0950953223	0.0669598143	-0.00565121	0.00743419	5.52671809561e-05	3.19361744641e-05	-0.00728891	-0.0002074299999999	5.31282089881e-05	4.30272048999999e-08	-0.0199026	0.0050521	2.552371441e-05	0.00039611348676	-0.000494489	-0.0002645199999999	2.44519371121e-07	6.997083039999998e-08	8.60476e-05	-2.33754e-05	5.4640932516e-10	7.40418946576e-09	0.000117926	0.0	1.3906541476e-08	0.0	0.0	0.0	0.0	0.0	0.0	0.0	0.0	0.0	0.0	0.0
288.773370099204	-0.5627967922537209	0.3167402293710779	83390.05927845184	371.2050474419177	0.2633267600559748	137793.1872463564	0.0693409825615769	185.47155703257368	-0.0336376695747446	0.0011314928144197	34399.698468087234	184.30531899058988	322.1836723877689	1.199934	24.738632	0.0264041	0.0138299	0.0854546609	-0.1402000761	-0.0094483999	-0.0236876821	0.0602801951	0.0699424521	-0.0573208498	-0.1496404145	-0.0544180313	0.0468086905	0.0037978892	0.084340022	0.0895593979	0.0172266055	-0.1402547219	-0.0305056204	-0.0059139816	0.1046143618	-0.1215754915	-0.0005724283	0.0565719526	0.0578261942	0.0401983712	0.0380988567	0.0545735826	-0.0999853485	-0.0823129292	-0.0356549236	-0.1234266939	-0.0674905141	0.0308698253	0.1097705192	-0.0488625763	0.0704412853	-0.0637007141	0.1188391188	-0.1380745544	-0.0419936007	0.0541501264	-0.0603435803	0.1698294323	0.1099964811	0.1126672693	-0.0486559961	0.0219969563	-0.0372941388	0.1861434854	0.0447754928	0.0119200839	-0.0559308184	0.1006195504	-0.0028637689	0.1977700512	0.0514059291	-0.0705711724	0.1521447453	-0.1551244565	0.0200597129	-0.1200724455	-0.0674103331	0.1466920313	0.1202231286	0.1126731281	-0.0876169473	0.0481088403	0.1417566308	0.0415462415	0.0038072965	0.0566130018	-0.1185402789	-0.0730726121	0.0699958855	-0.0381527622	-0.0241630092	-0.0568215739	-0.0968970435	0.0788662052	0.0872133919	0.0393364758	0.113340927	0.0260636046	-0.0553441697	-0.1288994971	0.0041785693	-0.0093656374	0.1016768359	-0.113308994	0.1100974963	0.0861315099	0.0515217966	-0.0383104539	0.1260731889	-0.085460472	0.1625615179	0.0475568544	-0.0491780388	0.0125086028	0.1844855675	-0.0280897954	-0.06474465	0.1456330874	-0.0707917833	0.0283109243	-0.1070037293	-0.0568254232	-0.1853259649	0.1426155305	0.1705194451	0.0353334766	0.1112840595	-0.1507821791	-0.0422256621	0.0798737347	-0.1078715212	0.0507588168	-0.0974081201	0.0695893793	0.0389397287	-0.1202461507	0.1414333226	0.0993231126	0.0910678655	-0.027736138	0.0322837315	0.0164437639	-0.0331731599	-0.0999359343	-0.0824727944	-0.0589189567	-0.0891871251	-0.0159425534	-0.0982228066	-0.027108594	0.0147222656	-0.0217789051	-0.055362208	0.1199621103	0.0296666584	0.0558061515	0.0610364079	0.1123656258	0.0917510955	0.0601481375	-0.013759	-0.00810779	6.57362586841e-05	0.000189310081	-0.00422572	0.00306319	1.7856709518399996e-05	9.383132976100002e-06	-0.0249637	-0.0050610999999999	2.561473320999999e-05	0.0006231863176899	-0.000320399	0.0001740899999999	1.0265551920100001e-07	3.030732809999998e-08	0.000115398	2.93504e-05	8.614459801599996e-10	1.3316698403999998e-08	0.000117926	0.0	1.3906541476e-08	0.0	0.0	0.0	0.0	0.0	0.0	0.0	0.0	0.0	0.0	0.0
288.476649853548	-0.2967202456559903	0.0880429041821512	83218.77751072653	369.2228729036248	-1.9821745382928952	136325.5298752063	3.929015900256653	185.19141714992293	-0.2801398826507579	0.0784783538515804	34295.86098599677	184.02048169538307	317.5685623818495	1.171261	24.147497	0.054052035	0.0316915	0.0801237265	0.057669867	-0.103165212	0.058231762	-0.0034594305	-0.1351016674	0.0362198877	-0.0438252012	0.0470268232	0.1126782368	-0.1371378003	0.068342988	0.0626866942	0.1206185175	0.0705365872	-0.088547378	-0.1443257154	-0.0130576561	0.0322266841	-0.0381738295	0.039326685	0.0261325214	0.1373914226	-0.0199033813	0.0548749722	-0.0552984539	-0.0857374416	0.0006565179	-0.0784380038	-0.0336539581	-0.1126597456	0.0144084502	-0.0066005919	0.0668693583	0.1839896804	0.1644957306	0.0898858797	0.109646919	-0.1129393657	0.0854132563	-0.0428954602	-0.1319679968	0.0190647146	-0.0855530544	-0.1063048609	0.1290487823	-0.023914307	0.0052440449	0.0807395289	0.0561822105	-0.0806056151	0.0979319706	-0.1452412708	-0.0439231901	0.0501185384	-0.0042289654	-0.0388658482	-0.0554965423	0.0626820056	0.0287921186	0.0512091615	0.1629868934	0.025392346	-0.089400948	0.0294172488	-0.0721490562	0.0832698932	0.146041645	0.0220042665	0.0298811227	-0.0464424472	-0.0150128702	-0.0535348992	-0.1462069065	-0.0053330876	-0.0524494465	0.0425356887	0.0644531175	-0.0261646452	0.0530449946	-0.00883319	0.136850954	-0.0252696155	0.0425463773	-0.035991532	-0.1887798323	-0.1717957896	0.076003984	-0.1313523311	-0.1172548022	0.0987994785	0.0187686517	0.1396998322	-0.0453345653	0.0505607647	0.0889147774	-0.1377373559	-0.0596115095	0.0018550129	-0.0727942215	-0.1225585763	0.0523611329	-0.0684640016	0.0310222761	0.0591714126	-0.0092364498	-0.0952450075	0.0384286162	0.0262621183	-0.0642755914	-0.0077143448	-0.0496869057	0.162548125	-0.0689581616	0.0987433661	-0.0286288304	0.0670004943	0.0209783016	0.1002271591	0.1091162778	0.1352237434	-0.0590927335	0.0501431198	0.0350970969	-0.0496671577	-0.0004720528	-0.0416806458	-0.0594525135	-0.0868700106	-0.1162093892	0.0697254446	0.0618710501	0.1095553118	0.0684738215	-0.0775959095	0.053095561	0.0242009486	-0.0866970145	-0.0543923977	0.0565870141	0.1114232278	0.0882220943	0.0530639746	-0.0177951	-0.0040361	1.6290103210000006e-05	0.00031666558401	0.0244475	0.02867322	0.00059768025625	0.0008221535451684	-0.0249713	-7.599999999999968e-06	5.7759999999999505e-11	0.00062356582369	-6.37617e-05	0.0002566373	4.06555438689e-09	6.586270375129001e-08	0.000285463	0.000170065	2.8922104225e-08	8.148912436900001e-08	0.000117926	0.0	1.3906541476e-08	0.0	0.0	0.0	0.0	0.0	0.0	0.0	0.0	0.0	0.0	0.0
289.0051068149407	0.5284569613926919	0.2792667600443971	83523.95176511527	370.3239646229929	1.1010917193680712	137139.83877409168	1.2124029744609353	185.23494517866388	0.0435280287409511	0.001894689286073	34311.98491534261	184.1090230679625	320.44717020312635	1.106247	22.807129	0.05863271	0.0286285	0.1198434441	-0.0179989105	0.0831540631	0.0126852716	0.058449315	0.0374001149	0.112158509	-0.0738696816	0.0900253932	-0.01021835	-0.1759816459	0.0761914706	0.0881631175	-0.10993227	-0.0138508567	0.1155458283	-0.0565037569	-0.0293572333	-0.1422413488	-0.0639101268	-0.0682486297	0.0220155999	0.0670905686	-0.0753264007	0.0145802594	0.0222784057	0.0457595734	0.0488982185	0.0952483623	0.0242696177	-0.0551709016	0.0694781954	0.0624401014	0.0558907107	-0.1479551656	-0.0517652909	-0.0588315767	0.0527112143	-0.1040235835	0.0938946516	0.1419572309	-0.1198131951	0.0579549283	0.0670200195	0.0945173465	-0.028447503	-0.0807831384	0.0667467876	0.1454481134	-0.0674950685	-0.1575179659	-0.061434236	-0.1495286285	-0.0365485512	-0.0300674041	0.1120157724	-0.1506061603	-0.1233597411	-0.0387806571	-0.0576584383	0.0334424814	-0.1082206369	-0.0272377454	0.0528799118	0.063698167	0.0034978749	-0.1151789186	0.0426693441	-0.0866353947	-0.1381178394	-0.0707635443	-0.0664872749	-0.0062496112	-0.067678995	0.0410247838	-0.0139748559	-0.0421580433	-0.0530861638	-0.0426334879	-0.1213341504	-0.0110854606	0.0397366885	-0.0410518816	-0.0199112001	-0.068171429	0.1623949719	0.0485746914	0.0335889469	-0.0450262221	-0.1010893413	0.1038519396	0.1419346753	0.093801682	0.0199015662	-0.0440513919	-0.1047560459	0.0646008498	-0.0963560877	0.1208836084	-0.090836826	0.0141606525	0.1928619109	0.0515715143	0.1237594888	0.0243789695	-0.1055001124	-0.0286124474	0.1345904321	0.1548212862	-0.053742485	-0.0095225667	0.0105616266	-0.0711525844	0.0671885184	-0.1173329951	-0.0318726553	0.0619090296	-0.0769174142	-0.0598234348	0.0517321334	0.0995996969	-0.0770097817	0.116626021	0.0329694142	0.0539315116	-0.0234138684	0.1090613954	-0.0060055981	-0.0024012022	-0.0065569862	-0.1362868912	0.0025988858	0.0771649962	0.0919512544	-0.0353776039	0.0115595524	0.036986339	0.0330460134	-0.0323474333	0.1126894596	0.1104247249	0.0845154255	0.0457394187	-0.0117853	0.0060098	3.611769604000001e-05	0.00013889329609	0.0101156	-0.0143319	0.00010232536336	0.00020540335761	-0.0176889	0.0072823999999999	5.3033349759999966e-05	0.00031289718321	-0.000458986	-0.0003952243	2.10668148196e-07	1.5620224731049e-07	6.05151e-05	-0.0002249479	5.060155771441e-08	3.66207732801e-09	0.000117926	0.0	1.3906541476e-08	0.0	0.0	0.0	0.0	0.0	0.0	0.0	0.0	0.0	0.0	0.0
289.12477907806806	0.1196722631273701	0.0143214505620265	83593.13787694166	370.9501158797625	0.6261512567696172	137603.98847120925	0.3920653963541711	185.5160134556781	0.2810682770142421	0.0789993763437547	34416.19124848735	184.3520819496769	320.6260739569589	1.141071	23.525082	0.0703839174999999	0.0351589	0.0866010698	-0.0823901174	-0.1182095915	-0.0659515089	0.0072492459	-0.0195574298	-0.0943909674	-0.1642418192	-0.0552537871	0.0147000608	-0.0861332718	-0.0851290694	-0.0636595674	-0.0962552126	-0.0489167207	-0.104911254	-0.0092849581	0.0680207789	-0.0284340345	0.0148287954	0.0886079165	0.0032111363	0.0300841651	0.0854932135	-0.0921970434	-0.0039597306	-0.0809181752	-0.0736983184	-0.1012607951	-0.0534094086	-0.0082162385	-0.1094914967	0.0172916529	-0.0366372048	0.0218461111	0.0767087542	-0.0410367438	-0.0506451237	-0.0001176763	0.0990122765	0.1219419278	0.1415439335	0.0805593109	0.0378403338	0.0733846771	-0.01983184	-0.1342749555	0.0304987196	0.0044691227	-0.0276369872	0.1100061423	0.0712078165	-0.1170649947	0.0894952671	-0.0941594848	0.0734243579	-0.0467824252	-0.0321591681	0.1386199189	0.2516233456	-0.0002291808	-0.1330937459	0.0531968253	0.0038968586	0.0188793126	0.0330114929	0.1024534186	-0.0025710161	0.0276987164	-0.0516756089	-0.0185402622	0.0782807912	-0.041490569	-0.0194708441	-0.064298878	0.1024213648	0.018018	0.0835415867	0.0506042829	0.1249099634	0.0322076277	0.039718342	0.0953321203	0.0111412057	0.0738126195	-0.0389436844	-0.0787441211	0.0469636292	0.0427940851	-0.019754607	0.0951272967	0.0655724675	-0.0997756675	0.1149275187	-0.0095853932	-0.1038642011	0.0649738286	-0.1212772702	0.0761635493	-0.0153087223	0.0351111636	-0.0097636589	-0.1542899113	0.0393212737	-0.1159337211	-0.1130350373	0.0174921194	-0.011519457	-0.0328195891	-0.1098179329	0.2622150269	-0.1336105721	-0.1035612863	-0.0770605099	-0.040451417	-0.0416042536	0.0583265051	0.1000002464	-0.0006427792	-0.0061393863	0.1375554363	0.0273771713	0.0671078925	0.0784757811	0.0893956479	-0.1963225353	0.0585013592	0.1358476522	0.0441137518	-0.0057032779	0.014158912	-0.065520161	0.0196331581	0.0058886768	-0.0006313825	0.059290626	0.0250624387	-0.1512440684	-0.0546690943	0.0623088171	0.1093706198	0.0806385538	0.0382076517	-0.00494524	0.00684006	4.67864208036e-05	2.44553986576e-05	0.0239023	0.0137867	0.00057131994529	0.00019007309689	-0.0349699	-0.0172809999999999	0.0002986329609999	0.00122289390601	-7.45695e-06	0.00045152905	5.56061033025e-11	2.038784829939025e-07	-0.000137479	-0.0001979941	3.920166363481001e-08	1.8900475441e-08	0.000117926	0.0	1.3906541476e-08	0.0	0.0	0.0	0.0	0.0	0.0	0.0	0.0	0.0	0.0	0.0
288.9545678258985	-0.1702112521695653	0.0289718703651313	83494.74226745177	370.16942564029137	-0.7806902394711415	137025.4036788632	0.6094772500055082	185.3760533068553	-0.1399601488228086	0.0195888432585027	34364.28113962606	184.24887316373847	322.6473662097623	1.224838	25.252069	0.0460645685	0.0229402	0.1010731829	0.1388830118	0.0242626438	0.0123239052	-0.0113343901	-0.0591643105	0.1227777116	-0.0052250648	-0.0860167295	0.1093521119	-0.0116898607	-0.0820174263	-0.0874860229	-0.0310423848	0.1112544354	0.0297650227	-0.052887783	0.0297389495	0.0825719709	-0.0841550999	0.1563848252	-0.0616362955	-0.0480072378	0.048917388	-0.0530896729	0.1502377894	-0.1203782969	0.1430821238	-0.0306590724	0.0502819602	0.0390964847	0.013413166	0.0831725676	0.0071905001	-0.068621842	-0.0565623586	-0.0827959694	0.0638816015	-0.1139437022	-0.1702236741	0.0224311825	-0.1374568682	0.1450697733	-0.0895499369	-0.0681138176	0.1277722735	-0.2124187935	0.0222169739	0.0365037917	-0.0020499032	0.139394025	-0.0089802526	-0.0593649541	-0.0435068626	0.1240642418	0.0240866597	0.1107754466	0.2312961396	-0.0546392088	-0.0579524601	-0.0442218462	0.0230478958	-0.0293848732	0.0254342891	0.0749727748	-0.1008678443	-0.0391473583	0.0560799988	0.0987228882	0.0964160132	-0.0797217116	0.0728700487	0.0218361642	0.0593918531	-0.0633551036	0.08624703	-0.1513126844	0.1111769423	-0.1576014241	-0.007449714	-0.0334449711	-0.0346845525	0.0482158076	-0.0586613801	-0.0590906112	0.0903982826	0.0544547253	0.081163269	-0.0318616071	-0.107395291	-0.1238467524	0.0063661196	0.1905989877	0.1313009932	0.1141601042	0.0589271892	-0.0875756249	-0.1971549907	0.0939249293	0.0039285627	0.0596978528	-0.1016229023	-0.0729570892	0.0462065423	0.0238997251	-0.0027367912	-0.1592929041	-0.10870265	-0.1565775928	0.1491322912	-0.0567859024	0.1260283119	0.0230126576	0.0291324732	-0.0583902298	-0.0524519169	0.0153998244	-0.1260452284	0.0801278486	-0.0530864084	0.1133214298	0.0798663304	0.0262825561	0.1174000215	-0.0784943944	-0.0996070984	0.0691083132	0.0957602075	0.0631229603	0.0453907584	-0.0039673805	-0.0282991036	0.0363421957	0.0362512562	0.110971658	0.0143813102	0.1510926039	0.0582694059	0.0321713007	-0.0738653891	0.1082614433	0.0765992869	0.0305027946	-0.000150829	0.004794411	2.2986376836921e-05	2.2749387241e-08	0.00975008	-0.01415222	9.50640600064e-05	0.0002002853309284	-0.0337222	0.0012476999999999	1.5567552899999935e-06	0.00113718677284	-8.03051e-05	-7.284815e-05	6.4489090860100005e-09	5.3068529584225005e-09	5.70776e-05	0.0001945566	3.785227060356e-08	3.257852421759999e-09	0.000367926	0.00025	1.35369541476e-07	6.25e-08	0.0	0.0	0.0	0.0	0.0	0.0	0.0	0.0	0.0	0.0
288.68269475544	-0.2718730704584686	0.0739149664405154	83337.69825126255	370.0886451538327	-0.0807804864586501	136965.60527179952	0.0065254869924961	185.42913360411865	0.0530802972633352	0.002817517957564	34383.96358917408	184.23304881597585	317.4383741964505	1.22774	25.311911	0.024624661	0.0151511	0.0496188884	-0.1161888914	0.0267567834	0.1429042356	0.1144381841	0.0588679859	-0.0512392736	0.0214586761	0.0180358778	0.1381238715	-0.0378855477	-0.1046489705	-0.016793176	0.088086045	-0.1285822565	0.0557269904	-0.0633955428	-0.0150936289	0.0908098755	-0.1034684377	0.1636100696	0.0260909611	-0.1743024965	-0.0358651234	0.015373454	0.044058733	0.0035546782	-0.0334921779	-0.0332388207	0.1060540162	0.0063378406	-0.0239849853	-0.0519249474	-0.0615747448	0.0047651233	-0.0945975795	0.1354464993	-0.0415062582	-0.1081338288	-0.0051389367	-0.0746594321	0.2250595851	-0.0753993841	0.1436976207	0.0410585851	0.0481180391	0.0419958002	-0.1110315042	0.0412462162	-0.0620599188	-0.072692211	-0.0103076449	-0.0424087082	-0.1945337352	0.0255904617	-0.1176521114	-0.084115741	-0.171496041	0.100414431	0.1012524108	0.0310567728	0.037861158	-0.0693007803	0.0948044243	-0.1083893259	0.1467785056	-0.0456906211	0.0804391556	0.0551956285	0.1609535412	-0.1159126243	0.0621741815	-0.0696224724	0.1632895324	0.0308804015	0.0111367855	-0.0290939804	-0.0224124197	0.0133364641	0.03079304	-0.0985583325	-0.0108301885	0.0495938079	-0.0051892722	0.0386013782	-0.0483395321	0.0640869074	-0.1594900148	-0.0312195584	-0.1208557827	-0.0440089157	-0.0796927735	-0.1779279037	0.0079326607	-0.1936582738	-0.0324581001	-0.0402454773	-0.0328848041	-0.0989739374	-0.0424414479	0.0109301208	0.0667468192	0.0434760484	0.0270650709	0.2080523563	0.1093219125	-0.0248764241	0.0560782408	0.1172247564	-0.1322015911	0.1355748189	-0.1191938451	0.058351788	0.0504416831	0.0260698928	0.1482899411	0.0500291448	-0.0067681809	-0.1097883406	0.0052428335	0.0157207493	0.0488407237	-7.64891e-05	0.1880970546	-0.0891249257	-0.0406040686	-0.0572696436	0.0850697831	-0.009848389	-0.0784978416	0.1593988597	-0.0650408808	0.0485803758	-0.0546037575	0.1082471977	0.1480640694	0.0313769962	-0.0308167224	-0.0204531356	0.0568862556	0.1070977539	0.0724057592	0.0226597522	-0.00284002	-0.002689191	7.231748234481e-06	8.0657136004e-06	0.0102226	0.00047252	0.00010450155076	2.2327515040000054e-07	-0.0290052	0.004717	2.2250089000000023e-05	0.0008413016270399	-8.03051e-05	0.0	6.4489090860100005e-09	0.0	-2.78414e-05	-8.4919e-05	7.211236561000001e-09	7.751435539600001e-10	0.000117926	-0.00025	1.3906541476e-08	6.25e-08	0.0	0.0	0.0	0.0	0.0	0.0	0.0	0.0	0.0	0.0
289.0317945896656	0.3490998342255693	0.12187069425632	83539.37828372265	369.79051241596926	-0.2981327378634546	136745.02307286512	0.0888831293859593	185.47304067588715	0.0439070717685012	0.0019278309512843	34400.24881755929	184.328881700344	317.48260431636976	1.178897	24.30492	0.0630848	0.033739	0.042152858	0.0911692	-0.102526009	0.1214718623	-0.0419506349	-0.1227607458	0.0043869547	0.0398319162	0.0673788893	0.0330459063	0.0301532322	0.000561048	0.1455174257	0.0393447361	0.0593738944	-0.0772671681	-0.0923509635	0.0441939829	0.012000276	-0.043753917	-0.1531761044	-0.0261548566	-0.1833567971	-0.0290713233	0.0801212613	-0.0399881584	0.0087355655	-0.0052453028	-0.0738492893	0.0188492106	-0.1012824173	-0.0049462146	-0.0629570453	0.0603479017	-0.0844520666	0.0370607364	0.043209971	-0.0464486484	0.0174301847	0.0285448014	-0.0788827951	0.1230909978	-0.0457394142	-0.0241202396	-0.0321428757	0.0437415014	-0.0307927488	0.0074181855	-0.116891408	-0.065780266	0.0339489236	0.0297683654	-0.0391734212	-0.0251025216	0.2617143162	-0.1186241236	-0.0372418294	0.0445729133	0.0281205485	0.0647845451	0.0897390985	0.1026107432	0.0121822971	-0.1257716544	0.0961038538	-0.0589120988	0.0704121092	0.0962276723	0.0316292496	-0.0233704521	0.0158966462	-0.120070408	0.0849687914	0.1796404054	0.0590153611	-0.0982692167	0.0535557032	-0.0216812529	-0.0183914987	0.0717128044	-0.0462097884	0.0796038414	-0.0398284779	0.0826983103	0.0057805113	0.0719457475	-0.0647701712	-0.0675314286	0.0278640071	0.0029196367	0.0331596981	-0.1173283126	-0.1132719273	-0.0124139304	0.0121023759	0.040039116	-0.0260567876	0.0063070419	-0.0054706252	0.1205246768	0.0491496487	-0.015330459	-0.0363788921	-0.0271617418	0.0448524921	0.1028766038	-0.2195931495	0.0727906892	-0.1042131455	-0.0028786087	0.0259484723	-0.088877796	0.1417863955	-0.0362795425	0.1099578834	-0.1557047738	0.0291167248	0.0059090882	0.1134946102	-0.0073006545	0.0400556171	0.0689389111	0.0258797032	0.1594650618	-0.0740916396	0.1221624558	0.0453240743	-0.1086477842	-0.0890988094	-0.064382061	-0.0735616105	0.0463087264	0.0203270742	-0.026890393	0.1749397209	0.1014589481	-0.1037968683	-0.0899312855	-0.0217214835	0.0912154728	0.1058801375	0.0680664159	0.0147140554	-0.015056	-0.01221598	0.0001492301673603	0.000226683136	0.0176338	0.0074112	0.00031095090244	5.492588544000002e-05	-0.0115734	0.0174317999999999	0.0003038676512399	0.0001339435875599	-8.03051e-05	0.0	6.4489090860100005e-09	0.0	0.000492675	0.0005205164	2.709373226689601e-07	2.4272865562500004e-07	0.000117926	0.0	1.3906541476e-08	0.0	0.0	0.0	0.0	0.0	0.0	0.0	0.0	0.0	0.0	0.0
289.4056448806197	0.3738502909541239	0.1397640400464831	83755.62728876737	371.45732686357593	1.6668144476066686	137980.54568063348	2.778270402750324	185.48471769217983	0.0116770162926798	0.0001363527094995	34404.58049734765	184.3889706073779	321.22403437509314	1.242149	25.608965	0.058283415	0.0332363	0.0245058792	-0.0701859071	0.1087169539	0.0704796281	0.0518992033	0.1033035025	0.0507079413	0.0659751233	0.1427201309	-0.0281741194	0.0418938616	0.0161514525	0.0763677822	-0.1288138634	-0.0599518684	0.1234352709	-0.0110986838	-0.0327363843	-0.1661809235	-0.0751119099	-0.1589778311	-0.1348740428	-0.1019900138	-0.0021259741	-0.0792266222	0.1332905641	-0.0497818253	0.0351246235	-0.016990554	0.0878206379	0.0002547261	-0.1256760812	0.198983726	-0.1332478259	-0.064368604	0.0403097989	-0.1215985402	0.0045198488	0.1646680087	0.0991140597	0.1124656251	0.0116985648	-0.1422160786	-0.0251557397	-0.1134054374	0.1028270804	-0.107535122	-0.0057162789	-0.0327349805	-0.0125915177	0.0260835749	-0.044543608	-0.0199775748	0.178847018	0.0551261047	-0.1429235693	-0.0294239051	-0.1802269663	-0.0723387831	-0.0951343507	-0.0992522462	0.013687188	-0.0151731179	-0.0463586588	-0.0965645914	0.0500698959	-0.1291932314	-0.0016268808	-0.1501125405	-0.1469633487	-0.0623754864	-0.1091307755	0.1692452304	0.0949619285	0.0407914868	0.0947628652	-0.114897535	0.0284114417	-0.084141943	0.0351363043	-0.0723237785	-0.0001353439	0.2014850728	-0.1544575571	0.1006213542	0.097448661	0.001209383	0.1005764202	0.0499570225	0.1522224263	0.0993405799	0.1233367995	-0.1102926466	-0.089272428	0.0471417876	0.1046336908	-0.0782719836	-0.1247922589	0.0212314711	0.0633766105	0.0140535634	-0.0353118694	-0.0255617692	0.0305424968	-0.1562161511	0.1918588586	-0.0266296077	0.0955864298	0.1083240309	-0.0651210485	-0.0165715528	0.0879807676	-0.0109704245	0.008218494	0.0680980476	0.0456939459	0.0324249617	-0.072339734	-0.0836187395	0.1481631817	0.0021150218	0.0081760743	0.0423937927	0.1195543106	0.0610701212	0.0745800106	0.0816424412	-0.0241126854	0.095348318	0.0936559368	-0.0722860311	0.0209567083	-0.0374856453	-0.0454646791	0.101037042	0.1353989171	0.0159768021	0.1263773281	-0.0992562506	0.0690486415	0.1046092073	0.0635899959	0.0067017003	-0.0164543	-0.0013983	1.9552428900000045e-06	0.00027074398849	0.00883508	-0.00879872	7.805863860640001e-05	7.741747363840002e-05	-0.0347851	-0.0232117	0.00053878301689	0.00121000318201	2.07763e-05	0.0001010814	4.3165464169e-10	1.021744942596e-08	9.62625e-05	-0.0003964125	1.5714287015625002e-07	9.26646890625e-09	0.000117926	0.0	1.3906541476e-08	0.0	0.0	0.0	0.0	0.0	0.0	0.0	0.0	0.0	0.0	0.0
289.2975579110241	-0.1080869695956039	0.011682792996361	83693.07701328235	371.1456897825871	-0.3116370809888167	137749.12304419238	0.0971176702472303	185.3946816685688	-0.0900360236110202	0.0081064855476841	34371.187990989965	184.231243780778	321.042284285459	1.208864	24.92275	0.031782775	0.0166706	-0.0498725844	-0.0036453198	-0.1195873151	-0.07372865	-0.0623434279	-0.0832140317	-0.0637809186	-0.0750970389	0.0258681175	-0.1434425688	0.0391421325	-0.0412887038	-0.0466970903	-0.034198219	0.023811839	-0.0976430456	-0.0147695806	-0.0979018884	-0.1605693093	0.0228585046	0.0438153527	0.0412126431	0.0495171654	-0.0216854743	-0.1858482659	-0.0744071382	-0.192846698	0.096563245	0.0199845648	-0.0698606949	-0.0863375343	0.0139511584	-0.0655953013	0.0911402492	0.0025584644	0.0628525178	-0.0280167487	0.1509051475	0.1581953903	-0.1242576966	-0.0477400514	0.0709768197	0.0780964813	-0.1399456871	0.0158895986	0.1560119747	-0.023138966	-0.0828904845	-0.0027312142	0.099726975	0.0088256143	0.1717203597	-0.048774954	-0.1065503988	0.0425811709	-0.0458089121	0.0300104055	-0.0602428881	-0.0447772459	0.0939076802	-0.0356053933	0.0443166842	0.0146003099	0.1737434421	-0.0704970347	-0.0398858208	0.0980735727	0.0142743216	-0.1457787133	-0.086001116	-0.0711838298	0.0606616775	-0.0639330418	-0.0762187418	0.0262514788	0.1043162018	0.0471009485	0.2439090956	-0.0705504706	-0.0426257157	0.0463942153	0.0610181949	-0.0816003427	0.1140533186	-0.0226389115	0.0258730287	-0.0812354676	0.0774097216	-0.1092766299	0.1762203946	-0.0956395475	-0.0791557544	-0.0106638291	0.1163086095	0.1025654544	0.0029436469	-0.1379071537	-0.0927129682	-0.1161308577	-0.0177141964	-0.0985832165	-0.0320852005	-0.1115640229	-0.0608400064	0.1229463103	0.0255664003	-0.0705353834	-0.0036309163	0.0594633967	0.04456289	0.0772729045	-0.0431616577	0.057839862	-0.0310171618	-0.0359849887	0.1729527675	0.0315918667	0.0874466362	0.103017312	0.1523355335	0.0597541515	0.003697536	0.0485325919	0.0036419184	0.0898210252	0.0188485467	-0.0918253729	0.0061294913	0.0428078367	0.0910249729	0.0131410944	-0.0198058943	-0.0500742301	-0.0741355687	0.1370684544	-0.0310428875	0.0160373829	0.1520315907	-0.0137875744	-0.0116279138	0.1032856033	0.0589855141	-0.0013410152	-0.0226596	-0.0062052999999999	3.850574808999996e-05	0.0005134574721599	0.0155224	0.00668732	0.00024094490176	4.47202487824e-05	-0.0225377	0.0122473999999999	0.0001499988067599	0.00050794792129	-3.11299e-05	-5.19062e-05	9.6907067401e-10	2.69425359844e-09	1.53136e-05	-8.094890000000001e-05	6.552724411210001e-09	2.3450634496e-10	0.000117926	0.0	1.3906541476e-08	0.0	0.0	0.0	0.0	0.0	0.0	0.0	0.0	0.0	0.0	0.0
289.1753530982726	-0.1222048127515336	0.0149340162596373	83622.38483951063	370.2784122703145	-0.867277512272608	137106.102593425	0.7521702832937637	185.3058043477621	-0.0888773208067164	0.0078991781537799	34338.241124971086	184.1879197215582	323.17580008694506	1.189401	24.521488	0.03943764	0.0244225	-0.0461994217	0.0365069867	0.132250654	-0.0751728613	0.062155928	0.0146822312	0.1179471348	0.0381229541	-0.0001016855	-0.1290533365	-0.0598651647	-0.153301395	-0.0129067952	0.0036495054	0.0258346352	0.1092537584	-0.0397414563	0.1288941007	-0.0626665022	0.0244995266	-0.0915551695	0.0779327788	-0.0068623497	-0.1965946899	0.1255279206	-0.0356191861	0.1291426406	-0.0430547419	0.1337353992	0.1033170648	-0.0054367243	0.0101625807	-0.0567250068	0.0984380974	0.0335912354	0.0135120028	0.0417397519	-0.0271011244	-0.0256989339	-0.1245127791	-0.0905752382	-0.0793091935	0.015005126	0.0460776781	0.0773745469	-0.0574215431	-0.0421285763	0.0767092738	0.0416322435	0.0577202416	0.0178045525	-0.0458537207	0.0221599087	-0.166597303	0.0159839862	-0.0216106285	0.1279525584	0.0288725634	0.0677245573	-0.030142315	0.0372593346	-0.1480882312	0.1330085504	0.0216948485	-0.0791712563	-0.0234903759	-0.1087276764	0.0232501239	0.0835551071	-0.1396326819	0.0286610541	-0.0514613477	-0.0478441558	0.0077974022	0.163402013	-0.1572425803	0.0142215087	-0.1425253112	0.0572361132	-0.146082098	-0.0791691758	-0.0084017847	-0.0165643994	0.0796273161	-0.0842707598	-0.0172925519	-0.0141545636	-0.0461870643	0.0082520083	-0.0010569312	-0.1302126302	-0.0680710325	0.0887001701	-0.0306620777	-0.018892735	-0.0485006921	0.0594848817	0.0221078314	0.1121983685	-0.0173473871	-0.0237280214	-0.0732780201	0.0779968289	0.0139617489	0.1383671207	0.0434586273	-0.0429059147	-0.1396508552	0.0211257033	-0.0026828588	-0.0372901055	-0.0682884777	-0.1702156403	-0.0976722345	-0.0731265377	0.0106610729	0.0699025318	-0.1100472817	-0.0045119266	-0.0051367741	-0.012485819	-0.0290599221	0.1427573676	-0.0566542831	0.1169833527	-0.0422539937	-0.1052672855	-0.0763557466	-0.128035477	0.0088620138	-0.0041460474	-0.0324645354	-0.0978072566	-0.0449078312	0.159494045	0.0161916598	0.0522010304	-0.0025872932	-0.0068973089	-0.0009689561	0.1019099918	0.0542622434	-0.0093776556	-0.0226379	2.1699999999999497e-05	4.708899999999782e-10	0.00051247451641	0.0273937	0.0118713	0.00075041479969	0.00014092776369	-0.00526809	0.01726961	0.0002982394295521	2.7752772248099995e-05	-0.000204396	-0.0001732661	4.1777724816e-08	3.002114140921e-08	-1.69209e-05	-3.22345e-05	1.0390629902499996e-09	2.8631685680999996e-10	0.000117926	0.0	1.3906541476e-08	0.0	0.0	0.0	0.0	0.0	0.0	0.0	0.0	0.0	0.0	0.0
288.8159098992496	-0.3594431990229623	0.1291994133238608	83414.62981093147	370.3037410335055	0.0253287631909984	137124.8606234095	0.0006415462447856	185.43622540209668	0.1304210543345902	0.0170096514137461	34386.59369137721	184.263455415337	315.1844793257751	1.522632	31.391603	0.05753145	0.0378482	-0.1159155006	-0.0691358056	-0.0575751439	-0.1079567621	0.0569844863	-0.0105951533	-0.1188310946	-0.0349530936	-0.0520303387	-0.0455759169	0.1132341178	-0.0621663784	-0.0233862437	-0.0388571499	-0.0240210425	-0.0745897528	-0.0174273856	0.1312344456	0.047540453	0.0045148951	-0.0846897316	0.1387687505	0.1894199176	-0.010264307	-0.0541020375	-0.0108410155	0.0555257099	-0.0785361321	0.1059842129	0.1127148731	-0.0791822426	-0.119612234	-0.0022150007	-0.0497960018	0.0859788985	0.176616612	0.1529962562	0.1258747211	0.0344714973	-0.250943125	-0.0073065482	0.0850716997	-0.0899086924	-0.0123816666	0.0595747188	-0.0083453275	0.0568393678	-0.1467971421	0.0827587496	0.1118636258	0.0881653676	0.0543069583	0.0492168358	-0.0013354846	0.1016642088	0.0246464228	-0.2089946671	0.0145627858	-0.0559026814	-0.120811827	0.0007321769	-0.193091763	-0.0342548841	0.0003186209	-0.071110065	0.0203408806	0.0846304982	-0.0008471671	0.116589919	-0.0860963573	0.0843761798	-0.1197123068	-0.1329912262	-0.1554698008	-0.0196035386	0.0475225749	0.0037532382	-0.0618837075	0.0908800704	-0.0994192191	-0.0840487389	0.0383655748	0.1153703606	0.0385334699	0.0813765354	-0.0693605054	-0.1681001299	-0.0531211833	-0.1777093222	0.0549086662	-0.2639418828	-0.0171667058	-0.0905194149	-0.0281436665	0.0213029925	0.0047405998	-0.0071188764	0.0098114309	-0.117275692	-0.1193539968	-0.0039198943	-0.1523438273	0.0281511588	-0.0436867299	0.0329619139	-0.020063245	-0.0611328813	0.2260589764	-0.0295489785	-0.00210456	-0.061022911	0.0023099451	-0.2102570302	0.0724105508	-0.0440207544	0.0414000837	0.1209365639	0.1239671025	-0.0401761653	-0.0892658693	-0.0051846285	0.0866124039	0.1213636574	-0.1219005883	-0.0775736101	-0.0785821608	0.0349381699	-0.1424959616	-0.0787896159	0.1458344351	-0.107877571	0.0545035548	-0.0026310072	-0.0101684684	0.0005885904	-0.0344570563	-0.0371541262	-0.006556266	0.1034399795	-0.0535957977	0.1004830656	0.0494296957	-0.0173718128	-0.0226296	8.29999999999928e-06	6.888999999998805e-11	0.00051209879616	0.00990464	-0.01748906	9.81018935296e-05	0.0003058672196836	0.027469	0.0327370899999999	0.001071717061668	0.000754545961	-0.000270012	-6.561599999999998e-05	7.290648014399998e-08	4.305459455999997e-09	-9.72449e-05	-8.0324e-05	6.451944976e-09	9.45657057601e-09	0.000117926	0.0	1.3906541476e-08	0.0	1.0	0.0	0.0	0.0	0.0	0.0	0.0	0.0	0.0	0.0
288.65598800827706	-0.159921890972555	0.0255750112122377	83322.27941303459	368.96667836129086	-1.3370626722146426	136136.40974096427	1.7877365894297608	185.21280403229127	-0.2234213698054077	0.0499171084857247	34303.78277750393	184.10122614675225	314.3505857037747	1.079983	22.265656	0.032061165	0.0196073	-0.1115180515	0.0908402105	0.063622993	-0.0686474133	0.0532396519	-0.0553702247	0.0857607108	0.0440884124	-0.1421227037	0.0329733208	0.1298492544	-0.0538148993	-0.1103225521	0.0283884503	0.0964867899	0.0474530711	-0.0559207198	0.1028562329	0.0037342011	0.0757296595	-0.0399077501	0.0752058213	0.1237591652	0.0779902572	0.1482260906	-0.150416022	0.1603604935	0.0357707101	-0.156170146	-0.0348292556	0.1520815476	-0.0911977047	0.0637596453	0.0803654266	-0.133013	-0.1175742892	-0.0045014224	0.1381340443	0.0695491143	0.1437362135	0.0344982739	0.0501959018	0.0606080307	0.0798850622	-0.0698949413	-0.0932975288	-0.051884059	0.0330369697	-0.0825058872	0.0482989691	0.110453256	-0.093373847	0.0046174869	-0.1026424984	0.0061647264	0.1186084797	0.0785017325	-0.0459291636	-0.1167285807	0.0525916809	-0.0832739657	-0.0390836764	0.0102042935	0.1388010466	0.0367470329	-0.0874286722	-0.0511461514	0.0370870166	0.1067072002	-0.0714556885	0.0850955249	0.0081188771	-0.0274710586	-0.1093173155	-0.1071214368	-0.1244292641	0.1743917631	-0.1581543811	-0.0706030979	0.1550372625	0.0689913486	-0.1429444442	0.0851463879	0.0358708509	-0.0758837413	0.1336611032	0.1060452208	-0.0159516673	-0.1185533982	0.0713373638	0.1666911394	0.0404248694	-0.0441415102	0.0576633884	-0.0422698789	0.0411801037	0.12823972	0.0025179755	0.061518078	0.0596278908	-8.74141e-05	-0.1425770115	0.0285387082	0.0236339954	0.0322417921	-0.0776816425	-0.0329641666	-0.080079499	0.1048651808	0.1102026624	0.1018020765	0.0753272699	0.0082545051	0.0128894346	-0.151872195	0.05668789	0.1007097664	-0.0724084518	0.0401116352	-0.1098927875	-0.0085713853	0.0919591668	0.1030105195	-0.1022236233	-0.1344442294	-0.0649217185	-0.1043696273	-0.0221993662	0.0380488825	0.1549393428	0.0057588692	0.1621702371	-0.0147461038	-0.0551514804	-0.0671659109	-0.1327732265	-0.0319320405	0.0059059915	-0.0343726723	-0.0089007037	0.0990055431	0.0444976032	-0.0252872714	-0.0226296	0.0	0.0	0.00051209879616	0.0273937	0.01748906	0.00075041479969	0.0003058672196836	0.0202599	-0.0072090999999999	5.197112280999999e-05	0.00041046354801	-0.000169197	0.0001008149999999	2.8627624809e-08	1.0163664224999997e-08	-0.00014369	-4.64451e-05	2.15714731401e-09	2.06468161e-08	0.000117926	0.0	1.3906541476e-08	0.0	0.0	0.0	0.0	0.0	0.0	0.0	0.0	0.0	0.0	0.0
289.1079954472471	0.4520074389700426	0.2043107248842567	83583.43303152545	370.175751520592	1.2090731593011128	137030.08701383506	1.461857904542374	185.3658324827631	0.1530284504718224	0.023417706653807	34360.49185202779	184.2107656017864	314.8117907000339	1.052343	21.695797	0.0246307	0.0139474	-0.080546183	-0.0887418174	-0.0066522397	-0.1096431257	0.0863732002	0.019250245	-0.0664558081	-0.054283101	-0.0355005955	-0.0361891775	0.0867683334	-0.0196264943	-0.0329201151	0.0397070712	-0.0663503794	-0.0186078543	-0.0357601845	0.1474884427	0.0749405806	0.0194988842	-0.0473041653	-0.0181652673	0.0646407942	-0.0503026071	0.0996321905	-0.071574293	-0.0249971683	0.1435165244	-0.0609245238	-0.1251827684	-0.0841279013	-0.0441526678	0.0578949594	0.0466004892	-0.0075308932	-0.102462862	-0.0902914641	-0.0670753381	0.0362632161	-0.120101054	0.0670825407	-0.1211264319	-0.0579081571	-0.1365848799	0.0570723307	-0.0536927153	0.1182839559	-0.006018344	-0.116254785	0.1815867449	-0.0963455519	-0.0296622958	0.0614791791	-0.0572326422	-0.0510400827	-0.0921483817	0.0714993785	-0.0128413144	0.0347480545	-0.1112053628	-0.088169767	-0.0166429816	-0.0031023459	-0.016853739	-0.086031134	0.0723120887	0.0318845046	0.0091743868	0.1684625402	-0.0470729985	0.0704728327	-0.0296876803	0.0368970656	-0.0605281195	0.0192009879	-0.1070709756	0.0656779591	0.0244331343	-0.1760014972	0.0154576562	0.1190293784	0.0953272798	0.0179085232	-0.0030673246	-0.0223679273	0.0642702936	0.0935627976	0.0327807656	0.0964015996	0.0490854103	-0.1325145582	0.1051572666	0.0636605916	-0.0479773001	0.1383321027	-0.0599082998	-0.0154163352	0.1415736539	-0.0687787984	0.084663805	-0.1923377292	-0.0348135889	0.0825613541	-0.0191338436	0.065856654	0.0736156179	0.0737030669	-0.0668145774	0.0198575879	-0.0466521886	-0.0492958471	0.1074191868	-0.0677153235	0.0325954363	0.0391688965	0.0259888132	0.0942293194	0.079678117	-0.0700046821	-0.1414674576	-0.0324649025	0.1345057887	0.0844598409	-0.0403403912	-0.0189011822	-0.0418112503	0.0040146915	-0.0923956277	-0.0510039128	0.0991067202	-0.0329588677	0.0995653678	0.0572532799	0.0471997911	-0.0505049457	-0.1573712823	-0.1237368869	0.1057527951	0.0710636723	-0.0361179035	0.0974781683	0.0394758984	-0.0330881723	-0.0226368	-7.199999999998874e-06	5.1839999999983785e-11	0.00051242471424	0.0160876	-0.0113061	0.00025881087376	0.00012782789721	0.0243748	0.0041148999999999	1.6932402009999982e-05	0.0005941308750399	-0.000307166	-0.000137969	9.4350951556e-08	1.9035444961e-08	-0.000189771	-4.608100000000001e-05	2.1234585610000008e-09	3.6013032441000004e-08	0.000117926	0.0	1.3906541476e-08	0.0	0.0	0.0	0.0	0.0	0.0	0.0	0.0	0.0	0.0	0.0
289.6250433845022	0.5170479372550858	0.2673385694197391	83882.66575547478	370.0473978866651	-0.1283536339268494	136935.07668269184	0.0164746553422276	185.55646518201712	0.1906326992540243	0.0363408260248753	34431.20177084513	184.4404156002388	325.7034718305107	1.54024	31.75461	0.07017477	0.0503846	0.0242285503	0.1102795541	0.0308920155	-0.1516598451	-0.0131520096	-0.0327830975	0.1150909714	-0.0577303307	-0.1403777909	0.0024042843	0.1090098577	-0.0463205284	-0.0831752176	0.0349350041	0.1124774411	-0.0388684889	-0.0137589818	0.0664375694	0.007546858	-0.0102435808	0.1575396841	0.039019595	-0.1894984884	0.185816924	0.0563145799	0.0759061474	0.0005048917	-0.0401461696	0.0532075936	-0.0830686148	0.1279555217	0.0799254497	-0.0049582095	0.0188847922	-0.0956908971	-0.000380859	0.1402020006	-0.0011085592	0.0247473292	-0.0887246224	0.0249026886	0.1029965293	-0.067819794	0.0968988159	0.0069375489	0.0744997151	-0.0243941635	0.1586664325	-0.0724253202	0.154587858	-0.1479513296	0.059671526	0.0390563938	-0.0688585096	0.0078889106	0.0241997527	-0.0701397842	-0.0566024294	-0.0073073003	-0.0866963955	0.0898870609	0.0424252948	-0.0834667028	0.0429408453	-0.0611110073	-0.1077484014	0.0261019272	0.0209826966	0.0863721997	0.035087606	-0.0541378287	0.1281054354	-0.0155516098	0.2183593108	-0.1699404606	-0.0150468233	-0.0675023464	-0.0037772242	0.0817723649	-0.0056352802	0.1034039074	-0.1181057816	-0.0612302115	-0.0646622629	-0.0450159009	0.0405100544	-0.0613290929	-0.1403453637	-0.0628997252	0.0119991518	-0.0739119516	0.0045468342	-0.0867601972	0.0292745335	-0.0958235738	-0.0251226678	-0.0957792722	-0.0249622835	0.1225988628	0.1294319803	-0.1900230269	0.0341643609	0.0442998423	-0.0798852706	0.0672997372	-0.0437615772	0.0228720571	0.0724472352	0.0668900013	-0.0145503117	-0.0989354006	-0.0634639992	0.0223850621	0.0895827034	0.0070375656	0.0820867085	0.0444404576	-0.1035477847	0.0893061086	-0.0782488469	0.0469309773	0.1722019826	-0.04569792	0.0359432918	0.0087923881	-0.0479319487	-0.0413024566	-0.0116232443	0.0326752668	0.2077694091	0.0460491956	0.1188858499	0.0686001172	-0.0559571818	-0.0645730196	0.0884905063	0.0497802142	-0.0917705304	-0.1285935799	0.1448165932	0.0959017104	0.0343746944	-0.0407391756	-0.0226464	-9.600000000001968e-06	9.21600000000378e-11	0.00051285943296	0.0113368	-0.0047508	0.0001285230342399	2.257010064000001e-05	-0.00912552	-0.03350032	0.0011222714401024	8.32751152704e-05	0.000305379	0.0006125449999999	9.3256333641e-08	3.752113770249999e-07	-0.000215507	-2.5736e-05	6.62341696e-10	4.6443267049000006e-08	0.000117926	0.0	1.3906541476e-08	0.0	0.0	1.0	0.0	0.0	0.0	0.0	0.0	0.0	0.0	0.0
289.26138320918204	-0.3636601753201489	0.1322487231138814	83672.14781608926	371.1690423106684	1.1216444240032502	137766.45796981873	1.2580862138975828	185.36907157254507	-0.1873936094720534	0.0351163648709644	34361.692695667334	184.2179765529542	324.7191487189353	1.284642	26.485031	0.0700367299999999	0.0333027	0.0326870289	-0.1353806926	0.0526804334	-0.0406476605	0.0748687463	0.1034951335	-0.0364299218	-0.0180229288	0.0192378657	0.0441336575	0.0417206184	0.0019910824	-0.0091354089	0.1136599216	-0.1339123129	0.0695472812	0.0054796178	-0.0643657354	0.0237365187	-0.0046753995	-0.0393005327	-0.0471535696	0.1228858988	0.0484381387	0.0797676261	0.1121450265	-0.1553843651	-0.0586542603	-0.0494170882	0.0751264804	0.0155752038	0.0460905941	-0.1574127389	0.1272144653	-0.0872442454	-0.1463023186	-0.0162172541	0.0506137036	-0.0407218874	-0.0101494886	0.1393235979	-0.1117713004	0.0548358201	-0.0200313766	0.0618600378	-0.0039484647	0.0661939958	-0.1418644524	0.0986770881	0.0579386267	-0.016188145	-0.0782571607	0.0067515186	-0.025157427	0.1684840808	0.0926290247	-0.0461404875	-0.020648773	-0.0179179225	0.1020006494	0.0284536775	-0.0230614934	-0.0698589709	-0.0394866297	-0.0248809384	0.1457142847	-0.0579995055	0.0051366078	-0.0128553154	0.0542965706	0.0061687323	-0.0229047347	0.085726068	-0.1068518138	-0.0815528187	-0.1042281481	-0.1542169046	0.1319999619	0.0699206046	0.0373737581	-0.0905592905	-0.0303862391	-0.0806511705	0.1646979911	-0.0743470162	0.0935586472	0.1243744618	-0.018688053	-0.0374950782	-0.0298559608	0.013958856	0.1536403995	0.1064617388	0.0251361259	0.0250362764	-0.0944592682	0.0185802329	-0.0096940831	-0.1145527662	-0.102522011	0.0075489956	-0.0202184981	0.1480395078	-0.0106285948	0.0040434965	-0.0675548225	-0.1400342528	0.05866319	-0.0188208114	0.0166340599	0.068127424	-0.0818040179	0.0225151639	0.0747925684	0.0143966553	-0.0227007704	0.0688158884	0.0048477015	-0.1152600399	0.0874312582	-0.0280230529	0.0262734908	-0.0618603779	0.070497912	0.0294949069	-0.0272740878	-0.1447602804	-0.1935516365	-0.0584965083	0.0040805769	0.024282475	-0.0813396308	-0.1009537256	0.0327415786	0.1081959632	0.0192089047	0.0204456237	0.0425630933	0.0277049738	0.1143127397	0.094276963	0.0292042644	-0.0482056202	-0.0226423	4.099999999999937e-06	1.6809999999999484e-11	0.00051267374929	-0.00755734	-0.01889414	5.71133878756e-05	0.0003569885263396	-0.0151603	-0.00603478	3.64185696484e-05	0.00022983469609	-4.29096e-05	-0.0003482885999999	1.84123377216e-09	1.2130494888995998e-07	0.000203772	0.000419279	1.7579487984100007e-07	4.1523027984000014e-08	-1.65806e-05	-0.0001345066	2.7491629635999996e-10	1.809202544356e-08	0.0	0.0	0.0	0.0	0.0	0.0	0.0	0.0	0.0	0.0
288.6160775651284	-0.6453056440536216	0.4164193742474593	83299.24022908023	369.6628062597756	-1.5062360508927668	136650.5903318524	2.268747041009038	185.18783657395696	-0.1812349985881098	0.0328461247132321	34294.53481494259	184.0309882756093	319.7466652088278	1.248207	25.73387	0.07593719	0.0539623	0.0424194669	0.0623662665	-0.1203028802	0.0284397034	-0.049511047	-0.1475997179	-0.0043254246	-0.0359343663	0.1062782242	0.0115819547	-0.0484329547	-0.0129018452	0.0613203113	0.0781736174	0.0399833341	-0.0734483759	-0.1720631871	-0.086383431	0.0161745513	-0.1064516659	-0.0085217531	0.0058449725	0.0894566872	-0.1423196041	0.0344618651	-0.024845287	-0.1357808977	-0.0868965311	0.0575882038	-0.0164099313	-0.0136510121	0.1266503635	0.1467976208	-0.0239385747	0.0800247156	-0.0308804603	0.1027899147	-0.0518646645	-0.0475235748	0.0410928597	-0.0394893214	0.0096625623	-0.1119497259	0.0216241115	-0.0870435688	0.1519221376	0.1242942876	-0.1042914431	0.2424646704	-0.0517827064	0.0161701593	-0.0695062776	0.0669924346	0.0962189115	-0.0012706482	0.0888037699	-0.1003495017	0.022215979	0.0487603855	0.0981111858	-0.0493145579	-0.0284721917	-0.0247285825	0.1438806941	0.0421757812	-0.0456188069	0.0676510929	0.1733226803	-0.0406175191	0.0264185477	-0.0892100413	-0.0873182496	-0.0352775005	-0.1116723943	0.0986241796	-0.0699792899	-0.0036370773	0.1227526687	0.0760686871	-0.0544024364	-0.0007630927	0.0685100997	0.0003969927	-0.1787682051	-0.1022789624	-0.0819094544	0.0397539411	-0.0548549385	-0.0128606626	-0.0721891441	0.0229518071	0.0197217617	-0.0293503326	-0.1097844672	-0.0781739375	0.0710640762	-0.1950604806	-0.0162333647	-0.0810835089	-0.249471304	0.082305845	0.0251735831	0.1043233968	-0.0379538336	-0.0925361837	-0.0583806549	0.0345916846	0.0672438086	-0.0821988203	-0.0616953757	0.1147232259	0.0071454095	0.0142068214	0.0243444465	-0.1219087536	0.038034834	0.0873230517	0.0721118501	0.1434509763	0.0657745466	0.0179136496	-0.1363289862	0.0605190637	0.0136085657	-0.0300465547	-0.0466200954	-0.0214634964	-0.1965051246	0.031169092	-0.0396870803	-0.0021203131	0.1182496602	-0.0801707379	0.0821274384	0.0396583325	0.0898333842	0.0187089098	-0.0413368444	-0.0862601639	-0.048261187	0.0926047444	0.0239750208	-0.0554536812	-0.0226396	2.7000000000013125e-06	7.290000000007087e-12	0.0005125514881599	0.0443851	0.05194244	0.00197003710201	0.0026980170731536	-0.00408083	0.01107947	0.0001227546554809	1.66531734889e-05	-4.29096e-05	0.0	1.84123377216e-09	0.0	0.000327517	0.0001237449999999	1.5312825024999992e-08	1.0726738528900002e-07	0.000117926	0.0001345066	1.3906541476e-08	1.809202544356e-08	0.0	0.0	0.0	0.0	0.0	0.0	0.0	0.0	0.0	0.0
289.06204642283694	0.4459688577085217	0.1988882220458436	83556.86668215835	370.4832816667927	0.8204754070171134	137257.86199459608	0.6731798935198979	185.3650643350992	0.1772277611422339	0.0314096793194887	34360.20707595546	184.243121809756	316.3330314403444	1.343648	27.701546	0.0211260999999999	0.0117017	0.0535733096	-0.056082337	0.0872988943	0.0449387179	0.0598127478	0.0630826761	0.0615172594	-0.018039144	0.106896833	-0.029335605	-0.1314408875	0.0826987975	0.027208323	-0.0474908724	-0.0428065573	0.1187629947	-0.0569186852	-0.0470473487	-0.0967807813	-0.0954878863	-0.0264572029	-0.1379943509	-0.0202326165	-0.1502793361	-0.1948932666	0.057338828	0.0753368415	-0.0415031544	0.0325277536	-0.1140363885	-0.022974923	-0.0601449977	0.0180619412	0.0770092118	0.0058298188	0.1769097423	0.0643841101	-0.0013293567	-0.1302175853	-0.0615149435	0.0915154337	0.0876344499	5.15645e-05	-0.0391196264	0.1446622766	-0.0359783371	-0.0626704937	0.0553027045	-0.0470824811	-0.0877084683	0.1244301946	0.0488212985	0.0034399038	0.0899400151	-0.0036278017	0.0377183288	0.0584448258	0.0729060874	0.0194894372	-0.0477683584	-0.0590704381	-0.0102412714	-0.0145602777	0.0587410863	0.0063502545	0.0485764742	-0.1142919532	0.0601749254	-0.0773069606	-0.0411344434	-0.1094598504	-0.0415027304	0.083666045	-0.0197542041	0.1972227844	0.1974164454	-0.0406100371	-0.0433454954	0.0379824043	-0.0002235205	0.1174051588	0.0426216235	0.0267656702	0.0371601578	-0.0309183278	0.0087440907	-0.1877471641	0.0133235762	-0.0381972194	-0.1097673735	-0.09817169	0.0072202815	-0.0953178018	0.0182041538	0.0788695774	-0.1616767223	0.0443179221	0.0019538205	0.0637342121	0.0440286808	0.1247708431	-0.0426735422	-0.1071149896	-0.0109556437	-0.07446961	-0.010989897	-0.0153580461	-0.0665832828	-0.0657520376	-0.0231788334	-0.0369199365	0.0737919549	-0.0444063466	0.015420068	-0.0389441008	0.0232517981	0.080079864	-0.0372282953	-0.0554206934	0.0613196516	-0.0481013325	-0.0877035325	0.0539218843	0.0508495903	0.013937313	-0.0189904762	0.0563452068	-0.1280539007	0.1310806576	0.0228571172	-0.0601514023	0.1858249532	0.0224202117	0.1054341897	-0.0082365207	-0.0713045877	-0.1004892207	0.1068158974	-0.0585587232	-0.0913354301	0.0908858965	0.0186974948	-0.0624505233	-0.0226395	9.999999999940613e-08	9.999999999881224e-15	0.00051254696025	0.0365646	-0.0078204999999999	0.00133696997316	6.116022024999991e-05	0.00125155	0.0053323799999999	2.8434276464399997e-05	1.5663774025e-06	-0.000170198	-0.0001272884	2.8967359204000003e-08	1.620233677456e-08	0.000295343	-3.2173999999999994e-05	1.0351662759999994e-09	8.7227487649e-08	0.000117926	0.0	1.3906541476e-08	0.0	0.0	0.0	0.0	0.0	0.0	0.0	0.0	0.0	0.0	0.0
289.61626926027435	0.5542228374374076	0.3071629535371711	83877.58342023974	372.0369734544199	1.5536917876272014	138411.50961712474	2.4139581709402087	185.49219674167864	0.1271324065794488	0.0161626488026822	34407.355052053616	184.3383489165826	323.4507323348616	1.371216	28.269903	0.027410035	0.0183608	0.0837510885	-0.0295866425	-0.1468347723	-0.0952995614	-0.1028018111	-0.0396952905	-0.0564894597	-0.1863121459	0.047595776	-0.0660216657	0.0008023944	-0.0455750271	-0.0477158124	0.0181766057	-0.0096092694	-0.1318539831	-0.1212381877	-0.0314823302	-0.1316461692	0.2239526236	0.0791890719	-0.0805203871	0.0831936537	-0.0612612302	-0.026526084	0.1083433738	-0.0527274798	-0.170638896	0.154813376	0.0840741179	-0.0085364514	-0.0444637772	0.0773322104	0.0462235295	-0.0479261593	0.0206814702	-0.1256279565	-0.1249393777	-0.0462476356	0.0609027162	0.083920816	0.0956303306	0.0015145327	-0.026563113	-0.0261142845	0.011148104	0.015207982	0.0811386487	-0.0169808299	0.1191895492	-0.0330516948	0.1778576361	0.0532555641	-0.1569088754	-0.0386596614	-0.0473146546	-0.0107653762	0.0210188519	-0.1548027815	0.0224374476	0.0856104178	0.0707787705	-0.0338032918	-0.0037856742	0.084364569	-0.0118423528	0.1252250897	0.1150223221	-0.1037808165	-0.1145331933	0.0927740849	0.1962558035	0.0355555189	-0.1047561007	0.0845009647	0.0231868834	-0.1328491378	0.0318622617	0.1896319357	-0.1012537643	-0.0615237389	0.0300055156	0.1020755767	-0.0418855007	-0.0306682029	0.0724447357	-0.0351930158	0.059265374	0.1640576141	-0.0552108192	0.0697933983	0.0475930407	-0.102878565	0.0641547385	0.024259819	-0.0252598036	-0.0236825385	0.0094567333	0.0547940067	0.0175114184	-0.1566454085	-0.0011745461	-0.093309516	-0.121273556	0.1581111503	-0.0040960572	0.0458476247	0.0335822357	0.0441371921	0.1742785216	-0.0218313256	-0.06057108	0.0902807608	0.0460387791	-0.0527776369	-0.0619202584	0.0735836146	0.1253574151	0.1006301894	0.0525389969	0.0444339022	-0.0584146805	-0.0212163756	0.0768906549	0.0927329789	-0.0787411243	-0.1086657292	-0.0988311773	0.1191393373	0.0891158508	-0.0281541627	0.0704256374	-0.1222918531	0.049307345	-0.0007321904	-0.0613596912	0.0517065883	0.0798038094	-0.2064270506	-0.0753123207	0.0891212848	0.0133823145	-0.0691644489	-0.0226464	-6.900000000000656e-06	4.7610000000009045e-11	0.00051285943296	0.0319961	-0.0045685	0.00102375041521	2.087119225000003e-05	-0.00832323	-0.00957478	9.16764120484e-05	6.927615763289998e-05	8.20541e-05	0.0002522521	6.73287532681e-09	6.363112195441004e-08	0.000282398	-1.2944999999999992e-05	1.675730249999998e-10	7.9748630404e-08	0.000117926	0.0	1.3906541476e-08	0.0	0.0	0.0	0.0	0.0	0.0	0.0	0.0	0.0	0.0	0.0
288.7535960850209	-0.8626731752534624	0.7442050073018911	83378.6392520314	370.1138987159266	-1.9230747384933125	136984.29802270318	3.698216449831122	185.31186960611	-0.180327135568632	0.0325178758223877	34340.48901691192	184.2019997763973	318.83255994014854	1.592546	32.832981	0.0438908049999999	0.0229484	0.1315169668	0.0999700753	0.06126713	-0.0531198741	-0.0052032235	-0.0039119757	0.1569220916	-0.0742363262	-0.0642783932	0.0608573495	-0.0642963384	-0.0481100351	-0.087391394	0.0205430545	0.1276753612	0.1143273693	-0.0231763797	0.0775459019	0.0802221746	0.0513296053	0.148044718	-0.0896487406	-0.0084395759	-0.0417740805	-0.0051190137	-0.0349057036	0.0049120833	0.0355061092	-0.2124980171	0.0727819974	0.0067575599	0.0285776695	0.1115809488	0.0635140194	0.1283863639	-0.0061890173	0.0935444521	0.0632291394	0.0546456476	-0.1361696549	0.0869620179	0.0150398664	0.000192543	0.0907750876	-0.0337691094	8.77434e-05	0.0708746991	-0.0868892207	-0.0405712616	0.0690925679	-0.003465072	0.0212212532	0.0967062689	0.0830725819	-0.1099920955	-0.072020171	0.1911801469	-0.0160819698	-0.0189299982	0.1282679602	0.2073686818	-0.0395899537	0.0912219317	0.0039014714	-0.0144439965	-0.1135027551	-0.11214837	0.0201446875	0.1329225134	0.0607598587	0.0220202089	0.1354228396	0.0283898169	-0.0196030918	0.0438804796	0.0226399621	0.0515741243	0.0105240276	-0.1015362181	0.1608666353	-0.0958256076	0.0227378431	0.0379853101	-0.0840771575	-0.1361755839	-0.101064739	-0.0267166307	-0.0128687189	-0.10274586	0.0482008158	-0.1400405218	0.1159762356	-0.0134017022	0.054925903	-0.0636905349	0.0159916208	0.0148418405	0.0357432956	-0.1202961293	0.0574500723	-0.0406006589	-0.0521156374	0.050450195	-0.0731210213	-0.107551808	0.0839235758	0.1182646874	-0.1681233336	-0.0029539902	0.0716251706	-0.0212356742	-0.2479735449	-0.0058156129	-0.0768507081	-0.0645610165	0.004749484	0.0642476517	-0.1459126835	0.07000582	-0.0579174335	-0.0096608751	0.024727006	0.0221607319	0.0239073053	-0.0066445897	-0.2172722309	0.0074937265	-0.0522872622	0.1393958459	0.0194099761	0.0244975357	0.179620993	-0.0526265333	-0.0335422347	0.0179152247	-0.1805073251	-0.1179582382	-0.0696242725	-0.0172511884	-0.1554492224	0.0873117978	0.008040184	-0.0755650422	-0.0226682	-2.1799999999998904e-05	4.752399999999521e-10	0.00051384729124	0.0426285	0.0106324	0.00181718901225	0.00011304792976	0.00123484	0.0095580699999999	9.135670212489997e-05	1.5248298256e-06	0.00020709	0.0001250359	4.28862681e-08	1.5633976288809997e-08	-6.61368e-05	-0.0003485348	1.2147650681104e-07	4.374076314239999e-09	0.000117926	0.0	1.3906541476e-08	0.0	0.0	0.0	1.0	0.0	0.0	0.0	0.0	0.0	0.0	0.0
288.95542737992264	0.2018312949017513	0.0407358716017177	83495.23901231374	370.62241731453867	0.5085185986120564	137360.97621607204	0.2585911651343697	185.36293018570865	0.0510605795986407	0.0026071827889491	34359.4158870319	184.1634084900409	317.44891813984066	1.400406	28.871695	0.03754895	0.0216945	0.0916181857	-0.1107809212	-0.0103207443	0.0384062936	0.0591575187	0.0581031036	-0.0399541622	-0.0990613223	-0.0047914344	0.1227616351	-0.0503366421	0.0197344951	-0.0215997606	0.1033303251	-0.1220632018	0.0115958442	-0.1302059892	-0.0578923104	0.1636698469	0.0131558003	0.0954558815	0.000118159	-0.0181546076	-0.0379771865	-0.0822184387	0.1188130821	0.0166598587	-0.0240086083	-0.0881686614	-0.0080911821	0.0079897661	-0.0366060236	0.0703491152	0.1537747446	0.1622092566	0.0404107613	0.04427389	-0.0381574412	0.0303384087	-0.0512154511	0.1053894249	-0.0789310286	-0.0547172433	-0.0209876007	-0.2021241815	-0.247163828	-0.1747394088	0.1779705957	0.0652888925	-0.0200402666	-0.0600860902	-0.0251321404	0.0086042571	0.0202427711	-0.097982214	-0.0123127266	-0.1444388179	-0.0865668242	0.0301210966	0.0882128835	-0.1784086148	-0.0468814607	0.0893994495	-0.0007125501	0.0366709072	0.1333200014	-0.0036356091	0.1482751742	0.0347492417	0.1782732803	0.0297685415	0.0348259429	-0.0686297261	0.0124752064	0.0363252186	0.0939813665	-0.1024514187	-0.006532191	0.0005181243	0.088424992	0.0001947081	0.0383477876	0.0492678984	0.0361228762	-0.1760408206	-0.1379305456	-0.0714739411	0.0125575312	0.0336754174	0.0107336885	-0.0458961476	0.1490894226	0.0122908997	-0.032098268	0.1211217034	0.2136048324	0.1799898199	-0.0141951428	0.2609407616	-0.0173241826	-0.0469960167	0.0580816398	0.0087937393	0.0120058832	-0.0339562463	0.03580782	0.1229478643	0.0906128301	0.0758455874	-0.104144036	0.1690888651	0.0975925534	-0.0457778834	-0.0983799665	-0.0003123632	0.0134659191	0.1139425914	0.0356657514	-0.0719315267	-0.0226328698	-0.0437929469	-0.0401076244	-0.0721572617	0.1001563533	-0.0908836328	-0.1686546559	-0.1122908742	-0.0965958919	-0.0161598964	-0.0075973868	0.0662326124	-0.0150328859	-0.0526010198	0.1008915725	-0.1528671195	-0.0495839572	-0.0208792315	-0.0159852441	-0.2065805571	0.1412796079	0.0854583468	0.0026818616	-0.081623307	-0.022664	4.199999999999343e-06	1.7639999999994478e-11	0.000513656896	0.0261208	-0.0165077	0.00068229619264	0.00027250415929	0.00126395	2.9109999999999943e-05	8.473920999999965e-10	1.5975696025e-06	-4.29096e-05	-0.0002499996	1.84123377216e-09	6.249980000015998e-08	-0.000236296	-0.0001701591999999	2.8954153344639996e-08	5.5835799616e-08	0.000117926	0.0	1.3906541476e-08	0.0	0.0	0.0	0.0	0.0	0.0	0.0	0.0	0.0	0.0	0.0
288.9051058169423	-0.0503215629803435	0.0025322597007846	83466.16016709863	370.6423489804407	0.0199316659020496	137375.7508577388	0.0003972713056309	185.3168884571489	-0.0460417285597429	0.002119840768769	34342.34914743937	184.1666723983548	321.90320255624965	1.480518	30.52334	0.10036533	0.062357	0.0913313191	0.0664300989	-0.071995168	0.0488768495	-0.1090419139	-0.0702735132	-0.011989545	0.0438165184	0.0835902254	0.0657329036	-0.0353450871	0.1433008504	0.0614211154	0.0338060041	0.046601447	-0.0363457729	-0.0284980281	-0.0139283277	0.1181339136	-0.1245864069	-0.0926109924	-0.0443862179	-0.186289964	-0.0560605297	0.10296474	-0.0676933437	0.0754697534	-0.0082903271	-0.0039485077	0.0170589362	-0.0866737302	-0.0047405183	0.017494311	0.0228371623	0.0364765675	-0.2144055134	-0.0154771351	-0.0476294849	-0.0281825937	-0.0353246508	-0.0879726639	-0.11264316	-0.0683701143	0.0836597894	-0.0450258759	0.0819564741	0.10217367	-0.0798384836	-0.106031764	0.0447139963	-0.0505626471	0.1306866983	-0.0218573893	0.0236210097	-0.0732605735	0.074428438	-0.020157018	-0.0088795031	-0.2018189161	0.0568959824	-0.0142529691	0.0492919358	-0.1040290242	0.0488316435	-0.0573064046	-0.0521358725	0.033372378	0.0387614313	0.0238711113	0.0902518103	-0.0125071219	-0.1418847542	0.0649865916	0.1842279275	0.0606036252	-0.0745144383	0.0827237136	-0.0848401894	-0.0294353688	-0.0298348128	-0.0153859227	0.1219928379	0.0365931174	0.0067182145	-0.0645289696	-0.0093808867	0.1962500729	-0.0361164723	0.0526229232	-0.0335250921	-0.0583034123	-0.001386673	0.1062352152	-0.0781801377	-0.1214482271	0.0528787397	-0.056763775	0.0170692248	-0.1671588999	0.0918804481	-0.0816089106	0.0295526985	-0.0940939061	-0.0747451966	-0.0243424586	-0.0932972051	0.0437466277	0.056229572	0.0677010026	0.1566278091	0.0486967191	0.0155541919	0.0283529434	0.1038986876	0.035920296	0.0570137136	-0.0435017153	-0.0070026928	0.1475486558	-0.0281762366	-0.135440664	-0.0213612601	-0.0524051017	0.3210601743	0.080136107	-0.0844672806	0.2587192214	-0.1009943913	0.0945751196	-0.1355150122	0.1428958439	0.000217375	-0.0924764645	0.0052309691	0.1454849018	0.0133054261	-0.0091965488	-0.1598900913	0.3300851356	0.090068622	0.0835618648	-0.0026818616	-0.0873117978	-0.0226989	-3.49000000000009e-05	1.218010000000063e-09	0.00051524006121	0.0605028	0.034382	0.00366058880784	0.001182121924	-0.0468891	-0.04815305	0.0023187162243025	0.00219858769881	0.000253407	0.0002963165999999	6.421510764899999e-08	8.780352743555997e-08	-0.000176705	5.959099999999998e-05	3.5510872809999967e-09	3.1224657025e-08	0.000117926	0.0	1.3906541476e-08	0.0	0.0	0.0	0.0	0.0	0.0	0.0	0.0	0.0	0.0	0.0
289.0067013811601	0.1015955642178028	0.0103216586687336	83524.87344321904	370.8481897705967	0.2058407901560031	137528.3798561285	0.0423704308920477	185.3216919974821	0.0048035403331994	2.3073999732673478e-05	34344.12952480962	184.15235447454228	315.64741953151434	1.324114	27.298813	0.15692876	0.087716	0.0324498047	-0.0615567287	0.0459972791	0.200668484	0.0063973553	0.1007601078	-0.0114408905	0.063608594	0.0946583562	0.0436468364	0.0332794466	0.0485152503	0.2673542828	-0.0912714651	-0.0735715265	0.087872228	-0.0464787272	-0.1032492453	-0.0537397345	-0.132550132	0.000579836	-0.0094626738	-0.1691210874	0.0162008671	0.0145853116	-0.0953262123	0.1276090811	-0.1122643611	-0.0017644834	-0.0708230186	0.0810366195	0.0251506962	0.0933839801	-0.1070133013	0.1148044552	-0.0372654036	-0.0803986287	-0.1030277557	0.0573458571	-0.0283999121	0.071121101	0.1021801559	-0.0700022071	0.0246970333	-0.155127815	0.0476240581	-0.0373138175	-0.0429188331	-0.1111195641	0.0771748183	0.0881952849	-0.1770310784	-0.1055543675	0.0389457022	-0.0227169971	0.1311501431	-0.0968464727	-0.0017817411	0.0329829547	0.0667455233	0.0866114208	0.0805539494	0.0280894565	0.0288449417	-0.1213780381	0.0774996778	-0.0809790898	0.0638626749	-0.0953095035	0.0443474563	-0.1402215135	-0.055773564	0.0131100571	0.1517416763	0.0039327874	0.0059643635	0.1313551845	-0.1207519286	0.0944052417	0.0522351346	0.0750109323	-0.0416525613	0.0337444473	-0.1449006648	0.0196001039	-0.0894267621	0.0745934825	0.0532863449	0.1241328956	0.0266785225	-0.032093323	0.0664949351	-0.1594383608	0.0044421361	-0.0119929488	0.1491809185	-0.0339344724	-0.0556132403	-0.0200070617	0.0939352636	-0.0099782465	-0.1305372467	0.1055539916	0.1780759177	-0.0642747532	-0.1530556034	-0.0327932221	0.065323708	-0.0087812847	-0.004229691	0.0036729353	-0.0898017259	0.0378726429	-0.0223572568	0.0066447155	0.0797697203	0.0602798684	-0.0256464336	-0.0593449778	0.1566167977	-0.1479419189	-0.0244232101	-0.1416627165	0.0803155836	-0.0260170517	0.054485545	0.0016867812	0.0485509448	0.0711391001	0.0071538312	-0.1959756803	-0.0952276524	0.1832753414	0.1707921746	0.0488656085	0.1626248934	-0.0408996843	0.0596430817	0.3189912216	0.0065647419	0.081623307	-0.008040184	-0.0926047444	-0.0138506	0.0088483	7.829241289000002e-05	0.0001918391203599	-0.0072762599999999	-0.0677790599999999	5.294395958759854e-05	0.0045940009744835	-0.0105429	0.0363462	0.00132104625444	0.0001111527404099	-0.000555089	-0.000808496	3.081237979210001e-07	6.536657820160001e-07	-0.000106097	7.060800000000001e-05	4.9854896640000015e-09	1.1256573409e-08	0.000117926	0.0	1.3906541476e-08	0.0	0.0	0.0	0.0	0.0	0.0	0.0	0.0	0.0	0.0	0.0
289.29928613660275	0.2925847554426468	0.0856058391174334	83694.07695914795	370.7734847126655	-0.0747050579312258	137472.97696597318	0.0055808456805078	185.58072862923865	0.259036631756544	0.0670999765917753	34440.20683855912	184.41341312101105	315.7975188578208	1.266741	26.115982	0.027012706	0.0161061	-0.0361827148	0.0218075977	-0.1195882279	0.1493854734	-0.1177343291	-0.054396546	-0.0654249089	0.005421318	0.1102860836	-0.082484723	0.1576842638	-0.1934561913	0.2751318269	-0.0094569979	0.0275021748	-0.1023800305	-0.1387239337	0.0586307248	0.017364801	0.0356836544	-0.0367310023	-0.034520436	-0.0701471748	-0.1440325756	-0.0510779289	0.0426491041	0.0563513035	-0.0303000006	0.1121063354	-0.0112152105	0.1080938099	-0.0316121639	-0.1457476221	0.1490749045	-0.0060555161	-0.0158085069	0.1239380002	-0.1187154153	-0.0027792757	-0.0305762209	0.0394266701	0.026977983	0.1469250616	-0.1289405542	-0.0860708283	0.1463643861	0.1327927465	-0.0382059073	-0.0765405453	-0.0452623491	-0.1076377863	-0.1441870448	-0.0377670895	0.1272301176	-0.019007108	0.0826527594	0.0118313126	0.0530339221	0.0631657699	0.06841275	-0.1609319761	-0.0739759668	0.0373588034	-0.1138524977	-0.1050670169	-0.0349066256	0.0967698254	0.1382734378	0.0429818578	-0.0335678734	0.0410934045	-0.006112666	0.0170944183	0.0615795481	0.1690106672	0.0345168071	-0.0402936156	-0.0594835407	0.076485325	-0.0864643233	0.0435096	-0.1002635986	-0.0275915399	0.1653968306	-0.0896142115	-0.0417845661	-0.0388004757	-0.1357477241	0.0800174161	-0.0335335184	0.0659256629	0.0029355968	0.0371840674	0.1529691096	0.1126046825	0.0349398514	-0.2015953484	0.0721908234	-0.1272092771	0.0774543955	0.0374962056	0.0742387383	0.1476356406	0.056993351	-0.1459041841	-0.0515338668	0.0050576627	-0.0160161711	-0.0737583105	-0.0459780068	0.115362902	0.0852323244	-0.1347652054	-0.0779889379	0.1306306607	0.03130532	0.0844250145	0.0989543962	0.1188199288	0.0667432546	-0.1224050432	-0.1191613859	-0.1004295707	-0.0027476199	0.0268249192	0.0146044715	-0.236243457	0.1124911592	-0.220755824	0.1372777843	-0.2463005425	-0.0950883855	0.0857876401	0.0726531928	0.0120022689	0.071994495	0.0678590329	0.0049133623	-0.1808721461	-0.0771950949	0.0796436494	-0.0133823145	-0.0974781683	-0.0101798	0.0036708	1.347477264e-05	0.0001036283280399	0.00281688	0.0100931399999999	7.9348129344e-06	0.0001018714750595	0.0007869659999999	0.0113298659999998	0.0001283658635779	6.193154851558426e-07	-0.000593467	-3.8377999999999936e-05	3.52203080089e-07	1.4728708839999951e-09	-0.000106097	0.0	0.0	1.1256573409e-08	0.000117926	0.0	1.3906541476e-08	0.0	0.0	0.0	0.0	0.0	0.0	0.0	0.0	0.0	0.0	0.0
288.6782762731252	-0.621009863477525	0.3856532505363741	83335.1471920228	369.6681632034987	-1.1053215091667994	136654.55088624856	1.221735638626771	185.3076716043863	-0.2730570248523634	0.0745601388212242	34338.933155439074	184.1898066968149	317.6890557309774	1.232218	25.404224	0.038432526	0.0208642	-0.0525586516	0.1210032566	0.0931064222	0.1530669437	-0.0117761417	0.0194082353	0.0879826564	0.1384796775	-0.0072367188	-0.1138836417	0.1401022952	-0.2606720989	0.1795355176	-0.0474717822	0.1321922287	0.0768118701	-0.0009036399	-0.0271711817	-0.1278900932	-0.0522674422	0.1359607781	-0.0317627126	0.0314627252	0.1173807722	-0.0933198106	-0.0150570522	0.032611114	0.0976970161	0.1123807781	-0.0337659373	0.1069898639	-0.0402716554	-0.0656929401	-0.0199870801	0.0521994291	-0.1486121157	-0.0749768428	0.0285533507	-0.0501173482	-0.0112951443	-0.04076198	0.0849302755	0.0624375928	-0.1634347563	0.0862909373	0.1153345877	0.0199678033	-0.0534222448	0.0079207696	0.1470042254	0.0579045051	-0.1369840599	-0.0502638126	-0.0960395619	0.0445227021	-0.0419140858	-0.0303562821	0.0210604503	0.0222210807	0.0573928738	0.0121621424	0.0640047414	0.0915278679	-0.1453672105	-0.0157430615	-0.117904144	-0.0893038261	-0.0012320735	-0.034323395	-0.0321462007	-0.1336897577	0.1307446529	0.0245856141	-0.0306943213	-0.1121912757	0.1180359493	0.0235121511	0.0031277275	-0.0449226929	-0.1076936305	0.0719295507	-0.1169649468	-0.0108860448	0.0688298214	0.0185835885	-0.0419167605	0.181201854	0.0565599951	0.0100998203	-0.0261819644	-0.0031126827	-0.0877648931	-0.0498615354	0.0746027545	0.1182267367	-0.1063357235	-0.1240607173	-0.022560266	-0.0603087598	-0.0540862295	-0.0792722797	-0.1458934551	0.0803097636	0.1375975607	0.0790847386	0.0303820748	-0.0328790579	0.0209118927	-0.0227659634	0.0052052519	0.0371334159	-0.0309790767	0.0415680652	-0.1256125417	0.1830927992	-0.0257485114	0.0705112761	-0.1431927329	0.1116346379	0.0383928085	-0.2046238468	-0.0522453164	-0.0631638475	-0.028225272	0.0243066008	-0.0660689821	-0.1037513801	0.1762715526	-0.0510790627	0.1666053766	-0.1327206945	-0.1358056366	-0.0411789915	-0.0129151428	0.1266567585	0.0946686787	0.0525882234	0.0513199825	0.1536497369	-0.0536492664	0.0776238888	-0.0186974948	-0.1019099918	-0.0130729	-0.0028931	8.370027610000005e-06	0.00017090071441	0.0197076	0.0168907199999999	0.0003883894977599	0.0002852964221183	-0.00788539	-0.0086723559999999	7.520975859073427e-05	6.217937545210001e-05	-0.000541922	5.154499999999996e-05	2.9367945408400004e-07	2.656887024999995e-09	-0.000254079	-0.000147982	2.1898672324000003e-08	6.4556138241e-08	0.000117926	0.0	1.3906541476e-08	0.0	0.0	0.0	0.0	0.0	0.0	0.0	0.0	0.0	0.0	0.0
287.99621952556333	-0.6820567475618873	0.4652014068947	82941.82246101646	369.7873472811528	0.1191840776540971	136742.6822092319	0.0142048443662578	185.096922464026	-0.2107491403602921	0.0444152001626021	34260.87070565365	183.93230323972296	308.79864352706846	1.679034	34.616089	0.07530404	0.0383377	-0.1350389343	-0.0935151581	0.0281560651	0.185855736	0.1088012262	0.0579910729	-0.1394971473	0.1254663037	-0.0178779536	0.0451393376	0.1262312459	-0.1307103578	0.1013287859	0.1090783869	-0.153686567	0.0478810698	-0.1002559784	-0.0010027246	0.0864297865	0.0368594758	0.1425991461	0.0693635377	-0.0171670581	-0.015308751	0.0595736351	-0.118960097	-0.0006952254	-0.1069519521	-0.1199484261	-0.0076920648	0.0254954716	0.0002695181	-0.0318544033	-0.0941743409	0.0685147123	-0.1904815656	-0.1038271895	0.143141124	-0.0085460035	0.0044428577	-0.0710528133	-0.0603377727	0.1498421442	0.0144248278	-0.0414589242	-0.0541366637	-0.1764902005	-0.0583598475	0.0771712343	-0.0569305751	-0.0737483111	0.1770327196	0.0780664424	-0.0490033922	-0.0718919088	0.0510518046	0.1567725595	-0.163061503	0.0869120442	-0.0112890311	-0.0409396563	-0.1066139619	-0.0935822738	-0.1999824549	-0.0097249764	0.1706709677	-0.0396134897	0.1048004241	0.0575053541	0.088914978	0.010133054	0.1132239705	-0.1071870239	0.0084289751	-0.0060832642	-0.0640708556	0.1269378332	-0.0096264893	0.0668684636	0.1134418097	-0.0184961186	0.0116869501	0.0053223075	0.0086630065	0.0470491375	-0.0385586486	0.2295539325	0.1115805661	-0.0956967451	0.0006960527	0.0151501779	-0.047253162	0.1424975701	0.0971737673	0.002294166	0.0657263746	0.1031124088	-0.1665668166	0.0016413031	-0.0645579721	0.006324164	0.0840327055	-0.0730039249	-0.183891771	0.0235345607	-0.0221858275	0.0346895389	-0.1837178094	0.157056557	-0.1121929769	0.0334126414	-0.0165834479	-0.1160814882	0.0608539361	0.1297273996	-0.0888876579	0.1254855126	0.034787291	-0.0597303253	-0.0236457617	-0.2829866102	0.0099641301	-0.0226801725	0.0497734815	-0.1468405963	-0.0487601135	-0.1214043101	0.0753984079	-0.0453881587	0.0258937082	-0.0297509813	0.0714599544	0.0026838038	-0.0250898838	-0.0089016361	-0.0581427583	-0.0276021951	-0.1554417608	-0.1112811567	-0.1598293497	0.0755650422	-0.0239750208	-0.1058801375	-0.0162674	-0.0031945	1.0204830250000009e-05	0.00026462830276	0.0435601	0.0238525	0.0018974823120099	0.0005689417562499	0.0218104	0.02969579	0.0008818399437241	0.00047569354816	-0.000400927	0.000140995	1.60742459329e-07	1.987959002500001e-08	-0.000106097	0.000147982	2.1898672324000003e-08	1.1256573409e-08	0.000200174	8.224800000000002e-05	4.0069630276000003e-08	6.764733504000003e-09	0.0	0.0	0.0	1.0	0.0	0.0	0.0	0.0	0.0	0.0
288.0007660364149	0.0045465108515827	2.0670760923559724e-05	82944.4412375618	368.4320186723783	-1.355328608774471	135742.15238300373	1.8369156377625429	185.17115151830467	0.0742290542786747	0.0055099524991064	34288.35535461495	184.03836001717085	309.7121386654734	1.214936	25.04792	0.027944	0.0154679	-0.1531815583	0.1031451323	-0.0768569483	0.0891464549	-0.0082732179	-0.1693678186	-0.0443196253	0.1465493701	0.0641289222	-0.0120017055	0.0547066963	0.128806266	0.0459132195	0.0585906121	0.040262942	-0.0789786788	-0.141420348	-0.0565448511	-0.0646059635	-0.1157485689	-0.1648596157	-0.0578503984	0.0191256617	-0.060050215	0.1253718413	0.062841523	0.0788700499	-0.0380033863	-0.0392957076	0.036644767	-0.1554611336	0.0635512226	-0.0467507571	-0.072300153	-0.0050940514	-0.0691599149	-0.084923293	0.1441242144	0.1101256378	-0.1473981669	-0.0113592907	0.0526820237	0.0221001808	-0.022792667	-0.0952341676	-0.0438378785	0.0893124201	0.0747242846	0.0745427524	-0.005437817	0.0070191978	-0.1163102585	0.0041346365	0.0525180008	0.0026848105	-0.1320776231	-0.0452586722	0.0751530008	-0.1379936523	0.047870675	0.1726849539	-0.0714064012	-0.0311263594	-0.0751645747	0.1322386905	-0.0497377419	0.071332742	0.1448241894	-0.0594897737	-0.0425180548	-0.0674294525	-0.1522797036	0.1133201449	-0.0209365339	0.0419087507	-0.1165169194	-0.0671299956	-0.1138436521	0.012714373	0.0272466163	-0.0747315842	0.1342426197	-0.0905727367	0.0126564435	0.0725251864	0.0407345348	0.1103909934	0.0649505408	-0.0944505834	0.1275508058	-0.1181758374	-0.0159684	-0.0235636032	0.0783829191	0.0114667076	0.1195982959	-0.0087142957	0.0988287878	0.0480089248	-0.0647399031	0.018468442	0.0042869051	0.0636950892	0.0646006905	-0.0698186403	0.106916163	0.0394015209	0.0857782545	-0.0415501378	0.1535537358	-0.0196095404	-0.1171286386	0.0084582069	0.0665020119	-0.039712322	-0.1952786436	0.0842652489	0.0477612383	0.1840858209	0.0097365006	-0.2623168993	0.0091982208	0.0143940724	0.0784467359	-0.0610133262	0.1197543901	0.0445750024	-0.0334172433	-0.0299750071	0.0160607069	-0.0257427988	0.0963289859	0.0716613949	-0.0374636968	-0.0852941325	-0.057058697	-0.1707507067	-0.1082116754	0.1187619068	-0.0345263927	0.0734681463	-0.0292042644	-0.1093706198	-0.0226484	-0.0063809999999999	4.071716099999997e-05	0.00051295002256	0.0475902	0.0040301	0.00226482713604	1.6241706010000014e-05	0.0206111	-0.0011993	1.438320490000001e-06	0.00042481744321	-0.000156503	0.000244424	2.4493189009e-08	5.974309177599999e-08	-0.000106097	0.0	0.0	1.1256573409e-08	0.000117926	-8.224800000000002e-05	1.3906541476e-08	6.764733504000003e-09	0.0	0.0	0.0	0.0	0.0	0.0	0.0	0.0	0.0	0.0
288.17593239327	0.1751663568550725	0.0306832525738786	83045.36801073051	368.8058587636762	0.3738400912978932	136017.7614584127	0.1397564138616171	185.1375791839232	-0.0335723343814606	0.0011271016358206	34275.92322608343	183.99484867981823	316.44501683327155	1.556912	32.098335	0.06598509	0.0371705	-0.1683817459	0.0138205449	0.1352528075	0.0382023585	0.0990707622	0.0081520079	0.0063491085	0.1964194579	-0.0227323169	-0.1411373092	-0.0605379594	0.1026024321	0.0500442868	-0.0859707429	-0.0133336214	0.0780446812	0.0453287776	0.0189248683	-0.1545636703	0.0510283386	-0.0264147402	0.1804841494	-0.0261484626	0.0712250331	-0.0080524088	0.1230701072	0.1347646356	0.0303152738	0.0738132869	-0.1334002878	-0.0368475975	-0.2218656863	-0.0669672744	-0.0791550108	0.0724816712	-0.0521976804	0.0780676359	-0.0954644892	0.0924629153	-0.0543062841	0.0153446559	-0.0788896268	0.1255421801	-0.0230740137	-0.0489118624	0.1543344353	-0.1261164403	0.0710668927	0.0503897982	-0.0177773232	0.079930377	0.0840386418	0.1777773237	-0.0257063831	0.0188486451	-0.0438318204	-0.0446395807	-0.0892202009	0.0477676489	0.0816171082	0.0843925769	0.0409843822	-0.1230023649	-0.0103822173	-0.1076128154	0.0044519501	-0.0844873578	-0.0591130886	-0.0713589372	-0.1791992612	0.0022982236	0.012850303	-0.1497508106	0.0535809843	-0.0825834932	0.0159653886	-0.0981907412	-0.1248614691	-0.0183288563	-0.0270350902	0.1726159192	0.0465129573	0.1171488302	0.1149454815	0.1138058534	-0.1149082658	0.0482911857	-0.1343408058	0.0866293799	0.0919789079	-0.0209223898	-0.0143963501	0.1063787042	0.0775005879	0.0879324074	0.0313657618	-0.0764411736	-0.1346549114	0.1063074655	-0.0020047405	0.1077257745	-0.110835018	-0.0174028583	-0.1741059192	0.0488165712	0.0382124969	0.0454408544	0.0531527756	0.0303844181	-0.0312177991	0.0016855709	-0.1494962738	0.0576320781	0.1071336556	0.0670872596	0.0694577583	0.0081086475	-0.0770952076	0.0444675009	0.0987857758	-0.3209320565	0.0040000991	0.0698687812	-0.008231006	0.1698190825	0.0247932865	0.1133885908	-0.0176050461	-0.0835828814	0.01978334	0.002002595	-0.0456988282	-0.047655471	0.1029915946	0.0124306544	-0.0617324199	0.1642585948	-0.1181076695	-0.1472732449	0.0358891233	0.0713342571	-0.0343746944	-0.1123656258	-0.0190611	0.0035872999999999	1.2868721289999988e-05	0.00036332553321	0.0458882	-0.001702	0.0021057268992399	2.8968040000000077e-06	-0.0078993199999999	-0.0285104199999999	0.0008128440485763	6.239925646239843e-05	8.94424e-05	0.0002459454	7.99994291776e-09	6.048913978116e-08	-0.000423417	-0.00031732	1.0069198240000001e-07	1.79281955889e-07	0.000198368	8.044200000000001e-05	3.9349863424e-08	6.470915364000002e-09	0.0	0.0	0.0	0.0	1.0	0.0	0.0	0.0	0.0	0.0
287.90322264107823	-0.2727097521917585	0.0743706089404903	82888.26560711826	368.2119362770932	-0.5939224865830397	135580.03001692612	0.352743920068981	185.33088338277423	0.193304198851024	0.0373665132934362	34347.536335439465	184.1730118864521	308.56137394013365	1.387638	28.608461	0.0426701199999999	0.0201905	-0.2273996114	-0.0296716003	-0.0369929949	0.0147131038	0.077672481	-0.0557271205	-0.1266081676	0.0899543861	-0.1733318681	-0.073504283	-0.0478633464	0.1177300363	0.0497165815	-0.1881337397	-0.0530841271	-0.0895899571	0.0591124673	0.120917476	-0.1631523776	-0.2015825955	0.0493640874	-0.0671040748	0.0653877259	0.1581093179	0.1957128141	0.0075716182	-0.0932161113	0.1320377505	0.0191954042	0.0663392465	-0.046562014	-0.1138787397	-0.0617204863	-0.0472741524	0.191102201	0.0006397345	0.0898000194	-0.1242545224	0.0675794553	-0.0849180944	-0.0857756891	-0.04004802	0.1158234589	-0.0383484415	0.0469057425	-0.0867870767	-0.0531155745	0.069988863	-0.2292265804	-0.0282266452	-0.1396991558	-0.035644816	-0.0154933235	0.1241355524	-0.1215970036	0.1620460092	0.0062272282	-0.0130802592	0.0585997609	-0.0449792771	-0.0629091576	0.0065426421	-0.0328902943	0.0214821267	0.0504448702	0.0540579766	0.0950843669	-0.0689494728	0.0840902273	-0.1156129047	-0.2397331664	0.0036835995	0.128495567	-0.0289678468	-0.1910828553	-0.1427007718	-0.0178846453	0.0328659772	-0.1106579661	-0.0614448785	-0.0534391721	0.0362260228	0.1021389909	0.0802883221	0.0672894118	-0.2469057609	-0.0290484527	-0.079693689	0.0690960415	0.0357819832	-0.0647626184	-0.1137841673	0.079851023	0.0720607188	0.0688188694	-0.0210467103	0.0970285328	0.0218485574	0.0033481161	0.2314134824	-0.0344837005	0.1075835131	0.0340085124	0.0198376236	-0.1399425102	-0.1799076247	0.1015717466	-0.0288195812	0.0386471563	-0.0804901973	-0.0132057592	0.1011445527	-0.0175263122	0.0308944648	-0.0343990147	-0.01322511	0.0637542613	0.0587285833	0.1046565501	0.1763985707	-0.3030022024	0.1535275281	-0.0163979633	-0.1406408668	0.0155625785	-0.1064648262	0.1725836993	0.0333375295	-0.0080522614	0.0033923279	0.2051808441	-0.0158244392	-0.0036002795	0.0183825878	-0.0818476835	0.0538603672	-0.0144902297	0.1186021613	0.1000210231	0.067831886	0.0691644489	-0.0394758984	-0.1148515874	-0.0226384	-0.0035772999999999	1.279707528999999e-05	0.00051249715456	0.0624625	0.0165743	0.0039015639062499	0.00027470742049	-0.00159733	0.0063019899999999	3.9715077960098746e-05	2.5514631289e-06	0.000280132	0.0001906896	7.8473937424e-08	3.636252354816e-08	-0.000531692	-0.0001082749999999	1.1723475624999992e-08	2.82696382864e-07	0.000173002	-2.5366e-05	2.9929692004000006e-08	6.43433956e-10	0.0	0.0	0.0	0.0	0.0	0.0	0.0	0.0	0.0	0.0
288.37916105381845	0.47593841274022	0.22651737272168	83162.54053010416	368.4164514124972	0.2045151354040513	135730.68167137692	0.0418264406093374	185.2729926015096	-0.057890781264632	0.0033513425554294	34326.08178751903	184.1245116392018	310.34815618466206	1.477717	30.465605	0.110935329	0.0520253	-0.1401026826	0.0413456468	0.0329275638	-0.0095449133	0.0089860377	-0.028929245	-0.0171219179	0.1290389443	-0.2588339384	-0.0360192318	-0.0732522872	0.2194968803	-0.017300285	-0.1764854737	0.0093263998	-0.0406918392	0.4903089543	-0.1571574024	0.0333128464	-0.1271084367	0.1174813974	0.3194137286	-0.0888120438	-0.0755957894	0.1876482142	0.0554397706	-0.026977212	-0.023625804	-0.1037273763	-0.029400043	-0.1319711789	0.0926027422	0.0324544447	0.1089232418	-0.066580434	0.1245825286	-0.0527142914	-0.1414513149	0.0013434397	0.0688908122	0.0644170557	0.0465655465	-0.0574664928	-0.1222280036	-0.1311143458	-0.0080407574	0.0035653464	0.0420156238	0.1081835212	-0.0756220526	0.0850624758	0.0470445982	-0.0855453732	0.0003725801	0.0375129016	-0.1000519151	0.0392409361	-0.056347684	-0.0377051424	0.0309970848	-0.0940831688	-0.0343779732	0.0613804247	-0.0159902917	-0.0255188955	-0.0154256976	0.0275206749	-0.4621912625	-0.1081922384	0.1906947556	-0.1635062977	-0.0232951691	-0.3071873333	0.1026169347	-0.0257238855	-0.2478092832	-0.0626544442	-0.0218226698	-0.018357678	0.0820700936	-0.0185791759	0.1267673233	-0.0849793843	-0.0134072404	-0.0729106848	0.0978870064	-0.1518088788	0.0220558334	0.1384285277	-0.0280985019	0.0662901837	0.0553228467	-0.0850975049	-0.01872997	0.1026877564	0.1020172238	-0.048620358	0.0325280751	0.0360734042	-0.1137826686	0.0481139728	0.0218807076	-0.1148029635	0.0206168534	-0.0270265295	0.1039958819	-0.0840844436	-0.0265779372	0.0501235003	0.0133271158	0.1076667068	0.0498615886	-0.024625004	-0.0562596967	0.01505495	0.0137096369	-0.441390199	0.0443663407	0.0093337691	0.0606736443	-0.1671931566	0.0271998138	0.2617679095	-0.0579038467	-0.1362822672	-0.25238019	-0.1104612874	-0.280370639	0.2738579285	-0.1152816238	-0.162650396	-0.2171603413	0.1492800954	-0.3247664195	-0.26882024	0.2266678512	0.0216273509	0.1234122947	-0.0450781439	0.0355630703	0.0669598143	-0.0444976032	-0.1168172427	0.000654119	0.023292519	0.0005425414413653	4.27871666161e-07	0.0397069	-0.0227555999999999	0.00157663790761	0.0005178173313599	-0.0079311399999999	-0.0063338099999999	4.011714911609874e-05	6.290298169959843e-05	0.000664937	0.000384805	4.42141213969e-07	1.48074888025e-07	-0.000106097	0.0004255949999999	1.81131104025e-07	1.1256573409e-08	0.00053367	0.0003606679999999	2.848036689e-07	1.3008140622399998e-07	0.0	0.0	0.0	0.0	0.0	0.0	0.0	0.0	0.0	0.0
289.7311745729348	1.3520135191163265	1.8279405558733128	83944.1535194124	371.01356386443945	2.5971124519422237	137651.0645713925	6.744993088033347	185.4943057342897	0.2213131327800965	0.0489795027409406	34408.13745984614	184.3515667540202	322.0970140188698	1.598174	32.949017	0.0758596975	0.045282	-0.0400442946	-0.0102650535	0.0376727647	-0.0791021518	-0.0345649091	0.047495325	-0.0195698781	0.100982028	0.037386726	0.0338487942	0.0328804619	0.0959404812	-0.1973227887	0.0336828511	0.0188830247	0.0107896649	0.3545416481	-0.0649474158	0.2322681435	0.1058806557	-0.1560937138	-0.0462170795	0.1807148074	-0.159276533	-0.1449745562	0.0172697782	0.1174164686	0.1265321785	-0.0436388464	0.0412582591	0.00133719	0.0051936115	-0.0603584959	-0.0533420879	0.0310256697	0.0732719917	-0.013302601	0.1350876561	0.0763140652	-0.0351044425	-0.0175597953	0.0063208588	0.0237493436	0.1127719169	-0.1455848353	0.2474766413	-0.1110899685	0.0609089936	-0.0120116974	0.0175384519	-0.0854397357	-0.1674286865	-0.0271779412	-0.1365870115	-0.07315201	0.0825670841	-0.0204955432	0.029133697	-0.0190206439	-0.0491851004	0.102269671	-0.0738763572	-0.1381171643	-0.0058561028	0.0529412301	-0.0133429751	-0.0090636928	-0.358285174	-0.0135451139	0.1591858578	0.2200864343	-0.1439908749	-0.0009179919	-0.20146413	0.1679429712	0.1447641191	-0.0154109696	-0.0897630597	-0.1340809354	0.0117300595	-0.0428699916	-0.0331422323	-0.063458018	0.0443692805	0.0524595072	-0.0454059035	-0.0307134215	0.0533935397	-0.1006723275	0.0816713805	0.019596478	0.0119290024	0.0420373248	0.0570823374	-0.1093974465	0.1492755149	-0.2014684852	-0.1585682902	0.105135358	0.0784383594	0.0129744205	0.000760994	0.157942133	0.0887954599	0.1118303889	-0.0848600378	0.0333806846	-0.0088774033	0.0306743881	0.0602252222	-0.0359593679	-0.036018563	-0.0682073483	0.1498500899	-0.004838384	-0.0631771157	-0.4287063761	0.0556529984	-0.113961471	-0.1267906397	-0.0037672335	-0.1043168144	0.0618318453	0.0565889012	0.0238896301	-0.0321555274	-0.0836979523	-0.0718875376	0.0503429706	0.0545042149	-0.0286380393	-0.0538003946	0.2894516322	0.228702164	0.3878037393	-0.3437393966	0.1763779952	-0.1584094829	-0.0478256747	0.1063755633	0.0647214634	-0.0494296957	-0.1182536866	0.00143528	0.0007811609999999	6.102125079209999e-07	2.0600286784e-06	0.00801282	-0.03169408	6.420528435240001e-05	0.0010045147070464	-0.00793282	-1.6800000000993104e-06	2.8224000003336827e-12	6.29296331524e-05	-7.64953e-06	-0.00067258653	5.851530922090001e-11	4.52372640337441e-07	-0.000258716	-0.000152619	2.3292559161e-08	6.693396865599999e-08	0.00049122	-4.2449999999999975e-05	2.412970884000001e-07	1.8020024999999975e-09	0.0	0.0	0.0	0.0	0.0	1.0	0.0	0.0	0.0	0.0
290.2140693380083	0.4828947650735244	0.2331873541354144	84224.20604172628	372.0931365327928	1.0795726683533644	138453.3022548116	1.1654771462556033	185.64405571075807	0.1497499764683709	0.0224250554522776	34463.71542073905	184.50665494005827	322.25321476478274	1.640294	33.817398	0.0783618135	0.0435016	0.0266422166	-0.0710733138	0.0073274059	-0.1545346927	-0.0289410672	0.1101046413	-0.0117686334	-0.0466289724	0.002167153	-0.0489658297	0.1647432218	-0.0463108115	0.0392770428	-0.014271747	-0.052871167	-0.0114581936	0.0391083898	0.1515415704	0.1857444869	0.0903967434	-0.1426749047	-0.2164994659	-0.0292594904	0.1291093652	0.0401675631	-0.0255070968	-0.0680526763	0.0940002273	0.1235093321	-0.072670982	0.0165243539	0.0134728791	-0.2121782431	-0.0298690163	-0.0292360086	0.0334740358	0.0282630275	-0.0263859124	-0.097645507	0.1442739828	0.0483486214	0.08667663	-0.2002036722	0.0089395347	0.0652015454	-0.0460985255	-0.0898472302	0.0710517736	0.0099819449	0.0145604274	-0.1091667569	-0.0428641877	-0.1672334684	0.0322043732	-0.024953841	-0.0781876022	0.0458547202	0.0038379296	-0.1439923159	-0.1166788947	-0.0402715494	-0.1697854019	0.0863627573	-0.0819473715	-0.0340573042	0.0641601865	0.0218543629	-0.0403797788	0.1719540888	0.0620360137	0.2154563521	-0.0569065318	0.2722023005	0.0599718315	-0.0706146174	0.0036430489	0.0034763381	0.0683790199	-0.0277367922	-0.1096871082	0.0733074948	-0.0672569348	-0.1123891798	0.1172779742	0.1387376891	-0.0246091067	-0.0507427903	-0.0431788362	0.0133659602	-0.1029995634	0.0880339861	0.0467632834	-0.1637249735	-0.1555013427	-0.0448971555	-0.0769509311	0.0249396073	-0.055718562	0.0673418087	0.0300531848	-0.101684205	0.126753351	-0.0346245304	0.1295381216	-0.0529288082	0.1072825681	-0.0579136201	0.0099362772	0.0971118565	0.0994474289	-0.0579217989	0.0770690905	-0.203709611	-0.0493246214	-0.024325012	-0.0423874802	-0.0696385346	0.0153354578	-0.0880448938	-0.1627578008	0.0134292371	0.048011024	-0.2371924257	-0.1082589997	0.0069590503	0.016215609	0.0661868347	-0.0962092867	-0.1028456513	0.0793635875	0.1807886199	0.1422462118	0.0397457014	-0.0360987156	0.0649133004	0.0149300903	-0.0303790456	0.2783025889	0.0307178266	0.2246600997	0.0624505233	-0.0542622434	-0.1191544118	-0.00659712	-0.0080324	6.451944976e-05	4.35219922944e-05	0.0386004	0.03058758	0.00148999088016	0.0009356000502563	0.00856394	0.01649676	0.0002721430904976	7.334106832360001e-05	-0.000382398	-0.00037474847	1.46228230404e-07	1.404364157673409e-07	-0.000226753	3.196299999999998e-05	1.0216333689999984e-09	5.1416923009e-08	0.00043303	-5.819000000000001e-05	1.875149809e-07	3.386076100000001e-09	0.0	0.0	0.0	0.0	0.0	0.0	1.0	0.0	0.0	0.0
289.46732539215463	-0.746743945853666	0.5576265206691029	83791.33246968754	371.35421651312447	-0.7389200196683419	137903.95412207654	0.5460027954666627	185.4953063872924	-0.1487493234656653	0.0221263612314931	34408.508691715484	184.3504742247233	322.0739771315432	1.367903	28.201588	0.0473731	0.026639	0.0365592196	0.071288459	-0.1085985052	-0.1203520466	-0.1497210956	-0.0870525113	-0.002698368	-0.0447336639	0.0813115324	-0.027905927	0.1518638366	-0.0248426217	-0.0640527095	0.0071348481	0.0572944965	-0.1208032415	0.0472117008	-0.0448220269	0.1795700307	0.0403604439	-0.0885488491	0.0280313287	-0.0225417545	0.1127765701	-0.1725445799	0.0677950058	-0.0297306306	-0.1460458167	0.203091721	-0.1011544054	0.0045774844	0.0729625931	-0.0071462567	-0.0523465996	0.0431254349	-0.1678202771	0.0784301133	-0.0671040309	-0.1161716751	0.0546375521	0.0729124901	-0.0756184539	0.1132780708	-0.0563264767	0.0633707854	0.0953687939	0.1547586297	-0.0441293174	-0.1158978681	-0.0997787498	0.1976297783	0.1122476809	0.0159953849	0.0179706134	-0.0308453949	0.0930019089	0.021165076	-0.0741303848	0.0408345811	0.0415954644	0.0111169858	-0.0822003218	0.0045828057	-0.0298777389	0.0197494461	-0.0660781463	0.1124964299	-0.0371355176	-0.0127492623	0.1086171471	0.1508813049	-0.1095851243	-0.0337697982	0.0592142332	-0.0745653716	0.1722663633	-0.0656271432	0.0685677429	0.207279234	-0.1273876722	0.111311543	0.0209365264	-0.0623809477	-0.0746799402	0.0026578607	-0.0602722717	0.1584581233	-0.0975526126	0.0371693447	-0.1174487532	0.0822477605	0.0484767361	0.0775842969	0.0463038706	0.0750536692	-0.0942317567	-0.0864763155	0.101954145	-0.1380850449	0.0613621541	0.1706669825	-0.1189290301	-0.1507827263	-0.0549678619	-0.0081435102	-0.1111601208	-0.0004821898	-0.038371945	0.0404342859	-0.0642377764	0.0248084023	-0.0619625672	-0.0651831068	-0.0010122935	-0.0135567155	-0.0363101487	-0.0934342182	0.0907256365	0.0795832177	-0.1824558571	0.0364736258	-0.1629675578	-0.1866953792	-0.0621372837	0.073780338	0.0809964477	0.0202472772	-0.2348859001	0.0569057623	0.0258773075	-0.0053343398	0.0088811305	-0.1285010362	-0.1983308632	0.0627776056	-0.0059132767	0.0665220012	-0.0803266274	0.0730783699	-0.0798810716	0.0601481375	-0.0589855141	-0.1195153378	-0.0110525	-0.00445538	1.98504109444e-05	0.00012215775625	0.0245871	-0.0140133	0.00060452548641	0.0001963725768899	0.00615832	-0.00240562	5.787007584400003e-06	3.79249052224e-05	-0.000298567	8.383099999999998e-05	8.9142253489e-08	7.027636560999996e-09	0.00019965	0.000426403	1.81819518409e-07	3.98601225e-08	0.000413288	-1.9742e-05	1.7080697094399998e-07	3.897465640000001e-10	0.0	0.0	0.0	0.0	0.0	0.0	0.0	0.0	0.0	0.0
288.3801278142964	-1.0871975778582623	1.1819985733008724	83163.09811818991	368.8029401047716	-2.5512764083528623	136015.60862992375	6.509011311817881	185.1427791788492	-0.352527208443206	0.1242754326927596	34277.848682068114	184.03001535967064	320.4072473750589	1.653783	34.095486	0.05774648	0.0279185	-0.0032125145	0.1041667726	0.0884892388	0.022327875	0.0314467964	-0.0099193526	0.0951083954	0.072721512	-0.1028931132	0.0027045175	-0.02875003	-0.0388649496	-0.0158852489	0.0843638053	0.0586063872	0.0985242968	-0.0145311025	0.0576787098	0.105520652	0.1066240356	0.0610613341	0.0527391392	0.0714605389	-0.0783500181	0.0850514856	0.1220896525	-0.0769867707	-0.0586904275	-0.0886557317	0.0249465934	0.0221965733	-0.0911802481	0.114966695	-0.1185238283	-0.1389338306	0.0425322935	0.1541512421	0.056874362	0.0346968326	0.0796931521	-0.0109390089	-0.0691243492	-0.0386068366	-0.0664844334	0.1150460467	-0.0314891766	0.0819709846	-0.0089292427	-0.0945282227	0.078516379	0.1113491701	0.0299202907	-0.1395450372	0.1442932519	0.2189974207	0.153846515	0.1059275979	0.0117738439	0.0027810168	-0.0158234905	0.1083059297	0.0059684919	-0.0984631534	0.0134971794	-0.0556523398	-0.051947545	-0.0949341382	0.006562402	0.0963099469	0.0381889151	0.1099425464	0.0614624513	-0.0781656624	-0.0768025076	0.0438769557	-0.0860681974	-0.1266343276	0.030122697	0.0011368857	0.0999074205	-0.0194732197	0.0002619322	0.159974992	-0.1309564752	0.0812424945	0.0919603995	-0.0515577885	-0.1279939381	-0.1347809729	0.0386949205	0.061156118	-0.0152902465	0.0578994169	-0.1072922296	0.0514918938	-0.1228644343	0.0170466665	0.0890071797	-0.0681138904	0.0502198315	-0.0361785883	-0.0674013196	-0.0633228736	0.0299397351	-0.1726902277	-0.1341101434	-0.271994263	-0.0576020856	-0.0459811593	-0.0080908777	-0.0676156654	-0.0808958113	0.0043763423	0.0947275603	0.0046228769	0.0525388599	-0.0498560098	-0.1131431892	0.0128369969	-0.1903631224	-0.0427449285	-0.0348411728	-0.1737843972	-0.1198352415	0.1201009291	0.0482499273	-0.0699801277	0.0278055331	0.1222402244	-0.1310680441	0.1327002812	0.086129967	-0.1252472592	0.0196346576	0.0467055556	0.0264883682	0.1000516356	0.0089048313	-0.0726690241	0.0932826938	0.0578154653	-0.0635899959	-0.1193348294	-0.0174964	-0.0064438999999999	4.152384720999999e-05	0.0003061240129599	0.037676	0.0130889	0.001419480976	0.00017131930321	0.00452435	-0.00163397	2.669857960900001e-06	2.04697429225e-05	-0.000474386	-0.0001758189999999	2.25042076996e-07	3.0912320760999985e-08	-6.07632e-05	-0.0002604132	6.781503473424e-08	3.6921664742399995e-09	0.000117926	-0.0002953619999999	1.3906541476e-08	8.723871104399999e-08	0.0	0.0	0.0	0.0	0.0	0.0	0.0	1.0	0.0	0.0
288.76977651808573	0.3896487037893621	0.15182611236473	83387.98383030518	369.6904660150842	0.8875259103126041	136671.04066245013	0.7877022414762166	185.2742212097904	0.1314420309412014	0.0172770074979477	34326.53704489434	184.085766006759	309.3357586518047	1.666968	34.367329	0.06657902	0.0318182	-0.0244625557	-0.0870673001	-0.0430715212	0.0007371486	0.0395616436	0.0365429776	-0.0557699604	-0.1060881337	-0.0694210614	-0.0377182781	-0.0372471384	0.137560075	0.1260631444	-0.0126456757	-0.0689373369	-0.0267705303	0.0939413343	0.2123667454	0.047888941	-0.0156857269	-0.1226308321	-0.0645333633	0.0498011024	-0.0620373491	-0.0790632309	-0.1888903485	-0.1674146021	0.0394282651	-0.0129388504	0.0045759974	0.1067283894	0.1918353464	0.0618829113	-0.0415971889	-0.0701028352	0.0922860738	-0.0004101759	-0.0287438936	0.1165475606	-0.043466499	-0.0121278424	-0.0668142328	0.0998227309	0.0347461031	-0.1073772551	-0.0609156834	-0.0217772923	-0.0526928473	0.0186237637	-0.0242796658	0.0776823821	-0.0120542037	-0.047884864	0.0205408627	0.0358619724	-0.0604897188	-0.1110334404	0.0107953886	-0.0410866955	0.0882231962	-0.0753627656	0.0953833135	-0.064878206	0.1842237973	-0.0835770868	0.0739449973	0.0424954233	-0.1041271184	0.174106404	-0.0714539252	0.0382600542	-0.1243012668	0.0699843465	-0.0450205526	0.0994706523	0.0132633924	0.1573846396	0.21300252	-0.0105798175	-0.0127903539	-0.0362116578	-0.1355541773	-0.1186201624	-0.1665036304	-0.0071441043	0.0415155093	-0.109294112	-0.0057967564	0.0378728609	0.0964304793	-0.0024004897	0.0021074054	0.1056581884	0.0804634002	-0.009790036	0.1261030886	0.0865388898	-0.0212441927	-0.0331389419	-0.0298370147	0.0360000812	-0.0402278397	-0.0445934223	0.0543407776	-0.0170232323	0.045082356	-0.0143878089	0.1121831965	-0.0353336607	0.0351621673	0.1016211836	0.0272510672	0.1117376265	0.0424813014	-0.0155071508	0.1629990297	-0.0606624512	0.0839670689	-0.0793315763	-0.1690138025	-0.0347500344	0.1110158336	-0.1531634799	-0.1232742901	0.0996521388	0.097728638	0.085151161	0.0026438431	0.0411264029	-0.1336787016	-0.0256272703	0.0601681829	0.1152625094	0.1572372597	-0.1179134397	-0.0585861945	-0.1322297797	0.0379123533	-0.054953569	-0.0499178072	0.0554536812	-0.0680664159	-0.1186137044	-0.00807067	0.0094257299999999	8.884438603289997e-05	6.513571424890001e-05	0.0158148	-0.0218612	0.00025010789904	0.00047791206544	0.015537	0.01101265	0.0001212784600225	0.000241398369	-0.000325321	0.0001490649999999	1.05833753041e-07	2.2220374224999995e-08	-0.0001122	-5.14368e-05	2.6457443942400004e-09	1.258884e-08	0.000403013	0.000285087	1.6241947816900002e-07	8.127459756900003e-08	0.0	0.0	0.0	0.0	0.0	0.0	0.0	0.0	1.0	0.0
289.8164944476863	1.046717929600561	1.0956184241472853	83993.60045394578	371.3038638795464	1.613397864462172	137866.5593318807	2.603052669051097	185.398824666954	0.1246034571636016	0.0155260215371215	34372.72418788795	184.2690856138112	326.27096752669866	1.669413	34.417736	0.07578355	0.034477	0.1465042764	0.109317264	0.0372512061	-0.1016512722	-0.0895985248	0.0468468084	0.1790744841	-0.1671306877	-0.0715888731	0.0056096817	0.0781317014	0.0163857143	0.0858348935	-0.0128385846	0.1011654884	0.0522669054	0.033511416	0.1207797141	-0.0231883388	-0.0998045686	0.1008358356	-0.0181112049	-0.142757548	-0.0839177369	-0.1305767167	-0.058023314	0.0212774948	-0.1158162925	0.0150942423	-0.0161615169	0.0732449144	0.0434213892	-0.0878984088	0.1230442745	0.0038280725	0.114346199	-0.0773229006	-0.0393562022	0.1692619851	0.2189293281	-0.0373967877	-0.0599891503	-0.0324076195	0.1317713798	-0.013947733	-0.0347375886	0.1625590749	0.1254275751	0.0549742949	-0.0152811778	0.024182061	0.0733519014	0.048558784	-0.2138525457	0.0106999629	0.0136540514	0.1158575119	-0.0183041072	-0.0079135791	0.0907790136	-0.0285877618	-0.0220497671	0.0893510806	-0.1244644376	0.0952436894	-0.0977675213	-0.059468096	-0.0312615473	0.1089858834	-0.0046163586	-0.1420008911	0.0560578269	-0.0202868872	0.1384005977	0.1254958663	0.1136581879	0.0729914795	0.0095663939	0.1261542571	-0.0015827056	0.0157662745	-0.0517621388	-0.0597724874	0.0714905181	-0.0712174527	0.006386924	-0.0927020967	0.0715305239	0.0815341726	0.1847934593	0.2029551124	0.0346285383	0.0415929254	-0.0980821126	-0.1525638198	-0.0173616582	-0.0164566339	0.1893583117	0.0848069805	-0.0531760174	0.001550817	0.0072186784	-0.0295557373	-0.1040435669	0.1626397387	-0.0188020492	-0.020722706	-0.1333604501	0.0639168338	0.0623594145	0.1146223157	-0.029145735	-0.0137260402	-0.1020765735	0.0299691564	-0.1768843465	-0.0588058874	-0.1267383964	0.0398666433	0.0022820861	0.1181338397	-0.0180890885	-0.2564387408	-0.1300782637	0.1172277986	0.0666721168	-0.1115926944	-0.0043161754	0.0945094848	0.0193732509	-0.0940868546	-0.1432318197	-0.0297279999	0.1591308482	-0.095995692	0.1486188273	-0.0640235604	-0.0428836552	-0.0471954985	0.1140007412	0.0530639746	-0.0724057592	-0.1173552296	-0.00921819	-0.0011475199999999	1.316802150399998e-06	8.497502687609998e-05	-0.00134882	-0.01716362	1.8193153924e-06	0.0002945898515044	-0.00793476	-0.02347176	0.0005509235174976	6.296041625760001e-05	-0.000474386	-0.0001490649999999	2.25042076996e-07	2.2220374224999995e-08	0.000133661	0.000245861	6.0447631321e-08	1.7865262921000002e-08	0.000117926	-0.000285087	1.3906541476e-08	8.127459756900003e-08	0.0	0.0	0.0	0.0	0.0	0.0	0.0	0.0	0.0	1.0
289.108475927489	-0.7080185201972995	0.5012902249423737	83583.71085311548	371.2706028049432	-0.0332610746031605	137841.8605071459	0.001106299083757	185.4151586840526	0.0163340170986145	0.0002668001145778	34378.78106983241	184.2784271023285	324.6653186477075	1.252647	25.825399	0.094861145	0.0579275	0.1395673971	-0.1232837258	0.0694811564	0.0021289557	0.0363867611	0.1222156891	0.0141040389	-0.0665068906	0.0991197706	0.1264714674	-0.0813583069	0.0186726379	-0.0435247545	0.055684796	-0.1002369352	0.1065961827	0.0153567082	-0.0874073001	-0.0459325843	0.1715133197	0.1193108069	-0.0666904126	0.0037274941	0.0192750504	-0.0220370148	-0.0800754442	0.0041567021	-0.078539516	-0.0180711729	-0.0672528816	-0.1050193564	0.0427653547	-0.0789143151	-0.1101785715	-0.0811388249	-0.012944541	-0.0846417114	-0.0473822007	-0.0210834349	0.0005392288	-0.0647868715	0.1853265345	0.0111650807	0.100993515	-0.0994341179	0.1698491538	0.0354314946	0.0629650193	0.2306523649	0.0208945012	-0.0839506591	0.0216259643	-0.0123678178	0.0495979342	-0.0316694028	0.0348014076	0.0538884467	0.2117142574	0.0676538178	-0.1104665234	-0.0982044017	-0.1239107868	-0.2028163516	0.077381123	0.116267585	0.1071769567	-0.1026555119	-0.0099250456	-0.0994346422	0.0225618365	0.0618542132	0.2008696781	0.0140221214	-0.0449453367	0.0220810203	0.0287185028	0.0808112974	0.0077778796	0.0802525946	0.0504745291	0.0320115437	0.091201921	-0.0857754415	-0.0021283314	0.1395591059	0.0583579039	0.018719431	0.0021995632	0.0704486167	-0.0333943041	0.0064677944	-0.0910032955	-0.11161788	0.1173228576	-0.1717458976	0.0732301103	-0.1917300735	-0.0704898075	0.0866732338	-0.1830019469	-0.0574029856	0.114884157	0.0192579486	-0.0389463113	-0.0274393635	-0.0177978287	0.0133176247	-0.0688127313	-0.1811755329	0.0235772826	-0.069778819	0.1271956198	-0.0801190956	0.2274296092	-0.1297380127	-0.0562841397	-0.0331807265	-0.0340315082	-0.1439398377	0.1265465833	0.0681976071	-0.1821177757	-0.1823395519	-0.0732022632	0.0263244757	0.0114912047	0.0180040129	-0.0034103104	0.0836208577	-0.1035764973	0.0603062667	-0.0125543845	-0.0798387092	0.0549881015	-0.0482532979	-0.0228629058	0.1630880799	-0.0339876535	0.0433604965	-0.1804046352	0.0506475487	-0.0765992869	-0.1155651064	-0.00408974	0.00512845	2.6300999402499995e-05	1.6725973267599997e-05	0.0511875	0.05253632	0.0026201601562499	0.0027600649191424	-0.00288519	0.00504957	2.549815718490001e-05	8.3243213361e-06	-0.000539442	-6.505600000000002e-05	2.90997671364e-07	4.232283136000003e-09	-8.02501e-05	-0.0002139111	4.5757958703210014e-08	6.440078550010001e-09	0.000481895	0.000363969	2.3222279102500003e-07	1.3247343296100004e-07	0.0	0.0	0.0	0.0	0.0	0.0	0.0	0.0	0.0	0.0
288.8103076276348	-0.2981682998541828	0.0889043350379338	83411.39379196905	370.8221771381434	-0.4484256667998352	137509.0870574726	0.2010855786448768	185.1957301900473	-0.2194284940053137	0.04814886398144	34297.458480624795	184.0638379698116	317.03648607139513	1.438512	29.65733	0.07209949	0.0338477	0.072798412	-0.0184976612	-0.1452271476	-0.0383852899	-0.0878814895	-0.0722084096	-0.0687075059	-0.1313565647	0.0350236227	-0.0416373817	-0.1269793986	-0.0021409148	-0.0239805313	0.0261326883	-0.0071271982	-0.1580457719	0.0460882558	0.0025319705	-0.0977016028	0.0943206565	0.0072378548	-0.0119825798	0.0206063607	0.0175321067	0.0679081487	-0.0861202507	0.0974148189	0.1114752827	0.0161656856	0.0410313721	0.1291015032	0.0717745004	-0.0247641659	-0.0345484128	0.0296916693	-0.0523607045	-0.0376908717	0.0695996522	-0.1284986566	0.1962277236	-0.0799275546	-0.0028232086	0.0536868046	-0.0381009046	0.0456862336	-0.1531537203	0.0661587273	-0.049808294	0.1542476463	0.0062026194	0.0391676833	-0.0828741997	0.1469206074	0.0700525509	0.0273327821	-0.1505018738	-0.0084671125	0.0801943902	0.0514048429	-0.0146133075	-0.0993255249	0.1184997286	0.0271472883	-0.0480558869	0.0173993618	-0.006533242	0.1496006276	-0.046508745	-0.0560892807	-0.0670965084	0.0286932543	0.0961557836	0.0383133507	-0.0161175855	-0.0157074951	-0.0641364633	0.079891673	-0.0872135031	-0.0773675173	-0.0353235443	-0.0231106968	-0.1583939985	-0.0791224445	-0.0079816261	0.0024777346	-0.0376825087	0.0957795147	0.0588596263	-0.0479656674	-0.1089359898	0.1654324722	-0.0772562145	0.0131058004	-0.0382830794	0.0094755695	-0.0596666159	0.1316033859	0.0853095954	-0.0106527449	-0.2081351976	0.0205535979	-0.0492773488	0.0604304139	-0.0400675028	-0.0399997465	0.1639312582	0.0719799024	0.0238002138	-0.1247154463	-0.0244656439	-0.0109148501	0.1106957799	0.1054608841	-0.0478086953	0.0064856264	-0.0226491449	-0.0169172518	0.1160066257	0.0371347051	0.0294307763	0.1274625181	-0.1098705571	-0.0870676127	-0.0762341348	0.1379482598	0.0396347904	-0.0524088173	0.0858311085	0.0626449576	-0.1065309846	-0.1112367196	-0.040748866	-0.0513202285	0.0887145584	-0.0543967121	-0.0674805932	0.0025083805	0.0711554025	0.0427895075	0.091507564	0.0482056202	-0.0806385538	-0.1132514443	-0.00577527	-0.00168553	2.8410113809000006e-06	3.33537435729e-05	0.0350112	-0.0161762999999999	0.00122578412544	0.0002616726816899	0.0138821	0.01676729	0.0002811420139441	0.0001927127004099	-0.000790484	-0.000251042	6.248649542560001e-07	6.302208576400004e-08	5.41463e-05	0.0001343964	1.8062392332960002e-08	2.93182180369e-09	0.000117926	-0.000363969	1.3906541476e-08	1.3247343296100004e-07	0.0	0.0	0.0	0.0	0.0	0.0	0.0	0.0	0.0	0.0
288.3419190611804	-0.4683885664543936	0.2193878491852019	83141.06228788431	369.0827501068995	-1.7394270312439062	136222.07642647202	3.025606397021989	185.03605354584843	-0.1596766441988677	0.0254966307026118	34238.34111182209	183.9108532711228	315.27621798205564	1.289871	26.592829	0.101913575	0.0559305	0.0731137696	0.1060707218	0.038389286	0.0291754366	-0.0050381775	-0.0283215254	0.0959373967	0.000377731	-0.079180438	0.1141916514	-0.0915788597	-0.1686040638	-0.0922974879	-0.0381054901	0.1173413167	0.0933078628	0.0445740961	-0.0341750489	-0.0004742062	-0.0767407473	0.1341112363	-0.071286894	0.1331840908	0.0197183623	-0.0363612524	-0.0411511393	0.0234085167	0.0896465572	0.0658779246	0.0702854053	-0.0752491006	-0.0364086716	0.0784368407	0.0179688999	-0.0917844847	0.0042741079	0.072756985	-0.1462902973	0.0001297118	0.1223853747	0.0457317002	-0.0913699028	-0.023509868	-0.0133872604	0.0504689919	0.0456638135	-0.0506556781	-0.0038051406	-0.0709705442	-0.0692952944	-0.0311641006	0.0612586701	0.0190448269	-0.0545572789	-0.0854928028	0.1449563767	-0.0697475762	-0.0212498895	-0.0944495715	-0.0282641579	0.0035485177	-0.080978974	0.2313982292	0.2122556437	0.1470832348	-0.108682803	-0.097562479	-0.041096959	0.015056252	0.0570440581	-0.1069355844	0.0545183869	0.0212435167	-0.1354249191	-0.0472167928	0.0743186997	0.0370596953	-0.0117031076	-0.090556505	-0.1132134174	-0.0466998828	0.061638641	0.0641962524	-0.056159436	-0.0421184679	0.061117474	-0.0432389011	-0.1339462977	0.1026197158	-0.0356917672	0.109422048	0.0604836468	0.0450796931	-0.0675361745	0.0219433066	-0.0600165785	-0.0099319144	-0.0611103883	-0.0080436533	0.0724849598	0.0451171362	0.0556654797	-0.0379449832	-0.0164190877	0.0413616169	-0.1546872451	0.0593278253	0.0578258048	0.07592223	0.0697921305	-0.012519377	0.0516393083	-0.0270433838	-0.2028596889	-0.2520994327	0.0329584736	-0.0272393812	-0.1069639171	0.0401728839	-0.0094770297	0.1187021322	-0.0143692495	-0.0449541187	-0.1429255421	-0.0796170267	-0.0902666331	0.0209627854	0.1147445705	0.0026354422	-0.0451451495	0.05769539	0.0903497884	-0.0352677659	0.01611319	-0.1067066891	0.0217621542	0.1334883673	-0.1728007889	-0.0697596065	-0.0894921916	0.0457394187	-0.0845154255	-0.1104247249	-0.00120071	0.00457456	2.09265991936e-05	1.4417045041e-06	0.0517152	0.016704	0.00267446191104	0.000279023616	0.0120109	-0.0018712	3.50138944e-06	0.00014426171881	0.000162712	0.000953196	2.6475194944e-08	9.08582614416e-07	-0.000191213	-0.0002453593	6.020118609649e-08	3.6562411369e-08	0.000494647	0.000376721	2.44675654609e-07	1.41918711841e-07	0.0	0.0	0.0	0.0	0.0	0.0	0.0	0.0	0.0	0.0
288.14554283543885	-0.1963762257415737	0.0385636220365055	83027.85385592972	369.32123928452	0.2384891776205222	136398.1777866537	0.056877087842113	185.1277190206137	0.0916654747652785	0.0084025592639439	34272.272349775296	183.92362299733816	311.1569581313396	1.141706	23.538164	0.0793283899999999	0.0443244	0.0317501886	-0.089044352	0.0300591728	0.1813959779	0.0885969121	0.0442431213	-0.0638608399	0.0788271578	0.0567668907	0.1906985937	-0.1168166831	-0.0920492449	-0.0182241621	0.0498569155	-0.0779123347	0.0870892891	-0.1192340644	-0.096323788	0.0834639755	-0.0405954948	0.0936153466	-0.0218657665	0.0796713058	-0.0431252376	-0.0980493403	-0.1814936712	0.0117103674	-0.0805707578	-0.0187222953	-0.0614730543	-0.0865256026	0.0526473241	0.0475873849	-0.1854515611	-0.0489217822	0.0450196601	0.080831732	-0.1522753779	-0.0126875551	0.0234186436	-0.2090682996	0.0972879005	-0.0193574003	-0.0034998201	-0.0204529939	-0.1152978162	0.0113266894	-0.0131535142	-0.0913922151	-0.0527543331	-0.0515048614	-0.0574832537	0.0170568218	0.0107203534	0.0627177952	0.031347927	-0.0704396215	0.0916371955	-0.1047767601	-0.0079504107	0.1005416136	-0.0105097426	-0.0251029778	-0.0156446195	0.0286120347	0.0943301009	-0.0749473714	0.1394596189	-0.023837608	0.1445002734	-0.0522454107	0.0113238644	-0.0454434464	-0.1162516179	0.055497886	0.0882831379	0.1896197107	0.0320439422	0.061282143	0.026541606	0.0244358489	0.0884392399	-0.0291459501	-0.1629783673	0.1312915878	-0.0017803865	-0.0388782395	-0.1398841368	0.0914075072	-0.0383881227	0.0020662945	-0.220658107	-0.0614296778	-0.0572448493	-0.0253736111	0.0577447958	0.116738745	0.0592165146	-0.0239433234	0.0523289673	0.0283530076	0.0466256865	0.0719985096	0.0108482058	-0.0114234208	-0.0499965151	-0.0293591299	0.0978690422	-0.0546865401	0.1165394707	-0.0357876911	-0.0279923903	0.0207803627	0.0236316235	-0.0143809669	0.0048263418	0.025387226	0.0114368007	-0.1276013187	-0.0438970756	0.009820431	-0.0922582256	-0.0068777121	0.0192642826	-0.176711927	0.0129599493	-0.0029670085	0.1283247292	-0.0068773712	-0.2178925912	0.0665285721	0.0207878	-0.027398738	0.0140190637	-0.0058001698	0.1227298218	-0.0489866351	-0.0640181802	0.0545053272	-0.0766803742	0.043250186	-0.0882220943	-0.1070977539	0.00705733	0.00825804	6.819522464159999e-05	4.980590672889999e-05	0.056196	0.0044808	0.003157990416	2.007756864e-05	0.0301414	0.0181305	0.00032871503025	0.0009085039939599	-0.000496216	-0.0006589279999999	2.46230318656e-07	4.341861091839999e-07	-0.000141662	4.9551e-05	2.455301601e-09	2.0068122244e-08	0.000233945	-0.0002607019999999	5.4730263025e-08	6.796553280399999e-08	0.0	0.0	0.0	0.0	0.0	0.0	0.0	0.0	0.0	0.0
288.3245920644919	0.1790492290530778	0.0320586264245015	83131.07038915568	369.49173056153415	0.1704912770141504	136524.13895335735	0.0290672755379157	185.17840988894545	0.0506908683317419	0.002569564132226	34291.04348899829	184.0224945827683	309.7247324388797	1.103018	22.740543	0.0619467449999999	0.0303802	0.0244525078	0.0177077737	-0.152081618	0.129568692	-0.0595106281	-0.1176529697	-0.0793303638	0.0221855586	0.0458868478	0.021733465	-0.144740444	-0.1034872934	0.0432126612	0.1093337464	-0.0235840262	-0.1334718288	-0.1018653819	-0.1220595958	0.0168424423	-0.026343647	-0.0508465324	0.1030107537	-0.0338506282	-0.0485292756	-0.0482064614	0.0640226519	-0.0349674993	0.0602265656	-0.0386240402	-0.0366402749	0.0023781972	0.004673941	-0.164520492	0.0478058618	0.0807165834	0.0751044085	-0.1278564803	0.1180177312	-0.0345675282	0.0546099104	-0.051120794	0.0386702236	-0.1755032351	0.0653894939	0.1092879029	-0.0332000124	-0.0366505936	0.0692946404	-0.130021054	0.007850566	-0.1056722572	-0.0419326031	0.1472478126	0.0190808686	-0.0620672485	0.1055473805	-0.0097976792	0.2011429922	-0.0268681048	-0.0073387365	0.0044032845	0.1686255297	-0.2172735112	-0.0829076557	0.1942884444	0.0055088637	0.1391511323	0.1090024958	-0.0975554527	0.0316039744	-0.001837078	-0.0713327207	-0.0924995519	0.0219330963	0.0382593015	0.0117924458	-0.0693331511	0.0261378635	-0.0527321838	0.0223420089	0.0210264736	-0.0120813553	-0.0922061643	0.1693628631	0.0340807455	-0.0441385257	-0.0139247037	0.1983494086	-0.063006711	0.0033984116	-0.0079925198	-0.0567710915	-0.0887275508	-0.1751555474	-0.1028254652	-0.103619241	0.0281521452	0.0104793736	0.0682850651	0.145464048	-0.0264448188	0.0689488293	0.0850385067	-0.074111567	-0.0216810314	-0.149531546	0.1186969083	-0.0135635809	-0.1480721363	0.1107924703	-0.0398425326	0.1090724822	0.1722957887	0.17294302	0.0748264879	-0.1593545984	-0.0113952429	0.1053397952	0.0831799341	-0.0800239418	0.0561102515	0.0001015876	0.028182503	0.0871232578	-0.0099083145	0.0613131698	-0.0003432749	0.1313787773	-0.0492420599	-0.1906622288	0.1038421796	0.1761700393	0.057786415	-0.0715745269	-0.0027889577	0.1771443306	0.0900953196	0.0098162321	-0.1029457205	-0.02439671	0.0407391756	-0.0917510955	-0.1032856033	-0.00159036	-0.00864769	7.47825423361e-05	2.5292449296e-06	0.0640121	0.0078161	0.00409754894641	6.109141921e-05	0.0226004	-0.0075409999999999	5.686668099999998e-05	0.00051077808016	-1.85119e-05	0.0004777040999999	3.426904416100001e-10	2.2820120715680997e-07	-0.000222022	-8.036e-05	6.4577296e-09	4.9293768484e-08	0.00043472	0.000200775	1.889814784e-07	4.0310600625e-08	0.0	0.0	0.0	0.0	0.0	0.0	0.0	0.0	0.0	0.0
288.3381075872683	0.0135155227764016	0.0001826693559194	83138.86428700712	368.6071260947626	-0.8846044667715773	135871.2134078402	0.7825250626322267	185.1395576274826	-0.0388522614628641	0.0015094982207787	34276.655798499945	184.02968918316736	311.8127171511021	1.177116	24.268211	0.056220045	0.0312713	0.0430515884	0.0639654044	0.0988399476	0.1173615605	0.053636385	0.0167513371	0.1015192471	0.0839852773	-0.064673927	-0.0659330408	-0.1626849031	-0.1136851967	0.1398544717	0.1140905934	0.0631190494	0.1210547904	-0.0374237015	0.0323389753	-0.0691159287	0.1055189591	-0.0461473514	-0.046883414	-0.0015741505	0.119039282	0.0291939367	-0.1097254847	-0.0902954451	-0.0758248786	-0.0944001152	-0.0785286201	0.0879251877	0.0203021847	0.0774547531	-0.0159522152	0.010285754	0.0614762157	-0.0797545402	0.0756791914	-0.0955891495	-0.1261509833	-0.0978858838	-0.0185861768	-0.0871656364	0.0316966987	0.107046405	-0.0020431257	-0.0351275585	-0.0024325424	0.0755792543	0.0070686068	-0.0265748359	0.0153488134	-0.0773368682	-0.0074863452	-0.0802962351	0.0844140496	-0.1420071384	-0.0689943587	0.0452705083	-0.1243967004	-0.0294811503	0.0028866067	0.040411244	0.0305645166	-0.0373786458	-0.0608726814	-0.1217376994	0.0275386021	-0.0077583051	-0.0989916284	0.0877738123	0.0416160709	0.0773839951	-0.0021803557	-0.0884982687	-0.0355665394	0.1103574298	0.0955510222	0.0734246129	0.1192855026	0.0660154285	-0.0609996471	0.0280775714	-0.060600396	-0.0146432122	0.0267059379	-0.0336030998	0.1239270747	-0.0455509379	-0.0717659881	-0.1744775197	-0.0613323273	0.0259677179	-0.0719247702	-0.0696010752	-0.0322827879	0.002853528	-0.0364037609	0.020065575	-0.0834205334	-0.0318283302	0.0514805749	-0.045879295	0.0928153552	0.0449799544	-0.0913579163	0.0467871485	0.1062213718	0.0797090554	-0.1181750324	-0.0933398613	0.0667471975	-0.0494034775	-0.0314449616	0.0234858344	0.066333671	0.0003759326	-0.1387203607	-0.0113687536	-0.0443684219	0.0304475233	0.081670149	0.0803516622	-0.035944245	0.0673445465	0.1001499699	-0.0379270461	0.0607968382	-0.1176122104	-0.2175275852	-0.0627190967	0.1651827092	-0.0193877366	-0.1107041057	0.1086359187	0.0977075957	0.0280468675	0.0775042812	0.0519407116	0.0244872555	0.0382076517	-0.0950953223	-0.0990055431	-0.00287625	-0.0012858899999999	1.6535130920999996e-06	8.2728140625e-06	0.0532619	-0.0107502	0.00283682999161	0.00011556680004	0.0449242	0.0223237999999999	0.0004983520464399	0.0020181837456399	-0.000321355	-0.0003028431	1.03269036025e-07	9.171394321761e-08	-0.000104102	0.00011792	1.3905126399999998e-08	1.0837226404e-08	0.00041828	-1.644e-05	1.749581584e-07	2.7027359999999995e-10	0.0	0.0	0.0	0.0	0.0	0.0	0.0	0.0	0.0	0.0
288.3592100736633	0.021102486394966	0.0004453149320497	83151.03403430707	369.6672276151412	1.0601015203786233	136653.8591726646	1.1238152335090683	185.2170439993617	0.0774863718791039	0.0060041378269867	34305.35338786148	184.0563302207332	308.66992113486987	1.246285	25.694244	0.02347633	0.0136033	-0.0345564071	-0.0959989927	-0.0543134866	0.1191402006	0.0545596889	0.0404121463	-0.1308434891	-0.019452538	-0.0925029242	0.0065626438	0.0341397034	-0.0298771478	0.2413158451	-0.0766934102	-0.1102175346	-0.0763207743	0.0491840466	0.1055781453	-0.022322562	-0.1358815247	-0.1260680893	-0.1103893203	0.0358384071	0.0529048087	0.0485451051	0.0600926038	0.0494403384	0.0005248628	0.016500385	-0.0039618431	-0.044762192	0.0252989463	-0.023850295	0.0674969904	-0.1410567507	-0.038341124	0.0393078203	-0.0107428189	-0.1169327961	-0.0400318981	-0.1561650024	0.0126863662	-0.0080484399	-0.0118577441	-0.085591464	-0.016808678	-0.1602987844	-0.0205009346	0.0307764611	0.0198848313	-0.0311341774	0.0358586224	-0.0093114522	-0.0537755996	0.2364596315	0.0200967022	-0.0188954547	-0.022466383	0.0678232455	0.0563526218	0.1070828125	0.0813277995	0.0556043022	-0.0553262048	0.00080922	0.1127148462	0.0875963224	-0.0652725783	0.1119318763	-0.0680730063	-0.0644255863	-0.128472698	0.1564414068	-0.0078960746	-0.0543006026	-0.0068400478	-0.062191928	-0.0622207834	-0.0002417463	-0.0122759749	0.003836639	0.0322403447	-0.0357168168	0.0507624466	-0.047116919	0.1342297961	0.0135788925	-0.0749687	-0.0078863616	-0.1190015235	-0.0375215892	-0.1474584529	0.0207491591	-0.0406848138	0.0095228448	0.1034638395	0.0545192447	-0.1175840758	0.0492497895	-0.0221954516	-0.0202651887	-0.0165400197	0.0381451382	-0.0855609356	0.0547097768	-0.0064831872	-0.2208759925	0.0218756641	-0.0052450026	-0.0564398145	-0.0194461271	-0.0946178903	0.1109292212	-0.0724182898	0.0902492529	-0.047019341	0.0168613276	0.0811457658	-0.0662305175	0.0608032558	0.0378779482	0.1576431677	0.0088719649	-0.1276173475	-0.0699157796	0.0443214063	0.0750870088	-0.0069658983	-0.1496308418	-0.1625856971	-0.0673880946	0.0185981349	-0.0399365809	-0.0058809102	0.0671644612	0.0680010182	-0.0011617314	0.1262724146	-0.0368294644	0.027192554	0.0356568892	-0.0982480398	-0.094276963	-0.00318593	-0.00030968	9.590170240000008e-08	1.01501499649e-05	0.0570441	0.0037821999999999	0.00325402934481	1.4305036839999997e-05	0.0448326	-9.159999999999724e-05	8.390559999999495e-09	0.00200996202276	-0.000167448	0.000153907	2.8038832704e-08	2.3687364649000002e-08	-0.000131754	-2.765200000000001e-05	7.646331040000006e-10	1.7359116516000005e-08	0.000213982	-0.0002042979999999	4.5788296324e-08	4.1737672803999995e-08	0.0	0.0	0.0	0.0	0.0	0.0	0.0	0.0	0.0	0.0
289.0578502594347	0.69864018577141	0.4880981091747102	83554.44079660578	369.4784357790808	-0.1887918360603748	136514.31450575637	0.0356423573630474	185.358835544816	0.1417915454543106	0.0201048423623218	34357.89791453014	184.2345612060402	314.38172973610284	1.212257	24.992691	0.031241865	0.0155279	-0.0217463998	0.1227962747	0.0300915654	0.0177288672	-0.0301368824	-0.0193014247	0.0865142707	0.0364920935	-0.0401911033	0.0745158248	0.1274497718	0.0265354497	-0.0007227258	-0.0926433828	0.1653811927	0.0269357256	0.0081491561	-0.0315596334	0.0168241434	-0.0987730392	-0.030954775	-0.0943408294	0.1327370144	0.127136082	-0.0567210157	0.0086875718	0.0628615309	-0.1001072348	0.138945486	0.090076299	-0.0492910589	0.0588605497	-0.0144799781	0.0157207976	0.0205836489	-0.0715495058	-0.0577734417	0.0351639731	0.1243899297	-0.0638770363	0.2155469614	0.0631280353	-0.038053362	0.0149902298	-0.0272083479	-0.0579445834	-0.1746545272	-0.0267079704	0.0117931915	-0.0854909451	0.0014082464	-0.0098503958	0.0209655613	-0.0813415926	-0.0686115086	-0.024686286	0.1449305933	-0.0116300182	-0.0803800429	0.0147698622	-0.0904264047	0.2311991313	0.0489069344	-0.0113868747	-0.0618107872	-0.1607199903	-0.0334698748	-0.003695696	0.0040292873	0.0482235025	-0.0477794432	-0.0738924342	0.1027955749	-0.1170591543	-0.1203860761	0.1038195626	-0.0115390112	-0.0560411078	0.1443453783	-0.1235193959	-0.0877030366	0.0330289167	-0.0476875946	-0.0128911999	-0.0163303809	-0.0006760813	0.0604047995	0.0282844809	-0.0060595623	0.1164983441	-0.0501854509	0.1678044297	-0.1369908192	0.0700471582	0.0438134105	0.0234611262	0.0979757632	-0.1440266694	0.0385912549	0.0381887416	0.0732916845	0.0448002941	-0.0226623443	0.0240938332	0.0311131908	0.0390485145	0.0571092093	-0.1503841794	0.0747417969	0.1169895648	0.0163646733	0.0848913971	0.1820008589	-0.0783552271	0.1050688741	0.0961977845	-0.0165003838	-0.0872960249	0.0586536671	0.0236606722	0.0929705422	0.0214940557	0.0591790112	-0.0882333405	-0.1607010984	0.0623725771	0.0637988934	0.0740391103	0.0231912592	0.0307666787	-0.0317496457	-0.1074492934	0.0062000538	0.0316066022	0.0038159385	0.0628201347	-0.0739138263	0.0587488354	-0.0326770577	-0.2170737848	0.0330881723	-0.1012028987	-0.0891212848	-0.000336715	0.002849215	8.118026116225e-06	1.1337699122500001e-07	0.0640052	0.0069610999999999	0.00409666562704	4.845691320999997e-05	0.0378396	-0.0069929999999999	4.890204899999999e-05	0.00143183532816	-0.000239736	-7.2288e-05	5.7473349696e-08	5.2255549439999995e-09	-0.000122748	9.006000000000015e-06	8.110803600000027e-11	1.5067071504e-08	0.000421459	0.000207477	1.77627688681e-07	4.3046705529e-08	0.0	0.0	0.0	0.0	0.0	0.0	0.0	0.0	0.0	0.0
289.1474534547526	0.0896031953179203	0.0080287326111813	83606.24983936833	371.1648523703362	1.6864165912553517	137763.34763509344	2.84400091926132	185.25700707676896	-0.1018284680470458	0.0103690369048082	34320.15867104202	184.099281126628	317.5119302854763	1.168858	24.097946	0.0289178299999999	0.0208894	-0.0607575594	-0.1050307471	0.0864265251	-0.0033670227	0.0546543728	0.0988304839	-0.0445725606	0.0293041674	0.0968992603	0.0263315969	0.119803354	0.0041405282	-0.1736964282	0.0585365806	-0.1213297439	0.07656268	-0.0466134889	0.0297332932	-0.095781097	0.0283575341	0.0253558858	-0.011828921	0.1027346197	-0.0865731559	-0.0212119503	0.1034874125	-0.0335736619	0.0665575465	-0.0787653875	0.0852090327	-0.0014375276	-0.0702733214	0.0324346135	0.0071311866	-0.0194467619	-0.0504164963	0.0454670584	-0.0353130309	0.2124434222	-0.0235956948	-0.1044475728	0.0274101189	-0.0249779743	0.1628118342	0.0700891905	0.0178117575	-0.0628988742	-0.1413386571	-0.0409307914	-0.2077759249	0.1332604025	0.0795685422	0.0202969158	0.1273386376	0.0178045148	0.0578938669	0.0422078226	-0.0422032807	0.0970073364	-0.0846051431	0.0211380926	0.1599510374	0.0147984375	-0.1141100102	0.0695244254	0.1197293914	-0.0669546224	0.0441626185	-0.0118943153	-0.0865448409	-0.033463649	0.048780253	-0.0259483776	-0.1132118643	0.0742331385	0.0082209856	-0.1037576818	0.0197274729	-0.0903824979	0.0631221674	-0.0720645285	-0.0107410397	0.1014210828	0.0053021973	-0.0114365734	0.0032948374	0.0174131885	-0.098957572	0.032640581	0.1937500451	-0.0284472487	-0.0671155215	-0.0424923116	-0.0148750074	-0.1627949332	0.0247785944	0.0788401553	-0.0865119937	-0.1269845936	0.0415670241	0.225434806	0.000932181	-0.145235244	-0.0214709882	-0.0947750625	-0.0494067229	-0.007471211	-0.0558962995	-0.0199126518	-0.1305796362	-0.1158210776	0.0349455465	0.1421105779	-0.0477938169	0.084706393	-0.0872644593	0.0162315784	0.0123449643	-0.1584789425	0.0498947195	0.0517719548	-0.0552521211	0.0592378558	-0.0177637021	-0.1219472046	0.1077550419	-0.073903667	0.0355707035	0.0098246616	0.0705166344	0.0920698768	-0.142021756	-0.0574485348	0.0303756846	0.0074689123	0.0413830737	-0.0574376425	-0.0322409468	0.0163678774	-0.2362021508	0.0305027946	-0.1039539485	-0.0835618648	-0.000455355	-0.0001186399999999	1.4075449599999998e-08	2.07348176025e-07	0.0446539	-0.0193512999999999	0.00199397078521	0.0003744728116899	0.0378484	8.79999999999631e-06	7.743999999993507e-11	0.0014325013825599	-0.00022911	1.062599999999999e-05	5.24913921e-08	1.1291187599999978e-10	2.58508e-05	0.0001485988	2.208160336144e-08	6.6826386064e-10	0.000451016	2.9556999999999988e-05	2.03415432256e-07	8.736162489999992e-10	0.0	0.0	0.0	0.0	0.0	0.0	0.0	0.0	0.0	0.0
289.14280482064305	-0.0046486341095715	2.1609799084671644e-05	83603.56157954848	370.32084067701135	-0.8440116933248305	137137.5250397284	0.7123557384690478	185.20926670671943	-0.0477403700495244	0.0022791429324655	34302.47247404073	184.06928206529665	315.4598342644887	1.120699	23.105068	0.019659285	0.0136117	-0.0931766348	0.0435053619	-0.0833083005	-0.0531528151	-0.0690156696	-0.1075211888	-0.0260342397	0.0397852207	0.1502644185	-0.079360634	0.0377998258	0.0514628364	-0.1051948951	0.0989780701	0.0796353659	-0.0920959597	-0.0753942615	-0.1060264493	0.0542196614	0.0573841974	-0.0759249959	0.1051508733	0.012841038	-0.0652547853	-0.0495104923	0.0331911933	0.073874622	-0.0778966317	-0.0185144716	-0.0369681887	0.0990040801	0.0864912022	-0.1473197109	-0.0530054176	0.0714572221	0.0074087974	-0.057022496	-0.1086566747	-0.025649538	-0.1744695472	-0.0269480415	-0.103392202	0.0116013725	-0.0472967194	0.1211003903	-0.0015846023	-0.0980924585	0.2314092755	-0.0347959823	-0.0181562923	0.0733294187	-0.0009919578	-0.0267439224	0.0602159394	0.0261374768	0.0265052925	0.1115907491	-0.1218131526	0.0502045906	0.008719948	0.0540732344	-0.1340764069	0.0951697892	0.0406947773	-0.0692707237	-0.0810622137	0.0809942649	0.0836222926	-0.0827658889	0.0477945374	0.0845039537	-0.065800058	-0.1019464218	-0.0202313054	0.0673057457	0.0060240113	-0.0287405499	-0.0549873589	0.0928739366	0.0487875797	0.0223972043	-0.0950822329	-0.1439778874	0.0447040102	0.0390681716	-0.0714316352	0.0401056103	0.0331176261	0.1240259664	-0.0015573724	-0.1694433053	-0.0514504376	0.1257139999	-0.0198463463	0.080780459	-0.1002645962	-0.0306604122	0.0025853036	0.2159595682	0.0910705101	0.0435786011	-0.0366489624	-0.0542483664	0.028213248	-0.1070806186	0.0119887269	-0.0472448076	-0.0961436061	0.1095387783	-0.078721316	-0.0109521304	-0.0947782062	-0.1149783376	-0.0737684643	-0.0528271073	0.0574928971	0.0106228674	0.0956038763	0.0547825324	-0.0414906926	0.0986053006	-0.1105173283	0.1144120455	0.0150747096	-0.0612347929	0.1512272553	-0.0370363877	-0.040818972	-0.1325943279	0.0700800434	0.065158173	-0.1121076021	0.0194929348	0.0703908781	-0.1020270577	0.0565753274	-0.078777557	0.0280356085	0.0394461851	-0.0317988911	0.0279020578	-0.1064956489	-0.0776238888	-0.00466834	-0.004212985	1.7749242610225e-05	2.17933983556e-05	0.045921	0.0012670999999999	0.0021087382409999	1.6055424099999829e-06	0.0378597	1.130000000000575e-05	1.2769000000012995e-10	0.00143335688409	-0.000188094	4.1016e-05	3.5379352836e-08	1.682312256e-09	1.72388e-05	-8.612000000000002e-06	7.416654400000002e-11	2.9717622543999995e-10	0.000217286	-0.00023373	4.7213205796e-08	5.46297129e-08	0.0	0.0	0.0	0.0	0.0	0.0	0.0	0.0	0.0	0.0
289.6798001129421	0.5369952922990251	0.2883639439513154	83914.38659347408	371.1428104986265	0.8219698216151414	137746.98578481938	0.6756343876460275	185.32092075577705	0.1116540490576198	0.0124666266709613	34343.843669769	184.20067776865304	320.1788311455193	1.117415	23.037378	0.0238002349999999	0.0154043	-0.0490558152	-0.002760971	0.1388272144	-0.1118904656	0.0215476076	0.0919057159	0.0731621954	0.0748182278	0.1390565451	-0.1489089207	0.0221829361	0.0070744517	-0.1068495804	-0.0438231522	0.0382262307	0.1143681197	-0.0273707883	0.0429112991	0.0177240717	0.0351063606	-0.0444305396	0.1517257179	-0.0465924201	-0.0077343488	-0.0894790472	0.0959354985	-0.1089499138	0.1860403645	0.1648190989	-0.0266041997	0.0969271209	0.0322823764	0.0116772206	0.1619866414	0.0512427836	0.1415510819	0.025229589	0.0516657763	-0.049593348	-0.0314100665	-0.1463534089	-0.1177555047	0.1261485236	0.1423401816	-0.0014700868	-0.0581705587	0.1210974435	-0.0336461822	-0.0809222872	-0.0865154048	-0.1006505677	-0.0153466998	0.0241764476	0.0229245536	0.0487189623	-0.0865673821	-0.0382890764	-0.0627317008	-0.189378885	-0.0255441268	-0.0889077726	-0.0168612459	-0.0413278736	-0.0902084887	-0.0400619781	-0.0351340455	-0.1157982925	0.0244619684	0.0122325013	-0.0681005214	0.0725874902	-0.0627493966	-0.1355480162	0.0688092545	-0.0061710202	0.0460099162	-0.1183098019	0.1247526457	-0.1170776391	-0.1888759568	0.0795578139	-0.1089449477	-0.0073758182	0.0523600571	-0.139244065	-0.0541666211	-0.1495451932	0.0559523114	-0.0435327869	-0.0322292485	0.0076422577	-0.1192156174	0.1725656063	0.0380647736	-0.1391074754	0.0287238418	0.07829401	0.1456602009	-0.0834058671	0.085933053	0.0773741397	0.0624117833	0.0559430098	-0.0325042386	-0.0005487754	0.109686928	-0.0088129995	0.1038701558	0.0885597072	0.088299305	0.0112270258	0.0887376081	-0.027031469	0.034602284	0.0870921201	0.0224149288	-0.0115755646	-0.064074667	-0.1091071299	-0.1188841282	0.0663989433	-0.070598851	0.1544170348	0.0444376796	0.0483441088	0.1119140931	0.0855129893	-0.0083755254	-0.1170101027	0.1713081986	0.0067940272	-0.1417616686	-0.0176890321	0.0521194844	-0.0515376467	0.0455976663	-0.0322653525	-0.03780815	-0.0725769383	-0.0082346184	0.0252872714	-0.1088228812	-0.0713342571	-0.00234739	0.00232095	5.3868089025e-06	5.5102398121e-06	0.0319538	-0.0139671999999999	0.00102104533444	0.0001950826758399	0.0378505	-9.200000000000874e-06	8.464000000001607e-11	0.00143266035025	-0.000119469	6.8625e-05	1.4272841961000002e-08	4.709390625e-09	-6.15579e-05	-7.87967e-05	6.208919930890001e-09	3.78937505241e-09	0.00021465	-2.6359999999999795e-06	4.6074622500000014e-08	6.948495999999892e-12	0.0	0.0	0.0	0.0	0.0	0.0	0.0	0.0	0.0	0.0
289.4242488582544	-0.2555512546877025	0.065306443772459	83766.39582716476	371.44238356421295	0.2995730655864577	137969.4443078639	0.089744021624868	185.30226603128824	-0.0186547244888117	0.0003479987457534	34336.92979633032	184.14948303801188	318.937273028798	1.142607	23.556742	0.066675745	0.032448	-0.0922126196	-0.0838536069	-0.0525618496	-0.196692085	-0.0197568747	0.0314873016	-0.0993156547	-0.0760125555	-0.0509392703	-0.1590734253	0.1310873866	0.0210259495	-0.1249390527	-0.0423883957	-0.0823979127	-0.107878622	0.0401923038	0.2102800083	0.0274730374	-0.0539010976	-0.0484629908	0.0896125487	-0.1880365653	0.0593857393	-0.0651869088	0.1145021793	-0.0409341832	-0.021155164	-0.0064360551	-0.1852941158	-0.1047429818	0.0158128405	0.0996145873	-0.1462838781	-0.1399193703	-0.021579499	0.0472095328	0.1617774666	-0.1348405923	0.0067061072	0.1844608712	0.0501451391	-0.0467727009	-0.0730339631	0.0423489045	-0.0083264255	0.0644573593	-0.1183544785	0.0261720685	-0.0095660173	-0.1595856406	-0.0914624898	0.027825862	0.0436488175	-0.0412197916	-0.0561865036	0.1547258664	-0.0032703266	0.0202037928	0.0705085554	-0.0697741408	0.043398839	-0.0057442229	0.1975913608	0.0280581575	0.0740371547	0.1145176826	-0.0564673726	0.1310153454	-0.1071832515	0.0092170035	-0.0799673139	-0.0647820732	0.2318823474	-0.0306280793	0.0759922265	-0.0975174215	0.0400875702	0.0060069871	0.0419514469	0.1654161121	0.101705879	-0.0187558653	-0.1411353327	0.1459173854	0.1293886806	0.0158322712	-0.0014633266	-0.1999074135	-0.1311944428	0.0100496771	0.1400566252	-0.0717097374	0.0261796281	0.0684786139	-0.0809724469	-0.0304357551	0.0069945377	-0.1084901821	-0.0283241981	-0.0414666135	0.1355058335	0.1159154502	0.0260010144	-0.0504879981	0.0956161203	0.0645180702	-0.1345908119	-0.0324050448	0.0026821356	0.0896590269	0.0718815234	0.1075533876	0.0135708801	-0.0975127367	0.1332652175	0.0113929992	0.1194839271	-0.0749023363	-0.1443120415	0.0944117467	0.1307174304	0.0691055519	-0.0018119311	0.0517706022	0.0379302447	0.0762356542	0.0563427858	-0.0913787951	0.1702295904	-0.0015181368	-0.0846279205	0.0287892475	-0.050430258	-0.0540058234	0.0557495532	0.080972149	-0.065037507	0.0978227275	-0.1036159249	0.0226597522	-0.1109309587	-0.0647214634	0.00552475	0.00787214	6.19705881796e-05	3.05228625625e-05	0.048006	0.0160522	0.002304576036	0.00025767312484	0.0497586	0.0119080999999999	0.0001418028456099	0.00247591827396	-0.000489736	-0.0003702669999999	2.39841349696e-07	1.3709765128899997e-07	-0.000222729	-0.0001611710999999	2.597612347520999e-08	4.9608207441e-08	0.000300078	8.5428e-05	9.0046806084e-08	7.297943184e-09	0.0	0.0	0.0	0.0	0.0	0.0	0.0	0.0	0.0	0.0
289.25321539536327	-0.1710334628911027	0.0292524454285222	83667.42261655642	370.6011114224647	-0.8412721417482203	137345.18378756611	0.7077388164816376	185.19152439347232	-0.11074163781592	0.0122637103461524	34295.90070717805	184.058376684686	320.2253288293448	1.183541	24.400669	0.0410593199999999	0.018749	-0.0103979747	0.124992871	0.0152157809	-0.1256167354	-0.0555781586	-0.0290226032	0.0862222668	0.0104503495	-0.0591291967	0.0340685676	0.1703103029	0.0658695839	-0.0824891346	0.0190819188	0.1324873277	-0.0538177747	-0.0039832902	0.0412482978	0.0729872	-0.1146471754	-0.0801673318	0.020648972	0.0325654987	0.1623512688	-0.0341849913	-0.0338326177	0.0183468469	-0.0379181323	-0.1067383675	0.0987103772	-0.062705093	0.12706707	0.0387218141	-0.0449689501	0.0417707809	-0.1002469603	-0.1100296721	0.0255553586	-0.0006306924	0.0657958665	-0.0441543991	-0.0468545139	-0.0656628206	-0.0838459184	0.0986951471	-0.127962999	-0.0825717758	-0.0758719176	0.0166713969	0.0715718213	0.1072998635	-0.007927654	-0.0546129388	0.0632288648	0.008928773	-0.0344297959	-0.0910551796	0.1389699875	0.1520766159	-0.0716058804	-0.0450898048	0.0295163487	-0.0304405371	0.1467095246	-0.0859754217	-0.1244642923	0.0410311696	0.0017026417	0.082575828	0.0345046903	-0.031929586	-0.1273826983	0.0166366425	-0.0018074901	-0.1593648168	0.0496132679	0.0448562059	0.0072091105	0.0120265831	0.099871357	-0.1361455835	0.0567331402	-0.095894242	-0.0613387219	-0.0106895955	-0.0022752612	0.1415021815	0.0940538633	0.0075630573	0.0178232838	0.0141236672	-0.0509822018	-0.0009768771	-0.0935143642	0.0738331081	-0.0643015342	0.1448754982	-0.0583270243	-0.0038664801	-0.0765257604	-0.0633489271	-0.0835116423	-0.0802596658	0.0989740443	-0.0073252881	0.001556693	-0.0020910227	0.0511843073	-0.2023719003	-0.1219211571	-0.0313766362	0.0893532927	0.0046786649	0.0402359299	-0.0462550414	0.1455681591	-0.0263409662	-0.0702849406	0.0458976665	-0.0447569712	0.1391630907	0.1711263719	0.0017423055	-0.0017825456	-0.123799037	0.1430695971	0.0203267336	-0.0193916783	-0.0367025925	0.1244253407	-0.0529354786	-0.0182433053	0.057003052	-0.0474038366	-0.0379687527	-0.0675564326	0.1759451084	0.0052437092	0.0768743723	-0.0864251187	0.020020823	-0.112815636	-0.0578154653	-0.00163682	-0.00716157	5.12880848649e-05	2.6791797124e-06	0.0459301	-0.0020758999999999	0.00210957408601	4.309360809999994e-06	0.0533776	0.0036189999999999	1.309716099999998e-05	0.00284916818176	-0.000263559	0.0002261769999999	6.946334648100001e-08	5.115603532899998e-08	-0.000143698	7.9031e-05	6.245898960999999e-09	2.0649115204e-08	0.000558927	0.0002588489999999	3.12399391329e-07	6.700280480099997e-08	0.0	0.0	0.0	0.0	0.0	0.0	0.0	0.0	0.0	0.0
289.03470976257995	-0.2185056327833194	0.0477447115580388	83541.06344753884	370.4670199989115	-0.1340914235532295	137245.81290687388	0.0179805098705316	185.18889333701995	-0.0026310564523726	6.9224580555715145e-06	34294.92621539015	184.09560154919376	319.4854047748986	1.152805	23.766991	0.0375915399999999	0.0201866	0.0154609464	-0.0799786158	0.0940860841	-0.0731424195	0.0312568304	0.070727468	0.015114085	-0.0154344218	0.0846593927	0.032760085	-0.0041661758	0.0597125604	-0.0879374473	-0.0131393801	-0.0841979975	0.1044458769	0.0345686862	-0.0781418841	0.0322005766	0.1394829916	0.0096194742	0.053515725	0.0446660944	0.0830469109	0.0704916776	-0.0565885739	0.1101861629	-0.0803268484	0.0590962815	0.1185857144	0.0307953303	-0.1331728386	-0.1154359961	-0.056668826	0.05781094	0.1704336634	0.0969347086	0.1249055364	-0.0503436625	0.151424009	-0.0491718631	0.0595973031	0.0540748709	-0.0926646769	0.108832231	0.0536822323	-0.0172278185	-0.0425244069	0.061116025	0.0376015352	0.0606936198	0.0392805867	0.0637123871	0.0878879701	-0.0140271212	-0.055062678	-0.0802143837	-0.0591324915	0.0109503998	-0.0587742348	-0.1844476138	0.1502046249	-0.0307356981	0.1531155283	0.0272063596	0.0758460864	-0.1009234624	-0.0352361601	-0.1034880339	0.0312549331	0.1394854944	0.0675529848	-0.0474729317	-0.0466721547	-0.0740522706	-0.0312093387	0.0671104922	-0.1415081357	0.1014849553	-0.0410735285	-0.0922146239	-0.049174234	0.0855954411	0.1099217043	0.1286332101	-0.1028594945	-0.1464486384	0.0145318567	-0.1470977113	-0.0168666534	0.1248253134	-0.0899003199	-0.0045544543	-0.013771983	0.0468270607	-0.1506915126	-0.0554660235	-0.0396340247	-0.0447899998	-0.1105430756	-0.0153837786	-0.0721019835	-0.0723512733	-0.0492908445	-0.0522940335	0.0604277272	0.0585425602	0.083192716	0.0242575537	-0.0745128514	0.0150470024	0.1882258789	0.1419072822	-0.0015668712	0.0164673331	0.092032789	0.001966654	-0.062383195	-0.1487832098	0.0776532523	0.1038994873	0.0275406361	0.051879535	0.0253031436	0.0254391249	0.1491051859	0.0239706109	0.0315477699	0.0442012042	0.0964154719	-0.0321799903	0.1070160253	0.0229998502	-0.142446673	-0.024658772	0.0356628702	0.0066267838	-0.0698240304	0.0423291227	0.0623127659	0.0173718128	-0.1144731177	-0.0506475487	0.00515151	0.0067883299999999	4.60814241889e-05	2.65380552801e-05	0.0500579	0.0041278	0.00250579335241	1.7038732840000006e-05	0.0526709	-0.0007066999999999	4.994248899999966e-07	0.00277422370681	-8.92708e-05	0.0001742882	7.969275732640001e-09	3.037637665924e-08	-0.000141291	2.406999999999979e-06	5.793648999999898e-12	1.9963146681e-08	0.000216248	-0.000342679	4.6763197504e-08	1.1742889704099999e-07	0.0	0.0	0.0	0.0	0.0	0.0	0.0	0.0	0.0	0.0
288.6986901165921	-0.3360196459878466	0.1129092024897977	83346.93367503608	370.19781449350336	-0.2692055054081379	137046.42185576633	0.0724716041420509	185.08737646631448	-0.101516870705467	0.0103056750378305	34257.33692718323	183.93755045163124	316.3457297762548	1.154722	23.806509	0.0354174399999999	0.0161745	0.0185524089	-0.0905624702	-0.1189236726	-0.112316015	-0.0126215844	-0.0158832911	-0.1007213502	-0.1162628951	-0.0478994851	0.0068391693	-0.0677991581	-0.0344774191	-0.0284120311	-0.042784595	-0.1018115941	-0.1140191176	0.0677013109	-0.0225878449	-0.0896670286	-0.0291396193	0.0421532263	0.1471892594	0.0528921296	0.026269459	-0.0488233084	-0.0955538228	0.0288464038	0.0411783687	-0.1134658789	-0.0417245386	0.1509166507	-0.0177536856	0.0263935511	0.064375588	-0.0485749681	-0.0567705281	-0.0098363796	-0.0149256251	-0.2000737535	-0.1253929827	0.0751252643	-0.1185774983	-0.1199892693	0.1106698038	-0.0551723242	-0.00382619	0.0521646841	-0.0478118845	-0.0401123793	-0.0518151186	0.0484824341	0.1821849514	-0.0889636959	-0.0184802872	0.0839049859	-0.1361596081	0.0875039279	-0.0189266647	0.0077421558	-0.1404048636	0.1380554308	0.0510795231	0.0964279614	-0.0219357262	-0.0196204382	0.0820622602	0.1226900165	-0.0694550778	-0.0622129481	-0.0487185124	-0.0613717316	0.0149078142	-0.1387482116	-0.0360427355	-0.0590320778	0.0166672398	0.0963209106	-0.0106324525	-0.0446228827	0.0813219481	0.0465507051	-0.152198599	0.0057961609	0.0244935699	-0.0618179212	0.0812040841	0.027159574	0.0054104952	0.016809694	-0.1956785606	-0.1422140425	0.1683217247	0.0681620515	-0.0951088853	-0.0819060829	0.071542399	0.0262049304	0.0475108125	-0.0695436535	0.0676316514	0.0011219033	0.0176496011	-0.1716399232	-0.01836832	0.0704252181	0.1479181104	-0.1015052401	-0.057258563	-0.0011154912	-0.0169373889	-0.1831563614	-0.1183977292	0.0069060004	-0.0859493191	0.0300867546	-0.0273574613	-0.0113902253	0.1260665219	-0.0251549855	0.0838888083	0.1637602187	0.1076465805	0.036160837	-0.053112371	0.051399565	-0.0022906558	0.0532227477	-0.0254259034	-0.0231831097	-0.0252507362	-0.0163065141	0.0038966572	-0.0710651968	-0.098224069	0.0090786464	0.01578151	-0.0339511776	-0.071401395	0.035648408	0.0801785633	0.0147140554	-0.1159000657	-0.043250186	0.00432418	-0.0008273299999999	6.844749288999989e-07	1.8698532672400003e-05	0.0580684	0.0080104999999999	0.00337193907856	6.416811024999995e-05	0.0414216	-0.0112492999999999	0.0001265467504899	0.00171574894656	-0.000204433	-0.0001151622	4.1792851489000006e-08	1.326233230884e-08	-4.8169e-05	9.3122e-05	8.671706884000002e-09	2.320252561e-09	0.000117926	-9.8322e-05	1.3906541476e-08	9.667215684e-09	0.0	0.0	0.0	0.0	0.0	0.0	0.0	0.0	0.0	0.0
288.66294778467795	-0.0357423319141503	0.0012775142906612	83326.29742373971	369.6942649790385	-0.5035495144648507	136673.84955839155	0.2535621135177869	185.16244207175384	0.075065605439363	0.0056348451199781	34285.1299539756	184.01859079153053	316.2328744549451	1.194888	24.634604	0.038101644	0.0183134	0.0853207655	0.1067976071	-0.0243934308	-0.0092668928	-0.0622086405	-0.0876851926	0.0812292039	-0.0229893523	0.0378274474	0.160221645	-0.0428704851	0.1171159659	-0.0264345337	-0.1000192548	0.11800358	-0.030456668	-0.0292213172	-0.1025744692	0.096868685	-0.012023991	-0.0278273372	-0.046476791	0.1039730206	-0.0352132192	-0.0348616043	0.0315542556	0.0113739878	0.036544206	-0.0893024278	0.0453680824	0.060249457	-0.1185701752	0.2437019791	0.1280150723	-0.0916514597	0.016326302	-0.0847273022	-0.0631206198	0.037665426	-0.0101254929	-0.1280884685	0.1230212139	-0.0080374212	0.0290176019	0.0926693067	-0.0773718163	0.1205906516	0.0247768179	0.1016471538	-0.130289347	-0.0098048694	0.0132882158	0.0411143665	0.0102077715	0.0143612533	-0.086689495	-0.0102899575	0.0902688354	-0.0330801383	0.0666963875	-0.0176729641	0.0120655345	0.0646925236	-0.0293244049	0.0047659368	-0.1101302259	0.0267285572	0.0331055654	-0.0167587673	0.1058677048	0.040151861	-0.0558844787	0.0211497804	-0.1306568809	0.0153689245	0.0402848127	-0.015831256	-0.0069184914	-0.0871616095	0.0759405418	-0.003134667	-0.0110302917	0.2098830455	-0.0564021455	-0.1777799637	0.1405429739	-0.0144544938	0.0453819768	0.0844761516	0.0458772592	-0.024968631	-0.1292298842	-0.0939750161	0.0158613967	-0.0637119603	-0.0538828105	0.0404205014	0.1394578769	0.0147038895	-0.1144457866	0.0937157709	0.102267273	-0.0153875857	-0.0123087187	0.0129199089	0.0849966552	0.0417104752	0.0158495597	-0.0857713383	0.0364157296	0.031641945	0.0005046905	0.0176795461	-0.1019685347	-0.0174867715	-0.0133970873	-0.0175812994	-0.051460968	0.0638835611	0.0690818936	0.154426458	-0.0637580109	0.0362601327	-0.0292565317	-0.1710456957	0.003249318	0.1452793568	-0.0749260793	-0.0820464961	-0.0542945266	0.0216594387	-0.1104407501	-0.1017896674	0.0678706142	0.0271045603	-0.0972831811	-0.0494042587	0.0664615338	0.0052396232	-0.0736374127	0.012048889	-0.1170936064	-0.0356568892	0.000956161	-0.003368019	1.1343551984361002e-05	9.14243857921e-07	0.0697816	0.0117132	0.00486947169856	0.00013719905424	0.0359331	-0.0054885	3.0123632250000004e-05	0.00129118767561	-0.000292421	-8.7988e-05	8.5510041241e-08	7.741888144e-09	-7.75455e-05	-2.93765e-05	8.6297875225e-10	6.013304570249999e-09	0.0003512	0.000233274	1.2334144000000005e-07	5.4416759076000014e-08	0.0	0.0	0.0	0.0	0.0	0.0	0.0	0.0	0.0	0.0
288.7990836709505	0.136135886272541	0.0185329795312102	83404.91072918066	370.3411361442029	0.6468711651643844	137152.55712057903	0.4184423043211282	185.25508704128035	0.0926449695265034	0.0085830903785667	34319.447274672355	184.13900216631416	316.1905799334443	1.204075	24.824001	0.051603524	0.0237794	0.0496585267	-0.0601727687	0.0889326235	0.0170012482	0.0312952249	0.0630519064	0.019435168	-0.0021862765	0.1315001267	0.0507726893	-0.0741468724	0.0979432176	-0.119031875	-0.1040228912	-0.0526077099	0.0964631266	-0.0063021151	-0.1639291375	-0.003340084	-0.0563001267	-0.1488609172	0.0794674656	-0.0206916946	0.1144481458	-0.0086697402	0.1021326353	0.1101995598	0.0933131836	0.1170190011	0.0421978574	-0.0366303121	-0.0268684808	0.0923110783	0.0647633684	-0.0508810883	0.0519782862	0.0710732928	0.0940116749	0.1031254364	0.0328406683	0.0356243985	0.0360032277	-0.0909930912	0.0006352756	0.1194317567	-0.020025023	0.0796294702	-0.1276776124	-0.0580896169	0.0255434662	0.0104778319	0.1906254205	-0.0412285692	-0.1739271291	-0.1151812517	-0.0276000202	0.0772113221	0.10543419	0.0250583529	0.0040636478	0.1100840451	-0.131357605	0.0197085161	-0.0119704163	-0.0348045235	0.0379691063	-0.0918426796	0.0136296594	-0.1842921646	0.0037222289	0.0335987879	-0.1730152028	-0.023715672	0.0404214734	-0.1282851649	0.0398216102	-0.0933048893	-0.1021460562	-0.0753660774	-0.116028301	-0.0013329691	0.0175565381	0.0398053828	-0.0234863508	-0.0637123175	0.0587096275	-0.0723918943	-0.0405247039	-0.1067190284	0.1195296012	-0.0005167935	0.0133593169	-0.0990906111	-0.0646844262	-0.0039798595	-0.1051326019	0.047243929	0.0221521245	-0.1421417484	0.0162095492	-0.0750870403	0.0144860409	-0.1311750847	-0.0143606201	0.2233355572	-0.0213590743	0.0546956664	-0.1030293304	-0.0816159571	0.054243329	-0.0343469507	-0.1258980554	-0.1402749034	0.000254706	-0.0897681202	-0.0158844056	0.0058518866	-0.0252311972	-0.1218421979	-0.0423257957	0.0850494336	-0.133379671	0.138238757	0.0830136144	-0.0072476166	-0.0042112087	0.1436397736	0.0759004579	0.0552207895	0.0135996113	0.0800805618	0.0532916193	0.0092584589	-0.0556686843	-0.1064151154	-0.0129468393	-0.0377165058	-0.0086408518	-0.0709629309	0.1267134005	0.0093776556	-0.1180513362	-0.0279020578	0.00771406	0.006757899	4.566919889420101e-05	5.95067216836e-05	0.0734925	0.0037109	0.00540114755625	1.3770778810000023e-05	0.045904	0.0099708999999999	9.941884680999996e-05	0.002107177216	0.000111895	0.000404316	1.2520491025e-08	1.63471427856e-07	-0.000130136	-5.259049999999999e-05	2.765760690249999e-09	1.6935378496e-08	0.00018483	-0.00016637	3.41621289e-08	2.767897690000001e-08	0.0	0.0	0.0	0.0	0.0	0.0	0.0	0.0	0.0	0.0
288.6320116858791	-0.1670719850714022	0.0279130481956988	83308.43816983745	370.2575483877682	-0.0835877564346674	137090.65213812052	0.0069869130257812	185.3151957316571	0.0601086903767509	0.0036130546588081	34341.72176906238	184.1629509677254	313.1814667183583	1.177964	24.285688	0.0670540755	0.028685	0.0151174722	-0.0597172816	-0.1263163338	-0.0369296963	-0.0367825983	-0.0187179115	-0.1154423866	-0.0561168934	-0.0475664468	-0.0444688766	-0.112948783	0.0554620664	-0.0770157836	-0.0786592908	-0.0506689356	-0.1526942944	0.0392321223	-0.062817712	-0.0464938766	0.1773235438	0.0360224743	-0.0225170188	-0.0610152162	0.0004664652	-0.1047612035	-0.0372920627	0.0369081647	0.0158474586	-0.0450435323	0.0013218846	-0.0490725399	-0.0557148515	0.0711855843	-0.0323938342	0.1594029876	0.0061517812	-0.0367860549	-0.0634666651	-0.0293287662	0.0783342383	0.0675859022	-0.067476568	0.0369749154	0.000955006	0.0375383085	-0.0014659065	0.0979228764	-0.1227675337	-0.0499675155	0.0074723784	-0.0013048706	-0.1455399851	-0.1358809039	-0.0690657304	0.052645591	-0.1104292743	-0.1055409098	0.025734563	-0.0562913258	-0.0053161576	0.0879637463	-0.1213792635	0.1392389795	-0.0675826186	-0.0849525366	0.0281666713	0.1558396397	-0.0446363999	-0.1114591751	-0.038570492	0.1140124308	0.1295735088	-0.0089482752	0.0388731078	0.0326618339	0.0901247234	0.0658640944	-0.0038719989	-0.0448447727	0.0452979184	-0.0089589739	0.070538756	0.0602563626	-0.0400947189	-0.0045470349	-0.1231174057	0.0265823024	0.0610198177	0.0872961224	-0.0299940503	0.0688242936	0.0711470382	0.0343381788	-0.028751477	0.0276494276	-0.0388977959	0.0278485737	0.0700808434	-0.1251650789	0.0334780443	0.0320979057	-0.0415067624	0.1122923018	0.182830974	0.0859298348	0.1038421441	-0.0897650963	0.1232091669	-0.0095878828	0.050452171	-0.0246182553	-0.1078224387	-0.1641488861	-0.0882050598	0.0041503396	-0.057170411	-0.0237886717	0.1224611656	0.0255428772	0.0300038059	0.0580502157	0.0913806453	0.0732776053	0.1158336416	0.1348750663	0.0023641254	0.0821022843	0.0572302868	0.128132915	-0.0119545636	0.043005828	-0.0882892662	-0.1374315204	-0.0255395248	0.1202968667	-0.0003632957	-0.1301437089	0.0392765679	-0.072358162	-0.0380283672	0.0067017003	-0.1187713263	-0.020020823	-0.00979414	-0.0175082	0.00030653706724	9.59251783396e-05	0.0570596	-0.0164329	0.00325579795216	0.00027004020241	0.0334622	-0.0124418	0.00015479838724	0.00111971882884	-0.000102905	-0.0002148	1.0589439025e-08	4.6139040000000007e-08	1.58351e-06	0.00013171951	1.73500293146401e-08	2.5075039201e-12	0.000117926	-6.690400000000001e-05	1.3906541476e-08	4.476145216000001e-09	0.0	0.0	0.0	0.0	0.0	0.0	0.0	0.0	0.0	0.0
289.0859100380049	0.4538983521258046	0.2060237140625209	83570.66338250146	369.8440032109473	-0.4135451768209464	136784.58671109917	0.1710196132718678	185.30114559311463	-0.0140501385424727	0.0001974063930626	34336.51455812067	184.18038190688003	315.5185272258332	1.194573	24.628105	0.0241071305	0.0139618	0.0908617922	0.112345462	0.0257840017	-0.0270322202	-0.0579160273	0.0189578409	0.1480345817	-0.0801221192	-0.1417337068	0.0525274397	0.0199247554	0.0678909367	-0.0203862974	-0.0119920986	0.1219586869	0.0009025864	-0.0206615585	0.1152120651	0.0129526195	0.0343844533	0.041511494	-0.0469561653	-0.1157918088	-0.0671455492	0.0406576391	-0.031428689	-0.0128250106	-0.0046299178	0.020327831	-0.1034201711	-0.0956854195	-0.0373086678	-0.0177307499	-0.0273588248	-0.1240852131	-0.0659556883	-0.1060434107	0.1700227721	0.0378067777	-0.0340182993	0.0880324296	-0.0292546077	0.0728534615	-0.1111843197	0.0506288473	-0.0260192947	0.2208601852	0.0699662	-0.0026616428	-0.0467602778	-0.0216208398	0.1063027486	-0.0403741627	0.0555382626	-0.0635858354	-0.0047796462	-0.1442827128	-0.1559595106	0.1258798536	-0.1342691195	0.126926285	0.009728481	0.0901842221	0.0528859539	0.1992265764	-0.1129081014	-0.0113407278	0.0174100467	0.1030978993	-0.0214345437	0.0155758094	0.0749902568	0.0459521817	0.1128272594	0.081401855	-0.041885417	0.0286339071	0.0076102253	-0.0090115061	-0.0214152003	0.0928329896	0.0892576626	-0.0187335344	0.022626498	0.0916835702	0.1599576304	0.0788508917	0.0921550984	-0.1099661887	0.0555754176	-0.0001631623	0.0912418159	0.0384436342	0.1028384313	0.0890524159	-0.0351970897	-0.0563705573	0.1916524321	-0.0468555451	-0.0222816474	-0.0140042759	0.0911584154	-0.1130132129	0.0156013412	0.0036574909	-0.0442191144	0.0707241381	0.1333586752	0.0807910674	-0.2033901872	-0.145054978	-0.0849463967	0.0580035223	-0.0495218573	-0.1986514742	-0.1108631101	-0.0220717123	-0.1258646635	0.0728614502	0.0312471731	0.0796640162	0.1549996643	-0.0172530767	0.0664595063	-0.0122943132	-0.0539079386	-0.001337323	0.0154149593	0.0975284195	0.0123671528	0.0552086774	-0.0435253774	8.81209e-05	0.0573230477	0.0448276703	0.0023860574	-0.1474798585	0.0462171387	-0.0985383127	-0.0556502669	0.0040223704	-0.1192521267	-0.012048889	-0.00669441	0.00309973	9.6083260729e-06	4.48151252481e-05	0.0692425	0.0121828999999999	0.00479452380625	0.0001484230524099	0.0359474	0.0024852	6.17621904e-06	0.0012922155667599	-0.000137949	-3.5044e-05	1.9029926601e-08	1.228081936e-09	-1.05035e-05	-1.208701e-05	1.4609581074010002e-10	1.1032351225e-10	0.000197581	7.965500000000001e-05	3.9038251561e-08	6.344919025000002e-09	0.0	0.0	0.0	0.0	0.0	0.0	0.0	0.0	0.0	0.0
289.3389799574387	0.2530699194338126	0.0640443841222364	83717.04532281111	371.75729256231807	1.9132893513707927	138203.48457326496	3.6606761420688687	185.2603609990499	-0.0407845940647177	0.0016633831130238	34321.40135749829	184.1619478144352	319.04335000759033	1.210277	24.951885	0.0472692	0.0255707	0.1350814575	-0.1148263935	0.0699436509	-0.0222587663	-0.0139190858	0.155440602	0.0253157227	-0.0964729507	0.1337057141	0.0634655464	0.0106938603	0.1040543124	-0.005317288	0.0680580476	-0.0838504777	0.0904525614	-0.0086594757	-0.1093590704	-0.041400962	0.0195915254	-0.015746135	-0.0691451566	0.0197851221	0.0129115939	-0.0074960964	0.0608929538	-0.0113150888	0.0471981742	-0.0397669772	0.0796265955	-0.0013512422	0.0958014963	0.0631642862	-0.0906234887	-0.2365901166	-0.0094415842	-0.0894246849	-0.1585807876	-0.0274661688	0.0121296642	-0.0235417662	-0.0696030274	0.1069360548	-0.1325503853	0.0028047268	0.0634131384	0.0521076894	0.0839098276	-0.0943573119	0.123776074	-0.0673850472	0.0611283207	0.0532420995	0.0094836939	-0.0432512398	-0.1948754432	0.0033017835	0.0133250951	0.1384967876	0.1170504649	-0.0375471756	0.0123458335	-0.0812732086	0.0363664292	0.0275212114	0.0912323694	-0.0913632107	0.0110753372	-0.1077004637	0.0202644257	-0.0080603869	0.0247731679	0.0793053177	-0.0338089965	-0.0052292539	0.002185479	-0.0591363172	0.0150202382	-0.0641096634	0.0376647348	-0.0957089478	-0.0282784596	-0.0647826886	-0.1352369896	0.0523419275	0.2166053716	0.0215284638	-0.0330275488	0.1683883849	-0.0291369963	0.0490057606	-0.0854914679	0.1140711428	0.0692455075	0.1396387105	-0.0661608406	-0.0998681991	0.0448188931	0.048084388	0.0858165599	-0.1569624265	-0.0148035877	-0.0112167159	-0.0688095402	0.0412831534	0.1361941491	0.0959542543	-0.019430017	-0.1194128552	-0.1064385818	0.1244620955	-0.0549051829	0.0435771436	0.0682908292	-0.0042681718	-0.0049465016	0.0404046055	-0.0519941362	-0.1414316346	0.1000872519	0.0614353524	-0.0165200093	-0.0248024792	0.1003787355	0.0339282914	0.0094473246	-0.0122847113	-0.0170195064	0.0305352898	0.0422598237	-0.0136667759	0.0244276416	0.08209626	-0.0955568042	-0.0359639758	-0.1484511115	-0.0819420888	0.022493171	0.1080093186	-0.0623352514	0.0013410152	-0.1194927693	-0.0040223704	-0.0079244399999999	-0.0012300299999999	1.5129738008997567e-06	6.279674931359843e-05	0.0601826	-0.0090598999999999	0.00362194534276	8.208178800999992e-05	0.055208	0.0192606	0.00037097071236	0.003047923264	-0.000347708	-0.000209759	1.20900853264e-07	4.3998838081e-08	-7.54629e-05	-6.49594e-05	4.21972364836e-09	5.69464927641e-09	0.000117926	-7.965500000000001e-05	1.3906541476e-08	6.344919025000002e-09	0.0	0.0	0.0	0.0	0.0	0.0	0.0	0.0	0.0	0.0
288.6692869886653	-0.6696929687734041	0.4484886724245356	83329.95725054441	370.837000209151	-0.920292353167099	137520.08072412183	0.8469380152978365	185.21803580042828	-0.0423251986216257	0.00179142243836	34305.72078576873	184.0662975184725	316.2022505533977	1.177595	24.278082	0.054692065	0.0287141	0.1077254984	-0.0563894055	-0.1460028192	-0.0518186362	-0.0596167996	-0.0256627865	-0.0831082031	-0.1661829452	-0.0002453017	0.010386178	-0.0904424028	-0.0350029421	0.0111697847	-0.055027752	-0.0107419426	-0.1333378532	0.0721150328	-0.0289564248	-0.0815166419	0.0796904942	0.0018686557	0.0131191197	-0.096696029	0.0821881119	-0.0102993454	-0.2463953165	-0.0346157816	-0.0139024751	-0.1384419086	0.1512021561	-0.0759074645	-0.0114242579	-0.0509837164	-0.0871830531	-0.0223492072	0.1159882415	0.1330977097	-0.0269915425	-0.0360849803	-0.0571509355	0.0800127722	-0.132926752	0.0393871237	0.0110044594	-0.0747101518	-0.0173015854	-0.0917821717	0.0357977631	-0.0063970304	-0.1178877248	0.0145478004	-0.0442953393	0.0213650118	0.0083981157	-0.0713545605	0.0914452484	0.028601278	-0.0034756913	-0.0451756882	-0.05297771	-0.0601911457	0.0812753336	0.1113981527	-0.0339929728	0.0593727345	-0.0006436682	0.1268565561	-0.0719556853	-0.0864445816	-0.0467874744	0.0266892977	0.0663169742	0.0055722618	0.0868102911	-0.0452521373	-0.0103817427	0.2436165724	0.0548460693	-0.0093170411	0.0928490383	-0.1951906523	0.0274574468	-0.019595225	0.0189458964	0.1055096005	-0.0244448823	-0.133756162	-0.1045867712	-0.0294465971	-0.0560141811	-0.0365669774	0.0862614565	0.1190156446	-0.004228893	0.0485062693	0.067061225	0.0415927085	-0.0597143395	0.066513931	0.0421807645	0.1165364664	0.0316816951	0.0215902402	0.0351496513	-0.0239844093	-0.0543879583	0.0662463996	-0.0491046255	0.0548055467	0.036030214	-0.0594824122	0.0984957298	0.061479419	-0.1048773952	-0.0777368124	-0.0456007716	0.0541348682	0.1201170161	0.0250757998	0.0701543128	0.1296368394	0.0158817362	0.0061032342	-0.0275245489	0.0713332496	-0.1033021238	0.0158653036	0.0391451034	0.004020553	-0.0260093803	-0.1872479584	0.0793144352	0.0560701027	-0.1378830637	-0.0801007193	-0.148770359	0.0121632621	-0.1727802991	0.2205373199	0.1102127949	-0.0013410152	-0.1194927693	0.0040223704	0.00704782	0.0149722599999999	0.0002241685695075	4.96717667524e-05	0.0747262	0.0145436	0.00558400496644	0.00021151630096	0.0727658999999999	0.0175578999999998	0.0003082798524099	0.0052948762028099	-0.000456846	-0.000109138	2.08708267716e-07	1.1911103044e-08	-0.000118691	-4.322810000000001e-05	1.8686686296100007e-09	1.4087553481000002e-08	0.000117926	0.0	1.3906541476e-08	0.0	0.0	0.0	0.0	0.0	0.0	0.0	0.0	0.0	0.0	0.0
288.3603535720448	-0.3089334166205049	0.0954398559048184	83151.69351219469	368.9719977853368	-1.8650024238141896	136140.33514970256	3.478234040832802	185.02778976072747	-0.1902460397008099	0.0361935556218421	34235.28298373997	183.8963046611768	314.51355040988585	1.236018	25.482567	0.04587335	0.0250166	0.106430053	0.1275240166	-0.0013730288	0.0866825267	-0.0351239878	-0.0677173825	0.0887882515	0.0123709013	-0.0620386335	0.2023151821	-0.0557661352	-0.070073872	0.0019532465	-0.1334552544	0.1332558722	0.0292701042	-0.022353936	-0.0243161498	-0.0320063914	-0.0960515863	0.158534858	0.0550051835	-0.0419786428	0.0043524625	0.0432761273	-0.0200692868	-0.1071636156	-0.0721421915	-0.0963570957	-0.0310307504	0.0217587849	-0.1438556833	0.047397092	-3.65286e-05	0.0039697784	-0.1075834784	0.1972156245	0.0698163177	-0.0472043989	0.0277664549	-0.0247162781	-0.0168549018	-0.0017215508	0.036366734	0.009966242	0.0002815808	-0.0374218663	0.1514850975	0.0732633675	0.0680695962	0.0334885942	-0.097202069	0.0958954337	-0.0485635512	0.1005328236	0.0024763532	-0.0113103347	0.1496205218	-0.0248845782	-0.0784576152	-0.080483691	-0.1162236722	-0.0089873179	-0.1031191115	-0.0365797991	-0.1237857137	-0.0308927536	0.0286786191	0.0310627496	0.0534972952	-0.1576657478	0.0879179798	-0.0738049876	0.0301112557	-0.0339717528	-0.0540321999	0.0281161678	0.0907785136	0.0272679072	0.1088057832	0.0535615852	0.0258423369	0.172773455	0.0384259622	-0.0350530941	-0.0308047248	0.0810819957	-0.1642793267	-0.1547652351	-0.0508704235	0.0055446773	-0.0213294952	0.0235671191	-0.0282230344	-0.0197917704	-0.0191715115	-0.0265279718	0.0251804604	0.1897834547	-0.0383056116	-0.003119077	-0.0771465449	0.1087194812	-0.0410872799	0.0229862444	0.0167010321	-0.0677856765	0.0156998782	-0.0972107415	0.0744062667	-0.0349836536	0.1285867162	-0.1410675671	0.0171042722	0.0471085739	-0.0894860534	0.0010872017	-0.099597022	0.0897590695	0.0773293621	0.0923475878	0.0241631191	-0.0289920791	-0.0239234282	-0.1547737837	-0.0729301364	0.056215995	0.0496495974	-0.0447734212	-0.0086306925	-0.0873349975	-0.0203439368	-0.0363142891	0.0051486723	-0.0066731065	-0.0545487635	0.0717504946	0.0035625304	-0.0234275102	-0.0312435951	-0.0040223704	-0.1192521267	0.012048889	0.00930282	0.002255	5.0850250000000005e-06	8.654245995239999e-05	0.0689907	-0.0057355	0.00475971668649	3.289596025000005e-05	0.0532813	-0.0194845999999999	0.0003796496371599	0.0028388969296899	-0.000273266	0.00018358	7.4674306756e-08	3.370161640000001e-08	-0.000231471	-0.0001127799999999	1.2719328399999997e-08	5.3578823841e-08	0.000189531	7.1605e-05	3.5921999961e-08	5.127276025e-09	0.0	0.0	0.0	0.0	0.0	0.0	0.0	0.0	0.0	0.0
288.15236384705054	-0.2079897249942632	0.0432597257031892	83031.784790643	369.41621632714873	0.4442185418119493	136468.34088546675	0.1973301128895345	185.05940006669744	0.0316103059699628	0.0009992114435146	34246.981553045975	183.9558416574488	311.66539901541915	1.189725	24.528162	0.03098708	0.018167	0.0514513326	-0.0775046127	0.067838732	0.1844456587	0.0714219215	0.0472585415	-0.0308522132	0.0733249102	0.1259699496	0.1341491421	-0.0896351955	-0.0892403837	-0.0428021611	-0.1252332633	-0.0665857673	0.0953028588	-0.0064125827	-0.1307242754	-0.0099545982	-0.073814958	-0.0472999675	0.0193537702	0.0316211127	0.0547277844	0.0003504857	-0.0082772023	-0.0578313538	0.1515257235	-0.0087061068	0.0174944394	-0.0611523107	-0.0709389863	-0.0911395522	0.032188444	0.0164442715	0.0662362645	0.0353881233	-0.1056529981	0.0574401293	0.0592517218	0.0044205424	-0.0539542661	0.0566785645	0.1306377757	-0.048050576	0.0021075391	0.1235036693	-0.0834369126	0.0042410799	0.3277003636	-0.0003311504	0.0065053637	0.0282596066	0.0306095662	0.150401063	0.0476089972	-0.0856735802	-0.0656915616	0.0271916053	-0.0856105853	-0.0981046747	-0.0238892626	0.1472079213	-0.0845975819	-0.0456212468	0.0587778331	-0.0979637174	0.0105814529	-0.1319442615	0.0273892367	-0.0389940937	-0.0851491089	0.0059383554	-0.0246815117	-0.0812299388	0.0012588591	-0.0056240917	0.050647995	-0.1505542912	-0.038458952	-0.0232825278	0.0302080119	-0.0017758045	0.1024168742	0.0470370325	-0.0338991582	-0.0980277409	-0.069821175	0.0964557058	0.0456284511	0.053106297	0.0748021549	0.07367095	0.0226812178	-0.1326186064	0.0128002091	-0.0117313057	0.0724176493	-0.0867962721	-0.050901577	-0.2401708627	-0.1969887764	0.1084743234	-0.0928494124	-0.0208316374	-0.0203966413	-0.1247351295	0.1003160714	0.0194832561	-0.1000936067	-0.0344174527	0.0748017836	-0.1001727461	-0.1434411948	0.0740381132	-0.0151861403	0.0318363826	-0.0306703206	-0.1139018553	0.0671366761	0.0195304657	-0.1175093484	0.0792094771	0.026172854	-0.0772934709	-0.0034104875	0.071840718	0.1076818381	0.024535507	0.0120376564	-0.1350785001	0.0837792648	-0.0428586666	-0.1051109813	0.0810638329	-0.0135030998	-0.065994045	0.0584587934	-0.0543699964	0.2114568929	-0.0067017003	-0.1187713263	0.020020823	0.0111072	0.0018043799999999	3.255787184399998e-06	0.0001233698918399	0.0722879	0.0032972	0.00522554048641	1.087152784e-05	0.069636	0.0163547	0.00026747621209	0.004849172496	-0.000273266	0.0	7.4674306756e-08	0.0	-0.00011246	0.0001190109999999	1.4163618120999998e-08	1.26472516e-08	0.000117926	-7.1605e-05	1.3906541476e-08	5.127276025e-09	0.0	0.0	0.0	0.0	0.0	0.0	0.0	0.0	0.0	0.0
288.1675363098179	0.0151724627673388	0.0002302036264262	83040.52898287021	368.6707348725171	-0.7454814546316584	135918.11075144177	0.5557425991997333	185.22433680339032	0.16493673669288	0.0272041271108964	34308.054944255775	184.07665505070256	308.6197621536067	1.111513	22.915688	0.02808325	0.0157486	-0.0470895375	-0.0185174853	-0.113084163	0.0909786505	0.0027307397	-0.0969460521	-0.1083061937	0.0206419933	0.0043641226	-0.0170571475	-0.11937331	-0.1292108275	-0.037864937	-0.0587596822	-0.0058588999	-0.0864728351	-0.0053964557	0.0723221224	-0.1091948446	0.0798030936	0.0643756938	0.0029938636	-0.0703675405	-0.1628749145	-0.0385421295	-0.0721267528	0.141047402	0.0741036705	0.1274427727	-0.0377431012	0.0423743222	0.0345814368	-0.082331667	0.0210215834	0.1475444453	-0.0844458234	-0.0204218718	0.135498064	0.0347242281	0.1060562942	0.0077794393	-0.0612136307	-0.0084058125	-0.0945169983	-0.116579409	0.0125856169	-0.034504462	0.0035071161	0.0229592415	-0.0725871392	0.0391160613	0.0249854698	0.010673044	0.0359531491	-0.009862466	-0.0581568937	-0.0577894876	-0.0510740102	0.002143446	0.0527689606	-0.0411115455	0.1210449337	-0.0604647585	0.0285816302	0.0571858773	0.0005180272	0.0872127884	-0.0066999864	0.0002045633	-0.108987375	-0.0044905899	0.1285244591	-0.0327903097	0.0488342264	0.1780645369	0.0284126325	0.0731618248	-0.1152599943	-0.0351287975	-0.14022663	0.0576905923	-0.0464928927	-0.0859511443	0.0672250684	-0.0216636347	-0.1283519995	0.1099843369	0.0804750075	-0.0920228748	0.0488883675	0.0946846472	0.0310034437	0.0223454377	-0.0486558083	0.0888105167	0.1007182786	-0.0135199649	-0.0258463537	-0.0059863714	-0.0198778115	0.0366559715	0.0023659834	-0.0740197957	-0.0175023976	-0.003070595	0.0697016396	0.0171929422	0.0625332759	0.025638356	-0.0317310184	0.0346087551	0.0376957559	0.1335979306	0.0500791496	-0.0309779756	-0.0195035209	0.0290585643	0.1065251151	0.0231625921	-0.014614068	0.0307589622	-0.0463939713	0.0979898375	-0.0268438056	-0.0044204749	-0.0297829669	-0.0669693421	0.1822299192	-0.0271940065	-0.0473071276	-0.1188120867	0.047632496	-0.052072715	-0.0837280728	0.1326269128	-0.0349018151	-0.1184415817	0.0374289957	-0.0152416937	0.1593804279	-0.0093776556	-0.1180513362	0.0279020578	0.0147918	0.0036846	1.357627716000001e-05	0.00021879734724	0.0743265	0.0020386	0.00552442860225	4.155889960000006e-06	0.0797018	0.0100658	0.00010132032964	0.00635237692324	-0.000450865	-0.000177599	2.03279248225e-07	3.154140480100001e-08	-0.000180746	-6.828599999999999e-05	4.662977795999998e-09	3.2669116515999994e-08	0.000117926	0.0	1.3906541476e-08	0.0	0.0	0.0	0.0	0.0	0.0	0.0	0.0	0.0	0.0	0.0
288.5475532180419	0.3800169082240359	0.1444128505361553	83259.69046811873	369.31094917799663	0.6402143054795602	136390.5771827528	0.4098743569406756	185.22332275574465	-0.0010140476456683	1.028292627685564e-06	34307.67929267875	184.117737031548	314.00299972061094	1.118596	23.061712	0.0288415999999999	0.0146123	-0.048141107	0.0928650426	0.0789932476	0.0058764078	0.0258472811	-0.0169446238	0.1019938306	0.0184859688	-0.0687350216	-0.111973638	-0.0079266296	-0.0755593343	-0.0562757131	0.0622535183	0.1021298568	0.0645026398	-0.0247811649	0.0313660633	-0.0072554934	0.2088792189	0.0063138242	-0.0138762994	0.104902372	-0.0585942944	0.137123168	0.0721608616	0.0324904571	0.0026510093	-0.0068914942	-0.0103769864	-0.0874238105	-0.0148466449	0.0216979093	-0.0060266312	-0.0942023591	0.1585939042	-0.0764709293	-0.0203219104	-0.0980501079	-0.0364977707	-0.0286759003	0.1373051866	-0.0592780851	-0.0465090982	-0.1179625071	-0.1174916833	-0.0043307037	0.0835110191	-0.071166794	0.101526855	-0.0175843532	0.0449145635	0.0413564367	0.1236757323	-0.0463030332	-0.0641366071	0.0548841947	-0.0917017313	0.0935399645	0.0917895945	0.0024550152	-0.1006097425	-0.025060534	-0.1294155155	-0.0829460629	-0.0959271386	-0.0668422365	0.0198340527	0.0231882509	-0.0303227274	0.1645351344	0.1147871042	0.0215758804	-0.1137092327	0.0448441496	-0.1300267989	-0.077232342	-0.0791340854	-0.0137211528	0.0134053969	-0.0015319953	0.0624081281	-0.001363976	-0.0108643597	0.0675637095	0.1111502142	-0.1503509605	0.0682557678	0.0302426687	-0.1022563514	-0.0248976688	-0.0690070143	-0.1324300663	-0.0020445081	0.0500984321	0.1039161592	0.0511847217	0.0848037762	0.075896819	0.0564807843	-0.1211335441	-0.0360049524	-0.0161004226	-0.0795083843	-0.1288644056	0.0509708709	0.0576941063	-0.0373646001	0.0314456799	-0.0867656396	0.1072918669	-0.0991593255	-0.1129039545	0.0294397758	0.1455253983	-0.0515125211	0.0239443613	-0.1025523427	0.0305546271	-0.0767712143	-0.0128591363	-0.0283779998	0.1001551069	-0.0441694493	-0.0144500459	-0.0596541417	-0.1232661879	0.0925055154	-0.0526735015	-0.0597067165	-0.0145994179	-0.0620278443	-0.080164055	-0.0530540277	0.0191610831	-0.0744172672	-0.1350567856	-0.041146117	0.0127201009	0.1212160696	-0.012048889	-0.1170936064	0.0356568892	0.0073115999999999	-0.0074802000000001	5.595339204000151e-05	5.3459494559998536e-05	0.0816806999999999	0.0073541999999998	0.0066717367524899	5.4084257639998446e-05	0.0701909	-0.0095109	9.045721881000004e-05	0.00492676244281	-0.000397246	5.3618999999999976e-05	1.5780438451600002e-07	2.874997160999997e-09	-0.000144439	3.630699999999999e-05	1.3181982489999994e-09	2.0862624721e-08	0.000117926	0.0	1.3906541476e-08	0.0	0.0	0.0	0.0	0.0	0.0	0.0	0.0	0.0	0.0	0.0
288.2423138529016	-0.3052393651403235	0.0931710700312677	83083.63149527462	369.5425596792721	0.2316105012754405	136561.70341430837	0.0536434243010608	185.1663866433753	-0.0569361123693568	0.003241720891736	34286.59074256395	184.0421975266877	313.3193627079641	1.144765	23.601233	0.02311987	0.013371	-0.1163769257	-0.106944497	0.0674374313	0.0351999223	0.1074040423	0.0629995505	-0.0979825718	0.0896460861	-0.028731803	0.0184715627	0.082945211	0.0642180841	-0.0622437499	0.1664811729	-0.1730045987	0.0387026152	-0.0600542086	-0.0234184401	0.1107428561	0.0821806842	0.1314526846	0.000233208	0.0312723552	0.0007038495	0.1090365416	0.0106178963	-0.0204217132	0.0116117979	0.1123823305	-0.0237024835	0.1030697671	0.1213673228	0.0362544402	0.0463653472	0.0344532906	0.0618924389	0.0039111649	0.0095573325	-0.0658226626	0.0229334701	0.097323109	0.0300719196	0.073562936	-0.069487851	-0.0768292419	0.014834408	-0.0803696317	-0.0642838111	-0.1366962751	-0.180762699	-0.0122270742	-0.108739321	-0.0740226306	-0.1067811671	0.0016748582	-0.0664224704	0.1123912896	-0.0365132835	0.1016558414	-0.1147565867	0.0598991007	0.0024504553	-0.0549092379	0.0558601332	-0.0753178989	0.1839400583	-0.0303133469	0.071590962	0.0359336392	0.1238884642	0.0633453826	0.1170171844	-0.0217260481	-0.0329766316	-0.0295836329	-0.0964532738	-0.0335264891	-0.0066987595	0.0287722926	-0.1040847713	0.0350624576	-0.0921129379	-0.0615353386	-0.0811775147	-0.0763090369	-0.0452793371	-0.0815730382	0.0586593442	-0.0172312978	-0.0810466923	0.0670319539	0.0403276927	-0.0311493503	0.0878314129	0.1082627165	0.0516699249	0.0218537709	-0.0677646218	-0.0511085516	0.1366747282	0.1373430367	0.0578230807	0.0335158027	0.1094106081	0.1021674761	0.0678627755	-0.0481072888	-0.1472467776	0.0221888588	-0.0734716534	-0.0711036355	-0.0108307288	0.0121694482	0.086497701	-0.0181718009	0.0805963843	0.0444332416	0.0327203184	-0.1302531581	-0.0520742446	-0.087645097	0.0272249462	0.0366310816	0.0961151342	-0.0770333488	0.0164694202	-0.0668298404	0.0287387622	-0.0341786734	-0.0219851644	0.1130618831	-0.0998129793	-0.0134860427	-0.0478820932	-0.0642706913	-0.1230138847	0.0130689016	-0.0528445492	-0.0744485694	-0.0013058586	-0.0147140554	-0.1159000657	0.043250186	0.00177883	-0.0055327699999999	3.06115438728989e-05	3.1642361689e-06	0.0712071	-0.0104735999999999	0.0050704510904099	0.0001096962969599	0.0693988	-0.0007921	6.274224100000062e-07	0.00481619344144	-0.00037353	2.371600000000001e-05	1.3952466090000002e-07	5.624486560000006e-10	-0.000247151	-0.0001027119999999	1.0549754943999996e-08	6.108361680099999e-08	0.000117926	0.0	1.3906541476e-08	0.0	0.0	0.0	0.0	0.0	0.0	0.0	0.0	0.0	0.0	0.0
288.01062995731763	-0.2316838955839557	0.0536774274729573	82950.12296841094	368.78352500223417	-0.7590346770379028	136001.28831307348	0.5761336409460335	185.09047353721527	-0.0759131061600157	0.0057627996868618	34258.483394230585	183.9535069560553	311.02994875551207	1.188965	24.512491	0.02516138	0.0157417	-0.163397457	0.0571010555	-0.1179341149	0.0075226349	-0.0264190874	-0.1656123576	-0.0835649879	0.0756625572	-0.0122942361	-0.1009138003	-0.0239769827	0.0801642759	-0.0266172658	0.1655773688	0.0348863632	-0.1164890646	-0.052385542	-0.1066936024	0.0076238216	-0.0307609558	0.0663401381	0.0573284001	0.0303306261	-0.1071827163	0.0620566607	0.0675230805	-0.0033388875	0.0951503423	0.0006559507	0.0750152451	-0.0428278098	0.051844104	0.014640888	-0.0523137413	0.0035870195	-0.0282215155	-0.0773741661	0.0425324915	0.0697055761	-0.0607846742	0.0778645927	-0.0181207774	-0.0248326611	0.0162670569	0.1839144574	-0.1717766374	-0.0115584993	0.0077491047	0.0007175852	-0.0267909919	-0.0117518159	-0.0681556584	0.0508167773	-0.1270710539	-0.1436411519	0.0429216731	-0.0298014414	-0.1164911578	-0.1076427906	-0.0016056215	-0.0512628329	0.0777792524	-0.1939126226	-0.0050100599	-0.1360087381	-0.0452606385	0.1151217732	0.0648926107	-0.0671092024	0.0689391058	-0.0507562667	0.022692065	-0.0703443357	-0.041059696	0.0507587111	-0.0764461433	-0.0886077944	-0.0144998931	-0.1065420174	-0.0538081842	-0.0819102699	0.0178930371	-0.0300284246	-0.056076661	0.0183488167	0.0288838696	0.0611685458	0.0554685954	-0.0195820093	0.0942126558	-0.1033797375	0.0519611399	-0.0068218092	-0.0145843394	0.0139667282	-0.1422909409	0.1762065078	0.0407869086	0.0323782452	-0.017233519	0.043837032	0.0228070173	0.0382427942	0.0398883363	0.085526442	-0.0657367089	0.1268583854	0.0091060077	0.178133622	0.0573731823	0.0507748029	0.0492396625	0.0238746728	0.1820390481	0.1503620338	0.1045625602	0.0051844883	0.1044096657	0.1238114988	0.0217335358	-0.0404626443	0.0368132301	0.0612189863	0.0345729121	0.0039266607	0.1462141279	-0.1013705852	0.0810290987	0.0954275074	0.0365645171	0.0435539076	0.0147630561	-0.0015020464	0.0017592748	-0.0184403591	-0.0955310692	0.0550353365	0.0438099993	-0.0643063996	0.0540817924	-0.0173718128	-0.1144731177	0.0506475487	-0.0130276	-0.01480643	0.0002192303693449	0.00016971836176	0.0704918	-0.0007153	0.0049690938672399	5.116540900000029e-07	0.0721809	0.0027821	7.740080410000053e-06	0.00521008232481	-0.000273267	0.000100263	7.4674853289e-08	1.0052669169000005e-08	-0.000210263	3.6887999999999976e-05	1.3607245439999983e-09	4.4210529169000004e-08	0.000117926	0.0	1.3906541476e-08	0.0	0.0	0.0	0.0	0.0	0.0	0.0	0.0	0.0	0.0	0.0
288.0300905458273	0.0194605885096734	0.0003787145051428	82961.33305983747	367.6072686771745	-1.1762563250596827	135135.10398429236	1.38357894224291	185.020996755577	-0.0694767816382864	0.0048270231868141	34232.76924042723	183.9176234421572	310.8871035887383	1.173347	24.190495	0.03142783	0.0185118	-0.1404703189	0.0688816541	0.1137478431	-0.0247845018	0.0780768499	-0.0175494844	0.0740825967	0.1307546859	-0.1755462956	-0.1236378352	-0.0895857207	0.0207077223	0.0396182662	0.1291950499	0.0170426929	0.0984728594	0.0473097232	-0.0134944053	0.0044958851	-0.0643640226	-0.1087404665	0.0744022099	0.0724037233	0.0233307493	0.0668008608	-0.0344452225	-0.1705424764	-0.0251957425	0.028193233	0.1325203243	-0.1822674046	0.0461742805	0.0151890473	0.0341857605	0.1147836297	-0.0274264347	-0.0577377912	0.0037319235	-0.1025012285	0.0256159367	0.0698859516	0.0724104265	-0.0948039581	0.1089914213	-0.0028448424	0.011074807	0.0403588233	-0.0646759712	0.0402593174	-0.0346500571	0.0498894906	-0.0685104924	0.1788536378	-0.0546672962	-0.0419344605	-0.1067503785	0.0796916673	0.0422811085	0.2075706267	0.0948522372	0.1406085338	-0.0160842017	-0.0047108895	-0.1143653471	0.1080047492	-0.0168692451	-0.0995148808	-0.0560527846	0.0050517845	-0.0191146121	-0.0016353403	-0.1322602411	-0.0301670159	-0.0593788163	-0.0647888305	-0.1137032843	-0.0009016109	0.1398028055	0.0254714018	-0.0635439902	-0.1748458398	0.1583503662	-0.0198386804	0.0117251734	-0.0141568383	-0.0583099826	0.0445371682	0.0842764811	-0.0036807812	-0.1013586452	-0.0130278411	0.0756761429	-0.1351808079	-0.0547067696	-0.0929235395	-0.0143847881	0.0070873141	0.0156799877	-0.0169247195	-0.038595839	0.0899169471	-0.0728929491	0.1057246919	-0.08091416	0.0733654003	0.0938505516	0.1071806775	-0.1427380577	-0.1241208384	-0.1153133369	0.0289968373	-0.160466298	0.0320633736	0.013920872	0.0130289159	-0.1572945829	-0.0115155063	-0.1078838725	0.0289059975	0.0012928072	-0.0987485801	0.1127795507	0.1039761941	-0.049338787	0.1077696735	0.0262021059	-0.0697929536	0.0216872283	-0.0530318598	-0.0946144469	0.0808416139	-0.0542682979	-0.0624936082	-0.0423183388	0.0283164496	-0.1333700626	-0.0107943236	0.0065911153	-0.0230405961	0.0242090559	-0.020020823	-0.112815636	0.0578154653	-0.00146777	0.01155983	0.0001336296696289	2.1543487729e-06	0.0842283999999999	0.0137365999999999	0.0070944233665599	0.0001886941795599	0.0675088	-0.0046721	2.182851841000012e-05	0.0045574380774399	-0.000273267	0.0	7.4674853289e-08	0.0	-0.000239449	-2.9186e-05	8.51822596e-10	5.7335823601e-08	0.000117926	0.0	1.3906541476e-08	0.0	0.0	0.0	0.0	0.0	0.0	0.0	0.0	0.0	0.0	0.0
288.7408358935131	0.7107453476858154	0.5051589492570306	83371.27031248467	369.0548882750632	1.4476195978887176	136201.51055971938	2.0956025001914926	185.26797680958208	0.2469800540050926	0.0609991470763584	34324.223231115844	184.0957700376827	310.76616483269714	1.121721	23.126152	0.02700741	0.0213845	-0.1255604305	-0.0622703644	-0.0462838072	-0.0787385205	0.0582364641	0.0004666174	-0.099763773	0.0193300015	-0.1133242575	-0.0480128491	0.0033669066	0.0700797096	0.0218160061	-0.0298404635	-0.0380862408	-0.0884427487	0.0620176044	0.1994752133	-0.154958051	-0.1764029126	-0.0856132305	-0.0307869064	-0.0084550387	-0.1314239467	0.1241807236	-0.0273597027	-0.0636322943	-0.1272534204	0.0222016259	0.0833810373	0.0361572373	0.1403516063	0.0254381053	0.0227219559	-0.0426122166	0.0146479928	0.1189152519	0.0452715573	0.0518302251	0.0854119111	-0.0291514187	0.0310677614	0.1584876371	0.0642919152	0.0697645466	0.0146902573	-0.0312316266	0.0325041819	0.0709934104	0.1031199444	0.0259064154	-0.0092110631	0.0643677204	0.0603723657	-0.1289472846	-0.1000413751	0.0256666378	-0.0471355	0.08798392	-0.0805824339	0.0922360399	-0.023964363	-0.033247778	0.0057182069	-0.2114048808	0.0450615892	0.0929782548	-0.0831788772	0.1273935846	-0.1802024447	-0.1975787037	-0.1132461227	0.0698694229	0.0084724526	0.1242129092	-0.1547950967	0.0105663136	0.0343460718	0.1269651737	-0.001813982	-0.0994766837	-0.0380270442	-0.0598754946	-0.0898947194	-0.0652667823	0.0052412275	-0.0440773166	-0.0881829553	-0.0958629676	0.048498499	0.127412989	-0.0517835377	0.0397842067	0.1218512497	-0.0605394763	-0.0838650754	0.0052678213	-0.0326185657	0.0415321512	-0.0693864525	-0.0577929898	-0.0897983466	0.0079517695	0.0097064018	-0.041188768	0.1004203389	0.1472723217	-0.0350950411	0.0277093435	-0.0912666377	-0.1055703546	-0.0953431328	-0.0850259669	0.0326893906	0.1092315839	0.1559896084	-0.0083792468	0.0865150403	0.0035108018	0.0820156584	-0.0465424799	0.1630088685	0.0320463001	-0.0781376011	0.0646488977	-0.0181575247	0.0874436709	-0.0218029061	-0.0045806545	0.0293176144	0.0757971295	0.0389829126	0.0346882353	0.132066651	0.0310972968	0.0146907065	-0.0995289604	-0.0967804367	-0.0945192287	0.0536092598	-0.0226597522	-0.1109309587	0.0647214634	-0.00103036	0.00043741	1.9132750810000007e-07	1.0616417295999998e-06	0.0854623	0.0012339000000001	0.00730380472129	1.5225092100002645e-06	0.0653338	-0.0021749999999999	4.730624999999984e-06	0.0042685054224399	0.000129246	0.0004025129999999	1.6704528515999996e-08	1.6201671516899997e-07	-0.000300158	-6.070900000000002e-05	3.685582681000002e-09	9.009482496400003e-08	0.000117926	0.0	1.3906541476e-08	0.0	0.0	0.0	0.0	0.0	0.0	0.0	0.0	0.0	0.0	0.0
289.7478231187862	1.0069872252730647	1.014023271863146	83953.8010020754	370.3059210221744	1.2510327471111964	137126.47514408088	1.565082934344587	185.49688092519003	0.2289041156079463	0.052397094142256	34409.09283297413	184.3756285554425	319.5174015068163	1.171928	24.161249	0.041335048	0.029184	-0.0087245715	0.097642703	0.0667489628	-0.1775028818	-0.0599063214	0.0240956191	0.1382731409	-0.0335840385	-0.1201579311	-0.0435030543	0.0842288157	-0.0321275165	-0.068018504	-0.0808380089	0.1089689212	0.0302023856	0.0744545273	0.004174195	-0.0988962962	-0.0650980008	0.1315338485	-0.0407717687	-0.0518441096	0.1171453347	-0.1043651097	0.1813141725	-0.04738856	-0.2397311685	-0.0025703587	0.0093872649	0.0100021638	-0.0928818431	-0.0622901642	0.1984926097	-0.0427341514	0.0336773376	0.0233616633	0.0269600702	0.0528616512	0.1649469812	-0.1233581844	-0.0697451496	0.0506493535	-0.0022174191	-0.0609813862	-0.0290605076	-0.0382163764	-0.050868919	-0.0215131087	0.0051380666	-0.1427075847	-0.1937031386	0.0989007358	0.0704077188	-0.0535154493	0.0935355362	-0.0330966688	0.0367756483	0.0819639619	-0.1275882433	0.260907084	-0.0169607019	0.0246191058	0.0501217309	-0.0615681271	-0.1020870844	-0.0416438524	-0.0671056933	0.0157475493	0.0049830171	-0.1569499741	0.1102889161	0.0256060553	0.0627240554	-0.0879372721	0.1232981662	-0.1624981565	0.0381316869	0.2277626378	0.0827434577	-0.0009943467	0.0325981017	0.0781721965	0.1668817063	-0.1139906008	0.0476861232	-0.0584268901	0.0104259888	-0.0100545683	0.0469058305	0.2161395695	-0.0966695039	0.0611075919	-0.0568471338	0.003340608	0.0700250807	0.0646151945	-0.0377056002	-0.0261588128	0.0450708649	0.001215329	0.0342812858	0.2554859921	0.0336975444	-0.0559793054	-0.0660532515	0.0925290603	0.0143685031	-0.0352944264	-0.0555675489	-0.2390643949	-0.1334503789	-0.0170080896	0.0044191049	-0.0309969708	0.0430568538	-0.0268504333	-0.1271056052	0.0802130738	0.0631550097	0.022072022	0.085696885	-0.0516154717	-0.0813287934	0.0304888006	-0.0657533604	-0.0767914322	-0.0040102582	0.0009509196	0.1244597935	0.0918161939	0.0018791898	0.0435698497	0.0021388046	0.0286708633	0.0651996232	-0.1388759298	-0.0496898255	0.0915395535	0.1421537233	-0.0252872714	-0.1088228812	0.0713342571	-0.000230662	0.0007996979999999	6.395168912039999e-07	5.3204958244e-08	0.0843678999999999	-0.0010944000000001	0.0071179425504099	1.1977113600002328e-06	0.0568927	-0.0084411	7.125216921e-05	0.00323677931329	-0.000439824	-0.00056907	1.93445150976e-07	3.238406649e-07	-0.000351085	-5.092699999999998e-05	2.593559328999998e-09	1.23260677225e-07	0.000117926	0.0	1.3906541476e-08	0.0	0.0	0.0	0.0	0.0	0.0	0.0	0.0	0.0	0.0	0.0
289.4169730828113	-0.3308500359748905	0.1094617463045863	83762.18430841672	371.2053665530335	0.8994455308591114	137793.42415777198	0.8090022629824287	185.34762017491352	-0.1492607502765111	0.022278771573107	34353.740304504005	184.21851985804844	320.5682389290314	1.21064	24.959352	0.040790238	0.0188013	-0.012000855	-0.1348016993	0.0771021104	-0.0803366279	0.0370795461	0.1324352091	-0.0382954394	0.0196805874	0.0538709104	0.0489728682	0.1418256214	-0.0517069686	-0.0910542877	0.0710972021	-0.1458105884	0.0693591543	-0.0078894989	-0.0086351025	0.0220745262	0.0547520097	-0.004137118	-0.1865831189	-0.0120365434	0.0682962284	0.0397413589	-0.02269657	-0.0534630582	-0.0724454231	-0.0376269083	-0.1976718039	-0.0145176984	-0.0473026577	-0.0007277472	0.1498650366	0.0413248248	0.0609617887	0.1165620125	0.0666221649	0.1065411936	-0.0735953729	-0.0397813111	0.1263650252	-0.0182734553	-0.1131623409	0.0785735001	-0.0327333114	0.034967617	0.0175958886	-0.0697354703	-0.0026771636	0.1545053332	-0.1649028514	0.0025176472	-0.173067765	-0.0148054918	-0.0432073029	0.086711154	0.0586310857	-0.0577272856	0.0068303071	-0.0974626455	0.1733505013	0.0382581245	0.0109474457	0.0725378558	0.1605281266	-0.0573805506	0.0142281924	0.0123123177	0.0415044873	0.042742504	0.0597978701	0.1806115608	-0.0051749058	-0.0223587314	-0.0174388386	0.0263766681	0.0731549163	0.0669772047	0.0925247946	0.1899897522	0.0601151716	0.0141043119	0.0772665033	-0.1039003971	-0.0432680903	-0.0967920487	-0.0551054953	-0.0930676791	0.1145195088	-0.0764854961	-0.0698431878	-0.1341153066	0.0205629692	0.0931881538	-0.057438948	-0.0126256636	0.081692117	-0.0026634841	0.0074132636	0.0531948528	-0.1501238965	0.0433407766	0.1455937811	0.1195885065	0.0144917407	0.0157671128	-0.1131551725	0.0059809638	0.0855760118	0.0365350204	0.141242013	0.1800280738	-0.0648273817	-0.0073032846	-0.0459714339	0.0314338062	0.0063794148	-0.1319364639	0.0815703623	-0.0339911477	-0.040451057	-0.0463405215	0.0265743971	-0.0309270043	-0.0156288325	-0.0833490775	-0.1143030145	0.0196549853	0.1207698627	0.1043975846	-0.0186163624	-0.0555991466	-0.0282575202	0.0456647906	-0.0672048724	-3.54821e-05	-0.0103318327	0.0623575929	-0.0296686532	-0.0279020578	-0.1064956489	0.0776238888	-0.00887335	-0.008642688	7.469605586534401e-05	7.873634022250001e-05	0.0738315999999999	-0.0105362999999999	0.0054511051585599	0.0001110136176899	0.0681973	0.0113046	0.00012779398116	0.00465087172729	-0.00031567	0.000124154	9.96475489e-08	1.5414215716000005e-08	-0.000269106	8.197899999999998e-05	6.720556440999997e-09	7.241803923600003e-08	0.000117926	0.0	1.3906541476e-08	0.0	0.0	0.0	0.0	0.0	0.0	0.0	0.0	0.0	0.0	0.0
289.10984247594007	-0.307130606871226	0.0943292096770876	83584.50101646288	370.4188873443789	-0.7864792086546117	137210.15210144766	0.6185495456459843	185.3764721698072	0.0288519948936709	0.0008324376093444	34364.4364341233	184.2337953070329	315.42729500663563	1.211883	24.984987	0.05412362	0.0290649	0.0102332621	0.006440221	-0.1093682224	-0.0511340647	-0.085805809	-0.0681484368	-0.0332725873	-0.0027186335	0.1102616339	-0.0851684416	-0.0463977802	-0.0622105844	-0.0528432742	0.0898881131	0.0328446843	-0.0790908268	-0.04788222	0.0346085932	0.0028983123	0.1824299403	-0.0044927111	-0.0476345418	-0.1675506427	-0.0058670361	0.0903398529	-0.0166558913	0.1258789605	0.0696834116	-0.0030502086	-0.1944958156	0.0224097794	-0.0301546627	0.0383397823	0.1517846847	-0.0706515399	0.0764797463	0.0034249592	-0.1171730282	0.0518772928	0.0047623922	0.0729951047	-0.0362713784	-0.0011733041	0.169922004	0.0202922808	0.0254352826	-0.1531703325	-0.0706689896	0.1627863002	0.1312107861	0.038355426	0.0997068172	-0.127590912	0.0721526206	-0.0215046495	-0.0310939369	-0.054651866	0.0462026792	-0.0391368843	-0.0554318045	0.0357889707	0.0589006717	-0.1221020273	0.0002559984	0.0921570524	-0.0471140336	0.0737655949	0.046561357	-0.0199853627	-0.0469105187	0.1542576699	0.0911198985	0.0388723508	0.155400815	0.0449300001	-0.0530541776	0.036785273	-0.1096217825	-0.0696042022	0.0244780873	0.2131704055	0.0087233264	0.0089770499	0.0123301711	-0.1221636513	0.0467561621	-0.148402967	-0.0553917842	0.121100623	0.0334645127	0.0074978375	0.1129909469	0.0296591679	0.0384932053	-0.1598543437	-0.0186655952	0.0655206066	-0.2113850285	0.0155761021	-0.1370258891	-0.1076056689	-0.038026807	-0.1193119064	0.0567293338	-0.0571473611	-0.0029000966	-0.0193574535	0.0616473836	-0.0380370078	0.0333536548	-0.0508001997	0.0028491908	0.0694338287	0.1070921909	0.050960783	-0.0014211381	-0.0029172901	0.101389036	0.0850925101	-0.0719825888	-0.0179971709	-0.1415662784	0.0525353818	0.1091106235	0.1056098537	-0.0808435094	0.0115249553	0.0299080488	0.0328010382	0.0266088348	0.1806662489	-0.0257790078	-0.0255068034	0.0285595752	0.0123277891	0.0382100585	-0.0421708032	0.1452663087	0.0475625787	-0.1212137782	-0.0305027946	-0.1039539485	0.0835618648	0.00177677	0.01065012	0.0001134250560144	3.1569116329e-06	0.0932597	0.0194281000000001	0.00869737164409	0.00037745106961	0.049636	-0.0185613	0.00034452185769	0.002463732496	-0.000404754	-8.908400000000002e-05	1.63825800516e-07	7.935959056000003e-09	-0.000289704	-2.059799999999998e-05	4.2427760399999917e-10	8.3928407616e-08	0.000117926	0.0	1.3906541476e-08	0.0	0.0	0.0	0.0	0.0	0.0	0.0	0.0	0.0	0.0	0.0
289.66140942407185	0.5515669481317786	0.3042260982714042	83903.73210953978	371.5267270479387	1.1078397035598186	138032.10891095357	1.227308808783507	185.3483390826489	-0.0281330871582952	0.0007914705930562	34354.00680069659	184.25239975011743	317.9039888400731	1.126005	23.214476	0.0292605099999999	0.0175072	0.0898889302	-0.0181792003	0.0746754407	-0.0562599784	-0.0314662472	0.1095369242	0.067413658	-0.0664667024	0.085219704	-0.1166958379	-0.0284541037	0.0268867268	-0.005062081	0.0235301347	0.0007014548	0.0650577749	-0.0119155029	-0.0020272299	-0.0097392106	-0.0421691474	-0.0662664448	0.0060716201	-0.1830129261	0.0288523144	-0.0690634131	0.0611814318	-0.0451948976	-0.0009082282	0.0433960537	0.1045486445	0.0270941186	0.0908123643	0.0968979453	-0.0608359424	0.0611702003	0.0640437346	-0.1441759523	0.1050059057	-0.0118418834	-0.1213496671	-0.0095025024	0.0599734372	0.1781192675	0.0509899925	0.0078052594	-0.1252950255	-0.0552072249	0.0723397759	0.1626600602	0.2319078495	0.0370602466	-0.0343437563	-0.1129871602	-0.0470033061	0.0663552701	0.0613816079	0.1882349147	-0.0061682116	-0.0081487814	0.0980100785	-0.1162424839	-0.0619915789	-0.031586766	0.0080660521	0.0229189648	-0.0064444721	-0.0705244366	0.0139537978	-0.0425797039	-0.0405318487	0.0064582947	-0.0775811862	0.0092967651	0.1900205176	0.0040259923	0.0707162212	-0.06383294	0.0461041773	0.01590654	-0.0493267733	-0.09930244	-0.0341935468	-0.0062787675	-0.1128018994	-0.0102173486	-0.0186696401	-0.0058736061	0.1853924595	-0.0657831914	0.0078433351	-0.1093928884	-0.0613258821	0.0366013179	0.2094979509	-0.0427887408	-0.013272687	0.0959504918	0.0026129002	0.142672897	-0.1658165822	-0.1689791014	-0.0898833169	0.042971185	0.0490521757	-0.0631219568	-0.0375159367	-0.1486401621	-0.1742731825	0.0462371418	0.0775892045	0.1360820712	0.0322011452	-0.043821295	0.0145495652	-0.0192737904	0.0105788647	-0.0028782458	-0.0503187594	-0.0386900669	-0.0610502045	-0.0279668165	-0.0547687285	-0.0364766016	0.1483066728	0.099625017	-0.0156719509	0.089401173	0.0094070978	-0.0286188878	0.1270563823	0.0640410324	0.0648188461	0.1984621493	0.0781532892	-0.1842452942	0.0277564544	0.0013735144	0.1789572392	-0.0345184903	0.0147396285	-0.0330881723	-0.1012028987	0.0891212848	0.00744783	0.00567106	3.2160921523600006e-05	5.54701717089e-05	0.0775692	-0.0156904999999999	0.00601698078864	0.0002461917902499	0.0526009	0.0029648999999999	8.790632009999997e-06	0.00276685468081	-0.000404754	0.0	1.63825800516e-07	0.0	-0.000388385	-9.8681e-05	9.737939760999996e-09	1.50842908225e-07	0.000117926	0.0	1.3906541476e-08	0.0	0.0	0.0	0.0	0.0	0.0	0.0	0.0	0.0	0.0	0.0
289.9204584497958	0.2590490257239253	0.0671063977285149	84053.87222773976	372.5479695287723	1.021242480833564	138791.98960001103	1.0429362046590924	185.449620594806	0.1012815121571009	0.0102579447048289	34391.56177875749	184.308619928586	321.1569549661922	1.088434	22.439877	0.01727866	0.00864236	0.0979372696	-0.0353843506	-0.1071946712	-0.128617531	-0.1400019852	0.0259313566	-0.0257754246	-0.1408102979	0.0935241669	-0.1163042016	0.0525089544	-0.0208402633	-0.0386584168	0.0372386638	-0.02215408	-0.1181611347	0.0121581725	-0.0707649317	0.0286558342	0.0947577324	-0.0662399802	0.0102528584	-0.0707934561	-0.0342196306	0.0191400668	0.0194617435	-0.0520480583	0.0161308072	0.0174540935	0.1247103173	0.1975674407	-0.0214457102	-0.0852097755	-0.051596822	-0.016563933	-0.1359514006	-0.0206481163	-0.0162904972	0.0506145318	-0.103489208	-0.0368507042	-0.0318842342	-0.1422536889	0.0824803199	-0.0362493797	0.0544921939	0.0440818438	0.0373729971	0.013335347	-0.0630193474	-0.0930336314	0.0120538388	-0.0623422326	0.0023735395	0.0721062974	0.1322947126	-0.0142905672	-0.1128460237	0.1614715521	0.007574574	-0.0235291308	0.0096880501	0.1413512114	0.1224088652	0.1141198382	-0.00124325	0.1181144032	-0.0068388762	-0.0813063377	0.0158993958	0.1081973803	-0.0076042711	-0.0029100197	0.0637608985	0.0447893408	-0.0383442086	-0.0365295004	0.0373529683	0.0114770367	-0.0157734494	-0.0884918943	-0.2195522639	0.0385875847	0.0408978791	0.0176860663	-0.001577664	0.1471206471	-0.0471492963	0.0314130104	0.0498971382	-0.1154120542	0.0264423619	0.0085131387	-0.0870744381	-0.1205257966	0.0712773444	-0.0961391422	-0.0028865279	0.0166363482	0.018419122	-0.0022980069	0.127005861	0.0268576265	-0.0011038173	-0.0052156971	-0.1165529542	-0.0886443646	-0.0173347111	0.0569175497	-0.1926538426	0.0106302397	0.0109122008	0.080262533	-0.1246461651	-0.1584208553	0.0100327779	0.0040751563	0.0986570281	0.0589744542	0.0064656164	0.0330328206	-0.0792333844	-0.0790663725	0.131833823	0.1539416956	-0.0403008109	-0.0837823431	-0.0300427474	-0.0511939376	0.113040404	0.053611461	-0.0233061954	0.0567183323	-0.0590682632	-0.0414579209	0.0369565421	0.057416115	0.1178805319	0.0093940945	-0.1961492485	-0.0356568892	-0.0982480398	0.094276963	0.00194672	-0.00550111	3.02622112321e-05	3.7897187584e-06	0.0725796999999999	-0.0049895000000001	0.0052678128520899	2.4895110250001048e-05	0.0496374	-0.0029635	8.782332250000006e-06	0.00246387147876	-0.000404754	0.0	1.63825800516e-07	0.0	-0.000311894	7.649099999999998e-05	5.850873080999997e-09	9.7277867236e-08	0.000117926	0.0	1.3906541476e-08	0.0	0.0	0.0	0.0	0.0	0.0	0.0	0.0	0.0	0.0	0.0
289.34843715116983	-0.5720212986259412	0.3272083660817082	83722.51808182448	370.87645614610136	-1.6715133826709234	137549.34572349105	2.793956988447993	185.2884992760348	-0.1611213187711939	0.0259600793625686	34331.827963965145	184.18426218620408	321.0454511933439	1.218749	25.126541	0.02864045	0.0190911	0.1274757899	0.1047582021	0.0894960292	-0.0624508812	-0.0566620578	0.062522975	0.1599912318	0.0043235796	-0.0080205962	-0.1345901577	0.0083964656	-0.0953897082	0.0694790591	0.1245499989	0.1129846633	0.0897497486	0.0263289454	0.0637324253	-0.0307478446	0.156417227	-0.0173158766	-0.0257981153	-0.0328215943	-0.0619459525	-0.0147446171	0.0800412598	-0.227250825	0.1110267825	-0.1468296255	-0.066081059	0.0888152406	-0.0226596502	-0.0458395117	-0.0818433751	-5.16615e-05	-0.0246607987	0.0218118875	-0.1432824383	-0.0194266465	-0.0245978216	0.0370465362	-0.0745430729	-0.1208228486	-0.0424929	0.129498715	0.0456794745	-0.0116039426	-0.0141285986	0.0441783046	-0.0781129681	-0.0550094394	-0.0282642941	-0.0296814038	-0.0932533881	-0.0459534743	0.0049793906	-0.1075303755	0.0627290701	-0.0621477612	0.1097228753	0.0330962125	-0.0715081058	-0.0445975738	-0.0891045353	0.0340237839	-0.1064987281	-0.0958577521	-0.0240881814	0.0453805018	-0.0384053179	0.0942477097	0.0861956666	0.0225996624	0.0215217525	0.0863442519	-0.0599350049	-0.0969945335	0.2327078788	-0.1185645629	0.1482535499	0.0410361697	-0.0931288899	-0.0017137486	0.0114724251	0.0715837008	-0.0400354628	0.0216131668	-0.0560799763	0.1203745742	-0.0358674881	-0.0594853872	0.0349656992	0.0097680032	-0.136705774	0.0506423986	-0.1015821045	-0.030984843	-0.0581820259	0.0049084148	-0.0163825865	0.0643635356	0.108758075	0.0179598749	0.0679897573	0.0787821439	-0.0509951721	0.0514805126	0.0910832932	-0.046656327	0.0921602041	0.1005989051	-0.079147564	-0.0500350097	0.0385209738	0.0481858589	-0.1087707583	-0.0180558856	-0.1755796304	0.0612462674	-0.0183233801	0.0046239809	0.0047705608	-0.0433650012	0.0775247938	0.1252761341	-0.0787237354	-0.0489143488	-0.0312874514	-0.0788597642	-0.0001379115	0.0783235327	-0.0298919511	-0.030310888	-0.1042519208	0.0125339328	0.012663902	-0.0187282188	0.1077236065	0.0841596157	-0.099941407	-0.0382076517	-0.0950953223	0.0990055431	0.00443912	0.0024924	6.212057760000003e-06	1.9705786374400003e-05	0.0902988	0.0177191000000001	0.00815387328144	0.00031396650481	0.0496261	-1.1299999999998813e-05	1.2768999999997312e-10	0.00246274980121	-0.000404754	0.0	1.63825800516e-07	0.0	-0.000220397	9.1497e-05	8.371701009e-09	4.8574837609e-08	0.000194782	7.685600000000001e-05	3.794002752400001e-08	5.906844736000002e-09	0.0	0.0	0.0	0.0	0.0	0.0	0.0	0.0	0.0	0.0
288.938925874112	-0.4095112770578453	0.1676994860375473	83485.70288528559	371.4480662409542	0.5716100948528151	137973.66591414428	0.3267381005376443	185.30378812307336	0.0152888470385619	0.0002337488437685	34337.49389276087	184.1502134702782	316.51830618728803	1.265798	26.096533	0.06643783	0.0360266	0.1048813275	-0.1312208579	0.0093255434	0.006694441	0.021510552	0.1326747027	-0.0524212399	-0.1335802486	-0.0535774824	0.0334905083	0.0593073489	0.0615300001	0.1152983128	0.1322728723	-0.1641961282	0.0092484958	-0.0239785666	-0.0038844872	0.0224241337	-0.0204717504	0.0594811533	-0.0345921377	-0.1001305219	-0.0591312883	-0.0105856301	-0.041250633	-0.0334393499	0.0016156596	0.0656957693	0.0495101961	0.0487252912	-0.1507662964	0.081853824	0.0929834409	0.0243215923	-0.0252464438	-0.0863814001	0.1214766066	0.0149560538	0.1423937401	-0.0437668467	0.0044241019	-0.1317307046	-0.3207583334	-0.1685468634	-0.1018450157	0.0301810601	-0.0279193937	-0.0021022979	-0.0567743379	0.0243305467	0.0557765115	-0.0726631832	-0.0100245936	0.0315448606	0.0849159343	-0.1075020434	0.1376446631	-0.0490361757	-0.0124329672	0.0395895427	-0.0676176027	-0.0425267395	-0.0366743914	-0.2290808967	0.1757214368	0.000146984	0.0342680804	0.0215360492	0.0643457581	-0.0310749302	0.0487763042	0.0234350394	0.0897721697	0.0570996664	0.0026171253	0.0403127898	0.0215495177	-0.0091678199	-0.0718599083	-0.0151924362	-0.0255931608	0.173060776	0.0657198383	-0.0735549668	0.0380681124	0.0478631312	0.1393780037	-0.0626949675	0.0178384011	0.1387861211	-0.0331581997	-0.1066160169	-0.1536925538	0.287500948	0.1899042367	0.0231882558	0.0743864537	-0.0466148244	-0.0584451097	-0.0002530691	0.0507789392	-0.075407694	0.0297226727	0.0198069153	-0.0998180649	-0.0663352802	0.1033723312	-0.1047855797	0.0983584412	-0.0186891266	-0.0443050533	-0.1336146654	0.0307015212	0.1049108853	0.1506563936	0.0376138954	0.0101928136	-0.1144539949	0.0699798767	-0.0233924766	0.0803313191	-0.1599756285	0.0504289566	-0.0396267034	-0.0635948412	-0.0668253726	-0.0357106303	-0.0511468217	-0.0254564904	-0.0315163563	-0.0104380051	0.1050288742	-0.02535711	-0.028730177	-0.0584576462	-0.0471299317	-0.0546437415	0.0339443454	0.0754600809	-0.0407391756	-0.0917510955	0.1032856033	0.0101746	0.00573548	3.2895730830400005e-05	0.00010352248516	0.0768144999999999	-0.0134843000000001	0.0059004674102499	0.00018182634649	0.0797178999999999	0.0300917999999998	0.0009055164272399	0.0063549435804099	-0.000583368	-0.000178614	3.40318223424e-07	3.1902960996e-08	-0.000307452	-8.7055e-05	7.578573025e-09	9.4526732304e-08	0.000117926	-7.685600000000001e-05	1.3906541476e-08	5.906844736000002e-09	0.0	0.0	0.0	0.0	0.0	0.0	0.0	0.0	0.0	0.0
289.0158124984154	0.0768866243034267	0.0059115529967762	83530.13987411921	370.2483747827197	-1.199691458234497	137083.85902924524	1.439259594960814	185.2534099091679	-0.0503782139054465	0.0025379644363029	34318.82588297419	184.103021435489	317.13874302417275	1.197851	24.695702	0.05883945	0.0329762	0.1220140074	0.0901923495	-0.1048658435	-0.0055677219	-0.117524558	-0.0776312596	0.0436761338	-0.0802732347	0.0866896981	0.0755430489	0.0065436817	0.1119039935	0.1195966371	0.0226803753	0.0682281162	-0.0550405448	-0.0013198873	-0.1007981697	0.0106037814	-0.1426758969	-0.0040249247	-0.1060244372	-0.0333332147	0.0564455549	0.1182860179	0.1107023175	0.0023513757	-0.0840338832	-0.1732888343	0.1034688848	-0.034712824	0.0158991274	-0.121358336	0.1085596576	-0.0418468298	0.0216873488	0.0301200027	-0.0139948611	-0.036845513	-0.0389657902	0.0967029616	-0.057167263	0.0496919492	-0.0228085988	0.1522324202	0.2285195441	0.0076069603	0.0184184832	0.109886523	0.0421660818	0.0388298475	0.0800240603	0.022913918	0.116033085	-0.0998163924	-0.0409002355	-0.0917013583	-0.0478094274	-0.1705274632	0.022664978	-0.240052908	-0.070817859	-0.010078744	-0.0538589755	0.0106391286	-0.074328805	0.0463101093	0.0164024187	-0.061838212	0.0952583938	-0.1163491962	-0.0591031709	0.127592811	0.0380988056	-0.0634440426	-0.0706080841	-0.0980037987	-0.0482687984	0.0415795771	0.156694663	-0.1246263639	0.0459154203	-0.0172979457	0.1059277793	-0.0635411833	0.0401201313	-0.0531895299	-0.0338764966	0.0097172169	-0.0269911593	-0.05714703	0.090495	0.1065047251	0.0489615851	-0.0239556033	-0.1929664042	-0.2100533018	-0.0894165551	-0.0438901736	-0.0714502022	0.0037645918	-0.0200177969	-0.1216067151	-0.0551425704	-0.110708313	0.0548892264	0.0940601913	0.1479957712	0.102652052	0.0915771914	0.0857520323	0.1661689543	-0.1118586621	0.0098811322	0.008433871	-0.0531756139	-0.0034814416	-0.0007158802	0.1404399969	0.0992543945	0.0333292122	-0.0513080137	-0.1306306105	0.0785100034	-0.0250125845	-0.0092242212	0.0537206229	-0.0894104615	-0.1568048467	-0.0525140025	-0.0005422041	0.0161470233	0.1526934897	-0.0543179721	-0.1624184905	-0.0648222295	0.0075532729	-0.2006754497	-0.0175855665	0.0515098231	-0.043250186	-0.0882220943	0.1070977539	0.0097911	-0.0003835	1.4707225000000012e-07	9.586563921e-05	0.0902974	0.0134829000000001	0.00815362044676	0.00018178859241	0.0564883	-0.0232295999999999	0.0005396143161599	0.0031909280368899	-0.000282054	0.000301314	7.9554458916e-08	9.0790126596e-08	-0.000441007	-0.000133555	1.7836938025e-08	1.94487174049e-07	0.000117926	0.0	1.3906541476e-08	0.0	0.0	0.0	0.0	0.0	0.0	0.0	0.0	0.0	0.0	0.0
288.4778839435951	-0.5379285548203256	0.2893671300910841	83219.48952457431	370.01681123833055	-0.2315635443891324	136912.44059898233	0.0536216750900576	185.2344588038433	-0.0189511053246178	0.0003591443930247	34311.80472835272	184.1209603838446	316.11283839922254	1.194352	24.623564	0.0194877	0.0110712	0.0820482558	0.0106111301	0.0931387365	0.0585859454	0.0194482886	0.0572946687	0.0726037232	0.0366823282	0.064558351	-0.0474149743	-0.0792404629	-0.0854590815	0.125864088	-0.1225317604	0.0195857741	0.0928011653	0.0495598464	0.0368891252	-0.1728567023	-0.0216272454	0.050284678	-0.1057806901	0.0257021917	0.025007798	0.1092753145	0.0775984427	0.1353800084	0.040251343	0.0555961108	0.1687126044	0.0805345883	0.0153779127	0.0260132114	-0.046135712	0.0507508369	0.055462316	0.0251449118	0.0656479282	-0.2218217135	0.005241314	-0.0368440346	-0.1185811668	-0.0203402535	0.0051440615	-0.1136049828	-0.0496813266	0.0524548733	0.0789694958	-0.0542876802	-0.1352661275	-0.0450338386	0.0952299142	-0.0709290053	0.0069892265	0.16479296	-0.0098528226	-0.0123386717	0.1471002777	-0.0860307592	0.0506000885	0.0597095242	-0.0204770817	-0.0204016408	0.1468642148	0.0432140712	-0.0218223323	-0.0994608235	-0.055971768	-0.0225770039	-0.1152360884	-0.0977206276	0.0848379133	0.120615669	-0.0177400412	-0.0299952027	-0.0449827146	-0.0729278595	-0.1796220328	-0.0118654089	-0.0773403798	-0.1271375596	-0.1028456504	0.047198554	-0.0493103172	-0.0098020562	-0.069932862	-0.025535028	0.032843097	-0.0749711705	-0.2158970014	-0.0030957912	-0.0177106314	0.109286123	-0.0680906592	0.0041078091	0.1097003877	0.0250452546	0.1039179892	0.0584210904	0.0712766603	0.0754547434	0.1145949031	-0.075843012	-0.0457301763	0.0240826235	0.0050774876	-0.1602257807	0.0706363196	-0.1276117112	0.1341856393	0.0095371351	-0.0283802908	0.0440091081	0.0373504084	-0.1294252183	0.06530563	0.0035226092	-0.1063012102	-0.0045574993	0.0978545045	-0.045427337	-0.0595423968	-0.0118219722	-0.0221076191	0.115953184	-0.0773082522	0.0801094455	0.0266738792	-0.1433544398	-0.0672697564	-0.0879043896	0.045191854	0.0244942696	-0.0406220945	-0.0964261817	-0.026514727	0.1351389863	-0.0622028225	-0.0603044712	-0.0288648526	-0.0457394187	-0.0845154255	0.1104247249	0.0134077	0.0036165999999999	1.3079795559999996e-05	0.00017976641929	0.0902978	3.999999999976245e-07	0.00815369268484	1.5999999999809961e-13	0.0628436	0.0063553	4.038983809000002e-05	0.00394931806096	-0.000404754	-0.0001227	1.63825800516e-07	1.505529e-08	-0.000438423	2.583999999999974e-06	6.677055999999865e-12	1.9221472692900002e-07	0.00018295	6.5024e-05	3.34707025e-08	4.228120576000001e-09	0.0	0.0	0.0	0.0	0.0	0.0	0.0	0.0	0.0	0.0
287.8099791668814	-0.6679047767136694	0.4460967907569366	82834.58410804071	369.0319886711037	-0.9848225672268428	136184.6086625496	0.9698754889192692	185.1866843736028	-0.0477744302405085	0.0022823961848052	34294.10806928838	184.02324960536868	309.04796598018623	1.140106	23.505182	0.05394006	0.0288766	0.0334137338	-0.0718292033	-0.0888208594	0.1260879393	0.0621735137	-0.0173609461	-0.1131833466	-0.024187119	-0.0824623008	0.0701502439	-0.0889195581	-0.0950563257	0.1083815881	-0.1293580457	-0.0637596942	-0.0726296296	0.0372283997	0.0691632288	-0.0615255216	-0.0087455899	0.1052897503	0.0633466469	0.0514002995	0.083679714	0.0698613113	0.0290064331	-0.0214468068	0.0590334997	0.0924187564	0.0171897142	-0.0537460126	-0.0785378152	0.0256641656	-0.0668446167	-0.0470815043	-0.0753281197	-0.0482972217	-0.0928670796	0.0892658218	-0.076886429	-0.0968695864	0.0677381058	0.0246015687	-0.0555508854	-0.172249105	-0.0093975995	0.0155859768	-0.0206729155	0.0752277949	-0.0979223918	-0.0648680666	0.1157401512	-0.1378164456	0.0457348034	-0.1043252967	0.0932043115	0.0132093096	0.1433663644	-0.1041724842	0.0349416619	0.0716014419	-0.1491039084	-0.0328349207	-0.0628340478	-0.0142446041	0.0647665457	0.0841954027	-0.0501124122	0.0601671926	-0.055154558	-0.0592061843	0.0836915625	-0.049937889	-0.0297906995	-0.1182033725	-0.0561564159	-0.0335477829	-0.0050186721	-0.0405682207	-0.1035503524	0.0021196435	0.0435196883	0.0706163841	-0.0073988916	0.0782779702	0.0340871727	0.0548690913	-0.0360132376	0.1134651366	0.0512370133	-0.021086689	-0.0890598023	-0.0334227113	0.0782706629	0.0338561999	0.2123856216	-0.0285180018	-0.0084894482	-0.0382746525	-0.0487435111	-0.0231095379	0.1862354478	-0.1096446404	0.0445882011	-0.0410868715	-0.0862048461	0.0275491348	-0.0232990313	-0.0708745619	0.1395841395	-0.0081806015	-0.0961804012	-0.1916529697	0.0191827294	0.0087169693	-0.0469752576	0.0289622407	0.0894657808	0.0069120422	0.0522080432	-0.0566075979	0.0169700835	-0.0321166078	-0.0920834488	-0.0624033653	-0.1756644154	0.0937150879	0.0440488101	-0.0946255125	-0.1450114298	-0.0828228159	-0.031152595	-0.0370763588	0.0254977821	0.0423183507	-0.0034155898	0.0425265388	0.0305781008	-0.0016334443	-0.0730006463	-0.0482056202	-0.0806385538	0.1132514443	0.00852774	-0.0048799599999999	2.381400960159999e-05	7.272234950760001e-05	0.107797	0.0174992	0.011620193209	0.00030622200064	0.0797158	0.0168722	0.00028467113284	0.00635460876964	-0.000601666	-0.000196912	3.620019755560001e-07	3.8774335744000016e-08	-0.000470261	-3.183799999999996e-05	1.0136582439999975e-09	2.2114540812100002e-07	0.000117926	-6.5024e-05	1.3906541476e-08	4.228120576000001e-09	0.0	0.0	0.0	0.0	0.0	0.0	0.0	0.0	0.0	0.0
287.8303889261737	0.0204097592923062	0.0004165582743698	82846.33278939243	368.5479426800626	-0.4840459910411141	135827.5860537067	0.2343005214429743	185.08738375928027	-0.0993006143225159	0.009860612004829	34257.339626855086	183.9476410906462	308.24120587345186	1.077122	22.206673	0.00815976	0.0045768	0.0310747439	0.1104910424	-0.0616372518	0.2049041549	-0.0399682522	-0.128124023	0.0241196053	0.0776017012	0.010602348	0.1865749553	0.0093957016	-0.0432911058	0.0789604392	-0.1054927041	0.0776854869	-0.0433205084	-0.0898054213	-0.0297014124	0.0060100336	-0.0976537576	-0.0486616476	-0.0280852868	0.0474414822	0.0780272748	0.1581961397	0.0717857204	0.1884035651	0.0954840912	0.0656896192	-0.1464453923	0.0908530611	-0.0245979942	0.0592533148	-0.1327767558	0.0545562264	0.0593498292	0.0973894067	-0.0137531335	0.0892353951	0.027106843	0.0715276988	0.1589824726	0.0770325298	0.0360048062	0.0089442385	0.0311440051	-0.1361568803	-0.1406602588	0.0055231557	-0.0455047266	-0.0825494492	0.0535817334	0.0798770561	-0.1191946647	-0.0132421642	-0.1617164315	-0.0873551768	0.0179668795	-0.0157731194	0.1219905626	-0.0276251302	-0.0914165048	0.1712352536	-0.0534261519	0.1352792708	-0.0802984059	0.0398586958	0.0911442187	-0.0011104788	0.0238570246	-0.0475921835	-0.0822650524	0.0693642587	-0.0371768688	-0.09668696	-0.0757873782	-0.0440955743	-0.224474771	-0.0723492797	-0.033824083	0.1754839836	-0.0711813905	0.0282136301	-0.1089840142	0.0804972507	-0.1267228616	-0.0651022174	-0.0655124078	-0.0266732308	0.0667619145	0.0283253497	-0.0127138961	-0.1116666737	0.1150662299	0.0115754643	-0.0306050752	0.0611471033	-0.1973032324	-0.0641088173	0.0070385783	0.0242501359	0.0550440622	0.0378968152	-0.0940497328	0.149069249	0.1376997371	0.0574267175	0.063946588	-0.0269695714	0.0208500222	0.1400303467	-0.044710482	-0.0444265037	-0.1556871587	-0.0653376786	-0.1869254363	0.0164146831	-0.0056773589	0.098855273	-0.0396386836	-0.0510915304	-0.0976610424	-0.0084452753	0.0061779546	-0.1877872389	-0.0676236425	0.1137139301	0.0209774474	-0.0311924492	-0.0700097141	-0.117202243	-0.0057201836	-0.055397789	0.0488776554	0.0374175231	-0.0940762953	0.0692332317	0.0651992695	0.000687419	0.1284079088	-0.0506475487	-0.0765992869	0.1155651064	0.00668683	-0.00184091	3.388949628100001e-06	4.47136954489e-05	0.106912	-0.000885	0.0114301757439999	7.832250000000191e-07	0.0837216999999999	0.0040058999999998	1.6047234809999163e-05	0.0070093230508899	-0.000596909	4.75700000000009e-06	3.56300354281e-07	2.2629049000000857e-11	-0.000446459	2.380199999999996e-05	5.66535203999998e-10	1.9932563868100002e-07	0.000117926	0.0	1.3906541476e-08	0.0	0.0	0.0	0.0	0.0	0.0	0.0	0.0	0.0	0.0	0.0
288.02122186473446	0.1908329385607317	0.036417210439724	82956.22424445458	368.8496786703184	0.3017359902557928	136050.0854551971	0.0910446078156438	185.1041904734416	0.0168067141613335	0.0002824656409007	34263.561330828146	183.97524009813063	309.07525452150134	1.116183	23.011967	0.0117945199999999	0.00591477	-0.0137746838	-0.021133456	0.0850813337	0.1980782765	0.0708385043	0.0322475904	0.0086602471	0.1009767477	0.1220110102	0.0699624023	-0.0364799413	0.0309879539	0.0391494035	-0.0927246733	-0.0144795397	0.1250999613	-0.062285	-0.08155434	0.0518382963	0.0318435479	-0.0440185787	0.0213634449	-0.0916092405	0.1314616929	-0.015284401	-0.0891362794	0.055107963	0.0041283413	0.0539625065	0.048779404	-0.0678898881	-0.0452346429	0.0430271634	-0.1082856779	0.1447652136	-0.0550274103	0.098110557	-0.0805360291	0.0505972129	-0.1383408931	0.0120628068	-0.0298516783	0.0255986502	-0.0993986263	0.0683563711	-0.0958691501	0.1214043013	0.1998055832	0.1776744628	-0.0468372558	-0.086452761	0.0829190952	-0.1475155159	-0.0152836863	0.0511033583	0.0622922263	0.0402332759	0.0053965905	-0.0018651964	0.0204422501	0.1221474777	0.2087122553	0.0878377579	0.0744898478	-0.0209844573	0.0136143059	-0.1226013478	0.0637125602	-0.0845412013	0.0196532333	0.0756294174	-0.0453360951	-0.0132427773	0.0921673251	-0.1029420708	0.047074225	0.1043538431	-0.0305704057	0.0025339816	-0.0598829302	-0.039523386	0.0777199669	0.0484570601	-0.0548787643	0.0392385253	-0.1708544648	0.0416205967	-0.1108326234	0.0381585268	0.0495429025	-0.1385107219	0.0027354899	0.0511505014	0.0484019866	0.0959238878	-0.042983938	-0.0197394971	0.1715391655	0.1444260565	-0.1426226436	-0.0735447804	0.2021015196	-0.0828554376	0.0740102683	0.0029766821	-0.0663632179	-0.0811642193	-0.0207079402	0.0207626376	0.0283047453	-0.0992063396	-0.1144674704	0.1898425747	-0.0913370025	0.021619709	0.0742207366	0.0239679699	-0.0423629475	-0.0502895725	-0.0527186003	-0.1212929401	-0.0807889406	0.0275197518	0.0905535667	-0.039313828	0.016443528	0.1093486046	0.1237272958	0.1095434899	-0.0495133826	-0.0885705026	0.1073964473	0.1048007292	-0.0035922887	-0.0417648242	0.0217742225	0.0750942402	0.055697335	-0.1287009788	0.0600190808	-0.0530639746	-0.0724057592	0.1173552296	0.00573816	-0.00094867	8.999747689000008e-07	3.29264801856e-05	0.10266	-0.0042519999999999	0.0105390756	1.807950399999993e-05	0.0797353999999999	-0.0039862999999999	1.5890587689999986e-05	0.0063577340131599	-0.000634777	-3.786800000000004e-05	4.02941839729e-07	1.4339854240000027e-09	-0.000460742	-1.4282999999999972e-05	2.040040889999992e-10	2.12283190564e-07	0.000117926	0.0	1.3906541476e-08	0.0	0.0	0.0	0.0	0.0	0.0	0.0	0.0	0.0	0.0	0.0
288.39303502815375	0.37181316341929	0.1382450284918596	83170.54265274991	369.6364832456829	0.7868045753644992	136631.129746236	0.6190614398145099	185.31237774768508	0.2081872742434711	0.0433419411569262	34340.67734650073	184.164916939758	310.2236988544464	1.196882	24.675709	0.01833459	0.0131909	-0.1074377165	-0.0271006347	-0.1094095575	0.020468853	-0.0146573686	-0.0806565068	-0.1280819369	-0.0076525867	-0.0381784373	-0.1059541394	0.0021146142	0.0103535252	-0.0115383675	-0.0056667974	-0.0249879948	-0.1305903643	-0.0034671625	0.0028413326	0.0012651443	0.102441677	-0.0465153487	-0.0090565487	-0.1356144653	-0.0890257822	-0.0461116629	0.0384173428	-0.0281186178	0.046234412	-0.0411096521	0.11309316	-0.0304395098	-0.1533356665	0.0472921508	-0.0293873605	0.0548567722	0.0023037702	-0.1009019912	-0.0368097663	0.0550231548	0.0454515015	-0.1375130692	-0.099344254	0.0697686533	0.0838949568	0.0353807296	0.0952597942	-0.1098138124	-0.1545327713	-0.0833228221	0.1273701479	-0.0896117338	-0.0268218761	-0.0808143309	0.105484909	-0.11535867	-0.0306879723	0.0163389672	-0.0387547825	0.0927592987	0.0822019538	0.0300105693	0.0515815393	0.0102883024	-0.0334102591	0.0115856399	0.0136797068	0.1272326875	-0.0051299469	-0.0495428512	-0.0478129049	0.0999321089	0.0203784852	-0.0123723752	0.1150847274	0.1222130974	0.0455233453	-0.027209172	0.0183921658	-0.0944875801	0.0264461115	-0.1050661041	0.0499967581	0.1633584952	0.034346197	0.0360381381	-0.0415665037	0.0293525282	0.0910982415	0.0738688103	0.056324633	0.058495559	-0.1013115617	0.1347542976	-0.0002869092	-0.0903379003	-0.0228002318	0.0027988155	-0.1782018206	-0.1110319079	0.0846609624	-0.1370498256	-0.01461546	0.0429252284	0.0769797043	-0.0701893977	0.0003793038	0.0773006787	-0.0411827518	-0.0203113392	-0.1117129115	0.0504641239	-0.0742500969	0.0280223381	-0.029309841	0.0478526196	-0.0204992329	-0.0077240652	0.1268431298	0.0752506791	-0.0110856638	-0.0798582919	0.0559544934	-0.0021964341	0.0459571994	0.1095061021	0.0524918636	-0.0559382036	0.1791905461	0.1399072692	-0.0156474958	-0.067824827	-0.0184872011	0.0675418157	-0.0914446467	0.045407772	-0.1199307872	0.0380314655	0.0932094796	-0.0392365311	-0.0434952809	-0.0554536812	-0.0680664159	0.1186137044	0.00488962	-0.00084854	7.200201316000001e-07	2.39083837444e-05	0.0902834	-0.0123766	0.00815109231556	0.00015318022756	0.0797472999999999	1.1899999999995248e-05	1.416099999998869e-10	0.0063596318572899	-0.000599044	3.573300000000003e-05	3.58853713936e-07	1.276847289000002e-09	-0.00052696	-6.621800000000005e-05	4.384823524000007e-09	2.7768684160000005e-07	0.000117926	0.0	1.3906541476e-08	0.0	0.0	0.0	0.0	0.0	0.0	0.0	0.0	0.0	0.0	0.0
288.36228814116754	-0.0307468869862077	0.0009453710593426	83152.80922200973	368.4063757357088	-1.2301075099740617	135723.25768272026	1.513164486094586	185.09489972769487	-0.2174780199902102	0.0472966891788622	34260.121905205415	183.97674475755736	313.7614327495492	1.231376	25.386858	0.0161912099999999	0.00912423	-0.0968138689	0.1480507299	0.0882187023	-0.0001646002	0.017467855	-0.0407140325	0.1197556336	0.1064320726	-0.1274365963	-0.0493277995	0.0604159692	-0.0268322298	0.0233622853	0.0156653073	0.1229411875	0.0853000513	0.0077421315	0.0274004117	-0.0454109604	-0.0082357353	0.0731332209	-0.0905253721	-0.0258581257	-0.0501295351	0.0415574279	0.0366260523	-0.0418497616	0.1667148458	0.0025039579	-0.0279380418	-0.068626553	0.1921086978	-0.1271678404	-0.0446984162	0.1806200992	-0.0911825379	0.043396638	0.0459956225	0.0891771191	0.0834882443	-0.0702590452	0.0394597516	-0.1715492765	-0.04348591	0.0180927095	0.06763074	0.0844981758	0.0959530234	-0.0375228315	-0.0711597308	0.1345020506	-0.0722726395	-0.0617076689	-0.013537452	-0.0418033225	0.0031521123	-0.0282417777	-0.1276433088	-0.0655131927	-0.0455265179	0.0341728845	-0.0299805046	-0.1262115214	0.0428216765	-0.0458149253	-0.1059898618	-0.0961298777	-0.0049758756	0.0493786744	0.0154412551	-0.0792688652	0.0995074022	0.0833806659	0.009536931	0.0491998416	-0.0524815152	-0.0436471576	0.0477128023	-0.1358692998	-0.0340141589	-0.0092922361	0.0384772937	-0.228309322	-0.0052623085	0.0064952755	-0.2000109312	0.1082567433	-0.0185797141	-0.0475677346	0.0982361157	0.0432413551	-0.0440053156	-0.1109103697	-0.1557531341	-0.0157206252	0.0098436604	-0.1331671073	0.0981205333	0.0166685053	0.0208644157	0.08897126	-0.0502042602	-0.0869539247	0.1117974235	-0.0136781887	-0.0071258366	0.0136737992	0.024175501	0.1341624617	-0.0066858239	0.009964665	0.0002880826	-0.0151552565	0.1461233824	0.0143211739	0.0554976224	-0.0299640727	-0.1476608175	0.0898662328	0.0248468051	-0.0813056366	0.083065119	-0.0340547811	-0.0733372563	-0.0200216352	0.0326282357	-0.07525072	0.0705841795	0.054671808	0.0060700943	0.0245521791	-0.0556384142	0.0073239887	-0.0249870855	0.0669303583	0.0132338753	-0.0355543498	-0.0650485699	0.0076665037	0.0190549698	-0.0578154653	-0.0635899959	0.1193348294	0.00385461	-0.0010350099999999	1.0712457000999996e-06	1.48580182521e-05	0.0902772	-6.199999999997874e-06	0.00814997283984	3.843999999997364e-11	0.0724748	-0.0072724999999998	5.28892562499984e-05	0.00525259663504	-0.000576173	2.2870999999999937e-05	3.319753259290001e-07	5.23082640999997e-10	-0.000442317	8.464300000000002e-05	7.164437449000004e-09	1.95644328489e-07	6.789e-05	-5.003599999999999e-05	4.6090521e-09	2.5036012959999993e-09	0.0	0.0	0.0	0.0	0.0	0.0	0.0	0.0	0.0	0.0
288.1253970233837	-0.2368911177838413	0.0561174016848777	83016.24440988248	368.9308249270453	0.5244491913364868	136109.95358135016	0.2750469542934949	185.13307591449785	0.0381761868029855	0.0014574212388164	34274.25579756322	183.99177523789248	311.194305206847	1.22227	25.199133	0.0326027619999999	0.0163047	-0.1415044327	-0.1081142108	0.0662996423	0.0509713853	0.1198603056	0.0443845853	-0.0856102758	0.0852747994	-0.0293393075	0.0588016185	0.0431614628	0.0093291485	-0.0516326335	0.0464495551	-0.1509148421	0.0760355133	0.0456961774	0.0096064299	-0.0763554316	-0.1080072123	0.2179288707	0.0770282211	0.0844716427	-0.0291219079	-0.0240848118	0.045671117	0.0261803143	0.0484737246	0.018473379	-0.0031209741	0.0751987796	0.1048541473	-0.0406483315	-0.0813023316	-0.0450884142	-0.0163976424	-0.0474311517	0.0964766411	-0.0743304975	-0.0509739492	0.0798178016	-0.0122087177	0.0044768931	0.2583087883	-0.0902134461	0.1047280119	0.1293014713	0.0197293938	-0.1459439207	0.0597899073	0.0515858911	-0.054379116	-0.0258491974	0.0059816596	0.0128955933	0.0231457206	-0.0724526651	-0.0407431803	-0.0256359317	-0.0484855862	-0.0829067851	-0.0065849389	0.0290519448	0.0431180241	0.0350600318	0.1588633661	-0.0679116074	-0.0412088166	0.0050779348	0.0078160011	-0.197899877	0.1219573775	-0.1167733223	-0.0765634797	-0.022748416	0.0346225727	-0.054251965	-0.036045938	-0.0257830681	-0.0458509421	0.0050260918	-0.1113474546	-0.0957929237	-0.0755585072	0.0659368373	0.0479799762	0.0364304431	0.0450061815	-0.0717503192	-0.064528777	-0.0304411152	0.1331627683	0.0370475973	0.0663169239	-0.2529439742	0.0682170782	-0.101425466	0.0853076865	-0.0278626808	0.1473417895	0.0044993149	-0.1202466569	0.0237787295	0.0372705782	0.0040312434	-0.019277128	-0.0067845973	0.0752801223	0.0295630344	-0.0257758586	0.0075896733	0.0794289469	-0.0102973009	-0.0059047352	-0.0376513619	0.0132420826	0.020837363	0.0347384113	-0.0963035216	0.1079597334	-0.1064802869	-0.0315579675	-0.0153920536	-0.0935033691	-0.1043690445	0.0285364096	-0.0591012314	0.0090212587	0.0838433766	0.0250927833	0.1268865224	0.0496897053	0.0185750212	0.0139450479	-0.0270750474	-0.0342799302	0.1037018731	-0.0668419943	0.086803066	-0.0324045274	-0.0601481375	-0.0589855141	0.1195153378	0.000937148	-0.002917462	8.511584521444e-06	8.782463739039999e-07	0.0998643	0.0095871	0.00997287841449	9.191248641000002e-05	0.0833854	0.0109105999999999	0.0001190411923599	0.0069531249331599	-0.000608107	-3.1933999999999955e-05	3.69794123449e-07	1.019780355999997e-09	-0.000544099	-0.000101782	1.0359575524000004e-08	2.960437218010001e-07	0.000117926	5.003599999999999e-05	1.3906541476e-08	2.5036012959999993e-09	0.0	0.0	0.0	0.0	0.0	0.0	0.0	0.0	0.0	0.0
288.2346449708311	0.1092479474473862	0.0119351140214668	83079.21056146103	368.0004737249856	-0.9303512020596828	135424.34866181383	0.8655533591738965	185.101916178508	-0.0311597359898598	0.0009709291469577	34262.7193729554	183.9690668440543	309.3224837249658	1.107926	22.841747	0.018499642	0.0104417	-0.1549376264	0.0526282361	-0.0731636107	0.0266103441	0.0097711272	-0.1466321837	-0.0419132242	0.0979872707	0.0617165258	-0.0262245347	-0.0226533711	0.0403810813	-0.0397122238	0.1121157711	0.0631372434	-0.0366947313	-0.0337071739	-0.01431853	-0.0724437157	0.0320536617	-0.1105934122	-0.0327961858	0.0846870218	-0.0916331912	0.0491854376	-0.0151681668	-0.1327787473	-0.0477917625	-0.0883377213	-0.1345461796	0.1607805638	-0.0874785981	-0.0896324167	-0.0064841397	0.0408058926	-0.0727604859	-0.0148594314	-0.0542347832	-0.1534176876	0.0210545924	0.0366341536	-0.0010320229	-0.000444472	0.034526875	-0.0646759141	0.0136112461	-0.0265075279	-0.1237926698	-0.0024060961	-0.0346961733	0.2982312537	-0.1280529533	-0.0271148411	-0.0366760103	0.0804506488	0.0285390727	0.055970952	-0.1108128306	-0.1190917155	-0.0010313755	0.0717317184	-0.0471021453	-0.1219297074	0.0279756692	0.0466622236	-0.0677875434	0.0367259379	0.0357953638	-0.0431139426	-0.064580281	0.011154784	-0.0504003526	0.0544861737	-0.1033353974	0.0912305821	-0.1034260098	0.0035632208	0.1177647103	0.0467229447	0.1328736006	0.138638876	-0.1397541442	0.0582040297	0.0918513782	0.0366318999	-0.0448193649	0.0759780629	-0.0024222985	0.0637405204	-0.155777951	0.0162755995	0.0543430255	-0.012073658	-0.0176049682	-0.0273864826	0.0493372041	0.013624718	-0.0321078505	-0.0877571925	-0.0419423989	0.1815473334	-0.2505956628	-0.0170286294	0.0966289425	-0.0271093056	0.0050238058	-0.1162237636	-0.051065089	0.1111042848	0.0761675742	0.0220207596	-0.0298349174	0.0284340329	0.1649634206	-0.0585072257	-0.0028856778	-0.0011613064	0.0860812244	0.0896646393	0.0069540126	-0.0666746975	-0.1075357966	0.0457401177	-0.0722352209	-0.0427768386	0.1054770949	-0.0874717357	-0.030029537	-0.0185207811	0.0133188418	0.0794114131	0.0521611365	0.074782979	0.1054186487	-0.0128582853	0.0376995934	0.0023758312	0.0650557567	0.1078917561	0.0837654685	-0.0624505233	-0.0542622434	0.1191544118	0.00258174	0.0016445919999999	2.7046828464639995e-06	6.665381427599999e-06	0.0902661	-0.0095982	0.00814796880921	9.212544324000002e-05	0.0822636	-0.0011217999999999	1.2584352399999829e-06	0.00676729988496	-0.000690816	-8.270900000000004e-05	4.77226745856e-07	6.840778681000006e-09	-0.000504107	3.999200000000009e-05	1.599360064000007e-09	2.54123867449e-07	0.000117926	0.0	1.3906541476e-08	0.0	0.0	0.0	0.0	0.0	0.0	0.0	0.0	0.0	0.0	0.0
289.20113231394646	0.9664873431153752	0.9340977844022168	83637.29493166877	369.47396307894326	1.473489353957632	136511.00939326032	2.1711708762264794	185.1461259625906	0.0442097840825965	0.0019545050086298	34279.08795895546	184.0275599276285	315.20164959074003	1.146781	23.642805	0.02136143	0.0120482	-0.0719924015	0.0056631173	0.1172732947	-0.0762320318	0.0699922008	0.0367696585	0.0555149674	0.0422149318	0.0751298221	-0.1290811149	-0.0586686941	0.0133649442	-0.0877747692	-0.0510385434	0.017115908	0.1035884564	0.0120909691	-0.0235536852	-0.022345093	0.0865271151	-0.0086526508	0.1523861454	0.0884604053	0.0613688812	-0.084742847	-0.0599037239	-0.0199030134	-0.0745223187	-0.0152862136	-0.134644777	0.0007174005	0.0022930802	-0.1056959281	-0.0792106539	0.0508545192	-0.1592986597	-0.0220238163	0.1243207826	0.1711544269	0.0225506605	0.0662961674	0.1107922534	0.1196302507	0.167954885	0.0648247352	-0.0671057881	0.0339892786	-0.0111434592	0.0274800742	-0.0236092482	-0.111659477	0.0180133234	-0.0583979495	0.1746610743	0.1024736336	-0.0894654874	-0.0745666337	0.1226254631	0.0209157423	0.0362370301	-0.02278981	-0.031328153	0.0249855349	0.065916228	-0.0521846546	-0.0161810252	-0.1052226684	-0.0188042117	-0.0498502313	-0.0548992299	0.0708193251	0.0038275369	-0.149239397	-0.0801931072	-0.0686060156	0.0370407332	0.0551151279	0.0664075785	0.0879150546	0.0503915158	0.1154729684	0.0098589503	-0.0791082389	0.0502557382	0.0965856411	-0.0604662852	0.1680811523	-0.0058875699	-0.0975916398	0.1743232725	0.0342913959	0.0466655321	-0.0477484367	0.1670988508	-0.1498562114	-0.0512899749	0.1092907201	0.008725796	-0.0094965795	0.0103691391	-0.0247640885	0.1275909649	0.0159452074	-0.0090846457	-0.1173184243	0.0980691741	-0.0844889145	0.1206790106	-0.1589294699	-0.015314757	0.00377518	-0.0284714565	-0.0557841134	-0.0203958187	-0.0346107437	0.044782973	0.0011620978	-0.0467044408	-0.060277568	-0.1028266893	-0.0695358574	-0.120459286	0.0861854836	-0.0580222417	0.0451303832	0.0279927938	0.0691304115	-0.0265998173	-0.0460036665	0.1163101347	-0.0318206682	-0.0182885377	0.0555639676	0.1540060991	-0.0802161342	0.0993338088	-0.0207261348	-0.0004975277	0.0103568464	0.0908327505	-0.0647214634	-0.0494296957	0.1182536866	0.0111621	0.0085803599999999	7.362257772959998e-05	0.00012459247641	0.090248	-1.8100000000007e-05	0.0081447015039999	3.276100000002534e-10	0.0843914	0.0021277999999999	4.527532839999997e-06	0.00712190839396	-0.000842953	-0.000152137	7.10569760209e-07	2.3145666769e-08	-0.000507932	-3.825000000000052e-06	1.4630625000000402e-11	2.57994916624e-07	6.11846e-05	-5.674139999999999e-05	3.7435552771600014e-09	3.219586473959999e-09	0.0	0.0	0.0	0.0	0.0	0.0	0.0	0.0	0.0	0.0
289.1318604150555	-0.0692718988909746	0.0047985959759614	83597.23270707113	370.7414439714071	1.2674808924638228	137449.21827800397	1.6065078127608887	185.32109597998928	0.1749700173986923	0.0306145069884987	34343.9086152244	184.1643721449432	318.1652737879378	1.137833	23.458321	0.02659093	0.0162835	-0.0602746969	-0.1001834124	-0.0303774143	-0.1246161507	0.0145288593	0.0486238502	-0.1039365729	-0.0435576245	-0.0149057544	-0.0445683939	0.1291654454	-0.0938730237	-0.0759969068	-0.0524881232	-0.0943553701	-0.076049897	0.0124830176	-0.0024780868	0.1836172577	0.0672823857	0.0134934718	-0.0412717488	0.0301783628	-0.0405294734	0.028113873	-0.0231560253	-0.0367015621	0.0836661826	0.0333304209	-0.0118046417	-0.0195411326	-0.0944436209	0.1391493061	0.0730999888	0.0781389708	-0.1014262826	-0.0484330962	-0.1686941565	0.0034922874	0.0101626758	0.0298390156	0.086637637	-0.0804236037	-0.0205904486	0.026103588	0.1784999666	0.094009285	0.0800239929	0.0905003302	0.0637031988	0.0222399179	0.0721625211	0.2079287688	0.0352130763	0.0650575944	0.0652130786	0.1324223184	0.0176919806	-0.0631861911	-0.0112920155	-0.0184553994	0.0949135514	0.0463109267	0.1447903433	-0.176293519	0.0877472936	0.0888407783	-0.0167345478	0.0569352908	0.101786231	0.1305706855	-0.0069004607	0.0021487341	-0.0367571108	0.021758129	-0.0189560534	0.0184249539	0.0427301603	-0.1018561674	-0.0572513918	0.0432116877	0.073160287	0.149035193	-0.0496822767	-0.1234569574	-0.0505068534	0.0836031399	-0.0237312829	0.1612613181	0.0050924596	-0.0247475512	0.0488841507	-0.1120164091	-0.0185643236	-0.0288149255	-0.0879936056	-0.2138714321	0.0515016445	0.0358582163	-0.0797124708	-0.0067081891	-0.0485885424	0.0162714365	-0.2292323964	-0.059283861	-0.0200074863	-0.0020714081	-0.0853916993	-0.0091269851	0.1041919715	-0.0571095178	0.0111434972	0.0609941992	-0.0584848426	0.0190133319	0.2443769458	0.0094054183	0.0986702907	-0.0725616584	-0.1109635413	-0.0321821295	0.0310557055	-0.0458364789	-0.0286833274	-0.0019736964	-0.0599272791	0.014070495	-0.0351749801	-0.0490180965	0.1410237584	0.0639972399	-0.0778450203	-0.0613777904	0.0035061752	0.0290079993	0.1024919892	0.1109710451	-0.0359529821	0.0099413049	0.0190939862	-0.0669598143	-0.0444976032	0.1168172427	0.00763909	-0.0035230099999999	1.2411599460099997e-05	5.83556960281e-05	0.0902796	3.160000000000662e-05	0.00815040617616	9.985600000004183e-10	0.0753073999999999	-0.0090840000000001	8.251905600000192e-05	0.0056712044947599	-0.000621919	0.000221034	3.86783242561e-07	4.885602915600003e-08	-0.000509203	-1.2709999999999545e-06	1.6154409999998845e-12	2.59287695209e-07	0.000117926	5.674139999999999e-05	1.3906541476e-08	3.219586473959999e-09	0.0	0.0	0.0	0.0	0.0	0.0	0.0	0.0	0.0	0.0
288.43452524445706	-0.6973351705984214	0.4862763401535295	83194.47535299535	369.275628367674	-1.4658156037330627	136364.48970634048	2.1486153841473232	185.27417687105844	-0.0469191089308367	0.0022014027828637	34326.52061524825	184.16128012670725	315.0584718777439	1.15195	23.749378	0.0211695899999999	0.0132753	-0.0742242873	0.0966778287	-0.0829527854	-0.0161571342	-0.0592045947	-0.1341717721	-0.0194321439	0.0735039853	0.0329422088	0.0052408879	0.0970621587	0.016217355	-0.0323571387	0.0551823727	0.0817279774	-0.0746164562	-0.0350323087	-0.0359135968	0.1100241712	0.0216778231	-0.0905317528	-0.0602048591	0.0733466278	0.1050546891	0.0034135754	-0.0033583346	0.0311252392	-0.0686087054	-0.0505409294	-0.0729454181	-0.0398300003	-0.0782097378	0.0226859127	-0.1618991873	-0.1178030598	0.0942020896	-0.1697053101	0.0808507373	-0.0274498656	-0.1046806035	-0.0671117326	-0.0703169178	0.0292337258	0.0303596262	-0.2244613229	-0.0641067877	0.0231667385	-0.0161277901	-0.0381236227	0.0122394729	-0.0447977733	-0.0693852089	0.2405398861	-0.1059188444	0.0044303083	0.0512147047	-0.0824410704	-0.1337217309	-0.0789619606	0.0081005765	0.0732569402	-0.0065320983	0.0770380356	0.1189015772	-0.0954389513	-0.084718515	0.0702055229	0.0377257629	0.0004463937	0.0799877169	0.1069287877	-0.0783273816	0.090165285	-0.059505408	-0.0990107304	0.0254407742	0.0146420636	-0.0409139656	0.0425549207	0.0754977466	0.0553018837	0.0319098085	0.0495482923	-0.0583352449	0.1974523773	0.149664837	-0.0160291626	0.1454197601	-0.0036298333	-0.0110211349	-0.0629680609	-0.0197633004	0.0987593659	0.0060229752	-0.0035844922	0.2341565966	0.0479317496	0.0523649053	0.0197039433	0.0158196672	0.0493528397	-0.0833638592	0.1915458003	-0.1506038882	0.0763050284	-0.0278304677	0.0966712497	0.0854447499	0.1282887787	0.0471984594	0.0091759511	-0.061588848	0.0257001946	-0.0653339204	-0.0298907433	0.1597806492	-0.0056930643	0.0526820803	0.1213331343	-0.1103996368	-0.0237761988	-0.0692804156	-0.0121720311	0.0354464813	-0.0720073493	0.0367788643	-0.0502587502	-0.095781164	-0.0589403231	0.0193596847	0.1214420829	-0.06766507	-0.0015696666	-0.093664068	-0.0679890494	0.0604098632	0.0903929987	-0.048616104	0.0955294198	0.020087395	-0.0691644489	-0.0394758984	0.1148515874	0.0045485	-0.00309059	9.551746548100004e-06	2.0688852249999995e-05	0.0902971	1.7500000000003624e-05	0.00815356626841	3.0625000000012677e-10	0.0711133	-0.0041940999999998	1.759047480999912e-05	0.00505710143689	-0.000404754	0.0002171649999999	1.63825800516e-07	4.7160637224999984e-08	-0.00044902	6.018299999999995e-05	3.621993488999994e-09	2.016189604e-07	0.000117926	0.0	1.3906541476e-08	0.0	0.0	0.0	0.0	0.0	0.0	0.0	0.0	0.0	0.0	0.0
288.0790319350947	-0.3554933093623731	0.1263754930014119	82989.5286406613	368.6735700091112	-0.6020583585628287	135920.20122326302	0.3624742671153677	184.9307668718085	-0.3434099992499568	0.1179304275848553	34199.38853579518	183.8057931294373	312.53147737752266	1.195284	24.642767	0.0261489599999999	0.0133166	-0.0482130553	0.0454289613	0.1111242712	0.0307021852	0.0640930755	0.0013178988	0.0765502492	0.1040123927	-0.008419458	-0.1134502556	-0.0801232316	0.0788649791	0.0717086875	0.0478910931	0.078523129	0.1280651359	0.0108992849	0.0128022588	-0.0549795189	0.0560025668	-0.0312954094	0.0532112304	0.1097446211	-0.101913671	0.1018090632	-0.0342909782	0.1061703672	-0.2134274392	0.0959952593	-0.0823943678	-0.1108614615	0.0735616807	0.1271284531	-0.0255276342	-0.0016803123	0.0669195601	0.0835490662	0.0037581627	-0.1481699884	-0.0416129085	-0.0390444683	-0.0414619755	0.0426141732	-0.1116018341	-0.0532620849	0.153404931	-0.0920598826	-0.1211291398	-0.0722140147	-0.010407232	-0.0380136234	-0.0738915779	-0.0193728841	-0.0190262367	-0.0866357998	0.1047738001	0.173139991	-0.002728211	-0.0600300168	0.0359892339	-0.0242697611	0.1067622825	0.0026351867	-0.0370323963	-0.0110210706	-0.0683879585	-0.131247219	-0.0207003251	-0.0001912931	-0.0721443468	0.0327140468	-0.0109075686	-0.0545955051	-0.1196273788	0.0811797738	-0.105216804	0.0368356688	-0.1336549008	0.1984929006	-0.0513186867	0.0656484465	0.156628621	-0.0135675373	-0.1309599912	-0.0273865192	0.0110072918	-0.0680974136	-0.0028687085	-0.0470777463	-0.1641559686	-0.0020936115	-0.0601791422	0.0610605488	-0.0079292817	0.1222404383	0.04417067	-0.1054685425	-0.1408959761	-0.1153907718	0.0748088548	0.0221205225	-0.0065237026	0.073583511	0.0522465996	-0.0150737156	-0.0740381315	0.0363445068	-0.1680904177	0.0715388099	0.0956975748	-0.0100269722	0.0226711792	0.0503136411	-0.0444283963	0.0892401628	-0.0078708948	-0.0278929197	-0.0930635714	0.0052868423	-0.0371036228	-0.1011473164	0.020516481	0.0941455988	-0.0234755249	0.149888003	0.0933242077	-0.0148118696	-0.0847187918	0.0120881837	-0.1055925159	-0.0064098203	0.0181738095	-0.0261440746	0.052973831	0.0053878169	0.006449538	0.0770086212	0.0314844685	-0.0048345182	-0.07720302	-0.0713342571	-0.0343746944	0.1123656258	-0.00178731	-0.00633581	4.01424883561e-05	3.1944770361e-06	0.0929009	0.0026037999999999	0.00863057722081	6.779774439999945e-06	0.0797308	0.0086175	7.426130625000001e-05	0.00635700046864	-0.000512476	-0.0001077219999999	2.62631650576e-07	1.1604029283999996e-08	-0.000384905	6.4115e-05	4.110733225000001e-09	1.48151859025e-07	0.000117926	0.0	1.3906541476e-08	0.0	0.0	0.0	0.0	0.0	0.0	0.0	0.0	0.0	0.0	0.0
288.3461357879688	0.2671038528741292	0.0713444682202044	83143.49402385375	369.6341109029876	0.9605408938763844	136629.3759430421	0.9226388088088436	185.073716763416	0.1429498916075147	0.0204346715106002	34252.28063662513	183.9031249041806	310.3118598836613	1.214428	25.037451	0.035443096	0.0214918	-0.0175476059	-0.1051197762	-0.0427531336	-0.0177143143	0.0476525954	0.0445297706	-0.0927785771	-0.0921226936	-0.1449541866	-0.0198292478	0.0016467092	0.1431693053	0.1520743081	-0.0273193283	-0.1043358539	-0.0594607211	0.0706843802	0.1020375811	-0.0590342583	-0.0787781641	0.0525072693	-0.0935210728	0.0756985026	-0.1419057628	-0.0646562972	-0.0378462563	0.0926220251	0.0056226158	-0.004671203	-0.1265380746	-0.1281759581	0.0168148275	0.069613827	0.0865912058	0.0533361192	-0.1043179668	-0.1100073468	-0.0003165195	0.0571728342	-0.0466830732	0.0224928554	0.0313217924	-0.1735716822	0.0667586983	0.231201802	0.0983813789	-0.1782692737	0.041963023	-0.130142549	0.0031509325	-0.0043638252	0.0639336672	0.1202577074	-0.0278488916	0.1225392764	0.0918853136	-0.0219887425	0.0748795866	0.0726995524	-0.0073004383	-0.0263241914	-0.1001177049	0.0273157591	0.0646721938	-0.0313155617	0.106798447	0.0706868365	-0.084586986	0.0970919148	-0.0664566779	-0.1081308375	0.0250065868	0.0436896632	-0.0929917175	0.139287492	0.0679254665	0.0381665697	-0.0513056245	-0.0364677088	-0.018968972	0.1024039624	0.1664566705	-0.0343735275	-0.0033966323	-0.1035136375	0.0239239361	0.1072268048	0.0759793969	0.0300373475	0.0835929833	-0.1355094518	0.0215882613	-0.108946573	-0.1230450708	-0.0525329048	-0.1920301911	0.0112520952	-0.1682367841	0.0805393945	0.1595406002	0.0324434241	-0.035685377	-0.0142549146	-0.1331301075	0.0413861529	-0.0800997212	-0.0672945636	0.0170696786	-0.0990402031	-0.0538782847	-0.0158554003	0.0240455516	-0.0701673417	-0.040535443	-0.0091389602	0.0706100257	0.0012731602	0.0732095374	-0.0451206261	0.026554147	-0.0391011468	0.1890225462	-0.062930593	-0.0809902598	0.0347303555	-0.0417445694	0.0820699671	-0.1050746244	0.0023897052	-0.0491822317	0.0132644178	0.0158960775	0.0045325372	0.113991421	-0.0263807236	0.0357677476	0.0774202214	0.0537693351	-0.1278106345	0.0079109961	-0.0734681463	-0.0292042644	0.1093706198	0.000535286	0.002322596	5.394452179216e-06	2.8653110179600004e-07	0.0963075	0.0034066	0.00927513455625	1.1604923560000066e-05	0.0724699	-0.0072609	5.272066881000001e-05	0.00525188640601	-0.000154754	0.000357722	2.3948800516e-08	1.27965029284e-07	-0.000476243	-9.1338e-05	8.342630244e-09	2.26807395049e-07	0.000117926	0.0	1.3906541476e-08	0.0	0.0	0.0	0.0	0.0	0.0	0.0	0.0	0.0	0.0	0.0
288.9296700263209	0.5835342383520583	0.3405122073291168	83480.35422151866	370.0147627684677	0.3806518654801039	136910.92466660542	0.1448958426934831	185.04198339806985	-0.031733365346156	0.0010070064761926	34240.535619891554	183.90341616806825	316.02046027826515	1.229627	25.350803	0.0406974289999999	0.0269188	0.0843771785	0.1330252235	-0.026225646	-0.0254353164	-0.0908678844	-0.0593426475	0.1106287457	-0.0734065425	-0.002812945	0.1267444027	0.0921491358	0.1446001324	0.0639989287	-0.1049013505	0.120785259	-0.0233038407	-0.0455015714	-0.0868699841	0.0110361223	-0.1547027071	-0.0550456072	-0.0760867682	0.0181326611	0.0529313398	-0.0839317085	-0.2042095982	-0.0642038618	-0.0002132605	0.0514770133	0.0101509585	0.0357673325	-0.0625182436	-0.0088625855	0.0155176097	-0.0209741337	0.1265123474	-0.092218253	-0.0511276421	0.0216806013	0.1056004354	0.187467263	0.0070515829	0.0366672887	0.0223030228	-0.0620833283	0.0577209023	-0.0672646668	-0.1085175444	0.0578866094	-0.0488806419	-0.111300205	0.0800990638	0.0402727137	0.014609391	0.1456850675	0.0432477404	0.2030668261	-0.0494915939	0.0987681903	-0.2267126045	0.0638952986	-0.0326561284	-0.0272751508	-0.1060058223	0.0080015497	-0.1217593946	0.016743837	0.057507473	-0.0464970676	0.0661807102	-0.1051568076	-0.1133616853	0.0831941034	-0.0277947326	-0.041445042	0.0746295612	0.1959542054	0.0820109246	0.0142167744	-0.0636107495	-0.014636164	-0.0425449004	0.0453431851	0.0229912303	0.0495965807	0.0380637697	-0.110669623	0.0921908353	0.0893755718	0.0103259799	0.1086410635	0.1587772179	-0.0317436938	0.0466754221	0.0151332238	0.0064059036	0.0071674818	-0.1070584785	-0.0561745648	-0.0267005048	0.0406892281	0.08388647	0.0634849658	-0.1652237935	0.0057234488	0.0282718506	-0.1788380615	-0.1789476349	0.0202244934	-0.0958984759	-0.2276110985	0.0139234826	-0.0561504469	0.0493113674	0.0808109467	-0.0642347833	-0.0122867666	-0.0646711718	0.0995987466	0.0248477401	0.0433915446	0.0274878775	-0.0772951493	-0.0301171828	-0.0968900935	0.0312988616	0.0394731361	-0.1291035465	0.1244003156	0.0626740456	-0.1011582913	0.0556596832	0.0363748621	0.1020962099	-0.0164965157	-0.0107265654	0.0664512356	0.0515108881	0.0860874432	-0.0281383205	-0.0755650422	-0.0239750208	0.1058801375	0.00113541	0.000600124	3.601488153760001e-07	1.2891558681000002e-06	0.0976619	0.0013543999999999	0.00953784671161	1.834399359999977e-06	0.0797389	0.0072689999999999	5.2838360999999965e-05	0.00635829217321	-0.000616848	-0.000462094	3.80501455104e-07	2.1353086483600002e-07	-0.000388628	8.761499999999998e-05	7.676388224999997e-09	1.5103172238400005e-07	3.81569e-05	-7.97691e-05	1.45594901761e-09	6.3631093148099994e-09	0.0	0.0	0.0	0.0	0.0	0.0	0.0	0.0	0.0	0.0
288.7341474605824	-0.1955225657384858	0.0382290737129605	83367.40790978934	370.177714046344	0.1629512778763455	137031.53997657684	0.0265531189615339	184.99973324327584	-0.0422501547940044	0.0017850755801173	34224.90130008322	183.88660555654224	317.99611850376203	1.166267	24.044529	0.015789985	0.00751452	0.0894654977	-0.0663351766	0.1103026186	-0.0008883687	0.0507807369	0.1090026874	0.0408789356	-0.0212614598	0.1106076299	0.0927020051	-0.0568302061	0.0441414533	-0.0125252731	-0.1019526416	-0.039143661	0.1029303937	0.0621974697	-0.0149463544	-0.0413223344	-0.1287659819	-0.0643516028	-0.0332616933	0.0533933191	0.0719772491	-0.1559766785	-0.1049878283	0.0509156295	-0.0601386356	0.0036318205	-0.0136435792	-0.019145651	-0.0652394498	-0.0878306713	0.1874546918	0.1074747521	-0.1769025994	0.0776071938	-0.0189565921	-0.0030484715	-0.0827171775	-0.0374792204	0.0092679273	-0.1072416732	-0.0646009663	-0.0978436844	-0.1214504482	-0.0077870273	-0.0730682527	0.0490595915	-0.0213324525	-0.0016062908	0.0480475846	-0.0322277837	0.2523289843	-0.0272346829	-0.0549381219	0.1563047637	-0.1397973035	-0.1520055662	0.0926581789	-0.0047248471	-0.1360567505	-0.1257478297	-0.0340814073	0.1982498337	0.0399650316	-0.1113323195	-0.0664477179	-0.0286877325	-0.0374443802	-0.0751114593	-0.1088119483	0.0350568073	-0.0350483686	-0.0528423959	0.1588116014	0.1126285628	-0.0016111001	0.0794667497	-0.0174860239	0.0232110892	0.0432072111	0.0067841008	0.207331939	-0.1533918901	-0.0688454048	0.1190145817	-0.0713179453	0.0048840129	-0.0259062505	-0.0993961671	0.0249132066	-0.0423996483	-0.0807748395	0.0521355167	0.1256766744	0.0778055437	0.0090512511	-0.116109155	-0.0419227012	-0.0341051271	0.063704457	-0.0941905572	-0.0461750242	-0.3134427182	0.1124535532	-0.0006517528	-0.0842338199	0.1233106611	0.0688942141	0.1159127107	-0.0183938683	-0.0291881332	0.1288236238	-0.0940398535	-0.1524245534	0.0135965268	-0.0772595034	-0.0925043087	0.086151183	-0.0078847142	-0.0624308408	-0.0106982035	-0.0452682359	0.0478304581	-0.0121330224	0.0751155541	-0.1333714488	0.0347859037	0.013668557	-0.0652701547	0.0927594621	-0.0809507613	0.0397783996	0.0066044324	0.0368009982	0.0826255017	-0.1207668515	-0.0839756015	0.0146673801	-0.0776238888	-0.0186974948	0.1019099918	-0.00114507	-0.00228048	5.2005890304e-06	1.3111853049e-06	0.101916	0.0042541	0.010386871056	1.809736681000009e-05	0.0754798	-0.0042591	1.8139932810000016e-05	0.00569720020804	-0.000599503	1.734499999999999e-05	3.59403847009e-07	3.008490249999997e-10	-0.000385816	2.81200000000004e-06	7.907344000000226e-12	1.48853985856e-07	0.000117926	7.97691e-05	1.3906541476e-08	6.3631093148099994e-09	0.0	0.0	0.0	0.0	0.0	0.0	0.0	0.0	0.0	0.0
288.5436654382189	-0.1904820223634828	0.0362834008436823	83257.4468645228	369.87321191389583	-0.3045021324481922	136806.1928915017	0.0927215486654964	185.10930710758072	0.1095738643048775	0.0120064317387037	34265.45557784863	183.95171917015907	313.4962678866124	1.147266	23.6528	0.0436776599999999	0.0228202	0.062674114	-0.0447994174	-0.1080188665	-0.0512745779	0.0025105269	-0.0344247172	-0.0499987321	-0.1361948685	-0.0025196631	-0.0116844899	-0.1291077251	0.0154466331	-0.0806027424	-0.1406812645	-0.0166097812	-0.0773887861	-0.0135498969	0.1514455571	-0.0166297268	-0.0244212779	-0.0534246436	-0.0316499873	0.1547678251	-0.0907754382	-0.1312738357	0.116743099	0.0449935246	-0.0982660008	-0.1007077129	-0.0561380184	-0.0442706696	0.0601552819	-0.048959019	-0.1347032648	0.117395392	0.0112755222	-0.0073255107	-0.119578128	-0.0109062003	-0.0079006434	-0.0267499788	0.0663657857	0.1948258736	-0.0319852186	-0.0749195873	-0.0769315008	0.0660116057	0.1541927741	-0.1646542185	-0.058622371	-0.0114768638	0.0829468858	-0.0361369875	-0.0152511398	0.1112426621	-0.1419311745	-0.0141848048	0.0247210165	0.0152719649	-0.0138896183	-0.1116606014	-0.0962463068	0.0430792875	0.0450116699	0.0760966936	0.0195749845	0.0818763931	0.0001172653	0.1075729264	-0.0925084587	-0.0157552373	-0.0498819138	-0.0026949535	-0.1447811396	0.1150422355	0.1251621333	-0.100790752	-0.0309429596	0.0812673363	0.1358429505	0.0153013526	0.0440528007	-0.0855346919	-0.0587223506	0.1254012779	-0.1416586665	0.0185068748	-0.0171425509	0.1006980772	-0.0279651947	0.0086787072	-0.0727443686	0.0274906504	0.1816838116	0.0623836565	0.0367459813	0.0455228236	0.1708393241	0.0700177067	0.1506563552	-0.002247772	0.0151077835	-0.0840599213	-0.061550328	0.0399769462	0.1293853114	-0.0997329613	0.0418061516	-0.0362264727	-0.0449114841	0.0861210184	0.1149476862	-0.0494877941	-0.0492558472	-0.1382954199	-0.0391177193	0.0045884959	0.0895977551	0.0296052833	0.0193739716	0.038140934	-0.0378447058	0.0106129519	-0.0640624574	0.0649636979	-0.1743794274	0.0834851154	-0.0046396768	0.0844127204	-0.0279095889	0.0416439331	-0.0137243192	-0.0375016348	0.1699641246	0.0500143236	0.0988355499	-0.1360411766	-0.137493018	-0.0183037763	-0.1505123259	-0.0796436494	-0.0133823145	0.0974781683	0.00408154	0.00522661	2.73174520921e-05	1.6658968771599998e-05	0.11442	0.0125039999999999	0.0130919363999999	0.0001563500159999	0.0609206	-0.0145592	0.00021197030464	0.0037113195043599	-0.000404754	0.000194749	1.63825800516e-07	3.792717300100001e-08	-0.000418824	-3.3008000000000007e-05	1.0895280640000003e-09	1.75413542976e-07	0.000117926	0.0	1.3906541476e-08	0.0	0.0	0.0	0.0	0.0	0.0	0.0	0.0	0.0	0.0	0.0
289.2006520915853	0.6569866533664026	0.4316314627015856	83637.01717019817	370.49191177007066	0.6186998561748283	137264.2566870418	0.3827895120307532	185.1220596883383	0.0127525807575921	0.0001626283159789	34270.17698325269	183.98444943360244	317.37179741943913	1.097123	22.619019	0.04817715	0.0278361	0.1248144464	0.0420892155	0.0411165234	-0.0597627678	-0.0257537775	0.0426813328	0.1248965493	-0.134786065	-0.0856235858	0.0157411273	-0.030640239	-0.0321748406	-0.0389043073	-0.0137203118	0.0453431228	0.0477326149	-0.0095506001	0.1687806441	0.1540467282	-0.0051423016	0.0673156152	0.0446859723	0.102013376	-0.0260459071	-0.1357642956	0.0160612959	0.0993335336	-0.1430712384	-0.092290423	0.1582204496	0.0671226609	-0.0239844518	-0.0281315323	0.0343011344	-0.0646084959	0.0756169983	-0.0026978185	-0.0289888335	0.2484911459	-0.0323410955	0.0923152179	-0.0293895216	-0.1367351366	0.0137718395	0.0261257173	0.0809744388	0.1303452176	0.0957120705	0.0402773127	-0.0290146408	-0.0162788127	-0.0438462892	-0.1507846949	-0.0096335473	0.0354927751	-0.0200708604	0.0156925349	-0.0198765718	0.1185693091	0.0032570442	-0.0933789017	0.0375407932	-0.0833860159	-0.0256539575	-0.015486687	-0.033722442	-0.048527924	-0.0016743709	0.2103159633	0.0402124825	0.043527607	0.0032808344	-0.099746289	-0.0822641917	0.0302691451	0.1644369101	-0.0030847196	-0.0894235204	0.1156068784	0.089308372	-0.1521364435	-0.0737400899	0.0397881739	0.0182018831	-0.0155285838	0.0736857873	-0.0821981568	-0.0405202504	0.037097134	0.2606000805	-0.0424444332	0.1424576487	-0.0125439836	-0.0646700628	-0.0500198664	-0.0291029302	-0.1482866282	0.1021942108	0.0334836827	-0.0155107972	-0.0280304071	0.0862805018	-0.0324747663	0.1166834473	-0.0011067254	0.0056112639	-0.0861746407	-0.0266026692	-0.0013937603	-0.1095729217	0.0603332933	0.0779422079	0.0356430453	0.077742957	0.0366710362	-0.010637005	0.0138933766	-0.0766215827	0.0191040101	-0.0746429353	0.0505110448	-0.0302886439	-0.0241870241	-0.0466981929	0.0184766618	-0.164417214	-0.0939511212	-0.0414957609	0.045911557	-0.053938692	-0.0545237873	-0.0139552815	-0.0174537174	0.1001343556	-0.0418613634	-0.0151167436	-0.1211114237	-0.0214711197	0.061126433	0.0491819062	-0.081623307	-0.008040184	0.0926047444	0.00368859	-0.00039295	1.544097025e-07	1.3605696188099998e-05	0.100402	-0.0140179999999999	0.010080561604	0.0001965043239999	0.0721803	0.0112597	0.00012678084409	0.00520999570809	-0.000805096	-0.000400342	6.481795692160001e-07	1.6027371696400004e-07	-0.000369036	4.978799999999999e-05	2.478844943999999e-09	1.36187569296e-07	0.000117926	0.0	1.3906541476e-08	0.0	0.0	0.0	0.0	0.0	0.0	0.0	0.0	0.0	0.0	0.0
289.0310183738176	-0.1696337177677378	0.0287755982037045	83538.92958220607	371.1075738471689	0.6156620770982499	137720.83136673193	0.3790397931769314	185.16258671220527	0.0405270238669572	0.0016424396635129	34285.18351795494	184.02028108569684	317.9141720129749	1.128322	23.262241	0.0157392599999999	0.00942426	0.0976520737	-0.1214856112	0.0290372039	0.0475384651	0.0237514036	0.0970318672	-0.0378015926	-0.0481363717	0.0582812862	0.0627626845	0.0843576422	-0.0633975367	0.0544343783	0.1215122804	-0.0930116502	0.0216900287	-0.0621455023	-0.0112225948	0.1906729571	-0.013326363	0.0254958913	-0.0020253404	0.0252166059	-0.018402955	0.0660822957	-0.0149846518	-0.044044696	0.0535633986	0.0108868882	-0.0146524301	-0.1305361337	0.0952599434	-0.068596057	0.0267154731	-0.0812535595	0.0607847385	0.0066491884	0.1728634453	-0.0517009266	0.0841615186	-0.1363383678	0.0375606295	0.0229725509	-0.0397979133	-0.0182594225	0.1444949813	-0.1415736645	0.0153250258	-0.1094511206	0.0139849435	0.0667407306	0.067629315	0.0172821563	0.0134284021	-0.0320536056	0.1015498519	-0.1430826907	-0.0449601719	0.1298229769	0.0605437071	-0.0350211369	0.0027801218	0.16885361	-0.151332384	0.0079764125	0.1103933593	-0.0082830062	0.0718904227	0.0857529074	0.1522201304	0.0570734428	-0.0279704955	-0.0057935943	-0.0313746678	-0.0125863072	-0.059479463	0.0030661683	0.0247608233	-0.0631207067	-0.0352073044	-0.0093748712	0.1012471282	-0.1165538351	0.0412477549	0.0188653875	0.080191349	-0.050804453	0.0684680714	-0.172747141	-0.0468829359	0.1027507756	-0.1504619437	-0.0006251153	-0.0136800302	-0.005329064	0.0239403707	-0.0965498576	-0.1512862506	0.0049441714	0.0941249786	0.0250986777	-0.0861576114	-0.0655009783	-0.0312815382	-0.0002155218	-0.1516895646	0.0273607936	0.1002517758	0.0185363916	-0.1283100013	0.0344432416	-0.0085958263	-0.0012942105	-0.1935066467	0.0004236009	-0.0865657533	0.0436093561	0.0193482214	-0.1269612	-0.0831524321	-0.0153541364	-0.053944318	-0.0688131749	0.0926918749	-0.0376347446	-0.0847672634	-0.1054908034	-0.0576872551	-0.0490088512	-0.0540686905	0.0130590384	0.0345478371	-0.0020997905	0.0040352923	-0.0132123662	-0.0130972453	0.0852007098	0.0164188879	0.0361816111	-0.0729895135	-0.0835618648	-0.0026818616	0.0873117978	0.0045037	0.00081511	6.644043121000006e-07	2.0283313690000003e-05	0.102144	0.0017419999999999	0.010433396736	3.034563999999977e-06	0.0801868	0.0080065	6.410404225e-05	0.00642992289424	-0.000831811	-2.6714999999999964e-05	6.91909539721e-07	7.136912249999981e-10	-0.000445834	-7.679799999999999e-05	5.897932803999999e-09	1.98767955556e-07	0.000117926	0.0	1.3906541476e-08	0.0	0.0	0.0	0.0	0.0	0.0	0.0	0.0	0.0	0.0	0.0
288.2648225758592	-0.7661957979583462	0.587056000809027	83096.6079346916	369.7224284572509	-1.3851453899180228	136694.674104327	1.918627751211152	185.2482933099586	0.0857065977533295	0.007345620898451	34316.930174252455	184.0778169062465	311.64736135785034	1.219566	25.143387	0.01400981	0.00947399	0.0059462038	-0.0193775018	-0.1730393058	0.1104319591	-0.0241801018	-0.0591467161	-0.1326803839	-0.0097094857	-0.0376019177	0.0466994297	0.0300274378	-0.1547295692	0.1333075008	0.031583631	-0.0270349005	-0.1439985322	-0.0400032117	0.0110822763	0.0391775621	-0.008065267	0.0001414858	0.1003610499	-0.1111584592	-0.0477512509	-0.0999384205	0.018240152	-0.0302609589	0.1018113561	0.0731378852	0.1544218773	-0.0505518152	-0.0945616639	0.027907154	0.0250675237	-0.1199864597	-0.0072996124	0.185606164	-0.1309548375	-0.075016103	-0.1422712532	0.0402465783	0.07470527	0.014127177	0.00760104	-0.0229086037	-0.1133256348	-0.0637611913	0.0876487487	0.0661623082	0.1117717012	0.1657317775	-0.2928805759	0.0323596453	0.0144714749	-0.0187976898	-0.0312685528	0.0004618945	-0.0664188843	0.0546606408	-0.0883615087	0.0250014886	0.0674256138	-0.0105285347	0.0354408854	0.2022949537	0.0048445761	0.1492858269	0.0495627768	0.0093058056	0.0129098547	0.013487366	-0.0300512936	-0.1205685448	0.1225329449	0.0467912745	0.0737000217	-0.0358499108	0.0505109802	-0.0881140905	-0.1131967416	-0.1272835419	-0.0110204891	0.079679689	0.0422482865	-0.0064954795	0.0778995738	-0.0572979107	-0.2446622438	0.0357873515	-0.0958358423	-0.1168400327	0.0152790504	-0.0786505547	0.0555769837	0.0445895936	0.0202770326	0.079249151	0.0254663452	0.1521392744	-0.0729263997	0.0114645853	-0.2184325175	0.1576695604	0.1737952084	-0.0759667831	0.0295552857	0.0630507326	-0.0378001226	0.0423514833	-0.0647896644	-0.0613612075	0.0400527264	0.1416385273	0.0304077436	-0.0742897934	-0.1324977762	0.0165174616	0.1516607886	0.0601679658	-0.055659487	0.0167634842	0.0611458498	-0.0673806549	0.0685209507	-0.0217540993	0.0095971812	-0.0154247577	0.0267568518	0.0750240407	-0.0253252498	-0.1433592084	0.0421898786	-0.0102755939	-0.0610215823	0.0432406177	0.1445802586	0.1541915814	-0.0386294794	-0.0097582529	-0.0590027353	-0.0854583468	0.0026818616	0.081623307	0.00524326	0.0007395599999999	5.46948993599999e-07	2.74917754276e-05	0.0944324	-0.0077115999999999	0.00891747816976	5.946877455999999e-05	0.0801844	-2.3999999999996247e-06	5.759999999998198e-12	0.00642953800336	-0.000743244	8.856700000000001e-05	5.52411643536e-07	7.844113489000002e-09	-0.000423276	2.2558e-05	5.088633639999999e-10	1.7916257217599998e-07	0.000117926	0.0	1.3906541476e-08	0.0	0.0	0.0	0.0	0.0	0.0	0.0	0.0	0.0	0.0	0.0
287.923792489106	-0.3410300867532214	0.1163015200709097	82900.11028130978	368.14117250049	-1.5812559567609128	135527.92289003552	2.5003704007918697	184.8888210324207	-0.3594722775378898	0.1292203183182776	34183.87614275849	183.7730390178084	309.8818237772138	1.191589	24.566587	0.0149467699999999	0.00893312	0.0043313122	0.119987061	0.0161594548	0.1841812866	-0.005408245	-0.0828060421	0.0657764689	0.1249339334	-0.0858644371	0.1693739635	0.0089408669	-0.1234570567	0.1044109533	-0.035581109	0.0944475464	0.0151037841	-0.0546361606	0.0814087543	0.0641830826	-0.0978232997	0.0045435204	0.0337231115	-0.0488258931	-0.0071108712	-0.0148121927	-0.14068208	0.1502641893	0.1497720432	-0.1113543322	0.0083834213	-0.0235617383	0.0340082547	-0.0542553536	-0.0213335814	0.0401516273	0.076483656	-0.0521490196	-0.1642046848	-0.0193483235	0.0740622817	-0.0178411224	0.110369285	0.1445945305	-0.1136278607	0.0663062971	0.0732376884	0.0227530564	-0.0238847901	0.2024540144	-0.0407969652	-0.1884027875	-0.0793253113	0.037948206	-0.0740991897	0.171202252	0.1688074518	0.0013394516	-0.0233936764	-0.0887129238	0.0275742198	-0.0412352057	0.0020340056	-0.0229002578	-0.0225467432	-0.1119811065	-0.0848654608	-0.0179884089	0.0438542652	0.1191248409	0.0168831853	-0.0527670593	-0.0566015873	-0.0371009034	0.0420945735	0.0005600453	0.0386970508	0.1691121781	-0.126054282	-0.1768876876	0.0655123473	-0.0276915314	-0.0028807716	-0.0773503435	0.0189155807	0.0283681192	-0.0558079138	-0.0518621591	0.0112865586	0.152570545	-0.024653766	0.0585409345	-0.0889439208	-0.0325833277	0.1183287546	0.0662224406	-0.1201356338	-0.0760631654	-0.0249851922	0.0004930029	-0.1940231159	0.0399846344	0.1439461673	0.2246551702	-0.0882755813	0.0280139913	-0.0815394481	-0.1782666307	0.046747087	0.0853713563	0.0774152442	0.015643188	0.0505778154	-0.0232402574	0.0058009451	0.0138566931	0.0770935234	-0.01394024	-0.0890536213	0.055253266	-0.0608559227	-0.0130954027	0.1026569395	-0.0313513648	0.0230893169	-0.1254615659	0.0379753852	0.0534938791	0.0207463299	0.0766640682	-0.0162472609	-0.1257399009	0.0817138978	-0.0419589185	0.0049938418	0.177654992	0.0039912532	0.1859296436	0.1275631856	-0.0691454962	-0.0832447988	-0.0873117978	0.008040184	0.0755650422	0.00732638	0.00208312	4.339388934400003e-06	5.3675843904400005e-05	0.102298	0.0078656	0.010464880804	6.186766336000001e-05	0.0801744	-9.999999999996125e-06	9.999999999992248e-11	0.00642793441536	-0.000711751	3.149299999999995e-05	5.065894860010001e-07	9.91809048999997e-10	-0.000355008	6.826799999999996e-05	4.660519823999995e-09	1.26030680064e-07	0.000117926	0.0	1.3906541476e-08	0.0	0.0	0.0	0.0	0.0	0.0	0.0	0.0	0.0	0.0	0.0
288.26715490649474	0.3433624173887324	0.1178977496750341	83097.95259788503	369.0353741949623	0.894201694472315	136187.10740721584	0.7995966703971594	185.01014490150544	0.1213238690847333	0.0147194812096895	34228.75371647604	183.8191329766224	309.4250022665722	1.146866	23.644556	0.03654311	0.0233993	-0.0304990824	-0.084328832	0.0182205394	0.2003812329	0.0862123994	0.048179374	-0.0688499339	0.0925974629	0.009720636	0.1280003644	0.0195628165	-0.0818013954	0.1129841672	0.0337629674	-0.1209386708	0.0575116328	-0.0806301087	-0.0425498821	0.1161574514	-0.184859421	-0.0012008893	0.1442773068	-0.0131415916	-0.1222287158	-0.0144035333	-0.0157956008	-0.1014680784	0.0459821205	0.1124985524	-0.2011730093	0.0497397319	-0.0841428404	-0.1433542395	0.0234974738	-0.0063701268	0.1408487896	-0.0167476232	-0.0011934497	0.0370006971	0.0258169098	0.035833334	-0.1179267256	0.1253856784	0.0112761444	-0.0248269476	-0.1025427978	0.0027040217	-0.0533582681	0.0717789243	0.0806205753	0.033938717	-0.0120484398	-0.0151790418	-0.015205696	-0.1861777433	-0.0127569337	0.0609707027	0.1578461581	-0.0912882386	0.037907951	0.1176181141	-0.0262209261	-0.0308909704	0.0895883316	-0.0481741845	0.1344194397	-0.0509082308	0.1027673738	0.0251980727	0.1389242084	-0.1187175649	-0.1428145771	-0.1433327035	0.020382518	0.0822511048	-0.0345746528	-0.0077723977	0.0955730781	-0.0078573736	-0.109247023	0.2146334756	-0.0439579694	-0.0138289576	0.139726141	0.0905526776	-0.0192998592	-0.1353266233	0.0431749423	0.0195069389	0.045502662	0.0603018855	0.0511546969	0.1550004404	0.0483631963	0.0143520336	-0.0011669617	0.1036722061	0.0044168749	-0.02154993	-0.0839289282	-0.0567755764	-0.0365793548	0.0081974997	0.0590874726	0.0032839131	-0.0061154141	0.1358482475	-0.0829948755	-0.0702155988	0.1750597901	-0.0128629276	-0.0769523372	-0.0690170864	0.0570187522	-0.0545007587	0.0396913599	-0.0049532872	0.0140758853	-0.0980148738	0.0657185458	-0.0559429997	0.0693299433	-0.0735863243	0.0414784583	-0.1378866535	0.0996585746	-0.1204015761	-0.0226224154	0.0377375577	-0.0749218674	0.0201918215	-0.0244302206	-0.0057595808	-0.0091116777	0.1602008696	0.1720952473	-0.089069632	-0.0481711287	-0.118627563	0.0680148923	-0.0891212848	0.0133823145	0.0691644489	0.00788459	0.00055821	3.115984041e-07	6.216675946810001e-05	0.0835771	-0.0187209	0.00698513164441	0.0003504720968099	0.0748332	-0.0053412	2.852841744000005e-05	0.00560000782224	-0.000512325	0.000199426	2.62476905625e-07	3.977072947600002e-08	-0.000394038	-3.902999999999996e-05	1.5233408999999964e-09	1.5526594544399997e-07	0.000117926	0.0	1.3906541476e-08	0.0	0.0	0.0	0.0	0.0	0.0	0.0	0.0	0.0	0.0	0.0
288.7608377341757	0.4936828276809706	0.2437227343470789	83382.82140894295	369.3447580962505	0.3093839012881858	136415.5503331778	0.0957183983762979	185.26849165767072	0.258346756165281	0.0667430464211231	34324.41400110841	184.1239687788543	312.5469446970722	1.160259	23.920675	0.0457117699999999	0.0277379	-0.0630970274	0.0984988872	-0.0585548294	0.0623138968	-0.0542315464	-0.1177651995	-0.0036689764	0.0867896661	0.076560512	0.0411526265	0.1084885255	0.05317574	0.0830925097	-0.0614425531	0.0377265754	-0.0780675609	-0.0487255609	-0.0373020947	0.0249751603	0.0369085529	-0.0230727305	-0.0055309261	0.1682717931	-0.0119128812	0.0406955372	0.073757965	0.0820540367	-0.0983899171	-0.0295844774	0.0514865033	0.1974163491	-0.0454540207	-0.080348923	0.052945488	-0.1713704003	-0.1295089478	0.0226752871	-0.0842722198	0.0514202807	0.0524456671	0.0489071742	-0.1261033729	-0.0070430724	-0.0339437042	-0.0427211293	0.023880882	-0.0028232907	-0.065181163	-0.0392591846	-0.0112630896	-0.0081479865	0.0518496036	0.0694921426	-0.0616709835	-0.1500374198	-0.0513732411	-0.091246807	0.0879732594	-0.047355568	0.0353662674	-0.0562040953	0.0896672446	0.0159837143	-0.0051377397	-0.1019765465	-0.045497867	0.0727833287	0.0527688954	-0.0216711336	0.0273250706	0.0408968295	-0.0099484972	0.0094343147	-0.1570390825	-0.0136538523	-0.0310859112	-0.0766740812	-0.090749794	0.1045233804	0.0585907906	-0.0158877598	-0.1881681671	0.0329674813	0.0737248132	-0.0458054677	0.1293743407	0.0960573634	-0.1328860366	0.0886665973	0.0434597927	0.0864868082	0.0967254102	0.1092302267	-0.0314971882	0.033938995	0.019361319	-0.0099545249	-0.0412996641	-0.0678660018	0.0233491699	-0.0146979162	0.0094523427	-0.0478259754	-0.0102515363	0.0876915701	0.0023259035	0.1800580223	0.0559018948	-0.0664497413	0.0774844048	0.0516706894	0.0456147478	0.0373928378	-0.047313972	0.0913427105	0.1092919594	-0.0366080946	0.0084391357	0.0970207526	0.078172377	0.0026167499	-0.0633795328	-0.0093525354	-0.0326840151	-0.1184438694	0.1211237551	0.0432430521	-0.1464420046	-0.086770532	-0.0139379388	0.0204636134	-0.1032022894	-0.1174504372	0.0391611201	0.1022584631	0.0500781122	-0.1556102244	-0.0426252138	-0.1617250839	0.0439659856	-0.0908858965	0.0186974948	0.0624505233	0.00832281	0.0004382199999999	1.9203676839999966e-07	6.92691662961e-05	0.10464	0.0210628999999999	0.0109495295999999	0.0004436457564099	0.057708	-0.0171252	0.00029327247504	0.003330213264	-0.000451872	6.045299999999997e-05	2.0418830438400002e-07	3.6545652089999966e-09	-0.000312782	8.125599999999998e-05	6.602537535999997e-09	9.7832579524e-08	0.000117926	0.0	1.3906541476e-08	0.0	0.0	0.0	0.0	0.0	0.0	0.0	0.0	0.0	0.0	0.0
288.6899795612035	-0.0708581729722368	0.0050208806769634	83341.90429904808	369.6935295827181	0.3487714864676263	136673.30581532806	0.1216415497728376	185.245745816518	-0.0227458411527265	0.000517373289745	34315.98634311799	184.13452447647168	315.89078913335726	1.153616	23.783718	0.01939668	0.0116378	-0.0883679974	-0.0324296767	0.1235020919	0.0088680073	0.0711007683	0.0453357598	0.0184927681	0.115517179	0.1457861913	-0.0273006563	0.0569319018	0.0532352655	-0.1201436631	-0.1377893814	-0.0177568934	0.0756458827	0.0219625606	-0.0876045114	-0.050982714	0.0945729702	-0.1003912604	0.0211188981	-0.0068249144	-0.0035670176	-0.0437052287	0.0901245752	0.0457776992	0.017256977	0.0442910851	-0.1410529315	-0.1812657231	0.0917580193	0.1685951055	0.0079175712	-0.0142703392	-0.16839296	0.058197527	-0.0159197907	-0.0370361672	0.0583356681	0.0398029377	-0.031325233	0.0878519604	0.1780186702	0.0042752836	-0.0940633263	0.0789011266	0.0637595463	-0.0347521692	0.0378603959	0.0471864152	-0.0575798218	-0.0420633457	-0.1013332853	0.0433228633	0.2078674015	-0.0189067407	-0.0461349195	0.0555209172	0.0100013765	-0.1075652301	0.1694121239	0.0139055733	-0.2131626935	-0.0427048466	0.0123153002	-0.0824832292	-0.0280584541	-0.1427590826	-0.0731011286	0.0995902641	-0.0374723485	-0.0132492354	0.0066688601	0.0126191773	0.0370673309	-0.0781685715	-0.0201506868	-0.0304816444	-0.0242577968	0.1251874942	0.2071421659	-0.0634702472	-0.1367487603	-0.0881734805	0.0215486462	0.1443771762	-0.0897516271	-0.0176312648	-0.0549418696	0.0886008373	0.0596601532	0.0131274085	0.0687088919	-0.1197029795	0.0033407754	0.1001753625	0.1153332191	0.0772475423	0.0244447674	0.0120598108	-0.0741327807	0.0618828489	0.0516518816	0.0608791246	-0.1972219573	-0.0557259102	-0.0296730791	0.051755193	-0.0680293158	0.0426750229	0.0738342507	0.0713731023	-0.075225952	0.2105768703	-0.0607677243	-0.004172333	-0.0232615804	-0.0799075332	0.00243298	-0.0471793342	-0.1452076693	0.1091357448	-0.0241281367	-0.0146159612	0.0661555519	0.1223489255	-0.0072561811	0.1059530071	0.1327961054	0.0116952617	-0.0408344106	-0.0641562207	0.0164288106	0.0145003733	0.02905483	-0.0507417346	0.0340153984	-0.1059756173	0.0120623089	-0.0926047444	0.0239750208	0.0554536812	0.00819208	-0.00013073	1.7090332900000203e-08	6.711017472639999e-05	0.100807	-0.003833	0.010162051249	1.4691889000000024e-05	0.0673266	0.0096185999999999	9.251746595999996e-05	0.00453287106756	-0.00047167	-1.979799999999996e-05	2.224725889e-07	3.919608039999985e-10	-0.000409271	-9.6489e-05	9.310127121000001e-09	1.67502751441e-07	0.000117926	0.0	1.3906541476e-08	0.0	0.0	0.0	0.0	0.0	0.0	0.0	0.0	0.0	0.0	0.0
288.4818570640014	-0.208122497202055	0.0433149738416193	83221.78185509495	369.3709180569186	-0.3226115257995161	136434.87510621085	0.1040781965786918	185.3089787954308	0.0632329789127936	0.0039984096221858	34339.417622205416	184.1521203154072	312.6874707575858	1.111659	22.918699	0.02996626	0.017247	-0.1361268114	-0.0084487616	-0.0898451585	-0.0692330191	-0.0037962131	-0.097465036	-0.1088513672	0.0048602919	0.0047273828	-0.1330929775	0.0033040665	-0.0428518815	-0.1671784167	-0.0314434058	-0.0212915535	-0.1074943093	-0.0125057658	-0.0844659933	-0.0087941377	0.0282889025	0.0548536093	-0.0224941269	-0.055907024	0.0579932723	-0.2098779057	0.0434383452	0.0673357463	0.0620841759	-0.0046080123	0.0281204899	0.111733789	0.2571920192	0.2014843177	0.084683665	-0.053552909	0.1043199619	0.0834400251	0.0996840408	-0.0886680365	-0.1113029895	-0.0660177019	0.0770376054	-0.0067876537	-0.015584322	0.0425611149	-0.0245943078	-0.0139727326	-0.0784475831	-0.0356259944	0.0281847759	-0.1174464245	0.031145381	0.0929079326	0.1199623803	-0.0391664961	0.1193779499	-0.0697003446	-0.0847561295	0.0130388432	-0.0570153095	0.0099047342	-0.0767129115	0.0399759377	-0.1172163432	-0.011554798	0.0013208467	0.1070054625	0.0142928201	-0.0986106951	0.0174880387	0.0193985236	0.0467830358	-0.0203750963	0.0490494989	-0.0278592048	0.2261321176	-0.0231752556	-0.0089608304	-0.0476067352	-0.001290741	-0.0205927904	-0.105242492	-0.1175204928	-0.2125510056	-0.2228620627	0.0695937597	-0.1112179371	0.0309945394	-0.1379843019	-0.0882864411	-0.0999902436	-0.1093273509	-0.0331203179	-0.0026841705	0.0145151248	-0.0016836506	0.0465742018	-0.0386349258	-0.0840947388	0.019653951	-0.0258449937	0.054485488	0.0805357879	-0.1072252341	-0.0862709309	-0.0874641626	0.0684689868	0.0885543976	0.0692139165	-0.091902189	-0.0658100652	-0.0066175036	-0.1319036194	-0.0232234475	0.0542037254	-0.1136947877	-0.006603852	0.1308198946	0.0296025828	-0.0834442385	-0.0053063413	-0.0423057085	0.0990324331	-0.0440984572	0.0648758994	0.0288448589	-0.1018627571	0.0837374782	0.134697395	0.0891439875	0.0374718502	-0.0702472943	-0.1030404931	0.011888074	0.0583062027	-0.0804828221	-0.0301652898	0.0628321804	0.021955834	0.0625325556	-0.094276963	0.0292042644	0.0482056202	0.00627742	-0.0019146599999999	3.665922915599998e-06	3.94060018564e-05	0.0951789	-0.0056280999999999	0.00905902300521	3.167550960999997e-05	0.0715302	0.0042036	1.7670252960000015e-05	0.00511656951204	-0.000762077	-0.000290407	5.80761353929e-07	8.433622564900002e-08	-0.000483262	-7.399099999999998e-05	5.4746680809999975e-09	2.33542160644e-07	0.000117926	0.0	1.3906541476e-08	0.0	0.0	0.0	0.0	0.0	0.0	0.0	0.0	0.0	0.0	0.0
288.5563672874183	0.0745102234168939	0.0055517733936354	83264.77710211146	368.9424393315917	-0.4284787253268973	136118.52353994522	0.1835940180577627	185.07744790686183	-0.2315308885689546	0.0536065523615297	34253.66172371716	183.9460291857968	314.30540636627694	1.076058	22.184727	0.02506568	0.013891	-0.0988140589	0.0729764446	0.0994086012	-0.0512968372	0.0517703755	-0.0110021118	0.0903299659	0.0610221905	-0.060169978	-0.1289253048	-0.0294355898	-0.0671059393	-0.0636272546	0.1267188917	0.0843417577	0.0680027891	0.0675092472	0.0757021183	0.0269790049	0.0038258403	-0.0365872305	0.1708440485	-0.0737799953	0.0681752764	-0.0217569192	0.0948778552	-0.0929531853	0.0339191126	-0.1550738976	0.0681866722	0.0486774395	0.0970946153	-0.0607414818	-0.0358844155	0.1502874316	0.0227058461	-0.0281543982	0.1034651408	-0.0378579938	0.0006211222	-0.0920258295	0.1626826459	-0.0728138453	-0.1699871034	0.0087382064	0.0753390079	0.0009119124	-0.0680736652	-0.1347925027	0.0451997195	-0.0215166769	0.1021627183	0.069388569	0.0168254708	-0.1043721554	0.0566992988	0.117949117	-0.0008969464	-0.1212889512	-0.051609156	-0.0440985983	0.036516824	0.1337410793	0.0752339122	0.0705628243	-0.0796240559	-0.0689119314	-0.0683731646	0.0558809809	-0.0216106601	0.0294960348	-0.0510835538	-0.1420331664	0.0970843932	-0.0651824155	-0.0129108447	-0.0833411151	0.0835554938	-0.0441574992	0.1512753008	-0.1022629711	-0.0731191054	-0.0883849867	0.0041511816	0.0362134327	-0.1274566071	0.0125676386	0.1357429474	-0.0904151247	-0.0277951795	-0.0310437773	-0.1418441546	-0.1456633433	-0.0353455878	0.1009796646	-0.0183924275	-0.0816836759	-0.0150188434	-0.1583504321	0.0947716553	-0.0823774009	-0.0102311429	-0.074910052	-0.0938369519	-0.0323953038	-0.0328115605	0.091222263	-0.0808573755	0.0822765934	0.1248579704	-0.0558155879	0.0875702576	0.0237005021	-0.1352425065	-0.0720299791	0.0114031864	-0.0120548424	-0.0772693256	-0.0006131138	-0.1689321486	-0.0545264573	0.0471121311	0.0885733923	-0.0089333594	0.0689992847	0.060197509	-0.0932733971	-0.0150870337	0.010103814	-0.0171728318	0.0093343491	-0.0105948724	-0.010973428	-0.0117088731	0.0208505533	0.0753746174	0.0252126298	-0.0456428286	0.0662506433	-0.01729816	-0.0959017104	0.0343746944	0.0407391756	0.0177793	0.01150188	0.0001322932435344	0.00031610350849	0.0964503	0.0012714	0.00930266037009	1.616457960000015e-06	0.0780232	0.0064929999999999	4.215904899999998e-05	0.00608761973824	-0.000660462	0.000101615	4.36210053444e-07	1.0325608225e-08	-0.000468889	1.437299999999998e-05	2.0658312899999937e-10	2.19856894321e-07	0.000117926	0.0	1.3906541476e-08	0.0	0.0	0.0	0.0	0.0	0.0	0.0	0.0	0.0	0.0	0.0
288.7960949161635	0.2397276287451859	0.0574693359837897	83403.18443882572	369.9240994395562	0.9816601079645012	136843.83934616664	0.963656567568876	185.27815975878613	0.2007118519242965	0.0402852475028807	34327.99648360228	184.1048863415469	313.69973848138267	1.120826	23.107691	0.03002044	0.0175623	-0.0853774695	-0.0719380355	-0.0639096903	-0.0959824266	0.0409391864	0.0067243914	-0.0990362402	-0.0600750882	-0.0925740267	-0.0804087467	0.05745376	0.0760135274	0.0485561118	-0.0079020399	-0.0878741745	-0.0766159708	0.0539664877	0.0956655195	-0.0262624872	0.0507950109	-0.0340404451	0.1200993131	-0.0837043168	-0.0005008287	-0.0267524002	-0.0592919537	0.0031721014	-0.0763718875	-0.0272575042	0.0241152994	-0.0703062245	0.1059994744	0.1579697823	0.0396184546	-0.0345879201	-0.0587907266	0.1243430892	-0.0234094007	0.1153211497	0.0237102485	-0.0349425342	-0.0865544846	-0.036146426	-0.0265196171	-0.0199904822	0.031670874	-0.0636961347	0.053380491	-0.084306373	-0.0755993454	-0.0297634021	-0.0473377765	0.2074097033	-0.0394808361	0.1146794036	-0.0096439405	-0.0508236996	0.1084343106	-0.0665289402	-0.0030056001	-0.0954732385	-0.1419700428	-0.0762731742	-0.069559233	-0.0084632898	0.0814818425	0.0807419608	-0.0708396102	0.043201871	-0.0947688628	0.0455615198	-0.0102785184	-0.1071365138	0.0924540125	0.0092684281	-0.0188502546	0.0816218345	0.0239586427	0.0519851703	0.0470992948	-0.0392940829	0.084642601	-0.0177928312	-0.1400286056	-0.1318506245	0.0347595744	0.0261189809	-0.1300468714	-0.0252493027	0.1104370963	0.0317551157	-0.0383236133	0.0216814259	-0.0873760563	0.0737875004	0.034073333	-0.0174816282	-0.0206525328	0.0732683232	0.1132215521	0.1177269502	-0.0301799441	0.1072342878	-0.1424103532	0.0568987399	0.0521045688	0.0004195272	0.0629480671	-0.0878114295	0.0503949143	0.0491258042	0.1406340395	-0.1135716745	0.0767161803	0.0083297251	-0.0138421436	-0.0081462275	0.1079352423	-0.0338715837	-0.0216748812	-0.0103216737	0.181504424	0.0229044837	-0.0661963965	0.0922295074	0.1096173117	0.02506199	-0.0308127053	0.0833479517	0.0422953491	-0.1566556777	0.0545273679	0.0502500869	0.02741511	0.0791624686	0.0959516467	-0.0033320917	-0.2222787949	0.0014581469	-0.0506354205	-0.0974781683	0.0394758984	0.0330881723	0.00894281	-0.00883649	7.808355552010002e-05	7.997385069610002e-05	0.0902747	-0.0061756	0.00814952146009	3.813803536000004e-05	0.0916744	0.0136512	0.00018635526144	0.00840419561536	-0.000683635	-2.317300000000003e-05	4.673568132250001e-07	5.369879290000013e-10	-0.000472859	-3.970000000000004e-06	1.5760900000000034e-11	2.23595633881e-07	0.000117926	0.0	1.3906541476e-08	0.0	0.0	0.0	0.0	0.0	0.0	0.0	0.0	0.0	0.0	0.0
288.9925601934424	0.1964652772788895	0.0385986051762709	83516.69984716042	369.6746555589935	-0.2494438805626941	136659.35096266048	0.0622222495501756	185.31986818796184	0.0417084291757134	0.0017395930643055	34343.45354520356	184.20407568221967	318.646598013602	1.199983	24.739647	0.03349634	0.0230961	0.0145925692	0.1286236149	0.0582206123	-0.1074466241	-0.0517227916	-0.019072198	0.1489296167	-0.0514708731	-0.124896619	0.0089304446	0.0643312306	-0.007402891	-0.0163426535	-0.0103790718	0.126137999	0.0460200681	0.0221337019	0.0840219666	0.0356526155	-0.1073256872	0.045620785	-0.0852338125	-0.0244323872	-0.0406936853	-0.0674805674	-0.0564511027	0.0373724601	-0.0440061445	0.0121805241	-0.0123542247	-0.0564151339	-0.0460077627	-0.2323787618	-0.1793809768	-0.1778269393	-0.0188930397	0.1390049379	-0.06980745	-0.0822408216	-0.0246756714	0.121254338	-0.0136266087	-0.1140801537	-0.0417959582	-0.1320955028	-0.2013562465	0.0458791219	-0.1566062265	-0.0188873966	0.1193625915	-0.0015216884	0.1729157396	0.0624474048	-0.1003687789	-0.1108333436	0.0783253125	-0.0610574277	0.0346323784	0.1150542755	0.0156693523	-0.1012562521	-0.0033346891	-0.1523154051	-0.0756735346	0.0055945789	-0.115350257	-0.055283124	-0.0146907492	0.1111050131	0.0646712244	-0.0993535487	0.0045065977	0.0604741904	0.0309192846	0.0654687483	0.0945452747	0.0408475212	-0.0314241589	0.062598017	-0.017694142	-0.0126293169	-0.0154388946	-0.08534476	0.0973454978	0.2813195305	0.0994819454	-0.0154832181	-0.2080535594	-0.0031908579	-0.1122049874	-0.0444734476	0.1482332148	-0.028601561	-0.0665753278	0.0683625844	0.1054899941	0.1459378587	0.0178453182	-0.1250209089	-0.0722335274	-0.1569782953	-0.0230615952	-0.0598422061	-0.1189361903	0.1118850586	-0.1429765485	0.1135391368	-0.0339455288	-0.0699236177	-0.0920994494	0.1124766647	0.0699639894	-0.018586884	0.1183862763	0.0788446922	-0.004117223	-0.0240239868	-0.1315406099	0.0689394184	0.0199643697	0.0638406565	0.0897089749	-0.0525152231	-0.0992476763	-0.0250104011	0.0273288892	-0.1401791226	-0.0494160166	0.1089630387	0.0868709372	-0.0160593653	0.0458485911	-0.0238773206	0.0284696256	-0.0012061566	0.04704298	-0.0807928775	-0.0568262539	0.0849068821	0.0765018072	-0.0990055431	0.0444976032	0.0252872714	0.0105324	0.00158959	2.5267963681000003e-06	0.00011093144976	0.0952315	0.0049567999999999	0.0090690385922499	2.456986623999997e-05	0.0692197	-0.0224547	0.00050421355209	0.0047913668680899	-0.000715733	-3.2097999999999936e-05	5.12273727289e-07	1.0302816039999956e-09	-0.000415052	5.7807e-05	3.341649248999999e-09	1.72268162704e-07	0.000117926	0.0	1.3906541476e-08	0.0	0.0	0.0	0.0	0.0	0.0	0.0	0.0	0.0	0.0	0.0
288.56526032539324	-0.4272998680491469	0.1825851772348183	83269.90946666196	369.9416242071147	0.2669686481212352	136856.8053209981	0.0712722590796799	185.157058813256	-0.1628093747058585	0.0265068924921126	34283.13642837554	183.990178971494	316.5783644581404	1.22017	25.15583	0.01224209	0.00583528	-0.0216378604	-0.1331460662	0.0579311698	0.0135678989	0.0853341499	0.092886326	-0.0646080876	0.0182367087	0.0042115079	0.1024247906	0.0282273854	-0.0313269461	-0.0068680584	0.1101620684	-0.1584462279	0.0749293327	-0.0359839741	-0.0581517928	0.0735924137	-0.1136394026	0.0443566415	-0.0330243026	-0.0056481316	-0.0657989826	0.0112733252	-0.0566859891	-0.0536260715	-0.043008566	-0.0664437743	0.0156676117	0.0772762064	-0.0692998592	-0.0958686339	0.0201119798	-0.0833688859	-0.0656228675	0.1004064783	0.0983602841	-0.0552251484	-0.062191323	0.0387796861	-0.0485973231	-0.0506053371	0.0318546189	0.0046287567	0.047298807	-0.0080270459	0.1637048094	-0.0787477247	0.0336308505	-0.0103732406	0.1103016749	-0.001531954	-0.06194588	0.0556933459	-0.1931772337	-0.029757796	0.1021278727	-0.0023392893	-0.0157593464	-0.0031026366	0.055327052	0.0901933348	-0.0352327501	0.0593308934	0.1731216172	-0.0581540668	0.0583055895	0.0129371789	0.1404532698	-0.0894393745	-0.0248519492	0.0189488166	-0.003155431	0.0564746584	-0.0254564219	0.0439089021	0.0497579941	0.0273996127	0.0492613053	-0.0035533582	-0.0721643656	0.0351940283	0.1083701966	0.0146768262	0.066282303	0.0400730979	-0.0917466379	-0.1301592352	-0.0430205542	-0.0744257453	0.0619258963	0.0518187912	-0.0337087069	-0.0228088157	-0.0281677894	-0.0658125904	0.0304598324	0.1169002316	0.1258782712	-0.0782450665	0.0059191511	-0.1117185566	-0.0538687327	0.0959642027	0.1376761315	-0.0164820125	0.0517178772	-0.0958984243	0.0515525285	-0.0215032066	-0.0001052064	0.0502157847	-0.0901767905	-0.0241604773	-0.0970008638	0.0298692053	0.0168821958	-0.1493639967	0.0754362637	-0.0155440869	-0.0005413115	-0.0435754169	-0.0311555556	-0.0760600362	0.0339758901	-0.1157416596	-0.0939713123	0.0071613703	-0.0144977905	0.0349348785	0.0650881076	-0.0633614608	-0.006255158	0.0372294311	0.0533618875	0.0355363994	-0.0755581855	0.0548419774	-0.0176793739	-0.1004830656	0.0494296957	0.0173718128	0.00887226	-0.00166014	2.756064819600003e-06	7.87169975076e-05	0.0986219	0.0033904	0.00972627915961	1.1494812160000012e-05	0.0715171	0.0022974	5.278046760000023e-06	0.00511469559241	-0.000689678	2.605499999999998e-05	4.75655743684e-07	6.78863024999999e-10	-0.00048688	-7.182799999999996e-05	5.159261583999995e-09	2.370521344e-07	0.000117926	0.0	1.3906541476e-08	0.0	0.0	0.0	0.0	0.0	0.0	0.0	0.0	0.0	0.0	0.0
288.4192604130546	-0.1459999123386524	0.0213159744028941	83185.66977721339	368.7943143601556	-1.1473098469591037	136009.2463043773	1.3163198849293218	185.1470080658327	-0.0100507474232927	0.0001010175237668	34279.41459572952	184.01319705366524	312.7837773195402	1.151058	23.730978	0.0252698999999999	0.0134232	-0.027654114	0.0503065897	-0.1189274905	0.0300134432	-0.0336366972	-0.1528359164	-0.0395347921	-0.0132001584	0.070440904	0.0324402869	-0.0721198686	-0.0287677917	0.0290179272	0.0712736149	0.0717980151	-0.1029973294	-0.085889109	-0.1470420749	-0.0706049511	0.0174159466	-0.0064069626	0.0510947238	0.0294434378	0.0080447084	0.0200142182	-0.0056392961	-0.0548555501	0.0083696429	-0.0171735031	-0.0002923905	-0.0505250824	0.1315465959	-0.0926742203	-0.0637164334	-0.1038536637	0.0424322252	0.0579395248	0.0291004308	0.0634888068	0.1505556595	0.082610597	0.0160619861	-0.0052477263	-0.0368407063	0.1035420056	0.004418427	-0.0748142501	0.1274727442	-0.1300754666	0.0302075547	0.0157580724	-0.1160935606	-0.0770272295	0.0195994815	0.0806564621	0.0495114487	0.0781564316	0.1191875643	0.0485133867	0.1278045934	0.0458453452	-0.0596817411	0.0028258473	0.0914941701	-0.0236398347	-0.073952298	0.0953684178	0.0971432738	-0.1221068021	0.0115735107	-0.0358061165	0.0112901572	-0.029552407	-0.0427334123	-0.0223070524	-0.0661476043	-0.0080528653	0.0555115657	-0.0004063171	0.0299952042	-0.0367044655	0.0085771922	-0.175290173	-0.0091659631	0.0728012986	0.0638224648	-0.0306409113	-0.0630898431	-0.0562354926	0.0556884445	0.1451698874	-0.0034275206	-0.0542707868	-0.0299808424	0.061407015	-0.1312172824	-0.0087937081	-0.0211098062	0.1397778195	0.1488911117	-0.0027411657	-0.024599376	0.0592659197	0.1025038811	-0.0519208747	-0.0639970839	-0.1175935303	-0.072028141	-0.1168601757	0.0378122229	0.0597560767	-0.054541898	-0.0254238868	0.0017688741	-0.0752569673	0.0770596621	0.0250945436	0.0944077398	0.084345575	0.0072118343	0.0482240735	-0.0784742257	0.0381631403	-0.0542834847	-0.061084281	0.081845542	-0.1395126373	-0.0587589673	0.0167963014	-0.011739455	-0.0212947518	0.1584233015	0.0052202329	0.0484851099	-0.0193027059	0.0922367794	0.0368869973	0.0458250648	0.0375445205	0.0126996735	-0.1019099918	0.0542622434	0.0093776556	0.00742281	-0.0014494499999999	2.100905302499999e-06	5.50981082961e-05	0.106555	0.0079330999999999	0.011353968025	6.293407560999998e-05	0.0823911999999999	0.0108740999999999	0.0001182460508099	0.0067883098374399	-0.000603633	8.604499999999998e-05	3.64372798689e-07	7.4037420249999964e-09	-0.0005011	-1.422000000000001e-05	2.0220840000000026e-10	2.5110121e-07	0.000117926	0.0	1.3906541476e-08	0.0	0.0	0.0	0.0	0.0	0.0	0.0	0.0	0.0	0.0	0.0
288.76042239105743	0.3411619780028445	0.1163914952348133	83382.5815394619	369.7875118070436	0.9931974468879616	136742.8038884444	0.9864411685047654	184.98905076176288	-0.1579573040698108	0.0249505099090026	34220.948901738084	183.86528743725816	316.1833637901178	1.143631	23.577866	0.03467049	0.0203578	0.0601078131	0.0349811769	0.0968096024	-0.0341751211	0.0374862203	0.0272972192	0.098923006	-0.0388362268	0.0025342471	-0.0670657655	-0.1409017468	-0.067832848	0.0209416391	0.0990471065	0.0643932183	0.1099852905	-0.0174813503	0.0708731547	-0.0487320418	0.0939173872	0.0019482647	0.1090444818	-0.0131965966	-0.1427710507	-0.1657966768	-0.0480203611	0.0138878757	0.0066727767	0.0348077753	-0.0049059806	-0.2517156742	-0.0205349934	-0.1805219773	0.085394118	-0.1400776743	-0.117782115	-0.1044975363	-0.0426003586	-0.1047212574	-0.0373381433	-0.0864036599	0.0658645531	0.0039145615	-0.0328810731	-0.0004453264	-0.0056785095	-0.0713671428	-0.005098679	0.0280145601	-0.0137388405	0.0120325667	0.0036383574	-0.1016745189	0.0439210773	-0.0294116621	-0.0880512785	-0.0914682883	-0.1234505135	-0.0780629281	-0.0376120053	0.0957085037	0.1217061764	0.1197013664	0.082378898	-0.0271740782	-0.0541686326	-0.1130382044	0.01017801	0.0486190905	-0.0942868605	0.0496519205	0.0364205908	-0.1366600483	9.59098e-05	0.1490972215	0.0905191604	0.0296157179	0.0341357269	-0.0129136664	-0.0618975011	-0.0296383952	0.1887117476	-0.1276642245	0.2235615107	0.0558054443	0.1863411395	0.0923686084	-0.0043834804	0.0875110684	-0.0989265133	-0.0347110758	-0.0895619205	-0.0589455047	0.0209643446	0.0028549937	0.0236135482	0.0256196048	-0.0585362819	-0.0133947596	-0.006561321	-0.0005205451	0.0111075896	-0.0651946073	0.1037411332	-0.0294674797	0.0829020975	0.0089833162	0.1268914575	0.1359234145	0.0237260336	-0.09919109	-0.0895053415	0.1133911662	-0.094007824	-0.0922475222	0.0831194736	0.0342974587	-0.0817217147	-0.0366731143	-0.1170249462	-0.0027417497	-0.0712950025	0.1115028413	-0.0651780028	0.0573273537	-0.0356415115	-0.0812764774	-0.0827555474	-0.0723525981	-0.1192267385	-0.0949968812	0.115040553	-0.0057363774	0.0314308059	-0.0078400589	0.0135581203	-0.0257833558	-0.0059010059	0.1339200013	-0.0226549407	-0.1032856033	0.0589855141	0.0013410152	0.0105657	0.00314289	9.877757552100005e-06	0.00011163401649	0.115342	0.008787	0.013303776964	7.721136900000006e-05	0.091681	0.0092898	8.630038404000182e-05	0.008405405761	-0.000859625	-0.000255992	7.38955140625e-07	6.553190406400001e-08	-0.000488076	1.3023999999999987e-05	1.696245759999997e-10	2.38218181776e-07	0.000117926	0.0	1.3906541476e-08	0.0	0.0	0.0	0.0	0.0	0.0	0.0	0.0	0.0	0.0	0.0
288.84090291947314	0.0804805284157055	0.0064771154540711	83429.06719933651	370.49679947941047	0.7092876723668837	137267.8784244865	0.5030890021716318	185.1451901906944	0.1561394289315103	0.0243795212670581	34278.7414507484	183.9766086831477	316.37867392235853	1.106131	22.804735	0.0479485	0.0263726	0.0691248181	-0.1154358093	-0.0316908726	-0.0501450101	0.0274698993	0.0642987612	-0.0753610394	-0.1066422442	-0.0552592694	0.0475715807	-0.0137940378	0.0015530295	0.021956343	0.0434582605	-0.0904043472	-0.0576180331	-0.0204544949	0.0905166276	0.057176027	-0.002163011	0.0760695605	-0.0123909233	0.1698266237	0.1391003552	0.01835003	-0.0493562869	-0.0188769949	-0.0888580958	0.2157298758	0.0051803218	-0.0783111688	0.1936866982	0.0813460246	0.0750349697	0.0539262322	0.0143655969	-0.0136998507	-0.084296107	-0.0304269082	0.0668443874	-0.0411900498	-0.0551443319	-0.1545116266	0.0425395745	0.0246236481	-0.005157621	-0.0881751165	0.0885593324	0.0540739911	0.1588103161	0.0821644163	0.0406340684	-0.0759491304	0.072138686	-0.021000436	-0.0407666279	-0.026025171	-0.1281588892	-0.1603426215	-0.0445146414	0.0244195744	0.0755128611	-0.0415911862	-0.074242522	0.0369943867	0.0911091917	0.0670750066	0.0093061825	0.1229650314	-0.0047396047	0.0211741459	0.0369749031	0.0106789368	-0.1290831125	-0.1632411071	0.0050789238	0.0254159235	0.0299487369	0.1378040756	-0.2123862307	-0.0078139897	0.0935915626	-0.1038592223	-0.1288501194	-0.1261459947	-0.0240416738	-0.0318805819	0.0112521604	0.0910457773	-0.0286153106	0.0172740148	0.0036135083	-0.0066442958	-0.1662685752	-0.0591599115	-0.0109825821	0.009711615	-0.0496975188	0.0934763494	-0.0332913016	-0.1375287197	-0.1050342546	-0.117814545	0.0372075683	-0.0970269704	0.0541472248	-0.0237936839	0.0848921552	0.169567311	0.0703366529	-0.0608564915	0.0161707792	0.0383034617	0.0519623618	0.0586659491	-0.0959830017	0.0345537292	0.0694345609	-0.0975690986	-0.1117993017	0.0276718933	0.0742459871	-0.0469519995	-0.0047768126	-0.0396171057	-0.0937864306	0.0249131952	-0.0866388092	-0.0552347871	-0.0168602454	-0.0893205922	0.0247322168	-0.041632547	0.0623569769	0.0007780492	-0.0041073038	0.0350774604	0.1177147694	0.0080180829	-0.0123590675	-0.1046092073	0.0635899959	-0.0067017003	0.0166322	0.0060664999999999	3.680242224999999e-05	0.00027663007684	0.100985	-0.0143569999999999	0.010197970225	0.0002061234489999	0.0744274999999999	-0.0172535000000001	0.00029768326225	0.0055394527562499	-0.000689678	0.000169947	4.75655743684e-07	2.888198280900001e-08	-0.000523559	-3.548300000000005e-05	1.2590432890000038e-09	2.7411402648100005e-07	0.000117926	0.0	1.3906541476e-08	0.0	0.0	0.0	0.0	0.0	0.0	0.0	0.0	0.0	0.0	0.0
288.89178306359344	0.050880144120299	0.0025887890657024	83458.46232166233	370.2776220886453	-0.2191773907651963	137105.5174196216	0.0480387286226395	185.11243076002745	-0.0327594306669425	0.0010731802976222	34266.61202188596	183.9837047884249	316.47548371271824	1.16749	24.06974	0.05924585	0.0317358	0.0943410806	0.1030680394	-0.092130668	-0.0039371634	-0.0997135298	-0.1037493228	0.0442104062	-0.0236640741	0.048419751	0.0939812322	0.0164175319	0.0361022243	0.0136817593	-0.034291741	0.0755157608	-0.0666581365	0.0006851117	-0.1036954566	0.0821233553	-0.0088418263	-0.0633492334	0.1279856889	-0.0023682082	0.1601640143	0.108232464	-0.0221861749	0.0836764039	0.0282875319	-0.0751526701	-0.109345887	0.0946719519	0.0436583892	0.0179750865	0.1294794514	-0.0317455128	0.0289693088	0.0007201475	0.0157922332	0.0129650636	-0.0433141391	0.0096038455	0.131555088	0.0214215495	-0.0498908983	-0.0057056221	-0.0278601261	-0.0449243177	0.0315463406	-0.0744267059	-0.134874036	0.0422227538	0.0615505967	-0.0773955111	-0.0668090749	0.1117793164	-0.044732008	-0.1140746862	-0.1507191422	0.0833419193	0.0243956392	0.0214586237	-0.0364431844	-0.2082343885	0.006875061	-0.0302803301	-0.0788826066	0.0645976871	0.0104261667	-0.0537166109	0.0880110407	0.0568367869	-0.0888125811	-0.0604105989	0.0203865674	-0.1856544364	-0.096433494	0.0464717544	-0.0858368709	-0.0205056564	0.0961641467	0.1179663598	-0.0833501037	-0.057207348	0.0318598122	-0.1159833694	0.0417434294	-0.0509157221	0.0160242833	-0.0108150928	0.0097246976	-0.0267398425	-0.0510983449	-0.1124327424	0.0733873564	0.0611352138	0.0196607039	0.0181073372	0.0133921117	0.0235736841	0.0788085598	0.090218255	0.0330531313	-0.0907676635	0.0105219031	0.0897933484	0.0289932209	-0.1169957161	0.0982389304	0.0816692918	-0.1565106052	0.0786459399	-0.0610411899	0.0163452746	0.1960728417	0.0245446198	-0.0105244202	-0.0072521464	0.0091940187	0.102053798	-0.0470819623	0.0882754328	-0.0434685175	-0.0310586952	0.0958243074	-0.0672781074	0.055041318	0.0787772676	-0.1642475833	-0.0158506171	0.0065163128	-0.0720894719	-0.0033573653	-0.0647452692	-0.0066945099	-0.0171643282	-0.015850316	-0.0353017226	0.0038104918	-0.0619029457	-0.0575052965	-0.1058801375	0.0680664159	-0.0147140554	0.0109203	-0.0057118999999999	3.262580160999999e-05	0.00011925295209	0.0977819	-0.0032031	0.00956129996761	1.0259849610000005e-05	0.0565324	-0.0178950999999999	0.0003202346040099	0.0031959122497599	-0.000439678	0.00025	1.93316743684e-07	6.25e-08	-0.000124844	0.000398715	1.5897365122500004e-07	1.5586024336000003e-08	0.000117926	0.0	1.3906541476e-08	0.0	0.0	0.0	0.0	0.0	0.0	0.0	0.0	0.0	0.0	0.0
288.5892566663243	-0.3025263972691618	0.0915222210446587	83283.75906322159	369.7110438740369	-0.5665782146083984	136686.25596243	0.3210108732688403	184.9392856496788	-0.1731451103486563	0.0299792292376483	34202.53937661349	183.79737258838816	316.531524265845	1.132298	23.3442	0.04555045	0.0289294	0.0844741796	0.0384073317	0.1023246536	0.0019088354	0.0424772471	0.0427881953	0.1187855331	0.0221925972	-0.0130073414	-0.0427527527	-0.0986176131	0.0412125407	0.0357709417	0.0719569234	0.0604866924	0.1263942653	-0.0469606018	0.0612565983	-0.0228383131	0.0334907565	-0.0873846859	0.1401319902	-0.0468148954	-0.0245605398	0.0350601679	-0.1950888489	-0.0431537336	-0.0573572787	0.0210631548	0.0461968575	0.0144411515	-0.0311687757	0.2188911372	0.1065771075	-0.0459970881	-0.0300473504	0.0827176113	0.0416426628	0.0141427318	0.0935768369	-0.0621188405	-0.1198800611	0.0537033324	-0.1037333133	0.1847239776	0.0639953142	-0.0417047056	0.1108362445	-0.0084917432	-0.0715952982	-0.0648381925	0.0044771266	-0.0119809709	0.0211838599	-0.1051727867	-0.0984509866	-0.0769904381	-0.0210180064	0.0358743638	0.0819932524	0.0323372055	-0.0454219324	-0.1629254113	0.0071044903	0.0893843345	-0.0536561358	-0.1278339211	0.0293201505	0.0283985734	-0.1156412245	0.0542376847	-0.0806874167	-0.1168615683	0.0394290156	0.020266628	-0.086966244	0.2012784202	0.0572770381	0.0359958475	-0.0218609407	-0.0246879556	0.0376456322	0.1348598716	-0.0739695775	-0.1789890059	0.0520409267	-0.000302432	-0.0312113451	-0.0735085614	0.0219964659	0.1042634174	-0.0934252669	0.1230017847	-0.0369819666	0.1108638633	-0.1648766069	-0.0402043482	-0.0291227458	0.0772193938	0.0420664422	0.0131360801	0.117223977	-0.0671174049	0.0564558148	0.0168623302	0.0532231874	0.1255973973	0.0609202967	-0.013838211	-0.0583101375	0.0497240046	-0.055201542	0.019981185	0.1562543906	-0.0067707067	-0.0636325124	-0.0044591143	-0.1105492903	-0.0091910189	-0.0672083307	0.0051362654	0.0004281662	0.0648927511	0.0755722779	0.1308524294	-0.0077298519	-0.0105678596	-0.0740233304	-0.0448949276	-0.1927144198	-0.0042783496	0.0539510942	-0.0232603254	-0.0530532825	0.0219948836	0.0305197918	-0.0791283635	0.0304131313	-0.029409347	-0.16789852	-0.1070977539	0.0724057592	-0.0226597522	0.0108901	-3.020000000000106e-05	9.12040000000064e-10	0.00011859427801	0.119868	0.0220860999999999	0.014368337424	0.0004877958132099	0.0565611	2.8700000000006495e-05	8.23690000000373e-10	0.00319915803321	-0.000689678	-0.00025	4.75655743684e-07	6.25e-08	-0.000342953	-0.000218109	4.7571535881e-08	1.1761676020900001e-07	0.000117926	0.0	1.3906541476e-08	0.0	0.0	0.0	0.0	0.0	0.0	0.0	0.0	0.0	0.0	0.0
289.1366959174766	0.5474392511522979	0.2996897337021886	83600.02892607532	370.9861189398951	1.275075065858232	137630.700446086	1.6258164235733743	185.25070162853564	0.3114159788568429	0.0969799118873656	34317.822453864734	184.08869622578555	313.7321002891684	1.132973	23.358128	0.0317801	0.0240219	0.0737767388	-0.1043989895	-0.0520636604	-0.0485469304	-0.0033799405	0.0778442651	-0.056064222	-0.1195662448	-0.084181318	-0.0447613686	-0.0125597253	0.106682581	0.1296777317	-0.0365012273	-0.0586280794	-0.0340287631	0.0810182587	0.1477468208	0.0433685256	-0.1011922578	-0.074825559	-0.0498424265	0.0039902382	0.0995014946	0.0215823563	-0.1531127737	-0.1059029503	-0.0440137327	0.0721004061	-0.0421865306	0.1424640311	-0.155842953	0.0970853616	-0.0647433805	0.031277422	0.1205335233	-0.1350114981	-0.0141981291	-0.0622314067	-0.0430584748	-0.0126355512	-0.0872700104	0.025364784	0.0900734769	0.106585522	0.1276109338	0.018722627	0.0204929275	-0.05781458	0.0440034972	-0.0134044161	0.0028689833	-0.111483758	-0.0118985717	-0.0559784088	-0.0247103713	-0.0242064291	0.0645751304	0.0330672539	0.2198559642	0.0903673067	0.0090742817	-0.0720350031	-0.0461762292	0.0742245464	0.0654839864	0.0461035801	-0.0965267809	0.1197316382	-0.0509078217	-0.0244534509	-0.1241338385	0.076079529	0.0091856378	-0.0673271902	0.0075122007	0.1517147578	0.0923358032	0.0611821738	-0.0527937443	0.0782610097	-0.0984600155	0.2061467871	-0.0592731096	0.0747318262	-0.0330976994	-0.0808494501	0.1630706833	0.0472329464	-0.048299053	-0.0208836481	-0.0041030118	0.1205669536	0.0238584884	-0.1019898441	-0.1120898012	-0.0906824603	-0.0297683887	0.0173049607	0.0841918361	-0.0533447668	0.0260058364	-0.0341266088	0.1080783029	0.0102649822	-0.0555234675	0.0275281707	-0.00415382	-0.1134777408	0.027966446	0.1533588287	-0.180393583	0.0715714212	0.0548387728	0.0079239505	-0.0681298296	-0.013046971	0.0597755165	-0.0444661102	0.0110779653	0.0324530353	0.1677246152	-0.0558279619	0.0238655876	0.0960460128	-0.0494288448	0.1135641847	-0.0275501837	0.0201189208	-0.0596139101	-0.1006628803	-0.0274677215	0.0842962414	0.0765440866	0.0395339316	-0.005482324	-0.1538239511	0.1258725588	-0.0029016232	-0.209348727	-0.1082614433	0.0765992869	-0.0305027946	0.0133362	0.0024460999999999	5.983405209999999e-06	0.0001778542304399	0.0967529	-0.0231151	0.00936112365841	0.0005343078480099	0.0565635	2.3999999999996247e-06	5.759999999998198e-12	0.00319942953225	-0.000689678	0.0	4.75655743684e-07	0.0	-0.000467283	-0.0001243299999999	1.5457948899999994e-08	2.1835340208900003e-07	0.000117926	0.0	1.3906541476e-08	0.0	0.0	0.0	0.0	0.0	0.0	0.0	0.0	0.0	0.0	0.0
289.98867837947506	0.8519824619984888	0.7258741155530064	84093.43358827462	371.98653514697713	1.0004162070820255	138373.98233065326	1.000832587392387	185.49040215549687	0.2397005269612862	0.0574563426255182	34406.689291807976	184.35591465014417	321.6692980943233	1.170304	24.127766	0.096698315	0.0555435	0.158863181	0.0892756848	0.0186692315	-0.1000697662	-0.1282056139	0.0878851239	0.1580474512	-0.1386950981	-0.062164821	0.0284647246	0.1329693257	0.0678458455	0.026281677	-0.0815534502	0.1083691775	-0.0194843641	0.0815493104	0.0745687374	-0.0250747731	0.0153772816	0.1079668116	-0.1386742699	-0.1368240186	-0.042592051	0.0280960017	0.010630079	0.0622367835	-0.0928427891	0.071199384	0.0819802868	0.0768333513	-0.0720027317	0.0310319482	0.0002282124	0.1870299723	0.1366741739	-0.1211599657	0.092232108	0.0018615004	-0.0119387745	0.0564055189	0.0388278589	0.0336617282	0.0422237525	-0.0056249342	-0.0486925714	0.0521400591	0.021636945	-0.0309321265	0.030546404	0.1090782928	0.1080335249	0.0617277155	-0.0552690041	0.1627477251	0.0569845128	-0.0981590816	-0.0376743658	-0.0268876422	-0.0700052139	-0.0052623607	-0.0338119632	-0.1839727959	-0.015047824	0.0145759714	-0.1079679715	0.0065063081	-0.0766028368	0.0646120846	0.0261348521	-0.0474811597	0.1418443405	0.1023127624	0.1237301894	0.0868959761	0.0189307006	-0.0004032961	-0.0837281269	0.1026042442	-0.0467965661	-0.0535252567	-0.0445260988	0.1159150145	-0.0140823854	0.0008927608	-0.1393260799	-0.0772024892	0.2023587686	-0.0318957101	0.0349411492	-0.0268311857	0.0509566567	-0.0465112544	0.0434807304	-0.0256268408	-0.0031838316	0.0411565956	0.0810878753	0.0238745637	-0.0167430273	0.0362167497	-0.1319425358	-0.0683585135	-0.1355562035	0.0753596237	-0.0627014014	-0.1218854173	0.1083187253	0.006866704	-0.0294121486	-0.0254468234	0.0265670075	-0.0148499162	0.1784186297	-0.0016990499	-0.0155669552	-0.0556053198	-0.1394113405	0.0792375427	0.0837994927	0.108656435	0.0950019435	-0.1492652767	0.0903806302	0.0598460208	-0.0955391075	0.0160937525	0.0671891676	0.0366476971	0.0801132637	0.081007753	-0.093954419	0.1049565972	0.0233864886	-0.0576932958	0.0167517162	-0.0808007062	-0.0110583096	-0.0974697843	0.0208842423	-0.1093706198	0.0806385538	-0.0382076517	0.018884	0.0055478	3.0778084840000025e-05	0.000356605456	0.0989599	0.002207	0.00979306180801	4.870849000000002e-06	0.0155328	-0.0410307	0.00168351834249	0.0002412678758399	-0.000197265	0.000492413	3.8913480225e-08	2.4247056256900005e-07	-0.000861103	-0.00039382	1.5509419240000001e-07	7.41498376609e-07	4.59027e-05	-7.202329999999999e-05	2.1070578672899998e-09	5.1873557428899985e-09	0.0	0.0	0.0	0.0	0.0	0.0	0.0	0.0	0.0	0.0
289.56365886324954	-0.4250195162255181	0.1806415891725734	83847.11253427235	372.114469269815	0.1279341228378712	138469.1782399561	0.0163671397862955	185.3981298828125	-0.0922722726844256	0.0085141723063489	34372.46656404421	184.3046336512995	322.2868003817055	1.234101	25.443047	0.037597785	0.023857	0.1453449248	-0.1471416314	0.0746674879	-0.0252992567	-0.0136834548	0.1783185505	0.0069165241	-0.0455886955	0.0899684597	0.0750917768	0.0608269785	0.0202535702	-0.0367061004	0.0700724284	-0.1389916867	0.0998711523	0.0183507722	-0.0781942653	0.0186600477	0.0804018155	0.1032228568	-0.1619062957	-0.0894635168	0.1396506534	0.1234592323	0.0617837164	0.0555617517	0.000643571	0.0232352366	0.0018530764	-0.0979164761	0.0601879441	-0.0970097928	0.1511646839	-0.0650447048	0.0045761211	-0.1730034443	0.0232576001	0.0379798489	-0.0599293939	-0.1198389118	-0.0672126031	0.0384707508	-0.0042737352	-0.0272820279	-0.0258539637	0.0604641528	0.0432079151	-0.0484111587	0.0615328137	0.1435885464	-0.0560822825	0.0525383308	0.112128919	-0.0076923664	0.0213315644	0.0270772589	0.0149998163	0.0540623482	0.1221708958	0.0127166571	-0.1266472154	-0.0063640258	0.1056746252	-0.073705434	0.1499103449	-0.0939244009	-0.0126580908	-0.0580957344	0.078979198	0.0473034331	0.1686635232	0.1841572958	0.0816800685	-0.1230429478	-0.0581653224	-0.05285994	-0.069713677	0.0018222323	-0.031515813	-0.0046562406	0.0964278263	-0.0922674788	0.1067728012	-0.0893535276	0.110999719	0.0022206694	0.1230746907	0.0544451252	0.0652868299	-0.0354118596	-0.1040684744	0.0956663581	0.0190212024	-0.037266131	0.0285147865	-0.0250112122	0.0896021239	0.0160816866	0.0223273857	0.0064929065	-0.1522454475	-0.0013736408	0.0088225294	-0.1441938499	-0.0247683889	0.028996278	-0.0340703422	-0.0655281631	-0.0174673387	0.1160247115	-0.0539093972	-0.0492140923	0.0184938542	-0.0890983845	0.1352833007	-0.0091727808	-0.0572364616	-0.1419787316	0.1893151351	0.0471035396	-0.0131009804	-0.132853177	0.0878716423	0.0498501603	-0.0476063486	-0.0233676013	0.0044757278	-0.0377476758	0.0299040853	0.0747821393	-0.0249121246	0.0274197222	-0.1590462889	-0.0105892459	-0.1415177719	0.0209227704	0.0827128481	0.055327873	-0.0655776328	-0.1104247249	0.0845154255	-0.0457394187	0.0219479	0.0030638999999999	9.387483209999987e-06	0.00048171031441	0.101387	0.0024271	0.010279323769	5.890814410000008e-06	0.0279548	0.0124219999999999	0.0001543060839999	0.0007814708430399	-0.000539743	-0.000342478	2.91322506049e-07	1.17291180484e-07	-0.0008615829999999	-4.799999999000049e-07	2.3039999990400465e-13	7.423252658888277e-07	-4.835e-06	-5.07377e-05	2.3377225e-11	2.5743142012899994e-09	0.0	0.0	0.0	0.0	0.0	0.0	0.0	0.0	0.0	0.0
288.85865955363744	-0.7049993096121057	0.4970240265535456	83439.32519912421	370.87129561415	-1.243173655665032	137545.51791051822	1.54548073813956	185.3441764482245	-0.0539534345880099	0.0029109731038426	34352.46374327057	184.1966777222981	315.7132128730533	1.251518	25.802128	0.033213375	0.0199374	0.0814334661	-0.0156252445	-0.1609733724	0.0144827819	-0.1028423597	-0.0727574376	-0.0649666384	-0.0980429855	0.077690879	-0.0314812228	-0.0776751742	-0.1075781124	-0.0417132673	-0.0229372955	3.3546e-06	-0.1376545946	-0.0128930417	-0.0478048161	-0.1584352976	0.080032182	0.033260367	-0.0902364454	0.0276161763	-0.0186009027	0.0809866722	0.0558004196	-0.1189028674	0.0530713632	0.0619702	0.1098394601	0.0161022807	0.0315137501	0.0262066989	-0.1121437657	-0.046602768	0.0952821516	0.217238256	0.0731987633	0.0533378463	-0.0019076925	0.0739953109	0.0955266336	-0.0575723214	0.0613912163	-0.0982339599	-0.0026453654	0.1103091616	-0.0006874458	0.0081401261	-0.0323348845	0.0259995312	0.0090192308	-0.143314013	-0.0463690434	-0.1369403744	0.0137043341	0.118876321	-0.0736797462	-0.0531844727	0.102378578	0.0138055162	-0.0025399677	-0.0636900403	-0.0806868962	-0.0312908649	-0.0209601227	0.1284152801	0.0151940909	-0.1268444394	-0.0897450689	-0.0194763808	0.1046505425	0.0928883401	-0.0362805976	0.0212797024	-0.0772766153	-0.0875595083	0.0789049392	-0.0220934474	-0.0677272097	-0.1021552945	-0.0600059429	0.0234254638	-0.1128669774	0.0851809404	-0.028453258	-0.1358556052	-0.1599043817	-0.1519696532	0.0194142924	0.018439738	0.0675599878	-0.1020928305	0.0151240151	-0.0573303636	0.0957082753	-0.0418432049	0.0653911787	-0.0540977134	-0.0089021184	-0.0103342176	0.0523943756	-0.0773098425	0.0944165171	-0.0033824005	-0.0274842296	0.0387604293	-0.123148328	0.1199701158	0.0707832922	0.0965421296	-0.0831979582	-0.0177390783	0.0676818534	0.0502147274	-0.0440219001	0.0068592641	0.1048207792	0.0724442682	0.1168003538	0.1126245353	-0.1008902881	-0.0204221428	-0.0143712953	0.0576587894	-0.0610967596	-0.0185786017	0.0909161923	0.0387738598	0.0112066121	-0.0782119024	-0.0085531195	-0.0299846965	-0.066315965	0.020066841	-0.096594996	-0.0530030758	0.0584150469	0.0627470387	0.0603680363	-0.1114232278	0.0882220943	-0.0530639746	0.0188885	-0.0030594	9.359928360000002e-06	0.0003567754322499	0.105296	0.0039089999999999	0.011087247616	1.5280280999999968e-05	0.0445991	0.0166443	0.00027703272249	0.00198907972081	-0.000673122	-0.0001333789999999	4.5309322688400005e-07	1.7789957640999997e-08	-0.0008915839999999	-3.0000999999999983e-05	9.000600009999991e-10	7.949220290558217e-07	2.37985e-05	2.86335e-05	5.6636860225e-10	8.198773222499998e-10	0.0	0.0	0.0	0.0	0.0	0.0	0.0	0.0	0.0	0.0
288.7686170747243	-0.0900424789131193	0.0081076480088195	83387.31420724877	369.847604241186	-1.023691372963981	136787.2503629449	1.0479440270808804	185.1331038380818	-0.2110726101426792	0.0445516467524434	34274.266136721984	184.0046533864821	315.5324347863986	1.179769	24.322903	0.0272800099999999	0.0156653	0.0978066671	0.0849925714	0.0531132566	0.0536354602	-0.0206151658	0.0179193716	0.1152401042	-0.0090301998	-0.0628331404	0.0775676866	-0.0386310184	-0.1735781351	-0.0859447811	0.0107518798	0.0712935714	0.1026653869	0.0189976554	0.0477109139	0.0725744302	0.0329515081	0.0587379407	-0.0453165569	0.0443815623	0.0007785379	0.097871986	0.039156554	0.0935360359	0.0765573077	0.0927936204	-0.0311842581	0.0804578054	-0.0167593545	0.0486286225	0.0185754996	0.0703695787	0.0919614314	-0.0430140456	-0.0771304706	-0.0487086072	-0.0426871437	-0.0281457753	-0.0807596122	-0.0844682654	-0.0709361665	-0.0203926187	-0.0286078223	0.1497801533	-0.1455744234	0.0758196473	0.0603423297	0.0696954226	-0.0699543037	0.0927950035	0.0392568646	0.0177749241	0.0215648934	0.0203990547	-0.0607235417	0.2533461295	0.0938083689	-0.0830265033	-0.0064389799	0.0192347453	0.056519246	0.2237908651	-0.0609626302	-0.1045014489	-0.0179371126	0.0868093367	0.0539045992	0.0435457493	0.0592540511	0.0271520489	-0.0390634443	-0.013945843	-0.0369534021	-0.0418793548	-0.1204660987	-0.0522999653	-0.1008392395	0.063983351	-0.0696219426	0.0391084812	-0.0358321445	-0.0301839756	-0.0640704003	-0.0748897806	0.0676057909	0.0817960257	-0.0504162463	-0.0616894203	0.0180074146	0.0361708343	-0.1031512923	0.0386105473	0.0183913728	-0.0243488607	0.0758825542	-0.1347696751	-0.1473104207	-0.023123202	-0.086771844	0.0889116168	-0.018688816	-0.0392119372	-0.0409898745	0.042012885	-0.0896746956	-0.1003235115	-0.2466587585	0.1295185055	0.0310338256	0.1270190284	-0.01857623	-0.1644829481	-0.1185999697	0.0186535315	-0.1146046425	0.0278035406	-0.0547140453	0.0473327016	-0.0455170314	0.0165574762	-0.0063240337	-0.0648223917	-0.1569329567	-0.0737237616	0.087293781	0.0011383231	0.0017986471	-0.0344102461	-0.0470733435	-0.0536455643	9.01221e-05	0.0571256561	-0.0413484872	-0.117875571	0.0109982832	-0.0191771603	-0.0138795653	-0.1123656258	0.0917510955	-0.0601481375	0.0188889	4.000000000010939e-07	1.6000000000087514e-13	0.00035679054321	0.108221	0.0029249999999999	0.011711784841	8.555624999999983e-06	0.0530597	0.0084605999999999	7.158175235999998e-05	0.00281533176409	-0.000613096	6.002599999999992e-05	3.7588670521600004e-07	3.6031206759999903e-09	-0.000637415	0.0002541689999999	6.460188056094917e-08	4.0629788222500003e-07	2.74837e-05	3.6852e-06	7.5535376569e-10	1.358069904e-11	0.0	0.0	0.0	0.0	0.0	0.0	0.0	0.0	0.0	0.0
288.97825613493177	0.2096390602074507	0.0439485355646631	83508.43251878623	370.8010647522593	0.953460511073331	137493.42962140922	0.9090869461762174	185.23982966227703	0.1067258241952231	0.0113904015501496	34313.79449330941	184.07073419760755	316.58091861901323	1.074802	22.158831	0.0127405614999999	0.00720222	0.045858305	-0.0930682418	0.0219778087	0.0498051575	0.0404297872	0.0779717213	-0.0379918987	-0.009799538	0.0333011822	0.0838818484	0.0394141704	-0.0395379898	-0.0561339483	0.13653673	-0.1024999693	0.0651268834	-0.0529352036	-0.0250078953	0.1473214458	0.042148704	-0.0766306359	-0.0601823885	0.0364696443	0.0394668223	-0.0475214612	0.0743374183	-0.1207382637	0.058218294	-0.0671427528	0.1816267884	0.0758279037	0.098248865	-0.0447195329	-0.0059920938	0.0974921508	-0.0323394866	0.0034763225	-0.1138983088	0.0092969488	-0.0017435704	0.0600325794	0.0391364025	0.1270824453	-0.0528991111	0.0414465603	-0.0991780573	-0.0786463542	-0.011169559	0.0961472477	-0.0832579847	0.0532724215	0.0935544295	-0.0312971706	-0.1336307467	-0.0926512487	0.0172575817	-0.0771789297	0.0940996002	0.0717892056	-0.1161797831	0.1387839936	0.0508190853	-0.0618750084	-0.0476522406	-0.076111396	0.1177985761	-0.0548694052	0.063828158	0.0378181832	0.1091493055	0.1042833434	-0.061672896	0.0539618096	-0.0306297013	-0.028866258	0.0366125714	-0.0900730591	0.1283118145	-0.0443256805	0.0494967062	-0.1916206679	-0.0972625457	-0.0598538128	0.0006596621	-0.0456726392	-0.1327934675	0.0287181989	-0.036069743	0.102445963	-0.0069479091	0.0205235337	0.0102715513	-0.0050326697	0.1219293577	0.0784899899	-0.0246760023	0.1158649474	-0.0409628008	0.0424438448	-0.1181378914	0.0679948749	0.0421986822	-0.102528794	0.0327671483	0.1706524524	-0.086480497	0.0519819513	0.0096949563	-0.0514663886	-0.0178551028	-0.1320085143	-0.0580560223	-0.0330510126	0.0652827471	0.1061773992	-0.0140230473	0.0288031249	0.0154408112	-0.1041359704	-0.0545315253	-0.0034130119	-0.0110694917	-0.0389935383	0.1165031039	-0.1037193885	-0.0780047413	-0.0341331154	0.0244966616	-0.0580711856	-0.0595426301	0.0627506024	-0.0863381091	-0.0129661051	-0.0427941444	0.0135620156	-0.0388410656	-0.0970034658	0.0461918626	-0.0447938121	0.0648414428	-0.1132514443	0.0950953223	-0.0669598143	0.018896	7.099999999999468e-06	5.0409999999992436e-11	0.000357058816	0.108592	0.0003709999999999	0.0117922224639999	1.3764099999999728e-07	0.0470533	-0.0060064	3.6076840960000027e-05	0.00221401304089	-0.000634007	-2.0910999999999976e-05	4.01964876049e-07	4.37269920999999e-10	-0.000709851	-7.243599999999994e-05	5.246974095999992e-09	5.038884422009999e-07	-6.29053e-06	-3.377423e-05	3.95707676809e-11	1.1406986120929e-09	0.0	0.0	0.0	0.0	0.0	0.0	0.0	0.0	0.0	0.0
288.95611536502366	-0.0221407699081055	0.0004902136921236	83495.63660684487	370.3591787699357	-0.4418859823236403	137165.92129914116	0.1952632213741285	185.32121143019344	0.0813817679164117	0.0066229921492007	34343.95140595446	184.18171446379893	316.8290903338297	1.125927	23.212864	0.0267271664999999	0.0136507	-0.0390599966	0.079103814	-0.0847924573	-0.0112993124	-0.0830084577	-0.0915042607	-0.0139253765	0.0514997149	0.0680836316	-0.0225007051	0.1420681226	0.1102666162	-0.0004193442	0.1348766573	0.0167961283	-0.0945129008	-0.0135702527	-0.099240549	0.0600823395	0.0146812776	-0.0830341563	0.0098703222	-0.0867232841	0.0917633735	0.0221955904	0.1026365706	-0.0396433458	-0.1279118461	0.1034450269	0.0347814234	-0.0558863805	-0.0936385487	-0.0431871373	0.05293515	-0.0131494308	0.0152626978	-0.0216311442	0.1036095119	0.0507333275	-0.0442177462	0.0241899182	-0.0770173748	0.012854866	0.071415517	0.0089425568	-0.0399554221	0.025460532	-0.0256824838	-0.0270354869	-0.188212454	-0.0731502283	-0.0368492397	0.0533428038	0.0610448422	0.1173330419	0.0240307716	-0.0353738231	0.0247643817	-0.0072657847	0.0403071204	-0.0515070418	-0.000632684	0.0099360819	0.141877302	-0.0190626505	-0.0327049679	0.0913836063	0.027334528	-0.0789244754	0.0691704428	0.0717477017	-0.0688026121	0.0316450748	0.1029697854	-0.0784351975	-0.0194614447	-0.1056953622	0.0137898641	0.1504695334	-0.0589896992	-0.0160376945	0.0627305225	0.0779673337	0.100644127	0.0023495734	0.0284654917	-0.0042022041	0.03290714	-0.0767492641	0.0777272674	-0.0280584318	0.0241942093	0.0502908312	-0.0041778041	-0.0377284063	0.0073190273	0.0464126657	0.033212858	0.0015812298	0.057360881	0.1780706707	0.1064698559	0.0819819223	-0.0522393228	-0.0230636127	0.0169069159	-0.0554840315	0.055524975	-0.0705289507	-0.0261998664	0.0468836884	0.0349500839	0.0287457931	0.0038593264	-0.0851278764	0.134372724	-0.0024234165	0.0467189926	0.0963803024	-0.0918646091	-0.0015807096	-0.0113745933	0.0007544801	0.1548937523	-0.0508898613	0.1033495609	0.0213463945	-0.0336419936	-0.1010098787	0.0184758616	-0.0077483684	-0.0970289691	0.0522464576	-0.1370581535	-0.03972875	-0.0490359091	-0.0103552636	-0.1084139415	-0.0279409284	-0.0117770339	-0.1140802373	0.0982480398	-0.0734681463	0.0189003	4.299999999998749e-06	1.848999999998924e-11	0.0003572213400899	0.0981778	-0.0104141999999999	0.0096388804128399	0.0001084555616399	0.0530507	0.0059974	3.596880676e-05	0.00281437677049	-0.000539743	9.426400000000004e-05	2.91322506049e-07	8.885701696000008e-09	-0.000637416	7.243499999999993e-05	5.246829224999989e-09	4.0629915705600004e-07	3.32358e-05	3.952633e-05	1.1046184016399999e-09	1.5623307632688995e-09	0.0	0.0	0.0	0.0	0.0	0.0	0.0	0.0	0.0	0.0
288.5027983515079	-0.4533170135157434	0.2054963147428326	83233.86465665084	369.5631938582485	-0.7959849116871851	136576.95425470936	0.6335919796336559	185.2855513404938	-0.0356600896996326	0.0012716419973858	34330.73553555077	184.1579480085328	316.65893044574995	1.156608	23.845407	0.033369365	0.0168969	-0.0799500979	0.0567638024	0.1332382955	-0.0092619415	0.0521450207	0.0280386209	0.093470245	0.1239180224	0.0255084229	-0.1605669013	0.0127898956	0.0313014476	0.0858362385	0.0596325956	0.023813763	0.108895252	0.0497412094	0.0374259253	-0.0749109432	0.0364183555	-0.0652053053	-0.019014011	-0.140854557	0.0533013718	-0.0663377583	0.0105779466	-0.071127949	-0.0723795562	0.0026683262	-0.0741152642	0.078052808	-0.007253639	0.0217233798	-0.2090133691	-0.050484069	0.0167566941	-0.0051112943	-0.0213453751	0.0512751673	-0.0918927552	-0.1403142419	-0.1476487474	-0.1448196723	-0.0879701589	-0.0712265462	0.1205723646	-0.0756012751	0.0847725064	0.1269340731	-0.0489125341	0.0991364684	-0.0495971972	0.1493414811	-0.1012005577	-0.1035883599	-0.023842594	-0.0643910285	0.0186067167	-0.0250733692	-0.0463745694	-0.0319377513	0.0315757669	0.0888288133	-0.1643666931	-0.0103456004	-0.0299975482	-0.1092098929	-0.0557806891	-0.0082512917	-0.0881101014	0.0215268499	0.0032119866	0.0425114757	0.1410782728	-0.0071763839	0.0388101474	0.0023617606	0.0865603769	0.0748724731	0.0541483086	0.0689839359	-0.0705846857	0.0240385559	-0.0979681391	0.1389580007	0.0230872894	0.0369320294	-0.0309196447	0.0334792093	0.0734557766	-0.1072376719	-0.0896550005	0.0969695747	-0.2070241186	0.0710927047	0.1206451302	-0.1500307669	-0.0829189851	0.1380084529	-0.1088245853	0.1189596105	-0.0724964763	0.0262082078	-0.0133438571	0.1050144588	-0.002888687	0.1522236577	0.0210766852	0.0155061905	0.0363130082	-0.0485203322	0.0332318785	-0.0274257242	-0.0906380695	0.0998832012	-0.1274511802	-0.0138480432	-0.1140018518	0.0087917507	-0.0028742488	-0.0585632487	0.045598099	0.078581855	0.0248731231	0.1354684603	0.0952609046	-0.0001027453	0.0269078399	-0.0936529897	-0.0671935843	0.0252438765	0.0120143654	0.0223439802	-0.1012446792	-0.0588464683	-0.0576784972	0.0993674456	-0.040047204	-0.0503842949	-0.0699431298	-0.1148515874	0.1012028987	-0.0796436494	0.0189063	6.000000000002531e-06	3.600000000003037e-11	0.00035744817969	0.106956	0.0087782	0.0114395859359999	7.705679523999999e-05	0.0458974	-0.0071533	5.116970089000002e-05	0.00210657132676	-0.000325413	0.00021433	1.0589362056900001e-07	4.59373489e-08	-0.000736966	-9.955e-05	9.9102025e-09	5.43118885156e-07	6.79931e-05	3.475730000000001e-05	4.6230616476100015e-09	1.2080699032900006e-09	0.0	0.0	0.0	0.0	0.0	0.0	0.0	0.0	0.0	0.0
288.3574987985669	-0.1452995529410259	0.0211119600848619	83150.04711336551	369.60773339809725	0.0445395398487562	136609.87658767894	0.0019837706099389	185.1187108547716	-0.1668404857222185	0.0278357476760258	34268.93710853253	183.94342089919684	312.4420607657883	1.201737	24.775806	0.0445095549999999	0.0219742	-0.1381081132	-0.1004850997	-0.0147100258	-0.0226619827	0.0694326066	0.0335623899	-0.1495652194	0.0448533561	-0.1445056885	-0.0600318474	0.0499127142	0.0471882584	0.097033673	-0.0098308953	-0.1299992876	-0.0730767919	0.0298346879	0.1148229522	0.0105430926	-0.05574358	0.0292215063	0.0815693021	0.000517354	-0.0323435517	0.0665520176	0.1826324248	-0.0507054168	-0.1984816853	0.0977612539	-0.0254323115	0.0527680844	-0.0108024816	0.0184241911	-0.137004765	0.0567656394	-0.0738578582	-0.1297223608	-0.0077708268	0.0748464777	0.1233185994	-0.1347452688	0.0014219747	-0.0379493399	0.0447242617	0.1256564467	-0.0442275239	-0.0506511687	-0.120027455	0.1090570778	0.030788964	0.0177286664	-0.0299295738	-0.0892788121	-0.1224941601	0.0549189997	0.0026479374	0.0421554986	-0.0299705823	-0.1035453277	-0.055925325	-0.1075704014	-0.0337432296	0.2116061585	-0.0047319108	0.1208315962	0.1260096905	0.0869704658	-0.0394716703	0.1161493325	-0.0299162816	-0.0464718249	-0.0067646406	-0.0690574449	0.0271478272	0.0045563094	-0.0723805549	-0.193098004	0.0068709361	0.1913725733	-0.0344686983	0.0399481689	-0.0094718909	0.0764052088	-0.0888122112	0.0971456565	-0.0283434239	0.1376921911	0.099593058	0.0611706877	0.1007237027	0.0549107881	-0.1014984842	0.0127487013	-0.1037510629	-0.0957149255	-0.094603505	0.0873491993	-0.0796623407	-0.0714630296	-0.1377837022	-0.0381321901	-0.0143491365	0.0038129521	0.0754559059	0.0861617493	0.0528621022	-0.1120996164	-0.0242620933	0.1121142567	0.0700579959	0.0028012949	0.1336426165	-0.0443589507	-0.2051636517	-0.0758301608	-0.0926150867	-0.0012162318	0.0801369603	-0.0580137976	0.0267169279	-0.0634443768	0.1714808884	-0.0128890864	-0.0369753786	-0.0126040621	0.0560479187	0.0423089265	-0.024557603	-0.1021916306	-0.039550457	0.018404284	-0.1225345289	-0.0225663846	-0.0550055196	0.0619629312	-0.0710020818	0.0312833628	0.1368347475	-0.0816765755	0.0289743814	-0.1155651064	0.1039539485	-0.0854583468	0.0188677	-3.859999999999975e-05	1.4899599999999802e-09	0.00035599010329	0.0902724	-0.0166835999999999	0.00814910620176	0.0002783425089599	0.0530165	0.0071191	5.0681584810000046e-05	0.00281074927225	-0.000450851	-0.000125438	2.03266624201e-07	1.5734691844000006e-08	-0.000637416	9.955e-05	9.9102025e-09	4.0629915705600004e-07	-0.000120384	-0.0001883771	1.4492307456e-08	3.548593180441001e-08	0.0	0.0	0.0	0.0	0.0	0.0	0.0	0.0	0.0	0.0
288.4703152228855	0.1128164243186233	0.0127275455960396	83215.12276479094	369.2422610255121	-0.3654723725851454	136339.84732723242	0.1335700551230153	185.00539238251835	-0.1133184722532405	0.0128410761538084	34226.99521060958	183.86937674029744	314.3019584131053	1.195354	24.644215	0.0730681299999999	0.0351574	-0.115125395	0.1337510169	-0.0131782791	0.0052072829	-0.0529282633	-0.1127514187	0.026911428	0.1337222979	0.0351570202	0.056810439	0.1019680619	0.0998105527	0.0213149551	-0.1332971896	0.0644581608	-0.0494848379	-0.0208622457	-0.0693440302	0.012459636	-0.0586949928	0.0632758962	0.0083789876	0.0399170001	-0.0365122076	0.1854779996	-0.0272394529	-0.0923291241	0.1334794407	0.096661104	-0.0963902333	-0.124913584	-0.2101740609	0.0978404507	-0.030647393	0.0736267031	-0.0625586277	-0.0348582428	0.0905252001	-0.0197498328	-0.0706487128	0.067461461	0.0295731602	0.0522028603	0.049371491	-0.0387530876	0.0728044952	0.0510579443	0.1084647364	0.0279218755	-0.1385696286	0.0938645105	-0.0647277534	-0.0605917709	-0.0207721386	-0.1125910138	-0.0961954287	-0.0925131923	0.0815927504	0.1276762711	-0.2299139514	-0.0844538231	-0.081151288	0.0549547574	0.012030012	-0.0169130693	-0.0668580331	0.0445109097	0.0271293304	-0.038894206	0.0711833788	-0.0632733477	0.0192413194	0.0053495578	-0.0510130126	-0.0296704586	-0.1725756884	0.0044548816	0.0403284857	-0.1456895152	-0.1290011623	0.1208377674	0.1421418007	0.1874952234	0.0224433832	0.0716627146	-0.0462591088	0.0537954617	0.049761201	-0.0676897339	-0.0180688881	-0.0356775811	0.0991739688	-0.0293216205	0.1266868393	-0.041419062	0.0652352772	-0.0934500386	0.0536012571	0.0880532306	-0.0152982873	0.1162502733	-0.0024024672	-0.0811750154	0.1711027254	0.083711325	0.0819025215	0.1181108272	0.0327310898	-0.0787336563	-0.1417973694	-0.1414353214	0.1393881207	-0.1163077174	-0.0421231078	-0.0277428707	0.0127485009	-0.0454575906	-0.0347225111	0.1157599174	0.1252342403	0.0017719885	-0.0008366709	0.0040106007	-0.0498106905	-0.1282147484	0.1242805614	0.1480432529	-0.042185984	-0.0344143681	0.0659599061	0.1013724362	-0.0586342283	-0.0318624458	-0.0073398882	0.0071903793	-0.1027825594	0.0622459839	-0.0607426834	-0.0302177537	0.1176482862	-0.1162204348	0.1064956489	-0.0908858965	0.0156849	-0.0031827999999999	1.0130215839999996e-05	0.00024601608801	0.115037	0.0247645999999999	0.013233511369	0.0006132854131599	0.0346635	-0.018353	0.000336832609	0.00120155823225	-0.000331811	0.00011904	1.10098539721e-07	1.41705216e-08	-0.0008906009999999	-0.0002531849999999	6.410264422494935e-08	7.931701412008219e-07	4.27456e-05	0.0001631296	1.82718631936e-09	2.6611266396160007e-08	0.0	0.0	0.0	0.0	0.0	0.0	0.0	0.0	0.0	0.0
288.21738905980266	-0.2529261630828614	0.0639716439718182	83069.26335644965	368.97511970186696	-0.2671413236451485	136142.63895900705	0.071364486798882	185.05304507335984	0.0476526908414882	0.0022707789444344	34244.62949092295	183.92803335506204	311.7686575989085	1.151545	23.741009	0.06667117	0.0386666	-0.1611162356	-0.0660472891	0.0989392183	0.0446504482	0.1110303192	0.0217321564	-0.0508359055	0.1445273458	0.037229729	-0.0096079848	-0.0051695188	0.1168678014	-0.131549064	-0.113883361	-0.0728708291	0.0750818238	-0.030478498	-0.0688897761	-0.0780094121	-0.1052225181	-0.1197808713	0.029694614	0.0296520159	-0.0752180003	-0.0823103768	-0.0309548669	0.0704821968	-0.0930276357	-0.0851207257	0.0023246533	0.0778785326	-0.0526099497	0.0503782412	0.0197057616	-0.0988688899	0.027277088	-0.067097465	0.1116254942	-0.0283367414	-0.0714017725	-0.0084830437	0.0539381134	0.0266688451	-0.0812634157	-0.0305939263	0.057630387	0.1817978824	-0.0033434187	-0.0691388755	-0.0490739796	-0.1430715035	-0.0625648464	-0.1784034767	-0.0283917524	-0.07375735	-0.0021804847	0.0817219164	0.0175511536	0.0378912136	-0.1063443133	-0.171738609	0.0978232415	0.0223023482	-0.1222495411	-0.0134682849	0.0720547768	-0.0750664448	0.0269205385	-0.1098259571	-0.065454118	-0.0664505761	-0.1449730446	-0.0201391012	-0.0427038377	0.0767464171	0.0684056768	0.0480479905	-0.0762131106	0.066059864	0.094868116	0.0009260194	-0.0654784674	0.0636822138	0.0053837551	-0.0033221867	0.1396636038	-0.0034274374	0.0887167197	-0.0736974785	-0.0187989016	-0.0437609338	-0.0142292482	0.0014001405	0.0808895056	0.0331185549	0.0427788458	-0.1158825024	0.1543709543	-0.1038766261	0.049276333	-0.052341044	0.1668552938	0.0107927903	0.1505596829	0.0365565909	0.002331433	-0.0157992598	-0.0860928632	0.0179734439	-0.0289420161	-0.0232230957	0.1719183855	-0.0121220029	-0.0589675781	0.2124489874	-0.0303765053	0.0028592412	0.0024178981	-0.0908256656	0.1030055876	-0.0902476144	-0.0347431295	0.0980456975	-0.0692549454	-0.06740792	0.1300704924	0.0848319429	0.0415988899	0.113741939	0.0346650652	0.0473216199	0.1105378288	0.0390001573	-0.0602042107	0.0095049723	-0.0519329802	-0.0310677986	0.0143371829	0.080430496	-0.0165373673	-0.1168172427	0.1088228812	-0.0959017104	0.0188905	0.0032055999999999	1.0275871359999995e-05	0.00035685099025	0.122104	0.007067	0.014909386816	4.9942489000000056e-05	0.0655144	0.0308509	0.00095177803081	0.00429213660736	-0.000577401	-0.0002455899999999	3.33391914801e-07	6.03144481e-08	-0.000637416	0.0002531849999999	6.410264422494935e-08	4.0629915705600004e-07	5.4924e-05	1.2178399999999998e-05	3.016645776e-09	1.4831342655999996e-10	0.0	0.0	0.0	0.0	0.0	0.0	0.0	0.0	0.0	0.0
288.5598496972466	0.3424606374439349	0.1172792881985062	83266.78685729754	368.8793253146329	-0.0957943872340365	136071.95664457878	0.0091765646255445	185.1307826435135	0.0777375701536584	0.0060431298133949	34273.40668219984	183.9989619811	311.2557510944802	1.143369	23.572456	0.0512996684999999	0.0306223	-0.1069478886	0.0289207773	-0.1054187522	0.002982294	-0.040389744	-0.1155874642	-0.0687595878	0.0110431658	0.0484356633	-0.053166819	-0.0911374357	0.0110770929	-0.066850498	-0.0039994978	0.0334705647	-0.099025148	0.0396168294	-0.1759943954	-0.1263867315	-0.0328087855	0.065866528	0.0221702877	0.0300041453	-0.1101403236	-0.0354281453	-0.0218512866	-0.0070596044	-0.0444249882	0.0346693567	0.0554519947	0.0408920348	-0.0066507525	-0.0557796912	-0.0680831529	0.0440182874	0.0723644303	-0.0707155301	-0.0530191105	-0.0605054267	-0.0723756083	-0.0696626697	-0.0909987939	-0.0457801209	0.0223182585	0.0634097245	-0.0629218737	-0.0465135688	-0.0206132297	-0.017493617	0.0728277874	-0.0737571568	0.0654396149	0.0815024594	-0.0179780819	0.0581726358	-0.0595126918	0.0353942638	0.0479399222	0.0150684217	0.0534905045	-0.0055279733	0.0604877178	-0.0417711318	0.150056051	-0.0141105715	-0.045419336	0.0904437626	-0.0239938868	-0.1889357222	0.0165430074	-0.1121831808	0.0501443373	-0.0489491608	-0.0609090733	0.0980121046	0.0039816098	0.0013300591	0.0057492646	0.0538438743	-0.0423065472	-0.0532355068	-0.0496414006	-0.0018280018	0.0157326763	0.0656382969	-0.0197551033	-0.0295155789	0.0747944468	0.0661251523	-0.0444463996	-0.1322882826	-0.0574709256	0.0818712538	-0.0900189715	-0.0158188227	-0.0584040766	0.0765367889	-0.0358941638	0.012687252	0.0196638076	-0.088218781	0.0062363438	0.0290071393	-0.101181148	0.0323727631	0.0556178024	-0.0129688683	-0.0212599953	-0.0630154689	0.0179967134	0.0125761931	0.0022719027	0.0990590635	0.0306631014	-0.1168933463	0.1202530772	-0.0067159618	0.0865708673	0.094972628	0.1053159695	0.0125000516	-0.0355629475	0.0311743986	-0.0699062613	0.0164539258	0.0969798228	-0.1076119513	0.0642548989	0.0061437777	0.0025036536	0.1403060945	0.1399770841	0.1104293749	0.005078243	-0.0566601737	0.003859252	0.0186013148	0.0849983473	0.0156161286	0.013746398	-0.1173552296	0.1109309587	-0.1004830656	0.0188811	-9.399999999999686e-06	8.835999999999409e-11	0.00035649593721	0.112544	-0.0095599999999999	0.012666151936	9.13936e-05	0.0422695	-0.0232449	0.00054032537601	0.00178671063025	-0.000331811	0.0002455899999999	1.10098539721e-07	6.03144481e-08	-0.000714859	-7.744299999999996e-05	5.997418248999993e-09	5.11023389881e-07	8.24963e-06	-4.667437e-05	6.805639513690001e-11	2.1784968148969e-09	0.0	0.0	0.0	0.0	0.0	0.0	0.0	0.0	0.0	0.0
288.9048133000084	0.3449636027618226	0.1189998872304165	83465.99114791272	369.4809019322534	0.6015766176204806	136516.13689267146	0.3618944268676979	185.21488903183536	0.0841063883218566	0.0070738845565469	34304.555119075085	184.07705826781933	315.73946695064933	1.153171	23.774538	0.0514572814999999	0.028427	-0.0272924657	0.0231234697	0.1062280017	-0.0412029697	0.0397960751	0.038876332	0.0772889324	0.0369244567	0.0366153512	-0.113122702	-0.140561957	-0.0676986717	0.0001842655	-0.0112245018	0.0573291977	0.1003516208	0.0236404182	0.0484905221	-0.113788518	0.098633076	-0.0782703071	0.0059970304	-0.0956255233	-0.0744999464	0.0208008147	0.1077880148	0.1269688802	0.0215519182	-0.1389749978	-0.1166629863	0.0368177099	0.213952073	-0.0138607248	0.0867977919	0.1328637584	-0.014877484	0.0809769096	-0.0655332635	-0.044012673	-0.0475257417	0.1552321225	-0.0198158478	-0.0595066175	0.0584739351	-0.0611748441	-0.0317845673	-0.0891302461	-0.1839889447	0.0594316634	0.0298492533	-0.0086554608	0.0726722246	-0.0320812903	0.091740239	-0.0753581826	-0.0206214103	-0.1021705795	0.2915841177	0.0880978781	-0.0638933248	0.0343925193	0.0292541927	0.0994727475	0.0533948695	-0.0924375627	-0.0522158019	-0.1094332577	-0.0319929884	-0.0171087908	-0.1295757913	0.0378137127	-0.00216921	-0.0023830466	0.0860822832	0.1069964358	-0.0321679641	-0.0939752029	-0.1056889688	-0.0182758953	0.1573928713	0.0739532991	-0.0174448515	-0.2270942244	-0.0419372674	-0.1520920812	-0.1529740155	-0.0412294739	-0.0472550658	0.0316461821	-0.0772607002	-0.0537716542	0.172492197	-0.0356415221	-0.0022373049	-0.0266111343	0.0665668003	0.1033941496	-0.1595109592	-0.1007585854	-0.0571052148	-0.0539397965	0.0350275292	-0.0469737155	0.0473843348	-0.0062702912	-0.0190262143	0.0860125583	0.0529228386	-0.3111075491	0.0239544023	-0.1147777604	-0.0101078337	-0.0376088229	-0.0962412679	0.0196662009	0.1256573677	-0.007638844	-0.0682034317	-0.0287111969	-0.0373579257	-0.0276417299	-0.0969659231	0.1034840059	-0.0568408249	0.0746667877	-0.0163356475	0.0264257398	0.0002693453	-0.1281050586	-0.0212562679	0.0236606294	-0.0754995116	-0.0227961102	0.0754908106	-0.0107595458	0.047729844	-0.0359575763	0.0091315171	0.0655144044	0.0110760741	-0.1178341246	0.112815636	-0.1046092073	0.0209213	0.0020401999999999	4.162416039999996e-06	0.00043770079369	0.11329	0.0007459999999999	0.0128346241	5.56515999999995e-07	0.0503699	0.0081004	6.561648016000001e-05	0.00253712682601	-0.000731165	-0.000399354	5.34602257225e-07	1.59483617316e-07	-0.00100721	-0.0002923509999999	8.546910720099998e-08	1.0144719841e-06	-0.000111459	-0.00011970863	1.2423108681000002e-08	1.43301560964769e-08	0.0	0.0	0.0	0.0	0.0	0.0	0.0	0.0	0.0	0.0
289.00141222856445	0.096598928556034	0.0093313529981737	83521.81627010464	370.67015747364286	1.189255541389457	137396.3656415352	1.4143287427255304	185.2645705367858	0.0496815049504562	0.0024682519341422	34322.961096179686	184.09702037612408	315.58592113688235	1.114442	22.97608	0.02882206	0.0154198	-0.0260639664	-0.0713706158	-0.0813250059	-0.0730543447	-0.0113757069	0.0183182436	-0.1020533594	-0.0717859603	-0.0246234561	-0.034522708	0.0313803467	-0.0442247173	-0.0510988567	-0.0612204812	-0.0322264327	-0.0782815323	0.0540515158	0.0602418045	-0.0633834645	0.0629400614	-0.0082952675	-0.0699755201	0.0158860557	0.1459711518	-0.0702142217	-0.0463907727	0.0981661677	-0.0043879684	-0.1543727666	0.1457247944	-0.0680714775	-0.0689266196	0.0689036483	0.1582442279	0.0269858991	-0.1618663965	0.0013770852	-0.0748180454	-0.1894754581	-0.0067003992	-0.0663828689	0.1815499204	0.1874426839	0.0614835362	0.0105476197	0.0769294299	0.0737775959	-0.0483063796	-0.0479891409	0.0111930034	-0.0025961684	-0.0286212672	-0.0343560014	-0.0913082238	-0.0764666858	-0.0219599105	0.0091256655	-0.0063977087	-0.0916949874	-0.0925262016	-0.0542934326	-0.0711898959	-0.1034784809	0.0224112541	0.0588706727	0.0271323525	0.083837853	-0.0719008845	0.0017214929	-0.1057395112	0.047409993	0.0520215464	0.0588401341	-0.0138347601	-0.0988522974	0.1278207168	0.0895855261	-0.0779918176	-0.0314108335	0.1370162424	-0.131909281	0.0802288952	0.0965985837	0.0842235552	-0.161816077	-0.0059085307	0.1082288029	-0.0437883266	0.0552655515	-0.2096908649	0.0280849893	-0.1086368836	-0.0761164601	0.2365125981	-0.0959063793	-0.0368217578	-0.0432013449	0.0467466145	-0.0978336751	0.0302558395	-0.0162676326	-0.0227472548	-0.0084908117	0.0449642537	0.0846207619	0.0062669953	0.0434887657	-0.0112442907	0.0615551887	0.0689734834	-0.0099973533	0.1033167717	-0.0502463338	0.1223923086	-0.0330832554	-0.0573847018	0.015570844	0.106145164	-0.0429469257	-0.0893775078	0.0213938877	0.0475739708	0.026330117	-0.0067469859	0.065357089	-0.0436592809	0.0536437137	0.1128742285	0.0757431031	0.0915604924	-0.0472192343	0.0379315041	0.0026658436	0.0350193184	0.0504733255	0.1168034856	-0.0628696058	-0.214872307	0.0412457855	-0.029321017	-0.1182536866	0.1144731177	-0.1082614433	0.0188931	-0.0020282	4.113595240000004e-06	0.00035694922761	0.102315	-0.0109749999999999	0.010468359225	0.0001204506249999	0.0530418	0.0026718999999999	7.139049609999989e-06	0.00281343254724	-0.00055954	0.000171625	3.130850116e-07	2.9455140625000005e-08	-0.00101447	-7.2600000000000355e-06	5.2707600000000506e-11	1.0291493808999998e-06	-2.74048e-05	8.40542e-05	7.510230630399998e-10	7.0651085376400015e-09	0.0	0.0	0.0	0.0	0.0	0.0	0.0	0.0	0.0	0.0
288.9993763123707	-0.0020359161937335	4.144954747906529e-06	83520.63950893926	370.1852067570085	-0.4849507166343869	137037.0873017291	0.2351771975642054	185.12235416826	-0.1422163685258226	0.0202254954766725	34270.286012798686	183.99408630081828	317.3981190689905	1.149976	23.708668	0.0180890085	0.0102382	0.0557124936	0.1116550593	0.0441498425	-0.0580295226	-0.0451160525	0.0005353202	0.1218413753	-0.0688367585	-0.1265311936	-0.0226769118	0.0487284754	-0.0341018621	-0.067465745	0.0606300621	0.1272008673	0.0571290615	-0.0224174792	0.1037136646	0.1224152358	0.0992904588	0.1474476633	0.0454970095	-0.0300131059	-0.140174034	-0.019110318	0.0364024428	-0.0545958397	0.0908810614	0.0436599092	0.1905711774	-0.0812547258	-0.014869271	0.0097532515	-0.0688099352	-0.0221112979	-0.1208169861	0.0438394084	0.0495896054	0.10748889	0.0986401925	0.075995593	0.0642555062	0.1330968058	-0.0302814101	-0.0734120914	-0.0656840346	-0.1113566655	-0.107129946	-0.0838005867	0.0939867756	-0.0215403559	0.0220855191	-0.0087153885	0.0556645425	0.0975813711	-0.0611773958	-0.0332516066	0.0374928245	-0.0910087776	-0.0436951376	0.0249766773	0.0730603332	0.0749062692	-0.0014604861	0.0337265443	-0.1125869565	-0.06001767	0.0295042154	0.14094918	0.0809081509	0.0694068956	0.1328145559	-0.1044654563	0.0253003122	0.1214059516	0.0039773951	-0.0539535682	0.0451541873	-0.1006918125	-0.1003548771	-0.1813793997	0.0315819062	0.0396112581	-0.0294678326	0.056194295	0.0060322742	0.0942260014	-0.0722099728	-0.059019634	0.0777710653	0.1285478582	0.0310287806	-0.0256282865	0.1494785296	0.0646279246	0.0551785074	0.1291284883	-0.0915791303	-0.089006861	0.0716360556	-0.09318059	-0.0478306583	0.0039454279	-0.0287990153	-0.0512338227	0.0692662538	-0.0880282772	0.0892391004	-0.0116271869	0.0923315749	-0.0613457711	0.03160831	0.0578770013	-0.0692519356	0.0509705353	-0.0340751966	-0.0015718737	-0.1078104199	0.0520266487	-0.1455909009	0.0374025405	0.0250351416	-0.0013618111	0.0041574881	-0.0011030007	-0.0717504751	-0.1059187694	0.0735481772	0.0114240503	0.0288601171	0.0474903412	-0.0380638386	0.0325209094	-0.0067433439	-0.0879927689	0.0526924744	-0.0597582042	-0.0219019295	0.0106822533	0.0721299822	-0.1186137044	0.1159000657	-0.1114232278	0.0218909	0.0029978	8.986804840000012e-06	0.00047921150281	0.104477	0.0021619999999999	0.010915443529	4.674243999999988e-06	0.0442354	-0.0088063999999999	7.755268095999998e-05	0.00195677061316	-0.000560993	-1.4530000000000012e-06	3.14713146049e-07	2.1112090000000037e-12	-0.000955013	5.945699999999996e-05	3.5351348489999943e-09	9.12049830169e-07	-5.85863e-06	2.154617e-05	3.43235454769e-11	4.6423744166889987e-10	0.0	0.0	0.0	0.0	0.0	0.0	0.0	0.0	0.0	0.0
288.73670626597885	-0.262670046391861	0.0689955532715024	83368.88554532615	370.88270438585465	0.6974976288461789	137553.98041256526	0.486502942246042	185.0564429703678	-0.0659111978921771	0.0043442860075817	34245.887084844995	183.9789379517614	318.0844252062595	1.267504	26.131714	0.0575234734999999	0.0268482	0.0617588885	-0.1547827933	0.057272591	-1.321e-06	0.0583407819	0.1231167626	-0.0502798573	-0.0348878502	0.0203132211	0.0800705753	0.0192060685	0.0744587376	-0.0316563389	0.1222701647	-0.1621259182	0.0543044724	-0.0097471295	-0.0734258715	-0.0649690773	0.0108150898	-0.0317096944	-0.0757465013	-0.02152574	-0.0627762489	0.0588421869	-0.0256349867	0.102326542	0.0823615637	-0.0509019176	0.0825280025	0.1774903906	0.0646240067	-0.0897732807	-0.0706373999	-0.0416530462	-0.0118683683	0.0224349373	0.0524116957	0.0540763799	0.0102751337	0.0937882373	0.0387470153	-0.018371138	-0.1879438082	0.1269530419	0.0695532365	-0.0191452332	0.0049936265	0.1182177846	-0.0310533948	-0.0265970338	-0.0605444997	0.1408880932	0.0815966996	0.0471825787	0.0151780755	0.0535447525	-0.1512149221	-0.0843027815	0.0115828309	0.2040317446	-0.1446877407	0.1182686379	-0.0107322689	0.0141187381	0.163728829	-0.050408109	0.0148849821	-0.0841333925	0.0037939326	-0.009426555	0.0208809502	0.1026603	0.0047303996	0.0585709026	-0.0650383603	0.0255395513	-0.1083478497	-0.0681682912	0.032212544	-0.0802988263	-0.2197519108	-0.0824514871	-0.0031701913	0.0298888936	0.0195574879	0.0531314108	-0.0173081901	-0.0631239205	0.0705821076	-0.0124746193	0.0274306122	-0.0638286959	-0.0373639757	0.1829904407	-0.1512353862	-0.0889289376	-0.0440716485	0.014016253	-0.0976555261	0.1106200524	0.0130306448	0.1278504656	-0.1001973024	-0.1254025238	0.0389464275	-0.0120315592	0.0081974496	0.1348445684	0.0432273157	-0.0573697632	-0.1974348397	-0.0919427284	-0.0761701163	-0.066832303	-0.0153293388	0.0226524545	0.0050802119	-0.1594725941	0.0862551645	0.0068714634	0.0446817843	-0.0596771994	0.0590713441	0.0171517738	0.0729440667	-0.0869275105	-0.0273083544	0.0585564511	0.0183001835	-0.012734687	0.0804258373	-0.0370861337	-0.0931872642	-0.049508614	-0.0996037209	0.0278361506	-0.0885500528	-0.0462474502	-0.000356758	-0.1189139965	0.1170936064	-0.1140802373	0.016678	-0.0052129	2.717432641000003e-05	0.0002781556839999	0.0873889	-0.0170880999999999	0.00763681984321	0.0002920031616099	0.053008	0.0087725999999999	7.695851075999997e-05	0.002809848064	-0.000402824	0.000158169	1.62267174976e-07	2.5017432561e-08	-0.000637416	0.000317597	1.0086785440899998e-07	4.0629915705600004e-07	-5.90901e-05	-5.323147e-05	3.4916399180099997e-09	2.8335893983609e-09	0.0	0.0	0.0	0.0	0.0	0.0	0.0	0.0	0.0	0.0
288.2117045472394	-0.5250017187394747	0.2756268046794024	83065.9866380252	369.2787829857428	-1.603921400111858	136366.81956343132	2.572563857736783	185.1309528084261	0.074509838058276	0.0055517159674705	34273.469687755685	184.001659780204	313.00350139272496	1.22993	25.357052	0.07701072	0.0437438	0.0271640445	0.0386175644	-0.1171156217	0.0380326388	-0.0528642525	-0.1142145022	-0.029242454	-0.0318141689	0.0941294311	-0.023806935	-0.1587784637	0.0136635807	0.0427788512	0.0569107768	0.0599362361	-0.1098375733	-0.0213260203	-0.1786488371	-0.1063287482	0.0089574046	0.0712984527	-0.1155654003	0.1009819994	-0.0415951352	-0.030475139	-0.1420816367	-0.0641792724	-0.0025177641	-0.0730786657	-0.1435592831	-0.0011051887	-0.0655384227	-0.0036405028	0.0132550443	0.0326549395	-0.0225247562	0.124688628	0.0070922315	0.0272106353	0.0850347663	-0.0662500347	-0.0418014931	-0.0960878109	0.0329288409	-0.0045178862	-0.0636846302	-0.0186240826	0.0514985474	-0.0052259885	0.1258013811	-0.1232242193	-0.0512663494	-0.010626739	0.0055098165	0.0321459405	-0.1381701794	0.1472460856	-0.1169574529	0.0791957872	-0.1017009277	-0.0124136151	-0.0379924065	-0.0122151629	0.0854225014	-0.1586406067	-0.0688767093	0.1054560009	0.032767568	-0.1613597272	0.0382225122	-0.0843013539	0.095422334	0.0896647583	-0.1455997503	0.0449872056	0.0033647784	0.1401602915	0.091267259	-0.022094244	0.0784178583	0.1284978734	0.0339613341	0.0272362461	0.0341498979	-0.0131261288	-0.0420410744	-0.0014561401	-0.0942008629	-0.0471996957	0.0227182047	0.0475174866	-0.0150748743	0.0067006657	-0.1405100751	-0.0167100167	0.0100688771	0.0375562055	0.0260421375	0.0543059424	0.0373440567	-0.1637418634	0.0162359909	0.093022377	-0.0079307733	-0.0157903426	0.185022898	-0.0410890082	-0.1205053982	0.103235356	-0.1023683585	-0.0739998948	-0.0156095084	-0.0726567035	0.0281459318	0.03542191	0.151570335	-0.0052020277	0.0709516272	0.1069280118	0.1325606136	0.0489063477	-0.0928478702	0.0113752425	-0.0631524767	0.0316334208	0.0065618251	-0.0236674095	0.0430633176	0.0097280675	-0.0886973705	0.0423422802	0.0925547538	0.0461816936	0.0097693718	-0.079071748	-0.0814179139	0.0307716716	0.0712567128	0.0161425227	0.0226695399	-0.1191544118	0.1180513362	-0.1162204348	0.0188814	0.0022034	4.854971560000005e-06	0.00035650726596	0.124883	0.0374940999999999	0.0155957636889999	0.0014058075348099	0.0407902	-0.0122178	0.00014927463684	0.00166384041604	-0.000618337	-0.000215513	3.823406455690001e-07	4.6445853169000034e-08	-0.000913548	-0.000276132	7.6248881424e-08	8.345699483040001e-07	-6.93535e-05	-1.0263400000000007e-05	4.809907962250001e-09	1.0533737956000015e-10	0.0	0.0	0.0	0.0	0.0	0.0	0.0	0.0	0.0	0.0
288.90268456960763	0.690980022368251	0.4774533913120286	83464.7611515262	370.385623144872	1.106840159129206	137185.50983241515	1.2250951378611656	185.16457050737128	0.0336176989451928	0.0011301496823696	34285.91817117927	184.0311299292397	314.9889574144769	1.115498	22.997845	0.04405618245	0.0213551	0.0534218963	-0.0161960507	0.0925257797	0.0195904367	0.0250995588	0.065265702	0.0701578725	-0.0261011529	0.0996625598	-0.0748399877	-0.1226754607	0.0219776426	0.0573034929	-0.0803077253	0.0186137569	0.0915356827	0.0210932032	-0.0226500089	0.0257784233	0.0399582304	-0.0941581664	0.1245195797	0.0466463477	0.1369639516	-0.0230223775	-0.0763836131	-0.0466794585	0.0375936485	-0.0048756221	0.0346617495	-0.003926767	-0.0762333376	-0.0011728063	0.042585569	0.0793008081	-0.0022745604	0.0178741097	0.0815437098	-0.0745722747	0.1022678676	0.1216426395	-0.0003583511	-0.0580000579	0.1315334094	-0.1113985655	0.0225395262	0.0065418779	0.1549657736	-0.054994714	0.1066367554	-0.0294539306	-0.0307062799	0.0155389304	0.1301256719	0.0064810188	0.009026252	-0.0682584703	0.0594120505	-0.0837764208	0.237700647	0.071642772	0.0678885783	0.0986023495	-0.0303497238	-0.0492270925	-0.0224075161	-0.0931772442	-0.0279956571	-0.052715998	-0.0405280826	0.1004143998	-0.0934313751	-0.091927445	-0.0193871532	-0.143692612	0.0079896331	0.0744640307	0.0619183613	-0.0252243736	-0.0113560546	-0.0275053268	-0.0001815197	0.0498675196	0.0630327506	-0.0104588084	-0.0793283163	0.0062142301	0.0357028693	-0.0817803694	-0.0723594482	0.1013038716	0.1476279252	-0.0447170553	-0.0259729506	-0.0973898604	0.0444360742	-0.0235900115	0.0399599201	0.1505094978	0.0991455719	-0.0830788801	-0.0478409254	0.0379925572	-0.0365186665	-0.1477910072	-0.0161448219	0.0276886919	0.1092780069	-0.0643451518	0.1255695344	0.1232092072	-0.1334548731	0.0814545033	-0.1206803845	0.045119903	0.0163964224	0.0071089853	-0.051823022	-0.0542916798	0.0038239659	-0.0257030888	-0.1342044333	0.0716730812	-0.0041508105	0.069621537	-0.0194457711	0.0778685443	0.0477453665	-0.0614802248	-0.0004047825	-0.0788569731	-0.0206195041	0.042214179	0.0983730224	-0.1044220364	0.0183605634	-0.0317410233	-0.0058386795	0.006135332	0.0970729698	-0.1193348294	0.1187713263	-0.1178341246	0.0189	1.860000000000056e-05	3.4596000000002085e-10	0.00035721	0.112451	-0.0124319999999999	0.0126452274009999	0.0001545546239999	0.0470911	0.0063008999999999	3.970134080999998e-05	0.0022175716992099	-0.000865428	-0.0002470909999999	7.48965623184e-07	6.105396228099998e-08	-0.00110305	-0.0001895019999999	3.591100800399997e-08	1.2167193024999998e-06	1.47149e-07	6.9500649e-05	2.1652828201e-14	4.830340211421201e-09	0.0	0.0	0.0	0.0	0.0	0.0	0.0	0.0	0.0	0.0
288.5695916653738	-0.3330929042338084	0.110950882850913	83272.40923392058	370.5510732039664	0.1654500590943826	137308.09785261124	0.0273737220543346	185.252025144646	0.0874546372747318	0.0076483135808549	34318.31282019256	184.10243425233668	314.8997879258291	1.128702	23.270061	0.03635482095	0.0202471	0.0112060318	-0.0825473158	-0.0849943717	-0.0132051603	-0.0239328134	0.0107274326	-0.121680137	-0.0506651002	-0.0182086171	-0.002027195	0.0125309319	-0.0874313972	-0.0229997731	-0.1655130968	-0.0744961673	-0.0905972699	0.0549823517	0.0929783661	-0.037807094	0.0010893252	0.0550785819	0.0308666324	0.0065498422	0.0404792133	-0.0574811192	0.0728852685	0.0253198365	0.1759110546	-0.0140809155	-0.0642404435	-0.1196103305	-0.0491898455	0.0158880106	-0.0978813477	-0.0233976024	0.0645891006	-0.0192681716	-0.023336164	-0.0475109405	0.0690416359	0.0374313728	-0.0132973847	-0.0043447142	0.0254039617	0.0825431191	-0.0578412595	0.0772720121	0.0492204384	0.0852327346	-0.1115516248	-0.0285804664	-0.0030314797	0.0677369949	0.0042311259	0.0468416514	0.1307001182	0.1641917864	-0.017756385	-0.0279739903	0.0684100524	0.0842720389	0.0159878397	-0.0286797725	-0.0591840237	-0.0853641418	0.0591464269	0.0949182463	-0.071392784	0.0393273713	-0.0864974937	-0.0168283983	0.0497686433	-0.0459982557	0.0163029632	-0.0545390446	0.0760127703	-0.0611841213	-0.0138581347	-0.1866464829	-0.0198013492	0.0504666445	0.090685654	-0.0026686211	-0.0383778277	0.1241310687	0.0070525296	-0.0363715697	0.0036828677	0.0145963083	-0.0343037039	0.0505862319	0.0337852146	-0.0056324535	-0.0360290828	-0.0162024619	-0.0915565834	0.0337157725	0.1063417378	0.0548385149	-0.0786410296	0.1307533755	0.0781207204	0.051031708	-0.0876102325	-0.0492841848	-0.0764615689	-0.0474910158	-0.1407441316	0.0371132416	0.0487891306	-0.0040131172	-0.0917043009	0.0014559987	0.0077967197	0.08207788	0.0386205243	0.0058283042	0.1121184232	-0.0206292425	-0.043292166	0.0071471422	-0.0113929625	-0.0175036776	-0.0071894074	0.0288774544	-0.1478683452	0.1123958074	0.110916793	-0.032963175	0.0608272844	-0.0156049217	-0.153846365	-0.0472757746	-0.0091329512	-0.0209476408	0.0718039278	0.1085756319	-0.0377391646	0.0699148244	0.0435574906	-0.1194551582	0.1192521267	-0.1189139965	0.022307	0.003407	1.1607649000000005e-05	0.000497602249	0.105725	-0.0067259999999999	0.011177775625	4.5239075999999945e-05	0.0325524	-0.0145386999999999	0.0002113737976899	0.00105965874576	-0.000691686	0.000173742	4.784295225959999e-07	3.0186282564000025e-08	-0.00115663	-5.358000000000012e-05	2.8708164000000127e-09	1.3377929569000002e-06	-6.19327e-06	-6.340419e-06	3.83565932929e-11	4.0200913095561e-11	0.0	0.0	0.0	0.0	0.0	0.0	0.0	0.0	0.0	0.0
288.3236017152495	-0.2459899501243398	0.0605110555621752	83130.49930605381	369.0292539122035	-1.5218192917628812	136182.59024299757	2.315933956781677	185.0982685226992	-0.153756621946826	0.0236410987924991	34261.369010101254	183.95032701718296	311.6535880619029	1.100231	22.683094	0.0418043935	0.0266001	-0.0266242264	0.1019966232	-0.0127911997	0.1016082884	-0.016524593	-0.0647533599	0.0193442742	0.1170119648	-0.0842951062	0.1455079265	0.0351150761	-0.0449247388	-0.0756258109	-0.0676977025	0.1042023701	-0.0134676524	-0.0517689527	-0.0031956392	0.0645888079	-0.08015367	-0.003583914	-0.0715624688	0.0008253202	-0.0085780646	0.1078751447	0.0989909996	-0.0055839272	0.0724124292	-0.0416412825	-0.1528345217	-0.0455896532	0.0389545681	-0.0412994666	0.0725814723	-0.0837913829	0.1117295511	-0.0609503233	-0.1032655162	0.1616838647	-0.0134456693	-0.1487319292	-0.0323562179	0.0627033542	0.0650538263	-0.042261325	-0.0478215686	0.0094939011	-0.1256231359	0.0278123022	-0.1050605151	0.0278431052	0.0446246065	-0.0672333474	0.0480981003	0.0407441639	0.0565712449	0.0684294552	-0.0809493534	0.0408166711	-0.098704985	0.0155435377	0.0710644567	-0.0482686294	0.0731649469	0.0601420239	-0.0982593931	0.0101956411	0.0566019014	0.0612839768	0.0777636568	-0.0514725469	-0.0419141438	0.0807674935	-0.0074828743	-0.0075932398	-0.0782127036	-0.0950587551	-0.0180966843	-0.0894770219	0.043782161	0.1311122172	0.0603004564	-0.0638019707	0.016885498	-0.0145781291	0.0739660758	-0.1342664375	0.0149409892	0.1417685423	0.1421327765	0.0108384582	-0.1163039059	0.079286255	0.021348631	-0.0894757358	0.0899548398	0.0670192962	-0.0169369505	-0.1341060168	-0.0396906667	0.0693877303	0.0535811139	-0.0564280111	0.0106052131	-0.0423421542	-0.0307627895	-0.078323539	-0.0724636924	0.0609858103	-0.0850222326	-0.0859108113	0.0073492948	0.0736902019	0.0664739468	-0.0900589053	-0.0105407285	-0.0384342479	-0.0406871824	0.07501449	-0.0175528334	-0.0172635108	0.0217577627	-0.0318196539	0.017907435	-0.1657660517	-0.0612246438	0.1236286516	0.1228766441	0.0007516508	0.0389060901	0.0956575482	-0.019797029	0.0124560335	0.0278068138	0.0113631173	-0.04719415	0.1894660254	0.1059068176	-0.0341437813	0.0280243031	-0.1195153378	0.1194927693	-0.1194551582	0.0254725	0.0031654999999999	1.0020390249999988e-05	0.0006488482562499	0.115144	0.0094189999999999	0.0132581407359999	8.871756099999994e-05	0.0324075	-0.0001449	2.099601000000097e-08	0.00105024605625	-0.000202573	0.000489113	4.1035820329e-08	2.39231526769e-07	-0.00117458	-1.7949999999999867e-05	3.2220249999999525e-10	1.3796381763999998e-06	6.82436e-05	7.443687000000001e-05	4.657188940960001e-09	5.540847615396902e-09	0.0	0.0	0.0	0.0	0.0	0.0	0.0	0.0	0.0	0.0
