global_signal	global_signal_derivative1	global_signal_power2	global_signal_derivative1_power2	csf	csf_derivative1	csf_power2	csf_derivative1_power2	white_matter	white_matter_derivative1	white_matter_power2	white_matter_derivative1_power2	csf_wm	tcompcor	std_dvars	dvars	framewise_displacement	rmsd	t_comp_cor_00	t_comp_cor_01	t_comp_cor_02	t_comp_cor_03	c_comp_cor_00	c_comp_cor_01	c_comp_cor_02	c_comp_cor_03	c_comp_cor_04	c_comp_cor_05	c_comp_cor_06	c_comp_cor_07	c_comp_cor_08	c_comp_cor_09	w_comp_cor_00	w_comp_cor_01	w_comp_cor_02	w_comp_cor_03	w_comp_cor_04	w_comp_cor_05	w_comp_cor_06	w_comp_cor_07	w_comp_cor_08	w_comp_cor_09	w_comp_cor_10	w_comp_cor_11	w_comp_cor_12	w_comp_cor_13	w_comp_cor_14	w_comp_cor_15	w_comp_cor_16	w_comp_cor_17	w_comp_cor_18	w_comp_cor_19	w_comp_cor_20	w_comp_cor_21	w_comp_cor_22	w_comp_cor_23	w_comp_cor_24	w_comp_cor_25	w_comp_cor_26	w_comp_cor_27	w_comp_cor_28	w_comp_cor_29	w_comp_cor_30	w_comp_cor_31	w_comp_cor_32	w_comp_cor_33	w_comp_cor_34	w_comp_cor_35	w_comp_cor_36	w_comp_cor_37	w_comp_cor_38	w_comp_cor_39	w_comp_cor_40	w_comp_cor_41	w_comp_cor_42	w_comp_cor_43	w_comp_cor_44	w_comp_cor_45	w_comp_cor_46	a_comp_cor_00	a_comp_cor_01	a_comp_cor_02	a_comp_cor_03	a_comp_cor_04	a_comp_cor_05	a_comp_cor_06	a_comp_cor_07	a_comp_cor_08	a_comp_cor_09	a_comp_cor_10	a_comp_cor_11	a_comp_cor_12	a_comp_cor_13	a_comp_cor_14	a_comp_cor_15	a_comp_cor_16	a_comp_cor_17	a_comp_cor_18	a_comp_cor_19	a_comp_cor_20	a_comp_cor_21	a_comp_cor_22	a_comp_cor_23	a_comp_cor_24	a_comp_cor_25	a_comp_cor_26	a_comp_cor_27	a_comp_cor_28	a_comp_cor_29	a_comp_cor_30	a_comp_cor_31	a_comp_cor_32	a_comp_cor_33	a_comp_cor_34	a_comp_cor_35	a_comp_cor_36	a_comp_cor_37	a_comp_cor_38	a_comp_cor_39	a_comp_cor_40	a_comp_cor_41	a_comp_cor_42	a_comp_cor_43	a_comp_cor_44	edge_comp_00	edge_comp_01	edge_comp_02	edge_comp_03	edge_comp_04	edge_comp_05	edge_comp_06	edge_comp_07	edge_comp_08	edge_comp_09	edge_comp_10	edge_comp_11	edge_comp_12	edge_comp_13	edge_comp_14	edge_comp_15	edge_comp_16	edge_comp_17	edge_comp_18	edge_comp_19	edge_comp_20	edge_comp_21	edge_comp_22	edge_comp_23	cosine00	cosine01	cosine02	trans_x	trans_x_derivative1	trans_x_derivative1_power2	trans_x_power2	trans_y	trans_y_derivative1	trans_y_power2	trans_y_derivative1_power2	trans_z	trans_z_derivative1	trans_z_power2	trans_z_derivative1_power2	rot_x	rot_x_derivative1	rot_x_derivative1_power2	rot_x_power2	rot_y	rot_y_derivative1	rot_y_power2	rot_y_derivative1_power2	rot_z	rot_z_derivative1	rot_z_power2	rot_z_derivative1_power2	motion_outlier00	motion_outlier01	motion_outlier02	motion_outlier03	motion_outlier04	motion_outlier05	motion_outlier06	motion_outlier07	motion_outlier08	motion_outlier09	motion_outlier10	motion_outlier11	motion_outlier12	motion_outlier13	motion_outlier14	motion_outlier15	motion_outlier16	motion_outlier17	motion_outlier18	motion_outlier19	motion_outlier20	motion_outlier21	motion_outlier22	motion_outlier23	motion_outlier24
298.6157727828604	n/a	89171.37975470492	n/a	344.7458028948152	n/a	118849.66861359077	n/a	215.1204941809572	n/a	46276.82701665924	n/a	215.4358628025439	421.9546703480392	n/a	n/a	n/a	n/a	-0.0620234289	-0.0429073685	0.1105641569	-0.0296458335	0.0488922951	-0.0597036793	0.0938590502	-0.1078945427	0.3924839729	-0.4570271326	0.3104565828	-0.25756728	0.1290155967	-0.2419897193	0.0657628384	-0.0258892623	0.1193669984	-0.0195721837	0.0191684271	-0.1331551785	0.0228397694	-0.1299648606	0.0113348444	-0.0337043985	0.1450504095	0.1279302307	-0.0755880241	0.1316436446	-0.1744849375	0.0761205627	-0.1074158752	0.0443504801	-0.0595636904	0.01648962	-0.0142801912	0.0584488625	-0.0275552301	0.0005842997	0.0680853021	-0.0341676022	0.0145766477	-0.2408456806	-0.0325517549	0.0959155764	-0.0716591601	-0.018763501	0.009491958	0.0176024121	0.0620420493	-0.0313843666	-0.0219719596	-0.0509239345	0.0670856128	0.0850976075	-0.0012168079	-0.1067357078	0.1389181451	0.0894677709	-0.1017179511	-0.0008532133	-0.0048499823	-0.068643139	0.0378912811	-0.1044488454	0.037036549	-0.0349263662	-0.1607605166	0.0414377103	-0.1290201444	0.0801470464	-0.0376421184	0.1762237879	-0.1019590977	0.0802698693	-0.1945697745	0.1898869013	-0.0872451444	0.0225016041	-0.0675166493	0.0858620811	-0.0743804498	0.0622560526	-0.1017704221	0.0751996207	-0.0427473649	0.0029076749	0.1601027369	-0.124959394	0.0529777648	-0.0007790354	-0.0827624201	0.0772305474	-0.0632373417	-0.0599153284	0.0125386245	0.0462030961	-0.0819312474	-0.0006299775	-0.1430219924	0.0682921373	0.1218357518	-0.000148856	-0.0046415146	-0.1375003232	0.0541160237	0.1146097601	-0.0683550907	0.0099470627	-0.0657685891	0.0555809978	-0.0750574694	0.1217929619	-0.0332482878	-0.1153173702	0.0568154939	-0.1410379748	0.0628437834	-0.0210263419	0.0069642266	-0.0852426229	0.0678883734	-0.1110249798	0.0470518683	-0.1994657636	0.0383980168	-0.0555832906	0.0897500989	0.1336684414	-0.2707134267	0.1292921044	0.1195153378	0.1194927693	0.1194551582	0.0414277	n/a	n/a	0.0017162543272899	-0.134911	n/a	0.018200977921	n/a	-0.213185	n/a	0.045447844225	n/a	-0.00390198	n/a	n/a	1.5225447920400002e-05	-0.00156732	n/a	2.4564919824000003e-06	n/a	-0.000467459	n/a	2.18517916681e-07	n/a	0.0	0.0	0.0	0.0	0.0	0.0	0.0	0.0	0.0	0.0	0.0	0.0	0.0	0.0	0.0	0.0	0.0	0.0	0.0	0.0	0.0	0.0	0.0	0.0	0.0
297.4772623024176	-1.1385104804427897	88492.72158694138	1.2962061140780718	336.8557923598723	-7.890010534942917	113471.8248463974	62.25226624151021	215.1459616209497	0.0254674399924965	46287.78480180316	0.0006485904997714	215.38590718946816	412.3723443478236	1.249652	37.334644	0.3281592499999999	0.154122	-0.0074335717	-0.0176400775	0.1313413687	-0.2529896453	0.032751085	0.0781846093	0.1260227672	-0.0353291616	0.0403733249	-0.2986121291	-0.0140167364	0.0069233421	-0.1735285109	0.0448170107	0.0091166352	-0.1376606468	0.0822595588	0.0100860736	-0.0826096289	-0.0572910468	0.0649585845	-0.0728872966	-0.1919067481	0.0401419074	0.0255672093	0.084704504	-0.0325357669	0.0069033117	-0.0191628967	-0.0380640336	-0.0811982482	-0.038119683	0.038713763	-0.0901554282	0.0582623309	-0.1339384726	-0.0574290949	0.0180705117	-0.0342472568	-0.0020705097	-0.080542597	0.1103764397	0.1144129239	-0.0276409086	0.1033700935	0.1003028051	0.0579705666	0.0275823859	0.0370236125	-0.0365974655	-0.0478982877	-0.0774978124	0.0208279612	-0.0283328266	-0.0876955598	-0.0244977563	0.0580620595	0.094472515	-0.0074288744	0.0102216023	0.0153915541	0.0121911329	-0.0916732698	-0.1489391417	0.0204266188	0.0545071512	-0.0890372218	-0.0420999262	-0.1039711842	-0.0878378122	-0.1442653108	-0.0169310619	-0.0876111245	0.0116181681	-0.0402216039	0.00498422	0.0510367588	0.1112582943	0.1271157658	0.058209388	0.1140246478	-0.0172618905	0.0848830803	-0.0412639263	0.0215730227	-0.0294562262	-0.0028682486	0.0583256136	0.0266085174	-0.0254710758	0.1470138755	-0.1066649366	-0.0004489069	0.0535323802	0.0446067056	0.0610344785	-0.0663414885	0.012702629	-0.0146715743	0.0521986218	0.0296329539	0.0876809731	0.0440963689	-0.0274644048	-0.0510387078	0.1036891095	-0.0949291934	0.107926399	-0.0378570451	0.0575829489	-0.2738118503	0.1327886799	-0.0719722088	0.1126756077	-0.0594716863	0.0568402404	-0.0506137976	0.0236205048	-0.1290172424	-0.0318541262	0.0353386331	-0.0036000674	0.0829130325	-0.0453126362	0.0800876474	-0.1284009123	0.0132807874	0.0286446952	-0.1379903056	-0.1061883576	0.1194551582	0.1192521267	0.1189139965	0.0298	-0.0116276999999999	0.0001352034072899	0.00088804	-0.236199	-0.1012879999999999	0.0557899676009999	0.0102592589439999	-0.322521	-0.1093359999999999	0.104019795441	0.0119543608959999	-0.00541934	-0.0015173599999999	2.302381369599999e-06	2.93692460356e-05	-0.00210822	-0.0005409	4.4445915684e-06	2.9257281e-07	-0.00052735	-5.989100000000001e-05	2.780980225e-07	3.5869318810000012e-09	0.0	0.0	0.0	0.0	0.0	0.0	0.0	0.0	0.0	0.0	0.0	0.0	0.0	0.0	0.0	0.0	0.0	0.0	0.0	0.0	0.0	0.0	0.0	0.0	0.0
297.97323097917774	0.4959686767601283	88788.04638017042	0.2459849283271926	336.4197157598161	-0.4360766000561966	113178.22515191544	0.190162801116572	215.20506903825216	0.0591074173024708	46313.22173975888	0.0034936867801684	215.2552841611345	412.8521313368174	1.204382	35.982155	0.4886605	0.243101	-0.0536866123	-0.0121799292	0.0092931237	-0.0455488087	0.0977221447	0.01418191	-0.025915263	0.0195631858	0.0856639161	-0.1403453954	-0.0088331103	0.0834754695	0.0609768335	-0.2001326322	0.0723659193	-0.04552868	0.0389281132	0.0540352986	0.1440126988	-0.1037401296	0.0753410825	0.0227169924	0.1555376982	0.0174761373	0.054842123	0.0531407331	-0.2027750934	0.0710369301	-0.0082002393	0.0017219062	0.0001863535	0.134963267	0.0572346351	-0.1084547767	-0.073245558	0.0342314788	-0.0897507019	-0.2360604046	-0.04986003	-0.0651091336	-0.0540560008	0.1834259985	0.0676199858	-0.0006752643	-0.0242834754	0.0342136519	0.0050210386	0.0320248249	-0.0161191415	0.0803775724	-0.0198258664	0.0514149279	0.1182359168	0.0652973846	0.0777445214	0.1359339087	-0.0439596836	0.13717649	-0.0705376637	-0.0468496868	-0.1376123802	-0.0757306681	-0.014560284	-0.0333796856	-0.0605613168	-0.1197469737	-0.13101679	-0.0167072678	0.0303204471	0.0545920988	0.1359547738	0.0444756842	-0.1641954506	0.1611292869	-0.0103331472	-0.0081332002	-0.0894750947	0.0336224081	-0.0876567852	0.0909154935	0.0562892339	0.068123291	-0.0848651292	-0.0600997068	0.0949855505	0.0087998659	-0.2569644573	0.0319864191	-0.0706333339	-0.1093563643	0.1240771594	-0.0084367906	0.0142040374	-0.0313606594	-0.01234087	0.0288732524	-0.1802572849	0.038754113	-0.0077932819	0.0919432553	-0.0100637591	-0.0809623814	-0.1499950867	0.1244206449	-0.0107987932	0.0443855819	-0.0800194945	-0.0476031731	-0.0554082685	-0.0153129665	-0.0297506044	0.2156670708	0.0694032555	-0.0948393301	-0.1126072948	-0.2435236117	0.0308125578	-0.0358751972	0.1357171618	-0.0502377051	0.1069850663	0.0254944271	0.0927844487	-0.091613276	-0.1414667695	-0.0321603089	0.0760153247	-0.0454725812	-0.1349198072	-0.0780032068	0.1193348294	0.1187713263	0.1178341246	0.0638695	0.0340694999999999	0.0011607308302499	0.00407931303025	-0.0713427	0.1648563	0.0050897808432899	0.02717759964969	-0.142441	0.18008	0.020289438481	0.0324288063999999	-0.00372427	0.00169507	2.8732623049e-06	1.38701870329e-05	-0.00228209	-0.00017387	5.2079347681e-06	3.0230776900000005e-08	-0.000203196	0.000324154	4.1288614416e-08	1.05075815716e-07	0.0	0.0	0.0	0.0	0.0	0.0	0.0	0.0	0.0	0.0	0.0	0.0	0.0	0.0	0.0	0.0	0.0	0.0	0.0	0.0	0.0	0.0	0.0	0.0	0.0
298.65463627826426	0.6814052990865207	89194.59177050232	0.4643131816231907	335.94243545346444	-0.4772803063516448	112857.31993840513	0.2277964908311199	215.38766632885333	0.1825972906011657	46391.846806589456	0.0333417705348865	215.47651837434844	412.6714601511696	0.98322	29.374704	0.298435	0.161097	0.01239217	-0.0584746226	0.0614974168	-0.1434558698	0.0340157772	0.1099950183	0.037481789	-0.024228031	-0.0507263642	-0.0627863379	0.0196698713	-0.0121314969	0.0060674834	-0.0380137805	0.0037838183	-0.1075730421	0.0505205046	-0.0492259512	0.0258976928	-0.011902753	-0.0606326692	0.054551981	-0.0231584166	0.0531533576	-0.0016641552	0.0153674791	-0.1118685292	0.0157274054	0.0262098092	-0.1328046074	0.0490139297	0.0658076922	-0.1877474392	0.0003559529	-0.0155650903	0.0481393291	-0.0490900171	-0.0520230445	-0.17327337	0.0199932506	-0.003398183	0.0140405624	-0.0815284338	-0.0420029444	0.0280695244	0.0996343245	0.0980530071	0.0837137579	-0.0228768452	-0.0644228045	-0.008995679	-0.0140843483	-0.0376272863	-0.1343978127	0.0164864756	0.0910259865	-0.0131921528	0.0181318333	0.0568629828	0.0949314121	-0.0467555591	0.0072360767	-0.0808996698	-0.0821486387	0.0476613708	-0.045958003	-0.0024087746	0.0521484045	0.0391489092	-0.0462886045	0.008662658	-0.0304606679	-0.1413282555	0.0746871487	0.0550194752	-0.056176826	0.0491028288	-0.0048592626	0.0146996061	0.1378406503	-0.1378915202	0.0027567667	-0.0673209578	0.0640202911	0.0849658743	-0.1457686233	-0.0779679561	0.0754881222	-0.000866654	0.0671377703	-0.0193746724	-0.1182780931	-0.079746584	0.0607390057	0.0152124329	-0.0355793627	0.0529167401	0.0338948204	0.0965355345	-0.1046112113	-0.0439268123	0.0348882273	-0.0453739453	0.067846636	0.0510169656	0.0498759767	-0.0858997176	0.0693166583	0.0029427246	0.0526130025	-0.1363356885	0.1450077662	-0.0055526213	0.0448171878	0.0198348952	-0.0189765743	-0.0018829975	-0.018223735	0.028219831	-0.011986855	0.0952601982	-0.0035587302	0.0438500373	-0.0923411718	-0.0449266361	-0.1113560492	0.0703142793	-0.0429536455	-0.0347495915	-0.0635110189	0.1191544118	0.1180513362	0.1162204348	0.0413821	-0.0224873999999999	0.0005056831587599	0.00171247820041	-0.187349	-0.1160062999999999	0.0350996478009999	0.0134574616396899	-0.256653	-0.114212	0.065870762409	0.013044380944	-0.00429748	-0.00057321	3.2856970410000025e-07	1.84683343504e-05	-0.00216441	0.00011768	4.6846706481e-06	1.3848582400000053e-08	-0.000426892	-0.000223696	1.82236779664e-07	5.0039900416e-08	0.0	0.0	0.0	0.0	0.0	0.0	0.0	0.0	0.0	0.0	0.0	0.0	0.0	0.0	0.0	0.0	0.0	0.0	0.0	0.0	0.0	0.0	0.0	0.0	0.0
298.6894255222738	0.0347892440095165	89215.37291882593	0.0012102914987536	336.3086603252919	0.3662248718274554	113103.51500979257	0.1341206567450361	215.2522290384533	-0.1354372904000342	46333.52210602276	0.0183432596309032	215.34715093455355	420.8152345148085	1.003013	29.966059	0.18313005	0.0901487	-0.1116766328	0.0243940022	0.0689828431	-0.112665831	0.1166284967	-0.037617991	0.049055474	9.95195e-05	0.0447932768	-0.0207357411	-0.0952719646	0.0339523499	0.0378505205	0.0545787746	0.0302278316	-0.0459041879	0.0108077637	0.1175508414	0.0641752082	0.0242041843	0.0912300224	0.023143996	-0.0282688319	0.0534072891	0.0993961438	0.0039951743	-0.0511401612	0.0146005675	0.0361550237	-0.0079650937	-0.0355550405	-0.0960939727	-0.1717987517	0.1564022027	0.1565797983	0.1222984078	-0.0122598216	-0.060636175	-0.0990648909	-0.0882836144	0.0523179234	0.0274424072	0.0473899966	-0.0883203373	-0.0061999594	0.0554565544	-0.0844792986	0.0198521372	0.1911664435	-0.042873055	0.0070613532	0.0167881887	-0.0637796562	0.0506787102	0.1254939026	0.1485641768	0.1361998223	-0.0377480161	0.0466883605	0.0531365235	-0.0526841041	-0.0297967751	-0.0073501963	-0.0497421579	-0.1300061885	-0.0479382044	-0.0257834643	-0.1021488482	0.0225361273	-0.0402588487	-0.0090883992	0.0557142071	-0.0677382427	0.0379110394	0.0348191336	-0.0088518092	-0.0113694135	0.0109211563	0.0913580626	-0.0420634146	-0.1176152193	-0.1020081952	-0.0285427674	0.1934214169	-0.0818651875	-0.1300453396	-0.065319448	-0.1014556697	-0.1250490471	0.0851464743	0.1083853913	0.0104092077	0.0895060254	-0.1102902444	-0.0073222099	0.0436416001	0.0052132007	0.129722289	-0.1139840944	-0.2177029972	0.0128428103	-0.003330477	-0.0384687192	0.1181009713	0.0010649139	0.0349088524	-0.065607236	0.0139675364	-0.1066314863	-0.0311099549	-0.1099366851	0.0984558041	0.0315303297	-0.0743064764	-0.147592062	-0.0386670804	-0.0971583119	0.0382897514	0.0450769193	-0.0280344135	0.0694946853	0.0126552648	-0.0031681979	-0.0124562964	-0.1940540079	-0.0672050823	0.0746085842	-0.0368474452	-0.0443437243	0.0366591632	0.1189139965	0.1170936064	0.1140802373	0.0351253	-0.0062568	3.914754624e-05	0.0012337867000899	-0.120504	0.0668449999999999	0.014521214016	0.0044682540249999	-0.196186	0.060467	0.038488946596	0.003656258089	-0.00351439	0.00078309	6.132299481000003e-07	1.23509370721e-05	-0.00201062	0.00015379	4.0425927844e-06	2.36513641e-08	-0.000372547	5.434500000000002e-05	1.3879126720899998e-07	2.953379025000002e-09	0.0	0.0	0.0	0.0	0.0	0.0	0.0	0.0	0.0	0.0	0.0	0.0	0.0	0.0	0.0	0.0	0.0	0.0	0.0	0.0	0.0	0.0	0.0	0.0	0.0
298.84223697401006	0.1528114517362837	89306.68259963038	0.0233513397817505	336.811827633288	0.5031673079960797	113442.20723367568	0.2531773398360217	215.3008559681722	0.0486269297188926	46354.45858062762	0.0023645782938861	215.4382126060379	416.9893050115864	1.280718	38.262787	0.0618393	0.0352226	0.041208804	-0.1288150081	0.0360600022	-0.0231254896	0.0176993448	0.1143707861	-0.0281616033	-0.1055894885	-0.0234963856	-0.0034144273	0.057087376	-0.05209915	0.0435177616	-0.0909101629	0.0143082093	0.0072023092	0.0745879047	-0.1056117101	-0.0082602011	-0.0553775124	-0.0151244844	0.0477361597	0.0486649221	0.1245637582	0.0684397912	-0.0934240052	-0.2198483021	0.0518204479	0.0032604838	0.0382563327	-0.0535070559	0.0801504582	-0.021795021	-0.0235974959	-0.0237947933	-0.0864416819	0.0637006656	0.0560886471	-0.0755995745	0.0067126948	0.0210800378	-0.0703519282	-0.1456036655	-0.027631747	-0.029112969	0.0790176063	0.1652397395	-0.0075756424	-0.1061850616	-0.1363555171	0.0023424494	0.0019413938	0.0690452857	0.067515327	-0.0436372104	-0.0572031721	0.0393449902	-0.0496989026	-0.0552308939	-0.1477492386	0.0916963975	-0.0192283257	0.0096053896	-0.0335926001	0.132750512	-0.0321553721	-0.0413630219	0.0332279947	0.0318535894	-0.0677812205	0.0517649266	0.054746058	-0.0317448965	0.2191749475	0.0711103023	-0.0057675323	-0.0888871505	0.0574080931	-0.1203270305	0.0755130154	-0.0270878843	0.0116318924	0.0522520158	0.0388616689	0.1323887096	-0.0541732961	0.0712738766	0.0477707509	0.0563416423	0.0890632132	-0.1438551763	-0.0992950767	-0.0903276567	0.0612876382	-0.0277351961	0.0877142698	0.0624356357	0.0371706291	0.0592855301	0.1433948905	0.0847120844	0.0018696103	0.0943388796	-0.0170950369	0.1305936227	-0.0359213257	-0.0640428553	0.0283862835	0.0462787799	0.0864435862	-0.0079778858	0.1379992879	-0.0186518036	0.0516484441	0.1118336685	-0.1260805236	0.0484530552	-0.0228002255	0.1369873927	-0.0273978177	0.0678732949	0.0294096199	-0.0323836742	-0.054835401	-0.0351192083	0.1347196538	0.0181351185	-0.0768389097	-0.0858120584	0.041297161	0.1186137044	0.1159000657	0.1114232278	0.040992	0.0058667	3.441816889000003e-05	0.001680344064	-0.125034	-0.00453	0.015633501156	2.0520900000000056e-05	-0.176355	0.0198309999999999	0.031101086025	0.0003932685609999	-0.0029196	0.00059479	3.537751441e-07	8.52406416e-06	-0.00202649	-1.5870000000000294e-05	4.106661720100001e-06	2.518569000000093e-10	-0.000350975	2.1571999999999976e-05	1.23183450625e-07	4.6535118399999903e-10	0.0	0.0	0.0	0.0	0.0	0.0	0.0	0.0	0.0	0.0	0.0	0.0	0.0	0.0	0.0	0.0	0.0	0.0	0.0	0.0	0.0	0.0	0.0	0.0	0.0
298.79786927058547	-0.0443677034245979	89280.16668064188	0.001968493107173	336.45096217657067	-0.3608654567173062	113199.2499495402	0.13022387785179	215.0405340036809	-0.2603219644912826	46242.431264588246	0.0677675251966006	215.074938252506	414.0779294183397	1.162109	34.719219	0.114644665	0.0639498	-0.0211929775	-0.0030060507	-0.1318960967	-0.0049100398	0.0608030095	0.0345305859	-0.0025121296	0.0895067313	-0.057738629	0.0472277657	0.0489756004	-0.0754924826	0.0734917617	-0.1848519054	0.0464194029	-0.0023536557	-0.0747027966	-0.0193589204	0.0045143958	0.0400481338	-0.1444798311	0.0301438488	0.0251050294	0.0741280626	0.0098583651	0.0033149579	-0.1176182032	0.1396091518	-0.1560022104	-0.1378304777	-0.0497094611	-0.0193428638	-0.0714591256	0.1521766784	-0.1159320149	-0.049187621	0.0692910349	0.1076590624	-0.0403320866	0.0809634156	0.1069151153	0.0979644802	-0.0493222011	0.0530558227	0.0056465168	-0.012535551	0.0922017211	-0.068027523	-0.0863653423	-0.0292806644	-0.0295942391	0.1183933729	-0.1275639465	0.0776349722	0.0999026929	-0.1915361213	-0.088863037	0.0082556171	-0.0814296979	0.0666906219	-0.0847710833	-0.0364466098	-0.0591782935	0.0878565901	-0.0044276845	0.0056369643	0.1079044546	0.0885938643	0.0340460013	-0.0496732497	0.0487171284	-0.0194727746	-0.0536950976	0.186270757	-0.1333981383	0.1436972068	0.098429517	0.0225862165	0.0071424165	-0.0494422323	-0.1765301518	0.0775257896	0.1768749647	-0.0034040663	0.0075789577	-0.0205295412	-0.0373096995	0.1009015049	-0.089876673	0.0535169513	-0.0746136364	-0.0386329664	-0.0871581016	0.0465388407	-0.0259447741	0.0576789648	0.1233668987	-0.037881474	-0.0051171945	-0.0541142848	-0.0401809466	-0.2109066821	-0.0848700136	-0.1971968342	-0.0297421716	-0.0435076125	-0.0479025699	-0.0170139871	0.0243681599	-0.0937564809	0.0522765081	0.1466949228	0.0263168232	-0.0056866813	-0.0493207952	0.0249251528	-0.0868085738	-0.1531461908	0.1959026868	0.0604937496	0.1106828286	0.0935063608	0.0342353197	-0.019918877	-0.1938707149	-0.0284651083	0.1303988429	-0.0719683227	0.0782754657	-0.0518150326	0.1182536866	0.1144731177	0.1082614433	0.0409432	-4.880000000000162e-05	2.381440000000158e-09	0.0016763456262399	-0.0775898	0.0474442	0.00602017706404	0.00225095211364	-0.141871	0.034484	0.020127380641	0.001189146256	-0.00300112	-8.151999999999986e-05	6.6455103999999775e-09	9.0067212544e-06	-0.00227191	-0.0002454199999999	5.161575048099999e-06	6.023097639999983e-08	-2.45617e-05	0.0003264133	6.0327710689e-10	1.0654564241689e-07	0.0	0.0	0.0	0.0	0.0	0.0	0.0	0.0	0.0	0.0	0.0	0.0	0.0	0.0	0.0	0.0	0.0	0.0	0.0	0.0	0.0	0.0	0.0	0.0	0.0
298.6887736509301	-0.1090956196553634	89214.98350509656	0.0119018542279877	336.7296905471133	0.2787283705426375	113386.88449595468	0.0776895045453538	215.42005869884363	0.3795246951627291	46405.801689813234	0.1440389942383624	215.652281533897	418.0879496670926	1.587393	47.425026	0.548516335	0.250485	-0.0203904403	-0.0164979664	0.2194899537	-0.2148103145	0.075545069	-0.0119824267	0.049504324	-0.1907521535	0.0265132688	-0.0193583303	-0.1555649855	-0.041873134	-0.0584255121	0.2155988307	0.003430452	-0.1157423637	0.1851764218	0.0445428431	-0.0232544347	0.0494894921	0.0643632154	0.0873143892	-0.2109736414	-0.0260430822	0.130596326	0.2108333491	0.1430093254	-0.0465267897	-0.0778522686	-0.0036107127	-0.1695672726	-0.0402818208	-0.1135446595	0.0106234029	-0.1160866953	-0.0453038542	-0.0441607002	0.0233309173	0.0561499374	-0.0440185729	-0.0249488858	-0.0687451566	-0.0995861487	0.0671820476	-0.0810493719	-0.0694793122	-0.0588432398	0.0382385191	0.039165214	0.1577779447	0.1328719088	-0.0783414782	-0.0737433014	0.1122791923	-0.0803332358	-0.1135670928	0.001621029	0.0892758559	0.0576586034	0.0204347776	0.0288040804	-0.0096513865	0.0175262831	-0.2262042184	-0.0023080719	-0.0191290055	-0.0024542811	-0.1323677315	0.060171192	-0.1101050296	-0.2006487971	0.1417872422	-0.0740214425	-0.1680399902	-0.1556392078	0.1451602987	0.0321851551	0.12934768	0.1206674948	0.0465560678	-0.066902849	0.0430693272	-0.0237808531	-0.053334521	-0.0608723223	0.0264999012	-0.0261668246	-0.0265821829	0.1181690642	0.0432329532	-0.1113578325	0.124398941	-0.0371448528	-0.0423126434	0.0239360381	-0.1399723438	-0.0409131965	0.0062399767	-0.0084358919	-0.1003696365	0.0748534764	-0.0502373044	0.0601724059	-0.1121952134	-0.166769555	0.0117425975	-0.0927331623	0.0931489772	-0.0821640905	0.1276147287	-0.2757132674	0.0295144719	-0.0005179815	-0.0093115909	0.0267774585	0.063514797	-0.0792003326	0.1637999709	-0.2150862651	-0.1274934266	-0.0456630865	-0.1131489631	-0.0299774781	0.1321787502	0.1158659603	0.0486116622	-0.117340066	0.1124019231	0.1896252705	0.0642260294	0.1178341246	0.112815636	0.1046092073	0.0239244	-0.0170188	0.00028963955344	0.0005723769153599	-0.241892	-0.1643022	0.058511739664	0.02699521292484	-0.305941	-0.16407	0.093599895481	0.0269189649	-0.00583009	-0.0028289699999999	8.003071260899999e-06	3.39899494081e-05	-0.00123625	0.0010356599999999	1.5283140624999998e-06	1.0725916355999998e-06	0.000173315	0.0001978767	3.0038089225e-08	3.9155188402890006e-08	1.0	0.0	0.0	0.0	0.0	0.0	0.0	0.0	0.0	0.0	0.0	0.0	0.0	0.0	0.0	0.0	0.0	0.0	0.0	0.0	0.0	0.0	0.0	0.0	0.0
298.951478972039	0.2627053211089105	89371.98677956949	0.0690140857389357	335.78958289654224	-0.9401076505710648	112754.6439818338	0.8838023946622473	215.76823992839712	0.3481812295534894	46555.93336179834	0.1212301686133796	215.915332892058	417.6193475233107	0.985962	29.456648	0.1503772499999999	0.0999663	-0.0254096274	0.0185643239	0.1420103612	-0.3037854844	0.0701052125	0.0533532306	0.159826509	-0.0734564008	-0.0187480214	-0.0020308751	-0.1608257248	-0.1228389881	-0.1062169299	0.1518505805	-0.0625144811	-0.2307392833	0.1080911851	0.0154735152	0.0395554352	0.0439480629	0.0536178728	0.0260360369	-0.2552702874	0.0239818832	0.0259868569	-0.0895891695	-0.063850541	0.1111341856	0.0078409798	0.0693664655	-0.0826708673	-0.0270810351	-0.0620703559	-0.2184031516	0.1148051554	0.0417842733	0.0337925639	-0.0262730869	0.0908635933	0.0942358757	-0.0252307108	-0.0115945641	0.0042742803	-0.0450981806	-0.057555088	-0.0114844629	-0.0057329846	0.0340057321	-0.0957083145	0.0242662832	-0.0011042957	-0.0120852739	-0.0122247857	-0.0015672518	0.125232077	0.0095234019	-0.0739822577	-0.1975553524	0.1218068499	-0.0820401782	-0.0564732418	0.0768034041	-0.1148741413	-0.2050909951	-0.0331561404	-0.0871079439	0.0079041769	-0.0713025024	-0.0121408374	-0.1394235534	-0.2152219844	-0.0206024278	0.0412136945	0.1630260246	-0.0937981233	-0.1000887137	-0.0399358398	0.10101013	-0.0025471043	0.0107461254	0.0722483175	-0.1611937658	-0.1358362591	0.0035064512	-6.43745e-05	0.0431872759	0.0564284723	0.0547044209	-0.0301646142	-0.1055690726	-0.0898013128	-0.0488554354	0.0816151241	-0.020555405	0.0234964279	-0.0486444802	0.0672125885	-0.0318317019	0.0977507755	0.0168438654	0.0178411512	-0.0160432796	-0.1045913255	0.0769549531	0.0707616378	-0.1576167557	-0.0972146898	0.1373292394	-0.0337703458	0.0198097535	-0.3119218972	0.0402976728	0.0700750082	0.0971182654	-0.0425585806	0.1456497715	0.0614895082	0.0931012139	-0.1596162488	-0.0910826464	-0.1845938645	-0.0844404793	-0.0285786262	0.2126663637	0.1225933122	0.1459674501	0.0181077966	0.0814300654	0.2036439577	-0.0846924832	0.1173552296	0.1109309587	0.1004830656	0.0325538	0.0086294	7.446654436000004e-05	0.00105974989444	-0.237698	0.004194	0.0565003392039999	1.7589636000000027e-05	-0.393763	-0.0878219999999999	0.1550493001689999	0.0077127036839999	-0.00531199	0.0005180999999999	2.684276099999996e-07	2.82172377601e-05	-0.00122627	9.979999999999928e-06	1.5037381129e-06	9.960039999999856e-11	0.000639872	0.000466557	4.09436176384e-07	2.17675434249e-07	0.0	0.0	0.0	0.0	0.0	0.0	0.0	0.0	0.0	0.0	0.0	0.0	0.0	0.0	0.0	0.0	0.0	0.0	0.0	0.0	0.0	0.0	0.0	0.0	0.0
298.7221235049065	-0.2293554671325068	89234.90707128061	0.0526039303035704	336.25840606472707	0.4688231681848265	113069.71564919088	0.2197951630268581	215.3507146930063	-0.4175252353908263	46375.9303187886	0.1743273221881649	215.4771349597729	418.8696839616496	1.38838	41.479305	0.49727575	0.258192	-0.0916217072	0.0014386945	0.1011720131	-0.0063478475	0.1061288584	-0.0482224909	-0.023767931	-0.0267897397	-0.0442249333	0.0303654403	0.1068395534	0.1359205922	-0.0413720519	-0.0004697226	0.0292182778	-0.0190347924	0.0980957792	0.0075648753	0.1002345758	-0.1126780818	-0.0291559949	0.0080351474	0.0001480095	0.0355381454	0.0255722835	0.1838507915	0.0810138336	0.1400878588	0.0078437308	0.0527378599	0.1061815241	0.0069477804	-0.0158396042	0.0489317172	0.0446679941	0.1123765563	-0.0373375078	-0.0090894646	-0.0137153221	-0.0544319783	0.0395503177	-0.0944264038	0.0599119735	-0.0650365217	0.0207521754	-0.0076223341	-0.1557356789	-0.0449322964	0.0725039793	-0.0043921469	0.1125628371	-0.0449994629	0.053478674	0.0125058658	0.0046832537	0.0689818842	-0.1159200148	-0.1191410569	-0.1071196535	-0.0995715019	0.0721336361	-0.0445693258	0.0503235	-0.0785539199	0.0018127652	-0.0885435268	-0.0689372591	0.1092430582	0.0099112348	-0.0368046249	0.0514201051	0.0338980298	-0.1108597695	-0.0887508724	-0.1904815469	-0.0739708942	-0.055761304	-0.0917908392	-0.0006836745	-0.0242742357	-0.0090971571	-0.017335137	-0.0401339384	0.0421613685	-0.0930209948	-0.0385722342	-0.0134581906	-0.1184203664	0.0039131772	0.0332108798	0.0173413853	0.0032596307	0.1162700668	-0.045535343	-0.0030437063	-0.2023871817	0.0641825476	-0.0757834849	-0.0568700798	0.0560644198	0.0518436418	0.021789358	0.0461640067	0.2025639739	0.1129549383	0.0303130855	-0.0552470437	-0.0299448836	-0.1066318119	0.0633975851	-0.021597748	0.0643124345	0.0359530545	-0.1886686512	0.1255542206	0.0051482987	-0.0423356281	0.0306462362	0.0634971417	-0.042605013	0.0023285345	0.0119339833	-0.0952885987	-0.0622625828	-0.0650447552	-0.0706965567	-0.124377743	0.0163219823	0.1345356134	0.1386123613	0.1168172427	0.1088228812	0.0959017104	0.0293422	-0.0032116	1.0314374560000012e-05	0.0008609647008399	-0.108978	0.12872	0.011876204484	0.0165688384	-0.170015	0.2237479999999999	0.028905100225	0.0500631675039999	-0.00313967	0.00217232	4.718974182400001e-06	9.8575277089e-06	-0.00154419	-0.0003179199999999	2.3845227561e-06	1.0107312639999998e-07	0.000298189	-0.000341683	8.891667972099999e-08	1.1674727248900001e-07	0.0	0.0	0.0	0.0	0.0	0.0	0.0	0.0	0.0	0.0	0.0	0.0	0.0	0.0	0.0	0.0	0.0	0.0	0.0	0.0	0.0	0.0	0.0	0.0	0.0
299.3895390671865	0.6674155622799844	89634.09610286239	0.4454435327735078	337.5770506324706	1.3186445677435472	113958.26511371764	1.7388234960395663	215.17398984305905	-0.1767248499472486	46299.84590498088	0.0312316725888775	215.33674356467097	420.1280048126036	1.175769	35.127308	0.20727005	0.129197	0.0035975211	-0.0948169179	0.0624194265	-0.139021357	-0.0076602504	0.1073228572	0.1047294902	-0.0629105656	-0.0448253382	0.0352363745	0.09866886	-0.0405664873	-0.0562065354	0.0768029741	-0.0162168648	-0.1166854701	0.0416222064	-0.0430646304	-0.1080748035	-0.122249668	-0.010165717	0.0838182953	-0.1078324831	-0.0548269878	0.0012380944	-0.0545014746	-0.0018353539	-0.0405300726	0.1123743811	-0.0162491389	0.0022611362	0.0550716348	0.0194584443	-0.0140928715	-0.0689411253	-0.1223914933	0.0213132653	0.040927142	0.0647741817	0.0378326153	0.0374977294	0.1707532453	0.006914662	-0.0583859114	-0.0633972661	0.0538371401	-0.0107357431	-0.1144239803	-0.1622337435	0.0488686491	0.0741714386	0.1864644143	-0.1037825907	-0.177689778	-0.2155031797	-0.0641582414	-0.0810536296	-0.0083307732	0.0309310663	0.0756399887	0.0212390471	0.0434324538	-0.1013745292	-0.0927434121	0.0681228892	0.0601571317	-0.0987450196	0.0476356511	0.0519522862	-0.0239810773	-0.1221419308	-0.0386057011	0.0404211642	0.0255470567	0.062148962	-0.1059067245	0.0233797472	0.0665299193	0.0009161019	0.0217980111	0.0246216416	0.013086525	0.1098013785	-0.1435453922	-0.0075356785	0.0887398324	-0.0560836108	0.1145478937	0.0077950659	0.0445672186	0.0613369917	-0.0613647183	-0.0500889944	-0.0021811769	-0.1272412292	0.0089572445	0.1261154161	0.0135785016	0.1675654691	0.0384203398	-0.187308415	-0.0556490493	0.17993861	-0.106851769	-0.20392488	-0.0033508057	-0.0608076149	0.1220647481	0.034463832	0.0517832824	-0.107171629	-0.0301020255	0.0021881552	0.1323314318	0.1055226363	0.1206919475	-0.0846946815	-0.0344224256	0.0301236071	0.0368603477	-0.031247219	0.0899899472	-0.1470074315	0.0397896177	0.0056033593	0.0464760026	-0.1070030864	-0.1217359069	0.0271519012	-0.0067944074	0.1162204348	0.1064956489	0.0908858965	0.0243203	-0.0050218999999999	2.5219479609999997e-05	0.00059147699209	-0.198559	-0.089581	0.039425676481	0.008024755561	-0.244892	-0.074877	0.059972091664	0.005606565129	-0.00248142	0.00065825	4.332930625e-07	6.157445216399999e-06	-0.0015522	-8.010000000000135e-06	2.4093248400000003e-06	6.416010000000217e-11	0.000387732	8.954300000000003e-05	1.50336103824e-07	8.017948849000005e-09	0.0	0.0	0.0	0.0	0.0	0.0	0.0	0.0	0.0	0.0	0.0	0.0	0.0	0.0	0.0	0.0	0.0	0.0	0.0	0.0	0.0	0.0	0.0	0.0	0.0
299.1458527202233	-0.2436863469632157	89488.24119970952	0.0593830356962767	336.595332379465	-0.9817182530056244	113296.41777964252	0.963770728284415	214.90502897477307	-0.2689608682859727	46184.17147864805	0.0723399486691444	214.9716304748605	418.3242592782678	1.594992	47.652042	0.6058207000000001	0.372332	-0.0160866157	0.0216193433	-0.1760874476	0.2001188422	0.0669907092	0.0042577156	-0.09985621	0.198142033	0.1345919407	0.2090515567	0.1629446435	0.1524497739	0.0677244296	-0.094740483	0.1276478849	0.0932982324	-0.1649720402	-0.0544575855	0.1979203457	-0.1177682464	-0.1443812739	-0.0576700142	0.1531707417	-0.091750244	0.0266346817	-0.0768702673	-0.0794019004	0.0887744518	-0.0075357188	0.0154028042	0.2203708487	-0.062616232	0.0143908832	-0.0468378797	0.0703483945	-0.0755022034	0.0598300677	0.0399200268	-0.019184488	0.1442355778	0.0377604809	0.0768571807	0.0171912324	0.0971459416	-0.0898427731	-0.2083027111	0.0828737749	0.2271087807	0.0833753215	0.0102280769	0.0092518433	0.0559222882	-0.0349868831	-0.0997358781	-0.0119546705	0.0071312923	0.1527399632	-0.0368052757	0.150574525	0.0806709284	0.1134584733	-0.136818067	-0.0221303667	0.2130556966	-0.0468234255	-0.1585251028	-0.0522396294	0.2016694068	-0.0134772094	0.1765822374	0.0897714235	-0.0051583137	0.0165863769	0.1040752069	0.0286649328	-0.0443905251	-0.0710396377	-0.1578609803	0.0564114085	-0.0326342091	0.0073361734	-0.0901277866	0.1401406815	0.0607837023	0.056788962	0.0529532831	0.0159772418	0.0232275071	-0.1191178676	-0.1804321602	-0.1608126148	0.051591901	-0.0642357207	-0.0746482487	0.1880692824	0.0649440443	-0.1437526511	0.048783263	0.0476962356	-0.1129049994	-0.063162911	0.0965686318	0.152987259	-0.0932189125	0.0840437928	-0.1297656733	-0.0142168834	-0.1873611655	0.0323909214	-0.0870514265	0.2254433475	0.1651233217	0.026956741	-0.0694276952	0.0302905436	-0.0238071422	-0.0731909892	-0.2067835919	0.1554691307	-0.0190346652	-0.0086024605	0.0995053247	0.0952882959	0.1156462517	-0.0829341094	0.1371501302	-0.1030785038	0.1742839965	0.2122809213	-0.0152468264	0.1155651064	0.1039539485	0.0854583468	0.0471506	0.0228303	0.00052122259809	0.00222317908036	0.0604582	0.2590172	0.0036551939472399	0.06708990989584	0.0280269	0.2729189	0.00078550712361	0.07448472597721	-0.00193783	0.0005435899999999	2.954900880999998e-07	3.7551851089e-06	-0.00200643	-0.0004542299999999	4.0257613449000005e-06	2.0632489289999992e-07	0.000364466	-2.326600000000003e-05	1.32835465156e-07	5.413067560000015e-10	0.0	1.0	0.0	0.0	0.0	0.0	0.0	0.0	0.0	0.0	0.0	0.0	0.0	0.0	0.0	0.0	0.0	0.0	0.0	0.0	0.0	0.0	0.0	0.0	0.0
299.34477823662826	0.1989255164049836	89607.29625753615	0.0395713610769894	335.7938323168012	-0.8015000626638198	112757.49782200398	0.6424023504501071	215.24696350097656	0.3419345262034881	46331.25529639074	0.1169192202100038	215.29074139451853	416.1552808456944	1.023218	30.569687	0.41289415	0.255986	0.0341533294	-0.0622408957	-0.0989524544	0.0700933032	0.0070054296	0.0672073481	-0.0208685554	0.0107473929	-0.0574125261	0.165190054	0.0288155407	0.013294401	-0.0415124488	-0.091097663	-0.0008523293	0.0210553959	-0.0017163643	-0.0931705001	0.0243312195	0.0251129041	-0.0875972755	0.0725836689	0.0969519829	0.1695621241	0.0409435255	-0.0884594155	0.1036000035	-0.1209200092	-0.0118443947	-0.0403079348	0.0293320687	0.1451966841	-0.0069475886	-0.002126634	0.0634504626	-0.0003159849	0.0180957375	-0.0337362435	0.2375481746	-0.0816552748	-0.0844931017	-0.1228807826	0.0510983014	0.1579915029	-0.0336677476	-0.1650341496	-0.0888189923	-0.1140834885	0.0991546183	0.1535390241	-0.0702387064	-0.0836242874	-0.0338374679	0.0102349794	0.0504410646	0.0712498883	-0.0747148661	0.1135180076	0.1342272371	0.0517551659	0.1606378755	-0.0035212959	0.0039823487	0.0394756979	0.0802763177	-0.0370063787	0.0577946579	0.0726620012	0.0664310146	-0.1006448323	0.138339382	0.0853972009	0.0549636225	-0.0032036678	0.1185776219	0.0435807187	0.1390241301	-0.0280677733	-0.0995369474	0.05554449	-0.015582756	-0.0989278219	-0.0327534252	-0.0562748289	-0.1510081914	0.192622363	0.0430166203	-0.0495282341	0.0957949869	-0.1208076089	0.0354506714	0.2178128487	0.02940239	0.0057480169	-0.1019820102	-0.0070881372	-0.0429031862	-0.1189922134	-0.0923844869	-0.0519321157	0.0209445704	0.0900626224	0.0185729319	0.0508246563	-0.0299139119	-0.0874139487	-0.0234691121	0.0023091941	0.063118445	-0.0042504943	0.1058555998	0.0125723541	0.1059408282	0.0423599776	0.1016879551	-0.0220728078	0.1045952783	-0.086151375	0.1030970174	0.0396188107	0.0209090751	-0.0534442047	-0.0127706202	0.1295340822	0.1180857912	0.0346261081	-0.0517675941	-0.0331563007	0.1592505571	0.0095668096	0.1148515874	0.1012028987	0.0796436494	0.0485468	0.0013962	1.949374440000001e-06	0.00235679179024	-0.122836	-0.1832942	0.015088682896	0.03359676375364	-0.136234	-0.1642609	0.018559702756	0.0269816432688099	-0.00155249	0.00038534	1.4848691560000008e-07	2.4102252001e-06	-0.00119822	0.00080821	1.4357311684e-06	6.532034041e-07	0.000449773	8.530700000000002e-05	2.02295751529e-07	7.277284249000002e-09	0.0	0.0	0.0	0.0	0.0	0.0	0.0	0.0	0.0	0.0	0.0	0.0	0.0	0.0	0.0	0.0	0.0	0.0	0.0	0.0	0.0	0.0	0.0	0.0	0.0
298.78122611330326	-0.563552123324996	89270.22107776885	0.3175909957041115	336.5236685755965	0.7298362587953307	113248.17951157792	0.5326609646523649	215.2955320591958	0.0485685582192445	46352.16612465221	0.0023589048474961	215.5702231677935	422.25556946454327	0.976273	29.167162	0.1209231	0.0623434	-0.0680081855	-0.0421683895	0.0607318706	0.0494653495	0.0411953436	-0.0456732923	0.0828001429	-0.0632578904	-0.0446604842	0.128438986	0.0582893322	0.0225240675	-0.0462206733	0.0411485423	-0.0240215753	-0.0232747155	0.0850733773	0.011584485	0.0089565739	0.0632293566	-0.0828687557	-0.0095905524	0.0147231549	-0.0939164192	-0.0176413931	-0.1104288186	0.0005600824	-0.0496471766	0.0752571834	-0.1609727117	-0.0040602116	0.1512930699	0.2703741058	0.0882078424	0.032119427	-0.0118826089	0.0592512309	-0.039845213	0.0228379327	-0.0302686221	0.1068969275	-0.0191046964	-0.0300125228	-0.0688496436	0.014075914	-0.0179839839	0.0111988471	-0.0299329907	0.0046832337	0.1022927436	-0.0482215614	-0.0590495064	-0.0325753768	-0.149375417	0.0246286399	-0.1173882516	0.0510374151	0.0576651955	-0.1325094613	-0.1142701923	-0.047110646	0.0195349264	0.0382164127	-0.0996280533	-0.0047999208	-0.01513517	0.0957037442	0.0682998491	-0.0122432096	0.0787811454	-0.0383462491	-0.0089485469	0.0391254161	0.0335445689	0.1198200189	-0.0607385111	0.1981741651	-0.0505677558	-0.1890857946	-0.0981913423	0.1565315239	0.1202829732	0.0616000679	0.0180524372	0.0108896108	0.0219218889	-0.0297501465	-0.0126665592	-0.0325560854	0.0455362464	0.0221656501	-0.0332057645	0.0038138059	0.0018249235	-0.1265840991	-0.1184288406	-0.0326251002	-0.055631874	-0.0299379189	-0.034893344	-0.1655617704	0.0433944455	-0.0307294271	-0.0998802937	0.1051263821	0.0785941142	-0.0132710732	0.0489041184	-0.0598783531	0.0387471962	0.0375682408	-0.1012317989	0.0312409342	-0.0296110034	0.1066510018	0.0925414073	0.0598926742	-0.0507051073	0.0138480427	0.0937759724	0.0589131042	0.0330641478	-0.1635882043	-0.0214140904	0.0563716527	-0.04939201	-0.029322983	-0.1789402168	0.0558130267	0.1822349223	0.1140802373	0.0982480398	0.0734681463	0.0236027	-0.0249441	0.00062220812481	0.00055708744729	-0.141902	-0.019066	0.020136177604	0.0003635123559999	-0.184933	-0.0486989999999999	0.0342002144889999	0.0023715926009999	-0.00138242	0.0001700699999999	2.8923804899999938e-08	1.9110850564e-06	-0.000985048	0.0002131719999999	9.703195623040002e-07	4.544230158399999e-08	0.000268735	-0.000181038	7.2218500225e-08	3.2774757444000006e-08	0.0	0.0	0.0	0.0	0.0	0.0	0.0	0.0	0.0	0.0	0.0	0.0	0.0	0.0	0.0	0.0	0.0	0.0	0.0	0.0	0.0	0.0	0.0	0.0	0.0
298.44614898249785	-0.3350771308054163	89070.1038424833	0.1122766835887901	335.7720894302641	-0.7515791453324141	112742.89604036526	0.564871211698602	215.0804567589665	-0.2150753002293015	46259.60287964566	0.0462573847687242	215.1550155662847	413.5840920572477	0.939338	28.063696	0.06308605	0.0403308	0.0458628054	-0.0698463522	-0.0693850213	0.0493121896	-0.0200382591	0.0503097986	0.016192201	-0.0194206211	-0.0875025627	0.0869942973	0.0176638413	-0.0464850338	-0.0716793281	0.0018271212	-0.0255198009	-0.0316657636	0.005725017	-0.0818104716	-0.045465181	0.034364531	0.0077875368	-0.0782610866	-0.0058352468	0.0031372308	-0.0353096482	-0.0311130403	-0.0181305574	-0.0161287956	0.1232106307	0.1195408177	0.0230923831	-0.0430842299	0.1051599121	0.0431005892	-0.0538163848	-0.0071089813	-0.0141934463	0.0107043914	-0.0612302664	0.18192299	-0.0883012227	0.147127114	-0.011745742	0.1254984525	-0.0292589911	0.0215228792	0.0598015551	-0.1499207231	0.0376856725	0.0955237538	-0.0850835119	-0.0642129568	0.0860371604	-0.1440042604	0.1942336715	-0.0629678917	0.016157271	0.0512849926	0.0340890002	0.0406352404	-0.0018209776	0.0367675479	-0.0329248093	-0.0037823875	0.0858519413	0.017810458	0.0547657158	-0.0193342606	-0.0687425624	-0.0293887054	-0.001848638	-0.0376742713	0.0600060427	-0.0415103279	0.041030671	-0.0519760221	-0.154247413	0.0399474909	-0.0346527471	-0.1293728714	0.0179205614	0.0078421197	0.1211674228	-0.1129746012	-0.0117364176	-0.0672493124	-0.0379582988	0.1813160311	-0.0551359729	-0.1283464733	0.1067215514	0.0707853818	-0.1012328677	0.0151494187	-0.0823246971	-0.0331370237	-0.0054803155	-0.0152752876	-0.0602111482	-0.0243589288	-0.1162135666	0.047521211	-0.1846377306	-0.044816412	0.1071851523	0.0006833576	0.0046507338	0.0514489515	0.0759863299	0.0219681025	0.0829162704	-0.0858347888	-0.0070163066	0.0659915531	0.0672493881	0.0821416578	0.0127739061	-0.0155689154	0.0177036749	0.1399458667	-0.0053562214	0.0345075741	-0.0152846325	-0.026091194	0.0021639742	-0.0035632911	-0.0199006426	-0.0378373623	0.1052917738	0.0124694552	0.1132514443	0.0950953223	0.0669598143	0.0168361	-0.0067666	4.5786875560000016e-05	0.00028345426321	-0.136106	0.0057959999999999	0.018524843236	3.3593615999999946e-05	-0.216946	-0.032013	0.047065566916	0.001024832169	-0.00102508	0.00035734	1.2769187560000002e-07	1.0507890064000002e-06	-0.000985048	0.0	9.703195623040002e-07	0.0	0.000255866	-1.2868999999999988e-05	6.546740995599999e-08	1.656111609999997e-10	0.0	0.0	0.0	0.0	0.0	0.0	0.0	0.0	0.0	0.0	0.0	0.0	0.0	0.0	0.0	0.0	0.0	0.0	0.0	0.0	0.0	0.0	0.0	0.0	0.0
298.02469126502945	-0.4214577174683995	88818.71660361612	0.1776266076136733	335.78271735566005	0.0106279253959655	112750.03327475108	0.0001129527982222	214.8844843384446	-0.1959724205219117	46175.34160939924	0.038405189605217	215.1740424469006	419.1210550892397	1.217582	36.376534	0.12808191	0.0559817	-0.1538914164	0.0754164123	-0.0573332257	0.0232684949	0.0667040535	-0.1173907238	0.118975181	0.0811265061	-0.0472179394	0.0373354817	-0.0081420218	0.1698428158	-0.0922410157	0.0155696434	0.0172855832	-0.0239831472	0.0160347747	0.202182601	-0.071487742	0.1004999435	-0.1099849881	-0.1102261219	0.0965806172	-0.046639331	-0.0611429866	-0.0030377813	0.0086433756	0.0333767773	0.0823273212	-0.1866791579	0.0260781945	0.0227278393	0.129206151	0.0107253535	-0.0148191141	0.0444987243	-0.1067662068	0.0855273108	0.1074629596	-0.0608470087	0.0660139715	-0.1543347599	0.0449559805	-0.0826754134	0.1058287858	0.0369570757	-0.0287329909	-0.1390232956	0.1490506108	0.0820093914	-0.0077701882	0.0994221958	0.048796156	0.0126572466	-0.0039912991	-0.0718382873	-0.0070005358	-0.1776907729	0.0258232243	0.0253466855	-0.0140970199	-0.0036448419	0.0131391213	-0.0734189399	-0.1720072047	0.1186324545	0.1118643894	0.077495473	-0.090248299	0.1407535641	0.0447661469	-0.0580118294	-0.0450179668	0.0430401189	0.0283335339	-0.0961619298	0.1782807522	-0.01485821	-0.0309476801	-0.08880198	0.0389324001	0.0930778884	-0.0562880837	-0.1131139603	-0.091463299	-0.0208794612	0.0990177411	-0.1285439207	0.0214826262	0.038116147	0.0264194023	0.0009405274	0.1460655202	0.0444897412	-0.0773074484	-0.0401190516	-0.0542243832	-0.0671202693	-0.1592012729	-0.0402999227	-0.0562926352	-0.0652301364	0.0798962691	-0.0084969101	0.024979597	-0.0731361256	0.0183831163	0.0227430263	-0.1364499394	-0.1137879097	0.0550761233	-0.0893048741	-0.0175047504	-0.0605249949	-0.0397065148	0.1737345514	0.0370235758	-0.0676286038	0.0668420041	0.0833752743	-0.0533753822	0.1397029646	-0.1922819682	-0.0423617056	0.0548044829	-0.1304526616	0.1048427463	-0.1731395549	0.1009025885	0.1028933797	0.1123656258	0.0917510955	0.0601481375	0.00471703	-0.01211907	0.0001468718576648	2.22503720209e-05	-0.107618	0.028488	0.011581633924	0.000811566144	-0.174399	0.042547	0.030415011201	0.001810247209	-0.000555931	0.000469149	2.201007842010001e-07	3.09059276761e-07	-0.00121027	-0.0002252219999999	1.4647534729000002e-06	5.072494928399998e-08	5.16802e-05	-0.0002041857999999	2.67084307204e-09	4.169184092164e-08	0.0	0.0	0.0	0.0	0.0	0.0	0.0	0.0	0.0	0.0	0.0	0.0	0.0	0.0	0.0	0.0	0.0	0.0	0.0	0.0	0.0	0.0	0.0	0.0	0.0
297.42981670019964	-0.5948745648298086	88464.49586231436	0.3538757478814541	334.1908407977649	-1.591876557895148	111683.51807311704	2.534070975576104	214.41511927061524	-0.4693650678293579	45973.84337183216	0.2203035668984578	214.44739665064407	406.97395663646	1.747888	52.219959	0.28246415	0.175258	0.1156702219	-0.0492745756	-0.07677014	0.2564008547	-0.0751292671	0.0373186535	-0.3200724005	-0.0534100207	-0.1428474812	0.0308349282	0.0002982865	0.0268736568	-0.0419831783	-0.0806697224	0.0980448034	0.2638843058	-0.0527559208	-0.1404930698	-0.0529828301	0.0911038696	-0.0027182355	0.0074460108	0.0677754937	0.2077355026	-0.0175737738	0.154289589	0.2119292458	0.0119899193	-0.0955504094	0.0609137168	0.1956364682	0.0921436815	-0.02144765	-0.1161212487	-0.090354485	-0.0844681421	0.0075394773	0.1633575192	-0.0300444546	-0.062754715	0.0553321882	0.043010214	-0.0589142587	-0.2112169032	-0.0979215631	0.0526284183	-0.074734697	-0.0101228882	-0.2107659761	0.0546830726	0.0749438078	-0.0426637621	0.0827988513	0.060935228	0.0665178247	0.1480634437	-0.0685044871	-0.0268784766	-0.0553669534	-0.0045097336	-0.0643742122	-0.122526653	0.1486321255	0.1913319936	0.1745652164	0.0820527572	0.1064590644	-0.0306187648	-0.013054561	-0.1608129445	0.1722204732	0.0396905151	-0.049182325	-0.1912458301	-0.1083089599	0.0621502957	-0.0066775162	-0.1837818021	0.0101488634	0.0622125809	0.0165013766	-0.1178736039	0.0901191219	-0.142397918	0.0683981079	0.0492535982	-0.0288672178	-0.059165044	0.1139041384	0.0737803057	-0.131467815	-0.1898509136	0.1230880417	-0.1162788273	-0.1023142801	-0.0740506006	-0.0281892411	0.023882078	0.1839494281	0.1048234417	0.0251889189	-0.0604153606	-0.1060091951	0.1115090002	-0.0217274481	0.018906447	0.0337324258	-0.1667289351	0.091917151	0.0852959891	0.2054361137	0.0572418836	-0.1161697068	-0.067308474	0.1249182214	-0.1066836545	-0.0832079276	0.0962075799	0.060013895	-0.0418163651	-0.0992267204	-0.0607522711	0.1326069317	0.0380096754	0.0392269825	0.0387763801	-0.178078425	0.2324926374	0.1066425201	0.0293143178	0.1114232278	0.0882220943	0.0530639746	-0.00436356	-0.00908059	8.245711474809999e-05	1.90406558736e-05	-0.00597795	0.10164005	3.5735886202500004e-05	0.0103306997640025	-0.0365356	0.1378634	0.00133485006736	0.0190063170595599	-0.000812123	-0.000256192	6.563434086400003e-08	6.59543767129e-07	-0.000985048	0.0002252219999999	9.703195623040002e-07	5.072494928399998e-08	-0.000144508	-0.0001961882	2.0882562064e-08	3.8489809819240014e-08	0.0	0.0	1.0	0.0	0.0	0.0	0.0	0.0	0.0	0.0	0.0	0.0	0.0	0.0	0.0	0.0	0.0	0.0	0.0	0.0	0.0	0.0	0.0	0.0	0.0
299.0275547480639	1.5977380478642544	89417.47849860635	2.5527668695930785	335.33637421394326	1.1455334161783526	112450.4838709538	1.3122468075812468	215.08463595087164	0.6695166802564074	46261.400622118985	0.4482525851415605	215.0677422400619	410.09322153196	1.371097	40.96294	0.23689201	0.129038	0.0311751513	0.02281802	-0.2230302573	0.0559222853	-0.106682408	0.1022178354	-0.0584406499	0.1572931013	-0.1407149703	0.0322997567	-0.1074694233	-0.0753525476	0.1274231779	-0.0418073288	-0.0181316202	0.0121313339	-0.1969796127	0.0251779823	-0.0179859935	0.1647503252	0.0136422576	0.2396710975	0.0231011692	0.038598577	-0.1933450817	-0.0396425074	-0.039520835	0.0456394516	-0.0183447416	0.0764866205	0.1299924579	0.0204298052	0.0464358848	0.0114603774	0.1528406801	-0.0395059163	0.0247340538	-0.0149360395	0.0783081281	-0.0403423487	0.0590216536	-0.100138215	0.0583924456	0.2073947145	0.122657606	0.0469347631	-0.0318673025	-0.0066399785	0.0633527125	0.0590866669	-0.1230887771	0.1025061679	0.1357838872	0.0721883785	-0.0563609609	-0.1532893133	0.0359693206	-0.0326916828	-0.0673261426	-0.0907989769	-0.0350469996	0.0296886834	-0.1076909626	0.1780649542	-0.0563967306	0.0379907614	0.1062532119	-0.1083755815	0.2040284721	-0.0475456929	0.0596969827	-0.2235829523	-0.011530319	0.0567696467	0.0214895026	-0.0268753413	-0.0306591359	-0.1065439619	-0.0425154616	0.0859153613	0.0654739606	-0.0514647833	0.0197639066	0.0411173151	-0.094089871	0.1057605111	0.1367832368	-0.0587791413	-0.029347426	-0.0062234343	0.0439919943	0.1609993004	-0.0967554129	0.059012108	0.0004433031	0.0692635801	-0.1113973206	-0.2152136648	-0.134003078	0.1297586993	0.0245217184	-0.0739565046	0.0614919118	-0.0488443905	0.043306499	0.0882965413	0.0369171188	0.004374899	0.1015159039	-0.1464016011	0.1226898985	-0.0833242564	0.0175924907	0.1299909636	-0.1853030493	-0.0474561059	-0.0120203917	-0.0432507377	0.0533227759	0.042060694	0.0213281415	-0.1275201266	-0.0258321802	0.0553116262	0.1210970561	-0.0084704087	0.0579190152	0.0339612529	-0.0401855709	-0.0500025785	0.1104247249	0.0845154255	0.0457394187	0.00981155	0.01417511	0.0002009337435121	9.62665134025e-05	-0.0875969	-0.08161895	0.00767321688961	0.0066616529991025	-0.122884	-0.0863483999999999	0.0151004774559999	0.0074560461825599	-0.000696597	0.000115526	1.3346256676000005e-08	4.85247380409e-07	-0.000265829	0.000719219	7.066505724099998e-08	5.172759699610001e-07	0.000115738	0.000260246	1.3395284643999998e-08	6.772798051600002e-08	0.0	0.0	0.0	0.0	0.0	0.0	0.0	0.0	0.0	0.0	0.0	0.0	0.0	0.0	0.0	0.0	0.0	0.0	0.0	0.0	0.0	0.0	0.0	0.0	0.0
298.63509557913034	-0.3924591689335557	89182.92031155631	0.1540241992800172	335.1588531988008	-0.1775210151424744	112331.4568775353	0.0315137108172146	215.0618687828645	-0.0227671680071352	46251.60740437803	0.0005183439390651	215.2217069681676	418.27453520176095	1.215358	36.310093	0.1245413699999999	0.0729403	-0.0663122455	0.0829793402	-0.0580335667	0.1895456841	0.030103291	-0.1008052781	-0.1027725815	0.0568582155	0.0124836462	0.1252509776	-0.0402757812	0.1954185714	0.1874125387	0.0843892148	0.0139633439	0.1422314588	-0.0348726091	0.0465626908	0.0528502618	-0.0194518305	-0.0683641366	0.1328584533	-0.0081655145	-0.0915756125	-0.0956908411	0.0102960196	0.1295248831	-0.0409818654	0.067169217	-0.1211136226	0.0422269322	-0.0255737761	-0.0235478092	-0.0217858321	0.0912988968	-0.0234408481	0.143626421	0.0154495786	-0.0209108955	0.1351682734	-0.0181458838	-0.0900302629	0.0098324375	-0.1942933634	0.0308212765	-0.0168041325	0.073442408	0.1832334556	-0.0461217577	0.0157606617	0.150393641	-0.0111805864	-0.1163259114	0.0466589804	-0.0691870383	-0.1098407723	-0.0039445927	0.2225073345	-0.0443419953	-0.0959069154	0.0789074029	-0.0427169367	0.1114742123	0.0918089743	-0.0546541671	-0.0228253142	0.0233329388	0.0530389535	0.1664229889	0.0895545422	-0.0231601429	-0.0802088882	0.0113462138	-0.1398555852	0.0408562246	-0.0757534288	0.1197963229	-0.0387331662	0.0449251034	-0.0311507413	0.0151186196	-0.0228179966	-0.0060162183	0.129393201	0.0212443938	0.0511536493	0.1550695643	0.11575698	0.0124890799	0.0148359541	-0.0765951554	-0.1737973935	0.0670699618	0.0214049626	0.0911068858	-0.1336903622	-0.0114054455	0.0642413821	0.095464121	-0.0774329288	-0.0146742117	-0.0762758189	0.1351951636	-0.0122396536	-0.052688046	0.1591381286	0.0461397657	-0.1293507268	-0.0643568987	-0.027769257	0.1617746526	-0.0626131677	-0.007079943	-0.144088842	-0.0166714101	0.0149180751	0.0204344679	-0.034980376	-0.0967608677	-0.0111435696	0.0691806201	-0.0598013702	0.0505136385	0.1861179978	0.1730078675	-0.0978842299	0.0411911525	0.0119611071	0.0052706524	0.0034942863	0.1093706198	0.0806385538	0.0382076517	0.00170013	-0.00811142	6.579513441640002e-05	2.8904420169e-06	-0.0460249	0.041572	0.00211829142001	0.001728231184	-0.06145	0.0614339999999999	0.0037761024999999	0.0037741363559999	-0.000490101	0.000206496	4.264059801600001e-08	2.40198990201e-07	-0.000265829	0.0	7.066505724099998e-08	0.0	5.3755e-05	-6.198299999999999e-05	2.889600025e-09	3.841892288999999e-09	0.0	0.0	0.0	0.0	0.0	0.0	0.0	0.0	0.0	0.0	0.0	0.0	0.0	0.0	0.0	0.0	0.0	0.0	0.0	0.0	0.0	0.0	0.0	0.0	0.0
299.0318559052347	0.3967603261043564	89420.05084612904	0.1574187563704352	337.0868203585798	1.9279671597790295	113627.52445945746	3.717057369186419	215.10623504941827	0.0443662665537658	46270.69235713558	0.0019683656079198	215.2215066864118	417.0839957456936	1.296069	38.721394	0.186823845	0.110097	0.0657690635	-0.0834460852	-0.0554168373	0.0688157463	-0.1216778034	0.0858518228	0.0456946069	0.0611093844	0.0252125893	0.1342645443	0.1622819955	0.0018786296	-0.1403551862	0.0980989869	-0.0661106311	-0.0440707213	-0.0749623524	-0.0926187009	-0.0665958682	-0.082200638	-0.0637431318	-0.0625029439	-0.0994400722	-0.0482491724	-0.1265388354	-0.0936540888	0.0459581663	-0.0717398604	0.0600081812	0.0400882582	0.0873267134	0.0362815031	0.0166337991	0.1124349567	-0.0047436727	0.0343119477	-0.1001112406	0.0334713929	-0.0176506671	-0.0834111989	-0.0105017348	0.0193056633	0.0782280108	-0.1551652447	-0.0882941876	-0.1076189738	-0.0930949096	-0.0081143105	-0.030799537	-0.0661831629	-0.230320484	-0.037656682	-0.0515435953	0.0645352953	-0.066602596	0.2459974023	-0.1099155783	0.0850135929	0.1247020289	0.0169021028	-0.1037195308	0.074134051	-0.084662061	0.0376949908	0.0771614267	0.0297803821	-0.0481663384	0.1155699619	-0.0754931816	-0.0142132757	-0.1014639952	-0.1415125936	0.0816923912	-0.125500791	0.119003674	-0.0529894763	-0.0101326011	-0.0928715959	-0.0749108307	0.0133124487	-0.0261842188	0.0546236107	0.0294695347	0.0168650338	-0.0669158631	-0.0618100813	-0.0234703868	-0.1115578552	0.0023205652	-0.0237874319	0.0137093429	-0.0425490282	0.1629166015	-0.1070733205	-0.0346410194	0.2033726268	0.0234238348	-0.0415838517	0.0678537097	-0.1222545333	0.0284445619	0.1011548659	-0.0851230105	0.1701449145	-0.2432718585	-0.0451863902	0.0397977313	0.0478878928	0.1089778944	-0.0055666561	0.0950249646	-0.1541458224	-0.0439087313	0.1260605346	0.1093946298	0.080150845	-0.0168081336	-0.0496208764	-0.0101004089	0.1024354605	-0.0079716719	-0.1068947471	-0.0003877861	-0.0674758742	0.0704227549	-0.0177331565	-0.1118258937	0.0448581117	-0.1405289697	0.137652041	0.1082614433	0.0765992869	0.0305027946	-0.00388422	-0.00558435	3.11849649225e-05	1.50871650084e-05	-0.113221	-0.0671961	0.012818994841	0.00451531585521	-0.148305	-0.0868549999999999	0.0219943730249999	0.0075437910249999	-0.000654949	-0.000164848	2.717486310400003e-08	4.289581926010001e-07	8.97729e-05	0.0003556018999999	8.05917357441e-09	1.2645271128361e-07	7.7073e-05	2.3318e-05	5.940247329e-09	5.437291239999997e-10	0.0	0.0	0.0	0.0	0.0	0.0	0.0	0.0	0.0	0.0	0.0	0.0	0.0	0.0	0.0	0.0	0.0	0.0	0.0	0.0	0.0	0.0	0.0	0.0	0.0
298.4227563454917	-0.6090995597430151	89056.14150484069	0.3710022736791348	335.4426938984301	-1.644126460149721	112521.80088983588	2.703151816964452	214.9196193991908	-0.1866156502274805	46190.44280269303	0.0348254009098253	215.01588948640205	410.71036459385374	1.220796	36.472546	0.261929105	0.163687	0.0270840793	0.0906824039	-0.198492745	0.1592306495	-0.0124494394	-0.0684515126	-0.09062605	0.137196483	0.0577283577	0.1329662756	-0.0605314626	0.0250229477	0.0891949523	0.0123957405	0.0276503736	0.1111049261	-0.1750018038	0.0386183923	0.0793151138	-0.1211374917	-0.0438147689	-0.0774322026	0.097107634	-0.1618265059	0.0301681395	-0.1638280088	0.1268087764	-0.011114559	-0.0936070711	0.0661668892	-0.0995086457	-0.1644049781	-0.0665953726	-0.0121160875	-0.0721709259	-0.0495259971	0.0274193862	-0.01080305	-0.0500309781	-0.1991549461	0.0016712964	0.1013612141	0.1566276888	0.0082825772	-0.0401639307	0.0164814941	0.1471453941	-0.0429738411	0.011542365	0.0067675943	-0.1134164553	-0.0433334813	0.1877561033	-0.0257824149	-0.1558038056	-0.0141046497	-0.2339628443	0.1767638042	0.1232807345	-0.0364432086	-0.0086658191	-0.0394633238	0.0278265308	0.1836284455	-0.0902570865	-0.0245172268	-0.0597814867	0.0983505407	0.0134737753	0.1402914676	0.0074284405	0.0811454609	0.2905754966	-0.0250663453	-0.072973134	0.0533256654	-0.0469616242	0.0735438779	0.1384189986	0.0073655693	-0.0503556585	-0.0101867615	0.0788739642	0.0329932967	0.1331237208	0.0784669095	-0.099693992	-0.1284364016	-0.014460828	-0.0483320333	0.0879532975	-0.1289619159	-0.1027481599	0.1594102318	-0.0711721824	0.0328690441	0.0047257718	-0.1178967016	-0.0705467027	0.1884767747	-0.0288191427	0.0900124215	-0.1030324895	0.1495612833	-0.2803456653	0.0164328012	0.0702242381	-0.1321360935	0.048619576	-0.1174396491	0.1776393566	-0.013471247	-0.0827094558	-0.0225381856	-0.0828787044	0.0534983206	-0.0572961966	-0.0383641072	0.0001853191	-0.1384833516	-0.146843369	-0.0269122829	-0.0899924518	0.0997193432	0.0399936787	0.0459686068	0.1255539227	0.1948530263	-0.047667355	-0.0055156147	0.1070977539	0.0724057592	0.0226597522	-0.00494869	-0.00106447	1.133096380900001e-06	2.4489532716100005e-05	0.00899864	0.12221964	8.097552184960001e-05	0.0149376404017296	-0.0375932	0.1107118	0.00141324868624	0.01225710265924	-0.000490101	0.000164848	2.717486310400003e-08	2.40198990201e-07	-8.246199999999998e-05	-0.0001722348999999	6.799981443999997e-09	2.966486077801e-08	-0.000144508	-0.000221581	2.0882562064e-08	4.9098139561e-08	0.0	0.0	0.0	0.0	0.0	0.0	0.0	0.0	0.0	0.0	0.0	0.0	0.0	0.0	0.0	0.0	0.0	0.0	0.0	0.0	0.0	0.0	0.0	0.0	0.0
298.71253358180496	0.2897772363132844	89229.17771886096	0.0839708466853651	336.2800219631814	0.8373280647513184	113084.25317155778	0.701118288020188	215.0639442892264	0.1443248900356195	46252.50013323948	0.0208296738837936	215.2209519567892	414.487097118802	1.318538	39.392696	0.298506535	0.189847	0.0683501351	-0.0974473608	0.0206904478	0.099257228	-0.060589461	0.005197322	0.0102181816	-0.0944760426	0.0033880626	0.0983344161	-0.0345131559	-0.0706509412	-0.0708556078	-0.0164216604	-0.0598476263	-0.0138032942	-0.0093460347	-0.0386412471	-0.0451640227	-0.0571723995	0.0721549933	-0.0670517757	0.025171687	-0.1123925995	-0.0180774463	0.0386887013	0.0343723374	-0.1141687282	0.0266832969	0.0169220278	-0.0984299642	-0.1214909417	0.1739542369	0.1158467487	-0.1163042241	-0.0983469378	-0.1041363605	-0.0218810881	0.1230794569	-0.011944506	-0.1410699184	0.0946463165	-0.0783788584	-0.0753099676	0.0403179945	-0.0755899633	-0.0732825775	0.0805504848	0.0210954995	-0.0051171329	-0.0575790771	-0.0355661786	-0.0279717773	0.0952679719	0.0524977545	-0.0875879197	0.112100008	-0.1468419051	-0.022514475	-0.0470634145	-0.0148072524	0.0603240733	-0.0003818222	-0.0111584627	0.0465904622	0.0343666714	-0.0628974139	-0.0404827059	-0.0350817906	0.0470074304	-0.0026364618	0.0387098912	0.1150977301	-0.1473171749	0.0640462568	0.0280053642	-0.0457376518	0.0896192615	0.0716255334	-0.0692445737	0.1157941978	0.2771048278	0.0712260766	-0.0252830766	-0.105305868	0.0212007156	-0.1114816646	0.0016479216	0.1113928141	-0.0410300663	-0.0324548308	-0.0299252046	0.0802265238	-0.002022377	0.1195695503	0.0653642613	-0.0360136648	-0.0109309758	-0.0377866458	-0.0129255735	0.0441405881	0.0196777712	0.0136546254	-0.1288599165	0.1410961065	-0.0879079385	0.0396187686	0.0504110785	0.0676973216	0.0676200284	0.086960275	-0.1835756449	-0.0431667879	0.0503647313	0.0960773974	-0.1075978834	0.0231446999	0.1492960786	-0.0196632465	0.0383550454	0.067268926	-0.0110263446	-0.0366051958	0.0425079563	0.0539011726	-0.0288716416	0.0284630475	-0.1321325015	-0.0822262361	0.1197646498	0.1058801375	0.0680664159	0.0147140554	-0.0180823	-0.0131336099999999	0.000172491711632	0.00032696957329	-0.120685	-0.12968364	0.014564869225	0.0168178464836495	-0.172516	-0.1349228	0.029761770256	0.01820416195984	-0.000313988	0.0001761129999999	3.1015788768999974e-08	9.8588464144e-08	-0.000175504	-9.3042e-05	3.0801654016e-08	8.656813764e-09	1.6667e-06	0.0001461747	2.77788889e-12	2.136704292009e-08	0.0	0.0	0.0	0.0	0.0	0.0	0.0	0.0	0.0	0.0	0.0	0.0	0.0	0.0	0.0	0.0	0.0	0.0	0.0	0.0	0.0	0.0	0.0	0.0	0.0
298.20139728315644	-0.5111362986485233	88924.0733416269	0.2612603157961123	335.2525428463886	-1.02747911679279	112394.26748496963	1.055713335445292	214.8903265994116	-0.1736176898148187	46177.85246600178	0.0301431022166346	214.9918262789069	415.6495350434017	1.275692	38.112621	0.2492342649999999	0.112912	-0.0403218876	0.0291479645	-0.0511898321	-0.1309801179	0.0356982425	-0.0451347528	0.0910317295	0.0443019282	-0.0393200366	0.0712468128	-0.1996569859	-0.1304421399	-0.0544587455	0.1170066257	-0.0066076309	-0.0855533184	-0.0685916175	0.047514481	-0.0246763596	0.1399811021	0.108873498	0.0340142541	-0.027890906	0.0347224466	-0.1267424442	-0.0436130413	0.0757836106	-0.0853600625	-0.0249574374	-0.0615989074	-0.1619626945	-0.1419084033	0.0503686444	-0.1159563707	0.1247027708	0.0117279694	0.0151553501	0.100696379	-0.0093665942	0.0708497302	-0.0688273534	0.1023399416	0.0140192896	0.0690582209	0.180935385	-0.0496815728	0.1401978721	0.074568559	-0.0444381386	-0.1622437894	0.2111367356	0.0133577754	0.0143635639	-0.0824539692	-0.0978377123	0.0716821552	-0.109148846	-0.0456639697	-0.0984694208	-0.0449446342	-0.0204405307	0.0272873719	-0.0797637035	-0.0067464402	-0.0933805539	0.029328345	0.0897305982	-0.1840979136	0.0121057301	-0.0425370887	0.0188301892	-0.1038016139	0.1337433467	-0.0239789572	-0.026226525	0.0393927202	0.1284655379	0.1483360458	0.0954633906	-0.1163723412	0.1249274757	-0.1242927868	0.0107167227	-0.0594938317	0.0079091568	-0.081690676	0.021886811	0.0530624216	-0.0068950565	-0.0503808548	-0.0398493447	0.0276949988	-0.0358776513	0.2145237383	0.1570691772	-0.0642605004	0.0935972745	0.1661643475	0.0970469694	0.080094526	0.0200638848	0.0306852561	0.0973130222	0.0938556114	0.0684874466	0.0414353096	-0.0037582995	0.0482564736	0.0488520566	-0.1222746426	-0.0427380188	-0.1978521107	0.1578673432	0.0344149305	-0.1614271666	0.060127943	-0.0604799315	-0.0478771292	-0.0548958281	0.0192390149	-0.1255395338	-0.0405918905	0.1350823587	0.003258207	-0.0074363991	0.1368837821	0.1681957457	0.0461401193	-0.0569938433	-0.2390027597	0.1046092073	0.0635899959	0.0067017003	0.0148831	0.0329654	0.00108671759716	0.0002215066656099	-0.0965739	0.0241110999999999	0.00932651816121	0.0005813451432099	-0.214831	-0.0423149999999999	0.046152358561	0.0017905592249999	-0.00167611	-0.001362122	1.855376342884e-06	2.8093447321e-06	0.000679414	0.000854918	4.616033833960001e-07	7.308847867240002e-07	0.000781482	0.0007798153	6.10714116324e-07	6.0811190211409e-07	0.0	0.0	0.0	0.0	0.0	0.0	0.0	0.0	0.0	0.0	0.0	0.0	0.0	0.0	0.0	0.0	0.0	0.0	0.0	0.0	0.0	0.0	0.0	0.0	0.0
298.1022150015231	-0.0991822816333183	88864.93058881431	0.0098371249899908	336.6540258983513	1.401483051962657	113335.93315356778	1.964154744938564	214.9379937775088	0.0476671780972139	46198.341169100415	0.0022721598677515	215.24844549201552	420.21253424942586	1.32941	39.717514	0.17567306	0.0820243999999999	-0.0883773004	0.0118193172	0.1687641011	0.0564806215	0.0411333274	-0.1558540114	-0.0521471553	-0.1171231388	0.0098002507	-0.0511439761	-0.0694065354	0.0745062098	0.0321043053	0.198826202	0.0232750832	0.0798839026	0.1588868396	0.1186009154	0.0289391845	0.1328935054	0.2154553866	-0.0518522192	-0.0286443112	-0.0030583692	0.0421561435	0.0575617246	0.1330209519	0.0588481249	-0.0759608398	0.1312910577	-0.0024654501	0.1125984349	0.0207715122	0.0029790297	0.0008733698	0.1097469934	0.0082527047	0.0775264199	-0.0152799922	-0.0005183855	0.1254648692	-0.0126664063	0.2008802616	-0.0227654168	0.1606352063	-0.111204058	-0.041823479	-0.1231850638	-0.2278849436	-0.0749396923	-0.2188302554	0.0415476295	-0.1175945929	0.0767646253	-0.0172810049	0.1812813169	0.0481741115	-0.0419848889	0.014201282	0.0805952749	0.1017416872	-0.0484634559	0.1726069051	-0.1071696589	-0.0674875892	-0.0013580771	0.0526932443	-0.2143389957	-0.0797497277	0.0314675012	-0.0044718312	0.0592725942	-0.021101691	-0.0992124501	-0.1473294617	0.023191726	-0.028302401	-0.1132520066	-0.1396930082	-0.0414313504	0.0165686301	-0.1263126203	-0.0284722381	-0.087023869	-0.0118933809	-0.030091579	0.0926826895	-0.0486179174	-0.1464693355	0.0511531242	0.1226897951	0.0564748007	0.225404121	0.0851522676	-0.1065811496	0.2725109755	0.0733652072	-0.0799856074	0.1882763752	-0.0334349586	0.0947447238	-0.0091927921	0.0026287347	0.0145250062	-0.026220898	-0.1195664452	0.0219382909	-0.0700483319	-0.0981129107	0.0770253888	0.0123009216	-0.2676197623	0.0767812455	-0.243756575	0.0555307378	-0.0262217984	-0.0559467853	0.1414269475	-0.2260404184	-0.0343650885	-0.1010512169	-0.0304334351	0.096340449	-0.0975063063	-0.04194983	0.0127926918	-0.039657119	0.1340556925	-0.1705472565	-0.0734504274	0.1032856033	0.0589855141	-0.0013410152	0.00227389	-0.01260921	0.000158992176824	5.170575732100001e-06	-0.0476993	0.0488746	0.00227522322049	0.00238872652516	-0.150267	0.0645639999999999	0.022580171289	0.0041685100959999	-0.00126767	0.0004084399999999	1.6682323359999998e-07	1.6069872289e-06	0.00111334	0.0004339259999999	1.2395259556e-06	1.88291773476e-07	0.000631343	-0.0001501389999999	3.985939836490001e-07	2.2541719320999997e-08	0.0	0.0	0.0	0.0	0.0	0.0	0.0	0.0	0.0	0.0	0.0	0.0	0.0	0.0	0.0	0.0	0.0	0.0	0.0	0.0	0.0	0.0	0.0	0.0	0.0
297.6534119917993	-0.4488030097238038	88597.55367035982	0.2014241415371447	335.5331751928701	-1.120850705481189	112582.51165500924	1.256306303977679	214.54669931708585	-0.3912944604229551	46030.28618785605	0.1531113547576916	214.63878673784	409.3425309443135	1.495637	44.683701	0.22572143	0.120378	0.0778435706	-0.086904268	-0.027889892	-0.1292956007	-0.0881747571	0.1405412088	0.0458083726	0.0164932943	-0.0389969148	-0.0082465701	0.0060761567	-0.0461838004	-0.0488856145	0.0985312038	-0.0010764325	-0.102499328	-0.0933592078	-0.0696989831	-0.1439642395	-0.0185040131	0.2486328516	-0.1729050015	0.0253905786	-0.0392973066	-0.119839102	0.0480093426	0.1139238278	-0.1200084131	0.0702244539	-0.1106222268	0.0759701002	-0.0789473733	-0.003364737	0.0099701258	0.1107086483	-0.0118358577	-0.0137405428	-0.077027941	-0.1896935221	-0.0763807733	-0.0300635682	-0.0088918248	-0.0187534367	0.2208338308	-0.0636762923	0.0350570979	0.033794198	0.0075818664	0.0270002444	0.0165835609	0.0016738966	-0.0744238184	0.0040574755	-0.1026381559	-0.0191625264	-0.0076978483	0.0228121595	0.013616172	-0.0527317279	-0.0004660237	0.1412721622	0.0391946875	-0.1577802223	0.0277090439	0.0457069197	0.0947874492	-0.132074242	-0.1984679766	-0.1897237044	0.0764856948	0.02609139	-0.1084869944	0.0199379876	-0.1788967459	0.0982438783	-0.050578645	0.0958745455	-0.0368570733	0.1176097931	0.0079308109	0.0135627681	-0.0400499196	0.0083692891	0.1158842434	0.095006111	-0.1083192569	-0.0369597971	-0.0189890151	0.0204067139	-0.0457772718	0.0489317297	0.1234259476	-0.2380679821	0.0263846245	-0.0822283607	-0.0893956338	-0.0149444855	-0.0266208383	0.0338068518	0.0002126806	0.0080490657	0.0969117331	0.0272396567	-0.0198079399	0.0681794701	0.0756075501	-0.0160788407	0.0801237276	0.1493802558	-0.0213778715	-0.0386953445	-0.1590881508	0.1144584712	0.1363507839	-0.0408684553	-0.0300800388	-0.0819056818	-0.0258545884	-0.052927691	0.0751701243	-0.0153903707	0.0723777562	0.0711168796	-0.1569969758	0.0004625258	0.1577465276	0.0454742156	-0.0414898039	-0.0909788314	-0.1343618766	0.1019099918	0.0542622434	-0.0093776556	0.0169649	0.01469101	0.0002158257748201	0.00028780783201	-0.111434	-0.0637347	0.012417536356	0.00406211198409	-0.233955	-0.0836879999999999	0.054734942025	0.0070036813439999	-0.00126767	0.0	0.0	1.6069872289e-06	-9.90274e-05	-0.0012123674	9.80642595076e-09	1.4698347125827595e-06	0.00069113	5.978699999999995e-05	4.776606769e-07	3.5744853689999932e-09	0.0	0.0	0.0	0.0	0.0	0.0	0.0	0.0	0.0	0.0	0.0	0.0	0.0	0.0	0.0	0.0	0.0	0.0	0.0	0.0	0.0	0.0	0.0	0.0	0.0
297.6973618810475	0.0439498892482106	88623.71927093537	0.0019315927649299	335.69654329488804	0.1633681020179551	112692.16918013664	0.026689136756949	214.62810004310103	0.0814007260151754	46065.22132811139	0.0066260781957976	214.84393306487144	415.0575981748437	1.454128	43.443573	0.38481028	0.198536	-0.1152634325	0.0904764785	-0.0152788262	0.0457492187	0.0794776841	-0.1241259416	-0.0031598139	0.0913774291	0.1694730314	-0.0494505355	-0.1316173279	0.1802054167	0.0955888041	0.0210995011	0.065644585	0.0668733007	-0.090070837	0.1336953264	0.0468690112	-0.0869478159	0.1383643455	-0.0615848826	0.0212352655	-0.1899455469	-0.0465126424	-0.0195956423	0.1129000603	-0.0789344711	0.1215339727	-0.0097187931	-0.0825308476	0.079318341	0.1050906166	0.0772252144	-0.10434454	0.0998767183	0.0991658269	0.2125071201	0.0846155141	0.1012611472	0.0838571361	-0.0445377372	0.0663401535	0.093092586	-0.0696319491	0.2066405239	0.0796102583	0.0444427417	0.0917799014	-0.1219055278	0.1139386854	0.1876042836	0.0785422604	0.2335618732	-0.0027057423	0.0380176118	-0.0234193846	-0.0784337982	0.0096030581	0.1100287311	-0.000478753	-0.0718961924	0.0483802179	0.074778919	-0.159648155	0.0021698478	-0.1414891924	-0.071264818	-0.0255321465	0.2105095011	-0.0506654606	0.0087292396	0.0907484465	-0.1543535246	-0.0048357853	-0.0240528444	0.0619185762	0.0158773802	-0.1732790386	-0.1938687294	-0.014190645	0.0320195898	-0.0255168145	-0.1315010597	0.0006264605	0.0304220971	0.163619049	-0.001335625	-0.1176202961	0.1224284687	0.0262838349	-0.097916389	-0.2004007855	-0.0758435342	0.1147787522	0.0466908859	0.0153996915	0.1058045366	-0.1244126023	0.1011233709	0.0757508597	-0.1778693444	-0.007163636	0.0800994392	-0.0768395142	-0.1490137005	0.017487086	-0.1179406198	-0.0739264736	-0.0903522818	0.0611276635	-0.0810480843	0.0802934181	-0.1721348077	-0.0431284836	0.0227244818	-0.0955034103	-0.0192124834	-0.0979028171	-0.047850611	-0.0701398752	0.1832132772	0.0507519094	-0.0608219865	-0.0193689882	-0.0373661225	-0.0081605559	-0.0010252659	-0.0485227749	-0.0966086	0.1004830656	0.0494296957	-0.0173718128	0.0254787	0.0085137999999999	7.248479043999997e-05	0.00064916415369	0.0321049	0.1435389	0.00103072460401	0.02060341581321	-0.0911971	0.1427579	0.00831691104841	0.0203798180124099	-0.000169382	0.001098288	1.206236530944e-06	2.8690261924000004e-08	-0.000436119	-0.0003370916	1.90199782161e-07	1.1363074679056003e-07	0.000326516	-0.000364614	1.06612698256e-07	1.3294336899599998e-07	0.0	0.0	0.0	0.0	0.0	0.0	0.0	0.0	0.0	0.0	0.0	0.0	0.0	0.0	0.0	0.0	0.0	0.0	0.0	0.0	0.0	0.0	0.0	0.0	0.0
298.0870072638128	0.3896453827652522	88855.86389949637	0.1518235243102798	334.469656855255	-1.2268864396330628	111869.951356872	1.505250335755493	214.673357919352	0.0452578762509574	46084.6506003702	0.0020482753627469	214.76545494946632	408.5872912791508	1.565049	46.757458	0.273492565	0.162052	0.1372807902	-0.112528759	-0.0192155614	0.0541962077	-0.1058788902	0.0907001345	-0.0333571701	-0.0127948477	0.0169309783	0.0317342037	-0.00316549	0.0343733218	-0.2123842636	-0.0820204249	-0.0052052836	0.0032691366	-0.0663931302	-0.1457487498	-0.1863027943	-0.1206338204	0.0577182152	-0.0641209059	-0.0621641712	0.0322145138	-3.38941e-05	-0.114420471	0.0995065745	-0.0669787084	0.1373825862	0.0124684417	0.1728076324	-0.0228577501	-0.0189217941	0.1182435978	-0.0371710935	0.0084537624	-0.0813328162	0.0201115462	0.0031665111	0.0114405849	0.096575592	-0.1197747082	-0.0196094673	-0.0168196402	-0.0200436522	-0.0574834001	-0.0040742675	-0.0130086844	-0.0072757037	-0.117788071	0.0387263277	-0.0419467342	-0.018312387	0.0102755417	0.0141640401	-0.0389844383	-0.0016521425	-0.1009262534	-0.139386377	0.02836371	-0.0591818985	0.0204193954	-0.0433767413	0.0571624714	0.1572072482	0.1363559285	-0.1398408922	0.0067687328	-0.078045611	-0.0920234581	-0.0607949441	0.0102972345	0.1061165495	-0.1364366849	0.1297769859	-0.1176334147	-0.0071734959	-0.1602065568	-0.0381916937	-0.0410888201	-0.1071239509	0.0588327323	0.0386660027	0.024397046	-0.0220337882	-0.0290048116	0.0651304547	-0.0907204056	-0.0567582639	-0.0045935195	-0.1124711117	0.0228613815	0.0060080284	0.0026590661	0.0106595923	-0.0537589836	0.1022271823	-0.0097434981	-0.0043292419	-0.0036438022	0.0635844509	0.0024342842	-0.0119513846	-0.0202176529	0.0073984639	0.0523166001	0.0272121632	0.0367187003	0.1492317299	0.0726667695	0.0670308318	-0.0937426916	0.0006244498	0.1400213492	0.1727432849	-0.0173650205	0.0393605549	0.054033249	0.0441809183	0.0868787183	-0.0255578824	0.047302808	0.0071256813	-0.143466966	0.0574735958	-0.0368143712	-0.1461085279	-0.0343036535	-0.0765692102	-0.056471626	0.0990055431	0.0444976032	-0.0252872714	0.0086330899999999	-0.0168456100000001	0.0002837745762721	7.453024294809829e-05	-0.104312	-0.1364169	0.010880993344	0.01860957060561	-0.163528	-0.0723309	0.026741406784	0.00523175909481	0.000164329	0.000333711	1.11363031521e-07	2.7004020241e-08	7.55761e-05	0.0005116951	5.7117468912100005e-09	2.6183187536401e-07	0.000439093	0.0001125769999999	1.92802662649e-07	1.2673580928999998e-08	0.0	0.0	0.0	1.0	0.0	0.0	0.0	0.0	0.0	0.0	0.0	0.0	0.0	0.0	0.0	0.0	0.0	0.0	0.0	0.0	0.0	0.0	0.0	0.0	0.0
299.31034677827256	1.2233395144597807	89586.68368852978	1.496559567638692	336.3863425045819	1.9166856493268936	113155.77142360988	3.673683878335656	215.05809658568427	0.3847386663322822	46249.9849070575	0.1480238413711432	215.1589286279334	416.7414331306076	1.463574	43.725796	0.13194116	0.0867754	-0.0775019036	0.0909702631	-0.1029480548	-0.0065732994	0.0408592052	-0.0944486054	0.047710107	0.1164011571	0.0697820175	0.0626288472	-0.1863195381	-0.0407292766	0.0971398055	-0.0029048777	-0.0212199162	-0.0147258753	-0.1513991586	0.114646147	0.019876063	0.0332947381	0.0333615831	0.1422647111	0.0912203573	-0.1120607831	-0.1236509801	-0.0270493078	0.0569026121	0.0229632697	-0.0209620704	0.0149449565	-0.0552322341	-0.0231069652	-0.1885294818	0.0165486158	-0.0139803501	0.0503185559	0.0806181558	0.0840449447	0.0756276689	-0.0774100624	-0.117855553	-0.0055504325	-0.1194787575	-0.0051771871	-0.1026818117	-0.2431480041	0.0506931653	0.007246332	-0.1095386295	0.0238778433	-0.0118663449	-0.0411819378	-0.1338564423	-0.1467933298	-0.0153451803	-0.013639443	0.1447401153	-0.089032308	0.1333802723	-0.1390626644	-0.0444038106	0.0209251833	-0.0318461346	0.0839818565	-0.166404664	0.0068295319	0.0111382417	-0.0721373441	0.1689143301	0.0806794858	0.0297686135	-0.0574584901	0.1366908839	-0.0408231657	-0.0647222896	0.03387388	0.0170000336	0.068261544	-0.0319507674	-0.017915783	-0.18734188	-0.0889632415	0.0066158252	0.0361580783	-0.0633327062	0.0777969169	-0.0629510703	-0.0723912585	0.2001240513	-0.1027957995	-0.1706026355	0.0429028577	-0.0170161381	0.017031441	-0.0154985643	0.0086542518	0.0824826702	0.0417301087	0.1273153252	-0.1206680791	-0.0849775965	0.0839194541	0.0399177942	-0.0578793823	0.0706103708	-0.0569243582	0.0399967273	-0.027565949	-0.018525157	-0.1610314885	0.0394368606	-0.1188613412	0.0637466739	-0.0136604353	-0.1317306399	0.0115121622	-0.036473575	0.0314163094	0.0443327242	-0.1186270117	-0.1225951132	0.0340718018	-0.156825714	0.0257439475	-0.011258025	-0.0486114807	-0.047043045	0.0052913429	-0.0678273604	-0.0383463735	0.0974781683	0.0394758984	-0.0330881723	0.00533817	-0.0032949199999999	1.0856497806399347e-05	2.84960589489e-05	-0.0322108	0.0721012	0.0010375356366399	0.00519858304144	-0.118022	0.045506	0.013929192484	0.002070796036	5.52371e-05	-0.0001090919	1.190104264561e-08	3.05113721641e-09	0.000159622	8.40459e-05	2.5479182884e-08	7.063713306809999e-09	0.00041145	-2.7642999999999996e-05	1.692911025e-07	7.641354489999994e-10	0.0	0.0	0.0	0.0	0.0	0.0	0.0	0.0	0.0	0.0	0.0	0.0	0.0	0.0	0.0	0.0	0.0	0.0	0.0	0.0	0.0	0.0	0.0	0.0	0.0
299.52987459678184	0.2195278185092775	89718.14577596386	0.0481924630994422	337.2334042570808	0.8470617524989166	113726.36894681968	0.7175136125465358	215.4289835636189	0.3708869779346457	46409.64695925399	0.1375571504014944	215.52249232574545	419.74784797232087	1.43565	42.891525	0.061782045	0.0404328	0.0927584468	-0.0771485485	0.0671216399	0.156390554	-0.0478157016	-0.0183270784	-0.1113436577	-0.1396426571	0.0533403641	0.1356490307	0.0137594231	-0.1375154262	0.073641237	0.0104823049	-0.0614247681	0.091019556	0.0920368059	-0.1452683803	0.1156435278	0.0188810266	0.0130350832	0.0607057554	0.0752325731	0.0070809212	0.0428653389	-0.1086635332	0.1005188365	-0.1574077554	-0.0322468609	0.1661302484	-0.0257863592	-0.0064712645	0.0483848285	0.1151710658	-0.2215095628	0.0190457486	0.1250881258	-0.0873702059	-0.0110284475	-0.0083056487	0.0357441359	0.0092620403	-0.0802195864	-0.0419745703	0.2154987046	-0.0295810776	0.0448586459	0.0213574532	0.0005215945	0.0438702442	0.0811287286	0.0235769165	0.0075899429	-0.1220135194	0.0987015318	0.1462537485	0.1021867688	0.0581233696	-0.1696015284	-0.1475439884	0.1264219249	0.0245387854	0.1171676714	0.008703429	0.133785497	-0.1542680901	0.0402858372	-0.0218590942	0.0584893098	-0.0367092464	0.0591344711	0.0951550255	0.1748532974	-0.1158069603	0.0825498745	0.1164124783	-0.1117045288	-0.0378434217	-0.0853970348	-0.0493461146	-0.0404936906	0.0990226394	-0.0021814495	-0.0155732361	0.093816934	0.1009251249	-0.0458530162	0.0563931213	-0.0275467532	0.1687977777	0.0604984267	0.0712356533	0.0757328714	0.1892190669	0.0091601009	-0.0002363705	-0.1035240091	0.0984605553	0.0445400234	-0.0572886861	-0.0869009019	0.00634152	0.0348416481	0.0617985794	0.1642415166	0.1587749407	0.0385989215	-0.0529464567	0.0823386574	0.1355478578	0.1024127041	-0.1168530832	0.0280142856	-0.0340420899	0.1272512542	-0.1120069293	0.0240904668	0.1269187099	-0.0323797887	0.0035699632	0.079810828	-0.0768107453	0.0247402208	0.0895457384	-0.0139220254	0.052219839	0.013828068	-0.1067742355	0.0084423919	0.0408958194	0.0959017104	0.0343746944	-0.0407391756	0.00532742	-1.0749999999999475e-05	1.1556249999998871e-10	2.8381403856400004e-05	-0.0646471	-0.0324363	0.00417924753841	0.00105211355769	-0.132085	-0.014063	0.017446447225	0.000197767969	0.000309554	0.0002543169	6.467708562561e-08	9.582367891600003e-08	0.000140765	-1.8857e-05	1.9814785225e-08	3.5558644899999997e-10	0.000379184	-3.226599999999998e-05	1.4378050585600002e-07	1.0410947559999987e-09	0.0	0.0	0.0	0.0	0.0	0.0	0.0	0.0	0.0	0.0	0.0	0.0	0.0	0.0	0.0	0.0	0.0	0.0	0.0	0.0	0.0	0.0	0.0	0.0	0.0
299.07407076950835	-0.4558038272734848	89445.29980664489	0.2077571289571567	336.85925445773387	-0.3741497993469238	113474.1573138203	0.1399880723513433	215.38661086638243	-0.0423726972364875	46391.39214050645	0.001795445471095	215.5149911019975	419.0711267699552	1.266573	37.840199	0.0894333349999999	0.0401049	-0.054379176	0.0375368442	-0.0687868893	-0.0435727511	-0.01475869	-0.0102056357	0.0607139316	0.0820283634	0.0033594361	0.0412006999	-0.0527340859	-0.1074692756	0.1153757575	0.0408021727	-0.0867072073	-0.0717130597	-0.0345138973	0.0340469382	0.171018319	0.1188373981	0.1019278625	-0.0040639696	0.0479823091	0.0315374622	-0.0354419718	-0.0929265944	0.007397724	-0.0226720475	-0.1768584126	-0.0777827382	0.0829582739	-0.0083343557	0.0979042053	-0.0125278588	-0.001559406	-0.104279132	0.0766329961	-0.0155813951	0.0457489059	0.0357286037	-0.0208796254	-0.0429657949	0.0300503779	0.1684340239	0.0273905712	0.0356414024	-0.1614396354	0.0057027879	-0.0769425236	0.0416665148	0.079208326	-0.0100748972	0.0456560903	0.0186379208	-0.0347918813	-0.0270025493	0.0180833915	-0.1776512179	0.0698313842	0.1618677247	-0.1181534901	0.0813470563	-0.0526971424	0.0091341162	-0.1020125356	-0.1689691962	0.0487222023	-0.1159344863	-0.0278059687	0.0174933345	0.0793703368	-0.0421955273	0.0356733436	0.0735774931	0.0550625345	0.0868305085	0.1158007264	-0.1637987891	0.045421446	0.0482754679	0.0744195657	0.0389997304	0.000803185	0.0085896305	0.0400338106	0.0995331322	0.0947987752	0.0343785937	0.0345926582	0.0571632572	0.0762443829	0.1719615167	0.0061213639	-0.094005626	0.0761549594	-0.0748028535	-0.0388883256	0.0403031349	0.0504772148	0.1064279292	0.0505762471	0.0335897845	-0.0926186921	-0.1546766348	-0.0647356813	-0.1488707154	0.0169667623	0.0203700556	0.0169915923	-0.1156939521	0.0122183283	-0.1713903592	0.1948068353	0.0290547822	-0.1184646955	-0.0525815496	0.0592177417	-0.0447350836	0.0116908647	-0.0374730549	0.0021777243	-0.109511891	-0.0244175841	0.0127413671	0.044462913	0.077504945	0.0737659458	-0.0449174457	0.0049980775	0.0537490164	0.094276963	0.0292042644	-0.0482056202	0.0265734	0.02124598	0.0004513916661604	0.00070614558756	-0.0784353	-0.0137882	0.00615209628609	0.00019011445924	-0.158157	-0.0260719999999999	0.025013636649	0.0006797491839999	9.69589e-05	-0.0002125951	4.5196676544010014e-08	9.40102828921e-09	0.000275167	0.000134402	7.5716877889e-08	1.8063897604e-08	0.00059873	0.000219546	3.584776129e-07	4.8200446116e-08	0.0	0.0	0.0	0.0	0.0	0.0	0.0	0.0	0.0	0.0	0.0	0.0	0.0	0.0	0.0	0.0	0.0	0.0	0.0	0.0	0.0	0.0	0.0	0.0	0.0
298.2666998811138	-0.8073708883945301	88963.02425797042	0.6518477514269727	336.64223886619914	-0.2170155915347322	113327.99698884708	0.0470957669691697	215.1234840841483	-0.2631267822341385	46278.1134045028	0.0692357035288917	215.2785558211219	416.04072980423257	1.210596	36.167801	0.142845655	0.0681654	0.0563376767	-0.0375998805	0.0733344514	0.144267619	-0.0235374563	-0.026759317	-0.1139118662	-0.0876702444	0.0719071226	0.0133373279	0.0554623522	0.0427345338	0.0965518666	0.043944217	-0.0291744622	0.1044106393	0.1098442907	-0.0932782539	0.1080181692	0.1326408836	0.0620862324	-0.0186478933	0.0862423504	-0.0160706237	0.1029028999	0.0796265856	0.0091215575	-0.1344751806	-0.0101821105	0.026635845	0.0622598602	-0.0064940686	0.1137487157	-0.1094911826	-0.05692025	-0.0964265139	-0.0065852017	-0.1698513363	-0.1798945076	0.2104224734	-0.0749883206	-0.1254247189	-0.0647065967	0.0437005021	0.0661019506	0.0693907871	0.0071326365	0.0269333901	0.1305676883	-0.011431629	-0.2489967637	0.1057302842	0.0588339393	-0.0803248558	-0.0483716108	0.08491236	0.0315007684	-0.0922607322	0.0460281385	-0.0146222858	0.0008178707	-0.0011443359	0.110308455	-0.0011232096	0.1047019788	-0.1239488273	0.1077245717	-0.0917257082	-0.0302741597	0.0678848716	0.0639865974	0.1061206563	-0.1055410606	-0.0940663509	0.1139223829	0.0550148567	-0.0790468383	-0.0703907043	0.04805599	0.0818674397	0.1318016376	0.0734776663	-0.0504142487	-0.0221116172	0.1858511439	-0.0429717346	0.0851973791	0.2430307334	0.0148755488	-0.0483510378	0.0605311687	0.0764580077	-0.017149905	0.0179528281	0.0507087564	0.1379053264	-0.0340915178	-0.1660331959	-0.0843024951	-0.0779496189	-0.0889208811	0.0519251952	-0.0017820808	0.1407654185	0.0340814145	0.0024403615	0.0245397103	-0.0935514818	0.0389624846	0.1165404874	0.0871995369	-0.0908927425	0.1014531522	-0.09972319	0.0701548739	-0.0862550123	0.0129465667	0.0589111996	-0.1279936472	-0.0001727434	0.1044924613	0.0204532521	0.0851037421	0.0272524955	-0.0184980345	0.0450943387	0.0547253788	-0.0838062036	0.0306662314	-0.0442359862	0.0926047444	0.0239750208	-0.0554536812	0.0316086	0.0050352	2.535323904e-05	0.00099910359396	-0.0275347	0.0509006	0.00075815970409	0.00259087108036	-0.114199	0.043958	0.0130414116009999	0.0019323057639999	0.000514681	0.0004177221	1.7449175282841005e-07	2.648965317610001e-07	-5.2288e-05	-0.000327455	2.7340349439999998e-09	1.0722677702500001e-07	0.00048487	-0.00011386	2.3509891690000003e-07	1.2964099600000005e-08	0.0	0.0	0.0	0.0	0.0	0.0	0.0	0.0	0.0	0.0	0.0	0.0	0.0	0.0	0.0	0.0	0.0	0.0	0.0	0.0	0.0	0.0	0.0	0.0	0.0
298.37519269866	0.1084928175461641	89027.75561796248	0.0117706914591052	336.06144319571456	-0.5807956704845765	112937.29360278648	0.3373236108536287	215.03281494481675	-0.0906691393315384	46239.11150309181	0.0082208928271219	215.15643552608336	413.3395852298565	1.238914	37.013836	0.23635605	0.124487	-0.0206558164	0.0372226831	-0.0836010173	-0.0639931386	-0.0569470975	0.0105444069	0.0762394171	0.094317129	-0.0654894515	-0.0371927008	-0.00732113	-0.048054824	-0.0377882611	0.0240412037	-0.0858119066	-0.0482763737	-0.0622718058	0.0226253512	0.0001597914	0.0887044017	0.0487889129	-0.1037322969	-0.0258907571	0.0216594983	-0.2327407105	-0.0721130232	-0.0283445637	0.0488436583	-0.138564199	0.1131781693	0.1084259776	0.0699304227	-0.0086230611	-0.0343112422	-0.0509172139	0.0676859712	-0.0214780919	-0.0249758115	-0.0490357783	-0.0161061719	-0.2953483884	-0.0050900458	0.0123107682	0.0462904714	-0.0518331785	0.0194402401	-0.0675303402	-0.022879384	0.064141629	-0.0501813843	0.1211416292	-0.1353486133	-0.0494875212	0.1100607455	-0.0804052984	-0.0277030139	0.1120946512	0.0589224105	-0.1246192452	0.2068340044	-0.0331386027	0.0958247681	-0.0703785711	0.0220041965	-0.050260951	0.0011934143	0.0487048742	-0.0735794898	-0.1304475907	-0.0213559671	0.0335164282	-0.2274844549	0.0675633056	0.0022892295	-0.0408200408	0.0632520154	-0.0888575373	-0.128947213	-0.0670136738	0.1033331144	-0.0110474363	-0.0123830365	-0.0865038679	0.0198284113	0.0210379534	-0.0247289043	-0.0153496962	0.0127600997	0.193632019	-0.1028173597	0.169014519	0.033506859	-0.0239731802	-0.0700265674	0.1128180728	-0.0177707447	-0.0237672778	0.1825424247	-0.09819582	-0.0286859464	0.1826828727	0.0394853085	0.0042253771	-0.1251678924	-0.1107307843	0.0274181825	0.0394518526	0.0645434843	0.0275265834	-0.1012923142	-0.0019587405	-0.1578032675	-0.0076011407	0.0679267713	-0.0534255013	0.1097477352	-0.1198303604	0.0290235461	0.0355763104	0.101180102	-0.0124904077	-0.0018285835	0.0178987924	-0.1047812015	-0.1472658907	-0.0730032552	-0.0066057915	-0.0290196398	0.0235355235	-0.0065205065	0.0908858965	0.0186974948	-0.0624505233	-0.016113	-0.0477216	0.00227735110656	0.0002596287689999	-0.0949367	-0.067402	0.0090129770068899	0.004543029604	-0.200819	-0.08662	0.040328270761	0.0075030244	0.000674893	0.0001602119999999	2.566788494399999e-08	4.55480561449e-07	0.000141856	0.000194144	2.0123124736e-08	3.7691892736e-08	0.000146977	-0.0003378929999999	2.1602238529000005e-08	1.1417167944899997e-07	0.0	0.0	0.0	0.0	0.0	0.0	0.0	0.0	0.0	0.0	0.0	0.0	0.0	0.0	0.0	0.0	0.0	0.0	0.0	0.0	0.0	0.0	0.0	0.0	0.0
297.5328710278536	-0.8423216708063705	88525.80934207738	0.7095057971100357	335.46767237511546	-0.5937708205991044	112538.5592087778	0.3525637873949337	214.4712505766888	-0.5615643681279607	45997.91732392883	0.3153545395509558	214.67371999913863	412.7371044370081	1.291744	38.592182	0.3528612999999999	0.183734	0.0356975383	0.0826171757	0.047786033	0.1785518089	-0.0450870462	-0.0959426263	-0.1787945826	-0.0103817027	0.0130852257	-0.0578389898	0.034424822	0.210504264	0.0789627069	0.0851741815	0.0600796053	0.2023693491	0.0558038256	0.0293080922	-0.0089240164	0.0178760508	-0.0676987674	-0.0903535608	0.0130833601	-0.1641336983	-0.0141292567	0.1517822164	0.0600234846	0.0185250644	0.0683219879	0.0655769666	0.0032626787	0.000217671	0.0407900138	-0.1033077509	0.0973377021	-0.0611823215	0.0073458224	0.0130667093	0.0768492588	0.0153668939	0.0938448116	0.0396471917	0.0574913106	-0.0533308227	-0.0910126843	0.135002281	-0.2173115407	0.0211104572	0.0999342395	0.0226658379	0.0348105185	-0.1484987561	-0.0510805151	-0.107506417	0.0871736119	-0.1189128748	0.0937407044	0.0664204351	0.1139995376	-0.0235042483	0.0378911522	-0.0798961293	0.1607275471	0.0667060667	0.0165356844	0.0456008108	0.0592836748	0.0736153652	-0.0483359741	0.1795499163	-0.0379388416	-0.0221320961	-0.063337957	-0.0936386775	-0.0501937154	-0.0728123794	-0.0597562096	0.0616930594	0.0686522126	0.0145910575	0.1518263108	-0.0752613343	-0.039726214	-0.046103706	-0.0526598002	0.0864850925	0.0124804241	-0.0194813383	-0.0733376032	0.0853325859	0.0757048709	-0.048297478	0.0346219894	-0.2750189237	-0.021275356	-0.1177970413	0.0135537698	-0.0160107701	-0.0674820458	-0.0064635242	0.0083439029	0.1171589338	0.0368992469	-0.1562094488	0.1080344657	0.0054943746	0.0862940838	-0.1651406961	-0.0518617224	0.0830198313	0.0844630358	0.0267893725	-0.1353874515	-0.0814019741	-0.0072867114	0.1160775784	-0.012949483	-0.0262664871	-0.1445786506	-0.0564958351	-0.0357053315	0.0410751842	0.0045190833	-0.0036233302	0.092161049	-0.0529836794	-0.044053756	-0.0559892721	-0.0531291904	-0.0045108454	0.0891212848	0.0133823145	-0.0691644489	-0.0187115	-0.0025985	6.752202250000001e-06	0.00035012023225	0.0278321	0.1227688	0.00077462579041	0.01507217825344	-0.0601461	0.1406729	0.00361755334521	0.0197888647944099	0.00195071	0.001275817	1.627709017489e-06	3.8052695041e-06	0.000167488	2.563200000000001e-05	2.8052230144e-08	6.569994240000006e-10	-0.000287996	-0.000434973	8.2941696016e-08	1.8920151072900002e-07	0.0	0.0	0.0	0.0	0.0	0.0	0.0	0.0	0.0	0.0	0.0	0.0	0.0	0.0	0.0	0.0	0.0	0.0	0.0	0.0	0.0	0.0	0.0	0.0	0.0
298.7719953146078	1.2391242867541905	89264.70518427202	1.5354289980240814	335.6132747794127	0.1456024042972217	112636.27020816156	0.0212000601371316	214.90849358435497	0.4372430076661828	46185.66061469674	0.1911814477529696	214.9751146331752	409.3129742675916	1.351658	40.382187	0.32676345	0.193934	0.0880479469	-0.0136681648	-0.1239218104	-0.0335733941	-0.1554430175	0.1100557864	0.0405134183	0.0951574315	-0.0833950086	-0.0418582998	0.0387181474	-0.0097165749	-0.1088490249	-5.642e-05	-0.0729199371	-0.0572212755	-0.1603292644	-0.0627712396	-0.069673418	-0.0284784514	0.0034302165	-0.0195698565	0.0400007087	0.0961396981	-0.0536933316	-0.1050046609	0.1353827615	0.0927310835	0.091913738	0.0623541848	-0.1015197559	0.008655326	-0.0194078047	0.0411418214	-0.052552967	0.1068533731	-0.0575685531	-0.0639562039	-0.103259786	0.1337765753	-0.0834450107	-0.0855207682	-0.1423378622	-0.0353855943	-0.0076939011	-0.0096120304	0.0124810794	-0.1885293767	0.08477295	-0.157253143	-0.0348218464	-0.022376481	-0.0249390951	0.0470179784	-0.0674545185	0.0316330035	-0.0609488847	0.1191440643	0.0173458888	0.0382762738	0.0282033141	0.095547068	-0.1191775439	0.0927138372	0.0382518459	0.0635085465	-0.0338994749	0.0292352087	-0.0326904877	-0.09042469	0.0922989372	-0.0038519794	0.1276906214	-0.0725483103	-0.0494977481	-0.1505499735	-0.0312858544	-0.0062722316	-0.0763078685	0.0135465086	-0.0835721093	0.0784629582	-0.1241144872	0.0280896098	0.0445080064	-0.1686550054	0.0892922097	0.1403978992	0.0665560864	0.0138389954	-0.0387576121	0.1055389951	0.0332047854	0.0384177161	-0.0298632037	0.1113009044	0.1561367927	0.079096321	-0.1583056399	0.0182417946	0.0050606604	0.0761809672	0.0051076518	0.068994566	-0.0848130527	0.0441820165	0.0693602849	0.0860784463	0.1371345776	-0.0705176671	0.0206056756	-0.075385813	-0.1089287992	0.1162218459	0.0527519337	0.0233407603	-0.0093148328	0.1297234086	0.0897904584	-0.0403436623	-0.1046828381	0.0148173715	0.0373421126	-0.0353890311	-0.0530680463	-0.1330997373	0.0976427092	0.0159856726	0.0024613814	-0.0214333434	0.0873117978	0.008040184	-0.0755650422	-0.0323505	-0.0136389999999999	0.0001860223209999	0.0010465548502499	-0.100284	-0.1281161	0.010056880656	0.01641373507921	-0.207821	-0.1476749	0.043189568041	0.02180787609001	0.00166921	-0.0002815	7.924225000000005e-08	2.7862620241e-06	0.000497041	0.000329553	2.470497556810001e-07	1.08605179809e-07	-0.00015238	0.000135616	2.32196644e-08	1.8391699456e-08	0.0	0.0	0.0	0.0	0.0	0.0	0.0	0.0	0.0	0.0	0.0	0.0	0.0	0.0	0.0	0.0	0.0	0.0	0.0	0.0	0.0	0.0	0.0	0.0	0.0
297.84255700997755	-0.9294383046302528	88710.18876624173	0.8638555621139585	335.94487280505047	0.3315980256377884	112858.95756400154	0.1099572506068793	214.45738025453707	-0.4511133298179004	45991.96794563911	0.2035032363393938	214.7214054084468	420.80269553193807	1.446783	43.224155	0.19959628	0.0937945	-0.0925786681	0.1419586385	-0.0157658123	0.0244060624	0.007647858	-0.1607345083	0.1000612424	0.0534079326	-0.0412660177	0.0075475358	-0.1381086369	0.0131979564	-0.0150936578	0.0005839157	0.0007096686	0.0518396738	-0.0134680029	0.2313011322	-0.180676943	0.0345281859	-0.0653981111	0.0729443219	-0.0173405087	-0.0856891825	-0.0125953596	-0.0374421816	-0.2464549249	-0.3470009288	-0.0985211687	0.0077020371	-0.1154062241	-0.0676804232	0.1154933197	-0.2204001333	0.0049041935	0.0743724046	0.0402267401	0.0891262373	0.0529008342	-0.1032093595	-0.0604338208	-0.1480802698	-0.0043440252	-0.067754808	-0.0118814194	0.0063682177	-0.0784520325	0.1067138233	-0.1417047745	0.0377226062	-0.0576874185	0.0491251616	0.0584035237	0.0130470982	0.1122379992	0.1082972506	-0.0214925311	-0.0175974874	-0.1165428128	-0.0387463667	-0.0974595805	0.0065499235	0.0545972826	-0.0385644861	-0.1625645512	0.2287953783	0.0575614599	0.0093673062	0.0948874636	0.061798986	-0.1100065711	-0.0667323545	0.0244426889	0.1034160044	0.2508917685	0.2612563099	-0.0505931231	0.1503636341	0.0302610602	-0.0958403905	0.1367699619	-0.0431678922	-0.1934780257	-0.1040260751	0.08196577	0.0574182484	0.0273708354	-0.1262149274	0.1334855796	-0.029622349	-0.0783533178	-0.0917784219	0.0598659213	-0.0306381367	0.044852587	0.0357414093	-0.0737131775	-0.1391787515	0.1322762829	0.0119501671	0.0435246101	-0.0719341021	-0.0726919129	0.1081734972	0.130741326	0.0501043504	0.0901825709	0.0429504343	-0.1928583931	-0.143483432	-0.027445845	-0.0012969408	-0.191926892	-0.0358647566	-0.2246862931	-0.010222005	0.1084457021	0.033834802	-0.0017790756	0.1667998671	0.0365990946	-0.0297770604	0.0477657905	0.0799763812	-0.1401247187	0.2797352496	-0.1644844432	-0.0380114981	-0.0601533289	-0.0390234807	0.0854583468	0.0026818616	-0.081623307	-0.0336139	-0.0012634	1.596179560000012e-06	0.00112989427321	-0.0471499	0.0531341	0.00222311307001	0.0028232325828099	-0.233048	-0.025227	0.054311370304	0.0006364015289999	0.00291051	0.0012412999999999	1.5408256899999995e-06	8.4710684601e-06	-6.83416e-05	-0.0005653826	4.670574290560001e-09	3.1965748438276e-07	-0.000745133	-0.000592753	5.55223187689e-07	3.51356119009e-07	0.0	0.0	0.0	0.0	0.0	0.0	0.0	0.0	0.0	0.0	0.0	0.0	0.0	0.0	0.0	0.0	0.0	0.0	0.0	0.0	0.0	0.0	0.0	0.0	0.0
298.2821196314152	0.4395626214376307	88972.22289180988	0.1932152981651218	336.8792648416061	0.9343920365556072	113487.63908022096	0.8730884779785354	214.7505825150092	0.2932022604721283	46117.81269053577	0.0859675655459657	215.1045553953373	422.0337820631237	1.056565	31.565987	0.24763889	0.137042	-0.0537782966	0.051636102	0.1055539073	0.1041735976	-0.0515155968	-0.1089223323	0.0506330133	-0.1437433883	-0.1419172038	-0.1392329657	0.0421919639	0.105823113	0.0610958815	0.0168657843	-0.0483333059	0.0491570408	0.1985307095	0.1751818404	-0.2245663906	0.1118073812	-0.2351758922	0.0355329879	0.0213047699	0.0490389076	0.0605525473	0.1392974862	-0.1131788818	-0.0242806286	0.1388564529	0.158159452	0.1145353913	-0.1778793786	-0.0051267196	-0.0580657234	-0.0077377512	0.0209244434	0.1598472558	-0.0692651667	0.0726770015	-0.0617990437	0.0446130801	-0.0539199945	0.0652439585	0.0484803991	-0.1609818663	-0.0197590269	0.0835342684	-0.1543639618	0.0404354152	-0.1619991012	0.0902442431	0.0902335776	0.0836536989	-0.1243457282	-0.0342676348	0.0848219319	0.0101989184	0.0668247342	0.0767594017	0.1047190035	-0.0069510953	0.0382884358	0.1381258609	-0.2002425924	-0.0118513393	0.2521915176	0.2052501084	0.1497589167	0.0796262601	-0.0136675832	0.0029798831	0.0068583744	-0.1972652088	0.0035455063	0.080625573	-0.0329062452	-0.2288513023	0.0001711649	0.0910405629	-0.1281634542	-0.0290877148	-0.0392251505	-0.0676172545	0.0672482306	0.092683685	0.185480575	0.1166426815	-0.1037602323	-0.0519120191	-0.0790928375	0.0142320342	0.0305650273	-0.0949047433	-0.0066416723	-0.0912332634	0.0308159988	0.1533986092	0.1753221496	-0.0804520926	0.1230538502	-0.1507891269	0.081122644	-0.0387242532	0.0261427596	-0.0976963451	-0.0404112858	0.0947082634	0.1117593625	-0.2079944567	0.0981003748	-0.0034810645	0.0507656646	-0.2335959568	-0.0945816493	-0.1039220674	0.0259966929	0.2926487816	-0.0358250286	0.005592417	0.1807273006	-0.0320896216	0.0694107491	0.0116359528	0.0772345713	-0.1129812405	0.1904004349	-0.0885096767	0.1304512702	-0.0948659865	-0.0932113091	0.0835618648	-0.0026818616	-0.0873117978	-0.00920704	0.02440686	0.0005956948150596	8.47695855616e-05	-0.109758	-0.0626081	0.0120468185639999	0.00391977418561	-0.283588	-0.05054	0.080422153744	0.0025542916	0.0045764	0.00166589	2.775189492100002e-06	2.0943436960000005e-05	0.000416104	0.0004844456	1.73142538816e-07	2.3468753935936001e-07	-0.00069379	5.134300000000003e-05	4.813445641e-07	2.6361036490000027e-09	0.0	0.0	0.0	0.0	0.0	0.0	0.0	0.0	0.0	0.0	0.0	0.0	0.0	0.0	0.0	0.0	0.0	0.0	0.0	0.0	0.0	0.0	0.0	0.0	0.0
297.8581861610256	-0.4239334703895565	88719.4990631362	0.179719587316533	335.9058817578601	-0.9733830837460004	112832.76139952548	0.9474746277228734	214.596827990172	-0.1537545248372112	46051.798583443466	0.0236404539079165	214.61251730286364	406.1967058332581	1.7112	51.123867	0.5161246300000001	0.316565	0.2305417515	0.1267305919	-0.0712148252	0.1152885729	-0.1911365652	0.0441153668	-0.3037313298	-0.0168864842	-0.2323362138	-0.135775096	0.11735095	-0.0475168506	0.1731110794	-0.0378235904	0.0195150388	0.1825601145	-0.0977411758	-0.0944872434	0.0372063336	0.1652600042	-0.0894023502	-0.0899479871	0.0752333558	0.1582238421	-0.073642638	0.0736340774	-0.0344918652	0.1562004123	0.157258221	0.0090232	-0.2206935074	-0.1836979382	-0.1563260481	-0.061352425	0.0531652106	-0.0638079188	-0.0582807328	0.0340716652	0.0662341538	0.0125688632	0.0374710041	0.1189019808	-0.0759027794	-0.0429023521	0.0773321704	0.034927433	-0.02743309	-0.0156647986	0.0696124315	0.067462816	-0.0226428771	0.0154426359	-0.052545197	0.1579995434	0.0308169438	0.0197406144	0.0160695938	-0.0368575271	-0.0875150771	0.0359872047	0.0178702402	-0.0282143971	0.072227572	0.2158521625	0.0858084612	0.0042743788	0.1922573822	-0.0071487347	-0.0839280991	-0.1042163051	0.1941674523	-0.069131095	-0.033070067	0.0618387975	-0.1327217247	-0.1730494043	-0.0567917407	0.3014753056	0.1968202118	-0.0285038624	-0.0347332559	-0.0265960932	-0.0047365181	-0.0182460578	-0.0954931099	-0.0442342383	-0.0349142304	0.0452078278	-0.0506976203	0.0701936072	-0.0706174481	-0.0281167127	0.0535871677	0.0013490808	9.24884e-05	0.0528317044	-0.0693345586	0.0149876226	-0.1138520637	-0.0452180473	0.1321184682	-0.1100284215	0.0023315935	0.0060523652	-0.0248710622	-0.0216813797	0.1185618247	-0.1653123907	0.1210822742	0.0406593917	0.0467946021	0.2357756019	-0.1843862133	0.136313191	-0.0697228516	0.015649083	-0.0573476479	0.1158725838	-0.2455607313	0.0038041768	-0.0434357181	0.0395432256	0.006919279	0.0834059059	-0.002536759	-0.1057899603	0.1553253768	-0.0301314117	0.0652617485	0.1637290402	0.081623307	-0.008040184	-0.0926047444	-0.00819076	0.0010162799999999	1.032825038399999e-06	6.70885493776e-05	0.0611302	0.1708882	0.00373690135204	0.0292027768992399	-0.03744	0.246148	0.0014017536	0.060588837904	0.00383127	-0.00074513	5.552187169000008e-07	1.46786298129e-05	-0.000575371	-0.000991475	3.31051787641e-07	9.83022675625e-07	-0.000918628	-0.000224838	8.43877402384e-07	5.0552126244e-08	0.0	0.0	0.0	0.0	1.0	0.0	0.0	0.0	0.0	0.0	0.0	0.0	0.0	0.0	0.0	0.0	0.0	0.0	0.0	0.0	0.0	0.0	0.0	0.0	0.0
297.79727456899326	-0.0609115920323688	88683.21674072035	0.0037102220439177	334.973437478016	-0.9324442798440488	112207.20381583832	0.8694523350138865	214.2441869208355	-0.3526410693364994	45900.57162936989	0.1243557237827897	214.4112109094009	409.8014794481888	1.048791	31.33371	0.17099256	0.0944815	0.1057359569	0.1502382034	-0.0536943764	0.0638616721	-0.1489063306	-0.0007130826	-0.1215787698	0.1111848053	-0.1744053917	-0.1097667491	-0.0053650628	0.0091442332	-0.0240994295	-0.111840389	0.0146884234	0.1155175961	-0.1051536387	0.0521981563	-0.1678217314	-0.1052464544	-0.1529030621	0.0035275946	-0.060193385	0.1178314592	-0.0765731318	0.1750913484	-0.1129305179	0.0621485964	0.056377675	-0.088603782	-0.0498283997	-0.1066529583	0.0143373811	0.1350402807	-0.0197851184	0.0969367543	0.049609232	-0.1780954928	0.0081490389	0.1051721119	-0.03100117	0.0312951523	-0.0381211363	0.0404350682	0.0495380615	0.1511270757	-0.0044899747	0.0276558441	-0.0189623213	-0.0207522806	0.0119525844	0.0217141734	-0.0143197713	0.0400222328	0.0926456456	0.1034002293	0.0081949313	0.0160280466	-0.0449699741	0.0290193619	0.0742585639	0.0004351227	0.0147142172	0.1278110517	-0.0003989587	0.2056065107	-0.0255077612	0.1665467291	0.0117486566	-0.104092634	0.0015688699	-0.0855894523	-0.2040070404	-0.0034440494	-0.0351726026	0.0284070556	0.0004622977	0.0876911123	0.0491851456	-0.0801179707	-0.0476499605	0.1814760259	-0.0936259122	0.1724207509	-0.0302043704	0.0062091555	-0.0005430442	0.1320085026	-0.0838446633	0.0535544455	0.1054229334	0.0089882671	-0.0887660875	0.0142330627	0.0253052913	0.0234172189	0.005018608	0.0765615389	0.0133307225	0.0196958392	-0.0018028786	-0.0582720761	-0.0674904583	0.0494901569	0.0347936145	-0.0278088197	0.1207827187	-0.0328566922	-0.0124307246	-0.0500702891	0.0119191421	0.1942595315	-0.172214937	0.1689864072	-0.0193965457	0.0558302099	0.1180488737	-0.0115706541	-0.0611464992	0.1069469641	0.0476440437	-0.1518542763	0.1082654415	-0.0368036225	0.1209249085	-0.0819295325	-0.0887689325	-0.0054393256	-0.072675052	-0.0324431041	0.0796436494	-0.0133823145	-0.0974781683	-0.00386758	0.00432318	1.86898853124e-05	1.49581750564e-05	-0.00931939	-0.07044959	8.685102997210001e-05	0.0049631447311681	-0.0889714	-0.0515314	0.00791591001796	0.00265548518596	0.00397283	0.00014156	2.0039233600000063e-08	1.57833782089e-05	-7.317119999999998e-05	0.0005021998	5.3540245094399984e-09	2.5220463912004e-07	-0.00066862	0.000250008	4.470527044e-07	6.250400006400001e-08	0.0	0.0	0.0	0.0	0.0	0.0	0.0	0.0	0.0	0.0	0.0	0.0	0.0	0.0	0.0	0.0	0.0	0.0	0.0	0.0	0.0	0.0	0.0	0.0	0.0
298.16782639972155	0.3705518307282887	88904.05269993449	0.1373086592560863	335.42753906993124	0.4541015919152187	112511.63396651026	0.2062082557799358	214.7190717782406	0.474884857405101	46104.279785309234	0.2255156277926631	214.8264873378497	410.556378359033	0.938726	28.045429	0.08064115	0.0361532	0.1486544234	0.0310941642	0.0182365953	0.1148494333	-0.1133463864	-0.0019133246	-0.0677543824	-0.0439826518	-0.0240061224	0.0718203142	0.0006618653	0.0456307481	0.042099571	-0.0507719686	-0.0321982694	0.1148914705	-0.0133094728	-0.1271210731	-0.1047719473	-0.1194928839	-0.1614301972	0.0891381384	0.0344358386	-0.1753218431	-0.0579309462	-0.0505124377	-0.0978125645	0.0406919611	0.0031016205	0.0560139794	-0.0338488575	0.0596738291	-0.0540596546	-0.0477690128	0.135151959	0.0310539654	-0.0884094759	-0.1221907202	0.0674153718	-0.1177420626	-0.1379910954	0.0852082484	0.0993215039	-0.0547446336	0.0057648871	0.0221353226	-0.0823289291	-0.0327100087	0.0656123763	-0.082096042	0.0760330679	-0.0870288684	0.1534978192	-0.0669925054	0.0356485577	-0.0597985715	-0.1027499463	-0.1792280663	-0.0630019568	0.0486782184	0.0011795681	0.0274365886	0.0620625886	0.0824539236	0.1547177129	0.0761142699	-0.0440582874	0.1587438282	0.1351939604	0.1166971165	-0.0487596293	-0.0627646035	0.0597165334	0.0796864008	0.0291583638	-0.0647268297	-0.0493890563	0.0883254883	-0.0272567288	0.1161669073	0.0694401932	-0.0457029654	-0.0497610981	0.0810141823	-0.1470968988	-0.0229080743	-0.1625786348	-0.0824677495	0.085208552	-0.1236900794	0.1287354092	-0.0547181989	0.0837710575	-0.023467036	0.0561555411	-0.1065699144	0.03002241	0.0519749786	-0.052506799	0.0796592755	0.0033896017	0.1095492196	-0.0884383242	0.0277253184	0.0356677526	-0.0301241589	0.1013973518	-0.0222844173	0.0310383194	0.1112588613	0.051579158	0.1390347437	-0.1041756301	0.1071321859	-0.0587557994	-0.0151575623	0.1924893136	-0.0240159107	-0.0129529686	-0.081824073	-0.0127658113	-0.0237288788	-0.1543422171	0.0053076093	0.1140254622	-0.034632097	0.1557629669	0.0663585723	-0.0519734171	0.0359890226	0.0776238888	-0.0186974948	-0.1019099918	-0.00214631	0.00172127	2.9627704129e-06	4.606646616099999e-06	-0.0253368	-0.01601741	0.00064195343424	0.000256557423108	-0.11414	-0.0251686	0.0130279396	0.00063345842596	0.00347449	-0.00049834	2.483427556000004e-07	1.20720807601e-05	4.95782e-05	0.0001227494	2.4579979152399997e-09	1.5067415200359997e-08	-0.000535032	0.000133588	2.86259241024e-07	1.7845753744000006e-08	0.0	0.0	0.0	0.0	0.0	0.0	0.0	0.0	0.0	0.0	0.0	0.0	0.0	0.0	0.0	0.0	0.0	0.0	0.0	0.0	0.0	0.0	0.0	0.0	0.0
298.0746561228317	-0.0931702768898503	88848.50062274437	0.0086807004957313	335.40540620878147	-0.022132861149771	112496.7865140777	0.000489863542675	214.73464330142696	0.0155715231863666	46110.96703379107	0.0002424723343435	214.9068096933688	413.0016829420783	1.063023	31.758905	0.18512713	0.0909252	0.0114541928	0.0943782208	-0.0639619257	-0.0286018159	-0.0676568829	-0.0467120212	0.0419202615	0.0605142839	-0.0860669628	-0.0765304489	-0.0929125547	-0.0341327069	-0.0428320622	-0.0096059895	-0.0767990393	0.0276937449	-0.0710361953	0.0202560644	-0.0913826472	0.0167559664	-0.00771714	0.0158843313	0.0421462652	0.0476551782	0.0867645883	-0.018898389	-0.0349550758	-0.062498438	-0.076575713	-0.0476827818	-0.1365258876	-0.0157754489	0.0296393887	0.0737258948	-0.0457791835	-0.0125577566	-0.0370293023	-0.239611913	0.0957256295	-0.0519302475	0.0991793824	0.0755644631	-0.0230313929	-0.0342039879	0.0225615823	0.0531652814	-0.0271903308	0.0751949085	0.0947216272	-0.0068918394	0.0234285373	0.1176612407	-0.0324924981	-0.0103786841	-0.2038854126	-0.0251316552	0.1315270301	0.1427661567	0.1299378667	-0.0235825044	0.0370792486	0.0815284903	-0.0014468914	0.0426672146	-0.018307913	0.1107832995	0.0123472068	-0.0167219836	0.02580971	-0.0439376009	0.0338106073	0.1077288099	0.0165841907	0.034128746	0.052483546	0.097204808	0.0624542307	0.0777075584	0.0412013933	0.0649352634	0.0469470551	0.1737482544	-0.0942141191	0.1014114746	-0.0234792918	0.0820253651	-0.1422841199	0.0093442188	-0.1436303494	0.0890416598	0.0307447319	0.01452744	-0.004751045	-0.0351886204	0.0419189654	0.1347693944	-0.1324147215	0.0763388711	-0.0553856525	0.0455894526	-0.0382271569	0.0140179455	0.2274761078	-0.039175941	-0.0793346797	0.0673850593	0.0850010945	0.0617197328	-0.0199271243	-0.0818567527	-0.0241315753	0.0189997009	-0.143280729	0.0185595344	-0.0372048522	-0.0070924105	0.060259205	0.1331182587	-0.0342010988	0.0294890557	0.0211854254	0.038024222	0.0839195487	0.0737956113	-0.1314299813	-0.1318022254	0.0453994047	0.0102947522	0.0002992781	0.0448187012	0.0755650422	-0.0239750208	-0.1058801375	-0.0127255	-0.01057919	0.0001119192610561	0.00016193835025	-0.0612645	-0.0359277	0.00375333896025	0.00129079962729	-0.195279	-0.081139	0.038133887841	0.006583537321	0.00291498	-0.0005595099999999	3.130514400999996e-07	8.497108400400001e-06	0.000495682	0.0004461038	2.45700645124e-07	1.9900860037444e-07	-0.000391021	0.0001440109999999	1.5289742244100005e-07	2.0739168120999985e-08	0.0	0.0	0.0	0.0	0.0	0.0	0.0	0.0	0.0	0.0	0.0	0.0	0.0	0.0	0.0	0.0	0.0	0.0	0.0	0.0	0.0	0.0	0.0	0.0	0.0
298.4928728004379	0.4182166776062104	89097.9951126584	0.1749051894279769	336.0624393542092	0.6570331454277039	112937.96314470153	0.4316925541906222	214.59893193939664	-0.1357113620303209	46052.70158952979	0.0184175737841248	214.65884531862787	413.6766946009101	1.013466	30.278357	0.2709703999999999	0.169994	0.0561384443	0.0712897992	0.0575714761	0.0938709797	-0.0421259712	-0.0656935235	-0.1530237929	-0.028729455	-0.0510381434	-0.0154058815	-0.0130063892	-0.0534925639	0.0095985625	-0.0338147897	0.0325103452	0.1849242655	0.0333544378	-0.0139743867	0.016885241	0.073851937	0.0381433764	0.0557423925	-0.0575381936	-0.0217327122	-0.1182325814	0.0943083103	-0.0828214023	0.1345277473	-0.0308796356	0.0545678502	-0.0205284557	0.0580543839	0.0125974202	-0.0687143123	0.0604041974	-0.0505721547	-0.0609113517	-0.0088567256	-0.1119465606	-0.147094101	0.1212748419	0.0590994161	0.0468895893	-0.0268260367	0.2070187216	-0.0257311818	0.0739850377	0.0299322584	0.1043904376	-0.068449673	-0.0332965882	-0.0535217626	-0.1205817829	-0.0825009538	0.010480176	-0.158390842	-0.1504252416	-0.0606141549	0.1007852868	0.1014774536	0.0759907789	-0.0534138629	0.1336237813	0.0880826698	0.0477692952	0.0076627335	0.0549217302	-0.0874965628	0.0374694428	0.0023080419	-0.0242898509	-0.1468226532	-0.1045134515	0.0481133714	-0.1131521848	-0.0544429574	-0.0406305554	0.0583891013	-0.0218407238	0.1220138086	0.1188204949	-0.0618089512	0.0581935297	0.0309301383	0.082687287	-0.094944426	-0.1058973421	-0.0992718297	-0.072716553	0.1032390416	0.0058937249	-0.0332944737	0.0697280278	0.2018300376	0.0683936047	-0.0417349462	0.109151835	-0.0858999627	-0.0850775354	-0.0703838344	-0.0241414324	0.0511964382	0.0361452167	-0.1676200831	-0.006990039	-0.0773828351	0.0709121387	-0.1274076626	-0.0214319979	0.0683655335	0.0124937252	0.0520611857	-0.0916612924	0.0655729662	-0.0843750566	0.043716036	-0.1064996752	0.0195369532	-0.0741443109	0.0172256347	0.0773354049	-0.1036246949	-0.0283037002	-0.0834142284	-0.0055123871	-0.0468834487	-0.0517784258	-0.0329588026	-0.0360672122	-0.0040273674	0.0734681463	-0.0292042644	-0.1093706198	-0.00803615	0.00468935	2.19900034225e-05	6.45797068225e-05	0.0378692	0.0991336999999999	0.00143407630864	0.0098274904756899	-0.0608254	0.1344536	0.00369972928516	0.01807777055296	0.00279894	-0.0001160399999999	1.3465281599999996e-08	7.8340651236e-06	0.000160339	-0.000335343	2.5708594921000005e-08	1.1245492764900002e-07	-0.000593513	-0.000202492	3.522576811690001e-07	4.100301006400001e-08	0.0	0.0	0.0	0.0	0.0	0.0	0.0	0.0	0.0	0.0	0.0	0.0	0.0	0.0	0.0	0.0	0.0	0.0	0.0	0.0	0.0	0.0	0.0	0.0	0.0
298.9216261188691	0.4287533184311769	89354.13856154896	0.1838294080657461	336.3185031390809	0.256063784871742	113110.13555371198	0.0655686619228417	214.9664549369685	0.3675229975718821	46210.57674816772	0.1350731537442216	215.1043941906676	411.86720040250464	0.962276	28.749001	0.2002319	0.122414	0.0749602449	0.0721697602	-0.0843709636	-0.0353520573	-0.0886078961	0.0372715606	0.0230857541	0.0795711643	-0.01586091	-0.0394875078	0.0350369418	0.0218533875	0.0650818608	0.0622625996	-0.073993812	-0.0006511271	-0.0756312839	-0.0169698169	0.0047382201	0.0749615942	-0.1788222907	0.0732448361	0.0467235105	0.0092392324	0.0142203713	0.0488457608	0.0777456458	-0.130792921	-0.1323931142	-0.0772573784	0.0167347798	-0.0855708366	-0.0746763369	-0.0431168863	-0.1020069339	-0.0369582092	-0.134168114	-0.0864918337	0.0550315542	-0.0248923265	0.0069050786	0.0074055247	-0.0042663437	0.1128458569	-0.1366734094	0.0819808797	-0.0168357368	0.0812912165	-0.1934319888	-0.0300500008	-0.0294292808	0.1003368569	-0.0809261574	0.0112823826	0.0479523205	0.0566532604	-0.0140010162	0.0001658867	0.1001966722	0.0804816746	0.1091834485	0.0844108513	-0.0470616713	0.0664566414	0.0055778617	0.0149213748	0.1261833896	0.1260905882	0.0861484322	0.009211801	0.0269854818	0.0461889241	-0.0219270878	-0.058177215	0.0215787344	0.1120002881	0.0971492199	-0.0216320381	0.1622499019	0.1451049355	-0.018255623	0.1012575613	-0.1022211025	-0.0954634903	-0.0016007457	0.0380913258	-0.0256019768	-0.0712284456	-0.0430378754	-0.02424706	0.0013456153	0.0478066227	-0.0867167043	-0.0769778662	0.0108323639	0.0807939141	0.068782231	0.027980967	0.2459003205	-0.0464106157	-0.0373414475	-0.0726426269	-0.0616057711	-0.008869658	-0.0274786166	-0.1053232483	0.0633918493	0.014533441	0.0541699254	-0.0732752183	-0.0094105266	0.0563107445	-0.0445625363	0.0284883021	-0.0371193488	0.0855362121	0.1126291739	-0.1215809487	-0.0373179179	0.0016786444	0.0943496487	-0.0397048833	0.0677643534	0.0201475812	0.0843529069	-0.067615088	0.0011278917	-0.0375536461	-0.0236681707	-0.0455760139	0.0713342571	-0.0343746944	-0.1123656258	-0.00724985	0.0007863	6.182676900000003e-07	5.256032502250001e-05	-0.0231544	-0.0610236	0.00053612623936	0.0037238797569599	-0.163651	-0.1028255999999999	0.0267816498009999	0.0105731040153599	0.00278919	-9.75000000000021e-06	9.506250000000409e-11	7.7795808561e-06	0.000464817	0.000304478	2.16054843489e-07	9.2706852484e-08	-0.000195813	0.0003977	3.8342730969e-08	1.5816529000000009e-07	0.0	0.0	0.0	0.0	0.0	0.0	0.0	0.0	0.0	0.0	0.0	0.0	0.0	0.0	0.0	0.0	0.0	0.0	0.0	0.0	0.0	0.0	0.0	0.0	0.0
298.67894201906694	-0.2426840998021475	89209.11040562915	0.0588955722967787	336.8170335703082	0.498530431227266	113445.71410310212	0.2485325908596438	215.0816071294001	0.1151521924315943	46260.09772536562	0.0132600274218029	215.30629210869017	421.9253939973975	1.092225	32.631371	0.04423903	0.0214449	-0.0165232663	-0.0028758466	0.1429757735	0.0625189387	-0.0100145026	-0.0872449096	0.007980529	-0.1113231737	-0.015269987	0.0320557906	0.0704215272	0.0501114541	-0.0457296412	0.1066630658	-0.0670190023	0.0529998466	0.1314555677	-0.0104348451	0.0481391797	0.1586610483	-0.0417639476	-0.0572633662	0.0189791689	-0.0846817442	0.0079743536	0.0043062834	-0.0368584165	-0.1485917692	0.1295121459	-0.0870293752	0.035573851	0.0494334852	-0.187279642	0.138745417	0.0269221779	0.0080253407	0.0565516447	-0.0543158973	-0.0507261608	-0.0733794063	0.029511721	0.1467462856	-0.1948276773	0.0535844094	-0.0416750684	-0.0935963502	-0.0871113398	0.0208353703	0.0346692661	0.0509251598	0.0434944117	-0.026603267	-0.0047416767	0.1780648753	0.0465301406	-0.0262963774	0.04902266	-0.0192105427	0.1228708902	-0.1121833233	8.72065e-05	0.0431762497	0.1217630435	-0.0903004186	0.0250321057	-0.0512938558	0.1721426235	-0.0243557799	-0.0411899921	0.0663727511	-0.0293610897	-0.0033411516	-0.0198384955	-0.0947232235	0.178725211	-0.0358580543	0.0181490567	0.0498536704	0.0056022717	0.0093645758	-0.1841715016	-0.0511779594	0.0477942455	0.102756067	-0.0532823361	-0.0006143927	-0.2517202241	0.023782666	-0.0074911215	0.0719605049	-0.1289967866	0.1152692985	-0.0289806426	-0.1207607704	0.0201070704	-0.0125298346	-0.0631817432	0.0112003631	-0.0615058639	0.0152186397	0.0613950397	-0.1154235454	0.0357410573	0.0113407897	0.0676546236	-0.1250613346	0.0500050916	0.0069424144	-0.0802518585	0.1294411195	-0.0077642899	-0.0450317969	-0.0274145453	-0.0283438364	-0.0461202585	-0.0274083234	0.0735757077	-0.0165591124	-0.0283541979	0.0586802877	0.1270649493	0.0453169352	0.0148305658	-0.0321708026	0.0120257614	0.0987770889	-0.0371226713	-0.0337943622	0.0072699664	-0.0418362888	0.0691644489	-0.0394758984	-0.1148515874	-0.00767238	-0.0004225299999999	1.785316009e-07	5.886541486440001e-05	-0.007614	0.0155404	5.797299600000001e-05	0.0002415040321599	-0.170924	-0.007273	0.029215013776	5.289652900000002e-05	0.00302495	0.00023576	5.55827776000001e-08	9.150322502500002e-06	0.00037348	-9.133700000000004e-05	1.394873104e-07	8.342447569000007e-09	-0.000102848	9.2965e-05	1.0577711104e-08	8.642491225e-09	0.0	0.0	0.0	0.0	0.0	0.0	0.0	0.0	0.0	0.0	0.0	0.0	0.0	0.0	0.0	0.0	0.0	0.0	0.0	0.0	0.0	0.0	0.0	0.0	0.0
297.9056205897227	-0.7733214293442643	88747.7587789478	0.5980260330830559	335.4127673212584	-1.4042662490497833	112501.72448210463	1.971963698220348	214.8604278548664	-0.2211792745337106	46165.00345797625	0.0489202714832585	214.99734831490656	408.8507846275253	1.189037	35.523727	0.0731969699999999	0.0454414	0.0666531758	0.0496292179	-0.1051804012	-0.088616472	-0.0860852877	0.0340567662	0.0366799623	0.0564478401	-0.0755499329	-0.0819635593	-0.0256383019	-0.0532452301	-0.0038710454	0.0159256033	-0.0708151714	-0.0558567291	-0.0695452975	0.0239216872	-0.008742645	0.116901428	0.0328487723	-0.0446548062	0.147841368	-0.000372151	0.013542931	-0.0826615986	-0.0812328186	0.0128873853	-0.0513854474	0.0679581096	-0.0887147424	0.0506635661	0.0119714263	-0.130279297	-0.0349967946	0.139077995	-0.0869106326	-0.0331107275	-0.064462851	0.0266320572	0.1299858469	-0.0302432482	0.0235354443	-0.1545753884	-0.088351164	0.0617800425	-0.0153752294	0.0583428896	-0.0463669362	-0.0012632906	0.1347328465	-0.0882781495	-0.0430022949	-0.109034278	0.1255242547	-0.0712844608	-0.1650899876	-0.0107034836	-0.0372932506	-0.0556201209	-0.103905455	0.0890757451	-0.0807491693	0.0277001719	-0.0462426805	0.0169913645	0.0826336679	-0.0755311045	-0.0447827154	0.0512129401	0.1074294513	0.0389704681	0.0677434952	0.1342067076	0.0283895006	0.0273600478	-0.0734696871	0.04110945	-0.0811486881	0.037039015	0.0304149758	0.0196566396	-0.1833706238	-0.0458293777	0.0759656662	-0.10521291	-0.0289165069	-0.0679453492	-0.0755125703	-0.0033948599	-0.05135562	-0.1375392623	0.0563701373	-0.04426007	-0.0346645318	-0.1922893907	0.1253110506	-0.023221212	0.0329888081	-0.0242508995	-0.0756798281	0.0030696506	-0.1580394195	-0.0363312261	-0.0399404312	0.0909766457	0.053384361	0.070288108	0.0626072882	-0.108876253	-0.0435239761	0.0395368607	-0.0569826645	0.0357475595	-0.0782756238	-0.0683788885	0.0226271772	0.0572390546	-0.0213046491	0.0018911667	0.0077134777	0.0971292152	0.0252836843	0.0234444065	-0.0716637503	0.0758410223	0.0331544803	-0.0434946274	0.0724053313	0.0763922053	0.0669598143	-0.0444976032	-0.1168172427	-0.0148136	-0.0071412199999999	5.099702308839999e-05	0.00021944274496	-0.0293369	-0.0217229	0.00086065370161	0.00047188438441	-0.20939	-0.038466	0.0438441720999999	0.001479633156	0.00306814	4.318999999999981e-05	1.8653760999999835e-09	9.4134830596e-06	0.00031213	-6.135e-05	9.742513690000001e-08	3.7638225e-09	-0.000115645	-1.2796999999999993e-05	1.3373766024999998e-08	1.6376320899999982e-10	0.0	0.0	0.0	0.0	0.0	0.0	0.0	0.0	0.0	0.0	0.0	0.0	0.0	0.0	0.0	0.0	0.0	0.0	0.0	0.0	0.0	0.0	0.0	0.0	0.0
297.6008968570627	-0.3047237326599656	88566.29381012807	0.0928565532462222	335.96272878755224	0.549961466293837	112870.95513437838	0.3024576144080672	214.36683683600648	-0.4935910188599166	45953.14073507502	0.2436320938991705	214.66910682527435	417.1422457873476	1.385811	41.40255	0.159822475	0.104713	-0.0568628212	0.0444701826	0.1860704652	0.0926268467	0.028510834	-0.1271941382	-0.0508709099	-0.1049387075	-0.0188298005	-0.079106992	0.0434329651	0.0899294595	-0.0373509532	-0.0476443331	0.0343218625	0.1632563797	0.1634844179	0.0456701617	-0.0890401384	-0.0429937695	0.0013606101	-0.0746579431	-0.0838570708	0.0418944303	0.1625743207	-0.0004150966	0.0852318236	0.0104678398	0.0533624971	-0.0137406698	0.069227036	0.0651247282	-0.0024738037	0.1936767801	0.2590010987	0.1278264385	0.0495242608	0.0056567844	-0.0029449582	-0.0482859533	-0.0257359981	0.0650362365	-0.0566996428	0.0934792712	-0.0581292595	-0.0911764281	0.0295469724	0.221424772	-0.2238010473	0.0074901645	0.0870945869	-0.0782436737	0.1343753559	0.0213900276	-0.0207669278	-0.0497261396	-0.0802554573	0.0603460071	-0.0526002432	0.0118580673	-0.2408618388	-0.0636626245	0.2176210765	-0.0779194268	0.0437604198	0.1000673363	-0.0336985213	0.0270712808	-0.0698159931	-0.0363416556	-0.0575555508	0.1123275589	-0.0515744378	-0.0401088056	0.0204279244	-0.0446660651	0.0496521964	-0.1146185694	-0.0530645176	-0.099587562	0.0197242413	-0.153908233	0.0429781342	0.2336038012	-0.2045739643	-0.1109638649	-0.0537848416	-0.0214351875	0.0477133614	0.0216635605	-0.0691135685	0.0491616247	-0.1285956036	0.0012623599	0.0790460114	-0.0426139084	-0.0651360503	0.0017962169	0.1934544069	0.1001612725	0.0114081991	-0.002187918	-0.1737405088	-0.0646328888	-0.1399553052	0.1132070467	0.0422632173	-0.075644109	-0.1674194921	0.1461380471	-0.0123698507	-0.0063723826	-0.0573649969	-0.0596120698	0.0610556937	0.0211164953	0.0623473961	0.0482619268	0.0578613171	-0.035822776	-0.1045322238	0.1244098553	-0.1034701914	-0.1499995705	-0.0494694492	-0.0156119019	0.0174636543	0.0343522951	0.0421439315	-0.0574385019	0.0647214634	-0.0494296957	-0.1182536866	-0.00786331	0.00695029	4.830653108409999e-05	6.18316441561e-05	0.0287734	0.0581103	0.00082790854756	0.00337680696609	-0.123755	0.0856349999999999	0.015315300025	0.0073333532249999	0.0030099	-5.82400000000002e-05	3.3918976000000235e-09	9.05949801e-06	0.000240784	-7.134599999999999e-05	5.7976934656e-08	5.0902517159999995e-09	-6.26933e-05	5.29517e-05	3.930449864889999e-09	2.8038825328899994e-09	0.0	0.0	0.0	0.0	0.0	0.0	0.0	0.0	0.0	0.0	0.0	0.0	0.0	0.0	0.0	0.0	0.0	0.0	0.0	0.0	0.0	0.0	0.0	0.0	0.0
297.6280627152355	0.0271658581727933	88582.46371562415	0.0007379838502643	334.7162098629134	-1.246518924638849	112034.94114499388	1.5538094294827929	214.2552590875436	-0.1115777484628779	45905.31604667044	0.0124495939520452	214.2909196667325	402.6095383603383	1.655305	49.453953	0.175834445	0.105571	0.166453022	-0.0283294387	-0.1360258083	-0.122568722	-0.1366055149	0.1462737112	0.0346385614	0.0554048296	-0.0803189084	-0.0676148448	-0.0007590295	-0.0332878576	-0.0886702925	-0.0599929953	-0.0035587876	-0.0845194792	-0.1628744651	-0.0889414484	-0.1871288976	-0.1376987483	-0.0054864172	-0.1329612221	0.0046736962	0.130469509	0.129914277	-0.0788041309	0.0251404254	0.0773282336	0.0117701662	0.0590978205	-0.0050005904	0.0183228299	-0.0225592202	-0.0643889602	0.0563412938	0.0676972715	0.0114659799	0.0996578388	-0.080496697	-0.0468881163	0.0718857145	0.0249073182	-0.1062113881	0.104097269	0.0845271677	0.0921861158	-0.0485588494	0.0689671713	-0.0059585016	0.1839138335	-0.097554681	-0.0696254913	-0.1760367766	-0.1293877747	0.0436291374	-0.0186956007	-0.1625146908	-0.1434710793	-0.1200778935	0.0267484916	-0.0147741642	0.0582778705	-0.180125556	0.1022091561	0.0772661058	0.1661087552	-0.1261578677	0.0772337272	-0.1446339806	-0.1065302083	0.05038729	0.0886408129	0.067343048	0.1165339696	-0.0386688199	-0.0537393649	-0.0452623659	-0.0072756574	0.0190636047	-0.042998985	0.0434637553	-0.1508580069	-0.0003066415	-0.0684807582	-0.0188424799	-0.0947388485	-0.054644845	0.0284118809	-0.0044186054	0.1792831329	0.013706138	0.0581005486	-0.0872032393	0.0478783337	-0.0264089614	-0.1452259152	-0.0114249655	-0.2256000318	0.0458529674	-0.1700749714	-0.0128370411	0.0241904258	-0.0324286594	-0.0300527654	0.0074490671	-0.1204159133	0.0357045929	0.0963196174	0.1954469082	-0.0592383038	-0.0365929859	0.1108268628	-0.0491181907	0.1021551158	0.0454685457	0.0236143328	0.0256687762	-0.0085859699	0.0672074363	-0.0171536012	-0.1106283016	0.1370699069	0.0364106893	-0.070404386	-0.0004927866	0.0321382067	-0.0358053406	0.0287831475	0.0302624473	-0.0636081285	0.0624505233	-0.0542622434	-0.1191544118	-0.0110418	-0.0031784899999999	1.0102798680099994e-05	0.0001219213472399	-0.038441	-0.0672144	0.001477710481	0.00451777556736	-0.192691	-0.068936	0.037129821481	0.0047521720959999	0.00349755	0.00048765	2.378025225000001e-07	1.22328560025e-05	0.000366433	0.000125649	1.34273143489e-07	1.5787671201000002e-08	5.41188e-05	0.0001168121	2.92884451344e-09	1.364506670641e-08	0.0	0.0	0.0	0.0	0.0	1.0	0.0	0.0	0.0	0.0	0.0	0.0	0.0	0.0	0.0	0.0	0.0	0.0	0.0	0.0	0.0	0.0	0.0	0.0	0.0
297.91593092453843	0.2878682093029283	88753.90189863436	0.0828681059272745	335.16432831039674	0.4481184474833526	112335.1269717594	0.2008101429748902	214.29654602341304	0.0412869358694365	45923.009637564784	0.0017046110734869	214.5027861042378	413.4948346610439	1.631871	48.753838	0.2716813099999999	0.156699	-0.1009289726	0.1918923251	0.011255572	-0.0085244653	0.1147523706	-0.1681550298	0.0246689642	0.1331988166	0.1026286239	0.0132067707	-0.0744039513	0.0965397178	-0.096213462	-0.0831389444	0.0623279987	0.0463888313	-0.0683559718	0.2260923095	0.0112656382	-0.2242089557	-0.0168487519	0.0865048233	-0.012724451	0.0018452691	0.1684420799	-0.0484348976	-0.0064777984	0.0652255178	0.0414583661	-0.0476153588	0.0654974333	-0.0281843444	0.0122488117	0.033458869	-0.1327225688	-0.0718897915	0.1489726437	-0.0134628264	-0.0376193786	0.1541642235	-0.1917448606	0.0421233121	0.0818310229	0.0861521083	0.1483287886	0.0715250664	-0.0144745292	0.0217451628	-0.0270474237	0.0035612249	-0.0072484434	-0.1797603905	0.0542175028	0.1540127085	0.0037949715	-0.0045536024	0.1014763954	-0.0924257623	0.061649688	-0.0299406863	0.0007900513	-0.0679771964	0.0666646099	0.0331781182	-0.2178343009	0.0595332621	-0.183410718	0.1118316561	0.1051224602	-0.0152932523	-0.0288425811	0.1129099864	0.0100513959	0.0773609773	-0.0069345759	-0.0599533528	-0.0169570169	-0.0573499266	0.025515162	-0.1088673636	-0.0844507572	0.0100699414	0.1145820031	-0.0253663791	0.0471015487	0.0765280677	0.0025655655	0.2437056013	0.0924642965	-0.0217163011	0.1509859827	0.0061111889	0.0126942489	0.0701378304	0.0941560174	-0.0621092271	-0.0181046781	-0.0566454056	0.0451733419	-0.0086081294	0.2661038711	0.0295329059	-0.049763142	0.0419313322	0.0858086022	0.1034368714	0.0341559861	-0.0991671627	-0.1797370855	-0.0987551983	-0.040235779	0.0732828759	0.0305268259	0.003744325	0.019964511	0.0095154133	0.0354970989	0.0083323267	0.0427085497	-0.0574965152	-0.078813696	0.0318651152	-0.1623895593	0.0096304048	0.0455331329	-0.0586795636	-0.0542390202	-0.0474505079	0.0420384116	-0.1060543676	0.0601481375	-0.0589855141	-0.1195153378	0.0117713	0.0228131	0.00052043753161	0.00013856350369	0.0573731	0.0958141	0.00329167260361	0.00918034175881	-0.0753095	0.1173815	0.00567152079025	0.01377841654225	0.00343639	-6.115999999999977e-05	3.740545599999972e-09	1.18087762321e-05	-0.000128984	-0.000495417	1.6636872256000003e-08	2.45438003889e-07	0.000210994	0.0001568752	4.4518468036e-08	2.460982837504e-08	0.0	0.0	0.0	0.0	0.0	0.0	1.0	0.0	0.0	0.0	0.0	0.0	0.0	0.0	0.0	0.0	0.0	0.0	0.0	0.0	0.0	0.0	0.0	0.0	0.0
299.4009670813627	1.4850361568242647	89640.93908925523	2.2053323870753823	336.726841507794	1.5625131973972657	113384.96579181502	2.4414474920406266	215.26069258775144	0.9641465643383924	46337.16577335843	0.929578597525526	215.3693545974737	414.64770810303713	1.425252	42.580879	0.3321911800000001	0.207032	0.082787219	-0.0643325799	0.0121422985	-0.0498865512	-0.0465842712	0.0618659722	0.0799690978	-0.0672641979	0.0677646466	0.0550432235	-0.0305091914	-0.0928236328	-0.0161088874	-0.0833380055	-0.1117854793	-0.1213002508	-0.0081918102	-0.0660617998	0.0380024619	-0.0244222193	0.0002710834	0.0728996774	-0.033141453	0.0401865225	0.0809163992	-0.1532098763	-0.0756236427	-0.0052639358	0.0755157228	0.0883078034	-0.0496138812	-0.0713568864	-0.0758456202	0.000656048	-0.0035808584	0.0127552348	0.0117071596	-0.0388782033	0.0659873106	0.1430992805	0.211264624	-0.0800298565	0.0410759935	-0.098128256	0.0863368282	-0.178946813	-0.0938430447	-0.0446394486	0.0520747384	0.0376331172	-0.0283056725	-0.0076774253	-0.021214098	0.0309168295	-0.0167767419	-0.0296190792	0.0514723273	0.1107689736	-0.1189305713	-0.1672556532	-0.0991091573	0.1188391595	-0.0715226295	-0.043400095	0.0371175865	-0.0804042179	-0.0287352519	-0.0099816533	0.082187015	-0.0818764649	-0.0475893212	0.0829604147	0.1001883028	0.0804785217	0.0781167166	-0.0261988811	-0.1004891586	0.0545831037	-0.0090014659	-0.0597638423	-0.1174976355	0.0144981712	0.0062907497	-0.0033227909	-0.0473798359	0.0310300456	0.0787864275	0.0276135888	-0.1920789106	-0.0315081698	-0.1403555753	0.0690815706	0.2352074572	-0.0159032138	0.01451671	-0.0263915243	-0.0189656908	-0.0840442237	-0.0561557076	0.0088501482	-0.0155734734	-0.0340114126	0.0606523677	0.0177572355	0.0240553843	0.243071415	0.0120177354	0.1211303997	0.0789900603	0.0440097573	-0.0379367731	-0.0034280158	0.0554495761	0.0158239085	0.0604258449	-0.0913365178	0.0826388813	0.0329026385	0.0689170567	0.026811768	0.0200554086	0.0754997286	-0.0075089012	0.1437288157	-0.1351096321	-0.0534793579	-0.0711565162	-0.0099758937	0.0881117733	-0.0641047943	0.0578154653	-0.0635899959	-0.1193348294	0.0090034699999999	-0.00276783	7.660882908900551e-06	8.106247204089821e-05	-0.0835438	-0.1409169	0.00697956651844	0.01985757270561	-0.219674	-0.1443645	0.048256666276	0.02084110886025	0.00359539	0.0001589999999999	2.5280999999999957e-08	1.29268292521e-05	0.000494001	0.0006229849999999	2.44036988001e-07	3.881103102249999e-07	0.000311848	0.000100854	9.724917510400001e-08	1.0171529315999998e-08	0.0	0.0	0.0	0.0	0.0	0.0	0.0	0.0	0.0	0.0	0.0	0.0	0.0	0.0	0.0	0.0	0.0	0.0	0.0	0.0	0.0	0.0	0.0	0.0	0.0
299.4902024832113	0.0892354018486116	89694.38138343491	0.0079629569430832	337.5003408193588	0.7734993115648194	113906.48005318336	0.5983011849912496	215.2813986737207	0.020706085969266	46346.08061491347	0.0004287419961666	215.46036469442487	423.0859174454407	1.180183	35.259205	0.24334158	0.138102	-0.1302322471	0.0898858327	0.0604268991	-0.0170921917	0.0825097838	-0.1157551784	0.0715014213	0.0283424891	0.0567308982	0.0480244717	0.0249326285	-0.0351797256	0.0535568433	-0.0077737493	-0.0630698092	-0.0547041002	0.0603296415	0.1195376518	0.1875841018	-0.0973672555	0.0238958473	0.0878984084	0.0280409911	0.0344390848	0.1074891289	-0.0581272312	0.0369722836	0.0002820084	0.0270514776	0.0627529208	0.0949469421	-0.1020986404	-0.0242773883	-0.0404751252	-0.0093692349	0.0756310375	-0.0047696491	0.1554654523	0.0713653577	0.0464486108	-0.03590459	0.0369967806	-0.1784612215	-0.0396717564	0.1216677476	0.0153133496	0.0214473057	-0.1017938795	-0.0633910206	-0.1519374116	0.0813414815	0.0341437849	-0.0010154816	-0.1914990541	0.006794183	-0.0507517855	0.0963738079	0.0336626847	-0.037224409	0.1677087854	-0.1766239897	0.0376308169	0.0399636344	-0.0805428652	-0.1364150523	-0.1707086209	-0.0718854368	0.0319783387	0.0888875057	-0.0395003107	0.0376912242	0.0506408916	0.0288691674	0.0529026326	0.0366293273	-0.0467988303	-0.0912848997	-0.1272660046	0.0951677649	-0.1080712486	-0.0186934495	-0.0665663761	-0.0309340626	-0.1097918026	-0.0701079323	-0.0542373706	0.0349679007	0.0665098372	0.1060992812	0.1272427599	-0.0625285245	0.0298815176	0.0073781623	0.0786404081	0.0203929968	0.038729215	0.1256009481	0.2069030957	0.0297898755	0.0344469602	-0.1683973122	0.0434158568	-0.0330705602	-0.1249379109	-0.0256495201	0.0498015689	0.0038113369	-0.013978522	-0.1519818351	-0.0519246853	-0.041575404	-0.0304681086	0.1394770508	-0.0348542197	-0.0103364164	-0.0395595533	0.1265757415	-0.0202454156	0.0750793212	-0.040345691	0.0154334621	-0.0011968795	-0.1243822347	0.0375392108	-0.0494845808	0.0011146294	-0.0534948603	-0.0054917145	0.0931160973	0.0117967293	0.0554536812	-0.0680664159	-0.1186137044	0.0290618	0.02005833	0.0004023366023889	0.0008445882192399	0.0163247	0.0998685	0.00026649583009	0.00997371729225	-0.144832	0.074842	0.0209763082239999	0.005601324964	0.00300322	-0.0005921699999999	3.506653088999999e-07	9.0193303684e-06	0.000115851	-0.00037815	1.3421454201e-08	1.429974225e-07	0.000312983	1.1350000000000355e-06	9.795835828900003e-08	1.2882250000000812e-12	0.0	0.0	0.0	0.0	0.0	0.0	0.0	0.0	0.0	0.0	0.0	0.0	0.0	0.0	0.0	0.0	0.0	0.0	0.0	0.0	0.0	0.0	0.0	0.0	0.0
298.9293087981334	-0.5608936850779287	89358.73165852978	0.3146017259602987	337.2121913216331	-0.2881494977257262	113712.06197593769	0.0830301330395882	215.21608733025607	-0.0653113434646286	46317.964245744406	0.0042655715851546	215.3685231645585	415.3553355844887	1.375744	41.10178	0.1806878	0.0878414	0.1251546643	-0.1173027942	0.0682291979	-0.0238002363	-0.0668151841	0.084035855	0.0237943582	-0.1310576748	0.0900930487	0.0458329309	0.0434944308	-0.1237904972	0.0145686377	0.0196910801	-0.1017157568	-0.0440269726	0.0872601702	-0.1794912619	0.0658957447	0.0139567442	-0.0497908912	-0.0631020947	-0.0631663476	-0.0272781214	0.1007350069	-0.0191301484	0.0063612534	-0.1159251332	0.0118271065	0.0630234018	0.0185228437	-0.0072698033	0.030287556	0.0200729922	-0.064037585	-0.1350259037	0.0776267093	0.0432390687	0.1051530744	-0.0882250491	-0.1170148288	-0.0138268584	-0.0830261878	-0.1880010312	0.0224689554	0.1917486559	0.0466752542	-0.1428225455	-0.0386768949	-0.0481868294	0.0196166312	0.0325350821	0.019033155	0.1363373575	-0.0427384271	-0.0901451344	0.0335619605	-0.033087809	0.0740590212	0.0260850154	0.0551227753	0.0926128177	-0.018748744	-0.0475038672	0.1669818296	-0.1351859391	0.0479419326	0.0429266806	-0.0604082845	-0.0297097732	-0.0916135753	0.0899439528	0.0554160295	-0.0174706897	0.099759427	0.0345430636	-0.0880393443	0.0014956799	0.0319064947	0.0220849828	0.0677531029	0.0558796903	0.0327327555	-0.0151011116	-0.0245365883	0.1299469572	0.0445069437	0.050511624	0.171559461	0.1351379221	0.0210478066	-0.1820319558	0.0081324512	-0.0074894717	-0.0916440395	0.0846923136	0.0277389268	0.0799407654	-0.0485461525	0.0755171929	0.0897440976	-0.132241721	0.0833835813	-0.0429125533	-0.0002677081	-0.0634367773	0.012608335	0.0783761688	0.1255727785	0.1213542236	-0.0331352663	-0.0070094012	-0.009443924	0.004658927	0.0849312672	-0.06565594	0.0237246681	0.0476327286	0.0518658531	-0.0485673199	-0.0015810518	0.0277010684	-0.0294873871	0.0753020301	-0.1265840068	0.1147360116	-0.0024517858	-0.0134820684	0.0206388581	0.1003562716	0.0530639746	-0.0724057592	-0.1173552296	-0.0196183	-0.0486801	0.00236975213601	0.00038487769489	-0.0432246	-0.0595493	0.00186836604516	0.00354611913049	-0.17321	-0.028378	0.0300017041	0.000805310884	0.00320686	0.00020364	4.146924960000007e-08	1.02839510596e-05	0.00059807	0.000482219	3.576877249e-07	2.3253516396100006e-07	0.000117234	-0.000195749	1.3743810756e-08	3.831767100100001e-08	0.0	0.0	0.0	0.0	0.0	0.0	0.0	0.0	0.0	0.0	0.0	0.0	0.0	0.0	0.0	0.0	0.0	0.0	0.0	0.0	0.0	0.0	0.0	0.0	0.0
298.61357096834587	-0.3157378297875084	89170.06476646733	0.0996903771589256	336.1844951525911	-1.027696169041974	113020.01478100257	1.0561594158635494	214.81783983012696	-0.3982475001291163	46146.70430928208	0.1586010713590905	214.92137031308687	412.3307348602247	1.150352	34.367947	0.1393969	0.0766063	-0.0462693383	0.0543594107	-0.0252523441	-0.0789607298	0.0352853247	-0.049191785	0.0362390799	0.048117487	0.0213060441	-0.002777727	-0.0592684778	-0.1515375576	0.0549697514	-0.0172834375	-0.0234691426	-0.0341754856	-0.0011273184	0.0389689652	0.0657856246	0.1341749563	0.0407488233	0.0035348432	0.059095512	0.0485340783	-0.0376549669	0.0824791363	0.0554226547	0.0455618156	-0.2086750713	-0.0335973307	0.0704966077	-0.1042123985	-0.0004315887	0.0734206989	0.0640753839	0.0557278652	-0.0997727827	0.0511491635	-0.0195773958	0.1538341954	0.0937461436	0.0413548631	-0.0444874049	-0.1012438574	-0.0891041244	-0.0148320333	-0.0960728691	0.0702174656	0.0270519071	-0.0090284631	-0.0681636874	0.0040299487	0.0477776726	-0.0508858256	-0.1959491987	-0.1139275368	-0.090837083	-0.0086481444	-0.0224064483	-0.0471901582	-0.0088736966	0.020918348	-0.011219752	0.0017566477	-0.0602923321	-0.0630806537	0.0995747379	-0.1052951584	0.0091787445	-0.0101184144	0.0967261689	-0.001991017	0.0004429698	0.0039895211	-0.1366936494	0.1498536373	0.0190337698	-0.1213347179	0.1015158678	0.0183224405	-0.0067416134	0.0288307513	0.011483883	0.0516716416	-0.0932738606	-0.1333821596	0.0239468553	0.0394387576	-0.0781667909	-0.0436481948	-0.0963701553	-0.1312996766	-0.0018075958	-0.1091054192	0.0575579208	-0.0857620673	0.0451253611	-0.1548558318	0.0180363529	0.0628533917	-0.1069032809	0.0838666871	0.0598009956	-0.0585370788	-0.071451077	0.0286097026	0.0018606648	0.0065564835	-0.0257014745	-0.0801978618	-0.0563283146	-0.053342519	0.1048666081	0.0031555312	-0.0697461458	-0.0344730861	0.0219023964	-0.031257794	0.0367997324	-0.0694446665	-0.000156623	-0.0647183845	-0.0489572376	-0.0147981426	-0.0350816172	-0.0282080195	-0.082381233	0.0567093122	0.0488422614	0.0388909464	0.0506475487	-0.0765992869	-0.1155651064	0.0122205	0.0318388	0.00101370918544	0.00014934062025	0.0144978	0.0577224	0.00021018620484	0.00333187546176	-0.142167	0.031043	0.0202114558889999	0.000963667849	0.00300322	-0.00020364	4.146924960000007e-08	9.0193303684e-06	0.0007283949999999	0.0001303249999998	5.305592760248543e-07	1.6984605624973926e-08	0.000159123	4.1889000000000005e-05	2.5320129129e-08	1.7546883210000002e-09	0.0	0.0	0.0	0.0	0.0	0.0	0.0	0.0	0.0	0.0	0.0	0.0	0.0	0.0	0.0	0.0	0.0	0.0	0.0	0.0	0.0	0.0	0.0	0.0	0.0
298.82943908728	0.2158681189341109	89299.03366521838	0.0465990447721514	336.85970309105784	0.6752079384667127	113474.45956659564	0.455905760168468	214.86801366695505	0.0501738368280939	46168.263297182784	0.0025174139020521	215.0920262099309	418.7660811549434	0.915671	27.356627	0.12016745	0.068746	-0.022666921	-0.0922281622	0.0999447619	-0.0481790443	0.026101819	0.0052027893	0.0652209907	-0.1276528334	0.055626404	0.0073693319	-0.0643952643	-0.0464452248	0.0679900755	0.0538353542	-0.0484900905	-0.0791107455	0.0965562646	-0.0529352005	0.0228181085	0.0120441155	0.1348656224	-0.065995797	0.0318084423	-0.0305668575	0.1186390056	-0.1266005903	-0.0658350142	-0.0765541279	0.1282416118	-0.0263826309	0.0817507851	0.0019631185	-0.060568218	0.1257997218	-0.0095613315	0.0072255399	0.0172145436	0.0776180735	-0.1254855813	-0.0485256186	-0.0505339782	-0.1636271696	0.0630266213	-0.0358630927	0.0529928165	-0.0132861458	-0.0917649451	0.0878313333	0.0779020787	-0.0294850492	0.1219347364	0.0875583394	-0.1151752849	0.0364003137	0.0230005394	0.0622821497	-0.2495653807	-0.0018652854	0.0832657036	0.0544234286	0.1273131834	0.0496829378	-0.0039870107	-0.1123111104	0.049982748	-0.058688823	-0.0348411948	-0.1083080631	-0.057204294	0.0451829504	-0.015792893	0.1331060982	0.0593773626	0.0292152554	0.1633710609	-0.0687178565	-0.0220642996	-0.0413442523	-0.0284223609	-0.0397397881	-0.1090381648	0.0245036824	0.0457617152	0.0843029777	0.0585449357	-0.0633072126	0.0694047587	-0.0980870162	0.0337830924	0.0753561332	0.0665616296	-0.0143955192	0.0059822348	-0.0308913559	0.1634803124	-0.0914953617	0.1279698004	-0.0602423279	-0.0005628952	-0.0967842016	-0.0012345111	-0.1458980238	0.0540466089	0.1245276504	-0.0214673342	-0.1397813031	-0.0263315904	0.0792303883	0.0135781175	0.0667309391	-0.0559394391	-0.094068842	0.1440400087	-0.0701087128	0.0555442413	-0.1301512565	0.1152695049	-0.0102551615	-0.0190491958	-0.0054726451	0.0693954381	0.1071924803	0.0246755775	0.0752936664	-0.0511132564	0.0257033295	-0.0566471993	-0.0602624071	0.0022573859	-0.0012538674	0.0482056202	-0.0806385538	-0.1132514443	0.0210784	0.0088579	7.846239241e-05	0.00044429894656	-0.0362588	-0.0507566	0.00131470057744	0.00257623244356	-0.185004	-0.042837	0.034226480016	0.001835008569	0.00300322	0.0	0.0	9.0193303684e-06	0.000808962	8.05670000001e-05	6.54419517444e-07	6.4910414890161135e-09	0.000432875	0.000273752	1.87380765625e-07	7.494015750399999e-08	0.0	0.0	0.0	0.0	0.0	0.0	0.0	0.0	0.0	0.0	0.0	0.0	0.0	0.0	0.0	0.0	0.0	0.0	0.0	0.0	0.0	0.0	0.0	0.0	0.0
298.4076391286919	-0.4217999585880534	89047.11909035963	0.1779152050648835	336.0176465023648	-0.8420565886930262	112907.8587609882	0.7090592985613363	214.31781459486248	-0.5501990720925676	45932.12565271785	0.3027190189315223	214.37579612702936	409.0886106943544	1.456678	43.519772	0.5384984	0.316141	0.0658604705	0.1097407879	-0.0645849406	-0.0359925971	0.0701469981	0.0155954482	-0.1274688619	0.2003294294	0.2068505479	0.0946601512	0.0495115659	-0.1583597511	0.0016200022	-0.1112140774	0.1253712625	0.0677747346	-0.1634890463	-0.0987597788	0.1610920579	-0.1576278642	0.0896644608	-0.0730652054	-0.1310707666	-0.0220200093	-0.0258382811	0.1571510737	-0.1666575579	0.0196155927	-0.0721413097	0.0123235637	0.0882567672	-0.1283193549	0.1265052688	-0.1108451601	0.0230389737	0.0425049441	-0.0464176725	-0.0753730583	-0.0304854444	0.0317382328	0.2145076422	-0.2175123812	-0.0574309222	0.0039302205	0.0028323522	-0.1741282652	0.0072261225	-0.2015825192	-0.155192928	0.0150319423	0.0513869722	0.0048705813	0.009178506	0.0887204724	-0.1009635416	-0.0329170049	0.0129848391	0.0641136883	0.1006495758	-0.0346396904	-0.0861399485	-0.1301788584	-0.0363921858	0.2105034445	-0.0149485437	-0.1510206674	-0.1912828243	0.0093305092	-0.1022153373	0.0162169352	-0.116713065	-0.086444485	-0.1622340969	0.0416793545	-0.0447702902	0.1162566614	-0.0766633997	-0.0373454843	0.065629465	-0.0765068564	0.0992125379	0.054094048	-0.0664555553	0.0113829109	0.0939994977	-0.0199460975	0.0977047528	-0.0846952203	-0.0987727514	-0.0861894031	-0.1904960991	0.1397223858	0.1525025094	0.0542050395	-0.1524332064	-0.093917594	0.1224901307	-0.0433876242	0.0632016498	0.1296166171	-0.0213867344	-0.0961412149	0.0676370807	0.0301590802	-0.0476374983	0.0483500615	-0.0497841822	-0.2555679831	0.1001246011	-0.1034334527	-0.0560260422	0.125904855	0.1692661346	0.1137500973	-0.0522824371	-0.0483068386	-0.0923985422	-0.0660731703	-0.1126916107	-0.0490055575	-0.0321008582	-0.1507444984	-0.0004057825	-0.0985803016	-0.059002083	0.0997319304	-0.105649572	0.0845227177	0.09253491	0.0249114725	0.0457394187	-0.0845154255	-0.1104247249	0.056469	0.0353905999999999	0.0012524945683599	0.0031887479609999	0.173498	0.2097568	0.030101556004	0.04399791514624	0.0362615	0.2212655	0.00131489638225	0.04895842149025	0.00249322	-0.00051	2.601000000000001e-07	6.2161459684e-06	0.000127587	-0.000681375	1.6278442568999998e-08	4.6427189062500003e-07	0.00018254	-0.0002503349999999	3.33208516e-08	6.266761222499998e-08	0.0	0.0	0.0	0.0	0.0	0.0	0.0	1.0	0.0	0.0	0.0	0.0	0.0	0.0	0.0	0.0	0.0	0.0	0.0	0.0	0.0	0.0	0.0	0.0	0.0
298.6880067720682	0.2803676433762803	89214.52538947106	0.078606015452369	335.9106691177789	-0.106977384585889	112835.97762715396	0.0114441608128372	214.81584614949512	0.4980315546326324	46145.84775692356	0.2480354294097967	214.9632747205026	413.49117858703977	1.190719	35.573975	0.46113515	0.27122	0.0067612941	-0.0346704667	0.0383908223	-0.0345594987	0.0112904062	0.0408072319	0.0406362433	-0.0136938301	0.1257712524	0.003756627	-0.0221603579	0.1612969713	0.0630823025	0.0823893963	-0.0154181287	-0.0455964938	-0.0027176465	-0.0128912419	0.0760349275	-0.0667492121	0.0109512132	0.0657987782	0.0533115087	0.0083216966	0.095001677	0.17623206	-0.0772758558	-0.092218738	0.0355570003	-0.0828357447	-0.0590811341	0.0710709001	-0.0977137305	0.1028196861	-0.1073214312	0.003807261	-0.0312604042	0.0636783934	-0.0692153618	0.1393646242	-0.001572247	0.0540978914	0.0838773065	0.01617007	0.0297662716	0.0054662552	-0.0416529112	-0.0079614476	-0.0546485039	-0.1312574913	-0.0443633085	-0.0727902705	0.1422639881	-0.0864893788	-0.0036614753	-0.0222656225	-0.1254099975	-0.0633630158	0.0084299874	-0.031556143	0.1532562643	0.0197510168	-0.0381035595	-0.0084719543	-0.0003500994	-0.0794306777	-0.0696087426	0.0330056055	0.0839789137	0.0505105005	0.0124076575	0.113334321	-0.1924310206	-0.0736484859	0.0772087547	0.0484959286	0.0461988099	0.0641662541	-0.0181850915	0.0067081825	-0.1578457604	0.0382235823	0.0546379272	-0.0750776264	0.0090914014	-0.1046747236	0.0227659971	0.0978242979	-0.0550209275	0.0153953377	0.0886886032	-0.0571484733	0.024521787	0.0037328104	0.0794456737	0.0425809785	0.0845298649	-0.0292808268	0.0339472495	0.1481989014	-0.028667388	0.1567832106	-0.0884146151	0.014858259	0.0490050218	-0.1112557874	-0.0279243026	0.0123700156	0.0256669322	0.0464281834	-0.0284265747	-0.0038415103	0.1655777481	-0.0903938362	0.0572857342	0.0582464854	0.1186182958	-0.1736214007	-0.0787906897	-0.0319178343	0.0858425364	0.0307734726	0.0639335301	0.1018203296	0.0716298619	-0.1885186595	-0.1370466178	-0.0079507743	-0.0027178161	-0.078259541	0.043250186	-0.0882220943	-0.1070977539	0.0371533	-0.0193156999999999	0.0003730962664899	0.00138036770089	-0.0192004	-0.1926984	0.00036865536016	0.03713267336256	-0.126433	-0.1626945	0.0159853034889999	0.0264695003302499	0.00343866	0.00094544	8.938567936000001e-07	1.18243825956e-05	0.000805079	0.000677492	6.48152196241e-07	4.589954100640001e-07	0.000288139	0.0001055989999999	8.302408332099998e-08	1.1151148800999996e-08	0.0	0.0	0.0	0.0	0.0	0.0	0.0	0.0	0.0	0.0	0.0	0.0	0.0	0.0	0.0	0.0	0.0	0.0	0.0	0.0	0.0	0.0	0.0	0.0	0.0
298.3824858945091	-0.305520877559104	89032.10788858692	0.093343006624485	335.9782112418831	0.0675421241041931	112881.35842929543	0.0045619385285062	214.546445540245	-0.2694006092501126	46030.17729395332	0.0725766882643318	214.78888097637645	417.0958130220143	0.845291	25.253958	0.0852056499999999	0.0394997	-0.0490979271	0.0006466249	0.1059004482	0.0100763702	0.0190749972	-0.0399004009	0.0085912175	-0.0011028477	-0.0067306659	0.0567403878	0.1044342179	-0.0254733889	-0.1158050194	0.0175497541	-0.0004716052	0.066278841	0.0637094148	-0.0012879335	0.0182266229	0.019810714	-0.0273396142	-0.020723047	-0.1351142067	0.0220829623	-0.0376402405	-0.0438354303	-0.0587500833	-0.0070967103	-0.0705262092	-0.0143106517	0.0822970547	0.0738507507	0.1329878365	0.0256477486	0.0215249997	-0.1073011663	-0.1477612565	0.0966543731	-0.0967194745	-0.0591767166	-0.0148926838	0.1590616227	-0.0137400445	0.1306925662	-0.0370700908	-0.03193798	0.066074032	-0.0426148916	0.0295826718	-0.047258911	0.0164982586	0.1389954809	-0.2314735858	0.1420814354	-0.0259074217	0.0790368455	0.1026493854	-0.0057194711	0.0083355203	-0.3080470624	-0.069446345	-0.0100207017	0.0818014401	-0.02532998	0.0128971049	-0.0083757321	0.0351419164	0.0256082694	-0.0730710937	-0.0640088495	-0.0829532188	-0.0978559832	-0.0371379774	0.0387172028	0.0072481969	0.0420979099	0.0570659287	-0.0857721461	-0.0293739136	0.0586049747	0.1308843608	0.0035518965	0.2158872212	-0.097234333	0.0296073013	-0.0897257809	-0.1260628662	-0.0829075048	-0.0165204717	-0.0861535345	-0.0316206833	0.0771702094	-0.1090514989	-0.0307940618	0.0306078316	0.1262360462	0.0173530987	0.1177814996	0.0294194054	-0.0972546726	0.0753569825	-0.1767251331	0.1887822944	0.1462478456	0.0750738301	0.0170787071	-0.0071099304	-0.0111232549	-0.0640077934	0.0509538147	-0.0331023876	-0.0384854339	0.0928669951	0.0083444057	0.093044381	0.0801113817	0.0414207348	-0.1020131196	0.0042476945	0.0230989559	0.0306862522	-0.1476042988	0.0778405725	-0.1236729511	-0.0183095861	-0.103399574	-0.0600754836	0.0729304568	0.009832786	-0.0036801932	0.0407391756	-0.0917510955	-0.1032856033	0.025954	-0.0111992999999999	0.0001254243204899	0.000673610116	0.0115598	0.0307602	0.00013362897604	0.00094618990404	-0.103842	0.0225909999999999	0.010783160964	0.0005103532809999	0.00360974	0.00017108	2.9268366400000035e-08	1.30302228676e-05	0.000997858	0.0001927789999999	9.957205881639998e-07	3.7163742840999967e-08	0.000238895	-4.924399999999997e-05	5.7070821025000007e-08	2.424971535999996e-09	0.0	0.0	0.0	0.0	0.0	0.0	0.0	0.0	0.0	0.0	0.0	0.0	0.0	0.0	0.0	0.0	0.0	0.0	0.0	0.0	0.0	0.0	0.0	0.0	0.0
297.8585930803141	-0.5238928141949941	88719.74147178415	0.2744636807651506	335.3507583760596	-0.6274528658234999	112460.13114339832	0.393697098830123	214.7086253229356	0.1621797826906004	46099.79378806474	0.0263022819135703	214.8140355954375	407.8277984779008	1.005088	30.028057	0.1739922049999999	0.0902878	0.0621997227	-0.0699283969	-0.0185970632	-0.0773035258	-0.0424962103	0.0923270929	0.051505352	-0.0441019789	-0.0085923937	-0.0053416981	0.0529218091	0.0971272067	0.0036208999	0.0948368517	-0.0230450413	-0.0743181809	0.0159056518	-0.0335869435	-0.0049088642	-0.0075930404	-0.0605448905	0.0514508141	0.0447518857	-0.1037509838	0.1018213813	-0.0553504209	0.0237460414	0.0676603639	-0.101199343	-0.1120019239	-0.1112051886	0.0178557151	-0.004568242	-0.24093505	-0.0255572494	0.1307565071	-0.1803779193	0.1704368966	0.0177437574	-0.0325205256	-0.1291952575	0.0434783483	0.0229648218	-0.0928802917	-0.0051776294	-0.0509162459	0.0701283502	-0.0331355955	0.0717728417	-0.0328287051	-0.1153266724	0.0057058805	0.0613345894	-0.0202583716	-0.0738157111	0.092300574	0.1352152149	0.1290414461	-0.0652572191	0.048704521	0.0442032622	0.0382425254	-0.0717903925	-0.0233721795	0.0410891017	-0.0165149662	0.0153608676	0.0567355797	0.050592992	0.1131982083	-0.023847511	0.0851558129	0.0604247844	0.121280746	-0.1223140627	0.0143900795	0.1024025568	0.0273998836	0.0425695438	-0.0031799099	-0.0026245374	-0.091787165	-0.1199536918	-0.2841753841	-0.0104807766	-0.1502094108	-0.009679604	-0.0335243051	0.1271990785	-0.1101999292	-0.0135192789	-0.0845767614	0.0652901358	0.0184263917	-0.0127739443	0.1787485593	-0.11211473	0.0489080656	-0.0634924886	-0.0628446274	-0.0054774852	0.1081310934	0.0794680256	0.0566335695	-0.0412686905	0.1111786165	-0.0095036312	0.0673692634	0.0912814727	0.0474916797	-0.036096961	0.0127777556	0.010824003	-0.0737406511	0.0551391031	0.1121013444	-0.0010749013	-0.1265209317	-0.0021810333	-0.0795482547	-0.1075702066	0.1091143618	-0.0218108183	-0.0452029709	-0.0552068572	-0.0123465503	0.0452241278	0.1374539774	0.0164784971	-0.0233366623	0.0382076517	-0.0950953223	-0.0990055431	-0.0146175	-0.0405715	0.00164604661225	0.00021367130625	-0.020236	-0.0317958	0.000409495696	0.00101097289764	-0.167267	-0.063425	0.027978249289	0.0040227306249999	0.00394484	0.0003350999999999	1.1229200999999977e-07	1.55617626256e-05	0.0008736059999999	-0.000124252	7.631874432358253e-07	1.5438559504024826e-08	-6.57511e-05	-0.0003046461	4.323207151209999e-09	9.280924624521003e-08	0.0	0.0	0.0	0.0	0.0	0.0	0.0	0.0	0.0	0.0	0.0	0.0	0.0	0.0	0.0	0.0	0.0	0.0	0.0	0.0	0.0	0.0	0.0	0.0	0.0
297.92533265378137	0.0667395734672595	88759.5038368663	0.0044541706665917	335.6878731212059	0.3371147451462661	112686.34816063882	0.1136463513950319	214.7408431957889	0.0322178728532946	46113.62973643839	0.001037991331191	215.00677532934048	415.45551669365113	1.275638	38.111015	0.201997905	0.100286	-0.1356207557	0.1025846757	-0.0232320787	-0.0740572343	0.0903629329	-0.0963838216	0.0970656772	0.1066638133	-0.0381561294	-0.0345394865	0.0189700163	-0.0080442814	-0.1686158702	-0.0849370937	-0.0149787111	-0.0692081184	-0.050754741	0.1332697983	0.0912308135	-0.0400452973	-0.0252356953	-0.1316643534	0.0115125126	0.1121970825	0.089030812	-0.1215259551	-0.0043088937	0.0295412124	0.0038810045	-0.0460411478	0.0171968714	-0.0115078741	0.0829863525	-0.079620132	0.0822387445	0.0818633965	0.084890719	-0.000300147	-0.0329536615	-0.108530034	0.0362063324	-0.0130102293	-0.0642189969	0.1319510917	0.0711076645	0.0171457681	-0.096057946	-0.1397628893	0.0468467296	0.0847575106	0.1291042161	-0.0884828455	0.0052331233	0.1219416347	-0.0346517603	0.0713549979	0.0048021777	0.0337868677	0.0360517661	-0.1342711863	0.0093164291	0.018028101	-0.012792517	-0.0325544393	-0.180782046	-0.0397688363	-0.0234701066	0.0721629767	-0.1433383388	-0.0962135992	0.044933163	0.0904500053	0.0389049574	0.0915953018	0.0361367108	-0.036454265	0.0594209335	-0.0476055891	-0.0014583926	-0.102901319	0.0531584733	-0.0647152801	-0.0578135694	0.0165554687	0.0498787745	0.0131012898	-0.042240016	-0.0496676187	0.0371442426	0.0715045875	0.0080867362	0.1944090385	0.0417425737	-0.0282696536	-0.0814573147	-0.0944197061	-0.0316454617	0.0005950878	-0.0859986576	0.0733242483	0.1323071928	-0.0861324441	0.0364823718	0.0883956361	0.029885824	0.0046547137	-0.0169482558	0.0076883946	-0.1191571453	-0.1566640054	-0.0637450038	0.0479302478	0.0627556801	0.0221189671	0.1139146681	-0.0517551835	0.0944820804	0.0287784223	0.1089072795	-0.0005966771	-0.1056616057	0.0477368583	0.0955158401	-0.1228064361	0.0389788542	-0.0186378209	0.0219604865	-0.0293060452	0.0360271071	0.0847823949	0.0356568892	-0.0982480398	-0.094276963	0.0153995	0.030017	0.000901020289	0.00023714460025	0.040883	0.061119	0.001671419689	0.003735532161	-0.110113	0.0571539999999999	0.012124872769	0.0032665797159999	0.00369289	-0.0002519499999999	6.347880249999995e-08	1.36374365521e-05	7.51276e-05	-0.0007984783999999	5.64415628176e-09	6.375677552664003e-07	-4.20214e-05	2.37297e-05	1.7657980579599996e-09	5.630986620899998e-10	0.0	0.0	0.0	0.0	0.0	0.0	0.0	0.0	0.0	0.0	0.0	0.0	0.0	0.0	0.0	0.0	0.0	0.0	0.0	0.0	0.0	0.0	0.0	0.0	0.0
297.4524236743778	-0.4729089794035417	88477.94434976157	0.2236429028004994	335.2547085385818	-0.4331645826241015	112395.71959728944	0.187631555639912	214.72216001330625	-0.018683182482647	46105.606000779895	0.0003490613076798	214.8746417671589	406.7770662190855	1.614339	48.230057	0.06975325	0.0385803	0.1169791973	-0.1317384223	0.1457682665	0.032818686	-0.0096750759	0.0439194109	-0.0720610912	-0.1889612675	0.0872511886	0.0061380068	-0.0505286818	-0.0294714366	-0.0741561203	-0.0388680508	-0.0045905935	0.0546462028	0.1660360335	-0.1508405435	0.0053911396	-0.0258763487	0.0215810967	0.0189653598	0.0315828807	-0.1262387472	-0.008952886	-0.0324746563	-0.0910262778	0.0386423541	-0.1469923646	0.095919848	-0.0613617631	0.0014769255	0.0322258214	0.1233038171	0.113889386	0.0703208579	-0.1263655692	-0.0558033518	-0.0743261857	-0.0482366614	-0.1616511933	0.0491769575	0.0263037485	0.0214243487	-0.0633372157	-0.027104979	0.0688388028	-0.0701702119	-0.1030991393	0.1003215774	0.1000236376	0.2620910181	0.0703641983	0.066591913	0.1108238325	-0.1130460154	0.0033804955	-0.0524919106	-0.0682244273	0.0684518295	0.1106195582	-0.0200837935	0.0939764936	-0.0675054145	0.1821430419	-0.0723285025	-0.0246331292	-0.0200048142	0.0283264974	0.1065508625	-0.0476182943	-0.007788913	0.0908769861	0.099775059	-0.0515795057	0.1194614092	-0.0695878512	0.0094880933	-0.0542969269	0.046076724	0.0279587798	0.0307386394	0.0316124659	0.1192371358	-0.0966654675	-0.1754821742	-0.0673366838	-0.0602742843	0.0867568309	-0.1730075015	0.0781955126	0.0341711977	-0.0344461277	0.039494494	-0.0636768903	0.0078053045	-0.0528913404	0.0490717305	0.047568616	0.0973181427	-0.107787167	-0.2251203047	-0.0032876121	-0.0768611239	0.0191001324	-0.0450027137	-0.0242777263	-0.0116013785	0.0677897777	0.2077376285	-0.024590123	0.0246511282	-0.0039096315	-0.0187881401	-0.1060349247	-0.1321573064	-0.0222639094	-0.0100211232	0.0401584938	-0.0226975209	0.0577147696	-0.0292479085	-0.0952276797	-0.099230343	0.0126758141	0.1293063018	0.0514731331	-0.0038609541	-0.0322948695	0.0402915087	0.0330881723	-0.1012028987	-0.0891212848	-0.0136052	-0.0290047	0.00084127262209	0.0001851014670399	0.0316924	-0.0091906	0.00100440821776	8.446712836e-05	-0.11287	-0.0027569999999999	0.0127396369	7.601048999999976e-06	0.00370856	1.567000000000018e-05	2.4554890000000564e-10	1.37534172736e-05	0.000270565	0.0001954374	7.3205419225e-08	3.819577731876e-08	-0.000406933	-0.0003649116	1.65594466489e-07	1.3316047581456e-07	0.0	0.0	0.0	0.0	0.0	0.0	0.0	0.0	1.0	0.0	0.0	0.0	0.0	0.0	0.0	0.0	0.0	0.0	0.0	0.0	0.0	0.0	0.0	0.0	0.0
297.701522465878	0.2490987915001596	88626.19647850166	0.06205020792684	335.2682309963486	0.0135224577668395	112404.78671542098	0.0001828568640559	214.75311679634828	0.0309567830420292	46118.901173746	0.0009583224163112	214.9500243688255	407.5237684546488	1.35885	40.597069	0.133730063	0.0795672999999999	-0.0516596941	0.035495436	-0.0722472253	-0.1135542264	0.024683731	0.0194383555	0.0967054446	0.0553114609	-0.054702004	-0.1534496958	-0.0654137118	0.0053872411	0.0587446428	-0.0345438316	-0.0500065656	-0.1038205514	-0.0273463203	0.0171960708	0.0142810322	0.0970275355	0.0540517583	-0.0083455062	0.0548964168	0.0774760056	0.0721401745	-0.072769506	-0.0732125863	0.1328970215	0.0753630647	-0.1833328016	0.0332144806	0.1042393973	-0.0461614833	-0.043796196	-0.0262244651	-0.011207602	-0.1206070509	0.0232498613	0.0229553264	-0.0986833748	-0.0616334771	-0.1812912575	0.0070429558	-0.1583358752	-0.0847129208	0.0872834467	0.2165972452	0.0176503657	0.0206982179	0.1559320345	0.0585521011	-0.0864412019	-0.0202219718	0.042479152	0.0307586843	-0.055456414	-0.0194279127	-0.0113218575	0.2466457846	-0.0002499351	0.1485014558	0.0651080776	-0.0946182353	-0.0407086058	-0.0431390649	-0.0091118847	0.0487105701	-0.0786654977	-0.0233623998	-0.0125976365	0.0682886714	0.0884205296	-0.0673824493	0.1358505273	0.0308798853	-0.1557956227	0.1308040804	-0.0323076338	-0.046178784	0.1016889476	-0.057776893	0.0800735198	-0.0497839904	0.0462257362	0.0638952965	-0.0599858847	0.0984568757	-0.1110276214	0.1198442561	-0.0395150514	-0.0474380714	-0.2226745845	-0.028871088	0.0397247051	-0.0951041498	-0.0723206706	-0.1143492123	0.0374479757	-0.0666802489	0.0562631412	0.0962706303	-0.0416438605	0.0605602818	-0.0141358433	-0.0135257025	-0.2514847192	-0.0179881079	0.0897308264	-0.017783951	-0.0940151557	-0.0532411675	0.0310207781	0.0141534866	-0.0347303711	-0.0327714404	-0.0890310927	-0.0182360651	0.0378978402	-0.0063818049	0.0265105575	0.051463971	0.1461294165	0.1044086476	0.0297799946	0.0053247705	-0.0625655345	0.0652125737	-0.0214505515	0.08658016	-0.0263306904	0.0305027946	-0.1039539485	-0.0835618648	-0.00994572	0.0036594799999999	1.3391793870399998e-05	9.89173463184e-05	-0.000855183	-0.032547583	7.31337963489e-07	0.0010593451591418	-0.172609	-0.059739	0.029793866881	0.003568748121	0.00423383	0.00052527	2.759085729e-07	1.79253164689e-05	0.00033545	6.488499999999999e-05	1.125267025e-07	4.210063224999998e-09	-0.000241408	0.000165525	5.8277822464e-08	2.7398525625e-08	0.0	0.0	0.0	0.0	0.0	0.0	0.0	0.0	0.0	0.0	0.0	0.0	0.0	0.0	0.0	0.0	0.0	0.0	0.0	0.0	0.0	0.0	0.0	0.0	0.0
297.7775791570964	0.0760566912184117	88671.48664866081	0.0057846202790928	335.25533468150473	-0.0128963148438856	112396.13943240776	0.0001663149365526	214.35549510314763	-0.397621693200648	45948.27828091555	0.1581030109037502	214.5015956366846	410.1614599883965	1.002887	29.962305	0.218575063	0.142903	-0.08485702	0.0441579235	0.0894311469	-0.0012786808	0.0755591206	-0.0516956817	-0.0675636519	-0.0342831451	0.0130806945	-0.0753155286	0.0089408554	0.0260128507	0.0176443236	-0.0147257078	0.0501320122	0.0789315799	0.0601202753	0.0984910783	0.0279901371	-0.0010756235	0.1811760493	-0.0335784503	-0.0772072655	-0.0011516101	0.0669802583	-0.0407244893	0.0277944093	-0.0046143446	-0.101595518	-0.0466568118	0.1964262697	0.0196723734	-0.2468435204	-0.1808630426	-0.0480004916	0.0404839101	-0.0081272692	-0.0372593039	0.0013704973	-0.0271138655	-0.0099702669	0.1335983376	0.0460546392	-0.0749781521	0.0034394455	0.0454657969	0.132274281	0.0464757266	0.0617530629	0.0471963865	-0.0689700205	0.0786186185	0.0224696238	0.0816618824	-0.1494888077	-0.1370723675	0.0463696382	0.021155326	-0.1925223719	0.0385824723	0.1958009938	-0.0723980012	0.0993528168	-0.0178001688	-0.0606555772	-0.0119247469	-0.0733124133	-0.1409886318	-0.035804937	-0.0108303066	-0.0689689171	-0.0011462867	-0.0285448863	0.030174878	-0.0125483919	-0.0299918231	-0.031186198	-0.1941642553	0.1273095337	0.1444829101	-0.1501245832	-0.1895666678	-0.1166173521	-0.0597822192	0.0836983702	0.0364063541	-0.1059465054	0.0569077807	-0.0182735326	-0.0352702941	0.0329774368	-0.1903183952	-0.0376409262	0.0967522377	-0.0177282768	0.0791322125	-0.1299887892	0.0160469676	-0.0563537848	0.0507541192	0.0262879334	0.0151627608	0.1805003782	-0.1334822952	-0.0598685354	0.0419590452	-0.0361451622	-0.0922603747	-0.112516325	0.030123023	-0.0464061739	-0.0146101097	0.0537747897	-0.0116012897	-0.0526518151	-0.0724484969	-0.0772990047	0.0180637391	0.0148554701	0.0009990189	0.0322097494	-0.050168047	-0.0491898037	-0.1018784828	0.0789444842	0.0173964831	-0.0075932644	-0.0493465859	0.0458378582	-0.0217060173	0.0279020578	-0.1064956489	-0.0776238888	-0.0176529	-0.0077071799999999	5.940062355239999e-05	0.00031162487841	0.0646052	0.065460383	0.00417383186704	0.0042850617425066	-0.0513255	0.1212835	0.00263430695025	0.01470968737225	0.00392221	-0.00031162	9.710702440000018e-08	1.53837312841e-05	0.000297108	-3.834200000000002e-05	8.8273163664e-08	1.4701089640000016e-09	-0.00010889	0.000132518	1.18570321e-08	1.7561020324000003e-08	0.0	0.0	0.0	0.0	0.0	0.0	0.0	0.0	0.0	0.0	0.0	0.0	0.0	0.0	0.0	0.0	0.0	0.0	0.0	0.0	0.0	0.0	0.0	0.0	0.0
297.69875568594193	-0.0788234711544646	88624.54913695814	0.0062131396048387	335.3591388525901	0.1038041710853576	112465.7520119508	0.0107753059347182	214.3755906243988	0.0200955212511644	45956.89385555982	0.000403829974356	214.49976435073745	406.5975645022073	1.097755	32.796562	0.1012362999999999	0.0555919	0.0752349986	-0.1086405052	0.0278053188	-0.0494017026	-0.0533995457	0.1185905077	0.006158703	-0.0273004906	0.1050013282	-0.0508052364	-0.0027792526	0.0921819451	0.0258052186	0.0468257379	0.0220792454	-0.0260537177	-0.0458601227	-0.0924674311	-0.0369082304	0.0096634416	0.0687913769	0.0269647107	-0.0049372083	-0.1212443238	0.0132366816	0.0343488325	-0.0513709938	0.0556825039	0.1094217157	-0.0420569704	0.0570769599	0.1057388163	-0.0489723401	-0.0797411322	0.0437091788	-0.1676012952	-0.1662615505	-0.1196026114	0.0298044111	0.0319404492	-0.1004555875	-0.2106191787	-0.01356673	0.0263048116	-0.0284589353	-0.1366940494	0.0607981294	0.1838303833	0.0374085491	-0.0712004011	-0.0689378664	0.0202211282	-0.0615016205	0.0968835027	0.0473857869	0.0693634763	0.060813064	-0.0088199815	-0.1443252768	0.0747054072	-0.1295567653	-0.0033428779	-0.0856790898	0.0401956629	0.0876802771	0.008015912	-0.0690744472	-0.0693716386	0.0100481876	0.1143196291	-0.06223132	0.0306349301	-0.125409752	0.0056603479	0.0485878604	-0.1602013265	0.0191389779	0.0015244017	-0.0717539614	0.2564896003	0.0507554529	0.0705487611	-0.0123884314	0.0446546533	0.0188660206	0.0456582545	0.1280000356	-0.0461579732	0.0359570401	-0.1767092243	-0.1048845013	0.0417443419	0.0025354041	0.0293360062	0.1334813558	0.0829712623	-0.0351231935	0.0117647537	0.0037437788	-0.2034930822	0.0654518437	-0.0592200732	-0.1118610639	-0.010857937	-0.0552540671	0.0793921341	-0.0313155913	0.0355946791	0.1085822937	0.0567312442	-0.0345161447	-0.0061406442	0.0087890252	-0.038694315	-0.0182941885	-0.060061042	-0.1331282256	-0.0017901774	-0.0492021139	-0.0484379958	0.0914130789	0.0627307308	0.0430313744	0.0316695873	0.0280659891	-0.0239971905	0.077976394	-0.0852358476	-0.1045571807	0.0149471983	0.0252872714	-0.1088228812	-0.0713342571	-0.0216728	-0.0040199	1.615959601e-05	0.0004697102598399	0.0220925	-0.0425127	0.00048807855625	0.00180732966129	-0.0850662999999999	-0.0337407999999999	0.0072362753956899	0.0011384415846399	0.00385402	-6.818999999999966e-05	4.649876099999953e-09	1.48534701604e-05	0.000470101	0.000172993	2.20994950201e-07	2.9926578049000014e-08	-0.000286965	-0.0001780749999999	8.234891122499998e-08	3.171070562499999e-08	0.0	0.0	0.0	0.0	0.0	0.0	0.0	0.0	0.0	0.0	0.0	0.0	0.0	0.0	0.0	0.0	0.0	0.0	0.0	0.0	0.0	0.0	0.0	0.0	0.0
298.015648805622	0.3168931196800599	88813.32693303583	0.1004212493005608	334.77399082075465	-0.5851480318354447	112073.62493005472	0.3423982191608946	214.1612989547237	-0.2142916696751058	45865.06196997454	0.0459209196921446	214.23479576212333	405.0153987057032	1.030347	30.782698	0.12232272	0.0646808	-0.0055188026	0.0531516675	-0.0824273311	-0.1028131963	0.0518057687	0.002566756	-0.0132225542	0.1249498256	0.0121901746	-0.0223396904	-0.0352582217	-0.0900748282	-0.0568477389	-0.0434009436	0.0577355672	-0.0146813786	-0.1622834845	0.0125305588	-0.0792415764	0.001890781	0.0027281544	0.0491566297	-0.1797733312	0.0845032141	-0.1146280409	0.0044324649	-0.0021057069	-0.0447591405	-0.0909043044	0.1238225151	-0.0878119577	0.2502547006	-0.1115767137	0.0940184449	0.002428334	-0.0222706408	-0.0053047048	0.0247197042	-0.0231195651	0.0022236269	0.071347355	0.1028998369	0.0886813201	0.0183328911	-0.1983831119	-0.0012430346	0.0932248846	0.0112007974	0.0948613361	0.1429383077	0.1674841818	0.028992473	0.1162388386	-0.0801353467	-0.007874312	0.14870395	0.2129424853	0.0337102654	0.0516879707	-0.0559522535	0.0077823788	-0.0441976615	-0.073849516	0.1108231449	-0.0720156921	0.082467632	-0.0204307829	-0.0113984454	0.0162126471	-0.1619055131	-0.1259813938	-0.0740211593	0.0249524805	-0.0753300974	-0.052676155	0.1676493876	0.0213815362	0.0790003167	-0.2543182821	0.1388237864	-0.1037202802	-0.1203820724	0.1109605166	-0.0058767293	-0.0108766748	-0.0020854296	-0.0015613313	-0.0671806673	-0.118713952	-0.0274064265	0.0409884675	-0.0186417293	-0.0946174874	-0.1082859388	-0.1010343437	-0.0858356672	-0.181423085	0.264594019	0.0255441016	-0.0064653966	-0.1142725991	0.068935032	0.033282903	0.070002957	0.0420117151	0.0146390406	-0.0343040657	-0.031274874	0.039600848	-0.1259657677	-0.0606784061	0.0596956507	-0.0467898954	0.0273581688	0.0303985461	0.1013651484	-0.2158766474	-0.0250735633	0.0527467927	0.0326747217	0.0771809919	-0.1096456692	-0.0152256679	-0.086647701	0.0268005881	-0.0564180619	-0.1089952086	-0.0930007191	-0.013460409	0.0305823979	0.0226597522	-0.1109309587	-0.0647214634	-0.0341799	-0.0125071	0.00015642755041	0.0011682655640099	0.0609707	0.0388782	0.00371742625849	0.00151151443524	-0.044556	0.0405102999999999	0.001985237136	0.0016410844060899	0.00383927	-1.4750000000000006e-05	2.1756250000000015e-10	1.47399941329e-05	-2.10794e-05	-0.0004911804	4.4434110436e-10	2.412581853441601e-07	-0.000389577	-0.000102612	1.51770238929e-07	1.0529222544000006e-08	0.0	0.0	0.0	0.0	0.0	0.0	0.0	0.0	0.0	0.0	0.0	0.0	0.0	0.0	0.0	0.0	0.0	0.0	0.0	0.0	0.0	0.0	0.0	0.0	0.0
298.48430475034127	0.4686559447192735	89092.8801822946	0.2196383945207147	336.06162159551275	1.2876307747580995	112937.4135094056	1.6579930121041435	214.2763858725693	0.1150869178456162	45914.36954261022	0.0132449986592036	214.5621531561544	417.1199078490122	1.248596	37.303097	0.0591057499999999	0.0306038	-0.0981025578	0.0004797854	0.1697024296	0.0760541925	0.0965234104	-0.1082938258	-0.0569097639	-0.1063008748	0.0138103066	0.0232762312	0.0758649179	0.1091602684	-0.0093113171	0.0380614626	0.0852813249	0.1483658714	0.1538674043	0.0563696065	-0.054065095	-0.0456643064	-0.0796440387	0.141245159	0.0052709022	-0.045686016	0.0042293514	-0.0086744289	0.1348950119	0.1915678576	0.0502383706	-0.0978915312	-0.0543371435	0.199760735	-0.0278173402	-0.0200775956	-0.0249554606	0.017109894	-0.0036134496	0.0496525083	-0.0397956525	0.0153980797	-0.0626321306	0.0081063764	0.022983241	0.0358614551	0.0958430174	-0.0441548465	-0.0027731679	-0.1328088452	0.1241907277	0.0936593049	-0.0246759094	0.1393537398	-0.1927289688	-0.16149443	-0.0572936309	0.0802835704	0.0469673866	-0.1085466603	-0.0442720356	0.0278262233	-0.0786280403	-0.1108524411	0.1878960598	-0.0618108967	0.030407545	0.0713431374	-0.0067071879	0.0776767852	0.1313228431	0.0476897224	-0.0252955431	0.0149800488	-0.0368617366	0.0348342234	-0.1739474626	-0.1466495267	0.1599350005	0.0123298041	-0.1374679335	0.0667538159	-0.0449433227	-0.0534236536	0.0360721655	-0.0959164528	0.016315994	-0.0395840123	-0.0071768554	0.0676310651	0.0477977163	-0.0001580522	0.1163463527	0.0947432264	0.0246238782	0.083338094	-0.0788290433	-0.0112865434	0.0402445495	0.007517158	-0.0902971192	-0.2046454417	-0.1289791778	-0.0193409877	0.1188458912	-0.038394848	-0.0297450835	-0.0368788663	-0.0315635027	-0.0756234136	-0.1500106328	0.1520062642	-0.0021867302	-0.0229410397	-0.0363646614	-0.0658604756	0.0936628872	0.145053289	-0.1286381526	-0.03172367	0.124408203	-0.059199134	-0.0095363348	0.0203589558	-0.0870158647	0.0110482812	0.0739068635	-0.0460601046	0.1084509815	-0.1518490642	-0.0055919713	-0.1689355429	0.020020823	-0.112815636	-0.0578154653	-0.0380136	-0.0038337	1.4697255690000018e-05	0.00144503378496	0.0386579	-0.0223128	0.00149443323241	0.00049786104384	-0.035961	0.0085949999999999	0.001293193521	7.387402499999997e-05	0.00413281	0.0002935399999999	8.616573159999983e-08	1.70801184961e-05	-4.88744e-05	-2.7795e-05	2.38870697536e-09	7.72562025e-10	-0.000223627	0.00016595	5.0009035129000004e-08	2.75394025e-08	0.0	0.0	0.0	0.0	0.0	0.0	0.0	0.0	0.0	0.0	0.0	0.0	0.0	0.0	0.0	0.0	0.0	0.0	0.0	0.0	0.0	0.0	0.0	0.0	0.0
299.0460755225218	0.5617707721805232	89428.55528542181	0.3155864004763012	335.9813026197545	-0.0803189757582458	112883.43571006705	0.0064511378668536	214.6674959391158	0.3911100665465028	46082.13381277031	0.1529670841540098	214.70052233180903	409.4850326190198	1.518379	45.363152	0.23828487	0.146802	0.1086927832	-0.1111926065	-0.0613593449	-0.0972286031	-0.0763946728	0.1866320529	0.0757373532	0.0261657067	0.0166238836	0.0733175228	0.1219529425	-0.0336746961	-0.0941550201	-7.29946e-05	-0.0302986534	-0.1242833528	-0.053633391	-0.1358431225	-0.0177735624	-0.1319356961	-0.0750046367	0.0918511981	-0.1351402496	0.0952105207	-0.0307863626	0.0804080738	0.0261257788	0.0075497275	0.0437167655	-0.063882048	0.1445486202	0.0181385229	-0.063711723	-0.1416244447	-0.0182667181	-0.0611162708	0.2349120316	0.0410504922	0.0316116809	0.0988109671	-0.0952733475	0.0083821662	0.0618143978	-0.0751724077	0.0631541976	0.0319151415	-0.0722529551	-0.0723608421	0.0946862128	0.1523605901	-0.1289563827	0.0174934114	0.0713575529	-0.0192882515	-0.0456178427	-0.0300682775	0.0167992264	-0.0524000182	-0.0028772642	-0.1152901785	-0.0782308938	0.0569944026	-0.1544320893	0.0063764856	0.1102569495	-0.0275535574	-0.0935733673	0.114256507	0.0647156107	-0.1554944714	-0.0681999397	-0.0660015653	-0.097181286	-0.0308491997	-0.019891681	-0.0539310108	0.0196954268	-0.0638129778	0.0515236451	-0.0356339286	-0.0455306969	-0.1358767911	0.0264451554	-0.0535675462	0.0404584329	0.1954100906	0.0464081274	0.1858416232	0.0850099989	-0.0198054176	0.0612410856	-0.0739023348	0.1012192825	-0.0511438995	-0.0182599645	-0.0968978191	-0.0863335548	-0.1545407153	-0.1025501708	-0.0015552232	-0.0463213563	-0.0074265144	0.0875557181	0.0562951856	0.1435554128	-0.0738014105	-0.0316744217	0.1243103677	0.1614875511	0.0027505909	-0.031058964	0.0721341853	-0.0459102723	-0.0141549587	0.1171309897	0.02734712	-0.0764830099	0.0269184831	0.1626963844	-0.0215960938	-0.04232326	-0.0541933754	0.0403996937	0.0922002469	-0.0748225731	0.0372036049	0.0048746394	0.0379835745	0.0657387806	-0.0381742424	0.0173718128	-0.1144731177	-0.0506475487	-0.0364191	0.0015944999999999	2.542430249999996e-06	0.00132635084481	-0.0370163	-0.0756742	0.00137020646569	0.0057265845456399	-0.14084	-0.104879	0.0198359056	0.010999604641	0.00497982	0.00084701	7.174259401000008e-07	2.47986072324e-05	0.000162306	0.0002111804	2.6343237636e-08	4.459716134416e-08	-0.000159074	6.455300000000002e-05	2.5304537476e-08	4.167089809000002e-09	0.0	0.0	0.0	0.0	0.0	0.0	0.0	0.0	0.0	1.0	0.0	0.0	0.0	0.0	0.0	0.0	0.0	0.0	0.0	0.0	0.0	0.0	0.0	0.0	0.0
299.2788353185228	0.2327597960010052	89567.8212696115	0.0541771226344295	337.19506614858454	1.213763528830043	113700.5126349483	1.4732219039179586	214.97956187835592	0.3120659392401137	46216.21202540986	0.0973851504338143	215.1580971130986	419.8106755551754	1.467447	43.841499	0.2228132	0.121827	-0.1702184779	0.0619670796	0.0203074722	-0.0329161037	0.1059804697	-0.0976856441	0.0888010417	0.0371058943	0.016160268	0.0359353554	0.0355854863	-0.0672399445	0.0466477125	0.019217005	-0.0418151643	-0.0371157289	0.0146861873	0.1693611119	0.1238458346	-0.0383804146	-0.030116972	0.1659903304	-0.0417361408	-0.0657017315	-0.0841359771	-0.0056820455	-0.0107724431	0.1839860413	-0.0786723654	-0.0444289867	-0.0641909289	0.0184068214	0.0710401815	0.1736381772	0.0688904175	0.0298443487	0.1072423295	0.133688204	0.060320281	-0.0168750521	0.0419763697	-0.0865425404	-0.1581078582	0.0624973246	-0.083664835	0.084334582	0.0526409258	0.0834758816	0.0192390866	-0.0375919674	-0.2105059302	-0.0624929474	0.0420130401	-0.0476926647	0.0722466587	0.107163914	-0.0044742469	-0.0619557388	0.0275116644	-0.0123499968	0.0982931299	0.0155055776	0.0328422711	-0.0476783744	-0.1767514	-0.0973948436	-0.013561738	0.0201012975	0.1715591265	0.0229920408	-0.0508250447	-0.1140337341	0.0146610415	0.0944889473	-0.1620060904	-0.0013434282	0.0391135142	-0.0273443929	-0.0706443866	-0.054943485	0.0211551228	0.1003603598	0.0708244962	0.0903477188	-0.1100174442	-0.0115258627	0.0853246897	0.0232725573	0.0550554096	0.166423966	-0.1195914933	-0.0273008068	-0.1535860319	-0.0266175638	-0.054419208	0.136737161	-0.024947406	-0.1134941259	-0.0035627909	-0.0444936687	0.0200294061	0.1832610621	-0.0765458743	0.0914224135	0.0774478846	-0.0722225289	-0.0222538369	0.0254105277	-0.1750601178	-0.08400562	-0.0351453039	-0.0405014886	-0.0349422131	-0.0094430861	-0.0245083159	-0.0243039173	-0.0801249981	0.0132368428	0.1258911788	-0.0978206518	0.0306436204	-0.1052146946	-0.1469494656	0.0756016311	0.057208142	0.0522068182	0.0075273719	-0.0280458753	-0.0270795888	0.1472888995	0.0147140554	-0.1159000657	-0.043250186	-0.0501386	-0.0137194999999999	0.0001882246802499	0.00251387920996	0.0437578	0.0807741	0.00191474506084	0.00652445523081	-0.0758423	0.0649976999999999	0.00575205446929	0.0042247010052899	0.00419487	-0.00078495	6.161465025000006e-07	1.75969343169e-05	0.000310729	0.0001484229999999	9.6552511441e-08	2.2029386929e-08	-0.000492139	-0.000333065	2.422007953210001e-07	1.1093229422500005e-07	0.0	0.0	0.0	0.0	0.0	0.0	0.0	0.0	0.0	0.0	0.0	0.0	0.0	0.0	0.0	0.0	0.0	0.0	0.0	0.0	0.0	0.0	0.0	0.0	0.0
299.1120245563106	-0.1668107622122079	89468.00323417495	0.0278258303898177	336.66717323312514	-0.5278929154594039	113344.78553278308	0.2786709301922293	214.86197459145097	-0.1175872869049499	46165.668125337324	0.013826770041667	214.97352466344017	413.3209186015031	1.375682	41.099937	0.1621960999999999	0.0837287	0.057654659	-0.1522075182	0.0446120536	-0.0232795769	-0.0307406671	0.0874463599	0.0364339494	-0.1199638397	0.0766612567	0.064915016	0.0285620722	-0.0791005634	0.1095255999	0.1527988551	-0.0380344184	-0.068218721	0.0717246336	-0.1501063328	0.0020671767	0.0836674357	0.0181211402	0.0240289992	-0.0731364047	-0.117200177	-0.0736964983	0.1033914746	0.0840783785	-0.031921924	0.0477059284	0.0538406537	-0.0210082652	-0.0599022601	0.0278536671	0.0753156987	0.0308962901	-0.1562555215	0.048225866	-0.0483468021	-0.0734659397	0.0601913761	0.030654182	-0.0663165195	0.2511578905	-0.0282750288	0.0661850314	0.0444110546	0.0544932426	0.0876541536	-0.0296776735	0.1301669492	0.1156363883	-0.0509215221	-0.1098080245	-0.0121019797	0.0969255925	-0.010042135	0.1393572986	0.0077360563	0.0596262047	0.0089491422	-0.0637508241	0.0409845894	-0.0524774443	-0.0541999943	0.1401573181	-0.0797644349	0.068934489	-0.0804007278	0.0212679524	0.0663899523	-0.1028575811	-0.0336158646	-0.0033541265	-0.1706763255	-0.0421422554	0.0117283631	-0.0191945255	0.0780377042	0.026783249	-0.0039889035	0.0417704518	0.0044289884	0.11524282	0.0871624397	0.0307736589	0.0711038053	0.145727533	-0.0133242543	-0.1378434029	-0.0649747027	0.1650849309	-0.0336258852	0.0775411383	0.0223257026	-0.020091087	-0.1191361747	-0.0985467028	0.0218458504	0.0789687366	-0.146815267	0.0746606482	-0.096756708	-0.0123830879	-0.0523795181	0.100869452	0.0235997246	-0.037559692	0.0788620057	0.1180310649	0.113570771	-0.0141222859	-0.052399043	-0.041258545	-0.1141116903	0.0026617481	0.0044432669	-0.128117187	0.0112018715	-0.0089494482	-0.0208479893	0.1197873551	-0.0390382764	0.1043389798	0.1658711525	-0.0877361639	0.0338746089	0.1349665778	-0.0396770945	-0.009530906	0.0042330422	0.012048889	-0.1170936064	-0.0356568892	-0.0431495	0.0069890999999999	4.884751880999997e-05	0.00186187935025	-0.0056191	-0.0493769	3.157428481e-05	0.00243807825361	-0.126351	-0.0505086999999999	0.0159645752009999	0.0025511287756899	0.00447736	0.0002824899999999	7.98006000999999e-08	2.00467525696e-05	0.00090913	0.0005984009999999	8.265173568999999e-07	3.580837568009999e-07	-0.000266602	0.000225537	7.1076626404e-08	5.0866938369000025e-08	0.0	0.0	0.0	0.0	0.0	0.0	0.0	0.0	0.0	0.0	0.0	0.0	0.0	0.0	0.0	0.0	0.0	0.0	0.0	0.0	0.0	0.0	0.0	0.0	0.0
298.64402729594855	-0.4679972603620399	89188.25503954326	0.2190214357063749	336.72156728242896	0.0543940493038235	113381.41387313532	0.0029587125996667	214.38508478616248	-0.4768898052884935	45960.96457877007	0.2274238863880973	214.5570429900172	417.776879993312	1.401799	41.880192	0.20727055	0.121409	-0.1582587409	0.0756652452	-0.0434047757	-0.0652741123	0.1058628922	-0.0683130555	0.0758117161	0.1269621601	-0.002970549	0.0482819171	0.1051500476	-0.1394031676	-0.0253369644	0.015971831	0.0368198252	-0.0548421485	-0.0542758644	0.1903718407	0.0574883528	0.0438494753	-0.0012332525	-0.0437929533	-0.1123126848	0.1064252402	-0.1013192971	-0.0176739697	-0.0587012045	0.0123608371	-0.0546457399	-0.00310284	0.0647347221	0.0556246221	0.0815889256	0.1291854953	0.0403227772	-0.2538116356	0.0793826486	0.0393721794	-0.0421313014	0.0890249742	-0.1042152871	-0.054360255	0.0414173457	-0.045811174	-0.1900838997	0.0064864804	0.0758624837	-0.1115378301	-0.0150188796	-0.0480467922	0.0439376445	0.0838747276	0.0924749163	-0.0133187895	0.1458909613	0.1060320684	-0.1114679462	0.0167124864	-0.0407912243	-0.079930026	0.1113454734	-0.0338875648	-0.0296248966	-0.0129256108	-0.2070192626	-0.0082100204	0.0454166699	-0.0127360859	-0.0724779623	-0.1119135618	-0.034942596	-0.1044432932	-0.0395749184	0.0313316344	-0.0006709058	0.0866488245	0.0102247654	-0.0468508725	-0.0744941536	0.0585359123	0.0193908748	0.0658119886	0.256529395	0.0400704154	0.0494983496	0.0615220155	0.1568786281	0.0686369247	0.0723569601	-0.1025132667	0.0335544944	-0.0340274057	-0.0428676826	-0.1052574725	-0.1121037775	0.0590254725	0.0657195872	0.0798872911	-0.0193232351	0.0489301706	-0.0761026917	-0.0630558953	-0.09842588	0.1745501941	0.0496030373	-0.025079356	-0.0364885969	-0.0057703035	-0.1025285152	-0.1666051979	-0.0440332015	-0.004188048	0.004081071	0.0381869131	0.0679151835	0.052530204	-0.0770313407	-0.0728896852	0.0403754292	0.0096112586	0.0972184851	-0.1814517143	0.0374405662	-0.0299544154	0.1128526693	0.0723763263	0.0105233396	-0.0668766373	0.0218013373	0.2018773595	0.0093776556	-0.1180513362	-0.0279020578	-0.0418421	0.0013074	1.7092947600000006e-06	0.00175076133241	0.0788158	0.0844349	0.00621193032964	0.00712925233801	-0.0479243	0.0784266999999999	0.00229673853049	0.0061507472728899	0.00427926	-0.0001980999999999	3.9243609999999866e-08	1.83120661476e-05	0.000420339	-0.0004887909999999	1.7668487492099998e-07	2.38916641681e-07	-0.000441742	-0.00017514	1.9513599456400002e-07	3.06740196e-08	0.0	0.0	0.0	0.0	0.0	0.0	0.0	0.0	0.0	0.0	0.0	0.0	0.0	0.0	0.0	0.0	0.0	0.0	0.0	0.0	0.0	0.0	0.0	0.0	0.0
297.90916950638115	-0.7348577895673998	88749.87327598174	0.5400159708878848	335.661018729984	-1.0605485524449705	112668.31949485069	1.1247632320931222	214.46190653415707	0.076821747994586	45993.909354265525	0.0059015809649436	214.6644215882844	408.0415462173156	1.571405	46.947353	0.1233392	0.0869015999999999	0.0902330198	-0.1534907841	0.135500873	0.0310778156	-0.0091748269	0.0602792671	-0.0446800053	-0.2019355939	0.0956575378	0.056106726	0.0100758669	0.0441519068	-0.0406971594	0.0340803766	0.0304937844	0.0742507602	0.1186292992	-0.1495133622	-0.052655367	0.0916917293	-0.0740325775	0.0978731601	-0.0124236798	-0.0686243989	-0.0029184709	-0.078279644	-0.0042789905	0.0478404891	0.0573386079	0.0553799045	-0.0623893867	-0.0568695788	0.0403697125	0.1121353653	0.0089460396	0.1955819771	-0.1072624285	0.1279073872	-0.0294134523	0.0402930614	0.0431985784	-0.0259957	0.0991257375	0.0616949638	-0.0132399156	0.0541579561	0.0724558108	-0.0837437658	-0.0753005572	0.097315004	-0.1969137425	-0.1233964104	0.1267957928	-0.0245111675	-0.0021104285	-0.0716379857	0.0752606238	0.0759725418	0.0258917294	-0.0532070993	-0.02062951	-0.0470623874	0.0845835355	-0.0326768923	0.1898643437	-0.0034403355	0.1046084485	0.0054229757	0.0914775302	0.0514044544	-0.0764844885	0.0016225232	0.0838598844	0.0482994929	-0.0309562553	-0.0066296111	-0.0189807065	0.028215368	-0.0653655897	-0.1320321596	-0.0875177522	0.0170585623	-0.0276532821	-0.0693873915	-0.0944177384	-0.1574863203	0.0942098502	-0.0994667611	-0.0701180925	-0.0683550242	0.0768750131	0.0300129237	-0.088898318	0.03512092	-0.1285054565	0.0546350072	-0.096165617	-0.1246554337	0.0380298603	0.0374325156	-0.0200616287	0.1211518507	-0.0361598373	0.0053315648	0.0620256844	0.0958214946	-0.0360110514	0.0030436786	0.0607075456	0.2330577491	-0.0055257424	0.0346333927	-0.0661163447	-0.0576292231	-0.0140510191	0.0831409496	-0.0319021642	-0.069477241	0.0822228386	-0.0630876153	-0.0721345992	-0.0545468653	-0.0635900126	0.0413794532	0.05241334	0.058924121	0.140966759	-0.0044015814	-0.0356751231	-0.0036009927	0.0067017003	-0.1187713263	-0.020020823	-0.0387166	0.0031255	9.76875025000002e-06	0.0014989751155599	0.0300596	-0.0487562	0.00090357955216	0.00237716703844	-0.0579561	-0.0100318	0.00335890952721	0.00010063701124	0.00547338	0.00119412	1.4259225743999998e-06	2.99578886244e-05	0.000434723	1.438399999999999e-05	1.88984086729e-07	2.068994559999997e-10	-0.000421732	2.0009999999999996e-05	1.7785787982400004e-07	4.0040009999999965e-10	0.0	0.0	0.0	0.0	0.0	0.0	0.0	0.0	0.0	0.0	1.0	0.0	0.0	0.0	0.0	0.0	0.0	0.0	0.0	0.0	0.0	0.0	0.0	0.0	0.0
298.12065020420454	0.21148069782339	88875.92207817768	0.044724085551868	335.2803971063007	-0.3806216236832824	112412.9446837587	0.1448728204152982	214.38081760438072	-0.0810889297763424	45959.13495672276	0.0065754145322725	214.549264997006	407.9821497460196	1.509571	45.099998	0.0768212999999999	0.0399609	-0.0726220604	0.0584686365	-0.1379516332	-0.1084799091	0.0380704908	-0.0076113665	0.0749895202	0.1067593081	-0.0985503855	-0.0199226586	-0.0541798263	-0.1058162523	0.020800416	-0.0104246578	0.0106933573	-0.0932306274	-0.0827945951	0.0875456538	-0.0366970527	0.1172475853	-0.0039688008	0.0341789601	-0.0154711917	0.1051995582	0.0320647097	0.0742809293	0.1595032805	0.0472748375	-0.0486267842	0.0810188284	-0.1192349802	-0.0165913534	0.0046088899	0.1045330998	-0.0964445875	-0.0639424632	0.005443668	-0.0496109463	0.0489849132	-0.0598814564	0.0045619454	-0.131320464	-0.0679107022	-0.0164535137	-0.0406273765	-0.0338003026	0.0083283308	0.148043347	0.0363345444	-0.0622181746	-0.0219960728	-0.0313753984	-0.0336091066	-0.1689234588	-0.0176061376	-0.0162957025	-0.0297402526	0.0617378946	-0.0800657748	0.0815592689	-0.0581077411	0.0160921479	-0.099381468	-0.0046172051	-0.1044227992	0.0697719201	0.0892588389	-0.0645554925	0.0096716486	-0.1280030062	0.0534791015	0.0983769918	0.0295387515	-0.0672565895	-0.1392126377	0.0418173375	0.0095980871	0.0438559309	-0.0072889685	0.0626889803	0.0300859989	0.1362122523	-0.0137509585	0.0513130724	-0.0537322364	0.08642831	0.0610612184	-0.0497651122	0.0484209783	0.1003479253	-0.0400869805	0.0077352758	-0.0356555023	0.0328126568	0.0480979264	-0.018303986	0.0281443456	-0.0255361258	0.0406705427	-0.1969759494	-0.1208960778	0.1168534995	-0.0479696842	0.0027510451	-0.0032794839	0.0941578698	-0.0257489312	0.0681335165	3.04207e-05	-0.1826630208	-0.0282227547	0.0228441262	-0.0726666016	-0.0236594893	0.0833691369	-0.004007521	-0.1720955658	0.1242582147	-0.0035171357	-0.0690743649	-0.050535784	0.0351995363	0.0033314865	0.0939373402	-0.0937904449	-0.0995359678	0.0565377258	0.0226586843	0.0495370466	0.1754671189	0.0040223704	-0.1192521267	-0.012048889	-0.0441244	-0.0054078	2.9244300840000047e-05	0.00194696267536	0.0448005	0.0147409	0.00200708480025	0.00021729413281	-0.071604	-0.0136478999999999	0.005127132816	0.0001862651744099	0.00485234	-0.0006210399999999	3.856906815999998e-07	2.35452034756e-05	0.00023946	-0.000195263	5.734109159999999e-08	3.8127639169e-08	-0.000377541	4.419100000000001e-05	1.4253720668100004e-07	1.952844481000001e-09	0.0	0.0	0.0	0.0	0.0	0.0	0.0	0.0	0.0	0.0	0.0	1.0	0.0	0.0	0.0	0.0	0.0	0.0	0.0	0.0	0.0	0.0	0.0	0.0	0.0
297.7635620580606	-0.3570881461439512	88663.1388895045	0.1275119441165238	335.554651942346	0.2742548360453156	112596.924440149	0.0752157150942429	214.06597534394425	-0.3148422604364782	45824.24179995414	0.0991256489567511	214.2300676116016	412.719769465276	1.432361	42.793259	0.1606942199999999	0.096127	-0.0011066534	-0.0790714243	0.1584335454	0.0832955234	0.0671296773	-0.0205076792	-0.1211281778	-0.1426014449	0.0060809948	0.0567585499	0.0080987341	-0.0891210388	-0.0712628207	-0.0063629832	0.09455491	0.0909380898	0.1480347026	-0.0372816417	-0.0461687142	-0.0265426368	0.1550967145	-0.0164780793	-0.0436776428	0.0926221786	-0.1069629917	0.008635468	-0.0232990755	-0.0476473665	-0.0705275742	0.0249313645	-0.1143442539	0.0197464101	0.1209667485	-0.0411591244	-0.1461504328	0.1120707894	0.1013523174	0.0953555707	-0.1707317831	0.0993418466	-0.0568321129	0.1177990583	0.0191848744	0.0897591858	-0.1236072767	-0.1014358747	-0.0786617185	0.0009950609	0.0872380563	-0.0628383025	-0.0876229705	-0.0499276433	0.0257232781	-0.0861085676	0.0891406642	-0.1294138274	-0.0382361294	0.0450481987	0.1765156578	0.0708713985	-0.0580217434	-0.1164726663	0.1182940335	-0.0549870645	0.0915092435	0.0178233081	-0.0532175047	-0.1252851464	-0.048719623	-0.0805606451	0.0142026998	-0.1145859689	0.02258513	-0.0186897259	-0.0673619097	0.1577383556	0.0194916931	0.0529175226	-0.0911059173	-0.1656226713	-0.0078378254	-0.0206348452	0.0151265265	-0.0844986906	0.1811365726	-0.0915225384	-0.0743187474	0.1108453364	0.0082241773	-0.0778117454	0.0320997399	0.0513803618	-0.055018043	-0.1408434226	0.0938000416	0.0378074439	0.0922100003	-0.0960851347	-0.0833037753	0.0035373296	-0.0396644831	0.1229769617	-0.0711852817	-0.0780598239	-0.003294502	-0.0705950394	-0.0533431723	-0.0944407081	-0.0434585185	0.1738911618	-0.0048678734	-0.0345318224	-0.003333586	0.0351866589	-0.002894706	0.084147978	-0.2001672621	0.0231191527	0.0199675097	0.1196855888	0.0172949511	-0.0905010394	0.0113967512	-0.0596766159	-0.1353744511	0.0254505142	-0.0371665306	-0.0050306503	0.0867619327	0.0174599838	0.0013410152	-0.1194927693	-0.0040223704	-0.0269854	0.017139	0.000293745321	0.0007282118131599	0.0931216	0.0483211	0.00867163238656	0.0023349287052099	0.00745537	0.07905937	5.558254183690001e-05	0.0062503839847969	0.00479579	-5.654999999999983e-05	3.1979024999999812e-09	2.29996017241e-05	0.000297314	5.785400000000003e-05	8.839561459600001e-08	3.3470853160000036e-09	-0.00016845	0.000209091	2.8375402500000002e-08	4.3719046281e-08	0.0	0.0	0.0	0.0	0.0	0.0	0.0	0.0	0.0	0.0	0.0	0.0	0.0	0.0	0.0	0.0	0.0	0.0	0.0	0.0	0.0	0.0	0.0	0.0	0.0
297.700453860066	-0.0631081979946088	88625.56022848927	0.0039826446541267	334.68211609976635	-0.8725358425796799	112012.11883701748	0.7613187965862319	214.3637298242936	0.2977544803493686	45951.80866418275	0.0886577305681225	214.475509246281	408.1507306106479	1.396686	41.727444	0.24706027	0.148849	-0.057366776	-0.0695627956	-0.1335461404	-0.1053465842	-0.0004373808	0.1127613628	0.1276766218	0.0455811946	-0.0649528029	-0.0552961509	-0.0108058412	0.0971921933	0.0712901909	0.0704459732	0.0014218202	-0.1258010843	-0.0739066362	-0.0068295797	-0.0621533417	0.013958397	-0.0164005437	-0.0438845177	0.0493836381	-0.0571706171	0.0567055579	-0.0784527026	0.108165261	0.0919206663	-0.0238091495	-0.1191901478	-0.1107129389	0.0926099551	-0.1241655537	-0.0347240779	-0.0301458268	-0.1782642191	-0.065048101	0.103775128	0.027372897	-0.008596877	0.1322503967	0.0146655952	0.12234689	0.1565955613	0.134764662	0.102909353	-0.2144835057	-0.0566410484	-0.166302986	0.0241610429	0.0439562108	0.0087562482	0.1620274913	0.0081976528	0.1010205621	0.0692180616	0.0777684001	0.2298334286	0.0406926279	0.0766290378	-0.0268863963	0.0323829983	-0.1564497197	-0.0066938574	-0.0219796537	0.0586093392	0.021714819	0.0158507837	-0.0310018293	0.0979956047	0.0104440608	0.0657645013	0.0769493174	0.0339819712	-0.0947938061	-0.0716175985	0.1849632872	0.0818628099	0.0484402785	0.1136162549	-0.0918750468	-0.0686763081	0.105158409	-0.1775651793	-0.0021020481	0.0419707398	0.032709016	-0.0284854932	-0.0735086457	0.1921322292	0.1322554804	0.1603404381	0.08473105	-0.1013614462	0.0088535306	-0.0072733399	-0.0970294431	0.009895666	0.1331904164	0.1925764454	0.0384886484	-0.0430498333	-0.1345311	-0.0167791963	-0.030062827	0.1237461786	-0.0567691519	0.1190666379	0.0694368921	-0.1076531788	0.0006635044	0.0076691154	0.0325034914	-0.0773294538	-0.010940578	0.0553407882	0.0473180943	-0.1560601741	0.0124248568	-0.1034274099	-0.064447873	0.0433860184	-0.0106987004	-0.0353323716	0.1215946644	0.0100455246	0.0934650616	0.096392732	-0.1024816692	0.1168071489	-0.0013410152	-0.1194927693	0.0040223704	-0.012703	0.0142823999999999	0.0002039869497599	0.000161366209	0.0258958	-0.0672258	0.00067059245764	0.00451930818564	-0.116816	-0.12427137	0.013645977856	0.0154433734016769	0.00487187	7.608000000000007e-05	5.788166400000011e-09	2.37351172969e-05	0.000981312	0.000683998	9.62973241344e-07	4.67853264004e-07	-0.000102914	6.5536e-05	1.0591291396e-08	4.294967296e-09	0.0	0.0	0.0	0.0	0.0	0.0	0.0	0.0	0.0	0.0	0.0	0.0	0.0	0.0	0.0	0.0	0.0	0.0	0.0	0.0	0.0	0.0	0.0	0.0	0.0
297.2970413384381	-0.4034125216278994	88385.53078858896	0.1627416626061804	334.7076880126805	0.0255719129141311	112029.23641479384	0.0006539227300879	214.2375869782555	-0.1261428460381068	45897.74367426559	0.0159120176065935	214.4560358670219	410.6346774563767	1.186063	35.434872	0.28979911	0.168686	-0.1004182778	0.0143315647	0.0519741648	0.0226444811	0.1168724179	-0.0716641992	-0.0427793003	0.0196954375	0.0107168629	-0.0076482944	0.0186497106	0.0560005108	-0.156034927	-0.0031835751	0.0951718331	-0.0144394431	0.0193720231	0.0706130763	0.0480202173	-0.1825858439	0.0769331673	-0.0041453556	-0.0263449605	0.0738883351	0.0213096971	-0.0072961242	0.1198412883	-0.0096309152	0.1844208891	-0.1165346335	-0.0574615806	-0.1134955915	0.0976588308	-0.0142894265	0.0147757076	0.0578193539	-0.0178964667	-0.1197250717	0.0221266685	-0.0223709362	0.0873195052	0.0200937414	0.053671768	0.0981196935	-0.092099226	-0.1288614132	0.1418724443	-0.1115327776	-0.1426224799	0.0903728768	-0.0842198148	0.0334153467	-0.0519991123	0.0523640891	0.0997194832	-0.0895336305	0.0096977259	-0.02531937	-0.0644798819	0.0822529218	-0.0059395637	-0.1040462322	0.0434725208	-0.0443019442	-0.0725020518	-0.0208563152	-0.1892818041	0.0207598271	-0.0172810754	-0.1125027086	0.0100870296	0.0593121551	0.0440924461	-0.1021911265	0.0049344586	-0.1402025146	0.0909947531	0.0612687242	0.0516541662	-0.1596020261	0.0242641729	0.066616936	-0.0392958651	0.0343108526	0.0391221826	0.0082849946	-0.0340283179	-0.0134135577	-0.1105935959	-0.2087193752	-0.0891423982	0.0754030956	-0.0549847992	0.087770047	-0.2039321593	0.0632646076	-0.0398579465	-0.0952622117	0.0528853351	0.0255519556	0.0697847728	-0.075433035	-0.0289123267	-0.1457165576	0.0256500039	-0.0491101921	-0.0752389874	-0.1029586953	-0.0926243358	0.0038926726	-0.0114637933	-0.0029846889	0.05318988	0.0248637718	0.1214120811	-0.0791266004	0.05169559	0.0966018084	0.0393499345	-0.0098460352	-0.0951663083	-0.035317369	0.0830309885	-0.0085198198	0.0626554472	-0.0128586064	0.1142015798	-0.0079840068	0.04997405	-0.0128466281	-0.0040223704	-0.1192521267	0.012048889	-0.00279234	0.00991066	9.822118163560004e-05	7.797162675599999e-06	0.119961	0.0940652	0.014390641521	0.00884826185104	0.0136881	0.1305041	0.0001873640816099	0.01703132011681	0.00462514	-0.00024673	6.087569290000029e-08	2.13919200196e-05	0.000329299	-0.000652013	1.0843783140100001e-07	4.25120952169e-07	-0.000310554	-0.0002076399999999	9.6443786916e-08	4.31143696e-08	0.0	0.0	0.0	0.0	0.0	0.0	0.0	0.0	0.0	0.0	0.0	0.0	0.0	0.0	0.0	0.0	0.0	0.0	0.0	0.0	0.0	0.0	0.0	0.0	0.0
297.73906895418105	0.4420276157429725	88648.55318170258	0.195388413079417	334.8953006035322	0.1876125908516996	112154.86236633018	0.0351984842460872	214.5509052016088	0.313318223353292	46032.09092282973	0.0981683090852634	214.72340387411785	406.84209652379366	1.095349	32.724701	0.30027746	0.168631	-0.0333385868	-0.1360913274	-0.0109366445	-0.0111258372	-0.0034828839	0.078251398	0.1017473492	-0.0611174157	0.0268748417	0.0070877839	-0.0934554558	-0.0201231532	-0.0183698687	-0.0420428809	-0.0380320366	-0.1094403572	0.0232952076	0.0050304972	-0.0658728405	-0.0524509644	0.0788347402	0.030675141	-0.0244275471	-0.1138855242	-0.0749226538	0.0042135914	0.0387142199	0.1026437307	-0.1153462014	-0.03295828	0.1484600909	-0.1744257421	0.1095488401	-0.014825162	0.0411137774	-0.1167436639	-0.0112866067	0.0092199467	0.0725361098	0.0151925854	0.1350484255	0.0187458452	-0.0653014394	-0.118708616	-0.0281381342	0.029110768	-0.0138186213	0.0142767959	0.030855107	0.119591815	-0.109057176	0.0659191124	0.0496486261	0.0207730722	0.2769812767	-0.0822891182	-0.0518547693	0.1199834995	0.0335646478	0.0860123301	0.0446384271	0.0560074095	-0.0913613503	-0.0850002635	0.0217145449	0.0363176136	-0.0828516035	-0.0598571796	0.0318221595	0.0899856243	-0.0529174713	-0.1183873946	0.028297158	0.03363754	-0.0787281874	-0.0213315755	-0.0389864225	-0.1569165061	0.1704975607	-0.0056550874	0.1233452237	0.0686927292	0.0808844935	-0.0148326329	-0.0064378602	0.0767662553	0.0394819595	0.0107649932	-0.0860054124	0.0263841759	-0.1026832035	-0.0685774282	0.069518473	-0.0372511342	-0.1242026348	0.06449812	-0.0713150995	-0.069487342	-0.1213316953	-0.0518962901	-0.1175672945	-0.091532943	-0.2424758611	-0.1397941399	0.0233769842	-0.022707097	-0.0489625632	0.1302511057	0.0173019051	0.0189140453	0.0232454642	-0.0594224851	0.000835003	-0.0160703885	-0.1220156995	-0.0938908495	-0.1035915875	0.0032814389	0.0408484876	-0.0087277887	0.0148072168	-0.0284665847	-0.0697487167	-0.0701462669	-0.0187974529	0.0537754083	-0.0543023828	0.1245312069	-0.0747799207	0.1425059398	-0.0067017003	-0.1187713263	0.020020823	-0.0287844	-0.02599206	0.0006755871830436	0.00082854168336	0.021419	-0.0985419999999999	0.000458773561	0.0097105257639999	-0.104347	-0.1180350999999999	0.010888296409	0.0139322848320099	0.0052471	0.00062196	3.868342416000005e-07	2.753205841e-05	0.000850137	0.000520838	7.227329187690001e-07	2.7127222224400005e-07	-0.000321922	-1.136799999999999e-05	1.03633774084e-07	1.2923142399999976e-10	0.0	0.0	0.0	0.0	0.0	0.0	0.0	0.0	0.0	0.0	0.0	0.0	0.0	0.0	0.0	0.0	0.0	0.0	0.0	0.0	0.0	0.0	0.0	0.0	0.0
297.26031012038385	-0.4787588337972011	88363.69197286679	0.229210020938856	334.5901266444813	-0.3051739590508759	111950.55284797004	0.0931311452827857	214.0246535658047	-0.5262516358041012	45806.55233396272	0.2769407841864923	214.20235190614463	402.4717543274714	1.416443	42.317699	0.61893052	0.366954	0.0515061134	0.033651769	-0.0314763942	-0.0797396869	0.1079991472	0.0545294703	-0.1506463908	0.1275811907	0.2195377153	-0.0361212422	-0.005503408	0.0494947818	0.0347411216	0.1387929633	0.1927352321	0.0313878804	-0.0932458654	-0.0710997772	0.1219216692	-0.0440609628	-0.0054181269	-0.1656722519	-0.0714470467	-0.1652091898	0.0366982247	0.0404530079	0.0463238783	-0.0857777231	-0.0386367966	-0.0380876262	-0.1138512627	0.0235141113	-0.0289979485	-0.0408348483	0.1045439611	-0.0942044641	0.1824965691	-0.0740549618	0.0334762304	0.0368499137	-0.0078919617	-0.1038206276	0.0242190194	-0.1602143733	0.0101664744	0.0298234771	0.1669653115	-0.0370377287	-0.0133556739	0.0716032613	0.0181223372	-0.017348511	-0.0610696714	-0.0930247982	0.0806155642	0.1615277988	-0.0204428867	0.018745328	-0.1282520977	0.1122360662	-0.0298165385	-0.1925620002	-0.0492064729	0.1072550828	-0.0196617915	-0.1128707919	-0.0418344792	0.0292546571	-0.1393367483	0.142752046	-0.1405833394	0.0715921205	0.0260229415	-0.0699049522	0.0318135259	0.0595943324	0.0534297511	0.1467954467	0.0125762187	0.0707668746	0.0718507946	-0.055758248	-0.0496393663	0.1473946503	0.0245271299	0.1205469783	0.0957534365	0.1242788505	0.019332525	0.0297702293	-0.0066465736	-0.1176098765	0.031900918	0.1145765288	-0.1378799757	-0.0322878827	-0.0224104019	0.0990252877	0.0399138952	-0.150555332	-0.0507556013	0.0003391829	-0.0732043712	0.0337115941	-0.0251306216	0.0228949293	-0.1177481596	-0.2459113021	0.1057342727	-0.0647705319	-0.1027958082	0.0533181484	-0.0368679731	-0.0409943725	0.0395276791	0.0739529418	-0.0873375869	-0.0695604769	-0.1446979175	-0.0242842995	-0.0563530593	0.0673620023	0.0470049263	0.1048589951	-0.0235375505	0.1197197798	0.0237051668	-0.1384422458	-0.1226339055	-0.0729237775	-0.0093776556	-0.1180513362	0.0279020578	-0.00236286	0.02642154	0.0006980977759716	5.583107379600001e-06	0.245347	0.223928	0.060195150409	0.050143749184	0.16494	0.269287	0.0272052036	0.072515488369	0.00441814	-0.00082896	6.871746816000001e-07	1.95199610596e-05	-1.38546e-05	-0.0008639916	1.9194994116e-10	7.464814848705601e-07	-0.00061485	-0.000292928	3.780405225e-07	8.580681318400003e-08	0.0	0.0	0.0	0.0	0.0	0.0	0.0	0.0	0.0	0.0	0.0	0.0	1.0	0.0	0.0	0.0	0.0	0.0	0.0	0.0	0.0	0.0	0.0	0.0	0.0
298.0370158517176	0.7767057313337773	88826.06281779698	0.6032717930867378	332.7727230647941	-1.817403579687209	110737.68521595816	3.3029557714598816	214.35223774167875	0.3275841758740512	45946.881824865166	0.1073113922830813	214.3493372925512	399.9813536773183	0.888949	26.558289	0.2435447	0.117782	0.0539127887	-0.0552538525	-0.095774931	-0.0470875008	0.071435666	0.140102186	-0.1361205935	0.1102780634	0.0486552852	0.053936396	-0.0836681662	-0.0140879717	-0.1157457715	-0.0819006892	0.1241438268	-0.0340410229	-0.0957057055	-0.1049957981	0.1721437305	-0.0563004545	0.077270366	0.0875156291	-0.0207040001	0.1572127739	0.0221615194	0.0219317337	0.081552889	-0.0591272863	-0.0885150335	0.0340564235	-0.1068852889	0.0896037811	0.1059707139	0.0622593288	-0.1368135125	-0.0112517297	-0.0479819986	-0.1679575712	0.156704039	-0.15586301	0.153248901	0.0532349374	-0.0002872669	0.0190156077	-0.0293016594	0.1664006179	-0.0499968733	0.0387896677	0.1108535909	-0.1604303366	0.0513874307	0.0245682833	-0.0719070398	-0.0925106942	0.0189625392	-0.0208032194	-0.0123278813	-0.098457923	-0.0130259622	-0.0589574161	-0.0772126553	-0.1195195447	-0.0822717241	0.0976629935	0.0259694284	-0.1579382821	-0.0891689701	-0.0280068187	0.0564947043	-0.1879774133	0.080652109	0.0969052333	0.0243313266	-0.0566566761	-0.03492205	0.0692019135	0.073201605	0.0166361281	-0.0747297842	0.0926745693	0.1415628124	0.1821015191	-0.0827111065	-0.0694498792	-0.0274218853	0.1095216454	-0.1479592489	-0.1205576742	-0.1493900725	0.1754080774	0.0830179525	-0.0146130938	-0.0400911252	-0.0204069852	0.0131140793	-0.03139051	0.132197942	0.0689512137	-0.0690944746	0.0178041826	-0.0303752751	0.0640381918	0.0153154602	0.0416873004	0.0637305056	-0.0449065134	-0.1231167196	-0.1577522674	0.1452507812	-0.0675351571	-0.0125762285	0.0426217975	0.0865366878	0.0156568961	0.0431086116	-0.0978938912	0.0096408761	0.0635190798	0.0583907051	-0.0951063342	-0.0208967503	-0.1073357495	-0.0246507438	0.0408568248	0.0743631661	-0.0291004547	-0.0451314868	-0.1022627636	-0.0933661204	-0.1323644271	-0.012048889	-0.1170936064	0.0356568892	0.018559	0.02092186	0.0004377242258596	0.0003444364809999	0.167164	-0.078183	0.027943802896	0.006112581489	0.0770238	-0.0879162	0.00593266576644	0.00772925822244	0.00360307	-0.00081507	6.643391049000004e-07	1.29821134249e-05	-8.58704e-05	-7.201580000000001e-05	7.373725596160001e-09	5.186275449640001e-09	-0.000371463	0.000243387	1.3798476036899998e-07	5.923723176900002e-08	0.0	0.0	0.0	0.0	0.0	0.0	0.0	0.0	0.0	0.0	0.0	0.0	0.0	0.0	0.0	0.0	0.0	0.0	0.0	0.0	0.0	0.0	0.0	0.0	0.0
298.9920608511324	0.9550449994147812	89396.25245200726	0.9121109509071792	335.7573784086611	2.9846553438670185	112733.01715585684	8.90816752167395	214.7225994337473	0.3703616920685419	46105.79470758549	0.1371677829518735	214.88712681023983	416.366420180281	1.248737	37.307327	0.47648826	0.26858	-0.128176002	-0.0675578473	-0.0161908298	0.0133691488	0.0538960034	-0.011131314	0.0977003094	-0.0732284708	-0.0716529622	0.0334667695	-0.0440906123	-0.0798384861	0.1254587361	-0.0448469279	-0.0489790407	-0.0675474183	0.0457862546	0.0750522748	0.0069664947	0.0165207784	-0.104648605	0.1056043518	-0.0356097691	0.0612836273	-0.0209965194	0.0006205036	0.0898205061	0.0295131225	0.0300903163	-0.0839649759	0.0238554183	-0.0886271755	0.1148567229	-0.0829294444	-0.0595143143	0.0160148022	0.0921635429	-0.199363106	-0.1054395989	0.0067910702	0.0257040757	0.1472249924	0.0898296414	0.0160721237	-0.0588809218	-0.2245744293	-0.165164277	-0.0129314085	0.0510510841	-0.0620376031	0.0452075686	-0.132995257	0.0285824515	0.1917185239	0.0484409424	-0.0436650486	-0.1465252381	0.0231827488	-0.1176369203	0.0692870133	0.089601633	0.0452614055	-0.0088062352	-0.1036824305	-0.0513504676	-0.0005716995	0.0619523965	0.069095022	0.1254321131	-0.1044327946	0.0203237805	-0.012295436	0.0009076449	-0.088513245	-0.0447476295	-0.0279534712	0.0717715017	-0.0486537372	0.0606353226	-0.1120092054	0.0463350831	0.0488398121	0.0010049106	0.1031838024	0.1863685655	0.0453156225	-0.1713397259	0.036477983	-0.0548666361	-0.194855393	-0.0292492595	0.0844489062	0.1440775668	-0.0682000808	0.0700661416	-0.080654324	0.0450747413	-0.0330847087	-0.0719201443	0.0454017143	0.1559460485	0.0366667643	-0.0698708955	-0.0565676615	-0.1200016076	0.0607459566	-0.0538161146	0.1136475059	-0.0695553729	0.0004194378	0.0586393291	-0.061831317	-0.0038769664	-0.047795201	0.0468498704	0.0320180764	0.0371101262	0.0063322115	0.1436473811	-0.0622435681	0.0677470082	-0.1356740037	0.0005730016	0.08783517	0.0370534381	-0.197791043	0.0979629489	0.1758310561	-0.0825468161	-0.0962432733	-0.0147140554	-0.1159000657	0.043250186	-0.0152931	-0.0338520999999999	0.0011459646744099	0.00023387890761	-0.00596964	-0.17313364	3.56366017296e-05	0.0299752572996496	-0.0925236	-0.1695474	0.0085606165569599	0.02874632084676	0.00474288	0.0011398099999999	1.2991668360999994e-06	2.24949106944e-05	0.0007569449999999	0.0008428153999999	5.729657330248486e-07	7.103377984769914e-07	-0.00038794	-1.6476999999999985e-05	1.504974436e-07	2.714915289999995e-10	0.0	0.0	0.0	0.0	0.0	0.0	0.0	0.0	0.0	0.0	0.0	0.0	0.0	0.0	0.0	0.0	0.0	0.0	0.0	0.0	0.0	0.0	0.0	0.0	0.0
298.0856058536067	-0.9064549975257136	88855.02841711177	0.8216606625393416	335.89939772463464	0.1420193159735276	112828.40539177228	0.0201694861095886	214.8034099435175	0.0808105097702025	46140.50492336283	0.00653033848932	215.0050043108254	416.8422136945227	0.78441	23.435059	0.16203799	0.087345	-0.1681738779	-0.0781327815	0.02963205	0.0303374771	0.0642414963	-0.0641893499	0.1307878831	-0.1177181547	-0.0695046815	0.0175696811	0.0399062346	-0.0530762998	0.0516778164	0.1106050287	-0.0652752177	-0.1141641069	0.1527058353	0.1013672837	-0.0019237231	0.0836297907	-0.0092941258	-0.0351740205	-0.1307871242	-0.1093876541	-0.1007872004	-0.0121495392	0.0649711872	0.1403856921	0.0297304657	0.0183735633	0.1926678664	0.1123773101	0.0005672588	-0.0666389199	-0.1120872334	-0.0184111107	0.0634855388	-0.1813047457	0.0836138722	-0.1378380638	0.052982311	0.110097628	-0.0235872389	0.0955498562	-0.0173322009	-0.0244186608	0.0340136425	0.0488646325	0.0282160882	-0.0705840922	-0.0603467526	0.0300996456	0.0817793725	-0.1006265012	-0.1113252698	0.0889697251	-0.0665767383	-0.0012296658	-0.1406880938	-0.0673931053	-0.0338250302	0.0532387161	0.0053160636	-0.2072586601	-0.0489910547	-0.0122489215	0.093399272	-0.0210419299	-0.0096104311	0.0115526899	-0.0983581929	-0.1104757366	-0.0001927136	-0.0342445256	-0.1444771981	-0.1335933039	-0.0224209248	-0.1600900775	-0.0585612693	0.088398327	-0.0024170847	0.0350501024	-0.0121733992	0.0109513049	0.0509531833	0.2428250932	-0.2411850095	-0.0384040072	-0.0451726835	-0.0294190193	-0.0141459062	-0.0048797754	-0.1292306688	0.064222962	0.0356426193	0.0115142548	-0.0109020951	-0.0894951007	-0.0236639686	0.0952516378	-0.060354263	0.0852866297	0.0587396486	0.1352813239	-0.0187180056	0.075186284	-0.0374360643	0.1610084124	-0.131854275	0.0154540293	0.0504188801	-0.1027201504	-0.0774543273	-0.0977361364	-0.0042548131	0.0808768155	-0.0761680901	-0.0550531475	0.0351088816	-0.0117398496	0.0353602679	-0.1173177721	0.157349747	-0.0091011821	-0.0617673549	0.0379623882	0.0125227863	0.2139089331	-0.0478428399	0.0804148344	-0.0173718128	-0.1144731177	0.0506475487	-0.0413236	-0.0260305	0.00067758693025	0.00170763991696	-0.00909873	-0.0031290899999999	8.278688761289999e-05	9.791204228099996e-06	-0.12617	-0.0336464	0.0159188689	0.00113208023296	0.00598513	0.00124225	1.5431850625000007e-06	3.58217811169e-05	0.0011154	0.000358455	1.24411716e-06	1.284899870250716e-07	-0.000771875	-0.000383935	5.95791015625e-07	1.47406084225e-07	0.0	0.0	0.0	0.0	0.0	0.0	0.0	0.0	0.0	0.0	0.0	0.0	0.0	0.0	0.0	0.0	0.0	0.0	0.0	0.0	0.0	0.0	0.0	0.0	0.0
296.53361020504104	-1.5519956485656508	87932.18198123522	2.408690493166715	334.476110018693	-1.4232877059416182	111874.26817323684	2.0257478938845543	214.0962952051731	-0.7071147383443872	45837.22362058063	0.5000112531838512	214.2920098698035	404.44016785237056	1.196875	35.757877	0.37233403	0.19639	0.0326548363	-0.0886046932	0.0815086396	0.0489013498	0.004538507	0.0348305854	-0.1002633665	-0.1000071547	0.0075647457	-0.0520821434	0.1047745078	0.1031032327	-0.0286990324	0.0141287169	0.0759653206	0.0176120785	0.1168627649	-0.1086607413	-0.0336267585	0.0992496584	0.0301149934	-0.1181464458	0.0953319068	-0.0189195577	0.0128411904	-0.0234795692	-0.0020071924	-0.0529288799	0.0598320502	-0.0755561317	0.004117528	-0.0092125374	-0.001288199	-0.0942020748	-0.0143256939	0.0241527481	0.150097565	0.0511961536	0.1714582763	0.0870917574	0.093825799	0.025467624	-0.1303651164	0.0755703756	-0.1193990061	0.0620845455	0.1516406525	0.1355030291	-0.0121401739	-0.1095344731	-0.1256144912	-0.1791125044	0.0152037206	0.0529717927	-0.0290373915	0.0758532594	-0.0702850257	0.0060494089	-0.0335679963	0.0299871322	-0.0796186393	-0.0766547226	0.0189353854	-0.0519410231	0.1297583593	-0.0113329182	0.0732221747	-0.0516158423	-0.1378498148	0.0904207969	0.0681593501	0.0044147998	-0.0294880778	0.0261256079	0.0800946623	-0.0309405028	0.0520787954	0.021987307	-0.0152865882	-0.0621959957	0.0189556268	-0.0404481073	-0.0817947499	-0.0421277983	-0.0166267986	0.13882616	0.0193971922	0.1186286078	-0.045243139	0.0379918837	-0.2645092252	-0.0925951118	-0.2158879184	0.0099603578	0.0048087523	0.0446422752	0.0006863752	-0.0253870902	0.0418027825	-0.0739771308	0.1750816208	0.1770152913	-0.12524714	0.0285230909	-0.0907393224	0.0880132867	-0.0619656741	-0.0367260223	0.0080168297	0.1286605491	0.0284264767	0.0244413217	0.055695194	-0.0192320383	-0.0335181992	0.0235400643	-0.0029721982	-0.0302311312	-0.1095352747	0.1227689944	0.0302153124	0.0761972792	0.0761676001	0.0160034164	-0.0202285497	0.0075448028	0.1087133527	-0.0258718659	0.04530094	0.0310715986	-0.020020823	-0.112815636	0.0578154653	0.00548295	0.04680655	0.0021908531229025	3.0062740702500004e-05	0.106298	0.11539673	0.011299264804	0.0133164052946929	0.0129821	0.1391521	0.00016853492041	0.01936330693441	0.00566062	-0.00032451	1.0530674010000005e-07	3.20426187844e-05	0.000378122	-0.0007372779999999	1.42976246884e-07	5.435788492839998e-07	-0.00041409	0.000357785	1.714705281e-07	1.2801010622500004e-07	0.0	0.0	0.0	0.0	0.0	0.0	0.0	0.0	0.0	0.0	0.0	0.0	0.0	0.0	0.0	0.0	0.0	0.0	0.0	0.0	0.0	0.0	0.0	0.0	0.0
296.8196061006419	0.2859958956008768	88101.87856574023	0.0817936523005476	333.84666043365155	-0.6294495850414705	111453.59268270184	0.3962067801088794	214.17014219034587	0.0738469851727643	45868.84980583297	0.0054533772191064	214.33528038033603	401.90147437003645	0.980822	29.303085	0.1678860499999999	0.0993173	-0.0122242191	-0.0322794856	-0.0783127514	-0.0480986582	-0.0012395604	0.0713959954	0.0363463695	0.0277978871	-0.0911772163	-0.0884953644	0.01400961	0.0924285252	-0.066443634	-0.0709903487	0.0297265774	-0.0874480705	-0.0068962828	-0.0292344635	-0.0566970849	-0.0290333803	-0.1217658839	-0.1967124374	0.0146185131	0.1088539645	0.0473886705	0.139810091	0.0573357702	-0.0237495916	-0.0364578327	0.0770765362	0.1720963711	-0.0236959746	-0.0831772172	0.0121233797	0.057131224	0.0178949601	0.0838151343	0.0061937106	0.1775687264	-0.1166044779	-0.099383303	0.022807	-0.0055922466	0.0613257779	0.132409325	0.0687015709	0.0310565595	0.1355233128	0.0397547092	-0.060250511	-0.0962034764	0.1830908606	0.0581564175	0.0323734314	-0.0284422268	-0.1018138382	-0.0574716822	-0.0192261278	0.0810547655	-0.1537800174	-0.0570309866	-0.0076591592	-0.0852597906	-0.039872229	0.029142851	0.0492289611	0.0007320231	0.125934287	-0.1692357787	-0.051018855	0.0708850109	0.0507104621	-0.0941569679	-0.0503238828	-0.0437068545	0.043080724	-0.057365684	-0.0926398448	0.0817709026	-0.009210161	0.0034221588	-0.1215851178	-0.0277195014	0.0415271316	-0.1790859418	0.2022397377	-0.0452160884	-0.0646452944	0.0470549885	0.0280932223	0.0248737999	-0.0643398792	-0.1390788565	0.116781287	0.2005713196	0.0646000715	-0.0169647728	-0.1153866505	-0.0425639419	0.0444012327	-0.072532099	-0.1247554028	0.0091316845	0.0433130098	0.0408371159	-0.0263649751	-0.047836513	0.0829140308	0.0163195321	-0.0418060499	0.0259913564	0.1076618656	0.038164173	0.0098558771	0.0669209256	0.0411453738	0.0551126334	-0.0774329749	-0.0225920186	0.0815254408	-0.1003486333	0.0301275913	0.0389551998	-0.0873441305	0.0901085905	-0.0366974019	-0.1394906822	0.1360238791	-0.0087912218	-0.0434124759	-0.0226597522	-0.1109309587	0.0647214634	0.0123193	0.00683635	4.67356813225e-05	0.00015176515249	0.0743905	-0.0319075	0.00553394649025	0.00101808855625	-0.0488151	-0.0617972	0.00238291398801	0.0038188939278399	0.00673691	0.0010762899999999	1.1584001640999994e-06	4.53859563481e-05	0.000127529	-0.000250593	1.6263645841e-08	6.279685164900001e-08	-0.000434107	-2.0016999999999995e-05	1.8844888744900002e-07	4.0068028899999975e-10	0.0	0.0	0.0	0.0	0.0	0.0	0.0	0.0	0.0	0.0	0.0	0.0	0.0	0.0	0.0	0.0	0.0	0.0	0.0	0.0	0.0	0.0	0.0	0.0	0.0
296.67627810165783	-0.1433279989840912	88016.81398825222	0.0205429152927836	333.4672239554393	-0.3794364782122557	111200.38945254713	0.1439720409981195	214.23944378214955	0.0693015918036792	45898.53927208482	0.0048027106265237	214.420591492111	403.8565678548737	0.947847	28.317926	0.237509615	0.147806	-0.0165091831	-0.0005523396	0.0602840897	0.0358827724	0.0818968012	0.0001219196	-0.0829991168	0.0043651732	-0.0317840356	0.0056050447	0.0956474032	0.1113576108	-0.0633388586	-0.0880458719	0.0827513087	0.0367664586	0.1271588027	-0.0678225122	0.0978998172	-0.0414350481	-0.0807804227	-0.1086522077	0.0335907078	0.1085978138	-0.0591908284	0.0070324021	-0.03195583	0.044185792	0.0875938135	-0.1213740265	-0.0276568971	0.0878322433	0.1224953834	-0.0070280911	0.0157296501	0.0770680025	-0.2077076658	0.0261178085	0.1236393253	0.1675439122	-0.0450230447	-0.0376107785	-0.0569391316	0.0457177334	-0.0542614564	-0.0575323763	-0.0666320185	0.0619176314	-0.0400881953	-0.0604778885	0.1516845181	-0.040151277	0.0338729572	-0.1236371794	-0.1411373399	0.0154357781	0.006999426	-0.0398795411	0.1246561034	-0.0578281492	0.0195548852	-0.0972030844	0.0675960742	-0.0554537872	0.0676944741	-0.0909945041	0.0140885201	0.1103466195	-0.1340208956	-0.0403539907	0.0994423158	-0.0555686548	-0.0715747699	0.0416644567	0.0095452695	-0.083137683	0.1296025129	0.0269063654	-0.1056727521	-0.0162261079	0.0542108182	0.1271614944	-0.0489903016	-0.1159243842	-0.1507170222	-0.1107111357	0.0556599038	0.0448699224	0.0190293287	-0.1089136941	-0.0817699433	0.0507901891	-0.0344082907	-0.0702424448	0.1165559451	-0.0864672968	0.0893722181	0.0263333775	0.084546577	0.1039172273	-0.0296578492	0.0616847724	0.1043269306	0.0436323156	-0.0183151158	0.0466537412	-0.0700407065	-0.0996115199	-0.0577596562	0.0742731056	0.0097534429	0.0633927558	0.0719379342	0.0715448021	0.0497810919	0.0601455876	0.0691431448	-0.0581964196	-0.053732479	0.1448021328	-0.0583644193	0.101519408	-0.0090245671	-0.0499331962	0.0147917113	-0.051934163	0.0363052818	0.0182820893	0.0545573546	-0.0327245255	-0.0252872714	-0.1088228812	0.0713342571	0.020018	0.0076987	5.926998169000001e-05	0.000400720324	0.153409	0.0790184999999999	0.0235343212809999	0.0062439233422499	0.063349	0.1121641	0.004013095801	0.01258078532881	0.00615661	-0.0005802999999999	3.367480899999997e-07	3.79038466921e-05	-4.02603e-05	-0.0001677893	1.62089175609e-09	2.815324919449e-08	-0.000458584	-2.4477000000000017e-05	2.10299285056e-07	5.991235290000008e-10	0.0	0.0	0.0	0.0	0.0	0.0	0.0	0.0	0.0	0.0	0.0	0.0	0.0	0.0	0.0	0.0	0.0	0.0	0.0	0.0	0.0	0.0	0.0	0.0	0.0
296.75824056341713	0.0819624617593035	88065.45334229495	0.0067178451376452	334.0093172223537	0.5420932669143781	111562.22399134288	0.2938651100339031	214.3291596679498	0.0897158858002455	45936.98868396952	0.0080489401649227	214.4745165151772	400.8718200999307	1.004125	29.999281	0.252791455	0.149441	-0.0213855953	-0.0708508353	-0.0987068397	-0.0347866436	-0.0015416777	0.1070351872	0.077791166	0.0215830122	-0.0470205484	-0.0448459195	0.0106711242	0.1329919726	0.0245998038	-0.0173533309	0.0007363707	-0.1377271338	-0.033054204	0.0021083834	-0.0013109427	0.013151821	0.0323299032	-0.0978864286	0.0561135363	-0.0093531512	-0.1548317635	0.1352032931	-0.1032940561	-0.0494643251	0.0077035577	0.0974433123	0.0113646533	-0.0695306304	-0.0767217806	0.0515336292	-0.0482879359	0.1128154734	-0.0391792347	0.0887081431	0.0863076152	0.0242209886	-0.0145571756	0.1436634627	0.1526833166	-0.0020503612	0.233525192	-0.1439280898	-0.0592585494	0.0931160835	-0.1003028087	-0.1447529622	-0.0080937128	-0.0174452955	-0.0681793636	-0.0213810268	0.0670116764	0.0296195575	0.0249170263	0.0379290452	0.1607754767	-0.1689916921	0.0597160778	0.0216147922	-0.1309751959	-0.0434827787	-0.0211626103	-0.0149312123	-0.0119027722	-0.0337649689	-0.0839966191	0.0630559128	0.0812091798	-0.1480130982	-0.0734227743	-0.0911738677	-0.0190277311	0.0476327619	-0.0950128827	0.0779582369	0.0319518478	-0.0996862581	-0.0897491544	-0.0508183668	0.0450848712	-0.0912585372	-0.1417319225	0.0292527776	-0.0944186002	-0.0939795086	-0.1092071656	-0.0377780486	0.0790203424	-0.0034697105	0.1248447607	0.0914539525	0.2699212141	0.1305214103	0.1024971961	-0.010701632	0.1286961279	0.0256014997	0.0080497459	0.0284701555	0.0411406259	0.0408878267	0.1103883057	0.0053712818	-0.0545306629	0.0901330954	0.0468445606	-0.0430059328	0.0547704345	0.0372592943	0.0754740813	-0.0351308961	-0.0543052984	-0.0258760004	0.0259757173	-0.0646346611	-0.1099390926	0.079626196	0.0037314919	0.0736788365	0.0553341999	-0.1024482242	0.0753274715	-0.0287110226	-0.122884748	0.1298282704	-0.0099845283	-0.0086492321	-0.0279020578	-0.1064956489	0.0776238888	0.00951391	-0.01050409	0.0001103359067281	9.05144834881e-05	0.0828671	-0.0705418999999999	0.0068669562624099	0.0049761596556099	-0.063244	-0.126593	0.0039998035359999	0.016025787649	0.006154	-2.610000000000112e-06	6.812100000000586e-12	3.7871716e-05	0.00055034	0.0005906002999999	3.028741156e-07	3.488087143600899e-07	-0.000148745	0.000309839	2.2125075025000004e-08	9.600020592100001e-08	0.0	0.0	0.0	0.0	0.0	0.0	0.0	0.0	0.0	0.0	0.0	0.0	0.0	0.0	0.0	0.0	0.0	0.0	0.0	0.0	0.0	0.0	0.0	0.0	0.0
296.5083855349672	-0.2498550284499288	87917.22269255275	0.0624275352417147	334.05087400798675	0.0415567856330767	111589.98642549984	0.0017269664321534	214.04977381545183	-0.2793858524979669	45817.30567044609	0.0780564545760157	214.25231087212325	401.1769817185892	1.024656	30.612661	0.31027094	0.187602	-0.0851807439	0.0481436704	-0.0062785191	0.0032255895	0.0959122313	-0.0151011809	-0.0863091412	0.0726094221	-0.0527999716	-0.0805955386	0.0337935839	0.0643568356	0.0129922032	-0.0489021837	0.1063347762	0.0129854605	0.0058363153	0.1116246437	0.1313763963	-0.0761252951	0.0564815387	-0.0634715528	0.1221091462	0.0522509334	-0.0090296746	-0.0178508979	-0.0687777352	0.0122104868	0.1074742806	0.0414477447	-0.0291452195	-0.0073588435	0.0391519514	0.0849367619	0.0741829748	-0.0616158968	-0.0577473662	0.0537054967	0.0949183816	-0.1117581955	-0.1254458242	0.0509092516	-0.0639903808	-0.0841211986	0.0566197749	0.1450775238	-0.2484034564	0.0513040174	-0.1617534493	0.0113550331	-0.085251368	-0.0336467028	-0.0937088523	-0.1059155278	-0.0837459078	-0.0180969506	0.1283959695	0.0905532764	-0.1473643751	0.0334114235	0.1725004998	-0.1116940454	0.0238119479	-0.0071958813	-0.1269392676	-0.073024043	-0.091483478	0.0053192207	-0.0747731287	0.0084373106	0.1419857058	-0.033277852	-0.0254419909	0.0549361254	0.0961905082	-0.125294632	-0.0871124354	0.0606795991	0.0362740803	-0.019080218	0.0750787106	0.0468229705	0.0197902308	-0.0009205894	-0.1700981305	-0.0135874472	-0.0363518937	-0.0214355973	0.1808797087	0.1714992391	0.1424485335	-0.0280507821	0.0677151375	-0.1205576768	-0.0359559318	0.1526833256	-0.0424053562	-0.0356041847	0.1938246523	-0.0338790441	0.0080155299	0.0716201191	0.1087605314	-0.1167351656	0.0347541985	0.1830497383	-0.0760310442	-0.1035992231	-0.0895327332	-0.0563386785	-0.00018685	0.0203435881	0.069709187	0.0911732633	0.0244725049	-0.1632995427	0.0413467927	0.108631472	-0.0707120414	0.0922007994	-0.0394857499	0.1236171675	-0.0181419097	-0.0236303739	0.0374545656	0.0103033711	0.0702526049	-0.0008772117	0.020156438	0.0414228654	-0.0305027946	-0.1039539485	0.0835618648	0.00966844	0.0001545299999999	2.3879520899999984e-08	9.34787320336e-05	0.191866	0.1089989	0.036812561956	0.01188076020121	0.08046	0.143704	0.0064738116	0.0206508396159999	0.0058758	-0.0002782	7.73952400000001e-08	3.452502564e-05	1.24998e-05	-0.0005378402	1.5624500004e-10	2.8927208073604e-07	-0.000480975	-0.00033223	2.3133695062500002e-07	1.1037677290000001e-07	0.0	0.0	0.0	0.0	0.0	0.0	0.0	0.0	0.0	0.0	0.0	0.0	0.0	0.0	0.0	0.0	0.0	0.0	0.0	0.0	0.0	0.0	0.0	0.0	0.0
296.7600065055554	0.251620970588192	88066.50146117728	0.0633131128397437	333.1022177114115	-0.9486562965752228	110957.0874442606	0.899948769031817	213.9174273874586	-0.1323464279932409	45760.665740068616	0.0175155770025701	214.0361574528925	397.23358332488687	1.280521	38.256889	0.25340714	0.143646	0.0910878879	-0.1695117661	-0.0139607993	0.0208732792	-0.0684260109	0.1576531248	0.0133641883	-0.0595479962	0.0705687328	-0.0081376033	-0.0963211796	0.1383838895	-0.0049401895	-0.1096990435	0.0342412691	-0.0426365507	-8.15888e-05	-0.1014077847	-0.1229171365	-0.1998165516	0.1565725296	0.0520772527	0.0425849477	0.0088317433	-0.0599962136	0.1396860084	-0.1127972134	-0.0378553902	-0.1027969447	-0.0186600441	-0.0111846081	-0.1508445231	0.019308464	0.055525225	0.0306089372	0.0360326795	0.0864290275	0.0771628249	0.0548384413	-0.1286390211	0.0923207702	0.0073937535	-0.0223213991	-0.1288637978	0.0501694578	-0.1195034375	-0.0161302025	-0.0239197212	0.120424751	-0.0005192472	0.0582090758	0.1262558513	0.0928708649	0.001253376	-0.090183008	0.1135827165	0.0766749133	-0.0804686971	0.1111324734	0.1240130941	0.0303753325	-0.0102913105	-0.0870294433	-0.0124078609	0.128554598	0.0766776937	-0.2560480313	-0.0663716631	0.0384199173	0.0600393327	0.0418619232	-0.1035314979	-0.1179459129	-0.010908684	0.0216496926	0.1529310794	-0.0161572591	-0.0053633026	0.0987617974	-0.14138224	0.0016875723	-0.0058157575	0.031070834	0.0849514537	0.0024100709	0.0217572665	0.0020836966	-0.1262369797	-0.0094456553	0.1073522856	-0.0776333856	-0.0091338733	0.185046878	0.0393075884	0.0045926659	0.078533932	-0.0320734995	0.1242431833	-0.1108768987	0.0402813118	-0.1267740584	0.0885188356	0.080846219	0.0305114155	-0.1022756419	-0.1737043983	-0.0529117747	0.0682749744	0.1060936573	0.1023139853	0.0649329563	0.0329791072	0.0435192525	0.0147539686	-0.1717127269	-0.100351117	0.0010352511	-0.0128961682	-0.0003300553	0.0488821933	-0.0340187288	0.0369735785	-0.0973992929	-0.0717768364	0.075299174	-0.0504933019	-0.1278692418	0.0653473451	-0.0310913589	-0.0081193257	-0.0330881723	-0.1012028987	0.0891212848	-0.0077365899999999	-0.0174050299999999	0.0003029350693008	5.9854824828098455e-05	0.0906281	-0.1012379	0.00821345250961	0.01024911239641	-0.0106185	-0.0910785	0.0001127525422499	0.00829529316225	0.00621487	0.00033907	1.1496846490000025e-07	3.86246091169e-05	0.000380872	0.0003683721999999	1.45063480384e-07	1.3569807773283998e-07	-0.000314703	0.000166272	9.9037978209e-08	2.7646377984000007e-08	0.0	0.0	0.0	0.0	0.0	0.0	0.0	0.0	0.0	0.0	0.0	0.0	0.0	0.0	0.0	0.0	0.0	0.0	0.0	0.0	0.0	0.0	0.0	0.0	0.0
297.48147156769693	0.721465062141533	88495.22592608248	0.5205118358908861	333.59578609234325	0.4935683809317197	111286.14849856844	0.2436097466555592	213.91746313603508	3.574857649368823e-05	45760.681034556925	1.277960721325079e-09	214.0416610591632	403.0416154617627	1.264359	37.77404	0.0690652699999999	0.0341995	-0.0818591488	0.0382360307	-0.1277910215	-0.0311649426	0.0649889957	-0.0228313615	0.0555182681	0.0872898615	-0.0458141443	-0.0424699393	-0.1487818164	-0.013425091	0.1018242079	-0.0425490594	0.0467729241	-0.0547714397	-0.1265733313	0.0715012856	-0.061915778	0.0907003537	0.0184559919	0.0367058176	0.0289043704	0.0192483719	0.1953379534	0.0235944104	-0.1614335064	-0.0001403402	0.0843858021	0.0934917145	-0.0008282623	0.0696049624	0.1183104203	0.1252164204	0.1246583943	-0.095948724	0.0420980271	-0.0967760173	-0.1195939621	-0.0832993574	0.0236330323	0.0247776706	0.0049597711	-0.1744147204	0.0224782357	-0.0564169804	0.060293692	-0.047807582	-0.0234470699	-0.0289917472	0.0461559969	-0.0701318	0.0672741528	0.0268092872	-0.1824368924	-0.0373930526	-0.0146069793	0.0137406778	0.0752559257	0.0520027717	-0.1009303447	-0.0208252077	-0.0863778654	0.0398137191	-0.1009078372	0.0875666962	0.0500838784	-0.0792617887	0.0350003858	-0.0277799532	-0.0112346305	0.1580306589	-0.0878835526	0.0732221307	0.132018357	-0.0328665968	-0.1132801195	0.0570074594	-0.1192789471	-0.003276014	0.1036024918	0.0066263442	0.1773996498	0.2216901633	0.015487498	-0.061333182	-0.0779607544	-0.0197580511	0.0304156911	0.0073374125	-0.0343852522	-0.0675347054	0.1213409562	0.075871974	-0.0820769056	-0.0299479537	0.0033673569	-0.0254047444	0.0005134736	0.0803909117	0.0213944295	0.0582492761	0.09197149	0.0242188862	-0.1255294464	0.1163490194	-0.0357943058	0.0523861599	-0.021311479	-0.1467174131	0.0352182109	0.0356178023	0.0078046077	-0.0290134041	0.0037653946	-0.1239517921	0.0171433218	0.0814727324	-0.1155237186	0.018629842	0.0652890043	0.0873828079	-0.0061289746	0.0685782179	0.0879881913	-0.0812238258	-0.0427761903	-0.0481713153	-0.0205756158	0.0153132182	-0.0356568892	-0.0982480398	0.094276963	-0.0099903	-0.0022537100000001	5.0792087641004535e-06	9.980609409e-05	0.113591	0.0229628999999999	0.012902915281	0.0005272947764099	0.00547971	0.0160982099999999	3.00272216841e-05	0.000259152365204	0.00602611	-0.0001887599999999	3.5630337599999865e-08	3.63140017321e-05	0.000527683	0.000146811	2.784493484890001e-07	2.1553469721000012e-08	-0.000534141	-0.000219438	2.85306607881e-07	4.8153035844000016e-08	0.0	0.0	0.0	0.0	0.0	0.0	0.0	0.0	0.0	0.0	0.0	0.0	0.0	0.0	0.0	0.0	0.0	0.0	0.0	0.0	0.0	0.0	0.0	0.0	0.0
298.1660309684812	0.6845594007842806	88902.9820234973	0.4686215732021332	335.2190545588345	1.623268466491254	112371.81453931886	2.635000514304868	214.1999213150795	0.2824581790444256	45881.606291386255	0.0797826229090928	214.36067894718485	408.8063073004933	1.152756	34.439777	0.17308415	0.0932531	-0.0365392806	-0.0176348274	0.0917893412	0.1001634107	0.0867198957	-0.0463997186	-0.1124937737	-0.0805814494	-0.0192492848	0.0370013649	-0.0239112296	-0.1019428746	0.0336960858	-0.0696417061	0.0685645478	0.0670942465	0.119468584	-0.0047590978	0.0389778905	-0.0329352196	0.0270805595	0.1110863692	0.101832198	0.0520451763	-0.2132065363	-0.0593870546	-0.1722565939	-0.0208722421	0.1107967553	-0.0803837817	-0.0845638426	-0.1518078851	-0.1821285634	0.0456253593	-0.1421753651	-0.1240725605	-0.001096131	-0.0652352599	-0.015256104	0.0463941893	0.0555582649	-0.0831904281	0.132511506	0.0632803014	-0.1293711499	0.1370663217	-0.0364804455	-0.0593095464	-0.039955442	0.0368446077	0.0068961115	-0.1884926393	-0.1048637242	0.044631729	-0.1372999055	0.1022565108	0.0016167728	-0.0402598556	-0.0573377014	-0.0735618351	-0.1664868638	-0.0938942741	0.1039627772	-0.0494059406	0.0340124217	-0.0433626572	-0.0367110263	-0.0341493168	0.1060429173	-0.0173941143	0.1135447122	-0.1940090225	0.0089533103	0.0713876691	0.109297888	-0.0219281509	-0.0281866802	0.2014818908	0.0898132109	0.06078518	-0.2335958887	0.1707116643	-0.0049190808	-0.0053157534	0.0910125872	0.073367279	0.0889850978	-0.0080316573	-0.0702135399	-0.0090395495	0.0760200781	0.0257649312	-0.0434469918	-0.0921721748	-0.1370997844	-0.1324587673	0.0426050774	0.0077088124	0.1056942566	-0.0509964022	0.2306638402	0.0669075469	0.0453970664	0.0137268397	-0.0186506273	0.0280855068	-0.0466616551	-0.0819578966	-0.0822373848	0.1111929655	0.040378571	-0.0101985247	0.0791748346	0.1475789974	-0.0874763866	-0.0235816394	0.0243210516	0.0150142625	0.0031833218	0.137339595	0.0668775525	-0.0586110428	0.0070029335	0.0456946669	-0.0080643856	-0.0333206719	-0.0183453315	0.0342687687	0.0276195719	-0.0971599713	-0.0382076517	-0.0950953223	0.0990055431	0.00933491	0.01932521	0.0003734637415441	8.71405447081e-05	0.14001	0.0264189999999999	0.0196028000999999	0.0006979635609999	0.0925181	0.08703839	0.00855959882761	0.0075756813337921	0.00632557	0.0002994599999999	8.96762915999998e-08	4.00128358249e-05	0.000127342	-0.000400341	1.6215984963999998e-08	1.60272916281e-07	-0.000640371	-0.00010623	4.10075017641e-07	1.1284812900000005e-08	0.0	0.0	0.0	0.0	0.0	0.0	0.0	0.0	0.0	0.0	0.0	0.0	0.0	0.0	0.0	0.0	0.0	0.0	0.0	0.0	0.0	0.0	0.0	0.0	0.0
298.359963302725	0.1939323342438115	89018.66770200343	0.0376097502652534	335.0780137978591	-0.1410407609753861	112277.27533071826	0.0198924962565159	214.5223168553106	0.3223955402310992	46019.82442897028	0.1039388843609022	214.5890566261492	404.2176619742378	1.17987	35.249847	0.20680308	0.123656	0.0541022914	-0.0897230621	-0.0971635403	-0.0312967962	-0.0395253404	0.1414538138	0.0891114868	0.0328990722	0.0489847164	0.0479485605	0.0415944109	0.1238675034	0.1826986914	0.0473149732	-0.0391047583	-0.1394941962	-0.0745737844	-0.1008554486	0.0464325466	0.0600193133	-0.0446420675	0.0641192907	0.1407277857	-0.1219125706	0.0907454996	0.2382658426	-0.0541951905	-0.1549762021	0.0607862947	-0.0245711134	0.0791767926	0.1251341278	-0.0837011124	-0.0930389537	0.1542455151	-0.0003495266	-0.0649069133	0.0743718112	0.0570162011	0.0507234591	0.0590412427	0.1491583667	-0.0600225464	0.1535603827	0.0685003415	-0.0663752433	0.1044877858	-0.1389498361	0.0094792431	-0.0178044058	0.0631661628	-0.0590684564	-0.0298028128	0.0204404357	0.0646479527	0.0726981618	0.0588622692	0.0008485464	-0.0709127271	0.11834346	-0.038675014	0.0630095694	-0.1766742583	0.0139713125	0.0414898152	-0.083497532	0.0504087443	0.0223487736	0.0950908159	0.1986534899	0.0421412968	0.0634400537	-0.238288536	-0.092030048	0.1465944941	-0.0054436159	0.0297069816	0.0268809565	0.0031079322	0.033770757	0.0358380113	-0.2276375079	0.0458835504	-0.1266155543	-0.1123252318	-0.0456559112	-0.061705697	0.0309126292	-0.0509208671	-0.0294572266	-0.069455312	0.081066326	-0.0217866073	0.0821928507	-0.0821016181	-0.0289338642	0.0384802111	0.1724439482	-0.0546954526	0.0381420638	0.0214255872	-0.0100958597	-0.1228972797	-0.0516783705	0.0170672787	-0.0147471169	-0.0341625812	0.0929078497	0.1122007357	-0.0222105214	0.0619921091	0.0961652874	0.0591014579	-0.1076624205	-0.0374787068	0.0619506151	0.0596163319	-0.081145549	-0.1209962621	0.0696185416	0.0806865017	0.0728562802	-0.0228265349	0.097066871	0.0409313456	-0.0264650431	-0.0652754292	-0.0252926924	-0.0308061505	-0.0422511775	-0.0407391756	-0.0917510955	0.1032856033	0.00686883	-0.00246608	6.081550566399999e-06	4.7180825568900005e-05	0.0871351999999999	-0.0528748000000001	0.0075925430790399	0.00279574447504	0.0012187	-0.0912994	1.48522969e-06	0.00833558044036	0.00715511	0.00082954	6.881366116000002e-07	5.1195599112100005e-05	0.000303417	0.000176075	9.2061875889e-08	3.1002405625000004e-08	-0.00044273	0.000197641	1.9600985290000002e-07	3.906196488100001e-08	0.0	0.0	0.0	0.0	0.0	0.0	0.0	0.0	0.0	0.0	0.0	0.0	0.0	0.0	0.0	0.0	0.0	0.0	0.0	0.0	0.0	0.0	0.0	0.0	0.0
298.1017889696738	-0.2581743330512154	88864.67658691993	0.0666539862464399	336.1261951497623	1.0481813519031675	112980.81906585608	1.098684146477552	214.1310028785112	-0.3913139767994096	45852.086393756974	0.1531266284385688	214.34782698778807	412.19322772395566	1.168422	34.907825	0.233454374	0.134969	-0.0923466058	0.060754756	0.0069116259	0.025023951	0.090070783	-0.0884208523	0.0295295612	0.0721775844	-0.0142260061	0.0718956408	0.1613251824	-0.07901454	-0.0630292016	-0.0125949128	0.0282151943	-0.0100620704	-0.0238017861	0.0840443208	0.0687731987	-0.0655942319	-0.1893185232	-0.1543697719	-0.0757139443	-0.0347678078	-0.1719975516	-0.0481731335	-0.0234064798	-0.1535229817	-0.0232771054	0.0752945599	-0.107112636	0.1827249842	-0.1192034874	0.0096238626	-0.0365030643	0.0778190613	0.0382263294	-0.0464570123	0.026385719	0.1089898201	-0.0145427551	-0.0669761827	0.1043403584	-0.0536776135	0.1460261844	-0.0304094353	0.0034848345	0.0277826582	0.0547193568	-0.0213658965	-0.0379255709	0.031279452	-0.0143678608	0.0315454772	-0.0281309366	-0.1763888967	-0.0914985873	-0.0140287772	0.0107347707	0.085997157	-0.1317931223	-0.0376488798	0.024601915	-0.0169209568	-0.1117861841	-0.0381432999	0.0178449328	0.2031845169	-0.1157364786	-0.0188252279	-0.0692597834	-0.118707628	0.0983588988	-0.0973604049	0.0919425886	0.0979521046	-0.0106156821	0.1161473001	-0.1731501119	0.0960911703	-0.1124394483	-0.0503935568	-0.1048471282	0.0214552497	-0.0262662334	0.0218428166	0.0421415175	0.0417771927	-0.0423904785	-0.0252845218	0.0521613717	-0.0884089493	0.0848359887	0.1271035095	0.1698209889	-0.0486276858	0.0753943051	-0.0876148934	-0.1306244935	0.0401873756	-0.0258721813	-0.0684119334	-0.0770943741	-0.1339699376	-0.09496735	-0.0080697127	-0.0246824411	-0.0343279882	-0.1058422289	-0.0599145425	0.0281584085	0.0395986777	0.0039997638	0.114416697	0.1576425209	0.0879414503	0.0133786085	0.0107914174	0.0298970623	0.0999370573	0.0125504428	-0.052684202	-0.0026588963	0.0104799563	-0.0253271028	0.0832837463	-0.016267743	0.0406520148	-0.0627517576	-0.0382713968	-0.043250186	-0.0882220943	0.1070977539	-0.000767644	-0.007636474	5.831573515267601e-05	5.89277310736e-07	0.158664	0.0715288000000001	0.0251742648959999	0.00511636922944	0.106161	0.1049423	0.011270157921	0.01101288632929	0.00698215	-0.0001729599999999	2.9915161599999926e-08	4.8750418622500006e-05	-0.000312918	-0.000616335	9.7917674724e-08	3.79868832225e-07	-0.000640371	-0.000197641	4.10075017641e-07	3.906196488100001e-08	0.0	0.0	0.0	0.0	0.0	0.0	0.0	0.0	0.0	0.0	0.0	0.0	0.0	0.0	0.0	0.0	0.0	0.0	0.0	0.0	0.0	0.0	0.0	0.0	0.0
297.26846802546225	-0.8333209442115503	88368.54208220527	0.6944237960616298	334.06756536527115	-2.0586297844911314	111601.13822907972	4.237956589594003	214.35416190513712	0.2231590266259218	45947.70672605374	0.0497999511646288	214.51390850149784	400.814939064042	1.278187	38.187164	0.2647178560000001	0.12763	0.0778129743	-0.1591592365	0.0041069738	0.0710740014	-0.0234254532	0.0786305707	0.0490148876	-0.1341475772	0.0540146522	0.1344946902	-0.0384385176	0.0567063865	0.002590325	-0.0754771555	-0.0478382314	-0.0548560443	0.0986046083	-0.1663447415	-0.0482154764	-0.0865634733	-0.0700133501	0.0066683691	0.0691479939	-0.0366296616	-0.0290736131	0.0113426835	-0.0028377093	0.0672741934	-0.1032107226	0.0227850852	-0.0816288099	-0.0494218336	0.056224613	-0.048016131	0.0465140475	-0.0574333112	0.1435092047	0.1681165385	-0.0394526056	-0.0934298668	-0.088079111	-0.0364964576	0.0120599319	0.1105546752	-0.1667051948	0.0402745916	-0.044356504	0.0274278155	0.0441449901	-0.0379641359	0.0288299984	-0.0407161699	-0.1099165205	0.021997184	-0.0392846751	-0.0214083342	-0.0466461847	-0.0240787742	-0.0253852887	-0.1345145426	0.0443933234	0.0477238396	-0.0189618625	-0.085574237	0.1778554308	-0.0253581714	-0.0389774654	0.0888268135	0.0319699617	0.0576844991	0.0427046551	-0.0065505925	0.0798743736	0.0600139578	-0.1242604937	0.1102401379	0.0178035766	0.0928064883	0.0277487062	-0.0918617985	0.055682314	-0.0791883472	0.0874772894	0.0143387901	0.0779480519	0.0777832244	0.0514142984	-0.0963750009	0.1463656666	0.0073605852	0.013059901	0.0085744635	-0.1526860046	-0.1434544823	0.0046205111	-0.0591615752	0.0793839199	0.0361286412	-0.0123258639	-0.0423357825	0.062089883	0.0448703854	0.0712276121	0.087598234	0.0499485533	-0.0158334696	-0.0180124605	0.0762865008	0.068207021	0.1292186842	0.1103379846	0.0280213217	-0.0032356171	-0.0270682814	-0.0966644128	0.0501147923	0.0525664346	0.0033798524	0.0571006047	-0.0615704197	-0.081325653	0.0193857441	-0.141790187	-0.0065453308	0.0298236774	0.0363546108	0.1093635706	0.0417946965	-0.0182206484	-0.001369177	-0.0457394187	-0.0845154255	0.1104247249	-0.021775	-0.0210073559999999	0.0004413090061107	0.0004741506249999	0.0724888999999999	-0.0861751000000001	0.0052546406232099	0.00742614786001	0.0164827	-0.0896783	0.00027167939929	0.00804219749089	0.00646861	-0.00051354	2.637233316000007e-07	4.18429153321e-05	0.0003901	0.0007030179999999	1.5217800999999998e-07	4.942343083239999e-07	-0.000499787	0.000140584	2.49787045369e-07	1.9763861056000005e-08	0.0	0.0	0.0	0.0	0.0	0.0	0.0	0.0	0.0	0.0	0.0	0.0	0.0	0.0	0.0	0.0	0.0	0.0	0.0	0.0	0.0	0.0	0.0	0.0	0.0
297.2173937347492	-0.0510742907130747	88338.17913847692	0.0026085831718436	333.97777550561085	-0.0897898596602999	111541.1545316762	0.0080622188978163	214.11030718743407	-0.2438547177030443	45843.223643897385	0.0594651233460314	214.2917751165816	402.6852294990246	1.288	38.480347	0.0729526999999999	0.0425974	-0.1034936303	0.0516637778	-0.1334507392	0.0244954204	0.0506970402	-0.0594066826	0.09692752	0.0678480713	-0.1474219521	-0.009157475	-0.0272774539	-0.0534515011	0.0209975962	-0.1134291075	-0.0173884481	-0.0645072732	-0.0534592968	0.0692974374	-0.0135511525	0.1205242462	0.017450723	0.0459366173	0.1667952767	0.1147864097	0.1462907847	0.0060076033	0.0108149005	-0.0073262557	0.0006510191	0.092681362	-0.1397835702	0.0493893799	0.1147456288	0.0738002754	0.0844482434	-0.0171346224	0.1256592711	-0.0510426406	-0.1046104698	-0.0002591532	-0.0725792585	0.1111696541	-0.0338451038	-0.1212381169	-0.042586041	-0.1499888562	0.0244862132	0.1242423031	-0.004175869	0.2115362549	-0.0673874984	0.0507974827	0.0839965942	0.0444157252	0.0082841996	-0.0083644745	-0.0438705882	-0.1064527679	-0.0175756823	0.0528657353	0.0881057394	0.0302992215	-0.0416803186	-0.0259426127	-0.099666105	0.0405701077	0.0982172643	-0.0669042473	0.0449434014	-0.0779334453	0.1855656132	0.1955754462	0.0334272612	-0.006414224	0.0141963015	0.0706633341	-0.0360256149	0.0877881968	-0.116950421	-0.084591385	0.0885391493	-0.0522044545	0.0929858336	0.1965115066	0.0375745415	-0.0570996041	-0.0800624603	0.0618441699	0.0569236781	-0.0883779678	-0.0420328791	-0.0136402535	0.0703765608	-0.0108923831	0.0198707643	-0.0114582512	-0.2218234009	-0.0317899437	0.0496878466	-0.0198085394	-0.0926715682	0.0278859033	0.0231652512	-0.0265146934	-0.008153181	-0.1816119366	-0.0078174441	0.0749425839	-0.0528873469	-0.1361788119	0.0907191885	0.0260575311	-0.0089674717	0.0142972378	0.0739535923	-0.0942674458	0.0646808762	0.1561093088	-0.0406614005	-0.0224822275	0.001781386	0.0365181169	0.0545071224	0.0041073589	0.0645304672	-0.0211646014	0.0634995402	0.0153444628	0.0810161991	0.0164964437	-0.0482056202	-0.0806385538	0.1132514443	-0.0189722	0.0028027999999999	7.855687839999986e-06	0.00035994437284	0.106309	0.0338201000000001	0.011301603481	0.00114379916401	-0.0078420999999999	-0.0243247999999999	6.149853240999844e-05	0.0005916958950399	0.00635418	-0.0001144299999999	1.3094224899999901e-08	4.03756034724e-05	0.000308779	-8.132099999999998e-05	9.534447084100003e-08	6.613105040999996e-09	-0.000455438	4.4349000000000005e-05	2.0742377184400002e-07	1.966833801e-09	0.0	0.0	0.0	0.0	0.0	0.0	0.0	0.0	0.0	0.0	0.0	0.0	0.0	0.0	0.0	0.0	0.0	0.0	0.0	0.0	0.0	0.0	0.0	0.0	0.0
296.7832154479128	-0.4341782868363566	88080.27697160224	0.1885107847601535	333.8489727014071	-0.1288028042037581	111455.13657378484	0.0165901623707516	213.8342351234512	-0.2760720639828662	45725.08011083141	0.0762157845117597	213.9471118641371	403.1299141897424	1.105147	33.017418	0.19086255	0.110386	-0.0371026997	-0.0082858053	0.072115602	0.1178503549	0.0387729164	-0.0386477018	-0.0981347939	-0.1213606893	-0.1182777052	-0.0094020999	-0.0225713343	-0.0566997628	0.0121173022	-0.1256429298	0.0524160336	0.0756966841	0.1012563605	0.0452054169	-0.0283842265	0.0047276605	0.1031119161	0.0626082858	0.1097097249	0.0996123987	-0.1426827104	-0.0581974009	-0.0503965552	-0.0216218042	0.0893220373	0.1456712429	-0.0327791685	-0.1612882531	-0.0070365917	-0.0864330023	0.0014432642	-0.159783866	-0.0462678681	0.014726072	0.055210488	-0.0001539264	-0.0853282202	-0.0314337769	-0.1412579968	-0.0003328155	-0.0243083316	-0.0878566938	-0.0448377065	-0.0686522097	-0.020348768	0.0326450877	-0.0306490318	0.0580714259	-0.0933582343	0.0866393341	-0.0628297359	0.0360647019	-0.0753589635	-0.0052642231	-0.026195531	0.0709671467	0.0656518786	-0.0704598592	0.1042374259	-0.0409495989	0.0181041144	0.0424612588	-0.0206617499	-0.1086186404	0.0418919958	-0.0667639196	0.1664773507	-0.1585499767	0.0596327605	0.0345625674	0.062840014	-0.0358829406	-0.1676374268	0.0936140801	0.0958868533	-0.0010407596	0.0537678528	0.0349849126	0.0451412533	-0.0824217096	-0.0204043021	0.0530356468	0.0465403313	0.0382790269	0.1104575722	-0.0344926306	-0.0954465	0.1164498237	0.0418119633	-0.0498697934	-0.0337596805	0.0512256908	0.0101912252	0.0102857675	0.0132193187	-0.0399518838	0.0226381186	-0.0928257917	0.0402206656	0.0462523837	-0.1543502259	-0.0791541398	-0.0163047954	-0.0551153179	-0.0937222844	0.1079738184	0.0653300983	-0.0440845035	0.0377386295	0.1185522915	-0.1459198971	-0.0556140412	-0.010074788	0.0635785982	0.004529659	0.102239592	0.0339743595	-0.0118422225	-0.0191096861	-0.0057144321	0.0401895021	0.0600948406	0.0237679283	0.0029278087	0.0924607792	-0.0300461318	-0.0506475487	-0.0765992869	0.1155651064	-0.0227936	-0.0038213999999999	1.4603097959999993e-05	0.00051954820096	0.158323	0.0520139999999999	0.025066172329	0.0027054561959999	0.0922326	0.1000746999999999	0.0085068525027599	0.0100149455800899	0.00684968	0.0004955	2.4552025000000026e-07	4.6918116102400006e-05	0.000254966	-5.3813e-05	6.500766115600001e-08	2.8958389689999994e-09	-0.000305702	0.000149736	9.3453712804e-08	2.2420869696000012e-08	0.0	0.0	0.0	0.0	0.0	0.0	0.0	0.0	0.0	0.0	0.0	0.0	0.0	0.0	0.0	0.0	0.0	0.0	0.0	0.0	0.0	0.0	0.0	0.0	0.0
297.07398368377085	0.2907682358580246	88252.95178174535	0.0845461669839878	334.3422758881148	0.493303186707692	111784.75744604426	0.243348034015964	214.10800598157164	0.2737708581204288	45842.23822540472	0.0749504827559959	214.22283520004405	400.626177754098	1.117482	33.385948	0.2658918999999999	0.160118	-0.0152065063	-0.0567662577	-0.1219227831	0.0426257733	-0.0913997636	0.0824483306	0.1244629259	0.0131702908	-0.0514169939	-0.0839667401	0.0556208426	0.1911201562	0.145156792	0.0451328982	-0.0407216101	-0.0757732305	-0.0023960658	0.0115844041	-0.1351928609	0.0762986007	-0.0808006395	-0.0389010654	0.2064601457	-0.0294536831	-0.0023634666	0.0526185588	0.0543869677	0.0424750268	0.013405544	-0.0632206368	0.0386257571	-0.0999073754	0.0089826306	-0.0152388206	-0.0300536475	-0.0031945155	0.0019040923	0.0165513115	-0.2091982664	-0.1173489418	0.0331874695	-0.1096594404	0.126036066	0.0586769775	0.0008451675	0.00228802	0.049605389	-0.0678704064	-0.1940173004	0.0693496588	0.0838976215	-0.0316865128	0.0066427994	-0.08835906	-0.1186145205	0.008250167	0.1514513308	-0.1457359722	-0.0774256244	0.0019546553	0.0944249311	0.0714096217	-0.1112440634	-0.0402295092	0.0302534235	0.1319420674	0.0820450982	0.0583297481	-0.0011580683	0.1656495153	0.1552537652	0.0146443503	-0.0560184627	-0.0557942539	-0.0284215618	-0.023033141	0.0087712791	-0.0611358567	0.0809460575	-0.0317342457	-0.0683251161	-0.0078484084	-0.0133485035	0.0502944356	0.2017221462	-0.08665745	0.114706706	-0.1341432107	0.0179781016	0.0058548563	0.0933275417	0.0722584749	-0.0020560783	0.0606624337	-0.1521265442	-0.047262352	-0.0764990735	0.0317533243	0.1777643822	0.0389539896	0.0479685106	0.036581887	0.1000003207	-0.0817211584	0.0635255287	-0.0189076831	0.0133195608	0.1475548017	0.0342001147	-0.049805786	0.1200253386	0.0251775899	-0.0921201277	-0.0976324978	-0.0321554538	0.0918613746	-0.0473019141	-0.0253349526	-0.0910856873	-0.0332811618	0.0411776655	0.1057106446	0.0520667045	-0.080576264	0.0864585935	-0.0067850034	-0.0531973304	-0.00758169	0.0084364024	-0.0179606936	-0.0530639746	-0.0724057592	0.1173552296	-0.0447169	-0.0219232999999999	0.0004806310828899	0.00199960114561	0.0821147	-0.0762082999999999	0.00674282395609	0.0058077049888899	-0.0428337	-0.1350663	0.00183472585569	0.01824290539569	0.00693801	8.832999999999931e-05	7.802188899999881e-09	4.81359827601e-05	0.0007537	0.000498734	5.680636900000001e-07	2.48735602756e-07	-0.000372518	-6.681600000000003e-05	1.38769660324e-07	4.464377856000004e-09	0.0	0.0	0.0	0.0	0.0	0.0	0.0	0.0	0.0	0.0	0.0	0.0	0.0	0.0	0.0	0.0	0.0	0.0	0.0	0.0	0.0	0.0	0.0	0.0	0.0
296.74928289772765	-0.3247007860431949	88060.1369003156	0.1054306004570686	334.02499123130525	-0.3172846568095337	111572.69476707355	0.1006695534467436	213.86081815081715	-0.2471878307544841	45736.44954013688	0.0611018236731074	214.09742809601585	406.7681039230536	1.075191	32.122448	0.2545942	0.152768	-0.1440994505	0.0393908751	-0.0128677131	0.1096822181	0.0421105255	-0.1038567699	0.0184673465	0.0274649177	-0.1308207995	-0.037956551	0.0773013743	0.0939891065	-0.0862711719	-0.0482147552	0.0335805114	0.0259446303	0.0341236924	0.1331451125	-0.020131782	-0.0840603902	-0.0197049763	-0.0370920643	0.1090559643	0.107230487	-0.0805711243	0.0065850796	0.2182498586	0.0606140669	0.1406171672	0.1112729497	0.0385541904	-0.0169992642	-0.0293456146	-0.1737440745	-0.2433712958	0.0754488581	-0.0591578641	-0.1359556722	-0.0130417296	-0.1032071893	-0.1016312198	-0.0576228272	-0.0298358814	-0.0274254704	0.0869702641	0.0109406971	0.1812404112	0.0805315973	-0.0100162182	0.0225284912	0.078163052	-0.0244265182	0.0254622503	0.0217964259	0.1667792849	-0.0477015052	0.047935693	-0.0361282671	0.143974194	-0.0662172106	-0.0546771031	-0.0390613586	0.070297446	-0.0526327195	-0.0920380624	0.0741900485	-0.0609902147	0.0776261211	-0.0352532139	-0.0787432081	0.1785279129	0.0182813287	0.0428775688	-0.1723632082	-0.0884114208	-0.1767206068	-0.0925637222	-0.0488010071	-0.0345313535	0.0340238724	-0.0210544603	0.0698489264	-0.212291199	-0.089326968	0.158669656	0.0576098141	-0.014439653	-0.0593646151	0.0822527895	-0.0481069787	0.020841235	-0.0234869733	-0.0141340876	0.1701067832	0.0568269873	-0.026951003	-0.0836335962	0.1701159638	0.0509956317	-0.0989789307	-0.0697517505	-0.0388888881	-0.1459977279	-0.0506340894	0.0836835963	-0.0762424819	0.0047183429	-0.0035417339	-0.1567288138	-0.0472012053	0.100601224	-0.0361164592	-0.0910875178	0.0916732905	0.0944781202	0.0011923611	-0.0418420819	0.1706172145	0.0558901429	-0.0346162478	-0.0855885646	0.0473562477	0.0556880451	-0.140818477	0.0580047493	0.0668697475	0.0626888881	-0.013551002	0.0103338321	-0.1306510943	-0.0554536812	-0.0680664159	0.1186137044	-0.0469623	-0.0022454	5.041821160000007e-06	0.00220545762129	0.166787	0.0846722999999999	0.0278179033689999	0.0071693983872899	0.0686967	0.1115304	0.00471923659089	0.01243903012416	0.00638899	-0.0005490199999999	3.014229603999999e-07	4.08191932201e-05	0.000206049	-0.000547651	4.2456190401e-08	2.999216178010001e-07	-0.000398769	-2.6250999999999976e-05	1.59016715361e-07	6.891150009999988e-10	0.0	0.0	0.0	0.0	0.0	0.0	0.0	0.0	0.0	0.0	0.0	0.0	0.0	0.0	0.0	0.0	0.0	0.0	0.0	0.0	0.0	0.0	0.0	0.0	0.0
297.05290729051126	0.303624392783604	88240.42972974508	0.0921877718932122	333.5216964885786	-0.5032947427266663	111236.72202861954	0.2533055980563012	213.9180138876896	0.057195736872444	45760.91666565376	0.0032713523163818	214.01567472083084	397.8153644319453	1.282134	38.305092	0.17371151	0.0996242	0.0863076939	-0.1326194792	-0.0135842745	0.1047053269	-0.0808118039	0.0883309518	0.0337317172	-0.1117970256	0.0296419127	0.0331317027	-0.0912017966	0.0440827432	0.0030755562	-0.1379996325	-0.037894804	-0.0001236463	0.0133827418	-0.1041549617	-0.1410488586	-0.1058427371	0.1105553376	0.0679889394	0.0845379183	-0.0983467391	-0.1805397144	-0.0857575982	0.0049713561	0.0241905905	-0.0129165699	0.1071886341	-0.0093127337	0.1452610139	-0.1071862378	0.0171635382	-0.0509292279	0.0869157581	0.0599021603	0.0141229421	0.0261953878	-0.0206040596	0.0920968606	-0.0926312988	-0.222702571	0.0313806267	0.0939956778	-0.0143946569	0.0123998437	0.0127626426	-0.0311840153	0.0163482804	0.0730661914	0.0222710045	0.261033871	0.0838580386	-0.0002586138	-0.0306928138	0.0097905239	-0.036642608	-0.0202475182	-0.0506497279	0.1210791933	0.0445546943	-0.0152046412	-0.0072145791	0.1450719969	0.0895181245	-0.1336231009	-0.06577733	0.0902644729	0.0855260246	0.0403496687	-0.1368471027	0.1477782904	-0.0228300048	-0.0307208732	0.0270879002	-0.0888369931	-0.0212287083	-0.1983091268	0.0433869419	-0.1123273169	-0.0340731169	-0.0995407294	0.0148657302	-0.0327338518	0.0005515409	-0.0171582527	0.0416462862	0.0764903209	0.1659882434	-0.1971393483	0.0589043671	0.0149448146	0.0779515091	0.0049549827	-0.0150596959	-0.1089037085	-0.0120642722	-0.0074833149	0.1883253963	0.0012496645	-0.051504235	-0.0008694886	0.0364708464	0.1013679477	0.0379962606	0.0177676661	0.095266135	0.0681565252	0.1152066323	0.1276799418	-0.0006578932	-0.0442802646	0.0091963785	-0.2048587621	-0.0455587864	-0.0609964612	0.081110662	0.0341677742	-0.0463851255	-0.0430042138	0.0301133313	-0.1374172048	-0.1101540643	0.0378595501	0.0954870568	-0.0549112175	-0.0069023554	0.0840824355	-0.0042051258	-0.0578154653	-0.0635899959	0.1193348294	-0.0508417	-0.0038793999999999	1.5049744359999985e-05	0.00258487845889	0.119316	-0.0474709999999999	0.014236307856	0.0022534958409999	0.00177899	-0.06691771	3.1648054201e-06	0.0044779799116441	0.00713681	0.00074782	5.592347524000009e-07	5.09340569761e-05	0.000399196	0.0001931469999999	1.59357446416e-07	3.7305763609e-08	-0.000230868	0.0001679009999999	5.330003342400001e-08	2.819074580099999e-08	0.0	0.0	0.0	0.0	0.0	0.0	0.0	0.0	0.0	0.0	0.0	0.0	0.0	0.0	0.0	0.0	0.0	0.0	0.0	0.0	0.0	0.0	0.0	0.0	0.0
297.3665337858519	0.3136264953406567	88426.85541581221	0.0983615785796629	333.73080263664195	0.2091061480633698	111376.24862849728	0.0437253811578999	213.9631935579098	0.0451796702201932	45780.24819749957	0.0020412026012054	214.1177806317784	404.83753349005576	1.178753	35.21648	0.0516745149999999	0.0224771	-0.0961554399	0.0312549576	-0.1075690215	0.0704892744	-0.0039822495	-0.0528049531	0.1055045286	0.0153388379	-0.109361747	-0.0826825899	-0.0740091872	0.0586333147	0.1574323338	-0.0582855926	-0.0511739937	-0.0545986328	-0.0465344839	0.0833445579	-0.093438308	0.0823224611	0.0663787247	-0.0098602017	0.2085793245	-0.0272552133	0.0169636416	0.130621332	0.0364349728	0.0092864782	0.1692440219	0.0461474166	0.0160459335	0.1686538983	-0.0041128316	-0.0024274681	0.1026275158	-0.063391094	-0.0216646145	0.1317876314	-0.0643396809	0.1802825227	-0.0181861073	-0.0435858771	0.0025230335	-0.1199524151	-0.0193216695	0.0340176906	-0.1180571667	-0.0034672564	0.0806070936	-0.137291172	-0.0032132995	0.1568469476	0.0392895938	0.0360264749	0.0694512069	-0.0851517331	-0.0179086923	0.1582516845	0.0184212245	-0.1191852706	-0.0505563418	0.069350686	-0.0512338911	-0.0194129325	-0.0656564659	0.10799375	0.0450129695	-0.1085192262	0.047090155	0.1297155236	0.1676714421	0.0926073285	-0.0676171742	-0.1459481307	0.0013180875	-0.0929857103	-0.0466717571	0.0701277351	-0.1340478053	0.048678979	-0.0028016259	-0.0697529675	0.1043680758	0.0002779014	-0.0250642852	-0.0747515586	0.1337451155	0.0844062634	0.0042358399	0.0010628926	-0.0343371173	-0.1402596687	0.0179410703	-0.1844906715	0.1363846618	0.0110285629	0.1095612577	-0.0732065095	-0.1502274521	0.1075527789	-0.1150290411	-0.1548932434	0.0303430078	0.0162824728	0.0426714054	0.1163642758	0.0276605105	0.1099317631	-0.0624437197	-0.097435241	0.123806619	0.0192773821	-0.0503499947	-0.0402359275	-0.0212665075	-0.0444556873	-0.0974045964	0.1423252065	-0.1104127883	-0.0096374647	0.1259067109	0.178116077	0.0355537173	0.0214285555	0.0965058064	0.0541463453	0.0085712623	-0.0715554979	0.0815068431	-0.0947148462	-0.0601481375	-0.0589855141	0.1195153378	-0.0428427	0.007999	6.398400099999999e-05	0.0018354969432899	0.131445	0.012129	0.017277788025	0.000147112641	-0.00387547	-0.00565446	1.5019267720900002e-05	3.19729178916e-05	0.00730033	0.0001635199999999	2.6738790399999826e-08	5.32948181089e-05	9.65199e-05	-0.0003026761	9.31609109601e-09	9.161282151121001e-08	-0.000179223	5.164500000000001e-05	3.2120883729000004e-08	2.667206025000001e-09	0.0	0.0	0.0	0.0	0.0	0.0	0.0	0.0	0.0	0.0	0.0	0.0	0.0	0.0	0.0	0.0	0.0	0.0	0.0	0.0	0.0	0.0	0.0	0.0	0.0
297.3437935911716	-0.0227401946802956	88413.33158718927	0.0005171164540977	334.7352111564054	1.0044085197634445	112047.66158792331	1.0088364745733935	213.62415675453792	-0.3390368033718687	45635.28034908739	0.1149459540406151	213.77958047838547	405.7387401591368	1.117386	33.383072	0.420683075	0.258108	-0.0089319599	0.0075033235	0.0609781324	0.0339595468	0.0395318932	-0.0290799736	-0.0740929929	-0.014572053	0.0191996182	-0.0148180387	0.0355420352	-0.0801808439	-0.0191811202	0.0297555928	0.0782365216	0.0739518279	0.0088916231	0.038590084	0.0171501285	0.050944001	0.0692550779	-0.0552370733	-0.0152831637	0.028334171	-0.1037763105	-0.1387272388	-0.1663198211	-0.0481778955	-0.0093752541	-0.0176306808	0.0167650792	0.0835245462	-0.1190121169	-0.0891317929	-0.0295914222	0.079935519	0.0724199798	-0.0593735786	-0.0902139205	0.0211884668	0.0598735044	0.0105971709	-0.1021553168	0.0158252273	-0.0551399813	0.0224874004	-0.1507186553	0.0082549624	0.0872893265	0.0458083131	-0.0205659853	0.1749663588	-0.1198547998	-0.0290307123	0.0474145779	0.0156973999	-0.0316015854	0.0751984005	-0.0217578801	0.1499774121	-0.0016287134	-0.0887206544	0.0495694907	0.0314943469	-0.0307412405	0.004256208	0.0051139533	-0.0712598147	-0.0794419025	0.0027238052	-0.0078133489	-0.1424590024	0.0090149141	0.1305042414	0.1173544213	0.0344172238	-0.0072725837	-0.0084206369	-0.0859749302	0.0574111349	-0.1133720708	-0.0684511909	-0.1318040842	-0.0036513637	0.1126541644	-0.0052579375	-0.0921585375	0.0523647427	-0.0458251284	0.0702996869	-0.0101093088	0.0846795795	0.0376442343	-0.1585204407	0.0149657347	0.0091998917	0.0441104053	-0.0400968991	-0.0422271986	-0.2106542073	-0.1131980549	-0.1106713122	-0.0136209645	0.0615843229	-0.0959815706	0.047697322	-0.020875219	-0.0963403841	-0.0271074542	0.0186489939	-0.01333939	-0.0345138571	-0.0437242348	0.0922132129	-0.0455586788	0.0757570796	-0.0876461496	-0.0066937641	0.0128633017	0.1299133397	0.0236143332	-0.0140695779	-0.0183074627	-0.0296550477	-0.0157764976	0.1642141678	-0.0780743449	-0.1004138692	-0.0012807642	-0.0265800265	-0.0624505233	-0.0542622434	0.1191544118	-0.0389619	0.0038807999999999	1.5060608639999977e-05	0.00151802965161	0.27145	0.140005	0.0736851025	0.019601400025	0.220644	0.22451947	0.048683774736	0.0504089924090809	0.0081908599999999	0.0008905299999999	7.930436808998232e-07	6.709018753959838e-05	0.000119037	2.251710000000001e-05	1.4169807369e-08	5.070197924100004e-10	-4.6714e-05	0.000132509	2.182197796e-09	1.7558635081000002e-08	0.0	0.0	0.0	0.0	0.0	0.0	0.0	0.0	0.0	0.0	0.0	0.0	0.0	0.0	0.0	0.0	0.0	0.0	0.0	0.0	0.0	0.0	0.0	0.0	0.0
297.33758083439284	-0.0062127567787797	88409.6369764491	3.859834679227372e-05	332.78580571304667	-1.949405443358728	110746.39248408165	3.800181582596639	213.6193378524275	-0.0048189021104292	45633.22150450956	2.3221817549899337e-05	213.57904554618625	393.44059856967294	1.309541	39.123882	0.29335625	0.165112	0.0994067181	0.0294710839	-0.1158019113	-0.1584493871	0.0974100581	0.1319147206	-0.172790937	0.1283422895	0.0958943883	-0.0449181868	-0.0939155395	-0.1008051295	0.0843998662	0.1728732466	0.1891957543	0.043094564	-0.1623994009	-0.0703504982	0.1230933515	0.163018043	-0.0832612231	0.1234595581	-0.1246236021	-0.2294578413	0.1887306187	-0.0158957464	0.0548523445	-0.0442420151	0.0037811807	0.1052555222	-0.0567206665	0.0483149907	-0.0201463508	-0.0981124617	-0.008088159	0.0237716664	0.105442894	0.0200840244	-0.1234917577	-0.094427229	-0.0883176153	-0.0047639484	-0.0292363596	0.060137369	0.0267252178	-0.0188126031	-0.0899174716	-0.0607995695	0.0451620514	-0.0784352393	0.0189998913	-0.1007994266	-0.0441818601	0.0822631871	-0.013448869	-0.0901871146	-0.1326107661	-0.1503447618	0.0404588845	-0.054859351	-0.019433379	-0.1880823161	-0.0903220538	0.1813301018	-0.0112922624	-0.0941105541	0.1979386329	-0.0115288561	0.1343389541	0.0702066317	-0.2317765162	0.1849894659	0.0640102361	-0.0460188364	-0.0085893219	-0.0153000035	-0.082823128	0.0344008244	-0.0080782913	-0.0032109751	0.0577260242	-0.1185692349	-0.0163128692	-0.0009848792	0.0987001679	-0.0208135197	-0.1198225305	-0.0063364526	0.1437195263	0.0314060992	0.0157736785	0.0922738865	0.0064377197	0.0224173952	0.0579818915	-0.0727109265	0.1880512467	-0.1024305854	-0.0852018293	0.0070651486	0.1299457614	0.0250976029	-0.0036734136	-0.0256842348	-0.0208800292	-0.0897092935	-0.1073278011	-0.2045279477	0.1749687731	-0.1101169341	-0.1394799337	-0.0576020751	-0.1456044983	-0.1236236513	0.0094659048	0.0476888781	0.0897076829	0.0038913689	0.0231790555	-0.0120712576	-0.0201703686	0.0051423046	-0.2822296677	0.162306638	-0.0723690083	0.1212556119	-0.0477454367	-0.0752434129	-0.2002281793	-0.0515458948	-0.0647214634	-0.0494296957	0.1182536866	-0.0207582	0.0182037	0.00033137469369	0.00043090286724	0.36323	0.0917799999999999	0.1319360329	0.0084235683999999	0.348364	0.12772	0.121357476496	0.0163123984	0.0078210499999999	-0.0003698099999999	1.3675943609999998e-07	6.116882310249844e-05	0.000482696	0.000363659	2.32995428416e-07	1.32247868281e-07	-0.000426296	-0.000379582	1.81728279616e-07	1.44082494724e-07	0.0	0.0	0.0	0.0	0.0	0.0	0.0	0.0	0.0	0.0	0.0	0.0	0.0	0.0	0.0	0.0	0.0	0.0	0.0	0.0	0.0	0.0	0.0	0.0	0.0
299.02522726319904	1.687646428806204	89416.08653980783	2.8481504686623333	334.65782229931324	1.872016586266568	111995.85802611872	3.504446099257135	214.5775640026623	0.9582261502348216	46043.53097331664	0.9181973549938472	214.69383018345764	412.7895026729807	1.680383	50.203186	0.57987845	0.376823	-0.0353226612	-0.0003969027	0.0511350716	0.1229751253	-0.0345275615	-0.0786747327	0.0494339726	-0.0855094527	-0.050645747	0.1592243279	0.0033696298	-0.0260838736	-0.0228332621	-0.1347166042	-0.1292053526	0.0339622716	0.1210581272	0.0407966845	0.0245802877	-0.1614114037	-0.1653319537	0.1092290901	-0.0324271429	0.1273216622	-0.0654085601	-0.0743488797	0.1556663964	-0.2041301986	-0.0184485373	0.0777504956	-0.0692114992	0.0186710973	0.0645571322	-0.075947875	0.1995846949	0.0306956138	-0.0812364111	0.0100040816	-0.1924000927	-0.0241488677	0.1045914677	-0.0913571372	-0.0595431032	0.0393880076	0.0251620177	0.0922524236	0.0917628812	0.0716696215	0.0330374694	-0.0245076418	-0.1305458817	0.057745009	-0.1226584073	0.1716103499	-0.1480874417	-0.0888208345	0.0372027449	0.0322043717	0.1061056417	0.0885955288	-0.0333379494	0.1021046952	0.1092315011	-0.0867099373	0.0037696675	-0.0242708127	-0.0464455803	0.2119133583	0.1346003753	-0.1448069134	0.0461164279	-0.0405688104	0.1207110295	-0.1329466632	0.0748706711	0.0507616851	0.0277154142	0.0409392479	0.0200765343	0.1288795904	0.1964166913	-0.1312215644	-0.1018751123	0.0637070715	0.0923455832	-0.1960779947	0.1249274379	-0.0100981848	-0.0749686312	0.096525137	-0.0144302386	0.0025201826	-0.1232399973	0.0300682578	0.0134839156	0.1306464761	-0.0240643607	-0.1583553699	-0.0665213694	-0.0318406835	0.0667201226	-0.0889424577	0.133691429	-0.0649849643	-0.1473988972	-0.0430536837	0.0738148287	0.0687565396	-0.0806449441	0.0726058443	0.1201184567	0.0142235762	-0.0215980452	0.1020330744	0.0170102856	0.0490377156	0.0282718635	0.0986850914	0.1508312081	-0.1507531631	0.0315514928	-0.1438849677	0.0460311347	0.1823757884	0.0201470048	-0.0638865562	0.000469811	-0.08182232	-0.0839516704	-0.2264216467	-0.0669598143	-0.0444976032	0.1168172427	-0.0398487	-0.0190905	0.00036444719025	0.00158791889169	0.104295	-0.258935	0.010877447025	0.067047334225	0.0834892	-0.2648748	0.00697044651664	0.07015865967504	0.0082084099999999	0.0003873599999999	1.5004776959999984e-07	6.737799472809837e-05	0.000691338	0.0002086419999999	4.77948230244e-07	4.3531484164e-08	-0.000569857	-0.000143561	3.24737000449e-07	2.0609760721e-08	0.0	0.0	0.0	0.0	0.0	0.0	0.0	0.0	0.0	0.0	0.0	0.0	0.0	1.0	0.0	0.0	0.0	0.0	0.0	0.0	0.0	0.0	0.0	0.0	0.0
298.26829994938555	-0.7569273138134918	88963.97875469663	0.5729389583969082	335.24878593311684	0.5909636338035966	112391.7484696288	0.3492380164783514	214.4248924413264	-0.1526715613359215	45978.03449847439	0.023308605640748	214.46459693720203	408.8593923285187	0.988368	29.528511	0.0623509999999999	0.0375845	0.0124628805	0.0024619793	-0.0772209386	0.0479074068	-0.0605902082	-0.0035452469	0.1186824407	0.0068062133	-0.0525118063	0.1494567496	0.1134801643	-0.1035511592	0.1409895287	0.0592110934	-0.122748562	-0.0765235862	0.0024886046	-0.0407678271	0.0389177746	0.0598239803	-0.153955469	0.0018024262	0.0102027042	-0.1052506464	-0.0187251563	-0.0385534547	-0.0332244435	0.0720258161	-0.0121005619	0.0164507646	0.0735295138	-0.1078825917	0.1766933704	0.0805440642	-0.1324950173	-0.0089029162	-0.1693101546	0.0224697027	-0.0889522376	-0.0274731161	0.0865559451	0.0752674314	0.0377317877	-0.016982752	0.0489069357	-0.0060323706	0.1349163044	0.1163389723	0.0426947538	0.0150924796	0.1214630821	-0.0256509359	0.0045362218	0.1128860302	-0.0279751667	0.0559727436	-0.0137517406	-0.0321238497	-0.0240274398	0.0889932138	-0.0359975338	0.1310243128	-0.0493645929	-0.0256872215	0.0186227704	-0.0568238708	0.1419401082	0.0985994981	0.0433935041	0.0560474493	-0.0147957201	-0.0318752805	0.0665359301	0.0215248217	-0.0596147867	0.000721686	-0.0758952023	-0.083700235	0.0198734954	-0.0981909894	0.0596965524	0.1765313715	0.1285347527	-0.0772775006	0.0501212192	-0.1488166814	-0.0949598294	-0.100796611	-0.1423872608	-0.0378153252	-0.031107788	-0.0746020567	-0.0496818878	0.1180257568	0.0739797822	-0.1032443876	-0.0750458618	0.0602818866	-0.0142741186	-0.0229677409	0.1546288743	-0.0843146592	0.0209825861	0.0158622557	-0.0749827786	-2.58991e-05	0.0648471523	0.1123449208	0.0258773555	-0.0503411138	0.1062666251	0.0176261322	-0.0455168538	-0.1101387714	0.0398145708	0.173068143	-0.0114950828	0.0174228328	-0.0803075685	-0.0407208926	0.1593673571	-0.1304747779	-0.0083738383	0.0415067484	-0.1635033119	0.0237172519	0.0542014021	0.0148348576	0.0779561972	0.0069512918	-0.0691644489	-0.0394758984	0.1148515874	-0.0341735	0.0056751999999999	3.220789503999998e-05	0.00116782810225	0.0920405	-0.0122545	0.00847145364025	0.00015017277025	0.0477103	-0.0357789	0.0022762727260899	0.00128012968521	0.0081268399999999	-8.15700000000013e-05	6.653664900000211e-09	6.604552838559836e-05	0.000602962	-8.837600000000004e-05	3.6356317344399993e-07	7.810317376000007e-09	-0.000572759	-2.902000000000048e-06	3.280528720810001e-07	8.421604000000277e-12	0.0	0.0	0.0	0.0	0.0	0.0	0.0	0.0	0.0	0.0	0.0	0.0	0.0	0.0	0.0	0.0	0.0	0.0	0.0	0.0	0.0	0.0	0.0	0.0	0.0
296.68170193815536	-1.586598011230194	88020.03226492046	2.517293249239607	334.1443299581478	-1.104455974969028	111652.43324317956	1.219823000644786	213.746653779453	-0.6782386618733938	45687.63200191335	0.4600076824598118	213.97849979422384	408.5256542005725	1.153513	34.462414	0.3785087000000001	0.2113	-0.082653912	0.118130368	0.0563506406	0.0570821039	0.0436416647	-0.1501944976	-0.0255095687	0.0378068056	-0.0643094366	0.0736409768	0.189820348	-0.0317437911	-0.0948310202	0.0357816312	-0.0014946075	0.0607398563	0.0190910912	0.152716065	0.0352208308	-0.0851467116	-0.0922330446	-0.0902593038	-0.0316243185	0.019107996	0.0219284819	0.017966269	-0.0265980615	-0.1970181679	-0.1713051467	0.0503991234	0.0462371726	-0.0586484523	-0.0737852561	0.1436412765	-0.0232214025	-0.0663396692	-0.1261208278	0.1937439729	-0.2294659571	-0.0755959174	-0.0157351736	-0.0368654533	-0.0125520168	-0.0184176894	0.0220759048	0.0505025518	0.0140584046	-0.0502212975	0.1308626502	0.0837642242	-0.0436309545	-0.1851601918	0.0076783405	-0.1089261646	0.0700328	0.0085105019	0.0338253551	0.0033636867	-0.0988662752	-0.0589481015	-0.1027177355	-0.0141233444	0.0999579434	-0.0210015661	-0.141618703	0.0135799483	-0.0164348742	0.118712768	-0.0809687356	-0.0129711988	-0.046203332	-0.0178747346	0.0358198714	-0.06358472	0.1256692417	0.215192257	-0.0877416712	-0.0460918452	0.1424413002	0.0870104001	-0.0840647376	-0.0310023979	0.1826547028	-0.0508620495	0.0312428515	-0.249951448	0.0461389007	-0.0783540018	0.0693901541	0.1097168529	0.0836287944	-0.0419728775	-0.0356647338	0.0328781653	-0.076899385	-0.058162695	-0.0454295753	-0.0632864795	-0.1171950483	-0.0849232774	0.0360732319	0.0997345294	-0.0966344894	-0.0162325387	0.1144468838	0.0173503213	0.0507512489	-0.0578211328	-0.1321881103	-0.0265789277	0.0069856674	-0.0457952619	0.0128296277	0.1739415663	0.1179742786	0.06058977	-0.0037463664	-0.0425450992	-0.0431944087	0.0234783269	0.0907694721	-0.0535137952	0.0572858317	0.0335009347	-0.0860579242	0.1217818067	0.0338262934	0.0489750969	-0.082026137	0.0935852075	-0.0713342571	-0.0343746944	0.1123656258	-0.0112886	0.0228849	0.00052371864801	0.0001274324899599	0.225113	0.1330725	0.050675862769	0.01770829025625	0.217721	0.1700107	0.047402433841	0.02890363811449	0.00901475	0.0008879100000001	7.883841681001794e-07	8.126571756250001e-05	0.000696217	9.3255e-05	4.847181110889999e-07	8.696495024999998e-09	-0.000503112	6.964700000000005e-05	2.531216845440001e-07	4.850704609000006e-09	0.0	0.0	0.0	0.0	0.0	0.0	0.0	0.0	0.0	0.0	0.0	0.0	0.0	0.0	0.0	0.0	0.0	0.0	0.0	0.0	0.0	0.0	0.0	0.0	0.0
296.43541796728806	-0.2462839708672959	87873.95702544077	0.060655794306163	333.324562755498	-0.819767202649814	111105.26413614392	0.6720182665403012	213.77356553551377	0.0269117560607696	45699.1373217666	0.0007242426142743	213.8953204196653	396.0333357490737	1.320118	39.439888	0.18303499	0.103137	0.1166212159	-0.0426487606	-0.0427209548	-0.0070187797	-0.1058886665	0.0698618768	0.0542913373	0.0162584325	0.1013029422	0.0538340787	0.0507473968	0.1268423666	-0.0682500837	0.0319389225	-0.0567049814	0.0157485352	0.0176155769	-0.0540748986	-0.0410427141	-0.032018107	-0.1568602638	-0.1144368624	0.0485706602	-0.0711578602	0.0877840494	0.0204105461	0.0434387015	0.0919134292	-0.19280981	-0.0580591001	-0.0178477401	-0.1138561528	-0.1001639949	0.0500088566	0.0095882497	0.0256375096	0.0750460294	-0.0836675772	-0.0773094937	0.1561774022	-0.0931343076	-0.0294669369	-0.0535633887	-0.0263351127	0.0047561778	-0.0384229081	-0.1761217192	-0.1034892911	-0.0785776656	-0.0018697365	-0.001882381	0.1492842083	-0.0226358372	-0.0093120083	-0.0669027843	0.0066409025	-0.0438318417	0.0240298517	-0.0217155687	-0.0054498054	-0.0554193325	0.0647721005	-0.011932141	0.0152059606	0.0741577601	0.0218364329	0.0433629741	0.1588886839	-0.0874163266	0.1286451479	-0.0016221212	0.045327106	0.0141217751	0.0702846469	-0.1225951035	0.129000824	0.0224186637	-0.0530962386	0.1458791736	-0.0236709926	-0.1096138833	-0.0165771309	-0.0245780732	0.0994420088	-0.0059083325	-0.033554117	0.0087660956	0.1750194445	0.0690062271	-0.0116495294	0.0693476637	0.1386321885	0.118976348	-0.0930491198	-0.0007635212	0.0496553534	0.0777398119	-0.0075554174	0.0554202492	0.0146569786	-0.1055968197	-0.1000029972	0.0008949062	0.0217678627	-0.1223685388	0.047586993	0.0518634563	0.0486728188	0.0905328527	0.0141227783	0.0347490446	0.0458087442	0.0148975712	-0.1032190028	-0.0512247419	0.0799196704	0.134673284	-0.0878982779	-0.0367768749	-0.0533353209	-0.069433633	-0.0357785427	-0.0666585726	-0.0719861729	0.0192400885	0.0498011569	0.0653250659	-0.0661056479	0.0047457848	0.058852332	-0.0734681463	-0.0292042644	0.1093706198	-0.00977511	0.0015134899999999	2.290651980099998e-06	9.55527755121e-05	0.171675	-0.053438	0.0294723056249999	0.002855619844	0.14007	-0.077651	0.0196196049	0.006029677801	0.00922977	0.0002150199999999	4.623360039999992e-08	8.51886542529e-05	0.00125917	0.000562953	1.5855090889e-06	3.169160802090001e-07	-0.000272435	0.000230677	7.422082922500001e-08	5.321187832899999e-08	0.0	0.0	0.0	0.0	0.0	0.0	0.0	0.0	0.0	0.0	0.0	0.0	0.0	0.0	0.0	0.0	0.0	0.0	0.0	0.0	0.0	0.0	0.0	0.0	0.0
295.72235826083994	-0.7130597064481208	87451.71317535256	0.5084541449598802	333.0775340609736	-0.2470286945243742	110940.64369613904	0.0610231759184166	213.63616205682817	-0.1374034786855986	45640.40973837135	0.0188797159549037	213.83841352995609	401.7423458282861	1.233942	36.865307	0.22757185	0.116741	-0.0467678615	0.1350173568	0.0075578424	-0.0081740771	0.0025491935	-0.1329068632	0.0001980875	0.0734129727	-0.1107347282	-0.0392621728	0.0321394125	-0.0099111479	-0.1290486033	-0.0170542624	-0.0173390939	0.0344772635	-0.0754343072	0.1229980059	0.0079214028	0.0046322046	-0.0005080018	-0.0714451942	-0.017355503	-0.0288547972	0.1531527166	-0.0889004788	0.0274446251	-0.1171006909	0.0331671566	0.1362013522	0.0740386267	-0.0482668526	-0.0251787617	-0.0630990143	0.0930217312	0.0274686703	-0.1855165506	0.041807852	0.1549106401	0.1124638925	0.1039974434	0.1757089103	0.0001692582	0.0492548183	-0.1606221473	0.0115358057	0.112605006	-0.1515804706	0.0942816249	-0.0085991719	0.0832419804	-0.011101827	-0.1453972198	0.0540444309	0.0876017602	-0.0321392536	-0.0113294302	0.0063899893	-0.1713567994	-0.1298126179	0.1253173965	0.0212192359	0.0504824849	0.0435262989	-0.1333874712	0.0528247893	0.0032999267	0.0110598335	-0.0869205285	-0.0536774996	-0.0422919703	0.1492381003	0.1065566668	0.0112457032	0.1105851646	-0.0177654673	-0.1259571667	-0.0429904751	0.0592881177	0.0407162046	0.0561578808	-0.0706476491	0.008203908	-0.1869649663	-0.1854913171	-0.0092991787	-0.0524906303	0.0159607672	-0.1917679182	-0.1627497597	-0.1195772781	-0.0282348043	-0.1048315959	-0.038436074	-0.1744503275	-0.0399940332	0.0871765659	0.1280755074	-0.0968817432	-0.0635072764	0.0591438838	-0.0827095426	0.0968761819	0.011844169	0.0884919693	0.1172465136	0.0705808322	-0.0123937334	-0.0816683931	-0.0771832694	-0.0350063257	0.0165687752	0.0038087637	0.094203903	0.1604411109	-0.1509247237	0.099654122	0.027488131	-0.0470755796	0.0059088156	-0.0815394576	0.0312346436	0.037128069	0.0242910178	-0.0099803575	0.0634885931	0.0006070878	0.0047381396	-0.0802635064	0.0321584159	-0.0755650422	-0.0239750208	0.1058801375	-0.00399871	0.0057764	3.336679696e-05	1.59896816641e-05	0.26179	0.090115	0.0685340041	0.008120713225	0.215552	0.075482	0.046462664704	0.0056975323239999	0.0101511	0.0009213299999999	8.488489688999995e-07	0.00010304483121	0.00105862	-0.00020055	1.1206763043999998e-06	4.022030250000003e-08	-0.000270346	2.0890000000000405e-06	7.3086959716e-08	4.363921000000169e-12	0.0	0.0	0.0	0.0	0.0	0.0	0.0	0.0	0.0	0.0	0.0	0.0	0.0	0.0	0.0	0.0	0.0	0.0	0.0	0.0	0.0	0.0	0.0	0.0	0.0
295.5369323128804	-0.1854259479595157	87342.07836090807	0.034382782176685	332.1410816675657	-0.936452393407933	110317.69813130054	0.8769430851194461	213.23365898795475	-0.4025030688734148	45468.593325391375	0.1620087204525169	213.33248877588764	390.5938701752807	1.443939	43.139191	0.19363705	0.10726	0.1362951593	-0.0421962319	0.0722549467	-0.0431753352	-0.0228962414	0.0722316275	-0.1368559912	-0.0894760279	0.0961860638	0.0004385234	-0.1901493193	-0.1037574319	-0.0514608054	-0.0007066656	0.0709985878	0.1022374919	0.0285255055	-0.1224566161	-0.0338430626	0.1689231924	0.1414690491	0.0920885591	-0.0215875544	-0.0034067872	0.0336819299	-0.1078923361	-0.086391043	0.0530347196	-0.0456472251	-0.1476049072	0.1206754752	-0.1455532279	-0.0007794718	0.1214962418	0.0142619142	0.0839135126	0.0491771164	0.0664792222	0.1212841199	-0.0511152563	-0.1309994211	-0.0019774148	0.0897865823	0.0487999033	0.0912379917	0.1547260962	-0.0109931435	-0.0471082313	0.1576185763	0.0443824453	0.0545549051	-0.0244253801	-0.0101784396	0.0280559978	-0.0254763733	0.0255213006	-0.079772703	0.2536197657	-0.0502333826	0.0322425372	-0.1256373419	-0.0813136911	0.0423721013	0.0684212578	0.1396130882	-0.007007925	0.0783102609	-0.221194661	0.0585864845	0.0112158525	-0.0327375367	-0.039171399	0.0173766582	0.1984496574	0.0553895216	-0.0005059606	0.0913215675	-0.1337799644	0.117011696	-0.1646488906	-0.0744691504	0.0361434065	0.015066222	0.0125893404	-0.1381870684	0.067866206	0.0514317676	-0.0270949036	0.0666386965	0.0539698927	0.1970298286	-0.0633946367	-0.0476864679	0.0568157237	0.0120128001	-0.0771888496	-0.0310426757	0.0357789788	-0.1768285361	-0.0325358323	0.0362789806	-0.0586826398	-0.0717418407	0.0964948082	-0.1404209418	0.1518784716	-0.0072547262	-0.0943579627	0.0862180944	0.1064749243	-0.0981730539	-0.0622110151	0.0238625067	0.0008073546	-0.2566510846	-0.0581828439	0.065449016	-0.042623326	0.065187557	0.1454059546	-0.1126620558	-0.0201976281	-0.0044288434	0.0728861192	-0.0387275928	-0.1184602538	-0.0747224588	0.0036577472	0.0797530279	0.1649242099	-0.0776238888	-0.0186974948	0.1019099918	-0.00440716	-0.00040845	1.6683140250000026e-07	1.9423059265600003e-05	0.296964	0.0351739999999999	0.088187617296	0.0012372102759999	0.317558	0.102006	0.100843083364	0.010405224036	0.0108892	0.0007381	5.447916100000003e-07	0.00011857467664	0.00136851	0.00030989	1.8728196201e-06	9.60318121000001e-08	-0.000343328	-7.298200000000003e-05	1.17874115584e-07	5.326372324000004e-09	0.0	0.0	0.0	0.0	0.0	0.0	0.0	0.0	0.0	0.0	0.0	0.0	0.0	0.0	0.0	0.0	0.0	0.0	0.0	0.0	0.0	0.0	0.0	0.0	0.0
296.2466649056232	0.709732592742796	87762.08646770462	0.5037203532014115	332.7366489992513	0.5955673316856291	110713.67758725098	0.3547004465711402	213.68550435596745	0.4518453680126981	45661.494771864185	0.2041642365945306	213.830781551696	394.9712114739745	1.141222	34.095192	0.1489179999999999	0.0716467	0.0325164623	0.093742299	-0.0411451414	-0.0316851203	-0.0355668812	-0.0044763998	-0.0445724797	0.0736741777	-0.021030633	-0.0906064446	-0.0641610785	0.0291765755	0.1373025946	0.1035412767	-0.0198630985	0.0387812778	-0.0582970886	0.0351233774	0.0227732372	0.0890570247	-0.0316976437	0.0497549418	-0.0999284015	-0.0787458991	0.0519907642	0.0931322784	0.070668505	-0.0489712034	-0.0212291133	-0.0021931811	0.0272350124	-0.02629526	-0.0200189983	0.0829094631	0.0437552539	0.0182505496	-0.0528014234	-0.1084540161	0.0873514686	0.0645491584	0.0286955825	-0.1212776294	-0.0756881803	0.0554186372	0.0166203665	0.0158523628	0.0761946841	-0.0008754812	-0.0362587148	-0.0152353043	-0.0753194482	-0.0289058142	-0.0102610469	-0.0680711006	-0.0684963172	0.1051115952	-0.1445739068	0.1186219057	-0.0404722209	0.0305182818	0.1035687031	0.0193478803	-0.0047223371	0.0717583287	-0.0474562406	0.0026251581	0.0973157909	-0.0160357878	0.0419632627	0.0366144007	-0.1228816015	0.0509565195	-0.0783230786	-0.0918650808	0.006614274	0.0199303232	0.0131976859	-0.0597809237	0.0545637833	0.0885018527	0.0442200837	0.1042952434	-0.0981425305	0.0682658399	-0.1293167663	0.0137590405	0.0718754888	0.0600647492	-0.0386979021	0.0223632123	-0.0621866186	0.072897646	-0.0779859884	0.088217834	-0.0324206126	0.0263169313	0.0450486197	-0.0446054526	0.0587762339	-0.0315930966	-0.0272950223	0.0872513209	0.0278979648	0.1256858367	-0.0812003066	0.0240062786	0.0406323326	-0.0506480478	0.0322585917	-0.070032393	-0.0422066937	-0.0133044584	-0.0462165577	-0.0602388743	0.0781728967	0.062420848	0.0180452021	-0.0512184376	-0.1261525996	-0.0054149196	0.0272308984	0.1038365351	-0.063878689	0.0380669118	-0.1022349536	-0.089389525	-0.136357071	-0.0780803317	-0.1262999428	0.0456209569	-0.0796436494	-0.0133823145	0.0974781683	-0.00406276	0.0003443999999999	1.1861135999999997e-07	1.6506018817600003e-05	0.272201	-0.0247629999999999	0.074093384401	0.0006132061689999	0.271575	-0.0459829999999999	0.073752980625	0.0021144362889999	0.00972629	-0.0011629099999999	1.3523596680999992e-06	9.46007171641e-05	0.00112284	-0.00024567	1.2607696655999998e-06	6.035374890000006e-08	-0.000195356	0.000147972	3.8163966736e-08	2.1895712784000005e-08	0.0	0.0	0.0	0.0	0.0	0.0	0.0	0.0	0.0	0.0	0.0	0.0	0.0	0.0	0.0	0.0	0.0	0.0	0.0	0.0	0.0	0.0	0.0	0.0	0.0
296.4797041585755	0.2330392529522669	87900.21497795645	0.0543072934165506	332.8036636617277	0.0670146624763674	110758.27854666836	0.0044909649868214	213.30105818028483	-0.3844461756826263	45497.34142082925	0.1477988619969967	213.4411693371461	399.95149277132566	0.97225	29.046968	0.0739011399999999	0.0354884	0.0735289959	0.0101807196	0.0763893321	0.0194966449	-0.0532184645	-0.0114713119	-0.1075813872	-0.0485631002	0.0060293526	0.0552980893	-0.059469856	-0.032270246	-0.1020957906	0.0397765557	0.0159309922	0.13054339	-0.0032907035	-0.0732633392	-0.0686575457	0.0493026409	-0.0109973213	0.0439647196	-0.1029547728	0.1899196823	0.0561302156	-0.1039903947	0.0153101066	0.0785513362	-0.1042392738	-0.0247338604	0.0836119626	-0.0006073942	0.1326563449	-0.0886828535	0.0114174017	-0.0447444959	-0.0791307026	0.0872487288	0.0165047474	-0.026755534	0.0802056374	0.0001813749	0.083620351	-0.0292676877	0.0509336138	0.0275613776	-0.0030019837	0.100231911	-0.0318305759	-0.1052951863	0.1432324222	-0.0042960595	0.0302385899	0.0232760922	0.0979164259	0.0219201972	0.0313785727	-0.0097909694	0.0968474868	-0.0190799569	-0.0114240506	-0.0247020331	0.0905084465	0.0635593583	0.0961499106	0.0669108143	0.0376801258	-0.0189871608	-0.0052938292	-0.187325094	-0.0166177054	0.0273136673	0.0281175125	0.1351263278	-0.022325014	-0.0112162393	0.1072258307	-0.1393110295	0.0167039043	0.0072064009	0.1534599291	-0.0174312275	0.0487411813	-0.0528809848	0.0594402048	-0.0009713551	0.0867320808	-0.1407926894	-0.0765785631	0.0415627842	0.0015075388	-0.079612159	0.0749170804	0.0063178462	0.130405393	-0.0789862145	0.0432070609	0.0923326959	0.0368965494	0.0195346601	0.0211538444	-0.0097278599	-0.1031030714	-0.0080469833	0.0230554516	0.0213332405	0.0541057521	-0.0753780824	0.034461818	0.0739713502	-0.0406916042	-0.0582899081	-0.0227083886	0.0625254998	0.0087269423	0.0715767653	0.0533272584	0.0474021292	0.0926645889	-0.0186622064	-0.1938546581	-0.0177569403	0.1051020481	-0.0136028318	-0.2103930289	-0.1354356463	0.0001948678	-0.0189195591	-0.0260881986	0.0335580168	-0.081623307	-0.008040184	0.0926047444	-0.0106127	-0.0065499399999999	4.290171400359999e-05	0.0001126294012899	0.25829	-0.013911	0.0667137241	0.000193515921	0.28985	0.0182749999999999	0.0840130224999999	0.0003339756249999	0.00988179	0.0001554999999999	2.418024999999981e-08	9.76497736041e-05	0.00164588	0.00052304	2.7089209744e-06	2.735708416e-07	-0.00022012	-2.476400000000001e-05	4.84528144e-08	6.132556960000003e-10	0.0	0.0	0.0	0.0	0.0	0.0	0.0	0.0	0.0	0.0	0.0	0.0	0.0	0.0	0.0	0.0	0.0	0.0	0.0	0.0	0.0	0.0	0.0	0.0	0.0
296.5227796661436	0.043075507568119	87925.75886093634	0.001855499352251	333.09430362419647	0.2906399624687878	110951.8151068884	0.0844715877838584	213.4988283100507	0.1977701297658711	45581.7496897645	0.0391130242276095	213.60743410059	396.7945535103773	0.906213	27.074049	0.06569325	0.0438035	0.0526495327	0.091776162	-0.026671613	-0.0222077408	-0.0908912875	-0.0066705381	-0.0251683216	0.0543671386	-0.025777063	-0.0170727269	-0.0722582597	-0.0511129051	0.0750343014	0.0436933815	-0.0416163741	0.0604366775	-0.0923695167	0.0353879326	-0.0182293258	0.0192746512	0.1159309302	0.1322390278	-0.0098486923	-0.0842027253	0.0370342764	0.1241698954	0.0572638079	-0.0297994448	-0.0939519547	-0.0339903349	0.0511183088	-0.0113444226	0.0402789205	0.0857753057	0.0236839077	0.1621407593	-0.0668987293	-0.1407012893	0.0299553782	0.0906619189	-0.1394236742	-0.0014524537	-0.0919852789	0.035411018	0.0424090656	0.1333958018	0.0604816037	-0.2509566508	-0.0202415476	0.0248691273	0.1422396806	3.2918e-05	-0.1125367848	-0.0856763357	0.0140677025	-0.0308069942	-0.1632666274	-0.0360577957	0.0892651016	-0.1147739	0.015032609	0.042644799	-0.0007340889	0.0986582861	-0.0293189229	0.0450016776	-0.0178616893	-0.0969234764	0.1234677163	0.0569947464	-0.0453241474	0.0187901703	-0.0502353187	-0.0591069402	-0.0360114945	0.06081836	-0.0031291666	-0.126467524	0.0510863404	-0.0053865553	0.0577620887	0.1030423992	-0.1592960259	-0.0107032291	-0.168315772	-0.1064931746	-0.0892451595	0.1800064132	0.0832493919	-0.0121513442	0.0999909111	0.0712481357	-0.0523677827	0.098086326	-0.1560645598	-0.0983843027	0.1959824384	0.0471760174	-0.0218418496	0.0649965133	0.0139885363	-0.102091048	0.1175296115	0.08275628	0.0980543322	-0.1072553144	0.0929713282	-0.0123143373	0.0217365196	-0.0497927621	-0.0388925511	-0.0382366091	0.0056760141	0.0218952557	-0.0798704591	-0.0805245285	0.0337662044	-0.0046558609	-0.0746241693	-0.0555319407	-0.0082747373	-0.0878582825	-0.1404899069	-0.0394197551	-0.142596402	-0.0621109502	-0.1363955337	0.0321522683	-0.0010690703	0.1453646508	-0.0835618648	-0.0026818616	0.0873117978	-0.0100886	0.0005240999999999	2.746808099999995e-07	0.00010177984996	0.248146	-0.010144	0.061576437316	0.000102900736	0.24905	-0.0408	0.0620259024999999	0.00166464	0.00994522	6.342999999999974e-05	4.0233648999999665e-09	9.890740084839998e-05	0.00175965	0.00011377	3.0963681225e-06	1.2943612900000004e-08	-0.000327423	-0.000107303	1.0720582092900003e-07	1.1513933809000005e-08	0.0	0.0	0.0	0.0	0.0	0.0	0.0	0.0	0.0	0.0	0.0	0.0	0.0	0.0	0.0	0.0	0.0	0.0	0.0	0.0	0.0	0.0	0.0	0.0	0.0
296.27451969707107	-0.2482599690725351	87778.59102173016	0.061633012243896	332.9890216712828	-0.1052819529136854	110881.68855359804	0.0110842896093194	213.1501923807409	-0.3486359293098076	45433.00451194685	0.1215470112057131	213.3521376377455	398.5506430833542	0.8974999999999999	26.813744	0.28517002	0.160147	0.0540261819	0.0416488417	0.0605589948	-0.0240430812	-0.0292424054	-0.0119433093	-0.1306402606	-0.0079453337	0.0483578763	-0.0638436522	-0.0540232194	-0.0096093899	0.0895478897	0.1670290832	0.0631833412	0.0880556139	-0.0245134284	-0.0353705295	0.006585431	0.1029127743	0.0720446294	0.0159045259	-0.070574776	-0.0327933422	0.0697258472	-0.0973931013	-0.0031688917	0.0422312836	0.1407737439	-0.0279716344	-0.1090937957	-0.0448509424	0.0775693727	-0.0267783824	0.0880823303	-0.0269226023	-0.0766529042	-0.060908389	0.0495548929	0.0550399323	-6.86254e-05	0.1075492148	-0.0330132879	0.0168327935	0.0732041404	0.1275998094	-0.0420433183	0.0202137189	-0.1148330315	0.0052776395	-0.0757054801	-0.0404393824	0.160654021	-0.0074850543	-0.1788476933	0.0960031249	0.0485794701	-0.1375075055	0.10510866	-0.0114583725	0.022560581	-0.0697143281	0.0370776157	0.0684815221	0.0338417712	0.0005473437	0.066193524	-0.1071494823	-0.0034194455	0.0200695884	-0.0815463773	0.0646185337	0.0077077866	0.0563069889	0.0662509483	-0.186699068	0.0520522742	0.0773234143	0.0363301355	-0.0230448543	0.135974384	0.0370620108	-0.0237886696	0.0099104833	-0.0442041718	-0.0445561454	0.0106302933	0.0929245749	-0.0754591826	0.0508900112	0.0724417361	0.0330120521	-0.0187238532	-0.0323882779	0.0325677118	0.099526033	-0.1101782249	0.0193480687	0.1148422538	0.1736012908	-0.0090133861	0.1242056764	-0.0301296253	0.0557806308	-0.0821308501	-0.1381620344	0.0221136633	-0.1155295256	0.0437408902	0.031180439	-0.1180343036	-0.1151520731	-0.0482546822	-0.0207711445	-0.0434308636	-3.9452e-05	0.0696430071	-0.0853235884	-0.0597993911	0.073300209	0.012324097	0.0821368993	0.1265648059	0.1215646324	-0.0952287951	-0.1203316454	0.0762736924	-0.0392501237	0.0150866919	0.0959352041	-0.0854583468	0.0026818616	0.081623307	-0.00154643	0.00854217	7.29686683089e-05	2.3914457449e-06	0.339239	0.091093	0.115083099121	0.008297934649	0.38579	0.13674	0.1488339241	0.0186978276	0.010731	0.0007857799999999	6.174502083999997e-07	0.0001151543609999	0.00192427	0.00016462	3.7028150329e-06	2.7099744400000032e-08	-0.000301926	2.549700000000003e-05	9.1159309476e-08	6.500970090000016e-10	0.0	0.0	0.0	0.0	0.0	0.0	0.0	0.0	0.0	0.0	0.0	0.0	0.0	0.0	0.0	0.0	0.0	0.0	0.0	0.0	0.0	0.0	0.0	0.0	0.0
296.4532286055795	0.1787089085084403	87884.51675067199	0.0319368739802781	332.61410869329006	-0.3749129779927216	110632.14530183176	0.1405597410673709	213.2738508980796	0.123658517338697	45485.73547689628	0.0152914289104048	213.3585979921289	395.176794436585	0.7753179999999998	23.163424	0.184590692	0.0982165	0.0773061544	0.0821236014	-0.0058153774	-0.0232880265	-0.0860133855	0.0287471674	-0.0794932783	0.0963552297	-0.0296975705	-0.0452004411	0.0171758152	-0.0611977114	-0.0267415835	0.0956921106	-0.0334465481	0.0684175274	-0.086533715	-0.0191821803	-0.0217807747	0.0463724616	-0.0733466597	-0.0124552454	-0.1642204142	0.1351519172	-0.0008774721	0.0185233095	-0.0842039727	-0.1845125322	-0.0775833182	-0.0932516275	0.1020253596	0.0417857723	0.0157926087	-0.0077666426	-0.0193380939	0.1059864917	-0.0480679099	-0.0284404139	0.0359521624	0.0444838019	-0.1090303015	-0.0903165597	0.0144180992	-0.0727570233	0.0262268033	0.0095741975	-0.0057710141	-0.1273644257	-0.0277546395	-0.0101031731	-0.0711059057	-0.0714970827	0.0410897148	-0.0527356589	0.0368542067	0.0324248642	0.1299578702	-0.1035997535	-0.0049319818	0.0296149119	0.1196131408	0.0269758052	0.0067309766	0.1142667399	0.0109985646	0.0293042744	0.0630991402	0.0505856312	-0.0365429776	-0.1499584117	-0.1217675325	-0.0540505618	-0.118977191	-0.009012436	0.1726352369	0.131531987	0.0479282592	-0.1147836407	-0.0009250694	0.0078611887	-0.0304074829	0.0095096488	-0.1321571816	-0.0497376592	-0.0593866724	-0.0657012142	0.0423075992	0.0469218407	0.088675453	-0.0582083031	0.0769606617	-0.0318786599	0.089771438	0.0205153893	-0.075837626	0.0750646085	-0.0075723574	0.00588728	-0.0139238431	0.0388858676	0.0598998904	0.0956837822	0.0037185633	-0.0298887744	0.1231825638	-0.0557568073	0.0735666492	-0.0637282485	0.0521603217	-0.0381299482	-0.0705704568	-0.0627087295	0.0088819013	0.0369629319	-0.0008073269	0.0159941836	0.1253298823	-0.0643700724	-0.0208918848	0.0056342597	0.0699194265	-0.1830385212	0.0532286484	-0.0873749992	-0.103962042	-0.0820197177	-0.0377525604	-0.0180340529	-0.0275826527	0.0368657741	-0.0873117978	0.008040184	0.0755650422	-0.000444188	0.0011022419999999	1.2149374265639997e-06	1.97302979344e-07	0.26847	-0.070769	0.0720761408999999	0.005008251361	0.315024	-0.070766	0.099240120576	0.0050078267559999	0.0100099	-0.0007210999999999	5.199852099999983e-07	0.00010019809801	0.00191691	-7.360000000000092e-06	3.6745439481e-06	5.416960000000136e-11	-0.000191317	0.0001106089999999	3.6602194489e-08	1.2234350880999995e-08	0.0	0.0	0.0	0.0	0.0	0.0	0.0	0.0	0.0	0.0	0.0	0.0	0.0	0.0	0.0	0.0	0.0	0.0	0.0	0.0	0.0	0.0	0.0	0.0	0.0
296.4168455444065	-0.0363830611730122	87862.94632249654	0.0013237271403191	333.2393967935017	0.6252881002116624	111048.49557529688	0.3909852082663099	213.55522450706027	0.2813736089806866	45605.83391426092	0.0791711078308163	213.77941344147715	401.0030070292554	0.808304	24.148933	0.1010435964999999	0.051095	0.059681176	0.0438644941	0.0619042215	0.0300867866	-0.1097193987	-0.049778487	0.0289447107	-0.0007305042	0.0670124262	0.0596508694	0.0314526998	0.1306997383	-0.0168924427	0.1085672781	-0.0914991369	0.0812477085	0.0302279909	-0.0014801355	-0.0480817012	0.0246763382	-0.0324069825	-0.0878795913	-0.0313853014	-0.1253200586	0.026005895	-0.1421409019	-0.1064236314	-0.0105380757	-0.0512029245	-0.1497000225	0.0101137276	0.0627661391	-0.0344948206	-0.0768275956	-0.1229747492	0.0737079192	0.1074411299	-0.1115833295	-0.0283241944	-0.0443880443	0.2046834273	-0.0761135714	0.0809566843	0.0332330784	0.0608691456	-0.0165201014	-0.0716094751	4.75053e-05	-0.0836609962	-0.1290759092	0.0380564118	-0.0569995481	-0.0504803105	-0.0207888511	0.0971924568	-0.0612060187	0.066297983	0.001374127	0.0227009869	-0.0627014853	0.2283778161	0.0811166669	0.0772481937	0.0149027318	0.0205475778	0.029955682	0.0317866746	0.0418942157	-0.0754900302	0.1469805746	-0.1110634374	-0.0164605411	0.0163016543	0.1352662478	0.0610629722	0.003030498	0.1460055509	-0.0476259774	-0.0556495511	0.031797529	-0.0884019745	0.032849482	-0.1089004329	0.0129997105	0.1912805708	0.088210411	-0.0618251879	-0.0749200446	-0.1490430098	0.098909222	-0.0077883741	0.058554356	0.05484209	0.0265536773	0.061904404	0.0100043312	0.118952326	-0.0474175994	0.0780669104	0.0540120866	0.0240923161	0.0427763169	0.0828637733	-0.0720262617	0.130805894	0.0057201096	0.1128880381	-0.0075271576	0.0169365728	0.0429247508	-0.0185889806	-0.0216902274	0.0182018433	-0.0463687247	-0.0195553657	0.0910549267	0.0950468893	-0.1426564971	-0.0738902685	-0.1008960862	-0.0408304597	0.0202608957	0.0711759832	-0.0764528148	-0.0417525907	-0.0698635534	0.023328378	-0.1249838452	-0.025245358	0.0409261457	-0.0891212848	0.0133823145	0.0691644489	-0.0096632	-0.009219012	8.499018225614401e-05	9.337743424e-05	0.253188	-0.0152819999999999	0.064104163344	0.0002335395239999	0.281403	-0.033621	0.079187648409	0.001130371641	0.0104813	0.0004714	2.2221796000000026e-07	0.00010985764969	0.00212162	0.0002047099999999	4.5012714244e-06	4.1906184099999946e-08	-8.99531e-06	0.00018232169	8.091560199610001e-11	3.32411986444561e-08	0.0	0.0	0.0	0.0	0.0	0.0	0.0	0.0	0.0	0.0	0.0	0.0	0.0	0.0	0.0	0.0	0.0	0.0	0.0	0.0	0.0	0.0	0.0	0.0	0.0
296.2524781229664	-0.1643674214400903	87765.5307939987	0.0270166492308642	332.7484961066927	-0.4909006868090273	110721.56166126567	0.2409834843095747	213.3753188935337	-0.1799056135265857	45529.02671291719	0.0323660297783772	213.44988096317653	394.017366425389	0.990637	29.596325	0.2553866244999999	0.137211	0.0892859572	0.0899986058	-0.0156928909	-0.0760482089	-0.0283116536	-0.01475792	-0.0880433418	0.1249357891	0.0270052266	-0.0261858058	-0.015739866	-0.1160835258	-0.1735581494	0.0961937966	-0.0074559495	0.0349567988	-0.07183735	-0.064061519	0.0458493843	0.0568731299	-0.0274688246	-0.0668388715	-0.2001957756	0.0182144734	0.0509180985	-0.0215060453	-0.0837236218	0.0176166811	0.0859111187	-0.0620430776	-0.0055969345	-0.1280794555	0.0657041028	0.0241025722	-0.1648722004	0.2017414243	0.0072090697	0.1175921398	0.1116584709	0.009955025	-0.0220924006	0.0049364179	0.0373496308	-0.0377883818	-0.1130904861	-0.099434483	-0.0803546892	0.202814995	0.1126776496	0.112641737	0.0450651157	0.0650108286	0.0404604555	-0.1594838309	-0.071699794	-0.0440278399	0.0043310357	-0.0733900556	-0.1182394997	0.0836525326	0.1431017778	-0.0040830261	0.0004643836	0.100547531	0.0158948792	-0.0642199283	0.0465382177	-0.0080796637	-0.0812295821	-0.1217202522	-0.1842629058	0.0064081989	-0.0233972732	0.0568959298	0.0284616817	-0.0172284639	-0.0187636779	-0.0042449119	0.0172166376	-0.2224522609	-0.1197114982	0.1385631241	-0.0880431215	-0.07576565	-0.0370055834	-0.008626739	0.012168007	-0.0812471872	0.0284036644	-0.0350246819	-0.0350282741	-0.0813143349	-0.0288770702	-0.0785619971	0.1390968673	-0.0953936272	-0.1535166821	-0.0100010347	0.0026972136	-0.0588855619	-0.186664789	0.1726134155	0.122688069	-0.1109500791	-0.039213709	-0.0641980547	0.0500455912	-0.089805937	0.0774009167	-0.0629149341	-0.1210806587	-0.070955487	-0.0968391466	-0.0191260162	0.0830900203	-0.0424131245	0.0647407718	0.0805284584	0.0633577685	0.0683658814	-0.0671727056	-0.0606052189	-0.0106439762	-0.0495135194	-0.1572898029	-0.0412638009	0.0474614367	0.0371849261	0.0075301169	-0.0665488523	-0.0908858965	0.0186974948	0.0624505233	-0.00847426	0.0011889399999999	1.413578323599999e-06	7.181308254760002e-05	0.349908	0.0967199999999999	0.1224356084639999	0.0093547583999999	0.377979	0.096576	0.142868124441	0.009326923776	0.0109863	0.0005049999999999	2.550249999999985e-07	0.0001206987876899	0.00151534	-0.0006062799999999	2.2962553156e-06	3.675754383999998e-07	-0.000115749	-0.00010675369	1.3397831001e-08	1.13963503286161e-08	0.0	0.0	0.0	0.0	0.0	0.0	0.0	0.0	0.0	0.0	0.0	0.0	0.0	0.0	0.0	0.0	0.0	0.0	0.0	0.0	0.0	0.0	0.0	0.0	0.0
297.04531291563603	0.7928347926696233	88235.91792514813	0.6285870084674846	332.98544077439743	0.2369446677047335	110879.30376771974	0.0561427755537066	213.6167291868601	0.2414102933264246	45632.106988492334	0.0582789297239503	213.78637223078783	398.8569629597048	1.062422	31.740953	0.3597650899999999	0.212166	0.0954530612	0.066364511	0.0493453265	0.0472433842	-0.1286271069	-0.0886720721	0.0402975336	-0.0694236821	0.0346107201	0.0587455527	-0.1540547564	-0.0095344171	0.0381034591	-0.0582757185	-0.1572479446	0.0428113591	-0.0454182047	0.0168893165	-0.0705618545	-0.1249219595	0.1593400162	0.1440907081	0.0146265578	-0.1376450172	0.0422383878	0.0012190523	0.0475812418	-0.0435213781	-0.0286087005	-0.1644418532	0.124885684	-0.0607054437	-0.0272024926	-0.0959102662	0.0121594155	0.0665324779	0.017912285	-0.0152558414	-0.1082885963	0.0336785409	0.0590995441	0.1098544989	-0.1250318064	-0.110844116	-0.0886407209	0.1474697328	-0.1376869003	0.0968699147	0.0126695475	0.0466737481	-0.0477227917	-0.0361021114	-0.0381294933	0.0323013506	0.0450985741	0.1050390086	0.0191417957	-0.0769292924	0.1270647666	-0.0517034031	-0.0711454552	0.1497627636	0.0637085959	0.0412488609	-0.0080585805	0.061049296	-0.1755266267	-0.0885974155	0.1441296296	0.0873812406	-0.039408416	0.0158354185	0.0355895311	-0.0178662356	0.009700889	-0.0294379748	0.0835595116	-0.1239201547	0.1392578806	-0.0318476644	0.0251726999	-0.0262554033	-0.0803754084	-0.01000264	0.0825147291	-0.0586336652	-0.1667604871	0.0956124985	-0.0144133724	0.0665453448	-0.075679472	-0.1217725053	-0.0064735594	-0.2546690989	-0.0028425107	-0.027391202	-0.0567386013	-0.0417896197	0.0411060952	-0.0889432412	0.0039193811	-0.0474168413	-0.0464309357	0.1306799573	0.0672506937	-0.1018437379	0.171804734	0.0547071505	0.0016707099	0.052693688	0.0228126111	-0.0155279208	0.037433662	0.0181404103	-0.1287023947	-0.0387320661	-0.0195735792	0.0319988596	-0.0097353516	-0.1880348025	-0.0150350327	-0.038145774	-0.0479378264	-0.0163152931	-0.0782461008	-0.0998917211	-0.1176075831	-0.0358546786	0.0193690094	0.0264322689	-0.0926047444	0.0239750208	0.0554536812	-0.0232513	-0.0147770399999999	0.0002183609111615	0.00054062295169	0.201349	-0.148559	0.040541419801	0.022069776481	0.223992	-0.153987	0.050172416064	0.023711996169	0.010632	-0.0003542999999999	1.2552848999999885e-07	0.000113039424	0.00193714	0.0004217999999999	3.7525113796e-06	1.7791523999999999e-07	-4.3008e-05	7.2741e-05	1.8496880639999999e-09	5.291253081e-09	0.0	0.0	0.0	0.0	0.0	0.0	0.0	0.0	0.0	0.0	0.0	0.0	0.0	0.0	0.0	0.0	0.0	0.0	0.0	0.0	0.0	0.0	0.0	0.0	0.0
296.76331259420607	-0.2820003214299618	88068.46370188647	0.0795241812866017	333.69980074832966	0.7143599739322326	111355.55701947492	0.51031017235646	213.6413296058478	0.0246004189876885	45642.6177157545	0.0006051806143698	213.7554024703962	401.1286891123843	0.8419609999999998	25.154463	0.13928125	0.0813283999999999	0.0391011583	0.1490784734	-0.0139216966	0.0304517125	-0.0969622261	-0.115377438	0.0400309495	0.0442971471	-0.021714015	-0.0082517635	-0.0065107791	-0.1113905714	0.0785033347	-0.0193109145	-0.131258019	0.0157153443	-0.0604246033	0.0614626914	0.0578441453	-0.0201237646	0.0434383908	-0.0408966219	0.0663729464	0.0025520037	-0.0033080925	-0.0369489551	0.0147995511	0.0065722183	-0.0962180319	0.0141598706	0.0637860488	0.0252091251	-0.0038077044	0.0247588821	0.0246159395	-0.0533007539	-0.0527045644	-0.1356301938	0.0663101217	-0.0372374001	-0.0699703466	0.0026754984	-0.0291194086	-0.0592225679	-0.065994859	-0.0160434042	-0.0525804971	-0.047924447	-0.1545860428	-0.114539193	-0.0692669221	-0.0764687493	-0.0384783692	-0.0474199646	0.0919771235	-0.2128608377	0.1432471722	0.0222045963	-0.0163593626	0.0731559751	-0.0947100837	0.127522265	0.0335022326	0.0461052293	-0.0865784855	-0.0300016512	-0.0264322111	-0.0162363312	-0.0270096265	-0.008656688	0.0700814473	0.032179602	0.0663496201	0.0134303431	0.0015967672	0.0363286573	-0.0298553841	-0.0798855608	0.0042595374	0.1006885424	0.0423677268	0.0587323579	-0.0274619289	0.0531343866	-0.0570777891	0.0476193966	-0.0750131664	-0.0051524276	0.0537336306	-0.0777384682	0.0206704342	-0.0265764741	0.045658922	-0.0770651266	-0.0755313021	0.0892903632	0.1619993797	-0.0146289424	0.0758909181	-0.0038748084	0.0309482454	-0.0223987441	-0.1011667653	-0.2546025285	0.091911505	0.1345604608	0.1460044547	0.0235574509	-0.0017832342	-0.0828926531	0.0068054064	0.0225895179	0.0730933234	0.0273471065	0.0584902075	-0.1349912482	0.1005422066	0.0635373232	-0.1116541059	-0.1133531525	0.0742512423	-0.0361706317	-0.0006073674	-0.0234124012	-0.0147797638	0.0664694134	0.0137855348	-0.0862611493	0.1022351405	0.0368506972	-0.094276963	0.0292042644	0.0482056202	0.00351515	0.0267664499999999	0.0007164428456024	1.2356279522499998e-05	0.273808	0.072459	0.074970820864	0.0052503066809999	0.209527	-0.014465	0.043901563729	0.000209236225	0.0104903	-0.0001417	2.0078890000000442e-08	0.0001100463940899	0.00176861	-0.0001685299999999	3.1279813321000003e-06	2.8402360899999953e-08	0.000158578	0.000201586	2.5146982084000004e-08	4.0636915396e-08	0.0	0.0	0.0	0.0	0.0	0.0	0.0	0.0	0.0	0.0	0.0	0.0	0.0	0.0	0.0	0.0	0.0	0.0	0.0	0.0	0.0	0.0	0.0	0.0	0.0
296.2656209990512	-0.4976915951548903	87773.31818595344	0.2476969238878193	333.49883031767683	-0.2009704306528306	111221.4698232586	0.0403891139967841	213.28364657408355	-0.3576830317642532	45489.91389593858	0.1279371512120677	213.53635331824088	399.63856552749417	0.963449	28.784029	0.15025379	0.0780637	0.0854516048	0.0716523403	0.1154306451	0.073899535	-0.1001273443	-0.1191672598	-0.0450169135	-0.1205973139	0.0372908142	-0.0197911951	-0.0318072038	-0.0607728156	0.0170680397	-0.0695296246	-0.0944493038	0.1444804476	0.0579448685	-0.0492681223	-0.0511093136	-0.1029107228	0.1078487738	0.0262237743	0.0790025564	0.0099426901	0.0253045701	-0.1100278667	0.0456691253	0.0878134624	-0.1321557608	-0.0557807931	-0.0893438977	0.0463161448	-0.0161523602	0.0793782487	0.1109095596	-0.0370243247	-0.0318512371	-0.1050051406	0.1798498401	0.158557017	-0.1852468408	-0.0600458019	0.2020147048	-0.0281954754	-0.0312982139	-0.0822675499	0.0229756466	0.0554188155	-0.0718169375	-2.17109e-05	0.0588810056	0.0293221854	-0.0439703401	0.0120369036	0.0424178712	0.087176582	-0.1058111934	-0.0261545437	-0.0006090318	-0.0751941613	-0.0667446345	0.0730243602	0.1717353136	0.0251266633	0.0817472009	0.0317476718	-0.1380281567	-0.0676412381	0.0184862213	0.0173721081	0.05895499	0.0747807692	0.1303039389	0.1133071531	-0.0787288665	0.0468241749	0.1330477257	0.0222273912	-0.0329231182	0.0862032167	8.94993e-05	0.0676018335	-0.001992784	0.1174874749	-0.1613426194	0.0833340246	0.1137721357	0.067998324	0.0040597163	-0.2375508645	0.0984061262	-0.0349311241	0.085659937	0.0265761349	0.0918086825	-0.0774977024	0.0547982358	0.0409582876	0.0919644029	-0.0032162547	-0.005326055	-0.0338926835	-0.0646553866	0.0795209734	-0.0082716437	-0.1017693917	0.1283069747	-0.0393692348	-0.0259258793	0.1200106722	0.008819167	-0.0217916233	0.0906487619	0.1081234901	-0.0812279987	0.0093374104	0.0842747892	-0.0091377709	0.0373049106	-0.1206528474	-0.1146227967	0.0678507091	0.069774577	-0.0258047321	-0.0422345268	-0.0181107691	0.0884522026	-0.0211477606	0.0928923191	0.0316920867	-0.0959017104	0.0343746944	0.0407391756	0.00678854	0.00327339	1.07150820921e-05	4.60842753316e-05	0.294167	0.020359	0.086534223889	0.000414488881	0.281367	0.0718399999999999	0.0791673886889999	0.0051609855999999	0.0109048	0.0004144999999999	1.7181024999999998e-07	0.0001189146630399	0.00147781	-0.0002908	2.1839223961e-06	8.456464000000007e-08	0.000548906	0.000390328	3.012977968360001e-07	1.52355947584e-07	0.0	0.0	0.0	0.0	0.0	0.0	0.0	0.0	0.0	0.0	0.0	0.0	0.0	0.0	0.0	0.0	0.0	0.0	0.0	0.0	0.0	0.0	0.0	0.0	0.0
295.8981977780816	-0.367423220969556	87555.7434483167	0.1349998233076432	332.7149460377631	-0.7838842799137069	110699.23531691162	0.6144745642958308	213.41744966301687	0.1338030889333765	45547.00782066636	0.017903266608113	213.54660852287984	394.1990999396248	0.931359	27.825321	0.10551014	0.0663119	0.0937167569	0.1355689183	-0.0307234394	0.0003289602	-0.1423310728	-0.0653598349	0.0401898396	0.0577744	-0.0317478329	-0.0546241236	0.0437145443	-0.0135201285	0.0187623889	-0.0608817475	-0.143907468	0.0375302985	-0.0666181759	0.0062199974	-0.0710196332	-0.004441035	0.0083954902	-0.0972613828	0.025767485	0.12104957	0.0350742717	-0.0213292767	0.0616059992	0.0202264402	-0.0487338221	0.061918286	-0.0623301465	0.0456640344	-0.0060164499	0.0097975246	0.1615120042	0.1628003359	0.13094091	-0.0405570621	0.0242340375	0.1129213496	0.0332499158	0.0261364361	0.1844148815	-0.0594669105	-0.0580031565	0.081901179	0.0729644173	0.0028339923	-0.0234562471	0.0243412356	-0.0043255893	-0.0548934293	-0.0876252848	0.0947790026	-0.072432377	-0.0186373446	0.1806247017	-0.1178652347	0.0246192808	0.1270336945	0.0323136158	0.1483902474	0.0187040379	0.0743386929	-0.0096443634	0.0661735189	-0.0003724634	0.013818336	-0.0810895552	-0.0598437565	0.0570501046	0.0527950778	0.0551840925	0.0182129744	-0.0724301091	0.0587550326	0.0120860622	0.0087904632	-0.0804898327	-0.0823546181	0.0096584346	-0.1710845008	-0.1280883802	0.1250865003	-0.0632625302	-0.0041755749	0.0855235792	0.0934181475	-0.1747015267	-0.0506833731	0.1402851954	-0.1056288768	-0.009403442	-0.0365704502	-0.0730940477	0.0161292134	-0.0122772943	0.0394300251	0.0552429586	-0.0231272936	0.111467976	0.0452821513	0.1219460886	-0.1078907282	-0.0165557655	-0.1194202619	0.1560222591	0.029272972	0.0335563083	-0.0420821507	0.0082308629	0.0638908527	0.0360897891	0.0033722879	0.1028204141	0.0458015909	0.0260939302	0.0534209431	-0.0530639015	-0.1205019095	-0.0953991254	0.033851405	0.0152840766	-0.1512755926	-0.0493517118	0.0695217253	-0.0310376433	-0.0415004672	0.0439197598	-0.0864471869	-0.0974781683	0.0394758984	0.0330881723	0.00323765	-0.00355089	1.2608819792100002e-05	1.04823775225e-05	0.269666	-0.0245009999999999	0.072719751556	0.0006002990009999	0.222448	-0.0589189999999999	0.049483112704	0.0034714485609999	0.0110212	0.0001164	1.3548960000000203e-08	0.00012146684944	0.00138861	-8.92e-05	1.9282377321e-06	7.95664e-09	0.000383721	-0.000165185	1.47241805841e-07	2.7286084225000013e-08	0.0	0.0	0.0	0.0	0.0	0.0	0.0	0.0	0.0	0.0	0.0	0.0	0.0	0.0	0.0	0.0	0.0	0.0	0.0	0.0	0.0	0.0	0.0	0.0	0.0
295.27223166417446	-0.6259661139071682	87185.6907919419	0.3918335757600418	332.80770781442715	0.0927617766640196	110760.9703806931	0.0086047472098654	212.7936654896136	-0.6237841734033225	45281.14407250557	0.3891066949884663	213.0920316680943	399.2344136145722	1.001652	29.925394	0.35022367	0.179587	0.0246299401	0.0781861147	0.1343871337	0.0218756748	-0.084956114	-0.1080559289	-0.0278405232	-0.0702629731	0.0067602056	-0.0864289435	0.0144504328	0.0637925355	-0.0774042708	-0.037967685	-0.0228907843	0.1442904247	0.0153890395	0.0135776021	-0.11698808	-0.0107958208	0.0262908944	-0.0426420656	0.0174307279	0.0097711607	0.0768419661	-0.0766887858	-0.0180007628	-0.0263620518	-0.0605001294	-0.2020490778	-0.0100053554	-0.0444183108	-0.0449046418	0.0027671775	0.0228155055	-0.0830382365	0.0537755784	0.0542323568	0.0604756315	-0.1470216189	-0.059447664	0.0140903953	-0.0791041986	0.0580060805	0.1586446966	-0.1673318889	0.0815078201	-0.0560288202	0.0744580549	-0.0909510265	0.0259124702	0.0695756802	-0.0407394266	-0.07303951	0.1105044096	0.0475547042	0.0358697379	0.0143953392	0.0718642242	-0.0225731598	-0.1426283874	0.0244661372	0.1294587151	0.0362409306	0.0331270998	0.1297601082	-0.0350963044	-0.0149906302	-0.0614183856	0.037691637	0.0055888165	0.0581566279	0.0154278033	0.1210074282	0.0525486512	0.0109178686	0.2069143003	0.0051227439	0.1014805792	-0.0149566962	-0.0239317662	-0.0443199328	0.0874342156	0.0057242053	0.0190026124	0.1008993864	-0.0447035008	-0.0737540488	0.0912103174	0.0314663542	-0.071087322	0.0921513771	0.0257147755	0.1924148377	0.0633651757	0.0798447563	0.0769563592	0.1013325524	-0.09797237	-0.0836650663	-0.0636134502	-0.0511255128	-0.0680534143	0.0382167108	0.1199121517	0.0148833394	0.1072917424	-0.0337320259	-0.0722849395	0.0819823362	-0.0553811313	-0.0254717937	0.0230060287	0.0540037087	0.0081991935	0.048474132	-0.0172217533	-0.1335972032	0.0370743445	-0.0511436174	-0.1341355041	0.1473976332	0.0607910309	-0.0562355462	0.0592392669	0.0305689988	-0.0118976956	-0.0422099978	0.0282110371	0.0282245774	-0.0990055431	0.0444976032	0.0252872714	-0.00115117	-0.00438882	1.92617409924e-05	1.3251923689e-06	0.357103	0.0874369999999999	0.127522552609	0.0076452289689999	0.37075	0.148302	0.1374555625	0.021993483204	0.012994	0.0019728	3.891939840000001e-06	0.000168844036	0.00140624	1.7630000000000033e-05	1.9775109376e-06	3.1081690000000115e-10	0.000595208	0.0002114869999999	3.54272563264e-07	4.4726751168999985e-08	0.0	0.0	0.0	0.0	0.0	0.0	0.0	0.0	0.0	0.0	0.0	0.0	0.0	0.0	0.0	0.0	0.0	0.0	0.0	0.0	0.0	0.0	0.0	0.0	0.0
295.4424917743268	0.1702601101523555	87286.26594582316	0.0289885051090922	330.7294545452316	-2.0782532691955566	109381.9721037864	4.319136650922019	212.68094551326425	-0.1127199763493536	45233.18458441608	0.0127057930681988	212.6811485826992	390.087421936334	1.560631	46.625465	0.5122685199999999	0.304534	0.0304374816	-0.0043517556	-0.0948469716	-0.1524102508	0.0784448885	0.1298040219	-0.1449205177	0.1428959996	-0.0023072674	-0.1408060476	-0.0072136938	-0.0882691055	-0.1122104913	0.1458538996	0.1696887262	-0.0289685598	-0.1280395793	-0.0667836799	0.0290404228	0.1660456869	-0.0245702509	0.0010737618	-0.1498347826	-0.0048108794	0.1613290483	-0.0778125803	-0.0272113435	0.0193436437	0.1799679005	0.0846082165	0.0630132565	-0.0523783204	-0.067586004	0.0808235241	-0.173231456	0.0280069369	-0.0633934773	0.0622078432	-0.0089905329	-0.0916113125	-0.1007031061	-0.0642583623	0.1093383164	0.0448502516	-0.1125813217	-0.0054514497	-0.0581461992	0.0341623788	-0.1136621133	-0.0611367561	-0.1341923932	0.1692622288	-0.0374237564	0.0430562742	0.0549893996	-0.0380476009	0.0404078673	-0.053673028	0.0122244959	0.0386331117	-0.0778647255	-0.1625729231	-0.1286059669	0.1136920642	0.025409082	-0.0202730733	0.147180037	-0.044388069	-0.0133089806	-0.1203706506	-0.164643528	0.1615305165	0.0159850258	-0.0049413638	0.0385811838	-0.1581058372	-0.1303006493	-0.0391181416	-0.0197931433	-0.0423520767	-0.1807434938	0.0814270453	0.0141954072	-0.0504489537	0.0396107269	0.0270423737	0.0447162303	-0.1740619465	0.0641036156	-0.0817568017	0.0976777161	0.0093343872	-0.0632498005	-0.0828140363	0.0571543666	0.1593985551	0.0100933066	-0.0599493909	0.0768086072	0.0120700223	-0.0139595615	-0.1124452326	-0.0334975759	-0.0684560915	0.0212550104	-0.0855966754	-0.1283347219	-0.1157235869	0.1403507983	-0.0988280993	-0.173049504	-0.1602208617	-0.172207164	-0.1309891374	0.1090635713	-0.0940261491	0.1264397445	0.0331219279	0.0485561239	0.1618417977	-0.0245745293	0.0384265661	-0.0775657015	-0.0128112366	0.0200953403	-0.0738293046	-0.0119678017	0.1768420797	0.052552892	-0.1104775628	-0.1004830656	0.0494296957	0.0173718128	0.0400404	0.04119157	0.0016967454390648	0.0016032336321599	0.542419	0.1853159999999999	0.294218371561	0.0343420198559999	0.617128	0.2463779999999999	0.380846968384	0.0607021188839999	0.0136873	0.0006932999999999	4.806648899999988e-07	0.0001873421812899	0.00143675	3.051000000000009e-05	2.0642505625000005e-06	9.308601000000051e-10	0.000531359	-6.384899999999994e-05	2.82342386881e-07	4.076694800999992e-09	0.0	0.0	0.0	0.0	0.0	0.0	0.0	0.0	0.0	0.0	0.0	0.0	0.0	0.0	1.0	0.0	0.0	0.0	0.0	0.0	0.0	0.0	0.0	0.0	0.0
297.2837120437445	1.841220269417704	88377.60544650801	3.390092080514602	331.3250745178817	0.5956199726501268	109776.30500427989	0.3547631518197378	213.4130022904731	0.7320567772088395	45545.109546633474	0.5359071250573926	213.5390079256157	402.34703721871927	1.596621	47.700699	0.5965358000000001	0.34082	0.0401411982	0.1088171824	0.1161043058	0.0377163837	-0.0775323591	-0.1034155043	-0.0312282512	-0.0283136416	0.0433525358	0.09944784	-0.1520081695	0.0020500836	-0.0952801045	-0.0762548363	-0.120812294	0.1237126453	0.0049901947	0.061300563	-0.005970818	-0.0658641684	0.0492370435	0.2521292672	-0.1148690158	0.0295164231	0.0209774437	-0.0109173731	-0.0658996498	-0.0540108613	0.0806795643	0.0544487729	0.0522237335	0.1313757769	-0.0629490079	0.0486142334	-0.0709836608	-0.146453958	-0.0661063324	0.0884269059	0.0399256208	0.0476300515	0.0988804267	0.057470742	-0.0410504654	-0.0015000389	0.0576877965	-0.1227641675	-0.0155047128	-0.0139706586	-0.016842138	-0.0105456045	0.0569571924	-0.1532225744	0.1190036394	0.022037695	-0.0168601469	-0.0579598405	-0.0223229854	0.0256640912	-0.0138446028	0.2563356155	0.0751969818	0.0949934929	0.1306538971	0.0415960211	-0.026583266	0.0155373236	-0.0894751096	-0.0450382927	0.2289932541	-0.0893533964	-0.1155419295	-0.0361949026	-0.090463185	-0.0270602648	0.104277537	-0.055053232	-0.015564957	-0.02716356	-0.0775878603	0.0773620506	-0.0659515122	-0.0409372958	0.131366351	-0.1088024205	-0.0187168626	-0.0083565581	0.0070553761	0.0193130677	-0.0559054035	0.0789965941	-0.0740826023	0.0771726354	0.0873575002	0.0116976809	0.0576823972	-0.0046800362	-0.0618188752	0.0869485446	-0.023313059	0.120992692	0.0752923579	0.1077176228	-0.0998513601	-0.1835121291	-0.1211961986	-0.0706549422	0.1554885341	-0.0263114409	-0.0665773248	0.070078615	-0.0549976094	-0.0590269868	0.0949976495	0.1271842259	-0.0561918633	-0.0149543478	-0.1000332454	-0.012014245	0.120687367	-0.0312402494	0.0837393617	0.038258574	0.0097270267	0.1755878151	-0.0570962495	-0.2154490321	-0.1810024372	0.0799794662	-0.0489333273	-0.1235522354	-0.1019099918	0.0542622434	0.0093776556	0.00906945	-0.0309709499999999	0.0009591997439024	8.22549233025e-05	0.278468	-0.263951	0.077544427024	0.069670130401	0.391021	-0.226107	0.152897422441	0.051124375449	0.0126122	-0.0010750999999999	1.1558400099999978e-06	0.00015906758884	0.00174872	0.0003119699999999	3.0580216384e-06	9.732528089999997e-08	0.000408292	-0.000123067	1.66702357264e-07	1.5145486489000012e-08	0.0	0.0	0.0	0.0	0.0	0.0	0.0	0.0	0.0	0.0	0.0	0.0	0.0	0.0	0.0	1.0	0.0	0.0	0.0	0.0	0.0	0.0	0.0	0.0	0.0
297.93749000319355	0.6537779594490303	88766.74794940306	0.4274256202613379	334.75154692011995	3.4264724022382325	112058.59816541326	11.740713123300244	214.043566735375	0.6305644449019212	45814.64846080093	0.397611519174468	214.080411620305	404.50239506531966	1.114558	33.298576	0.1809001799999999	0.118739	0.1006694511	0.0944292508	-0.0034197157	-0.0251125488	-0.186121735	-0.030664887	0.1014392211	0.0593387314	0.0837792319	0.0643976672	0.1300836484	-0.0557044296	0.1272674739	0.0998698289	-0.2177226425	-0.0162662984	-0.0446108122	-0.0083136745	0.111548807	-0.0108770321	-0.0404482591	0.0845605291	-0.0529126922	-0.1092343941	0.0383059952	-0.007433617	-0.0319194252	0.2248690931	0.0772115906	0.2196884235	0.0885477688	-0.097881333	-0.0157658915	0.04564085	-0.0029727987	0.1164379663	0.0552494907	0.02959755	-0.0301998424	-0.033876534	-0.0015071395	-0.021328374	-0.0408726701	0.0384603185	-0.0282906016	0.1172295505	0.0038994568	0.0488663513	-0.0501263601	0.0099993364	0.0036464776	-0.0075424981	-0.0595940785	-0.0037796791	0.0006971507	0.1276616177	0.0719545345	0.067043297	0.015260618	-0.0444825337	-0.0115501702	0.2145027099	-0.0093358959	0.0620948914	-0.0322435929	-0.1157582738	0.0248443131	0.0524981683	0.0946359672	0.0367399879	-0.089338822	-0.0162319179	-0.0174343179	0.073673057	-0.1565193263	-0.1316767007	-0.257273941	-0.0844807068	-0.0363165204	-0.0982993013	-0.0186988065	-0.0095018931	-0.037100992	0.0716792473	-0.0154711774	-0.0182376622	0.0285860656	-0.0534865118	-0.0212274004	0.0896160433	0.0353537927	0.0358700916	-0.1010527529	-0.0549139682	-0.0224681993	0.0419166774	-0.0318156576	0.073950325	0.1148065166	-0.0838791667	0.0452830639	0.0002267733	0.0154603671	0.0676895011	0.0277164317	0.0193130844	0.1712366148	0.0667078416	0.0515338826	-0.0480231629	-0.0618061612	0.056210485	0.0139335543	-0.1642824383	0.0920909559	-0.090097094	-0.0206791638	-0.0256855584	0.0113767378	-0.0208131432	-0.041230453	-0.1511668216	-0.0456404226	0.0711178095	-0.0016635577	0.1327604247	-0.0197504962	-0.0879101111	0.0453253528	-0.0640296419	-0.1032856033	0.0589855141	0.0013410152	-0.00703528	-0.0161047299999999	0.0002593623283728	4.949516467839999e-05	0.284055	0.005587	0.080687243025	3.1214569000000094e-05	0.305016	-0.086005	0.093034760256	0.0073968600249999	0.0139035	0.0012912999999999	1.6674556899999967e-06	0.0001933073122499	0.00190783	0.0001591099999999	3.6398153089e-06	2.5315992099999956e-08	0.000394633	-1.3659000000000013e-05	1.5573520468899998e-07	1.8656828100000035e-10	0.0	0.0	0.0	0.0	0.0	0.0	0.0	0.0	0.0	0.0	0.0	0.0	0.0	0.0	0.0	0.0	0.0	0.0	0.0	0.0	0.0	0.0	0.0	0.0	0.0
296.4457470041024	-1.4917429990911728	87880.08091682027	2.2252971753375266	333.4914983394858	-1.260048580634134	111216.57946471528	1.5877224255580955	213.60938212097875	-0.4341846143962584	45628.96813010632	0.1885162793784276	213.8090985717541	406.66205806133934	1.099798	32.857605	0.34475383	0.208496	-0.0149901041	0.087458158	0.0921408254	-0.0095613316	-0.0202505384	-0.1274478057	-0.0194088934	0.0034763748	0.039327822	0.0579152016	0.1496456791	-0.1139348597	-0.0187598478	0.1158872908	-0.0981897607	0.048444155	0.0290405302	0.0521416828	0.1922753052	-0.0726127473	-0.0826014206	-0.0655044483	-0.0570627408	0.0251378025	-0.0524365564	-0.0356453556	0.0934450212	-0.0327767882	0.0721463125	-0.0142880933	-0.0141695864	-0.0631222796	-0.0467818548	-0.020930718	0.0104613727	-0.0156132414	-0.1818275937	0.0519203021	-0.0557840124	0.0357502593	0.0055825008	-0.0220746098	0.0115067434	-0.0573987745	0.0622463586	-0.1001784531	-0.0262466339	0.029040834	0.0593231681	0.2281726682	0.0641551005	0.1478942769	0.1937413433	-0.0311217932	-0.0127017548	0.129490003	-0.0714684969	-0.0145608339	-0.0035345716	-0.0380015861	-0.051661119	0.0713669212	0.099803254	0.006041925	-0.0810977695	-0.1659767142	-0.0213995634	0.1089967928	-0.0587477639	-0.0480170131	-0.0153548147	-0.0390474187	0.0394541679	-0.0670745067	0.0213001156	-0.0783679215	0.0245424653	0.0360256374	0.1069728551	0.0645438992	-0.032629622	0.0258296304	0.0239703219	-0.0713390661	-0.013526593	-0.1293472972	0.0809229244	-0.0266709261	0.0036023508	-0.0521772668	-0.0465721698	0.0308694279	0.0942588011	0.0613041967	0.0345256431	-0.0920378275	-0.2404852905	0.0112499583	-0.0037629321	0.0466302373	-0.2169273425	-0.0554805185	-0.0227658312	0.1436179555	-0.0783039273	-0.0356056768	0.0880844636	-0.0502267856	-0.0519747937	0.0160143625	-0.0877292362	-0.0786135976	0.0175017907	0.0587590984	0.1113243644	0.014046355	0.01622315	-0.154220448	0.0705374995	0.0210947682	0.0149812683	0.0054202084	0.0216962476	0.0974055548	-0.0093851298	0.0958448283	0.2451705763	0.1551585344	0.0091212012	-0.0176549044	-0.1046092073	0.0635899959	-0.0067017003	0.0142239	0.02125918	0.0004519527342724	0.0002023193312099	0.394975	0.11092	0.156005250625	0.0123032464	0.482471	0.1774549999999999	0.2327782658409999	0.0314902770249999	0.0141935	0.00029	8.410000000000019e-08	0.0002014554422499	0.0015669	-0.0003409299999999	2.45517561e-06	1.1623326489999997e-07	0.000466096	7.146300000000002e-05	2.17245481216e-07	5.106960369000001e-09	0.0	0.0	0.0	0.0	0.0	0.0	0.0	0.0	0.0	0.0	0.0	0.0	0.0	0.0	0.0	0.0	0.0	0.0	0.0	0.0	0.0	0.0	0.0	0.0	0.0
295.71681387328044	-0.7289331308219289	87448.43400736438	0.5313435092098593	333.1654417754768	-0.3260565640090362	110999.2115934486	0.1063128829333787	213.5061380136881	-0.1032441072906635	45584.87096952002	0.010659345690246	213.6605390442138	397.5736367221122	1.045575	31.237637	0.314412385	0.174449	0.1303196209	0.0677642187	0.041052522	-0.033175786	-0.1740053272	-0.0851466342	0.0619795573	0.0040917839	0.1159045079	0.0031785689	0.0858740774	0.0191998979	-0.1199367804	0.0542646385	-0.2212385173	0.0387584791	0.014658879	-0.0164092652	0.0137505744	0.044090832	-0.056003305	-0.1890321482	-0.0293663441	-0.0737516452	0.0372112282	-0.023347677	0.0820028936	0.0992013186	-0.028599266	0.0498978315	-0.0991907273	0.0635647311	0.0229886068	-0.0817814458	-0.0635553092	-0.0726326131	0.0841081342	-0.0300922764	-0.0730254569	0.1014107394	0.0523462355	0.0058349893	-0.0462352622	0.0770915892	-0.0867856165	0.0427317142	-0.0655578187	-0.0167031267	0.0273449732	-0.0583839219	0.0574477121	0.1395269862	0.065048579	-0.0178260945	-0.0284318129	0.0655294977	0.0479573757	0.0110834828	0.039836083	0.0540103005	-0.0732720378	0.2079486845	0.0703419952	0.0224924592	0.0145162926	-0.0376634077	0.0823604199	0.0538834433	-0.1792790855	0.0668806688	-0.0554204212	0.0633928748	0.0752190307	-0.013730585	-0.1420484877	0.0030648066	-0.0332138562	0.0380636357	-0.0554766066	0.0320674298	0.0157772224	-0.0095340946	0.0123853351	-0.0167771911	0.138585862	0.060011129	0.0206229105	0.126775082	-0.0177254715	0.0359982718	-0.0147053272	0.0778291162	-0.0270035093	-0.1263785332	0.0022616725	0.0281102473	-0.0174643215	0.0556140136	-0.0250307406	0.0665965935	-0.0658076014	0.0039588934	0.0338234419	0.039647013	-0.0439655076	0.0806707568	0.185132849	0.0575733314	0.0418253186	0.0156287614	-0.075500688	0.0345440327	-0.0285331805	-0.1483010165	0.0529152506	0.0116441057	-0.0987348848	-0.1003147519	0.0099987453	-0.0156979844	-0.0707499348	-0.0681796167	0.1037110904	-0.0761166743	0.0106281325	0.0934003814	-0.0078571581	-0.0905825323	0.0435000341	0.0288370082	-0.1058801375	0.0680664159	-0.0147140554	-0.0192285	-0.0334524	0.00111906306576	0.0003697352122499	0.283354	-0.111621	0.080289489316	0.012459247641	0.359002	-0.123469	0.1288824360039999	0.0152445939609999	0.0142796	8.610000000000041e-05	7.413210000000071e-09	0.00020390697616	0.00198629	0.0004193899999999	3.9453479641e-06	1.7588797209999997e-07	5.41863e-05	-0.0004119097	2.93615510769e-09	1.6966960095409e-07	0.0	0.0	0.0	0.0	0.0	0.0	0.0	0.0	0.0	0.0	0.0	0.0	0.0	0.0	0.0	0.0	0.0	0.0	0.0	0.0	0.0	0.0	0.0	0.0	0.0
294.4610703188087	-1.255743554471735	86707.3219332984	1.5768918745973073	331.734885581128	-1.4305561943487533	110048.0343115241	2.046491025189588	212.85426501959364	-0.6518729940944468	45306.93813703141	0.4249384004296586	213.0442844907035	393.216172337972	0.942641	28.162382	0.297106015	0.133539	0.0459590566	0.1122994701	0.0486245674	-0.0214415834	-0.0982812247	-0.1354885387	-0.0120843432	0.055595102	0.0072727635	-0.0816794409	0.0438877636	-0.0017855547	-0.2056560373	0.0694706297	-0.1039134358	0.0759900878	-0.0171822947	0.0807139319	-0.0460977638	0.050101897	-0.0053947934	-0.2085126427	-0.1698703119	-0.0371912746	-0.0760359882	0.0973054627	-0.1014809515	0.0664020654	-0.0273842165	-0.0249271237	-0.0786205533	0.0350530335	-0.0344785767	-0.0159278276	-0.0572309682	-0.0438607964	-0.0640651458	0.0110644996	0.0916777391	0.0988973612	-0.0156062256	0.0468319844	-0.1810628509	0.0081786805	0.1427402852	-0.0037718788	0.1179631234	-0.0017534032	-0.0584403782	0.1356530744	-0.0433764357	-0.122282774	0.0244573888	0.0820709803	0.0287605865	0.0419462363	-0.1196032136	0.042000898	0.0720943766	-0.0390774234	0.038182554	0.0944309483	0.085452427	0.0475222213	-0.0668416398	0.061733425	0.070448401	-0.0016636105	-0.2005783471	0.0136702813	-0.1431934591	-0.1049518455	-0.0604437351	0.0281582141	-0.0910521747	0.0157486349	-0.0485345711	0.0971856166	-0.0022505851	0.0587908527	-0.0216944162	0.0862606485	0.0031158329	-0.074739361	-0.0868536519	-0.0116843671	-0.0328784103	0.171734481	0.0397014572	0.0527907834	-0.1510221477	-0.0187170169	0.0361657394	0.1357111365	-0.0034800569	-0.0605575024	-0.1082387427	-0.029915702	0.0214790115	0.0630895209	0.0988971291	-0.0120984055	-0.0806155372	0.0317200039	0.0443116853	-0.0718718758	0.1465117292	0.0097075105	-0.0410629393	-0.0045144151	-0.1154003616	-0.024149164	-0.151607067	-0.0225909307	0.0273400163	-0.0822381967	-0.2323894458	-0.0877560708	0.0329148886	0.1312459835	0.077307975	0.0239978139	0.0263564967	-0.0166762812	0.0797970202	0.0276657387	0.1300730016	0.0180554585	0.10333392	-0.0777307504	-0.1070977539	0.0724057592	-0.0226597522	-0.0397223	-0.0204938	0.00041999583844	0.00157786111729	0.381836	0.098482	0.145798730896	0.009698704324	0.429532	0.07053	0.184497739024	0.0049744809	0.0150107	0.0007311	5.345072100000002e-07	0.00022532111449	0.00109331	-0.00089298	1.1953267560999995e-06	7.974132804000001e-07	-0.000473738	-0.0005279243	2.2442769264400002e-07	2.7870406653049e-07	0.0	0.0	0.0	0.0	0.0	0.0	0.0	0.0	0.0	0.0	0.0	0.0	0.0	0.0	0.0	0.0	0.0	0.0	0.0	0.0	0.0	0.0	0.0	0.0	0.0
294.9006744147225	0.4396040959138076	86966.40777025817	0.1932517611441962	331.8778981705765	0.1430125894484604	110142.93929411954	0.0204526007407538	213.1036690923552	0.249404072761564	45413.17378062403	0.0622023915100555	213.2803624166549	392.3072273141784	0.818098	24.441542	0.2205786	0.112955	0.0979711208	0.1100598185	0.0764862065	-0.0115479375	-0.1666757808	-0.1296959392	0.0340290184	-0.0343589599	0.0545820565	-0.1084527108	-0.1011337733	0.0562286827	-0.1131304907	0.0030008981	-0.1823091096	0.1052961136	-0.0045949482	0.0156575407	-0.0590356715	0.0153188725	0.1373420164	-0.0672445805	0.0328048898	0.006494308	0.0283730077	-0.0017716284	0.0381579998	0.0858192865	-0.0142064022	-0.0294650461	-0.0540536373	-0.0268537591	-0.0814187863	0.0341246405	-0.0297613587	-0.1824842613	0.0503834734	-0.0218828707	0.0784435725	-0.0576893576	0.0779808545	0.0544449917	0.0469327861	-0.1269437378	-0.0782827193	-0.0859895314	0.0773052317	-0.1148457854	0.1494209479	-0.0610086747	-0.1445170124	-0.0573677357	0.0232164097	-0.0464016185	-0.002967141	-0.04531332	0.0054891676	-0.1642755946	-0.0600341275	-0.0515597152	-0.105027741	0.1743242817	0.1276920688	0.0505794689	0.0090433453	0.0601629513	-0.0387012131	-0.1159366496	-0.0887132172	0.0109299455	0.0299967413	0.0655001841	0.0283053423	-0.0029513432	-0.0695212086	-0.0446275108	0.0149260602	0.0598499939	0.0320120014	0.0808809462	-0.0846044312	0.0265599145	0.1334813587	0.0088403991	-0.0042547211	0.1250583757	-0.0282404662	-0.0114715828	-0.0481945991	-0.064538041	-0.0820083707	-0.0773498745	0.1006038729	0.0086510129	-0.1645666771	0.0798228347	0.0422924279	-0.0101439509	-0.132355082	-0.0542369354	0.0189054085	0.1710091149	0.0110908195	0.0015977961	0.0988988731	-0.0282921936	0.2014407231	0.0583519008	-0.0106360627	0.0327078739	-0.0842596905	0.034517518	0.0009012241	-0.0611653352	-0.032081944	-0.1265677755	-0.1966953398	-0.0704921189	0.0240789834	-0.0272457683	-0.0006351147	0.0549102926	0.0741786013	-0.0325460798	0.1321000972	0.0058749888	-0.1312267662	-0.0533223067	0.0543762281	-0.0546079018	-0.1082614433	0.0765992869	-0.0305027946	-0.0298384	0.0098839	9.769147921000002e-05	0.00089033011456	0.31125	-0.0705859999999999	0.0968765625	0.0049823833959999	0.356002	-0.07353	0.1267374240039999	0.0054066609	0.0149507	-5.999999999999929e-05	3.5999999999999144e-09	0.00022352343049	0.00168541	0.0005921	2.8406068681e-06	3.5058241000000017e-07	0.000205736	0.000679474	4.2327301696000004e-08	4.6168491667600004e-07	0.0	0.0	0.0	0.0	0.0	0.0	0.0	0.0	0.0	0.0	0.0	0.0	0.0	0.0	0.0	0.0	0.0	0.0	0.0	0.0	0.0	0.0	0.0	0.0	0.0
294.9723714957977	0.0716970810751718	87008.69994585488	0.0051404714346997	331.54761083636964	-0.3302873342068437	109923.8182513048	0.1090897231374633	212.3464138586789	-0.7572552336763181	45090.99947864133	0.5734354889301752	212.4654219238444	394.0707526536257	1.213415	36.252026	0.5815421	0.342126	-0.0011875748	-0.0046443152	-0.0041675058	-0.0546852386	0.0204911165	-0.007678215	-0.0686418261	0.0436014674	0.0709598372	-0.1133752771	-0.0494269884	-0.0332920237	-0.0518818115	0.1166024958	0.0981775454	0.0390648223	-0.0551102882	0.0319522583	-0.0133925915	0.0036362919	0.0688007451	-0.0337356614	-0.0836260754	-0.098150237	-0.1241057699	0.0496736597	-0.0610895185	0.0508142709	0.1372147902	0.1426660244	-0.0158800106	0.0355700169	0.0326679535	-0.0653026441	0.0200819138	0.0244656435	0.046511051	-0.0525643017	-0.058541402	-0.087661065	-0.060562491	-0.0350843957	-0.10184293	0.0052757409	0.0089675711	0.0643788307	-0.0843451098	-0.0158348264	-0.1600151521	0.2032200183	0.0479176567	0.1001746125	-0.0587776097	-0.0758447385	-0.0779302808	-0.0875058389	-0.0062701239	0.1242932835	0.046477315	-0.0199607631	-0.0372604573	-0.0935556563	-0.0089690704	0.0709356637	-0.0369528896	0.0363530693	-0.0344685762	-0.0691145188	-0.0372444809	0.0369350559	-0.0828999659	-0.1163827499	-0.0268608507	-0.0174388743	-0.0404950607	-0.1132615039	-0.1681018467	0.090526873	-0.0744320711	0.0061970162	0.0774800229	-0.002448696	-0.076187934	0.0235270928	0.0278099919	0.0208456489	-0.0494909651	-0.0069970883	0.1531026773	0.0600687092	0.0593953038	0.0767633174	-0.0181515635	-0.0487173903	-0.0545421137	-0.1256638148	-0.0542865178	-0.0755657618	0.1250982638	0.0177691316	-0.1663791487	-0.152447008	0.0666599764	-0.0542347924	-0.031972719	0.0147802836	-0.023857324	-0.063888532	0.0171024522	-0.0215702947	-0.1245709526	-0.1149586657	-0.145402994	-0.0185373492	-0.064250184	-0.1709679075	-0.0165891268	-0.0584340714	0.0996153963	0.149624373	0.0376745616	0.0409331547	-0.0287283769	0.0484164425	0.2680974558	-0.0896695589	0.1474158768	0.0540702756	0.0574698634	0.011492983	-0.1093706198	0.0806385538	-0.0382076517	0.0119214	0.0417598	0.00174388089604	0.00014211977796	0.52043	0.2091799999999999	0.2708473848999999	0.0437562723999999	0.631418	0.275416	0.398688690724	0.075853973056	0.0156822	0.0007314999999999	5.350922499999993e-07	0.00024593139684	0.00131702	-0.00036839	1.7345416803999995e-06	1.357111921000001e-07	0.000209572	3.8359999999999816e-06	4.3920423184e-08	1.471489599999986e-11	0.0	0.0	0.0	0.0	0.0	0.0	0.0	0.0	0.0	0.0	0.0	0.0	0.0	0.0	0.0	0.0	1.0	0.0	0.0	0.0	0.0	0.0	0.0	0.0	0.0
296.06042102581813	1.0880495300204416	87651.77289798469	1.1838517797777035	331.27347770836445	-0.2741331280051895	109742.11703299424	0.0751489718699096	212.7321430547348	0.3857291960559053	45254.96468866015	0.148787012689935	212.833003661425	394.4869941888386	0.909514	27.172676	0.374158	0.213537	0.0826870013	0.0721712152	0.0280961908	-0.0325537241	-0.1043567748	-0.0104031502	-0.03940147	0.0095715957	0.0412792568	-0.0844987495	-0.1132152933	-0.0042115121	0.0419211511	0.0011492953	-0.0592174963	0.0520577432	-0.058148165	-0.0272495865	-0.0449667474	0.0275300189	0.0697937732	0.1477596785	-0.0033573804	0.12688408	0.1297907559	0.0999149691	-0.0011897984	-0.0249589589	0.0379863548	0.001843007	-0.0660025744	-0.1033418536	0.0123862382	-0.1357156938	-0.0896315439	0.0031947673	-0.0148825274	0.0603032018	-0.1017444348	0.0520819746	-0.0368386948	-0.1150318339	0.0810960077	0.1470869593	0.0610321604	-0.0239940617	0.0187370629	0.1132460369	0.0599220036	0.0812838148	0.0528032972	0.0986673675	0.0966253129	-0.0359855519	0.0667281209	-0.0985360537	0.0415109636	0.0948659848	-0.0695318818	-0.0614052949	-0.065295007	0.0572857687	0.0266216868	0.0753987831	0.027700127	0.0407076688	-0.0358688525	-0.0926171462	0.1236785929	-0.0927748375	0.0152227082	0.1144698233	-0.129063906	-0.0061858377	-0.0072419185	0.0330936724	0.0055625552	0.0593589052	0.0844985632	-0.0593793991	-0.0230416963	-0.0204034316	-0.0545752087	-0.1103744768	0.1548759731	-0.0417143472	0.1663705206	-0.0310013552	0.0182290575	-0.0420336253	0.0220787344	0.1007420223	-0.0848317981	0.042835778	0.1500642419	-0.0341468451	-0.1597148136	-0.0014117363	-0.019103312	-0.0029821663	-0.1026589052	-0.0676602547	-0.0418858844	-0.0270198893	0.0311409132	0.1506478443	0.1098978108	-0.0148017569	0.0437974917	0.0185690221	-0.0903756529	-0.0070435166	0.0240427419	-0.0319092364	-0.0298022831	-0.1266740959	-0.0100386435	-0.0311257986	0.0914508705	-0.0016421111	0.0427075961	-0.0311553687	0.0411979128	0.0729096279	0.1536863183	-0.1366306347	-0.0147901377	0.0549356197	0.0645015678	-0.0540673206	-0.1104247249	0.0845154255	-0.0457394187	0.0064373	-0.0054841	3.0075352810000005e-05	4.143883129e-05	0.381542	-0.1388879999999999	0.145574297764	0.0192898765439999	0.463098	-0.16832	0.214459757604	0.0283316224	0.014865	-0.0008172	6.678158400000009e-07	0.0002209682249999	0.00166574	0.00034872	2.7746897476e-06	1.2160563840000005e-07	0.000146174	-6.339799999999999e-05	2.1366838276e-08	4.019306403999999e-09	0.0	0.0	0.0	0.0	0.0	0.0	0.0	0.0	0.0	0.0	0.0	0.0	0.0	0.0	0.0	0.0	0.0	0.0	0.0	0.0	0.0	0.0	0.0	0.0	0.0
296.07049744151345	0.0100764156953232	87657.73945526523	0.0001015341532649	332.80971269793326	1.5362349895688112	110762.30486608089	2.3600179431754853	212.8274703594233	0.0953273046885101	45295.5321395912	0.009087295019176	213.01364688445568	403.1610121241857	0.896918	26.796364	0.1318175	0.0719046	0.0488096596	0.0900571864	0.0828256517	0.0061221061	-0.1575883817	-0.1269902727	0.0991687315	0.0120338319	0.0717377031	0.0104362923	-0.0083857902	0.0378211311	-0.0219881916	-0.0400486883	-0.1371404429	0.0858573377	-0.0939043403	0.0356344255	-0.0703720457	-0.1216484058	-0.0014449189	-0.0354563605	-0.0934345252	-0.0088995404	0.0618249851	0.0696910484	-0.0917442929	0.1092336904	0.0576714382	0.0918979405	-0.0697184052	0.0799374597	0.1221773532	-0.0241719854	0.039541067	-0.1763296838	-0.0071434458	0.0366444996	-0.0394146275	-0.0709592441	-0.0451543649	-0.0647888998	-0.0238366812	0.1155202256	0.0591529485	-0.0418360285	-0.0886192892	0.1100506496	0.0399378623	-0.1215466102	-0.0214550142	-0.0364497669	-0.1221541871	-0.0377494841	0.0239711237	0.0640937226	-0.0346154896	0.0674960462	-0.067754332	0.0027264831	0.1809458198	0.1513960043	0.0597581987	0.0888892933	-0.0338856248	0.0984763462	-0.1190883727	0.0531773528	-0.0257679184	-0.0048510569	-0.0897884287	0.0216549916	-0.1119035307	0.0420008358	-0.051856051	-0.0668628923	-0.0589575629	0.0915505696	-0.0803888055	0.0288239654	0.1794766478	-0.0038154631	0.1629745092	0.0218315273	0.0815040411	0.0122629406	0.0296097723	-0.0756399322	0.045138282	0.0515729023	0.0234999932	0.105148681	-0.0083394441	-0.0151586562	0.1432713945	0.0435360367	0.0758306113	-0.0026836986	0.017121346	-0.0907017254	0.0715618279	0.0478367043	-0.0104837776	0.0409272767	0.0199961042	0.043062166	0.1790727955	0.0482749386	-0.0455898079	0.0082376309	-0.0702780677	0.0746291654	0.0152656706	-0.0689367546	0.0730030348	-0.0886085661	-0.0815980488	-0.1624131358	0.0482234774	0.0222420212	-0.0592454541	-0.0764950996	-0.0174406973	0.000630576	0.1642031114	0.1176836367	-0.0641521791	-0.1088561665	-0.1077214626	0.0162018573	-0.1114232278	0.0882220943	-0.0530639746	0.0154652	0.0090279	8.150297841e-05	0.00023917241104	0.364824	-0.016718	0.1330965509759999	0.000279491524	0.419238	-0.04386	0.175760500644	0.0019236996	0.0156858	0.0008208	6.7371264e-07	0.00024604432164	0.00134391	-0.0003218299999999	1.8060940881e-06	1.0357454889999997e-07	0.000247776	0.000101602	6.1392946176e-08	1.0322966404000002e-08	0.0	0.0	0.0	0.0	0.0	0.0	0.0	0.0	0.0	0.0	0.0	0.0	0.0	0.0	0.0	0.0	0.0	0.0	0.0	0.0	0.0	0.0	0.0	0.0	0.0
294.5757693117681	-1.49472812974534	86774.88386562002	2.234212181852002	331.5231791605036	-1.2865335374296478	109907.61832068738	1.655168542931243	211.68197398312049	-1.145496376302816	44809.258109390496	1.3121619481228828	211.8872527532458	401.9485273084706	1.956894	58.464249	1.1393277	0.634846	-0.1363002467	-0.1633809049	-0.0621098911	-0.0426168731	0.2328138225	0.1356213102	-0.0260088943	0.0217071225	-0.083531676	-0.0407096156	0.1478008929	-0.0411902467	-0.017456399	0.2420376898	0.2939209054	-0.101772638	-0.0027495582	0.0158335771	-0.1110902593	0.0601725287	-0.1009527592	-0.0327428547	-0.0636066596	-0.04209714	-0.009591068	-0.0890600933	0.1256805285	0.0477056973	-0.039099379	-0.1130402994	-0.0961860856	-0.0219153629	-0.0235188859	0.006764954	-0.017337458	-0.106436997	-0.0188903664	-0.0177219219	-0.1288863671	0.0121966154	0.019787786	0.0293325746	-0.1688431826	-0.0846528602	-0.0214140981	-0.1103384479	-0.1349887696	-0.075449458	0.02255236	-0.1096138591	0.0618325094	0.0094571719	0.1289598397	0.0637547585	0.0029491948	-0.0023615133	0.1337445834	-0.058983861	0.0081357433	-0.0397702722	0.0477624168	-0.2776480108	-0.1464065436	-0.0752479715	-0.0044324162	0.128495211	0.1156856185	0.0878172755	-0.0257537237	-0.0045857296	-0.0773021983	0.0280824536	0.1291265668	-0.0595077829	-0.0668681759	-0.0533222182	0.1101801073	0.0097252017	0.0577295754	0.0719536876	-0.0543130939	0.0714839837	0.052133525	0.0755908058	0.1104552181	-0.0779048324	-0.019635962	0.0562252727	0.0717805345	0.0466819612	-0.1276454347	0.0775809154	0.1645052301	-0.1408334321	0.0054903085	0.0882341405	-0.0202642	0.0886920536	-0.0755896523	0.1532460103	-0.004394917	0.0298540958	0.0504439093	-0.0163198297	0.1173786469	-0.0080835925	-0.2698071325	-0.036712903	0.0506560945	-0.0204204816	-0.0065274777	-0.1646896761	-0.2760162499	-0.0189738271	0.0123575616	-0.0080335528	0.148699416	-0.1097377113	-0.0075649471	-0.2068950596	0.1854139919	0.003370885	0.1019682227	-0.1530554476	0.0521863493	0.1085542871	-0.0923068124	-0.0046011955	0.2048608096	-0.0480773256	-0.1123656258	0.0917510955	-0.0601481375	0.111232	0.0957668	0.00917127998224	0.012372557824	0.703818	0.3389940000000001	0.4953597771240001	0.114916932036	0.944103	0.524865	0.8913304746090001	0.275483268225	0.0165856	0.0008997999999999	8.096400399999985e-07	0.0002750821273599	-0.00102853	-0.00237244	1.0578739609e-06	5.6284715536e-06	-7.4022e-05	-0.000321798	5.4792564840000014e-09	1.03553952804e-07	0.0	0.0	0.0	0.0	0.0	0.0	0.0	0.0	0.0	0.0	0.0	0.0	0.0	0.0	0.0	0.0	0.0	1.0	0.0	0.0	0.0	0.0	0.0	0.0	0.0
296.099147157698	1.523377845929872	87674.70494751609	2.320680061469937	329.88905409017167	-1.6341250703319474	108826.7880085082	2.670364745487392	212.91917341908083	1.237199435960349	45334.57440946462	1.5306624443406058	213.01795134332323	397.0781908897142	1.394811	41.671425	0.5991992500000001	0.275005	0.0056386876	-0.0873048746	0.0146802893	-0.1019845339	0.1327944243	0.1331609395	-0.0434412531	-0.0083884537	0.1028456925	0.1466627763	-0.1431049162	0.0711014542	-0.1208796305	-0.1335052215	0.0929075826	-0.0915443862	0.04120578	-0.0910992467	0.1061806478	-0.0349548498	-0.0666176423	0.1329187973	-0.0758287404	0.0810725769	-0.0896251053	-0.0550598066	0.1209632391	-0.046040672	0.0608569324	-0.089078116	-0.101667071	-0.0803437123	-0.0856829656	-0.055693322	0.2522754497	0.0363481131	0.0101944473	-0.0634105484	-0.042284879	-0.0762393389	-0.0122315573	0.0442641935	0.0392663647	-0.0314116207	-0.0186585693	0.0529470352	-0.0140700657	0.0035005991	-0.0436201489	-0.1969346469	-0.0816303443	0.1050784621	0.0866502739	-0.0083396709	0.2226530467	-0.0288609313	0.0026170993	0.061426136	-0.0399244398	-0.0252240817	0.1496770364	-0.1026412619	-0.0643365533	-0.0658925083	0.0431367049	-0.1360089581	-0.0136927296	0.0636395679	0.1193211343	-0.1302024093	-0.0116017335	-0.0896834057	0.114742428	-0.0362366953	0.00434278	-0.0685156324	0.1629049561	0.1095002269	0.1146367515	-0.0250352358	0.0534041606	-0.1944344651	-0.0977818776	0.157465672	-0.0176746762	-0.0265111643	0.0040758605	-0.0556809882	-0.0664535004	-0.0222634969	0.0127880611	-0.0432623703	-0.0331638278	-0.0854551999	-0.005586647	0.248240798	0.0355611587	0.0243734313	-0.0238106304	0.041222429	-0.0276422862	-0.0987923763	-0.1260350121	0.0188706858	0.1625341622	0.1022227958	-0.1311026948	-0.1062573166	0.0453874541	-0.0103166883	-0.0079192105	0.0099731152	0.0584995239	-0.0225027369	-0.1563402744	0.2235947283	0.1461207027	0.2624116383	0.2439332577	-0.1980121813	0.081187595	0.0749370849	0.2716774903	0.0371174775	0.1138399549	0.1138805782	-0.1330944428	-0.1094784619	-0.1141534086	0.0883375011	-0.1132514443	0.0950953223	-0.0669598143	0.11087	-0.000362	1.310440000000009e-07	0.0122921568999999	0.526324	-0.177494	0.277016952976	0.031504120036	0.751424	-0.192679	0.5646380277759999	0.037125197041	0.0136424	-0.0029431999999999	8.66242623999999e-06	0.00018611507776	-0.00208416	-0.00105563	4.343722905599999e-06	1.1143546968999997e-06	0.000500433	0.000574455	2.50433187489e-07	3.29998547025e-07	0.0	0.0	0.0	0.0	0.0	0.0	0.0	0.0	0.0	0.0	0.0	0.0	0.0	0.0	0.0	0.0	0.0	0.0	1.0	0.0	0.0	0.0	0.0	0.0	0.0
296.41243051383145	0.3132833561334678	87860.32896311696	0.0981464612302492	331.9674831141125	2.078429023940828	110202.40984511856	4.319867207559622	213.1368461602571	0.2176727411762726	45427.315191141104	0.0473814222511925	213.2092051852207	396.0216776617088	1.443369	43.122158	0.6487316	0.323485	0.1197636996	0.1134507933	-0.0270042719	-0.0233484786	-0.0759385639	0.0213307915	0.0268390918	0.1031140128	0.0152871934	0.1235360332	0.0169220495	-0.0875883952	0.1434073278	-0.0411856406	-0.0932167316	-0.0101267916	-0.0526556857	-0.0570297658	0.1274765743	-0.0056531465	-0.0376265483	0.016547959	-0.0078284204	0.037041064	-0.1112681706	0.1408432752	0.0353285899	-0.0188641337	0.1129775226	-0.234944297	0.0239924392	0.0922921698	0.1145476854	-0.0318964406	-0.0234452026	0.1285529601	0.0640390853	0.0579443108	-0.0602687139	-0.1146679786	-0.0871500319	0.0666437954	0.0348452847	-0.0954018606	-0.0856241901	-0.0066164224	-0.0198738162	-0.0073813217	-0.0392412259	-0.070799233	-0.0039714429	0.0021794361	0.0142372289	0.0731841147	-0.1025323838	-0.0647926399	0.0794396594	0.0701551411	-0.1871243151	-0.042905327	-0.0538175286	0.0883900403	-0.0167042611	0.0636964113	-0.0007359204	-0.1429607942	0.0143462057	0.0427392641	0.0119940058	-0.0343992172	0.0296512768	-0.0870863003	-0.1251493455	-0.127505984	4.43527e-05	-0.0218135762	0.2000556251	0.0021689003	-0.0907899807	-0.1672016013	0.0013149427	0.0090762379	-0.0191293728	0.0131628801	0.0613292688	-0.0329219851	-0.1045502731	-0.0509306255	0.1626548837	-0.0795069919	0.0083216887	-0.1654485738	-0.0287732582	-0.0746717458	-0.0455310979	0.0181900213	0.0170522237	-0.0217347499	-0.0239605387	0.0502298065	0.0741396255	-0.051069059	0.0656622473	-0.06410696	-0.0334684799	0.203280418	0.0913828729	-0.0498767286	0.0888520188	-0.0518674034	0.0051538501	0.0679335574	0.1456016988	-0.0360839683	0.0425642437	0.2072212363	0.1144721662	0.1473355915	-0.0377714635	-0.0033197751	0.305190974	-0.0683073355	-0.1761671662	-0.1833014578	-0.0608994682	0.0389562814	0.1724231087	0.0899036433	0.0420231216	-0.1275975747	-0.1140802373	0.0982480398	-0.0734681463	0.0892826	-0.0215873999999999	0.0004660158387599	0.00797138266276	0.327966	-0.198358	0.1075616971559999	0.039345896164	0.499986	-0.251438	0.2499860001959999	0.063221067844	0.0117204	-0.001922	3.694084e-06	0.00013736777616	-0.000566481	0.0015176789999999	3.20900723361e-07	2.303349547041e-06	0.000607718	0.000107285	3.693211675240001e-07	1.1510071225000008e-08	0.0	0.0	0.0	0.0	0.0	0.0	0.0	0.0	0.0	0.0	0.0	0.0	0.0	0.0	0.0	0.0	0.0	0.0	0.0	1.0	0.0	0.0	0.0	0.0	0.0
295.5823467821191	-0.8300837317123637	87368.9237292249	0.6890390016535234	332.1824407585256	0.2149576444131185	110345.17394829138	0.0462067888916366	213.08178499202856	-0.0550611682285477	45403.84709538909	0.0030317322466924	213.231751171186	400.8494908695291	1.017035	30.384964	0.183888955	0.102919	0.0523577352	0.1129163556	0.0940006027	-0.0086099299	-0.0560963839	-0.1084603603	-0.0340357075	-0.0788695736	0.0073735716	0.0499482049	0.0027681887	-0.047136718	0.0848265795	-0.0412372619	-0.1311127766	0.0586961908	0.0180315889	0.024471807	0.1311104674	-0.0098072716	0.1191332233	-0.1060892859	-0.0017049881	0.1009206977	-0.0221499442	0.0603370247	-0.04771849	-0.0486289659	0.069792823	-0.10543389	-0.0215829085	0.0213711987	-0.1473048119	0.0810171312	-0.0012241757	-0.0499777269	0.0756782898	-0.0016574926	-0.0660155481	-0.0965829665	0.0371127904	-0.035065462	0.1492404215	0.0454536185	-0.0365925789	-0.0233639237	0.0740300207	-0.021762626	-0.0997307014	-0.0138267209	-0.051441953	0.1189894195	0.050688933	-0.1276951131	-0.0173063615	-0.1561932201	-0.03203406	-0.0475727881	0.0065849002	-0.1063290747	-0.0075157505	0.1080701878	0.1042620569	0.0187596712	-0.0425434654	-0.1196602496	-0.0559019219	-0.1067582698	-0.1059627045	-0.0484464266	0.0614627703	-0.0112608969	-0.0741601656	-0.0329982839	0.0323769776	-0.0228244596	0.0902875064	0.1045315193	0.046751839	0.0335639604	-0.1705732099	-0.0482576085	0.0926075843	0.0826083204	0.0461440087	0.0587052211	-0.0388906662	-0.111915116	0.0044582196	-0.0588102105	0.0648375907	-0.0622476325	-0.0742611838	0.1003299604	-0.0440908416	0.0269757502	0.1172774999	-0.2200217421	0.0616530135	0.1189959356	-0.1435523079	-0.0484520799	0.0797340399	0.0239386127	0.0700612318	0.0044032122	0.1116154499	-0.0481218267	-0.0041320486	0.0234582638	-0.0243018102	0.0323453732	0.203712457	0.099473607	-0.0031571006	0.0947674371	-0.0399904116	0.0848599146	-0.0473631066	-0.0838594307	0.1497863484	0.2069406331	-0.0136137565	-0.0269280842	-0.0007071347	0.0563394222	0.0790059735	0.2148432135	-0.0550825909	0.1825558016	-0.1148515874	0.1012028987	-0.0796436494	0.0846376999999999	-0.0046449000000001	2.157509601000097e-05	0.0071635402612899	0.388653	0.060687	0.151051154409	0.003682911969	0.49661	-0.0033759999999999	0.2466214921	1.1397375999999934e-05	0.013404	0.0016835999999999	2.834508959999996e-06	0.0001796672159999	2.51181e-05	0.0005915991	6.3091894761e-10	3.4998949512081e-07	0.00063614	2.8421999999999956e-05	4.046740996e-07	8.078100839999973e-10	0.0	0.0	0.0	0.0	0.0	0.0	0.0	0.0	0.0	0.0	0.0	0.0	0.0	0.0	0.0	0.0	0.0	0.0	0.0	0.0	0.0	0.0	0.0	0.0	0.0
294.073573178145	-1.5087736039740776	86479.2664417618	2.276397788048927	330.5304934277937	-1.6519473307319004	109250.40708562078	2.7289299835122507	211.9490245564884	-1.132760435540149	44922.389010446925	1.283146204325108	212.1400632948896	395.1667164001706	1.281507	38.286354	0.6658224549999999	0.328604	-0.0334434811	-0.0883390408	-0.0182824281	-0.0612293797	0.0630077065	0.0860894139	-0.0195406109	0.0096068447	0.0271770818	-0.0681089854	-0.0349926982	-0.002455873	-0.0341297046	0.0095806158	0.1370395299	-0.0282786311	-0.0144463611	-0.0283758256	-0.0623507013	0.0803832346	0.0936461662	-0.0345234396	0.0371706039	0.0589093081	0.0383591732	-0.0494618932	-0.0351439812	0.0289231141	-0.0301470588	0.0179800004	0.0720103117	0.0341894314	0.0966441111	-0.0371647069	0.012618865	0.0936662145	0.0806132907	0.00049933	-0.0159413586	0.0464058493	-0.0529639228	-0.0015751496	-0.0081418689	-0.0758661106	-0.0371683889	-0.1031835407	0.053056671	-0.0400215884	0.0660442804	-0.0773250939	-0.027480218	-0.092349033	0.0307312552	-0.0432075906	-0.0584478696	-0.0152022554	0.0606120955	0.1860400255	0.106227696	-0.1020086339	0.0457136364	-0.1187268791	-0.068172128	-0.0020637961	0.0300103904	0.0540375803	0.0255933488	-0.0897611782	-0.06999906	-0.0074540276	0.039240107	0.0279477693	-0.0071837392	0.0831275704	0.0150485454	0.0255433401	0.0058351525	-0.0967602909	-0.0879206694	-0.0979697847	0.0409706771	-0.055323549	-0.0192369025	0.0319060075	0.0592640211	0.0125029742	0.0015392988	0.0290737103	0.0420908338	-0.0793631958	-0.0172465302	-0.0288777242	0.0077047246	0.0013858314	0.0183875829	0.0405898256	0.0736366843	0.0585411261	-0.0649171838	0.003347032	-0.0755167917	0.1236938747	0.0412266759	0.0081970647	-0.0213470299	0.0969359074	-0.1145447149	-0.016130177	0.0320147838	-0.0129254717	-0.0192159851	-0.0106592608	-0.0280859324	-0.0787428825	-0.0355797203	0.0031394148	0.0588704456	0.1103611579	0.0343017206	0.0685452981	-0.1096112129	-0.0123012482	0.0196617591	-0.1601110449	0.0978574511	0.0542487212	0.1325126154	-0.0010396009	0.0289172752	0.164371053	-0.1155651064	0.1039539485	-0.0854583468	0.100844	0.0162063000000001	0.00026264415969	0.010169512336	0.567718	0.1790649999999999	0.3223037275239999	0.0320642742249999	0.7563879999999998	0.2597779999999998	0.5721228065439997	0.0674846092839999	0.0169666	0.0035625999999999	1.2692118759999994e-05	0.0002878655155599	-0.000529548	-0.0005546661	2.80421084304e-07	3.0765448248921e-07	0.000537943	-9.819699999999995e-05	2.89382671249e-07	9.642650808999992e-09	0.0	0.0	0.0	0.0	0.0	0.0	0.0	0.0	0.0	0.0	0.0	0.0	0.0	0.0	0.0	0.0	0.0	0.0	0.0	0.0	1.0	0.0	0.0	0.0	0.0
294.2132996101912	0.1397264320461886	86561.46566751614	0.0195234758123581	328.6610960410787	-1.869397386715036	108018.11605092314	3.4946465894570067	211.8393890289281	-0.1096355275603002	44875.92674414955	0.0120199489034253	211.96284283109148	394.7551383421681	0.870989	26.021688	0.3289959	0.184331	-0.102839694	-0.1306186419	-0.0494041345	-0.0371138816	0.1666083854	0.1237092636	-0.0506747135	-0.0612820309	-0.0603882525	-0.1141726051	-0.1761621321	-0.0065881491	-0.0086406039	-0.0156453749	0.210533746	-0.0640266953	0.0336306365	0.0186673296	-0.0907469862	0.0270743974	0.0428154011	0.0413183226	-0.0280672322	-0.1040384278	-0.0459827715	0.0248049621	0.0766322553	0.0597957182	-0.0343790546	0.0006404269	-0.0230871307	-0.0721445999	0.0258714792	0.0421480859	0.0175901982	0.0812887993	-0.0655327884	-0.1156247749	-0.0234035253	0.0310973824	0.0490141257	-0.0447073743	-0.0653197688	-0.0346141677	-0.0027892898	0.0407273677	0.0457283649	-0.0309616123	0.0676988382	-0.0538619854	-0.0147978517	0.0160327905	0.0354130205	0.0108388986	0.0622386611	0.048947935	0.1041149566	-0.0694903152	-0.0197659419	-0.0264469048	-0.0642125868	-0.1970328159	-0.0904797933	-0.0790755167	0.028863346	0.1057025862	0.0025776384	-0.0630807408	0.076603613	0.0540480323	-0.0341939551	-0.0143153167	0.0609862667	-0.054431791	-0.1050262916	-0.0181191133	-0.0242043492	-0.0342783064	0.0653083594	0.0125259382	0.0283431634	0.0969244856	-0.1249827053	0.0890874778	-0.0017296613	-0.0858010396	-0.0064303557	0.0031671282	-0.0755415968	0.0002836251	-0.0089193868	-0.0076236507	-0.0213586121	-0.0206066045	-0.0291283215	0.04969819	-0.030956574	0.06095123	-0.1041865712	0.0406890486	-0.0101216707	-0.0034298695	-0.0254605232	0.0160695643	0.1262354246	-0.0398911488	-0.2013768613	-0.0232547516	-0.0034349357	-0.0084136117	0.0164194783	-0.0858246682	-0.1807020224	-0.001563894	-0.1291034637	0.0433198765	-0.0606518036	0.0881975256	0.0706721143	-0.1403718551	0.03110673	0.0515038451	0.0128502563	-0.1163585706	0.0019737145	-0.1303738824	-0.1541919578	-0.0127426337	0.0874862684	-0.0652334197	-0.1162204348	0.1064956489	-0.0908858965	0.0968485	-0.0039954999999999	1.5964020249999992e-05	0.00937963195225	0.678983	0.111265	0.461017914289	0.012379900225	0.8941489999999999	0.137761	0.7995024342009998	0.018978093121	0.0172475	0.0002809	7.890481000000033e-08	0.00029747625625	-0.00158267	-0.001053122	2.5048443289e-06	1.1090659468840002e-06	0.000352477	-0.000185466	1.24240035529e-07	3.4397637156000005e-08	0.0	0.0	0.0	0.0	0.0	0.0	0.0	0.0	0.0	0.0	0.0	0.0	0.0	0.0	0.0	0.0	0.0	0.0	0.0	0.0	0.0	0.0	0.0	0.0	0.0
296.39156240746644	2.178262797275238	87847.95826633908	4.744828813993345	330.8334609839049	2.1723649428262206	109450.77890658892	4.719169444820369	213.0347042415316	1.1953152126035036	45383.785211276845	1.428778457481359	213.14484999833203	398.1773013314512	1.347889	40.269596	0.6911955999999999	0.389125	0.0357624393	0.0420926497	0.0042470089	-0.0431463577	-0.0248648127	-0.004891675	0.0220795198	0.0415055889	0.0480745847	-0.0039187337	-0.058401244	0.0478157935	0.0954921405	-0.1672697769	-0.0714960357	-0.0270762419	-0.0162140982	-0.0444727317	0.0961343083	-0.1247912072	0.0297226551	0.0590253716	0.0939494729	0.0137342096	0.0340908306	0.1392126606	-0.0294422658	-0.003722853	0.0606160053	-0.0234795246	-0.0918408717	0.0493652732	0.1262366875	-0.0917039973	-0.0149647065	-0.0288796681	-0.0213471377	0.0911177034	0.0291665772	-0.1447309777	-0.0127473211	-0.0366149981	0.0295679566	0.0523160439	-0.1155175831	-0.0067889605	0.0127685645	-0.0645596266	0.0597626406	-0.0675847712	0.0256326578	0.0135976396	-0.0584482836	-0.0401987022	0.039077818	0.0222370225	-0.0828283901	0.0609026081	0.0662222878	0.0500730541	-0.0632586704	0.0740058403	-0.0176683853	0.0163317429	0.0030330308	-0.1058462009	-0.1386559925	0.0189166045	0.059684448	0.0204516136	0.0747831726	0.0558414788	-0.1231257726	-0.0352754051	-0.0035045414	0.0096484369	0.0247595539	0.1299629496	-0.0453525415	-0.0414171388	0.1220334772	0.0039413113	0.0212113909	-0.0914752151	0.0560254602	0.0091212684	0.0038852289	-0.1563263354	0.0981541512	-0.0001601898	-0.0002123621	0.0238072801	-0.0760685262	-0.035772157	-0.0582161957	0.0215234289	0.1184388083	0.0299177689	-0.0881049434	-0.0672648963	-0.0290680894	0.0090000601	-0.0633347238	-0.0518416379	-0.1121706698	0.0028403253	0.0259010143	-0.0057480786	0.0208791881	-0.0161398092	0.0084412378	0.1235664749	0.1074358364	-0.0141473033	0.049655579	0.0994963947	-0.0584093989	0.2052139779	0.0866589473	0.0613222239	0.0726440129	0.1226657939	-0.1829943426	0.0536563792	0.0847926215	0.0686266334	-0.088262105	0.0501979259	-0.233903021	-0.1007860244	-0.1168172427	0.1088228812	-0.0959017104	0.0943251	-0.0025234	6.367547560000045e-06	0.0088972244900099	0.442546	-0.236437	0.195846962116	0.055902454969	0.571762	-0.3223869999999998	0.326911784644	0.1039333777689999	0.0153112	-0.0019362999999999	3.749257689999994e-06	0.00023443284544	-0.00164801	-6.53400000000001e-05	2.7159369601e-06	4.269315600000014e-09	0.000947801	0.0005953239999999	8.983267356009999e-07	3.54410664976e-07	0.0	0.0	0.0	0.0	0.0	0.0	0.0	0.0	0.0	0.0	0.0	0.0	0.0	0.0	0.0	0.0	0.0	0.0	0.0	0.0	0.0	1.0	0.0	0.0	0.0
296.57728672813187	0.1857243206654288	87958.08700302054	0.034493523286635	332.2373486300568	1.4038876461518726	110381.65582472988	1.9709005230178451	213.06595698571363	0.0312527441820122	45397.10202623797	0.0009767340189063	213.20232210481905	406.6845550873937	1.046495	31.265116	0.4497068499999999	0.224422	-0.0606774692	-0.0669734214	0.0206198405	-0.0140174837	0.1114156927	0.0401064706	-0.0114755249	-0.0450542652	0.0153292879	0.0768181923	0.1112422531	-0.0547612914	0.0727763728	-0.0324061362	0.0207450745	-0.0910474255	0.1018107198	-0.0571434312	0.1914953119	0.0309583189	-0.0487323376	-0.0314982778	0.0019436939	0.0870388683	-0.1428547064	-0.0478524004	0.0251284537	-0.0430278859	0.0110120582	0.041058062	0.0234519182	-0.0223030081	0.0134532276	0.0595989348	0.0654808471	0.0091681099	0.0545184737	0.0165020055	0.0312390799	-0.0802691519	-0.0034324918	0.0262774386	-0.0739580305	-0.0508037309	0.0532091678	0.1013643683	0.0484583919	0.0030113807	0.0047455737	0.022335998	0.0249845793	-0.059253943	0.0441603869	-0.0142209455	0.1265265657	-0.0496287799	0.0335799286	0.0339743956	0.0710029645	0.1217368709	-0.0298763967	-0.0360960477	-0.0252011011	-0.1039820878	0.018893373	-0.2151063425	0.064410106	0.0296308503	-0.021658056	-0.060194443	0.0644408669	-0.125590441	0.0578738933	-0.0269752721	0.049014822	-0.0272964697	-0.0183334895	0.0003828204	0.0064178281	-0.01667493	0.0430927401	-0.0342263486	-0.0272320661	0.0733033397	-0.039659284	0.0132509786	0.0149135012	-0.022285023	0.0006513589	0.1397557896	0.0272022021	-0.0712112686	-0.0405337734	0.048534726	-0.0347390778	-0.0305300708	-0.0038133375	0.0558150455	-0.0438027489	-0.0007864142	-0.0172974569	-0.0200734098	-0.178266317	-0.0849680941	0.0304882609	-0.0460305	-0.1275111266	-0.0303195801	-0.0165147337	0.028461419	0.0352780839	0.0090482426	0.08025512	0.0733681134	-0.0497227	0.1869988622	0.0295821307	0.0414910528	0.0486651278	0.0312934468	0.0998320304	0.0784076562	0.1296334581	0.098331589	0.0132173719	0.0002364207	0.0079853452	0.07448383	0.0589589185	0.0960333108	-0.1173552296	0.1109309587	-0.1004830656	0.137326	0.0430009	0.00184907740081	0.018858430276	0.596162	0.1536159999999999	0.3554091302439999	0.0235978754559999	0.7359569999999999	0.1641949999999998	0.5416327058489998	0.0269599980249999	0.0166674	0.0013561999999999	1.839278439999996e-06	0.0002778022227599	-0.00143654	0.00021147	2.0636471716e-06	4.4719560900000027e-08	0.00115803	0.000210229	1.3410334809e-06	4.4196232441000017e-08	0.0	0.0	0.0	0.0	0.0	0.0	0.0	0.0	0.0	0.0	0.0	0.0	0.0	0.0	0.0	0.0	0.0	0.0	0.0	0.0	0.0	0.0	0.0	0.0	0.0
296.32104008033684	-0.2562466477950238	87806.1587942926	0.0656623445061869	332.26808938166346	0.0307407516066859	110402.08322134108	0.0009449938093439	213.011142681766	-0.0548143039476372	45373.74690659167	0.0030046079172639	213.0863804804513	401.2985857107417	0.949297	28.36124	0.2545504999999999	0.147108	-0.0015387452	-0.0153548371	-0.0262591436	-0.0185982083	0.0061312703	0.0511388854	0.0418294427	0.0411291672	0.0092338311	0.0348991567	0.1201325475	0.040400314	0.1227992373	0.0366269273	-0.0460389066	-0.0696894276	0.0183476927	-0.0372351398	0.1075761715	0.04566376	-0.0067606703	-0.0016487654	0.1025001334	-0.0402731163	-0.0927338706	0.1592978326	-0.0420811786	-0.0065529584	0.012780434	0.0371479083	-0.0711271128	0.000894568	-0.0264229417	-0.0256753023	-0.0566731703	0.0599930241	0.0915269593	0.0899972324	0.0579034467	-0.0184260206	0.0142148332	0.0042832162	0.1028380337	-0.0092656648	-0.0904505238	-0.02508676	0.0462587442	-0.0678573726	0.0272600568	0.0482003596	-0.0441702716	-0.0534574275	-0.0176310976	0.1323920944	-0.0427495774	0.0650950088	-0.0550021987	-0.0639498482	-0.0956029406	-0.0372143235	0.0396071211	0.0415364927	-0.0473661304	-0.0183903449	0.0002213472	-0.1354923622	0.0462235027	-0.0101172745	0.0040290949	0.0804345318	0.0784879733	-0.0488187764	-0.0934956984	-0.0771666862	-0.0514800591	0.0672935307	-0.044388585	0.1113676504	-0.061293248	-0.0782771073	-0.086023488	-0.0133250393	-0.0219829276	-0.0719779443	-0.0248670944	0.0723331785	0.0151529118	-0.0458478668	0.0176498944	-0.0656871604	-0.0132361495	-0.0584830182	0.0126204913	0.0083930618	-0.1020695588	-0.0295159515	-0.0087855226	-0.0414191869	-0.0135952955	-0.0372470936	0.1078244186	0.068526474	0.0629972749	0.0884351853	-0.0512879545	-0.0285560344	-0.036567291	0.0245539332	0.0225950635	-0.0103553	0.0294682814	0.081690894	0.0905902352	-0.0511619981	0.0618393495	0.0268481407	-0.0780082113	0.0900455563	-0.0473404781	0.1618748754	0.07196009	0.0138293993	-0.1629716096	0.0460310568	-0.0882853922	0.0196423765	-0.030261256	0.2015608319	-0.0121853967	0.0374267164	-0.1178341246	0.112815636	-0.1046092073	0.118979	-0.018347	0.000336612409	0.014156002441	0.503079	-0.0930829999999999	0.253088480241	0.0086644448889999	0.633534	-0.1024229999999998	0.401365329156	0.0104904709289999	0.0170428	0.0003754	1.4092516000000108e-07	0.00029045703184	-0.00104098	0.00039556	1.0836393603999998e-06	1.5646771360000006e-07	0.00111504	-4.298999999999991e-05	1.2433142016000002e-06	1.8481400999999922e-09	0.0	0.0	0.0	0.0	0.0	0.0	0.0	0.0	0.0	0.0	0.0	0.0	0.0	0.0	0.0	0.0	0.0	0.0	0.0	0.0	0.0	0.0	0.0	0.0	0.0
295.3061134272086	-1.0149266531282706	87205.70062748337	1.0300761112301529	331.70278152920207	-0.5653078524613875	110026.73527420955	0.3195729680545058	212.43700752353035	-0.5741351582356344	45129.482165552494	0.329631179922257	212.6347566972165	409.3329537009087	1.21433	36.279362	0.6216108499999998	0.310527	-0.1627650439	-0.1436260441	-0.0188893064	0.0239822523	0.16326806	0.0348978424	-0.0086512178	-0.1107640646	-0.1047975569	0.0389226804	0.1371467636	-0.023898845	0.0513092533	-0.0394633473	0.109158348	-0.0695836186	0.1445469858	0.0052280026	0.07998144	0.0163454367	-0.0541948609	-0.061085907	0.0401811394	0.031217425	-0.0449350446	-0.1297598871	-0.002301888	-0.0109511714	-0.0895213522	0.1094860323	0.0361194974	-0.110220655	-0.0298919328	-0.0390831467	0.1358571445	-0.1451880838	0.0360116114	-0.0083949325	-0.000240526	0.0532542323	0.0473977425	-0.062418738	0.0057657582	0.0246790365	0.055831953	0.0100512067	0.0026642616	-0.0220910092	0.0460778836	-0.0203615651	0.1146347169	-0.0989633651	0.0161979966	-0.092318731	-0.1012069843	0.0924218544	-0.0060136904	-0.061614509	-0.03026701	0.0229761692	0.0525490916	-0.1102929487	-0.0155798183	-0.1477393425	0.0096206005	-0.0773381547	0.0491735252	0.0495978867	-0.0619586524	0.012310071	0.0809739274	-0.0646851144	0.1127909013	0.0789074314	0.0545179896	0.0106086414	-0.0866172614	-0.0360556375	0.1283542194	0.1293210734	0.10147449	-0.0689422591	0.0707434062	0.0635082126	0.004635498	0.0210350969	0.1248973501	0.025939488	-0.0486980305	0.0559823939	0.0060123686	0.0817580466	0.0321865484	0.0547576279	0.0311355987	-0.1308973899	0.043735646	0.0958778928	0.0289034962	0.0399159142	0.0024191259	0.173338149	0.1053454978	0.0525015233	-0.0047624087	-0.0657404218	-0.1947305888	0.0293862118	-0.0818745986	0.0246827018	0.0985880559	-0.016575032	-0.005752178	0.1331147797	0.0020905177	0.0211339983	0.0223144875	-0.1233119088	-0.020670881	-0.0895949039	-0.0461180581	0.0402894002	0.140068142	0.1136989797	-0.0142332402	0.094425697	-0.0205185854	-0.1081346981	-0.1210640807	0.2062627103	-0.1182536866	0.1144731177	-0.1082614433	0.14713	0.028151	0.000792478801	0.0216472369	0.669441	0.1663619999999999	0.4481512524809999	0.0276763150439999	0.895467	0.2619329999999999	0.801861148089	0.0686088964889999	0.0193547	0.0023118999999999	5.3448816099999935e-06	0.0003746044120899	-0.00187603	-0.00083505	3.5194885609000004e-06	6.973085025000003e-07	0.000958693	-0.000156347	9.19092268249e-07	2.4444384409000013e-08	0.0	0.0	0.0	0.0	0.0	0.0	0.0	0.0	0.0	0.0	0.0	0.0	0.0	0.0	0.0	0.0	0.0	0.0	0.0	0.0	0.0	0.0	1.0	0.0	0.0
295.01916578980354	-0.286947637405035	87036.30818331159	0.0823389466123314	330.56666180839784	-1.1361197208042313	109274.31789914767	1.2907680200002845	212.4794731376976	0.0424656141672414	45147.52650487355	0.001803328386601	212.57495834889951	393.119795711278	1.274852	38.087532	0.516793	0.257642	0.0151999042	-0.0733554124	-0.072095512	-0.0070753176	0.0144637129	0.132183868	0.0594341136	0.1107473672	0.0528041592	-0.0035412937	0.1039326139	0.1337465568	-0.0427613027	-0.0208649243	0.0250882087	-0.0891532987	-0.0230871201	-0.0717133968	0.0027517842	0.042727189	-0.0791878598	-0.0068506464	0.0386234206	0.0005498201	-0.0519040705	0.1259357844	-0.0185589115	-0.0064873207	-0.0726082115	-0.0797243443	0.0024225128	0.117130115	0.0573644196	0.0882263506	-0.0217298654	0.0558146396	0.0206593177	-0.0317725267	-0.0199751588	-0.0489816518	0.0244958227	0.0046992982	-0.0935894169	0.0570341651	0.1179199102	-0.064259366	0.0682947147	0.0661979853	-0.0434986754	0.0555948674	-0.0590718059	-0.0380613328	-0.0312113416	0.065919192	-0.0281528149	0.0965190641	-0.0476390536	-0.0164960037	-0.0122161708	0.1043937679	-0.0643554531	-0.0123693715	-0.110206579	-0.0122948622	0.0371604117	-0.0341573017	0.0709634805	0.0726972825	-0.0218729213	0.0498445581	0.0278117093	-0.062781821	-0.1372124566	-0.0634094548	-0.0283004575	0.1087148688	0.0885231416	-0.0512470636	-0.1532125959	-0.0518299083	0.006294856	0.0126305975	0.0018211142	0.0560929025	-0.0361128884	-0.0283676294	-0.0905674062	0.0284217182	0.0206926582	0.0588209715	-0.0835489291	0.0690824598	0.0484374574	0.1489023673	-0.033145825	0.0365670839	-0.1118023965	-0.037351682	0.0553769556	-0.0879647161	0.1162706589	-0.0058494673	-0.0644784329	0.0598472794	-0.0707907648	0.0228643842	-0.0742295346	0.0365446201	0.047222958	-0.0175079556	0.0544652597	0.0959391611	0.0625285299	-0.143697202	-0.0262461456	0.0705557369	0.0114252469	0.0790852567	-0.0490546549	0.2232533481	0.0815572288	-0.1411663622	-0.0570968934	-0.0526767739	0.04962473	-0.043293568	0.0533368452	-0.0007999724	0.1192885139	-0.0430308672	-0.1186137044	0.1159000657	-0.1114232278	0.121174	-0.025956	0.000673713936	0.014683138276	0.509363	-0.1600779999999999	0.259450665769	0.0256249660839999	0.692495	-0.202972	0.479549325025	0.041197632784	0.0176196	-0.0017350999999999	3.0105720099999995e-06	0.0003104503041599	-0.00109659	0.00077944	1.2025096280999998e-06	6.075267136000003e-07	0.000999893	4.119999999999992e-05	9.99786011449e-07	1.697439999999993e-09	0.0	0.0	0.0	0.0	0.0	0.0	0.0	0.0	0.0	0.0	0.0	0.0	0.0	0.0	0.0	0.0	0.0	0.0	0.0	0.0	0.0	0.0	0.0	1.0	0.0
294.5292570597747	-0.4899087300288443	86747.48326418284	0.240010563758475	330.0454515400645	-0.5212102683333342	108930.00008228509	0.2716601438161062	212.2206727463678	-0.2588003913297996	45037.613940920935	0.0669776425524574	212.4887908042406	404.3700150485785	1.397747	41.759155	0.4234793	0.208514	-0.1747139198	-0.0794561411	-0.0028340502	0.0392251576	0.1365042639	-0.0443936432	-0.0246035493	-0.0937335687	-0.1926695725	-0.0346525023	0.0194962814	0.0408184581	0.0065647824	0.0659377309	0.0953824486	-0.0235138447	0.0673370228	0.0883406918	0.0058898071	-0.0307950539	0.0312244813	-0.0228925397	0.0685166523	-0.042763414	0.0114732322	-0.0138211341	0.0019788265	-0.0552238233	0.0406123628	0.00194358	0.0662534733	-0.0352395075	-0.1497214133	0.042894718	0.010774474	-0.088447704	-0.1586346145	-0.0084083416	0.0156849474	0.0136968862	-0.0052199006	-0.043728719	0.0001335908	0.0823258315	-0.0579096304	-0.0018571489	-0.047657595	0.0109498029	0.0296036764	0.0116142704	0.0176705931	-0.0427467679	0.1166870366	-0.025505898	-0.0438564896	-0.082894687	-0.0593573852	-0.0669712807	0.0241683387	0.0115481834	-0.031975927	-0.0968896747	0.0199703722	-0.0950156948	-0.0583688156	0.0158911336	-0.0495396607	-0.0319140811	-0.0224390616	0.051798561	0.0543190119	0.0200497478	0.012764505	-0.0193071788	0.0932708676	-0.0674531376	-0.0348868854	-0.0055612187	0.1206670536	0.1859164983	-0.0975053544	0.034424493	0.055615279	-0.0484860169	-0.0975232213	-0.0214113306	-0.0001770958	-0.0424626529	0.0012398093	-0.0373565325	-0.0180059795	0.0570212209	-0.0591616656	-0.0223871534	0.0292661692	-0.1152096535	0.0238217787	-0.0679184435	-0.0437493134	0.0523736972	-0.0171591989	0.0531389729	-0.0472483041	0.0187037218	-0.0354985471	-0.0258199226	-0.1231016236	0.0416355254	-0.0944665255	0.0152716848	0.0528133041	-0.0575837009	-0.0858478424	0.1880288197	0.0885061716	-0.1270690811	-0.1689905298	-0.1635998227	-0.0771944015	-0.0603172197	0.042705096	0.1899073863	-0.1332885848	0.1128385079	-0.0132407455	-0.0171099895	-0.0257620388	0.1239867138	-0.1801781889	0.0568821553	-0.1189139965	0.1170936064	-0.1140802373	0.10408	-0.0170939999999999	0.0002922048359999	0.0108326464	0.609274	0.0999109999999999	0.3712148070759999	0.0099822079209999	0.868351	0.175856	0.754033459201	0.030925332736	0.0196899	0.0020703	4.286142090000003e-06	0.00038769216201	-0.00126571	-0.00016912	1.6020218040999998e-06	2.8601574400000014e-08	0.000626947	-0.000372946	3.93062540809e-07	1.39088718916e-07	0.0	0.0	0.0	0.0	0.0	0.0	0.0	0.0	0.0	0.0	0.0	0.0	0.0	0.0	0.0	0.0	0.0	0.0	0.0	0.0	0.0	0.0	0.0	0.0	0.0
294.83735083857056	0.3080937787958646	86929.06344950634	0.0949217765327151	330.8704791858599	0.8250276457953873	109475.27399668054	0.6806706163266791	212.0751269068939	-0.1455458394738968	44975.859452575154	0.0211835913881613	212.21264059993987	397.9534226117413	1.35989	40.628124	0.2272936499999999	0.113809	-0.0709745595	-0.1777137765	-0.0870313325	0.0478009372	0.0748267336	0.1392711797	0.106060813	0.0083085491	0.1021817721	0.0112859017	-0.0119190918	0.1322499344	-0.0479190833	-0.0937734656	0.1121479466	-0.1092695426	0.0629455939	-0.0231603862	-0.0779179559	-0.0194783336	-0.0244255062	0.0031158408	0.1130664918	-0.0032604314	0.0340080722	-0.0326431532	-0.018325468	0.0192790019	0.0046408464	0.0286032201	0.0510270086	0.028188267	0.0648648674	0.0317128833	-0.0715426922	0.0280768099	0.1785145659	0.0097765431	0.06877609	0.0136167203	-0.0013190962	0.1054549028	0.0381191606	-0.0742352672	0.0939263949	-0.0209864197	0.0461812772	-0.0347388407	-0.0038434434	0.0954191249	0.0664042489	-0.0238094804	-0.1385939148	0.0648527345	0.0186665011	0.0140434103	-0.0011013249	0.0500765296	0.0264871384	0.1261504891	-0.0283920839	-0.091118155	-0.0990577272	-0.0954472381	0.0383073242	0.0432273647	-0.006384992	0.0324895279	0.0028394391	0.0501612975	0.0800567182	0.0078070717	-0.0037636584	0.0342058658	0.0144694043	0.048689674	-0.0355588123	-0.0556719612	-0.1056947827	-0.1845838968	-0.0150585441	-0.0540531572	0.0393501847	-0.0078810405	0.0153059277	0.1329975379	-0.0564884061	0.1025601513	-0.0284919264	0.0317707509	0.0456824682	-0.0232937131	0.0943230849	0.0821280197	-0.0488386103	-0.0063176748	-0.0452109703	0.0826690115	0.0072744151	-0.1034679422	0.071519811	-0.080693703	0.0003956583	-0.0979920375	-0.1238449496	-0.0271582544	-0.139803642	0.0886040597	-0.0221283829	-1.0695e-05	0.1201248069	0.1176469153	0.0597130189	-0.1573415776	-0.0672202067	-0.0103624673	-0.0171536824	0.0913638417	-0.0086374403	0.1829598138	-0.2872820937	-0.1983394576	0.0665423129	0.0017856012	-0.0126269073	-0.0759874247	0.0417278182	-0.1903351615	-0.0140322543	0.0036151411	-0.1191544118	0.1180513362	-0.1162204348	0.141453	0.0373729999999999	0.0013967411289999	0.020008951209	0.556318	-0.052956	0.309489717124	0.002804337936	0.821917	-0.0464339999999999	0.675547554889	0.0021561163559999	0.0208074	0.0011175	1.2488062500000009e-06	0.00043294789476	-0.00133619	-7.047999999999994e-05	1.7854037160999997e-06	4.967430399999991e-09	0.00124958	0.0006226329999999	1.5614501763999998e-06	3.876718526889999e-07	0.0	0.0	0.0	0.0	0.0	0.0	0.0	0.0	0.0	0.0	0.0	0.0	0.0	0.0	0.0	0.0	0.0	0.0	0.0	0.0	0.0	0.0	0.0	0.0	0.0
294.3055452524679	-0.5318055861026778	86615.75396635242	0.2828171814100126	330.08333050508	-0.7871486807798647	108955.0050773259	0.6196030456534812	211.62302601653207	-0.4521008903617769	44784.30514039383	0.2043952150659114	211.8373138822108	403.18550632498926	1.178019	35.194534	0.4132685	0.220012	-0.1769891998	-0.1627278198	-0.1179912393	0.1316038839	0.2061931443	0.091859693	0.0413795656	-0.0921946274	-0.2250355373	0.0160743997	0.0085506605	-0.0040215005	0.1138931448	-0.0434605207	0.2181833999	-0.1244836089	0.0535352524	0.0636665389	-0.1328028012	-0.0429834785	-0.0793134252	0.1102354401	0.0870953103	-0.0456093886	-0.00947015	-0.0202817622	0.0114976361	-0.0045986208	-0.109637532	0.0870634952	0.1326920152	0.0304299221	-0.0097264963	0.0365587613	-0.0802221413	-0.0307459576	-0.1124640828	-0.0060214134	0.0093386362	0.1366488489	-0.0063812895	-0.0228909067	0.110921453	-0.0740010741	0.0408335401	0.0502038254	0.0435937979	0.0901780641	-0.008011607	-0.0321479541	-0.0506366915	-0.0332566678	-0.1291591961	0.0511939904	-0.0182348265	-0.0690019097	-0.0503176057	0.0023567895	0.0190138379	-0.0558225257	0.0520337014	-0.1935947337	-0.1110576782	-0.1326531223	-0.0012063324	0.1467133293	-0.0033791682	0.0597795565	0.1314356869	0.039976039	0.0620940731	0.0140173388	0.046571913	-0.0125336678	-0.0288826744	0.0641390491	-0.0936030298	-0.1196120086	-0.0158386223	0.1086216177	-0.0116301479	0.0883461158	0.0647191177	-0.0798431435	-0.0463394267	-0.0406182105	0.0518710237	0.0523363007	-0.0895973364	-0.0724761861	0.0408249255	-0.1579932339	0.0178087299	0.0432486551	0.0901668689	-0.0046734482	0.0658809547	-0.0897462974	0.0610477933	-0.0732764842	0.0997801124	-0.0319249992	0.0895790529	-0.0170972195	0.0324363043	0.0155738833	-0.2190944455	0.1078855622	-0.0782056293	0.0040138582	0.1964421234	0.0125058263	-0.0745462274	0.1343394158	0.0607620016	-0.1534909811	0.0295706187	-0.1646772959	-0.2140080124	-0.136208751	-0.0691834738	-0.1009309001	-0.0745791306	0.0208939571	-0.1834059789	-0.0561558797	-0.0021763475	-0.1349448028	0.0748821189	-0.1657210055	-0.1193348294	0.1187713263	-0.1178341246	0.156632	0.0151789999999999	0.0002304020409999	0.024533583424	0.714968	0.15865	0.511179241024	0.0251698225	0.977401	0.1554839999999999	0.955312714801	0.0241752742559999	0.0216573	0.0008499	7.223300100000011e-07	0.00046903864329	-0.00207008	-0.00073389	4.285231206400001e-06	5.385945321000004e-07	0.00115426	-9.531999999999988e-05	1.3323161476000002e-06	9.085902399999977e-09	0.0	0.0	0.0	0.0	0.0	0.0	0.0	0.0	0.0	0.0	0.0	0.0	0.0	0.0	0.0	0.0	0.0	0.0	0.0	0.0	0.0	0.0	0.0	0.0	0.0
295.1005941888464	0.7950489363785209	87084.3606906102	0.6321028112366174	331.2188166507653	1.1354861456852632	109705.90450353328	1.2893287870431749	212.1545169858743	0.5314909693421725	45009.53907750962	0.2824826504922822	212.30129181192385	402.0646002525145	1.18019	35.259407	0.5794030000000001	0.318601	-0.0707748733	-0.1268097726	-0.0437622158	0.0502129669	0.0590518464	0.0425485535	0.0764252576	-0.0632283632	0.0609820328	0.0443619486	-0.0524614735	0.0372613581	-0.0224340007	-0.1936397241	0.044775519	-0.0654602687	0.0130635995	-0.0312631864	-0.0844260098	-0.0559136377	0.0091298174	0.0534157163	0.0862728205	0.0311534235	0.0481915737	-0.0090849707	-0.0333230684	-0.1377959156	-0.0508893796	0.1010731587	0.0020150765	0.0870929498	-0.0364570701	-0.0286954645	0.0372301506	0.0313443677	-0.0109620516	-0.0388061135	0.1157763113	0.0826876197	0.1098581751	0.0569309284	0.0411877509	0.101888884	-0.0629030016	0.074905269	-0.0625707552	0.0590472843	0.0417173156	0.1063182739	-0.0159782226	0.0161870994	-0.0263181419	-0.0108905921	-0.057772413	-0.0051658961	-0.0025400851	-0.0619830159	0.0031735835	-0.012388901	-0.055442814	-0.0270650477	-0.0518629632	-0.0480164344	0.0409404608	0.0605368826	-0.0849209909	-0.0073126929	0.0641083697	-0.0152219521	0.0640647476	0.0709209727	0.0045526407	0.0230215938	0.0829044114	0.1329350689	-0.0150932785	0.0289651988	-0.0764888841	0.0582272409	0.0409129655	-0.0664315169	-0.0578252221	-0.0805913278	-0.1117190836	0.0871991355	-0.0283384826	0.0192992022	-0.1741523579	-0.0105205422	0.0078144335	0.0365150239	-0.1155093303	-0.0898789902	0.0386069723	-0.0945749124	-0.0576113603	-0.0537663995	0.014581451	-0.0299267656	-0.0114367829	-0.0121282795	0.0464474795	-0.0018059064	-0.0453786054	-0.0429568802	-0.0859797365	0.0872668301	-0.0402715955	0.0300089272	0.0990360459	0.1391113283	0.133075013	-0.0656817995	0.019917157	0.0155641038	-0.0692645393	0.0539062386	0.0111591956	0.2149316496	-0.2597430129	-0.0525449943	0.0748183384	0.129750596	-0.0358428651	-0.0438141046	-0.0086551162	-0.0391900545	-0.1833761492	0.0532051493	-0.1194551582	0.1192521267	-0.1189139965	0.148257	-0.0083749999999999	7.014062499999989e-05	0.0219801380489999	0.48704	-0.227928	0.2372079615999999	0.051951173184	0.746846	-0.2305549999999999	0.557778947716	0.0531556080249999	0.0204621	-0.0011952	1.428503040000001e-06	0.00041869753641	-0.00128377	0.00078631	1.6480654129e-06	6.182834161000002e-07	0.00142365	0.00026939	2.0267793225e-06	7.25709721e-08	0.0	0.0	0.0	0.0	0.0	0.0	0.0	0.0	0.0	0.0	0.0	0.0	0.0	0.0	0.0	0.0	0.0	0.0	0.0	0.0	0.0	0.0	0.0	0.0	1.0
294.68525915671194	-0.4153350321344646	86839.40196425848	0.1725031889181368	330.13007735973827	-1.088739291027025	108985.86797754678	1.1853532438260292	211.9918202343366	-0.1626967515377089	44940.53184626728	0.0264702329609229	212.216011972402	402.0901583484052	0.943647	28.192432	0.3412070000000001	0.197492	-0.1290295596	-0.1104012588	-0.0481661693	0.0576815812	0.1389471894	0.0539411391	0.0315486755	-0.0248656315	-0.1296295867	0.0225080126	0.0002094394	0.0100608607	0.0254340678	-0.0036372878	0.1196815385	-0.0921638311	0.0511608015	0.0711065348	-0.0702483562	-0.0690107418	-0.0266159183	0.0095450121	0.0728664121	0.0089056671	0.0032469813	-0.0324555599	-0.0178849546	-0.0084986712	-0.049000394	-0.0031562391	0.0212525273	0.0320784664	0.0620234775	0.0285380298	-0.0623863653	-0.0277934547	-0.029619622	0.0182155344	-0.0014742639	0.0107131554	0.0424604847	0.0681271209	-0.0369798636	0.0304917964	-0.0071561915	0.0310888673	-0.0037263402	0.0261244378	-0.0486181524	0.1062123081	-0.0593616235	0.0443391667	-0.0633723588	0.0384679652	-0.0561175286	0.0499236738	-0.108008004	0.0169356804	-0.0256157181	-0.0610526823	0.0765018394	-0.1024569627	-0.0579119398	-0.1157384849	-0.0291983268	0.0826628656	-0.0443476097	0.0422509085	0.0198186181	0.011749392	0.0683288239	-0.0099012063	0.0253667599	0.0461921957	0.0220594894	0.0620851615	-0.0125786085	-0.0360783021	-0.0185837161	-0.0024877891	0.0256393988	0.0713416506	0.0739682579	-0.0883659179	-0.0279694255	-0.0242223354	-0.0704222731	0.0559743843	-0.0088155752	0.0350746865	-0.018957261	-0.0070870478	-0.0104702345	0.0095442259	-0.0595499449	-0.0297898885	-0.0232145281	-0.1035064198	0.0663079178	-0.0608913604	-0.0031399553	-0.0452171941	0.021531783	0.0878241264	-0.1257696471	0.0047572585	-0.1537332583	0.0570424819	-0.0654107168	-0.0057783643	0.1085784858	0.0067342002	-0.0193207724	0.1124840703	0.0023840296	-0.0771928686	0.0045876165	-0.0945124816	-0.1694052334	-0.0780648387	-0.0346906234	-0.1165043835	-0.1521757593	-0.0446714611	-0.1279102397	-0.026154894	0.1009706936	0.0331417553	0.0382466805	-0.1197946838	-0.1195153378	0.1194927693	-0.1194551582	0.150114	0.0018569999999999	3.448448999999991e-06	0.022534212996	0.602341	0.115301	0.362814680281	0.013294320601	0.869359	0.1225129999999999	0.755785070881	0.0150094351689999	0.0191701	-0.001292	1.669264000000004e-06	0.0003674927340099	-0.00162125	-0.00033748	2.6284515625000003e-06	1.1389275040000001e-07	0.00102241	-0.00040124	1.0453222081e-06	1.609935376e-07	0.0	0.0	0.0	0.0	0.0	0.0	0.0	0.0	0.0	0.0	0.0	0.0	0.0	0.0	0.0	0.0	0.0	0.0	0.0	0.0	0.0	0.0	0.0	0.0	0.0
