global_signal	global_signal_derivative1	global_signal_derivative1_power2	global_signal_power2	csf	csf_derivative1	csf_derivative1_power2	csf_power2	white_matter	white_matter_derivative1	white_matter_derivative1_power2	white_matter_power2	csf_wm	tcompcor	std_dvars	dvars	framewise_displacement	rmsd	t_comp_cor_00	t_comp_cor_01	t_comp_cor_02	t_comp_cor_03	c_comp_cor_00	c_comp_cor_01	c_comp_cor_02	c_comp_cor_03	c_comp_cor_04	c_comp_cor_05	c_comp_cor_06	c_comp_cor_07	c_comp_cor_08	c_comp_cor_09	c_comp_cor_10	w_comp_cor_00	w_comp_cor_01	w_comp_cor_02	w_comp_cor_03	w_comp_cor_04	w_comp_cor_05	w_comp_cor_06	w_comp_cor_07	w_comp_cor_08	w_comp_cor_09	w_comp_cor_10	w_comp_cor_11	w_comp_cor_12	w_comp_cor_13	w_comp_cor_14	w_comp_cor_15	w_comp_cor_16	w_comp_cor_17	w_comp_cor_18	w_comp_cor_19	w_comp_cor_20	w_comp_cor_21	w_comp_cor_22	w_comp_cor_23	w_comp_cor_24	w_comp_cor_25	w_comp_cor_26	w_comp_cor_27	w_comp_cor_28	w_comp_cor_29	w_comp_cor_30	w_comp_cor_31	w_comp_cor_32	w_comp_cor_33	w_comp_cor_34	w_comp_cor_35	w_comp_cor_36	w_comp_cor_37	w_comp_cor_38	w_comp_cor_39	w_comp_cor_40	w_comp_cor_41	w_comp_cor_42	w_comp_cor_43	w_comp_cor_44	w_comp_cor_45	w_comp_cor_46	w_comp_cor_47	w_comp_cor_48	w_comp_cor_49	w_comp_cor_50	a_comp_cor_00	a_comp_cor_01	a_comp_cor_02	a_comp_cor_03	a_comp_cor_04	a_comp_cor_05	a_comp_cor_06	a_comp_cor_07	a_comp_cor_08	a_comp_cor_09	a_comp_cor_10	a_comp_cor_11	a_comp_cor_12	a_comp_cor_13	a_comp_cor_14	a_comp_cor_15	a_comp_cor_16	a_comp_cor_17	a_comp_cor_18	a_comp_cor_19	a_comp_cor_20	a_comp_cor_21	a_comp_cor_22	a_comp_cor_23	a_comp_cor_24	a_comp_cor_25	a_comp_cor_26	a_comp_cor_27	a_comp_cor_28	a_comp_cor_29	a_comp_cor_30	a_comp_cor_31	a_comp_cor_32	a_comp_cor_33	a_comp_cor_34	a_comp_cor_35	a_comp_cor_36	a_comp_cor_37	a_comp_cor_38	a_comp_cor_39	a_comp_cor_40	a_comp_cor_41	a_comp_cor_42	a_comp_cor_43	a_comp_cor_44	a_comp_cor_45	a_comp_cor_46	a_comp_cor_47	a_comp_cor_48	a_comp_cor_49	a_comp_cor_50	edge_comp_00	edge_comp_01	edge_comp_02	edge_comp_03	edge_comp_04	edge_comp_05	edge_comp_06	edge_comp_07	edge_comp_08	edge_comp_09	edge_comp_10	edge_comp_11	edge_comp_12	edge_comp_13	edge_comp_14	edge_comp_15	edge_comp_16	edge_comp_17	edge_comp_18	edge_comp_19	edge_comp_20	edge_comp_21	edge_comp_22	edge_comp_23	cosine00	cosine01	cosine02	trans_x	trans_x_derivative1	trans_x_power2	trans_x_derivative1_power2	trans_y	trans_y_derivative1	trans_y_derivative1_power2	trans_y_power2	trans_z	trans_z_derivative1	trans_z_power2	trans_z_derivative1_power2	rot_x	rot_x_derivative1	rot_x_derivative1_power2	rot_x_power2	rot_y	rot_y_derivative1	rot_y_derivative1_power2	rot_y_power2	rot_z	rot_z_derivative1	rot_z_power2	rot_z_derivative1_power2	motion_outlier00	motion_outlier01	motion_outlier02	motion_outlier03	motion_outlier04	motion_outlier05	motion_outlier06	motion_outlier07	motion_outlier08	motion_outlier09	motion_outlier10	motion_outlier11	motion_outlier12	motion_outlier13	motion_outlier14	motion_outlier15	motion_outlier16	motion_outlier17	motion_outlier18	motion_outlier19	motion_outlier20	motion_outlier21	motion_outlier22	motion_outlier23	motion_outlier24	motion_outlier25	motion_outlier26	motion_outlier27	motion_outlier28	motion_outlier29	motion_outlier30	motion_outlier31	motion_outlier32	motion_outlier33	motion_outlier34	motion_outlier35	motion_outlier36	motion_outlier37	motion_outlier38	motion_outlier39	motion_outlier40	motion_outlier41	motion_outlier42
332.2575200416721	n/a	n/a	110395.05962424212	375.34408214108254	n/a	n/a	140883.1799983317	227.3613749726988	n/a	n/a	51693.19482947615	227.0033040487613	396.66011812355566	n/a	n/a	n/a	n/a	-0.0122817159	-0.0712750304	0.0368011852	-0.0158687207	-0.1310962966	0.3617172424	-0.0887130721	0.1577963098	-0.6528552581	0.3061102188	-0.0672564078	-0.0701815979	0.1066551729	-0.1450677354	0.0140936263	-0.0071289167	0.0182687347	-0.1504335983	0.0065584355	-0.1091524485	0.1847236565	-0.0038521424	0.0684138581	-0.0027506088	0.0722506792	-0.0706323564	0.0574199805	-0.1261490086	0.0501887222	-0.0282839014	0.0810468985	-0.0833107438	0.1127908	-0.0817320718	0.0008402482	-0.0415751775	-0.0040931406	0.141181758	-0.0666428792	0.0149780187	0.0747580425	-0.009706766	-0.101927071	0.0409865165	0.0037775119	0.0345676343	-0.0595062051	0.1226297942	0.0077263538	-0.130149172	-0.099394449	-0.0160013901	0.101737339	0.0287167016	-0.0500843029	-0.0475483056	0.1016062191	0.0068431951	0.0009690948	0.0050797775	0.0520413606	-0.1780107479	0.0860661634	0.0748863127	0.0246764304	-0.1658135164	0.005051054	-0.0237751271	0.1529983571	-0.0056858078	-0.12032529	0.1717672385	-0.0365973908	0.0706335613	-0.0703423031	0.0137087123	-0.1026320824	0.0540802111	-0.1284931055	0.0299001619	-0.0023203495	0.0669156524	-0.1032159563	0.1118016031	-0.0876399485	0.0184022664	-0.0203523953	0.0272081906	0.0468317509	-0.1637329905	0.0414414255	-0.0755906032	-0.0388339142	0.0396625138	0.0145354929	0.0376436414	-0.0959233079	-0.0158982391	0.1417913625	-0.0235634639	-0.1158299818	0.0246643851	0.1239438331	-0.0962764669	-0.0018634206	-0.0494676865	0.0030447325	0.0118860278	0.1003019184	-0.0359856562	-0.1560923871	0.1243533755	0.0496341756	0.0001028123	0.0106725545	0.0037621143	-0.138608464	0.0275900265	-0.0427652558	0.0416570201	-0.0386175146	0.1279112942	-0.0899571124	0.0259639302	-0.2041512029	0.1241059624	-0.1883184849	0.070491401	-0.1010050645	0.0160569931	-0.1084463464	0.0987143078	-0.0487418044	0.0085383244	-0.1771386164	0.0670107306	-0.2382739426	0.0134518793	-0.0238084911	0.186791109	-0.0635566913	0.1195153378	0.1194927693	0.1194551582	-0.0143129	n/a	0.00020485910641	n/a	-0.0421272	n/a	n/a	0.0017747009798399	-0.0448448	n/a	0.0020110560870399	n/a	9.1452e-05	n/a	n/a	8.363468304000001e-09	-1.7178e-05	n/a	n/a	2.95083684e-10	-0.000341785	n/a	1.16816986225e-07	n/a	0.0	0.0	0.0	0.0	0.0	0.0	0.0	0.0	0.0	0.0	0.0	0.0	0.0	0.0	0.0	0.0	0.0	0.0	0.0	0.0	0.0	0.0	0.0	0.0	0.0	0.0	0.0	0.0	0.0	0.0	0.0	0.0	0.0	0.0	0.0	0.0	0.0	0.0	0.0	0.0	0.0	0.0	0.0
331.22636413373925	-1.0311559079328276	1.0632825064647742	109710.90429725643	368.2721345504658	-7.07194759061673	50.012442724429775	135624.36508635638	227.22958838740124	-0.1317865852975615	0.0173677040643914	51633.285838707794	226.8641694484133	391.0177774614522	1.233594	27.277678	0.0693584149999999	0.0424821	0.025186238	-0.026039088	-0.0855394315	-0.1221858947	0.0712637355	0.0677017846	-0.0840466427	-0.0333068161	-0.2990766321	0.1304078811	-0.2218093969	-0.0268085246	0.0253218214	0.0462121246	0.0463659848	-0.0436024378	0.0160506745	-0.1241245422	0.1304310305	0.0632078308	0.041383606	0.1021487691	-0.1313000085	0.0277540665	0.0439187538	-0.0412757116	0.1887442887	0.0712313486	0.027756284	0.0849569942	-0.0291987327	-0.0363085017	0.0774795268	-0.0813658481	0.0084179284	0.0955858772	-0.0681088181	0.1142420202	0.0258974603	-0.0118151042	0.1120108992	0.0566343755	-0.073391084	0.0976885141	0.0664231697	-0.0929467518	0.1053565858	-0.0003884153	0.0065358438	-0.1691566457	-0.0310870886	-0.0570181742	-0.0600621271	-0.0820839702	0.0717125927	-0.0457026453	0.1526339149	0.0835583455	-0.1386784824	0.058847057	0.0198111882	0.0090342263	0.0592940176	0.1295993583	-0.0519459411	0.1120267989	0.0442132173	-0.0291415579	0.1295179972	0.1284203279	0.0671409683	0.0327368811	-0.1042619029	-0.1109554003	0.0023863106	-0.0515669944	-0.0879416801	0.1810367961	0.0664763494	0.0033841633	-0.1041231419	-0.0280554536	-0.0588847595	0.0537218637	-0.0728467232	0.0206809189	0.0727698901	-0.0835421581	-0.0240318138	-0.0838971346	0.0423669583	-0.1392481229	0.0594249854	0.0303662731	-0.1362453675	-0.0975421448	-0.0105157302	0.0976440395	0.0413128911	0.016088231	-0.1615656005	-0.039259655	0.0529076396	0.0541233944	-0.0761011268	0.0743881619	0.0200995589	-0.1125954608	0.1462151369	0.1241340498	-0.0502845225	0.0447127857	0.0213179781	-0.1315779578	0.0717869014	-0.0638933759	0.1078998092	0.0639397728	-0.1793931736	-0.0936895489	0.1216244116	0.1072646627	-0.0521492798	0.0106016377	-0.1945227598	0.0194933863	-0.1063153955	0.1366398463	0.0761852355	0.1624018943	-0.1010093135	0.0246236922	-0.0845504285	0.2481233253	0.0525067171	-0.1193802987	0.0565999993	-0.2282020207	0.0023343258	0.0018836734	-0.0047109372	0.1194551582	0.1192521267	0.1189139965	-0.00300904	0.0113038599999999	9.0543217216e-06	0.0001277772508995	-0.0618158	-0.0196886	0.00038764096996	0.0038211931296399	-0.0427232	0.0021215999999999	0.00182527181824	4.501186559999976e-06	0.000754063	0.000662611	4.39053337321e-07	5.68611007969e-07	-6.77351e-05	-5.055709999999999e-05	2.556020360409999e-09	4.588043772009999e-09	-0.000330066	1.1718999999999987e-05	1.08943564356e-07	1.3733496099999968e-10	0.0	0.0	0.0	0.0	0.0	0.0	0.0	0.0	0.0	0.0	0.0	0.0	0.0	0.0	0.0	0.0	0.0	0.0	0.0	0.0	0.0	0.0	0.0	0.0	0.0	0.0	0.0	0.0	0.0	0.0	0.0	0.0	0.0	0.0	0.0	0.0	0.0	0.0	0.0	0.0	0.0	0.0	0.0
329.8133823729484	-1.412981760790842	1.9965174563275887	108776.86719228468	364.04548268414186	-4.226651866323948	17.864585999099713	132529.11346272982	227.05413155694663	-0.1754568304546069	0.0307850993531766	51553.578657079226	226.6623353181408	351.29528140530834	2.223429	49.16526	0.083028875	0.0484785	0.0973015246	0.1567760881	0.0906313599	0.0300086136	-0.0480425076	-0.0929067292	0.0301323606	0.0428512551	-0.0894730636	-0.0370710104	-0.0125426458	-0.0642661758	0.0764942472	0.0321883327	-0.0188933121	-0.0664132799	0.0745636046	-0.111257849	-0.0195196052	0.0108846417	0.0645075567	0.0359817878	-0.112536045	-0.0146635995	0.0597317851	0.0311114405	0.1685892238	0.020539641	-0.0385764851	0.1091382155	0.0733794011	-0.1065532208	-0.1048294719	-0.0530361225	0.0502157865	0.1102376185	-0.0818791544	0.0208315737	-0.0055425886	-0.124519347	0.1148182932	0.059095738	0.1731065775	-0.0710611499	-0.0055839592	-0.1310627087	-0.0151639607	-0.0165333084	-0.1239701409	0.0173342241	-0.103826746	-0.1140019668	-0.1377896802	0.0699545229	-0.0349888402	-0.1999290494	0.0087893522	0.0746197948	-0.0140633386	-0.092095782	0.0642669789	0.0736122237	0.1150157295	-0.1234769522	0.0325653599	0.0023167497	0.0653885951	0.0634317824	0.1165405794	-0.0197277863	-0.0005240265	0.0634802835	-0.0435634926	-0.1014249592	-0.0312194114	-0.0016829117	0.0047239215	0.1954145118	0.0266391894	-0.0597496895	-0.0402965635	0.0780882457	-0.1188052006	-0.1077006155	-0.0039441413	0.0370507749	0.0920601346	-0.0788785501	-0.0208173652	0.0047108884	-0.1132305285	-0.1496877878	0.1549428414	-0.1445521948	-0.0037547171	-0.0858620749	0.0865136165	-0.0637978767	-0.0379342718	-0.0752050885	0.0239222134	0.0138680239	0.1379714484	0.1078866143	0.0998572092	0.0275094622	0.2110615034	-0.0142667566	0.0748893777	-0.0180825139	0.0755079859	0.0743918951	-0.1107268746	-0.0469085766	-0.1392617483	-0.0469481994	-0.0554088552	0.1145107005	-0.0400587313	0.0732172891	0.1182212237	0.0351858161	-0.027070034	0.0290991953	-0.171617826	0.1084139991	-0.103718177	0.1198423996	-0.0031736025	0.1815973423	0.1778049459	-0.0700197179	-0.021673224	0.0761773988	0.0698213694	0.014508148	0.0374340096	-0.1763904666	0.0665324133	0.0409405052	-0.0804344312	0.1193348294	0.1187713263	0.1178341246	-0.00308828	-7.923999999999995e-05	9.5374733584e-06	6.278977599999992e-09	-0.0247311	0.0370847	0.00137527497409	0.00061162730721	-0.01421	0.0285132	0.0002019241	0.00081300257424	0.000690247	-6.381600000000007e-05	4.072481856000009e-09	4.7644092100900005e-07	4.55556e-05	0.0001132906999999	1.2834782706489997e-08	2.07531269136e-09	-0.000499994	-0.000169928	2.4999400003600005e-07	2.8875525184000005e-08	1.0	0.0	0.0	0.0	0.0	0.0	0.0	0.0	0.0	0.0	0.0	0.0	0.0	0.0	0.0	0.0	0.0	0.0	0.0	0.0	0.0	0.0	0.0	0.0	0.0	0.0	0.0	0.0	0.0	0.0	0.0	0.0	0.0	0.0	0.0	0.0	0.0	0.0	0.0	0.0	0.0	0.0	0.0
330.72953059409605	0.9161482211476368	0.8393275631119793	109382.02240699112	365.5384945479016	1.4930118637597616	2.2290844253273967	133618.3909963463	227.3237397299741	0.2696081730274784	0.0726885669632147	51676.08264482101	226.9253497430319	386.7879855428615	2.179131	48.185722	0.0771811399999999	0.0393002	0.0452099244	-0.0599369863	-0.0517424115	-0.0492611259	0.0648238653	0.0187293048	0.0322670982	-0.0164464487	-0.0174005169	-0.0964548707	0.0561106263	0.0016875693	0.0356526531	-0.0491397216	-0.1523230437	-0.0220364658	-0.0008162126	-0.1462166451	0.0730069334	0.0165756534	0.1517561558	0.0680093977	0.0228732672	0.0283851352	0.0067045004	0.0655036991	-0.0767075709	-0.0786393968	0.0572372384	-0.0142604839	-0.0759164939	-0.0361789143	0.0248289668	0.1818720886	-0.1105477406	0.0203788466	0.0540266026	-0.0157717262	0.0810890962	0.0280837749	-0.0118547725	0.0186804558	-0.0564068974	0.0192665611	-0.0201099576	-0.1125017895	0.1070904336	-0.1102936156	-0.0883281596	-0.0228522992	-0.1657637251	-0.0603801226	-0.0186093682	0.0567067516	-0.0438320898	0.049837414	-0.0864981961	-0.1354608994	0.1618616925	-0.0304488983	0.104731787	0.0158302808	-0.0239037866	-0.0061331793	-0.0106127858	0.0930941765	0.0235368811	-0.036800237	0.1429679828	0.0620053955	0.0054958083	0.1452396058	-0.0900006676	0.0139664564	-0.0264610888	-0.0187090262	0.062097384	-0.0635726403	-0.0944384779	0.0357969781	-0.0442951136	-0.0432697957	0.0009159062	0.0603984183	0.1677469979	-0.113980993	-0.072111293	-0.0456577547	-0.0905795927	0.0339143905	0.0357734605	0.0234442889	0.0017315513	0.0842064714	-0.0590984608	-0.076700583	0.0723923233	0.0314844366	-0.1123498957	0.0463192963	-0.0282731454	0.0983135246	0.1835695288	0.0534074082	0.0409076589	-0.0720266417	-0.0502711836	0.146021155	-0.0576326392	-0.1509342845	0.042886344	-0.0613099779	-0.0943897623	0.0487905551	0.0015975294	-0.0099214708	0.0411237844	0.0560630343	-0.1179621429	0.0143289858	0.0123634094	0.0961449466	-0.0716602308	0.1783241202	-0.0427378573	0.038781592	-0.1168996094	0.0250305583	0.0201844124	0.0436827482	-0.007109771	0.0065476976	-0.0780340626	-0.1109652254	-0.0566145108	0.0638434044	0.0058429847	0.0588694557	0.1204513051	-0.0564166656	0.0176399251	0.1191544118	0.1180513362	0.1162204348	0.00495164	0.00803992	2.45187386896e-05	6.464031360640001e-05	-0.00531014	0.01942096	0.0003771736873216	2.81975868196e-05	-0.0397808	-0.0255707999999999	0.00158251204864	0.0006538658126399	0.000603869	-8.637799999999991e-05	7.461158883999985e-09	3.6465776916100004e-07	5.81828e-05	1.26272e-05	1.5944617984e-10	3.38523821584e-09	-0.00011601	0.000383984	1.3458320099999998e-08	1.4744371225600006e-07	0.0	1.0	0.0	0.0	0.0	0.0	0.0	0.0	0.0	0.0	0.0	0.0	0.0	0.0	0.0	0.0	0.0	0.0	0.0	0.0	0.0	0.0	0.0	0.0	0.0	0.0	0.0	0.0	0.0	0.0	0.0	0.0	0.0	0.0	0.0	0.0	0.0	0.0	0.0	0.0	0.0	0.0	0.0
330.3563435601544	-0.3731870339416332	0.1392685623021537	109135.31373043478	364.91051516052863	-0.6279793873729886	0.3943581109653541	133159.6840747224	227.37623476287408	0.0524950328999693	0.0027557284791688	51699.952134941625	226.99191884299543	363.062183820147	1.968153	43.520489	0.048253385	0.0228558	0.0786985726	0.0783583773	0.0753594869	-0.02488089	-0.0462394856	-0.1140651842	0.0393925117	-0.0394326114	-0.0336983318	-0.0914033142	0.0557483024	-0.0394511559	-0.0565623554	0.038831881	0.0907788404	0.0022900053	0.1223381523	-0.1382900212	0.0310618234	0.0224447095	0.1105531016	0.0852042559	-0.0407800736	-0.0193365318	-0.0217578202	0.132115109	0.1066570545	0.0281723174	0.0052936605	-0.0874507552	-0.1125533762	-0.0061214775	0.1076915457	0.0481597567	0.0103226828	0.0199732864	0.0984264514	-0.0807425926	0.0592505433	0.0200740392	-0.1457810526	-0.0662792823	0.0802766996	0.0095717525	0.0184145362	-0.0667700819	-0.1114471724	0.0551288133	0.0298040125	-0.024741263	0.1244034329	0.1438557943	0.1076648063	0.0280209292	-0.0299869224	-0.0745045864	0.0181989344	-0.0069544943	-0.0681997549	-0.0047366975	-0.0383064424	-0.0195688575	-0.0435801379	-0.0450980938	0.0233939313	-0.0206356992	-0.0026631944	0.0988470888	0.1521649967	0.0366662093	0.0054139487	0.1060918844	-0.0932766041	-0.0388412147	0.0382283658	0.0084755793	0.1137332688	0.113617018	0.0124837607	0.0543004935	0.009325543	-0.1355474854	0.0196673575	0.1212576483	0.0440856611	0.0449549027	-0.0689586455	-0.0427584434	-0.0520043551	0.0947195134	-0.0362862182	0.133428307	-0.0842906369	-0.0743197781	-0.0400757721	-0.0223185863	-0.0159296093	-0.1268540824	0.0518441617	-0.0603909133	-0.0095797354	0.0500043208	-0.1781405736	-0.1374297072	0.0139116907	-0.0045266829	0.0475971254	0.0052831737	0.0441804562	0.0636669408	-0.020432247	0.0097512073	0.0176373353	0.0418626922	0.0090493832	0.039786727	-0.0675687489	0.0880496498	-0.0606659898	0.1065838634	0.1024361216	0.138798497	0.0799471759	-0.0183867983	-0.1347002544	-0.0082215159	0.0438798741	0.0757749709	-0.020375638	0.1519881913	0.0706709187	0.0086460616	0.0236203676	-0.0282937326	0.0450469274	-0.0263244719	0.0108491814	0.0117253294	0.1251375276	-0.0752046429	0.0167518672	0.1189139965	0.1170936064	0.1140802373	0.00468078	-0.00027086	2.19097014084e-05	7.33651396000002e-08	-0.0103441	-0.00503396	2.5340753281600004e-05	0.00010700040481	-0.0223677	0.0174130999999999	0.00050031400329	0.0003032160516099	0.000754063	0.0001501939999999	2.2558237635999998e-08	5.68611007969e-07	0.000248156	0.0001899731999999	3.608981671824e-08	6.158140033599999e-08	5.45321e-05	0.0001705421	2.97374993041e-09	2.908460787241e-08	0.0	0.0	1.0	0.0	0.0	0.0	0.0	0.0	0.0	0.0	0.0	0.0	0.0	0.0	0.0	0.0	0.0	0.0	0.0	0.0	0.0	0.0	0.0	0.0	0.0	0.0	0.0	0.0	0.0	0.0	0.0	0.0	0.0	0.0	0.0	0.0	0.0	0.0	0.0	0.0	0.0	0.0	0.0
330.44585235627056	0.0895087961161493	0.0080118245821623	109194.46133946216	364.7002227911213	-0.210292369407341	0.0442228806309536	133006.2525038935	227.57437071117343	0.1981359482993525	0.0392578540084837	51790.09420458659	227.1688125549616	362.2692201832605	1.378404	30.479755	0.05851194	0.0286819	0.0860423721	0.025395199	0.1258242842	-0.0816202777	0.0356067309	0.036048742	0.0821755076	0.0742819481	0.0846828426	-0.1642494216	0.0194162453	0.005105662	0.1140412573	-0.0788923037	-0.0799850621	0.0556352493	-0.0304605012	-0.1896900947	0.048285094	-0.0333833452	0.153858803	-0.1069025923	0.0277068789	0.0499631376	0.0271491004	0.097441321	-0.0376283256	-0.0788643046	0.1784865982	-0.0030808178	0.102601665	0.1501250839	0.0148142103	0.043398444	0.0664789642	-0.0334730081	0.0433537087	-0.0074322101	-0.0631667151	0.0224030188	0.0117964638	0.1056039968	-0.0212605454	0.0076225833	-0.0083359285	0.1224352365	-0.0351419322	0.0273292386	0.0950776249	0.0081784076	0.0837167165	-0.0438431322	-0.0504390548	0.0824210929	0.0117881179	0.0277148713	0.0866539599	-0.0554582952	0.055580104	-0.111438877	-0.0640330534	-0.0869810045	-0.0977781529	-0.1415351423	-0.085761186	-0.0408820493	-0.054730299	-0.0688134583	0.1800598835	0.0254904839	-0.0517274557	0.1699760137	0.0855710345	0.0173691519	-0.0566230234	-0.0275407994	0.0973278171	-0.0257795889	-0.0945235754	0.1496334561	-0.0451720068	0.140772087	0.1557165755	-0.0022231285	0.0307126904	0.0666506848	-0.029233297	0.0269391561	0.0692558636	-0.0162365743	0.0303981551	0.0212015998	0.0796826123	0.0799366813	0.0546064532	0.1028162554	-0.0506768113	0.0184008725	0.0245948422	0.0302823728	-0.0057485649	-0.137528159	-0.0540009549	0.0080500303	0.107160704	-0.0089410184	-0.0515058163	0.0263607989	0.0658173226	-0.0543065469	0.0971452229	0.0474881302	0.0867164488	0.1886097027	-0.0437097586	-0.0472801661	-0.0473079114	0.0510033944	-0.1595573778	0.1156998405	0.0219743331	0.011004399	-0.1273166318	0.1138264072	-0.0295302684	0.1346743504	-0.0505129119	-0.0188832964	-0.027376303	0.0514609716	0.0325997709	0.0354505829	0.0639978798	-0.1683337795	-0.0921059867	0.0402958422	-0.0293588415	0.0971785648	-0.040596465	-0.0569063798	0.0160145242	0.1186137044	0.1159000657	0.1114232278	0.0131376	0.00845682	0.0001725965337599	7.15178045124e-05	-0.0173601	-0.007016	4.9224256e-05	0.00030137307201	-0.0333569	-0.0109892	0.00111268277761	0.00012076251664	0.00114439	0.0003903269999999	1.523551669289999e-07	1.3096284720999995e-06	5.20167e-05	-0.0001961392999999	3.847062500448999e-08	2.70573707889e-09	0.0	-5.45321e-05	0.0	2.97374993041e-09	0.0	0.0	0.0	0.0	0.0	0.0	0.0	0.0	0.0	0.0	0.0	0.0	0.0	0.0	0.0	0.0	0.0	0.0	0.0	0.0	0.0	0.0	0.0	0.0	0.0	0.0	0.0	0.0	0.0	0.0	0.0	0.0	0.0	0.0	0.0	0.0	0.0	0.0	0.0	0.0	0.0	0.0	0.0
330.4683669514073	0.0225145951367267	0.0005069069941707	109209.34155553	364.61907744183634	-0.0811453492849523	0.0065845677105769	132947.07163453585	227.5556205801541	-0.0187501310193169	0.0003515674132415	51781.56045761906	227.173896448494	363.6355674968571	1.210698	26.771383	0.0701507149999999	0.037621	0.0827442456	0.0811863642	-0.0014632206	-0.1434093204	0.104583338	-0.0865698235	0.006074462	-0.0544108295	0.0034700688	-0.0384877041	-0.0478790891	-0.0726317062	-0.2040527787	-0.0495906478	-0.0207697422	0.0168695332	0.0936598788	-0.1840624436	0.1003409253	0.0108111302	-0.0138158942	0.1701745148	0.0511607259	0.0260709324	-0.1092302192	-0.062326896	-0.0120795901	0.0677471639	0.0955443345	0.0406074165	0.017618476	0.0634014419	-0.1151959977	0.1163402405	-0.0019654153	-0.1005800311	-0.0288934321	0.0242862439	0.0368150567	-0.087110064	0.1278608075	0.0371201768	-0.1195657495	0.0750769445	-0.1068243038	0.0329104433	-0.0863336039	-0.0980857314	0.0061145285	0.1480010837	0.0801411719	0.0428158034	0.0235343905	-0.1033828845	0.0895392252	0.0681187079	-0.1180781153	-0.0045578952	-0.0875532977	0.0274238223	0.0522064968	0.0552885695	-0.0451965264	0.0745153747	0.0532012716	-0.0127497511	-0.0146335052	0.043666949	0.1975954133	0.1150274571	0.0100635866	-0.0288570705	-0.1626541305	0.0540317894	0.1185414778	-0.0293772258	-0.0463486311	-0.0328170449	0.0630952529	0.0568728726	-0.0494683582	0.0594922149	0.0719926439	-0.093857115	0.0972605411	-0.0668396015	0.0155830514	0.1277947077	-0.0066743183	-0.0218524861	-0.0560935847	-0.135954216	-0.0219524411	0.1719428592	-0.0384090198	0.1390833396	0.0316531078	-0.0598635623	-0.0937736733	0.029340124	0.0904760859	-0.0033735348	-0.0835498629	-0.0015631575	-0.0966660825	0.0865944504	-0.0582110412	0.0098937344	-0.1144106593	0.0989284355	-0.0011469985	-0.0305665037	-0.0971142902	-0.021266865	0.0467352453	0.0678487415	0.0145896512	0.1125163284	-0.1011906289	0.0164857474	0.0582304436	0.1621699997	0.0741514569	0.1389369372	-0.0460266972	-0.0964624169	0.0452472522	0.0500965098	0.0204639581	0.0165793436	-0.0529560936	0.0477797105	0.0362803458	-0.0158675796	-0.1214566919	-0.0676250816	0.076760757	-0.0164528679	-0.1573835356	-0.0677307328	0.0419487316	0.1182536866	0.1144731177	0.1082614433	0.00985179	-0.00328581	9.705776620409998e-05	1.07965473561e-05	0.00791734	0.0252774399999999	0.0006389489729535	6.26842726756e-05	-0.0228133	0.0105436	0.00052044665689	0.00011116750096	0.000754063	-0.0003903269999999	1.523551669289999e-07	5.68611007969e-07	0.000112294	6.0277300000000006e-05	3.6333528952900007e-09	1.2609942436000002e-08	0.000170273	0.000170273	2.8992894529e-08	2.8992894529e-08	0.0	0.0	0.0	0.0	0.0	0.0	0.0	0.0	0.0	0.0	0.0	0.0	0.0	0.0	0.0	0.0	0.0	0.0	0.0	0.0	0.0	0.0	0.0	0.0	0.0	0.0	0.0	0.0	0.0	0.0	0.0	0.0	0.0	0.0	0.0	0.0	0.0	0.0	0.0	0.0	0.0	0.0	0.0
330.4362310478412	-0.0321359035660862	0.0010327162980087	109188.1027891023	365.9466282338904	1.327550792054069	1.762391105483386	133916.9347157532	227.3683986084401	-0.187221971714024	0.0350520666924868	51696.3886857665	226.97421851686664	366.1381915248216	1.212008	26.800346	0.0539805449999999	0.0358199	0.0675152437	0.0328641755	0.1365130704	0.0132190425	-0.1194469144	-0.0721098746	0.0561946267	0.0199522082	0.0143851311	-0.1209160481	-0.0179689151	-0.011202588	0.076359269	0.1327648481	0.0999429098	0.0175114924	0.1045924524	-0.1115880022	-0.1562877074	-0.025698611	0.0953138337	-0.0743165744	-0.0857465191	0.0987598946	-0.0400134801	-0.1435254769	0.0629751252	0.0573723425	0.0275169922	-0.0932625153	0.0455101395	0.0152874108	-0.0017850266	-0.0836102294	0.092700852	0.0218933677	-0.2270077672	-0.0112433492	0.1887544484	0.0392456059	-0.0202559326	-0.0355497892	0.0238786199	-0.0217361839	-0.0044511837	-0.0724669704	-0.0746973491	0.0087054697	-0.0750835521	-0.047079781	0.0394892671	-0.0029414318	0.0237783237	-0.0324328101	0.0175690981	0.0934029456	-0.1016832355	0.0086481027	-0.0229880698	-0.0076924554	-0.155610148	-0.0240433861	-0.1640041783	0.0297540159	-0.0904022516	-0.0871565831	-0.0188748936	0.1087713955	0.1206810961	-0.14129265	-0.0501293274	0.0995006356	0.0522762117	-0.073849314	0.0586232993	-0.12981676	-0.1443735606	0.0269664939	0.0418967479	0.0774983266	0.0866761485	0.0171535137	0.0141264686	-0.0130365951	-0.0917427023	0.0516756393	0.2027882858	0.0656797432	-0.173262147	0.0433896922	0.0442866745	-0.021455975	-0.0175723071	-0.0597641008	-0.0549909951	-0.0662138905	0.0061889065	-0.0851404856	0.0023894142	-0.1042802005	-0.0086201637	-0.0171613901	0.0005625921	-0.0077094975	-0.0700474701	-0.0006319547	-0.0558990286	0.0082705374	-0.1343222414	0.0518212098	0.0581327798	-0.0431868553	0.1324126198	0.1227924351	0.1090839587	-0.0144167842	-0.0546694169	0.0496103958	-0.0576123019	0.1865018573	0.0760903457	0.0738648913	0.0019046075	-0.079097752	-0.0319582399	0.1093561505	0.0350873163	-0.0128748408	-0.0825891547	0.0603932754	0.0102433375	0.085361658	-0.0345369681	-0.1250104446	-0.0791201279	0.0859671679	0.1578119197	0.1376419156	0.0232830509	-0.1178039283	0.1326468961	0.1178341246	0.112815636	0.1046092073	0.0132316	0.00337981	0.00017507523856	1.1423115636100004e-05	-0.0247551	-0.03267244	0.0010674883355535	0.00061281497601	-0.0291014	-0.0062880999999999	0.00084689148196	3.954020160999997e-05	0.000930359	0.0001762959999999	3.1080279615999983e-08	8.65567868881e-07	8.63411e-05	-2.5952900000000007e-05	6.735530184100004e-10	7.45478554921e-09	0.000139718	-3.055500000000001e-05	1.9521119524e-08	9.336080250000002e-10	0.0	0.0	0.0	0.0	0.0	0.0	0.0	0.0	0.0	0.0	0.0	0.0	0.0	0.0	0.0	0.0	0.0	0.0	0.0	0.0	0.0	0.0	0.0	0.0	0.0	0.0	0.0	0.0	0.0	0.0	0.0	0.0	0.0	0.0	0.0	0.0	0.0	0.0	0.0	0.0	0.0	0.0	0.0
330.75213579234827	0.3159047445070655	0.0997958076020743	109396.9753312	365.6183212254671	-0.3283070084232804	0.1077854917798439	133676.75681572888	227.16476811257047	-0.2036304958696178	0.0414653788481064	51603.83187163792	226.78080432749348	389.50457849109847	2.037778	45.060078	0.0769779399999999	0.036635	0.0350527481	-0.0935443911	-0.0266503415	-0.1185035505	0.083113467	0.0593539286	0.054864267	-0.0307871165	0.0429672795	-0.1593055743	-0.0707417295	0.0330245604	0.0679364895	0.0264720473	-0.0345404986	-0.039951686	-0.1505151603	0.0604708518	0.0525982944	0.0593678569	-0.1078158838	-0.0787258921	0.0058881084	-0.0112336474	-0.0017392562	0.034885266	0.0415122396	0.0754611424	-0.0044188568	-0.062550812	0.1664751537	-0.009324615	-0.0590118959	0.1385025472	0.0226956033	0.0209457839	-0.0714639528	0.1089011422	0.1661125984	0.0956858991	-0.0726719726	-0.1942730937	0.0141908095	0.0224346926	-0.0844410047	0.1178070174	0.0748007692	0.0166310147	-0.0481324086	0.0261658128	0.0888147435	0.0478500411	-0.0179133224	0.0602971918	0.0468317567	-0.016354245	-0.0478098418	0.1874625324	-0.0226994899	0.11441258	0.1027914505	0.0349068672	0.0767781071	0.0680733139	0.0015804761	0.0549446411	0.0388991936	-0.1445916585	-0.0810816329	0.0265269391	0.0688260885	-0.0836718363	0.1027284685	0.0031506214	-0.0070651144	0.0081448484	0.0464268222	0.0495423056	0.0742500393	0.0545286787	0.1170034504	0.1408155537	0.0096175766	-0.045913444	0.097514881	-0.0190759423	0.0845779911	-0.0165740666	-0.2009223661	-0.0792947413	0.0841402493	0.0498479988	-0.2091369781	-0.0644452451	0.0002170703	0.0932662522	0.0589331578	0.0985571844	-0.0125162823	-0.0579491095	0.0357882153	-0.0061838762	-0.0583791614	0.0017217623	0.0471961175	0.0410638699	0.0320178015	-0.1342442672	-0.0884971493	0.0119584777	-0.1125036269	0.0060814914	-0.1002747969	-0.0995688257	0.0263413473	-0.0236232327	-0.0113566099	-0.0346429038	-0.110851911	-0.0746046071	-0.0228574545	-0.1003082434	-0.0556614457	-0.0079134259	0.1001950439	-0.0975149682	-0.0399821671	-0.0397335048	0.118547595	0.1441995461	-0.1384497327	-0.1125302704	-0.0168212348	-0.0900631783	0.0525302902	0.0617836281	0.0053712137	-0.0216000413	0.0977876526	-0.1391073517	0.0208024317	0.1173552296	0.1109309587	0.1004830656	0.0182513	0.0050197	0.00033310995169	2.519738809000002e-05	-0.0532494	-0.0284943	0.00081192513249	0.00283549860036	-0.0482093	-0.0191078999999999	0.00232413660649	0.0003651118424099	0.000581178	-0.0003491809999999	1.2192737076099997e-07	3.37767867684e-07	-3.00867e-05	-0.0001164278	1.355543261284e-08	9.052095168899999e-10	0.00016123	2.1512000000000007e-05	2.59951129e-08	4.6276614400000025e-10	0.0	0.0	0.0	1.0	0.0	0.0	0.0	0.0	0.0	0.0	0.0	0.0	0.0	0.0	0.0	0.0	0.0	0.0	0.0	0.0	0.0	0.0	0.0	0.0	0.0	0.0	0.0	0.0	0.0	0.0	0.0	0.0	0.0	0.0	0.0	0.0	0.0	0.0	0.0	0.0	0.0	0.0	0.0
330.6336037991205	-0.1185319932277479	0.0140498334185428	109318.5799611938	365.39691790382335	-0.2214033216437769	0.0490194308348977	133514.9076136134	227.1636934227184	-0.0010746898520608	1.154958278122525e-06	51603.3436094508	226.7750430694038	386.6497257484361	1.018297	22.516943	0.046131615	0.025554	0.0438868663	-0.0534015346	-0.0191587056	0.0007642618	-0.0205674996	-0.1160633492	0.0298340577	-0.0615102926	-0.0443185758	-0.0774328956	0.0130144032	0.0456163851	-0.0333488384	-0.1485861735	-0.0180610544	-0.0608997613	0.0466419802	0.0838368007	-0.0164120156	0.0590226554	-0.0663913561	0.0270622856	0.0132763831	-0.1593342286	0.0233955118	0.1658330783	0.1139458731	-0.0775356098	-0.1753455992	-0.0569850734	0.0082595606	0.0291101182	0.0267936149	0.0718017324	-0.0338066505	-0.015633557	0.1084050956	-0.0675693001	0.125059553	-0.0742387108	-0.1404592754	0.0714676356	-0.1391115021	0.159218546	0.0965615882	-0.0396190481	0.0754157632	0.0777225082	0.1148465802	0.1772192178	-0.0308115908	0.0809673154	0.1440458664	0.0443277215	0.0363618025	-0.0607830132	-0.0212335613	0.0520788738	-0.0277804908	-0.0934813395	-0.0007099643	-0.1413661244	-0.0464561583	0.0616620588	-0.0703745025	-0.0825174834	0.0613560618	0.0699910013	-0.0704165885	-0.0043387916	0.0694921307	-0.0647333097	-0.0125556577	-0.0050931817	-0.0133853954	0.1613426296	0.1594405612	0.1466384946	-0.0524418466	-0.1133979891	0.1127867874	-0.0393040684	0.0127560346	0.0373842208	0.0237546332	-0.0034398303	-0.0883828169	-0.0175038354	-0.0876706335	0.0713610962	-0.0732342837	0.1138329591	-0.0290775302	0.2038130326	-0.1797814329	-0.0405237641	-0.0803851711	0.0814901991	0.0762551523	0.1286142207	0.1485945673	0.0818077122	-0.0645154669	-0.148803112	0.0371967727	0.0778109742	0.0343117738	-0.0066174196	-0.0097509218	-0.0082167729	-0.025213561	0.1442367739	0.0350147929	0.0963067336	0.0961903285	-0.0531182183	-0.0341431729	0.0006016697	0.0208497375	0.0014030357	0.058210492	-0.0439317594	0.0970763031	-0.0472644423	0.0787973088	-0.1913238252	-0.0110965463	0.0287689643	0.0291244986	0.1539842785	-0.1299496972	-0.1863007085	0.0008835678	-0.0486896752	-0.0439443312	0.0231004462	-0.0706452678	0.0835081814	0.0447907966	-0.0548560655	0.0387344792	0.1168172427	0.1088228812	0.0959017104	0.00996393	-0.00828737	9.927990104489998e-05	6.868050151690004e-05	-0.0316725	0.0215769	0.00046556261361	0.00100314725625	-0.038037	0.0101722999999999	0.001446813369	0.0001034756872899	0.000614543	3.3364999999999936e-05	1.1132232249999955e-09	3.7766309884900005e-07	-2.30382e-05	7.048500000000002e-06	4.9681352250000026e-11	5.3075865924e-10	7.974259999999998e-05	-8.148740000000002e-05	6.358882254759997e-09	6.640196358760002e-09	0.0	0.0	0.0	0.0	0.0	0.0	0.0	0.0	0.0	0.0	0.0	0.0	0.0	0.0	0.0	0.0	0.0	0.0	0.0	0.0	0.0	0.0	0.0	0.0	0.0	0.0	0.0	0.0	0.0	0.0	0.0	0.0	0.0	0.0	0.0	0.0	0.0	0.0	0.0	0.0	0.0	0.0	0.0
330.5077743787282	-0.1258294203923355	0.0158330430362711	109235.3889247803	366.01630562775887	0.6193877239355174	0.3836411525620207	133967.93598539298	227.1367127004057	-0.0269807223127145	0.0007279593765158	51591.08625634664	226.7485185075376	377.9509346666992	1.599989	35.379528	0.035510625	0.0188306	0.0397862113	-0.0496145013	0.0770169975	0.0311473696	-0.004062483	0.0466408223	0.0819893522	0.0734149617	0.0842759266	-0.0028318225	0.025031762	0.0614504424	-0.0450162682	-0.0461890149	0.1308213435	-0.0225173964	-0.1222192672	0.0660926541	-0.0476581971	-0.0472622791	-0.1133079088	-0.1545363699	-0.0534171726	0.0032788801	-0.1039285962	0.0475060838	-0.1819029796	-0.1048498386	-0.0863689098	0.0276112251	0.102635633	0.1147285768	0.1237873242	-0.0029943416	0.0856716378	0.0889272684	0.0374337697	-0.0795450358	0.0320227759	-0.2150292828	-0.0624436864	-0.0932872484	0.0414261592	-0.1641667117	-0.0631074586	-0.0727632829	-0.063656453	0.0092793123	-0.0078650472	-0.0330109419	-0.0074082106	0.0711871748	-0.0142014958	-0.0643549779	-0.0193168506	-0.0177934115	0.0286969761	-0.0004705374	-0.015708869	0.0183722923	-0.0664242032	0.0363500933	-0.1332766807	0.1113334115	0.0979067465	0.0675643639	0.0221456426	-0.0978869152	-0.0872718104	-0.0645726403	-0.0455739211	-0.1007379246	0.1640315432	-0.0562317458	0.0554452845	-0.0044844472	0.1063110112	-0.1805090278	-0.0933580723	-0.1055435361	0.0485793553	0.1130192985	0.0972765516	0.1155757994	-0.0203400689	0.1072560803	0.0499346861	-0.0677702066	-0.0057372288	0.0978498019	-0.2160413355	-0.0065298936	-0.0549524688	-0.0249272492	0.101618849	-0.095051334	0.0857632035	-0.0937508901	0.0326825397	-0.0234057114	-0.0099739918	0.0468081272	-0.0302171248	0.0289404402	-0.0662283174	-0.0031176169	0.0382979322	-0.0243910373	0.0248851658	0.0450751231	0.0346473964	-0.0596223	0.0526143832	0.0076325186	0.1243319156	0.1407261558	0.0620001036	-0.0397661302	-0.0260917338	0.0415076498	-0.0690031697	-0.1405627963	0.0054881876	-0.159335971	-0.0169841073	-0.0423220343	-0.0146754985	-0.0528673907	-0.0068106551	0.1379640441	-0.0531897269	-0.0030542143	0.1928719004	-0.0012939154	-0.0865852813	-0.073359792	-0.0459082432	0.0753214198	-0.0231230508	-0.0001959075	0.0360412209	0.1162204348	0.1064956489	0.0908858965	0.0079726699999999	-0.00199126	6.356346692889842e-05	3.965116387600394e-06	-0.0420751	-0.0104025999999999	0.0001082140867599	0.0017703140400099	-0.0334711	0.0045659	0.0011203145352099	2.084744281000004e-05	0.000880947	0.000266404	7.097109121600001e-08	7.760676168089999e-07	-4.79089e-05	-2.48707e-05	6.185517184899998e-10	2.2952626992099997e-09	0.0	-7.974259999999998e-05	0.0	6.358882254759997e-09	0.0	0.0	0.0	0.0	1.0	0.0	0.0	0.0	0.0	0.0	0.0	0.0	0.0	0.0	0.0	0.0	0.0	0.0	0.0	0.0	0.0	0.0	0.0	0.0	0.0	0.0	0.0	0.0	0.0	0.0	0.0	0.0	0.0	0.0	0.0	0.0	0.0	0.0	0.0	0.0	0.0	0.0	0.0
330.6055046016578	0.0977302229296128	0.0095511964738718	109299.99967291678	364.809839438112	-1.2064661896468465	1.4555606667609806	133086.21895086108	227.0372954343168	-0.0994172660888921	0.0098837927965895	51545.93351812925	226.66677602988696	387.5699209017792	1.623274	35.894417	0.0410401849999999	0.0237108	0.0181003954	-0.0273259974	-0.0995839523	0.0243983721	0.0989532181	-0.0683156003	0.0174381185	-0.0489297053	0.0791755102	0.0761983355	-0.1210416497	0.0621916382	0.0004693925	-0.0218699257	0.027514638	-0.063147814	-0.0343899762	0.0583904592	0.0070013523	0.0943472448	-0.1758727201	-0.1181771611	-0.0105531451	-0.00722571	-0.0837865595	0.0356221343	-0.1920898471	-0.1737811193	0.0951026103	-0.024013148	-0.0005817954	-0.0118834879	0.0518659691	0.0326352285	-0.0369748977	-0.115632894	0.1242854691	0.0169402773	0.0036597373	0.0668446771	-0.1027591273	-0.0309194711	0.0549484499	0.0370817336	-0.0091870678	-0.1115243658	0.0282565925	-0.0360635739	-0.061629666	-0.0544050368	0.0071589049	-0.025249146	-0.0756313348	0.0621390695	0.0302527427	-0.0032509975	0.0977453713	-0.00662216	-0.0889293413	0.0810998776	-0.0632108853	-0.0106417366	0.1384720214	-0.0917434995	-0.0408396436	0.0307828757	0.0625805894	-0.0181243029	-0.05991205	0.0083720243	0.1018314277	-0.1495565153	0.148604402	-0.0171886666	0.0474518892	0.0102125388	0.0609420679	-0.1964896403	-0.1805687991	0.0471708948	-0.0377411392	0.0237325118	-0.0088400298	0.0504675111	0.0401380184	0.0259558262	-0.1769241595	0.0472647896	-0.0173203602	-0.0444390185	0.0331077401	0.118541802	-0.0285123135	-0.0373051272	-0.070506727	-0.074878277	0.0521153139	-0.0395879831	-0.0314286078	-0.0656964848	-0.0454150893	-0.0059901868	0.0162479024	0.0639629616	0.0742088921	0.0086459896	-0.0302122558	-0.0302062044	0.0978705168	0.088618887	-0.0468066572	-0.0225623285	0.062802396	-0.0720187646	-0.1336269091	-0.1073264485	0.0563528348	0.0022410417	0.0083167903	-0.0906597995	0.0305220224	-0.1272051019	0.0258864035	-0.0296622585	0.156150362	-0.1050053768	-0.0527158134	-0.0805419888	0.0860230926	0.0507957965	-0.0876182466	0.0266948421	0.0688609286	-0.0268314095	-0.1533815178	0.037595702	0.0531793933	0.0079027706	-0.0872122846	-0.0473388423	0.0665393509	0.1155651064	0.1039539485	0.0854583468	0.0115493	0.00357663	0.00013338633049	1.2792282156900712e-05	-0.036616	0.0054590999999999	2.980177280999994e-05	0.001340731456	-0.0301226	0.0033484999999999	0.0009073710307599	1.1212452249999982e-05	0.000497998	-0.0003829489999999	1.4664993660099998e-07	2.4800200800400004e-07	-1.15468e-05	3.63621e-05	1.3222023164099996e-09	1.3332859023999999e-10	0.000153808	0.000153808	2.3656900864e-08	2.3656900864e-08	0.0	0.0	0.0	0.0	0.0	1.0	0.0	0.0	0.0	0.0	0.0	0.0	0.0	0.0	0.0	0.0	0.0	0.0	0.0	0.0	0.0	0.0	0.0	0.0	0.0	0.0	0.0	0.0	0.0	0.0	0.0	0.0	0.0	0.0	0.0	0.0	0.0	0.0	0.0	0.0	0.0	0.0	0.0
330.9728905988314	0.3673859971735851	0.1349724709192294	109543.054311346	366.5576554957652	1.7478160576531536	3.054860971390212	134364.51480255206	227.180351836742	0.1430564024252021	0.0204651342748413	51610.912260665886	226.80410195448167	392.3599450616118	1.008495	22.300194	0.0701320585	0.0392331	-0.0277123128	-0.0404899628	-0.0246906252	0.1816716424	-0.0640888586	-0.014735208	0.0411833076	0.0894299979	0.1259214206	0.1161240837	-0.0187846744	0.1127385394	-0.0948392934	-0.0167660568	0.0815130418	-0.0183113748	-0.0700941758	0.1058576744	-0.1087087999	-0.0502088944	-0.1581373048	-0.0970882865	0.1312657037	-0.0195534838	-0.123100679	-0.1103501675	0.0283289716	-0.0241487768	-0.0237019469	0.0421679519	-0.0668192899	0.1241087383	-0.1085915418	-0.0468787935	-0.0303942875	0.0784641764	0.1731575858	-0.0002458278	0.1920236254	0.0646421947	0.032303292	0.0144647562	0.0084623316	0.0930827489	-0.0047031061	0.0069650746	-0.0980817508	-0.0580955534	-0.0483403317	-0.0682964333	-0.0614360422	-0.0911012331	0.0466898567	-0.1559374005	-0.024206284	0.092733414	-0.1139468245	-0.1891775699	0.0908525253	-0.0105239632	0.1210482757	0.0257210963	-0.0002297587	0.009595264	-0.0155829373	-0.0394107058	0.0174471269	-0.0269728489	-0.1202136405	-0.1140764222	-0.044257723	-0.1508600033	0.1141369455	0.1165298687	0.1394549271	0.0365244873	-0.0903737567	-0.0187639194	-0.0128834142	-0.0659604483	-0.0350131951	-0.0325425411	0.1421436968	-0.0980110936	-0.0344110465	0.0179759606	-0.1481078903	-0.133727869	-0.1503858324	0.0682216418	0.0476515973	-0.0355616541	-0.0036857877	0.023028483	-0.0731475966	0.0951066016	-0.0638161891	-0.0892650481	-0.0622479396	-0.0146422745	-0.03851597	-0.0253412532	0.1119577647	0.0199520251	-0.1819641509	-0.0751613582	-0.1002291285	0.1779654817	-0.0571828617	-0.0843005171	-0.0012445653	-0.0479592284	-0.1035027624	-0.0066880553	0.0138185119	-0.0150751478	-0.0112586396	-0.0652823265	0.1041508408	0.0151806664	-0.105335983	-0.1083603453	0.0287975422	-0.0847723094	0.0701935546	-0.2103061504	-0.0817555297	-0.0143199998	0.0240304123	0.0207598783	-0.0213652568	-0.0179425084	0.0500094218	0.0686499118	-0.1073477436	-0.0747970143	0.0661012192	0.0375862837	-0.0110750094	-0.0214509287	0.071944428	0.1148515874	0.1012028987	0.0796436494	0.00585163	-0.00569767	3.42415736569e-05	3.24634434289e-05	-0.0115573	0.0250587	0.00062793844569	0.0001335711832899	-0.0333651	-0.0032425	0.00111322989801	1.0513806250000017e-05	-4.94317e-06	-0.00050294117	2.529498204809689e-07	2.44349296489e-11	-7.746139999999998e-05	-6.591459999999998e-05	4.344734493159997e-09	6.000268489959997e-09	0.0	-0.000153808	0.0	2.3656900864e-08	0.0	0.0	0.0	0.0	0.0	0.0	0.0	0.0	0.0	0.0	0.0	0.0	0.0	0.0	0.0	0.0	0.0	0.0	0.0	0.0	0.0	0.0	0.0	0.0	0.0	0.0	0.0	0.0	0.0	0.0	0.0	0.0	0.0	0.0	0.0	0.0	0.0	0.0	0.0	0.0	0.0	0.0	0.0
330.9437376522329	-0.0291529465984581	0.0008498942953725	109523.75749122998	365.4748173604876	-1.0828381352775978	1.1725384272114652	133571.84212468177	227.1899140104328	0.0095621736907958	9.143516569294768e-05	51615.25702806785	226.81233262519345	394.6979574173145	1.046071	23.131102	0.0464543735	0.029096	-0.0553008799	0.0133423974	-0.1582951775	0.0562219316	0.1326554916	-0.0162184163	-0.0299913131	-0.0166404587	0.1312684228	0.2009315335	0.0334978393	-0.0352416142	-0.0188206961	0.0687946308	0.1164244292	-0.0371105204	-0.0689897514	0.1072042494	0.0496275973	-0.058347672	-0.3082554303	-0.128550213	0.0946542537	0.0274940507	0.1166000188	-0.1169046944	0.0322663612	-0.0252266851	0.0535087874	0.0821048664	-0.0751090614	-0.0982859164	-0.1053120938	-0.1777737866	-0.1090656129	-0.0648419364	-0.0368472115	0.0537204124	-0.0439062994	-0.0100794603	0.0715363399	0.2760790857	0.069595114	0.0304767849	-0.0478046853	-0.0085483653	0.0721183653	-0.0521742167	-0.0809761197	0.167568181	0.0223930269	0.0027436562	0.1186164005	-0.0048794119	-0.0051876864	0.1005102884	-0.0493266181	0.0341405835	-0.0751852933	0.0123070608	-0.1142138375	0.0774375047	0.0852994448	0.0334280531	0.1098370648	0.0508187463	0.0373536272	-0.0607302701	-0.1104971954	0.0541676325	-0.0220461946	-0.2962138248	0.1689726999	0.100478561	-0.0850503881	-0.0238063369	-0.1534672953	0.0211486338	-0.0155813984	-0.0108749291	-0.1294321443	-0.0655618171	-0.1191700876	-0.1045187862	-0.1701543203	-0.1081592742	-0.0426330184	0.0617383082	0.0287225293	-0.0644494797	-0.0079615489	-0.0472531682	0.2791510505	0.0584710693	-0.0580480307	0.0573876758	0.081201555	0.0330203888	-0.0937417739	-0.037826416	0.1581061483	0.0680440657	-0.017895036	-0.1020467536	-0.0046831149	-0.0065923708	-0.0480959329	-0.0241002143	-0.0975938854	0.0769985905	0.014007124	-0.0166754348	0.0609700626	-0.1410077391	-0.0453360058	0.1016080558	-0.0223872229	-0.0421395155	0.0731098165	-0.1848222277	-0.1047175392	-0.1590807091	0.0789621595	-0.1996259198	0.0030861855	-0.1468277015	0.0147921209	-0.1116197799	0.0704028166	-0.0062461466	0.0392368446	0.2106869996	0.0048958557	0.0356742633	-0.0724994726	-0.0339702009	0.1318117048	-0.1191728746	-0.0258808499	0.0208939478	0.0297694039	0.1140802373	0.0982480398	0.0734681463	0.00287102	-0.00298061	8.2427558404e-06	8.884035972099999e-06	-0.0379794	-0.0264221	0.00069812736841	0.00144243482436	-0.0229147	0.0104504	0.00052508347609	0.00010921086016	7.12252e-05	7.616836999999999e-05	5.801620588456899e-09	5.073029115039999e-09	-2.16045e-05	5.5856899999999984e-05	3.119993277609998e-09	4.667544202499998e-10	0.0	0.0	0.0	0.0	0.0	0.0	0.0	0.0	0.0	0.0	0.0	0.0	0.0	0.0	0.0	0.0	0.0	0.0	0.0	0.0	0.0	0.0	0.0	0.0	0.0	0.0	0.0	0.0	0.0	0.0	0.0	0.0	0.0	0.0	0.0	0.0	0.0	0.0	0.0	0.0	0.0	0.0	0.0	0.0	0.0	0.0	0.0
331.0979676495704	0.1542299973374952	0.0237868920787237	109625.86418167598	366.838643784491	1.3638264240034346	1.860022514809996	134570.59057364467	227.28652463133707	0.096610620904272	0.0093336120715089	51659.1642789914	226.8989275659584	394.9568704266832	1.182792	26.15432	0.0301671	0.0134962	-0.0728039104	0.0099902837	-0.0274643733	0.1874577392	-0.1185323989	-0.0980761369	-0.0232219639	0.0193370063	0.1000014192	0.0549079821	-0.0289467721	0.0969306717	0.1702221378	0.0380252372	-0.003100165	-0.0174582058	0.0662844641	0.1062942151	-0.1492571955	0.0355289036	-0.1260995525	-0.1477489794	-0.0040452694	0.0045275116	0.1061246689	-0.0065085749	-0.053125509	0.0329343783	0.1118572147	-0.0733193861	-0.1146692164	0.044699963	0.1003367297	-0.0485737048	0.0019976543	-0.0571384158	0.0641538222	0.0003986392	-0.0171443366	0.1378908169	0.0990516267	-0.0163939706	-0.0332617172	0.045375779	0.1217677454	0.0417386715	0.0042116785	0.0704863247	-0.0658777032	-0.0605075336	0.0353894842	-0.0054004053	-0.0641722068	0.0234152844	-0.0458963446	0.0074903742	-0.1802646183	0.0016073904	-0.0327408116	0.0633295033	0.0263580715	-0.0920742925	-0.0455887796	-0.1687405419	-0.0732010272	0.0390087366	0.0174988962	0.112960549	-0.0966766564	-0.1273060696	0.0465246445	-0.1052205212	0.1585210258	-0.0136753762	-0.1032788835	0.0017979797	-0.0412893036	-0.0429767174	0.0065269326	0.1279786453	-0.0486032181	-0.1052378007	0.0396022675	0.1001403765	-0.0336111002	0.0179612991	-0.1020257506	0.0353546083	0.0253293862	0.0122569334	0.1646664489	-0.0734438277	-0.0148217518	-0.0138876785	0.0002838362	-0.0095711894	-0.1233987091	0.0571136478	0.0400541447	-0.0893962526	-0.017372961	-0.0421844251	-0.0159581158	0.0431798154	0.0112624303	-0.0284429527	0.0479406785	0.0540314124	-0.1606562965	0.0414273301	-0.0616103853	-0.0293786795	-0.0165632729	0.1836532507	-0.1062311569	-0.0954496461	0.0298031523	-0.0414175983	0.1601081934	0.0143373637	0.0337185073	-0.2110340279	-0.0016503263	-0.0848777982	0.0957154172	-0.0408101643	-0.0545721805	-0.0554246571	-0.0212793193	0.0119960162	0.067975807	0.1208531627	-0.1186845663	-0.1404964317	0.0030779544	0.0543056858	0.0811640227	-0.0031212396	0.0646655795	-0.0523416929	0.0302741066	0.1132514443	0.0950953223	0.0669598143	-0.00078182	-0.00365284	6.112425124e-07	1.33432400656e-05	-0.0342155	0.0037639	1.4166943210000004e-05	0.00117070044025	-0.0268699	-0.0039551999999999	0.0007219915260099	1.5643607039999992e-05	0.000192647	0.0001214218	1.474325351524e-08	3.7112866609e-08	0.000162825	0.0001844295	3.4014240470249994e-08	2.6511980624999995e-08	-7.00519e-05	-7.00519e-05	4.907268693610001e-09	4.907268693610001e-09	0.0	0.0	0.0	0.0	0.0	0.0	0.0	0.0	0.0	0.0	0.0	0.0	0.0	0.0	0.0	0.0	0.0	0.0	0.0	0.0	0.0	0.0	0.0	0.0	0.0	0.0	0.0	0.0	0.0	0.0	0.0	0.0	0.0	0.0	0.0	0.0	0.0	0.0	0.0	0.0	0.0	0.0	0.0
330.99977444688614	-0.0981932026842855	0.0096419050533971	109560.8506838895	366.08685128896826	-0.75179249552275	0.5651919563243241	134019.58268667117	227.1858861300048	-0.1006385013322699	0.0101281079504052	51613.42685667551	226.80155502384744	395.08014148074886	1.09566	24.227623	0.069795025	0.0372363	-0.0704467744	-0.0324517429	-0.0824443426	0.0550758897	0.0814898618	0.0858432632	-1.7907e-06	0.0758489697	0.14623264	0.0041108156	0.0417298991	0.0081774546	-0.0027908244	-0.0893927747	-0.1487289044	-0.0332719986	-0.1086154676	0.1257221702	0.0191451453	-0.0690409923	-0.1430782617	0.0161824494	0.0865305435	-0.1109029253	-0.0531435557	0.0859385737	0.1098549943	0.0464295267	0.039410297	0.073066611	-0.1130985826	0.0108286322	0.107010721	0.0292688132	-0.0020774426	-0.0724045873	-0.1084414056	0.0413614697	-0.1761824532	-0.0193611251	-0.0111638731	-0.0103524601	0.0506624957	-0.1574606423	-0.0164150135	0.0421574359	0.1132457407	0.0312227628	0.0382549804	-0.0534814689	-0.0696750474	0.0616157539	0.0317195485	-0.0258833943	-0.0085703537	0.1210270181	0.0504720019	0.0384234744	0.0412779693	0.1362914826	0.1053299394	0.0723435574	-0.1195650381	-0.0856060526	0.1041320862	-0.1754258546	0.0330290459	-0.0957112313	-0.139331023	0.0093339463	-0.0593737131	-0.146512551	0.007177137	0.0731253326	0.0617901788	0.1185630867	0.0682721003	0.106014155	0.0537793059	0.0118392508	-0.107745218	-0.0746700373	0.0406131966	0.1001563306	0.0176639114	-0.0464572321	0.0944848098	0.0959541677	0.110736381	-0.0998251792	-0.01969202	0.0522061191	0.0453214564	-0.076702366	0.1813842807	-0.0497615895	0.0658959978	0.1033866713	0.0408168871	0.0448917526	-0.0653411474	0.0845883073	0.0194149587	-0.0049283718	-0.013509293	-0.0382223793	-0.1136976717	-0.094314312	-0.011490642	-0.0070320645	-0.0683191072	-0.1063952946	-0.1152567517	0.097764036	-0.0627697777	0.117813373	-0.1053844044	-0.0507067236	0.0864365759	-0.1049404349	-0.1292114924	-0.1571392652	-0.0511888931	0.0387470953	-0.0232773979	-0.1309366418	-0.0619671537	-0.0085046487	0.0182823618	-0.0847960494	0.0831257631	-0.0271325867	-0.1251234991	-0.0752278338	0.1391461126	0.0584462033	-0.0746993266	-0.096008764	-0.1550845728	0.0354716998	-0.0462550862	0.1123656258	0.0917510955	0.0601481375	-0.0171141	-0.01633228	0.00029289241881	0.0002667433699984	-0.0134651	0.0207504	0.00043057910016	0.00018130891801	-0.0218058	0.0050640999999999	0.00047549291364	2.5645108809999984e-05	-0.000250713	-0.00044336	1.9656808960000002e-07	6.285700836900001e-08	0.000123272	-3.955299999999998e-05	1.564439808999998e-09	1.5195985984000002e-08	0.0	7.00519e-05	0.0	4.907268693610001e-09	0.0	0.0	0.0	0.0	0.0	0.0	0.0	0.0	0.0	0.0	0.0	0.0	0.0	0.0	0.0	0.0	0.0	0.0	0.0	0.0	0.0	0.0	0.0	0.0	0.0	0.0	0.0	0.0	0.0	0.0	0.0	0.0	0.0	0.0	0.0	0.0	0.0	0.0	0.0	0.0	0.0	0.0	0.0
331.2971411953129	0.2973667484267821	0.0884269830699171	109757.7957641871	366.2145527270016	0.1277014380333412	0.0163076572757832	134113.09862903785	227.2763405035389	0.0904543735341008	0.0081819936914466	51654.53495268056	226.86879031058112	384.5323226292333	1.55437	34.370773	0.067476657	0.034083	-0.0794700165	0.0806670186	-0.096070783	0.0879778075	0.0076096875	-0.0731118903	-0.0900703666	0.0453940002	0.0273161921	0.0468591791	0.1820485081	-0.0197758827	-0.0297092276	-0.020691844	-0.0678931824	-0.044168553	0.0645913596	0.1366934696	0.0264582713	-0.0780600395	-0.0955605231	0.02166077	-0.0311950292	0.0175837298	0.0854228494	0.0197650732	0.0197491816	-0.054722268	-0.0616767008	0.0395271003	-0.0388037221	0.0341167196	0.087971846	-0.0424141738	-0.0268503692	-0.0273176667	-0.1293973785	-0.0759471009	-0.0479404143	-0.056892206	0.1542971518	-0.0775206568	0.0483787208	0.0386986615	0.0764470496	0.0278856694	-0.0261017977	-0.1376147092	0.0792707007	-0.0594410771	0.1004889357	0.1331226443	-0.2125730866	0.120241548	-0.0166950203	-0.075486044	0.0933475752	0.0279350267	0.0276805193	-0.0399328496	0.0138357726	0.0591390084	-0.0225040818	0.0679959582	0.0050440586	0.1795984895	0.0444588812	0.0853820811	-0.1248693365	0.0425867624	-0.0677811351	-0.1003718738	-0.0066354157	-0.0243517841	-0.0808391128	-0.0163147923	0.0185345076	0.0456649804	-0.0420406343	-0.0873096997	-0.01309426	-0.0218064286	0.017360196	0.0736078385	-0.0521927061	-0.0414936366	0.0703970636	0.0889021046	0.0629994296	0.0845137954	-0.0178876693	-0.1403125985	-0.0145166483	-0.1120763573	-0.0188803097	0.0015985238	-0.0559108902	0.0129938519	-0.0677231115	0.0573030335	-0.1426070715	-0.0233143203	-0.1796439542	0.1675736708	0.1719343255	0.0148282943	0.0636640174	-0.0708346951	0.0874834447	-0.0156879583	0.0610942414	-0.0113459789	-0.0208408996	-0.0483237464	0.0741303941	0.0218458465	0.1976478259	-0.0026223359	0.1647277973	-0.0592779294	-0.0195078079	-0.0436213107	0.0169435511	-0.1109277914	-0.0178818393	-0.0109458837	0.0566789533	-0.0002385826	-0.0506190335	-0.0614188953	0.1680398116	-0.096697514	-0.0358050399	-0.0724061523	0.1006659904	0.0633783113	-0.1209848817	-0.076025736	-0.0810127506	0.0580980769	-0.0421833274	0.1114232278	0.0882220943	0.0530639746	-0.000323068	0.016791032	1.0437293262399998e-07	0.000281938755625	-0.0113477	0.0021174	4.483382760000001e-06	0.00012877029529	-0.0111559	0.0106499	0.00012445410481	0.00011342037001	0.000266493	0.000517206	2.675020464360001e-07	7.101851904900002e-08	7.986149999999998e-05	-4.341050000000003e-05	1.8844715102500022e-09	6.377859182249997e-09	0.00019775	0.00019775	3.9105062500000013e-08	3.9105062500000013e-08	0.0	0.0	0.0	0.0	0.0	0.0	1.0	0.0	0.0	0.0	0.0	0.0	0.0	0.0	0.0	0.0	0.0	0.0	0.0	0.0	0.0	0.0	0.0	0.0	0.0	0.0	0.0	0.0	0.0	0.0	0.0	0.0	0.0	0.0	0.0	0.0	0.0	0.0	0.0	0.0	0.0	0.0	0.0
332.25299179940004	0.955850604087118	0.9136503773337084	110392.05055965218	367.9383773368477	1.7238246098460763	2.971571285510977	135378.6495172725	227.64876317534475	0.3724226718058503	0.1386986464750081	51823.9593752642	227.23496154299264	402.4102915423352	1.537667	34.001438	0.048301432	0.0250357	-0.1513266914	0.0150843588	-0.0968267485	-0.0024097672	0.0468047866	0.0705547747	-0.1377454489	0.0897435067	0.1284032704	-0.058387753	0.0869911583	0.0614815043	0.1229572526	-0.0660226597	-0.1576214011	0.0279923929	-0.047477768	0.1405932683	0.091542216	-0.1355905956	-0.0165035097	-0.0533456425	-0.0306679905	-0.0296830265	0.0773002877	-0.0122275148	-0.0364952221	-0.0082648719	-0.0069737968	0.040363154	0.2017638502	0.0915720581	-0.072621333	0.081370483	-0.0048829314	-0.0760450648	-0.0337600515	-0.0965542649	-0.0511598635	0.045442259	-0.0045080388	-0.0543256231	-0.0026063439	-0.0922129124	-0.0151969555	0.0182888798	-0.0757895135	-0.010809889	-0.004306334	0.051592116	-0.0219215177	0.0566081854	0.0426205264	-0.0086293737	0.0184006235	-0.0772660973	0.1289432226	-0.0807506421	0.0723788277	-0.1092330218	0.0283223353	-0.0515340925	0.0124059709	-0.1118099784	-0.0684322197	0.0147837189	-0.027158524	-0.0455899237	-0.1471502911	0.0806774163	-0.133556499	-0.009944226	0.0567840092	-0.0388710601	-0.0902726439	0.0387553382	0.01422544	-0.005492259	0.0074416234	-0.0280853973	0.0643909485	0.225580368	0.0759399605	-0.075029581	0.0494515554	-0.0474336932	0.0195979332	0.0958466245	0.0630331904	0.0705219481	0.0383850951	0.0377944965	-0.0484424314	-0.0131476626	0.1094421405	0.0187741529	-0.001826742	-0.0745743052	-0.0110962684	0.0110990979	0.038661293	0.0550914508	-0.0136400874	-0.0206940828	-0.0012106649	0.0300840786	-0.0187623011	0.0526150763	0.1598747709	-0.0919244661	0.0618679662	0.0529022909	-0.0005759461	0.1099579831	-0.0933559954	-0.0650526979	-0.0213354787	-0.075675875	0.0820592319	-0.1207584448	-0.052704038	-0.0934536513	-0.128065998	0.0240888137	0.0099123333	0.0137187548	-0.0346783423	-0.0475038012	0.005863148	-0.1275037451	0.1006179328	-0.008109201	-0.162767587	-0.0397929234	0.1337794266	0.028576668	-0.0457333686	-0.0107250802	0.108364656	-0.0133443437	0.0339035011	0.1104247249	0.0845154255	0.0457394187	-0.00545767	-0.005134602	2.9786161828900004e-05	2.6364137698404003e-05	-0.0146845	-0.0033367999999999	1.1134234239999996e-05	0.0002156345402499	-0.0299879	-0.018832	0.00089927414641	0.000354644224	-9.20544e-05	-0.0003585474	1.2855623804676e-07	8.474012559359999e-09	7.20053e-05	-7.856199999999974e-06	6.171987843999959e-11	5.184763228090001e-09	0.000144193	-5.3557e-05	2.0791621249000006e-08	2.868352249e-09	0.0	0.0	0.0	0.0	0.0	0.0	0.0	1.0	0.0	0.0	0.0	0.0	0.0	0.0	0.0	0.0	0.0	0.0	0.0	0.0	0.0	0.0	0.0	0.0	0.0	0.0	0.0	0.0	0.0	0.0	0.0	0.0	0.0	0.0	0.0	0.0	0.0	0.0	0.0	0.0	0.0	0.0	0.0
332.2076968877155	-0.0452949116845502	0.0020516290245112	110361.95387144024	367.9783946120499	0.0400172752022172	0.0016013823146099	135408.09890126152	227.4575303415297	-0.1912328338150644	0.03656999672894	51736.9281090679	227.06979583861707	403.1172829370494	1.107911	24.498529	0.036399215	0.0191051	-0.1618158774	0.0484520297	-0.0694864999	0.0285398533	-0.0324553041	-0.0808575522	-0.172364566	-0.0307830756	0.0286541707	-0.0060995283	0.0611186002	-0.0638591378	-0.0541993324	-0.0976579846	-0.0157377485	0.0006888343	0.0933426979	0.108109961	0.0373571295	0.0155692386	-0.0678986145	0.0863660572	-0.0348695012	-0.0872698148	0.0804990941	-0.0553876542	0.0321628976	0.0598557108	-0.0605132959	0.0883816827	-0.0081453482	-0.0480813874	0.0538464298	0.0048902851	0.0830554906	0.1372923141	-0.018103493	-0.0807018859	-0.0517432637	0.0546063855	-0.0800540814	-0.0069103054	-0.0113895691	0.1013180221	0.1363669843	0.0055987902	-0.0881436559	-0.0492231463	-0.0184028317	0.0539761707	0.0268153652	-0.0365248481	0.1201212332	0.0472505022	-0.0362327664	0.1803996174	0.136703253	0.0287610394	-0.0395490685	0.05785889	-0.0089816852	0.1350327638	0.0637277614	-0.1222793136	0.0015534144	-7.7372e-05	0.0010312213	0.1060959673	-0.0946342481	0.0648616054	0.0120588732	-0.0805408633	-0.0767642987	-0.0409069732	-0.0529742455	0.0855788624	-0.064295272	0.0527670391	0.0693330154	-0.07838963	-0.0289921611	0.0053175155	-0.0380922356	0.0371932457	0.0285270772	0.0844832638	0.1121398877	-0.0994437604	0.0729202899	0.0881243994	0.0258494759	0.0796704347	-0.0145725998	-0.0225235007	-0.0649762369	0.0001984571	-0.1515247528	-0.0522714169	-0.0855909556	0.0226294488	0.0597743806	-0.0125123273	0.0149092184	-0.1218819192	0.0314889701	-0.0842366587	-0.1698605983	-0.1489492538	0.0453109085	0.0626321918	0.044132321	-0.0926977662	-0.0274551838	-0.0370330967	-0.1627320924	-0.019020216	0.017639515	-0.0064300566	0.1904962881	-0.0983835484	0.0371935413	0.0266970748	0.0437950422	-0.0337141955	-0.0801114753	-0.0594287781	0.1026195785	-0.0262616146	0.0151967798	-0.0325117281	-0.031720669	-0.1703146349	-0.141904948	0.0820572457	0.0850073376	0.0119401553	-0.1208191696	0.0151616025	-0.076826877	0.0850264892	-0.0545919191	0.1093706198	0.0806385538	0.0382076517	-0.00238537	0.0030723	5.6899900369e-06	9.439027290000005e-06	-0.0104889	0.0041955999999999	1.7603059359999992e-05	0.00011001702321	-0.0141728	0.0158151	0.0002008682598399	0.00025011738801	-0.000162867	-7.08126e-05	5.01442431876e-09	2.6525659689e-08	0.000123324	5.131869999999998e-05	2.633608969689998e-09	1.5208808975999996e-08	0.0	-0.000144193	0.0	2.0791621249000006e-08	0.0	0.0	0.0	0.0	0.0	0.0	0.0	0.0	0.0	0.0	0.0	0.0	0.0	0.0	0.0	0.0	0.0	0.0	0.0	0.0	0.0	0.0	0.0	0.0	0.0	0.0	0.0	0.0	0.0	0.0	0.0	0.0	0.0	0.0	0.0	0.0	0.0	0.0	0.0	0.0	0.0	0.0	0.0
331.32019703900323	-0.8874998487122525	0.7876559814642711	109773.07296596392	367.70331115722655	-0.2750834548233456	0.0756709071175476	135205.72503598817	227.6208401873329	0.1633098458032122	0.0266701057362689	51811.24688758735	227.24480053258688	400.4299432855373	1.24189	27.461117	0.029807717	0.0178851	-0.1253431941	-0.0936042856	0.0696925889	0.0578761178	-0.1046467721	0.1049732645	-0.0103653523	0.060929971	0.1361862038	0.0261986534	-0.0175820242	-0.0069508415	-0.0034753088	0.1952994656	-0.0306329189	0.0899787877	-0.076073898	0.0782381316	-0.0656125682	-0.0701888062	0.0284263337	-0.1093273	-0.0307906575	0.0137602751	0.0875856374	-0.1253226186	-0.069898558	-0.0932787822	-0.110562046	-0.0052903716	0.0414875429	-0.0874828427	-0.0478994381	0.0894995479	-0.0101977428	0.1315678762	0.0348598548	-0.0303640544	-0.232230945	-0.0796130154	-0.0527763866	0.050784974	-0.0364537303	-0.1219304291	-0.012313902	-0.0036865742	0.0778109427	0.1681151017	-0.0460021699	-0.1432305838	0.1060341111	0.0218191034	-0.0836887715	-0.0202094397	0.1629189607	0.057895273	0.0056632678	-0.1390905656	-0.0456476574	-0.0268384574	-0.058051639	0.0347701446	-0.0294239686	0.0568063101	-0.0819576483	-0.0855443514	-0.0917964414	-0.0479685909	-0.0918248561	-0.0775869234	-0.072279044	0.0234831454	0.093579401	-0.0273523444	-0.0996538461	-0.0020405936	-0.1209190983	-0.0690452681	-0.0997496598	-0.1170210248	0.0766831414	0.0115223663	-0.0709410055	-0.0535483652	0.1111988849	-0.0066827129	0.0307114568	-0.1433892198	0.1960483642	-0.0190341413	-0.0796470567	0.0587530694	0.0387148821	0.0189040731	0.1141369385	-0.1036225123	0.0406992305	0.0878982685	0.1792571708	-0.1313722699	-0.0853506992	-0.0655051738	-0.0603329269	0.0590178371	0.0003161521	0.0949758307	-0.1357589738	0.1068434096	0.0324998594	0.0702321744	0.0817249155	-0.0479792707	0.0268638312	-0.0405289184	0.1188827346	-0.0433669722	-0.104420962	-0.0976628706	0.1007037325	0.0102403117	-0.0560165293	-0.0829696795	-0.1114554028	-0.0522084816	-0.0383011821	0.1376939475	-0.0645981478	-0.1135437604	-0.0612007685	-0.0954106709	-0.05465517	0.0497757661	-0.0471392583	0.176236167	0.0033854638	-0.058304734	-0.1049570437	-0.006359582	0.0371852196	0.0632409735	-0.1044519708	0.1082614433	0.0765992869	0.0305027946	-0.000277688	0.002107682	7.7110625344e-08	4.4423234131240005e-06	-0.0264224	-0.0159334999999999	0.0002538764222499	0.0006981432217599	-0.0164552	-0.0022824	0.00027077360704	5.209349760000002e-06	-7.82858e-05	8.45812e-05	7.1539793934399994e-09	6.12866648164e-09	0.000141312	1.7988000000000005e-05	3.2356814400000017e-10	1.9969081344e-08	-8.71135e-05	-8.71135e-05	7.588761882249999e-09	7.588761882249999e-09	0.0	0.0	0.0	0.0	0.0	0.0	0.0	0.0	0.0	0.0	0.0	0.0	0.0	0.0	0.0	0.0	0.0	0.0	0.0	0.0	0.0	0.0	0.0	0.0	0.0	0.0	0.0	0.0	0.0	0.0	0.0	0.0	0.0	0.0	0.0	0.0	0.0	0.0	0.0	0.0	0.0	0.0	0.0
330.84206863936595	-0.4781283996372849	0.2286067665397112	109456.47438157492	365.7588137044203	-1.9444974528062744	3.7810703439700895	133779.50980246483	227.34410124067483	-0.276738946658071	0.0765844445974186	51685.34036893021	226.9716395409065	389.806543813892	1.199633	26.526711	0.051398507	0.0314189	-0.0585764774	-0.0605691952	-0.1071006399	-0.03661627	0.0799967246	-0.0182382852	-0.0631040287	-0.0860608935	0.0304207762	0.0552761162	-0.1386109421	-0.0604744664	-0.1560431386	0.0824994292	-0.07987012	0.0011538103	0.0113977565	0.0591596723	0.0493966927	0.0498353254	-0.0406686584	0.122330393	0.0795801504	-0.0913849076	-0.1073713691	-0.043750497	-0.0723718715	-0.0769131221	0.0656313431	-0.0693325321	0.0696957974	-0.0902849633	-0.1561344899	-0.026196117	-0.0556276776	-0.0308193688	-0.0775738814	-0.0046756026	0.0831435591	-0.0099975612	0.0747541338	-0.0176134454	-0.128862679	0.0257464442	-0.1222029718	-0.0777077901	-0.0204023235	0.054576487	0.0163431595	0.0183297073	-0.0191853451	-0.0661556052	-0.0953684151	0.0608518814	-0.090152699	-0.1285668558	0.1463797958	-0.0857155605	0.1680452595	0.013180587	-0.0600390623	0.0295552874	0.0143804174	-0.0871599893	0.0287123667	0.1178543751	-0.0005253176	0.0035100621	-0.0503444784	0.0646388585	0.0666276025	-0.0565000409	-0.1179450412	0.0907620609	0.106874075	0.0818757882	-0.0215052704	-0.0944499949	-0.0892422128	0.075909702	0.0518724115	0.0495797399	-0.1186284898	-0.1494939606	-0.0274552192	-0.0829320751	0.0286503975	0.0578566943	-0.0724136409	0.010014842	0.021353135	-0.0944540685	-0.0561939332	0.1158829738	-0.0493976494	-0.0040123109	0.074719016	-0.063701367	0.0735739947	0.0085549516	0.003874079	-0.0606979899	0.0731752492	0.0730708827	0.0739038111	-0.0551653314	0.1037272286	0.0268591301	0.1775128957	-0.1554957517	0.0410492803	-0.0938859213	0.0728134497	-0.0148507928	-0.0667091512	0.0388377341	0.1187331084	-0.0122196531	0.0767548265	-0.131366491	-0.0183171063	0.0150729559	-0.0010345717	0.1417414455	0.0169142924	-0.1116715788	-0.0480255748	0.0090942631	6.05027e-05	-0.1492791836	-0.0796575	0.1190518044	-0.0669647276	0.1360150867	0.0209735341	-0.0277664906	-0.0590057553	-0.056376782	-0.0901057848	0.064572106	-0.0448197217	0.1070977539	0.0724057592	0.0226597522	-0.00275736	-0.002479672	7.6030341696e-06	6.148773227584e-06	0.00149905	0.02792145	0.0007796073701025	2.2471509025e-06	-0.0141643	0.0022909	0.0002006273944899	5.248222810000001e-06	-0.000250713	-0.0001724272	2.973113929984001e-08	6.285700836900001e-08	0.000203188	6.187600000000002e-05	3.828639376000002e-09	4.1285363344e-08	5.2713e-05	0.0001398265	2.778660369e-09	1.955145010225e-08	0.0	0.0	0.0	0.0	0.0	0.0	0.0	0.0	0.0	0.0	0.0	0.0	0.0	0.0	0.0	0.0	0.0	0.0	0.0	0.0	0.0	0.0	0.0	0.0	0.0	0.0	0.0	0.0	0.0	0.0	0.0	0.0	0.0	0.0	0.0	0.0	0.0	0.0	0.0	0.0	0.0	0.0	0.0
330.97319116557594	0.1311225262099924	0.0171931168796901	109543.25327032489	365.8190689522148	0.0602552477945437	0.0036306948867818	133823.59120906531	227.3940758394737	0.0499745987988546	0.0024974605251064	51708.06572688831	227.0139503549084	393.18592695214784	1.142122	25.255014	0.035454985	0.0180875	-0.0824844317	-0.0993445397	0.007511971	0.0820266902	-0.0982389307	-0.0141687979	-0.0005996874	-0.0177820212	0.0614348287	0.0009320624	0.0827176846	-0.013520428	-0.0636843937	0.1712764065	0.2094801076	0.0330286854	0.0330215432	0.084070337	-0.0831228321	-0.0220316756	0.0864451688	-0.0720450127	0.0916902558	-0.006604995	-0.1037375536	-0.0770438993	-0.0703597995	0.0767894058	0.0782470089	0.0780058598	-0.0962272872	-0.0756775364	-0.0264586001	0.0366603813	0.1501633098	0.0623491553	0.0885745983	-0.1461096322	-0.1055013846	-0.0991915754	-0.0232491249	-0.0573278886	-0.0220539626	-0.1386783487	0.0637885417	0.060475481	-0.1196757559	-0.0746132123	0.1890859683	0.1564205642	0.1345058402	-0.1682749973	0.0237735935	-0.0709347534	-0.0846229441	-0.0940288653	0.0406162382	0.1129331343	-0.0030383576	0.0611988617	-0.0147763542	-0.1649734232	0.0832920104	0.0559109102	0.152154983	0.0285651968	-0.0337580664	0.0484850278	-0.0822613095	-0.0767318408	-0.0438209734	0.0908642707	0.054914246	0.0957471242	0.1023851827	0.0113201297	-0.0767979662	-0.0962885961	0.056198086	0.037378875	-0.1145057573	-0.0596654273	-0.0413628547	-0.0359400231	0.1091775615	0.1334919636	0.0361556089	-0.0371637103	0.1451347032	0.1244948187	-0.1293010911	0.0100637867	-0.0377827031	0.003762161	0.175582648	-0.0191147917	-0.0662063007	-0.076861111	-0.0652405869	0.136685395	0.1417806847	-0.2195335682	-0.076538846	-0.069251211	-0.0788393976	-0.0466609022	0.1328510036	-0.0770888146	0.0367729155	-0.036417263	-0.2000611647	0.115195444	0.0714096067	-0.0442237122	-0.0420286255	0.1140558389	-0.0022124436	-0.0715320047	0.1170992631	0.0502753089	-0.0538008153	0.0799425385	0.0538294031	-0.1588759367	-0.0515306846	0.036262117	0.0352988134	-0.0257880392	-0.0864554858	-0.1623007211	-0.028508894	0.041161063	-0.0440784125	0.0814714596	-0.0776448654	0.0470121346	-0.0286357784	0.0471212976	-0.0471646843	-0.0578885131	0.0212617133	0.1058801375	0.0680664159	0.0147140554	0.00898639	0.01174375	8.07552052321e-05	0.0001379156640625	-0.000864935	-0.002363985	5.588425080224999e-06	7.481125542250001e-07	-0.0141826	-1.8300000000000607e-05	0.00020114614276	3.3489000000002225e-10	-6.9306e-05	0.000181407	3.2908499649000015e-08	4.803321636e-09	0.000100766	-0.000102422	1.0490266084e-08	1.0153786756e-08	0.000195463	0.00014275	3.8205784369e-08	2.03775625e-08	0.0	0.0	0.0	0.0	0.0	0.0	0.0	0.0	0.0	0.0	0.0	0.0	0.0	0.0	0.0	0.0	0.0	0.0	0.0	0.0	0.0	0.0	0.0	0.0	0.0	0.0	0.0	0.0	0.0	0.0	0.0	0.0	0.0	0.0	0.0	0.0	0.0	0.0	0.0	0.0	0.0	0.0	0.0
331.2222733072469	0.2490821416709536	0.062041913299389	109708.19433482055	365.5186577124884	-0.3004112397264293	0.0902469129539702	133603.88913593924	227.3245508462394	-0.069524993234296	0.0048337246842289	51676.45141744448	226.95873269141268	388.4857551551724	1.34235	29.682518	0.0512505085	0.0321962	-0.0667567877	-0.0576508643	-0.0831391902	-0.1092209498	0.1138469097	0.037071167	-0.0659250891	-0.0482704584	0.1029194848	0.0366071927	-0.1142910104	0.0440180051	0.0275661143	0.1028632953	0.0485538152	-0.0065032288	-0.0428837822	0.0169962393	0.1250662962	0.0436294991	0.0021021046	-0.0094127754	-0.0916659468	-0.0060148458	-0.0024921883	-0.1738930941	-0.012704234	0.0982089471	-0.0089061966	0.0264319058	-0.1045855481	0.055838286	-0.0249735036	0.0454571574	0.0054962061	0.0775447956	-0.003233401	-0.0587895514	-0.03396866	0.1124123957	-0.2229647289	-0.1547813578	-0.0170807816	0.1825589906	-0.1443865739	0.0537825862	0.1675384597	0.0947993408	0.043840327	-0.0270159972	0.0431765968	-0.0989382877	-0.0751653098	0.0116693995	-0.0718634407	-0.0728346461	-0.2074212081	-0.0025421819	0.0977057364	-0.1113149303	-0.1333188249	-0.021465327	0.040254765	0.078576264	-0.0123608106	0.0485792401	0.0074516766	-0.0599563957	-0.019283923	0.1252919906	0.0546243829	0.0017362425	0.0093051107	-0.093584172	0.0245002917	-0.0078034989	-0.171343211	-0.0563024288	0.0908555441	-0.0225683281	-0.0348690983	-0.1067901432	0.0809391417	-0.0518503432	0.031982319	-0.0070881479	0.0567018623	-0.0821213522	0.0443834671	0.0270484223	0.0822898376	0.216042817	-0.2213729144	-0.0147333153	-0.1546420574	0.0721731022	0.1328228457	0.1507673713	0.0915033017	-0.0135562744	-0.0038266619	-0.1351181657	0.0241374972	0.0260114415	0.022349723	-0.0618322664	0.1468345246	0.1049878648	-0.1569174216	-0.0938343142	0.0820940616	0.0389342535	0.1143766088	-0.0509253199	0.0406771214	0.005138827	0.0627691633	-0.0235736417	-0.027808897	-0.1290851771	0.0270804053	-0.0301776117	-0.0586034717	0.0856819075	0.0384937736	0.0779175826	0.0542742149	-0.0642733648	0.0495186977	-0.0907382388	0.0444944381	0.0977958704	0.0980723322	0.0543732206	0.0850254548	-0.0916174366	-0.0468658102	0.0585518111	0.0358707615	0.0136437414	-0.0131114303	0.1046092073	0.0635899959	0.0067017003	0.0101931	0.0012067099999999	0.00010389928761	1.456149024099999e-06	-0.0088016699999999	-0.0079367349999999	6.299176246022341e-05	7.746939478889824e-05	-0.021543	-0.0073604	0.000464100849	5.417548816e-05	0.000472538	0.000541844	2.93594920336e-07	2.23292161444e-07	-1.14227e-06	-0.00010190827	1.0385295494392902e-08	1.3047807529000002e-12	0.000246644	5.118100000000002e-05	6.083326273600001e-08	2.6194947610000023e-09	0.0	0.0	0.0	0.0	0.0	0.0	0.0	0.0	0.0	0.0	0.0	0.0	0.0	0.0	0.0	0.0	0.0	0.0	0.0	0.0	0.0	0.0	0.0	0.0	0.0	0.0	0.0	0.0	0.0	0.0	0.0	0.0	0.0	0.0	0.0	0.0	0.0	0.0	0.0	0.0	0.0	0.0	0.0
330.87281161188906	-0.3494616953578315	0.1221234765223698	109476.81746395664	365.6512350043994	0.1325772919109908	0.017576738330452	133700.8256602425	227.23732386504503	-0.0872269811943624	0.0076085462482816	51636.801357347365	226.83879232552616	388.46474852403526	1.42358	31.478699	0.1208338235	0.0653663	-0.0655607411	-0.0799218036	0.0426047276	0.0527533248	-0.1390419472	-0.0723801181	-0.0318060204	-0.0720039923	0.0461048595	-0.053414003	0.0636009709	-0.075885412	-0.0702606794	-0.0721502063	0.0417774875	0.0044460328	0.0851415118	0.0378350132	-0.0842239746	0.0304065326	0.0157856375	0.1242011412	0.0920171132	-0.0501831148	-0.0996330965	0.0246081497	-0.0197977308	0.0494020357	0.052598321	-0.0494113422	-0.1031521117	0.0103221528	-0.0698739226	0.0589686557	-0.1375944699	-0.0739547687	-0.1128852546	0.0047372153	0.0283183042	0.14280139	0.0373630714	-0.0674427252	-0.0309306288	-0.0915232244	0.0617820665	0.0936047597	-0.0974297908	-0.0223913716	-0.0017313612	-0.01583225	-0.0249880815	0.0478971362	-0.0837056762	0.0691809462	0.0369143496	-0.0904903662	0.0922071858	-0.0874297344	-0.1787781625	0.1365013952	-0.1166188851	-0.0539617965	-0.0776665705	0.0423928417	-0.0816198524	-0.0661812575	-0.0056759611	0.1062236275	-0.0245843608	-0.0684896022	0.031489177	0.0009800026	-0.1254503164	0.0875688578	0.0888354581	0.0451424516	0.040013369	-0.0377578139	0.0327895812	0.0676823802	-0.0052156508	-0.0790113408	0.0291256374	-0.0345479664	0.0412483744	-0.1874709157	0.0247571365	0.0919175608	-0.0819651988	0.0088680158	0.1335445921	-0.0080049056	-0.0440039744	-0.065689722	0.1338534038	0.0046304671	-0.1084378681	-0.0426738784	-0.0268413094	-0.0203001501	-0.0285412512	-0.0244360161	-0.0042997247	0.0565750569	0.0821724797	0.0784883923	0.0407196321	0.0285521753	0.1196857557	0.2194318006	-0.0986022574	-0.1052286027	0.1146390286	0.0725875151	0.0972303322	-0.0384018567	-0.0724646349	0.0046371288	0.1358192877	0.0872765524	-0.0057872445	0.1034470866	0.0622371388	0.0630362805	0.0331060772	-0.1018195314	0.0754314246	0.0226319793	-0.0177114996	-0.1297822448	-0.003080858	0.1218772476	0.0888010716	-0.0721325762	0.0841243298	-0.0596951153	-0.0969401431	0.0348108268	0.1341141799	-0.0259612243	-0.1585316262	0.1032856033	0.0589855141	-0.0013410152	0.0192656	0.0090725	0.00037116334336	8.231025625000001e-05	0.0371696	0.0459712699999999	0.0021133576654128	0.0013815791641599	-0.00101991	0.02052309	1.0402164081e-06	0.0004211972231481	-0.000142427	-0.000614965	3.78181951225e-07	2.0285450329e-08	0.000143683	0.00014482527	2.0974358830572895e-08	2.0644804489e-08	0.000392193	0.0001455489999999	1.53815349249e-07	2.1184511400999992e-08	0.0	0.0	0.0	0.0	0.0	0.0	0.0	0.0	0.0	0.0	0.0	0.0	0.0	0.0	0.0	0.0	0.0	0.0	0.0	0.0	0.0	0.0	0.0	0.0	0.0	0.0	0.0	0.0	0.0	0.0	0.0	0.0	0.0	0.0	0.0	0.0	0.0	0.0	0.0	0.0	0.0	0.0	0.0
329.84406207576467	-1.028749536124394	1.058325608076156	108797.1052866409	364.1916896103213	-1.4595453940780772	2.130272757374529	132635.58678122063	227.34252508249773	0.1052012174527021	0.0110672961535307	51684.62371088611	226.93144016067308	347.39239835493686	2.31156	51.114029	0.0945358515	0.0664487	0.022888032	0.0792923065	0.1338363005	-0.104126492	0.0447505144	0.0839196739	0.0198765927	-0.0298352654	0.0644049926	-0.1578531439	0.1245192428	-0.0531320234	0.1428787344	-0.1365513657	0.0220188698	0.0339450714	-0.0899265687	-0.0281568878	0.034888451	-0.0281166876	0.1084506728	0.0250962406	0.016363728	0.0926507743	0.0674372738	0.1808021443	-0.0381465658	-0.0451246703	0.0125233517	-0.0798580183	-0.0647486713	0.0129894384	-0.0851040001	-0.0473565914	-0.07954822	0.0385368466	-0.0815363229	0.085481737	0.0608935205	-0.028389942	0.0902372071	0.0461456476	0.0001093303	-0.0746397024	-0.0314604408	0.0813326433	-0.0080068648	0.1018363878	0.1281369878	-0.004608408	-0.0828194072	0.1408931172	0.0248442815	-0.0440726435	-0.0612980759	0.1024842975	-0.0541852844	0.056057855	-0.0869591287	-0.0683581316	-0.0613008936	-0.0480703516	0.0566126584	0.0113587637	-0.0550893209	0.0850375725	-0.0325823766	-0.1027808425	0.0113933412	0.0105028408	-0.0464504403	0.1078723123	-0.034167149	0.0255604533	-0.0958500111	-0.080913723	0.1902136987	-0.008599383	-0.0406676353	0.0528066735	0.0389095028	-0.0806559774	0.0232539902	-0.0664158599	-0.0706219037	-0.1040861238	0.061395727	-0.0025766665	-0.0845260845	-0.0596632214	-0.034814328	-0.0578686786	0.0679853352	-0.0061309539	0.0932273914	0.1113712049	-0.0284813416	-0.0097369773	0.1486654534	0.1353388427	-0.0247814655	0.1231764019	-0.0392808664	0.0158267351	-0.047763723	-0.0716930788	-0.0498108013	-0.0141423823	-0.0972600048	0.0868935119	0.0295043397	0.0861807196	0.0817128733	-0.0146883128	-0.0093424835	-0.0643754123	0.0480378665	-0.0285273761	-0.1026403671	0.00585221	-0.0386474478	-0.0306557391	-0.037082383	-0.067434959	-0.04093211	0.1463270645	0.136817305	-0.0827252786	-0.0234387632	-0.0347037008	0.0715800603	-0.0501131716	0.0034964735	-0.1063630006	0.0913673159	0.1512937791	0.0313629861	0.1257764387	-0.0672713239	0.0198333139	0.0396347028	0.1019099918	0.0542622434	-0.0093776556	0.0137673	-0.0054983	0.00018953854929	3.0231302890000013e-05	-0.0185155	-0.0556851	0.00310083036201	0.00034282374025	8.679149999999998e-05	0.0011067015	7.532764472249998e-09	1.22478821010225e-06	0.000451533	0.00059396	3.5278848160000004e-07	2.03882050089e-07	0.000138109	-5.573999999999998e-06	3.106947599999998e-11	1.9074095881e-08	0.000437574	4.538099999999999e-05	1.91471005476e-07	2.0594351609999993e-09	0.0	0.0	0.0	0.0	0.0	0.0	0.0	0.0	1.0	0.0	0.0	0.0	0.0	0.0	0.0	0.0	0.0	0.0	0.0	0.0	0.0	0.0	0.0	0.0	0.0	0.0	0.0	0.0	0.0	0.0	0.0	0.0	0.0	0.0	0.0	0.0	0.0	0.0	0.0	0.0	0.0	0.0	0.0
330.0032296171576	0.1591675413929465	0.0253343062330753	108902.13155775446	365.1274318567058	0.9357422463845068	0.8756135516687231	133318.04149427335	227.4895745506216	0.1470494681238676	0.0216235460755123	51751.506529222825	227.1176304557319	362.2266161556717	1.690862	37.388935	0.0853985664999999	0.045895	0.0149182584	-0.0182595186	0.042306812	-0.0845727691	0.0055537238	-0.0722454208	-0.0412899378	-0.1276386921	0.0027822441	-0.0931018575	-0.1028434404	0.0437501566	-0.0156598856	-0.076873095	-0.084731871	0.0505303626	0.1082976619	0.0226893312	0.0146217308	0.0760573159	0.0953742741	0.0067248214	-0.0363177043	0.0347630781	0.0020899828	0.070213899	-0.1196993062	0.0045771264	-0.0354995283	-0.076132744	0.0238744703	0.0555323915	0.1274028774	0.0123828466	0.0251550642	0.1388568369	0.0098743258	0.0651135229	-0.0732596548	0.1417765284	-0.0521094219	0.1215251925	0.0448010305	0.1519352439	-0.0508536182	0.1229391878	-0.0128074892	0.0310045353	0.0272677703	0.1458012154	-0.2435771433	0.0620303653	-0.0878569969	-0.085061182	0.0275528066	0.0263305934	-0.0988071985	0.1687719384	0.0265229402	-0.0655832598	0.0929490046	-0.0661511362	0.126236024	0.0394676821	0.0604649682	-0.0580418696	-0.0491675114	0.1049497082	-0.0027591172	0.0342984599	0.0712859134	0.1013608252	-0.0194273984	-0.0308675695	-0.0402125992	-0.0215210065	0.0840908302	-0.1147004437	-0.0031463968	0.0192222029	0.0758216553	-0.0106922543	0.0502919353	0.1236374187	-0.0035730537	0.0481601708	0.0570644977	-0.1390633545	0.0928281133	-0.0833678317	0.1206340132	0.1010101174	0.0912765373	0.019475028	-0.1123731359	0.2035375377	-0.0353039934	0.0121550015	0.0439307535	0.1047830459	0.0863779397	0.1404588297	0.1067368664	0.1507233914	-0.0437678804	0.0605326493	0.0565245437	-0.0864448069	-0.1491107778	-0.0553423055	-0.0863253189	0.1795456925	-0.0469351787	-0.0954076877	-0.024831898	0.0135873168	-0.052046652	0.0293444261	-0.0056618752	0.0123331295	0.105233751	0.024068777	-0.0260045864	0.1725403737	0.174750994	0.0475623669	0.0414972438	-0.0636936614	0.0282064165	-0.0173123181	0.015689514	-0.1150643688	0.0422939141	-0.0151603663	-0.0457508467	-0.0820471921	-0.0496723638	0.1618116163	-0.1486998402	0.0601424392	-0.0703213339	0.1004830656	0.0494296957	-0.0173718128	0.0119804	-0.0017868999999999	0.00014352998416	3.193011609999997e-06	0.0196588	0.0381743	0.00145727718049	0.00038646841744	-0.0204717	-0.0205584914999999	0.0004190905008899	0.0004226515727555	0.000660261	0.0002087279999999	4.3567377984e-08	4.35944588121e-07	-6.81685e-05	-0.0002062775	4.255040700625e-08	4.646944392249999e-09	0.000355002	-8.2572e-05	1.26026420004e-07	6.818135183999999e-09	0.0	0.0	0.0	0.0	0.0	0.0	0.0	0.0	0.0	1.0	0.0	0.0	0.0	0.0	0.0	0.0	0.0	0.0	0.0	0.0	0.0	0.0	0.0	0.0	0.0	0.0	0.0	0.0	0.0	0.0	0.0	0.0	0.0	0.0	0.0	0.0	0.0	0.0	0.0	0.0	0.0	0.0	0.0
329.71339942703315	-0.2898301901244622	0.0840015391075819	108710.92576173032	363.83653916864586	-1.2908926880599552	1.6664039320866566	132377.02723421756	227.5415329646414	0.0519584140197935	0.0026996767874522	51775.14922389898	227.159452226946	344.61064641766865	1.642358	36.316406	0.060698735	0.0263028	0.0476404856	0.0338514665	0.1495337229	-0.0233221196	-0.0502507788	0.0599060317	0.0497662816	0.0432213066	0.0548977288	0.0233696786	0.0149707515	-0.0169567552	-0.1756552734	-0.0817092617	0.1124143304	0.0777560201	-0.0100116374	-0.0224600588	-0.0406957753	-0.0374166467	0.1082504715	0.0973039745	0.1057619313	-0.0689860215	-0.0866080008	-0.0303977606	0.037346158	-0.0935062984	-0.1512386868	-0.0221103292	0.0760496004	-0.0810475338	-0.0268954041	-0.0872273	0.1416600301	-0.2308597317	0.0209820594	0.0248744194	-0.0948483619	0.0666624166	-0.0951081879	-0.0466357884	-0.0019038676	0.0198000754	-0.0361618492	-0.0173445394	0.0926215105	0.0055012158	0.0326140463	0.070706797	-0.1080744998	0.0218584897	-0.0624336977	-0.0546553631	-0.1307276833	-0.0452571721	-0.010957661	0.0237850091	0.050466136	0.1081532345	-0.1293227072	0.0783085611	-0.0387578059	-0.1620319149	0.1064848405	-0.130896632	-0.0784172551	-0.0177246316	0.0174677324	-0.046807451	-0.046681876	0.0975184731	-0.1078694408	0.1100885764	0.0957670293	0.0690162233	-0.0069813916	0.0265142447	-0.0593229667	-0.124589945	0.0998984527	0.0181696978	-0.1089623752	-0.0527173706	-0.0739160423	0.1548855804	-0.0660753081	0.1959443518	0.0743721838	-0.0946805687	0.0495599868	0.1133195317	-0.074823227	-0.0071635391	-0.0091172644	-0.0177769672	0.0765965898	0.0596500893	0.0024874279	0.0655235297	0.0508867189	0.0609707469	0.0270847424	0.0772309603	-0.0151479198	-0.0867406439	0.1211995176	-0.0489988254	-0.0084131065	0.0043582722	-0.0067346844	-0.1359905098	0.0654077439	0.0516047285	-0.1367247243	0.084443598	-0.0609974088	-0.0193772225	-0.0203036326	0.1212967199	-0.0754141331	0.0756619426	0.0217753869	0.0374992069	-0.0548629733	-0.0480534859	0.0663304245	0.029388317	-0.0766580424	-0.1101458897	0.0319729492	-0.0167162025	0.1456953679	0.0819863405	-0.0719496757	-0.2067838332	-0.0511900626	0.1495035244	-0.1200347798	0.0623753247	-0.1111951129	0.0990055431	0.0444976032	-0.0252872714	0.0018889	-0.0100915	3.56794321e-06	0.00010183837225	0.0336475	0.0139886999999999	0.0001956837276899	0.0011321542562499	-0.00701559	0.0134561099999999	4.92185030481e-05	0.000181066896332	0.000644864	-1.5397000000000002e-05	2.3706760900000005e-10	4.1584957849600006e-07	0.000169999	0.0002381675	5.672375805625e-08	2.8899660001e-08	0.000564686	0.000209684	3.18870278596e-07	4.3967379856000006e-08	0.0	0.0	0.0	0.0	0.0	0.0	0.0	0.0	0.0	0.0	1.0	0.0	0.0	0.0	0.0	0.0	0.0	0.0	0.0	0.0	0.0	0.0	0.0	0.0	0.0	0.0	0.0	0.0	0.0	0.0	0.0	0.0	0.0	0.0	0.0	0.0	0.0	0.0	0.0	0.0	0.0	0.0	0.0
329.5437690699224	-0.1696303571107478	0.0287744580535198	108599.09573281034	363.1913062985311	-0.6452328701147394	0.4163254566765041	131907.92497083344	227.3096974272944	-0.2318355373469955	0.0537477163769701	51669.69854448813	226.93380597377947	344.9581209592692	1.147402	25.371752	0.053613195	0.0239584	0.0221712966	0.1144796346	0.0305922787	-0.1168390796	0.0918996034	0.0050995568	-0.0214886909	-0.1165500181	0.0652732368	0.1427880272	-0.0222517289	-0.0767572537	0.0283943227	0.0209810807	0.1225917753	0.0316400836	-0.0211735319	-0.04620118	0.0606572937	0.0119492434	0.010744556	0.0662247903	0.0432545485	0.1817951656	-0.034773607	-0.1039471539	-0.0737920596	0.1042671697	-0.0792763013	0.0289831428	0.0402407797	-0.0150446373	0.0245656841	-0.0356643644	0.0294903894	-0.1244543128	0.1226764722	0.0986891633	-0.1086671395	-0.0331553417	0.0448768802	0.0815410299	-0.0267607563	-0.1748985078	0.0694037413	0.1634652938	0.254810645	-0.1247793194	-0.0157718318	-0.096750168	0.0442754007	-0.0647628323	0.0776038741	0.0041999441	-0.1881163386	-0.0211854392	-0.0654343785	0.0658360965	0.0342654625	-0.0680689341	-0.0370182261	0.0273040687	0.107978745	0.01857824	-0.0821160208	0.1575339298	-0.030992636	-0.0368124172	0.0450141553	0.0634612589	0.0207969372	-0.0037242103	-0.0662516936	0.0588349784	0.0109711274	-0.1836932266	-0.0893527677	-0.0966048111	0.1255280317	-0.069964853	0.0248409794	0.0239919788	-0.0310960182	0.0175481268	-0.0182234917	0.0687288155	-0.1376309124	0.044597896	0.0686349645	-0.1220528759	-0.0107197327	-0.0255800228	0.082063433	0.0451155666	0.2054374641	-0.0485073491	0.014753759	0.2820625079	-0.1445022348	-0.0086736447	-0.0686155749	-0.0025804579	-0.0196450973	-0.0865857238	-0.0257827713	-0.1685236813	0.1183337741	-0.0027741553	-0.0472348619	-0.0539195271	0.04769107	0.0747283875	0.0488757556	-0.1384547851	0.0210788788	-0.0993220421	0.1339494519	0.0202400146	-0.0749930314	-0.0696807384	-0.0026362886	0.0236330225	0.0613077124	0.0014037809	-0.032627923	0.1261327258	0.1231656804	-0.1113106441	0.0441712503	-0.0369357629	0.0827744046	0.091360779	0.0949782929	0.0347013292	0.069918308	-0.0152633667	0.1258988502	0.1181089465	0.0153033818	0.0563953928	0.1019544139	0.0974781683	0.0394758984	-0.0330881723	0.00843228	0.00654338	7.11033459984e-05	4.2815821824400005e-05	0.0179389	-0.0157085999999999	0.0002467601139599	0.00032180413321	0.00333604	0.01035163	1.11291628816e-05	0.0001071562436569	0.000580713	-6.415100000000003e-05	4.1153508010000036e-09	3.37227588369e-07	6.29873e-05	-0.0001070116999999	1.1451503936889998e-08	3.9673999612900006e-09	0.000315657	-0.000249029	9.963934164900001e-08	6.2015442841e-08	0.0	0.0	0.0	0.0	0.0	0.0	0.0	0.0	0.0	0.0	0.0	0.0	0.0	0.0	0.0	0.0	0.0	0.0	0.0	0.0	0.0	0.0	0.0	0.0	0.0	0.0	0.0	0.0	0.0	0.0	0.0	0.0	0.0	0.0	0.0	0.0	0.0	0.0	0.0	0.0	0.0	0.0	0.0
328.8478746274246	-0.6958944424978313	0.4842690750993674	108140.92464697437	362.9429342257096	-0.2483720728214962	0.0616886865576466	131727.5735043678	227.15560918052373	-0.1540882467706694	0.0237431877928587	51599.67078217484	226.780438525357	339.4706512186981	1.061734	23.477438	0.034434795	0.0158295	0.0574672919	0.0884463815	0.0768055286	0.0635333927	-0.0790642803	-0.0928141597	0.030125932	-0.0913791076	0.0185542597	0.0658555049	-0.0665401757	0.0609401837	0.0707116199	-0.0291833905	-0.0653076515	0.0009202218	0.0820179238	0.062310216	-0.0729221424	0.0318651595	0.0018530709	0.0282798435	0.0571632833	0.0488019298	0.0793861796	0.0546387248	-0.0247119216	0.0617733057	0.0629465576	-0.0864508944	-0.0616418586	0.2213185209	0.0738049339	-0.0277144313	0.0544262361	0.0905968537	0.0052243412	0.0053670434	0.0341049834	-0.0110683868	0.0306220942	-0.0290795555	0.0318864227	-0.195118988	0.0574879554	-0.0497569949	0.0806235435	-0.0189576558	0.007192955	-0.0280489153	0.0089628622	-0.1003627731	0.1293428331	0.1112652519	0.0734738478	-0.1147198183	-0.0059632018	-0.0576505775	0.0566977497	0.0154130294	0.0982297435	-0.0128534835	0.093414371	0.1943418595	0.0359107496	-0.0725391337	-0.0005107905	0.1050131627	-0.0475100243	-0.0511266046	0.0427986434	-0.0044533814	-0.0294217136	0.0522435876	-0.0991660033	-0.0269248732	0.0501334338	-0.018125145	0.0463690785	0.1120509137	0.0212786213	-0.0554442252	0.223785355	0.0656765359	-0.0455555031	0.0671998535	0.0104913936	-0.068750595	-0.0350970602	0.0335327794	0.0222644469	-0.074477828	0.0216584499	-0.0542445149	0.1282718665	-0.153898791	0.0297554855	0.0341126884	-0.0161934191	0.008687984	0.0052482185	-0.0284774198	0.0432866756	-0.143048357	0.0646922609	0.0649815435	0.0439409195	0.120469375	0.0624011567	-0.1132709821	-0.0667968278	0.0385885319	-0.0487342091	-0.186416871	0.1013847987	-0.0124068097	0.038011181	0.0154266315	0.0532375912	0.0407396094	0.0666060699	-0.0328467317	0.0495352511	0.0919034481	0.1185474002	0.0427008109	0.0003025048	-0.0183578463	-0.0129190341	0.0058439505	0.0579552402	-0.0564214704	0.1530530092	0.0448475689	0.1769968355	0.0064307554	-0.0530557013	0.0616933223	0.1276475697	0.0489513654	-0.061482214	0.0959017104	0.0343746944	-0.0407391756	0.0133445	0.00491222	0.00017807568025	2.41299053284e-05	0.0200516	0.0021126999999999	4.463501289999994e-06	0.00040206666256	-0.00196385	-0.00529989	3.8567068225e-06	2.80888340121e-05	0.000391453	-0.0001892599999999	3.581934759999998e-08	1.5323545120899998e-07	0.000232288	0.0001693007	2.8662727020490007e-08	5.3957714944e-08	0.000399296	8.363899999999999e-05	1.5943729561599998e-07	6.995482320999998e-09	0.0	0.0	0.0	0.0	0.0	0.0	0.0	0.0	0.0	0.0	0.0	0.0	0.0	0.0	0.0	0.0	0.0	0.0	0.0	0.0	0.0	0.0	0.0	0.0	0.0	0.0	0.0	0.0	0.0	0.0	0.0	0.0	0.0	0.0	0.0	0.0	0.0	0.0	0.0	0.0	0.0	0.0	0.0
328.42905567414056	-0.4188189532840169	0.1754093156299196	107865.64461100772	362.305260169266	-0.6376740564436432	0.4066282022612906	131265.10154631952	227.040893994572	-0.1147151859517237	0.0131595738879385	51547.56754585448	226.6544817675131	337.2832929609421	1.066196	23.576101	0.04041737	0.0229019	0.0646948943	0.0442583988	0.0986118084	0.1270264047	-0.0782796558	0.0305451893	0.11238447	0.0751231021	0.0535798815	0.1024831277	0.063803766	-0.0044515774	-0.1747614297	-0.0305672384	0.0483093842	0.0065847357	-0.0655249653	0.0319992385	-0.1146229762	-0.0321245813	0.0138822087	0.0097608083	0.0552829076	0.0381252797	-0.0177814985	-0.0302132183	0.1255347605	-0.0606857332	-0.072526525	-0.0339721065	-0.0677135674	-0.0218218191	-0.0617320964	0.0230439432	0.0532431445	-0.1308538611	0.1268072905	-0.0780084932	-0.102602639	0.074659887	-0.0777301208	-0.103178416	-0.0845932404	0.0930669538	-0.0064268485	-0.0498871706	-0.0360825506	-0.0210547439	0.0005046898	-0.0701582538	-0.0936384007	0.0387007716	-0.0768283134	0.0112359428	-0.0136484791	0.0629413026	0.0325309713	0.0573538823	-0.1003659023	-0.0499189112	0.1424445971	0.0038933669	0.0673050581	0.0550791175	0.1254362023	0.1523972648	-0.0082044559	-0.0449592875	-0.043112069	-0.1247447663	-0.0306602205	0.0083948241	-0.0131689517	0.0640589509	0.046276369	-0.0293376528	-0.0464758962	0.1142851611	-0.0490873356	-0.0539757209	0.0395005324	-0.090341718	-0.0158120595	-0.0710464295	0.0328669442	0.0553937891	-0.1383361506	0.0832913533	0.1196346845	0.0230901307	0.054460084	0.0993178941	-0.1533435142	0.0436380758	-0.0500569893	-0.0081795055	-0.0236006532	-0.0362220774	0.0012042333	0.0309077706	-0.0897888128	0.0652066583	0.0616668411	0.0811416519	0.0316111021	-0.0367033768	-0.0324526921	-0.0720981789	-0.0002402094	0.0757697026	-0.0263874471	0.1130548039	-0.1255993064	-0.094204153	-0.0487154361	0.1021058954	0.1751999095	-0.0072407052	0.0431261456	0.1137555285	-0.1218999494	0.0088114293	0.0945517727	-0.0055666849	-0.0328152345	-0.0588710759	0.054408334	0.0377088899	-0.0630192689	-0.132983521	-0.0704924474	-0.0688409941	0.0979225356	0.0901454723	-0.0309192535	0.0080960764	0.1448680773	0.0452360469	-0.0512164754	0.0225296933	-0.0738906332	0.094276963	0.0292042644	-0.0482056202	0.00939773	-0.00394677	8.83173291529e-05	1.5576993432900004e-05	0.0332358	0.0131842	0.00017382312964	0.00110461840164	0.0126441	0.01460795	0.00015987326481	0.0002133922032024	0.000236464	-0.000154989	2.4021590121e-08	5.5915223296e-08	0.00022297	-9.318000000000022e-06	8.682512400000039e-11	4.971562089999999e-08	0.000408558	9.262000000000007e-06	1.66919639364e-07	8.578464400000012e-11	0.0	0.0	0.0	0.0	0.0	0.0	0.0	0.0	0.0	0.0	0.0	0.0	0.0	0.0	0.0	0.0	0.0	0.0	0.0	0.0	0.0	0.0	0.0	0.0	0.0	0.0	0.0	0.0	0.0	0.0	0.0	0.0	0.0	0.0	0.0	0.0	0.0	0.0	0.0	0.0	0.0	0.0	0.0
328.36810681938226	-0.0609488547582941	0.0037147628963476	107825.61357614525	361.5229948915891	-0.7822652776768564	0.6119389646588492	130698.87583538398	226.81559906904548	-0.2252949255265264	0.050757803468003	51445.31598104999	226.4369994523842	335.9967122538713	1.06522	23.554523	0.0546945	0.0309101	0.0579475553	0.0856802513	-0.0473214708	-0.0183834239	0.1245613245	0.0422178654	0.06710038	-0.0045725848	0.0293980668	0.023542685	0.0425462748	0.0013730398	0.1439230723	0.1060503248	0.05618985	-0.0446848732	-0.1284248758	-0.0310597316	0.0426195956	0.0192313424	-0.0122862141	0.0167995618	-0.0210838605	0.0882046827	-0.0274329465	0.1623820479	-0.1221730928	0.030388082	0.0626569888	0.1437444206	-0.1009432061	0.0048199208	0.0757641914	0.0099504652	0.0014787577	-0.1649082056	-0.1164019487	0.0455327473	-0.0035125629	-0.0992528797	-0.0544275843	-0.1059489354	0.1650091128	-0.0334120199	0.0595551201	0.0505525507	-0.0345828229	-0.0608509369	-0.0493157553	-0.0350464088	0.0195606066	0.1155798825	0.0030225894	-0.0422913611	-0.0346889896	0.015768944	-0.0950489088	-0.1511489439	0.1541765488	-0.0453855719	-0.1305013057	0.0518200937	0.0079345469	0.0587702447	0.0233772231	-0.1170428938	0.0440342027	-0.1312801819	0.0114648411	0.0102136358	0.0230238902	-0.0090765337	-0.0087333241	-0.0163902393	-0.0037246458	-0.085173684	0.1775733551	-0.0941670194	0.0466470329	-0.0206093509	-0.190129115	-0.0348215957	0.0261941802	0.0696958917	0.0154274884	-0.0160743604	0.0410678677	0.184052705	-0.0034354835	-0.0523579505	-0.1137556451	0.0325581101	-0.0406658495	-0.2026985798	0.003842141	4.0098e-05	-0.0530204451	-0.0109874149	-0.0829073133	-0.0439445504	-0.0342563435	0.0823809975	-0.0773857451	0.0321786646	-0.0447267542	-0.0410717369	-0.002665204	0.1573961613	-0.0719285434	-0.126680965	0.0940711942	-0.0871567612	0.095719488	-0.0484895058	0.0601115919	0.0553696657	-0.1631118215	0.005923598	-0.0785418531	-0.0569401245	-0.0553603854	-0.0444383056	0.0271620011	-0.0206347065	0.0217711494	0.1000072991	0.0647529709	-0.0316039659	0.030192604	-0.0589897456	0.0925301535	-0.1055017419	0.0498753459	-0.0036620447	0.1184764584	0.0709720514	0.1417957343	0.0230993535	0.1166276594	-0.050407726	0.051134726	0.0926047444	0.0239750208	-0.0554536812	0.0130801	0.00368237	0.00017108901601	1.3559848816900006e-05	0.0160851	-0.0171507	0.00029414651049	0.00025873044201	0.0116005	-0.0010436	0.0001345716002499	1.0891009600000008e-06	0.000637414	0.0004009499999999	1.6076090249999998e-07	4.06296607396e-07	-1.68996e-05	-0.0002398696	5.753742500416e-08	2.8559648016e-10	0.000424095	1.5536999999999984e-05	1.7985656902499998e-07	2.413983689999995e-10	0.0	0.0	0.0	0.0	0.0	0.0	0.0	0.0	0.0	0.0	0.0	0.0	0.0	0.0	0.0	0.0	0.0	0.0	0.0	0.0	0.0	0.0	0.0	0.0	0.0	0.0	0.0	0.0	0.0	0.0	0.0	0.0	0.0	0.0	0.0	0.0	0.0	0.0	0.0	0.0	0.0	0.0	0.0
329.1710196337906	0.8029128144083302	0.6446689875411057	108353.56016674936	363.03067775316686	1.5076828615777345	2.273107611095226	131791.2729899237	226.9977554160471	0.1821563470016372	0.0331809347529808	51527.98096392355	226.6241026374364	341.95218629685303	1.064755	23.544237	0.056488635	0.0329855	0.0051788012	0.1333582199	-0.0546430182	0.0341933409	0.0305389947	-0.0941722931	-0.0502391189	0.020776964	-0.0272763175	0.0171338257	-0.0091719449	0.0737345399	-0.0423131492	-0.1032228245	-0.0823089543	-0.0354478264	0.0345299378	0.0242049659	0.0118372451	0.0087783285	0.0231108649	0.0475062484	-0.0738020438	-0.1412917866	0.0807132901	-0.1132798557	-0.0808872517	-0.0686298441	-0.036187299	0.0685042934	0.0653747402	-0.0180868008	-0.0374766526	-0.2388823922	-0.0616413131	-0.0200947274	-0.0358957676	-0.0859188228	-0.0943535269	0.0606055853	0.0211030645	0.0343734151	0.0132795752	0.2634292419	0.0401061397	0.1318370232	-0.1361210264	-0.0336477461	-0.0374556365	-0.0846053691	0.0199333957	-0.0967064955	0.094768492	0.0473911661	0.1143951685	0.0277109759	-0.0363366698	-0.135680826	0.0318068431	0.0345658073	0.0149262474	-0.0265183479	0.0312083572	-0.0016407512	0.0803678248	-0.0892590599	0.0371572155	0.0389481649	-0.0191473517	0.0219231842	0.0183731372	0.0161370595	-0.0542085323	-0.0899010241	-0.0552710982	0.1379834379	-0.1074667409	-0.0732111673	-0.0396549604	-0.0785229068	-0.0113232189	0.068522959	-0.0730887766	-0.056074293	-0.2395088435	-0.0331554975	0.0014364563	0.0300564445	0.1448467762	0.0681981106	0.0599298647	0.0160229134	0.0175402479	-0.0263663403	-0.158708874	0.1907477248	-0.1625794536	-0.0315346306	-0.0678960788	-0.0481514676	-0.0826612401	-0.1065898578	0.0792551275	-0.1024907052	0.0192230273	0.0707004408	-0.0986436562	0.1136436748	-0.0103263148	-0.0468730056	-0.0233241169	-0.063635748	-0.0237033359	-0.0012598397	-0.0385988935	0.0483669011	-0.0987679523	0.0342579992	0.0796810093	-0.0396916045	0.033494295	0.0355479109	0.0428204872	0.1280058761	0.1288396351	-0.0181588529	0.0117425501	0.0276763771	0.0031068431	-0.0530698384	0.0214917043	-0.1556367321	0.0899030929	0.0305273825	-0.0203918201	0.0018623918	0.0149046519	0.047443506	-0.0375491444	0.0185761489	-0.0470834876	0.0908858965	0.0186974948	-0.0624505233	0.0121308	-0.0009493	0.00014715630864	9.011704900000004e-07	0.0375853	0.0215002	0.00046225860004	0.00141265477609	-0.00222992	-0.01383042	4.972543206399999e-06	0.0001912805173764	0.000236464	-0.0004009499999999	1.6076090249999998e-07	5.5915223296e-08	-1.81869e-05	-1.2873000000000004e-06	1.657141290000001e-12	3.3076333161e-10	0.000422158	-1.9369999999999782e-06	1.78217376964e-07	3.751968999999916e-12	0.0	0.0	0.0	0.0	0.0	0.0	0.0	0.0	0.0	0.0	0.0	0.0	0.0	0.0	0.0	0.0	0.0	0.0	0.0	0.0	0.0	0.0	0.0	0.0	0.0	0.0	0.0	0.0	0.0	0.0	0.0	0.0	0.0	0.0	0.0	0.0	0.0	0.0	0.0	0.0	0.0	0.0	0.0
329.0019934650474	-0.1690261687431871	0.0285698457200003	108242.3117039751	362.8011225629973	-0.2295551901695489	0.0526955853337777	131624.654532971	227.3686357913221	0.3708803752749929	0.1375522527641196	51696.49654160688	226.9630226256726	342.353386077024	1.091852	24.143414	0.03959566	0.0173082	-0.0058509798	0.0839472841	0.0888267262	0.1267040683	-0.1320327484	-0.0419761208	0.0342228475	-0.0059338709	-0.005960382	0.0113433017	0.1547347374	-0.0016812666	-0.0004881543	0.0204398599	0.0769823674	0.0595154791	0.0633706196	0.0263739083	-0.0900941518	-0.0366731689	0.0444779036	0.0411956881	-0.0898519044	0.2115147609	0.0018621484	0.0539068393	0.0949378868	0.1425411106	-0.0546187871	-0.1382406471	-0.0236646354	-0.0262230357	-0.1047453013	0.0180999387	0.0019540422	0.0099912831	0.0390162558	-0.1168060857	-0.047861629	0.0471641486	0.0748308809	0.0650070722	0.0073656099	-0.0059362725	-0.0442703277	0.2840641272	0.0245501657	0.0322095113	0.0988398484	0.0220614688	-0.0074608302	0.0655506574	-0.0425878922	0.0350651741	0.1524673616	0.1659975775	0.0814019764	-0.0783724103	0.0520129822	0.116292592	-0.0436013832	0.0868424004	-0.016326334	-0.0345503745	0.0631365909	0.0369893314	-0.0594776956	0.0800648986	-0.0167949487	-0.0787539728	-0.0404298272	0.0358391141	-0.0482863298	-0.0582087519	-0.0062239536	-0.2171213552	0.0523917104	0.0982722442	0.1247091906	0.0644604646	0.1438452494	-0.0706443071	-0.0198492494	-0.0942809872	0.0381337775	-0.0222670924	-0.0215100263	-0.0079441166	0.0634831333	0.1097717423	0.0371660228	0.0038886728	0.0593506115	0.0207433461	0.1299739289	0.2378861408	-0.059651532	0.1292838132	0.0422653336	0.0626804571	-0.0121054191	-0.0316764102	-0.0438553077	0.0700170879	0.0571128964	0.0889556905	-0.1993999871	-0.029360396	0.0066922682	-0.0215272123	-0.0237680141	-0.1531313777	0.0329121714	-0.0467563663	-0.0331749128	0.0736328835	0.0269036713	-0.0190752924	0.0773278745	0.10579017	0.0042505382	0.0509587969	0.1019533437	-0.1213443537	-0.0299232314	0.0517087377	0.0941088958	0.0277297163	-0.0410544996	-0.0830901602	0.0646627169	0.0142631322	0.0514836795	-0.0173354075	0.0803939252	0.0670693469	0.0994132376	0.0355490876	0.0154264319	-0.0362482274	0.0838107554	0.0891212848	0.0133823145	-0.0691644489	0.0084455499999999	-0.0036852500000001	7.132731480249832e-05	1.3581067562500736e-05	0.0296967	-0.0078886	6.223000996000003e-05	0.00088189399089	0.0102072	0.01243712	0.0001041869318399	0.0001546819538943	0.000316235	7.977099999999999e-05	6.363412440999999e-09	1.00004575225e-07	7.12079e-05	8.939480000000001e-05	7.991430267040001e-09	5.070565022410001e-09	0.000564686	0.000142528	3.18870278596e-07	2.0314230784e-08	0.0	0.0	0.0	0.0	0.0	0.0	0.0	0.0	0.0	0.0	0.0	0.0	0.0	0.0	0.0	0.0	0.0	0.0	0.0	0.0	0.0	0.0	0.0	0.0	0.0	0.0	0.0	0.0	0.0	0.0	0.0	0.0	0.0	0.0	0.0	0.0	0.0	0.0	0.0	0.0	0.0	0.0	0.0
328.99370609778305	-0.0082873672643586	6.868045617436315e-05	108236.85865195443	363.0379640272	0.2368414642027119	0.0560938791656844	131796.56332501458	227.4535844640856	0.0849486727634882	0.0072162770042782	51735.13308556092	227.05899628348973	344.21274000403474	1.178428	26.057825	0.049110495	0.0282	0.0023671465	0.0173077973	0.0446635148	0.0217051681	0.024473941	0.0842188431	0.0383112719	0.0690913498	0.0334619253	-0.0195472984	0.009721922	0.0192576257	0.1239158332	-0.0364813633	-0.1309028282	0.098637761	-0.0964208796	-0.0095894024	-0.0331407045	-0.0215655994	0.0838658786	-0.1231566878	-0.0769618854	-0.0244382298	0.0732122447	-0.0169063362	0.0368424444	0.0807435075	-0.0360569423	-0.0829202633	-0.0118675895	-0.1431348572	0.0669358405	-0.0626211071	-0.0178767059	0.0725361719	-0.1798938558	0.0759925094	0.0243693813	-0.0157226841	-0.1803212951	0.0573153025	0.0440027932	-0.0798578719	0.0237032751	-0.0237452023	-0.059504129	0.0563651466	0.0480882825	0.1742877644	-0.0097166292	-0.1176478138	-0.0393033299	-0.0415257205	-0.0770904732	-0.0076040685	0.039886948	-0.0086089146	0.0767438671	0.0171039518	0.0325440873	-0.0142200365	-0.051737912	-0.0417174675	-0.1363630275	0.1447515576	-0.0971880686	-0.0933645912	-0.0038569349	-0.046608666	-0.0302460384	0.0882814713	0.1047309585	-0.0749247887	-0.0743086385	0.0091723131	-0.0334266015	0.0348776328	0.065965645	0.0486244963	0.0835615589	-0.0716035852	-0.1369237235	0.057830757	-0.0623890155	-0.0260146812	0.2014974577	-0.0220743538	-0.0559275718	-0.0857398235	-0.0501176247	0.1613382447	0.0826659287	-0.034875867	0.0125880637	-0.0492313454	-0.013979489	-0.0704685572	0.029135623	0.0631352637	0.18634959	-0.0893054241	0.0460198437	0.035763758	-0.033158059	-0.0581180927	0.0446910743	-0.0371506761	0.0334193889	-0.0780469054	0.0335844085	-0.0491699159	-0.015151097	0.0577568511	0.0224516396	-0.1193522127	0.2109886669	-0.0586630185	-0.0366280016	0.0104509311	-0.018824241	-0.0579064186	-0.116164857	0.0373343169	0.0729755144	0.1144262689	-0.0240550199	-0.0088048036	-0.0489249148	-0.0853215535	0.0309072035	0.0335827628	0.1457242817	0.0364013053	0.0719776971	0.0109581688	-0.04445279	-0.0509660813	-0.0919510046	0.0272865378	-0.0577334216	0.0873117978	0.008040184	-0.0755650422	0.0190842	0.01063865	0.0003642066896399	0.0001131808738225	0.00781621	-0.02188049	0.00047875584264	6.10931387641e-05	-0.00446692	-0.0146741199999999	1.99533742864e-05	0.0002153297977743	0.000288386	-2.7848999999999984e-05	7.755668009999991e-10	8.316648499600002e-08	6.07122e-05	-1.0495700000000009e-05	1.1015971849000015e-10	3.6859712288399997e-09	0.000564686	0.0	3.18870278596e-07	0.0	0.0	0.0	0.0	0.0	0.0	0.0	0.0	0.0	0.0	0.0	0.0	0.0	0.0	0.0	0.0	0.0	0.0	0.0	0.0	0.0	0.0	0.0	0.0	0.0	0.0	0.0	0.0	0.0	0.0	0.0	0.0	0.0	0.0	0.0	0.0	0.0	0.0	0.0	0.0	0.0	0.0	0.0	0.0
328.86635284772245	-0.1273532500605938	0.0162188503009961	108153.07803536268	362.4563812665491	-0.5815827606509174	0.3382385074863422	131374.62832084202	227.11668659926792	-0.3368978648176721	0.1135001713187064	51581.98933183008	226.7394691883094	341.0198723362828	1.142285	25.258617	0.06715725	0.0385193	-0.0052111882	0.0970620046	-0.061799645	-0.0583323403	0.0960626699	0.0318142319	-0.0169445828	-0.0312917688	0.0036708711	0.0828716623	0.019223816	-0.0532081375	-0.1404991694	0.0520435483	-0.0366544577	0.0283916936	-0.0441304344	-0.0214734977	0.0818975226	0.0675246918	-0.0023315511	0.1226614398	0.0736900518	-0.0911986208	-0.0275779987	-0.0448337486	0.0224316973	0.1069576163	0.007646135	0.0347787965	-0.1910091365	-0.0370127186	0.0629007634	-0.0650056283	-0.1531986934	0.0395936307	0.0298126378	-0.1134235176	-0.0716692236	-0.0046050652	-0.064108943	0.0242138712	-0.0697467616	-0.0698221242	-0.1889334324	-0.0476281614	-0.0715777367	0.0154330998	-0.1751930046	0.0749433824	-0.1221845724	-0.0648980891	0.0381159118	0.0438264969	0.1418434298	0.0312086135	-0.1865935075	0.0736726428	-0.0776352552	0.0254792402	0.0297257228	0.0018004407	-0.0535912293	-0.1189971129	-0.1630151693	-0.0103385306	-0.0271983093	-0.0612914381	0.0188050269	0.0753871671	0.0775750787	-0.0149824802	-0.1191326794	0.0665120822	0.0481107479	0.0911184202	-0.0574358845	0.0004807811	0.0915503713	-0.0039983931	-0.0866948541	-0.1769863108	-0.0292885176	0.0741522683	-0.0654123256	-0.1347129971	-0.0002423994	-0.0442435963	0.0734655662	0.0999297199	-0.0314077967	0.0803920814	-0.0229169704	0.1023325865	0.077527741	0.0256560066	0.1278483477	-0.1165389057	-0.0209010125	-0.1202643047	0.0673367344	0.0681924804	0.1831009584	-0.0037522366	0.0353839239	0.1738621949	-0.0241167154	0.0033009328	-0.175373948	0.0660189405	0.0116918395	-0.0004100495	-0.0708526856	0.1087190941	-0.0121178826	-0.1885085613	-0.030441088	-0.0066073382	-0.0378581183	-0.0734909862	-0.086106295	0.0963370822	0.0293474267	0.0426478257	-0.0354565731	-0.0468369258	0.0958426688	0.0356935114	0.0151105067	-0.121200756	-0.0247443745	-0.0492959188	0.1137838294	0.0958315752	0.1040191922	0.0023400074	0.1053868512	0.0025969674	0.1267090553	-0.0161458986	0.0373153801	0.0854583468	0.0026818616	-0.081623307	0.0226454	0.0035612	0.00051281414116	1.2682145440000004e-05	0.0382264	0.03041019	0.0009247796558361	0.00146125765696	0.0115174	0.01598432	0.00013265050276	0.0002554984858624	7.06518e-05	-0.0002177342	4.7408181849640014e-08	4.99167684324e-09	-6.55834e-05	-0.0001262956	1.595057857936e-08	4.30118235556e-09	0.000564687	1.000000000015745e-09	3.1887140796900004e-07	1.0000000000314906e-18	0.0	0.0	0.0	0.0	0.0	0.0	0.0	0.0	0.0	0.0	0.0	0.0	0.0	0.0	0.0	0.0	0.0	0.0	0.0	0.0	0.0	0.0	0.0	0.0	0.0	0.0	0.0	0.0	0.0	0.0	0.0	0.0	0.0	0.0	0.0	0.0	0.0	0.0	0.0	0.0	0.0	0.0	0.0
328.94055556245473	0.0742027147322801	0.0055060428736401	108201.88909373638	362.38428235662064	-0.0720989099284565	0.0051982528128716	131322.36809912295	227.0070137170554	-0.1096728822125214	0.0120281410928016	51532.18427673538	226.62169127221927	340.317863463965	0.9939960000000002	21.979597	0.03372042	0.0204043	-0.0201892815	0.1353321571	-0.0589339844	0.0189622871	0.0042183392	-0.1109647479	-0.056424237	-0.0322053529	-0.0595237679	0.0640198272	0.0928627479	-0.0500271859	0.1019164984	0.0373541501	-0.0131401566	-0.0093904269	0.0959685207	0.0236627517	0.0064001747	0.0514972467	-0.0033166104	0.0499171973	-0.0525289722	0.0860738623	0.0979346215	-0.0583810716	-0.0023736007	0.0532692006	-0.0910506568	-0.0144047727	0.0224191213	-0.1288026923	0.0062332493	-0.0100864876	0.017112884	0.1208742158	0.1542737614	0.0171080871	-0.0120524656	-0.0002226327	0.1294469819	-0.0946133279	0.0607417967	0.0396991552	-0.0507747925	-0.0935079821	0.065589324	0.0981519651	0.0854297092	0.0089233239	0.0486649712	0.0520272443	0.0012703245	-0.2033311033	0.0634476695	0.1171841663	-0.047717535	0.0085032849	0.1889381889	-0.0744310034	-0.0545062145	0.1336385149	0.0283078833	-0.006066523	0.0511194525	-0.1163623776	0.0101410595	0.101674671	-0.0070813756	0.0262366657	0.0533884015	-0.0062136158	-0.0474789094	-0.0420000197	-0.0787062049	-0.0881812043	-0.0705390019	0.0169792364	0.0513506109	-0.0642255884	0.0438798322	-0.0254391353	-0.1300985708	0.0056003821	0.0379801263	0.064753628	-0.1027434847	-0.1541119607	0.0345959009	0.0173138371	0.0129473328	-0.1200146302	-0.0551820846	-0.0728242963	-0.0411515265	0.0171443284	0.1124650583	0.0068097351	0.1228400085	0.0830140157	0.0274699112	0.0184683792	-0.0902239746	0.031193731	-0.1836087821	0.0028160686	-0.1089542264	-0.0345179191	-0.0932372446	-0.1672117702	0.1734037962	-0.0675268024	0.0050405519	-0.0378147214	-0.0435173238	0.0628628288	-0.113537446	0.0560107703	0.0785075776	-0.0697741122	0.0485239423	0.0764666787	0.0419026189	-0.0337774348	0.0754565633	0.1542000073	0.0722015974	-0.0623808319	0.0003449396	-0.0398147617	-0.0390454696	-0.1416007508	0.1083821288	-0.0114428355	0.0164129367	0.0508922189	-0.0081600752	-0.0996570931	-0.0813967586	-0.0081294946	-0.0423201515	0.0835618648	-0.0026818616	-0.0873117978	0.0226518	6.400000000000156e-06	0.00051310404324	4.096000000000199e-11	0.0290765	-0.0091498999999999	8.372067000999999e-05	0.00084544285225	0.0283207	0.0168033	0.00080206204849	0.00028235089089	5.34822e-05	-1.71696e-05	2.9479516416e-10	2.86034571684e-09	7.24624e-05	0.0001380458	1.905664289764e-08	5.25079941376e-09	0.000564686	-1.000000000015745e-09	3.18870278596e-07	1.0000000000314906e-18	0.0	0.0	0.0	0.0	0.0	0.0	0.0	0.0	0.0	0.0	0.0	0.0	0.0	0.0	0.0	0.0	0.0	0.0	0.0	0.0	0.0	0.0	0.0	0.0	0.0	0.0	0.0	0.0	0.0	0.0	0.0	0.0	0.0	0.0	0.0	0.0	0.0	0.0	0.0	0.0	0.0	0.0	0.0
328.82789774092737	-0.1126578215273639	0.0126917847512913	108127.7863327178	362.8591293872603	0.474847030639637	0.2254797025072804	131666.7477796805	226.8496679600469	-0.1573457570084997	0.0247576872485778	51460.77185358353	226.46998391090108	342.5345875236215	0.975149	21.562851	0.035323095	0.0216178	-0.0265734115	0.0696300878	0.0686114982	0.0665480719	-0.1108265749	-0.034439509	-0.0138937236	0.0324100747	-0.0141166417	0.0157193689	-0.0604331076	0.0581558619	-0.0647286443	0.0943980436	-0.1479465296	-0.0080372281	0.100044086	-0.0115199793	-0.1120580192	-0.0021807841	0.0267251267	-0.0421847742	0.0349613419	0.0300909075	0.0071700312	-0.1395495508	-0.1214198374	0.1069553193	0.0791792323	0.0841177286	0.0068107041	-0.0956045359	-0.0404233014	0.0538614948	-0.1599655266	-0.0482473982	0.1249704703	0.0033790009	-0.0172513529	-0.1097296733	-0.0245308179	-0.0402513419	0.1299240586	-0.0445178773	0.1542527163	-0.0253234139	-0.0999536852	-0.0156108903	0.0471616152	0.0567055206	0.0663959942	0.0024696255	-0.0837599864	0.1213481632	0.0188530579	0.0614902787	0.0830029608	0.0405836757	0.0007157299	-0.1610452002	0.1041521414	0.0239069956	-0.1422815471	0.1319187232	0.0392245625	0.0041533883	0.0072298779	0.1107970963	0.0226863955	-0.0915769487	-0.0064391099	0.0313150557	0.034570501	0.0268975695	-0.0152543276	-0.0110328504	-0.135055079	-0.13998149	0.1001493847	0.0292689405	-0.0864063271	0.0579417127	-0.0675405889	-0.0191635032	0.0927739776	-0.1116549989	-0.1687533199	-0.0211347326	0.0045021071	0.0061640715	-0.1504505702	0.0221652742	0.0289772669	-0.1424390732	0.0339692163	-0.0547714811	-0.1175819686	-0.0829730172	-0.0266188067	0.0426793599	0.0568521639	-0.0601839224	-0.0633377635	0.0497643789	0.1525692812	-0.0002998762	-0.064712191	-0.0583799554	0.0303428012	-0.0228614617	0.1034638153	0.1271295022	-0.0909568136	0.0284925744	0.1523915241	0.1096977657	0.0402691851	0.0125586154	0.1046590511	0.0705581677	0.0250559316	0.0275202932	0.0196085168	0.0636650147	0.0336838751	0.0461146931	-0.0090424705	0.0259545589	-0.0342322667	-0.0770068627	-0.0232428884	0.0425610611	0.0480041111	0.0798199351	0.0226689583	0.1595518751	0.0715331655	-0.0791268304	0.1090715688	-0.049786197	0.0207665789	0.081623307	-0.008040184	-0.0926047444	0.0226401	-1.1699999999999903e-05	0.00051257412801	1.3688999999999778e-10	0.0492234	0.0201469	0.00040589757961	0.00242294310756	0.0219145	-0.0064062	0.00048024531025	4.103939844000001e-05	9.97912e-05	4.630899999999999e-05	2.1445234809999995e-09	9.958283597439998e-09	1.60275e-05	-5.64349e-05	3.1848979380100003e-09	2.5688075625e-10	0.000492264	-7.242200000000005e-05	2.42323845696e-07	5.244946084000007e-09	0.0	0.0	0.0	0.0	0.0	0.0	0.0	0.0	0.0	0.0	0.0	0.0	0.0	0.0	0.0	0.0	0.0	0.0	0.0	0.0	0.0	0.0	0.0	0.0	0.0	0.0	0.0	0.0	0.0	0.0	0.0	0.0	0.0	0.0	0.0	0.0	0.0	0.0	0.0	0.0	0.0	0.0	0.0
327.55254763939274	-1.2753501015346274	1.6265178814843844	107290.67146505666	360.74811758002977	-2.1110118072305117	4.456370850266629	130139.204337535	226.70665323076528	-0.1430147292816173	0.0204532127914942	51395.90661909446	226.3075427740393	333.5973192120357	1.005038	22.223755	0.06023348	0.0300619	0.0396631935	0.0467402157	0.0386502847	0.0092671749	-0.0787727716	-0.0822077114	0.0313993814	0.026731285	-0.1043105108	-0.0451897566	0.1277367175	-0.1726434809	-0.0440404964	0.0249655081	-0.2083384664	-0.0629437489	0.0920936935	-0.0279123494	-0.0708681584	0.068086646	0.0207042172	0.0123246325	0.0305253478	0.0686739074	-0.0348792437	0.0775747687	-0.0445731093	-0.014060614	-0.0512803982	-0.0509799329	0.0414074605	-0.1139721092	-0.1210600671	0.1890278737	0.1252960909	-0.0327455729	0.1118267735	-0.044286766	-0.0739117157	-0.1029715745	0.117880515	0.0174818788	0.0349020027	0.0193002627	0.0363708721	0.0756694171	0.1716325058	0.1013738099	-0.0549493247	0.0259482714	-0.0021239055	-0.0037229596	0.0489431119	-0.0039155975	-0.0400339066	0.0139152204	0.0223246003	0.0227056572	-0.0841974159	-0.0390916991	0.0038808012	0.0648430263	-0.1590025219	-0.1530025056	-0.0084503278	-0.1394168295	0.0635106286	0.0957154826	0.0450058988	-0.0596499704	0.0658022028	0.0288989496	-0.0129579856	0.043524367	0.0171039867	-0.0586788806	0.0952136006	-0.0262804528	-0.0284439955	-0.0097244555	0.0886257339	0.0222121457	-0.0889580167	-0.1057664574	0.22695692	0.0876857355	-0.083694373	0.0179335994	0.0799315357	0.0353895146	-0.0738710478	-0.0912739252	0.0295029058	-0.0114371193	0.0359262736	0.0487878557	0.0123088998	0.213086777	0.061557332	-0.0194504978	0.0637449096	0.0716096735	0.022544331	-0.0780307146	-0.0085274445	-0.0328953374	-0.0001580585	-0.0332249251	0.0138893709	0.0961368878	0.1100948055	-0.0220346729	-0.073020687	0.1584647108	-0.0380128983	0.0118542878	-0.1260287675	0.1045796821	0.0915354529	0.0626589597	0.0021550203	0.1048122253	0.098290018	0.0617701615	0.0937954286	0.0669463905	0.1098034115	-0.0544993975	0.0779354832	-0.0569603896	-0.1834330551	-0.0297026627	0.0728013743	-0.0334573175	0.0567023578	0.0819537632	-0.0195137192	-0.2720058093	-0.0562005129	-0.0978500366	-0.137059443	0.0796436494	-0.0133823145	-0.0974781683	0.0330943	0.0104542	0.00109523269249	0.00010929029764	0.0655885	0.0163650999999999	0.0002678164980099	0.0043018513322499	0.0371553	0.0152408	0.00138051631809	0.00023228198464	1.15496e-05	-8.82416e-05	7.786579970559999e-09	1.3339326016e-10	2.37225e-05	7.695e-06	5.9213025e-11	5.627570062499998e-10	0.0007597949999999	0.0002675309999999	5.77288442024848e-07	7.157283596094653e-08	0.0	0.0	0.0	0.0	0.0	0.0	0.0	0.0	0.0	0.0	0.0	0.0	0.0	0.0	0.0	0.0	0.0	0.0	0.0	0.0	0.0	0.0	0.0	0.0	0.0	0.0	0.0	0.0	0.0	0.0	0.0	0.0	0.0	0.0	0.0	0.0	0.0	0.0	0.0	0.0	0.0	0.0	0.0
327.97723047296853	0.4246828335757868	0.1803555091339594	107569.06370871872	361.1263390355462	0.3782214555164387	0.1430514694129734	130412.23274521629	226.836808818952	0.1301555881867102	0.0169404771362285	51454.93783516578	226.4525030782014	367.18598240427065	2.386898	52.779938	0.096372295	0.0633059	0.0320566101	-0.289321526	-0.1108686944	0.0388823147	-0.0786022752	0.0015303571	0.1198736292	0.02027788	-0.1149816217	-0.0595286836	0.0081216803	0.0675221488	-0.2175568276	0.4325492265	-0.1635457642	-0.0255232115	-0.0015783268	0.008148041	-0.077160871	0.1086554191	0.1388018598	-0.0439104657	0.2391521434	0.0623233555	-0.0380957331	0.1238179976	-0.1507522106	0.1156663738	-0.1236664253	0.0147554116	0.0004590502	-0.0140682859	-0.0097696338	0.1059205633	-0.0680210714	-0.0658066158	-0.0864633694	-0.0118404553	-0.102554387	0.0318410787	0.0811388478	0.009484655	-0.0425426444	0.0846787535	0.0152925124	-0.1751487793	0.0135475702	-0.1719067618	0.0477503233	0.0172683023	0.1563952009	0.075348702	-0.0140064248	-0.1053938059	0.1513898306	-0.1411856394	-0.0018294027	0.0218971621	0.0831795445	-0.0544955466	0.041752947	0.0610226437	0.0892692625	0.0328539286	-0.0299945773	-0.0612421088	0.024731304	0.0080060571	-0.0073112369	-0.0903349722	0.0999444169	0.1533053323	0.0290369171	0.2571440922	-0.0064850427	-0.0354394875	0.1347396798	-0.1258261993	0.1282642807	-0.0938234634	0.0275530071	-0.0277028453	-0.0406167855	0.0089405407	0.1111456179	-0.1127679957	0.0240314633	0.0778598953	0.1254256962	-0.0081235975	0.0773120555	-0.0921228931	0.0003502894	0.0514540044	-0.1435394795	-0.1142409926	0.0721185341	-0.0511363985	-0.1341532176	0.0334649823	-0.0382806889	-0.0147793455	-0.2126459737	0.021476105	-0.0781580104	0.1528578268	0.0464915817	0.0019797542	0.0525138513	-0.1134307266	0.0568776159	0.0217966118	-0.0597715627	-0.0920807891	-0.0076698427	-0.0507836403	-0.0485428068	-0.073878681	-0.0104416772	0.138945685	-0.1289520557	0.2780245124	0.0284548937	-0.0366822797	0.2456528177	0.0467689206	-0.0211351873	-0.0259763146	0.0102280509	-0.1446266657	-0.0943631571	0.1173664891	-0.0536021981	0.0113183942	-0.1615102318	0.0457500499	-0.1290032798	-0.2105264925	0.1078815706	-0.258328808	-0.0108535964	0.0776238888	-0.0186974948	-0.1019099918	0.0436918	0.0105975	0.00190897338724	0.00011230700625	0.0698155	0.004227	1.7867529000000072e-05	0.00487420404025	-0.022183	-0.0593383	0.000492085489	0.00352103384689	-6.10887e-05	-7.26383e-05	5.27632262689e-09	3.73182926769e-09	3.39291e-05	1.0206600000000002e-05	1.0417468356000003e-10	1.15118382681e-09	0.00112114	0.0003613450000001	1.2569548996000002e-06	1.3057020902507236e-07	0.0	0.0	0.0	0.0	0.0	0.0	0.0	0.0	0.0	0.0	0.0	1.0	0.0	0.0	0.0	0.0	0.0	0.0	0.0	0.0	0.0	0.0	0.0	0.0	0.0	0.0	0.0	0.0	0.0	0.0	0.0	0.0	0.0	0.0	0.0	0.0	0.0	0.0	0.0	0.0	0.0	0.0	0.0
330.0269208368568	2.04969036388826	4.201230587816387	108917.76847705692	362.1328918597842	1.0065528242379855	1.013148587981465	131140.23136673015	227.0039817729649	0.1671729540128979	0.0279467965533984	51530.807740780576	226.60482906988625	371.32863300182464	1.488636	32.917248	0.22404234	0.165257	-0.0184651043	-0.2292794343	-0.223170066	-0.1798760367	0.1344462842	0.1128971402	-0.0576870076	-0.0062536792	-0.2536642994	-0.3183620249	0.1086503871	0.2245845504	-0.0549080958	0.2705840133	0.1565533913	-0.0333982151	-0.0354206143	0.0202494518	0.2135365398	-0.0142530192	0.0517385872	-0.0677264634	-0.1681660264	-0.0047648054	-0.1358727073	0.0316468576	0.0916185525	0.2390856954	-0.1450377913	0.0006085207	0.0654693962	0.1638303814	-0.1313320933	-0.1282309103	-0.1129911932	-0.1609007664	0.0575757911	0.0923544891	-0.0175023501	-0.0133219608	0.0188465564	-0.0028106155	0.0886748507	-0.0992528938	0.0047311598	-0.0925083169	-0.0999832794	-0.033156483	-0.035076823	-0.0423174211	-0.0080053368	-0.0562876385	0.0506124662	0.0807267413	0.0436090419	0.1794364744	0.0727057202	-0.0662999261	-0.0505788618	-0.0690866936	0.0380563571	-0.0107683585	-0.0001501932	0.1769975525	0.0713680795	-0.0309089528	0.0331785008	-0.068615108	-0.0257262192	0.196945178	-0.0246031446	0.0805838702	0.0767528163	-0.1839698423	0.1491902953	-0.0131014968	0.0632967916	0.0846942464	0.2712225502	-0.0974563576	0.0985062557	0.0366814474	0.1171826914	-0.1113581009	-0.1229774929	-0.0847998088	-0.1658038888	0.0769577154	0.0067702711	-0.1008282553	-0.0244055955	-0.0389476188	0.0560701824	-0.0786382963	0.053052319	-0.0733337378	0.0204206866	-0.1490150875	-0.0431887041	-0.0406833145	-0.0112794548	-0.030857648	0.0671485774	-0.0331104855	0.050658278	-0.0165558832	-0.2013367806	0.026833105	0.017316251	0.0417977201	0.0157647147	0.0711038291	0.0028668875	-0.1010299102	0.1000276665	0.0910078021	0.0353878961	-0.1744064357	-0.2431758143	-0.1501594248	0.1747392594	0.1073605889	-0.1557350495	-0.2735385907	0.1976515922	-0.0189177543	0.04413562	0.2787535985	-0.1131080618	-0.0274942753	-0.233629875	-0.0203219878	-0.1884288199	0.0002245775	0.2022966529	-0.1754245564	-0.0607298074	-0.0458945728	-0.0153061434	-0.0287663679	0.0730300524	0.0755650422	-0.0239750208	-0.1058801375	0.0345667	-0.0091251	0.00119485674889	8.326745001000008e-05	-0.088438	-0.1582535	0.0250441702622499	0.007821279844	-0.0410328	-0.0188498	0.00168369067584	0.00035531496004	0.000445348	0.0005064367	2.5647813110689e-07	1.98334841104e-07	-0.000139113	-0.0001730421	2.9943568372410014e-08	1.9352426769e-08	0.00104434	-7.680000000000013e-05	1.0906460355999998e-06	5.89824000000002e-09	0.0	0.0	0.0	0.0	0.0	0.0	0.0	0.0	0.0	0.0	0.0	0.0	0.0	0.0	0.0	0.0	0.0	0.0	0.0	0.0	0.0	0.0	0.0	0.0	0.0	0.0	0.0	0.0	0.0	0.0	0.0	0.0	0.0	0.0	0.0	0.0	0.0	0.0	0.0	0.0	0.0	0.0	0.0
331.03595452057147	1.0090336837146765	1.01814897487081	109584.80318534584	363.8648962699327	1.7320044101484768	2.9998392767737734	132397.66273752885	227.88347064288448	0.8794888699195837	0.7735006723124265	51930.87619224639	227.45930857988347	350.17130194571627	2.500235	55.286079	0.1517831399999999	0.0995207	-0.108012038	0.0924578162	0.0780432918	-0.2221687114	-0.0149452406	0.0249057348	-0.2223850934	-0.007870701	-0.1109277897	-0.3411371144	0.0080583772	-0.0373009501	-0.0365662351	-0.0553771396	0.0332190685	0.1602099558	0.1194452473	0.0680008593	0.1756470324	-0.1578321427	0.0772909692	-0.0330041278	-0.1069789706	0.0738096683	-0.09314403	-0.115547083	0.0883269181	0.1053525849	-0.0310818331	-0.0912809727	0.0848386299	0.0931427168	0.0341387013	-0.0831655661	0.0883723343	-0.0002346208	0.0173437736	-0.0662036295	0.0994126402	0.0769213582	-0.0065530929	0.0079833642	0.0101973111	-0.0622619782	0.0420171925	-0.0471180863	0.14995691	0.0214062004	0.0062375776	0.1397487619	0.0543831269	0.0061362716	0.1609698748	-0.0569855357	0.0139624224	-0.0536847223	0.0321209955	-0.0392239755	-0.0405494664	0.16268248	0.0484993147	0.0096485145	-0.0106177824	-0.0372881575	0.0168551557	0.1064151842	-0.1584153093	0.0935872718	-0.0522170626	0.2025046675	-0.1652010619	0.0758004458	0.0167522314	-0.11025047	0.1172677574	-0.0985926173	-0.1025528599	0.0508358493	0.096613908	0.0347696905	0.1227203976	0.0467170252	0.0752370667	0.0235059527	-0.0927579852	0.1002830157	-0.0140874527	0.0077490632	-0.0707613463	0.0870898948	0.0808694306	-0.0013712754	0.0275649277	0.0049542769	0.0061218253	-0.0911790826	0.0714666364	0.097917023	-0.0064606357	0.031968519	0.1740126251	0.0307249282	-0.058152282	-0.1444598874	-0.0893040156	0.0286145456	-0.0074796498	0.0128541147	0.0772812257	0.0464449609	-0.1305577646	-0.1073832746	-0.059000146	0.0209928236	-0.0180362875	0.0068627596	0.0249108501	-0.0560622116	-0.0375968826	-0.0052111347	0.2148171808	0.0049315056	-0.1624180513	-0.0552180274	0.0644496849	-0.0148647691	0.2000096963	0.1446903392	-0.0621115474	-0.0257484361	0.0221849403	0.1044588101	-0.0584836534	-0.2404206125	0.1286045259	-0.2104155101	0.0139321877	-0.04060639	-0.0900596591	0.0288387727	0.0353983083	0.0734681463	-0.0292042644	-0.1093706198	0.0315234	-0.0030432999999999	0.00099372474756	9.261674889999991e-06	0.00138824	0.08982624	0.0080687533925376	1.9272102976e-06	0.00419743	0.04523023	1.7618418604900004e-05	0.0020457737058529	0.000633812	0.000188464	3.5518679296e-08	4.01717651344e-07	-9.56596e-05	4.3453400000000006e-05	1.8881979715600006e-09	9.15075907216e-09	0.00100259	-4.1749999999999904e-05	1.0051867081e-06	1.7430624999999919e-09	0.0	0.0	0.0	0.0	0.0	0.0	0.0	0.0	0.0	0.0	0.0	0.0	1.0	0.0	0.0	0.0	0.0	0.0	0.0	0.0	0.0	0.0	0.0	0.0	0.0	0.0	0.0	0.0	0.0	0.0	0.0	0.0	0.0	0.0	0.0	0.0	0.0	0.0	0.0	0.0	0.0	0.0	0.0
331.1094375204983	0.0734829999268527	0.0053997512782498	109633.45961514076	367.0584580978291	3.193561827896417	10.198837148597104	134731.91166115575	228.2521470194637	0.3686763765792307	0.1359222706475907	52099.04261899488	227.84406758931544	384.820042097853	2.014974	44.555832	0.0866767599999999	0.0500263	-0.1956556877	-0.1409080149	0.2190617996	-0.220866001	-0.1302294036	0.1682602272	-0.1299714084	-0.1006317624	0.0704297554	-0.2284406304	-0.1678461859	-0.0812263951	0.1335750559	0.109479495	0.1352545099	0.3279501638	-0.0172824845	0.040655625	0.0750106791	-0.0769466083	0.0307231179	-0.0110529074	-0.0830171703	-0.0046841092	0.029472733	0.0790584802	-0.2123803532	0.0470505641	-0.0728138812	0.1330333486	0.0171739649	-0.0750114997	-0.1163608682	0.0152136107	0.0156665159	-0.0380193054	0.0171708508	0.0748019251	0.1189647601	-0.011636051	-0.0581345606	0.1751474377	0.0255336649	-0.0506291202	0.0082131935	-0.0990988704	0.0381351025	-0.1199347541	-0.0684787451	-0.1354411807	-0.0738457277	-0.0178871363	-0.0888139502	0.0525707402	0.024393009	-0.021605028	-0.0257648871	0.0808810459	-0.0467416449	0.0081866886	0.1245665175	-0.0659341582	-0.0982169342	0.1494537905	-0.0043667424	-0.1993517121	-0.3304027106	-0.0139624862	-0.0463343475	0.0744331205	-0.0738920517	0.0274327618	0.0121765038	-0.1073912622	-0.0772347353	0.0019564444	0.0954245695	-0.1823342729	0.0794268538	-0.1112724967	-0.0734656668	0.0429633329	-0.0830983087	-0.1110304585	0.059018	0.0387273285	-0.0582426744	-0.0066382944	-0.1526942113	-0.0509108929	-0.0127168282	0.0349793899	0.1713558333	0.030932896	-0.0275001206	-0.1322810969	0.0338768584	-0.0110093699	-0.1169275855	-0.0591463427	-0.1501448546	0.0244410467	0.0842343466	0.0760823795	0.0535554948	0.0279123368	0.030709704	-0.0114876728	-0.0344240791	0.0616324605	-0.0935952398	0.0841716588	-0.0964262711	0.0631583847	0.2005376686	0.0381850311	-0.2111659236	-0.1303622527	-0.0713340005	0.1563264809	0.0538938574	-0.0462764768	-0.2023257519	0.0820539552	0.0255190917	-0.0231859019	0.2414972472	-0.0863697747	0.1113267477	0.0786722521	0.0632874431	0.0373330408	-0.1214215866	-0.0267920268	-0.0419507627	-0.0352214486	-0.0975045444	0.1066156046	-0.0739460231	0.0523794371	0.1132274515	0.0713342571	-0.0343746944	-0.1123656258	0.0233487	-0.0081747	0.00054516179169	6.682572009e-05	0.0403347	0.03894646	0.0015168267465316	0.00162688802409	-0.0251981	-0.02939553	0.00063494424361	0.0008640971839809	0.000744829	0.000111017	1.2324774289000009e-08	5.54770239241e-07	-0.000131716	-3.605640000000001e-05	1.3000639809600007e-09	1.7349104656000004e-08	0.000946462	-5.6128000000000016e-05	8.95790317444e-07	3.1503523840000013e-09	0.0	0.0	0.0	0.0	0.0	0.0	0.0	0.0	0.0	0.0	0.0	0.0	0.0	1.0	0.0	0.0	0.0	0.0	0.0	0.0	0.0	0.0	0.0	0.0	0.0	0.0	0.0	0.0	0.0	0.0	0.0	0.0	0.0	0.0	0.0	0.0	0.0	0.0	0.0	0.0	0.0	0.0	0.0
327.78890571230227	-3.3205318081960518	11.02593148924174	107445.56670806858	363.1703662283469	-3.888091869482196	15.117258385533557	131892.71490643162	227.664677924424	-0.5874690950396939	0.3451199376267569	51831.20557443172	227.29279808376145	343.4060050900093	2.05196	45.37368	0.0975518	0.0537344	-0.0092013305	-0.0651496534	0.2469666311	-0.096915932	-0.1076578582	0.1284186739	0.0703781224	-0.1827650111	0.0733809934	-0.0177873617	-0.1560977917	-0.2803827972	-0.0889711857	-0.0071906709	0.0417872468	0.2530428193	-0.1155041139	-0.1042913448	-0.0712855356	0.0585854936	-0.130749601	0.1355783737	-0.1090444261	-0.0985430324	0.0066917461	0.0926546867	0.0201344124	-0.0915172854	0.0052113959	-0.0925930003	0.0173458766	-0.0909753632	0.0196454003	-0.0830367441	-0.0758694996	0.0546519453	0.0312015953	-0.1027596994	0.0410281652	-0.0326384404	0.0158755371	0.0435353359	0.0038468739	0.0215874821	0.1785406756	-0.1789514293	0.048305381	0.110154882	-0.1206286577	-0.1353531068	0.0635374157	-0.0672166397	0.0546303782	0.0328702684	-0.0654756317	0.0579905256	-0.0198295534	0.0502368256	-0.0216618091	0.0441766705	0.0354333761	-0.0635782391	-0.0630877713	0.0079971151	0.0102320212	0.1313046625	-0.2560277147	-0.1035634165	0.0878566179	-0.0857690235	0.0860495883	-0.1547858331	-0.118894331	-0.1149270744	0.0095940782	0.0789647012	0.0723443359	0.0377361917	-0.0978308994	0.0383592021	0.0464084642	-0.0268440084	-0.126646575	0.0285961484	-0.0739804898	-0.0293127056	-0.0835591268	-0.0716629638	-0.0163446827	0.1065025865	-0.0043473131	-0.039653278	0.075735127	-0.0227066544	-0.1103516626	-0.2407399993	-0.063731657	0.0315748874	0.0940758897	-0.1461952023	-0.0532993518	-0.0195795541	0.0399283953	-0.0938119987	-0.00319617	-0.0936294482	-0.0229961552	-0.0444724258	-0.0517490736	0.0217796615	-0.0570457282	0.0104814609	-0.0141626378	0.053474476	0.0252330042	0.0322192386	0.0928319581	-0.0282159916	-0.0751785318	0.1468139054	-0.027847624	-0.0259711267	-0.0134222122	0.124243264	-0.0640390986	-0.0664497579	0.2013050971	-0.0602955232	0.0925018498	0.0960041749	-0.1094664093	0.0309005692	-0.1472981976	0.0967858168	0.0256838888	-0.1495179505	0.1154659662	-0.0809164446	-0.0128129131	0.1426879923	-0.1038555577	0.0691644489	-0.0394758984	-0.1148515874	0.0099952	-0.0133535	9.990402304e-05	0.00017831596225	0.063925	0.0235902999999999	0.0005565022540899	0.0040864056249999	0.0180571	0.0432552	0.00032605886041	0.00187101232704	0.000597448	-0.000147381	2.1721159161000013e-08	3.56944112704e-07	-8.777599999999998e-05	4.394000000000003e-05	1.930723600000002e-09	7.704626175999997e-09	0.0007907269999999	-0.0001557350000001	6.252491885288418e-07	2.425339022503115e-08	0.0	0.0	0.0	0.0	0.0	0.0	0.0	0.0	0.0	0.0	0.0	0.0	0.0	0.0	1.0	0.0	0.0	0.0	0.0	0.0	0.0	0.0	0.0	0.0	0.0	0.0	0.0	0.0	0.0	0.0	0.0	0.0	0.0	0.0	0.0	0.0	0.0	0.0	0.0	0.0	0.0	0.0	0.0
325.4814452587272	-2.307460453575061	5.324373744812826	105938.17120770983	359.7819827386997	-3.3883834896471967	11.481142672913714	129443.07510339	226.86424860330524	-0.8004293211187701	0.6406870981066551	51467.38729434228	226.48373127859645	320.3218224725826	1.271865	28.123932	0.05027925	0.0303999	0.1617698971	-0.1352772625	0.1243363544	0.0735672949	-0.0836027807	0.0661735831	0.2820338435	-0.1380002179	0.0275787577	0.0252070636	-0.0372422374	-0.1570146745	0.1014061398	0.0165531618	-0.0203007624	0.1239678913	-0.1519196433	-0.1935519832	-0.1964231577	0.0420346338	-0.0620177858	0.070357586	-0.0839036099	-0.039532767	-0.0742429259	-0.0140905931	-0.0123643462	-0.1029611271	-0.1035043398	-0.0698603967	0.0028384715	0.0928000421	-0.0127442666	0.0394994372	0.043378656	0.1003674787	0.0970355453	0.1216201028	0.0128751376	0.0601862004	0.058169962	-0.0083861147	0.1820762326	-0.0135829341	-0.0107711485	0.0082787258	-0.1742326678	-0.0278724566	0.0591391764	0.0231649941	0.0908439207	0.0106995771	0.0737798612	-0.1623564382	-0.0612959191	0.0051922087	0.0051656631	0.1503854703	0.0358975183	-0.01440724	-0.029034169	-0.0140498156	0.2045266979	-0.041734324	0.0625343952	0.0556362582	-0.1273913358	-0.1301416617	0.1679883736	-0.2265402267	0.0525688472	-0.0840107209	-0.0673577641	-0.0897564516	0.0675924919	0.032988823	0.0176349903	-0.0184960318	-0.0977305643	-0.0912335371	0.1144580163	-0.0188497309	0.1043307737	-0.0057352558	0.0461408779	0.0608908838	-0.0495077432	-0.1288302185	-0.0170210847	-0.0864837398	0.0405642598	-0.0608768176	0.0485508506	-0.1326879583	0.0186000535	0.1029362937	-0.0055803108	-0.1673876786	-0.0315542523	-0.0056138991	0.0371070605	-0.0460180211	-0.1132539671	-0.0607184327	-0.1692260578	-0.0530111372	0.0390170065	-0.1189563853	-0.0428121897	-0.0576956547	-0.0443267141	0.0951792659	0.0652094444	-0.1172221781	-0.153725578	-0.007496519	0.0005371258	0.0266612644	-0.1114732729	0.1942612606	-0.1235108022	-0.0609758656	0.0609074337	0.0260304077	0.0521090236	0.111683576	0.0494181791	-0.1284628529	0.0615842428	0.0951134835	0.0321419154	-0.0376082847	-0.1403004865	0.039105881	0.011113336	-0.0281309429	0.1284251482	-0.0440433163	0.0127880393	0.0892758789	0.0141015106	0.0669598143	-0.0444976032	-0.1168172427	0.017809	0.0078138	0.0003171604809999	6.105547043999999e-05	0.0766678999999999	0.0127428999999999	0.0001623815004099	0.0058779668904099	0.0441475	0.0260904	0.00194900175625	0.00068070897216	0.000563741	-3.370700000000001e-05	1.1361618490000006e-09	3.17803915081e-07	-8.777599999999998e-05	0.0	0.0	7.704626175999997e-09	0.000751791	-3.893599999989998e-05	5.65189707681e-07	1.516012095992211e-09	0.0	0.0	0.0	0.0	0.0	0.0	0.0	0.0	0.0	0.0	0.0	0.0	0.0	0.0	0.0	0.0	0.0	0.0	0.0	0.0	0.0	0.0	0.0	0.0	0.0	0.0	0.0	0.0	0.0	0.0	0.0	0.0	0.0	0.0	0.0	0.0	0.0	0.0	0.0	0.0	0.0	0.0	0.0
324.6713740796999	-0.8100711790273181	0.6562153150907092	105411.50114680042	357.49935415415155	-2.2826285845481493	5.210393254996288	127805.78822063548	226.2717676677101	-0.5924809355951481	0.3510336590437021	51198.91284347018	225.89841800136065	306.7643834467965	1.063126	23.508221	0.0287659499999999	0.014849	0.2573297776	-0.153411488	-0.0587415383	0.0454760933	0.1274146269	0.0346811277	0.3048057951	-0.0368517539	-0.0378175965	-0.0082512409	-0.0223107876	0.0965539527	0.0621112491	-0.0813541651	-0.1152336954	-0.0341855722	-0.1771349053	-0.1741459107	-0.1058557459	0.1769508847	-0.0262600496	0.0785010255	-0.1472904325	-0.155216735	-0.0205464725	-0.019891549	0.0093085895	0.0996853882	-0.0697038958	-0.0426808383	-0.0414218039	0.0948331011	0.1374667842	-0.0155117369	-0.013342924	-0.0605288341	0.0025535024	0.0474344199	-0.0779218971	-0.0829876666	0.1495668096	0.065224338	-0.2230283727	-0.0725045529	0.015532991	0.0609436802	0.0102081722	-0.0351958328	0.0404855108	0.1721428464	0.0850863962	-0.0579230527	0.0782900059	-0.0534089724	-0.1830168157	-0.0103082329	-0.0755833275	-0.0111955938	-0.0648609774	-0.0030837692	-0.0509396479	0.0670632863	0.0429904189	0.0106002469	-0.1155196147	-0.0774634836	0.0341859493	-0.17419388	0.1464410247	-0.1371687396	0.1825536729	-0.0351080198	-0.0704268435	-0.1674707313	0.0392302034	0.1274045151	-0.0119577098	0.011372973	0.1079149922	-0.0317633738	0.0547346808	-0.0650071216	0.0624494069	0.1537805984	-0.046586251	-0.036493793	0.0209568418	0.0767100216	0.0903411792	-0.0538932344	-0.0309852057	-0.1595420219	0.0013069064	0.2287242148	0.1177627044	0.0109358306	-0.0368534589	0.0326214864	-0.0531469395	0.0739606719	0.1569549529	-0.0468436411	-0.0575348538	-0.0904406372	-0.0597686193	-0.1388931853	0.0891460896	0.0286538517	-0.0516364951	0.0800067178	0.0671713863	-0.0513537409	0.0205458533	-0.0099544153	0.0038525956	-0.113921303	-0.096488464	0.037011523	-0.2030272601	0.0599720025	-0.1261543252	-0.0602547742	0.0766435362	0.0733417368	0.1509946521	0.0593612581	-0.1066640031	0.0332257833	0.0110026499	0.0067602687	0.0868188354	0.0228729051	-0.1452469079	-0.0272198106	-0.0164709421	0.044118212	0.1356861766	-0.0599771388	-0.0574587713	0.0038290313	0.0124903188	0.0647214634	-0.0494296957	-0.1182536866	0.0128634	-0.0049455999999999	0.00016546705956	2.445895935999998e-05	0.0648795	-0.0117883999999998	0.0001389663745599	0.00420934952025	0.0375907	-0.0065568	0.0014130607264899	4.299162624000002e-05	0.000567237	3.495999999999968e-06	1.2222015999999775e-11	3.21757814169e-07	-0.000147481	-5.9705000000000026e-05	3.564687025000003e-09	2.1750645361000006e-08	0.000798093	4.630200000000002e-05	6.369524366490001e-07	2.1438752040000022e-09	0.0	0.0	0.0	0.0	0.0	0.0	0.0	0.0	0.0	0.0	0.0	0.0	0.0	0.0	0.0	0.0	0.0	0.0	0.0	0.0	0.0	0.0	0.0	0.0	0.0	0.0	0.0	0.0	0.0	0.0	0.0	0.0	0.0	0.0	0.0	0.0	0.0	0.0	0.0	0.0	0.0	0.0	0.0
325.3556029253651	0.6842288456651886	0.4681691132403164	105856.26835492784	356.67507456485055	-0.8242795893009998	0.6794368413382248	127217.1088158417	225.9536601833431	-0.3181074843670046	0.1011923716103041	51055.05655024968	225.57962445868208	305.3375745669781	1.00201	22.156799	0.04893774	0.0274273	0.2524022586	-0.0883557753	-0.1554875636	0.0014412246	0.1642815518	-0.1113504543	0.1807712517	0.0014865769	-0.1168699111	-0.0015385028	0.0150927885	0.0941349579	-0.068489651	-0.1130956476	-0.0125900993	-0.1467713756	-0.095989765	-0.0991250107	-0.0494121799	0.1098326145	-0.0318884118	0.0774385178	-0.0461822183	-0.036809638	0.0282814145	0.0154402593	-0.0344168817	-0.0354454422	-0.0198916303	-0.0039266835	0.0828237581	-0.0180781355	0.1716277783	-0.0122049271	-0.0037872931	-0.0023779143	-0.1334903177	-0.0995691171	0.0700960262	0.0341504528	-0.0910016727	0.0508136698	0.1058455798	-0.0131060473	-0.048493595	-0.0218702783	-0.1119830202	-0.085407902	-0.1445859788	-0.0078637632	0.0332667972	0.0358433848	-0.0074951351	0.0516480723	0.0067125821	0.0369104956	0.0935985328	0.0281738527	-0.1556263964	-0.1421011763	-0.0482675597	0.0739571878	0.0272656382	0.0123222675	-0.1338543395	-0.0986294238	0.1465558048	-0.0966359194	0.0833737645	-0.0654067522	0.1100307067	-0.044056873	-0.0717746624	-0.0474555136	-0.0321490976	0.0250239909	0.0249729265	-0.0183524636	-0.0287107606	-0.0151061339	0.0308965614	0.082928666	-0.0284905049	0.169017752	-0.048285037	0.0097621359	0.1278370129	0.0490577592	-0.0629090944	0.1062812663	0.006414785	0.1043771008	0.0596343871	-0.0570434314	-0.0356585004	0.0142190807	0.0266098508	-0.1180758906	-0.1132945691	-0.1540898145	-0.0033856966	0.0435997968	-0.0167398632	0.0073249287	0.0578784766	0.0057406478	-0.0359922254	-0.0436272578	0.0598728289	0.1482308395	0.1509583177	0.0898568012	0.025657485	-0.0482043251	0.0198152132	-0.0988784235	-0.0635343274	0.091841279	-0.1690454753	-0.0290857842	-0.1092109401	-0.0239509545	0.1833453249	0.0071218691	0.0842038875	-0.0199312799	-0.0484151422	0.116096184	-0.0295674155	0.0196454508	0.0775168531	-0.0613910479	-0.0461485379	0.0262745006	0.0101330044	-0.0593408576	-0.0094135573	0.0704993818	0.0047451695	0.0697037927	0.1830179646	0.0624505233	-0.0542622434	-0.1191544118	0.00884246	-0.00402094	7.81890988516e-05	1.6167958483600004e-05	0.0519792	-0.0129003	0.00016641774009	0.00270183723264	0.0605247	0.022934	0.00366323931009	0.000525968356	0.000497473	-6.976399999999994e-05	4.867015695999991e-09	2.47479385729e-07	-8.777599999999998e-05	5.9705000000000026e-05	3.564687025000003e-09	7.704626175999997e-09	0.000745912	-5.2181e-05	5.563847117440001e-07	2.722856760999999e-09	0.0	0.0	0.0	0.0	0.0	0.0	0.0	0.0	0.0	0.0	0.0	0.0	0.0	0.0	0.0	0.0	0.0	0.0	0.0	0.0	0.0	0.0	0.0	0.0	0.0	0.0	0.0	0.0	0.0	0.0	0.0	0.0	0.0	0.0	0.0	0.0	0.0	0.0	0.0	0.0	0.0	0.0	0.0
326.1678462963041	0.8122433709390293	0.6597392936343975	106385.46395756946	357.1345073917568	0.4594328269062657	0.2110785224390827	127545.0563699528	226.00073612305368	0.047075939710595	0.0022161440996355	51076.33272816215	225.62160535626663	314.31230314457366	1.016354	22.473988	0.04043248	0.0259251	0.1737479722	-0.0287229958	-0.1165470549	0.0298969125	0.0830094046	-0.1556651309	0.1050569794	0.0154824689	-0.0544599158	0.05527746	0.0172851093	0.0887436811	0.0301854115	-0.0418428172	0.0835883835	-0.1692124191	0.0350758047	-0.0287661422	-0.0449512092	0.1041047365	-0.0467458512	0.0804992254	0.053245878	0.0874015641	0.052753018	0.042238413	0.0618431051	-0.0489037268	0.0045375745	0.0902412848	0.089239677	0.0693716957	-0.0810256657	-0.0147980694	0.1037858866	0.2241826558	0.0038084111	0.0355401907	0.0647301595	-0.0590385841	-0.0254218892	0.081638375	-0.0295829334	-0.1225615518	0.0010616549	0.0268343275	-0.0092452757	-0.0721069506	-0.0293454759	0.09088614	-0.2095450385	0.0882919515	0.022049793	-0.0306165523	-0.0420640678	0.0047991659	0.0304786941	-0.1547103401	-0.1029983482	0.0446660401	-0.0024880393	0.1918212298	-0.1121570464	0.0232943847	-0.067711099	0.1316124188	0.1696711566	0.0408007087	0.0379045911	-0.0320251725	0.0988689769	-0.0545145986	-0.0680100696	0.0571878254	-0.052036183	-0.0737480594	0.037739817	0.0748332904	-0.0365734982	-0.0172798191	-0.0317593531	0.1098265732	0.0838363151	-0.1004322241	-0.0140629036	0.1102860558	0.1189294576	-0.1942826641	-0.0689976606	0.0020281835	-0.0687161975	0.0033109975	0.0925702329	0.0670335195	0.0973483745	-0.0024895061	-0.0184687238	-0.0350777147	-0.0645365888	0.1026528226	0.0669167342	0.1886897058	0.0983780354	0.0466429615	-0.027658124	-0.0022627434	-0.0180337885	0.0864779332	0.0655307815	0.1488977591	0.0953106111	-0.1782689821	-0.0513592432	-0.0057257289	0.0880370503	-0.007217812	0.1397339046	0.1396067991	-0.0251643397	-0.0745085484	-0.0027653878	-0.0446682935	0.1991682624	0.0083345085	0.0741585809	0.0610675422	-0.1179272679	0.0936120628	-0.0541223273	0.0184463643	0.084722579	-0.0806642184	-0.1940378996	-0.0496053447	-0.0535228629	0.006545231	0.0433721014	-0.1080379931	-0.0934069934	0.1166645339	-0.0056514934	0.0601481375	-0.0589855141	-0.1195153378	0.00303133	-0.0058111299999999	9.1889615689e-06	3.376923187689999e-05	0.0537089	0.0017296999999999	2.9918620899999784e-06	0.0028846459392099	0.0805	0.0199753	0.00648025	0.00039901261009	0.00025583	-0.000241643	5.8391339449e-08	6.544898890000001e-08	-8.777599999999998e-05	0.0	0.0	7.704626175999997e-09	0.0007292279999999	-1.6684000000100063e-05	5.317734759838541e-07	2.7835585600333886e-10	0.0	0.0	0.0	0.0	0.0	0.0	0.0	0.0	0.0	0.0	0.0	0.0	0.0	0.0	0.0	0.0	0.0	0.0	0.0	0.0	0.0	0.0	0.0	0.0	0.0	0.0	0.0	0.0	0.0	0.0	0.0	0.0	0.0	0.0	0.0	0.0	0.0	0.0	0.0	0.0	0.0	0.0	0.0
326.6772400708064	0.509393774502314	0.2594820175017143	106718.0191802793	358.8152751749794	1.6807677832225636	2.8249803411188905	128748.40169889617	226.2614947967624	0.2607586737087217	0.0679950859143316	51194.26402766534	225.87366660328928	319.2144670544744	0.961009	21.250174	0.02659047	0.0173529	0.1216266271	0.0019870879	-0.0583233959	0.1621090952	-0.0196203992	-0.1522608529	0.0972387663	0.0998374916	-0.0288964277	0.0639714734	-0.0057591528	0.059486989	0.1005518396	-0.1337162679	0.0436829893	-0.1039744412	0.0484777233	-0.0166535969	-0.1505296401	-0.0104609355	0.0115498941	-0.0082838173	0.0393568855	-0.0301887417	0.0243108576	0.0279972926	0.0355323805	-0.0021522989	0.0867188237	0.0013598594	0.1011165489	-0.0269855589	-0.0013205874	-0.1174325187	0.1210923915	0.0259396345	-0.0416569549	0.1755785957	-0.0786376116	0.0409840516	0.0326787352	-0.097065491	-0.0281786911	-0.0177386893	0.0081311508	0.0700330258	0.0042737987	-0.0064854344	0.000907465	-0.0824881473	0.0917713721	-0.1119046198	0.0759747905	-0.0819192578	0.1284839972	-0.1544183975	0.0040313384	-0.0789228712	0.0243032151	0.0522406142	0.079672205	0.0399524652	-0.0340722014	-0.0734564244	0.0014252928	0.0353433031	0.1038015963	0.0699830967	0.0206982483	-0.1369533873	-0.0132167468	0.0080704951	0.0052725798	0.0325021316	-0.0259762116	0.0362891753	0.0079645176	0.0338765958	-0.0036791408	0.0896825902	-0.0189235696	0.0833142653	-0.0384226304	-0.0280774339	-0.1002520943	0.1180369536	0.0669024422	-0.0227123209	0.039005569	-0.183883639	0.0520226174	-0.0597288389	-0.0790866277	-0.054227414	0.0615971691	0.0119536468	-0.0181132336	0.0470225062	-0.0273316934	-0.0304546424	-0.0566842919	-0.1237635697	-0.0043637571	-0.0858558757	-0.1154050842	0.1179363227	0.0238241903	0.0668922104	0.1060831839	-0.0383030713	-0.0028533608	-0.0786943026	-0.1180595305	0.0368785086	-0.0196396426	-0.0309578896	0.0523803977	0.1228181902	0.0377592115	0.0526549914	0.0022545989	-0.0798505259	0.0840029885	-0.0291383494	0.0627732469	0.0549254831	-0.0973983523	0.1283196558	-0.054698574	0.0063824766	0.0852669331	-0.0042569491	0.0177936349	-0.0321624733	-0.0686285454	0.0642347922	-0.0506324738	-0.024283783	0.039076835	0.1022694169	-0.0080338299	0.0578154653	-0.0635899959	-0.1193348294	0.00886305	0.00583172	7.855365530250001e-05	3.4008958158400004e-05	0.0529873	-0.0007215999999999	5.20706559999994e-07	0.00280765396129	0.0781636	-0.0023364	0.00610954836496	5.458764960000011e-06	0.000280828	2.499799999999998e-05	6.24900003999999e-10	7.8864365584e-08	-0.000416793	-0.000329017	1.0825218628900001e-07	1.73716404849e-07	0.0007292279999999	0.0	5.317734759838541e-07	0.0	0.0	0.0	0.0	0.0	0.0	0.0	0.0	0.0	0.0	0.0	0.0	0.0	0.0	0.0	0.0	0.0	0.0	0.0	0.0	0.0	0.0	0.0	0.0	0.0	0.0	0.0	0.0	0.0	0.0	0.0	0.0	0.0	0.0	0.0	0.0	0.0	0.0	0.0	0.0	0.0	0.0	0.0	0.0
327.6544061358143	0.977166065007907	0.9548535186030372	107357.40986021316	360.3586075949189	1.5433324199395315	2.3818749584364105	129858.32606774874	226.37785911678307	0.1163643200206649	0.0135406549738717	51246.93509829808	225.9911265142549	335.6629486200014	1.45458	32.164185	0.11375495	0.0626661	0.0411170545	-0.063140107	-0.0482784879	0.1353391465	-0.017225015	0.0386295314	0.0815494981	0.1156115173	0.0218825902	0.096740755	0.0255326497	0.1054470436	-0.0931853986	-0.016163685	0.0720246962	-0.0864815847	-0.0548631376	-0.0151778246	-0.0487893701	-0.0237604715	0.0946738777	0.0058946178	0.0549657801	-0.0215466351	-0.0549307221	0.1084210068	0.0275763554	-0.0772389057	-0.1076018249	-0.0032683036	-0.0294605813	0.0687055996	-0.0459673858	-0.043286009	-0.186457902	-0.1028736264	-0.0337035209	-0.0005234239	0.075478836	-0.0632169202	-0.0081243489	-0.0740798958	-0.0464526485	0.0260924157	-0.0289615165	-0.0307288662	0.126014263	-0.0002221745	-0.1422414832	-0.0517080363	-0.035745738	-0.0357860522	-0.0314552265	-0.1401356151	0.0280098072	-0.0518203524	0.0186040606	0.0146099349	0.1781346766	-0.0002034896	0.0447664581	-0.002433223	-0.0458792891	0.0968355837	0.0725751465	-0.0396242223	0.0857812506	-0.0518094829	0.0011398607	-0.062036096	-0.0344578027	0.0900245941	-0.0217334109	0.0514031605	0.0447131952	0.0207717325	0.1131869928	0.0251853714	-0.047658997	-0.1053919741	0.0284758291	-0.0395922301	0.0499884676	-0.019257331	-0.0903049244	-0.1756022458	-0.0637936564	0.0655280127	-0.0644796503	-0.0051912573	-0.0496620722	-0.0124628693	-0.0810972087	0.0223284154	-0.0665369171	-0.0721239894	0.0604010266	0.111148129	-0.0315051731	-0.1018879408	-0.0168254105	0.0359198615	0.0883284001	0.0837494604	-0.1464368682	0.0157278816	0.0250661161	-0.0064512002	0.040504913	-0.1837068124	-0.0112460833	-0.0192458235	-0.0348027114	-0.0041929524	0.0855231231	0.1027161664	-0.0338859211	-0.0361679353	-0.0204249674	0.0536972791	-0.1277724134	0.0754423792	0.0007074865	-0.0331355323	0.0444534409	-0.0396459723	-0.1057492709	0.0947914533	-0.0052180746	-0.0110408949	0.0230668196	-0.0281827286	0.0947869665	0.1371289195	-0.1187073	-0.0804769715	-0.0013155875	0.0424135963	0.118309649	0.1105623751	0.0709188235	0.0554536812	-0.0680664159	-0.1186137044	0.022442	0.01357895	0.000503643364	0.0001843878831024	0.066211	0.0132237	0.00017486624169	0.004383896521	0.020821	-0.0573426	0.0004335140409999	0.00328817377476	-0.000210166	-0.000490994	2.4107510803600004e-07	4.4169747556e-08	-0.000517993	-0.0001012	1.0241440000000003e-08	2.683167480490001e-07	0.0007292279999999	0.0	5.317734759838541e-07	0.0	0.0	0.0	0.0	0.0	0.0	0.0	0.0	0.0	0.0	0.0	0.0	0.0	0.0	0.0	0.0	0.0	0.0	0.0	0.0	0.0	0.0	0.0	0.0	0.0	0.0	0.0	0.0	0.0	0.0	0.0	0.0	0.0	0.0	0.0	0.0	0.0	0.0	0.0	0.0	0.0	0.0	0.0	0.0
327.83929607736667	0.1848899415523419	0.0341842904872284	107478.60405250327	360.0664721861382	-0.2921354087807231	0.0853430970634801	129647.86439257102	226.39029923715137	0.0124401203682964	0.0001547565947777	51252.567588686936	225.9925735576417	330.87490000075474	1.434993	31.73107	0.10379245	0.0619315	0.0157025018	0.0300890205	-0.1193430539	0.0102096888	0.1254997198	0.0225614661	0.0184609313	0.0200098037	-0.0258699043	0.1079831197	0.1016363327	0.0533827917	0.1033957312	0.0153441864	0.1037652889	-0.0866728934	-0.0825286634	-0.0028384809	0.1029968135	-0.0315274236	0.0349464525	-0.058567874	-0.0203671236	0.1217407145	0.1293134061	0.0389466128	0.0746779701	-0.1572732312	-0.1007999128	0.0360604852	-0.1492304615	0.0022526029	-0.0462085774	0.0451519469	-0.0105131947	0.1012298948	-0.0194167683	0.0266161698	0.0991862813	0.0868978983	0.022187152	0.0592979039	0.0017068583	-0.085660401	-0.1279029406	-0.1343836698	-0.1209258823	-0.0246444925	0.1505457939	-0.0937226555	0.1838020008	0.0641437322	0.0403200402	0.1075864167	-0.0330120055	-0.0076242289	0.0533702541	-0.0122575255	0.0711226951	0.0770794708	-0.1426390561	0.0980607124	-0.0333408234	-0.1298750964	0.0455016226	-0.0228248718	0.0879131841	-0.094285094	-0.0089471769	0.0826058036	-0.0354988933	0.0383869779	0.0529482912	-0.0049814912	-0.1262383094	-0.1246141244	0.0172166677	0.1002383813	-0.141841163	-0.128648108	-0.0312676822	-0.1440205634	0.0168176522	-0.0472929737	0.0340759629	-0.0255136596	0.0525771834	-0.0692630037	-0.1260862566	0.0185219522	0.0801316545	-0.0049202048	0.0509182173	0.0540375143	0.0382551517	-0.0088716338	0.1119537204	-0.2041050971	0.0368148564	0.0409323569	-0.1246453671	-0.0523670417	-0.1968162653	-0.0913346513	0.0815371485	-0.0459759997	0.0011957997	-0.0482065599	0.0392673285	-0.0399058054	0.0554351459	-0.1588548284	0.0906241788	0.0067431969	-0.0946855533	0.0272701784	0.0268785156	-0.0335563092	-0.1123486349	-0.1075892754	-0.0358122144	0.0160081863	0.0163706899	-0.165793001	-0.0534110332	0.0576975408	0.0353242884	0.0508192687	-0.0165102675	-0.0195237492	-0.0309129618	-0.0945524608	0.0362020179	0.0243954801	-0.0397892524	0.0781651634	0.0963352326	0.0996847808	0.0561296567	0.0475063817	0.0002980517	0.0530639746	-0.0724057592	-0.1173552296	0.0200446	-0.0023974	0.00040178598916	5.747526760000004e-06	0.0122024	-0.0540086	0.00291692887396	0.00014889856576	0.0394495	0.0186285	0.00155626305025	0.00034702101225	0.000185092	0.000395258	1.56228886564e-07	3.4259048464e-08	-0.000409117	0.0001088759999999	1.1853983375999998e-08	1.6737671968900004e-07	0.000800253	7.102500000010002e-05	6.40404864009e-07	5.0445506250142094e-09	0.0	0.0	0.0	0.0	0.0	0.0	0.0	0.0	0.0	0.0	0.0	0.0	0.0	0.0	0.0	0.0	0.0	0.0	0.0	0.0	0.0	0.0	0.0	0.0	0.0	0.0	0.0	0.0	0.0	0.0	0.0	0.0	0.0	0.0	0.0	0.0	0.0	0.0	0.0	0.0	0.0	0.0	0.0
328.2703920917028	0.4310960143361058	0.1858437735764759	107761.45032404028	360.885468955648	0.8189967695097948	0.67075570846748	130238.32170333796	226.5192270320317	0.128927794880326	0.0166223762927034	51310.96021518912	226.1316848236289	334.2938188080705	1.058973	23.416393	0.08012655	0.0441155	-0.0203167583	0.0940692089	-0.1281176999	0.0129182471	0.0840792912	-0.0725023313	-0.0866302956	0.0804123658	0.0050490644	0.076008803	-0.0722156134	0.0472843711	0.1005129904	-0.0248476999	-0.0599269947	-0.0607859038	0.0601805304	0.0162590397	0.0846153403	0.0182674001	-0.051192955	0.0121507761	-0.0177780831	-0.0190877279	0.0741223601	0.1256165299	-0.058688873	-0.0440816974	0.1611299223	0.0338624439	0.0360152185	-0.0081135318	0.043488171	-0.10437215	0.2012769819	0.0824826694	-0.0011752625	0.0324067674	0.1062620511	-0.0646172021	-0.1486791521	-0.0157907129	-0.1607838518	0.0101122608	-0.0994829714	0.0055346515	0.1104023078	0.0982058275	0.0056587869	0.0308610331	-0.0425953656	-0.004718817	0.0355030903	-0.0528316693	0.0733314329	-0.0268735809	0.0522331321	-0.0371961642	0.1325509827	0.0879033393	0.030523946	-0.0168169368	-0.0945301917	0.030828336	0.130414969	0.0884172647	0.0617907264	0.0425953439	-0.0033025494	0.103439152	0.0175005888	-0.0474875721	0.0048196707	-0.0157925787	-0.0981409204	0.0155008853	0.1052055162	-0.0383261966	-0.0428228339	0.1313714297	-0.1055790856	0.0460289861	-0.0113403303	-0.0054773871	-0.0922806723	0.2085666057	0.1070530593	-0.0617251378	-0.103124083	-0.0361427407	-0.0744281077	0.0864928056	-0.1176568256	0.1598406251	-0.0226525722	-0.028710957	0.0759838871	0.0817029039	0.0968344276	0.0135764778	0.0111884278	0.0126267244	0.0475128519	0.0058060224	-0.0668016224	0.07042081	-0.0324773505	-0.0073163729	0.0607541953	-0.13495233	-0.0936396073	-0.083315534	-0.0357156701	0.030487801	0.0169195915	0.1663158744	0.0717408257	0.0683628793	0.0358399727	-0.1637670734	0.0852200272	-0.0530458955	-0.0176355678	0.0924474129	0.007443421	0.0457064162	-0.0693014355	0.0597336318	0.0272907665	0.046418265	0.0347830669	0.0198174403	-0.0624267229	-0.0221889143	-0.0550702016	0.0448250175	0.0311915336	-0.0814142754	-0.0186939614	0.1835435599	0.015134226	0.0506475487	-0.0765992869	-0.1155651064	0.00885726	-0.0111873399999999	7.845105470760001e-05	0.0001251565762755	0.0490037	0.0368012999999999	0.0013543356816899	0.0024013626136899	0.0564513	0.0170018	0.00318674927169	0.00028906120324	4.36938e-05	-0.0001413982	1.999345096324e-08	1.9091481584399997e-09	-0.000318818	9.0299e-05	8.153909401000002e-09	1.0164491712400001e-07	0.0007292279999999	-7.102500000010002e-05	5.317734759838541e-07	5.0445506250142094e-09	0.0	0.0	0.0	0.0	0.0	0.0	0.0	0.0	0.0	0.0	0.0	0.0	0.0	0.0	0.0	0.0	0.0	0.0	0.0	0.0	0.0	0.0	0.0	0.0	0.0	0.0	0.0	0.0	0.0	0.0	0.0	0.0	0.0	0.0	0.0	0.0	0.0	0.0	0.0	0.0	0.0	0.0	0.0
328.29544391080583	0.025051819103055	0.0006275936403721	107777.89849259306	361.2308957835972	0.3454268279492112	0.1193196934670539	130487.76006862006	226.45499182249992	-0.0642352095317733	0.0041261621435908	51281.86332132851	226.0673953661945	338.201301981257	1.010412	22.342583	0.05739867	0.0322724	-0.0581883449	0.0832962274	-0.0508503646	0.1153154455	-0.0489945832	-0.1011523174	-0.0711494717	0.0514842162	-0.013508641	0.0870796603	0.0887355195	0.0151024802	-0.0403234087	-0.0341370728	-0.0541087556	-0.0675390253	0.1122626194	0.0715413602	-0.0480017927	-0.0268662228	0.0340326011	0.0484564539	0.0515715853	-0.2427333596	-0.054382313	0.0092915382	0.0538758373	-0.09315807	0.1701193574	-0.0241161243	-0.1418800783	-0.0816428199	0.0042939758	-0.0336621632	0.0047805498	-0.0035305547	0.0019421538	0.1371541266	0.0815441437	-0.1069860052	-0.0438305212	0.1863302732	0.020182924	0.0203702924	-0.0141117131	0.0220736059	0.0036119913	0.1022154737	0.0759909542	-0.1234785065	0.1064857499	0.1329283167	0.1370577589	0.0836937709	0.1576115307	-0.0191788245	-0.0778051928	0.07632661	0.1299512713	-0.0981347374	-0.0449249364	-0.1477521234	-0.0437800994	0.0054229732	-0.0383076037	0.04225937	0.0677961394	0.1302840772	-0.0525433625	-0.0278624817	-0.0273963874	0.0252837016	-0.0579781479	0.0300707187	0.0661507527	0.2316478538	-0.0080728709	0.0219513713	-0.1154896285	0.130789512	-0.1121449631	-0.1208239619	-0.0486033264	-0.0011081908	-0.0302703746	0.0099144423	0.0100682184	0.0017159645	-0.1489377907	-0.1340320594	-0.1186014894	0.0346893091	0.1343231019	0.0588344699	-0.0182141399	0.0530374082	-0.0202022415	0.022076721	0.1365646776	-0.0629860682	-0.130947875	0.0200290142	-0.1591645429	-0.1578315832	0.0585801108	0.1447787364	-0.0454269675	0.0182487195	-0.0860940629	-0.1506345756	-0.0132796252	0.1256138583	0.0929020485	0.0919115819	0.061961651	-0.0213670264	0.0168671999	0.0158008055	0.1627477893	-0.0410123769	0.0064377803	0.0749638831	0.0571713233	-0.012148799	-0.106722066	-0.0173534613	-0.077515613	0.128633011	-0.0392106769	0.0687395775	0.0481084748	0.0475383487	-0.0137054478	-0.0313492849	0.0017991817	0.0755274573	-0.1041047668	-0.0576297361	0.1329494026	0.1969638538	0.0680686234	0.0482056202	-0.0806385538	-0.1132514443	0.0088541799999999	-3.0800000000996697e-06	7.839650347239824e-05	9.486400000613966e-12	0.0646512	0.0156475	0.00024484425625	0.00417977766144	0.0443892	-0.0120621	0.0019704010766399	0.00014549425641	-0.000443058	-0.0004867518	2.3692731480324e-07	1.9630039136400001e-07	-0.00021185	0.000106968	1.1442153024000002e-08	4.48804225e-08	0.0007292279999999	0.0	5.317734759838541e-07	0.0	0.0	0.0	0.0	0.0	0.0	0.0	0.0	0.0	0.0	0.0	0.0	0.0	0.0	0.0	0.0	0.0	0.0	0.0	0.0	0.0	0.0	0.0	0.0	0.0	0.0	0.0	0.0	0.0	0.0	0.0	0.0	0.0	0.0	0.0	0.0	0.0	0.0	0.0	0.0	0.0	0.0	0.0	0.0
328.93572955867586	0.6402856478700301	0.4099657108683441	108198.71418029834	362.7526638824668	1.521768098869586	2.3157781467371543	131589.4951538259	226.55641255434887	0.1014207318489468	0.0102861648487759	51327.80806949633	226.1647190881228	342.24367361064265	1.031199	22.802238	0.0640837099999999	0.0357509	-0.0869293686	0.0591755615	0.0195124492	0.0967889612	-0.0262193988	0.0598776329	-0.0692490206	0.2075817193	0.0869126479	0.0292691496	0.0281192018	0.0419220675	0.062661549	0.0152169239	0.060481656	-0.032839742	0.013368766	0.0295837097	-0.0108959676	-0.1813509483	0.0359525048	-0.0922640573	-0.0277057788	-0.0631944659	0.102582813	0.0343501063	0.1102313208	0.1112478551	0.066731801	-0.0845477079	0.066754617	-0.0990171387	0.0868710053	-0.0201863335	-0.0594436219	-0.0154457744	0.0477970246	0.0409399203	0.001861478	-0.0678533606	-0.026165299	-0.0935630161	0.133823178	0.0456943782	-0.0975025908	-0.1459174281	-0.0142930324	0.066878678	0.1427728089	0.0279587305	-0.020134032	-0.0413043649	0.0277771569	-0.1627656676	0.0063362314	0.047467	-0.0826701949	-0.0912366924	0.0238885397	-0.0484802621	0.0532196581	-0.0151651415	0.0476489778	-0.0352285855	-0.2281217789	0.1791814488	0.0324761703	0.0094767202	-0.0302620121	-0.0067043793	-0.1838256886	0.0352244368	0.0816046299	-0.0338945355	-0.0762261292	0.0653152785	-0.0122490444	0.1213717327	0.0799727334	0.1262508721	0.0331909528	0.0145613305	-0.1071416149	0.0838850221	-0.0096863632	-0.019045139	-0.0816778199	-0.0305236789	0.0113448237	-0.0486487464	-0.0844184464	0.0130770449	-0.0377255693	-0.1201526429	-0.1111774299	-0.0172265327	0.1621814572	-0.0845074118	0.1075987583	0.1066392962	0.0342196656	-0.0566168017	-0.0060319641	0.0097895623	-0.1587232534	-0.0094410576	-0.0580109127	0.0913294319	-0.0490059912	-0.0433336608	0.0428787038	0.0232411384	-0.0194984135	-0.0011088904	0.0192223287	-0.2343949195	0.2061955674	-0.0356615111	0.0631207204	0.0280404302	-0.0028126425	-0.0724306651	-0.1484694992	-0.0277428567	-0.0839690911	0.0685699495	-0.0337245085	0.0644755404	-0.050997325	-0.0250411407	-0.0065757397	-0.0814191941	0.0837144983	0.0237982156	-0.0921990915	-0.1084909716	0.056339891	-0.0290049769	0.0193986536	-0.0588056672	-0.0457195963	0.0457394187	-0.0845154255	-0.1104247249	0.0235713	0.01471712	0.00055560618369	0.0002165936210944	0.0427806	-0.0218706	0.00047832314436	0.00183017973636	0.044324	-6.519999999999443e-05	0.001964616976	4.2510399999992736e-09	-2.66622e-05	0.0004163958	1.7338546225764002e-07	7.1087290884e-10	-0.00034407	-0.0001322199999999	1.7482128399999995e-08	1.1838416489999999e-07	0.0007292279999999	0.0	5.317734759838541e-07	0.0	0.0	0.0	0.0	0.0	0.0	0.0	0.0	0.0	0.0	0.0	0.0	0.0	0.0	0.0	0.0	0.0	0.0	0.0	0.0	0.0	0.0	0.0	0.0	0.0	0.0	0.0	0.0	0.0	0.0	0.0	0.0	0.0	0.0	0.0	0.0	0.0	0.0	0.0	0.0	0.0	0.0	0.0	0.0
330.3530044896242	1.417274930948338	2.008668229894616	109133.10757532169	365.2329796208632	2.480315738396428	6.151966162137016	133395.12940273387	226.75108457306345	0.1946720187145842	0.0378971948704114	51416.05435506057	226.37176204618325	389.24743221159787	2.349193	51.94619	0.14645917	0.0834933999999999	-0.1967010549	-0.1591913892	-0.1521921307	-0.0092035612	0.0629788955	0.1189341291	-0.1361527957	0.0249798208	0.0632318147	0.0240996978	0.0741750855	0.0115903649	-0.0213481314	0.028461541	-0.1226622135	-0.0094423442	-0.0452812315	0.0713204186	0.0997873825	-0.1167658736	0.0840635331	0.055527487	0.1700740401	-0.0440122857	0.1265439233	0.0147290228	0.0309322634	-0.1436713413	-0.063941142	0.1697314023	0.1010818468	0.0750784901	-0.0267442771	-0.0506753208	0.00160548	0.1617034971	0.0246393629	-0.0463454473	0.0262442183	-0.1746502295	0.1088408773	-0.141554505	-0.0345076372	-0.0861627426	0.0209240937	0.0834478229	-0.0772216399	-0.0039998135	0.0371079954	0.0830951676	-0.0640856891	-0.1052913753	-0.0748991612	0.0167588567	-0.064455719	0.0404413522	-0.1564887371	0.0029710217	-0.1175489134	0.0778755098	-0.0336083871	-0.1194471248	0.0140169673	0.0173378477	-0.0830093255	-0.013331525	0.0093073101	-0.0633294569	-0.0748953485	0.0881890255	-0.1108733023	0.0643007844	-0.0723069627	0.1626851596	-0.1329388746	0.074318705	0.0031040147	0.0620781977	-0.1031451622	-0.1571396039	-0.0842654534	0.1384723807	0.0551089658	-0.0326334371	-0.0697662888	0.0071436894	0.0448404231	-0.1311942055	0.0124432218	0.0823221317	-0.1420813421	-0.165310626	-0.0856565962	-0.0109807346	0.1162466414	0.0063698984	-0.0455956132	-0.016753721	-0.0014305169	0.0678684523	0.0914572914	-0.092678138	0.095649701	0.049058102	0.0031790488	-0.0375056348	0.0766220052	0.0451342051	-0.1753093129	0.1151554475	-0.10988809	0.0154242264	0.0636420967	0.0252587608	0.0232072117	-0.0788869205	0.0264793859	-0.0911834718	0.0918225483	-0.109611245	-0.1415053004	0.1472636583	-0.1026962813	0.0507871762	-0.0783269231	0.0023582771	-0.0911162989	-0.0058544192	0.0866361758	-0.0121681497	0.0301597913	-0.0434528025	-0.1721542352	-0.0757711103	-0.1342138829	0.075501553	-0.0327712869	-0.0343179439	0.10411956	-0.0171687527	0.0512164023	0.043250186	-0.0882220943	-0.1070977539	0.0225435	-0.0010277999999999	0.00050820939225	1.0563728399999976e-06	0.0911667	0.0483861	0.00234121467321	0.00831136718889	0.00841672	-0.03590728	7.084117555840002e-05	0.0012893327569984	-0.00115044	-0.0011237778	1.2628765437728398e-06	1.3235121936e-06	-0.000443052	-9.8982e-05	9.797436324000002e-09	1.9629507470400003e-07	0.0007292279999999	0.0	5.317734759838541e-07	0.0	0.0	0.0	0.0	0.0	0.0	0.0	0.0	0.0	0.0	0.0	0.0	0.0	0.0	0.0	0.0	1.0	0.0	0.0	0.0	0.0	0.0	0.0	0.0	0.0	0.0	0.0	0.0	0.0	0.0	0.0	0.0	0.0	0.0	0.0	0.0	0.0	0.0	0.0	0.0	0.0	0.0	0.0	0.0
329.23992071041783	-1.113083779206363	1.2389554995323195	108398.92538940224	361.9400398036777	-3.292939817185527	10.843452639605852	131000.59241308778	226.7730337877268	0.0219492146633513	0.0004817680243378	51426.00885328948	226.38065186528	345.59609393511187	2.324721	51.405067	0.1496106	0.0862557	-0.1125191768	0.097222798	-0.052608345	-0.0865103579	0.0422004824	-0.0275579848	-0.1401103202	-0.0834058868	-0.043709628	0.0164097792	0.0548447869	-0.0513961302	0.0458255792	0.043655261	-0.0524019781	-0.0230792956	0.0587482779	0.0707039799	0.1322291056	0.0398602451	-0.0170442366	-0.0038638647	-0.1435702238	0.131596707	0.0170536399	-0.0143360714	-0.1171341146	-0.0812369336	0.020692743	0.0833919808	-0.0188196689	-0.0891991961	-0.0145202114	0.1237783096	-0.2205437648	0.1498267699	-0.1217012734	0.0289876588	0.0228399339	-0.0128686556	0.0056424118	-0.0521356385	0.0749240061	0.1340078093	0.0363005123	0.0594222311	0.0211912588	0.0116165027	0.2086431327	0.0835593972	-0.0437142634	-0.0542235093	0.0307263926	0.0333050456	0.0386410361	-0.1375914017	0.004545528	0.0294991362	-0.046069062	0.0162826374	0.0960417059	-0.0531636824	-0.1377222248	0.0340742344	0.0604517932	-0.1289479525	0.0248822764	0.0397486203	-0.0554657819	0.1437461407	0.0438771465	-0.0062328863	0.0078564776	-0.1125745252	-0.0410801265	-0.1479542407	0.0041519216	-0.1100750221	-0.0960991601	-0.0388782299	-0.0665178784	0.0249351211	-0.0673819394	0.0131339878	0.0892860255	-0.2523333126	0.1158781677	-0.1053387731	-0.0289947264	0.0025294502	-0.0196130112	0.0059059098	-0.0127065853	-0.1080730401	-0.1096289898	0.0946854494	-0.0327554719	0.0369726291	0.0332800985	0.2188385653	0.0353786226	-0.0682794075	0.0016044201	-0.078088513	0.0389457525	0.0875351393	0.1185253622	-0.0031239539	0.0448000978	0.0109253155	-0.0623032562	0.0462834131	-0.0944925749	0.1153231787	0.0606518985	0.0823030615	-0.0875014575	-0.0152680868	0.0141108796	-0.1468525073	0.0936569021	0.0465676825	-0.0278750789	-0.0351931092	-0.0566113507	0.0867340191	0.0505717666	-0.0604404472	0.0807520331	0.0513455935	-0.0500051786	0.0618059823	0.034373854	0.0054316787	-0.0995434672	-0.0103836185	-0.039540139	-0.048731483	0.0457069507	0.0108934755	-0.0209153003	0.0407391756	-0.0917510955	-0.1032856033	0.0256888	0.0031453	0.00065991444544	9.89291209e-06	0.0399234	-0.0512433	0.00262587579489	0.0015938778675599	0.0412947	0.0328779799999999	0.0017052522480899	0.0010809615688803	2.30684e-05	0.0011735084	1.3771219648705597e-06	5.321510785600001e-10	-0.00036968	7.337199999999999e-05	5.383450383999998e-09	1.366633024e-07	0.0007292279999999	0.0	5.317734759838541e-07	0.0	0.0	0.0	0.0	0.0	0.0	0.0	0.0	0.0	0.0	0.0	0.0	0.0	0.0	0.0	0.0	0.0	1.0	0.0	0.0	0.0	0.0	0.0	0.0	0.0	0.0	0.0	0.0	0.0	0.0	0.0	0.0	0.0	0.0	0.0	0.0	0.0	0.0	0.0	0.0	0.0	0.0	0.0	0.0
328.97597173824045	-0.2639489721773884	0.0696690599134997	108225.18998111958	362.64040979346976	0.7003699897920797	0.4905181226013577	131508.06681517567	226.7044345195886	-0.0685992681382003	0.0047058595890967	51394.90063084644	226.32167172592543	341.8422269757365	0.973149	21.518625	0.07258951	0.0461489	-0.0840225074	0.0723063654	0.0252211787	0.0290869355	-0.0699896354	-0.0592675941	-0.1026657334	0.022516946	-0.0146782735	-0.0605898489	-0.1244100175	0.039803456	-0.0169798949	-0.0481986631	-0.1504713498	-0.0140680372	0.1463918731	0.0628622537	-0.0229697067	0.0058981197	0.0265684472	-0.0196081889	-0.0531000618	-0.1809520928	-0.1097821199	-0.0092844667	-0.1046214681	0.0236850397	0.1471609581	-0.0108039161	0.0726477095	0.0242418491	-0.0692929123	0.0948560349	0.071049763	-0.0524128007	0.0226046891	-0.0678565858	0.0486172719	0.0276180661	5.06282e-05	-0.0941995445	0.0896464234	0.0042127269	0.0810551753	0.0465393153	-0.0388856843	-0.0700109337	-0.1562629525	-0.033746599	-0.0506173874	0.0698574012	0.1101708937	-0.0779272337	0.1426416381	-0.1362891431	0.0275241637	-0.0043006176	-0.0050804954	-0.1136477576	-0.0309200707	0.0123337339	0.0075045713	-0.0467583929	-0.0456583327	0.1348998949	0.0152362897	0.1496654172	-0.0377716107	0.005780385	0.0017435199	0.0337894559	0.009929695	-0.0623819054	0.1045158915	0.1700240637	0.0157255114	-0.1201492123	-0.0106169677	0.1342376173	-0.022260006	0.1033638449	0.021677303	-0.0783916359	0.1006893256	0.0494222935	-0.0157256221	0.0536642732	-0.0326417718	0.0812744584	0.0192813242	0.0033776141	-0.0717633023	-0.1114436607	-0.0042308216	0.019994526	-0.0666207669	0.0066754322	-0.0943891367	-0.1215475569	-0.0042965874	0.119600871	0.0053963829	-0.0546089097	-0.1009320336	0.1829045475	0.0473646451	0.0445747246	0.0876651725	-0.0373934741	0.0863675487	0.076741254	0.0315008553	-0.0058555088	-0.0350653723	-0.0498819738	0.1179848494	-0.0088609611	0.1017055131	0.0102554788	0.1033272121	-0.0094242421	-0.0515975049	0.1322846785	0.0229980422	-0.0703807783	-0.0363050899	0.0546881286	0.0525045368	0.0766996557	0.045689732	0.0633583784	0.0760630005	0.0029688544	0.0355170624	0.0271913183	-0.099651514	0.0194018954	0.1601283804	0.0267075742	0.0697704392	0.0382076517	-0.0950953223	-0.0990055431	0.0274737	0.0017848999999999	0.00075480419169	3.1858680099999963e-06	0.0822221999999999	0.0422987999999999	0.0017891884814399	0.0067604901728399	0.0261057	-0.0151889999999999	0.00068150757249	0.0002307057209999	-7.79898e-05	-0.0001010582	1.0212759787240001e-08	6.0824089040400005e-09	-0.000403827	-3.4147e-05	1.1660176089999996e-09	1.63076245929e-07	0.000860359	0.0001311310000001	7.40217608881e-07	1.7195339161026232e-08	0.0	0.0	0.0	0.0	0.0	0.0	0.0	0.0	0.0	0.0	0.0	0.0	0.0	0.0	0.0	0.0	0.0	0.0	0.0	0.0	0.0	0.0	0.0	0.0	0.0	0.0	0.0	0.0	0.0	0.0	0.0	0.0	0.0	0.0	0.0	0.0	0.0	0.0	0.0	0.0	0.0	0.0	0.0
329.01926085190547	0.0432891136650255	0.0018739473619034	108253.6740115342	363.1581432662554	0.5177334727856646	0.2680479488427045	131883.8370205941	226.7816957709069	0.0772612513183048	0.0059693009552702	51429.937536728175	226.3959786414516	344.22884357449715	1.038801	22.970348	0.0099786499999999	0.0072154	-0.0850923962	0.010786273	0.110390017	0.0413404744	-0.09383565	0.0814192463	-0.0203183209	0.0437906593	0.0195226448	0.011518418	0.0964738225	-0.0241035171	-0.1188903052	-0.0304736292	0.1262643722	0.0285223783	0.0268304428	0.0207050103	-0.0017854065	-0.0346378613	0.0824084914	0.0260873923	0.0411285004	0.1140775985	-0.1031375869	-0.0755253839	0.1181907385	-0.0414478171	-0.0123179263	0.1093857175	0.0312862713	-0.0995870534	-0.1244961639	0.026676066	-0.1084798913	0.0005480524	-0.0322662721	-0.0384077099	0.0622151217	-0.0311299148	-0.0096099399	0.023981642	0.0127774999	0.0472919524	-0.0086569568	0.0193582394	0.0175876226	0.0218612211	-0.0484028925	-0.0516436695	-0.0433077475	0.1491632181	-0.0712450737	0.0046613579	-0.0295167026	-0.0280744191	-0.0066085949	-0.0449985704	-0.1061502447	0.1049358153	-0.0617487768	-0.1171680392	0.0915077207	-0.0900174662	-0.1107121625	0.0979871194	-0.028337669	0.0258298757	-0.0178520527	-0.0012137861	-0.0452795262	0.0762114973	-0.0432296969	0.0574878009	0.1167560315	-0.1141882242	-0.0713876279	0.0842611501	-0.0300598419	-0.0777792711	-0.0603785043	0.0619335953	-0.0758505906	-0.1169608075	0.0260678379	-0.1189856495	0.0105632115	-0.0096017898	-0.0509770032	0.033544753	-0.0505004791	0.0378105542	0.0149154311	-0.0033184501	-0.043755836	0.0565371836	-0.0319785436	0.0325680836	0.0434239172	-0.0472885243	-0.0471463639	0.1169359202	-0.0333928344	0.1124934424	0.0184286599	-0.021990239	-0.0037110787	0.0556917454	0.0217816729	0.0933193483	-0.1188597496	-0.0147707627	0.1154014892	0.0355939241	-0.0711998159	-0.1626096222	0.0739410835	-0.0764511445	0.0481714676	0.089606174	-0.0320142882	0.0443063635	-0.0078320417	-0.0626081692	-0.1303158712	-0.0308873302	0.0353266574	-0.0057629113	-0.002296845	0.0189528281	-0.0316934392	-0.0774483387	0.0498809592	0.0295117439	-0.0954379129	-0.0360180374	0.0127748428	0.046289235	0.0041443753	0.0056056056	0.0532116413	0.0356568892	-0.0982480398	-0.094276963	0.027462	-1.1699999999999903e-05	0.000754161444	1.3688999999999778e-10	0.0753054999999999	-0.0069166999999999	4.784073888999997e-05	0.0056709183302499	0.0270678	0.0009621	0.00073266579684	9.256364100000008e-07	-7.79898e-05	0.0	0.0	6.0824089040400005e-09	-0.000437831	-3.400400000000002e-05	1.1562720160000016e-09	1.9169598456100005e-07	0.0008526	-7.758999999999978e-06	7.269267600000001e-07	6.020208099999965e-11	0.0	0.0	0.0	0.0	0.0	0.0	0.0	0.0	0.0	0.0	0.0	0.0	0.0	0.0	0.0	0.0	0.0	0.0	0.0	0.0	0.0	0.0	0.0	0.0	0.0	0.0	0.0	0.0	0.0	0.0	0.0	0.0	0.0	0.0	0.0	0.0	0.0	0.0	0.0	0.0	0.0	0.0	0.0
328.80759096496166	-0.2116698869438096	0.0448041410388051	108114.43187618154	362.2417423414704	-0.9164009247850232	0.8397906549468456	131219.07989458425	226.633117940658	-0.1485778302489109	0.0220753716414741	51362.5701475042	226.2546765922551	341.9663498025661	1.019488	22.543289	0.0181092655	0.00946683	-0.0592687624	0.0178736831	0.0214563008	-0.1161937585	0.0771970075	0.0789728819	-0.0518896391	-0.0678974556	0.0600418329	0.0274326347	-0.0353368073	-0.0362482814	0.091394113	0.0193982035	0.0524549735	0.0101836903	-0.0955199735	-0.0396889365	0.0963286065	0.0625778384	-0.0123263064	-0.0557948693	-0.0223406638	0.0349799959	0.1266901529	-0.0938753388	-0.0601791991	0.0549652028	0.0517554351	-0.0214911542	-0.0668201593	-0.0083856176	-0.0192099255	-0.0629959855	0.1102154176	-0.0488445597	-0.1197298703	-0.0637398679	0.0188381584	-0.0659886853	0.0128318544	-0.1239048764	-0.1743168175	0.0605853017	0.1507855448	-0.0359913741	-0.0719548521	-0.0263061488	0.0156686132	-0.139924955	0.0991204056	-0.0571409673	-0.0769536161	0.0832378411	-0.1365830605	0.0014818159	-0.2582211173	0.0785761648	-0.0591017316	-0.0245829057	0.1341192974	-0.023772825	-0.0069607818	-0.1731953279	0.1326632312	-0.1037229637	-0.0117889754	-0.1104936735	0.0262269904	0.0716127882	0.0630553928	-0.0036359665	0.0586215562	-0.017686608	-0.1177728733	-0.0409576064	-0.1103050255	-0.0415191844	0.0473351169	0.0474230946	-0.0210829278	-0.0570976805	-0.0127409518	-0.0269008047	-0.0353491011	0.0622240916	0.1038349338	0.1133788414	-0.0066242444	0.0731621621	-0.0320617791	-0.0954764512	-0.1561478543	0.0374627686	-0.0400073424	-0.1309374069	-0.1766450025	-0.0210836194	-0.0157591912	-0.0356763508	-0.1527997378	-0.1259639588	-0.0311837016	-0.0069077398	0.0647206551	-0.1256112338	0.1118523714	0.0367900163	-0.2308617466	0.0613364246	-0.0346617286	0.061659217	-0.1748526087	0.1154157298	-0.174513872	0.0731701445	-0.0813130721	-0.0478275646	-0.0597844746	-0.0765121933	-0.0031424496	-0.0470448146	-0.0435792375	0.0394738158	-0.052787863	0.039439877	0.0192010931	-0.1011010414	0.0867262823	0.0416652119	0.035133391	-0.0346334645	0.0131027087	-0.0235973403	-0.0595572038	0.0128916478	0.0927289092	0.0205110266	0.1615943004	-0.0346422473	-0.0810248539	0.0330881723	-0.1012028987	-0.0891212848	0.0274611	-9.00000000001594e-07	0.00075411201321	8.100000000028693e-13	0.0732465	-0.0020589999999998	4.239480999999564e-06	0.00536504976225	0.0326258	0.005558	0.00106444282564	3.089136400000004e-05	8.32151e-06	8.631131e-05	7.4496422339161015e-09	6.92475286801e-11	-0.000437975	-1.439999999999905e-07	2.073599999999726e-14	1.9182210062500002e-07	0.0007292279999999	-0.0001233720000001	5.317734759838541e-07	1.5220650384024683e-08	0.0	0.0	0.0	0.0	0.0	0.0	0.0	0.0	0.0	0.0	0.0	0.0	0.0	0.0	0.0	0.0	0.0	0.0	0.0	0.0	0.0	0.0	0.0	0.0	0.0	0.0	0.0	0.0	0.0	0.0	0.0	0.0	0.0	0.0	0.0	0.0	0.0	0.0	0.0	0.0	0.0	0.0	0.0
328.33447178155245	-0.4731191834092101	0.2238417617097978	107803.52536007106	361.7006200790405	-0.5411222624298944	0.2928133028972474	130827.3385655624	226.6911769401044	0.0580589994464162	0.0033708474167189	51388.88970248972	226.3131723748492	336.538217615066	0.945953	20.917246	0.0325141505	0.0154343	-0.0114789419	0.019264633	0.0188551129	-0.0707278104	0.004675739	-0.0347037143	-0.0432097688	-0.1315764931	-0.0410654817	0.011682908	-0.1137547465	0.0283085453	0.0284497949	-0.0548789478	0.0080016049	0.0134278168	0.0598290094	0.0338322809	-0.0050611909	0.1442667641	0.0584725434	0.0306298829	-0.0303040127	-0.0099564796	0.1037084697	-0.0317045236	-0.0398143028	-0.0529276088	0.1196593265	0.0024691229	0.0220501703	0.1485139876	0.0403632994	-0.0640298942	-0.048333493	-0.0545894387	0.0895119082	-0.0297955616	-0.0329344368	0.113970204	-0.0890174532	0.2035187301	0.0717340978	0.0410420128	-0.0397820797	-0.0622902183	-0.0965306319	-0.0343531879	-0.0452158392	0.0219721801	0.0184442082	0.1380380913	-0.2147092733	-0.0773531197	-0.143924307	0.0523539362	-0.0431233647	-0.0279914904	0.0142851881	0.1164672955	0.1188433143	0.0725271256	-0.0090575012	-0.0242527441	0.0697586936	0.068231548	-0.0118432799	0.0671927324	-0.0198908857	0.0124058772	0.1402526678	0.0606194331	-0.0374819071	-0.0436523529	-0.0955859212	0.0221919742	-0.0441905985	-0.0305118852	-0.0492872089	0.0846320618	-0.0516304257	0.0473658027	0.1308120825	0.0213062222	-0.0824029799	0.0127592948	-0.1152797748	0.0180945091	0.0610874685	0.0026721582	0.0683951596	0.1447922497	0.1797016981	0.0536993844	-0.0663153243	0.0506016634	0.0069505729	-0.1509318445	-0.0153413314	-0.0452205671	-0.0025445333	0.0703381877	-0.1032247752	0.2334928787	-0.0191131615	-0.1480689524	0.0256206029	-0.0210864159	-0.0364680234	0.0197485541	-0.0475660647	-0.117846019	-0.1409839706	-0.0038641541	-0.0394361981	0.0429732969	0.0728430221	-0.0101956706	-0.0229015673	-0.0419501293	0.1010691317	0.0275231162	0.0474291668	0.1199901436	0.0586563548	-0.0599681967	-0.0034769758	-0.0719254713	0.0918649512	0.0746767906	0.0213876541	-0.0902724959	-0.0412583776	0.02475838	-0.0846203829	0.0541797956	-0.0193133463	0.0689315483	-0.0893315616	0.0037870509	0.0076974281	0.0305027946	-0.1039539485	-0.0835618648	0.0299024	0.0024413	0.00089415352576	5.959945690000002e-06	0.0822245999999999	0.0089780999999998	8.060627960999806e-05	0.0067608848451599	0.0245438	-0.008082	0.00060239811844	6.531872400000003e-05	-2.08135e-05	-2.913501e-05	8.488488077000998e-10	4.3320178225e-10	-0.000508238	-7.026300000000004e-05	4.936889169000006e-09	2.583058646440001e-07	0.000890085	0.0001608570000001	7.92251307225e-07	2.5874974449032173e-08	0.0	0.0	0.0	0.0	0.0	0.0	0.0	0.0	0.0	0.0	0.0	0.0	0.0	0.0	0.0	0.0	0.0	0.0	0.0	0.0	0.0	0.0	0.0	0.0	0.0	0.0	0.0	0.0	0.0	0.0	0.0	0.0	0.0	0.0	0.0	0.0	0.0	0.0	0.0	0.0	0.0	0.0	0.0
327.89559998919447	-0.4388717923579861	0.1926084501275113	107515.52449227382	361.33628895394753	-0.3643311250929741	0.1327371687115124	130563.91371501068	226.54693587670323	-0.1442410634011821	0.0208054843711038	51323.514155123084	226.1564472406391	332.4865441794255	1.014265	22.427784	0.0252205149999999	0.0143326	0.0259454218	-0.0255677087	0.083493696	0.0558677381	-0.1115779551	-0.0428343295	0.044521459	-0.0461900446	-0.0367236139	0.0131355831	0.0405267412	0.037360284	-0.0552461212	-0.0814770702	0.057934805	0.0071360118	0.0470873492	0.0611681624	-0.1264234541	0.0577488028	-0.0842889566	-0.0545112267	0.0858678285	0.0356193231	-0.1250172227	0.0762804889	0.0221337634	0.1725572122	0.1427295532	-0.0694634085	0.0061922301	0.1260494263	-0.0829271587	-0.063891903	-0.0675653254	0.0203088226	0.0196034949	0.0702776764	-0.0357625623	-0.1817329091	-0.0544546046	0.0852222701	-0.1548098372	0.041677325	-0.1338849667	0.061213328	-0.0733288674	0.0729584452	0.1237488466	-0.0322522116	-0.0542789144	-0.1215627288	-0.0889015438	0.166724626	-0.0575092368	-0.0221368056	0.1327332764	-0.0398660336	-0.0709842543	0.0181104431	-0.0619601989	0.1438244501	0.0038491248	0.0674967746	0.015419192	-0.0247361147	-0.0070514246	0.0791100957	-0.0560568397	-0.1133636339	0.051607756	-0.0656567576	0.0736635778	0.0943238595	0.1147816475	-0.0350578598	0.0786272083	-0.0088797213	0.1492567655	0.1881141115	-0.0018625282	-0.0018794888	0.1096665391	-0.0616696908	-0.0829874996	-0.0765360321	-0.0050694947	-0.0372712969	0.0218194204	-0.0858451124	-0.1827604337	-0.00274794	0.0018313859	0.191272974	0.0097859598	0.0833453306	0.0121092388	-0.0468388795	0.1010883141	0.0698535722	-0.073499254	-0.1392725038	0.1246283695	0.0030084407	0.1719810013	-0.044386805	0.0509928632	-0.0600366081	0.1153478834	0.109029269	0.0743626193	-0.0964118019	0.0038091696	-0.0807644584	0.0441172636	0.0264450035	-0.0716427198	-0.0290174417	0.0475522108	0.0816925697	0.0407970018	-0.0087529995	0.1435537349	-0.0737569042	-0.011202913	-0.12640389	-0.0187217864	0.0183198534	-0.0059930243	0.1044344485	0.0302334433	0.1202593035	-9.18107e-05	-0.0349668646	-0.0400359747	0.0849329909	0.0007998529	0.0589420708	0.0930504758	-0.0236826498	0.0239229566	0.0279020578	-0.1064956489	-0.0776238888	0.0294915	-0.0004108999999999	0.00086974857225	1.68838809999999e-07	0.0735019999999999	-0.0087225999999999	7.608375075999995e-05	0.0054025440039999	0.0352096	0.0106658	0.00123971593216	0.0001137592896399	-7.79898e-05	-5.71763e-05	3.2691292816900003e-09	6.0824089040400005e-09	-0.000476496	3.174200000000002e-05	1.0075545640000014e-09	2.27048438016e-07	0.000909591	1.950599999999997e-05	8.273557872809999e-07	3.8048403599999885e-10	0.0	0.0	0.0	0.0	0.0	0.0	0.0	0.0	0.0	0.0	0.0	0.0	0.0	0.0	0.0	0.0	0.0	0.0	0.0	0.0	0.0	0.0	0.0	0.0	0.0	0.0	0.0	0.0	0.0	0.0	0.0	0.0	0.0	0.0	0.0	0.0	0.0	0.0	0.0	0.0	0.0	0.0	0.0
327.42005872614186	-0.4755412630526052	0.2261394928656671	107203.89485623018	361.3024316672511	-0.0338572866964455	0.0011463158624453	130539.44712866865	226.1777018992264	-0.3692339774768243	0.1363337301233559	51156.352836415324	225.79683955812192	329.9247256697591	1.059291	23.423431	0.08695706	0.0488591	0.0542564963	-0.0898377826	0.1173739563	0.0418445008	-0.0783810929	0.0772169636	0.1088354997	-0.0125045573	-0.008078544	0.0038184519	-0.010654301	0.0684081183	0.0680184393	-0.0583899176	0.0467071295	-0.0626783034	-0.1477387131	0.1262710117	-0.0822357901	0.0259860465	-0.2657054434	-0.1930742471	0.076264228	-0.0586629384	-0.0062748762	0.0989524274	0.0679908368	0.2213440146	-0.1110961592	0.0243587247	0.0766812834	-0.0445576289	0.0692173174	0.0883200828	0.0210597355	0.0250493018	-0.0377110677	0.0388731724	0.1750438607	0.1586577458	0.0666069558	0.0595197505	-0.0326510407	-0.0289811249	-0.0645489859	0.028350427	0.0970475966	-0.0233014193	0.1038666622	-0.072394197	-0.0480184263	0.0133977582	-0.003929097	0.01122452	-0.0051288589	-0.0340231534	-0.011308062	0.0527969623	-0.0381936387	-0.146830813	0.0244909392	-0.1862759159	0.0329958902	-0.0989277321	-0.0638485066	-0.0288906903	0.0622388855	-0.0973326387	-0.1508367775	-0.1024640017	0.0360967546	-0.2270881187	0.2405525001	0.0666512083	0.0107110246	0.055149037	0.089907089	0.092919417	0.2382290142	-0.0410889995	0.0499256573	0.0522501024	-0.0578848918	0.0801899229	0.0770769329	0.0170175058	0.0393278311	-0.0221680084	-0.1780084666	0.0022225363	0.1807760654	-0.015667688	0.0449028517	0.0519729021	0.0192284047	0.0477946395	0.0716664677	0.0651137878	0.0195970875	0.0942146024	-0.0872229364	0.0146450122	0.0105125855	0.00297325	-0.0051606735	-0.0017149614	0.0480236055	0.0346404315	-0.0019524183	-0.0062956353	-0.0103356008	0.2268944684	0.0495212022	0.1023384273	-0.0491857022	-0.0833025055	-0.0495292954	-0.0954826323	-0.0071870709	0.0238149002	-0.0518133485	-0.2683249576	0.0159647986	-0.2036391854	0.049273051	-0.1160420948	-0.0862671728	-0.0995183265	-0.0135657953	0.2665177665	-0.1156768614	-0.0804454951	0.0518079008	-0.027949655	-0.0622586171	-0.1253051222	-0.0412457609	-0.1133387616	0.1203607599	0.0208572202	-0.1294720344	0.0252872714	-0.1088228812	-0.0713342571	0.0341061	0.0046146	0.00116322605721	2.129453316e-05	0.0278138	-0.0456881999999999	0.0020874116192399	0.0007736074704399	0.0455084	0.0102987999999999	0.0020710144705599	0.0001060652814399	-0.000285259	-0.0002072692	4.2960521268640006e-08	8.1372697081e-08	-0.000628377	-0.0001518809999999	2.3067838160999976e-08	3.9485765412899993e-07	0.00107755	0.000167959	1.1611140025e-06	2.8210225681000025e-08	0.0	0.0	0.0	0.0	0.0	0.0	0.0	0.0	0.0	0.0	0.0	0.0	0.0	0.0	0.0	0.0	0.0	0.0	0.0	0.0	0.0	0.0	0.0	0.0	0.0	0.0	0.0	0.0	0.0	0.0	0.0	0.0	0.0	0.0	0.0	0.0	0.0	0.0	0.0	0.0	0.0	0.0	0.0
327.56432488020687	0.1442661540650078	0.0208127232087085	107298.38693422572	360.3284688930384	-0.97396277421268	0.9486034855520598	129836.60549480136	226.3038391945751	0.1261372953486841	0.0159106172778811	51213.4276342041	225.93178760180496	324.6945210038695	1.145021	25.319103	0.1011567599999999	0.0521707	0.0944717883	-0.0458400659	-0.0095496263	-0.0783754781	0.1324382402	0.0688733415	0.0461779806	0.0563605503	0.0461146521	-0.0387276559	-0.0854594591	0.0135246871	-0.0079733327	-0.1271089503	0.0205428656	-0.0384932082	-0.0926463035	-0.0666814265	0.052823288	-0.0583197039	-0.0105609024	-0.0254026742	-0.0785944336	-0.117544392	0.0281701141	0.0210760165	0.0871626285	-0.0987033161	0.1632207668	-0.1008045825	-0.0514642278	0.0249763453	-0.0391718046	0.050161498	-0.0205968917	0.0948763385	0.0163090583	0.0020573937	-0.0188698026	0.0083282458	0.0583415865	-0.0526168921	-0.149768008	-0.0192925925	-0.15572896	-0.007755781	0.1271333242	-0.1498873644	-0.0588857416	0.0411389591	0.0655704304	0.0194333448	-0.1332297048	0.0250731873	-0.0665965601	0.0487948156	0.0613293308	0.0620023197	0.0152926802	0.0278525829	0.0136209889	0.0317830747	-0.1026504676	-0.1419839706	0.03427509	-0.1256752446	0.0386132995	-0.109817366	0.0510574114	0.0348901509	-0.0559119854	-0.0184295986	0.0182248158	-0.0872779272	-0.008267822	0.1067115519	-0.0158774733	0.0878559762	-0.1388316342	0.1731616616	-0.0118159382	-0.0537410939	0.030457893	-0.0253428255	0.0311228557	-0.0522423712	0.0352836298	-0.0769319628	0.0026060177	0.0070260454	0.0265591647	-0.0876332236	-0.1101952552	0.1560306391	0.0525181075	0.0030777607	0.1478586993	0.0598604126	-0.1389972647	-0.0210263659	-0.008656064	0.0050424134	-0.0433526024	0.1303166402	0.0785945568	-0.091039131	-0.0150083904	-0.0961797076	0.0272055391	0.0022535752	0.0233707354	-0.0264441905	-0.0481141771	0.113290807	-0.0607013737	0.0279333226	-0.0829407993	0.038163041	-0.0963222056	-0.0247752104	-0.0417249784	-0.102245249	-0.0422263791	0.1007091435	-0.0553939716	-0.0436834689	-0.0545646514	0.0545237438	-0.0288600009	-0.0341753192	0.0173863737	-0.0014740426	-0.0801482739	-0.0862166546	-0.0749915522	0.0612114598	0.0836061344	0.0561089765	-0.0577482136	-0.0579428463	-0.0937851363	0.0226597522	-0.1109309587	-0.0647214634	0.027494	-0.0066120999999999	0.000755920036	4.371986640999999e-05	0.0746847999999999	0.0468709999999999	0.0021968906409999	0.0055778193510399	0.0649444	0.019436	0.00421777509136	0.000377758096	-7.79898e-05	0.0002072692	4.2960521268640006e-08	6.0824089040400005e-09	-0.000462201	0.0001661759999999	2.7614462975999997e-08	2.13629764401e-07	0.0008862419999999	-0.0001913080000001	7.854248825638228e-07	3.6598750864038274e-08	0.0	0.0	0.0	0.0	0.0	0.0	0.0	0.0	0.0	0.0	0.0	0.0	0.0	0.0	0.0	0.0	0.0	0.0	0.0	0.0	0.0	0.0	0.0	0.0	0.0	0.0	0.0	0.0	0.0	0.0	0.0	0.0	0.0	0.0	0.0	0.0	0.0	0.0	0.0	0.0	0.0	0.0	0.0
327.9075075780495	0.3431826978426215	0.11777436409854	107523.33352604858	360.4197308444337	0.0912619513952677	0.0083287437724722	129902.382381974	226.17612075805664	-0.1277184365184496	0.0163119990267172	51155.63760116302	225.789446616421	330.95347651048525	1.058365	23.402954	0.04429726	0.0206825	0.0380415388	0.0066533589	-0.0551042365	-0.1026643917	0.072779159	-0.0465719436	-0.0358942072	-0.1257408359	-0.0235948263	0.0508393406	0.1057253117	0.0146930909	-0.0293383174	-0.1264683335	0.0370270059	-0.0777669124	-0.0240080949	-0.0151065551	0.0821628627	0.1050499309	-0.002969322	0.0798427589	0.1475601174	0.0774540821	-0.0891250123	-0.1558095973	0.0326268389	-0.0648460499	-0.0045356971	0.055107933	-0.1029024094	0.0176134948	0.0756945673	-0.0493039501	0.0598542521	-0.0766187626	-0.020043611	-0.0272271797	0.0392912887	0.1089266604	0.0761410932	-0.0827303258	-0.0342390858	-0.1391727298	0.0521654741	0.1588576572	0.0665061319	0.0286809249	0.0178565115	-0.1865843553	-0.0413014137	0.0151186387	0.0782743792	0.0068106986	-0.0669407311	0.0310145006	0.0568703987	-0.0215629332	0.0443950767	0.0082173427	0.0527919745	-0.0584791063	-0.1715665837	-0.0527075635	-0.0060878555	-0.0272633194	0.0778863219	-0.0359667864	0.0127132501	0.0744317254	0.107119106	-0.0007479808	-0.0710088196	0.1466672547	0.0922883759	-0.0731691656	-0.1307893347	-0.0115135559	-0.0412534309	-0.0654395528	-0.0588071456	-0.0486360961	0.0529367905	0.0632469571	-0.0517245822	0.0530167067	0.0007714602	0.1034604656	-0.0895153963	0.0389959641	0.1111332116	-0.0148080914	-0.0479509317	-0.0577797301	0.2284607678	0.0279265703	-0.0691775187	0.1302973285	0.0294901523	0.0056232433	-0.1615693031	0.0243684921	0.0451250093	-0.073711686	-0.0173566476	-0.0899202145	-0.0625288647	-0.0082501377	0.0568134784	-0.0305952985	-0.0043836762	-0.0169461826	-0.0368151775	0.1968990257	0.0236896126	0.0369310384	0.0100303323	0.0032308868	-0.0676248131	-0.0892469018	-0.0495228962	0.0470893685	0.1288987843	-0.0393754914	-0.1045980901	-0.0351126909	-0.011929951	-0.0484706348	0.0228179614	0.0797866825	0.0552807025	0.0414653884	0.0381641186	-0.0467840399	0.0347863559	-0.0338796819	-0.0869203713	0.0609725106	-0.003582406	-0.0034608794	0.1656183045	0.020020823	-0.112815636	-0.0578154653	0.0346514	0.0071573999999999	0.00120071952196	5.122837475999997e-05	0.080109	0.0054242000000001	2.9421945640001097e-05	0.006417451881	0.0481477	-0.0167966999999999	0.00231820101529	0.0002821291308899	-0.00024779	-0.0001698002	2.8832107920040008e-08	6.13998841e-08	-0.00056761	-0.0001054089999999	1.1111057280999998e-08	3.221811121e-07	0.000909412	2.3170000000099947e-05	8.27030185744e-07	5.368489000046314e-10	0.0	0.0	0.0	0.0	0.0	0.0	0.0	0.0	0.0	0.0	0.0	0.0	0.0	0.0	0.0	0.0	0.0	0.0	0.0	0.0	0.0	0.0	0.0	0.0	0.0	0.0	0.0	0.0	0.0	0.0	0.0	0.0	0.0	0.0	0.0	0.0	0.0	0.0	0.0	0.0	0.0	0.0	0.0
328.0896885722573	0.1821809942077834	0.0331899146505364	107642.84374744075	360.16997303290657	-0.2497578115271039	0.0623789644188083	129722.40947452464	226.328191571552	0.1520708134953565	0.0231255323171395	51224.45030004914	225.9500953057611	330.5878733606834	1.032424	22.829338	0.0742071299999999	0.0349498	0.0371792656	0.0380365966	-0.0204875717	-0.0033904544	0.0119972623	-0.0897608093	-0.0211400724	-0.0374840125	-0.0195369303	0.0212356635	-0.0471761924	0.0664539986	0.0588933985	-0.007383198	0.049888651	-0.0676022635	0.1156584463	0.0275983056	0.0102926891	-0.0333649008	-0.0205763433	-0.0380955379	-0.109752643	-0.0443510822	-0.1383961479	0.097857317	-0.0112646317	-0.1933039921	-0.116183809	-0.0311322719	-0.1951517647	0.09804873	-0.1423881871	-0.0462904103	0.1741389895	-0.0577719387	0.0037311633	0.0737669399	-0.0853743841	0.053439993	0.016118845	-0.1453447016	0.0412157092	0.0128363574	0.0098401732	-0.0609321521	0.000938871	0.0009024055	-0.0926314	0.1995391477	-0.0800764522	-0.089811354	-0.1383248429	0.0194114325	-0.1151448387	0.058253235	0.0483916445	0.1092588193	0.0350511982	-0.033811017	0.0729359413	-0.0755891081	-0.0622142559	0.0666027659	-0.1892933865	0.0732271359	0.0682160356	0.1140514406	-0.0098007643	0.0319525158	-0.0331554235	-0.0127175522	0.0399401387	-0.1030280186	0.1186100515	0.0351840761	0.1312458173	-0.0190996556	-0.1861762127	-0.1094243619	0.0268504008	-0.2021791474	0.0987377322	-0.1547469996	-0.0098974865	0.1381348794	0.0044478464	0.0746557462	0.074818927	-0.0940849301	0.0557209915	-0.0607405221	-0.1012509873	-0.0838230635	-0.002799256	-0.0413154356	0.0159978589	-0.0282409032	-0.060260963	0.0096496249	0.2120753791	0.0029686727	0.1382303919	0.1457231178	0.0723657122	-0.1081776776	0.0294858253	-0.1368150384	-0.0071155899	-0.0390585471	-0.0088077127	0.0682829781	-0.0284135479	0.0929968801	0.100122623	-0.1260367851	0.0624148208	0.0528121111	0.0307689293	-0.0354261817	0.1600047308	-0.0745728655	0.0614639712	0.0102125778	-0.0148077884	-0.0109161149	-0.0428733285	0.0425153382	-0.0578898818	0.0447102267	-0.0021686606	-0.0079965342	0.0234628052	-0.0425524944	-0.0769805582	-0.0486921743	0.0310268472	0.0928611555	0.0320382432	-0.0562902314	-0.2043057377	0.0173718128	-0.1144731177	-0.0506475487	0.0329963	-0.0016550999999999	0.00108875581369	2.7393560099999986e-06	0.0577098	-0.0223992	0.00050172416064	0.0033304210160399	0.064938	0.0167902999999999	0.0042169438439999	0.0002819141740899	8.267159999999998e-05	0.0003304616	1.0920486907456001e-07	6.834593446559997e-09	-0.000411005	0.0001566049999999	2.4525126024999995e-08	1.68925110025e-07	0.0007292279999999	-0.000180184	5.317734759838541e-07	3.2466273856036026e-08	0.0	0.0	0.0	0.0	0.0	0.0	0.0	0.0	0.0	0.0	0.0	0.0	0.0	0.0	0.0	0.0	0.0	0.0	0.0	0.0	0.0	0.0	0.0	0.0	0.0	0.0	0.0	0.0	0.0	0.0	0.0	0.0	0.0	0.0	0.0	0.0	0.0	0.0	0.0	0.0	0.0	0.0	0.0
328.7976105502861	0.7079219780288213	0.5011535269762389	108107.8687035776	362.5903022062058	2.420329173299251	5.8579933071234365	131471.72725398766	226.63511833432145	0.3069267627694501	0.0942040377041342	51363.47686241189	226.23414644053284	337.4858725409001	0.995982	22.023506	0.10180323	0.0663878	-0.0248218929	0.0549026979	0.0348561923	0.0725444795	-0.0919173973	-0.0418267956	-0.047156948	0.0799733827	0.0043407418	-0.002494567	0.0568697167	0.031029873	-0.0521526142	-0.1192768347	-0.0462995444	0.0162710919	0.0636058498	0.0815967808	-0.0266475559	-0.0595188517	0.0204900294	-0.0183808882	0.1135966897	-0.0243941911	-0.0923195627	-0.195124378	0.0441287663	-0.0858881046	0.0446166507	-0.0325404548	0.0810311007	-0.0569140405	0.0579841538	0.1021694698	-0.0542611143	0.0483027683	0.0734973886	0.0035650343	0.0095552293	-0.0061436614	0.020252988	0.136400907	0.0914123941	-0.0084917633	-0.0376036712	0.0721038512	-0.0163472468	0.1365345912	-0.0841149555	0.0008747063	0.0716629065	0.0155976459	-0.0415324007	0.1066366194	-0.0132735015	-0.0491437326	0.0238805682	0.2630220411	-0.0569802622	0.1744248303	0.0440479438	0.0170235797	-0.0417440404	0.0400899063	-0.0987363076	-0.0299359941	-0.0159047699	0.0717378122	-0.0731054417	-0.0133965243	-0.0699040183	0.0194136308	0.0062933891	0.1135035351	0.1019274803	0.024498974	-0.1837990272	-0.0066850598	-0.0979675718	0.0196716051	0.0414582899	0.0909580134	-0.0286710128	0.0701879578	0.0792793054	-0.0356331971	-0.0419396857	-0.0643824011	-0.0479377563	-0.0060708512	-0.0224052878	0.0375447891	0.1298462102	0.0008333403	0.0471116498	0.1069498379	0.0208834886	0.0320764189	0.1120107538	-0.1413540879	0.0334719148	0.0082915079	-0.0370386883	-0.027353242	0.1052411663	0.018859924	0.0991812521	-0.2689779046	-0.0432115392	0.0563528252	-0.0953851134	-0.0557649718	-0.0567647226	0.0227325535	0.0537988778	-0.1108625997	-0.0205428196	0.0271809395	0.1117564299	0.0623874112	-0.0126867844	0.0154105432	0.0379568635	0.0124232902	-0.1107802304	-0.08886093	-0.0622100799	0.0630307988	-0.0735064945	-0.001206878	0.0381546601	0.0390616769	0.0058588867	-0.1473646044	-0.028431771	-0.0650932624	0.013702479	0.0628912627	-0.092529974	-0.0918139847	0.1004630772	0.0147140554	-0.1159000657	-0.043250186	0.0355546	0.0025582999999999	0.0012641295811599	6.544898889999997e-06	0.107811	0.0501012	0.00251013024144	0.011623211721	0.0606606	-0.0042773999999999	0.00367970839236	1.8296150759999945e-05	-0.00065805	-0.0007407215999999	5.486684887065599e-07	4.330298025e-07	-0.00056761	-0.0001566049999999	2.4525126024999995e-08	3.221811121e-07	0.0007292279999999	0.0	5.317734759838541e-07	0.0	0.0	0.0	0.0	0.0	0.0	0.0	0.0	0.0	0.0	0.0	0.0	0.0	0.0	0.0	0.0	0.0	0.0	0.0	0.0	0.0	0.0	0.0	0.0	0.0	0.0	0.0	0.0	0.0	0.0	0.0	0.0	0.0	0.0	0.0	0.0	0.0	0.0	0.0	0.0	0.0	0.0	0.0	0.0
329.062606790942	0.2649962406559325	0.0702230075617769	108282.19918805012	363.0991653890418	0.5088631828359667	0.2589417388459504	131841.0039062187	226.7757176956773	0.1405993613558394	0.0197681804136699	51427.22613638952	226.3880527120241	343.5355786616745	0.976618	21.595327	0.09641015	0.0655582	-0.0680989032	0.0327355959	0.0951943883	0.0470696332	-0.0680887044	0.1108473619	-0.0367961183	0.0547781257	0.0668595242	-0.0046547989	0.0364036778	0.0049115417	0.1387653411	0.00333254	0.0942157248	0.0593822912	-0.0181626898	0.0034634627	0.0506968621	-0.0786908594	0.0430411139	-0.042984689	0.0453455202	0.1041180121	-0.0165024353	-0.0547755103	0.1112732339	-0.041888105	0.0600899463	0.1015033542	0.0679506409	0.0020632241	0.0473487604	0.1291588318	-0.0386233352	-0.0619832759	0.0132663374	0.0372611956	0.1377934169	-0.0713965267	-0.0475137869	0.1553554702	-0.0611235791	-0.0114175162	0.0749796926	0.009503773	-0.0126886495	-0.1129032803	-0.1863908067	0.0440818238	-0.1440220864	-0.0072187121	0.1443680115	-0.0287117325	-0.0360413798	0.0476306965	0.0187345021	-0.0766399585	0.0904871528	-0.1434522805	-0.0980604559	-0.0224520991	0.1168654948	-0.033293546	0.2003949108	0.0657000407	-0.0601866242	-0.0244525224	-0.0126716299	0.0385176838	-0.0894230286	0.0468126504	0.0363906578	0.0444594707	0.0231368739	-0.0975821438	-0.0586738258	0.0999055282	-0.0338512367	-0.0153580125	-0.085622646	0.1284394117	0.0395305623	0.0668885186	0.1010933624	-0.036309911	-0.0275348272	0.0431916974	-0.1271633487	-0.0250988996	-0.0765038627	0.0394191148	0.1009521902	0.1263860374	-0.0286090429	-0.0130880994	-0.0994569843	0.0005250455	-0.1473401514	-0.0754309912	0.0612759576	0.1561175576	0.1387357315	-0.0640494046	-0.0518409534	-0.0424113953	-0.0569489484	0.1110340064	0.0130079671	-0.0869785865	0.0570311006	0.0918273966	0.1299574394	-0.1041410503	-0.1328447244	0.1688955864	0.0630481278	-0.0683190683	0.0125267715	0.0413968706	0.0553684711	-0.0924555473	-0.074226596	-0.0642768419	-0.1521845368	0.092107211	-0.0356448476	-0.0393829596	-0.0954709633	0.0657876445	0.0321898337	0.0313730933	-0.0263032364	-0.0277179344	-0.0194089594	-0.0112734361	-0.0132873886	0.0583137516	0.0096698344	-0.0316424492	-0.0983885258	0.012048889	-0.1170936064	-0.0356568892	0.0360082	0.0004535999999999	0.0012965904672399	2.057529599999986e-07	0.0549223	-0.0528887	0.00279721458769	0.00301645903729	0.0452365	-0.0154241	0.00204634093225	0.00023790286081	-0.000105175	0.000552875	3.05670765625e-07	1.1061780624999998e-08	-0.00056761	0.0	0.0	3.221811121e-07	0.0007292279999999	0.0	5.317734759838541e-07	0.0	0.0	0.0	0.0	0.0	0.0	0.0	0.0	0.0	0.0	0.0	0.0	0.0	0.0	0.0	0.0	0.0	0.0	0.0	0.0	0.0	0.0	0.0	0.0	0.0	0.0	0.0	0.0	0.0	0.0	0.0	0.0	0.0	0.0	0.0	0.0	0.0	0.0	0.0	0.0	0.0	0.0	0.0	0.0
328.61107448541816	-0.4515323055238696	0.2038814229317011	107985.23827446104	362.7844687532258	-0.3146966358160057	0.0990339725939117	131612.57076856025	226.55358406866256	-0.2221336270147276	0.0493433482507181	51326.52645435656	226.17462453240643	340.6630863317776	0.947822	20.958586	0.08127545	0.0472312	-0.0450879899	0.0389776422	0.0429934752	-0.0218792286	0.057959097	0.1221005859	-0.0475592822	0.0445893903	0.0980222791	0.0004503444	-0.1294047317	-0.0306378234	0.0009735991	-0.1494232902	-0.1240570492	0.0356817051	-0.113007843	-0.0383484941	0.0460855762	-0.0747272626	-0.0140682643	0.0291662221	-0.1070933011	-0.1443688521	0.0634874985	0.0107771497	0.0818727559	-0.0817203105	0.0585675107	-0.0693067072	0.1419468708	-0.0134796155	0.040783757	0.2070097416	0.0343372026	-0.0610422684	0.0501825239	-0.0194315563	-0.0990130788	-0.0050038478	-0.1138565764	0.0967263035	0.0242519327	0.1252048946	0.1143219771	0.0269248151	0.0276381477	-0.1191704984	0.0645110963	-0.1025320762	0.0408848975	0.0560887651	0.0816461476	0.1040893436	-0.0183339303	-0.0688345533	0.0180299044	-0.1699562379	-0.0747283038	0.0662446529	-0.074473996	0.0225846388	0.0652658105	0.0076048048	0.0196579771	0.0459573697	-0.0368090506	-0.1254706922	0.0208926398	0.0230768074	-0.0683321525	-0.027963043	-0.0354968011	-0.1206003696	-0.0375724518	0.1480226099	-0.005438795	0.1015347281	-0.1020903163	0.076194566	0.080010459	0.1320496642	0.0066841308	0.0390264727	0.1848808223	0.0184564445	-0.0420529326	0.0283489845	0.1039880863	-0.0256172377	-0.0153797058	0.1394482626	0.0529860688	0.0186466076	-0.1123447495	0.0063617434	-0.0960985746	0.0695149378	-0.0905325574	0.0321296378	-0.1268138519	0.0141527128	-0.0994739724	-0.1192481564	0.0798188527	-0.0133794245	0.0231086445	0.1431980541	0.0741697312	0.0748376078	-0.0380942414	-0.0866173204	0.0862403903	-0.0695560312	-0.0597403629	0.0021812473	0.0516830284	-0.0130731698	-0.0136429264	-0.0208457625	-0.0190048189	-0.1221749866	-0.111530623	0.1782284726	-0.1606230725	-0.0796708976	-0.0860172401	0.0144373537	-0.0440451979	-0.0206957191	-0.0226938217	-0.0054825768	0.0299463955	-0.05743965	0.054671716	0.0550109167	0.0426491303	-0.0016251072	-0.1739445498	-0.0611796483	-0.0759432052	0.0093776556	-0.1180513362	-0.0279020578	0.0367196	0.0007114	0.0013483290241599	5.060899600000013e-07	0.0872534999999999	0.0323311999999999	0.0010453064934399	0.0076131732622499	0.0584569	0.0132204	0.0034172091576099	0.00017477897616	-0.000589288	-0.000484113	2.34365396769e-07	3.47260346944e-07	-0.000351474	0.0002161359999999	4.671477049599999e-08	1.23533972676e-07	0.0007292279999999	0.0	5.317734759838541e-07	0.0	0.0	0.0	0.0	0.0	0.0	0.0	0.0	0.0	0.0	0.0	0.0	0.0	0.0	0.0	0.0	0.0	0.0	0.0	0.0	0.0	0.0	0.0	0.0	0.0	0.0	0.0	0.0	0.0	0.0	0.0	0.0	0.0	0.0	0.0	0.0	0.0	0.0	0.0	0.0	0.0	0.0	0.0	0.0
329.0923385750047	0.4812640895865456	0.2316151239255666	108301.76730876551	361.91674289831377	-0.8677258549120097	0.7529481592827781	130983.72879012417	226.4134181661777	-0.1401659024848527	0.0196464802193932	51263.03592569245	226.0426835680913	355.51138719443577	1.781232	39.387234	0.05801675	0.0289507	-0.0725727844	0.0060321795	-0.1213539474	-0.034620807	0.081488708	0.0113090929	-0.0915799616	-0.0840413566	-0.0356573553	0.1160459392	0.1250168088	-0.0775316776	-0.1012465524	0.0421953434	-0.0244253859	-0.0117250394	0.0012668743	0.0133857862	0.075048614	0.0267160499	-0.0874006507	0.1179653201	0.0635800861	0.0657348484	0.0806851007	-0.0116875642	0.054123975	-0.0679587286	0.134335074	-0.029969371	0.0626413691	-0.0553381578	0.0798449833	-0.1052693963	-0.1373222369	-0.0444000692	0.0288834913	-0.0682161613	-0.0627023202	-0.0571322837	-0.0007051963	-0.0993196688	0.0753074245	-0.0518316803	0.0284386705	-0.0179782631	-0.0279917197	0.0329008438	-0.0710996876	0.1040848446	0.0036810508	0.0196677817	-0.0517950704	-0.0307627682	0.1271434487	-0.0267076916	0.0640592577	0.0737144296	0.0038675943	-0.0554343362	-0.0311141388	-0.1111009148	0.0250068526	-0.0045984091	0.1789780656	-0.1446732899	0.0122058219	-0.0176620538	-0.0074381063	0.0801871758	0.0402222159	-0.0994528927	-0.1050613146	0.0841099877	-0.062490499	-0.0599688447	-0.0394727057	0.0635564839	-0.079935497	0.1110202873	-0.0355083016	0.069983881	-0.0649234196	0.0847696225	-0.1154123256	-0.0973778163	-0.0745378042	0.0229149478	0.0824510854	0.0500002846	-0.0735766843	0.0031555405	-0.0516770462	-0.1067600032	0.0362641072	-0.0436796889	0.0014389959	-0.0325562522	0.0077075357	-0.0632766773	0.1102506307	0.0060017163	-0.014973897	0.064894362	-0.0025288244	0.1358658933	-0.0109925222	-0.0461843758	0.0342023261	-0.0341440768	-0.052278378	0.1310234624	0.0644855907	0.012816945	-0.084656332	0.1749162414	-0.1421647428	-0.0248855978	0.0440729396	-0.1213267659	-0.0254060079	0.0954797995	0.0708968088	-0.0288704915	-0.1567683991	-0.0003822119	-0.0466675563	-0.0790708095	-9.12e-07	-0.0442501602	0.0277712349	0.2157210283	-0.0581532455	-0.0258904174	-0.0713862449	-0.0121190605	-0.0400265327	0.0319960922	-0.0233955171	-0.0627106587	0.0897925562	0.0067017003	-0.1187713263	-0.020020823	0.0387764	0.0020568	0.00150360919696	4.230426240000018e-06	0.093924	0.0066705	4.449557025000124e-05	0.0088217177759999	0.0373197	-0.0211372	0.0013927600080899	0.00044678122384	-0.000936197	-0.000346909	1.2034585428100004e-07	8.764648228090001e-07	-0.00056761	-0.0002161359999999	4.671477049599999e-08	3.221811121e-07	0.0007292279999999	0.0	5.317734759838541e-07	0.0	0.0	0.0	0.0	0.0	0.0	0.0	0.0	0.0	0.0	0.0	0.0	0.0	0.0	0.0	0.0	0.0	0.0	1.0	0.0	0.0	0.0	0.0	0.0	0.0	0.0	0.0	0.0	0.0	0.0	0.0	0.0	0.0	0.0	0.0	0.0	0.0	0.0	0.0	0.0	0.0	0.0	0.0	0.0
329.8327849437052	0.740446368700475	0.5482608249217197	108789.66602372046	364.1958946471247	2.279151748810932	5.19453269410793	132638.64967781954	226.62329316774807	0.2098750015703672	0.0440475162841616	51358.11700619509	226.2381922388398	352.18062398675784	1.639512	36.253468	0.0538276999999999	0.029788	-0.1221264929	0.1073241264	0.0333342014	0.02943327	-0.110088054	-0.0306433557	-0.1470930697	-0.0022418329	0.0194219966	0.0299122586	-0.0399623294	0.0945688069	0.1067383263	-0.0032256553	-0.0125195968	-0.006133162	0.1055701642	0.0752164195	0.0416504014	-0.016618459	0.0418254878	-0.1143203888	-0.1210537739	0.0006875646	-0.0692856435	-0.0858051438	0.0669290646	0.0477905877	0.1233171927	0.162209075	0.0276228525	0.0465134171	0.0931021506	0.15017928	0.0352258286	-0.1222187617	0.0298474705	-0.0082114149	-0.0696738823	-0.0930176962	0.0244139462	-0.1050032095	-0.0528691241	0.0978218446	-0.0016308059	-0.1153569078	0.1069821487	-0.0295688228	-0.0252472888	0.0883314788	-0.0452423266	-0.1268174674	-0.0529613592	0.0198872568	0.1424492173	0.1258722205	-0.036362419	0.0281847917	-0.0766140928	-0.0034558474	-0.1398191113	0.0002514711	0.126627123	-0.1323508781	-0.1151086657	-0.0699844429	0.0056311766	0.1112300181	-0.0621913041	0.052972713	-0.0197599354	0.0617426857	0.1050403593	-0.1260232618	0.0963323449	-0.0168282278	-0.102907379	0.0483327305	0.03052111	0.0156931942	-0.1854867996	0.1015126116	0.0518702336	0.0854215658	0.1499701467	0.0090594998	-0.0519356839	0.1074018958	0.0847879062	-0.0165392742	-0.0498988265	-0.0612874579	-0.1060107311	0.0333132752	-0.1157571844	-0.1023871684	0.0935409672	0.0896414147	-0.0384568068	0.0285018673	0.0807662759	-0.0764315196	0.0993314066	0.0284540861	0.0382767328	0.1191576062	-0.0895042806	-0.0384725369	-0.095360406	0.1079835562	0.0554509401	-0.010295509	0.1228449364	-0.0041792943	-0.1716365063	-0.1384019285	-0.0923083277	-0.0344363197	0.1169037355	0.003809696	0.1612746443	-0.0285324504	-0.0587332696	0.0158057984	-0.0412410088	0.0063270425	-0.0800721005	-0.0195332688	-0.0650660257	0.0196985054	0.0634557134	0.0289721455	0.0362020371	-0.0948170295	0.0296047281	-0.0334255178	-0.0089825653	-0.0084365098	0.007899141	-0.1610513318	-0.0109683653	0.0040223704	-0.1192521267	-0.012048889	0.0453388	0.0065623999999999	0.0020556067854399	4.306509375999995e-05	0.0781093	-0.0158146999999999	0.0002501047360899	0.00610106274649	0.0393872	0.0020675	0.0015513515238399	4.274556249999999e-06	-0.000534578	0.000401619	1.6129782116100008e-07	2.85773638084e-07	-0.00056761	0.0	0.0	3.221811121e-07	0.000915271	0.0001860430000001	8.377210034410001e-07	3.4611997849037234e-08	0.0	0.0	0.0	0.0	0.0	0.0	0.0	0.0	0.0	0.0	0.0	0.0	0.0	0.0	0.0	0.0	0.0	0.0	1.0	0.0	0.0	0.0	0.0	0.0	0.0	0.0	0.0	0.0	0.0	0.0	0.0	0.0	0.0	0.0	0.0	0.0	0.0	0.0	0.0	0.0	0.0	0.0	0.0
329.9773806154086	0.1445956717034278	0.0209079082753654	108885.07171780623	363.73416707851743	-0.461727568607273	0.213192347611984	132302.54430030283	226.7368228980937	0.1135297303456468	0.0128889996723552	51409.58685792152	226.3538755310581	370.8491120586119	1.719578	38.023918	0.0640263	0.0363412	-0.1536414529	-0.0358139553	0.0592692799	0.061417595	-0.083198824	0.1051180887	-0.0682528625	0.0799441585	0.0870416185	0.0600132404	-0.0154886296	-0.0163247238	-0.1251795919	-0.046805037	-0.0319541608	0.0533952265	-0.0095608438	0.0469370774	0.0119596891	-0.0621152892	0.0155219372	0.0152145337	0.007007073	-0.0052077402	-0.0890175245	-0.1191793506	0.1057768354	-0.0239079247	-0.0411557263	-0.0588973621	0.060727473	0.1101558677	0.1130108399	0.0003135225	-0.1943224414	0.0343723571	-0.0378427825	0.0286013243	-0.0647661065	0.0038750436	0.0628910833	-0.0608052486	-0.0017969584	0.0313957062	-0.1096409164	-0.0112588366	-0.0270037828	0.0207238308	0.0811979412	-0.0818256055	-0.0460202633	0.1674219156	0.0027048886	0.0301002839	-0.0998192244	-0.0935779341	0.1273419418	-0.0409192321	0.1353521155	0.076797354	0.0261904537	0.0312203773	0.2546212894	-0.0091668106	-0.0610356515	-0.1162397016	-0.0548238227	-0.0072359537	-0.0542374297	0.0034472854	-0.066576018	0.0181812734	-0.0200339462	0.0149709127	0.1184312782	0.0024726867	-0.1068565689	0.0724680671	-0.022639111	-0.033942269	0.0891770903	0.0542521703	0.0947807281	0.1408000284	-0.0655737215	-0.1858510893	-0.0025581978	-0.038413708	0.0478950987	-0.0327132112	0.0150448338	-0.0539062425	-0.0698162195	-0.0225800789	-0.014506	0.0651128804	0.0636741101	-0.0547300874	0.0823757204	0.0520985074	-0.1425430341	0.1131328665	-0.0625804488	0.0323693948	0.0579810612	-0.077454036	0.0529039029	-0.0035060386	0.1472675128	-0.1427343209	-0.0912728085	-0.0517140067	0.0143996516	-0.1630887273	-0.0854253518	-0.1190312718	-0.1783563981	-0.0899852187	0.0940451914	0.0559008893	-0.0317724211	0.0430945754	-0.0881522887	0.0560891594	-0.1612226263	-0.1018851486	-0.0563144064	-0.0113523632	-0.0146829393	0.0067994794	-0.0140846392	0.0006277729	0.0209174902	0.1045108316	0.0031647944	-0.0693991101	-0.0335634572	0.0152654042	-0.0278587541	0.0007660003	0.1404165968	0.0013410152	-0.1194927693	-0.0040223704	0.048016	0.0026772	0.002305536256	7.167399840000024e-06	0.106666	0.0285566999999999	0.0008154851148899	0.011377635556	0.0295943	-0.0097928999999999	0.00087582259249	9.590089040999994e-05	-0.000869799	-0.000335221	1.1237311884100001e-07	7.56550300401e-07	-0.00056761	0.0	0.0	3.221811121e-07	0.00104004	0.000124769	1.0816832016e-06	1.5567303361000013e-08	0.0	0.0	0.0	0.0	0.0	0.0	0.0	0.0	0.0	0.0	0.0	0.0	0.0	0.0	0.0	0.0	0.0	0.0	0.0	1.0	0.0	0.0	0.0	0.0	0.0	0.0	0.0	0.0	0.0	0.0	0.0	0.0	0.0	0.0	0.0	0.0	0.0	0.0	0.0	0.0	0.0	0.0	0.0
329.2588088216749	-0.7185717937337017	0.5163454227496695	108411.36318666828	362.85969594405	-0.8744711344674556	0.7646997650167988	131667.1589406084	226.56915099681424	-0.1676719012794763	0.0281138664786744	51333.580183417216	226.18539243465688	345.743852927465	1.875648	41.474991	0.086704	0.0466391	-0.0747716822	0.0856999603	0.0023153146	-0.1201680478	0.0787891722	0.0993690238	-0.0894136075	-0.0531027563	0.0444174772	0.0764765998	-0.055202411	-0.0956140146	0.0362624644	0.0666319894	0.0201858756	0.0226652946	-0.080154386	-0.0246663787	0.1283510552	-0.0725331365	-0.0076841671	0.0005578675	0.0591802681	0.0088527112	0.1216746102	-0.0428636728	0.075681561	-0.0212461549	0.0835144342	-0.0152484253	-0.0726946008	-0.0658045606	-0.1041846671	0.0983564028	0.2031778979	-0.0611100142	0.0489297164	-0.0894339872	-0.0057002225	0.1738806106	-0.0307469758	0.0220809434	-0.072152021	-0.1183507094	0.0403809979	-0.0205494864	-0.1052304567	0.0094975396	-0.0595424743	-0.0612954559	0.0210202936	-0.0853056201	0.0653272707	0.1032689256	0.197613485	0.1023105126	-0.0143502415	0.0679087972	0.0942665966	0.0389087573	0.0183913868	0.0449478961	0.0192289372	0.1292423961	0.0023030672	0.0684760571	-0.0227691171	-0.1018288507	0.0157593389	0.1116996994	-0.0709019384	-0.0182367953	-8.26663e-05	0.0541834896	-0.0950518525	-0.0042906204	-0.079555308	0.0939743159	-0.0415988361	0.0821952034	-0.0421315368	-0.0632824568	-0.0367177754	-0.1282688789	0.1493549471	0.177922356	-0.0265861657	0.0773031483	-0.0169517056	0.0804734414	0.1650712624	0.0647551235	0.0044718778	0.0446457834	0.1216865578	-0.0795924231	-0.051247944	-0.0808909428	-0.0140010611	-0.0846064102	-0.0297522021	-0.066961241	0.0687395114	-0.0987915541	0.0610991475	0.147579774	-0.1314200267	-0.0768685588	-0.0795246484	-0.0753196759	-0.0157293725	-0.0399100859	-0.0101330142	-0.1054855276	0.0906270426	0.0179599409	0.041423788	-0.0291393876	-0.0458026638	-0.1126286139	0.0363673628	-0.0470801641	-0.0388562059	0.0583747644	-0.2026383558	-0.0116408988	0.0248131033	-0.0880649175	0.0052474869	-0.0405123252	-0.0346866915	-0.0520274336	0.0271881237	-0.0331199237	0.0484853388	0.0373207638	0.0884681931	0.0038489016	0.010559678	-0.100092808	-0.129283131	-0.0013410152	-0.1194927693	0.0040223704	0.0453372	-0.0026788	0.00205546170384	7.175969440000011e-06	0.0784575	-0.0282084999999999	0.0007957194722499	0.00615557930625	0.0481862	0.0185918999999999	0.00232190987044	0.0003456587456099	-0.00027248	0.000597319	3.567899877610001e-07	7.42453504e-08	-0.00056761	0.0	0.0	3.221811121e-07	0.000892863	-0.000147177	7.972043367690001e-07	2.166106932900002e-08	0.0	0.0	0.0	0.0	0.0	0.0	0.0	0.0	0.0	0.0	0.0	0.0	0.0	0.0	0.0	0.0	0.0	0.0	0.0	0.0	1.0	0.0	0.0	0.0	0.0	0.0	0.0	0.0	0.0	0.0	0.0	0.0	0.0	0.0	0.0	0.0	0.0	0.0	0.0	0.0	0.0	0.0	0.0
329.70956006952537	0.4507512478504623	0.2031766874387488	108708.39400123995	364.0295538422245	1.169857898174541	1.3685675019213557	132517.51607056905	226.67075530712603	0.1016043103117851	0.0103234358739335	51379.631311503006	226.28727787809729	382.0815243451016	2.275158	50.309097	0.1294780999999999	0.0656952	-0.1228071053	-0.1267043174	-0.0773905421	0.0003933505	-0.0514261222	-0.0501115152	-0.0923157113	-0.1492555353	-0.0099656668	0.0184721746	-0.0011652481	0.0648386469	0.030945988	0.0027127867	-0.0729890645	0.0322333215	0.0868971001	0.0591513883	-0.0076058118	0.1856005399	0.0659293788	0.009542804	0.1009906216	0.0484315288	0.1108109727	-0.0645367086	-0.0445808581	0.0088072036	0.0673195282	-0.0101189406	0.1383648468	-0.0125536419	0.1016053381	-0.1190213076	-0.0812939471	-0.0705110616	-0.0128727514	0.1401953257	0.0289578489	0.0166598052	-0.0610540977	-0.1746160721	-0.0607288478	0.1492201219	-0.0662660621	-0.0310744572	0.0841812001	-0.0032198412	-0.0360390092	0.0354849374	0.1593828217	0.0378776667	-0.0273263581	-0.0385707738	-0.0873908798	0.0769541037	0.0819823208	0.0262022669	-0.1012457858	-0.1694041044	-0.1060683663	0.0497986647	-0.0410065143	0.1342930139	0.0536294822	-0.0100827354	-0.0324273623	0.0939453183	-0.0440161106	0.0100132296	0.1834629273	0.0805034181	-0.0124939839	0.0978667639	-0.1142609199	-0.0359803158	-0.0803171496	-0.0409183112	0.0130774464	0.0574275222	-0.0036342813	0.1277013762	-0.0371810352	0.1079476721	-0.1492774046	-0.0424748142	-0.0427026369	0.0282172487	-0.0402082504	-0.1353744908	0.0141790828	0.0052457228	-0.2060363495	-0.0033886916	-0.1465935384	0.0029060037	0.0609920319	0.0452797677	-0.0287283536	-0.0353472327	0.0578031196	-0.0487540021	-0.1014274097	0.019613245	-0.0002935851	-0.1107526597	-0.0658696205	-0.0493140033	0.0596262882	0.1277334023	0.165735824	0.0870357891	0.0676792423	-0.0480091557	0.1334087658	0.1070401881	-0.0670107177	-0.0528972098	0.0864480333	-0.0538123148	0.0604160819	0.1307103624	0.0364742377	0.1060523336	0.0065340683	0.0174512194	-0.1168422464	-0.1775606009	0.0642262403	0.0565618226	0.0055037335	-0.0459718952	-0.1245827687	0.038262966	-0.0054890048	0.0929546331	-0.1055069107	0.0183555808	-0.1470786339	-0.0756713332	0.0971021671	-0.0040223704	-0.1192521267	0.012048889	0.0490437	0.0037065	0.00240528450969	1.373814225000001e-05	0.116346	0.0378885	0.00143553843225	0.013536391716	0.0160231	-0.0321631	0.00025673973361	0.00103446500161	-0.00108387	-0.0008113899999999	6.583537320999999e-07	1.1747741769e-06	-0.000445427	0.000122183	1.4928685488999998e-08	1.9840521232900002e-07	0.00107369	0.0001808269999999	1.1528102161e-06	3.269840392899998e-08	0.0	0.0	0.0	0.0	0.0	0.0	0.0	0.0	0.0	0.0	0.0	0.0	0.0	0.0	0.0	0.0	0.0	0.0	0.0	0.0	0.0	1.0	0.0	0.0	0.0	0.0	0.0	0.0	0.0	0.0	0.0	0.0	0.0	0.0	0.0	0.0	0.0	0.0	0.0	0.0	0.0	0.0	0.0
329.52997531415303	-0.1795847553723319	0.0322506843621403	108590.0046305463	364.7940467783269	0.7644929361023856	0.5844494493504462	133074.69656490817	226.648891657092	-0.021863650034021	0.0004780191928101	51369.72008938823	226.26709024320687	382.0258914561935	1.119328	24.750982	0.16896295	0.0856754	-0.0865137292	-0.2447311498	-0.0042284498	0.0814591349	-0.1518206375	0.0771898296	0.0348745445	-0.1240157331	-0.0219440994	0.0210153832	-0.0188360579	0.1527715579	-0.0299277497	0.1625809603	-0.0648529745	0.0596232694	-0.005300453	0.013796305	-0.0220035668	0.1393021712	0.1485160832	-0.1596657039	0.095380409	0.0094482847	0.1065329541	-0.027005826	0.0672714243	-0.0157133656	-0.2129253459	0.0209426115	-0.0123077972	0.0567237546	-0.0732978308	-0.0185710107	-0.0226122896	-0.0808030246	0.0550056579	-0.015257975	0.0386293597	0.1326248692	-0.0215717795	0.0796141382	-0.0183007333	0.0789571124	0.1140300759	-0.0371404964	-0.113900019	-0.0270399254	0.0327591794	0.0048920867	0.0908879127	-0.075168807	-0.0334402315	-0.0088821684	0.0267123169	0.0924671774	0.0138138979	0.0271096912	0.0271513829	0.0237001952	-0.2266807135	-0.1061145438	-0.0297073909	-0.0030496216	0.0173444109	-0.0018382344	-0.0605493067	0.0077907144	-0.0120639242	-0.037359667	0.1272433832	0.1763081269	0.1362014159	0.0945889359	-0.0921313553	0.0116537998	-0.0380431618	0.0875544159	0.0168079391	-0.1856271203	0.0797445348	-0.0408455985	0.0372949167	-0.0784123413	-0.0102300316	0.0065169522	-0.0991035337	0.0286496777	-0.0135914823	0.0240863542	0.1299995642	0.0453830843	0.0603624825	0.0397336431	-0.0983143996	-0.0321460475	-0.1281495066	-0.0877610597	-0.0451683736	-0.0076027739	0.0183321651	-0.1344959087	-0.045596441	0.0192292746	-0.009215345	0.0069592302	-0.0572695248	-0.0405663471	-0.0418905507	-0.0027238194	-0.0222777277	0.0047406889	0.2428437693	0.0243365519	0.0269475166	0.0370924074	-0.0104296119	-0.2036591757	-0.0370578915	0.0746795272	0.1094476816	0.0999743599	-0.0222531842	-0.0737943276	0.1105096845	-0.0327348171	-0.106338961	-0.0874411493	-0.0656925638	0.0356764296	-0.1216362075	0.0003686599	-0.0632239464	0.1141078389	0.0687319042	0.1810855516	-0.0627859628	0.0485318093	-0.1083070752	-0.0963812073	0.0911232565	-0.0067017003	-0.1187713263	0.020020823	0.0730749	0.0240311999999999	0.00533994101001	0.0005774985734399	0.0510436	-0.0653024	0.00426440344576	0.00260544910096	-0.0116876	-0.0277106999999999	0.00013659999376	0.0007678828944899	-0.00066504	0.00041883	1.7541856890000005e-07	4.422782016e-07	-0.00056761	-0.000122183	1.4928685488999998e-08	3.221811121e-07	0.00157105	0.00049736	2.4681981025e-06	2.473669696000001e-07	0.0	0.0	0.0	0.0	0.0	0.0	0.0	0.0	0.0	0.0	0.0	0.0	0.0	0.0	0.0	0.0	0.0	0.0	0.0	0.0	0.0	0.0	0.0	0.0	0.0	0.0	0.0	0.0	0.0	0.0	0.0	0.0	0.0	0.0	0.0	0.0	0.0	0.0	0.0	0.0	0.0	0.0	0.0
328.4310951790779	-1.0988801350751487	1.207537551262777	107866.98428052852	362.4555968169398	-2.3384499613870844	5.468348221911256	131374.05966392404	226.4358662003992	-0.2130254566928044	0.0453798451991779	51273.20150192509	226.05152048133155	337.5867059925309	2.29128	50.665607	0.0846386499999999	0.0463017	0.0222281094	-0.0007912678	0.0738071006	-0.058399762	0.0296499093	0.1511186334	0.0320377391	0.0079978847	-0.0239002736	-0.0688403566	-0.0474738695	-0.0265324597	-0.0635092471	-0.0255715244	0.0270593463	0.0101574223	-0.0973916421	-0.0273172198	0.0448044817	-0.0131386135	0.0243402364	-0.1052770397	-0.0006421614	-0.0681165062	-0.0381734067	-0.0536470759	-0.0006010445	-0.1169719258	-0.0799297017	-0.0497495778	-0.0780365218	0.0598055748	0.1317926518	0.1497012252	0.1031815055	-0.0851850192	-0.1072351544	0.0349891015	0.0873000301	-0.012188407	0.0241011137	0.0409390793	0.010009691	0.1356505954	0.0446155726	0.0037572659	-0.1117290907	0.0771654361	0.0413081565	0.0697906263	-0.083320376	-0.1883735178	-0.0193306209	-0.0767925507	0.0893537985	-0.0738041502	0.0359767747	-0.0203429888	-0.1747382622	-0.0162001596	0.204511862	0.1619335805	-0.0869770054	-0.0409441551	0.2099856897	0.0744775302	-0.0116529102	-0.1162492367	0.0110769509	0.0165848716	-0.0258045364	0.0431329456	0.0992370664	-0.0084388267	0.0546589688	0.0712099279	-0.0337866725	-6.41451e-05	-0.1305456695	-0.0715698159	0.0576532546	-0.0671539662	0.0870728568	0.1364065682	0.1400956792	0.0739028747	0.0658863597	0.1392855204	-0.0701332259	-0.0181067126	0.0144405499	-0.0274149536	0.0452911672	-0.0136702994	-0.1486443647	0.0486297175	-0.0828301713	-0.0569315937	0.0644432049	0.0644622553	0.0627499795	-0.1258206372	0.1504704562	0.001979778	-0.0905095909	0.1243665792	0.0622668612	-8.59835e-05	0.0702578887	0.1573952704	0.0322027703	0.0025382406	-0.2776028991	-0.0461146047	-0.0350201195	0.1846634661	0.0859463957	-0.0744577264	-0.1234312946	0.0390168722	0.0495922364	-0.0543496386	-0.0354190922	-0.0196067947	-0.1216232768	-0.0870509413	0.0740697464	0.0169295981	-0.0676115114	-0.0024061374	-0.118571994	0.0319524068	0.0887957497	-0.0319412816	0.1201298546	0.1869956256	-0.0780462085	-0.0256640628	-0.1739874313	0.0057810896	-0.0539519658	-0.0093776556	-0.1180513362	0.0279020578	0.0642448	-0.0088300999999999	0.00412739432704	7.797066600999989e-05	0.0517253	0.0006817	4.647148900000005e-07	0.00267550666009	0.0280155	0.0397031	0.0007848682402499	0.0015763361496099	-0.000171075	0.000493965	2.44001421225e-07	2.9266655625e-08	-0.00056761	0.0	0.0	3.221811121e-07	0.00135654	-0.00021451	1.8402007716e-06	4.60145401e-08	0.0	0.0	0.0	0.0	0.0	0.0	0.0	0.0	0.0	0.0	0.0	0.0	0.0	0.0	0.0	0.0	0.0	0.0	0.0	0.0	0.0	0.0	1.0	0.0	0.0	0.0	0.0	0.0	0.0	0.0	0.0	0.0	0.0	0.0	0.0	0.0	0.0	0.0	0.0	0.0	0.0	0.0	0.0
327.84974004050395	-0.5813551385739402	0.3379737971463252	107485.452044626	360.6855566511218	-1.7700401658180454	3.1330421886091733	130094.07077672955	226.3233159154524	-0.112550284946792	0.012667566641604	51222.24332696568	225.95138849981416	334.285653218634	1.140736	25.224365	0.044792	0.0286617	0.0437787345	0.0290360577	-0.0137182152	-0.1207849675	0.0721133847	-0.0232028313	0.007100872	-0.1569762359	-0.0458374859	0.0279480964	0.0269250429	0.0248129511	-0.0325422872	0.0332997509	-0.0492925996	-0.0315953246	0.0110604582	-0.0224229975	0.0996963878	0.2520258635	0.0312733752	-0.0675220171	-0.0716503554	0.0479433315	-0.0105294379	-0.0615133589	-0.0668195417	-0.0455782623	-0.0354542152	-0.089722795	-0.0894697396	-0.1017795047	-0.0556508156	0.0842732289	0.0620570139	0.0045676333	-0.0811550826	-0.0648980427	-0.0770881346	0.0997147376	0.0722535946	0.016659414	0.0797507383	-0.0819085463	-0.1525949824	0.1511400958	0.0463739874	-0.0357311266	-0.0220359633	0.0622435067	0.1287256121	0.0630789254	-0.049075166	-0.0391187063	-0.0035966728	-0.0816471725	0.0352151204	-0.1677141617	-0.0135643413	0.018922566	0.15664352	-0.1658597246	0.061422604	0.0516115877	0.0231025092	0.1453793102	0.0320675593	-0.0129413859	0.0285423198	0.0974608864	0.2430969436	0.0611828924	0.0674222025	-0.0506234729	0.0006350362	-0.0615170796	-0.0507196953	-0.0690170357	-0.0712114538	-0.0021157067	0.0739079664	-0.1099864569	-0.0719037716	-0.036452981	0.1134329804	0.0056629056	0.0986303926	0.0448689062	0.0598337695	0.0380691207	0.0765411046	-0.0095202159	0.0370592586	-0.0600929042	0.1340073681	0.1571964747	0.1195331352	0.0542026052	-0.0285802649	-0.0736585474	0.0516446097	-0.0444366331	-0.1268917273	0.0835487949	-0.0130677121	-0.0217699674	-0.0076828297	0.1831440371	0.1266967534	-0.0061206233	-0.1892378316	0.081953153	-0.0881585354	-0.0240903995	0.0493929129	0.007990777	0.0884197953	-0.0320421175	-0.1118494614	-0.0823318317	0.10075277	0.0171659462	0.1001466269	-0.0008848683	0.0064450967	0.0268738159	-0.0394412762	-0.152952474	-0.0126829859	-0.0110807892	-0.0550346681	0.1287154769	0.1741921219	0.0301043402	0.0850174542	-0.0259432827	-0.0404209555	-0.0890100828	-0.0902595948	-0.1087984395	0.0118226772	-0.012048889	-0.1170936064	0.0356568892	0.064065	-0.0001798	0.004104324225	3.232804000000278e-08	0.077003	0.0252777	0.00063896211729	0.005929462009	0.0347729	0.0067574	0.00120915457441	4.566245476000005e-05	-0.000302027	-0.000130952	1.7148426304000005e-08	9.1220308729e-08	-0.00056761	0.0	0.0	3.221811121e-07	0.00147713	0.0001205899999999	2.1819130369e-06	1.4541948099999962e-08	0.0	0.0	0.0	0.0	0.0	0.0	0.0	0.0	0.0	0.0	0.0	0.0	0.0	0.0	0.0	0.0	0.0	0.0	0.0	0.0	0.0	0.0	0.0	0.0	0.0	0.0	0.0	0.0	0.0	0.0	0.0	0.0	0.0	0.0	0.0	0.0	0.0	0.0	0.0	0.0	0.0	0.0	0.0
327.5387634597764	-0.3109765807275266	0.0967064337609839	107281.64156875935	360.5977212048217	-0.0878354463000619	0.007715065626731	130030.71653811033	226.5373911115596	0.2140751961071885	0.0458281895883312	51319.18957163172	226.15336134443967	328.0150410297824	1.199501	26.523802	0.0518035999999999	0.0216193	0.1046153868	0.0225271334	0.0840747333	0.0302676639	-0.0723028622	-0.1048589322	0.0568902871	-0.0084610161	-0.047269386	-0.0539472208	-0.1438041125	0.0348522403	-0.0179563279	-0.1078862359	0.0307295099	0.0285740602	0.1207227366	0.0028276088	-0.0636549831	-0.0229617593	-0.0173656407	-0.0335674393	-0.0162768272	-0.0051858026	-0.1295100023	0.1491452188	0.162546053	0.011832684	-0.0119086869	-0.1128920079	0.0313660902	-0.039421715	0.0380502999	0.0120280869	0.0398360036	0.0768151786	0.061256957	-0.2518364191	-0.1337425914	0.0114099355	0.096568872	0.0083041713	0.0714477341	0.0433158356	-0.0411102227	0.0325773133	0.0424330144	-0.0664764179	-0.0219792707	-0.1894139571	-0.1347193272	-0.0898502961	0.0125879674	0.1338264925	-0.0893689163	-0.0824615142	-0.1998448867	-0.1033187796	0.0091199931	-0.183523187	-0.0844237448	0.060115411	-0.0775945466	0.1330363066	0.0795344575	-0.0606934279	-0.0275573624	0.1288689381	0.014039535	-0.0417535786	-0.0255364347	-0.0066600184	0.0355657661	-0.0065694143	0.1558933164	0.0022028936	0.1390966625	0.1593335677	-0.0202522429	0.0792620228	0.0911140886	-0.0224902301	-0.0445121915	0.0419843449	0.0228644233	0.048537667	-0.0361267701	-0.074241087	0.1822902509	0.2263463167	0.0404378799	-0.0332468778	0.0363351627	-0.0587861431	0.0013861644	0.047763863	0.0618333279	0.0745308571	-0.0405822157	-0.0137309719	-0.17178473	0.0092122915	0.1669397306	-0.0675639808	0.1077200754	-0.0560508348	0.1266488126	0.2022001194	-0.1256068398	0.0002921821	0.1765026902	0.0276413613	0.0377177415	-0.0097886254	0.1078577177	0.1288493998	-0.0445309627	0.0538234728	-0.0183676667	0.1005598923	0.1589423866	-0.0917234195	0.0832637791	0.0706671994	-0.0223447103	-0.1440237	-0.0017591204	0.0489802668	-0.036072919	0.0562968725	-0.0061798664	0.0509202437	0.0801301667	0.0098214747	0.2547235534	0.1075479151	-0.1365947435	0.0491417536	0.0383350223	-0.0120216499	-0.0498306297	-0.0147140554	-0.1159000657	0.043250186	0.0581511	-0.0059139	0.0033815504312099	3.497421321e-05	0.0884323999999999	0.0114293999999998	0.0001306311843599	0.0078202893697599	0.0475343	0.0127614	0.00225950967649	0.00016285332996	-0.00016724	0.000134787	1.8167535369e-08	2.79692176e-08	-0.000465289	0.0001023209999999	1.0469587040999987e-08	2.1649385352100002e-07	0.00128026	-0.0001968699999999	1.6390656676000002e-06	3.8757796899999926e-08	0.0	0.0	0.0	0.0	0.0	0.0	0.0	0.0	0.0	0.0	0.0	0.0	0.0	0.0	0.0	0.0	0.0	0.0	0.0	0.0	0.0	0.0	0.0	0.0	0.0	0.0	0.0	0.0	0.0	0.0	0.0	0.0	0.0	0.0	0.0	0.0	0.0	0.0	0.0	0.0	0.0	0.0	0.0
327.22347887964213	-0.3152845801342891	0.099404366470455	107075.2051300956	360.9836110108651	0.3858898060433944	0.1489109424082085	130309.16741844355	226.55076369718964	0.0133725856300372	0.0001788260464326	51325.24853177986	226.17048308401112	330.13689998069765	1.246784	27.569334	0.0578115499999999	0.0281962	0.1011356574	-0.0547759884	0.116080027	0.0127755186	-0.0396492911	0.043214482	0.1252187666	-0.0290018282	0.05975961	0.0894853109	0.1226575957	0.0943856356	-0.0670595918	-0.082907909	0.0615068314	0.0661750616	-0.0856170263	-0.0199071061	-0.0487612442	0.0165238899	0.0388816855	-0.1400261574	0.0226601632	0.0813528156	-0.1394959157	0.0705918127	-0.0554570025	-0.1339028983	-0.0207865087	0.1250392479	-0.036287196	-0.04368586	0.1556170828	-0.0022964137	0.0241367474	0.0683502176	-0.0304739688	-0.0835415049	-0.0235582414	0.0529626686	0.1316565673	-0.0181029226	0.1351827863	0.0797327412	0.0168873552	-0.0059232292	0.1089571357	0.1085882966	0.0410856604	-0.0208157933	-0.1072086881	0.1126180341	0.2039737565	0.1059703759	0.005696184	0.0323598928	0.005409494	0.016447981	-0.141804851	0.0267527054	-0.0493314469	0.0641370664	-0.0205356761	0.1667399653	-0.0700227123	0.0430548164	-0.0675215466	-0.0740304024	0.0022975962	-0.0735198791	0.0064399191	0.0603743491	0.13484073	0.022534779	0.1097459224	-0.0756505866	0.0937293301	-0.0714389203	-0.1201621651	-0.1011762366	-0.1184304519	0.0107248768	-0.0274002952	0.1424293061	-0.0085812329	0.0377825381	0.0384515181	-0.02950039	0.0375413427	0.0950363339	0.0694655279	-0.057200983	0.0545097717	-0.1469527713	-0.0485325782	0.0644588442	0.0253397262	0.1060546455	0.1157253529	0.0625837558	-0.0212652717	0.1908246065	0.0220822171	-0.1923010765	0.0788351836	0.0100290409	-0.0659118877	-0.0299246828	0.0021886186	0.1338447461	0.0138567951	-0.0366592662	0.0358870834	-0.0523454693	0.1317251028	-0.0348401544	0.0401792924	-0.0501205793	-0.0743164366	0.0826611733	-0.0516703028	-0.0168305086	0.1674253851	-0.0103445936	-0.1346459503	0.0192099584	-0.151414394	-0.147700433	-0.1755790354	0.0232044028	-0.0601397884	-0.0582709591	0.1689266318	0.016338597	0.0878137594	-0.1417132334	0.0156950879	-0.0511470326	-0.1825137625	-0.1106610353	-0.0297092551	-0.0173718128	-0.1144731177	0.0506475487	0.0466036	-0.0115474999999999	0.00217189553296	0.0001333447562499	0.10044	0.0120076000000001	0.00014418245776	0.0100881936	0.0511589	0.0036245999999999	0.00261723304921	1.313772515999999e-05	-0.000493606	-0.0003263659999999	1.0651476595599994e-07	2.43646883236e-07	-0.00056761	-0.0001023209999999	1.0469587040999987e-08	3.221811121e-07	0.00109631	-0.00018395	1.2018956161e-06	3.38376025e-08	0.0	0.0	0.0	0.0	0.0	0.0	0.0	0.0	0.0	0.0	0.0	0.0	0.0	0.0	0.0	0.0	0.0	0.0	0.0	0.0	0.0	0.0	0.0	0.0	0.0	0.0	0.0	0.0	0.0	0.0	0.0	0.0	0.0	0.0	0.0	0.0	0.0	0.0	0.0	0.0	0.0	0.0	0.0
326.2053214172914	-1.0181574623507572	1.0366446181405335	106409.91172095838	357.88525418147145	-3.0983568293936514	9.59981504225028	128081.85516053643	226.0225366354728	-0.5282270617168479	0.2790238287300146	51086.18706713364	225.64468066559493	321.5517709151461	1.615848	35.730202	0.20030765	0.111311	0.1615071966	0.0490607869	-0.0331079947	-0.0165418513	0.1221416482	-0.1105753891	0.1123362929	0.0639582965	0.0388627594	0.0325825359	-0.1790849271	-0.2026754096	0.0419269248	0.0921118117	0.0957965425	-0.0535688273	0.0160204452	-0.1158876043	-0.0486765666	-0.0880217811	-0.2615330099	0.1500390218	0.0020673447	0.3098149926	-0.0279637425	-0.0817252233	-0.0478805848	-0.0268604512	-0.0554888001	0.1212145342	0.0675426932	0.0029565667	0.1088053619	-0.0967201072	0.0071927679	-0.0764770822	0.0517273764	0.0892564191	-0.0950394265	0.0780941075	-0.1294789889	0.0315053285	-0.1588255958	-0.0424005125	-0.0202115185	-0.0743182895	-0.1140215606	0.2322086476	0.0233128601	0.0097934588	-0.1441908661	0.0324745233	-0.0677637432	-0.057437829	0.1260765045	-0.1805410401	-0.098476693	-0.1147909273	0.0422174537	-0.0742363698	0.0794363107	-0.2115421443	-0.0032295473	-0.035615606	-0.0130287686	0.0191052	0.0540694888	0.0078721655	0.1174495379	-0.0363153892	-0.0703191699	-0.2822150779	-0.1087988649	0.0359667966	0.0160752679	-0.3049454272	-0.0593554482	-0.0620433224	0.0132852174	-0.1154552736	-0.053512114	0.0902514586	-0.0095816236	0.0760594028	-0.0958247553	0.05868035	-0.0549275151	0.0378367146	0.1096740422	-0.1433327758	0.0592487934	0.1488977934	-0.0477543943	0.1122935674	0.0231177518	-0.0443561746	-0.0717204654	-0.1324746661	0.2518365234	0.0144947994	0.0126863676	0.046098699	0.0946333772	0.0983793507	-0.0590659761	0.1794412741	0.1005124134	0.22058242	0.0123181678	-0.0838555265	-0.0763235784	0.1173330129	-0.0142728458	0.1125900272	0.0171994177	-0.0335930365	0.0103511306	0.2724056903	-0.0535013713	0.0019235426	-0.0635451273	-0.1055827027	-0.0010764631	-0.110614228	0.0019772242	-0.0059383659	0.0819207674	-0.0116023482	0.1607881833	-0.036597845	0.1123892958	0.3128013147	-0.1863495375	0.2947472596	0.1469298327	0.0546323984	-0.0980207027	0.170016893	-0.0686172094	-0.0862378275	-0.0340977669	-0.020020823	-0.112815636	0.0578154653	0.0524962	0.0058925999999999	0.00275585101444	3.472273475999997e-05	0.126196	0.025756	0.000663371536	0.015925430416	0.144433	0.0932741	0.020860891489	0.00870005773081	-0.000423407	7.019899999999996e-05	4.927899600999994e-09	1.79273487649e-07	-0.00154832	-0.00098071	9.617921041e-07	2.3972948224e-06	0.0015531	0.0004567899999999	2.41211961e-06	2.086571040999999e-07	0.0	0.0	0.0	0.0	0.0	0.0	0.0	0.0	0.0	0.0	0.0	0.0	0.0	0.0	0.0	0.0	0.0	0.0	0.0	0.0	0.0	0.0	0.0	1.0	0.0	0.0	0.0	0.0	0.0	0.0	0.0	0.0	0.0	0.0	0.0	0.0	0.0	0.0	0.0	0.0	0.0	0.0	0.0
326.8042419103934	0.598920493102014	0.3587057570575596	106801.01253062692	358.4743662341329	0.5891120526614486	0.3470530105909854	128503.87124696324	226.15969043833385	0.1371538028610643	0.0188111656392517	51148.205579163	225.7760271678581	320.9630193265175	1.188807	26.287329	0.0637188	0.0355311	0.1622103894	0.049433016	0.0047262834	0.0653446689	0.032047585	-0.1427002831	0.1211608809	0.2490950021	-0.030276224	-0.0581648364	-0.1268728041	-0.1981839206	-0.0206899228	-0.0060449741	0.2170948655	-0.0201291267	0.01384412	-0.1460343117	-0.1026864762	-0.2045066451	-0.1613311799	-0.0116831054	-0.1147573294	0.0934039167	0.0735293593	-0.0859176744	0.0159311896	0.1740509509	0.0483912595	-0.0088002627	-0.040515618	0.0733142627	-0.1485311795	0.0481570263	-0.0049825782	-0.0369997753	-0.0956286056	-0.0652158824	-0.0720505161	0.041033011	-0.0369967243	0.0270450826	-0.010508661	-0.0043890818	0.2157916259	-0.0902010779	0.1349448769	0.0059508398	-0.0050648728	-0.0570705775	-0.0291281792	0.1008391409	-0.0467205	-0.1167132758	-0.1046161151	-0.1348329622	0.0804571775	0.0111749079	-0.1418604501	-0.0499002883	-0.0588632126	-0.1123399445	-0.0140597217	-0.0067708696	0.0763495289	-0.0213400264	0.0215125324	0.0080966814	0.144532708	-0.0959861015	-0.1941880526	-0.1731297554	0.0294389433	-0.1085697574	-0.053363881	-0.0937226724	-0.0967521649	0.0101086238	0.1592142367	0.0809093591	0.0033940607	-0.032325048	0.0748856317	-0.1567521242	0.0429997794	-0.0638988616	0.0522523313	0.0706487946	0.088768326	0.0411536478	0.0514832562	0.0400083255	0.0456224655	-0.0398368679	-0.0574496803	-0.1765100482	-0.106608532	0.103671076	0.0313691813	0.045904024	-0.0371933857	0.1408597035	-0.0685092942	0.0581549518	-0.0828931712	-0.0718589672	0.1327252241	0.0135845971	0.1361923534	0.1175797013	-0.0078775263	0.1210891354	0.070481049	0.0573891345	-0.0307534743	0.0480072231	-0.0023119602	0.2772928684	0.0076541026	0.0909415398	-0.1103308044	-0.0718428814	-0.1431462955	-0.1743940278	0.0803738606	0.0281059851	0.1375324523	0.1431415866	0.0902885166	-0.0233755881	-0.0203314379	0.0839041392	-0.0516947028	0.1459880886	-0.1122134688	0.0327933884	-0.0994334439	0.1721429915	-0.0920503048	0.0421435139	-0.1651090549	-0.0226597522	-0.1109309587	0.0647214634	0.0648877	0.0123915	0.00421041361129	0.00015354927225	0.0946936	-0.0315024	0.00099240120576	0.00896687788096	0.138441	-0.0059919999999999	0.019165910481	3.590406399999997e-05	-0.000334499	8.890800000000001e-05	7.904632464000002e-09	1.11889581001e-07	-0.0016601	-0.00011178	1.2494768400000027e-08	2.7559320100000004e-06	0.00147713	-7.597000000000007e-05	2.1819130369e-06	5.7714409000000115e-09	0.0	0.0	0.0	0.0	0.0	0.0	0.0	0.0	0.0	0.0	0.0	0.0	0.0	0.0	0.0	0.0	0.0	0.0	0.0	0.0	0.0	0.0	0.0	0.0	0.0	0.0	0.0	0.0	0.0	0.0	0.0	0.0	0.0	0.0	0.0	0.0	0.0	0.0	0.0	0.0	0.0	0.0	0.0
327.48429973874806	0.680057828354677	0.4624786499064793	107245.9665753782	359.76408197671776	1.2897157425848604	1.663366696671218	129430.1946805505	226.232612153424	0.072921715090132	0.0053175765316863	51181.194801761565	225.86818010618697	326.8238331433708	1.252674	27.699564	0.1019147	0.0522709	0.112508419	0.0567112645	-0.0259584591	-0.0772554452	0.0608181902	-0.0674916973	0.0257658007	0.0625596147	-0.0383253408	-0.0418272186	-0.0544981785	-0.04036743	-0.0058978439	0.1542869941	-0.0262827933	-0.0405869488	0.0550002736	-0.0627906027	0.0641650887	-0.0503167385	-0.1245105048	0.0520164586	-0.0108406779	-0.0721504232	0.0930382871	0.0882999086	-0.2107749384	-0.0761074905	0.0820678419	0.0316447343	0.0082255236	-0.1088997468	-0.1415640851	-0.121028425	0.2077722144	-0.0410315667	-0.0562224761	0.004277053	0.0391617047	-0.0434766639	0.1407310662	-0.1287034341	-0.010063926	0.0407228812	0.0520541325	-0.0484713689	0.0346170201	-0.1292610536	-0.0067807561	0.0445389127	-0.0087860642	0.041280111	0.0696820925	-0.0355707366	0.0295359673	0.0761471226	0.0755212486	0.1018291216	0.0680173169	0.0543458344	-0.1726750596	-0.1176445578	0.0580720473	0.1148066944	-0.1041135634	0.0303238647	0.0416853273	0.031130238	0.0750829755	0.0815373541	-0.0256381908	-0.1400966887	-0.0380551052	-0.007937644	-0.1171782604	0.0765473561	0.0938899155	-0.1720876836	-0.0864085058	0.0532239399	-0.0781349822	0.0073330838	-0.1405068869	-0.171850316	-0.0611041117	0.1716640894	0.0600142371	0.0910128824	-0.0124939987	0.0310072018	-0.0106905203	-0.1981321502	-0.1020651192	-0.0548926672	-0.0589741232	-0.0416190329	-0.0034607541	0.026063127	-0.1253124054	0.055000089	0.0305467391	0.0603182222	-0.030036434	-0.0138657834	-0.0455432491	0.020238588	-0.0745445492	-0.109166669	-0.0080489514	-0.0609526396	-0.0724180323	0.0220398734	0.2454553902	-0.0560555371	0.0983026254	-0.0986750455	0.0117464962	0.192948697	-0.0147870424	-0.04741685	-0.077480385	-0.0201240623	-0.04227616	0.0654838283	0.0758210368	0.0081626676	-0.0761205656	-0.0194067378	-0.0026530816	-0.0341100125	-0.0570753279	0.0930238777	0.0579898414	-0.0421830454	0.0260336351	-0.1860306177	0.0065153662	-0.0274169497	0.0158407891	-0.0299011342	0.0784273791	-0.0252872714	-0.1088228812	0.0713342571	0.064304	-0.0005837	0.004135004416	3.407056900000076e-07	0.125378	0.0306843999999999	0.0009415324033599	0.0157196428839999	0.113299	-0.025142	0.0128366634009999	0.000632120164	-0.000975781	-0.000641282	4.11242603524e-07	9.52148559961e-07	-0.00149482	0.00016528	2.7317478400000026e-08	2.2344868324e-06	0.0013736	-0.0001035299999999	1.88677696e-06	1.071846089999998e-08	0.0	0.0	0.0	0.0	0.0	0.0	0.0	0.0	0.0	0.0	0.0	0.0	0.0	0.0	0.0	0.0	0.0	0.0	0.0	0.0	0.0	0.0	0.0	0.0	0.0	0.0	0.0	0.0	0.0	0.0	0.0	0.0	0.0	0.0	0.0	0.0	0.0	0.0	0.0	0.0	0.0	0.0	0.0
326.76901401907617	-0.7152857196718969	0.5116336607665435	106777.9885229992	358.83021971939394	-0.933862257323824	0.872098715653948	128759.12658386854	225.8431181981559	-0.3894939552680796	0.1517055411903728	51005.11403746622	225.46523208291123	326.9641783575505	1.078476	23.847656	0.0660296	0.0317635	0.1156702093	0.0848952328	0.0244696566	0.004827069	-0.0359868328	-0.1634456662	0.0409435386	0.0718942803	-0.0965692349	-0.1017291242	-0.0103040718	-0.2362218036	0.013429959	0.0239163688	-0.0962775293	-0.1006003176	0.1508394962	-0.0856944807	-0.1341603432	-0.0712606625	-0.1317903553	0.0589483739	0.0011852007	0.0810163787	0.0530042453	0.1548490005	0.0255617282	-0.0467850181	-0.068262057	-0.2601386809	0.0026293627	-0.0202049552	-0.1484085931	-0.0028134845	0.0257167085	-0.1116739396	0.0715445271	0.0944353564	-0.0697857552	-0.050665961	-0.0448363281	0.0096520947	-0.0034075542	-0.0320554148	0.0975341275	-0.0724738556	-0.0648957556	-0.0049132129	0.0583126342	0.003269813	-0.0308755225	0.0496721907	-0.0474892331	0.103515441	0.0509117111	0.18092504	-0.0278159312	0.0132401514	0.0194895088	-0.0376912934	0.1626246886	0.0779615496	0.0981346773	-0.0948917654	-0.0566871581	-0.0723716741	0.1013006784	0.1520458685	0.1069273329	-0.0990062577	-0.0690959668	-0.1389335267	-0.0367294132	0.0181829151	-0.0661853023	-0.0668439322	0.153295	0.0556882673	-0.0519016646	0.0786321499	0.2395147569	-0.0889592856	-0.0238620521	-0.1224074025	0.0154202534	0.0232014893	-0.1329260796	0.0633204716	0.0421749102	-0.1255512352	-0.0656538276	0.0131244001	0.0039839457	-0.0066944437	0.0075555475	-0.0935163372	-0.0793871693	-0.0721384345	0.0074596163	0.0678126695	-0.0175705165	0.0315664756	-0.0141888413	0.042936083	0.1074501241	-0.0115745021	-0.1637718559	-0.0306931794	-0.0970805127	-0.019569269	0.0171459914	0.0371954715	-0.164447181	-0.0548532744	-0.103433532	-0.0826721371	-0.0629746315	0.2575795198	0.06155979	0.0397411728	-0.0062635384	-0.0153341905	0.0164215062	-0.0199804995	0.0496905188	-0.0049796363	0.1031732067	0.0435938226	0.0579534543	0.05684136	-0.1348364321	-0.0301719282	-0.0926294011	0.0119430992	0.0177901819	0.0221996416	-0.0551221328	-0.032768013	-0.0509533069	-0.0713856893	-0.1237010219	-0.0279020578	-0.1064956489	0.0776238888	0.0706062	0.0063021999999999	0.0049852354784399	3.971772483999992e-05	0.112077	-0.0133009999999999	0.0001769166009999	0.012561253929	0.125801	0.012502	0.0158258916009999	0.000156300004	-0.000527973	0.0004478079999999	2.0053200486400002e-07	2.7875548872900005e-07	-0.00129071	0.0002041099999999	4.166089209999999e-08	1.6659323041000002e-06	0.00140017	2.6570000000000062e-05	1.9604760289e-06	7.059649000000034e-10	0.0	0.0	0.0	0.0	0.0	0.0	0.0	0.0	0.0	0.0	0.0	0.0	0.0	0.0	0.0	0.0	0.0	0.0	0.0	0.0	0.0	0.0	0.0	0.0	0.0	0.0	0.0	0.0	0.0	0.0	0.0	0.0	0.0	0.0	0.0	0.0	0.0	0.0	0.0	0.0	0.0	0.0	0.0
326.2683307650235	-0.5006832540526602	0.2506837208887607	106451.02366019478	358.1614123222812	-0.6688073971127437	0.4473033344327233	128279.59727669111	225.58667441058884	-0.2564437875670649	0.0657634161817418	50889.34767162902	225.21143041121329	322.9164334289593	0.983032	21.73716	0.0557429999999999	0.0287758	0.1496671244	0.0336621577	0.0170947983	0.0742191386	-0.0382125698	-0.1016009549	0.1292707123	0.1500926447	-0.05734379	-0.1009653853	-0.0253369691	-0.0754216867	0.0289606182	0.1882328844	-0.1084192604	-0.1445643688	0.0030452373	-0.1108932624	-0.1555053144	-0.1363922882	0.0071724159	-0.0256841707	-0.114738984	0.0452331521	-0.108966181	0.1867643974	-0.0048557398	0.0591699104	0.0783943319	0.2249807151	-0.0005823925	0.0968706331	-0.074867807	0.0223813593	-0.0933595427	0.0279024584	-0.147877713	0.0002977114	-0.1044574315	0.00287809	-0.1507533472	-0.0339211982	0.0276660821	0.1513436642	-0.0539919804	0.044861004	0.0742951618	0.050787282	-0.0264659091	-0.0405119213	0.0750553789	-0.0624313343	0.0151529034	-0.1205587998	0.0317369546	0.0680122095	-0.0425568879	0.0062734291	0.0495779184	0.1810562427	-0.0377454201	0.0349973053	0.1506016535	0.0373984795	-0.0464753198	0.040936308	0.1436147203	0.0192179208	0.1040744689	-0.1572837016	-0.1344354779	-0.0078383075	0.020797692	-0.1135058421	0.0727032387	-0.0587259973	0.1853055964	-0.0129688522	0.0743430661	-0.0261905206	-0.2228269129	0.0602866059	0.0872121689	-0.0924699633	-0.0076297358	-0.140619228	0.1273946543	-0.0206604655	0.1043857365	-0.0576065974	-0.0007839814	0.1326574839	-0.0398880963	-0.0298865357	-0.1456578203	0.0231994375	0.0545899778	0.115433899	0.0204845879	-0.0861475298	-0.0142699788	-0.1119480387	0.0008805299	-0.0043985092	-0.1121673113	-0.0107993886	-0.0630656819	-0.045797085	-0.0560313611	-0.0216283395	-0.1024748516	-0.1398743502	0.0330550574	-0.1277526083	-0.0357203773	-0.0894140905	0.0216603137	0.182291375	0.0311986625	0.1055047646	-0.0725830869	-0.071389241	-0.0221045138	-0.0356816871	0.0595327988	0.0567244161	-0.0541550222	0.0496947868	-0.0745717558	-0.0429048653	-0.0916564293	0.0472044377	-0.0591889889	-0.0700636816	0.0562169259	-0.0652399221	0.1081594925	-0.1392882829	0.0488012614	-0.1365713286	0.037412231	-0.0305027946	-0.1039539485	0.0835618648	0.0595501	-0.0110560999999999	0.00354621441001	0.0001222373472099	0.123054	0.010977	0.000120494529	0.015142286916	0.119378	-0.0064229999999999	0.014251106884	4.1254928999999976e-05	-0.000975781	-0.0004478079999999	2.0053200486400002e-07	9.52148559961e-07	-0.00126974	2.096999999999993e-05	4.39740899999997e-10	1.6122396676000002e-06	0.00147713	7.695999999999983e-05	2.1819130369e-06	5.922841599999974e-09	0.0	0.0	0.0	0.0	0.0	0.0	0.0	0.0	0.0	0.0	0.0	0.0	0.0	0.0	0.0	0.0	0.0	0.0	0.0	0.0	0.0	0.0	0.0	0.0	0.0	0.0	0.0	0.0	0.0	0.0	0.0	0.0	0.0	0.0	0.0	0.0	0.0	0.0	0.0	0.0	0.0	0.0	0.0
328.08970863896644	1.821377873942936	3.317417359688889	107642.85691480189	359.2925315626516	1.131119240370424	1.279430735936165	129091.12323669902	226.03090231624063	0.4442279056517861	0.1973384321597722	51089.96880189391	225.6279905778239	339.2204005760627	1.567256	34.655731	0.0958068499999999	0.0461144	0.0701758685	0.0366156948	-0.0972079875	0.0107222669	0.1212870669	-0.0019931794	0.0459172709	0.2139124041	-0.0532061468	-0.2038794833	0.1250014473	-0.0535920174	0.0840927923	0.0037936407	-0.1236451746	-0.0934697566	-0.0499995029	-0.065860178	0.0084165258	-0.2279670277	0.1120564579	-0.0169617596	0.063920929	-0.0805703095	0.0461360357	0.0544567887	-0.0891856981	0.1169602301	-0.0971627115	-0.0257865893	0.0653272515	0.04214479	-0.0228400768	-0.0926782084	0.042118192	0.1210539709	-0.1816798982	-0.0012310733	-0.0351377022	0.1212127048	-0.0644007604	-0.0474199463	0.0152098952	-0.0076500509	-0.0140963673	0.0837729417	-0.0248137796	-0.0018444823	0.0192598263	0.0259999556	-0.0210653984	-0.0421253535	0.0614059365	0.1353807216	0.0612967045	-0.0106730341	-0.0670660555	0.0762344379	-0.0124531861	-0.0921605262	0.0147101345	0.1363152981	-0.0522990903	-0.0427631903	0.0270042078	-0.0914459394	0.0943001643	-0.0656240483	0.0522219723	-0.0097995452	-0.2325148638	0.1010375982	0.0013912577	0.0445168759	-0.0718383364	0.0853623972	0.0721787852	-0.0748733377	0.1347918472	-0.0338326097	0.0953521589	0.0247630303	0.0154158667	-0.0344862078	-0.1176420677	-0.0020202004	0.2084475026	-0.05002177	0.0137190608	0.0045188371	0.1286545512	0.0536432162	-0.0320019451	-0.0627090394	0.0283594017	0.0341428616	-0.0096889559	0.0012639839	-0.0263122752	0.0209505011	0.0149360389	-0.0279798725	0.0521815214	-0.1228599097	0.1065476131	0.0793960133	0.0255211613	-0.0289517999	-0.0924838732	0.0293126954	0.1271206646	0.0045090903	-0.0905372048	0.016388866	-0.0115991942	0.0523146226	-0.1397991627	0.1005078335	-0.0275033336	-0.0015601772	-0.1712900126	0.022346592	-0.1742962726	-0.0410246532	0.1119238177	0.0360476526	-0.0702455937	0.0687253204	0.005189544	-0.0391714929	0.0651986663	-0.0775418038	0.0059399264	-0.1142724826	-0.0086954419	0.0215608576	-0.1320866002	0.0258628238	0.0161567075	-0.0406904004	0.137900077	-0.0330881723	-0.1012028987	0.0891212848	0.0706902	0.0111400999999999	0.0049971043760399	0.0001241018280099	0.124802	0.0017479999999999	3.0555039999999982e-06	0.0155755392039999	0.0812332	-0.0381447999999999	0.00659883278224	0.0014550257670399	-0.00125236	-0.000276579	7.649594324100005e-08	1.5684055696000003e-06	-0.0016601	-0.0003903599999999	1.5238092959999997e-07	2.7559320100000004e-06	0.00170567	0.00022854	2.9093101489000003e-06	5.223053160000008e-08	0.0	0.0	0.0	0.0	0.0	0.0	0.0	0.0	0.0	0.0	0.0	0.0	0.0	0.0	0.0	0.0	0.0	0.0	0.0	0.0	0.0	0.0	0.0	0.0	1.0	0.0	0.0	0.0	0.0	0.0	0.0	0.0	0.0	0.0	0.0	0.0	0.0	0.0	0.0	0.0	0.0	0.0	0.0
329.0817845951391	0.9920759561726412	0.9842147028158604	108294.82095232152	360.3769339119828	1.0844023493311852	1.1759284552349938	129871.53449580162	226.4682820551305	0.4373797388898595	0.1913010359913616	51287.88277700214	226.07647824915216	340.9659429400894	1.661558	36.740959	0.0733625	0.0329318	-0.0063196436	0.1928760571	-0.0790711487	-0.0974406082	0.1378374806	-0.0652139525	-0.1074306557	0.1412781209	0.0040668941	-0.0088040418	-0.0187024091	-0.170640553	-0.1065322673	-0.0222395487	0.04721857	-0.0304551709	0.0138383495	-0.0103900306	0.1581000913	-0.1341542044	-0.1152133366	0.1308694221	0.0556303714	-0.0854831664	-0.1232207338	-0.1386355899	-0.1228955712	0.0911558062	-0.104421076	-0.3187420286	-0.0939235846	0.0164594758	0.0233269161	-0.0053989024	-0.0018571111	0.0678635	-0.0739187923	0.0557593104	0.1161729519	-0.015050118	-0.0773708442	0.0166095047	0.050208309	0.0037268987	0.0653031828	0.1048141842	-0.1162184565	-0.0405714771	-0.0448233761	0.0864724941	-0.0765634888	0.0420326139	-0.117851245	-0.0245228242	-0.0215511649	0.0084186188	0.080311062	-0.0817490177	0.0744560595	0.0287066773	-0.0806896797	0.0015541372	0.0242394904	0.052262611	0.0320969128	-0.06567963	0.0328311312	-0.0163867761	0.0097150325	0.1697755964	-0.1294798858	-0.1366069017	-0.1097332962	0.0446333036	0.10715862	0.0873024494	-0.0798593998	-0.1649901954	0.0746408094	0.0621295543	0.3071899465	-0.1658995336	0.0529892105	0.0590204284	0.0051469275	-0.0048763748	0.0789140329	-0.024028829	-0.1345220017	-0.0219643703	-0.0462718106	0.0398763895	0.0282254937	-0.053878326	-0.0036638989	0.0709296725	-0.143585379	-0.0678032441	-0.0606169147	0.0025860635	0.0797192943	0.0148417379	0.0317122011	0.1582229969	0.0194487597	-0.0174372759	-0.0231121115	0.0366867723	0.0676018746	-0.0375556196	-0.0172652064	-0.0638979453	0.0933752502	-0.0420938649	0.0475162505	0.0563964998	-0.1291090144	0.1700716654	0.008311869	-0.1198870225	-0.0575750137	-0.0082169462	-0.0695518545	0.0200212532	-0.0742748518	-0.098338678	0.1518108911	0.0550293133	0.0599807612	-0.0245844563	-0.0843407532	0.0505177252	0.1229152816	-0.0584350182	-0.0353069562	-0.0751649042	0.040902124	-0.0128764633	0.0229077811	-0.0335562795	0.0781352227	-0.0356568892	-0.0982480398	0.094276963	0.074786	0.0040958	0.005592945796	1.6775577640000087e-05	0.115537	-0.0092649999999999	8.584022499999992e-05	0.013348798369	0.103883	0.0226497999999999	0.010791677689	0.0005130134400399	-0.0008680219999999	0.0003843380000001	1.4771569824407692e-07	7.534621924838264e-07	-0.00152594	0.00013416	1.7998905600000037e-08	2.3284928836e-06	0.00147713	-0.00022854	2.1819130369e-06	5.223053160000008e-08	0.0	0.0	0.0	0.0	0.0	0.0	0.0	0.0	0.0	0.0	0.0	0.0	0.0	0.0	0.0	0.0	0.0	0.0	0.0	0.0	0.0	0.0	0.0	0.0	0.0	1.0	0.0	0.0	0.0	0.0	0.0	0.0	0.0	0.0	0.0	0.0	0.0	0.0	0.0	0.0	0.0	0.0	0.0
328.8040595628236	-0.277725032315459	0.0771311935746227	108112.10958499288	361.4837658670925	1.1068319551096693	1.225076976851893	130670.51298545492	226.8570378652952	0.3887558101647244	0.1511310799368312	51464.11562901599	226.46458002430344	347.0958118965317	1.291522	28.558584	0.0530151	0.0270502	-0.0287457804	0.169340888	0.0218152462	0.0406738419	-0.0481750167	-0.1519068499	-0.0647629163	0.0416188749	0.0459834268	0.0087146117	0.0535109273	-0.1287995206	0.1405704854	0.0170938624	0.0496850102	0.0969469677	0.1535398208	0.0234470932	-0.0363769299	-0.0628526459	-0.0999557177	0.1215479547	0.0386218087	0.0247311242	0.1156160496	0.041224741	-0.0857555535	0.1005848129	-0.1387818414	-0.0277992259	-0.0019124544	0.1271831633	0.1472084229	0.0891046296	0.2290442928	0.0572538283	-0.0283006671	-0.0919901318	0.0921269365	-0.2060015469	-0.0160840292	0.0765594418	-0.0452272486	0.1120689616	-0.1164164882	0.118234353	-0.0266842625	-0.0369663297	-0.0683837149	-0.1391139268	0.0472286013	-0.0929403729	-0.0788034424	-0.104962543	-0.0418549636	0.0720075566	0.1042182113	0.0998226819	-0.0082763796	-0.060152268	-0.1065318392	-0.0239351797	0.0474030179	-0.0577151752	0.0556379612	-0.014670166	-0.0955435662	0.1642896582	-0.0005039024	0.0015072238	-0.0578180757	-0.1210223771	-0.1001393934	0.0371799591	-0.1507576317	-0.0040392209	0.0649957213	-0.0482038276	0.1222067508	-0.0884127805	0.0974407795	-0.0109812677	0.1393608247	0.1279225864	0.0849311031	0.2149657958	0.1315107617	0.0103973182	-0.0247735615	0.107348958	-0.1771021866	-0.0365923852	0.0102011369	0.1306237926	-0.0758724075	0.1321411782	0.0215019211	0.0556592359	-0.0298821755	-0.1112601107	-0.1271424064	-0.1084298188	0.053534534	0.0706417826	-0.0969072701	-0.069039146	-0.0164497498	-0.1295973382	0.0230742751	0.0165586735	0.0666021102	0.0692897669	0.1012939331	-0.0221990752	-0.0888425157	0.0508298553	-0.0276182365	0.1569366604	0.1267921118	0.0035010244	-0.0185660115	0.0604842912	-0.050945733	-0.0624096128	0.0397656231	0.0770065506	0.0889805104	-0.0928053135	0.1023271498	0.1054212822	0.0478527315	-0.1711934303	0.0228337375	-0.0152939924	0.0271773072	-0.1254122046	-0.0852211211	0.050082072	-0.0255355596	-0.0429453415	-0.0288473489	-0.0382076517	-0.0950953223	0.0990055431	0.0706696	-0.0041164	0.00499419236416	1.694474896000005e-05	0.135764	0.0202269999999999	0.0004091315289999	0.018431863696	0.0946177	-0.0092653	0.00895250915329	8.584578409000007e-05	-0.00112105	-0.000253028	6.402316878405057e-08	1.2567531024999998e-06	-0.00155178	-2.5840000000000064e-05	6.677056000000032e-10	2.4080211684e-06	0.00158639	0.00010926	2.5166332321e-06	1.1937747600000028e-08	0.0	0.0	0.0	0.0	0.0	0.0	0.0	0.0	0.0	0.0	0.0	0.0	0.0	0.0	0.0	0.0	0.0	0.0	0.0	0.0	0.0	0.0	0.0	0.0	0.0	0.0	0.0	0.0	0.0	0.0	0.0	0.0	0.0	0.0	0.0	0.0	0.0	0.0	0.0	0.0	0.0	0.0	0.0
329.3049591597171	0.5008995968934755	0.2509004061680462	108441.75612718296	363.15537237769007	1.6716065105975986	2.79426832627228	131881.82448677873	226.9002071151213	0.0431692498260929	0.0018635841305476	51483.70398888495	226.52401596274905	358.6341601629708	1.520139	33.613853	0.0724974999999999	0.0355287	-0.0439768696	0.0426943233	0.038116437	0.0999288194	-0.0688405918	0.0436800053	-0.013584397	0.1201397664	0.0628986141	0.0870279177	-0.096777161	0.0242252894	-0.0775722786	0.1107740233	-0.0624113718	0.1405256651	-0.0099325934	-0.0619041411	-0.075890249	-0.1128754087	-0.0227734	0.0271856547	0.0398184865	-0.0893476976	0.0078297584	0.0599682226	-0.0184327462	0.0228951237	0.0774367753	0.0067145664	-0.1688586412	-0.0973037998	-0.0286200877	0.0680871622	-0.0546242319	0.0882137474	0.0720958825	-0.0007285181	-0.0887401606	0.0587116115	0.038746425	-0.0704468232	0.0399484441	0.0395118519	-0.1890668931	0.035365696	0.028999297	-0.0239157736	-0.0587522509	0.0465675012	0.106466345	0.0599048292	0.0963029941	-0.1138205642	-0.0999173685	0.1191411905	-0.0701276398	-0.1349840187	0.0036999829	0.088996648	-0.0720172771	-0.0778106406	0.042106577	0.0538051267	0.1136822887	0.0100963555	-0.1402721622	-0.0060363652	0.0558860406	-0.0734214854	-0.1072283623	-0.043482289	-0.0305411707	0.0350308104	-0.0084177912	0.0994608994	0.0319846964	-0.0249201878	-0.0008556836	0.0604170592	-0.105385803	-0.1632755742	-0.0630940529	-0.0163774878	0.088821384	-0.0727049662	-0.0164802342	-0.1046716081	0.0885355711	-0.0047131863	0.0335294198	-0.0059292241	-0.085020383	-0.0101766536	0.0077181358	0.1531302941	0.1480775488	-0.0011119598	-0.0369210396	-0.0727076531	0.0544047658	0.0332095508	-0.0943623909	-0.0313471188	-0.1089709439	-0.1358385999	-0.1141662722	0.1188871754	-0.0463279542	0.0084866734	-0.1027952073	-0.0642503282	0.0877601816	-0.0376389025	-0.0065458742	0.099692115	0.0220145966	0.0110493544	0.0799837042	0.0653830272	-0.0618771388	-0.0063970366	-0.1455353167	0.0111334115	0.0080268911	0.0051154116	-0.052697493	0.0245248364	-0.0321160423	-0.0659158263	-0.0595391844	-0.1040451492	0.0047756325	0.1071853893	-0.0562335143	-0.1198507912	0.1205351022	0.0204085735	0.0478469104	-0.0416745336	0.0977944685	-0.0407391756	-0.0917510955	0.1032856033	0.0664209	-0.0042486999999999	0.00441173595681	1.805145168999995e-05	0.119021	-0.0167429999999999	0.0002803280489999	0.014165998441	0.0645444	-0.0300732999999999	0.00416597957136	0.0009044033728899	-0.00138105	-0.00026	6.760000000000001e-08	1.9072991025e-06	-0.00149239	5.9390000000000094e-05	3.527172100000011e-09	2.2272279120999995e-06	0.00147713	-0.00010926	2.1819130369e-06	1.1937747600000028e-08	0.0	0.0	0.0	0.0	0.0	0.0	0.0	0.0	0.0	0.0	0.0	0.0	0.0	0.0	0.0	0.0	0.0	0.0	0.0	0.0	0.0	0.0	0.0	0.0	0.0	0.0	1.0	0.0	0.0	0.0	0.0	0.0	0.0	0.0	0.0	0.0	0.0	0.0	0.0	0.0	0.0	0.0	0.0
329.3373314090361	0.0323722493189961	0.0010479625259712	108463.07785962528	363.0346213807996	-0.1207509968904787	0.0145808032500444	131794.13632110052	226.59818274444183	-0.3020243706794758	0.0912187204843334	51346.73642308346	226.2251140830419	356.95033773574863	1.182543	26.148804	0.0406453	0.0225018	-0.0507769931	0.1046670183	-0.0327864277	-0.0693000101	0.0772064869	0.062046506	-0.0718641352	0.089958482	0.0566683275	0.0504710301	0.0315341218	-0.1767939451	0.0845815172	0.0987320169	0.0339807805	0.0414784054	-0.0335609801	-0.0764351212	0.0626887697	-0.1947131894	-0.0148182029	0.1458310635	0.1740113326	-0.0325912277	0.0453348562	0.0206329969	-0.0957792706	0.1784991157	0.0337526341	0.0237372443	-0.1017145439	0.0054956764	0.1110099301	-0.0026894729	-0.0088509052	0.1127478764	0.134472136	0.1408236538	0.0280450763	0.0775464675	0.1236776171	-0.0305831936	0.1357436243	0.0538514638	-5.24639e-05	0.0109562423	-0.0113130238	0.0341685719	-0.0372089518	-0.0149511214	0.1642460937	0.0414718577	-0.1755565609	0.1611200321	0.0255880616	0.0542888115	-0.0345199333	-0.0469813767	-0.0506354203	-0.0315760122	0.0800509989	0.0199800096	-0.056693078	0.032840076	-0.0979958129	0.1458988684	-0.0424922152	-0.0579961325	0.0686474048	0.0609879434	-0.1864667954	-0.0562913937	-0.1464139176	0.1538678392	-0.0702099825	0.0596641127	0.0065349853	-0.0950592654	0.1677436202	0.0289735259	-0.0961162971	-0.0963040126	0.0201377946	0.1104299232	0.0413641545	0.0593543384	-0.1188069535	-0.1699366107	-0.0540924512	-0.0836713369	0.0899274818	-0.1194362527	0.0212648796	-0.1282720172	-0.029428635	0.0709044891	0.0088177831	-0.0097835351	0.0338190199	-0.0976894996	-0.0022692302	-0.0906274797	-0.1290223237	0.1137040867	0.185946562	0.0037960287	-0.0467889637	0.0250178752	-0.0342786535	0.0510835879	0.0598450506	-0.006651246	-0.0833515182	0.014397299	0.0773394441	-0.0764178974	0.188981502	0.0789193418	0.0244826259	-0.0691377408	-0.1478128529	0.0544004081	-0.1545553526	-0.046739599	-0.0623293174	0.0395916549	0.0765410363	-0.0315014797	0.0825357057	0.0077887276	0.0170203562	-0.1480771484	-0.0131556624	-0.0920983854	0.0602824863	0.0411282079	0.0229472197	-0.0120469955	0.1366728708	-0.023330309	-0.0059579741	-0.043250186	-0.0882220943	0.1070977539	0.074524	0.0081031	0.005553826576	6.566022961000003e-05	0.118872	-0.0001489999999999	2.220099999999892e-08	0.014130552384	0.0827316	0.0181872	0.00684451763856	0.00033077424384	-0.00138105	0.0	0.0	1.9072991025e-06	-0.0016601	-0.00016771	2.8126644100000058e-08	2.7559320100000004e-06	0.00159354	0.00011641	2.5393697316e-06	1.355128810000004e-08	0.0	0.0	0.0	0.0	0.0	0.0	0.0	0.0	0.0	0.0	0.0	0.0	0.0	0.0	0.0	0.0	0.0	0.0	0.0	0.0	0.0	0.0	0.0	0.0	0.0	0.0	0.0	0.0	0.0	0.0	0.0	0.0	0.0	0.0	0.0	0.0	0.0	0.0	0.0	0.0	0.0	0.0	0.0
329.4135105722548	0.0761791632186827	0.0058032649086987	108513.260947537	362.60767822649655	-0.4269431543030464	0.1822804570062349	131484.32830881045	226.33642262164955	-0.2617601227922819	0.0685183618842305	51228.17620516595	225.9678058706028	360.878451067318	1.268121	28.041149	0.0566829	0.0264951	-0.0540926123	0.0941368705	-0.0567412367	0.0221239266	-0.0035952174	-0.0758204425	-0.0715769226	-0.0145405388	-0.0153690396	0.029999434	-0.0517550467	-0.039566358	0.0273192249	0.0330874967	-0.1774166216	-0.0377668804	0.0976287958	-0.0162202896	0.0111695301	0.0189577887	-0.0081470924	0.039206422	-0.0013084862	-0.1262788924	0.2049337631	-0.0232016146	-0.068139049	0.0927319396	-0.0164588412	0.213013936	0.0670285719	-0.0098601303	0.144646782	0.1374382517	0.0200703472	-0.091993549	-0.0209568213	-0.0910850222	0.0889480436	0.1129259316	0.119331507	0.078605686	0.0592253584	-0.0071383494	0.0335370478	-0.0592050049	-0.0648020966	-0.0030459112	0.1436339546	0.0995033429	-0.1411340553	0.0481410489	-0.0770526389	0.0699388191	-0.215501212	-0.0076173336	-0.039682144	-0.1991234244	0.0316813535	0.1703759555	0.0485969571	0.0303582469	0.0398312034	0.0189817252	-0.0128031728	-0.0650635014	0.0372020416	0.0914854701	0.0327127636	0.0229641341	0.0270797875	-0.011829914	-0.0408544583	-0.02789063	-0.1902966269	0.1518293645	-0.039027394	-0.007482379	0.1143821915	-0.095068662	-0.1421206306	0.1461880967	-0.018513227	0.1430758361	0.1348298941	0.0078928652	-0.0116739168	0.1211621389	-0.0371218191	0.1208257367	0.1193730232	-0.0453620366	0.1058035478	-0.0266551125	-0.0190130227	0.040854175	-0.0286638293	-0.1147052349	0.0417972248	0.2129761981	0.0521184776	0.091103623	0.0262206989	0.0900823469	0.0844195279	-0.1867106233	0.0752975594	0.1489859983	0.0101408349	-0.0071647459	-0.126095512	-0.1686484123	-0.0258935111	-0.0609958317	0.0061642617	-0.0344240668	-0.0030146988	0.0649106893	0.1022013808	-0.0758284451	0.0512030371	0.0736948299	-0.1053765885	0.0235396078	0.1524490543	0.0375305525	-0.0176965011	-0.0485776172	0.0266983811	0.0443521105	-0.0628532072	-0.1548912272	0.0463089892	0.0856413466	-0.0351312574	0.0046037751	0.0428896539	0.0593074179	-0.0090161656	0.0071941702	0.0499214527	-0.0457394187	-0.0845154255	0.1104247249	0.080404	0.0058799999999999	0.006464803216	3.457439999999996e-05	0.107646	-0.011226	0.000126023076	0.011587661316	0.0617917	-0.0209399	0.00381821418889	0.00043847941201	-0.00149019	-0.0001091399999999	1.1911539599999997e-08	2.2206662361e-06	-0.00156311	9.699000000000014e-05	9.407060100000029e-09	2.4433128721e-06	0.00176015	0.0001666099999999	3.0981280225e-06	2.7758892099999998e-08	0.0	0.0	0.0	0.0	0.0	0.0	0.0	0.0	0.0	0.0	0.0	0.0	0.0	0.0	0.0	0.0	0.0	0.0	0.0	0.0	0.0	0.0	0.0	0.0	0.0	0.0	0.0	0.0	0.0	0.0	0.0	0.0	0.0	0.0	0.0	0.0	0.0	0.0	0.0	0.0	0.0	0.0	0.0
329.42271090178696	0.0092003295321774	8.464606350065599e-05	108519.32245788231	363.6769732251264	1.0692949986298572	1.1433917940948264	132260.9408541893	226.16976480312547	-0.1666578185240723	0.0277748284752026	51152.76251110109	225.78155830602884	361.94218029572016	1.099359	24.309412	0.0303362	0.015848	-0.0428982582	0.0371691276	0.0584649287	0.1144680683	-0.1275259117	-0.0245652045	-0.0147402357	0.0653978173	6.36039e-05	-0.0016337024	0.0892672404	-0.0371756466	0.0193483285	-0.059996682	0.0288251315	-0.0532972783	0.07603711	-0.0049795952	-0.0514131159	-0.0874838021	0.0680626695	-0.0331811316	0.0537174611	0.1115899069	0.0571506268	0.0216138521	0.023612295	-0.024233807	-0.0008675754	0.0183745124	-0.0929964416	-0.0708655427	0.0730515464	-0.0488551542	-0.1459845633	0.0608082079	-0.0811110321	-0.0602883505	-0.0360693033	0.0412464249	-0.0304389481	-0.0987414631	-0.0097581142	-0.1451611448	-0.0281534702	-0.1081748526	0.0047559662	0.0892681768	-0.1333015041	0.1698638997	-0.0479250421	-0.0764171224	0.0794773314	0.147327319	-0.101746282	0.1000217069	-0.0145670295	0.1657232407	0.0413912192	-0.0192779598	-0.094807779	0.019301703	0.0196074339	-0.0089743212	0.1511566056	0.0530723345	0.0523097634	0.0790289171	0.0161960429	-0.0415593008	-0.0977512864	0.0594777538	0.0109956772	0.0670296408	-0.0669312373	-0.1128509183	-0.0063595845	0.0288695382	-0.0386269061	-0.0106642237	-0.0604273441	-0.0909570887	-0.067925718	0.0891869475	-0.059372673	-0.1472709902	0.0630244264	-0.0427805671	0.0161832401	0.0555113324	0.036279685	0.0224416321	-0.0498701547	-0.0432797458	0.0896134412	-0.1440708879	0.0768179636	-0.0642462747	0.0320930176	-0.0739748172	0.2145525026	0.0485458605	0.1315769875	-0.0781402265	0.1241060224	-0.0825245168	0.0015834777	-0.1443894369	-0.1130607338	-0.0283566249	0.0158177058	0.0241485344	0.083352075	-0.0519133503	-0.0468054886	0.1377994833	0.0492274319	0.0369582881	0.1232914604	0.0691698588	-0.0327477229	0.0720006303	-0.0758729575	-0.0827016612	-0.0004415594	-0.0025222213	0.0114860877	0.0335096168	0.0012968115	0.0212004764	-0.0328063815	0.0093400198	-0.0633850411	-0.0560405258	0.0193230975	0.0484922651	0.0570198294	0.0376323494	0.0421886718	0.0166252909	0.0991491871	-0.0482056202	-0.0806385538	0.1132514443	0.0787664	-0.0016376	0.00620414576896	2.681733760000009e-06	0.114223	0.0065769999999999	4.3256929e-05	0.013046893729	0.0636153	0.0018236	0.00404690639409	3.325516960000006e-06	-0.00171277	-0.00022258	4.95418564e-08	2.9335810729e-06	-0.0016601	-9.699000000000014e-05	9.407060100000029e-09	2.7559320100000004e-06	0.00167376	-8.638999999999999e-05	2.8014725376e-06	7.463232099999998e-09	0.0	0.0	0.0	0.0	0.0	0.0	0.0	0.0	0.0	0.0	0.0	0.0	0.0	0.0	0.0	0.0	0.0	0.0	0.0	0.0	0.0	0.0	0.0	0.0	0.0	0.0	0.0	0.0	0.0	0.0	0.0	0.0	0.0	0.0	0.0	0.0	0.0	0.0	0.0	0.0	0.0	0.0	0.0
329.895627400073	0.4729164982860538	0.2236500143511431	108831.1249776878	364.3672957951591	0.6903225700327198	0.4765452506965793	132763.526245077	226.4263521893307	0.2565873862052115	0.0658370867596223	51268.89296576682	226.0515016858299	383.06380449615466	1.824628	40.346813	0.0918192099999999	0.0601924	-0.070176896	-0.1401006024	-0.0014512844	0.0247432827	-0.0063012064	0.1229574353	0.0156650453	-0.0237295485	0.0337230741	-0.0188914812	0.0764720548	0.0611453043	0.0319329871	0.0365882772	-0.0556102494	-0.0190313653	-0.0423479523	0.0317803434	0.0363753267	0.0100836974	0.1281407401	-0.1505970026	0.0238041743	-0.0742927349	0.1716064136	0.0563572016	-0.0441928292	0.0354989906	-0.007256529	-0.0772018061	-0.0387737875	0.062162047	-0.0608975174	0.0127911324	-0.1249003144	-0.0347157613	0.0275558773	-0.1213562619	0.0431286526	0.0357270454	0.097660455	0.0282276954	-0.2268053368	-0.1039074869	0.0204642057	-0.0263445036	0.0581916122	0.1292044327	-0.1014308662	-0.0276586581	-0.0082905745	-0.0791798657	-0.0212947082	-0.1294012586	0.0333342393	-0.0167083616	0.1866805048	0.0138895008	0.0640654811	0.0643409367	-0.0860026862	0.0117224714	0.0049975288	0.0237133536	-0.0144521511	-0.0079657758	0.0189479361	-0.0509186609	-0.0343478097	0.025879033	0.0146909207	0.1429969932	0.1247088372	0.0085255599	-0.1929525767	0.0884165727	0.0278001643	-0.0096819194	0.0274627208	0.0420060157	0.0458306177	-0.0593765152	0.0270381968	-0.0423368203	-0.013647383	-0.1414236106	-0.0607844906	0.0306546337	-0.010244814	0.1235828856	0.0847088928	-0.0843451045	-0.0161776419	0.2042092732	0.1004333967	-0.110355665	-0.0196490144	0.0633423414	0.1125552264	-0.0888926013	0.0349005274	-0.0245816748	0.0937928953	0.0520619721	-0.1265462523	0.0044721243	-0.0330564082	-0.1046642639	0.15775918	-0.0550792763	0.0146183758	-0.0699886911	0.0967337792	-0.0040892557	-0.0181283595	-0.0006837238	-0.0031414957	-0.1091717264	-0.0127637246	0.0077208524	-0.0322698317	0.0616205003	-0.1469457059	-0.0089129869	0.0852307458	0.0988781996	-0.0994167085	-0.0674641377	-0.0232930983	0.0162415425	-0.0245804051	0.0483594318	0.079786827	0.0307380099	-0.002722493	0.0445169749	-0.0491797787	0.0111108163	0.1161421885	0.1310443753	-0.0637031646	-0.0506475487	-0.0765992869	0.1155651064	0.0798302	0.0010638	0.00637286083204	1.1316704400000077e-06	0.0962762	-0.0179468	0.00032208763024	0.00926910668644	0.00861069	-0.0550046099999999	7.414398227610002e-05	0.003025507121252	-0.00159	0.0001227699999999	1.5072472899999978e-08	2.5281e-06	-0.00148041	0.00017969	3.228849610000005e-08	2.1916137681e-06	0.00172738	5.361999999999988e-05	2.9838416644e-06	2.8751043999999875e-09	0.0	0.0	0.0	0.0	0.0	0.0	0.0	0.0	0.0	0.0	0.0	0.0	0.0	0.0	0.0	0.0	0.0	0.0	0.0	0.0	0.0	0.0	0.0	0.0	0.0	0.0	0.0	1.0	0.0	0.0	0.0	0.0	0.0	0.0	0.0	0.0	0.0	0.0	0.0	0.0	0.0	0.0	0.0
329.2862459840159	-0.6093814160570901	0.3713457102357443	108429.43179424584	364.393999645054	0.0267038498948863	0.0007130955992086	132782.9869773196	226.29010796354785	-0.136244225782832	0.0185624890591633	51207.21296215415	225.9132548727584	369.46976835213366	1.453068	32.130749	0.03867421	0.0210166	-0.0196376671	-0.0649709671	-0.0326943784	-0.0705954262	0.0687870101	0.098377143	-0.0145992866	-0.0557737833	0.0045977692	-0.0459978366	0.0196348409	-0.0134504846	-0.0946901678	-0.0109871094	0.0201378247	-0.0325534797	-0.0956471205	-0.0440401517	0.0725491635	0.035942284	0.0741484062	-0.0325255251	0.0688487126	-0.133870156	-0.01893774	-0.0679963852	0.007120424	-0.018541357	-0.0472782169	0.0039536449	-0.008127894	-0.0137288544	-0.0496275669	-0.0254723684	0.0958442083	-0.0200405422	0.0308227164	-0.108044004	-0.0148513371	-0.2423995157	-0.0409823282	0.0654014839	0.0604746473	-0.0411948794	0.1411452842	-0.0292738561	0.1762756153	0.0741788612	0.0696061968	0.0107759426	0.027946547	0.0580763137	-0.2111533829	-0.0736468885	0.0286606262	-0.0159948797	-0.013301928	-0.0822504336	0.0151596985	0.0957243776	0.0642087095	-0.0398981572	0.1194029403	0.092670453	-0.1497131911	-0.0411570379	0.0326665433	-0.1134341848	0.0255779188	0.0495574785	0.0266720016	0.0828653208	0.0224362636	0.0470373986	0.0417813884	0.1458068909	-0.0646741497	-0.0081712257	-0.0029530951	-0.0529493825	0.0184659082	-0.0142156883	-0.001095383	-0.0619538767	0.0089444221	0.1113070428	-0.0264033629	0.0259709322	0.0355805182	0.0822586719	-0.236303593	0.0161397652	0.1063174228	-0.0334580343	-0.022763029	-0.1431862893	-0.0269303556	0.1847417871	0.0965833003	0.0474548416	0.0172100183	-0.0120565189	-0.0979870278	0.2083488494	-0.0220880584	0.000398742	0.0013499164	0.0806742476	0.0148887588	-0.0166981338	-0.0991994647	-0.0373248604	-0.0189728622	-0.0631152824	0.0633497933	-0.1808839242	-0.093010841	-0.0623356367	-0.1083469175	-0.0341113164	-0.0691238014	0.0651414011	-0.0456153993	-0.0386176243	-0.0631685774	-0.0935166163	0.050811286	0.0299316074	0.0497256062	-0.0613460829	-0.0534694344	-0.109747794	0.008039877	0.0147502054	-0.0051139288	0.1733108373	0.007023368	0.0027077134	0.1169192954	-0.0103527998	-0.066792395	-0.0530639746	-0.0724057592	0.1173552296	0.0802962	0.0004659999999999	0.00644747973444	2.171559999999946e-07	0.0909746	-0.0053016	2.810696256000004e-05	0.00827637784516	0.0254553	0.01684461	0.00064797229809	0.0002837408860521	-0.00133743	0.00025257	6.379160490000007e-08	1.7887190049e-06	-0.00148275	-2.339999999999981e-06	5.475599999999911e-12	2.1985475625e-06	0.00179371	6.633000000000008e-05	3.2173955641e-06	4.399668900000011e-09	0.0	0.0	0.0	0.0	0.0	0.0	0.0	0.0	0.0	0.0	0.0	0.0	0.0	0.0	0.0	0.0	0.0	0.0	0.0	0.0	0.0	0.0	0.0	0.0	0.0	0.0	0.0	0.0	0.0	0.0	0.0	0.0	0.0	0.0	0.0	0.0	0.0	0.0	0.0	0.0	0.0	0.0	0.0
328.46018511903424	-0.8260608649816845	0.6823765526542889	107886.09320843023	360.5975539597889	-3.7964456852650974	14.412999841167982	130030.59592178288	225.98781287470592	-0.3022950888419302	0.0913823207379505	51070.4915678931	225.5893541302188	355.1260696367845	1.542758	34.114025	0.0430081	0.0211205	0.0322600806	0.0074384127	-0.0480477527	-0.0772375384	0.0592762916	-0.0512940622	0.0062265549	-0.126244352	-0.0661945096	-0.062489867	-0.025927985	-0.0241522964	0.0460338212	-0.021771681	-0.036743483	-0.0860115005	0.0090861014	-0.0754573603	0.0607194652	0.1026142449	-0.0378038138	-0.0444094641	-0.2183817595	-0.0242730939	-0.2282791943	-0.1548958046	-0.1927498056	0.0011520275	-0.0718415683	-0.0560387264	0.046509585	-0.2668273256	-0.0765849685	-0.0270286456	-0.0072491408	-0.0271337289	-0.0292377698	0.0583459142	0.1199098262	-0.0224240087	-0.0260258732	-0.0707695666	-0.0736662298	-0.1209133501	-0.020686177	-0.0041303457	-0.0384522422	0.2230388058	0.0525130474	-0.0963948843	0.0422262006	-0.0499369885	0.0416062891	0.0801202	-0.0054941797	0.0378475466	-0.0283382811	-0.0635617388	-0.0647302916	-0.0011623469	0.0117339876	0.1951635534	0.1088208956	-0.0550918767	0.0315605859	-0.033624417	0.0868796621	-0.0045743374	0.0814744649	0.0566320659	0.1056522328	-0.0214457737	0.052262453	-0.2046684687	0.2009974067	-0.0321525499	-0.0840478657	-0.2262162943	-4.69811e-05	-0.0528631026	0.1111623515	0.0145387873	-0.2768793949	-0.0656131388	0.0161462072	-0.0203054274	0.0377061384	0.0389475331	-0.1712044558	-0.0420695432	-0.0341407121	0.0024456753	-0.0802124851	0.0124125695	0.1301673016	-0.0401108537	-0.0183918544	-0.0437357535	0.2233858909	-0.0266349288	-0.036646398	-0.0796064711	0.0213520754	-0.0829596594	0.0410532631	-0.0416623833	-0.0397276099	0.0295686792	-0.0202858071	0.0601223225	0.1042131847	-0.0851060997	-0.0711850448	-0.1395997789	-0.1260630026	-0.016744402	0.0003371894	0.0256431017	-0.0330365965	-0.1064953717	0.0993120621	-0.0137791661	0.0090545798	0.0285351328	0.0992283155	0.0499493902	0.0306699042	-0.0386802502	-0.0062566121	0.0116904325	-0.1915120185	0.162375322	0.105258946	-0.0594695485	-0.1750094564	0.0472399801	0.0159008357	-0.1328793838	0.0099430069	0.2617652462	0.0357808604	-0.0554536812	-0.0680664159	0.1186137044	0.0768208999999999	-0.0034753	0.0059014506768099	1.207771009000068e-05	0.0789977	-0.0119768999999999	0.0001434461336099	0.00624063660529	0.0388797	0.0134244	0.00151163107209	0.00018021451536	-0.00114625	0.00019118	3.65497924e-08	1.3138890625e-06	-0.00148289	-1.4000000000003593e-07	1.9600000000010062e-14	2.1989627521e-06	0.0017024	-9.131000000000005e-05	2.89816576e-06	8.337516100000008e-09	0.0	0.0	0.0	0.0	0.0	0.0	0.0	0.0	0.0	0.0	0.0	0.0	0.0	0.0	0.0	0.0	0.0	0.0	0.0	0.0	0.0	0.0	0.0	0.0	0.0	0.0	0.0	0.0	1.0	0.0	0.0	0.0	0.0	0.0	0.0	0.0	0.0	0.0	0.0	0.0	0.0	0.0	0.0
329.4125207203043	0.9523356012700788	0.9069430974464424	108512.60880730492	363.6655932548062	3.068039295017286	9.412865115770163	132252.66371737013	226.4940697633917	0.5062568886857832	0.2562960373418095	51299.56363798415	226.1162546605182	371.96164838052766	1.758906	38.893559	0.10830056	0.0622202	0.0078645211	-0.1126805814	0.0024844512	0.0168444834	-0.0376345026	-0.017312393	0.0142168543	0.0407920681	-0.0251051353	-0.0991139019	-0.0884217209	0.1566426363	-0.169991318	-0.0220075677	0.2117490527	0.0236561117	0.0069954173	0.0216120409	-0.0515065491	0.0199514489	0.0829514754	-0.0401561276	0.0486117041	-0.0762922632	-0.170891795	-0.0962113626	0.0109159072	0.11011233	-0.1115221743	0.1146824511	-0.1810833137	-0.1014752632	0.0664372267	-0.1970715164	0.1648301702	0.1770210974	0.0527248465	0.0557240168	-0.12508379	0.0259749587	-0.1238320373	0.0356440928	-0.1048960133	-0.0115095464	-0.1025730358	-0.1549456555	0.005389376	-0.2516420588	0.0521090563	-0.0396437482	-0.0784287991	0.202746154	0.0466130939	0.0317093543	0.0443151582	-0.1296724816	0.1585144137	0.0146183904	0.0164886684	-0.0286160557	-0.0068916385	-0.0476685343	-0.0292486849	-0.041668523	0.0088575469	-0.0265623044	-0.0226116703	0.0224245912	-0.021686212	-0.0513299241	0.0027870131	0.0863703213	0.0308662562	0.0481193282	0.1952814348	0.0584129803	-0.0938498203	-0.0361881565	0.1277998541	-0.1267667106	-0.0947932464	-0.1994339272	-0.1056552346	0.0237999825	-0.1352165706	0.2036277089	0.1205805541	-0.1709836778	0.1020033904	-0.0647207712	0.0021532124	0.0871317067	-0.0357519897	0.123605559	0.0066256161	-0.056551201	0.1009911328	-0.1243647884	-0.1784780429	0.122545371	-0.1349453011	0.1992751269	-0.0645353691	-0.0144315217	0.0584994062	0.0798277916	0.0246402065	-0.0176783014	0.1805860064	-0.0395613362	-0.0139216783	0.0465895571	0.036204079	0.0750577739	-0.0288753342	0.0115249592	-0.0362011887	-0.0735966867	-0.0675626146	0.1592109981	0.1311722775	0.0861930292	0.0405236479	-0.1206501414	-0.0371395152	-0.191701064	-0.1107995304	0.132964055	0.3502087354	-0.3188757608	0.1575090415	-0.0751493717	-0.0575415587	-0.1040901503	-0.1097289379	-0.120996089	0.1138310281	-0.1472813025	0.0211013013	-0.0415194173	-0.2679000091	-0.0578154653	-0.0635899959	0.1193348294	0.0795898	0.0027689000000001	0.00633453626404	7.666807210000564e-06	0.123665	0.0446672999999999	0.0019951676892899	0.015293032225	-0.00127691	-0.04015661	1.6304991481e-06	0.0016125533266921	-0.000890195	0.0002560549999999	6.556416302499998e-08	7.92447138025e-07	-0.00141874	6.415000000000001e-05	4.115222500000002e-09	2.0128231876e-06	0.00179635	9.394999999999998e-05	3.2268733225e-06	8.826602499999996e-09	0.0	0.0	0.0	0.0	0.0	0.0	0.0	0.0	0.0	0.0	0.0	0.0	0.0	0.0	0.0	0.0	0.0	0.0	0.0	0.0	0.0	0.0	0.0	0.0	0.0	0.0	0.0	0.0	0.0	1.0	0.0	0.0	0.0	0.0	0.0	0.0	0.0	0.0	0.0	0.0	0.0	0.0	0.0
330.6306413457531	1.218120625448762	1.4838178581436832	109316.620996704	365.4513763709356	1.7857831161293802	3.1890213378527594	133554.7084914112	227.1627430948351	0.6686733314433866	0.4471240241835971	51602.91185037005	226.78127551619	387.59268204988473	1.324168	29.280472	0.10890539	0.0621196	-0.0706682423	-0.1200462333	-0.0055148916	-0.1145776363	0.008587468	0.0615184772	-0.0681374489	-0.1637973525	-0.0119859606	-0.0969329983	-0.0830714665	0.2513768808	0.0832130876	-0.0039611771	0.1678593597	0.1574426804	0.0149309705	0.0600191027	0.0724839661	0.2025678932	0.0549330125	-0.1685175591	-0.0124665069	0.1212831322	0.0662930259	0.0916679942	0.0046289257	0.0174696318	0.0320674355	-0.0377197233	-0.1593759475	0.1693267453	-0.037661114	-0.2108599805	-0.016023634	0.0602141058	0.0306797971	-0.0611201006	-0.0249811078	-0.0780341432	-0.1550701851	-0.0149797816	-0.0710431602	0.0423837505	0.195851055	0.0995737362	0.0605555477	0.0547285688	-0.0430830708	0.1238199651	-0.0072108141	0.1211461576	-0.0044982279	0.0941444948	0.0843229882	-0.0967588454	-0.0408934509	-0.0502325448	-0.0103602796	-0.0297344825	0.0705710218	0.1240381318	0.0977600617	-0.0329157349	-0.0525814659	0.0141994182	-0.1566444668	0.0107432339	-0.0512078269	0.0783811442	0.1940974888	0.0950610718	0.1658832885	-0.0031633678	-0.0721593776	-0.1140589519	0.0727008222	-0.0004455062	0.0170701404	0.0575000325	-0.0443226651	-0.1670171467	0.1545439516	-0.0555830328	-0.2260741634	0.0149865641	-0.0100733647	-0.0715429561	0.0536177169	0.056515414	-0.0915130543	0.1029629771	-0.0498480607	0.0299566876	-0.034867418	-0.0518276172	-0.2147470562	0.1207565158	0.0243387334	-0.0049990984	0.1196328905	0.0865079787	-0.0624962061	0.0141765748	0.1073788216	0.1133886244	0.047332068	0.0754113708	0.0121637683	-0.0135801036	0.0421600014	-0.0244441195	-0.1051025106	-0.1107087142	-0.0492160359	-0.080755281	0.0073895771	-0.1894252505	-0.176864754	-0.0077900178	0.2002348151	0.0185536919	0.0294145581	-0.0725115516	0.0613823381	-0.0888990682	-0.0141350921	-0.0275146615	0.0788049035	-0.0980110233	0.3080342253	-0.024012637	-0.1021703229	0.1678022893	-0.0853199108	0.017269819	0.0249306679	0.0973767161	-0.0154148523	-0.1146800898	-0.0293513495	-0.0601481375	-0.0589855141	0.1195153378	0.0736635999999999	-0.0059262000000001	0.0054263259649599	3.511984644000123e-05	0.0700166	-0.0536484	0.00287815082256	0.00490232427556	-0.0221372	-0.02086029	0.0004900556238399	0.0004351516988841	-0.000631495	0.0002586999999999	6.692568999999997e-08	3.9878593502500003e-07	-0.00125292	0.0001658199999999	2.7496272399999968e-08	1.5698085264e-06	0.00194124	0.0001448899999999	3.7684127376e-06	2.0993112099999986e-08	0.0	0.0	0.0	0.0	0.0	0.0	0.0	0.0	0.0	0.0	0.0	0.0	0.0	0.0	0.0	0.0	0.0	0.0	0.0	0.0	0.0	0.0	0.0	0.0	0.0	0.0	0.0	0.0	0.0	0.0	0.0	0.0	0.0	0.0	0.0	0.0	0.0	0.0	0.0	0.0	0.0	0.0	0.0
330.4556317362764	-0.1750096094766604	0.0306283634091731	109200.92454622152	364.783041279428	-0.6683350915075721	0.4466717945404347	133066.66720506886	227.30474313119888	0.1420000363637825	0.0201640103273155	51667.4462499403	226.89180448430488	384.47175044593934	1.207317	26.696617	0.12605594	0.0752689	-0.0447988229	-0.1414307038	0.1279022845	-0.0447426604	-0.1550197664	0.031007778	-0.0060360309	-0.0626723946	-0.0320357755	-0.0934424758	0.0015413155	0.0251880184	-0.1094923825	-0.1970739332	0.082971615	0.2193438153	0.0579871367	0.0350683855	-0.048376605	0.0413109055	-0.0502548292	-0.0253276163	0.0347312332	0.1131599491	-0.1127728187	0.0441283216	0.0112779489	-0.1649953029	0.0877314278	0.0063759973	0.2344577854	-0.0212575174	-0.0764305392	-0.0071019826	-0.0495899815	0.164759966	0.0657457078	-0.0259390593	0.1412970019	0.1277092205	-0.0343063548	-0.0647243475	-0.1211980697	-0.1215014892	0.0267378872	0.018286842	-0.1630759792	-0.1224483225	0.12385094	-0.0242858173	-0.004649084	-0.053684169	0.0050969128	-0.0066380285	-0.0333927809	-0.0086248558	-0.1208833882	0.0287051801	-0.0466033337	-0.0013953512	-0.1222848768	0.0546252304	0.0920197406	0.041862783	-0.0786664732	-0.1039344659	-0.2176230244	0.0669524231	-0.0252999324	-0.0363333121	0.034167569	-0.0322740014	0.0344417445	0.064623556	0.1079514511	-0.1183342674	0.0682834833	0.0062663816	-0.1617530569	0.061919855	0.0328566646	0.2407938783	-0.0381568523	-0.0756861215	-0.0445801794	-0.029448696	0.0046198397	-0.1685334569	-0.1286181898	0.0742107885	0.0999472252	0.0372500652	-0.1002836746	0.0743056724	0.1237214213	-0.0053725684	-0.0748146653	-0.163763425	-0.0851045278	0.1340760101	-0.0449748983	-0.0610562065	-0.019539394	-0.0272029494	-0.0509083508	-0.0093279243	0.0834724533	0.0251099705	-0.1236389078	0.0416506574	0.0527244095	-0.0064410783	0.0810006246	-0.1271707195	0.0207310594	-0.117992274	-0.0600633318	-0.0826475477	0.017980636	0.1158852164	0.0791854686	0.0385432873	0.0531634467	0.0687065436	0.0662462296	-0.1458395659	0.100665966	-0.0203668201	-0.0065888712	0.0354202125	0.0137462781	0.0477330908	-0.0833994451	-0.0758208597	-0.1019482372	0.0701732489	0.0261761423	0.0057703778	-0.0506364956	0.2782490756	0.0120274274	-0.0624505233	-0.0542622434	0.1191544118	0.0816410999999999	0.0079774999999999	0.0066652692092099	6.364050624999998e-05	0.128493	0.0584764	0.0034194893569599	0.0165104510489999	0.00221459	0.0243517899999999	4.9044088681e-06	0.000593009676204	-0.00123478	-0.000603285	3.6395279122500005e-07	1.5246816484e-06	-0.00134565	-9.273000000000008e-05	8.598852900000012e-09	1.8107739225000003e-06	0.00193225	-8.989999999999953e-06	3.7335900625e-06	8.082009999999915e-11	0.0	0.0	0.0	0.0	0.0	0.0	0.0	0.0	0.0	0.0	0.0	0.0	0.0	0.0	0.0	0.0	0.0	0.0	0.0	0.0	0.0	0.0	0.0	0.0	0.0	0.0	0.0	0.0	0.0	0.0	0.0	0.0	0.0	0.0	0.0	0.0	0.0	0.0	0.0	0.0	0.0	0.0	0.0
328.892416232467	-1.563215503809431	2.443642711350173	108170.22145523032	363.9767734233165	-0.8062678561115035	0.6500678557986401	132479.0915916483	226.8866945752725	-0.41804855592639	0.17476459511214	51477.57217529298	226.503088587278	368.3216579202519	1.652322	36.536724	0.05335086	0.0278233	0.0199751237	-0.1273688814	0.0964954809	-0.0805341295	-0.0160660889	0.1298734251	0.1186206568	-0.1603488404	0.0670843848	-0.0135736603	0.0770349835	-0.0374715613	0.0849091114	-0.0229468073	0.0332640125	0.1593647761	-0.1376903007	-0.09865677	0.0114858341	0.161960529	0.0310524023	-0.0847382664	-0.0286111393	0.1259559672	-0.050196149	0.0440772982	0.0136145749	0.032539445	0.0804552147	0.0925159837	-0.0419277481	0.0936055736	0.0639978469	0.008365617	0.0912634057	-0.0571090614	0.0184390738	0.1163811409	0.0125838471	0.0008887167	0.1763233399	-0.0626958348	0.0242931937	0.098146699	-0.0397144109	-0.0495250423	-0.0714339233	0.0584774299	0.099592286	0.0086699636	-0.0369024351	0.068225424	0.0541809558	0.0771561975	0.1633817533	0.0287277741	0.0862790341	-0.0129979178	0.0363439406	-0.0101232603	-0.0019391424	0.0143609698	-0.1232633235	-0.1528874849	0.0784532583	0.1341749521	-0.1609369843	-0.1485724227	0.0824742367	-0.0211210346	0.1576092751	0.0529466783	0.0879352796	-0.0270378732	0.0328229995	-0.1244924045	0.0492362939	0.0118694448	0.0255652211	0.0167094552	-0.1273333389	0.0044433119	0.1068207482	0.0447825263	0.0266484636	0.0842252488	-0.022462869	0.0587580325	-0.0109547968	-0.0907968175	0.030950094	-0.1751262295	-0.0447440074	-0.0393689677	-0.0493061166	0.0831283734	0.0149149174	-0.0774857416	0.0927077142	0.0838638458	-0.0404413703	0.0276319575	-0.0229829358	-0.0541139788	0.0743102434	0.1577183113	-0.1198035388	-0.0631509092	0.0657232407	-0.0298480052	0.0412896253	-0.0394453872	-0.0148591463	0.1366958922	-0.0902557172	0.0962304879	0.1503505488	-0.1265566186	-0.1581676688	0.0861757467	-0.0331665765	0.0015174903	0.0347932049	-0.0326206814	0.0398068551	0.0487915103	0.0154119535	-0.1617472837	0.0231726935	0.004757688	0.1365715794	0.011041973	0.0380202605	0.044157157	0.000529372	0.0451977406	-0.0275372074	-0.0711468774	0.0631369687	0.090348847	-0.1626254079	-0.0647214634	-0.0494296957	0.1182536866	0.0841882	0.0025471000000001	0.00708765301924	6.487718410000548e-06	0.115237	-0.0132559999999999	0.0001757215359999	0.013279566169	0.0152286	0.01301401	0.00023191025796	0.0001693644562801	-0.0008313749999999	0.0004034050000001	1.6273559402508066e-07	6.911843906248337e-07	-0.00128017	6.548000000000014e-05	4.287630400000018e-09	1.6388352288999998e-06	0.00195404	2.1790000000000264e-05	3.818272321600001e-06	4.748041000000115e-10	0.0	0.0	0.0	0.0	0.0	0.0	0.0	0.0	0.0	0.0	0.0	0.0	0.0	0.0	0.0	0.0	0.0	0.0	0.0	0.0	0.0	0.0	0.0	0.0	0.0	0.0	0.0	0.0	0.0	0.0	1.0	0.0	0.0	0.0	0.0	0.0	0.0	0.0	0.0	0.0	0.0	0.0	0.0
328.09189963965326	-0.8005165928137217	0.6408268153700899	107644.2946091563	362.2488475556341	-1.7279258676824156	2.985727804206029	131224.22755538503	226.33358851442853	-0.5531060608439589	0.3059263145423211	51226.893289818654	225.94774389412967	358.7462964439481	1.275691	28.208525	0.0615275499999999	0.0352254	0.0943277466	-0.0894411122	-0.0755320492	-0.0226638331	0.0830315888	0.011947662	0.0931593902	-0.1429984207	-0.0042187363	0.0633523537	-0.154280607	0.0741102117	-0.0633066587	-0.020014428	-0.0772775353	0.0167057051	-0.1431353187	-0.0506009741	-0.0040361389	0.1836969813	-0.0870805684	-0.0133507911	0.0400095944	-0.1171017394	0.0501695455	-0.027116077	0.0330928676	0.0713550978	0.0622708683	0.024445447	0.0558962676	0.029391021	-0.1475925326	-0.0143429546	0.0035187704	0.0091515937	-0.04998796	-0.1020583624	-0.0798047017	0.0955275089	0.0331294859	0.1068127001	0.0055919513	-0.0280041474	0.0495405872	-0.0313702392	0.006929684	0.1716369196	-0.0807834393	0.1183930813	-0.0071037333	0.0987840184	0.1233314909	0.001578227	-0.0590311233	-0.1349807255	0.0473691226	0.080498159	0.1720058866	-0.0914005095	3.57915e-05	0.1509622616	0.0013297053	0.0909427227	-0.0649684747	-0.1304363476	-0.0166629681	-0.1365731568	0.0340388244	-0.0264855024	0.1942253649	-0.0735088997	0.030659983	0.0204904251	-0.0178667453	0.1159016592	-0.0428384501	0.0401398347	0.0733520387	0.062107349	-0.0186120136	0.0562996921	0.0117863267	-0.158103656	-0.017933093	-0.0222334055	0.0407414132	0.0247951611	0.0743224567	0.078450331	0.1049268363	0.0211685585	0.0970839385	0.0174504844	0.0102379305	-0.0171992205	-0.0287233257	-0.0063557407	0.1289381879	-0.0708501594	0.1354217795	0.1698559401	-0.0422724692	-0.1119647457	0.0053387151	-0.0045730398	0.115355754	-0.0840091407	0.0678633287	-0.1824848508	0.1418315254	-0.0367562287	-0.0602795552	-0.0636242606	0.0919512044	-0.0244967389	-0.1081200506	-0.0375150887	-0.135205104	-0.0216029048	-0.0509140236	0.0028176925	0.0620267728	0.1674742353	0.1179683833	-0.1378575078	-0.0299444743	-0.0244310296	0.0105149195	-0.0224866149	0.0457716411	-0.0299086001	0.0709755258	0.060496356	0.0679360801	0.1170257661	0.0460616447	-0.0041245219	0.0958846082	0.1373672343	0.0174885141	-0.0669598143	-0.0444976032	0.1168172427	0.0896306999999999	0.0054424999999998	0.0080336623824899	2.9620806249998822e-05	0.136243	0.0210059999999999	0.0004412520359999	0.018562155049	0.0234859	0.0082573	0.00055158749881	6.818300329000001e-05	-0.00127323	-0.000441855	1.9523584102508837e-07	1.6211146329e-06	-0.00126714	1.303000000000003e-05	1.6978090000000076e-10	1.6056437795999998e-06	0.00203559	8.154999999999968e-05	4.1436266481e-06	6.650402499999947e-09	0.0	0.0	0.0	0.0	0.0	0.0	0.0	0.0	0.0	0.0	0.0	0.0	0.0	0.0	0.0	0.0	0.0	0.0	0.0	0.0	0.0	0.0	0.0	0.0	0.0	0.0	0.0	0.0	0.0	0.0	0.0	0.0	0.0	0.0	0.0	0.0	0.0	0.0	0.0	0.0	0.0	0.0	0.0
327.5714444122431	-0.5204552274101388	0.2708736437385393	107303.05119432329	360.15370553931933	-2.095142016314753	4.389620068527449	129710.69161370274	225.8702387115044	-0.4633498029241139	0.2146930398698151	51017.36473559199	225.47758692492025	346.2782554066957	1.477797	32.677567	0.0584364999999999	0.0355207	0.1308798236	-0.0187496997	-0.0968767163	-0.0109767108	0.0663257315	-0.0766890999	0.0940416813	-0.1471922664	-0.0939496541	0.0865233788	0.1637476715	0.0045572092	0.0204797692	0.0131586602	0.1464368049	-0.1024479686	-0.0006430147	-0.0604172622	0.0106379814	0.1569965235	-0.0595919908	0.0627866357	0.0088765264	0.1826636506	-0.0060420594	0.0214309388	0.0604531789	-0.0070761552	0.0179764278	-0.0336343971	0.0727119998	-0.0260868535	-0.0346940126	0.024021624	0.018773941	-0.0054524744	0.0266948206	-0.0069648429	0.0887524724	-0.0383427327	-0.1232389753	0.1779719454	0.2956814477	-0.0095860191	0.0161871537	-0.0128723275	0.0966948348	-0.0436945606	0.0055885285	0.0828050957	0.0932129124	-0.1630207316	0.0241170757	0.0494257399	-0.0871551808	-0.0051199699	0.0013898172	0.0563548389	0.2037512388	0.129095659	0.0059001453	-0.165983131	-0.120800764	0.0149239131	0.0645137276	-0.0469384935	0.1020155524	-0.0078807834	0.0613609213	0.0085865986	0.1525189764	-0.0516035946	-0.0440347914	0.0283286429	0.0037639709	-0.1893534346	0.0245725421	0.0605213817	-0.0062926782	0.0369797788	0.0411309377	0.0650928676	0.002071666	-0.019416831	0.0405431492	0.0479642765	-0.0515998524	-0.0213940234	-0.114354071	0.0038611969	-0.0888762983	0.1322099549	0.2570723118	-0.143992678	-0.0564216604	-0.0122412934	0.1062113685	0.0585747858	-0.0929869538	-0.0300341298	0.1190919065	-0.1290755922	-0.0041140047	-0.0759196618	0.0453056542	-0.113602658	0.0511625299	-0.0591327711	-0.030825589	-0.1928998253	-0.1659702958	-0.0428923766	0.0387534218	0.1711452236	0.0115492318	0.0950996518	-0.0575939536	0.0085764937	-0.1075420159	-0.0600271503	-0.0336614409	0.0922160109	0.2297731055	-0.098565227	0.0404024535	-0.0152832376	0.0491209307	-0.064011668	-0.0150758807	0.0134674026	0.006393588	0.0805035824	0.0409968999	-0.0282417742	-0.0076769217	0.1387052156	-0.0512616403	-0.0234577434	0.0453351621	0.1268966013	0.0126338898	-0.0691644489	-0.0394758984	0.1148515874	0.0895935	-3.71999999998901e-05	0.00802699524225	1.3838399999918234e-09	0.109673	-0.0265699999999999	0.0007059648999999	0.012028166929	0.0460412	0.0225552999999999	0.0021197920974399	0.0005087415580899	-0.00135074	-7.751000000000004e-05	6.007800100000006e-09	1.8244985476e-06	-0.00128265	-1.5510000000000046e-05	2.4056010000000137e-10	1.6451910225e-06	0.00194313	-9.245999999999994e-05	3.7757541969e-06	8.548851599999988e-09	0.0	0.0	0.0	0.0	0.0	0.0	0.0	0.0	0.0	0.0	0.0	0.0	0.0	0.0	0.0	0.0	0.0	0.0	0.0	0.0	0.0	0.0	0.0	0.0	0.0	0.0	0.0	0.0	0.0	0.0	0.0	0.0	0.0	0.0	0.0	0.0	0.0	0.0	0.0	0.0	0.0	0.0	0.0
327.95541610030284	0.3839716880597166	0.1474342572314283	107554.75494952276	359.29061472719945	-0.8630908121198786	0.7449257499657516	129089.74583104887	225.85216313626407	-0.0180755752403456	0.0003267264202693	51009.19959332964	225.45753017876388	341.16745173602	1.321404	29.219357	0.0428779	0.0228664	0.122515803	0.0392873508	-0.0388080812	0.077374135	0.0129508338	-0.1273685204	0.065900669	0.0158573643	-0.0678748274	0.0065809926	-0.0129665108	0.1423818587	0.0841020941	0.0089166975	0.0218335129	-0.1405082725	0.0873821448	0.007877632	-0.0409139093	0.051776334	0.0575207842	-0.0311140936	-0.0680863081	-0.0615027212	-0.1083172077	-0.0082490748	0.0257058295	-0.0971796114	-0.0460790521	-0.0604944549	0.0157844135	0.0664516788	0.1641038618	0.091543642	-0.132478077	-0.0395458143	-0.0389795451	-0.0124010813	0.0104297666	-0.019158221	0.0427005142	0.0579122365	-0.0005394336	-0.1951624784	0.0738477669	0.0917024948	0.1294276482	-0.0477783654	0.0452375489	-0.0209243618	-0.0760713759	-0.0848602767	-0.0614771716	0.0328787204	0.0949579106	0.0851638495	-0.1209441373	0.0680360311	0.0418697038	0.0702031297	-0.0766977205	-0.0710001016	0.065225796	-0.0690639748	0.0207513459	0.0610141343	0.1396731248	0.0939516782	0.0043563725	-0.0257376823	0.0457997097	0.0678905846	0.0220607305	-0.0781160089	0.1037082341	0.051076406	0.0087112766	0.003588245	-0.0923236606	-0.0323285666	0.0810592704	0.0244893422	0.0782615585	0.1776973384	0.0336450354	-0.1224599397	-0.0167391416	0.0267808627	-0.0336280922	0.0002534067	-0.0033226632	0.0081644383	0.1059848445	-0.0023592402	0.1748500492	-0.0883105084	0.0074674498	0.1606228728	-0.0359832183	0.0688600101	-0.0387698386	-0.0382707844	0.0653323865	0.0656351712	0.0062801697	0.0867651845	-0.0130660005	-0.02143805	-0.1787895504	-0.0507242835	-0.0744751604	0.0002593591	0.0910566061	-0.0531600616	-0.0749380384	-0.0086873372	0.0961035501	0.0353749036	0.0066811199	0.0363562116	0.1097486592	-0.066072802	0.1346380376	-0.0485746518	0.0924299398	0.0443868042	-0.0885548182	0.1166327581	-0.1313418971	-0.082259299	0.1787259176	-0.0028424397	0.0473502144	-0.0486461322	0.1101276816	-0.1103978073	-0.0682440818	-0.0958552368	-0.0008043205	0.0661315116	-0.0047893535	-0.0713342571	-0.0343746944	0.1123656258	0.0729066	-0.0166869	0.00531537232356	0.00027845263161	0.105355	-0.004318	1.864512400000002e-05	0.011099676025	0.0577972	0.011756	0.00334051632784	0.000138203536	-0.00130047	5.0270000000000046e-05	2.5270729000000047e-09	1.6912222209e-06	-0.00129951	-1.6860000000000052e-05	2.842596000000017e-10	1.6887262401e-06	0.00180792	-0.0001352099999999	3.2685747264e-06	1.8281744099999997e-08	0.0	0.0	0.0	0.0	0.0	0.0	0.0	0.0	0.0	0.0	0.0	0.0	0.0	0.0	0.0	0.0	0.0	0.0	0.0	0.0	0.0	0.0	0.0	0.0	0.0	0.0	0.0	0.0	0.0	0.0	0.0	0.0	0.0	0.0	0.0	0.0	0.0	0.0	0.0	0.0	0.0	0.0	0.0
329.72501054406206	1.7695944437592177	3.1314644953834945	108718.58257828184	363.8360384729884	4.545423745788924	20.660877028781808	132376.6628917179	226.0695885707337	0.2174254344696464	0.0472738195543145	51107.45887654082	225.6793592865308	369.8884465655379	1.720391	38.041908	0.1023453999999999	0.0462917	-0.0081062814	-0.0387231168	-0.0292575786	0.047003302	0.0189531482	0.06372799	-0.0034020203	0.1529796744	0.0185895652	-0.0251845474	0.0289668499	0.1558302674	-0.0211145442	-0.0678474897	-0.0170639076	-0.0923755529	-0.031459802	0.0318688883	-0.015556778	-0.0352954341	0.1664992397	-0.1006368218	-0.015745628	-0.0074603697	0.0679556385	0.0749326325	-0.0288282375	0.0434258277	-0.0851575091	-0.0617516068	0.0360447336	-0.0424665454	0.0875969542	-0.0689581705	-0.0434283424	-0.0378877922	0.0624989087	0.0052523802	0.0522591748	0.036600513	-0.0599931202	0.0161214206	-0.0612771924	-0.0574952977	0.0110726878	0.0386595723	-0.087767206	-0.0573726143	-0.118701531	-0.1794038063	0.0037079454	0.0090934865	0.038159561	-0.2237656822	-0.0935397676	0.079399217	0.0789321275	0.0214776713	-0.0396938215	0.1234070161	0.1847747513	-0.0631452237	-0.0774620977	0.0899034328	-0.0396574103	0.0154001835	0.0914459616	-0.0292347168	-0.0409472262	-0.0290331361	-0.0483350213	0.1762138202	0.0697210113	-0.02668307	-0.0792348912	0.0112397899	0.06127888	-0.0024936234	0.0509262965	-0.0259715447	0.077542997	-0.0052363109	-0.0716594673	0.1009371642	-0.0718327368	0.0089160378	-0.0795192568	-0.0062411734	-0.0350947008	0.0092010463	0.0171289513	0.0521653412	-0.0141247668	0.0421656172	0.0534813491	-0.0191853356	-0.0737215955	-0.0526873063	-0.0749349838	-0.1309419815	-0.1325208399	0.0295472748	0.0407772844	0.0298616736	-0.251248308	-0.1267707215	-0.0698031474	-0.0684018718	0.0548067263	0.0439976062	-0.1529918179	0.006117996	-0.129555921	0.0248377959	0.1705767209	-0.0207392874	0.0020152305	-0.064274299	-0.0078951763	0.0179861684	-0.0492681979	0.0094093701	-0.0677558494	-0.0529528675	0.0648800354	0.0540443553	-0.1223177178	0.1242129987	-0.0824081419	-0.0234139026	0.1790943683	-0.0908673217	0.1179073445	0.0593594592	-0.0224565924	-0.1787210908	-0.0309399179	-0.007482323	-0.0607438442	0.1312810652	0.0339558186	-0.0734681463	-0.0292042644	0.1093706198	0.0896075999999999	0.0167009999999998	0.0080295219777599	0.0002789234009999	0.110845	0.0054899999999999	3.0140099999999945e-05	0.012286614025	0.0329718	-0.0248253999999999	0.00108713959524	0.0006163004851599	-0.00187925	-0.00057878	3.3498628840000013e-07	3.5315805625000004e-06	-0.00178127	-0.0004817599999999	2.3209269759999994e-07	3.1729228129e-06	0.00185396	4.604000000000001e-05	3.4371676816e-06	2.119681600000001e-09	0.0	0.0	0.0	0.0	0.0	0.0	0.0	0.0	0.0	0.0	0.0	0.0	0.0	0.0	0.0	0.0	0.0	0.0	0.0	0.0	0.0	0.0	0.0	0.0	0.0	0.0	0.0	0.0	0.0	0.0	0.0	1.0	0.0	0.0	0.0	0.0	0.0	0.0	0.0	0.0	0.0	0.0	0.0
330.4372111315558	0.7122005874937258	0.5072296768264082	109188.75050040038	364.48101377295166	0.6449752999632778	0.4159931375627202	132846.40940095857	226.6431212522787	0.5735326815449753	0.32893973680017	51367.1044109751	226.262575893554	375.9000789743191	1.175557	25.994339	0.0263235	0.013781	-0.0744795968	0.0565973638	-0.108646051	-0.0670169304	0.117601159	0.0412017232	-0.1288534836	0.0580393815	0.0646801289	0.0623208923	-0.0358216094	-0.0374911687	-0.1177596037	-0.0106503702	0.0798269549	0.0063809445	-0.0339614592	0.0570616051	0.1491926838	-0.1230052145	0.0239997037	0.1062522495	-0.0174570446	-0.1074683253	-0.2006981139	0.0289331834	-0.037226089	-0.1142262808	-0.0789844458	0.0749943386	-0.0493382511	0.1400363394	-0.0382513428	-0.0038087287	-0.1324895283	0.1458371717	0.117921141	0.0860590603	0.0031032779	0.0679919788	0.0654082881	0.0431630742	0.0413324455	0.0298975322	0.1742422979	-0.0353048114	0.0834092781	0.1467182867	-0.0096153571	0.0557304641	0.1591020911	-0.0738132286	-0.0652510119	-0.178059139	0.042298845	0.0623844261	0.0740974403	-0.0726977503	-0.0655627095	-0.1762934321	-0.0100321062	0.0338822632	-0.1004044899	-0.106749645	0.0655597477	-0.075591892	-0.0059474146	-0.0484863048	-0.0614827893	0.146498563	-0.1106398388	-0.0035102679	-0.1145684542	-0.0374570939	0.1765781507	0.1022735732	0.0610804288	-0.0732606129	-0.0920272996	-0.1422514579	-0.0505921028	-0.0263187049	0.1292115051	-0.0250051859	-0.0211100187	-0.0976139665	-0.1059131828	-0.1999073939	-0.0215719442	-0.0581165325	0.0906891714	-0.0709078736	0.08102856	-0.0252375645	-0.0387671428	-0.0845796656	-0.0865503725	0.0958010221	0.1037356807	-0.0422464332	0.1313972769	-0.1139875201	-0.1046574255	0.0438517466	-0.1319541614	-0.0106406804	-0.0816852336	0.0047527747	0.0866999345	0.0480265186	0.1957668874	0.0684682885	-0.0409182261	0.1302277169	-0.090263929	0.0820569215	-0.0593813551	-0.0304692866	-0.0064051737	-0.1342139271	-0.0818543924	0.0569712661	-0.0558524127	0.0295687066	-0.0332096026	-0.0957254433	0.1099457403	0.1032884277	-0.043378848	-0.027072002	-0.0339067453	-0.0455197291	0.0628618699	0.0068016008	0.0441928579	0.0184282939	0.0929585309	0.1251131643	0.1571859253	0.1202178138	-0.017152642	-0.0755650422	-0.0239750208	0.1058801375	0.0896230999999999	1.5500000000001624e-05	0.0080323000536099	2.4025000000005033e-10	0.108552	-0.002293	5.257849000000016e-06	0.011783536704	0.0413633	0.0083914999999999	0.0017109225868899	7.041727224999994e-05	-0.00202576	-0.00014651	2.146518010000003e-08	4.103703577600001e-06	-0.0016601	0.0001211699999999	1.4682168899999968e-08	2.7559320100000004e-06	0.00189875	4.4790000000000064e-05	3.6052515625e-06	2.0061441000000053e-09	0.0	0.0	0.0	0.0	0.0	0.0	0.0	0.0	0.0	0.0	0.0	0.0	0.0	0.0	0.0	0.0	0.0	0.0	0.0	0.0	0.0	0.0	0.0	0.0	0.0	0.0	0.0	0.0	0.0	0.0	0.0	0.0	0.0	0.0	0.0	0.0	0.0	0.0	0.0	0.0	0.0	0.0	0.0
330.18345621167043	-0.2537549198853526	0.0643915593660217	109021.11475588407	364.497950475808	0.0169367028563556	0.0002868519036444	132858.75590106458	226.8321503546396	0.1890291023609052	0.0357320015393695	51452.82443450982	226.4493618537076	376.5413685924939	1.297787	28.69713	0.0281032	0.0157574	-0.1072921307	0.1171478274	-0.043719971	0.0342316319	-0.0405580743	-0.0930320325	-0.1276839033	-0.0784987314	0.0158450272	0.1039448106	0.1236189949	-0.0142908243	0.1585517836	0.0096966845	0.0151295679	0.0639367778	0.1358055496	0.0872901055	0.0276079179	0.0296615445	-0.0525144596	0.1247952679	-0.0994183055	0.0004992077	0.2432915105	-0.0218735612	-0.0561341854	-0.0268673139	-0.2236396247	0.0415581437	-0.0728145418	0.021804222	0.0042125789	0.1459315914	-0.0652735435	-0.0817977877	0.1761191699	0.1719247688	-0.047213348	-0.0999470622	0.0784754909	-0.0549206102	-0.0277326179	-0.0631881053	-0.115731268	0.085009411	-0.0184009957	0.0073659802	-0.0792207049	-0.0275217295	-0.0019106238	-0.0334052407	0.2712617391	0.0429606296	0.0936775204	-0.1573280728	0.020795433	0.0924465979	-0.0203542272	0.0443189456	0.0705013434	0.0991272823	0.0448653277	-0.0297818802	-0.0742613815	0.0246854145	-0.0631635191	0.1469731595	-0.0639125921	0.0601619518	0.0416721436	-0.0657936832	-0.107755482	-0.1031306131	-0.2515094259	0.0008881728	-0.0238527163	-0.0059385925	0.0122921253	-0.2301191739	0.0540324397	-0.0711004318	0.0251348987	0.0337904532	0.1170916673	-0.0553580186	-0.1618293981	0.0057713912	-0.0005854421	-0.1508292163	-0.0958612137	-0.0777961207	-0.0846085573	0.0435638592	0.122642392	0.1043017126	0.065342262	0.0115678453	-0.0297514862	-0.0672650682	-0.0233970397	0.0740905836	0.0585487911	-0.279560475	-0.0372672224	0.1470050205	0.0845980691	-0.0556232399	0.0685782186	-0.0079997452	-0.008082054	-0.0266518282	-0.106372454	-0.0627882407	-0.0270346242	-0.0915564238	0.01873256	0.0046660964	0.1071816296	-0.1117768954	0.0698963717	0.0870552867	0.0559721342	-0.0822063505	-0.0018135515	0.1433351901	0.0796659494	-0.0912116373	0.0130508019	0.0752778437	0.0272584828	-0.1432927367	-0.0893762124	-0.0054305622	-0.0266647394	-0.0008113898	0.117465268	-0.0340724304	-0.1502608115	0.0565711654	-0.0296673249	-0.0776238888	-0.0186974948	0.1019099918	0.0896002	-2.2899999999895223e-05	0.00802819584004	5.244099999952014e-10	0.112345	0.003793	1.4386849000000035e-05	0.012621399025	0.0532711	0.0119078	0.00283781009521	0.00014179570084	-0.00202576	0.0	0.0	4.103703577600001e-06	-0.00147961	0.00018049	3.257664010000006e-08	2.1892457520999995e-06	0.00183165	-6.710000000000006e-05	3.3549417225e-06	4.502410000000008e-09	0.0	0.0	0.0	0.0	0.0	0.0	0.0	0.0	0.0	0.0	0.0	0.0	0.0	0.0	0.0	0.0	0.0	0.0	0.0	0.0	0.0	0.0	0.0	0.0	0.0	0.0	0.0	0.0	0.0	0.0	0.0	0.0	0.0	0.0	0.0	0.0	0.0	0.0	0.0	0.0	0.0	0.0	0.0
329.7233906566409	-0.46006555502953	0.2116603149246295	108717.51434611184	364.5349671831067	0.037016707298676	0.0013702366192358	132885.74229918866	226.80299357812152	-0.0291567765180786	0.0008501176169251	51439.59789599743	226.4084582191556	377.2040664764783	1.366667	30.220224	0.0733998	0.0356101	-0.0836652958	0.0469845936	0.0044271432	0.1340369602	-0.0511194444	0.0001154929	-0.033480841	0.1002041831	0.1085769516	0.1066889042	-0.144318651	0.0731925002	-0.0359525222	0.0426381356	0.006007549	0.0905271366	-0.0084187463	0.0120885089	-0.0085259595	-0.0310071149	-0.0222533691	-0.0160615784	-0.1288036651	-0.112505241	-0.0050600871	-0.029009243	0.1093445596	-0.0081476664	0.1787037192	0.0576438923	-0.0817524911	0.0040536379	-0.0460304841	-0.0968123911	-0.0352908933	-0.2322343577	0.1211344589	-0.0234942801	-0.1030480932	-0.0305672476	-0.0260427806	0.0241858707	0.0953206151	-0.0186968579	-0.0870080622	0.0018640365	-0.1281273421	-0.008449593	0.2815952875	-0.0191732326	-0.1357153662	-0.0845041466	0.0360309354	-0.0921693553	-0.1078923672	-0.0944727815	0.0238631029	0.1179744972	0.0292578739	-0.0228430636	-0.0463788098	0.1403408652	-0.2152925328	0.1154619754	-0.0505923197	0.0866513882	-0.0887465715	0.0032701895	-0.0148844592	-0.0072453843	-0.0325184559	-0.0208128047	0.0215462044	-0.1459990842	0.0674357576	0.0968442405	-0.054365727	0.0923040335	-0.0248865484	0.1262468347	-0.1443202533	-0.0475304071	0.0040623596	-0.0640890876	-0.0737905241	-0.0049292523	-0.1854542778	0.1804727514	0.1163801744	-0.0150686087	-0.0872293346	0.0994613759	0.063837849	-0.0577170141	0.0537559038	0.1039863614	0.0712493092	-0.1453168021	0.0181448581	0.2628109835	-0.0673904585	-0.057864482	0.0727896546	-0.0695124365	-0.1134323184	-0.0277239226	0.1676460831	-0.1482343299	0.0113550488	0.0042884407	0.1256435307	-0.0861310247	0.0042057695	0.0604206887	0.2324402338	0.0476998547	0.0350274264	-0.0643093164	0.0752868858	0.0069245326	0.099125411	-0.0994600541	-0.0631721337	0.0928085218	0.0013112904	0.0065556074	0.0626440091	0.0964701044	-0.1164891629	-0.1497922583	-0.1043183008	0.1305922332	-0.0176036814	0.0115607607	-0.0093983699	0.0984740451	0.3852339348	-0.0722556045	-0.049008162	0.1515658584	0.0666841009	-0.0796436494	-0.0133823145	0.0974781683	0.077965	-0.0116351999999999	0.006078541225	0.0001353778790399	0.0983422	-0.0140027999999999	0.0001960784078399	0.00967118830084	0.0336348	-0.0196363	0.00113129977104	0.00038558427769	-0.00168518	0.00034058	1.1599473640000006e-07	2.8398316324e-06	-0.00127231	0.0002072999999999	4.2973289999999964e-08	1.6187727361e-06	0.00184628	1.4630000000000068e-05	3.4087498384e-06	2.14036900000002e-10	0.0	0.0	0.0	0.0	0.0	0.0	0.0	0.0	0.0	0.0	0.0	0.0	0.0	0.0	0.0	0.0	0.0	0.0	0.0	0.0	0.0	0.0	0.0	0.0	0.0	0.0	0.0	0.0	0.0	0.0	0.0	0.0	0.0	0.0	0.0	0.0	0.0	0.0	0.0	0.0	0.0	0.0	0.0
330.14130959339246	0.4179189367515619	0.174656237695556	108993.2843000402	363.8652600281991	-0.6697071549075986	0.4485076733344302	132397.92745538894	226.759159549304	-0.043834028817514	0.0019214220823746	51419.71643950671	226.36285882074995	378.1004278225825	1.219993	26.976919	0.0665854999999999	0.0458653	-0.1044539721	0.0707401307	-0.0632337765	0.0303110389	0.0094474099	0.0054776921	-0.0839355188	-0.0197671019	0.0579455012	0.0610115137	0.1998515396	0.0122359148	0.1128065918	0.1075366666	0.0446007155	0.0562924669	0.0063009451	0.0390989982	0.0328520894	0.0615994058	-0.033793881	0.1317561384	0.0435963652	0.0089323023	0.0608150144	0.0143887077	-0.0106896685	0.0462046756	-0.0116037728	-0.0063014063	0.0789473339	0.0207259355	0.1591135196	-0.0366031805	-0.0598850371	-0.0829187217	0.078607415	0.0727581837	0.0182613039	-0.0817252993	-0.1577370298	-0.0771815438	0.0532991758	-0.1216106323	0.0372849779	-0.0142475896	0.0014697768	-0.0261085461	0.0270706896	-0.0176855729	0.1070410415	-0.0321270864	0.0144796259	-0.1234976173	0.0223231862	-0.0591584093	-0.1593608126	-0.1021615987	-0.0396412372	0.0626398365	-0.1249300706	0.0948382296	-0.2262007747	-0.0804274573	-0.1477450694	0.0045540295	-0.0563361521	0.0119658844	-0.0376832243	0.0324652579	0.0619238721	-0.0384956237	-0.1105194337	0.0372585598	-0.0671066137	-0.0053946275	0.0227643416	0.0053716629	0.0678331252	-0.0098043469	0.0231537142	0.0736130141	0.0219259818	0.1560059207	-0.0517362636	0.0009389368	-0.0992591492	0.0283910391	-0.0478515681	-0.0772801815	-0.1208986985	0.1306672112	-0.0617305161	-0.0636574527	0.0891622201	-0.0935921903	0.0262014032	-0.0161231172	-0.0380043686	-0.0098758064	0.0091416303	-0.0841077449	-0.107555028	-0.0355360378	-0.1315119529	0.0368366451	0.0676003931	0.0845342714	-0.0853480051	0.0704234782	0.1433516266	-0.2183667122	0.0368994169	0.2224679607	0.0045209519	-0.0811487491	0.056072435	-0.055806071	0.0616560213	-0.0558627185	-0.0175819575	0.0973257253	0.0509750745	-0.0386499114	-0.0458759066	0.1098258557	0.0729820794	-0.0659380202	-0.0060601714	0.0108026701	0.1260763423	-0.0860005098	-0.0128033565	-0.0247848202	-0.0319842228	-0.0760404366	0.0715020267	-0.0793479281	-0.1750236078	-0.0131511864	0.0629702883	-0.081623307	-0.008040184	0.0926047444	0.0839483	0.0059832999999999	0.00704731707289	3.579987888999996e-05	0.143387	0.0450447999999999	0.0020290340070399	0.0205598317689999	0.0343632	0.0007284	0.00118082951424	5.305665600000059e-07	-0.00156694	0.00011824	1.3980697600000034e-08	2.4553009636e-06	-0.00117824	9.406999999999992e-05	8.849164899999985e-09	1.3882494976000002e-06	0.00193055	8.427e-05	3.7270233025e-06	7.101432900000001e-09	0.0	0.0	0.0	0.0	0.0	0.0	0.0	0.0	0.0	0.0	0.0	0.0	0.0	0.0	0.0	0.0	0.0	0.0	0.0	0.0	0.0	0.0	0.0	0.0	0.0	0.0	0.0	0.0	0.0	0.0	0.0	0.0	0.0	0.0	0.0	0.0	0.0	0.0	0.0	0.0	0.0	0.0	0.0
330.30118639438854	0.1598768009960736	0.0255605914967381	109098.8737335406	365.55202320534113	1.6867631771420406	2.845170015762311	133628.28166951827	226.6386272905779	-0.120532258726115	0.0145280253936191	51365.067380157474	226.25667494933296	386.9811129063493	1.436983	31.775074	0.0445262999999999	0.0198655	-0.1101358591	-0.0141246175	0.0696431969	0.0719200683	-0.1461184452	-0.0033870373	-0.0691426763	-0.0122898819	0.0472230584	0.0509009353	-0.0955607849	0.0385422595	-0.001598867	0.0376970736	-0.1180430947	0.0526680818	0.0519936734	0.0507577465	-0.1286903058	0.0089247507	0.019683041	-0.0155780766	-0.0048790373	0.0189747434	0.0505992307	0.0152506052	-0.0412003801	-0.0096545701	0.1134462256	-0.0499248095	-0.1496565075	-0.1130931453	-0.1127643052	0.1586007088	-0.1646802065	0.0860811629	-0.1219875786	-0.0241599808	0.0335218971	-0.0238384176	0.0378792685	-0.088663341	-0.1195025394	-0.0695000198	0.0938612928	-0.1032701717	-0.0426432565	-0.1382271028	-0.0203168531	-0.0331115669	-0.0447741359	-0.0081653307	0.1268180552	-0.1584466422	-0.0462407926	-0.0779542356	-0.0766958792	-0.0568993404	-0.0430671281	-0.0518949143	0.1267535465	0.0843218984	0.0219764854	-0.0473488511	0.0513683422	0.0668122456	-0.0543553094	0.0787116903	-0.0401849421	-0.1139002852	0.0135198306	0.0083035502	-0.0023583665	0.0100801531	-0.0479897481	-0.0265621615	-0.0218450554	-0.0339301146	-0.0603314754	0.1151775343	-0.0513231826	-0.1323982917	-0.0864012461	-0.0684939385	0.1527213186	-0.2401470444	0.0964576543	-0.0453800945	-0.0411336859	0.0536394724	-0.0043750156	-0.0805464272	-0.0767666121	0.0253493056	0.0132920221	-0.1610182895	-0.0615386656	-0.0693946843	-0.1163006466	0.0368254577	-0.0486917453	0.0690281923	0.0257100136	-0.0861502979	-0.1927383502	-0.0121703992	0.0523721402	0.1047130254	0.0027102398	0.0343399775	0.0205427109	0.0260729795	-0.1496589563	-0.0318483495	-0.0608119247	0.035981848	0.0767558376	-0.0626946403	0.1147492337	0.0701150801	0.0688429088	-0.0250223575	-0.0442776542	0.1123831153	0.0888006298	0.06492383	0.0186421994	-0.0186156984	-0.0379525718	0.0075725373	-0.0198288498	0.0276543779	-0.0644270025	0.0994547344	0.0134168292	0.0267067011	0.1131075789	-0.0116600112	0.0105949628	0.031184989	0.144746647	-0.0835618648	-0.0026818616	0.0873117978	0.0896446	0.0056963	0.00803615430916	3.244783369000001e-05	0.135919	-0.0074679999999999	5.5771023999999625e-05	0.018473974561	0.0261457	-0.0082175	0.00068359762849	6.752730625000004e-05	-0.00187527	-0.00030833	9.506738890000009e-08	3.5166375729000003e-06	-0.0013328	-0.0001545599999999	2.3888793599999997e-08	1.7763558400000002e-06	0.00193055	0.0	3.7270233025e-06	0.0	0.0	0.0	0.0	0.0	0.0	0.0	0.0	0.0	0.0	0.0	0.0	0.0	0.0	0.0	0.0	0.0	0.0	0.0	0.0	0.0	0.0	0.0	0.0	0.0	0.0	0.0	0.0	0.0	0.0	0.0	0.0	0.0	0.0	0.0	0.0	0.0	0.0	0.0	0.0	0.0	0.0	0.0	0.0
328.5964075323095	-1.7047788620790243	2.906270968591453	107975.59904313963	364.0642745984481	-1.4877486068930352	2.213395917312167	132542.79603889422	226.2355315698576	-0.4030957207202732	0.1624861600629965	51182.51574469605	225.8437868855296	370.2373264640305	1.48707	32.882614	0.0687064999999999	0.0440824	-0.0330140095	-0.0277579037	0.0994266221	0.094326509	-0.1467724391	0.0381766147	0.0766074899	-0.0397601223	0.0164024827	0.0459742298	0.1741817021	-0.0878176098	-0.0713077797	0.0245411835	-0.1034976193	-0.0109198645	-0.0366965524	0.0010362573	-0.1296609327	0.0160892143	0.0253428976	0.0428764583	0.0397654064	0.0293522011	-0.0496010062	-0.0307679289	0.0385480277	-0.0851785559	-0.0492060241	0.0860281312	0.0748769833	0.0256406814	-0.0131969194	-0.0760009811	-0.1052357842	-0.0229669904	-0.1179127545	-0.1007859876	-0.0352498343	-0.1737017475	-0.133327508	-0.0168493124	0.0602639299	0.0530852343	0.009895987	0.0584709876	0.0049613144	-0.1022386229	0.023724576	-0.0636115588	0.1466382913	0.0831566984	0.0313016805	-0.0341271808	0.0890638521	0.0289636918	-0.0576704666	0.1878481799	-0.0244502482	0.1935767924	0.1896869455	0.0570358423	0.0111792209	-0.0516889461	0.089271347	0.0171375073	0.0091266959	-0.0158921885	-0.0092874194	-0.1370243589	0.0167107177	0.0155355593	-0.0493179857	0.0530050965	0.0507143722	-0.0303032102	-0.0101464286	0.0220028451	-0.0589969353	-0.0986212373	-0.0101176768	0.0998774616	0.0175779675	-0.0221095263	-0.1148411797	-0.1042565986	0.0876841178	0.0415409174	0.0289886662	0.0753856426	-0.1915493939	0.1013324154	-0.0129104087	-0.04997697	-0.0572930355	-0.0029693907	0.0028788488	0.0584700225	-0.0992621328	-0.0438330497	-0.1011675733	-0.0506452381	-0.1596600285	-0.028508345	-0.0205382372	0.0840135515	-0.0319455343	-0.1612053029	-0.0921979092	0.0108409366	-0.1681226217	-0.0454684488	-0.2094387158	-0.0403100563	-0.0394854555	0.0303985805	0.0086465179	-0.0319110664	0.0858709439	0.0964921013	-0.0899634855	0.0792139507	0.0784402904	-0.0139878599	-0.0349161413	0.0549268032	0.0500160155	-0.0464281672	-0.0319071613	0.1069469955	-0.0357642815	-0.0096330099	-0.0471695375	-0.0196095161	0.2079222741	-0.048780927	0.0510379604	-0.135693933	0.0459194491	0.0756012956	0.0688120312	-0.0854583468	0.0026818616	0.081623307	0.0896355	-9.099999999998e-06	0.00803452286025	8.280999999996356e-11	0.165396	0.0294769999999999	0.0008688935289999	0.0273558368159999	0.0539146	0.0277689	0.00290678409316	0.0007711118072099	-0.0021008	-0.0002255299999999	5.086378089999992e-08	4.41336064e-06	-0.0013293	3.500000000000031e-06	1.2250000000000216e-11	1.76703849e-06	0.00193055	0.0	3.7270233025e-06	0.0	0.0	0.0	0.0	0.0	0.0	0.0	0.0	0.0	0.0	0.0	0.0	0.0	0.0	0.0	0.0	0.0	0.0	0.0	0.0	0.0	0.0	0.0	0.0	0.0	0.0	0.0	0.0	0.0	0.0	0.0	0.0	0.0	0.0	0.0	0.0	0.0	0.0	0.0	0.0	0.0	0.0	0.0	0.0
327.93618008718687	-0.6602274451226435	0.4359002792931732	107542.13821017586	362.2645393409985	-1.7997352574495835	3.2390469969071187	131235.59646394587	225.89460050106345	-0.3409310687941627	0.11623399366913	51028.370535535054	225.5192684119856	364.4072634233288	1.388508	30.703178	0.0532065999999999	0.032623	0.0447176815	-0.0972589487	0.0027942907	0.1676621067	-0.0220759698	0.0805994003	0.1540502732	0.0366887821	-0.0428976185	0.0640399782	-0.001239735	0.0590904035	0.0449496147	0.1131049076	-0.2084729916	-0.0996852853	-0.0724630296	0.0037716388	-0.1250723568	0.0445245616	0.0682761479	-0.0299532434	0.1213145856	0.013375785	0.0689755735	0.015993404	0.0854713717	0.0487154873	-0.0005546694	0.0133690899	0.0641173541	-0.0297933423	-0.0427572631	0.0859717754	0.0886596531	-0.1761734877	-0.0004243885	0.0627212612	0.0213521161	-0.0326324724	-0.0268006003	0.0179346523	0.0296911931	0.0695069129	-0.205632942	0.0372599907	-0.1199923624	0.1071898621	-0.1911005908	-0.0058681164	0.0004201872	-0.085365698	-0.0461390931	0.044550518	0.0506235774	0.0075455801	0.0416716628	-0.0193167017	-0.0920974912	-0.0202031653	-0.0279035653	-0.0295429001	-0.0095315651	0.1455194577	-0.015363735	0.0058691253	0.0976402161	-0.0543237665	-0.0131013017	-0.1415357043	0.0410346979	0.0690605886	0.0182854868	0.1166240906	-0.066953852	0.0019530449	0.0009492788	0.1002460893	0.0532509476	0.0045077943	0.0085377605	0.0608362839	-0.0145223631	-0.0450755335	0.0974718531	0.0683332702	-0.035476885	0.1612356435	-0.0171433495	-0.0900496843	-0.0393569682	0.0219981496	-0.0289099198	0.0238026559	-0.0473908124	0.1504532874	0.0812775931	-0.0853229837	0.0479266749	-0.2345841654	0.0520789196	-0.0554575775	0.1446657971	0.0261454792	0.035673211	0.0487831195	-0.018665739	0.0088967123	0.0301180222	0.0751608906	0.0039589216	0.0315476326	0.0476540141	-0.0646804961	0.1285791039	0.0114041914	-0.0053362418	-0.0654639026	0.0220916573	0.0560286459	-0.0545225972	-0.0336412486	-0.0230798463	0.0657817138	0.1282613392	0.1445726064	-0.1244282474	-0.0261363072	-0.0777257638	0.0510861215	-0.0217294387	0.0451288522	0.0123833268	0.1321613639	0.1140483118	0.0051234409	0.0344083518	-0.0516413383	0.0122343775	-0.0596466034	-0.0089388976	-0.0873117978	0.008040184	0.0755650422	0.095617	0.0059814999999999	0.0091426106889999	3.577834224999984e-05	0.135598	-0.0297979999999999	0.0008879208039999	0.018386817604	0.0421245	-0.0117900999999999	0.00177447350025	0.0001390064580099	-0.00214345	-4.264999999999998e-05	1.8190224999999983e-09	4.594377902499999e-06	-0.00125921	7.009000000000008e-05	4.912608100000011e-09	1.5856098240999998e-06	0.00193055	0.0	3.7270233025e-06	0.0	0.0	0.0	0.0	0.0	0.0	0.0	0.0	0.0	0.0	0.0	0.0	0.0	0.0	0.0	0.0	0.0	0.0	0.0	0.0	0.0	0.0	0.0	0.0	0.0	0.0	0.0	0.0	0.0	0.0	0.0	0.0	0.0	0.0	0.0	0.0	0.0	0.0	0.0	0.0	0.0	0.0	0.0	0.0
328.3743797408727	0.4381996536858423	0.1920189364903921	107829.73327020288	361.82409068754055	-0.4404486534579632	0.193995016332933	130916.67260186556	225.67178841606844	-0.222812084995013	0.0496452252198249	50927.75608690676	225.30781683656093	354.8309707418468	1.522586	33.667965	0.0490603999999999	0.0238449	0.0551594027	-0.0159251635	-0.0790746806	0.0599056197	0.1235743531	0.1086405713	0.0791846714	0.0926111353	-0.0061116361	-0.0201319949	0.1097825856	0.0211245528	-0.1050638933	-0.0367852522	0.0473277465	-0.1741554215	-0.177637994	-0.0476478892	0.0219683647	-0.0917135214	0.0863970675	-0.0152539723	0.0965887212	0.0556061271	-0.0950341111	-0.0504558154	0.0415292901	0.1184422153	0.1012922274	-0.0295961877	0.0964354293	-0.0497950943	-0.0670919792	-0.0684384173	-0.01958659	0.0019642002	0.1289225011	-0.0473579327	0.1142145255	0.0054792447	0.1128061582	-0.0470614171	0.0500623514	0.1122917909	0.115101193	0.0173615021	0.0265803499	-0.0875214468	0.0661240603	0.1632752664	0.0572329372	0.0368618591	0.1392633622	0.0444205461	-0.0305863107	-0.0161680147	0.0306709144	0.0716521308	0.0374964012	-0.0765066455	0.1490828239	-0.090415287	-0.0407143281	-0.1080195866	-0.1352291732	-0.0683188224	0.1722828113	-0.1912566409	0.0131164699	-0.0163463921	-0.098307974	0.0805318453	7.68828e-05	0.0876252988	0.1133120036	-0.0472026935	-0.0539964027	0.0143548992	0.1006335581	0.1117084618	-0.0143650828	0.0826305493	-0.0573538144	-0.0504010173	-0.0417346095	0.0268624557	-0.1561837944	-0.0469493778	-0.0746805376	0.0962377109	0.0096143465	-0.1172729698	-0.0228210046	-0.0502664974	-0.0981963536	0.0498096261	-0.0730767417	0.035894129	-0.0983218127	0.097722694	0.1390313896	0.0283864222	-0.1026107793	-0.1153298129	0.0390128892	-0.0285316696	-0.0312094865	-0.0377321983	0.0331969182	-0.0804299814	-0.0343325407	0.148439506	-0.1083511261	0.1090019909	0.0191775066	-0.158269768	0.0110661516	-0.0402915171	-0.0558635658	-0.0062565786	-0.1542449491	0.0300056508	0.0405017806	-0.0033683828	-0.0497444182	-0.0481180534	0.0816360067	0.1212470912	-0.0665212648	-0.0706483924	-0.0128812172	-0.1205311194	0.0684429059	-0.1601375747	0.0372319508	0.1764331684	-0.0655806553	-0.0843081579	-0.0740355699	-0.0452991543	-0.0102015377	-0.0891212848	0.0133823145	0.0691644489	0.100657	0.00504	0.0101318316489999	2.5401600000000028e-05	0.135335	-0.0002629999999999	6.916899999999235e-08	0.018315562225	0.0513429	0.0092183999999999	0.00263609338041	8.49788985599999e-05	-0.00180992	0.0003335299999999	1.112422608999999e-07	3.2758104064e-06	-0.00136178	-0.0001025699999999	1.0520604899999992e-08	1.8544447684e-06	0.00218523	0.0002546799999999	4.775230152899999e-06	6.486190239999989e-08	0.0	0.0	0.0	0.0	0.0	0.0	0.0	0.0	0.0	0.0	0.0	0.0	0.0	0.0	0.0	0.0	0.0	0.0	0.0	0.0	0.0	0.0	0.0	0.0	0.0	0.0	0.0	0.0	0.0	0.0	0.0	0.0	1.0	0.0	0.0	0.0	0.0	0.0	0.0	0.0	0.0	0.0	0.0
329.5892644866483	1.2148847457755778	1.4759449455181903	108629.0832648498	361.3564236109689	-0.4676670765716721	0.2187124945090942	130578.46488491	226.03932174805595	0.3675333319875165	0.135080750121846	51093.77497632116	225.65162566652785	362.57229744467605	1.198025	26.491146	0.0288063	0.0154206	-0.0166715232	0.0585040229	-0.1040360465	-0.0495519187	0.1261188939	-0.0601626408	-0.0855234259	-0.0117951581	-0.0624658781	-0.0581352733	0.1060276704	0.048024164	-0.0080285338	-0.0020739538	-0.03948962	-0.1398716043	0.0342823247	0.0832314244	0.1336990702	0.0310075253	0.0492182528	-0.0416135126	-0.0306856706	-0.0553317113	0.1183593564	-0.003388589	-0.0915115537	0.0938108261	0.0026879285	-0.2152402387	0.1319095832	-0.0716597819	-0.1052491841	-0.0382565988	-0.0140228951	0.0317789312	0.0585786273	0.004960216	-0.1407891903	0.0023146919	-0.0226627498	0.1266257152	0.1050858894	-0.0226531631	-0.1814374093	-0.1243078361	-0.0196652237	-0.1093071201	0.0595506501	-0.0614940377	-0.0294566275	0.0320807126	0.0531701695	-0.0758920263	0.0324357208	-0.1221171615	-0.1451375796	-0.0215382986	-0.092773028	0.0221876633	-0.0674023157	-0.0626179779	-0.0459628264	-0.0591609985	0.0858763143	-0.0209975104	0.1415476762	0.0154068128	-0.0749030844	0.1399101251	0.026781026	0.0660665972	0.0399267034	-0.0186777062	-0.1171832109	0.0504649558	-0.015022214	-0.069469634	0.0655303604	0.134134699	0.2193483417	0.0314036398	-0.1081759607	-0.0946139246	-0.0144384853	-0.0050919077	-0.0506235638	-0.0683776899	0.1299418284	-0.0401667628	-0.0163333399	0.0412372756	0.1193827822	-0.0070054833	-0.0209229705	0.0185702953	0.2191848525	-0.1246183951	-0.0559319565	0.0112699087	-0.1132011668	0.0427755214	-0.0473651376	-0.0575213482	-0.0788586244	0.0763658378	0.1248164101	0.109008087	-0.0661565295	0.0851842796	-0.0455629492	0.0016427473	0.0429317561	0.1005736109	-0.0842282287	0.0699754792	-0.010473443	-0.0051068317	0.0045041289	-0.1350538921	0.0359923458	0.015376774	0.0183167819	-0.0145567379	0.1105815589	0.1330015578	0.0429933314	-0.0245303799	-0.0157321283	-0.0339666178	0.0310842595	0.1588580744	0.0811929688	-0.0922458714	-0.1348073443	-0.0183723161	-0.0541264451	-0.0245226657	-0.0520015145	-0.046800668	0.0055072406	-0.0908858965	0.0186974948	0.0624505233	0.101918	0.0012609999999999	0.0103872787239999	1.5901209999999955e-06	0.121521	-0.013814	0.000190826596	0.014767353441	0.0526327	0.0012898	0.0027702011092899	1.6635840400000017e-06	-0.00188695	-7.703000000000007e-05	5.93362090000001e-09	3.5605803025000003e-06	-0.00144261	-8.083000000000005e-05	6.533488900000008e-09	2.0811236121e-06	0.00209426	-9.096999999999968e-05	4.385924947600001e-06	8.275540899999942e-09	0.0	0.0	0.0	0.0	0.0	0.0	0.0	0.0	0.0	0.0	0.0	0.0	0.0	0.0	0.0	0.0	0.0	0.0	0.0	0.0	0.0	0.0	0.0	0.0	0.0	0.0	0.0	0.0	0.0	0.0	0.0	0.0	0.0	0.0	0.0	0.0	0.0	0.0	0.0	0.0	0.0	0.0	0.0
331.0769329257812	1.4876684391329036	2.213157384792129	109611.93551554222	365.3293342385516	3.972910627582735	15.78401885475984	133465.52245518335	226.9932752728684	0.953953524812448	0.9100273275020938	51525.94701910421	226.6015870841237	388.2483620931458	1.672373	36.980106	0.0611357999999999	0.0339793	-0.1147457107	-0.0364847243	0.0637514889	-0.0452798203	-0.0999369595	-0.0140110972	-0.1141847453	0.0136889469	0.0104043279	-0.1464375342	-0.077204372	0.1038864113	-0.0649140164	-0.0385019715	0.0166828394	0.0615418744	0.1113691904	0.1441519765	0.0275033137	-0.0693202848	0.0658470556	0.0084694715	-0.0091162542	-0.0176407628	-0.1491051758	0.0424779984	-0.0254638292	-0.0853644715	-0.061006121	0.044728722	0.1425715996	0.128399565	-0.0065414772	-0.1412281336	0.0857305146	-0.0941693198	-0.1935876939	-0.1015206107	-0.0323908041	-0.0285494916	0.165152256	0.1904888166	-0.018867209	-0.0479569347	-0.1414086657	-0.097419496	0.0015411471	0.0736581991	-0.0906246767	-0.004138844	0.2049905366	0.1578283833	0.0058026971	0.0636212585	-0.0414166545	0.0227636636	-0.1935996254	-0.0118568719	0.0442396839	-0.177764213	0.1016599262	0.0148117772	-0.0029145899	-0.1715255745	0.0299152276	0.1496840215	-0.0604602616	0.1190133763	-0.1239319653	0.044086944	-0.0731713033	0.068658346	-0.0165543404	0.0091329449	0.1289779576	0.0031315175	0.0855344428	-0.025129742	-0.0514864714	-0.0844109803	0.0374888342	0.1358697759	0.0516675415	-0.0433838157	-0.1717839901	0.0459045321	0.1550116119	0.1882803499	0.0789097061	0.0581576093	0.0421671461	-0.1519281379	0.1643000702	0.1292752143	-0.0017634747	-0.0044978275	0.1429594511	-0.0604731888	0.0968989147	-0.1905659128	-0.011916393	0.052443939	-0.2050590714	-0.0080769997	0.0766456351	-0.0558226634	0.0097864763	0.1046899625	-0.1531469687	-0.0752530494	0.1215698202	0.1031901963	-0.1218443563	0.0618252731	-0.1394707258	0.0170652622	0.1804174659	-0.0897889343	0.0815811756	0.0447596373	0.0751073752	0.0210680729	-0.0233539862	0.0699111753	0.0882934636	-0.0500282364	0.0706343635	0.0703588905	-0.0439598986	0.0169655309	0.0427324627	0.0611803021	-0.0057814315	-0.053150315	0.0335813235	-0.0594182	-0.0447330414	0.0549356598	0.1147053952	-0.0568902929	0.0347684525	-0.0926047444	0.0239750208	0.0554536812	0.101688	-0.0002299999999999	0.010340449344	5.2899999999997284e-08	0.137011	0.0154899999999999	0.0002399400999999	0.018772014121	0.0263924	-0.0262402999999999	0.00069655877776	0.0006885533440899	-0.00222254	-0.0003355899999999	1.1262064809999984e-07	4.939684051599999e-06	-0.00143835	4.260000000000071e-06	1.8147600000000605e-11	2.0688507225e-06	0.00213792	4.366000000000005e-05	4.570701926400001e-06	1.9061956000000047e-09	0.0	0.0	0.0	0.0	0.0	0.0	0.0	0.0	0.0	0.0	0.0	0.0	0.0	0.0	0.0	0.0	0.0	0.0	0.0	0.0	0.0	0.0	0.0	0.0	0.0	0.0	0.0	0.0	0.0	0.0	0.0	0.0	0.0	1.0	0.0	0.0	0.0	0.0	0.0	0.0	0.0	0.0	0.0
330.14737676447174	-0.9295561613094492	0.8640746570283587	108997.29038446206	365.4551244095668	0.1257901710151827	0.0158231671240289	133557.44795721193	227.54500862920943	0.5517333563410318	0.30440969649934	51776.730952067	227.1397627102256	381.76615831859766	1.361057	30.096182	0.0450856	0.0269734	-0.0865102676	-0.0678211402	0.219322431	-0.0867772107	-0.1685614105	0.0684598483	-0.0246091578	-0.0730884879	-0.0182794964	-0.1191595503	0.0885894749	-0.091470536	-0.0801301657	-0.1458902857	-0.0064809589	0.256783326	0.0226107095	0.0697411304	-0.0547312466	0.0162596659	0.0303479973	0.0573722471	0.0424077046	-0.0705390281	0.0034599316	0.1125753883	0.1322238832	0.0023047507	-0.0392813482	0.1230288824	-0.0704963941	-0.1297381731	-0.0927642165	-0.0716851995	0.0334572837	-0.0910208759	-0.0936940439	0.2400547489	0.1898447662	0.0594436706	-0.1140225699	0.0204093245	0.0827203969	-0.0076490801	0.0498714552	0.2076842359	0.1294611283	-0.1235404524	-0.0410601647	0.0151117457	-0.0166000503	-0.0508707217	-0.068252553	-0.0302685949	0.0810269551	-0.0845432913	0.0025487045	-0.0541950586	-0.0416547265	-0.0068686199	-0.0369619365	0.0511319511	0.0152911178	-0.1371715758	-0.0046914974	-0.0380746743	-0.255042145	0.0471582154	-0.0643169002	-0.0437451997	0.014519923	0.020819481	-0.0589673681	0.042466793	0.0021435298	0.0569540962	0.0899193846	0.137000881	0.0373044743	-0.0647823034	-0.101996114	-0.0572146498	-0.1155077109	-0.1095908807	-0.0631926592	0.017090654	0.0656277854	0.0672366876	-0.2613545753	-0.212977175	0.0268444371	0.118839045	0.0514109583	-0.07269779	0.0335607328	0.0959533877	-0.0524725642	0.1866276138	-0.1767946687	0.0047742059	0.0168190262	-0.0382309304	0.0190810752	0.0709283959	-0.0414269387	0.089877735	0.0627458118	0.0460636303	0.0494699713	0.0430649064	0.0704569815	-0.050366193	-0.0023098477	0.0317595384	-0.1638636849	-0.0205125582	0.0229632312	-0.0959028529	0.0369461064	0.1290707294	0.0062334165	-0.0004107384	0.0318418045	0.0301716493	-0.0431920862	-0.0182052476	0.1911817479	-0.0072825221	-0.0399072334	0.0327288379	-0.1035107862	0.0090588336	-0.0792841182	-0.019089536	-0.0085103368	-0.0557771586	-0.1299039287	0.0001023962	0.0246249028	0.0962366147	0.0787884025	-0.094276963	0.0292042644	0.0482056202	0.100155	-0.001533	0.0100310240249999	2.35008900000002e-06	0.137292	0.000281	7.896100000000196e-08	0.018849093264	0.032489	0.0060965999999999	0.0010555351209999	3.716853155999996e-05	-0.00174424	0.0004782999999999	2.287708899999999e-07	3.0423731776e-06	-0.00149618	-5.7830000000000034e-05	3.3443089000000038e-09	2.2385545924e-06	0.00193055	-0.00020737	3.7270233025e-06	4.300231690000005e-08	0.0	0.0	0.0	0.0	0.0	0.0	0.0	0.0	0.0	0.0	0.0	0.0	0.0	0.0	0.0	0.0	0.0	0.0	0.0	0.0	0.0	0.0	0.0	0.0	0.0	0.0	0.0	0.0	0.0	0.0	0.0	0.0	0.0	0.0	0.0	0.0	0.0	0.0	0.0	0.0	0.0	0.0	0.0
328.7872130103711	-1.360163754100654	1.850045437969184	108101.03143912714	362.6157988209053	-2.839325588661495	8.061769798427946	131490.21755452326	227.22214060840736	-0.3228680208020762	0.1042437588566499	51629.90118266684	226.83090347551672	361.7326358050792	1.399055	30.936403	0.0401208	0.0185261	0.0294622647	-0.0930105494	0.1829939255	-0.1004156268	-0.0638313429	0.1586048611	0.1171544875	-0.1169754473	0.0144410992	-0.0528041987	0.03559919	-0.1268513099	0.0610642873	0.0222525809	0.0351797285	0.1907535293	-0.0843469746	-0.0012976268	-0.0683868073	0.0124966525	-0.023322414	0.0455796805	-0.0492867571	-0.0317854603	0.0074447863	0.0572510796	-0.0286407011	0.0046380991	-0.128958752	0.0814124238	-0.0135506251	-0.1239678282	-0.050942353	0.0247469342	-0.0620807786	-0.0542412365	-0.033927373	-0.0653386455	0.0023541702	-0.0813481857	0.0038786183	-0.0274850884	-0.0575358668	0.0170234219	-0.1666671853	0.052910678	-0.0644399411	-0.0226728244	0.0543202759	-0.0155428367	-0.0057170969	-0.1090654803	-0.1184496614	0.1590984458	-0.0323629169	-0.0107161383	-0.0071462805	0.0400276872	0.1795454658	-0.0845571381	0.0694201133	-0.0824357128	-0.0073077789	0.0184127784	-0.1182732214	0.0601328842	-0.1912284322	-0.0693031038	-0.0125109216	-0.0795278019	0.0154084608	-0.0326959463	-0.0383908296	-0.0427340732	-0.0228159963	0.018462344	0.0756748997	-0.0005676564	0.0272388991	-0.1390960422	-0.0024178947	-0.0123279877	-0.1413852725	-0.0398889897	0.0397032617	-0.0683486485	0.0199779526	0.0633640535	-0.009410401	0.0505599918	-0.0812775254	0.0012681049	-0.056197991	0.0677631384	0.031439959	0.0961590086	0.0787578894	-0.0549597055	-0.0055954193	0.0171851467	-0.0480836818	-0.1519468429	0.0983292198	0.0725509962	0.1832797663	-0.0388953389	0.0360329475	-0.0067797489	-0.0260505871	-0.1900279475	0.0171164749	0.0798308454	-0.0149655879	0.0523618144	0.0655190912	-0.1003135879	0.0608381979	-0.084711303	-0.0512524398	0.0917383129	-0.0315096649	-0.0811573319	0.0478127455	0.0230888079	-0.0478734344	0.0990425994	0.1185347499	-0.0774453621	-0.0381733705	0.0185214514	-0.0129339508	-0.0353042378	-0.0818831706	-0.010138617	-0.0375328419	-0.1051346438	-0.1346033671	-0.1046787695	0.1097419702	0.0355803908	-0.1182188138	-0.0959017104	0.0343746944	0.0407391756	0.09463	-0.0055249999999999	0.0089548369	3.052562499999987e-05	0.13504	-0.002252	5.071504000000018e-06	0.0182358015999999	0.0448003	0.0123113	0.00200706688009	0.00015156810769	-0.00149092	0.00025332	6.41710224e-08	2.2228424464e-06	-0.00140211	9.406999999999992e-05	8.849164899999985e-09	1.9659124521e-06	0.00187729	-5.326000000000007e-05	3.5242177441e-06	2.8366276000000075e-09	0.0	0.0	0.0	0.0	0.0	0.0	0.0	0.0	0.0	0.0	0.0	0.0	0.0	0.0	0.0	0.0	0.0	0.0	0.0	0.0	0.0	0.0	0.0	0.0	0.0	0.0	0.0	0.0	0.0	0.0	0.0	0.0	0.0	0.0	0.0	0.0	0.0	0.0	0.0	0.0	0.0	0.0	0.0
328.39560998480374	-0.391603025567349	0.1533529296335018	107843.67665729132	362.0511745798508	-0.5646242410545028	0.3188005335863733	131081.0530146496	226.97841595805207	-0.2437246503552899	0.0594017051908083	51519.20131082651	226.60116802806584	356.0562699103277	1.019472	22.542925	0.0201455	0.0106019	0.067585581	-0.0656189454	0.0360149842	-0.1201634608	0.0918376128	0.1009230248	0.0656448227	-0.0933635859	0.031784161	-0.0556381076	-0.0996356539	-0.0002260856	0.0501290327	-0.0605853743	-0.1036657765	0.1351590037	-0.1130128589	0.0255593115	-0.0267980067	0.0538177097	-0.0083923991	0.0530497975	-0.0726367647	-0.0619175522	0.036986606	0.0085720536	0.007051527	0.0308532987	0.0682652159	0.0180183155	0.1313844369	-0.1643966537	0.0036917573	0.0344657409	0.0279053092	0.0191447332	-0.0677028803	-0.0531464993	-0.0491869467	-0.0625945927	0.0273407825	-0.0264008211	-0.075368546	-0.0400531401	-0.0818692799	0.1212582699	0.0471590138	0.087882572	0.067427873	0.115544004	-0.0943907434	0.1545705499	-0.0466831683	-0.1303171443	0.044835484	0.2502407803	0.0571247375	-0.0583324699	-0.1130390426	-0.1462449494	0.096015529	-0.1110640473	-0.0779771804	0.0460288853	0.1053837993	0.0052226566	-0.1355421632	-0.1110653872	-0.0429869305	-0.0347157048	0.0595948317	-0.0175607912	-0.0536867327	-0.0742873737	-0.0289211955	0.0576426906	-0.0020035319	0.0209731951	0.016888272	0.0727451656	-0.0054672512	0.1201785886	-0.1580396276	0.0034350729	0.0380455242	-0.0107157912	0.1171161106	0.0207994114	0.0664109423	0.0167750011	-0.0770447788	0.0012144768	-0.0517830737	0.057158732	0.0802873438	0.1161223844	0.0200961664	0.0673594185	0.1144189582	0.1032533361	0.0964323708	0.1137610233	-0.0259035018	0.150262841	-0.0824139285	-0.0226076109	-0.2526779254	0.0385131216	-0.0192390262	0.1004453588	0.0001657665	0.1953039147	-0.034778855	0.0432552389	0.0761627878	0.1354315538	0.0482360986	-0.044252674	-0.0930546054	0.0060355319	-0.0698416622	-0.1260184207	0.0153384864	0.136736377	0.015795849	0.059984705	0.0206873948	0.0026746295	-0.0127194134	-0.0842841566	-0.0134092518	-0.0225876221	-0.0284013977	-0.0055490389	-0.081792426	-0.0279420862	-0.0564895211	0.0019409486	0.0145745808	-0.1007097261	0.0063818048	-0.0974781683	0.0394758984	0.0330881723	0.0929573	-0.0016726999999999	0.00864105962329	2.797925289999997e-06	0.138681	0.003641	1.325688100000004e-05	0.019232419761	0.0488861	0.0040858	0.00238985077321	1.6693761640000005e-05	-0.00163885	-0.00014793	2.188328490000003e-08	2.6858293225e-06	-0.00138838	1.3729999999999992e-05	1.885128999999998e-10	1.9275990244e-06	0.00193055	5.326000000000007e-05	3.7270233025e-06	2.8366276000000075e-09	0.0	0.0	0.0	0.0	0.0	0.0	0.0	0.0	0.0	0.0	0.0	0.0	0.0	0.0	0.0	0.0	0.0	0.0	0.0	0.0	0.0	0.0	0.0	0.0	0.0	0.0	0.0	0.0	0.0	0.0	0.0	0.0	0.0	0.0	0.0	0.0	0.0	0.0	0.0	0.0	0.0	0.0	0.0
328.2665109518031	-0.1290990330006138	0.0166665603216935	107758.90221247028	361.5710387338728	-0.4801358459779976	0.2305304305930074	130733.61605109174	226.3789172210977	-0.5994987369543594	0.3593987356098722	51247.41416219661	226.0035846077148	356.0495131697452	0.959614	21.219328	0.0472387999999999	0.0262226	0.0550624654	-0.0158327911	-0.0342255532	-0.1360288873	0.0760405338	-7.76075e-05	0.0167275715	-0.1555441304	-0.0146269293	0.0200991142	-0.0306565294	-0.0500371179	-0.09208809	0.0032359411	-0.0322725207	-0.02578292	-0.0881620728	0.0289262978	0.0447082479	0.1131274993	-0.0406228124	0.140525649	-0.0108114875	-0.0405017545	-0.1039869046	0.1121282912	0.1078577072	0.0542449692	0.0172857741	-0.0008529814	0.0772241088	0.0456124334	-0.0765186006	-0.047227065	0.0032526699	0.1410763051	0.0446850016	-0.0026329421	-0.0859520401	0.0341922575	0.1550996025	0.0857865223	-0.079318285	0.052215263	0.092582932	-0.0218031889	-0.015530583	0.0080157752	0.0097191985	-0.0428306606	0.0603156992	-0.1692992102	-0.1260424746	-0.0010236098	0.1466274653	-0.1111808489	-0.1133320811	-0.0080924948	-0.0334246249	0.1119723055	-0.1135308426	-0.0803769165	0.0128161451	0.1223824088	0.0843237075	0.0453003322	0.0240394491	-0.086225945	-0.0362623721	0.0293883981	0.127473575	-0.0514004818	-0.1309294122	-0.0019154583	0.1207772567	0.0323950532	0.0992746088	0.1089218701	0.0385646135	0.0387446839	0.003780541	0.0508993772	0.010575324	-0.0812127974	-0.0145599849	0.0146254501	-0.0257750015	-0.1613900037	0.1204434035	0.0056457099	0.0917023914	-0.1598019001	0.0981745972	0.0535767696	-0.0466141889	-0.06571786	-0.0700505184	0.0349079803	0.0278897551	-0.0421082655	-0.033384111	-0.2215056302	0.0300221227	0.057771246	-0.0098631868	0.1762941214	0.1107421772	0.0618918272	-0.0576146984	0.0537654522	-0.1267016911	-0.0441523341	0.1125588647	-0.049407328	0.067592618	0.0903713161	0.0229832583	-0.0145218309	-0.0692847779	-0.0907065615	-0.0837547205	-0.013491771	0.1122691552	0.1045059293	-0.0046840839	-0.0250444325	0.0720546235	0.0358158647	-0.0007742797	0.0158556376	-0.0102002748	-0.0384104216	-0.0097538148	0.0237932088	0.0796026346	-0.0784090876	-0.0854288864	0.0026164807	0.140543848	-0.0410909167	0.0396210243	-0.0990055431	0.0444976032	0.0252872714	0.097191	0.0042336999999999	0.009446090481	1.7924215689999942e-05	0.146058	0.0073769999999999	5.442012899999992e-05	0.021332939364	0.0601427	0.0112565999999999	0.00361714436329	0.0001267110435599	-0.00200875	-0.0003699	1.3682601000000005e-07	4.0350765625e-06	-0.00150591	-0.00011753	1.3813300900000004e-08	2.2677649281e-06	0.00193055	0.0	3.7270233025e-06	0.0	0.0	0.0	0.0	0.0	0.0	0.0	0.0	0.0	0.0	0.0	0.0	0.0	0.0	0.0	0.0	0.0	0.0	0.0	0.0	0.0	0.0	0.0	0.0	0.0	0.0	0.0	0.0	0.0	0.0	0.0	0.0	0.0	0.0	0.0	0.0	0.0	0.0	0.0	0.0	0.0	0.0	0.0	0.0
328.1668022524509	-0.0997086993522202	0.0099418247265114	107693.45010059922	360.91096786652633	-0.6600708673464624	0.4356935499195111	130256.7267263528	226.12553023346004	-0.2533869876376684	0.0642049655040919	51132.75542336345	225.75641404319524	354.700357104218	0.893359	19.754274	0.0180365	0.0112141	0.0555175166	0.0213575211	-0.0370028432	-0.0054535855	0.0103239824	-0.1015871217	0.0341422754	-0.0720697529	-0.0645540056	0.018759254	0.02570382	-0.0372505669	-0.0404080378	-0.0249664745	-0.0182319581	-0.0762138917	0.0093668118	0.0554388239	-0.0682454136	0.0356427265	-0.0295164048	0.0987658557	-0.1046751504	0.0157550971	-0.0034262001	-0.1633071994	-0.0528173064	-0.0847398855	-0.0790492436	9.7469e-06	0.0284037406	0.0773139041	0.0136292225	-0.0447689697	-0.0147638332	-0.0034877209	-0.0394191288	0.0169863797	0.0028331623	0.0391100961	0.0571034671	-0.0365425428	-0.0494138972	0.1435236788	0.0017455689	0.0360721677	0.1190881132	-0.1463070183	0.1088086156	-0.1152627153	-0.0794110257	-0.0392633894	0.1451459075	0.0799525411	-0.0882507237	0.140059298	0.0256600478	0.0553300841	0.1030260411	-0.0661512523	0.0476129277	-0.048952837	-0.1152514577	0.0744356445	-0.0402774569	0.0293136469	0.0759201432	0.0378379417	-0.0536856159	-0.0569435657	0.045640747	-0.0481260274	-0.0947626674	-0.1059218006	0.0104320384	-0.0257247115	-0.1341456121	-0.0700038794	-0.0641852734	-0.097982687	0.0583652081	0.0277770102	0.0522628306	0.0111409041	-0.0788011662	-0.0061901251	0.0088441355	0.0213520493	0.0049886713	-0.0082673329	0.0650394173	-0.0572101351	-0.0352387722	0.0215288384	-0.0971151926	0.0403913867	0.0041262222	0.1097832403	-0.1067810792	0.1526026606	-0.15038392	0.0062496937	0.0814400275	-0.1300122226	0.0584116591	-0.1363416178	-0.1097391817	-0.0546740541	-0.0332763755	-0.0946020464	0.0091461167	0.0796164782	0.00757407	0.0629401317	0.1314897572	0.0067470644	0.0840893345	0.0245475528	0.0267288472	-0.0465756137	0.0181476684	-0.0119455951	0.1477454842	0.0420817785	0.0349114835	0.005031015	0.0823510184	0.0503359712	-0.004993054	0.0458164051	-0.0466215758	-0.1816967207	-0.080987175	0.0249593667	-0.0874938447	-0.0189522669	-0.0472058748	0.067266244	-0.0770831572	-0.0479793952	0.0202660004	-0.1004830656	0.0494296957	0.0173718128	0.0945352	-0.0026558	0.00893690403904	7.053273639999999e-06	0.136297	-0.0097609999999999	9.527712099999984e-05	0.018576872209	0.0580615	-0.0020811999999999	0.00337113778225	4.331393439999993e-06	-0.00194708	6.167000000000021e-05	3.803188900000026e-09	3.7911205264e-06	-0.00151501	-9.09999999999995e-06	8.280999999999909e-11	2.2952553001e-06	0.00193055	0.0	3.7270233025e-06	0.0	0.0	0.0	0.0	0.0	0.0	0.0	0.0	0.0	0.0	0.0	0.0	0.0	0.0	0.0	0.0	0.0	0.0	0.0	0.0	0.0	0.0	0.0	0.0	0.0	0.0	0.0	0.0	0.0	0.0	0.0	0.0	0.0	0.0	0.0	0.0	0.0	0.0	0.0	0.0	0.0	0.0	0.0	0.0
328.08645555942775	-0.0803466930231593	0.0064555910797578	107640.72232154835	361.3383984648941	0.4274305983677777	0.1826969164210365	130565.4382051746	226.0111932086413	-0.1143370248187523	0.0130729552444039	51081.05945559378	225.63071933846783	353.2053620307647	1.125567	24.888931	0.0190981999999999	0.00977853	0.0465040039	-0.0027681004	0.0759534757	0.0925316841	-0.1031085049	-0.0526126947	0.0845213923	-0.0087510133	-0.0148594094	0.0382684418	0.0915055211	0.0700571855	0.0992501661	0.0212341992	0.0462401563	-0.082665777	-0.0434664687	0.0559577746	-0.14602836	-0.0116946797	0.0230335885	-0.0648746905	-0.1819681533	0.0971297512	0.0324466343	-0.1012471299	0.1108359992	-0.0253044386	-0.0786390364	-0.0342644104	-0.036063051	-0.0065372272	-0.054047377	-0.0125552019	0.0268366044	0.047965127	0.100877977	-0.0035458255	0.1040464717	-0.028396619	0.050222816	-0.0467231416	-0.0272023242	0.0881578313	-0.1547308327	-0.1281587316	0.115829694	-0.1804268087	-0.0399270818	0.086782809	0.025132674	0.0550817656	-0.0668585883	0.0889068677	0.05637847	0.0048456693	-0.0161394654	-0.1282361042	-0.0980883665	0.1211542361	0.0127341382	-0.1055647388	-0.2018671541	0.0072586821	0.020204969	-0.1372616948	0.0807768274	0.0043180212	-0.0642503743	-0.1534903012	-0.0065441018	0.018457477	0.0588423105	-0.1697005753	-0.0130423049	-0.1225004818	-0.1143982547	0.093303643	-0.0322657393	-0.0598085337	0.058130873	-0.0666057986	-0.0006706013	-0.0533191262	-2.55053e-05	0.0457339244	-0.0583745627	-0.0846931647	-0.0815308925	0.0372749936	-0.0174015489	-0.0864205198	-0.0773589555	0.0793080837	-0.1089033996	0.0012570891	0.2046527894	0.0157077765	-0.153932097	0.0111958568	0.0263045522	0.0330411853	-0.0478202498	0.0725044891	0.1193478994	0.0631842438	-0.0590809782	0.1214072479	0.0220140311	0.1267372015	-0.133363683	-0.0716734495	0.0099427382	0.2026422658	0.0647802163	0.0783003401	-0.0935843026	-0.0406439504	0.0325258955	0.0861266238	-0.0041259896	-0.0857266984	0.1161067616	-0.0652657285	-0.0013826381	0.1119723721	0.0451234316	0.0522499638	-0.0692161338	-0.0079184691	-0.0168357994	-0.0205594204	-0.0865360955	-0.0510952701	-0.0705248542	-0.0491297791	-0.0001306541	0.0048060282	0.0113132362	0.0122360871	0.0642733996	-0.1019099918	0.0542622434	0.0093776556	0.0927799	-0.0017553	0.00860810984401	3.0810780900000046e-06	0.133169	-0.0031279999999999	9.78438399999995e-06	0.017733982561	0.0654849	0.0074233999999999	0.0042882721280099	5.510686755999995e-05	-0.00182949	0.0001175899999999	1.3827408099999972e-08	3.3470336601e-06	-0.00149677	1.8240000000000096e-05	3.3269760000000347e-10	2.2403204329e-06	0.00193055	0.0	3.7270233025e-06	0.0	0.0	0.0	0.0	0.0	0.0	0.0	0.0	0.0	0.0	0.0	0.0	0.0	0.0	0.0	0.0	0.0	0.0	0.0	0.0	0.0	0.0	0.0	0.0	0.0	0.0	0.0	0.0	0.0	0.0	0.0	0.0	0.0	0.0	0.0	0.0	0.0	0.0	0.0	0.0	0.0	0.0	0.0	0.0
328.2398367279895	0.1533811685617365	0.0235257828693638	107741.3904152172	360.92666860746857	-0.4117298574255414	0.1695214754956567	130268.06011208544	226.14258313637228	0.1313899277309929	0.0172633131091555	51140.467907591046	225.75848232159493	352.5213989638033	1.087803	24.053888	0.0425258999999999	0.0212795	0.0537684654	0.0057283857	0.007090156	0.026154538	0.080540215	0.064149331	0.0623535356	0.1037257646	0.0685160703	-0.0004239272	-0.0674682991	0.0506818992	0.0847800272	-0.1327251966	-0.0856190334	-0.0830384236	-0.0967017953	0.023060278	-0.06468892	-0.0410525265	0.1024900434	-0.0270067963	-0.1384171176	-0.0248014986	0.0232141689	-0.0243759392	-0.099266098	-0.0677721385	0.1017087195	-0.0213506892	0.1433798617	-0.0353120489	0.0053807341	-0.0769554481	-0.0647145185	0.0861914176	0.1690744474	0.1860091812	-0.1377099962	0.0211213669	-0.1304452968	0.0032764825	-0.1395890665	-0.0684174522	0.1295671404	0.1368470194	-0.0062594012	-0.2154199666	-0.0361199234	0.049584362	-0.0568128439	0.0585388525	-0.0692003237	0.1091129205	0.0284513898	0.0999776984	-0.0072872825	0.0252846833	0.0558214818	-0.0458385084	0.0116216003	0.0261036386	0.0237234529	-0.0629002695	-0.0163320823	0.0599567632	0.0826672895	-0.0850551878	-0.0421887304	-0.072655682	-0.0421094655	0.0892186061	0.0019588664	-0.1474567437	-0.0465063046	0.0159110478	-0.0263121254	-0.1064309751	-0.072651591	0.0936920183	0.0156015612	0.1334495722	-0.0568651941	0.0022101966	-0.0832725854	-0.0064338225	-0.0897323359	-0.1763322127	0.085063121	-0.1936879768	-0.0093756781	0.099341518	-0.0594748466	0.1085500404	0.1439862095	-0.0105340192	-0.1711937189	0.0415311574	-0.2358000197	0.0564171117	-0.002974294	0.0550682177	-0.0081618471	0.068746255	0.1247556947	0.0243838249	-0.0632886066	-0.0446776011	-0.0680450887	-0.0397705798	0.0586554529	-0.0033200354	-0.0079897593	0.0067177126	-0.0731868606	-0.0059294586	0.0270203714	-0.0103936007	-0.0329697849	-0.0015557194	-0.0619748344	-0.2018265299	-0.0251560269	0.1557579334	-0.0110272709	0.059445027	-0.0136808691	0.0828111613	-0.0372590499	-0.0557690381	0.0454758549	0.0169266199	0.048429227	0.0019507727	-0.0681502978	-0.0102324857	-0.0836423707	-0.0037605033	-0.0152814793	-0.0523397771	0.0392237373	-0.1032856033	0.0589855141	0.0013410152	0.0903482	-0.0024316999999999	0.00816279724324	5.913164889999975e-06	0.146568	0.0133989999999999	0.0001795332009999	0.021482178624	0.0650827	-0.0004022	0.0042357578392899	1.6176484000000428e-07	-0.00194556	-0.00011607	1.3472244900000003e-08	3.7852037136e-06	-0.00130359	0.0001931799999999	3.7318512399999935e-08	1.6993468881000003e-06	0.00171394	-0.00021661	2.9375903236e-06	4.6919892100000046e-08	0.0	0.0	0.0	0.0	0.0	0.0	0.0	0.0	0.0	0.0	0.0	0.0	0.0	0.0	0.0	0.0	0.0	0.0	0.0	0.0	0.0	0.0	0.0	0.0	0.0	0.0	0.0	0.0	0.0	0.0	0.0	0.0	0.0	0.0	0.0	0.0	0.0	0.0	0.0	0.0	0.0	0.0	0.0
328.9796118349633	0.7397751069738092	0.5472672088981109	108227.58500308312	362.07219199878256	1.1455233913139864	1.3122238400474964	131096.27221880326	226.25282449361632	0.1102413572440355	0.012153156847007	51190.34059133915	225.8795366117871	375.0990316007647	1.834291	40.56049	0.1043465999999999	0.056951	-0.0296893167	-0.0445856245	-0.1397567343	-0.025223525	0.0940483869	-0.0144160743	-0.0287006667	-0.0837394533	0.0009406709	0.1090622629	0.1269215895	0.0106216721	-0.1662014317	0.0505613555	-0.0391308587	-0.0641431684	-0.0937899848	0.0756817637	0.0791514383	0.1244197218	0.010609431	0.1203059519	0.0995998563	0.1206688957	-0.0698972667	-0.0866919983	-0.0280491354	-0.0370110668	0.0405271871	-0.0819249457	-0.053764416	0.0077821734	0.0621805875	0.0620630757	0.0276569585	0.0927007339	-0.041347195	-0.1166791644	-0.0904289161	-0.062044676	-0.0931760139	0.0521608645	0.0557944402	0.0523613168	-0.0369740723	-0.0512720428	-0.0197370532	-0.0974949693	-0.0673414273	-0.0551373832	-0.0150652836	-0.1397095304	0.0782386806	-0.0144898791	0.0366330347	0.1335679117	0.1556653843	-0.0714654033	-0.0128086928	-0.1010897673	-0.0168361192	-0.0112332371	0.0364415683	-0.0128421321	-0.1746457683	0.0958074669	0.0649715325	-0.0877529664	-0.0839964307	0.070720345	0.1274257513	-0.0032966263	-0.1220181793	0.1101474818	0.0606662967	-0.1052484654	-0.0747487731	-0.0568390905	-0.0606178814	0.0546059097	0.0492519101	-0.0547815588	0.0553234641	0.0572765009	0.0762852488	0.0249894936	0.0788947212	-0.0544038465	0.1138276592	0.0842127682	-0.0729303507	0.101559296	0.0770968631	-0.0113121609	-0.06683391	-0.0227246426	0.0430931577	-0.0256769127	-0.1031766297	-0.0469811164	-0.0345915317	-0.0708778654	0.1277356625	-0.049630546	-0.0227875969	-0.0367442487	-0.2055527113	-0.0056063788	0.1100129409	0.0062881273	0.1082926353	0.052286694	0.0615629546	0.0097725408	0.0197673143	-0.1595572859	0.0849557475	-0.0597652308	0.0117607545	-0.1249353966	-0.1361195143	0.1303170959	0.1426486154	-0.0087403424	-0.0331676683	0.0292349031	-0.036132964	0.0211436967	0.0109406656	0.0821434908	0.0678105023	0.1366297973	-0.0287893109	0.0054620102	0.0821031435	-0.152107012	0.0371420244	0.1014267441	0.0038088574	-0.0753721927	-0.055079131	-0.1046092073	0.0635899959	-0.0067017003	0.0900934	-0.0002547999999999	0.00811682072356	6.492303999999974e-08	0.167735	0.0211669999999999	0.0004480418889999	0.028135030225	0.0428354	-0.0222472999999999	0.00183487149316	0.0004949423572899	-0.00286945	-0.0009238899999999	8.535727320999998e-07	8.2337433025e-06	-0.00137664	-7.304999999999985e-05	5.336302499999978e-09	1.8951376896e-06	0.00193055	0.00021661	3.7270233025e-06	4.6919892100000046e-08	0.0	0.0	0.0	0.0	0.0	0.0	0.0	0.0	0.0	0.0	0.0	0.0	0.0	0.0	0.0	0.0	0.0	0.0	0.0	0.0	0.0	0.0	0.0	0.0	0.0	0.0	0.0	0.0	0.0	0.0	0.0	0.0	0.0	0.0	1.0	0.0	0.0	0.0	0.0	0.0	0.0	0.0	0.0
328.9895570763785	0.0099452414152096	9.890782680680212e-05	108234.12866531171	362.3115681897874	0.239376191004851	0.0573009608199909	131269.67244414298	226.505241710949	0.2524172173326917	0.0637144516059793	51304.62452253544	226.1367811166795	362.1741629534923	1.611303	35.629711	0.1184160999999999	0.0693746	-0.0268476239	0.0801403085	-0.0765394005	0.1031893925	-0.0098843614	-0.1028068903	-0.0451564482	-0.028578796	-0.0048952005	0.0718439158	0.0063470296	0.1183757013	0.1374875601	0.070568947	-0.0501709953	-0.0485228002	0.1317604124	0.1772332514	0.0358587349	0.0618469769	-0.0037337428	0.0228849691	-0.091698761	-0.012797603	0.0085971818	0.1468698771	0.0378714752	-0.0755686289	0.053352944	-0.0373153765	-0.0633454354	0.0298645322	0.0539605649	-0.1138544578	-0.0232638461	-0.0630272919	-0.035123935	0.1422926224	0.0380914984	0.0002379675	0.0935263206	-0.017389877	-0.0239685371	-0.1025675471	-0.0687699772	-0.0606482731	-0.0143269913	-0.0061977416	0.0449698248	0.0375908449	0.1084981109	-0.038479459	0.0461116182	0.0094703942	-0.1418214057	0.0476713524	0.042775421	-0.0938216982	-0.2241220492	-0.0653354935	0.0036187317	-0.1759573928	0.1378812095	0.0442004634	0.0753056964	-0.0615667505	0.0495395039	0.1473879702	-0.1516194565	0.0653153265	0.0604211896	0.0023751119	-0.016108096	-0.0868183182	-0.0186292644	0.0056727889	0.1379929358	0.056077668	-0.0779816277	0.0523112899	-0.0456785329	-0.069389477	0.0163652351	0.0675872996	-0.1206418448	-0.0210031282	-0.0099104808	0.0626430408	-0.0474357897	-0.1329570845	0.0050360725	-0.1163733505	-0.0080755686	0.0128649227	0.0674959382	-0.0218835699	0.0667593202	-0.085926203	0.0162376879	0.0184014811	0.0659348882	-0.0813204554	-0.0578640918	-0.0321982453	-0.0025278814	-0.1640099677	-0.0507170108	0.1574794646	0.0713050454	0.1842661275	-0.113303979	0.2025624012	0.0722058459	-0.0783685461	-0.0088245814	0.0149483091	-0.0770831164	-0.0157775826	0.0925888609	-0.0879810612	0.1291119797	-0.0843240673	0.0773613274	0.0252482096	0.0471841534	0.1507514554	-0.0425917908	0.0934058899	-0.0422118468	0.0560395312	0.0122060858	0.0218451554	-0.0284372661	0.0741012729	-0.0365419585	-0.0105609269	0.0115355697	0.1180425509	0.0595305885	-0.107081776	-0.0591945708	-0.1058801375	0.0680664159	-0.0147140554	0.0846303	-0.0054630999999999	0.00716228767809	2.9845461609999983e-05	0.114254	-0.053481	0.002860217361	0.0130539765159999	0.0602794	0.0174439999999999	0.0036336060643599	0.0003042931359999	-0.00215223	0.0007172199999999	5.144045283999997e-07	4.632093972900001e-06	-0.00132449	5.214999999999994e-05	2.719622499999993e-09	1.7542737601e-06	0.00185936	-7.119000000000006e-05	3.4572196096e-06	5.068016100000008e-09	0.0	0.0	0.0	0.0	0.0	0.0	0.0	0.0	0.0	0.0	0.0	0.0	0.0	0.0	0.0	0.0	0.0	0.0	0.0	0.0	0.0	0.0	0.0	0.0	0.0	0.0	0.0	0.0	0.0	0.0	0.0	0.0	0.0	0.0	0.0	1.0	0.0	0.0	0.0	0.0	0.0	0.0	0.0
329.6374908319063	0.647933755527788	0.4198181515523433	108660.8753619551	364.0822494071602	1.7706812173727826	3.1353119735567594	132555.8843333776	226.6544883477341	0.1492466367850795	0.0222745585916574	51372.25708817313	226.26205479609624	382.54260404834025	1.568585	34.685108	0.1098566	0.0573182	-0.0848566343	-0.0695742572	-0.0226197311	0.1154134259	-0.0712733483	0.0371401758	-0.015694742	0.0866017546	0.0537492109	0.0557048827	0.0106839687	0.1379818486	-0.1074723803	0.0737019439	-0.043444716	0.0204183051	-0.0371661048	0.1482209634	-0.0285000135	-0.0464926548	0.0975211921	0.0133307621	0.0707298772	0.0325164944	0.0670700801	-0.0859082046	0.0204647745	0.049238673	0.0654952801	-0.106579413	-0.0675599573	0.0677031832	-0.0787941673	0.0717480272	-0.0059909281	0.0205833582	-0.0001569989	0.1235172188	0.1240019795	-0.2207394125	-0.0621609134	-0.0740987055	0.0580506555	0.1603186454	0.021754725	0.0167235432	0.0742849075	0.1433060148	-0.0109879442	-0.1046991204	-0.0287683101	0.0115620079	0.0193449036	0.1046794946	-0.2334197095	-0.057650849	0.0311635526	-0.0191055759	0.0199874806	-0.0750262779	-0.0381954814	0.0826168967	0.057515158	-0.0435308299	0.0763503871	0.034363227	-0.0206855472	-0.0149007195	-0.1564070664	-0.0316593642	-0.0539119279	0.0910782131	-0.0314378436	0.0698533441	-0.0502240824	-0.0198109904	-0.0974229792	0.0035007354	0.0300495216	0.1058331103	0.0482526446	-0.071802197	0.1070083496	-0.0611406668	0.0545474374	-0.0206571185	-0.0113385215	-0.0170609292	-0.1306370594	-0.0831559406	-0.215390722	-0.0287244882	-0.0761525597	-0.05886558	-0.1710524246	0.041271131	-0.0477846281	0.0928926659	0.1252725575	-0.0205383201	-0.057464935	0.0483555258	0.0496100633	-0.0668030144	0.0835870802	-0.2128923309	0.127164691	0.0212697485	0.0504766986	-0.0123099674	0.1131610369	-0.0089051813	0.0099107089	-0.0604042076	-0.0675796802	0.0577434144	0.0068681641	-0.1296383937	0.0868315697	0.0034275962	-0.0640453531	0.0489123167	0.0481761875	0.021924568	-0.0251698227	0.0170442853	-0.0681951828	0.1281707957	-0.0444605196	0.0446613547	-0.034820415	-0.0439900677	-0.1058786172	0.0466886428	-0.0049915849	-0.0409566746	0.1399222434	0.1113613548	-0.1126246685	-0.0529870646	-0.0284548629	-0.1070977539	0.0724057592	-0.0226597522	0.0901139	0.0054835999999999	0.00812051497321	3.0069868959999903e-05	0.149509	0.035255	0.001242915025	0.022352941081	0.0305274	-0.0297519999999999	0.0009319221507599	0.0008851815039999	-0.00280672	-0.0006544899999999	4.283571600999997e-07	7.877677158399999e-06	-0.00126285	6.163999999999996e-05	3.799489599999994e-09	1.5947901225e-06	0.00193055	7.119000000000006e-05	3.7270233025e-06	5.068016100000008e-09	0.0	0.0	0.0	0.0	0.0	0.0	0.0	0.0	0.0	0.0	0.0	0.0	0.0	0.0	0.0	0.0	0.0	0.0	0.0	0.0	0.0	0.0	0.0	0.0	0.0	0.0	0.0	0.0	0.0	0.0	0.0	0.0	0.0	0.0	0.0	0.0	1.0	0.0	0.0	0.0	0.0	0.0	0.0
329.5370924342162	-0.1003983976900713	0.0100798382587337	108594.69528999717	363.8260612398186	-0.2561881673415769	0.0656323770858358	132369.40283728024	226.73653380411128	0.0820454563771875	0.0067314569121409	51409.4557615029	226.3479801815708	370.6256751929369	1.454596	32.164555	0.0969506999999999	0.0560096	-0.0711863903	0.0253291691	-0.0465186338	-0.0486644601	0.1064805069	0.1193575689	-0.0584718263	0.0395841191	0.0549775698	0.021244315	0.0159785246	0.0177573083	0.0820348032	0.0455409285	0.0030684155	0.0424612877	-0.1244976333	0.0560042222	0.1198366615	-0.0656391325	0.0106232142	0.0550636699	-0.0382335803	0.0528160327	-0.0078912757	-0.0675838673	0.1147111022	-0.0504945677	0.0972890802	0.0015197291	0.0114524319	0.1515978892	0.0004735239	0.1096024016	0.1439739946	-0.0343987993	0.0354146793	0.0487949767	0.0073904848	-0.0183808133	0.0407854179	-0.1013344042	-0.0334794404	-0.0164724067	-0.0560883811	-0.0532878854	-0.0796252552	-0.0466592461	-0.0668709198	0.0422693849	-0.0047675828	0.1271114191	0.0082208962	0.0113439736	0.0248943997	-0.0585354625	-0.1754345043	0.0930462401	0.0298320823	0.0400475912	0.046551116	0.1038336904	0.0660187969	0.1331336935	-0.0782316427	-0.1447564295	-0.0418443495	-0.1338760099	-0.0771846234	0.1001349199	-0.0603382606	-0.0024254729	-0.0562831187	-0.0405236896	0.0366925084	-0.0578075931	-0.0738178343	0.0982519644	-0.0647214379	0.0560839999	-0.0415626276	0.0395354236	0.1708742412	-0.0056800082	0.0839198595	0.1100082175	-0.0083433315	0.0519198419	-0.0025592631	-0.034435758	-0.0048034517	-0.0836495067	-0.1379384647	0.024603407	0.0068463461	0.0091278747	0.0433185846	-0.0946564182	-0.0431709065	-0.040637991	0.0126985228	0.1383181297	-0.0627241173	-0.0075808976	0.0055379461	0.0640446533	0.1011451117	-0.0173827711	-0.1697848134	-0.0193737714	-0.0056193525	-0.0469602729	-0.0835806904	-0.132233024	0.1334540525	-0.0927822284	-0.1685174492	-0.0826495867	-0.0325536304	-0.1087390496	-0.0445303471	-0.1160222077	-0.0273355304	0.0506183297	-0.1102177982	0.0989918063	0.0618539315	0.0954499636	-0.0132020188	-0.0471307041	-0.0262264879	-0.0317476252	-0.0467868628	-0.0391367929	-0.0584089279	0.0705920268	0.0492837846	-0.0116913655	0.0507293791	-0.1405025257	-0.0594983712	-0.1082614433	0.0765992869	-0.0305027946	0.0900966	-1.7299999999997873e-05	0.00811739733156	2.992899999999264e-10	0.110571	-0.038938	0.001516167844	0.012225946041	0.0547948	0.0242673999999999	0.00300247010704	0.0005889067027599	-0.00219641	0.0006103099999999	3.7247829609999973e-07	4.8242168881000005e-06	-0.0013271	-6.424999999999985e-05	4.128062499999981e-09	1.7611944099999998e-06	0.00193055	0.0	3.7270233025e-06	0.0	0.0	0.0	0.0	0.0	0.0	0.0	0.0	0.0	0.0	0.0	0.0	0.0	0.0	0.0	0.0	0.0	0.0	0.0	0.0	0.0	0.0	0.0	0.0	0.0	0.0	0.0	0.0	0.0	0.0	0.0	0.0	0.0	0.0	0.0	0.0	0.0	0.0	0.0	0.0	0.0	0.0	0.0	0.0
329.5672753561378	0.0301829219216074	0.0009110087757258	108614.58898566836	363.49506191663295	-0.3309993231856651	0.1095605519493684	132128.66003777683	226.73535112734544	-0.0011826767658362	1.3987243324489556e-06	51408.91945084063	226.3518573529722	378.607642756816	1.336501	29.553188	0.0946418	0.0645161	-0.0851407559	-0.0013552797	-0.0928831908	-0.0606027222	0.0599005066	-0.0042274096	-0.0998994211	-0.0992085535	-0.0068338114	0.0771803548	0.0567499883	-0.0440623399	-0.0715197578	-0.0176087513	-0.0296073523	0.0221657045	-0.0162816023	0.0988153255	0.067861221	0.0349099742	-0.0304482277	0.147863698	-0.0099807693	0.0595342443	-0.0163207376	0.0386122666	0.0928677863	0.0685234079	0.1348542637	-0.0596106014	0.0365890674	0.0363474965	0.0914428305	0.05974591	-0.061572901	-0.0311126275	-0.0496745118	-0.1693458375	0.0513934014	0.1152404363	-0.0363419051	-0.0089314344	0.0071607903	-0.1174147599	-0.0225172581	-0.0776441161	0.0173179933	-0.0591780305	0.1514826548	-0.1325425114	-0.0334954733	-0.0799728256	-0.1167391102	-0.1811244639	0.1007357161	0.048758144	0.0959048007	0.2403541582	0.038951922	-0.120108163	0.0236964447	0.0197943783	0.0240982736	-0.0905035741	0.0117412742	0.0075640947	-0.0219475253	-0.0143554366	-0.0967936688	0.0711001895	0.0414495702	-0.0449929381	-0.1404129046	0.0033673774	0.0315116115	-0.060484285	0.0255312538	0.0942634812	0.0383345968	0.159589648	-0.0018847865	0.0492295207	0.052528583	0.089337011	0.0442570007	-0.062462484	0.0122716666	0.0426428438	-0.0317392319	0.1587985046	0.0956782859	0.0916065678	0.0248548094	-0.0311401771	0.0674442899	-0.1127175431	0.0969162618	-0.0306258944	0.0039348439	0.1110683278	-0.1615707581	-0.0996915246	0.0085278228	0.1380684739	-0.1706607475	0.0728651807	-0.0266034696	-0.2255752051	0.0012088707	-0.0617221497	0.0699113091	0.1687490872	-0.0090790062	-0.0006119733	-0.0726586381	-0.0076781484	-0.0134107606	-0.0483782629	0.047422218	-0.1395923933	-0.0831314251	0.0602950357	0.0823118368	0.066262573	-0.0914462023	0.0067340739	0.0486298348	0.0472101965	0.0753128847	0.0762624115	-0.0127779455	0.0967116732	-0.0233451454	0.019767117	0.0406252536	-0.1048649312	0.0174872315	0.0575777259	-0.0083372021	-0.0514911184	0.0306996686	-0.1093706198	0.0806385538	-0.0382076517	0.0901093	1.2700000000004374e-05	0.00811968594649	1.6129000000011112e-10	0.164048	0.053477	0.002859789529	0.026911746304	0.0496537	-0.0051410999999999	0.00246548992369	2.6430909209999955e-05	-0.00279501	-0.0005985999999999	3.583219599999999e-07	7.812080900100001e-06	-0.00138863	-6.153000000000018e-05	3.7859409000000225e-09	1.9282932769e-06	0.00199064	6.0090000000000057e-05	3.9626476096e-06	3.6108081000000067e-09	0.0	0.0	0.0	0.0	0.0	0.0	0.0	0.0	0.0	0.0	0.0	0.0	0.0	0.0	0.0	0.0	0.0	0.0	0.0	0.0	0.0	0.0	0.0	0.0	0.0	0.0	0.0	0.0	0.0	0.0	0.0	0.0	0.0	0.0	0.0	0.0	0.0	0.0	0.0	0.0	0.0	0.0	0.0
329.2622377012617	-0.3050376548761164	0.0930479708923207	108413.62117604216	363.1663368609128	-0.328725055720156	0.1080601622582196	131889.78822897398	226.6718085798061	-0.0635425475393276	0.0040376553477877	51380.10880484026	226.3060486367781	366.0307406013571	1.467445	32.448669	0.0906569	0.0564494	-0.0577381149	0.0586664043	-0.013260603	0.0227741572	-0.0386650792	-0.0599994636	-0.0645791799	-0.0844234699	-0.002465432	0.0524576036	-0.0394493868	0.0603853676	0.1033277183	0.0690882142	0.0058655243	-0.0076082145	0.102862561	0.126077944	0.0091970722	0.1013170141	0.0160668864	0.0667057659	-0.0529206547	0.0029532335	0.0245807505	0.0448806567	0.0223739727	-0.0049287204	0.1028079095	0.1882080833	0.0105200998	0.1119418419	-0.176564366	0.1068075251	0.1362990039	0.1083983382	-0.0352470071	0.1137768513	-0.102139226	0.1863110231	-0.0941719111	-0.0072998266	0.0845147176	-0.051206095	0.011479418	-0.0992391622	-0.0179625789	0.1752374618	0.0024291354	-0.1313171228	0.0478100276	-0.0404361529	0.0072059031	-0.0251896203	-0.1513604438	0.1293086434	0.0712519625	-0.0260567273	0.0609532115	0.0279425201	0.1306637819	-0.0080007833	0.0472780457	-0.0003636851	-0.106018142	-0.1699191709	0.007575562	0.1241103406	-0.1061847906	0.0354176825	0.1041026388	0.0125594118	-0.0645892817	-0.0616698168	-0.02861214	0.0044848076	0.035739917	0.0344462088	0.0021581981	-0.001026581	-0.1824168187	0.0745472665	0.1348891091	-0.2011487777	0.1252650196	0.0906823023	0.0820416118	-0.0975573391	0.0476055816	-0.1381154038	0.1568394163	0.0859572143	0.0087902464	-0.1060785826	0.0244922911	-0.0892876866	0.0250415529	-0.0771664873	0.1596141513	-0.0541778361	-0.0546390173	-0.0301127888	0.029553531	-0.0313609814	-0.0184805405	-0.2360814254	-0.1050196035	-0.0351106915	0.0238457779	-0.0496834527	-0.047563901	0.0041749321	-0.0977696194	-3.16241e-05	0.0149423831	-0.0961619798	-0.2088753938	-0.0195493975	0.0887156164	-0.074562705	0.1250991966	-0.0516758765	0.0741195778	0.0079380916	0.0134011638	0.1392054918	0.0349123667	0.0497799265	0.036659199	0.0738573813	-0.0101824833	0.0508029078	-0.0136519982	0.0575390064	-0.0418812771	0.0040898072	-0.0221984267	0.0773701352	0.1515095306	-0.1048739027	-0.1588637568	-0.1104247249	0.0845154255	-0.0457394187	0.092905	0.0027956999999999	0.008631339025	7.81593848999999e-06	0.120898	-0.0431499999999999	0.0018619224999999	0.014616326404	0.0603959	0.0107422	0.00364766473681	0.00011539486084	-0.00218025	0.00061476	3.779298576000003e-07	4.753490062499999e-06	-0.0013841	4.5299999999999854e-06	2.0520899999999867e-11	1.9157328100000004e-06	0.00193055	-6.0090000000000057e-05	3.7270233025e-06	3.6108081000000067e-09	0.0	0.0	0.0	0.0	0.0	0.0	0.0	0.0	0.0	0.0	0.0	0.0	0.0	0.0	0.0	0.0	0.0	0.0	0.0	0.0	0.0	0.0	0.0	0.0	0.0	0.0	0.0	0.0	0.0	0.0	0.0	0.0	0.0	0.0	0.0	0.0	0.0	0.0	0.0	0.0	0.0	0.0	0.0
328.9574164430836	-0.3048212581780944	0.0929159994372765	108212.98183290834	363.3436482960746	0.1773114351618119	0.0314393450391414	132018.60675710154	226.39650876257485	-0.2752998172312573	0.0757899893675636	51255.37917988264	226.0243109512096	373.7710546864825	1.411162	31.204113	0.076424	0.0462099	-0.0488362331	-0.0446147242	0.0132056346	0.1016675737	-0.0943637021	-0.0492751704	-0.0055367818	-0.0462733921	0.0145088228	0.028257095	-0.0295833426	0.0589538352	-0.0810501082	-0.0297505497	-0.0927814839	-0.0404487712	0.0371342451	0.138683013	-0.1271667056	0.0784761607	0.0464546214	0.1160253333	-0.0356206507	-0.1037133291	-0.0257648363	-0.0126085866	0.061176694	0.1194959613	-0.1249205454	0.0741247241	0.1244157942	-0.0007906943	-0.0097577886	0.0848783416	-0.0265849871	0.0187835808	-0.1427848428	-0.0098159026	-0.0943680738	0.0376487782	0.0155503534	-0.0969809993	-0.031793336	-0.0030275776	0.151238019	0.050146684	-0.1398340536	0.1143520657	-0.1019757374	0.0889745875	0.0132296334	0.0086316159	0.0931615905	0.0311611718	-0.0575109776	0.0370959656	-0.0298629633	-0.0927518551	0.1314666916	0.0688694771	-0.0152444505	-0.1245268563	-0.109716024	0.0241932599	0.0608120837	0.1725485047	0.0397460878	0.0781919673	-0.1285901424	-0.115077054	0.0796823079	0.0323527196	-0.1248745063	-0.0441103963	0.0365730599	0.1011701831	-0.0014080303	0.0728771586	0.1412228655	-0.1132741615	0.0512122034	0.1215588806	-0.0169725951	-0.0035486262	0.0656719063	-0.0766722972	0.1370855538	0.0265032466	0.0910922353	-0.0152715036	0.0466373161	-0.0196983276	-0.074927626	-0.068499089	0.0153623863	-0.0241996743	-0.1988925908	-0.0506010411	0.0644934893	-0.0871969678	0.1411383703	0.0258769085	0.0222422715	-0.0607973121	0.0114264118	-0.048317156	-0.0449751752	0.0676350656	-0.0201114666	-0.1194172564	-0.0957158718	-0.0619667135	0.0483193562	0.0908151623	0.0952862342	0.0680830794	0.1568219087	-0.0514037645	0.1128725709	0.003837654	0.0148223633	-0.0028546118	0.085293617	0.110560943	-0.0125268909	-0.0349343206	0.0037438204	0.14211849	0.0443736045	0.091132128	-0.0661049874	0.0053052897	-0.0355525881	0.0475611712	-0.0506114417	0.0860905353	0.0230036627	0.0870846333	0.0157166045	-0.004917838	-0.1162158428	-0.1114232278	0.0882220943	-0.0530639746	0.090084	-0.002821	0.008115127056	7.958041000000023e-06	0.159008	0.03811	0.0014523721	0.025283544064	0.0420204	-0.0183755	0.00176571401616	0.00033765900025	-0.00251223	-0.0003319799999999	1.1021072039999996e-07	6.311299572899999e-06	-0.00137373	1.0369999999999996e-05	1.0753689999999994e-10	1.8871341129e-06	0.00193055	0.0	3.7270233025e-06	0.0	0.0	0.0	0.0	0.0	0.0	0.0	0.0	0.0	0.0	0.0	0.0	0.0	0.0	0.0	0.0	0.0	0.0	0.0	0.0	0.0	0.0	0.0	0.0	0.0	0.0	0.0	0.0	0.0	0.0	0.0	0.0	0.0	0.0	0.0	0.0	0.0	0.0	0.0	0.0	0.0	0.0	0.0	0.0
327.7269995864833	-1.2304168566003	1.5139256410061632	107404.98625795884	361.74632922434967	-1.5973190717249397	2.5514282168962223	130860.40670729158	226.3407508367644	-0.0557579258104397	0.0031089462906824	51230.13548935027	225.95515611722143	353.39478567174285	1.661023	36.729126	0.0580745	0.0334026	0.036125667	-0.029196864	0.0691746499	0.1246815288	-0.0654752071	-0.0349911698	0.0674342725	-0.0283810201	-0.0385494489	0.0298005957	0.0438612996	0.063788666	0.1120342973	-0.0397087908	0.0490115062	-0.0318474839	0.0068356019	-0.0118561728	-0.1198905002	0.0343798076	0.0532651453	-0.0415721869	-0.106949023	-0.0352365322	0.1217048237	-0.1302279658	-0.1027081715	-0.0296534166	0.0095557655	0.0068794884	-0.1362547492	0.0665475957	-0.0308193647	-0.1781519351	-0.0074715401	-0.0758500606	0.0502960386	-0.1613831521	0.198267714	-0.0353269183	0.1931422781	-0.0389791654	0.2007160313	-0.0161290022	-0.0181444564	0.1161467258	-0.0116164615	0.048186612	0.0433535306	-0.0489040053	-0.2161999464	-0.0091246598	-0.06937488	-0.1079049929	0.1805975113	-0.0258234672	0.0225254667	0.0265296181	0.0564894572	0.0202890181	-0.0971807258	0.0523042355	0.0981888002	-0.0932504146	-0.0742770582	-0.0687598426	0.0306568979	0.0259106065	0.0116380524	-0.1171980061	0.0309959826	0.0569293075	0.0320930304	-0.1258020706	-0.1107238041	0.034084853	-0.1147982836	-0.1049459223	-0.0227529917	-0.0213360202	-0.0324900282	-0.1016636507	0.0644084728	-0.0431223646	-0.1663528093	0.0305375397	-0.1079872262	0.0934390743	-0.1346125701	0.2285416118	-0.0477309507	-0.1229946125	0.0769764681	-0.1942444678	0.0621991403	0.1657807581	0.0062048166	0.0262927156	0.0653333766	0.086683557	-0.0549687022	0.0485882619	0.1439143901	0.1161366402	-0.1157571285	0.1835082674	-0.017558573	-0.041803796	0.0059675295	-0.0458326143	0.044270028	-0.0464949221	0.0801752654	-0.0099320621	-0.1388839931	-0.0853869426	-0.1099177819	-0.0048500443	0.0207902771	0.1433007422	0.139500851	-0.0921143861	0.1011979273	-0.1232008693	-0.1447350995	0.2089908704	-0.2930540983	-0.0264428916	0.5521331928	-0.2399560867	-0.2625016732	-0.0343423485	0.0701261443	-0.1605488725	0.1732375427	-0.0397546809	-0.0287582471	0.1471560189	-0.0163591961	0.1889668249	0.1621376804	-0.1123656258	0.0917510955	-0.0601481375	0.0923413	0.0022573	0.00852691568569	5.095403290000017e-06	0.146503	-0.012505	0.000156375025	0.021463129009	0.0718081	0.0297877	0.00515640322561	0.00088730707129	-0.00228946	0.0002227699999999	4.962647289999989e-08	5.2416270916e-06	-0.00142145	-4.772000000000001e-05	2.277198400000001e-09	2.0205201025000004e-06	0.00193055	0.0	3.7270233025e-06	0.0	0.0	0.0	0.0	0.0	0.0	0.0	0.0	0.0	0.0	0.0	0.0	0.0	0.0	0.0	0.0	0.0	0.0	0.0	0.0	0.0	0.0	0.0	0.0	0.0	0.0	0.0	0.0	0.0	0.0	0.0	0.0	0.0	0.0	0.0	0.0	0.0	0.0	1.0	0.0	0.0	0.0	0.0	0.0
327.5074463110493	-0.2195532754340092	0.0482036407538019	107261.12738918484	361.2594500445679	-0.486879179781738	0.2370513357049379	130508.39024650368	225.9754734855221	-0.3652773512423266	0.13342754333061	51064.914617005896	225.59149423845693	354.7944938657883	1.498562	33.136742	0.0738290999999999	0.0346625	0.0797995331	-0.1228616423	0.0266737356	0.111453169	-0.0547567427	0.0204718585	0.1103525136	0.0753592655	0.017735823	-0.0175839186	-0.164202579	0.15573286	-0.0355774101	0.0271480902	-0.0276168793	-0.1027626929	-0.0587049392	0.0551109611	-0.121886638	0.0174003151	0.106655983	-0.0281625524	0.1347674597	-0.050667394	0.0002473896	-0.0692739954	-0.0675904643	0.0345200418	0.0227248035	0.0075355606	0.0656525698	-0.0555183238	0.0680682982	0.0432577785	0.0747502396	0.1030647223	0.0998107408	0.1772309431	-0.0006244997	0.0861844337	0.1329013534	0.0501960305	0.0107898723	0.0107589312	0.1041171072	-0.136667021	0.051993878	0.0844890465	-0.029788728	0.0012125788	-0.0879027245	0.0579596161	-0.1557887337	-0.0393569725	-0.0137433692	-0.050732722	-0.0776829666	0.0829623569	-0.0058628545	0.0157543193	-0.1277443145	0.1467800105	-0.0503488345	0.061635555	0.1561846513	0.1065148441	0.0998684559	-0.0299038931	-0.0684240803	-0.1331301545	0.0147058979	0.1034373572	0.0050667249	0.1154869828	0.0084754564	0.0621283498	-0.0895212742	-0.0762951287	0.0238641846	0.0209610282	-0.0142697581	0.0536218962	-0.0556103456	0.0598902453	0.0745881914	0.1071924287	-0.0694155304	-0.1445022702	-0.0287019201	-0.1370668985	0.1250755316	-0.1356628481	0.0781195273	-0.022918969	-0.0559058979	-0.1110293749	-0.0117915762	0.0150173743	0.089991446	0.0220815586	0.0087249779	0.105271869	0.0050940449	0.1134446871	-0.0270217034	0.042855605	0.1358987337	-0.0863154342	-0.0967691927	0.0761341071	0.0995135368	-0.1236644821	0.0381982083	-0.0353867245	0.0001255378	0.1994844882	0.0170010057	-0.0370130231	-0.0077172462	0.0873483138	-0.0370028205	-0.0601465803	-0.0033451478	0.1090410199	0.0859124029	-0.0352854166	-0.1180109969	0.1018996251	0.0519023856	-0.0352755412	-0.1200421728	-0.0602123353	-0.0275770021	0.1196842785	0.0914786696	0.0450635114	-0.0431546511	0.1100982991	-0.0823093976	-0.0635277283	0.0882751577	-0.1132514443	0.0950953223	-0.0669598143	0.100787	0.0084457	0.010158019369	7.132984849e-05	0.162822	0.016319	0.000266309761	0.0265110036839999	0.0543982	-0.0174099	0.00295916416324	0.0003031046180099	-0.00251223	-0.0002227699999999	4.962647289999989e-08	6.311299572899999e-06	-0.00144457	-2.3119999999999955e-05	5.345343999999979e-10	2.0867824849e-06	0.00231775	0.0003871999999999	5.371965062499999e-06	1.499238399999999e-07	0.0	0.0	0.0	0.0	0.0	0.0	0.0	0.0	0.0	0.0	0.0	0.0	0.0	0.0	0.0	0.0	0.0	0.0	0.0	0.0	0.0	0.0	0.0	0.0	0.0	0.0	0.0	0.0	0.0	0.0	0.0	0.0	0.0	0.0	0.0	0.0	0.0	0.0	0.0	0.0	0.0	0.0	0.0
328.2011588383528	0.6937125273034894	0.4812370705377946	107716.00066283769	360.65142454748985	-0.6080254970780743	0.3696950050970393	130069.45002813375	226.10982881890124	0.1343553333791476	0.0180513556074219	51125.65468851282	225.7393124843768	352.056406405801	1.473825	32.589741	0.0653433999999999	0.0398894	0.0618425794	-0.0747555897	-0.0084311101	-0.0551220918	0.0824348766	0.099089542	0.0678761612	0.0398860751	-0.0295466064	-0.0894680499	0.1608569416	-0.0217455326	-0.0654635848	-0.0424170039	-0.001138777	-0.1181318388	-0.1407000753	0.1349699281	0.0505368423	-0.0850073608	0.0313610728	0.0210210578	0.0327442576	0.1559554921	-0.0200090621	0.0600719968	0.0606833538	-0.1038064179	-0.0751691073	-0.0589075045	-0.1627325904	-0.1661242599	0.0762092104	0.0684209098	0.1209256763	-0.0825270517	-0.1166265228	0.0918144828	-0.066253004	-0.061339795	-0.0144504751	0.1001146569	-0.0200063599	0.0350708685	0.1255324414	-0.0554908559	-0.1311807535	-0.0095527854	0.1512147495	0.0653501633	0.0404509297	-0.1459738523	-0.007335547	-0.0260483786	0.0882813477	-0.0067580507	-0.0643649337	-0.1314286021	0.0118048961	-0.0289582376	-0.0655715453	0.0306041701	0.1061828097	0.0248415342	-0.0123107414	-0.0456145019	0.1175931256	-0.1322009204	-0.1539539153	0.0248300149	-0.0876549621	0.0209908898	-0.0247431778	0.0551848964	0.0112267964	-0.1439016502	0.0589658313	0.0743500639	-0.1164952532	-0.0427582297	0.025172268	-0.1788061625	-0.1147971257	0.0780979847	0.1255764676	0.0900609948	0.0903320368	0.1310554501	0.0395679209	-0.1141157162	-0.0413488969	-0.0015094203	0.1116666578	0.0036892682	-0.0591550389	-0.05824923	-0.1406443934	-0.0907089713	0.0011057393	0.1386318818	0.047790242	-0.1798382185	0.013271864	-0.0320033711	-0.0097046272	0.0795390218	-0.0334134578	0.1365106541	-0.020465371	-0.0206255159	0.0519608111	-0.0320403445	0.0429783095	-0.0778410752	-0.0324641796	-0.0351825878	-0.1155833121	-0.0738217757	-0.0763935906	0.0019243293	-0.1077616196	-0.0601723978	0.0972747816	-0.0360519579	-0.0569330643	0.0442873114	0.0786730031	0.1387705516	-0.026350392	-0.0082901273	-0.0648021301	0.0707002583	-0.019564641	-0.1700760273	-0.0755095544	0.1231658026	-0.178984136	-0.0097444462	-0.0583302547	0.0047690283	-0.0915136149	-0.1140802373	0.0982480398	-0.0734681463	0.0991951	-0.0015919	0.0098396678640099	2.534145610000023e-06	0.131026	-0.0317959999999999	0.0010109856159999	0.017167812676	0.0603922	0.0059939999999999	0.00364721782084	3.592803599999999e-05	-0.00212568	0.0003865499999999	1.4942090249999988e-07	4.5185154624e-06	-0.00143322	1.1350000000000032e-05	1.2882250000000072e-10	2.0541195684e-06	0.00219642	-0.0001213299999999	4.824260816400001e-06	1.4720968899999949e-08	0.0	0.0	0.0	0.0	0.0	0.0	0.0	0.0	0.0	0.0	0.0	0.0	0.0	0.0	0.0	0.0	0.0	0.0	0.0	0.0	0.0	0.0	0.0	0.0	0.0	0.0	0.0	0.0	0.0	0.0	0.0	0.0	0.0	0.0	0.0	0.0	0.0	0.0	0.0	0.0	0.0	0.0	0.0
328.2864676515594	0.0853088132066091	0.0072775936107201	107772.00484313836	360.36572036743166	-0.2857041800581896	0.0816268785027224	129863.45241593797	226.532832160472	0.4230033415707623	0.178931826980031	51317.124046644574	226.1548874592825	347.560950061485	1.433999	31.709103	0.0405450999999999	0.0212563	0.048854782	0.0316446698	-0.0336482364	-0.2406855214	0.1393933414	-0.0075935056	-0.0586339038	-0.046106888	-0.0450480512	-0.0727283961	-0.0410215231	-0.0249142055	-0.0392497061	-0.0644747482	-0.0243998504	-0.0235677832	-0.0742279163	0.0447070793	0.1922057388	0.0516133425	-0.035457593	-0.0908548371	-0.0455334045	0.0547665651	-0.0169785086	0.05682544	0.1458537321	-0.0049941365	0.0453749759	-0.0802708013	-0.0928116124	-0.0961631857	-0.0269855286	0.0130799789	0.0511268437	0.0687061013	0.0070594012	0.0209512224	-0.1258375161	-0.0577808077	0.0198545889	-0.0838667255	0.1116422046	0.043179739	0.0819506674	0.2029160737	-0.1821661574	0.0132328905	-0.2418740332	-0.0918216366	-0.0916221253	0.1532332278	-0.0327468196	-0.112640966	-0.1197943	-0.1034243741	-0.0490788446	0.0618254472	-0.048821139	-0.0569660335	-0.0928566035	-0.0857425741	-0.0270726994	-0.0057957015	-0.0181137173	-0.0517609558	0.0247432075	-0.0908822301	-0.0525444589	0.1741840864	0.0510412172	-0.0172598265	0.0921988028	-0.0210780827	0.0387721004	-0.063436563	0.024748006	0.1417291341	-0.0410131207	0.0746740186	0.0128314522	-0.1186168485	-0.064955934	-0.0221852546	0.0403571543	0.0194365058	0.0495530699	-0.068035632	0.1198087153	-0.0255047485	-0.0790381133	-0.0190646231	-0.0673445294	-0.1602423123	0.0463860835	0.1748471657	-0.2136132206	-0.0304692983	-0.0394006932	-0.2399962605	-0.0636601928	0.1949842683	0.011627557	0.0652628801	-0.1002116718	-0.0434903509	0.1682171272	-0.022688493	-0.0321403445	0.038994884	0.0435222943	0.0605303093	0.1028853064	0.0570021967	0.0029039165	-0.029021678	0.0542283416	0.0202952528	-0.1076332354	-0.1045145634	0.0007317555	-0.1068733858	0.0614167201	0.0685159273	-0.0422127776	0.0096747857	0.0823550247	-0.002809299	0.0320345921	-0.0907429271	-0.073186568	-0.0390911386	0.0192174107	0.0195053024	-0.0874636576	-0.151829293	-0.1257632304	-0.0808008159	0.0205907466	-0.1185707285	0.137236583	-0.1148515874	0.1012028987	-0.0796436494	0.099627	0.0004318999999999	0.0099255391289999	1.865376099999991e-07	0.144263	0.0132369999999999	0.0001752181689999	0.020811813169	0.0764308999999999	0.0160386999999999	0.0058416824748099	0.0002572398976899	-0.00194509	0.00018059	3.26127481e-08	3.7833751081e-06	-0.00143723	-4.010000000000038e-06	1.6080100000000304e-11	2.0656300729e-06	0.00222857	3.214999999999989e-05	4.9665242449000005e-06	1.0336224999999927e-09	0.0	0.0	0.0	0.0	0.0	0.0	0.0	0.0	0.0	0.0	0.0	0.0	0.0	0.0	0.0	0.0	0.0	0.0	0.0	0.0	0.0	0.0	0.0	0.0	0.0	0.0	0.0	0.0	0.0	0.0	0.0	0.0	0.0	0.0	0.0	0.0	0.0	0.0	0.0	0.0	0.0	0.0	0.0
328.1002622662496	-0.1862053853097904	0.0346724455183675	107649.7820991818	360.1053319534199	-0.2603884140117429	0.0678021261515508	129675.85010128276	227.0722092393756	0.5393770789036125	0.2909276332465939	51561.788208850776	226.70019352311965	337.0032150829067	1.501992	33.212574	0.1321946	0.0916325	0.08057753	0.0990828974	0.0611404818	-0.2013587616	0.019443149	-0.0796028279	-0.038367327	-0.0321582496	0.0042898074	-0.0331159699	-0.1179411923	-0.097612581	0.0231839877	0.0062447119	0.0573750637	0.1016316955	0.2232318607	-0.2130859414	0.1953843768	0.016711384	-0.2406254735	-0.2867639351	0.1634100699	0.0320065166	-0.0266489368	0.1105282636	0.1157610081	-0.0369780321	-0.1185202418	0.0143176658	0.1059330968	-0.1145847224	0.0886738504	-0.0283193003	-0.1105128611	0.0756859012	-0.0028581365	0.0301489947	-0.14339945	0.0070175215	0.0804439724	-0.0884223226	-0.0334206102	0.1180519197	0.0315885139	0.0407414157	-0.0522160752	-0.0857102445	-0.0798879555	-0.0018405599	0.0382808917	-0.1025252222	-0.0331745735	-0.0891734656	-0.0632582184	-0.0240087664	0.1237421182	-0.023815785	0.1090898222	0.0304987659	0.0267706774	0.1044027913	-0.123859806	-0.0511794969	-0.1187679246	0.0026063872	-0.099705845	0.1448431188	0.2488689248	0.2171603999	0.005406114	-0.1708825814	0.3254762422	0.1829443398	0.0322726377	-0.0096752238	0.0926471081	0.1407068908	-0.0339551072	-0.0953454022	0.0529776881	0.0776840965	-0.1297522162	0.1174852148	-0.0186034534	-0.0965323919	0.0055214193	-0.0989599518	0.1486685883	-0.0413956044	0.0272040168	-0.0804766667	-0.0703744252	-0.0360281363	-0.0503323803	0.0453375458	-0.0691024201	0.0060560846	-0.1143699186	-0.0312867534	0.011501834	-0.0833290739	0.060384057	0.0491233063	-0.0684902954	-0.0704074664	-0.0211512667	-0.0671039772	0.1281633277	-0.0647509904	0.0835496013	-0.1357901723	-0.0636373664	0.123881812	0.056658853	-0.0645897133	-0.059357075	0.2021020392	-0.0676032008	0.0145467154	0.1110739677	0.0115494673	-0.04452872	0.0599573311	-0.0520537416	-0.1652477149	-0.0189115957	-0.3478554233	-0.1450631309	-0.1807472459	0.0776309138	-0.100903796	-0.1737533337	-0.0627021408	-0.055469084	-0.1389472792	-0.0805097061	-0.1160603276	0.1384317186	0.0217517721	0.1031168657	-0.1155651064	0.1039539485	-0.0854583468	0.101833	0.002206	0.010369959889	4.86643600000006e-06	0.230138	0.085875	0.007374515625	0.052963499044	0.10846	0.0320291000000001	0.0117635716	0.00102586324681	-0.00187851	6.658000000000011e-05	4.432896400000015e-09	3.5287998201e-06	-0.00160528	-0.0001680499999999	2.8240802499999963e-08	2.5769238784e-06	0.00222151	-7.060000000000139e-06	4.9351066801e-06	4.9843600000001955e-11	0.0	0.0	0.0	0.0	0.0	0.0	0.0	0.0	0.0	0.0	0.0	0.0	0.0	0.0	0.0	0.0	0.0	0.0	0.0	0.0	0.0	0.0	0.0	0.0	0.0	0.0	0.0	0.0	0.0	0.0	0.0	0.0	0.0	0.0	0.0	0.0	0.0	0.0	1.0	0.0	0.0	0.0	0.0
327.6596499844244	-0.4406122818252243	0.1941391828952308	107360.8462279155	361.1630588134663	1.0577268600463867	1.1187861104635886	130438.75505149932	227.1021872991667	0.029978059791091	0.0008986840688382	51575.4034760658	226.73036090829805	340.4695175261937	1.066339	23.579269	0.0712395	0.0445337	0.0701504325	0.0697286727	0.1048806931	-0.0559281058	-0.0632483826	-0.067991552	0.0266875933	-0.0417522538	0.0030641937	-0.0058502524	-0.1133508787	-0.020136309	-0.0280847118	-0.1072971297	0.036158633	0.1319591364	0.165874871	-0.1885420607	-0.0141067963	0.1060929098	-0.0528725273	-0.1467847204	0.1665685048	-0.1882385037	-0.0328847157	-0.0991053328	0.1349658918	-0.0061694477	0.0496210892	-0.0406105229	0.0206127575	-0.0439569217	0.1175706956	-0.0327087153	0.080251731	0.0033559733	-0.0454426049	0.0120940153	0.0473256898	-0.0340803027	-0.0265719048	-0.1053026626	0.1160717628	-0.143213512	-0.0009673515	-0.0594458749	0.1147951225	-0.0258210043	0.04250715	0.0239240387	0.0026703064	-0.0235693887	-0.0362751951	0.0826462709	0.0817137272	0.1425807287	-0.0287340579	-0.1836529492	0.0174304577	-0.0313420593	0.1454061415	-0.0166382173	0.1942268786	0.0787868632	0.0969733262	-0.0974055881	-0.1304283829	0.1339099445	0.2137373525	0.0060487	0.0882551029	-0.0116584506	0.1576706297	0.144720604	0.0855059732	0.2013660372	-0.1170214237	0.1072708375	-0.0088659545	0.0652254023	0.013775702	0.0144902274	-0.0166280469	0.1086939866	-0.0360629287	0.0927531809	0.0481289937	0.0238010561	-0.0759122009	-0.0104345751	-0.0456391081	0.0182599187	-0.0218940362	-0.145483979	0.083702682	-0.1021230253	0.0998220508	0.0487690463	-0.0031333005	0.0712513606	0.0377648891	-0.0107420052	0.0064322352	0.0454829303	0.0813977038	-0.0095857002	-0.1839907947	0.1883324232	-0.0256700719	-0.0455792343	-0.0466871611	0.053783422	-0.0928410159	-0.1771117246	-0.0596928997	0.0325959	-0.0744903708	0.1353298362	-0.0394706398	0.0964882882	0.1289314633	-0.0139937651	0.0111572175	-0.021261577	-0.0869458819	-0.1554260658	-0.0265509058	-0.1532289577	-0.1400909024	-0.1473546862	0.0081406116	-0.0481698662	-0.0668702428	0.0974733709	-0.0078174904	0.0334491196	-0.0838273568	0.0022854404	0.1495071552	-0.017410259	0.0749410247	-0.1162204348	0.1064956489	-0.0908858965	0.100819	-0.001014	0.010164470761	1.028196000000002e-06	0.187017	-0.043121	0.001859420641	0.0349753582889999	0.101873	-0.0065869999999999	0.010378108129	4.338856899999994e-05	-0.00198485	-0.0001063399999999	1.130819559999998e-08	3.939629522499999e-06	-0.00146123	0.0001440499999999	2.0750402499999985e-08	2.1351931129e-06	0.00238147	0.00015996	5.6713993609e-06	2.5587201600000074e-08	0.0	0.0	0.0	0.0	0.0	0.0	0.0	0.0	0.0	0.0	0.0	0.0	0.0	0.0	0.0	0.0	0.0	0.0	0.0	0.0	0.0	0.0	0.0	0.0	0.0	0.0	0.0	0.0	0.0	0.0	0.0	0.0	0.0	0.0	0.0	0.0	0.0	0.0	0.0	0.0	0.0	0.0	0.0
326.80676674839526	-0.852883236029129	0.7274098142995189	106802.66279254002	360.2741107339027	-0.8889480795635905	0.7902286881597955	129797.4348651044	226.7216287673222	-0.3805585318445139	0.1448247961596519	51402.696950907455	226.34413694298783	332.43711505295465	1.168636	25.841286	0.074581	0.0392293	0.116497903	0.0395259269	0.1252699261	0.0445819913	-0.0981752222	-0.0263146173	0.1209333726	0.0743308458	-0.007843452	0.0484693563	-0.0178072935	-0.1526521571	0.0696978591	0.0041058241	-0.0025825414	0.0751256555	0.0010301944	-0.1575060272	-0.1120532167	-0.1465530924	-0.0609155874	-0.0663202636	0.0283228275	-0.0081093522	0.1332202632	-0.1663302604	-0.0332589271	-0.2103096023	0.0260319763	-0.1000707598	-0.0276958974	0.2187596835	-0.0240782773	0.0182634213	-0.052118163	0.0117402767	-0.1402466428	0.0353322873	-0.091934216	0.0720547918	-0.0294852892	0.0619463983	0.0871864711	-0.0416514526	-0.1246135933	0.0933016162	0.1149766889	-0.0450493995	-0.0176268574	0.0969925035	0.0867702794	-0.1460944436	0.0426323553	-0.0278409641	0.0271136315	-0.1610692313	0.0377061483	-0.047023303	-0.0891323941	-0.1028648349	0.0442518182	-0.0227676984	-0.0694425144	0.0770059455	-0.0128575243	0.0027923023	-0.0762601242	-0.0006823834	0.1541096803	-0.1109127239	-0.1398177916	-0.0773981955	0.0561558671	0.0215094602	-0.1375883976	0.0192239753	-0.1647805744	-0.0528499009	-0.2184662583	0.0135071528	0.0785083564	-0.0224114587	0.2303030821	-0.0263130284	-0.054696974	-0.0950038995	0.102686923	0.033656637	0.0477890784	-0.0588687171	0.0798047066	0.0425546102	0.0805915354	-0.0356099229	0.0337323113	0.0525324245	0.1544706317	0.0986778447	-0.0889355637	-0.0574678532	0.0999549543	-0.1261298032	-0.0065712802	-0.0645835533	-0.021596285	0.0510726438	0.1120028999	0.0719774304	0.1176200447	0.0325515415	0.0351464489	0.1008132257	-0.0524608326	-0.0017407643	0.1067841847	0.0076497072	0.0347367296	0.153540604	0.0004285042	0.1145715871	-0.0491560204	-0.0554569793	-0.0604449202	-0.0392696642	-0.047928059	-0.0621612457	-0.0248183226	-0.1232913244	-0.1181075652	-0.0055947826	-0.0691307275	0.0103784096	-0.0630004916	-0.09798118	0.0897210916	-0.0026451613	0.0507062176	0.0084280296	-0.0503363174	0.0351449441	0.0511143146	-0.1168172427	0.1088228812	-0.0959017104	0.110382	0.0095629999999999	0.0121841859239999	9.145096899999976e-05	0.192413	0.005396	2.9116816000000128e-05	0.037022762569	0.129482	0.027609	0.016765588324	0.000762256881	-0.00238005	-0.0003952	1.5618304000000008e-07	5.6646380025e-06	-0.00158244	-0.00012121	1.4691864100000016e-08	2.5041163536e-06	0.00225762	-0.00012385	5.0968480644e-06	1.53388225e-08	0.0	0.0	0.0	0.0	0.0	0.0	0.0	0.0	0.0	0.0	0.0	0.0	0.0	0.0	0.0	0.0	0.0	0.0	0.0	0.0	0.0	0.0	0.0	0.0	0.0	0.0	0.0	0.0	0.0	0.0	0.0	0.0	0.0	0.0	0.0	0.0	0.0	0.0	0.0	0.0	0.0	0.0	0.0
327.00977209125256	0.2030053428572955	0.0412111692286081	106935.39104317296	359.89067960841544	-0.3834311254872773	0.1470194279924402	129521.30126900712	226.4172355145752	-0.3043932527469906	0.0926552523178932	51264.76453806261	226.0280107894121	349.42758701692185	1.972449	43.615498	0.1498804	0.073979	0.1060584177	-0.112851963	-0.0906819364	0.0066687168	0.071243781	0.0120383025	0.1256308624	-0.0549199195	-0.017522727	-0.043388049	0.1230012404	-0.0546343242	0.0205854842	0.0565407789	-0.0460750781	-0.004814286	-0.0692262733	-0.1749168832	0.0077580864	0.0607291555	-0.0125522331	0.1207085411	0.1926863153	-0.0665503461	0.1057467466	-0.0093179275	-0.0564182254	0.0060956346	-0.1419701351	0.079701938	0.005519338	0.1549122409	-0.1962268331	-0.0093258172	-0.0393099518	-0.0009715741	0.0497436842	-0.0954556631	-0.0257614123	0.0699567213	-0.1562456524	-0.1851477729	0.1022487759	-0.064549239	-0.0453936073	-0.1081176438	0.1118259593	0.042823496	0.1170782295	-0.0163415916	-0.100479322	0.0143963523	0.0525511205	0.0960376365	0.0452265616	0.0160786823	0.051441566	-0.023247911	-0.2314752953	-0.0465839417	-0.0880508626	-0.0823243275	0.0457270744	-0.1497944396	0.0895885906	0.1154124824	0.0039647696	-0.097035906	0.1636745933	-0.0135923469	0.0648190783	-0.0166323853	-0.1032355065	0.1724123196	-0.1081451136	0.0952373503	0.0172022631	-0.0424025157	0.0558294331	-0.1597093871	0.0270211147	0.0171234787	0.1526620634	-0.2021616058	-0.0330479212	-0.0340427404	-0.0718182518	-0.0283135202	0.0015726155	0.0802648597	0.0247158015	0.169030583	-0.1306047517	-0.1471333928	0.0208996659	-0.1058872067	0.1515451697	0.0048705815	0.0776265681	0.1342751827	-0.0033738905	0.0489795291	0.0497999634	-0.0698381349	0.0929206655	0.0400069799	-0.0322641478	0.0355258206	0.0487283364	0.214463639	-0.0149959234	0.0981870059	0.1015311344	0.0370546672	-0.1711587101	0.0381426407	0.0706967108	0.0454052687	-0.0790089948	-0.0563156161	-0.1465496101	0.1670434503	-0.0732751072	-0.1126125541	0.0676723551	-0.0674548671	-0.1870437193	-0.0790004718	-0.0952357047	0.0974214998	-0.039336192	0.0063002162	-0.0791100443	-0.0432469314	0.2200328076	0.0445395328	0.0749875134	0.1374133085	-0.0603493104	0.0675027629	-0.2076316921	-0.1173552296	0.1109309587	-0.1004830656	0.115091	0.004709	0.013245938281	2.2174681000000045e-05	0.172374	-0.020039	0.000401561521	0.029712795876	0.0857116	-0.0437704	0.00734647837456	0.00191584791616	-0.00357332	-0.00119327	1.4238932929000003e-06	1.27686158224e-05	-0.00162266	-4.021999999999988e-05	1.6176483999999903e-09	2.6330254756e-06	0.00265137	0.00039375	7.029762876900001e-06	1.550390625e-07	0.0	0.0	0.0	0.0	0.0	0.0	0.0	0.0	0.0	0.0	0.0	0.0	0.0	0.0	0.0	0.0	0.0	0.0	0.0	0.0	0.0	0.0	0.0	0.0	0.0	0.0	0.0	0.0	0.0	0.0	0.0	0.0	0.0	0.0	0.0	0.0	0.0	0.0	0.0	1.0	0.0	0.0	0.0
327.9014999513547	0.8917278601021508	0.795178576482361	107519.39367034828	359.157539690901	-0.7331399175144497	0.5374941386530941	128994.13831682112	226.3760063611271	-0.0412291534480857	0.0016998430940458	51246.096256013065	225.99530149367567	331.5499508658273	1.93835	42.861488	0.1665559	0.0992541	0.1044979799	0.1181392329	-0.1236153548	-0.0740650309	0.1475412405	-0.0869186665	-0.0211784094	0.0465888368	-0.0854072708	-0.0241939766	-0.0285207727	0.0038308243	0.0016115306	0.059450682	0.1660890977	-0.079394297	0.1016308404	-0.1867375674	0.1869483727	-0.0056608503	-0.069007125	-0.1591899957	-0.0128181691	-0.1293844073	-0.004872563	0.0674070242	-0.042178727	0.0381815356	-0.0998924876	-0.0209213397	0.0594856219	0.0547835656	-0.0269551448	0.0604600986	-0.08525566	-0.041301958	0.0226289207	0.0709840085	-0.0018575602	0.00273834	-0.0248900918	-0.058368911	-0.0210785736	-0.0254720703	0.0200646607	0.037810662	-0.0197294552	0.0110302854	0.0863522124	-0.0838123938	-0.0759989004	0.1021339581	-0.0120552777	0.0944859583	0.0539276539	0.0286500253	-0.129254557	0.1072783004	0.0576743466	0.135794672	-0.1044267436	-0.0288351505	-0.035453422	0.0413073111	0.1680001923	0.1492831868	0.0801334262	0.0375491813	0.2016021388	0.1874672952	-0.0111062495	-0.0303606388	0.1759419853	-0.0187966568	-0.0058033711	0.1294546903	0.0837925792	-0.0292030512	0.0586635025	-0.0675660024	0.0864570236	0.0421969271	0.0346642151	-0.0161859788	0.0265606187	-0.0818978005	-0.0505140071	0.0014900422	-0.0217845152	-0.0667926576	-0.006957402	0.0214313093	-0.0689622733	-0.0225920585	0.0347756632	-0.0063502325	-0.0413744954	0.0057629251	0.0425347714	0.0391060412	-0.1255290254	0.0612530183	-0.0323127362	-0.0064502335	0.067928991	0.0844110885	0.0583049217	-0.0760461781	-0.1790037051	-0.0283616811	-0.127745237	-0.0734695828	0.1151580886	-0.04199934	0.0154604717	0.1717248821	0.1522179901	0.1486024618	-0.1283726181	-0.130111789	0.1230301814	0.0130444391	-0.0735819434	-0.144455502	-0.0259756559	-0.0732748615	-0.0228648002	-0.0764154543	-0.1826493124	-0.1447811052	-0.0472369388	-0.0580231308	0.0864026791	0.0276069654	-0.0987090555	0.038260171	-0.0052946532	0.0785581409	0.0452148462	0.1611337328	-0.0018115839	-0.1178341246	0.112815636	-0.1046092073	0.114603	-0.000488	0.0131338476089999	2.381440000000023e-07	0.118543	-0.053831	0.002897776561	0.0140524428489999	0.10947	0.0237584	0.0119836809	0.00056446157056	-0.00208944	0.00148388	2.2018998544e-06	4.365759513600001e-06	-0.00160687	1.57899999999999e-05	2.493240999999969e-10	2.5820311969e-06	0.00238147	-0.0002699	5.6713993609e-06	7.284601e-08	0.0	0.0	0.0	0.0	0.0	0.0	0.0	0.0	0.0	0.0	0.0	0.0	0.0	0.0	0.0	0.0	0.0	0.0	0.0	0.0	0.0	0.0	0.0	0.0	0.0	0.0	0.0	0.0	0.0	0.0	0.0	0.0	0.0	0.0	0.0	0.0	0.0	0.0	0.0	0.0	1.0	0.0	0.0
328.74068357297966	0.8391836216249544	0.7042291508035746	108070.43703602994	361.9926434164879	2.8351037255869187	8.037813134836826	131038.67388765657	226.38878494896508	0.0127785878379711	0.0001632923071327	51251.88195066876	226.0027939468823	360.2214746970577	1.712826	37.874619	0.1569809	0.0906814	-0.0238842821	0.048273535	-0.0827367835	-0.0168844293	0.0128672543	-0.0942060806	-0.0989893537	0.0651900319	-0.0297623102	-0.0235075367	-0.0176289115	0.002528953	0.0068964181	0.0069999716	0.0049805341	-0.0700624016	0.1347599099	-0.1270707317	0.0672654392	-0.0193723786	-0.0649741017	-0.0546483622	0.1606285668	0.0286889925	0.0242157156	-0.080088371	0.0226394035	-0.0699511886	-0.0198184137	0.0020757577	-0.0410108117	-0.0036734292	-0.1166482244	-0.0003047456	0.010647974	-0.0186026081	-0.078077248	-0.1194329884	0.0880235876	-0.1053889243	-0.0780118238	0.1160448286	-0.1574921636	0.0689353513	0.029349689	0.0021585624	-0.0308034488	0.051033085	0.1596786398	-0.0662084455	0.032179392	0.1654982454	0.0397594946	-0.1121458863	-0.0501685979	0.0794859334	-0.0554575345	0.0445906218	-0.0261119892	0.0137987598	0.0564627233	0.0523697284	0.0001054251	0.099125689	-0.1368603776	0.0213822984	0.0714530959	0.0980079603	0.1491667881	0.0803289871	-0.0282161922	-0.0474282988	0.0700946949	0.1673849254	-0.0096988732	-0.0121767704	-0.072123152	0.016319342	-0.0580592991	-0.0418829277	0.0095437321	-0.0290980711	0.01254848	-0.119672669	-0.007721132	-0.0214932126	0.06702171	0.0741564968	-0.0557685098	0.1118255991	-0.1044175097	0.066273974	0.0351509835	0.175797214	-0.0743040962	0.0039263125	-0.0871730101	-0.0050092637	0.1125957524	0.1074618397	-0.1058739265	0.0383397291	-0.1316397558	-0.0193068154	-0.1069965906	-0.0623546385	-0.0619527218	-0.031376772	-0.0788538554	0.0456576915	0.0058218034	-0.0132042729	-0.0604630558	-0.018479387	0.1161003963	-0.0976678688	-0.0043523326	0.1050427379	0.022054826	-0.0552336465	0.0609870124	0.1550157094	-0.1052820749	-0.0779679944	0.0235420664	-0.1090953239	-0.1305996042	-0.1043584779	-0.0707207653	0.051030144	0.025954724	0.0040588442	-0.009519829	0.01452484	0.0174447186	0.0054311942	0.0653839497	0.0565872958	-0.0940869412	0.0005946311	-0.0497797809	-0.1182536866	0.1144731177	-0.1082614433	0.115528	0.000925	0.013346718784	8.556250000000169e-07	0.180477	0.061934	0.003835820356	0.032571947529	0.0818525999999999	-0.0276174	0.0066998481267599	0.00076272078276	-0.00318952	-0.0011000799999999	1.2101760063999995e-06	1.01730378304e-05	-0.00183688	-0.0002300099999999	5.2904600099999956e-08	3.3741281344e-06	0.00238147	0.0	5.6713993609e-06	0.0	0.0	0.0	0.0	0.0	0.0	0.0	0.0	0.0	0.0	0.0	0.0	0.0	0.0	0.0	0.0	0.0	0.0	0.0	0.0	0.0	0.0	0.0	0.0	0.0	0.0	0.0	0.0	0.0	0.0	0.0	0.0	0.0	0.0	0.0	0.0	0.0	0.0	0.0	0.0	0.0	0.0	1.0	0.0
328.5376937605744	-0.2029898124052351	0.0412048639403125	107937.01622151698	361.56389346538776	-0.4287499511001442	0.1838265205683761	130728.44905785027	226.3031903436593	-0.0855946053057721	0.0073264364574509	51213.1339597185	225.92072216017584	353.2108731557679	1.312891	29.031105	0.0901778999999999	0.051961	-0.0215507104	0.1046472132	-0.0092786887	0.0370522381	-0.0368543237	-0.0647975568	-0.0514540726	0.0145361265	-0.0305611314	0.0157686689	-0.0240651176	-0.0204262949	0.0353760179	0.0375029059	0.0376238898	-0.0579005073	0.1157260913	-0.1399648049	0.0125824317	-0.0031448479	-0.0001142536	-0.1615050427	-0.0688461812	-0.0381802349	-0.097610481	-0.053475669	-0.1107306871	0.1402537543	0.0167643507	0.188599011	-0.1223085495	0.0838602928	0.0179971194	0.1321055038	-0.0305731327	0.0684824791	0.0608119645	0.0613273501	0.0136565382	-0.1268323226	-0.0434623606	0.1532835076	-0.0768536236	-0.0453178888	-0.0522036801	0.0179621428	-0.132279028	0.0425507878	-0.0863190468	-0.0374763066	0.0176200473	0.0211062898	0.0292917165	0.0040363964	-0.0473662561	0.0008657932	0.0595170471	0.0805733424	0.0013099332	0.001115831	-0.0335709585	-0.154503898	0.0082857526	-0.1462266104	0.0316953141	-0.0530564203	0.0581715894	0.0931963556	0.1545634089	0.0231189103	-0.0141544513	0.0236712824	0.1578584186	-0.0820168117	0.0765621094	0.0266294498	-0.0399285056	-0.1254188999	0.1450215275	-0.072414406	-0.1726605546	-0.0338152746	0.0992065977	0.023413448	0.1421265225	-0.0387045011	0.029476631	-0.0709273753	-0.0196842003	-0.0462676733	-0.1279039218	0.0021064743	0.0825465059	0.1752041719	0.058941971	0.0421692713	-0.0497368635	-0.1147964006	0.0290022543	-0.1280003009	-0.0210270679	0.0172161206	0.0172832345	-0.0292640529	0.0090519985	-0.0343001023	0.0247701119	-0.0741184904	0.0331563188	-0.0291539512	-0.0629229002	0.0956704358	0.07609862	0.092418218	-0.120522723	-0.0042449627	0.025154321	0.0968538884	0.0182584364	-0.0116827742	0.1414759372	0.0440282218	-0.0716714371	-0.1215409549	0.0358032	-0.007966112	-0.0275465906	-0.0910069012	-0.0783452654	-0.0163349299	-0.0526222177	0.0110959431	0.0355094823	-0.0062935153	-0.1084909975	0.0899269406	0.1189017264	0.0779179473	0.0511217195	-0.0410879739	-0.1480766479	-0.1186137044	0.1159000657	-0.1114232278	0.11882	0.0032919999999999	0.0141181923999999	1.083726399999993e-05	0.148519	-0.0319579999999999	0.0010213137639999	0.022057893361	0.0939675	0.0121149	0.0088298910562499	0.00014677080201	-0.00247731	0.00071221	5.072430841e-07	6.1370648361e-06	-0.00169283	0.0001440499999999	2.0750402499999985e-08	2.8656734089e-06	0.00238147	0.0	5.6713993609e-06	0.0	0.0	0.0	0.0	0.0	0.0	0.0	0.0	0.0	0.0	0.0	0.0	0.0	0.0	0.0	0.0	0.0	0.0	0.0	0.0	0.0	0.0	0.0	0.0	0.0	0.0	0.0	0.0	0.0	0.0	0.0	0.0	0.0	0.0	0.0	0.0	0.0	0.0	0.0	0.0	0.0	0.0	0.0	0.0
327.86297403473344	-0.6747197258409869	0.4552467084389365	107494.12974290027	361.495757714854	-0.06813575053377	0.0046424805008001	130679.18284583642	226.0413222741578	-0.261868069501503	0.068574885824444	51094.67937544967	225.6707495568504	349.6393823772878	1.083635	23.961733	0.0474274999999999	0.0304058	-0.0137658812	0.1042931083	0.052036046	0.0966659004	-0.0717201795	-0.0588998867	-0.0155097263	0.140901793	0.012215832	-0.000936715	-0.1114902406	-0.0902794559	0.0119177946	-0.0378712099	0.0223198152	-0.1059413308	0.0627597088	-0.0556509295	-0.0908784118	-0.1279579616	-0.0328533347	0.0461445788	-0.1744946282	-0.0267363641	0.0345524885	-0.0113700056	0.1199922017	-0.0679300667	-0.0355025534	0.1658260633	-0.0897379427	-0.106233958	0.1117970415	0.0352026109	-0.0007188297	-0.0457437669	0.0972188289	-0.1037844766	0.1524860987	0.1844009996	-0.0780332692	0.0448545698	-0.1579588598	-0.0967252241	0.033091724	0.1218963948	0.0516498307	0.0038310208	-0.0280599615	0.1030632353	0.1953970871	0.1116238984	-0.1589756929	0.0379112056	0.0465418914	-0.0788640737	0.030258616	0.0008312144	0.0680261282	-0.1804818827	-0.0589436682	0.1399597182	0.0195819597	0.1660517467	0.0301330284	0.0016712189	0.1057461784	0.0735363633	0.0606163474	-0.0773044148	-0.1192025549	-0.0528232894	-0.0493992678	-0.1789088092	-0.0131710453	0.0039481904	-0.0379141927	0.1252567492	-0.0479042188	-0.1097864683	-0.1547537054	-0.0446248717	-0.0989971985	0.0869939215	0.0291934359	0.027918457	-0.0584252057	0.0174602896	-0.1367854142	0.1147155761	0.1663403742	0.1473823685	-0.0482143374	0.1647847856	0.1239806769	0.0198494427	-0.0673380636	0.0889309014	-0.0063629893	-0.0419415794	0.0962504457	-0.0390002939	-0.2061600917	0.1490719452	0.0776462185	0.060753684	0.059445538	0.0111896138	0.05037627	-0.0648268682	0.1974213505	0.0403634796	-0.0018870023	-0.1441800872	0.126678827	0.0792123368	-0.0609582685	0.0994501885	0.0522935238	0.0866431385	0.0659563948	-0.0404047012	-0.1051500298	-0.0535731106	-0.0611635223	-0.0991435472	0.0251893983	0.0776341733	0.0465351205	0.0489148765	0.0466413401	0.0197332677	0.1332250175	0.1979057251	0.0334707605	0.167938613	0.0726029712	-0.1711324227	-0.0249739826	-0.1052138138	0.122075947	-0.1189139965	0.1170936064	-0.1140802373	0.11589	-0.0029299999999999	0.0134304921	8.58489999999993e-06	0.176224	0.0277049999999999	0.0007675670249999	0.0310548981759999	0.104874	0.0109065	0.0109985558759999	0.00011895174225	-0.00247642	8.899999999999186e-07	7.920999999998551e-13	6.1326560164e-06	-0.001576	0.00011683	1.3649248900000012e-08	2.483776e-06	0.00238147	0.0	5.6713993609e-06	0.0	0.0	0.0	0.0	0.0	0.0	0.0	0.0	0.0	0.0	0.0	0.0	0.0	0.0	0.0	0.0	0.0	0.0	0.0	0.0	0.0	0.0	0.0	0.0	0.0	0.0	0.0	0.0	0.0	0.0	0.0	0.0	0.0	0.0	0.0	0.0	0.0	0.0	0.0	0.0	0.0	0.0	0.0	0.0
328.07935712076	0.2163830860265534	0.0468216399183748	107636.06456877117	360.89370352725854	-0.6020541875954564	0.3624692448012249	130244.2652456208	226.1038603856559	0.0625381114980996	0.0039110153897487	51122.95568129618	225.7205300409956	353.3135705063373	1.200268	26.540758	0.1136648999999999	0.0574168	-0.0196222162	0.0650467494	-0.0427840623	0.0507852349	0.0679701747	0.0441042853	-0.0122128605	0.1792569547	0.0425063058	-0.0077138625	-0.0319346723	0.0046841584	0.0389231519	0.0245317254	0.0886417488	-0.0905308604	-0.0934161722	-0.0390173073	0.0236172303	-0.12432822	0.0366861092	0.0331929568	-0.0289067484	0.0546618157	-0.0385080592	0.2222780032	-0.1101722721	0.067104177	0.04733045	0.0691576698	0.0255247712	-0.1210509133	0.0685292769	-0.1863029127	0.0070203582	-0.0150413739	0.2418203701	-0.2451762123	0.1493680936	0.0236019136	0.0004457227	0.0019573294	0.0057191344	0.0606099059	-0.0925564073	0.1230715078	0.0076736006	0.0726120102	-0.0481631519	3.68013e-05	0.0861277168	-0.1109571309	0.0495012859	0.0540208918	-0.0979640855	-0.1132187768	0.0857774467	-0.0754000223	-0.0746039013	0.0705511812	0.1284802341	0.0608896882	0.1361271996	-0.0599359983	0.0719462186	-0.0319878596	0.0894914963	-0.1023500905	0.0196817547	0.0008934993	-0.1255651371	0.022432037	-0.0337117858	-0.0247995173	0.0047548963	-0.0613788511	0.2242367594	-0.0846925035	0.073330754	0.0348172859	-0.1175689929	0.0197824973	-0.1652182214	0.0608113727	-0.1437183544	0.1042213037	-0.2035866526	-0.0579373696	-0.0570522708	0.2707424581	-0.0090774513	0.0461164338	-0.0389414656	0.0505373893	0.0047570397	0.1515604933	0.0264831611	0.0361309485	0.0445801022	-0.0992175036	0.0410084671	-0.1155049894	0.0299120094	-0.0767258236	0.0246687551	-0.0916633495	0.0801551433	0.0544462866	0.1525864019	0.0584960776	-0.0922564375	-0.0245439892	-0.1275530231	-0.1142682206	-0.1347355594	0.0204458673	-0.0150896668	0.0074929296	-0.0324805549	0.0053625286	0.0296835548	-0.0391220082	-0.143900321	-0.0987441201	-0.0323577384	-0.025133394	0.0731486286	0.1235995248	0.13308695	0.0922919957	0.242799563	-0.0504546501	0.2075670552	0.131143533	-0.080212688	0.1872244931	-0.1335705538	-0.2337720476	-0.1678558811	-0.0395966767	0.1791779563	-0.1191544118	0.1180513362	-0.1162204348	0.117515	0.0016249999999999	0.013809775225	2.64062499999996e-06	0.144099	-0.0321249999999999	0.0010320156249999	0.020764521801	0.0745071	-0.0303668999999999	0.00555130795041	0.0009221486156099	-0.00210604	0.00037038	1.371813444e-07	4.4354044816e-06	-0.0014425	0.0001334999999999	1.7822249999999983e-08	2.08080625e-06	0.00286855	0.00048708	8.228579102500001e-06	2.372469264e-07	0.0	0.0	0.0	0.0	0.0	0.0	0.0	0.0	0.0	0.0	0.0	0.0	0.0	0.0	0.0	0.0	0.0	0.0	0.0	0.0	0.0	0.0	0.0	0.0	0.0	0.0	0.0	0.0	0.0	0.0	0.0	0.0	0.0	0.0	0.0	0.0	0.0	0.0	0.0	0.0	0.0	0.0	0.0
330.2253695724085	2.1460124516485166	4.605369442630477	109048.7947092338	364.2862549877807	3.3925514605221565	11.509405412291017	132704.47557302238	226.9417733383416	0.8379129526856843	0.7020981162784419	51502.56848595121	226.54505079681715	384.1849957199704	1.814491	40.122669	0.1789194	0.104755	-0.1402636529	-0.0022796521	-0.0517912733	-0.0127706784	-0.0189362757	-0.0227084809	-0.1625858339	0.0879229179	-0.0232849626	-0.0544464241	0.0375575784	0.0124165364	-0.1105981274	-0.0081448006	-0.0080417809	0.0465990242	0.0704116298	0.065368192	0.04687222	-0.1141010276	0.0574833111	0.0216841764	0.0662504277	0.0872803073	-0.1171915685	0.0844312011	-0.2070660015	0.0031722862	0.0329665593	-0.0824130338	0.0026695339	-0.0873436731	0.0670627072	-0.0114747368	0.0426667362	-0.1536449407	-0.0768218861	-0.0479644477	-0.0495006413	0.1928364553	-0.0100032723	0.0991519823	-0.0371436248	0.0718280084	-0.0003958174	-0.0802003861	0.0913365502	0.0335894015	-0.0043445439	0.0557305064	-0.0478497482	-0.0613608605	0.0642422359	-0.0370967729	-0.0770081398	-0.0157428929	-0.0314780419	0.0762309008	-0.1595871744	0.0902877363	-0.0352262479	0.1021028417	-0.0033343985	0.0856199093	-0.0908253808	-0.0190947849	-0.0430960202	0.0742108469	-0.053890995	0.063920189	-0.1073232687	0.0452093268	-0.0364441292	0.0726526735	0.0619609918	-0.083723085	0.1117910259	-0.2145624661	-0.0106386125	0.0721303801	0.0299778025	-0.0292057809	-0.1073637312	0.057719876	-0.0066746776	0.017562713	0.0070435587	0.1713917814	0.0640555866	0.0055386538	0.212685424	0.066598397	0.0746337396	0.0602669198	-0.0929675145	-0.0429058962	0.0506535818	0.0584459347	0.0096318203	0.0143541419	0.0676535633	0.0339360002	0.0515490195	-0.0735644211	-0.0525488774	-0.0480029646	0.0617142075	-0.0867425069	-0.0331454463	0.1662044362	-0.000324729	-0.06652029	0.0002336975	-0.0476714007	0.052486697	-0.091697036	0.0048463263	-0.0151576937	0.0832783452	-0.000580518	-0.0437213064	0.170204531	-0.1266583558	0.012532024	0.1093523248	-0.1223937546	-0.0204095742	0.0049244249	0.1431152638	0.1544914365	0.1533426129	0.1249362506	0.160077694	-0.2228680405	0.0665460881	-0.093614976	0.0612871129	-0.0046250578	-0.0363764542	0.0207227143	-0.0478590192	-0.1193348294	0.1187713263	-0.1178341246	0.124992	0.007477	0.015623000064	5.590552900000017e-05	0.22292	0.078821	0.006212750041	0.0496933264	0.0435092	-0.0309979	0.0018930504846399	0.00096086980441	-0.00322072	-0.0011146799999999	1.2425115023999996e-06	1.0373037318399998e-05	-0.00154751	-0.00010501	1.10271001e-08	2.3947872001e-06	0.00285577	-1.2779999999999996e-05	8.1554222929e-06	1.633283999999999e-10	0.0	0.0	0.0	0.0	0.0	0.0	0.0	0.0	0.0	0.0	0.0	0.0	0.0	0.0	0.0	0.0	0.0	0.0	0.0	0.0	0.0	0.0	0.0	0.0	0.0	0.0	0.0	0.0	0.0	0.0	0.0	0.0	0.0	0.0	0.0	0.0	0.0	0.0	0.0	0.0	0.0	0.0	1.0
329.2485993739824	-0.9767701984260952	0.9540800205333536	108404.64018972918	364.91055800034695	0.6243030125662585	0.389754251499306	133159.7153401246	227.22275980732417	0.2809864689825758	0.078953395751296	51630.18257445693	226.8324342203228	375.485274530874	1.455749	32.190037	0.1234587	0.0678316	-0.1099471932	-0.0406003275	0.1493349929	0.0262890063	-0.1298046853	0.1087760775	-0.0220321948	-0.0521475153	0.0344605513	-0.0113399904	0.0252168186	-0.0978703225	0.1290681527	-0.0237954281	0.06693998	0.1682066005	-0.0569320682	0.0229309392	-0.0852673121	-0.0453357256	-0.0561272136	0.0400538535	-0.0709946741	0.1308682188	-0.0151970514	-0.0266895675	-0.0054553109	0.0597139773	-0.0047207118	-0.1305163343	0.0323327863	0.0265980551	0.0884866322	0.023961034	0.0262195501	-0.0544066149	0.0339387936	-0.0175346453	0.0052827988	-0.0822704245	0.0791474741	-0.0886066927	-0.0640727819	0.0626926472	0.0333254924	-0.1720422268	-0.0407241297	0.0578073489	-0.1373335755	0.1382284466	0.0077588152	0.1075664278	0.0060154761	0.0983104509	0.0550366953	-0.0634000931	0.0708035646	-0.0298368109	0.1229361448	0.1854239758	-0.0425607651	-0.0883633467	-0.0097364236	-0.0084630092	-0.0224147345	-0.0395311395	-0.1690519265	-0.0351200618	-0.0357460444	-0.0907860878	-0.0452387207	-0.0678416893	-0.0309059035	-0.0540213323	0.0041193588	-0.1428081479	-0.0216276308	-0.0065539957	0.0442160655	0.0598978922	0.1080248488	0.0024298507	0.0136046556	0.10600617	0.025059485	0.0307462642	-0.0440679571	0.0554976652	0.0174048479	0.0182865142	-0.0497869346	-0.1283914404	-0.1089904297	0.0467697295	-0.1022631876	-0.0936627971	-0.0053872339	-0.0718256168	0.0422167855	-0.086198948	0.1293042319	0.1261581471	-0.0333889869	0.0229140959	0.1138224943	0.077853985	-0.0149286408	-0.0226817869	0.0881568564	-0.1137626793	-0.1510766262	-0.1420744233	0.0671188802	0.0595716867	-0.0125411169	-0.0428548385	-0.0022005213	-0.0747587884	0.0183597547	0.1127766275	-0.0322802093	-0.0253753489	-0.0853958171	-0.0410952906	-0.0291007597	0.0402577452	0.0816343702	-0.0545548491	0.0824115146	0.1435368251	0.0302770505	0.013935791	0.0023329239	0.0925063749	-0.0407340631	-0.0296792657	0.026123807	-0.1185824346	0.0112368551	0.0368535966	0.0202450959	-0.1194551582	0.1192521267	-0.1189139965	0.113192	-0.0118	0.012812428864	0.00013924	0.17078	-0.05214	0.0027185796	0.0291658083999999	0.0585294	0.0150202	0.00342569066436	0.00022560640804	-0.00256415	0.00065657	4.310841649e-07	6.574865222499999e-06	-0.00159423	-4.6720000000000095e-05	2.182758400000009e-09	2.5415692929000004e-06	0.00266909	-0.00018668	7.124041428099999e-06	3.48494224000001e-08	0.0	0.0	0.0	0.0	0.0	0.0	0.0	0.0	0.0	0.0	0.0	0.0	0.0	0.0	0.0	0.0	0.0	0.0	0.0	0.0	0.0	0.0	0.0	0.0	0.0	0.0	0.0	0.0	0.0	0.0	0.0	0.0	0.0	0.0	0.0	0.0	0.0	0.0	0.0	0.0	0.0	0.0	0.0
328.41586197737007	-0.8327373966123446	0.6934515717167052	107856.978398339	362.9667438929513	-1.9438141073956672	3.7784132841104143	131744.8571722513	226.85751731574567	-0.3652424915784991	0.1334020776544699	51464.33316266385	226.4836474276728	369.6594613623719	1.3805	30.526102	0.0918616	0.0591402	-0.015117293	-0.1184824249	-0.009476895	0.0030581365	0.0457944221	0.1260674868	0.0463214627	-0.0211699931	0.0542797528	0.0233105449	-0.055545802	-0.0777613397	-0.088603582	0.0038728564	-0.0575394055	0.094180055	-0.1016320617	-0.0124470936	-0.0645860718	-0.0428556973	-0.0221517382	0.0519152	-0.0192085273	-0.0206075872	0.0115434494	0.0212896887	-0.1471433815	0.067053559	0.0877402641	-0.0854383259	-0.0073510145	0.0403865266	0.0506052054	0.0040054465	-0.0183063165	0.0962372599	-0.1561861255	0.0247572011	-0.0553470066	-0.0234345837	0.0513832305	0.0890016921	-0.0140549087	0.075232652	0.0595266127	-0.0701709151	0.0608922519	-0.0279265332	0.0150738926	-0.0256375976	-0.0968688718	-0.0167699809	0.0368815665	0.1113346639	0.0687180212	0.0918518542	0.0533988243	-0.0251996285	0.0952608618	0.1034894854	-0.0446071737	-0.024792228	-0.0177753071	-0.042855238	-0.020638799	-0.0266093546	-0.0941477789	-0.0989870647	-0.0054213382	-0.0687953799	-0.0313076929	-0.0400773669	-0.050384413	-0.0260515255	-0.0370782457	0.0224430147	0.0273458372	-0.1473094077	0.0434824999	0.1338388561	0.0288344657	-0.0130903869	0.0301128837	0.0619463464	-0.0042302547	-0.0446429087	0.1354488812	-0.0270990186	0.044287819	-0.0234223464	0.0169993062	-0.0784778268	0.1077370652	0.012692324	-0.1086518905	-0.0722560124	-0.009812121	0.0371414471	-0.0170178716	0.0716714367	-0.0528097796	0.0419961208	0.0931929192	-0.0376129003	0.1063640375	0.0307947916	-0.1132209262	-0.0242422589	0.0034078079	-0.0825051594	-0.059920863	-0.0947385577	0.0418457561	0.0205219688	-0.0176495056	-0.0141588403	-0.0274143161	-0.0278827731	-0.0216499435	0.0322842178	-0.1639551145	0.081598838	-0.1030417025	0.0728918213	0.0650456546	-0.069927449	-0.0576535955	-0.0627640547	0.0782139194	0.1069660793	0.0397517574	0.1354722431	0.0451319556	-0.0739523665	0.0350087767	-0.0119880902	0.0339221629	-0.0399620522	-0.1036809041	0.0446575303	-0.1619638322	-0.1195153378	0.1194927693	-0.1194551582	0.115515	0.002323	0.013343715225	5.396329000000026e-06	0.219879	0.049099	0.002410711801	0.048346774641	0.0522368	-0.0062926	0.00272868327424	3.959681476000003e-05	-0.00310176	-0.00053761	2.890245121e-07	9.6209150976e-06	-0.00149959	9.464e-05	8.9567296e-09	2.2487701681e-06	0.00271978	5.069000000000037e-05	7.397203248400001e-06	2.569476100000037e-09	0.0	0.0	0.0	0.0	0.0	0.0	0.0	0.0	0.0	0.0	0.0	0.0	0.0	0.0	0.0	0.0	0.0	0.0	0.0	0.0	0.0	0.0	0.0	0.0	0.0	0.0	0.0	0.0	0.0	0.0	0.0	0.0	0.0	0.0	0.0	0.0	0.0	0.0	0.0	0.0	0.0	0.0	0.0
