global_signal	global_signal_derivative1	global_signal_power2	global_signal_derivative1_power2	csf	csf_derivative1	csf_power2	csf_derivative1_power2	white_matter	white_matter_derivative1	white_matter_power2	white_matter_derivative1_power2	csf_wm	tcompcor	std_dvars	dvars	framewise_displacement	rmsd	t_comp_cor_00	t_comp_cor_01	t_comp_cor_02	t_comp_cor_03	t_comp_cor_04	c_comp_cor_00	c_comp_cor_01	c_comp_cor_02	c_comp_cor_03	c_comp_cor_04	c_comp_cor_05	c_comp_cor_06	c_comp_cor_07	c_comp_cor_08	c_comp_cor_09	c_comp_cor_10	c_comp_cor_11	c_comp_cor_12	c_comp_cor_13	c_comp_cor_14	w_comp_cor_00	w_comp_cor_01	w_comp_cor_02	w_comp_cor_03	w_comp_cor_04	w_comp_cor_05	w_comp_cor_06	w_comp_cor_07	w_comp_cor_08	w_comp_cor_09	w_comp_cor_10	w_comp_cor_11	w_comp_cor_12	w_comp_cor_13	w_comp_cor_14	w_comp_cor_15	w_comp_cor_16	w_comp_cor_17	w_comp_cor_18	w_comp_cor_19	w_comp_cor_20	w_comp_cor_21	w_comp_cor_22	w_comp_cor_23	w_comp_cor_24	w_comp_cor_25	w_comp_cor_26	w_comp_cor_27	w_comp_cor_28	w_comp_cor_29	w_comp_cor_30	w_comp_cor_31	w_comp_cor_32	w_comp_cor_33	w_comp_cor_34	w_comp_cor_35	w_comp_cor_36	w_comp_cor_37	w_comp_cor_38	w_comp_cor_39	w_comp_cor_40	w_comp_cor_41	w_comp_cor_42	w_comp_cor_43	w_comp_cor_44	w_comp_cor_45	w_comp_cor_46	w_comp_cor_47	w_comp_cor_48	w_comp_cor_49	a_comp_cor_00	a_comp_cor_01	a_comp_cor_02	a_comp_cor_03	a_comp_cor_04	a_comp_cor_05	a_comp_cor_06	a_comp_cor_07	a_comp_cor_08	a_comp_cor_09	a_comp_cor_10	a_comp_cor_11	a_comp_cor_12	a_comp_cor_13	a_comp_cor_14	a_comp_cor_15	a_comp_cor_16	a_comp_cor_17	a_comp_cor_18	a_comp_cor_19	a_comp_cor_20	a_comp_cor_21	a_comp_cor_22	a_comp_cor_23	a_comp_cor_24	a_comp_cor_25	a_comp_cor_26	a_comp_cor_27	a_comp_cor_28	a_comp_cor_29	a_comp_cor_30	a_comp_cor_31	a_comp_cor_32	a_comp_cor_33	a_comp_cor_34	a_comp_cor_35	a_comp_cor_36	a_comp_cor_37	a_comp_cor_38	a_comp_cor_39	a_comp_cor_40	a_comp_cor_41	a_comp_cor_42	a_comp_cor_43	a_comp_cor_44	a_comp_cor_45	a_comp_cor_46	a_comp_cor_47	a_comp_cor_48	edge_comp_00	edge_comp_01	edge_comp_02	edge_comp_03	edge_comp_04	edge_comp_05	edge_comp_06	edge_comp_07	edge_comp_08	edge_comp_09	edge_comp_10	edge_comp_11	edge_comp_12	edge_comp_13	edge_comp_14	edge_comp_15	edge_comp_16	edge_comp_17	edge_comp_18	edge_comp_19	edge_comp_20	edge_comp_21	edge_comp_22	edge_comp_23	cosine00	cosine01	cosine02	trans_x	trans_x_derivative1	trans_x_derivative1_power2	trans_x_power2	trans_y	trans_y_derivative1	trans_y_derivative1_power2	trans_y_power2	trans_z	trans_z_derivative1	trans_z_power2	trans_z_derivative1_power2	rot_x	rot_x_derivative1	rot_x_derivative1_power2	rot_x_power2	rot_y	rot_y_derivative1	rot_y_derivative1_power2	rot_y_power2	rot_z	rot_z_derivative1	rot_z_power2	rot_z_derivative1_power2
273.6318718978529	n/a	74874.40131832297	n/a	298.12072897853113	n/a	88875.9690466908	n/a	185.5797178611872	n/a	34439.83168143784	n/a	187.15766630336623	313.17990491911377	n/a	n/a	n/a	n/a	0.002243106	-0.1080614133	0.0500085833	-0.0364769429	0.0555003922	0.1322883227	-0.1339218445	0.183368309	-0.6132346539	0.3033697465	-0.0461242622	-0.2878695864	0.0762633281	-0.0632775308	0.155516515	-0.2138359708	0.0902147732	-0.0301102493	0.2482169341	-0.0241226226	-0.049281943	0.0648927393	0.0358692613	-0.0640076559	0.0048837702	-0.0385958339	0.1021269198	-0.1046796882	-0.1130795698	0.0716115655	-0.1733402648	0.1118045439	-0.0350619643	0.1730011191	-0.1482703108	0.0399416194	-0.0254585961	0.0627760943	-0.0426708635	0.0796697383	-0.0252463325	0.0328509342	-0.1293146929	0.1445574209	-0.1172139397	0.0625656705	0.0171776773	0.1636681148	-0.0022609056	-0.0503784234	0.0502362796	0.0924570656	-0.0487226835	-0.0444520931	0.13774716	0.0015479659	-0.0013177543	-0.0919789649	0.0915787574	0.03231985	0.0301007343	0.0329466632	-0.0720254525	-0.0201795344	-0.0297683981	-0.0158343956	0.0857437818	-0.0014729024	-0.0807329369	-0.0098126017	0.0677360357	-0.0251945035	0.0343366633	-0.0085868519	0.0556614483	-0.1990801905	0.0224354499	-0.078206921	0.2076390047	0.0900586067	-0.1059742171	0.1301164469	-0.0503136697	0.148072073	-0.1013925982	0.1234449318	-0.0458379879	0.0633850648	-0.1595060203	0.0065540915	-0.1393178893	0.1103302893	-0.0408098924	0.122110458	-0.0480556399	-0.0176564142	0.1601197118	0.038987963	-0.1009207789	0.0370869285	0.0735094587	0.0651816197	-0.0194866683	-0.0093461532	-0.2424455411	0.0512175599	-0.106911217	-0.0354463252	0.0832850227	0.0078876513	0.0111066436	-0.1195221236	-0.0125558185	0.0105306606	0.0508725211	0.0168779752	0.0540554491	0.0602305281	-0.0478195481	-0.0605943732	0.0129055965	-0.0715988503	0.0021317625	-0.2884396062	0.0784053093	-0.037426182	-0.0667013692	0.1791163132	-0.0346499995	0.0687701991	-0.1204567918	0.2196818003	-0.0904861312	0.1952595629	-0.051402083	0.0043445719	-0.0759123196	0.0072157207	-0.1254287942	-0.0092794366	0.1165598674	-0.1098873806	-0.2436438307	0.1195153378	0.1194927693	0.1194551582	-4.59189e-05	n/a	n/a	2.10854537721e-09	-0.0685448	n/a	n/a	0.00469838960704	0.0302809	n/a	0.00091693290481	n/a	-0.000443363	n/a	n/a	1.96570749769e-07	-0.000320038	n/a	n/a	1.0242432144399998e-07	0.000365093	n/a	1.3329289864899998e-07	n/a
272.61039157042427	-1.0214803274286055	74316.42559218005	1.0434220593236512	293.04862859999935	-5.072100378531786	85877.49872434036	25.72620224990229	185.8314509037673	0.2517330425801276	34533.32814499929	0.0633695247266483	187.3123803340276	307.62623470813946	1.264996	24.50239	0.129854406	0.0658619	-0.0172566323	-0.0111760013	-0.0920865481	0.0997939465	0.0271469858	-0.0117267113	0.0568968502	0.0510505835	-0.1173072937	0.090035412	0.0096137138	-0.1689641159	0.0768763403	-0.2569577771	0.0419706816	-0.1432473571	0.0151648211	-0.1922206782	-0.2321206771	-0.109352808	0.128523813	0.0490106637	-0.0919464056	0.0595543136	-0.0139704079	0.074520556	0.0916864428	-0.0512450472	-0.1034883473	0.0754124022	-0.05772375	0.0635181806	-0.066417665	-0.007020429	-0.043330903	0.0448702261	0.1923189427	-0.0197949467	-0.0542002149	0.1098521385	-0.0537614065	0.0070303649	-0.1722691281	-0.0161529236	-0.1168114785	0.1068471453	-0.0753212287	-0.0028826389	0.1438598793	-0.0460823724	-0.0762870447	0.0604257104	-0.0301035021	0.0142508204	-0.1206959335	0.0023377499	-0.0614767169	-0.0272182688	-0.0954060342	-0.1280719572	-0.042397631	0.0853754045	0.034386873	0.0633932828	-0.1128843688	-0.0783801118	-0.0700913186	-0.0883919364	0.0963406646	-0.0043037279	-0.0951976101	-0.0870735382	0.0609134818	0.0856358871	-0.003906891	-0.0279618369	0.0661546978	0.0332833088	0.146984393	-0.0042619073	-0.0124435183	0.1411816715	-0.143067593	-0.0620634623	-0.0601623338	0.0539517747	0.1655449416	0.0337948577	-0.1429005176	-0.0221364568	-0.0500200498	0.131599339	-0.1523186814	0.0990550916	0.0442904583	-0.0527091137	0.0240437224	-0.0395550955	-0.0173870961	-0.1384434387	-0.0124427141	-0.0077520814	0.0608970194	0.0242331884	0.0186116328	-0.024058917	0.007618522	0.125290712	-0.0193859627	-0.0861734502	0.1088259649	-0.0302410001	-0.1093499245	-0.1785899777	-0.0128644698	-0.0294701101	0.067976826	-0.0615597759	0.0090378845	0.0415308959	0.1236528828	0.0354007566	0.0874179581	-0.1319028449	0.0207864625	-0.1018567269	-0.1762620894	0.0393672843	0.032923593	-0.0361794566	0.0547830711	-0.0156941395	0.0961273889	0.2644425948	0.007746043	-0.0325532252	0.065286161	-0.0308652038	-0.1456849471	0.1716079327	0.1583079858	-0.0576765121	0.0196550249	0.1194551582	0.1192521267	0.1189139965	-0.0160974	-0.0160514811	0.0002576500455036	0.00025912628676	-0.0831738	-0.014629	0.000214007641	0.00691788100644	5.47751e-05	-0.0302261248999999	3.0003115800099997e-09	0.0009136186264703	0.000451886	0.000895249	8.01470772001e-07	2.04200956996e-07	-0.000201424	0.0001186139999999	1.4069280995999996e-08	4.0571627776e-08	0.0	-0.000365093	0.0	1.3329289864899998e-07
272.41304750561005	-0.1973440648142173	74208.86845129376	0.0389446799173979	292.07265057458403	-0.9759780254153156	85306.43321366305	0.9525331060935786	185.78544786090404	-0.0460030428632762	34516.232636876695	0.0021162799526804	187.2335450101109	306.16088899060566	1.089018	21.093784	0.1895776249	0.106294	0.0101994551	0.1024753059	-0.0012430433	0.0576212766	0.0855392859	-0.1021526058	0.0101367624	0.045882414	-0.0433935865	0.0667168137	0.039052614	0.0239424418	0.0107531522	-0.0622563647	0.0792408148	-0.0847374402	0.0305589204	-0.078182542	0.0303161183	0.155299167	0.0214201231	-0.0822065501	0.0512985747	0.0781616906	-0.1055007152	-0.0627544103	-0.0172398361	0.1390351015	0.1247200327	0.1506612504	-0.1832179853	-0.0443789885	0.030954326	-0.1333085021	-0.0134067709	0.1081429157	0.0086666636	0.0420685187	0.0215214684	0.057374142	0.0136260732	-0.0238413614	-0.0460482972	0.0093744196	0.1081333221	0.00471604	0.0338793715	-0.0709958035	0.0815276918	0.015153148	0.0509170123	0.0577935539	-0.0667111867	0.1990158107	-0.0793104761	-0.0427917756	0.0376691792	-0.0054387523	-0.061830859	0.1622810055	0.024046662	-0.0961333075	0.0337506576	0.1320786255	0.1266767802	0.0266331699	-0.229185668	0.0421018001	0.1659976472	-0.0278416793	-0.0578971106	0.0654495831	-0.0686898309	0.1015332845	-0.0469435633	-0.0033110312	-0.0405258106	-0.0657998275	-0.0753036987	0.2234459784	-0.1506953269	0.0936952769	-0.0422209664	-0.0758876372	0.0498144907	-0.0083345728	0.0972456504	0.003606131	0.0471683974	0.0023969336	-0.0512601867	0.0972645237	-0.0352159616	-0.076915579	-0.0931151038	0.091856812	-0.0347570018	0.0701046141	0.0468297753	-0.0900584286	0.0149488521	0.0171051929	0.0330646334	0.0657617814	0.1467618898	0.0225304904	0.0773485483	0.0679878473	-0.0109333416	0.1449883236	0.0812838772	0.0818306612	0.1515528118	-0.003841411	-0.0048124114	-0.020873273	0.1856290273	-0.1585635502	0.0773678202	-0.087856359	-0.018361759	0.0987772883	-0.0587116654	-0.0492480426	-0.0277554494	-0.1569603208	-0.0837964536	0.1001672235	-0.0553721617	0.1250373427	0.0279231821	0.2012170169	-0.0510243361	0.055085987	0.008857069	-0.0287647431	-0.0732380638	0.0321432821	0.1213755902	-0.0593547755	0.0880665044	0.0818946628	0.0048989818	0.1193348294	0.1187713263	0.1178341246	-0.00450465	0.01159275	0.0001343918525625	2.02918716225e-05	-0.0088526	0.0743212	0.00552364076944	7.836852676e-05	0.0362744	0.0362196249	0.00131583209536	0.0013118612278966	-0.0005924	-0.001044286	1.0905332497959998e-06	3.5093776e-07	-0.000223263	-2.183900000000001e-05	4.769419210000001e-10	4.9846367169e-08	0.000282756	0.000282756	7.9950955536e-08	7.9950955536e-08
272.0196647632977	-0.3933827423123262	73994.69801793688	0.154749981949166	291.39419922696953	-0.678451347614498	84910.57934312681	0.4602962310799284	185.6430626555837	-0.1423852053203234	34463.34671214498	0.0202735466941106	187.0476312296257	303.8426051124726	1.081431	20.94681	0.11534646	0.062824	-0.0003798635	0.0605567184	0.1714399929	0.1108739162	0.0688473667	-0.0114750554	-0.1498201866	-0.0307403045	0.1541934815	0.0506140566	0.0032390365	-0.0973178143	0.0848264785	0.0047326164	-0.0540256454	-0.0478296042	-0.0783223168	-0.147371193	-0.135071132	-0.1067650741	-0.0952818268	-0.011457213	0.035976804	0.124237249	-0.0680421639	0.0795889366	0.0805780506	-0.0137471195	-0.011139698	0.1122421248	0.0548030923	-0.0864799675	0.1488149452	-0.0160871358	-0.0180698715	0.1944243256	0.1133732875	-0.0407340301	-0.0454709785	-0.0271673059	0.0767688241	-0.0243301162	-0.0595782552	-0.0036952644	-0.0478894366	0.0567245373	-0.0227565176	0.019213434	-0.0912455752	-0.0660524523	0.1736731702	0.0102497787	-0.0029586789	-0.1495628029	-0.0086903735	-0.0027176892	0.0551759052	-0.045551629	0.0434657412	-0.1021113258	-0.0476524493	-0.0924125042	0.1550504346	-0.0445910596	0.0939438256	-0.0015498324	-0.0040300612	-0.0337284965	-0.0983537339	-0.1198825141	0.0840876927	0.0484146726	-0.0293135802	0.1375745259	-0.0260587027	-0.0819091076	0.0269984959	-0.018507915	-0.0480159997	0.0782909627	0.1431957249	-0.0236646593	0.0986722784	-0.0418186086	-0.0157953627	0.1190339962	0.1506933168	0.0419560533	-0.0385550057	0.0241240647	0.0190946626	0.0306581498	0.0085013218	-0.0217563519	-0.1078823418	-0.0633138323	0.1136351569	-0.0294589043	0.0012372364	-0.012469758	0.0370225791	0.0075983058	-0.063320145	-0.132638134	0.015303102	-0.0306375063	-0.0753876334	-0.0672457585	0.0123144971	-0.1996981241	-0.0732007403	0.1648396056	0.0707385705	-0.0239048849	0.0048267713	-0.1044691909	0.1085631665	0.0380631641	0.0631891093	-0.021284401	-0.120293574	-0.0118307455	0.0909548384	-0.1620229701	-0.0831819426	-0.1448567671	-0.0072496778	0.1203426374	0.0650094239	0.0625093132	-0.1066106284	-0.0894958782	0.0278672363	0.1231849214	0.000236593	-0.0560150089	0.1020599804	-0.1101991825	-0.0357036974	-0.1200508828	0.0368221111	-0.0020259867	-0.0514840431	0.1191544118	0.1180513362	0.1162204348	-0.0169624	-0.01245775	0.0001551955350625	0.0002877230137599	-0.0526005	-0.0437479	0.00191387875441	0.00276681260025	0.0233215	-0.0129529	0.0005438923622499	0.00016777761841	4.43642e-05	0.0006367642	4.0546864640164e-07	1.96818224164e-09	-0.000219025	4.237999999999996e-06	1.7960643999999963e-11	4.7971950625e-08	0.0	-0.000282756	0.0	7.9950955536e-08
272.19066058971094	0.1709958264132183	74087.75571226323	0.0292395726507394	291.6670634575312	0.2728642305616517	85069.67590593953	0.0744548883200022	185.73026810973005	0.0872054541463285	34495.732492112205	0.0076047912328674	187.11202182583736	302.3958566045308	1.088947	21.0924	0.04280347	0.023217	-0.0126277238	-0.0691089658	0.1340578928	0.2235862777	0.0326741194	0.1242638669	0.003131688	-0.0868946718	0.0032509886	0.1432859494	0.1114193184	0.0373522945	-0.0334386567	0.0988899008	0.0245663154	0.0575471351	-0.014102189	-0.0793756426	-0.0779194077	0.0755456438	-0.0773504342	0.1179376749	-0.0713774716	-0.1047395199	0.0207371696	0.0201601158	-0.0132938075	0.0388913211	-0.0114202095	0.1838918285	-0.0441511119	-0.0304290056	0.1008423135	0.0113440728	0.0373606383	-0.1198460589	0.1243317571	-0.0488352958	0.0330191312	-0.0805059273	0.1043648528	0.1508392285	0.1652342607	0.0729217762	-0.15880952	-0.0443146993	0.0244980189	0.03128422	-0.0964353603	0.0416950332	-0.0650687553	-0.0125198514	0.16961007	0.0150004284	-0.0941677975	0.0101968513	-0.1829422978	-0.0255471403	0.0199477531	0.1299924804	-0.0511058873	-0.09301281	0.0127632723	-0.0469891488	0.2264292852	0.0098307139	-0.0562515856	0.0366853129	-0.0066294082	-0.0373515773	0.1072053393	-0.0676862785	0.0924976799	-0.0490455353	-0.0212117938	-0.0321602421	0.0140116193	0.0113812355	0.0353358194	0.114956867	-0.0359949346	0.0603537038	0.0334013486	-0.0392317985	-0.0022080837	0.1565792444	0.0062858417	0.0204751657	0.133611587	-0.1163729051	0.1629583951	-0.1074409277	0.1747742993	0.1077639329	0.1758019735	-0.1894528516	0.0588168514	0.0158378942	-0.0043913241	0.0505273864	-0.0147118433	0.0325950005	-0.0992168505	0.0784976202	0.0535736396	-0.1055413101	0.0211467895	0.0029495584	-0.0684193737	0.0780439036	0.0147021248	-0.0079198285	0.1020819809	0.176418584	-0.0973153478	-0.0425921277	0.1800280985	-0.0511812451	0.0519240449	0.0336590914	0.0018459723	-0.1064615214	0.0790623493	-0.06271346	0.1781873785	-0.1520566828	-0.0213312045	0.0227906974	0.0031641288	0.0761749686	0.1186901527	0.043747119	0.1585767788	-0.0364784522	-0.0395093691	-0.0599735757	-0.0850696841	-0.1136102585	-0.0784385932	-0.0237522434	0.0740031914	-0.0093278227	0.0393548528	0.1189139965	0.1170936064	0.1140802373	-0.0177283	-0.0007658999999999	5.866028099999998e-07	0.00031429262089	-0.048371	0.0042295	1.7888670250000035e-05	0.0023397536409999	0.00687507	-0.0164464299999999	4.726658750489999e-05	0.0002704850597448	0.000305403	0.0002610388	6.814125510544e-08	9.3270992409e-08	-0.000264833	-4.580800000000002e-05	2.0983728640000022e-09	7.013651788900001e-08	-0.000120386	-0.000120386	1.4492788996e-08	1.4492788996e-08
272.10780605400504	-0.0828545357059056	74042.65811552403	0.0068648740870411	290.2451870264928	-1.421876431038413	84242.26859204377	2.021732585142535	185.77956265229287	0.0492945425628192	34514.04589927721	0.0024299519264776	187.14294217256293	304.3018633601784	1.112909	21.556528	0.1534359805	0.0849426999999999	-0.015350535	-0.0077484555	-0.0342160996	0.1428332162	0.1535548039	-0.0087857719	0.077646779	0.0868076632	0.1526722691	0.0773778836	0.0312334838	0.1135605544	-0.0074509421	-0.0781486956	0.0154917228	-0.0413309447	0.0043693982	-0.0110676003	-0.0750230416	-0.1550378212	0.0975687678	0.0217898127	0.0625283534	0.0560391549	0.0582553213	0.0599950726	-0.059498312	0.0570138198	-0.0580480799	-0.0182411797	0.0256501546	0.0697736747	0.1134128235	0.037059156	-0.0792835151	0.0300960606	-0.0776479666	-0.1059730211	0.0122262975	-0.1098584398	-0.0736388875	-0.1100664806	0.040022678	0.1621069954	0.0362220651	0.0176222315	0.0322289419	0.0118410861	-0.0323083349	0.0200805926	0.0380673213	0.0094154855	0.0355229384	-0.0817666629	0.065665689	0.1222123805	-0.0913966501	-0.1126147217	0.077787937	0.0029322215	-0.0926821093	-0.0186589682	0.0680033617	0.0061246825	-0.1165360656	0.0193612758	-0.0087546581	0.0423065621	0.0295446172	-0.1083609951	-0.0565943828	-0.0746852267	-0.0449966473	0.0011700008	0.0459353247	0.0496049365	0.0659194533	0.0662146596	-0.0568091278	0.0051142582	0.0896693391	0.0635919227	0.1737612248	0.0865768592	-0.0645058847	-0.0034149324	-0.0083518181	-0.0494936729	0.0319165477	0.1395477986	-0.0848789815	-0.0615693378	-0.020033307	-0.0622046585	0.0716121477	-0.0180185924	0.0026908141	0.106743327	-0.0211146395	0.102102127	0.054511411	0.0255899833	-0.03780525	-0.0347370875	-0.0464344742	-0.1089364325	-0.0812738173	0.0574440804	0.1336843545	-0.0221701026	-0.0456466616	0.1423534315	-0.0524399785	0.0091100263	0.0238440109	-0.0569971396	0.0657612395	0.0610041259	-0.1203474299	-0.1229840528	0.06559841	0.0141296067	0.0282577506	-0.0623273809	0.0469210035	-0.1083071592	-0.0794971318	-0.018168099	-0.0543332389	-0.0929323295	0.0174805221	-0.0334197952	-0.0579058048	0.1035025246	0.090881302	-0.120601424	0.0194910398	-0.1367390612	0.0490329689	0.0353584916	-0.1201947687	0.1704366687	0.1895577199	0.1186137044	0.1159000657	0.1114232278	1.18505e-05	0.0177401505	0.0003147129397626	1.4043435024999998e-10	0.0209247	0.0692957	0.00480189403849	0.00043784307009	0.026674	0.01979893	0.000711502276	0.0003919976291448	-0.000279743	-0.0005851459999999	3.42395841316e-07	7.825614604899999e-08	-0.000152993	0.00011184	1.2508185600000005e-08	2.3406858049000006e-08	0.000114652	0.000235038	1.3145081104e-08	5.5242861444e-08
272.6445235798058	0.5367175258007819	74335.03623805929	0.288065702501713	291.6355112600063	1.3903242335135246	85051.27142788527	1.9330014742949695	185.8304411421472	0.050878489854341	34532.95285508504	0.0025886207298582	187.23493315948755	307.6574839553712	1.194121	23.129572	0.2147534397	0.117156	-0.0473139783	0.1446684497	-0.024288759	0.0415289565	-0.086022602	-0.0947946491	0.0386756336	-0.1258178856	-0.0124997456	-0.0024128225	0.0158063517	0.1242490452	-0.0513177157	-0.009065945	-0.0408377729	-0.0209952907	0.0384636245	0.0260959645	0.1856019741	0.0899635027	-0.0053620251	-0.0794054487	-0.1052815638	0.0492996208	-0.0050447304	-0.0475722898	-0.090146873	0.0693334558	0.0651505111	-0.0609046205	0.1213845887	-0.0867827263	0.0199696818	-0.0073027615	-0.0103573409	-0.0639621206	0.0043977656	0.0055204426	-0.1910089442	-0.1130807075	-0.0274677382	-0.085449669	-0.1341909884	-0.0593127143	-0.0879942245	-0.0144856931	0.0084921346	-0.1289363	0.0131599336	0.1168733441	0.00085142	0.069511403	-0.0320334457	0.0273927493	0.0530548404	-0.0334162586	0.1565112639	-0.0775169022	0.0730192297	0.0223776216	-0.0769292762	0.0149159697	0.0157458201	-0.0653806641	0.0009543264	0.017388768	-0.034907904	0.1072169868	0.0152694235	0.0184370903	-0.041985023	0.0775008984	0.0790445935	-0.0010911002	-0.043605559	0.1441478002	-0.0683276816	0.0293002813	-0.1480104374	-0.014215348	0.0488875887	-0.0393179305	0.0156297762	-0.0481309992	0.0730753324	0.0532159055	-0.082356784	0.0541162686	-0.1037706025	0.1421591497	0.0340180041	0.0494772455	-0.0781514136	-0.0207986601	-0.0373484783	-0.1177407463	-0.0987263742	-0.1167455603	-0.0436579633	0.0341608716	0.1720146674	0.0521209852	0.0912695724	0.0366239155	-0.0547240804	0.1095594677	0.0717126584	-0.0773642616	-0.0573504216	0.0640414416	-0.0153526941	0.0387412596	-0.0721816626	-0.0201364953	-0.0140356731	-0.0276374209	0.0901982468	-0.0614096061	-0.0126928844	0.1138223178	-0.042616774	0.1048524423	-0.0703776632	0.1089284866	0.0519774031	0.0058258098	-0.0296872586	-0.0556119478	-0.0711139195	0.0455545896	0.0528366013	-0.0565745452	0.130530772	-0.1851880007	0.0409792889	-0.0723961208	0.0529459536	0.0251363922	-0.0528020986	-0.0280256775	0.0078441085	-0.0802836879	-0.0374475163	0.1182536866	0.1144731177	0.1082614433	1.74902e-05	5.639700000000001e-06	3.1806216090000014e-11	3.0590709604000003e-10	-0.0604539	-0.0813786	0.0066224765379599	0.0036546740252099	-0.0309053	-0.0575793	0.00095513756809	0.00331537578849	0.000562048	0.0008417909999999	7.086120876809999e-07	3.15897954304e-07	0.000139114	0.000292107	8.5326499449e-08	1.9352704996e-08	-0.000267248	-0.0003819	7.1421493504e-08	1.4584761e-07
272.5788917707895	-0.0656318090163381	74299.25223899177	0.004307534354757	292.0252516003603	0.3897403403540238	85278.74757225375	0.1518975328992703	185.7542700801473	-0.0761710619999007	34504.64885300831	0.0058020306861927	187.1445910094563	311.9602114789212	1.249956	24.211061	0.189552362441	0.105813	-0.066561037	-0.0194384575	0.1044152306	-0.1288638146	0.1109165555	0.0248358539	-0.1680340134	0.1100854251	0.1114839992	-0.0373239765	-0.0107858654	0.0623646163	0.1032160407	0.0439473291	-0.079878268	0.0232108635	0.0889335492	0.0689130951	0.0961771851	-0.1410280999	-0.1039273106	0.0051485703	0.1547081566	0.0715868904	0.0480349645	-0.0122809696	0.016328682	-0.0227876362	0.0656738335	0.021058161	0.0097155133	0.1325240644	0.0628579354	0.0203601559	0.0380846086	-0.112859585	0.1762676853	0.0632238766	0.2406520664	-0.1082094978	0.0169537182	0.1609516149	-0.0500978761	0.0590004891	-0.026972132	0.0286388022	-0.0072200091	0.1379332174	0.1174337159	0.1487687977	-0.2123647384	-0.1092734013	-0.0395458802	-0.0277494211	-0.0404706363	-0.0269000974	-0.1478262936	-0.0280152941	-0.0579998453	0.0870693163	0.0797008446	-0.0068524314	-0.0020044467	-0.0756032397	-0.0601521996	0.0111274704	0.0425328364	-0.0560546684	0.0552354715	-0.0006297869	0.1132943469	0.0262455117	-0.1384582906	0.0868391298	0.0501197658	-0.0604583162	-0.0112989259	-0.0177788882	-0.0458144906	-0.0437677301	-0.00345688	0.0253273503	-0.0162873387	0.0864276012	-0.0552276174	0.0509309884	0.0102304338	0.0609531448	0.2308981111	-0.0574189942	0.1526480304	0.1509674464	-0.1352318084	0.2215894351	0.2018297399	0.0058291052	0.0090780342	0.0211653531	-0.088493546	0.0940831506	-0.0852310049	-0.0452128631	0.0565884017	0.0472627031	0.0805176657	-0.1112923958	-0.001645953	-0.061391305	0.1119203806	0.0833778853	0.0800571602	-0.1000410954	0.0501726317	0.0369449946	0.0469565607	-0.0361654665	-0.1347061685	0.039682624	-0.0409620365	-0.1271370449	-0.1116169812	-0.0587045119	0.0366704303	0.0162301356	-0.0917742753	-0.1254606897	0.0072148103	0.1311874959	0.0486751056	-0.0382554116	-0.0777330208	0.0251541807	-0.0985765959	0.0504314952	0.0137095657	-0.027208123	0.0609839167	-0.0320863463	0.0189715653	-0.0726223675	-0.1518240301	-0.0150938146	0.0604905409	0.1178341246	0.112815636	0.1046092073	6.67759e-07	-1.6822441000000002e-05	2.829945211984811e-10	4.45902082081e-13	0.010771	0.0712249	0.0050729863800099	0.0001160144409999	0.0160495	0.0469548	0.00025758645025	0.00220475324304	-0.000395039	-0.000957087	9.16015525569e-07	1.5605581152100002e-07	-6.36678e-05	-0.0002027818	4.112045841124e-08	4.05358875684e-09	0.0	0.000267248	0.0	7.1421493504e-08
272.5455008018185	-0.0333909689709912	74281.05000731404	0.0011149568088217	291.67356597152207	-0.3516856288382541	85073.46908654383	0.1236827815313582	185.6589895541404	-0.0952805260069169	34469.26040226441	0.0090783786361547	187.06850524951955	311.7535398638362	1.289496	24.976948	0.183274309541	0.110258	-0.0806821797	-0.1298462845	-0.0198071905	0.0271135605	-0.1582577134	0.1325584872	0.0741202173	-0.1326456924	0.0037626861	0.05313304	-0.0629241993	-0.0093971691	-0.0221389279	0.1096274573	-0.0150451704	0.0770570828	0.0392480771	0.0973759681	0.1139513806	-0.1089093267	-0.0162252997	0.0807949411	-0.0602481576	-0.0069575983	0.0598724575	0.0367724935	0.1010657881	-0.1340302425	-0.0067562526	0.0127735034	0.0627532246	0.0566736952	-0.0182607661	-0.1589498728	-0.0916246232	0.0001955437	-0.0249050779	0.0602090457	-0.1960804252	0.0141857735	-0.0103431781	-0.0081040591	0.1020618395	-0.0012415325	0.0174436324	-0.0097621952	-0.1143027572	0.1739599939	0.2030298607	-0.1679415315	-0.0182347219	-0.0402692317	0.0660620297	0.091683142	-0.0527087762	-0.0592840064	-0.0770251451	0.1517965973	0.058545698	-0.2347616454	0.0099513156	0.0209839324	0.0513900573	-0.0545792951	-0.0609893459	0.0087751246	-0.0623774043	0.0287830666	0.1286331497	0.0272094409	0.0325393497	-0.0612372275	0.1141119291	0.0016931334	0.0810488793	-0.0735372304	-0.0006454175	-0.0117972168	0.018104978	-0.1215427001	0.0539441898	0.0797480303	-0.0051787522	-0.1459311986	0.0122556916	-0.0369806516	-0.0140091659	0.1497047688	-0.1144722652	0.0388399103	-0.0650807704	-0.0097905809	0.0622314503	0.0616057156	0.0474003335	0.1387094903	0.0315818014	-0.0337878718	-0.1951596099	-0.1413447868	-0.2228685237	0.0209973892	-0.0341601605	0.0586257695	-0.0367880716	-0.0774926383	-0.0451418226	0.0982120852	-0.2141244629	-0.0386166801	-0.1057966394	-0.0798013994	-0.0675287628	-0.1483104841	-0.0290256392	-0.0906280851	-0.026625244	-0.0760092685	0.0180204105	0.1375488747	0.0618564372	-0.1023075366	-0.0995624432	-0.0185228605	0.0602057358	0.067898333	0.1084049131	0.0686008604	-0.0628747207	0.0002809873	-0.041433464	-0.1150086664	0.0352080822	-0.1144038832	-0.0203401523	0.0599985879	0.0438149751	0.151965868	-0.0776078059	0.0688475149	0.0012258318	-0.0176610413	0.1095169299	0.1173552296	0.1109309587	0.1004830656	2.29373e-05	2.2269541000000003e-05	4.95932456350681e-10	5.2611973129e-10	-0.0757853	-0.0865563	0.00749199306969	0.00574341169609	-0.0202629	-0.0363124	0.00041058511641	0.00131859039376	0.000474455	0.000869494	7.560198160359999e-07	2.25107547025e-07	-1.48809e-23	6.36678e-05	4.05358875684e-09	2.2144118481e-46	-0.000274505	-0.000274505	7.5352995025e-08	7.5352995025e-08
272.7186811828635	0.1731803810450287	74375.47906612036	0.0299914443789013	291.1597364894593	-0.5138294820627607	84773.99215261138	0.2640207366368849	185.59255048144507	-0.0664390726953172	34444.59479420774	0.0044141503806136	186.94348590494693	312.848217851383	1.190519	23.059799	0.1165282727	0.0642034	-0.065689214	-0.0139152277	-0.1335050699	-0.0710611151	0.0037504087	-0.0315633187	0.0912052088	0.0675179149	0.0372805918	-0.0274199124	0.1268575572	0.0269667817	0.0090812304	0.0643732965	-0.1302200307	-0.1084313745	-0.1465713758	-0.0225691488	0.0142150902	-0.1915153335	0.1258219905	0.024064725	0.0604497367	-0.0907243607	-0.0232846545	0.0468202607	0.0329197493	-0.0265925428	-0.1190328893	0.0644216176	-0.0214059269	0.0971019769	-0.1025476657	-0.0379312285	0.0165090702	0.1462583097	-0.0841559008	-0.0634446817	0.0545142718	0.0661569783	0.0984734796	-0.0922520995	0.0011510968	-0.0979688355	0.0281645943	-0.1264191823	0.0390250266	-0.0511856111	0.0719104046	-0.0011785561	-0.0357900296	0.0378844828	-0.0517860233	-0.1413904618	-0.1258977859	-0.1172577155	-0.0010244523	-0.0054113057	0.0092291632	-0.1012131736	-0.0145561051	0.0400569972	-0.0792251824	0.068393853	-0.0337148005	0.039808657	0.041615154	0.068628162	0.0605495601	0.1003078787	-0.0854579962	-0.0775878849	-0.0368633353	-0.0424850387	-0.0145687955	-0.0427762234	0.0971888096	-0.0107747242	0.1456370656	0.0866000693	0.0632028206	0.0574875597	-0.0276141072	0.0372283861	-0.0649617546	-0.1661653082	0.0780198822	-0.0429567162	0.0163552256	-0.0009996401	-0.0513959493	0.0129846405	0.0513152861	-0.100553363	0.0401044077	0.0689058322	-0.0194269487	-0.1664400562	0.0639323621	-0.0239746749	-0.0056642077	0.0869373901	0.1450014375	-0.0314209829	0.0610318578	-0.1153655338	-0.0958512601	-0.0444183689	-0.0749133838	-0.0094076299	-0.0366637981	0.0171597039	-0.1081737327	-0.0737789757	0.0632650479	0.062256571	-0.0913834252	-0.0273784393	0.0678162112	-0.0510778371	0.0882453289	0.0271760743	0.0991972434	-0.1595280087	-0.011047587	-0.0219602741	-0.110851578	-0.0862896278	0.0132078823	-0.1737116627	-0.1206759536	-0.0419830206	-0.0519429523	0.0090334651	-0.0080465273	0.0518367177	0.0215681921	0.0324373912	0.115314938	0.003217438	0.1079013595	0.0179611773	0.1895811609	0.1168172427	0.1088228812	0.0959017104	0.00622792	0.0062049826999999	3.850181030729928e-05	3.878698752639999e-05	-0.0383274	0.0374579	0.00140309427241	0.00146898959076	0.0186194	0.0388823	0.00034668205636	0.00151183325329	-3.13418e-05	-0.0005057968	2.558304028902401e-07	9.8230842724e-10	-0.0	1.48809e-23	2.2144118481e-46	0.0	-0.00010064	0.000173865	1.01284096e-08	3.022903822499999e-08
272.7101457030224	-0.0085354798411003	74370.82356936371	7.285441611783078e-05	291.5984104717634	0.438673982304067	85029.632989659	0.1924348627505089	185.71120887515747	0.1186583937123941	34488.65310187237	0.0140798143984055	187.0262312280041	311.66161162951425	1.073219	20.787746	0.0905213277	0.0513972	-0.0871590942	0.089213812	-0.0433840155	-0.1079590752	-0.071793103	-0.0811066337	0.0143714115	-0.0561724619	0.0521321234	-0.0345001108	-0.0144243329	0.0765178879	0.0140855719	0.0082681484	-0.0614835052	0.0558513577	-0.0799032386	-0.0666074185	0.2157067739	0.0556896284	-0.0085702782	-0.0842264118	-0.0477725593	0.0353557162	0.0434621485	0.0587687004	-0.0836112593	-0.0502364898	-0.0927899416	-0.1242080316	0.061454351	-0.102984635	0.096088011	-0.0561624903	0.1863420737	0.0543844302	0.0653819632	0.1023579428	-0.0565635361	0.0297452377	-0.0623803084	-0.0815140196	-0.0231382923	0.0664921927	0.0241730669	-0.0479382947	-0.00148642	0.0167923718	-0.0541773582	0.0533741146	-0.1228378216	0.1609358016	0.0814425166	0.1068458184	0.0185764085	-0.0296388011	0.0122679297	0.1105788866	0.053722942	-0.0320922593	0.0273580432	0.0098981557	0.0392187459	0.0046909413	-0.0775988512	-0.0819467578	0.0363348042	0.1063622589	-0.1116570461	0.1160428927	-0.0273521365	0.0781158952	-0.009984104	0.0144592848	-0.0030840933	0.1610195009	0.0268343013	0.0559759501	0.0468585107	-0.0728569999	0.0839021603	-0.2175189689	-0.0009705327	-0.0708651181	-0.0704732323	0.029263981	0.0669790509	0.1414764424	-0.0052606074	-0.0271261473	0.0396526607	0.0472646835	-0.0448289492	-0.1706425295	-0.061650487	-0.0690482491	0.0223527305	0.0670741791	-0.0422611434	0.1163692661	-0.0292135337	0.0240067311	0.0240584487	0.204463682	-0.0092382481	0.0737442457	0.0514894693	-0.0116394499	-0.0819213075	0.0685265579	-0.0465647082	-0.0094364696	-0.0201351746	-0.0621268464	0.0161526429	0.048499832	-0.0954079409	-0.0651431284	-0.0746404055	0.0526289728	-0.0563759857	0.095244079	0.0260361334	0.0801396975	0.0335220154	-0.006993466	-0.0243766195	-0.0977795665	-0.0816354392	0.0153538969	0.0078452728	-0.0114020254	0.0173492298	-0.0341800649	-0.1746732877	0.0036878207	0.1680068487	0.044017816	-0.0799945389	-0.1844898547	0.090840089	-0.0427073307	0.1293460152	0.1162204348	0.1064956489	0.0908858965	5.3673e-06	-0.0062225527	3.872016210427729e-05	2.8807909290000004e-11	-0.0565744	-0.018247	0.000332953009	0.00320066273536	-0.0147772	-0.0333966	0.00021836563984	0.00111533289156	0.000539	0.0005703418	3.2528976882724e-07	2.90521e-07	-6.26487e-05	-6.26487e-05	3.92485961169e-09	3.92485961169e-09	-0.000120753	-2.0113e-05	1.4581287009e-08	4.0453276900000004e-10
272.9900425180381	0.2798968150156611	74523.56331400023	0.0783422270559112	292.20629009805333	0.6078796262899573	85384.5159728677	0.3695176400584181	185.88587653430773	0.1746676591502591	34553.5590949279	0.0305087911530311	187.18862051283875	313.22298832151176	1.081962	20.957111	0.1331894977	0.0738228999999999	-0.0787888805	-0.0059125577	0.0668676212	-0.1851140811	-0.0343608411	0.0040446153	-0.1232509854	0.0264589816	0.0362499584	-0.0668855267	-0.0302542022	0.0820572021	0.1199512317	0.1346983682	-0.0426196501	-0.0689480805	0.0397723108	0.0966263274	0.1215203462	-0.1127880657	-0.0645130092	0.0217868563	0.0796497909	0.0813936212	-0.0426849359	-0.112454088	0.0376894086	-0.1070930918	0.0627716995	0.0715609798	0.0456384635	-0.0509765083	0.0321232498	0.2262683307	0.0291966779	0.03704494	-0.0550271369	-0.0128411981	0.00541847	0.0338109181	-0.150458502	-0.071245043	0.0602386008	-0.1502112969	0.1429396066	0.0320848936	0.0990260449	-0.1264217028	0.0146819752	-0.2351685787	-0.1291429721	0.0553857207	-0.1071010429	0.0253820951	0.0008654315	-0.0890107741	-0.1180926445	0.0138107872	0.100828583	-0.0382373762	-0.0065767985	0.0369807809	0.0018780411	-0.0333508815	0.1248350449	0.0134102138	-0.1238090195	-0.0197854694	0.0093978224	0.01061785	0.0743467915	0.0015495607	-0.097967229	0.0665012581	0.0224403748	-0.0175047234	-0.1284477039	-0.0638936922	-0.030195522	0.0249358085	0.1600826944	-0.0934772871	-0.0644402041	0.0601872233	-0.0210191858	0.1680976367	-0.0505012773	-0.0826917773	-0.0476070341	0.0109167042	-0.0942517985	-0.1224515094	-0.1241285499	-0.0165121666	-0.0707112884	0.2281304856	-0.094684334	0.0118715499	0.2140832627	-0.0896581109	-0.0753398114	0.0161602807	0.0811106015	0.1154332693	-0.0717234669	-0.0393672338	-0.043978051	-0.0739488964	-0.0305132688	-0.0232967243	-0.1075665433	-0.0517805935	0.0198416882	0.1524914704	-0.0485185088	0.0329156682	-0.0084695907	-0.0984408487	0.1410224923	-0.0706036889	-0.1234177508	-0.0414070666	-0.0701174007	-0.0549473911	-0.1189676611	-0.1141834614	0.018579255	0.0808582902	0.0765823466	-0.0391994736	-0.0560338741	0.0442529568	-0.1236843616	-0.0053044545	-0.023152716	0.0549203558	0.100934744	0.1458987747	0.0346521296	-0.018517816	-0.0058113948	-0.1604042769	-0.0176003046	0.1155651064	0.1039539485	0.0854583468	0.0054056	0.0054002327	2.916251321414929e-05	2.922051136e-05	-0.00941518	0.0471592199999999	0.0022239920310083	8.864561443240001e-05	0.0174447	0.0322219	0.00030431755809	0.00103825083961	-0.000198178	-0.000737178	5.43431403684e-07	3.9274519684e-08	-9.4685e-05	-3.203630000000001e-05	1.0263245176900004e-09	8.965249225000002e-09	7.819559999999998e-05	0.0001989486	6.114551859359997e-09	3.958054544196e-08
273.140409068525	0.1503665504869218	74605.68306612117	0.022610099505336	292.3877182333509	0.1814281352975513	85490.57777370539	0.0329161682775465	185.86383948224244	-0.0220370520652863	34545.36682708078	0.0004856316637281	187.17834635928128	313.94570329901785	1.176194	22.782337	0.1752490932	0.0928238	-0.0398867236	-0.1799499065	-0.0032899912	-0.0726583154	-0.1311980768	0.1535531222	0.0425523888	-0.054290258	-0.0471099366	-0.0588544732	0.0131078154	-0.1091570112	-0.0339973405	0.1056698256	0.0130761241	0.1585450512	-0.0240106042	0.104773525	-0.008661476	-0.0364474902	-0.0496206264	0.1018002571	-0.0456377228	-0.0332801337	0.0918142972	-0.0352558687	0.0346087297	0.0840440356	0.1316304806	-0.004546813	0.0096928837	-0.0950931201	-0.0661179915	0.0111656505	0.0778000464	0.012182146	0.0563323115	-0.0585854783	0.0204301137	-0.1035494022	0.0107463296	-0.1466010999	-0.0319378432	0.0431618556	-0.037893565	-0.0550259348	-0.0207665435	0.1559110331	-0.1895333291	0.0874929482	0.0324220326	-0.0685844238	0.0791196219	0.0459216663	-0.0785729429	0.1352982662	0.0712791583	0.2028077958	-0.0601711323	-0.0785281692	0.1070449539	0.2149223929	0.0211245313	0.0917309807	-0.0609229955	-0.0815931218	0.1198433033	-0.029133504	0.043880643	-0.0732885073	0.0701733032	-0.0638021287	0.0832307055	-0.0870919141	0.0370729883	-0.0589751137	-0.0417749668	0.0638235087	-0.1404507259	0.0454090355	-0.0147850274	-0.1223021269	-0.0945282885	0.0173654648	0.0224039819	0.0119951375	0.0572449296	0.0058139	0.0570017362	0.1499494578	0.0478206151	-0.0443123765	0.0239854664	-0.0143505807	-0.012829188	-0.1487975233	0.1091113308	-0.0662114728	-0.0228924181	0.1184638839	-0.0840839644	-0.0437876949	-0.089245855	-0.1066308196	0.1258204737	0.1602678188	-0.0300816422	0.0777509418	-0.0867265153	-0.0455411536	0.0176354185	-0.1080635477	0.0802994259	-0.1728559278	-0.1034573766	0.1013047452	-0.1049610092	0.0920717445	-0.1470028584	0.1024079474	0.0537412631	-0.1217610009	0.0105689967	0.032257069	0.0971730727	0.1257510991	0.1132637665	0.0580029097	-0.0421870427	-0.0132936494	-0.0313971784	-0.0923792089	0.0219936833	-0.0223064727	-0.0718041937	0.1326988355	0.0979961389	0.1062266144	0.0180627343	0.0434656255	0.0027763602	-0.028729046	0.0457501418	0.1148515874	0.1012028987	0.0796436494	1.97568e-05	-0.0053858432	2.9007306974986235e-05	3.9033114624e-10	-0.0698524	-0.0604372199999999	0.0036526575613283	0.0048793577857599	-0.0276139	-0.0450586	0.00076252747321	0.00203027743396	0.000595039	0.000793217	6.291932090890001e-07	3.54071411521e-07	0.000114253	0.000208938	4.3655087844000014e-08	1.3053748009000001e-08	-0.000206998	-0.0002851936	4.2848172004000003e-08	8.133538948096e-08
273.16168917235774	0.021280103832737	74617.30843149578	0.000452842819132	291.9679831873646	-0.4197350459862718	85245.30320649722	0.1761775088290977	185.83483408814408	-0.0290053940983625	34534.58556056803	0.0008413128868013	187.15899031161155	313.5646352722627	1.142143	22.122789	0.1647260232	0.0909521	0.036877766	-0.0763544166	-0.1291353705	-0.1134064063	0.0062027024	0.008192185	0.0926672438	0.1347261901	-0.0196427509	-0.1040367167	-0.0645253822	0.0823863472	0.0042482714	0.0607835939	0.011944123	-0.1103793347	-0.1143003343	0.0697085567	-0.0863150482	-0.0320354109	0.1149168678	0.0482908573	0.0252795318	0.0153815763	0.0690743831	-0.0475661728	-0.1276735066	0.0440375184	-0.120939823	0.1059519871	0.060224358	-0.0840370001	-0.0683234504	-0.035272244	0.0538592668	-0.0247862091	-0.1022674761	-0.0107102996	-0.1820940227	-0.0567200505	0.019921352	0.0214224581	-0.1279682211	-0.011868414	-0.0056079369	-0.0163731063	0.0600356958	-0.024051255	0.0043185354	-0.0415208081	-0.0259622291	-0.0997108647	-0.0056214463	0.0132650581	0.0227244418	-0.0511268113	-0.02963447	-0.1236151673	-0.0480860885	0.0686851818	0.0600449436	0.0923648936	-0.0549236257	-0.1765457496	-0.1182599794	0.0068979837	0.0978142697	0.0451454594	-0.0760827998	0.0322419021	-0.0699304512	-0.1166543499	-0.0711732428	-0.0611529073	0.0885549947	0.1409736938	-0.0575398975	0.042211004	0.0403709941	0.1105277597	0.090844206	0.0291820616	-0.0009108617	-0.1434690261	0.0379764912	-0.0068385308	-0.121797693	-0.0090541172	-0.1190593697	0.0620836651	0.0930892401	0.0683263202	-0.0066839356	-0.0197190595	-0.0667771348	0.0277965908	0.0389199321	-0.034420172	0.0418615787	0.019847441	0.0220879092	0.0388435504	-0.0130667538	-0.0554204505	-0.0476711874	-0.0049336058	0.025159176	-0.13341461	0.0590416529	0.0529700019	0.0672444509	-0.1160435519	-0.0779155569	0.0796565963	-0.0654422517	-0.147056435	-0.0656600459	0.0547524897	-0.1243576041	-0.0800234941	0.0914741171	-0.0407664862	-0.094817561	0.0158828923	-0.026282737	0.0340337043	-0.11997951	-0.1276722197	0.0670038238	-0.042162639	-0.0757876621	0.0738388265	-0.0748164524	-0.023893292	-0.001611309	0.1778648095	0.025974185	0.0023780543	0.1236909487	0.0443776116	-0.0615110734	-0.0044265726	-0.1045694611	0.1140802373	0.0982480398	0.0734681463	0.00885811	0.0088383532	7.811648728795026e-05	7.846611277210001e-05	-0.0085910599999999	0.06126134	0.0037529517785956	7.380631192359828e-05	0.00286603	0.03047993	8.2141279609e-06	0.0009290261328048	-0.000366638	-0.000961677	9.24822652329e-07	1.34423423044e-07	-0.0	-0.000114253	1.3053748009000001e-08	0.0	0.0	0.000206998	0.0	4.2848172004000003e-08
273.2609615454333	0.0992723730755642	74671.55310473478	0.009855004056054	292.5711138804315	0.6031306930668734	85597.85667723641	0.363766632919327	185.93594060181843	0.1011065136743525	34572.17400748295	0.010222527107382	187.3439781961472	311.4691199727648	1.123893	21.769283	0.16577745	0.0912017	0.0917714399	0.0575696184	-0.102217981	-0.0832098192	-0.0661239611	-0.0718415515	0.0680143019	-0.0217480482	-0.0264580504	-0.1810591881	-0.0268001683	-0.1393185349	-0.032538638	-0.0241060882	-0.0621085948	0.0578790018	0.0825728238	-0.0206957792	-0.0138133981	0.1242570883	0.0873061982	-0.1078996106	0.0414799371	-0.0181317774	-0.1180441154	-0.0265791098	-0.0290180013	0.1422831638	0.1504804068	-0.113430495	-0.0268142176	0.2128883232	-0.018399754	-0.002074639	0.0745884998	-0.0814309726	-0.0580224659	0.0362866506	0.0195278094	-0.0508245808	-0.0374952048	0.1870199955	-0.124527168	-0.0579033038	0.0237906506	-0.0298678944	-0.0801498562	-0.1093219829	-0.13886677	-0.0487525377	0.0047250328	0.1314227231	-0.0603150187	-0.0168544028	0.0844993541	0.1663869069	-0.0014590739	0.0621413697	-0.0190724747	-0.0358094454	0.0196541852	0.0606016815	-0.1292441399	0.1017805607	0.0630566051	-0.032452925	-0.0347452289	-0.1002809067	-0.1149455063	0.0923046674	-0.1249855018	0.0660118045	-0.0618437527	-0.0343375524	-0.1234282229	0.0441774843	-0.0114642477	-0.0368742111	-0.1860227073	-0.0406153473	-0.1425801596	0.085701985	-0.0182676893	0.076331182	-0.0652053417	-0.1374882323	-0.1255611903	0.0221937134	0.0029751658	-0.0925139648	0.1513179805	-0.0458619645	-0.1392213029	0.0077338452	-0.0854945706	-0.0802469971	-0.0202461747	0.0543629824	0.1282617199	-0.011862306	0.0309989374	-0.1452862646	0.0418260238	0.0124721019	-0.0454142668	0.0879955221	-0.1225598771	0.1325761167	0.0004235638	0.0051867719	-0.0152819305	0.0257388029	-0.1016336547	0.0384435593	0.0828233993	0.158996194	-0.2082445452	-0.0259240221	0.1035786564	0.0766100293	0.0398053271	0.119471538	0.0360785164	0.1280502974	-0.0850450217	0.1733356736	0.0446597884	0.0575525584	-0.0011874336	0.0717465666	0.0817353276	0.0107404942	0.0716135968	0.0564749757	0.0130948944	0.1738411988	-0.0233047658	0.0441122779	0.0182180215	0.1477966065	0.035121631	-0.0210607031	0.116487636	0.1132514443	0.0950953223	0.0669598143	-0.00157572	-0.01043383	0.0001088648084689	2.4828935184000003e-06	-0.0651921	-0.0566010400000001	0.0032036777290816	0.00425000990241	-0.0396307	-0.0424967299999999	0.0015705923824899	0.0018059720606928	0.000530966	0.000897604	8.05692940816e-07	2.81924893156e-07	-0.0	0.0	0.0	0.0	-0.000227313	-0.000227313	5.1671199969000014e-08	5.1671199969000014e-08
273.3845614656476	0.1235999202143034	74739.11844776446	0.0152769402769821	292.8208795968999	0.2497657164684028	85744.06752790214	0.0623829131229746	185.9000183854438	-0.0359222163746437	34558.81683570834	0.0012904056292667	187.2727876371746	313.5340415029113	1.105039	21.404104	0.144002205	0.0910669	0.1216054961	0.0679637508	0.0264176352	-0.1919506402	-0.0399077662	-0.0688997916	-0.0901850222	0.0460098585	-0.0899143591	-0.1610740352	-0.038095365	0.0853375723	-0.1006203835	0.1072442544	0.0487462797	0.0996117301	-0.121367749	0.0420482427	-0.1245169003	-0.0441293938	-0.0824925821	-0.0625362553	0.0410240359	-0.0257031808	0.2461580468	-0.174277805	-0.13229183	0.011910939	0.0634953546	0.007855613	-0.0695534758	-0.0797979009	-0.0030827751	-0.1166165408	-0.2296437286	0.2265465901	-0.2237374631	-0.0640563499	-0.0135070277	0.0675469728	0.0499512449	0.0642540193	0.0055261522	-0.0348179295	0.1211534994	-0.0128145858	-0.0136862585	0.1581913105	-0.0602771744	0.0209039088	-0.0569823334	0.0439626595	0.0642287871	-0.0450743413	-0.0707531591	-0.0246367816	0.0259038188	-0.1646781043	0.0314669538	0.0053591739	-0.1001355212	-0.1228300935	0.0551895539	-0.1684618809	0.1132438551	0.1439729835	0.0618953975	0.0295836389	-0.0766654868	0.0076251529	0.0516376582	0.0923787988	-0.0174359272	-0.1191893365	0.2428044769	0.0193009377	-0.1731907882	0.0085227088	-0.0117978177	0.1329768268	-0.1343963643	-0.0210823356	0.2307818108	0.0056696103	0.1746254666	-0.1457490732	0.041268006	-0.064935368	-0.1477965337	-0.0609011485	-0.1104371124	0.0559819577	0.0368379416	-0.0343730667	-0.0779496428	0.0596210852	0.0920399513	0.0157385026	-0.0324501044	0.1403748813	-0.1856195161	0.1150864995	0.0061489928	0.0338888777	0.088911577	-0.0387173783	-0.0942201777	-0.1030938582	0.1065847362	-0.0553431713	-0.0172924335	0.103331906	-0.0374792206	0.1801027716	0.043170193	-0.0964026461	0.0773025613	0.0046488174	0.0322772642	-0.046723753	-0.1050778337	0.0120120469	-0.1277231826	0.0483312795	0.0737785042	0.1596175988	0.0442088615	-0.0192037601	0.1779465711	-0.0993726761	-0.1428577379	0.0813032865	-0.0293083031	-0.0204019347	-0.021634023	0.1588280704	-0.1557595839	0.0076540376	-0.0284527399	0.0579102884	-0.1319181158	-0.0134934381	0.0396104189	0.1123656258	0.0917510955	0.0601481375	0.0131924	0.01476812	0.0002180973683343	0.00017403941776	0.0138749	0.079067	0.006251590489	0.00019251285001	-0.0316363	0.0079943999999999	0.00100085547769	6.391043135999998e-05	-8.51747e-05	-0.0006161407	3.796293621964901e-07	7.25472952009e-09	-0.0	0.0	0.0	0.0	0.0	0.000227313	0.0	5.1671199969000014e-08
273.09744887826946	-0.2871125873781466	74582.216583819	0.0824336378309738	292.80760181174094	-0.013277785158948	85736.29167874303	0.0001762995787271	185.9907854551701	0.0907670697263256	34592.57227423112	0.0082386609467036	187.3276686821214	313.82769868190087	1.124386	21.778841	0.143698905	0.0844289	0.1209779767	-0.1168002307	0.0781710877	-0.0993062419	-0.0578599058	0.1214518754	-0.0350930404	-0.0220543499	-0.0177605086	-0.12333956	-0.0472528867	-0.0331411309	-0.1336285482	-0.1060513675	-0.1532534765	0.0988801809	-0.1098061216	-0.0191047282	-0.0594718823	0.0771113497	-0.0701166915	0.0626735825	-0.1230085806	-0.0180669397	0.0322885072	-0.0570324989	0.0444402158	0.0007274637	0.0363882863	-0.2416132528	-0.0526286384	0.0208517618	-0.0340795467	-0.0412579378	-0.0565231669	0.0224491417	0.0997107762	-0.0499173617	-0.0077111718	-0.0132396259	-0.0357496308	0.009342735	-0.1067197417	-0.0013494277	0.0073691129	0.0335631253	0.0889557525	-0.0983307552	0.1145987394	0.0911183926	0.0439512338	0.100940748	0.1361521678	-0.0802576839	0.0180232845	-0.052662424	-0.0040375609	0.1051477593	0.0248468533	-0.0107836726	0.1937722941	-0.0216086631	0.0306179522	-0.0382958061	-0.0733966052	0.1626759742	-0.1040464973	-0.0952872346	-0.2615421409	-0.098043381	0.0966453413	-0.0241696349	0.0712793964	-0.038792104	-0.0487569224	-0.0039875132	-0.0565426261	0.0921176911	0.0009167139	-0.1960987387	-0.1702714791	-0.0007823243	0.0359635758	-0.0002669557	0.0314447314	-0.0288469808	0.0883891468	-0.0309995229	-0.1006481272	0.0258398881	0.0426346991	0.0753635387	-0.0850718737	-0.0191919465	-0.0089353007	-0.0350808607	-0.1032432986	0.0300115902	0.0182008413	0.0335026845	0.1065800297	0.1787119882	-0.0259308313	0.0002408476	0.0440836304	-0.0670704273	0.0843690097	0.0622352577	0.0021423458	-0.0266065014	-0.056465151	-0.0951576502	0.1237502986	0.0012087808	0.1134200086	-0.0316463572	-0.0370464461	0.1465806256	0.1783767773	0.0741722574	-0.0344377051	-0.1253166169	0.0321396309	0.0126721687	-0.0068685155	0.256011157	0.002765959	-0.049864414	-0.0007706608	-0.0099369474	0.1450358326	-0.0090152981	0.0457089191	-0.0346653165	-0.0147064188	0.0522799414	-0.0692239523	-0.1264073728	-0.1073083761	-0.139791606	0.0086785133	-0.0509605701	0.0117004563	0.1114232278	0.0882220943	0.0530639746	0.00290863	-0.01028377	0.0001057559254128	8.4601284769e-06	-0.056592	-0.0704669	0.00496558399561	0.003202654464	-0.0505503	-0.018914	0.0025553328300899	0.000357739396	0.000534129	0.0006193037	3.8353707283369014e-07	2.852937886410001e-07	0.000103575	0.000103575	1.0727780625e-08	1.0727780625e-08	-0.000157806	-0.000157806	2.4902733636e-08	2.4902733636e-08
272.99042938878887	-0.1070194894805922	74523.77453787532	0.0114531711286865	292.0263326592208	-0.7812691525201103	85279.37896639391	0.6103814886794914	185.93202016021328	-0.058765294956828	34570.71612085796	0.0034533598913629	187.33028049708187	312.0727683971651	1.12599	21.809896	0.191401685	0.106047	0.1362708371	-0.1084479929	-0.0947629574	-0.0849560412	0.0396453022	0.0305829827	0.0929594771	0.1297886513	0.0027593809	-0.1227362809	-0.0834742206	0.106292381	0.0171157847	0.0091093554	0.0611779126	0.0229442838	-0.0697854079	-0.1020332607	-0.0294521274	0.0329585047	0.0644515371	0.0841659567	-0.0421565489	-0.0078767543	0.0569379493	0.0353444181	-0.091746428	0.0346052562	-0.0491001328	-0.0780619096	-0.104866656	0.0153178758	0.2004535023	-0.0128918978	-0.0169929879	-0.0897143281	0.0022381669	-0.0092887725	0.0716782432	0.1061081096	-0.1210166641	0.1199459848	0.0641248811	-0.1587979873	0.1158681652	0.0681914155	0.1415829637	0.0884149338	-0.0080504891	0.0437439701	0.0015105638	0.0056593801	-0.1362828682	0.0968682405	0.0659555636	0.0126604647	0.2143145775	0.1090963245	0.0572165501	0.0339838136	-0.1348061738	0.0309788503	-0.0396452592	0.1019595683	0.0716173189	0.0124842707	0.0454808557	-0.19886333	0.0994068014	-0.0053994224	-0.0212835901	-0.1169347869	0.0271794016	-0.004230926	0.0595384562	0.0875858868	0.0071260006	0.0350827352	0.0210912187	-0.0471538901	-0.1266782763	0.0027560546	0.1834296192	-0.0683588737	-0.0582102665	0.0657754663	-0.005719833	-0.1071742121	0.0864519219	-0.130888997	-0.0176329606	-0.0876440534	-0.0444319425	0.0873063668	-0.0624290698	0.183129503	-0.1093315491	-0.00355479	-0.0470780699	0.0739406238	0.0097754592	0.0036982233	0.0031035502	0.0330683489	0.0171695015	0.2600333818	0.0869048029	-0.032683907	0.0579809932	-0.0305927145	-0.0698156731	0.0260743952	-0.0194542865	-0.0459097417	-0.0376915223	0.1900773532	0.0580100416	0.0289101488	0.0289930624	-0.0923205471	0.102774636	-0.0823000827	-0.1089385566	0.134680257	-0.0398321884	0.0620693211	-0.0606396741	-0.0119708014	0.0844196505	0.0114046046	-0.1176162504	0.0168354701	-0.1131260083	-0.0535488793	-0.0424190196	0.0896637806	-0.1022554173	-0.0222724077	0.1092179164	-0.1332074415	-0.1321941334	0.0297460368	-0.030604472	0.1104247249	0.0845154255	0.0457394187	0.0121738	0.00926517	8.584337512889999e-05	0.00014820140644	0.0196832	0.0762752	0.00581790613504	0.00038742836224	-0.00810899	0.0424413099999999	6.57557188201e-05	0.001801264794516	-0.000376714	-0.000910843	8.296349706490001e-07	1.41913437796e-07	5.2137200000000006e-24	-0.000103575	1.0727780625e-08	2.718287623840001e-47	9.61761e-05	0.0002539821	9.24984221121e-09	6.450690712041001e-08
272.56433360199134	-0.4260957867975321	74291.31595189762	0.1815576195266079	291.4581989219834	-0.5681337372374173	84947.88171884645	0.3227759433873547	185.84881721799275	-0.083202942220538	34539.78286132688	0.0069227295941541	187.3606318461856	309.53535442090464	1.173705	22.734123	0.183450975	0.104918	0.127244373	0.0501164349	-0.0856744214	-0.0193725396	-0.0403049301	-0.0990534087	0.0685232221	-0.0366374694	0.0827989157	-0.0582213655	-0.133065405	-0.2026820679	-0.1043505471	-0.0145346348	-0.1304748085	0.0484125783	-0.0304109842	-0.0746463523	-0.0633504321	0.0786799962	0.0863693343	-0.0868597573	-0.0774444601	0.0255015741	-0.0580745539	-0.014178372	0.0817270481	-0.075582817	-0.0755353871	-0.2125377266	-0.0578664833	0.0034872646	0.0164305905	0.0375764786	0.0216237989	-0.1348244194	0.0549874476	-0.0846336011	0.0356959937	-0.1114454559	-0.0916805331	-0.0412743536	0.0991503718	-0.0827648379	0.0290058224	-0.0734475002	-0.0763151663	-0.1398408527	-0.0377989585	-0.1672824726	0.0325703578	-0.0690716364	0.0165155665	0.0299319063	0.0287558008	-0.071289182	0.0335905757	0.1106205962	0.0226681889	0.0327357193	-0.1144854092	-0.0252427493	0.1121151686	-0.0043686554	0.0076129868	0.0801131705	-0.0491687092	0.1624055946	0.0321701485	0.1022526268	-0.1228118571	0.0653086783	0.0010070207	0.0321943748	-0.0725065726	-0.0472159229	-0.0334980747	0.0634907785	0.0676769944	-0.2678087601	-0.0953310185	-0.0159834296	0.0228138226	-0.0111509419	-0.0191610181	0.0264652063	-0.0244413092	-0.1009576051	0.0455841684	0.0748324546	0.065604154	-0.2107466233	-0.0488789421	-0.1048426204	0.0102544489	-0.0303922674	-0.0331129439	-0.0277626508	0.1034495858	-0.1204918043	-0.0849485656	-0.0383511133	0.0252402339	-0.0322078095	-0.0869217984	-0.0082506697	0.1642298376	0.0213458337	0.058453335	-0.0383066393	-0.12941782	-0.0504482201	-0.0234393359	-0.0651104795	-0.0030036453	-0.0864718299	0.0614956145	-0.1512344998	-0.0760825359	0.0679873114	0.0699021357	0.1241574439	0.0079039011	-0.0412494508	-0.126411352	0.2149480516	0.1140819032	0.0009762988	0.0645570364	-0.0068546317	0.0803648107	-0.1287327048	0.0509291366	-0.0375653577	-0.0656061158	0.1317336524	0.081339962	-0.1065746894	-0.0117011823	-0.0372977819	-0.0659713054	-0.0605948819	-0.0425250446	0.1093706198	0.0806385538	0.0382076517	0.00212559	-0.01004821	0.0001009665242041	4.5181328481e-06	-0.0600777	-0.0797609	0.0063618011688099	0.0036093300372899	-0.0419534	-0.03384441	0.00176008777156	0.0011454440882481	0.000502252	0.000878966	7.72581229156e-07	2.5225707150400004e-07	-0.0	-5.2137200000000006e-24	2.718287623840001e-47	0.0	-0.000220807	-0.0003169831	4.8755731249e-08	1.0047828568561e-07
272.48525533457087	-0.0790782674204706	74248.21437474628	0.0062533723782234	291.628049988773	0.1698510667895902	85046.91954025428	0.0288493848895618	185.6332110718332	-0.2156061461595584	34459.68905283977	0.0464860102617768	187.0254935970209	307.74520052020625	1.126469	21.819185	0.073259341	0.0404981	0.1023073346	0.0938980984	0.0114024459	-0.0267788776	-0.019945579	-0.1026559957	0.002768079	-0.0462706173	0.0088765812	-0.0431542878	0.0728630004	0.0529666205	-0.0992185991	-0.0047534624	0.0790471424	0.1020827574	0.0132034048	-0.0931006929	0.0878120357	0.1231151449	-0.053816462	-0.0871365415	-0.0275934284	-0.059750241	-0.0334263252	0.1508167943	-0.128182608	-0.0998865416	-0.0816626114	-0.0887344047	-0.1394377378	-0.0673696874	-0.0316945258	0.1356993919	0.0645256385	0.0615687879	-0.0994277582	-0.0699296131	0.0554342388	-0.0158261412	-0.1569473182	0.1054287478	-0.087965454	0.216178983	0.0038154851	0.2156984532	0.0204321862	-0.0552127674	-0.0448010982	0.072575159	0.0525150974	-0.0023551424	-0.2201529515	-0.0825697276	-0.0335636499	0.2027069441	0.0880832338	0.0992914046	-0.078443128	-0.0257328987	0.100959144	-0.1604913033	0.0097046862	-0.0177667059	0.0682492116	-0.0755378508	0.0249134869	-0.0060959754	0.098062743	0.1662464763	0.0121548115	0.0969033881	0.0409891707	-0.0075283922	-0.0041961804	0.0852197329	0.1629792918	-0.0504621871	0.1553705689	0.0775998691	-0.0762226353	-0.2041015749	0.0411950947	0.0521896367	-0.0905611523	-0.0182886884	-0.0687525783	-0.1278748929	-0.0858925702	0.062910776	-0.0193553579	-0.0483103605	-0.1493080615	0.1060472447	0.0746748777	0.0122721429	-0.0269337919	0.2712517282	0.0383789464	-0.0084561029	0.1384691807	-0.0703299476	0.0622032803	-0.152890393	0.0850510061	0.1778265782	-0.0831301964	0.1254738239	-0.0372145009	0.0439037998	-0.0936830293	0.0943362619	0.1298077495	0.0174652737	0.0335029535	-0.0550496913	-0.09962409	0.0226730523	-0.0253352715	0.019116207	-0.0439338337	0.0836906195	0.0896489923	0.1616156884	0.0921811204	0.0454195655	-0.0714024244	-0.0454661573	0.0409001502	0.0941078936	-0.117453848	-0.0119826732	-0.1166218393	-0.1433416487	0.0082756605	-0.1179602569	-0.0931317848	0.0106693255	0.161793032	-0.1722531485	-0.0300130617	0.01632203	-0.0150907777	0.1082614433	0.0765992869	0.0305027946	-0.000688516	-0.002814106	7.919192579236002e-06	4.740542822560001e-07	-0.031073	0.0290046999999999	0.0008412726220899	0.000965531329	-0.0229936	0.0189598	0.00052870564096	0.00035947401604	0.000187218	-0.000315034	9.924642115600001e-08	3.5050579524e-08	7.66467e-05	7.66467e-05	5.874716620890001e-09	5.874716620890001e-09	-0.000162873	5.793399999999999e-05	2.6527614129000005e-08	3.356348355999999e-09
272.03599817966256	-0.4492571549083095	74003.58430560537	0.2018319912363088	291.4659224115024	-0.1621275772706099	84952.38392718793	0.0262853513116375	185.59481524742023	-0.0383958244129587	34445.43544672405	0.0014742393323507	187.0007089419084	305.4726428723763	1.12917	21.871502	0.053873123	0.0274708	0.0615295812	0.0360943118	0.1508777324	0.0460699808	0.0645788802	-0.0036347476	-0.1455885007	-0.0176854727	0.1784486886	0.0447250811	-0.1159778263	-0.0639539168	0.0339477451	0.0859185378	-0.0187104605	-0.0181434081	0.0103770641	-0.0852572179	0.0063891788	0.0508682083	-0.0918427903	0.0035298405	0.1417622858	0.0116564048	-0.1421040091	-0.2444334097	0.1965026769	-0.0992919439	-0.0600378684	0.06272989	0.1909219994	0.1167816227	-0.082586485	0.0840669472	0.0618841973	0.0743669235	0.0932336648	-0.0630701218	0.0035106232	-0.1635121076	0.065665372	-0.0013307401	0.1497360936	0.0973085424	0.0721738823	-0.0006463709	-0.0036281999	-0.0588085873	-0.0101518583	-0.0354101366	0.073609069	-0.0691343865	-0.0205102977	0.0223971347	-0.0475732319	0.0823692619	0.0862327439	-0.073252329	-0.0583527954	0.0569754692	0.03440411	-0.0340677965	-0.0015455021	-0.0239133446	0.0275656618	-0.0943105949	0.0406514342	-0.0200059939	-0.048730286	-0.0713693902	0.0914516129	0.0414029647	-0.1295239053	0.0402417251	-0.0758680048	-0.1892816781	-0.208205187	-0.1080705513	0.0425818279	-0.0914700991	0.2635043063	0.105466607	-0.0554947154	0.1453460616	0.0080396027	-0.0668498516	0.0568589881	0.0255618683	0.0184964649	0.1477694583	0.1026976189	-0.0801249114	0.1281599804	-0.045669117	0.0488736965	-0.0031346595	0.0017738269	0.1293412817	0.0146193673	-0.0358579588	0.0296459149	-0.0561891205	0.0131243734	-0.0933426359	-0.000197266	0.0699173712	-0.0133553927	-0.0375329966	-0.0171763671	0.0361025664	0.0788354076	0.0797764946	0.0147448356	0.0083879014	-0.0514060106	-0.0567652721	-0.0628012919	0.0522243432	0.0066270431	-0.04496342	-0.1130076204	-0.0437560975	-0.0049160709	0.0041961754	-0.1467862037	0.0154511092	0.040915688	0.0581865973	0.083127557	0.0338523343	-0.0260231612	-0.1207866521	0.108187781	-0.0502842358	0.1498994133	-0.048602934	0.1431118962	-0.1342607202	0.0975573895	-0.0130907409	-0.1308784551	0.0036194832	0.0067227068	0.1070977539	0.0724057592	0.0226597522	-0.000154828	0.000533688	2.8482288134400004e-07	2.3971709584e-08	-0.017132	0.0139409999999999	0.0001943514809999	0.000293505424	-0.0100167	0.0129769	0.00010033427889	0.0001683999336099	-0.000101693	-0.000288911	8.3469565921e-08	1.0341466249e-08	-0.0	-7.66467e-05	5.874716620890001e-09	0.0	0.0	0.000162873	0.0	2.6527614129000005e-08
272.458507380235	0.4225092005724491	74233.63824386557	0.17851402456837	291.42787975764406	-0.0380426538583265	84930.20910003585	0.0014472435125844	185.7443028679941	0.1494876205738933	34500.94604791713	0.0223465487048442	187.14941478362485	303.5173891796608	1.171538	22.692139	0.1436258919999999	0.0748319999999999	0.0488418903	-0.1044262178	0.1052061002	0.1933437062	-0.0629685132	0.1637812398	0.0382318349	-0.1311421024	0.0006133185	0.0454183249	0.1285210074	0.0916729932	-0.0741081498	0.1066250015	-0.0242528265	0.0711947645	-0.0165796705	0.007452092	0.0870291973	0.0675396146	-0.0716892122	0.0892167884	-0.086353146	-0.1082708763	-0.0165051398	0.0722520308	0.0955328326	-0.0087621919	0.0418972662	0.0805128163	0.0812665048	-0.0508077666	-0.105820046	0.1060190371	0.1232256202	-0.1055140101	-0.1921410602	0.2516374699	0.2035843851	-0.0007825245	0.0912161258	0.0393012568	0.1412836283	-0.1593137028	-0.104009308	-0.0148861211	0.0068459395	0.0306146064	-0.0066995113	0.0247061502	0.0439052441	0.0625676164	0.0293538208	-0.069270756	0.0849701783	-0.1688843676	0.0964946702	0.0009600268	0.0850535315	0.0385746429	-0.0094173794	0.0202870439	0.0417516182	-0.0661061713	-0.0050896099	-0.0235592994	-0.0222741372	0.0149593711	0.0030653952	-0.0533301637	0.0875302654	-0.0587674716	0.1538851134	-0.0406254003	-0.0603082608	-0.108308382	0.0850902745	0.0075409963	0.031553812	0.0847183797	0.0426359057	-0.1158489599	-0.1181441162	0.1404688288	0.0701259556	-0.0790912692	-0.2506096966	0.0656282287	0.2005303417	-0.1951423289	0.0448775789	-0.0910521582	0.1596220049	0.0197985058	-0.0736837462	0.0069456779	-0.0697418079	-0.0890933813	-0.0197038559	-0.0744289157	0.0484036055	0.1193930044	0.0217533456	0.0584753239	-0.0216445883	-0.0300883854	0.1082310375	-0.1498758601	0.0454832264	-0.0643589526	-0.055364258	-0.0050319979	0.0134285521	0.0085672661	-0.0143701127	-0.0225328669	0.0256564984	0.1012971508	0.0500175411	0.1139207499	0.0250658078	-0.1395426787	0.0894760368	0.0569057581	0.1592733036	0.0647259673	0.0471199485	0.0019497668	0.009914438	0.0654379797	0.0213921243	-0.0509518201	0.0874981714	-0.1459651785	0.0707072339	-0.0593419925	-0.0927878417	-0.0059767319	0.0234422385	0.1012479029	-0.0065645401	-0.0276617184	-0.0198175234	0.1058801375	0.0680664159	0.0147140554	-0.00299022	-0.002835392	8.039447793664e-06	8.9414156484e-06	-0.0667623	-0.0496302999999999	0.0024631666780899	0.0044572047012899	-0.044015	-0.0339982999999999	0.001937320225	0.0011558844028899	0.000517622	0.000619315	3.835510692250001e-07	2.679325348840001e-07	0.000208029	0.000208029	4.327606484100001e-08	4.327606484100001e-08	-0.000315894	-0.000315894	9.9789019236e-08	9.9789019236e-08
272.5939158197742	0.1354084395392192	74307.44294195816	0.0183354454984463	291.1765946209101	-0.2512851367339408	84783.80925502983	0.0631442199433953	185.95746891762937	0.2131660496352481	34580.1802462511	0.045439764717097	187.2930293067688	305.8259579896172	1.168738	22.637913	0.192038755	0.0990323	0.0080901427	0.0043691985	-0.0534395344	0.1142177378	0.1309362676	-0.0292019277	0.0727294055	0.0782927958	0.0397049152	0.0760459276	0.0166135117	0.1828095267	0.0563674078	-0.0089565311	-0.0339178081	-0.0333355735	-0.1077514205	-0.004245663	0.0447932235	-0.0608104181	0.106686851	0.0363521613	0.0666708176	0.0122486619	0.0349342858	0.1065242659	0.0018446267	0.1283506177	-0.1239213635	0.1492136997	0.2101462757	0.0436644472	-0.0407650036	0.0172375259	-0.0316237393	0.0105928031	0.0437990153	-0.017056365	0.0241232855	-0.0916039614	-0.1173286233	-0.0038879141	-0.0377475085	0.0242906621	-0.0107617449	-0.0145576211	-0.1247640538	0.0187323445	0.0652360739	0.0104249926	-0.0054164442	-0.1338800251	0.1437628512	-0.0057179327	0.1284513472	-0.0067218692	0.0234375028	-0.0555753805	-0.0526504089	0.0950372071	-0.0679168739	-0.0769567961	-0.0969170916	0.0834853749	-0.0625605298	0.0758066023	0.03223297	-0.0744657274	0.0785762724	0.1145190003	-0.0707192744	-0.0838315822	-0.0398743643	-0.0135597865	0.0045914631	0.0512052466	0.1034623815	0.1068649031	-0.0326407947	0.0769358099	0.256528784	0.1213771766	0.006815104	0.0427673398	0.0493554264	-0.042578928	0.0123782347	0.0272150351	0.020407352	0.0314147975	0.0352228621	-0.0547044135	-0.0773554382	-0.0471268357	0.0573058319	-0.002220584	0.0026228409	0.0221428014	-0.1314337609	0.038144338	-0.0650417147	-0.0602802445	-0.124951124	-0.0985963169	-0.0485106957	-0.0682364531	0.2039450875	-0.0281931308	0.0986183574	0.0001863463	0.0448884307	0.0376466556	-0.0997337791	0.0506794335	0.06909177	0.1080640539	-0.1344383568	0.0161649673	-0.015098885	-0.0910942106	0.0663104263	-0.0037558611	-0.0681313251	0.0027644364	0.0145892108	0.0300120097	-0.0912476465	-0.0728541762	-0.0462002676	-0.1491164747	0.0371001357	0.0117326213	0.0466900146	-0.0544805644	0.2194740157	-0.0267736307	0.0149220525	-0.0672977125	0.0721883907	0.0849531173	-0.1141147487	0.1106360285	0.0734488526	0.1046092073	0.0635899959	0.0067017003	0.00746502	0.01045524	0.0001093120434576	5.572652360040001e-05	-0.00137243	0.06538987	0.0042758350986169	1.8835641049e-06	-0.00397642	0.04003858	1.58119160164e-05	0.0016030878884163	-0.000396997	-0.000914619	8.36527915161e-07	1.57606618009e-07	-0.0	-0.000208029	4.327606484100001e-08	0.0	8.455929999999998e-05	0.0004004533	7.150275216489997e-09	1.6036284548089e-07
272.92824062983004	0.3343248100558185	74489.8245332944	0.1117730786188591	292.0732805800043	0.8966859590941567	85306.80122876591	0.8040457092366077	185.98596683281	0.0284979151806226	34590.7798587351	0.0008121311696419	187.4510801592595	308.1224413084254	1.062543	20.580975	0.18983009	0.110569	-0.0517897731	0.1012048732	-0.0694052894	0.0742387085	0.0171777335	-0.083896407	0.0687310065	-0.0760955663	-0.0408688184	0.0189188442	0.0566405606	0.0426640363	0.0324140067	-0.1375952339	-0.1457593332	0.075837455	0.0590067904	0.0206402345	0.0863051393	0.0124869599	0.0361625304	-0.1076019988	-0.1428940419	0.1045945408	-0.103097005	0.2043949563	0.0747646778	0.0019074963	0.0966552606	-0.0999142645	0.0153934017	-0.004692079	-0.0966255777	0.0410723268	0.0771092341	0.0134277852	-5.69775e-05	0.0823637295	0.0527019965	0.1073754386	-0.0433230683	0.0051620584	-0.0459378698	-0.0175760965	0.0044716013	-0.2216672756	-0.0478758093	-0.0806470083	-0.0068292302	0.0806549998	-0.0256307157	-0.0335946616	-0.0781041502	-0.1126694961	-0.0103353883	-0.0568348584	0.1213659215	-0.0703396331	0.1067180694	0.0727673234	-0.1780587447	0.0617485491	-0.0453541936	-0.047716557	0.1377394628	0.0201621377	-0.0655674975	-0.1007760091	-0.0751253508	-0.1183389765	-0.0935542953	0.0989574458	0.1184649073	0.1514438463	-0.0906507629	0.0153050471	0.1523943555	0.0046540454	-0.075559528	-0.088384805	-0.0509258455	-0.0518365922	-0.1342457708	0.0380876717	-0.0230914862	-0.0593981264	-0.0321534474	-0.0056420399	-0.0507864108	-0.156172479	0.0021205724	0.0615881939	-0.1057858832	-0.1957287512	0.0557705571	-0.0131181728	-0.061021125	-0.1321915538	-0.0371220538	0.021837952	0.0667045344	-0.0550862045	0.086595692	-0.1089266908	-0.0235896166	0.0636275686	0.0278307794	-0.1606341744	0.0507207318	-0.0282562999	0.001540508	-0.0357846157	0.0031576872	0.1225743427	-0.0530842637	0.0120583783	0.2456776391	0.0099693783	0.0801315468	0.1030865848	0.0408283354	0.1385125209	0.0801053085	0.0434027157	0.0057501452	0.0532941372	0.0189215353	0.0598877841	-0.0937273674	-0.0046183922	0.1002556364	-0.084847988	0.0747796962	-0.0123192025	0.1173888644	0.076046961	-0.1116337081	0.11149293	-0.0042217565	-0.0400425446	-0.0449141641	-0.0015368003	-0.1548726876	0.1032856033	0.0589855141	-0.0013410152	-0.00120651	-0.00867153	7.51954325409e-05	1.4556663801000002e-06	-0.0878859	-0.08651347	0.0074845804914409	0.00772393141881	-0.0358059	-0.03182948	0.00128206247481	0.0010131157970704	0.000536355	0.0009333519999999	8.711459559039999e-07	2.87676686025e-07	7.883089999999998e-05	7.883089999999998e-05	6.2143107948099984e-09	6.2143107948099984e-09	-0.00015957	-0.0002441293	2.54625849e-08	5.959911511848999e-08
272.3518589736491	-0.5763816561809563	74175.53508640244	0.3322158135819021	292.0343414264489	-0.0389391535553613	85284.05657237973	0.001516257679608	185.6491000523766	-0.3368667804333825	34465.58835025734	0.1134792277595527	187.0765395335026	309.6026224531115	0.988208	19.141136	0.22913926	0.135568	-0.0873475471	0.0817467967	-0.0368981252	0.0081131809	0.1709213576	-0.1057134919	-0.0258914606	0.0569135494	0.036208232	0.1149380424	0.0511171146	0.0211332757	0.0011862401	-0.0440028613	-0.0367295732	0.0640393327	0.1058011648	-0.0002480903	-0.037262588	0.088047178	0.0559344528	-0.1218028069	0.1212696254	-0.0606995931	0.0488061473	0.0445977071	0.061181875	0.0391122308	0.0889644599	-0.1003205583	-0.1098200998	-0.0991297976	-0.0109401385	-0.0100877773	-0.0618611412	-0.1245569347	0.0115728837	-0.077936387	-0.0560160666	0.0074373922	0.0919976295	0.0649968604	0.0567745178	0.1409782982	-0.1807651738	-0.0188021358	-0.0401964702	-0.1045751386	0.2633836122	-0.1734187007	0.0085940398	-0.116478961	-0.0523213332	0.1341006734	0.0861655159	0.1010453924	-0.0467898051	0.040556273	-0.0013034834	-0.021134221	0.0132617494	0.19263946	0.1524101113	-0.0031402775	0.0883547489	-0.0218708164	-0.0131401177	-0.1701130079	-0.0237287566	0.0188450497	-0.0851578218	0.0755216022	-0.1541913672	-0.0534543134	0.0007977899	-0.0712177654	0.0562440651	0.0372256037	-0.0978093535	-0.0433266538	-0.1311781276	-0.045311798	-0.0149997094	-0.133255919	-0.0055363604	0.0589184569	-0.0846655586	-0.0882274832	-0.0591733066	0.0680555021	-0.0196876881	0.1327508453	0.0706454374	0.0435627234	0.3040555963	0.0412889805	0.0062661049	0.0057875025	-0.0190759787	-0.2511645775	-0.009638072	-0.0734014732	-0.1514286816	0.0074069955	-0.1610452729	0.0301033323	0.0385850244	0.079777139	0.0492787336	0.0073902784	-0.0442133124	0.0137575349	0.1043150929	-0.0476353269	-0.156138493	0.0549879242	-0.1149741781	0.0029527232	0.2122472413	-0.1353487996	0.0037357581	0.1258292163	0.0327253594	-0.0021321113	0.0411304508	-0.1457546208	-0.0009135756	0.1409404345	-0.1096275112	-0.0258632211	0.1705694106	0.1696601068	0.0711139442	0.0236308584	-0.0692559928	0.0072406223	-0.0956107365	0.0753841485	0.0353553856	-0.0135958307	-0.0859132206	0.0898548458	-0.1320501648	0.1019099918	0.0542622434	-0.0093776556	0.00230888	0.00351539	1.23579668521e-05	5.330926854400001e-06	0.0214486	0.1093345	0.01195403289025	0.00046004244196	0.0281036	0.0639095	0.0007898123329599	0.00408442419025	2.80055e-05	-0.0005083495	2.5841921415025e-07	7.8430803025e-10	-0.0	-7.883089999999998e-05	6.2143107948099984e-09	0.0	0.000300847	0.0004604169999999	9.050891740899999e-08	2.1198381388900003e-07
271.85100331987564	-0.5008556537734421	73902.96800602305	0.2508563859168221	291.1468756486039	-0.8874657778450228	84766.50319994362	0.7875955068460714	185.4990268350253	-0.1500732173512915	34409.888956741444	0.0225219705661679	186.9175073470396	305.70942266337346	1.080808	20.934757	0.208740785	0.123169	-0.097058966	0.1052579584	-0.0338324668	0.1089710517	-0.0160802079	-0.0712740503	0.0429925771	-0.157726206	0.052174895	0.0645954113	0.0512316948	-0.0007926749	-0.0678586645	-0.1258388865	0.0404739146	0.0216365879	0.1930626786	0.1282489553	-0.0443048373	-0.0109092848	-0.0044577596	-0.1354805844	-0.0780329533	-0.1741917967	-0.0951091166	0.161191906	0.0066214864	0.0359003845	0.133829628	-0.0104799707	-0.016623596	-0.0057938814	-0.1008162274	-0.0816239875	-0.0508204005	-0.1257284581	-0.1676234362	0.0098164683	0.0886356823	0.08312503	0.0905997093	-0.0960585732	0.1244387126	-0.0245449468	-0.11579718	0.1101283122	0.1172964546	-0.1279018863	0.1536928157	0.1299650491	-0.0466863825	-0.0947153368	0.0521082762	-0.0332134029	0.0700047975	-0.0263268589	0.1016077059	0.0057680572	-0.0353661958	0.1016575769	-0.0144322586	-0.0697797358	-0.1602217287	0.1319369153	-0.0645475308	0.0271155385	0.1026488199	0.1430675653	-0.094703297	-0.0485702492	-0.0727546263	0.1324900658	0.1296989453	-0.1371270945	-0.131738324	-0.0056314081	0.1635120087	-0.1076052543	-0.0880397689	-0.0107590206	-0.03938832	-0.020698935	-0.0530983571	-0.0660750901	0.039170901	-0.1368629603	-0.0818962982	-0.0730973771	0.0931857867	0.0091131261	-0.1834852968	0.0598254878	0.1250683464	0.0559733653	0.1038386474	0.0439994036	-0.1655796363	-0.085795532	0.0321557021	-0.0529435349	0.1159071906	0.0430096442	-0.0495717992	-0.0410910787	0.0083826845	-0.0203992266	0.1393528757	-0.0790224358	-0.0019332295	0.1003992653	0.0576242545	0.1309212727	0.0123792409	0.1043194128	0.0978446656	0.2145935089	-0.0760343723	-0.0176368527	-0.1932786223	0.0931708712	0.0126005935	0.1365497707	0.0268526239	0.0100025378	0.0248214288	0.0504525128	0.0781141173	0.057745322	-0.1749119671	0.0094497098	0.0943680035	-0.143293583	-0.0678980708	-0.0005526296	0.0838954402	-0.0305768695	-0.1028594991	-0.001225104	-0.0048771385	0.0499956082	-0.0713907654	0.0781088396	-0.3280031273	0.1004830656	0.0494296957	-0.0173718128	-0.00434363	-0.00665251	4.4255889300100006e-05	1.8867121576900004e-05	-0.0739475	-0.0953961	0.0091004158952099	0.00546823275625	-0.0331125	-0.0612161	0.00109643765625	0.00374741089921	0.00063668	0.0006086745	3.704846469502501e-07	4.0536142240000003e-07	-0.0	0.0	0.0	0.0	0.0	-0.000300847	0.0	9.050891740899999e-08
271.8484262783678	-0.0025770415078341	73901.56687002518	6.641142933099905e-06	291.1523085321264	0.0054328835225305	84769.66676358655	2.9516223369384217e-05	185.3419921036776	-0.1570347313477214	34351.65403695969	0.024659906849451	186.7081759869637	305.3625759841774	1.054858	20.432112	0.1674637	0.103559	-0.0838533257	0.1083112468	0.0378316761	0.0249880954	0.0508764606	-0.0907834544	-0.0737207643	-0.0122212696	0.0984921584	0.0206680942	0.1230743846	0.0566421202	-0.0839663832	0.0517733951	0.2703355988	-0.1299836851	0.0272041742	0.1816535297	-0.1524038493	0.0922210457	-0.0131396705	-0.0653223804	0.0573021873	-0.2836116198	-0.021378704	0.0018141781	-0.0856860517	-0.1245887083	-0.0299619473	-0.0010747174	0.1519295984	-0.0230810757	3.37353e-05	-0.033436145	-0.0061572267	-0.0912794096	0.1034781264	0.1404271125	-0.0489675039	0.0975059312	-0.1236670951	-0.0983191402	0.000447796	-0.0978092811	0.0261307538	0.0380597809	0.1007511556	0.0825894065	-0.0970276025	-0.0164809958	0.1090625627	-0.0038811636	-0.0023630601	0.0153630979	-0.0680953136	-0.0182129786	-0.0150079747	0.0625590905	-0.1234315833	0.0648813638	0.0029949872	0.0557970838	0.0528818999	-0.0206600346	0.0798775659	-0.0622578106	0.02796374	-0.0213007558	0.0048594739	-0.0299006523	-0.0102297946	0.0620590424	-0.0800530272	-0.2614576149	-0.0455246084	0.0727225575	0.0161625995	-0.0927931844	0.1132322045	-0.098330077	0.1073999342	-0.0667818085	-0.0781256925	-0.0525177038	0.0687949449	0.0797511502	-0.0103170639	0.1425061978	0.0322696972	-0.1081036909	-0.0803548607	-0.1330495789	-0.0264713585	0.0989645916	-0.1014634854	0.070948389	0.0042049373	-0.0599899141	-0.0501919969	0.0513714391	0.0806099307	0.0394885766	-0.0186230142	-0.011701501	0.0673217787	0.0376224421	-0.002004019	0.0676388968	-0.0351772531	-0.0279802917	0.0366642729	-0.0315370691	0.0662057707	0.0085237923	-0.2331898873	0.0167809298	0.0555833847	-0.0282197934	0.0625761793	-0.0942793452	-0.0763564008	0.0761890656	-0.0701940307	0.0108440074	0.1105289168	-0.1577215297	-0.0202185867	-0.0107816959	-0.0799622638	-0.044458341	0.0967224147	0.0471465164	0.0473466911	-0.0628923957	-0.2518254594	-0.155384971	-0.0146898915	0.0273669297	-0.0050283589	0.1542097384	-0.0842773636	0.1929930071	-0.1378956617	0.0990055431	0.0444976032	-0.0252872714	0.00229897	0.0066426	4.4124134760000007e-05	5.2852630609e-06	0.00995518	0.08390268	0.0070396597111823	9.91056088324e-05	0.0119058	0.0450183	0.00014174807364	0.00202664733489	6.90605e-05	-0.0005676195	3.221918967802501e-07	4.76935266025e-09	-0.0	0.0	0.0	0.0	7.03829e-05	7.03829e-05	4.95375261241e-09	4.95375261241e-09
272.31047047660377	0.462044198235958	74152.99233118929	0.2134848411235092	290.7929750553152	-0.3593334768112299	84560.55434152117	0.1291205475572467	185.5467287822269	0.2047366785492954	34427.58856178527	0.0419171075433975	186.8576274735397	306.7734901303349	1.191398	23.07682	0.1571564099999999	0.0890501999999999	-0.0832447704	-0.0249884882	0.0878984135	0.0248554116	-0.1393340407	0.1030593022	-0.0550001766	-0.1092053967	0.16565753	-0.0783027468	0.0074847223	0.0467418492	0.0570795926	-0.1784269912	0.1799626998	-0.1115890262	0.0067712386	0.3084032329	0.0232460875	-0.1591179613	-0.0794381498	0.091712107	-0.0011948729	-0.204389705	-0.133208039	-0.080951653	-0.0967673531	-0.0360099703	-0.0082200053	0.009547771	0.188261702	-0.0169648038	-0.1431675137	0.0009449294	0.1099306394	-0.0672596393	-0.0061684408	-0.0447316463	0.1253507832	0.083863241	0.1625209101	0.0011362184	-0.0471316041	0.0430071389	0.1863579328	0.0298642443	5.42292e-05	0.1159320496	0.0908678718	0.0916785489	0.0320002573	-0.0482071813	0.0921063329	-0.0372360376	0.0271987754	0.1904987847	-0.1256252806	0.0376188114	-0.0256856434	-0.0273716496	-0.2295690795	0.0678921676	0.118324941	0.1481465457	0.0057011049	0.1179926501	0.0522015307	0.0479322167	0.0221115164	0.1620939468	0.1120914487	-0.0459296665	-0.0096664701	-0.1891954129	-0.1630192535	0.0519432959	-0.0488885285	-0.1270500883	0.0118365149	-0.0550749085	0.144069451	0.0043392924	-0.1745948683	0.032512147	0.0644558637	-0.0920031058	-0.0019286359	-0.1251741352	0.1007402308	-0.0498389294	0.0971210271	0.1990120005	0.1045354865	-0.0156901655	0.0313549617	0.0394685111	-0.0670353937	0.0461023491	-0.0654155851	0.1345062706	-0.0969417747	0.0360314769	-0.096682706	-0.009435977	0.039390411	-0.0698948184	-0.1283326355	0.1679056817	0.1376642568	-0.1197939891	-0.1023312937	0.0656414752	0.0545585623	-0.0461738443	-0.0461249268	0.1248301358	0.0106643654	-0.1244237399	-0.1397067089	0.0862598124	-0.0896847505	-0.0899483356	-0.0308316919	-0.0244194703	-0.1295295527	-0.0006674209	0.0413269744	-0.2068136584	-0.1142659201	0.0638618161	0.0349571133	-0.0967574259	-0.2976153456	-0.050095001	0.0355568146	-0.07211609	-0.0061712303	0.1247501864	-0.1336604733	0.0590755193	0.0495611376	0.2725065747	-0.0054949289	0.0974781683	0.0394758984	-0.0330881723	-0.00148664	-0.00378561	1.43308430721e-05	2.2100984896e-06	-0.0567798	-0.06673498	0.0044535575556004	0.0032239456880399	-0.0266826	-0.0385884	0.00071196114276	0.00148906461456	0.000650165	0.0005811045	3.3768243992025e-07	4.22714527225e-07	-0.0	0.0	0.0	0.0	-0.000309461	-0.0003798439	9.576611052100001e-08	1.4428138836721e-07
273.198504402973	0.8880339263692463	74637.42280802126	0.7886042543827799	292.55196355851314	1.7589885031979406	85586.6513819416	3.094040554382532	186.0310126505451	0.4842838683182151	34607.53766778728	0.2345308651132543	187.36297351041617	311.4221850760761	1.277812	24.750637	0.06213733	0.0329959	-0.0781617763	-0.1148628713	-0.1181189996	-0.0528278896	-0.0130314759	0.1006372718	0.0792330299	0.021963204	0.0244330448	-0.1405573825	0.1311140897	-0.019696349	0.2316421791	0.0419665336	0.0611618888	0.0968362059	0.0593243031	0.005843797	-0.0827145096	0.0769262725	0.0873420481	0.1157350688	0.0171546006	0.1780538487	0.0201309937	0.0998769681	-0.030926474	-0.0223068046	0.1490386288	-0.1416239187	0.0486930185	0.019848753	-0.1670947712	0.0726987547	0.1412461601	-0.0941954529	-0.0850084097	-0.0948753073	-0.1072221313	0.0985891474	-0.0022064574	0.0787179611	-0.0257188973	0.012684239	0.0606095799	0.0666536997	-0.1120930899	0.1661685767	-0.1523055044	0.0185018633	-0.0917309179	-0.0509962864	-0.0597080186	0.0447546319	-0.0683805467	-0.0853004918	-0.0453678126	-0.1701119484	-0.1225842595	0.0036698291	0.1252582753	-0.1575906769	0.0970679669	-0.0313863344	-0.0544092316	-0.0571230593	0.0852536499	0.0752305227	-0.01071402	-0.0022507613	-0.017489931	-0.1424841921	-0.0189183941	0.119663478	0.0393320957	0.122023453	0.0860831317	0.0090323885	-0.1586417571	-0.1084268401	-0.0052496641	-0.158964629	-0.1935429743	-0.0050002571	-0.0812603482	-0.1177126933	-0.0948114408	-0.1085617811	-0.1265298085	-0.0533445414	-0.0017986084	-0.0564488034	0.0489871317	0.1777440942	-0.0372537315	-0.0573254862	0.1265828084	0.0840906395	0.0050607089	0.1047803045	-0.1262273587	-0.1201972273	0.1003316151	0.0491679347	0.1224118099	-0.1241467687	-0.0665023402	-0.0974947608	-0.0087660832	0.0099830802	0.0953658827	0.0921497595	0.0191906801	-0.0574345454	0.0219753348	-0.1975808942	-0.0042211449	0.0012172356	-0.0287973103	0.0084430842	0.1157947638	-0.0772521466	0.0954890139	0.239419199	-0.0617186335	-0.106165112	0.0685023504	-0.1931238887	0.024829974	-0.0138620656	0.019642876	-0.0636845923	0.0932419776	0.1332951422	-0.1950374407	0.0347334273	-0.0599220691	0.0650846554	0.0141658437	-0.0367246931	-0.0014090221	0.1467145584	-0.0897630907	0.0959017104	0.0343746944	-0.0407391756	0.00597124	0.00745788	5.56199740944e-05	3.56557071376e-05	-0.0284846	0.0282952	0.00080061834304	0.0008113724371599	-0.035587	-0.0089044	0.001266434569	7.928833936e-05	0.000891788	0.000241623	5.8381674129000036e-08	7.95285836944e-07	4.6244800000000015e-24	4.6244800000000015e-24	2.1385815270400007e-47	2.1385815270400007e-47	-0.000201487	0.000107974	4.0597011169000003e-08	1.1658384676000004e-08
272.8249431679648	-0.3735612350081965	74433.44961460323	0.139547996300849	291.84627254233175	-0.7056910161813903	85174.24679685298	0.4979998103191232	185.99702956159868	-0.0339830889464281	34594.89500573821	0.0011548503343408	187.4337995487537	312.61105896074645	1.197778	23.200411	0.11804004	0.0660142	-0.0890594526	0.0745569148	-0.0719685067	-0.1306149524	0.0236529975	-0.1171064165	0.0168883778	0.0806399802	0.0233183326	-0.0040589769	-0.1585674751	0.0751293113	0.0479296413	0.0034634361	-0.0440722191	0.050622813	0.0006864721	0.1899981825	0.0905805864	0.1732288432	0.0352429897	-0.0770573546	0.0768734152	0.1727230304	-0.0309058834	-0.0025801957	-0.0195822173	-0.0168212345	0.0073058007	-0.0167992767	0.0066738404	-0.0067023379	0.1081009959	-0.056522457	-0.0721300536	-0.0917758727	-0.1579906737	-0.0416544461	0.0469288952	-0.0045819132	-0.0758158288	0.1256635505	0.1559935464	0.0051046091	0.0209798311	-0.043276638	-0.0348801358	-0.1191802409	0.0356410034	0.069815919	0.1175066573	-0.0261896392	0.0515746284	0.153469019	0.0130897996	-0.0191995463	-0.0719671897	0.0499423193	0.0184518167	-0.0614902953	-0.0243655019	-0.1065116396	-0.0983446945	0.0247952174	-0.1813290372	0.0382451427	0.1069069516	0.1273486191	0.0165536707	0.0722225035	-0.0591363532	0.0529399231	-0.0901755845	0.1405234596	0.072282046	0.013229896	-0.0218666493	-0.0221345504	-0.0705154036	-0.0619451792	-0.0238676358	0.0761154034	0.14613167	-0.0249522294	0.0724215574	-0.0424499212	-0.1001885158	-0.0979078902	0.0219893668	-0.0959065709	0.0146326789	-0.1467612702	0.0326057088	-0.1024165712	0.0638909435	-0.0337270341	-0.0544128457	0.0998816442	0.0053013799	-0.1291119403	0.0021123129	-0.0330465107	-0.200550125	0.112828776	0.0503031867	-0.0146711971	-0.0269522457	-0.0094499251	-0.0124660841	0.0299620527	-0.031030454	0.0240327323	-0.0744340886	-0.0446819553	0.1217700932	0.0315358079	-0.0608695336	0.0771961286	-0.1602850122	-0.0682697768	-0.0121602765	0.0730492088	-0.0656211827	0.0949366614	-0.1208034178	0.0021581681	0.1038666834	-0.1305737821	-0.0609412517	0.0861033981	-0.0816781262	0.2087765535	-0.035022301	-0.1455381722	0.0986283597	0.0217889085	0.053045696	0.006226373	-0.0703150582	0.051737009	-0.0688074607	-0.0285273994	0.0135801381	0.094276963	0.0292042644	-0.0482056202	0.00236235	-0.00360889	1.30240870321e-05	5.5806975225e-06	0.0199539	0.0484384999999999	0.0023462882822499	0.00039815812521	-0.0274984	0.0080886	0.00075616200256	6.542544996000002e-05	0.000244737	-0.000647051	4.186749966010001e-07	5.989619916900003e-08	0.000124657	0.000124657	1.5539367648999998e-08	1.5539367648999998e-08	0.000184886	0.0003863729999999	3.4182832996e-08	1.4928409512899997e-07
272.9590453344143	0.1341021664495088	74506.64042987485	0.0179833910464517	292.31671868845905	0.4704461461273013	85449.0640247877	0.2213195764060301	186.18516981565327	0.1881402540545877	34664.91745928364	0.0353967551957248	187.60129641290604	312.0361321790669	1.156933	22.40925	0.1768468999999999	0.102351	-0.0553119249	-0.0105519211	0.0813184064	-0.1095548815	-0.1100779999	0.0258200032	-0.1091107001	-0.0895199665	-0.0240271079	-0.102138617	-0.0476945017	0.0138174466	0.0517844749	0.0141396784	-0.0593712927	0.0885182479	0.1597936794	0.0053704864	-0.0818634055	-0.0336309809	-0.1636164715	-0.0160590088	-0.037644568	0.2328430419	-0.0514157461	-0.063646834	0.0320621094	0.0519572729	0.0283230787	-0.0634823446	0.0360534237	0.0484404803	0.0635625975	-0.1014984579	-0.0677284742	0.0593104038	-0.0624559326	0.0153698397	0.08076588	-0.026480611	0.0608202731	-0.0201357033	0.1042254194	-0.0254598872	-0.0028497896	0.0156488031	0.056063952	0.1558677692	-0.0889218367	-0.027543032	0.0593092616	-0.0231624691	0.1633351822	0.0909120987	-0.0199394737	0.0185722755	0.1702140582	0.1041253564	-0.1070447674	0.027711564	0.051707031	0.0750339941	-0.1717462871	-0.0423088862	-0.0006799567	0.0088829875	0.0300345511	-0.0367320164	0.0345706216	0.1392101693	0.131040042	0.0799588693	0.0330780941	0.2449198751	-0.0040210477	0.0085224614	-0.0685324892	0.0296917611	-0.0729077301	-0.0654190727	-0.0443829364	0.0198704564	0.1395291047	0.0447658788	0.0583675837	-0.1174714384	0.0106028655	0.0684112982	0.0750652133	0.0050612409	-0.0148630037	-0.0341762707	0.0951703089	0.0287744523	-0.0865532999	0.008411652	0.0709333931	0.0069846499	-0.0085769761	0.013155205	-0.0742472474	0.1379531115	-0.1110091373	-0.0241294614	0.0253686578	0.1350411385	0.0964596352	0.0551845253	-0.1334654552	-0.0080937159	0.1210842759	-0.1008865433	-0.0577129075	0.1065296526	-0.074201635	0.0788930587	-0.0777453326	0.0217980798	0.0224968916	0.1048787385	-0.1112417285	-0.0599522022	0.0669663609	0.1749287791	-0.0713411035	-0.0255273142	0.0713654763	0.0143165619	0.0328138511	-0.1426663781	-0.0028383585	-0.0169883965	0.0317709917	-0.0353073641	0.0688779202	-0.0233850732	0.1144251663	-0.0002705887	0.0143908311	0.0734669274	0.1399016157	-0.0872059166	-0.1826808544	0.0926047444	0.0239750208	-0.0554536812	0.0024164	5.404999999999993e-05	2.921402499999992e-09	5.83898896e-06	-0.0611539	-0.0811078	0.0065784752208399	0.0037397994852099	-0.0652532	-0.0377548	0.00425798011024	0.00142542492304	0.000931902	0.000687165	4.72195737225e-07	8.68441337604e-07	0.000288081	0.0001634239999999	2.6707403775999995e-08	8.2990662561e-08	-0.00012313	-0.000308016	1.51609969e-08	9.487385625600001e-08
272.5779571018926	-0.3810882325217335	74298.7426978412	0.1452282409665388	291.5318075954585	-0.7849110930005736	84990.79483987542	0.6160854239153551	185.9075086056156	-0.2776612100376781	34561.601755947035	0.0770957475595875	187.3205238498204	309.6133871159055	1.14854	22.246685	0.1883612	0.105052	0.0364269791	-0.1226114573	-0.0126801126	-0.0358448157	0.0207049057	0.0667130874	0.0230001148	0.0903145665	0.0118545047	0.0767933678	-0.1485718823	-0.0300516133	-0.1252273613	0.1236293659	0.0129071605	0.1064481073	0.0902582423	0.0317371473	-0.0618520123	0.0455026284	-0.0013005245	0.0825871401	0.0958252776	0.0442273032	0.0885665175	-0.0568695882	0.0055362418	-0.0756980302	-0.0357637588	-0.0450083528	0.0083906175	0.1387673631	-0.0310936215	0.1196850706	-0.0416024631	-0.0588397383	0.0106488382	0.1347116082	-0.098192009	-0.0857478313	0.0415865412	-0.0993299487	0.122970746	-0.0951148665	0.0543570444	0.0532771982	-0.0211111738	-0.1406938707	-0.0636283144	0.0334928661	0.1173274755	0.0049095949	0.047244234	0.0282292732	-0.0592132921	0.0369764319	0.0513722316	0.0228340702	-0.0144359186	-0.1437644844	0.0685720997	-0.0367243957	-0.1949343268	0.0521239689	2.58602e-05	-0.0210245496	-0.1365538499	0.0083198051	-0.0227273286	-0.0347732518	0.0301725577	-0.0730502301	-0.0491654035	0.03828331	0.1438921037	-0.0372837812	-0.0258326767	0.0174888785	0.0630717459	-0.1227564777	0.0008432947	0.059173057	0.0037856176	0.1541117236	-0.0083303803	0.0192769109	-0.0994043216	0.1193437716	0.0151303671	0.1093498201	0.0014308954	-0.1153833188	0.1122338559	0.0042352761	-0.1176175377	-0.005070188	-0.1621637511	-0.0123996765	0.0701758111	-0.0485035618	0.0208382355	-0.0610705648	0.0146678466	-0.0482758691	0.0464877775	0.1050736954	0.0056398048	0.1257157381	-0.1430391641	0.0934558349	0.0887989112	-0.0301466994	-0.116969294	-0.0112955781	0.1809806007	0.0410518091	-0.0100656022	-0.1183598344	0.0692289469	-0.0848783292	0.0484472903	-0.1044912186	-0.0455736682	0.0695751112	0.0025848557	0.0886024066	0.196503876	-0.0220791792	0.0258871698	0.000910588	-0.1037774699	0.1010614423	0.0463494874	-0.0241796974	-0.0577895737	-0.1332704833	0.0259891429	0.0342308707	-0.0165364568	0.180422525	-0.1172398327	0.0520722562	-0.0002863625	0.0908858965	0.0186974948	-0.0624505233	0.0123525	0.0099361	9.872608321e-05	0.00015258425625	0.0227131	0.083867	0.0070336736889999	0.00051588491161	-0.0341811	0.0310721	0.00116834759721	0.0009654753984099	0.000151807	-0.000780095	6.085482090249999e-07	2.3045365249000002e-08	0.000106472	-0.0001816089999999	3.2981828880999996e-08	1.1336286784e-08	0.000184886	0.000308016	3.4182832996e-08	9.487385625600001e-08
272.77448605123044	0.1965289493378463	74405.9202405129	0.0386236279278377	292.03764194309383	0.5058343476353571	85285.98431168268	0.2558683872476872	185.8340882158716	-0.0734203897440011	34534.30834302434	0.005390553630161	187.2336008521052	306.6004595761566	1.155081	22.373379	0.186832	0.111348	0.0805116976	0.0175972805	-0.1277192198	0.0557798644	-0.1191859429	-0.0209663354	0.1204090668	-0.0520452048	-0.0906646036	-0.0653491349	-0.0395186743	0.005388883	-0.1136668771	-0.0008563763	-0.0514609044	-0.04644321	0.1371812859	0.0387974472	-0.0395466905	-0.0684825622	0.1410612481	-0.0222853416	-0.167133175	-0.0052635201	-0.0029231655	-0.0935671829	-0.0906085762	0.0563904976	-0.1024645354	0.089197309	-0.0150900325	-0.0356960702	0.1203840569	0.0302147622	-0.0383925302	-0.043496602	0.0593858647	0.1072535654	-0.0648428419	0.0377749588	0.0109852275	0.0149777029	0.2761033627	0.0018802051	-0.041174624	-0.0421804653	0.0217937978	-0.0442267757	-0.1627374035	-0.0184050839	-0.0716941762	0.1264834484	0.0100356143	-0.0443430029	0.0028136688	0.0481309247	-0.0016537615	-0.1244481593	-0.0965168886	-0.0030241783	-0.0366826842	0.0404915542	-0.1416442419	-0.0521777316	0.1022622488	0.0076505642	0.0952680612	0.092566549	0.0446266522	-0.0538961179	-0.1289859511	-0.0476695854	0.0750673766	-0.0179750571	-0.0483033274	0.1187852142	-0.1037192396	0.0848114439	0.0847049108	0.0411790985	0.0013586563	0.0705134577	0.0937209111	-0.0113390233	0.0146506761	0.1606941645	0.0140637374	0.1044743052	0.0452331594	-0.125950118	-0.0546635257	-0.1605945479	0.1887626287	-0.0546910639	0.030351437	-0.0910090596	-0.0421241168	0.0133264919	0.0975080571	0.0082023718	-0.0243273786	0.0469609868	0.1156925026	0.0418937199	-0.1025644762	0.0550956956	-0.0966254625	-0.0418995593	0.0091881249	-0.044911073	0.1331131619	-0.0008260529	0.0118025096	0.1532690993	0.0286463247	0.0158547112	0.0207460253	-0.0087306928	-0.2028266199	0.124539748	0.1232796836	0.0388874741	-0.0471951727	0.0477355603	0.0081799167	0.0285949222	0.0297904411	-0.1470425304	0.1425151262	-0.0845326519	0.1032214296	0.0589034109	0.0164181382	0.0519032019	0.0582670144	-0.1197685602	0.0717659698	0.0115969027	-0.1768172322	0.0346560094	0.1940070635	0.0889409315	0.0437591677	0.0891212848	0.0133823145	-0.0691644489	0.0018166	-0.0105359	0.00011100518881	3.30003556e-06	-0.0701999	-0.092913	0.0086328255689999	0.0049280259600099	-0.0511058	-0.0169247	0.00261180279364	0.00028644547009	0.000998893	0.000847086	7.175546913960001e-07	9.97787225449e-07	-0.0	-0.000106472	1.1336286784e-08	0.0	-0.000190724	-0.0003756099999999	3.6375644176e-08	1.4108287209999997e-07
272.6716879596343	-0.1027980915961279	74349.84941475619	0.0105674476358059	291.94208015631574	-0.0955617867780915	85230.17816599668	0.0091320550922214	185.80092953034844	-0.0331586855231478	34521.98541434151	0.001099498425623	187.231512253084	308.47635532508053	1.1404	22.089024	0.190436255	0.113504	0.10057631	0.0671896698	-0.0280077924	-0.0640867948	0.0873436409	-0.1066731908	-0.0165595781	0.1178206447	0.0075306683	-0.0372108684	0.0117315109	0.0070950437	-0.1122038773	-0.0889291172	0.0631880443	-0.0101984539	0.0357714775	0.1035811408	0.0081439751	0.0880701099	0.0194043739	-0.0657358812	0.1119246538	-0.1806284361	-0.1071173343	-0.0305184012	-0.1852175922	0.2175772239	0.0854764069	-0.0165543343	0.0491572983	-0.0290236176	0.0418246066	-0.0808932651	-0.0497536583	0.0786597774	0.1332981433	0.0508342715	-0.0182498921	0.0955771333	-0.0993674494	0.0612597227	0.1194267073	0.0947121595	0.1371563976	0.0574977181	-0.1313102341	-0.0258781126	0.017470046	-0.0192535677	-0.0041622951	-0.0953149785	0.0610654526	-0.0930899724	0.0414978158	-0.1454330393	0.1189293448	-0.0323016094	-0.1886259808	0.0267295664	0.1545120446	-0.0590222627	0.0807297352	0.022324541	-0.0306956829	-0.0616378011	-0.0286100973	-0.0575028009	-0.0100439027	-0.1674243409	-0.0363110379	0.0542752236	-0.1378446028	-0.1608839485	-0.138866303	0.1115326251	0.0353515615	-0.0745280722	-0.107564992	0.0904551356	-0.0738676723	0.0308944729	0.0830470645	0.0335459136	0.1428639453	0.0205007381	0.1828220393	0.0440638741	0.0170361186	-0.1409211039	-0.0384343079	-0.0491855304	0.0158459042	-0.0173506588	-0.0182344753	0.046003118	-0.1110007811	0.1700121608	-0.060784795	0.0021217514	-0.0605922541	-0.0919013065	0.0629238939	-0.1472197864	-0.0836446983	-0.0746618168	0.1422056751	-0.0379467596	-0.0441174416	-0.0676950057	0.2315597922	-0.075969415	0.1587515156	-0.0809983844	-0.0128192901	-0.1053120489	-0.0157024958	0.1252751094	0.054838824	-0.1112707178	-0.0293826172	0.0765234501	-0.0341614867	0.1173422769	-0.0318791413	0.0936154402	-0.0042891364	-0.0573302827	-0.0379910791	0.1026147772	0.0596540338	0.1560664446	-0.0800766792	0.0080172122	0.1053423411	-0.0544026073	0.040122003	0.0734961353	0.1392268425	0.0233629483	0.0627798683	0.0301146748	-0.0138986467	0.0873117978	0.008040184	-0.0755650422	0.00584683	0.00403023	1.62427538529e-05	3.41854210489e-05	0.0218514	0.0920513	0.00847344183169	0.00047748368196	-0.0252911	0.0258147	0.00063963973921	0.00066639873609	9.37427e-05	-0.0009051503	8.192970655900901e-07	8.78769380329e-09	9.00402e-05	9.00402e-05	8.10723761604e-09	8.10723761604e-09	0.000184886	0.0003756099999999	3.4182832996e-08	1.4108287209999997e-07
272.7142195707053	0.0425316110710127	74373.04555605887	0.0018089379402958	292.2192756789824	0.2771955226666591	85392.10507834911	0.0768373577864423	185.72570048901704	-0.0752290413313971	34494.035822136066	0.005659408659641	187.11309879655568	307.28527201921406	1.144849	22.175198	0.179440575	0.10599	0.1058878606	0.0770456648	0.0935103038	-0.025727896	-0.1562458292	-0.0113583719	-0.0971762322	-0.1235858727	-0.0383771913	-0.1380412111	-0.1387676455	-0.0883306255	-0.0119919405	0.0791004841	0.0450548602	-0.060459733	-0.016696095	-0.012279838	-0.1200962376	-0.0793603515	-0.1181171962	-0.0277328584	-0.1072089541	-0.0652657533	0.0307557332	-0.2312874463	-0.1820255177	-0.0119459541	0.0467831139	-0.1711592721	0.0766565894	-0.087233054	0.008902884	0.0495421141	-0.0087707683	0.0950589187	-0.1138022349	0.0253497005	-0.0035501286	-0.0265247472	0.091817619	-0.0826557173	-0.0200969529	-0.0277809721	-0.113844533	-0.0782597664	-0.035347091	-0.0620112384	-0.0049159144	0.0633956013	0.0087218505	-0.0039248464	-0.1600022852	-0.0728553019	0.0616595298	-0.0164628946	-0.0451829103	-0.1157302736	0.051200899	-0.0114671371	-0.0319510372	0.1082212644	0.0697762268	0.0815990995	-0.049130697	-0.0206272393	-0.0509861906	-0.0239998705	0.0546888337	0.0180086145	0.0898776894	0.0794720576	0.056121899	-0.0992018455	-0.0156585037	0.125991516	-0.2472532202	-0.0246480124	-0.0283544308	0.0003496723	-0.0281548426	-0.1807043313	0.1070233065	0.1090797917	0.0662782145	-0.0528339399	-0.0368492613	-0.0260744923	-0.0732132772	0.0364746004	-0.0172131111	0.0910005829	0.0672972791	-0.0795530753	0.0439967509	-0.050319855	-0.0009718602	-0.1571175979	0.0003014415	-0.061170889	0.0959055386	-0.0570773164	0.0904788398	0.0121136947	-0.0567810529	-0.0110473361	-0.0739714542	-0.0194949035	0.1740432877	-0.0405644457	-0.0157702163	-0.0596967156	-0.0346624007	-0.1216284025	0.0478602312	0.0189717396	0.0563657986	-0.0815677581	0.0332988914	0.1145742181	-0.1228875271	-0.0074889563	-0.0720293698	0.0304136893	-0.0751243773	2.77314e-05	0.0805112212	-0.0973862346	0.1950993874	0.0694909275	-0.0451057333	0.002932744	0.0005633026	0.0647243539	0.0462817482	-0.038527676	0.0986014298	0.018269088	-0.1375113427	-0.1298407366	0.154353499	0.1569520121	-0.1003646504	0.0854583468	0.0026818616	-0.081623307	-0.00209226	-0.00793909	6.302915002809999e-05	4.3775519076e-06	-0.0615647	-0.0834160999999999	0.0069582457392099	0.00379021228609	-0.0526874	-0.0273963	0.00277596211876	0.00075055725369	0.000988392	0.0008946493	8.003973699904901e-07	9.769187456640002e-07	8.853779999999998e-05	-1.5024000000000146e-06	2.257205760000044e-12	7.838942028839997e-09	-0.000132744	-0.0003176299999999	1.7620969535999997e-08	1.0088881689999997e-07
272.82029991039803	0.1060803396927099	74430.91604319953	0.0112530384693207	292.2708405826632	0.0515649036807985	85422.24425489652	0.00265893929161	185.7384537107947	0.0127532217776433	34498.77318687702	0.0001626446657097	187.06708674379908	309.7854189887847	1.152362	22.320723	0.1542586199999999	0.0872166999999999	0.1304074753	-0.1121562994	0.0734414784	-0.0642875224	0.0281661492	0.1148575802	-0.0527677331	0.1098338821	-0.0433906972	-0.0485221883	0.1146756776	-0.0375577238	-0.2153305257	0.0072116101	0.0720087637	-0.0225203377	0.0143544093	0.0491314812	-0.0257508742	-0.0099087037	-0.0559697124	0.1060149203	0.0317686809	-0.1528008953	0.0425154534	-0.0031659552	0.0174826199	0.1954864975	-0.0711443229	-0.0809068984	-0.099165331	0.0380517152	0.0546875627	0.0950629459	-0.0028364935	0.0285909489	-0.0302847651	-0.0805754609	-0.0497594575	0.073731576	0.1460482501	-0.0284481939	-0.1636880924	-0.0525746859	-0.0293901273	0.0420905497	0.0181100863	-0.1435615124	-0.051380722	-0.0856856165	-0.0002773459	0.1189330269	0.1051697762	0.0951755661	0.1450758878	0.0349627901	-0.0796198217	0.0093682234	-0.1473068901	0.0606484733	0.1129244944	0.0037757761	-0.0282636984	-0.1048188352	-0.0613975335	-0.056748201	0.141714814	0.0706111196	0.0313123858	0.0618489495	0.1029682979	-0.0776247478	-0.0274562213	-0.2012995306	-0.0758676671	-0.0418531002	0.0436063886	0.1180332342	-0.0199042355	0.0716099673	-0.0802823688	0.0475236795	0.0317327567	0.0649818717	-0.0825967358	0.0365320184	0.0337719756	-0.0915473186	-0.1035626868	0.0138448208	0.0049958714	0.1330658871	0.0176528184	-0.0018671606	-0.1999057575	-0.1067353812	0.0018435594	0.0004395522	0.1935466181	0.0042366985	0.0502621775	-0.0144242793	-0.0877733066	0.1504965423	-0.1600081098	-0.0180197133	0.0373025206	0.0308084318	-0.0473181003	0.0213847263	0.0548125208	-0.0410453844	0.1058220067	0.027923603	-0.0503054315	-0.0323299593	-0.1052472152	0.0493490246	-0.1026414632	-0.0751593175	-0.0221032902	-0.0985742883	0.0137242447	-0.0895489851	0.0981078591	0.1129573763	0.014767355	-0.0803739978	0.0620330067	0.0775768003	0.1562354978	0.0442889902	-0.0881801913	0.0361522268	-0.0160427444	0.0233959587	-0.0015123848	0.004266981	0.1041961341	-0.1162390555	0.1347449605	-0.0818143568	-0.0016175859	0.0835618648	-0.0026818616	-0.0873117978	0.00401786	0.00611012	3.73335664144e-05	1.61431989796e-05	0.00540514	0.06696984	0.0044849594696256	2.92155384196e-05	-0.0147583	0.0379291	0.00021780741889	0.00143861662681	0.00045808	-0.000530312	2.81230817344e-07	2.098372864e-07	0.000105587	1.704920000000002e-05	2.906752206400007e-10	1.1148614569000001e-08	0.000184886	0.0003176299999999	3.4182832996e-08	1.0088881689999997e-07
272.46390716747084	-0.3563927429271984	74236.58070896416	0.1270157872111721	291.3557112604215	-0.9151293222416824	84888.15048406611	0.8374616764265213	185.8900106047808	0.1515568939861111	34555.09604264552	0.0229694921147173	187.3558199147651	307.0729981334811	1.148282	22.241699	0.1496358599999999	0.0822914	0.1034167223	-0.0512704468	-0.0833424343	0.0826292654	-0.0408987878	0.0229514695	0.1301762084	0.0031482983	0.0095844425	-0.0673439214	-0.0799881667	-0.0223923551	0.0437969428	-0.0689666923	0.0620741057	-0.0630522368	-0.1015586613	-0.095383457	-0.0867757619	0.0309726769	0.1023431315	0.0555331687	-0.0540527022	0.1064884733	0.039415922	0.0022364614	-0.0495866818	-0.0549143217	0.0345477247	0.0970022077	-0.1157138771	0.0343245321	-0.0301925994	-0.1644901392	0.2687817805	-0.0740403942	-0.0348092065	0.0191602386	0.1097724843	0.0280798207	0.0691836533	-0.0410596949	-0.0235641801	0.1050847634	0.0387976109	0.0721306179	0.0785505037	-0.0692406618	-0.0001245104	0.0108998008	0.1417117482	0.0195521801	0.0218191977	-0.0536066493	-0.1613932958	-0.0917518489	-0.0993430638	0.0765913058	-0.0026961359	-0.0504694623	-0.0076859482	-0.1232938346	-0.0682938808	-0.0269212982	-0.0549913871	-0.0259455752	-0.0820463653	-0.0314795487	-0.0690525864	-0.0161156357	-0.0698892902	-0.1109551925	0.0552591803	0.0929265206	0.0899993113	0.0646901691	-0.023061455	-0.04707141	0.044948166	0.0472896443	-0.0780915183	-0.0093183521	-0.1131451604	-0.1378112856	-0.1437567218	-0.1068072438	0.0298257902	0.0095018888	0.2171478693	0.0074043368	0.0608757554	0.0306354561	0.0487539106	-0.0266694025	-0.0686519919	-0.0168880496	0.0250010804	0.1458657863	0.0681132126	-0.1048874466	0.1375123358	0.110203479	0.0360210704	-0.067072015	0.151232685	-0.1129374318	-0.0487913285	0.0591835542	-0.0759174076	-0.0266217133	-0.0263208614	-0.0277295461	-0.085229197	0.0602163205	0.047439574	-0.0295984823	0.0307682572	0.0209618913	-0.0289994361	0.0677394953	0.1246010251	-0.0388175261	-0.0476512925	0.0292297148	-0.0619690842	0.0028995805	-0.1336971471	-0.0789769408	0.0737992582	0.0545086782	-0.0650915549	-0.0604580987	-0.0174424296	-0.0316384862	-0.0022663498	0.0427445978	0.0669029359	-0.0822674846	-0.0491604745	-0.0016013782	0.007053308	-0.0534091136	0.0142669316	0.081623307	-0.008040184	-0.0926047444	-0.0085081099999999	-0.0125259699999999	0.0001568999244408	7.23879357720983e-05	-0.0624218	-0.06782694	0.0046004937897636	0.00389648111524	-0.0463509	-0.0315926	0.00214840593081	0.0009980923747599	0.000780796	0.000322716	1.0414561665600005e-07	6.09642393616e-07	-0.0	-0.000105587	1.1148614569000001e-08	0.0	-0.000140618	-0.000325504	1.9773421923999995e-08	1.05952854016e-07
272.3358514214838	-0.1280557459870124	74166.81596946451	0.0163982740802902	291.29370169824	-0.0620095621815153	84852.02064906323	0.0038451858019432	186.03938302382568	0.1493724190448802	34610.65203588572	0.0223121195713192	187.50253436402613	304.3131392377231	1.063964	20.608482	0.143693625	0.0878832999999999	0.0447139995	0.0555061732	-0.0503436677	0.1230437729	0.1277149956	-0.0919686317	0.0488193996	0.0353685507	0.0529400855	0.0662122016	0.0969533799	-0.0742922097	0.0169887085	0.0512544891	-0.0019093769	-0.0078944982	0.0898560128	-0.0044903796	-0.0543011725	0.1066746677	0.0877727351	-0.0639540016	0.0272607996	0.0805437699	0.1317089022	-0.0402232463	0.165920941	0.0403836524	-0.0418218492	-0.002326064	-0.1091239703	0.0332580106	0.0432013641	0.0105753558	-0.057548892	-0.0030320012	0.0386343216	0.1227475625	-0.1054145919	0.0047640185	0.086554493	0.0813572324	0.02543457	-0.120017387	0.1049961093	-0.0168688264	0.2247489751	0.0067795259	-0.0254412863	0.1735441637	0.0728364647	-0.1713575905	-0.0421876169	0.0481782563	-0.0516494754	-0.0119726921	0.0900577555	-0.0329375038	0.1870477201	0.1711759755	0.2285500916	0.1651597493	0.0484487534	0.1087543179	-0.1173194656	-0.0126448451	0.0454664877	-0.10461225	0.0431653618	0.0243058986	-0.1145430121	0.0259392567	-0.0179247828	0.0632246444	0.0678638173	-0.157029859	-0.0465295959	0.1544096297	0.027163488	-0.0335327236	-0.1114395926	0.0623864068	0.0213999024	-0.0320951249	-0.0350397156	0.0681234455	0.0208960737	0.090869478	0.0007900325	0.0091017342	0.032303714	0.0132064144	0.1477448025	0.0350161154	-0.0830878547	0.168301304	-0.0665887363	-0.0644101867	0.0318730742	0.109913675	0.1130918751	-0.0704131602	-0.0737808653	-0.0853670073	0.1490137835	0.0289777394	-0.0259295677	-0.1665676473	0.1058624043	0.2616571674	0.0633082731	-0.0323263513	-0.0029100229	-0.1966907838	-0.0153785311	0.102281167	-0.0785002404	0.0975782605	0.1356796351	-0.0921405792	0.0753397553	0.0964631605	0.000183042	-0.0994930686	0.0133648692	-0.0467473744	0.1033258608	0.0292566749	0.0935099985	-0.0179991142	0.1203399827	-0.0839633877	-0.0374252359	0.0198546123	-0.041964012	-0.1159309361	0.0032847068	-0.0112868638	0.0323041184	-0.0887810795	-0.0294279902	-0.0784513313	0.1555924315	0.0796436494	-0.0133823145	-0.0974781683	-0.0141183	-0.0056101900000001	3.147423183610112e-05	0.00019932639489	0.0112092	0.073631	0.005421524161	0.00012564616464	-0.00809459	0.03825631	6.552238726810001e-05	0.0014635452548161	0.000407424	-0.000373372	1.3940665038400008e-07	1.6599431577599997e-07	9.4152e-05	9.4152e-05	8.864599104e-09	8.864599104e-09	-8.421949999999998e-05	5.6398500000000006e-05	7.0929241802499975e-09	3.1807908022500003e-09
272.21135603955054	-0.1244953819332863	74099.02235689094	0.0154991001227148	291.2930313126158	-0.0006703856241756	84851.63009129258	4.494168851013775e-07	185.80467654875312	-0.2347064750725565	34523.377827386765	0.0550871294409845	187.21182052002803	301.60273373794155	1.055747	20.449327	0.12253773	0.0735086999999999	0.03141979	0.1492662622	0.0844849495	0.1620753047	-0.0086817305	-0.0821745559	-0.0403890768	-0.1158515961	0.0034365089	0.0576824167	-0.0297251099	-0.0608783453	-0.0188369845	-0.1062173539	0.1161251435	-0.0120806056	-0.1421762395	-0.0674241036	-0.0373230692	0.0613229526	-0.0802501723	-0.1250990585	-0.0164002892	0.0577332526	0.0223184452	0.1682200214	-0.1044767395	-0.0841982136	-0.0436372812	0.1010713282	-0.0742200336	-0.1184090273	-0.105713943	-0.0197760846	-0.0718751601	0.0132789699	0.0752456571	-0.0193830023	0.0946591145	-0.0938456062	0.0343883062	-0.1447323091	-0.001271066	-0.0036927702	0.0456774853	-0.1084815483	-0.0670012482	-0.0243220019	-0.014553683	-0.0185535345	0.0631117625	0.0012817248	-0.0550619624	0.0387742719	-0.09269211	-0.0372591053	-0.217678901	0.0094266266	0.0693089945	-0.0808158129	0.0536205467	-0.1103830153	-0.0688632276	0.0700874551	0.0310959472	0.0787875313	0.1096571196	-0.1242768142	0.0350191724	-0.018176882	0.0167310411	0.1391853982	0.0402400873	0.0434896778	0.097391171	0.1060922038	0.1619110433	-0.0349669217	0.1139847239	0.0411849491	-0.0132865248	-0.0084662704	-0.0765865077	-0.0030329036	0.1122929592	0.0853865695	0.0482141491	-0.0106137679	0.1013269339	0.152222596	-0.0218366512	-0.0189587021	-0.0067636533	-0.1475310299	0.0212629265	0.018809796	0.141183171	-0.0414893704	-0.0062519721	-0.0753857934	-0.0085514796	-0.0731626564	-0.0384727209	0.0541492538	0.1425565311	-0.1494535168	-0.0785526278	0.0119189569	-0.01410643	-0.0278577124	-0.0690662554	-0.0520668075	-0.0025550347	0.0319319902	0.1521488905	0.0370234157	0.045771394	0.096211875	0.0553332471	0.0568049402	-0.096063761	0.0765239036	-0.0191818029	-0.0063109808	0.0828148612	0.0156418921	-0.0643974349	-0.0839781444	-0.0485184956	0.0453712229	-0.0131700521	-0.1189616869	0.073951744	0.0520943547	-0.01776702	-0.1636367864	-0.0230817264	-0.1100960316	-0.0068881445	0.1380097311	-0.1471574685	-0.0824667526	0.0268942488	0.0776238888	-0.0186974948	-0.1019099918	-0.0132691	0.0008491999999999	7.211406399999994e-07	0.00017606901481	-0.0451129	-0.0563221	0.00317217894841	0.0020351737464099	-0.047027	-0.03893241	0.002211538729	0.0015157325484081	0.000726162	0.000318738	1.0159391264400005e-07	5.273112502440001e-07	8.90261e-05	-5.125899999999998e-06	2.6274850809999976e-11	7.925646481210001e-09	-0.000289036	-0.0002048165	8.354180929600002e-08	4.194979867225001e-08
272.61729900642035	0.4059429668698158	74320.191717556	0.1647896923510683	291.94682911772753	0.6537978051117079	85232.9510318956	0.4274515699688868	185.7146665218039	-0.0900100269492156	34489.93736130483	0.0081018049513985	187.0743393054188	306.3364545994349	1.061622	20.563122	0.0960536549999999	0.0566374	0.0217089903	-0.006432146	0.1481776196	0.0499223289	0.0896611599	0.0445783329	-0.1148113616	0.0270881541	0.0534105618	-0.036633985	0.0831783546	0.0426264037	0.1227451998	-0.0842494077	0.1269826833	-0.0308449599	0.0119877244	0.0318015722	0.0069387361	0.1278032332	-0.1081564802	0.0815935244	0.1055895531	0.0595083993	-0.0735917688	-0.0234119338	0.0072111464	-0.0055271009	-0.0377241336	0.1268352942	0.0389690779	-0.2226194418	-0.0886825077	0.0334148332	-0.0854413044	-0.1693080937	0.0510245403	-0.1243159462	0.0304682431	0.1172228301	0.0659111454	-0.0538156237	0.0673380449	0.0927523636	-0.031924896	-0.1207019721	0.0423387088	-0.006193458	-0.1830396627	-0.1057117558	-0.1418348527	0.032327625	0.0030162673	0.1910521289	0.0535890406	0.053964193	0.1171623231	0.1402059552	0.1074978304	-0.011202677	0.01667051	-0.1059428871	0.1512708628	0.1380730745	-0.1418081761	-0.0534103778	0.0237442683	0.0410431938	-0.2392898344	-0.0565873363	0.128105947	-0.0208174157	-0.0921474726	0.0585594627	-0.0016618714	0.0045331939	-0.0064331868	-0.03309612	0.0199856881	0.0242461247	0.0864283976	0.0016598686	-0.1379989561	-0.1172402284	0.1725497144	0.1248325362	-0.0288151362	-0.1566221336	0.0700127083	-0.0139865993	-0.110039171	-0.0347308961	0.1259244407	-0.0602247834	0.0832789412	-0.0739090105	0.1735110209	-0.0033812427	0.1336689948	0.1097183228	-0.0710945232	-0.0807708385	-0.0293643111	0.0997441705	-0.0837038884	0.1956009528	0.0885902699	0.003311485	-0.0987005147	0.0147494336	-0.1092259326	0.1675293798	0.0045727679	-0.054536842	-0.0220666599	0.0400951662	0.0019554243	0.0128144427	0.0639547346	-0.0662076358	-0.0982687441	-0.0831344114	-0.0373110539	-0.0023192867	-0.0896107773	-0.0272331906	-0.0362826423	0.0153362326	0.0016811269	0.0298325355	0.179015712	-0.0967309105	-0.0747461697	-0.0318639908	0.080076132	-0.072558334	-0.0841437516	0.1396241913	0.0327088628	0.1243883788	-0.0554776251	-0.0120151882	0.0921192437	0.0755650422	-0.0239750208	-0.1058801375	-0.010971	0.0022981	5.281263610000004e-06	0.000120362841	0.00137131	0.04648421	0.002160781779324	1.8804911161e-06	-0.0303924	0.0166346	0.00092369797776	0.00027670991716	0.00033885	-0.000387312	1.50010585344e-07	1.1481932250000004e-07	0.000126516	3.748989999999999e-05	1.4054926020099991e-09	1.6006298256e-08	-0.000101103	0.000187933	1.0221816609e-08	3.5318812488999995e-08
272.3454225058589	-0.2718765005614614	74172.0291598948	0.0739168315575463	291.5916676568722	-0.3551614608553564	85025.7006469158	0.1261396632769108	185.66176780048733	-0.0528987213165805	34470.292022802074	0.0027982747169292	187.10474859079093	307.43483593043453	1.112269	21.544127	0.1111832599999999	0.0649375	-0.0486071109	-0.0923687323	-0.0273471777	0.1387834336	0.0193313407	0.085233501	0.0729992861	-0.0563780294	0.0506757159	0.0410220879	-0.0541261111	-0.1117645937	0.186257142	-0.0643600533	0.0602856837	0.1253962705	-0.0818191894	0.0200906867	-0.0886984217	0.0157621216	0.0567407524	0.1139940952	-0.0008780434	0.0148405632	0.0104761801	0.0692312671	0.0056495663	-0.2013745088	0.1336552454	-0.0472769852	0.1448935436	0.0774818228	0.0969974226	-0.0861493705	-0.0411467825	0.0552602747	0.0669989677	0.0890661631	-0.0309977749	0.1405378345	-0.0442112554	0.0056021702	-0.0727717874	-0.1075838377	0.056971364	-0.0190200582	-0.0889530223	-0.0349018818	-0.0114714094	0.0509450429	0.041590777	-0.0381338375	-0.010043397	-0.0078991747	-0.0029910796	0.1186444901	-0.2227963296	-0.0423908297	0.1533401126	0.1939588869	-0.0448839058	-0.0544509975	-0.0798148329	-0.0893389196	-0.1193949398	-0.2047042289	-0.0564806152	0.002070551	-0.0808400453	-0.0929721675	-0.0114726244	-0.1232949874	0.0610563994	0.0140171277	0.0747526329	-0.0213908563	0.0488333851	-0.1460388323	-0.0520396504	-0.1847548754	0.0887837505	-0.060943361	0.0317390528	0.0157183745	0.0146309783	0.0011075971	0.0790107049	0.142415564	-0.0028524804	-0.1406433884	-0.0498492945	0.0193544814	-0.1070986257	-0.0098284815	-0.1180885051	0.011623782	-0.0421691182	-0.0528231514	-0.0118047901	-0.0007074504	0.0061273136	-0.14098887	-0.05505055	0.0282486004	0.0481699505	-0.191482209	-0.069967643	0.1305163324	0.0976512279	0.1994061548	-0.079420902	0.0347650679	-0.1230804914	0.1321227357	-0.0395001078	-0.0529931279	0.0102380172	0.0903500297	-0.0112897243	0.0606418229	0.094838745	-0.0884024699	-0.0416505473	0.0332186275	-0.0848948775	-0.0258506627	0.0341016407	0.0290800591	-0.0997663323	0.0515305312	-0.0480314659	-0.1457530232	0.0671194896	0.0967492606	0.0397711625	-0.1328414273	-0.1248367456	-0.0452893959	-0.0133047185	-0.0841501337	-0.0814542088	-0.0353227045	0.076611076	0.0734681463	-0.0292042644	-0.1093706198	-0.0131314	-0.0021604	4.667328159999999e-06	0.00017243366596	-0.0495788	-0.05095011	0.0025959137090121	0.0024580574094399	-0.0530555	-0.0226631	0.0028148860802499	0.00051361610161	0.000822985	0.000484135	2.3438669822500002e-07	6.77304310225e-07	0.000162641	3.6125e-05	1.3050156249999998e-09	2.6452094880999995e-08	-0.000289036	-0.000187933	8.354180929600002e-08	3.5318812488999995e-08
272.4369006154592	0.0914781096003025	74221.86481695759	0.0083682445360449	291.5275553318677	-0.064112325004487	84988.31551777518	0.0041103902174809	185.65854386128825	-0.0032239391990742	34469.09490869389	1.039378395932762e-05	187.1811294467074	307.44681776564374	1.028142	19.914635	0.09271537	0.0507254	-0.1013296553	0.072436123	-0.0824255226	0.0810057333	0.0474831181	-0.0889232992	0.0715162527	-0.0273125021	-0.0076256628	0.0877826621	0.0917653737	-0.0682786658	0.1046339322	0.1269352987	-0.025628834	-0.007016	-0.0005776079	0.0295636542	-0.0405804068	0.0279915503	0.1140599161	-0.0592218408	0.0234985241	-0.0617504207	0.0293752573	-0.1532981899	0.103740343	0.0887261578	0.0299770077	0.0172745893	-0.0067939075	-0.1784815845	-0.0357003969	-0.185452373	0.0087612887	0.0418451084	-0.0530880885	0.0925444899	0.0780704572	0.1617939677	-0.0030865727	0.0193304162	-0.0477265859	0.0343727785	0.0406179562	-0.1031261166	0.052340779	-0.0602755716	-0.0287935102	-0.1263809598	0.0004892832	-0.0385316536	0.0438164278	-0.1015403588	0.0579379551	0.1436861379	-0.0437777447	-0.0334934007	0.1629646259	-0.1620981622	0.0159938759	-0.0315544201	-0.0528852633	0.02535376	0.0692755293	-0.2111017909	-0.0735732343	0.0384296558	0.1512870013	-0.1573031929	-0.1390241955	0.0128705466	-0.0118179001	-0.0313288692	-0.0115682231	-0.1327022995	-0.1236254348	0.0355715577	0.0179337102	0.1097658935	-0.0525198142	-0.1231592961	-0.0361202605	-0.1015848637	0.1375697304	-0.093038834	0.0622441166	0.0345919584	0.0978047089	-0.1180070113	-0.0988723739	0.0783696889	-0.0123505475	-0.0800723454	-0.0324491045	0.097433374	0.0519644709	-0.0063873249	0.0702522913	0.0456007286	0.0665356276	-0.1073691702	-0.0340304715	-0.0792850773	-0.1980686773	-0.0639433239	-0.1251593246	0.0646296472	-0.2256837245	0.0722612178	0.0113020635	0.066672268	-0.1064520963	-0.1165516931	-0.0417162011	-0.0373599406	0.1698723723	0.0407419612	0.016463179	-0.0191655744	0.0698075008	0.1014237008	0.0080889099	-0.057920824	-0.0367070658	-0.0712721808	0.1468735642	0.0099629484	0.0045419641	-0.0578130259	-0.026870974	-0.0065520053	-0.0084542085	-0.1626168364	0.0510722694	-0.0374914491	-0.1797895856	0.0428023817	-0.0484279396	-0.0264142951	-0.0305623434	-0.1610927584	-0.003052271	0.0713342571	-0.0343746944	-0.1123656258	-0.00306578	0.0100656199999999	0.0001013167059843	9.3990070084e-06	-0.0105691	0.0390097	0.00152175669409	0.00011170587481	-0.027581	0.0254744999999999	0.000760711561	0.0006489501502499	0.000622315	-0.00020067	4.0268448900000006e-08	3.87275959225e-07	-0.0	-0.000162641	2.6452094880999995e-08	0.0	-0.000289036	0.0	8.354180929600002e-08	0.0
272.3549433518931	-0.0819572635660961	74177.2151682129	0.0067169930512425	291.57187842532414	0.0443230934564553	85014.160288472	0.0019645366135496	185.7416874758468	0.0831436145585371	34499.97446637514	0.0069128606418585	187.19664319149567	308.2083991553237	1.049117	20.320913	0.09780632	0.049322	-0.1312312192	0.0661204985	0.0829388374	-0.001306876	-0.026559107	-0.0357504716	-0.0937007837	-0.1020885447	0.0193315933	0.0850967676	-0.0104111021	-0.0142460697	0.0490752808	0.0041402351	-0.0044090167	0.1287646029	-0.0564830294	-0.1197750263	-0.0786403777	-0.1536186877	-0.089502533	-0.0761358474	-0.0287339301	-0.0655225073	0.0530276084	0.1174411166	0.1500401105	0.0411203695	0.0861032199	0.072138794	0.0759070358	0.1340683425	-0.0528319696	-0.058245458	0.0213815386	0.0367819589	-0.1517600638	-0.1019855271	0.0125649923	-0.0065871903	-0.0069472412	-0.0788224257	-0.0781888575	-0.0571291295	-0.0034215854	-0.0897569559	0.1259774091	0.0964646658	0.0419875639	-0.1075274318	0.0279531843	-0.0319129056	-0.1554224069	-0.1146554764	0.1699825863	-0.0136181017	-0.0579114759	-0.055669396	-0.1421955772	0.0299489209	0.0587941002	-0.0486948852	-0.0189243382	-0.004825519	-0.0734677108	-0.0265345341	-0.0052486387	-0.0923787035	0.1220990283	-0.0320816771	0.0395693784	0.1241221128	0.1004034618	-0.0345912523	0.0222428098	-0.1225856406	0.0837057754	-0.0005991887	-0.1211950429	0.0253259352	0.1140104791	0.0475454861	-0.0040633559	-0.0670053407	-0.1008595399	-0.1935466551	-0.0173872223	-0.0516710583	0.0032862409	0.0255535239	-0.0173897972	-0.0481036026	-0.0314134491	0.0338259663	-0.0423768337	0.2340284177	0.1620159829	-0.1299549994	0.0578203012	0.0376646249	0.1105522975	-0.0259978664	0.0533270946	-0.0028430621	-0.1010164754	-0.0990230663	0.0733855008	0.0953857371	0.0751669183	-0.0676067508	0.0853313654	-0.0562028675	0.0254218316	-0.0353622197	0.072827604	-0.0760425535	-0.0807280388	0.1340049444	-0.0008807231	0.0526119791	-0.1158518532	0.0292365509	0.0416438586	-0.0002914979	0.0506122258	-0.0283172331	0.0880966188	-0.0042270643	-0.0467328549	-0.0562085283	-0.0968278118	-0.146690394	0.0158614727	0.106421938	0.0988007567	0.1533946022	-0.0664370167	-0.1208170689	0.0248320186	-0.0137321109	0.034019394	0.012510041	0.0259247241	0.0691644489	-0.0394758984	-0.1148515874	-0.012764	-0.0096982199999999	9.405547116839996e-05	0.000162919696	-0.0457273	-0.0351582	0.00123609902724	0.00209098596529	-0.0511343	-0.0235533	0.00261471663649	0.0005547579408899	0.000944698	0.000322383	1.0393079868900001e-07	8.92454311204e-07	0.000186645	0.000186645	3.4836356025000015e-08	3.4836356025000015e-08	-0.000210132	7.8904e-05	4.4155457424e-08	6.225841216e-09
272.57743113106307	0.2224877791699668	74298.45596200942	0.0495008118799839	291.96968270507307	0.3978042797489252	85246.29561890104	0.1582482449865611	185.7143235444295	-0.0273639314172839	34489.809969565045	0.0007487847426098	187.09070718803352	309.5256338779123	1.074826	20.818886	0.111908123	0.0633351	-0.1428526739	-0.0857508276	0.0486756947	0.0127669475	0.0026109379	0.0994785619	-0.0019640009	0.0073333144	-0.0331223658	0.1568302146	0.0837780229	0.0760135471	-0.0708417592	0.0854820584	-0.0604687193	-0.0729437335	-0.0620352946	0.1115729811	-0.0535285031	0.1464756584	-0.0477523964	0.0974074034	0.0249219089	-0.0995261468	0.0473758752	-0.0663196591	-0.0632501541	0.0300372829	-0.0786088626	-0.0017347622	-0.1562597856	-0.0168123076	-0.0744310946	0.1118800997	-0.0762849952	-0.0061470196	0.1482959372	-0.0725823093	0.0176301651	0.0174045767	0.0246195541	0.1443430048	0.0206685291	-0.1894323219	-0.1686409325	-0.0925520041	0.0203066442	0.035458806	-0.0365391739	0.1172324118	0.1947758589	0.0029707639	-0.1212531648	0.0094077253	0.0640658763	-0.1062601804	-0.1435253995	-0.1042463178	-0.0648803561	-0.1136017414	-0.0913478895	0.0809728162	0.0119027148	0.06962844	-0.0723795984	-0.1064810712	-0.0177657518	0.1467685994	-0.0299294128	-0.0662852068	0.0774059882	-0.0686851717	-0.0278025782	-0.1102061756	0.0268878994	0.014229078	-0.0347048401	-0.0015812774	0.0985487004	0.0524163383	-0.136968877	0.0421156266	-0.0680334078	0.0871382519	0.0287142165	0.1161783355	0.1119344207	-0.1367095428	-0.0436941488	-0.0240023881	0.0815111078	-0.0970543162	0.03908957	0.0946437386	-0.0204884674	0.0086629245	0.0397612663	-0.2041994165	-0.0782673588	-0.0730365136	0.2241633327	-0.1608339874	-0.0755918325	0.142703493	-0.0114768223	-0.031828105	-0.10758322	-0.0944976219	0.0958282186	-0.1052393754	0.0855297687	-0.0251885983	-0.0878298749	-0.1153152982	-0.0077822389	0.0007554187	-0.0167144649	-0.0829298955	-0.140666624	-0.0469456428	-0.0039159577	-0.1046054574	-0.0185343981	-0.1877656665	0.0780506829	-0.0910456733	0.0889148159	-0.0895453177	-0.0751562798	-0.0052882697	0.0528036258	0.1135230642	0.0865013846	-0.1428908069	-0.0504610658	0.0180620288	-0.0165220983	0.0856880602	-0.0203917494	-0.0321027197	0.1773808412	-0.0647972227	0.1074609845	0.0669598143	-0.0444976032	-0.1168172427	-0.00929756	0.0034664399999999	1.2016206273599995e-05	8.644462195359999e-05	-0.000431217	0.045296083	0.0020517351351428	1.8594810108900002e-07	-0.0142791	0.0368552	0.0002038926968099	0.00135830576704	0.000622315	-0.000322383	1.0393079868900001e-07	3.87275959225e-07	6.2125e-05	-0.00012452	1.5505230400000003e-08	3.859515625000001e-09	-0.000289037	-7.890500000000002e-05	8.354238736900001e-08	6.225999025000003e-09
272.61503550038884	0.037604369325777	74318.95758087827	0.0014140885923894	291.0323213176833	-0.9373613873897852	84699.81205155925	0.8786463705693031	185.9245185832648	0.2101950388353088	34567.926610418785	0.044181954350977	187.40842830199065	308.2116821081611	1.115134	21.59963	0.082330873	0.0519363	-0.1274619478	-0.0002059136	-0.1130766453	0.036995116	-0.035602032	-0.0195637668	0.1155598456	-0.0341010594	0.0060008	0.0576192798	0.0637146694	0.0077758933	0.0162516008	-0.1642384801	-0.0583332724	0.0420421061	-0.0346802637	-0.021256345	0.0921173917	-0.220516913	0.1241276639	-0.0099424575	-0.0891858942	0.0340347457	-0.1170875733	0.084108043	-0.0166458381	0.0976890825	-0.1282341392	-0.0195796797	-0.0479719254	0.1438110906	0.1171480112	0.0271502126	-0.0008473288	0.0995824851	-0.0243798903	-0.1223147606	0.1349540739	-0.0299231618	0.0581341669	-0.1092601591	0.0086605953	0.023989453	0.0412155867	-0.0494433596	-0.0599453944	-0.0045136731	0.0637716935	-0.0016002857	-0.2083309722	-0.1089612928	0.0893805689	-0.0045621448	0.0195056428	-0.0055704601	-0.0271925805	-0.0315834291	0.0145095847	-0.0075263238	-0.0508161035	0.1503543481	-0.1383101551	-0.0059054162	0.1153929005	-0.0445708083	-0.0172010511	0.0261860087	-0.1615343624	-0.0734180791	-0.1187891624	-0.0313208866	0.0771817789	0.0659314504	-0.1409956789	0.0070698515	0.0876889485	0.0545409803	0.0428954528	0.0480250228	0.025065102	0.0904511861	0.1474165596	0.1325101445	-0.1537063877	-0.0514308699	0.0890992014	-0.0932930064	0.0907462957	0.1017056281	-0.0372125238	0.1182441654	-0.0442005913	-0.0825290414	0.1098990771	0.0062836976	-0.0025800836	-0.0587841576	0.0107380693	0.0559407288	-0.1290148696	-0.0478838683	-0.0025441633	0.0143093597	-0.0427950272	-0.0568738164	-0.0188902959	-0.0586584346	-0.094733198	0.0370796144	0.0826091792	-0.0823100112	-0.0328222296	0.1299224119	-0.0777325086	0.0894261799	0.0498877354	-0.0809403905	-0.0664916711	0.0397897318	0.0909344883	0.0732775931	0.1137891772	-0.040423625	0.0551893633	-0.0297079716	0.0603887118	-0.0230984622	-0.0607754732	-0.0910827645	-0.128641604	-0.0575158952	-0.2370177156	0.0334696206	0.0805604863	-0.0115635236	0.0616216332	-0.03791124	-0.0818874147	0.0386945178	-0.0249587588	-0.0297771529	0.11660138	0.0647214634	-0.0494296957	-0.1182536866	-0.00713402	0.00216354	4.680905331600001e-06	5.089424136039999e-05	-0.0441115	-0.043680283	0.00190796712296	0.0019458244322499	-0.0373533	-0.0230742	0.00139526902089	0.00053241870564	0.0008284469999999	0.0002061319999998	4.249040142395876e-08	6.863244318088343e-07	-0.0	-6.2125e-05	3.859515625000001e-09	0.0	-0.000289037	0.0	8.354238736900001e-08	0.0
273.0432416671836	0.4282061667947801	74552.61182012403	0.183360521281079	292.56323893320496	1.5309176155216733	85593.24877508757	2.343708745514566	185.95095554906743	0.0264369658026168	34577.757869611254	0.0006989131608487	187.3633052331594	311.86227189248314	1.120939	21.712078	0.0605525699999999	0.0334456	-0.1143997936	0.0920016062	0.0106241703	-0.0990901507	-0.0449437953	-0.0886835609	-0.0767831425	-0.025344187	-0.1128197016	0.0456892652	0.0442235987	0.0855563029	0.0506885102	0.0971955069	-0.0348196027	-0.0179177064	-0.0232896651	-0.0150970231	-0.0607627789	0.0081022856	-0.0743543083	-0.091958406	0.0130036695	0.0630769956	0.1771648518	0.0401921305	0.089658184	-0.124597309	0.0461151251	-0.0458039895	0.0176086977	-0.0360300522	-0.0644880758	0.0476164729	0.0509201592	-0.0002801679	0.0214326997	-0.0763199879	-0.0277399348	0.0024435972	-0.0341465414	-0.0934179211	-0.0401179126	-0.0691050816	-0.0823538768	-0.0153766525	-0.0861412138	0.0373063877	-0.0063751037	0.1051429016	-0.0374728402	0.0074657523	-0.0072644879	0.0426837595	0.0135081058	0.0815473116	-0.0788968701	-0.106974368	-0.1029815365	0.015815643	0.0659106846	0.0370711064	-0.0374009524	0.1489351718	0.010130567	0.1670742953	-0.0529654631	-0.0291979508	-0.0068187782	-0.0536192456	0.0099625307	0.1213715057	0.0444698524	0.0231537531	0.1747275449	-0.06262272	0.0144955214	0.0523929627	0.0036977954	-0.070854908	0.0500660478	-0.1206033463	-0.1086913535	0.0206394153	-0.0534366001	-0.0163563058	0.0219298861	-0.0383011883	-0.0510898618	0.0609779986	-0.0207837201	-0.0430181267	-0.0309650735	0.0122471936	0.0373940476	-0.098429057	0.0025301558	-0.0955968129	-0.0639488618	0.0129514068	-0.026661423	-0.0227493593	-0.0469251521	0.0427725051	0.0715322222	-0.032412777	-0.0169409633	0.0925007914	0.1030442295	-0.0039003047	0.1835418913	-0.0586792963	0.0734448246	0.026805187	0.0532664258	0.1186084501	0.0796013968	-0.00388722	0.1137399826	-9.6563e-05	-0.0934293155	0.0747597176	-0.0971467869	-0.0792598986	0.0650089489	-0.0480483263	0.0409161638	-0.0355827347	0.0012933189	-0.0780910759	0.0123331498	-0.0441156871	0.1303565761	0.0804960882	-0.1305836018	0.1243361876	-0.0628052962	0.1176717381	0.0311791763	0.0063224226	0.0592354216	-0.1476490323	0.0778659165	0.0624505233	-0.0542622434	-0.1191544118	-0.0074577899999999	-0.0003237699999999	1.048270128999355e-07	5.561863168409851e-05	-0.0274444	0.0166670999999999	0.0002777922224099	0.00075319509136	-0.0188538	0.0184995	0.00035546577444	0.0003422315002499	0.000488112	-0.0003403349999998	1.1582791222493192e-07	2.3825332454400002e-07	-0.0	0.0	0.0	0.0	-0.000128128	0.000160909	1.6416784384000002e-08	2.5891706281000004e-08
272.8090432938862	-0.2341983732974313	74424.77410292547	0.0548488780551629	291.68652329945434	-0.8767156337506208	85081.02787452312	0.7686303024627527	185.9171035103008	-0.0338520387666392	34565.1693776599	0.001145960528658	187.30959189397703	312.0432748698886	1.149408	22.263508	0.09515811	0.0515443	-0.0947637412	-0.1357918138	0.064183021	-0.0541862247	-0.0152962152	0.1139366063	-0.0173201286	0.0125451289	-0.0059496476	0.0873592568	-0.0073865952	0.0247373434	-0.0914151982	-0.1679298012	-0.1372599472	0.0406270376	-0.1210001398	-0.035892946	-0.0009688515	0.0016571281	-0.0796475916	0.0811516004	-0.03370018	0.0852612486	-0.0263051193	0.0973210233	0.030654331	0.0353805209	-0.0839514427	-0.0340064751	-0.0357840286	-0.1066981041	-0.1090704033	0.0512851067	-0.1197581991	0.0625424248	-0.1147952311	0.0949057983	-0.016490673	-0.0656626203	0.1050519264	0.0234224185	-0.0163511314	0.0760201412	0.1085919693	-0.1722352209	-0.0874945225	-0.0349465255	0.0231139476	-0.0602498089	0.0720740026	-0.0757186665	0.0053395787	-0.1629497354	-0.0983860429	-0.105922906	0.0069276494	-0.0047836071	-0.1058415122	-0.0598470186	-0.0429005872	0.0662146877	-0.0207183327	-0.1238556839	-0.033146166	-0.0453822907	-0.127522666	-0.016696331	0.1249243054	0.1770284538	0.1011074204	-0.0350257797	0.0527966465	0.0981824165	-0.006560263	-0.0288302964	0.1220932725	0.0712950734	0.0678532362	0.0181025898	-0.0694879663	0.0240287431	0.0220953452	0.0645862208	0.169198343	-0.0190758118	-0.1304642333	-0.0287393207	-0.0811937299	0.0289442929	0.0324526303	0.0443650698	0.090306353	-0.2356554626	-0.0038259335	0.029135768	0.0638176795	-0.0175473856	-0.0284602978	-0.0508619655	-0.0370605758	-0.0053245133	0.083745801	-0.1792493297	0.0431822113	-0.0831379226	-0.0436445452	0.0031813829	-0.0435998355	-0.0954956541	0.0103023498	-0.0813538382	-0.1002883478	0.0037760813	-0.1099310601	-0.1001093504	-0.1300888884	-0.12508814	0.0294080272	0.0325383188	-0.0174408325	-0.1186315783	0.1469458338	-0.1017024124	0.0494636287	0.0797340609	-0.0452266889	-0.0442193391	-0.1311745456	0.0498290389	-0.0589911097	0.0533096352	0.0055294712	-0.0066360979	0.0499271043	0.1012498019	0.0004841202	-0.1128100698	-0.0106420884	-0.0232925875	0.0256387639	-0.1557605459	0.0261437352	0.0601481375	-0.0589855141	-0.1195153378	-0.014523	-0.00706521	4.991719234410141e-05	0.0002109175289999	-0.0544277	-0.0269833	0.00072809847889	0.00296237452729	-0.055098	-0.0362442	0.003035789604	0.00131364203364	0.000823101	0.000334989	1.1221763012100001e-07	6.77495256201e-07	0.000133701	0.000133701	1.7875957401000002e-08	1.7875957401000002e-08	-0.000156746	-2.8618000000000003e-05	2.4569308516000003e-08	8.18989924e-10
272.98433561756343	0.1752923236772403	74520.44749256251	0.0307273987401663	292.02817636405564	0.3416530646013029	85280.45579051599	0.1167268165514621	185.80978549363533	-0.1073180166654594	34525.27638519077	0.0115171567010078	187.25283126193204	311.4389608155586	1.153202	22.336996	0.0510269	0.0249357	-0.0287887604	-0.0788038078	-0.1327774891	0.0048832927	-0.0649850959	0.0374388278	0.140288163	0.0034423751	-0.0503556067	-0.0109865736	-0.0192101982	0.1369696317	0.1156308744	0.0295032772	-0.0430192743	-0.0407307092	0.0153715849	-0.2126648325	0.0090293826	0.0820397809	0.0733047631	0.0607002647	-0.0872053893	0.0838678557	0.0785692893	-0.0531676894	-0.0396786537	0.0256655157	-0.1733352286	0.0632397716	0.0417038993	-0.1108821105	-0.0580102985	-0.1926577232	-0.0151566643	-0.0588710344	0.0489898554	-0.0748350033	0.0494985173	-0.0322976753	0.0685068373	-0.1193819716	0.1037486931	0.0014231693	-0.0052669598	0.1624559302	-0.0452313954	0.0883736002	-0.0717872797	-0.0631709935	-0.0233647914	-0.0432642638	-0.2610324344	-0.1147153136	-0.0066413949	-0.1303377931	0.0296475824	0.1714813293	0.0461590813	0.0783231368	0.0848794059	-0.0213322371	0.0012238572	-0.0576725044	0.0196915452	0.0898826604	0.1096075533	-0.1418443268	0.0337387213	0.0426439035	-0.0477091214	-0.0990754401	0.0522697277	0.0923310677	0.0581904829	0.1062294397	-0.0488521515	0.1005859152	0.1161066919	0.0282791105	0.0471437816	0.0004078347	0.0321315266	-0.194708544	0.1044069061	-0.057005599	0.1016461953	-0.0284586148	0.1423242471	0.126935033	-0.0763175523	-0.0443564297	0.1149743384	0.1267241607	-0.0339727159	0.0176882872	0.0795093711	0.0124781398	-0.0607801457	-0.0318686899	-0.00327278	-0.0513373315	0.1983666988	-0.0908520488	-0.0137748535	0.0623112788	0.0829546416	-0.0759843833	0.0491281799	-0.0187716233	-0.2222415473	-0.150712509	0.055471214	0.0011691751	-0.026858283	0.0216047756	-0.0311523328	0.1694100319	0.0023132052	0.0467323658	0.1324309986	-0.0512671148	-0.0674945012	0.0688478095	-0.0111257541	-0.1056007889	-0.1218461604	-0.0310619292	0.0039859723	-0.042833189	0.0274106535	-0.0181751694	0.0843963575	-0.0191190478	-0.0608904495	0.0956499963	-0.0592587852	-0.0304130837	0.1186458916	-0.0045026521	0.0303818449	-0.181700573	-0.0606334992	0.0578154653	-0.0635899959	-0.1193348294	-0.0123459	0.0021770999999999	4.739764409999998e-06	0.00015242124681	-0.0376211	0.0168066	0.00028246180356	0.0014153471652099	-0.0410674	0.0140306	0.0016865313427599	0.00019685773636	0.000728841	-9.425999999999998e-05	8.884947599999996e-09	5.31209203281e-07	3.13374e-23	-0.000133701	1.7875957401000002e-08	9.820326387600002e-46	-0.000289037	-0.000132291	8.354238736900001e-08	1.7500908681000003e-08
272.6748967232929	-0.3094388942705564	74351.59930305844	0.0957524292873845	291.5430003777393	-0.4851759863163352	84997.3210692545	0.2353957376980286	185.7160593636281	-0.0937261300072407	34490.454705554635	0.0087845874461341	187.21102100165007	309.37041983659816	1.172267	22.706278	0.08694472	0.0418637	0.0300859247	0.0518441427	-0.0532308725	-0.0648131761	0.0906232479	-0.0929253151	0.0080062273	0.0920509709	0.0391394276	0.0029487948	-0.0360547923	-0.0828701838	-0.0005798573	-0.0043530352	-0.1629894477	0.0235033387	0.0451160298	-0.0636343979	0.1486790796	0.0488295839	0.0565028741	-0.101361194	0.0966399039	-0.0157805938	-0.2151761069	-0.010298185	0.0604472064	0.015062286	0.000334893	-0.1109283881	-0.0982112489	-0.0354365466	0.023824061	-0.0718169167	0.0749225786	0.0824770792	-0.0523509681	-0.1245541332	-0.0711423498	0.0026450626	0.0104509515	0.0619921513	0.0751417841	-0.1906900512	-0.0374406668	0.2480700713	0.0439560403	0.0870482942	-0.0823506659	-0.0868874241	-0.0637839938	-0.0072407319	0.047037218	-0.0983741075	-0.0979833055	-0.1275842249	0.0107861778	-0.087924038	-0.0254776483	-0.0138835513	-0.0031410532	-0.0244854137	0.1259801528	0.0356099647	-0.0368841199	0.0719169134	0.0341893845	0.1029797289	0.0135675909	0.0978534351	-0.0816148744	0.0644905597	-0.1420431622	0.0817320966	-0.1767439981	-0.0630680587	0.0007804389	-0.0866415066	0.0178552864	0.0250778544	-0.0686434128	-0.0653275982	0.0931458484	-0.0972988938	-0.0482303665	-0.0937794863	0.0804668574	-0.0489484725	-0.1059985022	0.0451589656	0.013185363	-0.1191350201	0.0702279191	0.1580375262	-0.1362721352	-0.0285525097	-0.0578728336	-0.0228146364	0.0878975052	0.0017785467	-0.1508022983	0.1536165941	0.0545705807	-0.0417825783	0.03547667	-0.0686905255	0.0113824279	-0.1583081139	0.1124056745	-0.0661536233	-0.0247359403	0.0251043462	-0.0299665893	-0.1131297724	0.0240777751	-0.0393131757	-0.0275800978	-0.0785060569	-0.1002612331	-0.0835982406	0.0133895964	0.0973199194	0.1568116212	0.0657507057	-0.1337359813	0.058764696	0.0010180596	0.0590507079	-0.0458933723	0.0778277847	-0.1237404716	0.1462941622	0.0597602534	-0.0006168333	-0.0014346204	0.0518087567	0.0071748287	-0.1201747086	0.0670801278	0.1382454897	0.0093320908	-0.0593001072	0.0677616559	0.0554536812	-0.0680664159	-0.1186137044	0.00404057	0.01638647	0.0002685163990609	1.63262059249e-05	-0.013635	0.0239860999999999	0.0005753329932099	0.0001859132249999	-0.0499038	-0.0088364	0.00249038925444	7.808196496000002e-05	0.000507972	-0.000220869	4.8783115161000033e-08	2.58035552784e-07	-6.9876e-05	-6.9876e-05	4.8826553760000005e-09	4.8826553760000005e-09	0.000174933	0.00046397	3.0601554489e-08	2.1526816090000005e-07
273.0705205674012	0.3956238441083428	74567.50920295149	0.1565182260270623	292.7017084453646	1.158708067625298	85674.29012683523	1.3426043859799524	185.943152593572	0.2270932299439039	34574.8559964364	0.0515713350863548	187.3260719203639	309.5629880763158	1.350953	26.167328	0.1318881999999999	0.065947	0.0873564759	0.0849805981	0.0649802434	-0.0549310321	-0.205288648	-0.0301339135	-0.0471090317	-0.1412682461	-0.1739151065	-0.1122054542	-0.1120195872	0.1533196848	-0.0386113409	0.0936533723	0.0510087738	0.0048598896	0.0481577671	-0.0883512419	-0.0144797243	-0.0688991105	-0.0980174365	-0.0993817915	-0.1445101333	-0.0177109244	-0.0010899105	-0.1277763803	-0.0089792978	-0.0648864	0.1007207588	0.0793269366	0.0869860095	0.1419216516	0.0016868485	-0.0584461337	-0.114666813	-0.0090940654	-0.0706212051	-0.1362812961	-0.1205065408	-0.1379632077	0.0285609107	-0.0224106948	-0.1270547403	-0.0111986615	-0.1779989176	0.0946519689	-0.1113514954	-0.106394157	-0.0560896259	0.0212517414	-0.1321819103	-0.0603083088	0.1304774441	0.0175108082	-0.022885905	-0.002437765	-0.0493906028	0.150792201	0.0832286581	-0.001895019	0.0447105088	0.0362474359	-0.0041963864	0.0580644907	0.0620227516	0.0690466544	0.0669948759	0.0304326195	0.0225695125	-0.0304949473	0.0405485149	0.1266603714	0.1463222141	-0.065779865	0.0140834867	0.0263568538	-0.1696812344	-0.0707284977	-0.0582685483	0.0253854992	0.0857926265	0.1238715031	0.0685267682	-0.0073220094	0.0033708621	-0.0675220173	-0.0577942688	0.052632505	-0.140984917	0.1169592282	-0.01575909	0.0558923724	-0.0899390336	0.1529680198	0.0978858857	-0.2626340764	-0.0236832514	-0.0703416494	0.119740288	-0.0444655246	-0.0851343805	0.0068240354	-0.0260416154	-0.0125737897	0.0393109434	-0.0993330703	0.0920266181	0.0113270785	-0.0954207457	0.0403576432	-0.1042354072	-0.0830064907	0.0135255494	-0.0512505988	0.0599801411	0.0772817179	0.0774926912	0.0632320077	-0.0483605253	0.1600597164	-0.1097391612	0.0092187045	-0.1899296536	0.0981950064	0.0705388333	-0.030732376	-0.0279571001	0.0787703035	0.123582724	-0.1090714152	-0.0004261544	0.1079797087	0.0165430701	-0.0135169427	0.0474537701	0.0129139738	-0.0635452879	-0.0517312461	-0.0580346243	-0.001395151	0.1935670973	0.0906176227	0.0380064715	0.0530639746	-0.0724057592	-0.1173552296	-0.00141372	-0.00545429	2.9749279404100004e-05	1.9986042384e-06	-0.0543892	-0.0407542	0.0016609048176399	0.00295818507664	-0.0739755	-0.0240717	0.00547237460025	0.00057944674089	0.00111637	0.000608398	3.7014812640400003e-07	1.2462819769e-06	8.99162e-05	0.0001597922	2.553354718084e-08	8.08492302244e-09	-0.000289037	-0.00046397	8.354238736900001e-08	2.1526816090000005e-07
272.60491896674745	-0.4656016006537697	74313.44184486695	0.2167848505313525	292.3912983947037	-0.3104100506608915	85492.67137694066	0.0963543995512972	185.7700663243524	-0.1730862692195955	34510.51754215429	0.0299588565923583	187.1347639701337	311.7516190403996	1.363946	26.41901	0.17439843	0.0918479	0.1179986298	-0.0763274759	0.1212763112	-0.1437546889	0.1141261593	0.0811561038	-0.1507318069	0.1788137187	0.0680110878	-0.10495002	-0.0394477936	-0.0143607504	-0.0763770167	-0.0651664994	-0.0943284364	-0.0901762356	0.0546017774	0.0594498823	0.04964919	-0.0379587474	-0.108130505	0.0859327772	0.1124440466	-0.0732006802	0.0216717218	-0.0301351645	-0.0279399858	0.1058735955	-0.0298199186	-0.0183195608	-0.0180834873	0.1109301062	0.0606019641	-0.0832789097	-0.1116095815	-0.1830874253	0.0202360955	-0.031160568	0.0839529756	0.0064626642	-0.1001576414	-0.0112745103	-0.0539691705	-0.0412385583	-0.0210642243	-0.1074288042	0.0298246944	-0.0359532226	0.0966829404	-0.0218312849	0.1054505124	-0.0706178189	0.024097534	0.0309940747	-0.0896636411	-0.0394562314	0.0790298663	-0.0798433314	-0.0486891433	-0.0768330805	0.0305933258	-0.1388007498	0.0428626717	-0.2028422144	0.0047485029	0.0924490268	-0.0698963279	0.0575216499	-0.0667148464	0.0198397765	0.1531230672	-0.0367506042	-0.1314680959	-0.1035546863	-0.015922505	0.0163536524	0.0099228258	0.0534221407	-0.0236203679	-0.0848448936	-0.0758280794	0.1964224302	0.0624375339	-0.0225621762	0.0348468467	-0.0224860642	-0.0223830722	-0.0640811507	0.1349237492	-0.0430049132	-0.0452957997	-0.0482415781	-0.1344614333	0.0454396463	0.0178344286	0.0297073999	0.0103493922	-0.0845905244	-0.0554242649	-0.0428441448	0.0491730785	0.0560960493	-0.0460886709	-0.0609444551	0.0341988652	0.0350855983	0.0424288214	-0.0163078822	-0.1098273434	0.0024776848	0.0466055185	0.0287300534	0.0149984792	0.0760937689	0.0510822459	-0.2550681806	0.0236902602	-0.1183040752	-0.0291243025	-0.1341996084	-0.0952081787	-0.0997403573	0.0310555556	-0.0344759082	-0.1613479967	0.1702179083	-0.0430076676	0.0122006107	-0.0071581827	-0.1203744128	0.1272290439	0.0177962848	-0.1213001775	0.0669250892	-0.0521311534	-0.0513942078	-0.0351596879	-0.0197032366	0.0947086767	0.0467139744	0.0561799973	-0.0006192356	-0.0383608038	0.0506475487	-0.0765992869	-0.1155651064	0.0116182	0.01303192	0.0001698309388864	0.00013498257124	0.0137402	0.0681293999999999	0.0046416151443599	0.00018879309604	-0.0510852	0.0228903	0.00260969765904	0.00052396583409	0.000479461	-0.000636909	4.05653074281e-07	2.29882850521e-07	4.766990000000001e-23	-8.99162e-05	8.08492302244e-09	2.2724193660100012e-45	0.000391074	0.000680111	1.52938873476e-07	4.625509723209999e-07
272.5363194551021	-0.0685995116453455	74276.04542213347	0.0047058929979798	291.38501773539167	-1.00628065931204	84905.22856065452	1.0126007653054738	185.81007187727872	0.040005552926317	34525.38281103948	0.0016004442649403	187.21809623920248	307.53774924263155	1.305187	25.28087	0.12425118	0.0724086	0.1228204253	-0.1253982663	-0.0554395021	0.0536017356	-0.1497318341	0.142060457	0.120530041	-0.0650697088	0.0351534701	-0.1027338623	-0.201428282	-0.1133928444	0.006125909	-0.0042221004	0.1304060775	0.0420491296	0.0386045042	-0.0021829982	0.0545458407	-0.0077855627	0.0592218707	0.1620619349	-0.1121104413	-0.0095238606	0.0195824029	0.0389635136	-0.0709967283	-0.0802637696	0.1587228245	0.0016993188	-0.1185097465	0.1032938004	0.2888182651	-0.0037131984	-0.0089050095	-0.0299254853	0.0475164336	-0.0044511733	-0.0848111729	0.0689260093	-0.1050799422	-0.0843608678	0.0829380403	0.0379178879	-0.0126366076	-0.0812254992	-0.147256657	0.1141118743	0.0779020046	0.0116083907	-0.1067123015	-0.0016194829	-0.0696970755	-0.0510347583	0.0506102602	0.1187880478	0.0551319295	0.134840763	-0.0992142329	-0.0336661086	-0.0219875923	-0.0041463298	-0.0438235771	0.0665369818	-0.0038925976	0.0838492969	0.120887124	0.0935852885	0.1414336029	-0.0286895926	0.002527924	-0.1582792797	0.1349826804	-0.0266603176	0.0452363592	0.0247765414	-0.0217580892	-0.1229154216	-0.1297324487	-0.0575554438	-0.0768668225	0.0029131256	0.1382611177	-0.077870729	-0.2488093983	0.1409646238	0.0269050788	0.0427245098	0.0063299862	-0.0726525287	-0.121580407	-0.0521723011	-0.0775651052	-0.0433281675	0.097605637	-0.0152420468	-0.0241740519	-0.0595147379	-0.1273608056	0.0352278324	-0.1366727415	-0.0937387739	0.088735604	0.0010227735	-0.0253491661	0.0710815297	-0.0119194228	0.1540473977	-0.050125754	-0.0475038498	0.0389252771	0.0308094276	0.069395019	-0.0526093809	0.0312254359	0.0612923498	-0.010573709	0.0906934991	-0.1604835647	0.0941111703	0.0939522927	-0.1014902082	-0.1143736014	0.1098403546	-0.0611561632	0.0316391007	0.021300588	0.1098593235	-0.0069024563	-0.0115963921	-0.0938646732	0.0485796622	-0.0471344621	0.1201474885	-0.0952184488	-0.2134242629	0.0144701568	0.0204337274	-0.0192464365	-0.002524739	0.1575701699	0.0568526423	-0.017640181	0.0482056202	-0.0806385538	-0.1132514443	0.00969916	-0.00191904	3.682714521600001e-06	9.40737047056e-05	-0.046737	-0.0604772	0.00365749171984	0.002184347169	-0.0687768	-0.0176916	0.00473024821824	0.00031299271056	0.000926993	0.000447532	2.00284891024e-07	8.59316022049e-07	-9.68566e-05	-9.68566e-05	9.38120096356e-09	9.38120096356e-09	5.21958e-05	-0.0003388782	2.72440153764e-09	1.1483843443524e-07
273.14599522393945	0.6096757688373486	74608.73470687635	0.3717045431074122	291.94492884367213	0.5599111082804598	85231.84147753679	0.3135004491758527	185.89227932321697	0.082207445938252	34555.93951198092	0.0067580641676906	187.30016195259148	310.5484758742634	1.276542	24.726034	0.119629725	0.0679787	0.1468006201	0.0198709068	-0.1251590092	-0.0777250339	0.0354263748	-0.0596312329	0.0572201509	0.1107191903	-0.0249517976	-0.1057528237	0.1309561584	-0.1590522528	-0.0706530078	0.1686747388	-0.059365168	-0.0610108383	-0.0539493697	0.0358774251	-0.0541640791	-0.0705693519	0.1482803878	-0.0411734425	0.0966542227	0.0370310002	0.1309907709	-0.1260820925	0.1022227493	0.0128461491	-0.0967892486	-0.0953970849	-0.0885308009	0.0056318399	0.0154302432	0.1607211061	-0.0358605587	0.0077721186	0.0810268076	0.0652254295	-0.0471895818	0.0049817116	0.0526463196	-0.0973397736	0.0987203995	-0.0742764737	-0.0105902153	-0.0269177365	-0.0654371278	0.126538129	-0.006951245	-0.0202344228	-0.0205882006	0.0446905956	-0.0325995133	-0.1768798431	-0.0349451646	0.1897794255	0.0443748332	-0.0115137224	-0.0893426042	0.0390174859	-0.1287284287	-0.0693903533	-0.0503201049	0.027254344	0.0109730006	-0.0230643462	0.0414442699	-0.0359339813	0.0411328943	0.003911449	-0.1343971784	-0.0266565006	-0.1273410172	0.0121506324	0.0372946585	-0.092951251	-0.0802840966	0.1935594158	0.0881868298	-0.0216828197	-0.0304135191	-0.0744429555	-0.0263482473	0.1392982753	-0.0931212172	0.1014867157	0.0082660857	-0.0099789407	-0.0098386522	0.0593003209	-0.0556478169	-0.0400944082	0.0748324041	0.061971621	-0.0734202151	-0.0261559172	-0.0673752286	-0.1180347848	-0.1028841371	0.0409791859	-0.0774522807	-0.0539040801	0.1166730251	-0.0473221363	-0.0696629855	-0.0239062004	-0.1107488348	0.1188420115	0.0113935231	-0.068780407	0.0637870191	0.188393895	0.0641648382	0.1578177497	-0.0449167778	0.0654216853	-0.0255346861	0.0351164241	-0.0317817374	-0.0971370074	0.0860197875	0.0871268678	0.0946187444	-0.1395014708	-0.0457028914	0.1511862862	0.0203542355	-0.0179137422	0.1680042176	-0.1205498108	-0.0138684378	0.0274678275	0.0264963762	-0.0118947451	-0.1037440497	-0.1936914656	0.0072713003	0.0024563198	0.0867801576	-0.0241237948	0.0575600438	-0.0303320199	0.0737609096	0.0457394187	-0.0845154255	-0.1104247249	0.00316831	-0.0065308499999999	4.26520017225e-05	1.00381882561e-05	0.003051	0.049788	0.0024788449439999	9.308601e-06	-0.0383907	0.0303861	0.00147384584649	0.00092331507321	0.000406192	-0.000520801	2.71233681601e-07	1.64991940864e-07	-8.310129999999998e-05	1.3755300000000014e-05	1.892082780900004e-10	6.905826061689997e-09	0.000176135	0.0001239392	3.1023538225e-08	1.536092529664e-08
272.6970649679715	-0.4489302559679231	74363.68924214608	0.2015383747234249	292.140900150847	0.1959713071748865	85346.30554094717	0.0384047532358337	185.9148381001345	0.0225587769175206	34564.32702579922	0.0005088984160144	187.34484025748785	309.3355604839426	1.196003	23.166023	0.0836339679	0.0446313	0.1141153343	0.0894026921	0.0225647863	-0.0436186223	-0.0311392796	-0.0729986066	-0.0317658123	-0.0286352114	-0.0416926726	-0.0367324153	-0.0983172831	0.007700095	-0.0276269129	-0.0495493695	0.0748222497	0.1283110673	-0.0665885362	-0.1098395372	0.1359813041	0.0114305222	-0.0832379775	-0.0873691644	-0.007093562	0.0462637248	-0.048211103	0.1420249532	-0.0187333074	-0.0237236712	-0.0207180301	-0.0171965537	-0.0725076266	0.0056285303	-0.042499853	-0.0586037162	0.1414820337	-0.0349603906	0.0995165435	0.1639533199	-0.01849243	-0.1095257026	0.0828146246	0.0516198325	0.0531135402	0.0364565903	0.1027133914	0.0201226933	-0.0554571068	0.0626002502	-0.0288751464	-0.1042572168	-0.023920431	0.0416107848	0.0618086833	-0.0398966933	0.1561376299	0.123589602	-0.0878528628	-0.0711701957	0.06625666	-0.149480885	0.0513017172	0.1444420624	-0.017645252	-0.186931471	0.0008098331	0.1107782878	-0.0146039579	-0.0377227766	-0.0516244361	-0.0474988551	0.031885874	0.1216411452	0.0298243336	0.0678827865	-0.0228066373	0.0233362825	0.1344236893	-0.0333984976	0.0133094983	-0.0288026178	-0.0363104606	-0.0461394814	-0.0402095109	-0.0563606804	-0.0356923575	0.0559216993	-0.0352066598	0.189886122	0.1174419717	0.0988898387	0.1452034811	0.076089649	0.0505056529	0.0124505593	-0.0284508635	0.0285761314	-0.0683484941	0.100583837	-0.0022668555	0.0882529068	-0.1268122038	-0.0676985268	-0.050709908	0.0004182731	-0.2319799799	0.0041660341	-0.1916358635	-0.0274361729	0.0076129586	-0.1584082548	-0.0095595194	-0.1557076909	-0.0100377074	0.1025455512	-0.0168209831	-0.0692315876	-0.0078759237	0.0474610916	0.1147776128	0.0389681502	-0.0727254841	0.0774243736	-0.0324835458	0.1155684854	0.0819474766	0.083636009	-0.1073829275	0.0680679193	-0.0610885975	0.0254655806	-0.0369135652	0.0387557837	-0.0554111344	0.1033472652	-0.0304398096	-0.1767702289	0.1300962664	-0.0877333019	0.0323325264	-0.0978198953	0.0137529874	-0.1459808646	0.0118864484	0.043250186	-0.0882220943	-0.1070977539	7.15621e-05	-0.0030967479	9.589847556154413e-06	5.121134156409999e-09	-0.0305853	-0.0336363	0.00113140067769	0.00093546057609	-0.0591615	-0.0207708	0.00350008308225	0.0004314261326399	0.00061514	0.000208948	4.365926670400001e-08	3.783972196000001e-07	-0.0	8.310129999999998e-05	6.905826061689997e-09	0.0	-5.44181e-05	-0.0002305531	2.96132960761e-09	5.315473191961001e-08
272.5970450036305	-0.1000199643410155	74309.14894471136	0.010003993266778	292.4216756404434	0.2807754895964081	85510.4363843647	0.0788348755581026	185.9073133439523	-0.0075247561821925	34561.52915476646	5.662195560144432e-05	187.3629599950837	307.442955198862	1.102567	21.356205	0.0651849521	0.0361945	0.0736306645	0.0769327708	0.134541489	-0.0013907865	0.0589673281	-0.0405493508	-0.168954084	-0.0092683374	-0.0332844367	0.0460245042	-0.0374504906	-0.0404463905	0.0309166363	0.1530324095	-0.0432462706	-0.1232493132	-0.1460250256	-0.1077912318	0.008196183	0.0237347105	-0.1048853459	-0.0662538979	0.0755829122	0.1612956292	0.0601118665	-0.0740501339	0.0263047579	-0.0561936158	-0.0020212011	0.0557832307	-0.0100690641	-0.0370829014	-0.0757793341	-0.0177560215	0.2019659579	0.1481494376	0.0924905332	0.0173401576	0.0824770889	0.0248340609	-0.0304125387	0.038762161	-0.0097050233	-0.0225834324	-0.044639687	0.0800030089	0.0268917644	-0.1430423238	0.106578087	0.1396697497	0.0083473731	0.0393484433	-0.0949196287	0.1112036756	0.0548726006	0.0928622162	0.0567767321	-0.1002907859	0.1404669876	-0.0708466676	0.0372340384	-0.0610335253	-0.0924371308	-0.0806206595	-0.0069481019	0.0812889576	0.0843558296	0.0348187099	0.178531606	0.0728071818	0.0718428112	0.0954617975	-0.0659935721	0.1509122667	0.1275223318	-0.033606446	-0.0814529644	0.0064197823	0.0487954196	0.0900951921	0.0258552716	-0.1002626342	-0.133819222	0.017752042	-0.0444373179	-0.0593076687	0.1501511471	0.0429491745	0.0246317425	-0.0129007574	0.115066234	0.058976091	-0.0575945158	-0.0209530015	0.0131350278	-0.0112223407	-0.1698996326	0.0237797208	0.0205148793	-0.0815399653	0.0978834211	0.0027329565	-0.0459049064	0.0358400138	0.0263541096	0.0948596509	-0.0319480106	-0.0481792471	0.0319677412	0.0450188781	-0.0908869142	0.0707553485	-0.0272630056	0.0276470799	0.2250022292	-0.0261297787	0.0259840327	0.0834421011	-0.0997142193	-0.0483827986	-0.1220996556	0.0139596579	0.0040511745	-0.1216425829	-0.0799651813	-0.0043518755	-0.0869173449	0.0057254777	0.1255779306	0.0119177733	-0.1092354326	0.0021338177	0.1557990198	-0.0412284465	0.0438733999	0.0179773167	-0.0381597246	0.0226361145	0.0473194816	-0.0731131519	0.0390226375	0.0399741709	-0.0272825416	0.0407391756	-0.0917510955	-0.1032856033	-0.0158558	-0.0159273621	0.0002536808634645	0.00025140639364	-0.0305521	3.320000000000059e-05	1.1022400000000392e-09	0.0009334308144099	-0.0352548	0.0239066999999999	0.00124290092304	0.0005715303048899	0.000252844	-0.000362296	1.31258391616e-07	6.3930088336e-08	-7.43399e-05	-7.43399e-05	5.5264207320100015e-09	5.5264207320100015e-09	-0.000124136	-6.97179e-05	1.5409746496e-08	4.8605855804100006e-09
272.1070012146532	-0.4900437889772888	74042.2201100313	0.2401429151152176	291.41328255089604	-1.0083930895473827	84921.70124708838	1.0168566230469158	185.612105892488	-0.2952074514643072	34451.85385384417	0.0871474394000513	187.0572421706891	304.17371853603856	1.128088	21.850552	0.059860445	0.0328858	0.036511084	-0.0858418887	0.1519470194	0.1472621101	0.0584159164	0.1341038394	-0.049411569	-0.0276173923	0.0331532017	0.1212206582	0.004685556	-0.0177999802	-0.0861239505	-0.1032405269	-0.0696316775	0.0811014435	-0.0481169253	-0.1042457441	0.014544386	0.0304143873	-0.0843890363	0.0600352826	-0.0234789048	-0.0839031282	-0.0922170645	0.0904783063	0.0877195713	-0.0058793479	-0.0498541682	-0.0381882961	-0.0685987341	-0.0107096968	0.0816585957	-0.0648760778	0.0488343228	0.1986786369	0.0263298079	-0.0129032053	-0.0508375331	-0.1586127498	0.0065347607	0.0339180656	-0.0339360692	0.1242728491	-0.0812301016	0.0043002077	-0.1416307695	-0.0429872548	-0.0303640418	0.1297538272	0.0904140498	0.1292409108	0.0037670733	0.1043363593	0.0929068234	0.0439036204	0.0791782875	-0.0999802406	0.0165289393	0.1900891051	0.0091776707	0.0171328119	0.0834828936	-0.0245156176	0.1078066838	0.0205932172	-0.0253550074	0.0072828602	0.0948798835	-0.0081171657	0.1053613793	-0.0203113256	0.0591748439	-0.0158627185	-0.1043320622	-0.1121525372	0.0952359742	-0.0512753121	0.0444641485	0.0315609776	-0.0231255286	0.0088141196	0.1209816051	0.0001873068	-0.0705845856	-0.0451213376	0.0961443481	0.0965534669	-0.0827139605	0.097747242	0.1170130264	0.0007309143	-0.0153149052	-0.1385706788	-0.0143649125	-0.1777842007	0.047745844	0.1366228355	-0.1224113946	-0.0396553909	0.0658624609	-0.0131210396	-0.0315541461	0.0744379888	0.0167991435	0.113157441	0.0263993686	-0.0571511153	0.1722443895	0.0934493621	0.0027408275	0.0806434614	0.0629168581	0.0084600181	-0.0567610988	-0.0223436656	0.0133201454	0.0081757871	0.0568955754	0.0252550969	-0.0316817377	-0.1075867377	0.0826994415	-0.0310546297	0.0738411295	0.0573224942	-0.0363685105	0.0643822471	-0.1141017545	0.0286361362	0.0987277422	0.009065603	-0.0114149854	0.0536352757	0.0638125399	-0.0100814632	-0.0761887133	-0.1663026852	-0.0397734702	-0.0895712219	0.0581936446	0.0522134696	0.036760893	0.0382076517	-0.0950953223	-0.0990055431	-0.0130249	0.0028308999999999	8.013994809999994e-06	0.00016964802001	-0.0462612	-0.0157091	0.00024677582281	0.00214009862544	-0.059004	-0.0237491999999999	0.003481472016	0.0005640245006399	0.000487696	0.0002348519999999	5.5155461903999994e-08	2.37847388416e-07	-0.0	7.43399e-05	5.5264207320100015e-09	0.0	-8.1903e-05	4.2233e-05	6.708101409000001e-09	1.783626289e-09
272.40736552677055	0.300364312117324	74205.77279323558	0.0902187199937132	291.3046734261908	-0.1086091247052536	84858.41275993966	0.0117959419692413	185.8024227456668	0.1903168531788139	34522.54029815948	0.0362205046038862	187.2182896264586	303.9363462464233	1.040504	20.154076	0.02072465	0.013454	0.0170567256	-0.0688378762	-0.0179178884	0.1891449195	0.0432165162	0.0644300862	0.0906831614	-0.0080081487	0.0438253044	0.072842875	0.0336225857	0.0558418155	0.1355218172	0.0784812012	-0.0184122392	-0.1249083729	-0.0402346601	-0.0594778984	-0.0239386888	0.1514760853	0.0843540865	0.1155875615	0.0046296387	0.0673222294	-0.0659041039	-0.0432342696	-0.072024731	-0.0731141408	0.1679012176	0.0847770603	0.0112489547	-0.0759137796	0.0046540161	0.132786626	-0.0108895182	0.0896891571	-0.0056928	0.041342827	-0.0116166593	0.117229617	0.1376090183	0.0255673399	-0.1703855336	-0.0019804218	0.0006895303	0.0755480409	-0.1014400767	-0.0344924667	-0.0372526275	-0.0042246838	-0.1228442244	0.1265962323	-0.0391560007	-0.0771968586	0.0324333537	-0.0617658406	0.0736309221	0.1161910066	0.0239456381	-0.03345535	-0.0980006118	-0.0700124052	0.0261112541	0.0244353276	-0.0431464041	-0.0223430886	0.0467147013	-0.1245501527	-0.1039677346	0.0581516571	-0.0289063983	-0.1427215731	0.0126444687	0.0847278335	0.0129197419	0.0539617315	-0.0517526127	-0.1626965277	-0.0637634507	0.1031006836	0.0176331339	-0.0739394517	-0.0484241862	0.0837246773	0.0073868609	0.0968477792	-0.0144325809	-0.0271852141	-0.0895647837	-0.0900425039	-0.0513982963	0.178003375	-0.0201235502	0.0042557254	-0.0855504284	-0.0756655605	-0.0080415545	-0.0111615519	0.0316736205	0.0085934183	-0.0081085524	-0.0229375268	0.1725912436	0.0135210121	0.0364767584	-0.021975922	0.0709585448	0.0150287727	-0.0807670297	-0.1438957907	-0.1393497204	0.1081290255	-0.0408617528	0.0388704751	-0.0466033528	0.1054489478	-0.1037023161	0.08981683	0.1137220946	0.0097390715	0.0994647083	-0.0785838363	-0.0252618049	-0.0055275411	-0.1067887441	-0.0727716326	-0.0736645824	0.0468580099	-0.0532632248	0.0530386773	-0.0808586987	-0.0751619649	0.109596297	0.0187385085	-0.0603971286	-0.1544752648	-0.1449378767	0.0330453555	0.0692594719	-0.0698879051	-0.0510989295	-0.047241853	-0.031387776	0.0356568892	-0.0982480398	-0.094276963	-0.0142793	-0.0012543999999999	1.573519359999998e-06	0.00020389840849	-0.0452178	0.0010433999999999	1.0886835599999995e-06	0.00204464943684	-0.0461887	0.0128153	0.0021333960076899	0.00016423191409	0.000523872	3.6176000000000014e-05	1.308702976000001e-09	2.74441872384e-07	-3.89091e-24	-3.89091e-24	1.5139180628100002e-47	1.5139180628100002e-47	-0.000157958	-7.6055e-05	2.4950729764000004e-08	5.784363025e-09
272.45881109886176	0.051445572091211	74233.80374540524	0.0026466468877919	291.2120531719693	-0.0926202542215151	84804.45991263386	0.008578511492058	185.61945321867933	-0.1829695269874776	34454.581413201486	0.0334778478060212	187.17888899863848	306.3299398034528	1.019567	19.748533	0.01966845	0.00971351	-0.0175062945	0.0776967246	-0.0568984973	0.0811481284	0.0857548081	-0.0778731464	0.0466391988	0.0101649038	0.0513323132	0.0700627894	0.0551029606	-0.0608446868	0.0276176382	0.072896919	-0.0779120906	0.0499918291	0.0134075088	-0.0176624465	0.0872061968	0.0109966087	0.0825714232	-0.1021192251	-0.021374724	-0.0796686833	-0.1092667539	0.063285618	0.201259651	-0.0641919079	-0.0701392763	0.0230829874	0.0024384235	-0.1055498745	0.0028057451	-0.0131191024	0.0550125734	0.0195857885	-0.0925393492	0.0434502657	-0.1243006119	-0.0828434845	-0.1566644822	-0.0427962377	-0.0354070868	0.1141121123	0.0835127183	-0.0333372244	0.1642937202	0.1251833156	-0.029349414	0.1033586943	0.0506809036	0.0651113293	0.0114000894	0.0560392434	0.0899855613	-0.1520360194	-0.0039476215	0.0518528905	-0.1202152758	-0.0833753521	-0.0203117501	-0.1303879244	0.1124438645	-0.087625327	-0.1072019395	0.0828328246	0.0259077386	-0.032598354	-0.021068135	-0.1041706432	-0.12574673	0.0645217245	0.0123373776	0.0091976276	-0.1294633117	-0.1451223844	0.0377161277	-0.0024561503	0.0663369939	0.0285459316	0.0757588328	-0.0528347445	-0.0110319842	-0.1539266427	-0.0148981197	-0.0139303866	-0.113208003	0.0499305979	-0.1200787319	0.0370981838	0.0161739594	-0.1160780427	-0.0525653598	-0.0834197525	-0.0170225541	0.1081221773	0.0475214055	0.0899428027	-0.1025039433	0.1572169333	0.1165444636	0.130284705	-0.0233881306	0.1103989507	0.0867840104	0.0139407664	0.0948553868	0.0462873434	0.0203656544	-0.1755408292	-0.0401925546	-0.0195865587	0.031428765	-0.0809402645	0.0782371982	-0.1446221674	-0.0270937083	0.0228733369	-0.0337888115	-0.0095883513	0.0534770477	0.1167205422	0.1164009748	0.0168033141	-0.0106358529	-0.0330351459	0.0590119055	0.1321531466	-0.0173997866	0.0540495472	-0.0420072154	0.0386956068	0.0643818076	-0.03402306	0.0102099893	0.0419220993	-0.0562547453	-0.0794377062	-0.0277892916	0.1298035333	-0.0597462176	-0.0047600126	-0.015241123	0.0330881723	-0.1012028987	-0.0891212848	-0.0155011	-0.0012218	1.4927952400000009e-06	0.00024028410121	-0.0398795	0.0053383	2.8497446890000044e-05	0.0015903745202499	-0.0492729	-0.0030842	0.00242781867441	9.512289640000014e-06	0.000593276	6.940400000000002e-05	4.816915216000002e-09	3.51976412176e-07	3.13374e-23	3.522831e-23	1.2410338254561e-45	9.820326387600002e-46	-0.000289037	-0.000131079	8.354238736900001e-08	1.7181704241000004e-08
272.5821851435463	0.1233740446845672	74301.04765763057	0.0152211549018295	292.0591289241011	0.8470757521318433	85298.53478790472	0.717537329849728	185.77512156272104	0.1556683440417146	34512.39579164378	0.0242326333366896	187.1993223173476	309.0746866455803	1.026167	19.876373	0.0310757	0.0201899	-0.0770533317	0.1059873811	0.0729281304	0.0059072944	-0.0340862723	-0.0769306643	-0.0578217879	-0.1089635833	-0.0608748148	0.0360683713	0.0288831551	0.1252733701	0.0345193895	0.0309581764	-0.0080705235	0.0621600478	-0.0968247492	-0.0192171007	-0.0860935285	-0.0670648703	-0.0733107499	-0.0964016437	-0.0453906564	-0.0050699526	0.1377917269	0.0526255962	-0.0431712269	0.0043914404	-0.0304193007	-0.0013308747	0.0367960103	0.1213830447	-0.0600814172	-0.1027849483	0.0218121771	-0.0321965568	0.0161234581	0.0527983216	-0.0036333584	0.0450615247	-0.0544172047	0.0081843493	-0.0162885682	0.0284433002	-0.09760576	-0.0153748197	0.0008136573	0.0031816292	-0.0576930571	-0.0339581168	-0.0676050728	-0.0517257956	0.0441993039	-0.0441378185	-0.0406887701	0.0952811568	0.0271406299	0.1223460068	-0.0223907591	0.0354268621	0.0394486311	-0.0257422818	-0.0432980768	-0.0633104464	0.0440935921	-0.1117459386	-0.3319221425	0.0089478611	0.0045872077	-0.0561963116	0.0209925349	0.1181252144	0.0830643563	-0.0482884555	0.1332733641	0.0459716366	0.0283575138	0.0565216376	0.0209129872	-0.0026202767	0.0001472507	0.0435657201	-0.0032325875	-0.0152359758	-0.0297993385	-0.1349110695	0.0042352334	0.0856436493	0.0065171073	-0.0679018341	-0.0052349217	-0.0061565867	-0.0221487362	0.104825414	0.0694994702	-0.068047525	0.0177139781	-0.0505849747	0.0203083244	0.036380528	0.0077519375	-0.0342378393	0.0135094948	-0.1083489824	-0.0199140241	0.0509167909	0.0596450281	0.1376795788	-0.111314085	0.0734300138	0.0544411369	-0.0269251884	0.0105421892	0.0369968846	-0.088417784	-0.1127940467	0.129276657	-0.0752268018	0.0948385982	0.0740913116	-0.0976537428	0.0497322755	-0.0413899	-0.0196068424	0.0984736636	-0.0873024599	-0.0617867627	0.0377887587	-0.0071224009	-0.0566667669	-0.0436010209	-0.0517819533	0.0828099517	0.0479685322	-0.0080238973	0.1533479424	-0.1533883068	0.0556623529	-0.035492854	0.0362406643	0.0021743472	0.0535271739	0.1517804267	0.0305027946	-0.1039539485	-0.0835618648	-0.016792	-0.0012909	1.6664228100000027e-06	0.000281971264	-0.0516492	-0.0117697	0.00013852583809	0.00266763986064	-0.0461599	0.003113	0.00213073636801	9.69076900000003e-06	0.000891318	0.000298042	8.8829033764e-08	7.94447777124e-07	-0.0	-3.13374e-23	9.820326387600002e-46	0.0	-0.000289037	0.0	8.354238736900001e-08	0.0
272.1810480414469	-0.4011371020994261	74082.52291294043	0.1609109746807254	291.1117261511186	-0.947402772982514	84746.03710268387	0.8975720142549567	185.7493295989711	-0.0257919637499526	34502.8134464672	0.0006652253940788	187.1598545894809	308.9741252719916	1.132096	21.928185	0.131959595	0.0917777	-0.1301931807	-0.0818590493	0.1105406019	0.0035354927	0.1655753723	0.0815100984	-0.078764746	0.0957822716	0.0925059495	0.1388552435	0.0305148112	0.1147968749	-0.0594157559	-0.1499026185	-0.0736906217	-0.0035378785	0.0695698648	-0.0390635827	-0.0120870797	-0.0331755302	-0.0775624687	0.0993239521	0.1197171303	0.0097870609	-0.0419317871	0.0454638053	0.0381338239	-0.0095548226	-0.0645580108	0.0626925398	-0.0656985911	-0.0759793113	0.0430404164	0.0403338982	-0.0435875819	-0.131744578	0.0464250672	0.0124547999	-0.0256333014	-0.0756698175	0.0920530688	0.1024212724	-0.135597459	0.0844963361	0.1917689265	-0.0841499341	-0.0163795617	-0.0186329751	-0.0495613404	0.1146399196	-0.029733689	0.1298354745	0.0395472672	-0.0036682278	-0.0288691603	-0.0982862613	0.0313940224	0.031160289	-0.0022769937	-0.0538469341	-0.1030981556	0.1792945923	0.0851933156	-0.0131485335	0.0018474262	-0.0656686542	-0.1216668443	-0.0845607609	0.0260134736	-0.0256109106	0.1164521411	-0.0583343476	-0.0954603188	0.0239824592	0.0066356272	-0.0684742624	0.077783659	0.0001501815	0.0589261375	-0.0268479666	-0.0333650679	0.1113675403	-0.0158964096	-0.0392899192	0.0704809593	0.1308453621	-0.1300011921	-0.067942909	0.0079386665	-0.0204613042	0.1111351421	0.1117444347	-0.0137811561	-0.1201145204	-0.0405530119	-0.0631329218	0.0228434487	0.1216697059	-0.0039719791	0.1265345853	0.0604718388	-0.0350543136	0.1003170387	0.0902634923	0.1231334026	0.0054299578	0.0487571802	0.0173767178	0.015048991	-0.0598497179	0.0318733691	-0.0139122434	-0.0918694009	-0.0817392295	-0.1464814295	0.0516501436	-0.0598822113	-0.0203269929	0.1136053983	-0.1222253013	-0.0436477535	-0.1017361955	0.0650756806	-0.0392193418	0.0929419003	-0.0356931556	-0.0092988393	0.0101731004	-0.1038572312	-0.0002202837	0.1421886897	0.0557287123	0.0037619514	-0.1120904771	0.0465446553	0.1238385986	-0.0678847921	-0.1362801813	-0.1197406547	-0.11768946	-0.121188632	0.0105270062	-0.0210556935	0.0279020578	-0.1064956489	-0.0776238888	-0.0167887	3.300000000001218e-06	1.0890000000008045e-11	0.00028186044769	0.0304025	0.0820517	0.00673248147289	0.0009243120062499	-0.0360794	0.0100805	0.0013017231043599	0.0001016164802499	0.000314177	-0.000577141	3.33091733881e-07	9.870718732900001e-08	-0.0	0.0	0.0	0.0	-6.96961e-05	0.0002193409	4.85754635521e-09	4.8110430412810014e-08
272.23487380704245	0.0538257655955476	74111.82651673633	0.0028972130419468	290.97788743287816	-0.1338387182404403	84668.13097490072	0.0179128025002439	185.6868573612745	-0.0624722376965962	34479.6089967063	0.00390278048282	187.1336871907704	307.502185775209	1.211986	23.475605	0.164470495	0.107938	-0.1367540739	-0.0835695322	-0.0841573195	0.1236099373	-0.0735447677	0.0825623875	0.135243308	-0.0891855079	0.0390077879	0.0887163622	-0.1084328382	0.0744043751	0.0863750774	-0.0559495372	0.042327652	-0.1020648225	0.1067753733	-0.0453482757	0.0283470174	-0.0425149289	0.0943136252	0.1254291896	-0.0998446082	0.0613160988	-0.0442764563	0.0622060965	-0.0256617054	-0.2624656107	0.0788641538	0.0063957963	0.0957632471	-0.0272872565	0.1137619192	-0.0726948589	-0.0799988512	-0.0881999096	0.0038586551	0.0176062842	0.0673185304	-0.0029790083	0.0320156724	0.2110558925	-0.0984196142	0.1237917721	-0.0344459743	-0.0666554444	-0.0157411341	-0.020924302	-0.0194781847	-0.118839982	0.0009654026	-0.0832485375	-0.0744411523	0.0583640082	0.0408419677	-0.1367471336	0.1097369008	-0.1696879058	-0.0322415532	-0.0849644515	0.0515238696	0.0126234179	-0.0448868076	0.0140987194	0.1746045699	-0.0790689052	0.1039736203	0.0553045472	0.0156339339	0.0312939705	-0.0522983107	-0.1397187254	0.1336825071	0.0927396732	0.0628116337	0.0044512547	0.0037042464	-0.2005284137	0.0184980552	-0.1472893368	0.051205336	-0.036771413	0.0783836765	-0.0857102864	0.0771249111	0.0864808327	-0.076701816	-0.0192427074	-0.0077929021	-0.1357575835	0.0378667863	0.1124235648	-0.117765695	0.0428899708	0.0585503504	-0.006735671	0.1806880171	0.0686002204	0.027924332	-0.0709565348	0.0713370236	-0.0680660396	-0.0059659396	-0.0333896607	-0.0586535458	0.0157771493	-0.0033261115	-0.2723563058	-0.0883269984	-0.0308775877	0.0892272399	0.0307329325	0.0730512495	0.0515798656	0.0482000101	-0.0563258274	-0.0829601337	-0.1386808033	-0.0633937882	0.0951509347	0.1291660944	-0.0617733257	-0.1104218894	-0.0276718946	-0.0293003039	-0.1623027226	-0.084793405	0.0481238754	-0.1384284998	0.0413842988	-0.0465264615	-0.1170423199	-0.0681299112	-0.0116200697	-0.0187847984	0.0486698757	-0.0190711661	0.004791056	-0.0490256686	-0.0908176226	-0.0028636231	0.0404585021	-0.0122915998	0.0252872714	-0.1088228812	-0.0713342571	-0.029134	-0.0123453	0.00015240643209	0.000848789956	-0.0648196	-0.0952221	0.00906724832841	0.00420158054416	-0.0460648	-0.0099854	0.00212196579904	9.970821316000012e-05	0.00103319	0.000719013	5.16979694169e-07	1.0674815761e-06	5.293960000000001e-23	5.293960000000001e-23	2.802601248160001e-45	2.802601248160001e-45	-0.000289037	-0.0002193409	8.354238736900001e-08	4.8110430412810014e-08
272.3350494090733	0.1001756020308448	74166.3791366424	0.0100351512422422	290.8132636639295	-0.1646237689486724	84572.35432286617	0.0271009853028659	185.60905462169936	-0.0778027395751337	34450.721157560976	0.006053266285396	187.06546435819024	308.6700738898804	1.219612	23.623323	0.16386285	0.105391	-0.1148793722	0.0401032396	-0.0940260178	-0.0277439878	0.1146703907	-0.0995602317	0.0308627543	0.081065515	0.0808824899	0.0910794155	0.1229710226	-0.0602842796	-0.0101324853	0.1268261531	0.0030820977	-0.092297555	0.1044644397	0.0443531187	0.0351237651	-0.0291431337	0.1116963955	-0.0632415877	0.0421621646	-0.0967626172	0.0251703924	-0.014373541	0.1347297687	0.0511810308	0.0107111096	0.1273704197	0.1252603218	-0.1318915646	0.0535916563	0.0469223016	0.0295134833	-0.0235642257	0.0421190722	-0.1651457191	-0.0572153223	0.0394129848	-0.091653353	0.072497832	-0.0896609893	-0.019941365	0.0523585956	-0.0389542993	0.1206391772	0.0739384231	0.0506793187	-0.0291922437	0.043350516	0.1450804922	0.0066464592	0.0003826174	-0.1249423532	0.1099293504	-0.017970075	0.0755041617	0.0587245148	-0.0235701539	0.115960234	0.0047764147	-0.1642546877	-0.083039864	0.1078325393	0.0817396327	0.0950467005	0.0711718239	0.0142881192	-0.0027876084	-0.1181112002	0.0177321867	-0.0800262979	-0.0680552191	-0.0426954651	-0.1286769311	-0.0084393795	0.0786319352	-0.0361126385	0.0523453855	0.1622555904	-0.0180367071	-0.0474880977	-0.1041115237	0.0497786194	0.1551397277	0.0735841102	-0.1358081576	-0.0564027818	-0.0569451694	0.0803668919	-0.0342362586	-0.1098052082	0.0487315284	-0.0359864411	0.0730235026	0.0616637506	0.0224595183	-0.0221181947	0.0104097732	0.0045338458	0.1853998555	0.0156831062	-0.0015940812	0.0672284966	0.0462316583	-0.1435862113	0.0974695012	-0.168483188	0.1320447676	-0.0802061038	-0.0751169299	0.048666077	0.1159623203	0.0793078203	0.0479381689	-0.0323891908	0.0649173501	-0.0827319958	-0.1438289547	0.0679440861	0.1164491207	0.0402134338	-0.0807947996	0.0576350702	-0.1418513182	0.1437174559	0.069882826	0.1014776107	-0.0173028563	0.0701800251	-0.0270064256	-0.0662558989	-0.1539156346	-0.1046384227	0.0616110565	0.071771361	0.041911691	-0.1054417905	0.0281555909	-0.0652260775	0.1128891201	0.0198969235	0.0226597522	-0.1109309587	-0.0647214634	-0.0222674	0.0068666	4.7150195560000005e-05	0.00049583710276	0.0288019	0.0936215	0.0087649852622499	0.0008295494436099	-0.0175382	0.0285266	0.00030758845924	0.00081376690756	0.00051733	-0.00051586	2.6611153960000004e-07	2.676303289e-07	-0.0	-5.293960000000001e-23	2.802601248160001e-45	0.0	-0.000107934	0.000181103	1.1649748356e-08	3.2798296609e-08
272.3088331096222	-0.0262162994511072	74152.10058952407	0.0006872943569101	290.98733179954536	0.1740681356158688	84673.62726781871	0.0302997158367845	185.68283468345416	0.0737800617548032	34478.11509608297	0.0054434975125425	187.102329840618	307.9955800473375	1.203929	23.31954	0.16960835	0.100602	-0.1180184402	0.1032380483	0.0070940188	-0.019387051	-0.1504246162	-0.078225039	-0.0210864502	-0.1315982743	0.0171107718	0.0472155703	-0.0575540689	0.0015420558	-0.0429936333	-0.1261452845	0.144342626	-0.0375572183	0.0056060894	0.1081901153	0.0913007431	-0.1704058052	-0.0407833929	-0.1381013495	-0.0818135804	-0.0613813318	0.0577093158	0.0336772155	-0.1528261134	-0.05335243	-0.010084258	0.0674992178	-0.072497621	-0.0353189617	0.0704649802	0.1172576627	0.0471371669	-0.04394907	0.00044881	-0.0742280342	0.1087473757	-0.1449105228	0.0832573561	-0.1166744002	-0.0981520568	0.1119886369	0.181688322	0.1059697413	0.1171552549	0.0327418371	0.1193699849	-0.0524940335	0.1042303205	0.0122248236	-0.0453528394	0.0919172053	-0.0947950287	-0.0338336079	0.1100331128	-0.0910300217	0.1301824315	0.0838018798	-0.0046735515	0.0159182484	-0.0081251091	0.1283015674	-0.0435305234	-0.0740954059	-0.0608145213	-0.0088522941	-0.121594923	-0.085410535	-0.0290214092	0.1372119098	0.1047628292	-0.0921378955	0.0621354119	0.1079077471	0.0208225152	-0.0803590872	0.0275811347	0.0201509417	0.0107255241	0.0009467078	0.0427867239	0.0460475366	-0.0483193038	0.1286826512	-0.0318159208	-0.1499379506	0.1542358745	0.2062126249	0.0326171207	0.1348137315	-0.0270326683	-0.0344044373	-0.0954103614	0.1189356998	0.0487823929	0.170642812	0.0007270695	-0.0066207468	0.0248612937	0.1152951377	-0.0135875569	-0.0051244434	0.036489891	0.0548044268	0.0444518157	-0.0535860658	0.0529370641	0.0865268285	0.0596971597	0.0738671152	0.0159368531	-0.085897706	0.0353730398	0.0264249144	0.1398742782	-0.0477998253	0.0717573628	0.0915128904	-0.0906013849	0.0941817166	-0.0983624245	-0.0738642002	0.0442279629	-0.0399973801	-0.0138377486	-0.0959302537	-0.1384403394	0.0632652435	-0.0683096391	-0.099877181	-0.2208825683	0.1095494915	-0.0623953489	0.066451738	0.1381207756	-0.0064769884	1.23158e-05	0.0596217909	-0.0076789708	-0.0397934492	0.0432551017	0.020020823	-0.112815636	-0.0578154653	-0.0167869	0.0054804999999999	3.0035880249999992e-05	0.00028180001161	-0.0503254	-0.0791273	0.0062611296052899	0.00253264588516	-0.0511776	-0.0336394	0.0026191467417599	0.00113160923236	0.00130186	0.00078453	6.154873209e-07	1.6948394596e-06	-2.30905e-23	-2.30905e-23	5.3317119025000014e-46	5.3317119025000014e-46	-0.000350627	-0.000242693	1.22939293129e-07	5.8899892249e-08
272.6629270342433	0.354093924621111	74345.07177888109	0.125382507453581	292.0803180905337	1.0929862909883354	85310.91221586734	1.1946190322884382	185.8342174809437	0.1513827974895321	34534.35638675468	0.0229167513757566	187.18103918739104	309.9137806952818	1.155867	22.388603	0.08885711	0.0589124	-0.1119487271	0.0157213238	0.0927868017	-0.1108354858	-0.0144783605	0.0203613641	-0.1581685301	-0.0026389513	0.0522426326	-0.0419375517	0.1396929319	-0.0961556039	0.1215943007	0.1512407243	0.0630229452	-0.1081159888	0.0519651855	-0.0643161954	0.0629715948	-0.0056551114	-0.0901423077	-0.0063127974	0.1355134123	0.090243259	-0.0742883002	-0.1724876783	-0.0717548158	-0.0051835164	-0.1435089568	-0.0555083861	0.0237427133	-0.0802431155	0.0607540688	0.0593186154	0.085012481	0.0380601272	-0.0838712429	0.1410860107	0.0650559648	-0.0712951602	-0.0821669554	-0.0234104254	-0.020084574	-0.0487558904	-0.1126782706	0.1641608993	-0.136121282	0.0550431428	0.0508663705	-0.1201044782	-0.0426174157	0.092503339	0.036614548	0.0211403017	0.1545801285	-0.1691121631	-0.1525024836	0.1756374797	-0.0537031153	0.1256881047	-0.0110530673	-0.0983636224	-0.0634070105	0.146445337	0.040192178	0.0556144682	-0.0499921014	-0.0608287892	-0.0226092694	-0.0187175254	0.1051414589	0.0237405502	-0.1847688849	0.1015287628	-0.0716995613	0.0973351324	-0.109739772	0.0382639569	0.129330386	0.1101259519	0.0504074484	-0.1685025945	0.0408540637	0.1085324625	-0.0230333778	-0.0234023134	-0.0915421019	0.0796780513	0.0366454167	0.0202928526	-0.0229207306	-0.0393580583	-0.0526687303	0.0822038116	-0.0919356583	-0.0483377392	0.0037087446	0.0469159894	-0.104108061	-0.1385057161	-0.0451608498	0.0091461453	0.0388148761	0.1478486595	-0.0879247343	-0.193408717	0.2369805446	0.1109957268	-0.0176752085	0.0149149129	-0.1163285425	-0.0226912468	0.0642011706	-0.0038517755	0.0661400136	0.1446737947	0.0125844876	-0.09407815	-0.0170427645	-0.0535034882	-0.1163258954	-0.0273400083	0.1216858014	0.0287417789	-0.0515621049	-0.167520999	-0.026582764	0.0097121744	0.1429954108	0.024417598	-0.0207067885	-0.0807378049	0.1428878715	-0.1499264269	-0.0787661639	0.0209810392	0.2070173268	0.1311936265	0.0368379492	0.0074401878	0.0125443027	-0.0331976818	-0.0813523412	0.0173718128	-0.1144731177	-0.0506475487	-0.019475	-0.0026880999999999	7.225881609999994e-06	0.000379275625	0.00162606	0.05195146	0.0026989541961315	2.6440711236e-06	-0.0426373	0.0085402999999999	0.00181793935129	7.29367240899999e-05	0.000911891	-0.000389969	1.52075820961e-07	8.31545195881e-07	-0.0	2.30905e-23	5.3317119025000014e-46	0.0	-0.000227051	0.000123576	5.1552156601e-08	1.5271027776e-08
272.4430404976348	-0.2198865366084987	74225.21031559588	0.0483500889816806	291.11990628901106	-0.960411801522639	84750.79983772257	0.922390828503961	185.70154948928229	-0.1326679916614068	34485.065482720354	0.0176007960114711	187.0994209700609	309.4607536140692	1.14719	22.220543	0.0260995299999999	0.0167273	-0.0696534807	-0.1462483149	0.0334158612	0.0038357592	-0.0380210872	0.1458714141	0.0152342223	-0.0076118381	0.0622656751	0.1165222764	-0.0069761488	-0.087611259	-0.1443659274	0.0615351848	0.083193364	0.0513884646	0.0107234727	0.1237741191	0.1056994818	-0.0793664624	-0.0286472187	0.1192465535	-0.0034666352	-0.0845157114	-0.0586586335	0.1556469453	0.1297330506	0.019156069	0.0962114766	0.080051163	-0.0644321842	0.0376096713	-0.0243341426	0.0086399466	0.0563607976	0.1216298126	0.0491482791	0.1328625495	-0.0479971003	-0.0568082171	0.0543627091	-0.0768554596	0.0357795943	-0.0584434217	0.022099329	0.0611404991	-0.0958092279	-0.1248242347	-0.0096654904	-0.0132996261	0.0477318663	-0.0471709112	0.0507143833	0.0139324911	0.047735991	-0.0499150935	-0.0586373714	0.0294869062	0.1127016905	0.1391891019	-0.0382456714	-0.0173732869	0.1906618899	0.0558357182	-0.0950920967	0.0017335099	0.1117049279	0.0821500468	-0.0003170669	-0.0185813695	0.0671419451	-0.0828770898	0.0521223069	-0.0595649094	-0.0522707855	-0.1405447027	0.1261686158	-0.0572192702	-0.0985555922	0.0614935746	0.0066715951	0.0059698796	-0.0652166765	0.0071207912	-0.0443616763	0.0470674388	0.0408221326	0.186352497	-0.0037650825	0.0593021051	0.0026989183	-0.0096702575	0.0310739378	-0.0817437366	-0.0853756129	-0.0260051363	-0.0912257739	0.015071339	0.0411159508	-0.0762290426	-0.0526785422	-0.0721004949	-0.0685244935	0.0202308875	-0.010960709	-0.0932174641	0.1033169578	-0.1330041147	0.1325050107	0.0044331517	-0.1606775916	0.090399074	0.1057757164	-0.0653729986	-0.0613474589	0.0166492652	0.0593916531	0.0086635266	0.02076786	-0.0290788252	0.0285877325	-0.0956636961	0.0121030636	-0.107727886	0.1210309256	0.0391048039	0.0967579839	0.0351060641	-0.1261183169	0.1008054367	-0.0409846051	-0.0209542082	-0.0441092953	-0.0149797371	0.0174373116	0.0743557903	0.2245570266	0.0142641169	0.1466751243	0.052093039	-0.0379034623	0.1149199702	0.0278634338	0.0147140554	-0.1159000657	-0.043250186	-0.016792	0.0026829999999999	7.198488999999989e-06	0.000281971264	0.00550929	0.00388323	1.50794752329e-05	3.03522763041e-05	-0.0438856	-0.0012482999999999	0.0019259458873599	1.5582528899999847e-06	0.000608177	-0.0003037139999999	9.224219379599999e-08	3.69879263329e-07	-0.0	0.0	0.0	0.0	-0.000289037	-6.198600000000001e-05	8.354238736900001e-08	3.8422641960000015e-09
272.8517772616092	0.4087367639743888	74448.09235481879	0.1670657422242552	291.20257469672526	0.082668407714209	84798.93951000186	0.0068340656340026	185.8886500831053	0.1871005938230041	34554.59022971916	0.0350066322089207	187.2400842729525	309.2533711007429	1.163185	22.530359	0.090622205	0.0547568	0.0192634172	-0.0522059037	-0.1339306743	-0.0039200349	-0.0621975159	0.0265978537	0.1349075485	0.0320024196	0.0030752615	-0.0878922195	0.0389026542	0.0861327116	0.0108707422	0.0543659763	-0.0061596931	-0.168941256	-0.0368349846	-0.0768935006	0.0725903891	0.0543848103	0.1227721668	0.069233001	-0.0803565798	0.0239808413	-0.0542185121	-0.0210641097	-0.1166440234	-0.0430338336	-0.1302556007	0.0079516203	-0.0297476913	0.1040566651	-0.0704318376	0.1264501595	-0.0009228447	0.047676977	-0.2142840957	0.1139385759	-0.1487182313	0.0937996881	-0.042839272	0.008422679	-0.0566800943	0.205898414	-0.1717752848	-0.0227028143	0.1023017514	0.062793925	-0.0235189162	0.101063966	-0.0532259432	-0.194380921	0.0323364566	0.0733231071	-0.1688851907	0.0598313033	0.051875938	0.1194592396	0.0663862905	0.0574296	0.0203261299	-0.0060898896	0.1012177853	-0.0685269649	0.0964608269	-0.0102478552	-0.0889446967	0.1281554112	-0.0342761109	-0.1203130308	-0.061728448	-0.144775891	0.0038393383	0.021112658	-0.0583900974	0.1771073559	-0.0466122757	0.007701574	0.1251089537	0.0717675973	-0.0006898895	-0.0336575181	-0.0202275186	0.0717259362	-0.1762100223	-0.0737062425	-0.2199040551	0.1082199948	-0.2011402279	-0.0376777927	-0.1019382138	0.0459719305	0.0778653722	0.0320082497	0.1556971551	0.0225814776	0.1026872608	0.0079002046	-0.0038718506	0.0699542546	0.0111060882	0.0106916388	-0.1592777874	-0.1518967978	0.1615577911	0.0982992779	0.0692382422	-0.0063391946	-0.0136053637	0.1559263298	-0.0314092015	0.0419959397	0.0362861442	-0.0460429291	-0.0290271582	-0.0593021817	0.0266543742	0.0790074192	-0.0111844211	0.025071616	0.1339257069	-0.0339512331	0.0229182151	0.0423879879	0.0180421316	-0.1403529007	-0.2274313743	-0.0418646357	0.1124006282	0.0573913752	-0.0260568409	-0.0296538939	0.0606160476	-0.1328804263	-0.1028524084	0.1081246356	0.0585192991	-0.0238137229	-0.0220474007	0.0838963591	-0.0792773046	-0.014365431	-0.0766422736	0.012048889	-0.1170936064	-0.0356568892	-0.0277206	-0.0109286	0.00011943429796	0.00076843166436	-0.0400752	-0.04558449	0.00207794572856	0.00160602165504	-0.0490733	-0.0051877	0.00240818877289	2.691223129000004e-05	0.00105136	0.000443183	1.964111714890001e-07	1.1053578496000002e-06	6.67873e-05	6.67873e-05	4.46054344129e-09	4.46054344129e-09	-0.000357495	-6.845799999999997e-05	1.27802675025e-07	4.686497763999997e-09
272.7461274865097	-0.1056497750994935	74390.45005888739	0.0111618749785735	291.3931023334271	0.1905276367018586	84909.94008749913	0.0363007803471954	185.77855280723844	-0.110097275866849	34513.67068315188	0.012121410153301	187.1971958902787	309.16912867073773	1.080534	20.929443	0.119015365	0.0763246999999999	0.0816919316	0.029288828	-0.1000384628	-0.0629245724	0.0394642109	-0.0772255997	0.0594787922	0.0947303551	0.0600116895	-0.0524973798	-0.0264097514	-0.0619710736	-0.0855067845	0.0282118324	-0.0774328118	0.0143578588	0.1513277558	0.0109160167	0.1141661182	-0.0219298435	0.0849207903	-0.0708644927	0.0510579497	-0.0539057822	0.0304938619	0.0715226661	0.1881359272	0.0478311353	-0.0328613488	0.0020500959	-0.0384819088	-0.0023822078	0.0909319595	0.0488576354	0.0106504684	-0.0924262392	-0.0614378739	-0.0741982609	-0.0378532614	0.1725652475	-0.091843109	-0.1061741972	0.0048270961	-0.0932817129	-0.0294189891	-0.0218923936	-0.0559699168	0.0237124694	0.0948309179	0.0007442064	-0.0283928543	-0.0647123809	0.141518955	0.0772776851	-0.0179396725	0.0506244508	-0.0068208162	-0.0602576737	-0.012798588	0.0386574049	-0.0684044649	-0.1393874716	0.2087562822	-0.0460229247	0.1488977152	-0.0503472942	0.0133698049	-0.1050241515	-0.0247045302	0.1129609825	-0.0987442876	0.0238349226	-0.0918014922	-0.0797357176	-0.0329271974	-0.1373964827	0.0480104888	0.102156486	-0.0491951783	-0.0424336657	0.0427308924	0.0285976713	-0.0472527189	-0.1199245232	-0.1349098404	0.0459802603	-0.0611575241	-0.081823961	-0.0406349718	-0.0799735089	-0.1490592194	-0.0118642263	-0.0469060582	-0.0814930625	0.0229876646	-0.0619875557	-0.0916306505	-0.0698116433	-0.0339730846	-0.0059567151	-0.1665798175	0.0576316526	-0.1941871864	0.1003202973	0.0570543231	-0.0091954176	0.0481011099	-0.0202461322	0.0781204275	0.0193315801	-0.0546532451	0.1225538583	0.0170978345	0.0567030407	-0.0393562768	-0.1589697922	0.001852044	-0.0409227056	0.0060717262	-0.0932657659	0.0637191758	0.1061746116	-0.0126508169	0.0145969161	-0.0237316866	0.0513128462	0.0983044944	0.1514321259	0.0465936903	0.0584298332	0.104569867	0.0213184703	-0.0248840452	-0.0091656198	-0.065100187	0.1033356834	0.0643649017	-0.056756195	-0.04905015	-0.0003465788	-0.0965231097	0.0632476186	-0.0246431981	0.0093776556	-0.1180513362	-0.0279020578	-0.019464	0.0082566	6.817144356000004e-05	0.0003788472959999	0.0226392	0.0627144	0.00393309596736	0.00051253337664	-0.0425145	0.0065588	0.0018074827102499	4.301785744000005e-05	0.000356894	-0.000694466	4.822830251560001e-07	1.27373327236e-07	-0.0	-6.67873e-05	4.46054344129e-09	0.0	-0.000289037	6.845799999999997e-05	8.354238736900001e-08	4.686497763999997e-09
273.1077315011724	0.3616040146627028	74587.83300571647	0.1307574634201842	292.4032519066531	1.0101495732259878	85499.66172558564	1.0204021602886453	185.80285723502857	0.0243044277901276	34522.70175670041	0.0005907052102055	187.1404313062215	310.07819071490763	1.111832	21.535669	0.16757315	0.10035	0.1181438906	0.1151232628	-0.0155451689	-0.1031603189	-0.168830522	-0.0827109511	-0.0236741981	-0.0583363753	-0.1135951376	-0.1560908874	-0.0082698168	0.0788874536	-0.1032569399	-0.0169560166	0.016269998	-0.0042443865	-0.0282696085	-0.0091159491	0.2069871221	-0.0614735567	-0.0631705997	-0.0863875796	-0.0680366413	-0.0255294293	0.0183221043	-0.045844752	-0.086999383	-0.0602619796	-0.0256004041	0.0137978627	0.0573748337	0.0776155977	-0.0174620893	-0.0999716322	0.0523118061	-0.054878989	0.0406952144	-0.0198133055	-0.0246684619	-0.1368687703	-0.1923808821	-0.0833054233	-0.0357785733	-0.0418686984	-0.0229978952	0.0856913095	0.0343977115	0.1471563636	0.0521160413	-0.0713894684	-0.1476379875	0.1344920064	0.0850014681	0.0925686533	-0.0934544461	0.015579029	0.1804238332	-0.2571589028	-0.0191656814	-0.0534994726	-0.0713204226	0.0867022327	-0.0238593908	-0.064211557	-0.0077076496	-0.1773219156	-0.0185460217	0.00284996	-0.04089098	0.0536615332	0.0235633023	0.0900854953	0.0277871517	-0.0706389491	-0.0128400678	0.1364483105	-0.0548360657	-0.0115846465	0.0139165212	-0.0392930723	0.0656525857	-0.0017937839	-0.0311362154	-0.0757204101	-0.0260642229	-0.0399419344	-0.0194943019	0.1070979748	0.0361041765	0.1423438323	0.0071984666	-0.0325697875	-0.2003727494	0.1093786256	0.007083731	-0.0058722921	0.0081687809	-0.0059722754	-0.0590131519	0.0366802415	-0.1395018138	0.1830720177	0.0540967735	0.1141951593	-0.0863540681	0.1756136398	-0.050206191	-0.1351705792	0.0004072803	-1.62907e-05	0.2362894371	0.12554603	-0.1512361654	0.0607534527	-0.0585469207	-0.0509316482	-0.0417999608	-0.0376910315	0.0721887732	0.0995022544	-0.0778512763	0.0939076693	-0.0319316262	0.051127549	0.1401968305	0.0570383723	-0.1544121874	0.0251923287	0.0822336306	0.0293133013	-0.0749987101	0.0246795989	-0.0366117711	0.0117353811	-0.1714106637	-0.0241482437	0.059479154	0.0528726032	-0.0301962148	0.0738079778	-0.0598248835	-0.0890116862	0.010986082	0.0067017003	-0.1187713263	-0.020020823	-0.0167549	0.0027090999999999	7.339222809999994e-06	0.0002807266740099	-0.0583582	-0.0809974	0.0065605788067599	0.00340567950724	-0.0789281	-0.0364136	0.00622964496961	0.00132595026496	0.00104344	0.000686546	4.713454101160002e-07	1.0887670336000002e-06	0.00014083	0.00014083	1.98330889e-08	1.98330889e-08	-0.000410722	-0.0001216849999999	1.68692561284e-07	1.4807239224999989e-08
273.2035666225802	0.0958351214077879	74640.1888152986	0.0091843704952454	293.07167639969464	0.6684244930415275	85891.00750772734	0.446791302897823	185.91502687331985	0.1121696382912773	34564.39721730724	0.0125820277543959	187.23760876830545	313.3087858176911	1.204952	23.339354	0.182649035	0.113112	0.1210743228	-0.058333943	0.0742600755	-0.1797139342	0.0810903125	0.0568843228	-0.1443136193	0.1649440701	0.032681175	-0.1729199341	-0.0706517329	-0.0038934216	0.0505544722	-0.0727429106	-0.0165096116	-0.0196052438	0.0939034974	0.0735229696	0.0762935914	-0.0139095703	-0.0915967441	0.0684252355	0.1253119639	0.0522527736	-0.0375294257	-0.1233884495	-0.0796833583	0.0985233165	-0.0259695537	-0.0733868774	0.0024742668	0.0586362639	-0.0129354313	0.0083067278	0.0011217162	-0.225800521	0.0624092912	-0.0088674598	-0.0473403557	-0.0335104824	-0.1250531461	0.0313329987	-0.0434127026	0.0022834057	0.0466891657	0.0287028391	0.0360321208	-0.0309508899	0.1757262259	0.1531097898	-0.1448799122	-0.0201475554	0.037606874	-0.2081851519	-0.1376540966	-0.0853801155	-0.0173699443	-0.0133224753	0.2319464558	-0.1041804821	0.0731840637	-0.0400898715	0.070044855	0.1290654006	0.0924269447	-0.0630796505	0.1730863586	-0.0799581696	0.1555830354	-0.0430170171	0.1395314404	-0.0317679984	-0.2099471479	-0.0254287231	-0.0534857064	0.0860881187	-0.1155471277	0.0580982054	-0.062570123	-0.1049283681	-0.0500208621	0.1122605072	-0.0502125041	-0.0406311602	0.0018550138	0.0707296002	-0.0996251216	-0.032020318	0.0609993958	0.0313243795	0.0012700604	0.0489290363	-0.1105287024	0.061424453	0.1621225973	-0.0014415721	-0.1660247824	-0.0053971438	-0.0969039358	0.1205226965	0.0138599004	0.060014593	0.0617284271	-0.0597411941	0.0308586873	-0.1415140149	-0.1579499046	-0.2183044145	-0.1887882733	0.0707987869	-0.085504295	0.0133223559	0.015960321	-0.146815821	-0.0168248571	0.1172339118	0.1288236363	0.0693752952	0.0663967984	-0.1332304442	-0.0774145354	-0.0831399847	-0.0803742528	0.0515668738	-0.1202892705	0.0735587623	-0.0689737208	0.0987137751	0.042608057	0.0244850727	0.1602320408	0.0498892765	-0.1127431712	0.0037216192	0.0126632166	0.0091160409	0.0729138691	0.0438022201	-0.1064657362	-0.0197506092	-0.0712211957	-0.051494278	0.0671942354	0.0040223704	-0.1192521267	-0.012048889	-0.0167899	-3.500000000000031e-05	1.2250000000000215e-09	0.00028190074201	0.0374497	0.0958079	0.00917915370241	0.00140248003009	-0.0550418	0.0238863	0.00302959974724	0.00057055532769	0.000246161	-0.000797279	6.356538038410002e-07	6.0595237921e-08	-0.0	-0.00014083	1.98330889e-08	0.0	-9.04343e-05	0.0003202876999999	8.17836261649e-09	1.0258421077128997e-07
273.5053903586377	0.3018237360575426	74805.1985552308	0.0910975676477331	292.9121148025133	-0.1595615971813231	85797.50699808075	0.0254599032950548	185.8955343368701	-0.0194925364497464	34557.14968639045	0.0003799589772446	187.2645376154948	312.9521586547557	1.18622	22.97653	0.178657285	0.12005	0.1261598814	-0.1591799294	-0.0519983711	-0.0536696955	-0.0828711976	0.135243835	0.0657391509	0.0119321293	-0.0691878663	-0.1927543443	0.0057564204	-0.1493675422	0.0162309393	0.0313123304	0.1151853754	0.0831612053	0.0327846294	0.0592872425	-0.07686753	-0.0456758264	0.0197780195	0.1609815864	-0.0936222734	-0.0275166729	-0.052674805	0.0018721295	-0.1076781624	0.1078700659	0.1558807386	-0.0887351136	0.0232663708	-0.0088898613	-0.0511048458	0.0605504235	0.1015833169	0.0508270851	0.0150285133	0.1374173473	-0.1002687848	-0.0364250913	0.0981115514	-0.0050935385	0.0633081542	-0.0455427387	-0.0150510524	0.0749509531	0.0483312762	0.0438794982	0.2707662575	-0.06913346	0.0225256681	0.0697737	0.0637535228	0.029808435	-0.0322276692	0.0485686366	0.0686844655	-0.0740519797	0.0504817504	0.002489512	0.081629881	-0.1029145453	-0.0017013584	-0.1294837658	0.1056398502	0.0349712712	-0.0616606928	0.09921636	0.0396313608	0.1353355499	0.0486791031	-0.1456959703	0.0753788752	-0.020883857	-0.0923201186	0.0876332516	0.0065934186	-0.0291979339	-0.1750388098	0.0049573921	-0.0579414354	-0.0672428431	-0.0587028047	0.0474579307	-0.0088338718	0.0181457295	0.0079518526	0.0620474573	-0.0470423175	0.0491895196	0.0973649451	0.1290737194	0.1442215964	0.0482366865	-0.040035531	0.1353153512	-0.1652845537	-0.0318991744	-0.0809885265	-0.1297830233	-0.088853434	0.2027856163	0.0182270508	-0.0091082683	-0.0380230925	0.055932737	-0.0577858632	0.0075625153	-0.0442996966	0.091348618	-0.0227161614	0.0432752337	0.0405463505	0.0466855032	0.1185376274	-0.2366050504	-0.0132776321	-0.1054539071	-0.0605722743	0.0801950763	0.0900303775	-0.0996767306	0.0220376102	0.0022662316	0.0430365686	0.0939960573	-0.0523518412	0.1245636057	0.0575999009	0.1290923202	-0.1223963604	-0.015639292	-0.1086146415	0.1517359042	-0.0951203032	0.007668851	0.0500509998	0.2019379781	-0.0320207009	-0.0307360511	-0.049922157	0.0733498614	-0.0247790544	0.0013410152	-0.1194927693	-0.0040223704	-0.0215067	-0.0047168	2.2248202240000003e-05	0.00046253814489	-0.0702035	-0.1076532	0.01158921147024	0.00492853141225	-0.0768149	-0.0217731	0.00590052886201	0.00047406788361	0.000937842	0.000691681	4.78422605761e-07	8.795476169640001e-07	-0.0	0.0	0.0	0.0	-0.000289037	-0.0001986027	8.354238736900001e-08	3.944303244729e-08
273.4368962136341	-0.0684941450036262	74767.7362109457	0.0046914478997777	292.7325451898311	-0.1795696126822008	85692.34301331651	0.0322452457988356	185.86242009276413	-0.0331142441059739	34544.83920273913	0.00109655316271	187.227158553092	313.47401443731195	1.145515	22.188095	0.18728734	0.119635	0.1334848055	-0.0407525132	-0.1171317482	-0.1120729558	0.1257318179	-0.0420335381	0.0577041296	0.241730031	-0.0793013817	-0.1017499154	-0.0307255232	-0.0236398498	0.0235657154	0.0749726108	0.063650926	-0.0524831099	-0.0666106457	0.0171041201	-0.0460841968	-0.0758129041	0.1449288295	0.0517171771	0.1656779328	0.0044911173	0.1663224672	-0.0181345823	-0.0524951023	0.0513809465	-0.0253061715	0.1438110846	-0.0224908609	-0.0029307431	-0.0833796122	0.1625159916	0.02885205	0.0539583633	0.132551551	0.130893629	-0.0800183766	0.0706477699	-0.0371014771	0.0374947151	-0.0462600989	0.0432586813	-0.0191286419	0.0519124249	0.077369581	-0.1074283892	-0.011330813	0.0195491767	-0.1295096588	0.0984452451	-0.0115109673	0.0989544088	-0.0481993752	-0.0486834981	-0.0147669893	0.0296531269	-0.083438212	0.1113085748	-0.0220663111	0.0599719658	-0.0383890755	0.0541290461	-0.0272825279	0.1622758572	-0.0454721653	0.0576303171	0.0224984006	-0.0522238819	-0.0798650092	-0.1222558792	-0.1904341339	-0.0525509803	0.1684044041	0.0281462805	-0.0039539551	0.0923215525	0.0211301727	0.1437082507	0.0235947025	0.0342580212	-0.1714537885	0.0642366024	-0.029173705	0.1506115919	0.0120409454	0.1134147713	-0.0952822057	-0.0703719905	0.0272005825	0.0675024901	0.0048725711	-0.0156573136	0.0952569347	0.0296812623	-0.0582988986	0.052175981	0.128936615	0.0125404337	-0.0257637682	0.0676820148	0.0643197258	0.0524145422	0.0675748088	0.0726070091	0.0991808714	0.0627616864	0.1082120578	0.0219302655	0.069030707	-0.0825439864	0.0082529469	-0.0219184568	0.0482138376	0.0606279967	0.0450281172	0.0452095772	0.0092910204	-0.145074091	0.1021925696	0.0053820558	-0.0761444199	-0.0127147669	0.0281077693	0.0345004328	-0.1655628347	-0.0223874448	0.1695953686	0.0504765988	0.0985397113	0.0627031767	0.0737092157	0.0112016696	0.0985596571	0.1354744532	0.2247682449	0.0997142019	-0.0595558466	0.039252419	-0.0686174111	0.0153717137	0.0251919978	-0.0013410152	-0.1194927693	0.0040223704	-0.0222051	-0.0006983999999999	4.877625599999977e-07	0.0004930664660099	0.0321313	0.1023348	0.01047241129104	0.00103242043969	-0.0451266	0.0316883	0.00203641002756	0.00100414835689	0.000154661	-0.000783181	6.13372478761e-07	2.3920024921e-08	-7.435219999999998e-05	-7.435219999999998e-05	5.528249644839997e-09	5.528249644839997e-09	-9.52534e-05	0.0001937836	9.073210211560002e-09	3.7552083628960015e-08
272.9507877617679	-0.4861084518661869	74502.13253976968	0.2363014269757409	292.4359645959422	-0.2965805938889048	85518.79338915917	0.0879600486714954	185.9032858036542	0.040865710890074	34560.031672595134	0.0016700063265511	187.424912386698	309.2796286811547	1.128251	21.853697	0.18247399	0.117068	0.0985528137	0.0561161972	-0.0745077199	0.0273808173	0.0255501303	-0.0863063292	0.0593660257	-0.0173860229	-0.0498433514	-0.0838591684	-0.0456078491	-0.1728729569	-0.0200628026	-0.1017501683	0.0417600751	0.0353441662	0.0652063411	0.0508675077	0.0100422904	0.0068442846	0.0629580406	-0.1056507844	-0.0406161893	0.0247488948	-0.0306969847	-0.0912283385	0.1126028703	0.1743856025	0.0952488474	0.0673038685	-0.0128244095	0.0173619491	-0.0586443951	-0.0479625635	0.0233835337	0.0056703334	0.0424004852	-0.0423962845	-0.0316385034	-0.0092583469	0.0657647485	0.0868279855	0.0397142984	0.1961170091	-0.0167081536	-0.0095416235	0.0475252288	0.1338472396	-0.041618384	0.0512196314	0.1232975415	0.0693057373	0.0966762515	0.0485349301	0.0221334735	0.0298542546	-0.0426461146	-0.0047751653	0.1049822335	-0.0996246461	-0.1323098454	0.1026804547	-0.0498135896	0.1414840266	-0.0455416809	0.0122261191	-0.101576677	0.0006641315	-0.0128498942	0.1687925964	-0.1146349455	0.0749655536	0.0008395029	0.028872724	-0.0802183699	-0.0839170251	-0.0904789081	0.0582415156	-0.1596281813	0.0695388339	-0.0746488928	0.1200070336	-0.08756506	-0.0377332511	0.023555858	-0.039147149	0.0502977247	0.0364123526	-0.0062411185	-0.0083852607	0.0891219135	0.0069880109	0.1280013651	-0.0239781475	0.0369049085	-0.0586594885	0.1588490705	0.1388268001	-0.1101368789	0.0651308635	0.0248089959	0.1080444602	-0.0976120621	-0.0240155886	-0.0347194383	0.0595616152	-0.0772511171	0.0760580086	0.0211929833	-0.0178785881	-0.0633998272	-0.0515642951	-0.1192173294	-0.0425622431	0.0130732023	0.1509092585	0.0230142953	-0.2340613565	0.0713511488	0.0711522778	0.0758100204	0.1310707949	0.0227742929	0.0061087082	-0.0340294879	0.0568185392	-0.0011134066	0.1256295307	0.0422629373	0.1820556564	0.1046185804	-0.0290095836	-0.0779645028	0.1536483096	0.0719763012	0.1262230381	0.0465167257	0.0035605151	-0.04869148	0.0224295129	-0.0300193501	0.0083217077	-0.112527247	-0.0040223704	-0.1192521267	0.012048889	-0.0256808	-0.0034757	1.2080490490000012e-05	0.00065950348864	-0.0701682	-0.1022995	0.01046518770025	0.00492357629124	-0.0722291999999999	-0.0271025999999998	0.0052170573326399	0.0007345509267599	0.000878449	0.000723788	5.238690689439999e-07	7.71672645601e-07	3.13375e-23	7.435219999999998e-05	5.528249644839997e-09	9.820389062500002e-46	-0.000289037	-0.0001937836	8.354238736900001e-08	3.7552083628960015e-08
272.70043166194097	-0.2503560998269449	74365.52542860893	0.0626781767205592	292.28859831193535	-0.1473662840068641	85432.62470315589	0.0217168216619917	185.7984715555837	-0.1048142480705109	34521.07203239104	0.0109860265985866	187.18189192549107	306.4362775325272	1.107624	21.454172	0.1758739	0.109473	0.0725556985	0.1050844841	0.0931776241	0.0359864456	0.1399630948	-0.0936945185	-0.1092200662	0.0401668881	-0.0282787866	0.0142980621	0.0588029527	-0.0214555905	-0.0466084488	0.0371190253	0.1823137974	0.0311699588	-0.0505031777	0.0224880714	-0.1960063369	0.0862237698	-0.0824038077	-0.0744279738	0.058256123	-0.0712492469	0.1271707233	0.0174032098	-0.0012728663	0.0919452705	0.0612305858	-0.0531541286	0.058172219	-0.1261598349	-0.0695628163	0.0802708693	-0.0554189681	-0.0013459666	-0.0560623511	-0.0765591564	0.0160451345	0.096695647	-0.0775147043	0.0609248975	-0.0880448919	0.1089598308	0.0358381982	0.0159058306	-0.0319522716	0.054815081	-0.1309564329	-0.0250858905	0.0507449697	-0.1374994609	0.0398744993	0.0590895248	0.0038143499	-0.0491720021	-0.0875303484	-0.0816413523	-0.082023751	0.0279567893	-0.1379611878	0.1088493637	-0.1115886753	0.004025368	0.0670050304	0.0586549768	-0.0408881063	-0.0275344291	-0.0236676274	0.149023772	0.0495550104	0.0971005837	-0.0386647181	-0.1278210283	0.0864262758	-0.0158188358	0.0292975828	0.0980047383	-0.0767462734	0.0463067113	-0.0064289044	-0.0878931613	-0.0362491782	0.0192154288	0.108123669	-0.0094853317	-0.0211098349	-0.1333424458	-0.1144396548	-0.0537268109	-0.0533167565	0.0075010065	-0.0345826353	0.0047772915	-0.00660767	-0.0136313695	0.1037453532	0.0956801058	0.0137243803	0.0492194897	-0.0219111286	-0.0067404059	-0.0483059658	-0.1365577445	0.0569140032	-0.0246396199	0.0117176896	0.0571309459	0.1451982656	-0.0517734212	0.0249228383	-0.1413256001	-0.1574329881	0.0933949202	0.0057773393	0.0256477402	-0.0165048433	-0.1774339078	-0.0946833486	-0.1074537052	-0.0998555969	0.0618885029	-0.0741651818	-0.0428837982	0.1496520563	-0.0054986592	0.0180046162	-0.0036080318	0.1200153287	0.0781035936	0.0750547113	-0.0693964623	0.062818138	0.1318752924	-0.0105113414	0.0200793367	-0.0534555884	0.1146735183	-0.0255622715	0.0176227754	-0.1544941562	0.0578338581	-0.0267434423	-0.0067017003	-0.1187713263	0.020020823	-0.0201626	0.0055182	3.045053124000001e-05	0.0004065304387599	0.0216122	0.0917804	0.00842364182416	0.00046708718884	-0.0367838	0.0354453999999999	0.00135304794244	0.0012563763811599	0.000184745	-0.000693704	4.812252396160001e-07	3.4130715025e-08	-0.0	-3.13375e-23	9.820389062500002e-46	0.0	-0.000120143	0.000168894	1.4434340449e-08	2.8525183236e-08
272.7020982674176	0.0016666054766574	74366.4343994523	2.777573814824517e-06	292.19438084502247	-0.0942174669128803	85377.55619740603	0.0088769310714797	185.8580841984172	0.0596126428335139	34543.22746190594	0.0035536671855961	187.26861721097288	305.9663700065492	1.174208	22.743868	0.1777911	0.103899	0.0192901387	-0.0696751315	0.0982237094	0.1631003027	-0.0097465484	0.1326413514	-0.0011699719	-0.0698051887	-0.0458978272	0.0682649037	0.0566819439	-0.034115213	-0.0678683185	-0.1807823254	-0.0646131101	-0.0145494262	-0.1583968031	0.0620158207	-0.1147558465	0.0945339222	-0.0406775768	0.0861760283	-0.0607849324	-0.0156344679	0.0058509127	-0.0310246536	-0.0414180025	-0.0121469581	0.0504591972	0.0598119149	-0.1427692795	-0.0600072487	0.1435452504	-0.0371936563	-0.0840861778	-0.0461301762	0.0173036003	-0.1192156577	0.0377208292	-0.1233640602	-0.0758810526	0.0077979164	-0.0081444463	0.0082906189	-0.0144206441	-0.0607488051	0.0049088383	-0.0132103928	0.0200015962	-0.1032418114	0.1155710949	0.0322723221	-0.0861899424	0.037649497	-0.0266925897	0.0295538051	-0.0720993789	-0.0360559812	0.0609006781	0.0890210366	0.0158845017	0.0730102809	0.0098011921	-0.0541387298	0.0011727185	0.0573007719	-0.1516252342	0.0797221986	-0.0888788436	0.1659685755	0.065183785	-0.0515370207	0.0723014255	-0.009785252	0.0089300536	-0.0073373021	-0.0350741688	-0.0582415227	-0.0058814918	0.0516655974	-0.1340410769	0.0460809482	0.1260713801	-0.0748082405	0.0264992608	0.1191749862	0.0391866482	-0.0971111959	0.0519118168	0.081063174	0.0496662848	-0.0957957251	-0.100240445	-0.0222624585	0.0152451272	0.0072817811	0.1129767542	0.0153263446	0.0013367105	-0.0990126198	0.01749012	0.0232260121	0.0037089463	0.0310861418	-0.0263824759	-0.0216010959	-0.0445673	0.0899428734	0.098564081	0.1292285307	-0.0514190821	-0.0578679116	-0.0227569554	0.0391211838	0.0281648574	-0.0350793804	-0.0298982464	-0.165796226	0.034074791	0.0855903862	-0.0040464369	-0.1045815355	0.0473958692	-0.1656889813	0.035517523	0.0809742376	-0.0105302405	-0.013210308	-0.0566608484	0.1471669277	-0.0326609693	0.0711586654	0.0867923166	-0.0207411449	0.1691778057	-0.0072711986	-0.0391201748	-0.0148037711	-0.0317600618	-0.0114066883	-0.0944135292	-0.0199492692	-0.0268129319	-0.0093776556	-0.1180513362	0.0279020578	-0.0223965	-0.0022339	4.990309210000002e-06	0.00050160321225	-0.0587737	-0.0803859	0.00646189291881	0.00345434781169	-0.0822403	-0.0454565	0.00676346694409	0.00206629339225	0.000865537	0.0006807919999999	4.6347774726400005e-07	7.491542983689999e-07	0.000144609	0.000144609	2.0911762881e-08	2.0911762881e-08	-0.000289038	-0.0001688949999999	8.3542965444e-08	2.8525521024999985e-08
273.0457968352174	0.3436985677997768	74554.00716937882	0.1181287055076177	292.3108781946298	0.1164973496073571	85445.64951091571	0.0135716324655387	185.9414067758306	0.0833225774133836	34574.206753774895	0.0069426519068093	187.32540982322143	309.5353741620637	1.099001	21.287138	0.0737729	0.043828	-0.0224133964	0.0011629917	-0.1079401757	0.0819382844	0.046753404	-0.0334125672	0.1230106101	0.0361310474	-0.124626486	0.0221252099	0.173362651	0.1351929885	0.1348627192	-0.0997860257	-0.0320013812	0.0473160868	-0.0759089042	-0.0922934537	-0.0777536982	-0.0327037139	0.1234426636	0.0158566432	-0.054927096	0.0669409766	0.0262562152	-0.0115523748	-0.005631928	0.0384012077	-0.0399664906	-0.0894652253	0.0265682356	0.0672305453	-0.2671694155	-0.1292491556	-0.1241315465	0.0308996042	-0.0669672224	-0.1691805454	0.051249174	0.0254835222	0.0082716793	0.0888978218	0.0981751571	-0.0032464997	0.038083899	0.1083181749	-0.0324187796	-0.1242516539	0.1111960621	0.0380259038	-0.0246633477	0.2513695542	-0.0680657732	0.0776002658	-0.1037323455	0.0542717648	-0.0342523976	0.0829048753	-0.0686303845	-0.0095103891	-0.120029791	0.1223788374	0.174286457	-0.0145068879	0.0124705415	-0.1052442028	0.0143004584	0.0432654826	-0.0658402062	-0.1233457793	-0.0957112128	-0.080595383	0.0428170042	0.0402825478	0.0259618062	0.0752341891	0.0227768971	0.0658336524	0.0340848352	-0.0345477363	-0.0310210081	0.1051554631	-0.1001706306	0.0261624327	0.1621432646	-0.2795434007	0.0948062762	-0.1156184732	-0.105388016	0.0472713462	-0.0594534755	0.0215175764	-0.0184523009	0.0654701837	0.0782117839	-0.0652300917	-0.1086206327	0.1168975466	0.0438257466	-0.1442876502	0.0124919581	0.034529511	0.1029117439	0.1989931812	0.0134257488	0.0488510699	-0.14276207	0.0303683291	0.0064030573	-0.0374666799	-0.0142459442	0.0405153218	0.1128195056	-0.0295294197	-0.1963399115	0.0314696416	-0.0085302615	0.0190101295	-0.0033316201	0.0148878992	0.1217465905	0.0040640904	0.0286549182	-0.0190964334	0.063196395	-0.0574050067	-0.1007983695	-0.0822663371	0.0060339187	-0.1523145538	0.0270707361	0.0196945422	0.0525107237	-0.0105042898	0.1702066028	-0.0154923469	-0.0200994086	0.1490633976	0.1005676505	0.0258247275	0.0320108256	-0.064061038	0.0563611125	-0.012048889	-0.1170936064	0.0356568892	-0.016792	0.0056044999999999	3.141042024999998e-05	0.000281971264	-0.0206622	0.0381115	0.00145248643225	0.0004269265088399	-0.065762	0.0164783	0.004324640644	0.00027153437089	0.0007385739999999	-0.000126963	1.6119603369025386e-08	5.454915534758523e-07	-0.0	-0.000144609	2.0911762881e-08	0.0	-0.000289038	0.0	8.3542965444e-08	0.0
272.5250106202858	-0.5207862149316043	74269.88141358689	0.2712182816627871	292.4352869386831	0.1244087440532553	85518.3970469099	0.0154775355969083	185.64329734095963	-0.2981094348709519	34463.43384762395	0.0888692351590783	187.1747313631008	309.8282048609088	1.118102	21.65711	0.00403195	0.00406254	-0.0888059737	0.0922846681	0.0049935354	0.0143178323	0.1535573212	-0.1081325343	-0.0446483213	0.0537547248	-0.0202777664	0.135289599	-0.0401401197	-0.0185668606	0.0894909014	-0.1568876674	-0.1386476249	0.1095944468	-0.0443490443	0.0235866055	0.0051314174	0.0917294992	-0.0135751344	-0.1207993654	0.1962973641	-0.0012496266	-0.2360391335	0.1050787562	-0.0841355663	-0.0385985991	0.0565776339	-0.0225381316	0.0445867597	0.0705543956	-0.037698474	-0.038802979	-0.2379809388	0.0189033333	0.1354014137	0.0844665086	0.1069334258	0.0503115782	-0.0094258963	-0.0224038757	0.0078203624	-0.0696153846	0.0129438195	-0.0208369081	0.0565847866	0.0578307859	0.0179552228	0.0170269595	-0.0242525543	0.1220102294	-0.1277678951	-0.0570313692	0.024406511	0.0808799724	-0.0373673396	0.0891720876	0.0223484809	0.0347306909	-0.0442159476	0.0555575321	0.0749535598	-0.0878205598	-0.1245258661	0.1142462177	0.0067263959	0.1454084862	-0.0514429921	0.0524029284	-0.0413873667	0.1222348536	-0.1456166691	0.0906691178	-0.0559178119	-0.0089014499	0.1781953351	-0.2222987485	-0.0006012388	-0.0355653089	-0.0681833508	0.1233091792	0.0262289985	0.1310760727	0.1770325327	-0.0114734942	0.0579195521	0.0855637492	0.0384757508	-0.0706081697	-0.0780069417	0.0098409967	-0.0509415141	0.0303690145	0.0299687992	0.0255857055	-0.0316711405	-0.132727945	-0.0366177324	0.087602335	0.0401716758	0.0325823932	0.1273497752	0.0689576339	-0.067319813	0.1068899857	-0.0616734009	0.1335531863	0.0946517117	-0.0152058632	-0.1368807159	-0.0325305493	-0.0191476348	-0.0677986432	-0.0409803106	-0.0680177603	0.0387640645	0.0091680337	-0.0619385523	-0.0474941054	-0.0409092644	0.098388546	0.1258613895	0.0493436438	-0.0856849841	0.0031381845	-0.0531787907	-0.0192818992	-0.2284889474	0.061098117	-0.0760886387	0.0600141372	0.0796528166	0.0217578447	0.1253338744	0.0282616061	0.0314528631	-0.0164302035	0.047316158	-0.1608601653	0.0496579442	0.0554747193	0.0679061002	-0.0147140554	-0.1159000657	0.043250186	-0.016792	0.0	0.0	0.000281971264	-0.0206439	1.8299999999998876e-05	3.3488999999995876e-10	0.0004261706072099	-0.0657978	-3.5800000000002496e-05	0.00432935048484	1.2816400000001786e-09	0.000659017	-7.95569999999e-05	6.329316248984087e-09	4.343034062890001e-07	-2.6469800000000003e-23	-2.6469800000000003e-23	7.006503120400002e-46	7.006503120400002e-46	-0.000289038	0.0	8.3542965444e-08	0.0
272.5946127581121	0.0696021378262798	74307.82290474507	0.0048444575899884	292.7986944994215	0.3634075607384375	85731.07550056557	0.1320650552018611	185.7250558168212	0.0817584758615623	34493.79635816135	0.0066844483752056	187.242075865622	309.6187189277399	1.24986	24.209206	0.072134	0.0421551	-0.0909946307	0.0911800765	0.0745842603	-0.0045467628	-0.1346115307	-0.0372672763	-0.0600788646	-0.1640003037	-0.1498658116	0.0212945294	-0.0576584492	0.1436985852	0.0494635355	0.092531212	0.0228706333	0.0012781292	0.028870117	-0.0530710535	-0.0371465345	-0.0547012353	-0.0870526432	-0.0620866779	-0.1031633559	-0.0193590295	0.1629891765	-0.0674957442	-0.0257225961	-0.1351878683	0.0112313402	0.1265654814	0.0585152486	0.0314053566	0.0977170843	0.0394881001	0.069839556	-0.0418113563	-0.0410955726	0.0767789182	0.0588443927	-0.0582397344	0.0219950773	0.0731723451	0.1095215382	-0.0119264119	-0.0169793853	0.0807131167	0.1047053847	-0.1696172414	0.0679816375	0.0261705518	-0.0861173414	0.0116203551	-0.042782925	-0.0115050863	0.161621683	0.0501660373	0.0225157191	0.0729436226	-0.1184875253	-0.0898562049	-0.1876660774	0.0170627762	0.155107534	-0.1405606138	-0.0950183314	0.0826871531	0.0239297458	-0.0472470695	0.0835297372	-0.0659344289	0.0317471837	0.1030900715	0.1639176908	-0.017378646	0.1709508941	-0.0395031333	-0.1099231648	-0.0215757725	0.0377575535	0.052896467	0.084775138	0.0099093808	0.0769345735	-0.0224311007	-0.0373713498	0.0253546225	-0.0972944734	0.0543910295	0.0880837014	-0.0780212979	0.0629383518	0.0368068984	0.031234747	0.0510293487	0.1936140937	0.0515486921	-0.2213146929	0.0523549693	0.11103983	-0.0424653092	0.0791655793	0.0130617512	0.045188273	0.0736874493	-0.0810324343	0.0457812227	0.0835772886	0.1097390599	0.1201982868	-0.1678882175	-0.0685263794	0.0051914616	-0.1019941644	-0.0779283636	-0.0667550394	-0.1120395275	0.0307530604	0.0206467007	-0.0803271679	0.1284527349	-0.1077162313	0.0008853836	-0.1642202297	0.0310813759	0.0693097334	-0.1730610757	0.041327042	0.0315376602	0.0824483938	-0.0745187767	-0.0195489605	0.0709533017	0.0239436956	-0.087181602	0.1164468481	0.05963592	-0.1080420313	-0.0494831493	0.0021953465	-0.0612408163	0.0330788119	0.1330221991	-0.0110268377	-0.0173718128	-0.1144731177	0.0506475487	-0.0167827	9.30000000000028e-06	8.649000000000521e-11	0.00028165901929	-0.0409623	-0.0203184	0.00041283737856	0.00167791002129	-0.0833263999999999	-0.0175285999999998	0.0069432889369599	0.0003072518179599	0.00120997	0.000550953	3.035492082090001e-07	1.4640274009000002e-06	-0.0	2.6469800000000003e-23	7.006503120400002e-46	0.0	-0.000423639	-0.000134601	1.79470002321e-07	1.8117429201000012e-08
272.3072353896321	-0.2873773684799516	74151.23044554451	0.0825857519144619	291.9761581194335	-0.822536379988037	85250.07691018442	0.6765660964038244	185.55726937481248	-0.1677864420087189	34431.50021783672	0.0281522901219452	186.9573958813729	311.15107054342815	1.301881	25.216831	0.14631866	0.0844468	-0.0877735677	-0.0605391323	0.1147230708	-0.0785528466	0.1207564398	0.0668142941	-0.1348696485	0.0984698935	0.1024865324	0.0409787052	0.0588137828	-0.0235156907	-0.0008871618	-0.1079918878	-0.0566672848	-0.0581151468	0.016152723	0.0754039277	0.0314093925	-0.0682355487	-0.0862781259	0.0580020304	0.1374338478	-0.0416312221	-0.0624667241	0.061461071	0.0695186722	0.0036179384	-0.1031845586	-0.1102823461	0.0912931773	0.2708833043	0.0024244554	0.016719788	-0.0600097385	0.0408771095	-0.046202035	-0.0893374045	0.1815182792	0.1005238414	0.0531335348	0.034441984	-0.0298312618	0.114893678	0.0443597047	0.0235944852	-0.070154433	-0.0106795294	-0.1540400915	-0.0766884811	-0.086070858	-0.0079688563	-0.1534839385	0.0837887022	-0.1069212143	-0.0298063617	0.1235576976	-0.0259095894	0.070434693	-0.0564810637	-0.0685996093	0.0047237038	-0.0974639906	-0.015136986	-0.0015184365	-0.0099908922	0.049891041	0.0519239007	0.0061175982	-0.1382233436	0.1178628147	-0.0126697997	-0.1110596156	-0.0180618903	-0.0566978304	-0.0583763553	0.1198925661	-0.0171773665	0.0552574884	-0.147058334	0.0632908512	0.1416829127	0.0463967683	0.1819264801	-0.0646691211	-0.1697898081	0.0374966611	-0.0778650872	0.0270431671	-0.1078448303	-0.107603454	0.0475090169	-0.0523354617	0.0480463473	-0.0130308328	0.0025141603	0.171515029	0.1159381883	0.0983299431	-0.0399265036	-0.0554588358	-0.1015718462	0.1064738428	-0.0192469622	-0.0046871962	0.1477489126	-0.0277415633	-0.1317196399	-0.0796162344	-0.0421322636	0.0315309279	0.0192209815	-0.0584909773	0.0363755938	0.0067175295	0.0987667009	0.1509516026	0.0392677351	-0.0349383494	-0.1240672838	-0.095747772	-0.0830085466	0.0902949246	-0.0706837596	-0.1115990456	0.0474476032	-0.0001147947	-0.0797597732	-0.1273606243	-0.0913296302	0.1102770782	-0.1137529276	-0.1290839207	-0.0169629794	0.0221212815	0.0507451076	-0.0947847987	0.0409862936	0.0675929427	0.0083379029	0.0889147757	0.0716701632	-0.029011324	-0.020020823	-0.112815636	0.0578154653	-0.00435059	0.01243211	0.0001545573590521	1.89276333481e-05	0.0259021	0.0668644	0.00447084798736	0.00067091878441	-0.0470544	0.0362719999999998	0.00221411655936	0.0013156579839999	0.000729568	-0.000480402	2.307860816040001e-07	5.32269466624e-07	3.13375e-23	3.13375e-23	9.820389062500002e-46	9.820389062500002e-46	-0.000289038	0.000134601	8.3542965444e-08	1.8117429201000012e-08
272.262220020109	-0.0450153695231279	74126.71645027824	0.0020263834933037	290.95772327981604	-1.0184348396174414	84656.396736174	1.0372095225466036	185.6029650376748	0.0456956628623288	34448.46063077634	0.0020880936044276	187.0688258346933	307.60281975090567	1.166965	22.603577	0.08912071	0.0558806	-0.0977325381	-0.0949624925	-0.0731391597	0.067464979	-0.0384748892	0.1066047069	0.103653161	-0.0471842653	0.1074066219	0.0550678526	-0.0421933991	-0.0065172466	0.1375587223	-0.0141184039	0.1088405738	0.0009097982	-0.0137572843	-0.0581074117	0.0407614565	-0.0149886083	0.0916381286	0.1093391277	-0.0113461109	-0.0792839366	-0.0321912905	0.0034538592	-0.1269782351	-0.1070820996	0.1154362011	0.0175056586	0.0922154588	-0.0667546239	0.1630959217	0.1261367906	-0.0634191976	0.0992848326	-0.0094723351	-0.1044415245	-0.037417036	-0.0494130815	-0.0174777431	0.1332728484	0.099011301	-0.0210501587	-0.0053249992	-0.031528554	0.0822405238	-0.1205680919	0.0397824841	-0.1173964479	-0.0085205933	-0.0906974206	0.0219976701	0.0168158921	-0.0100798099	0.0306721115	-0.0310782689	0.0048835386	-0.0188941261	-0.0067523432	0.0691676742	0.025545213	-0.0465298981	0.1171133193	-0.141231794	0.0770171875	-0.1176771745	-0.1292940952	0.0121987778	0.06128041	-0.0340129089	-0.1369911341	0.0276611002	-0.035967522	0.0026096255	0.0384110521	-0.003578754	-0.1616433759	-0.0276455074	0.0010222941	0.0767026802	-0.092487463	0.1864312733	0.0671355373	0.0192619508	0.1372091056	0.0558564434	-0.0625577177	-0.0884162912	-0.079987342	0.0982571922	-0.0966431942	0.0257641927	0.0089483548	0.120565616	0.0939636881	-0.0038419391	0.0071270955	0.152794445	-0.1007845581	-0.0163306359	0.0089907527	-0.0151218359	-0.0642939569	-0.0255082831	-0.0897007422	0.054740424	0.14254703	-0.0102973585	0.0804737542	0.0843279516	-0.0597839203	-0.0663967749	-0.0581944191	0.0598657379	0.0495935417	0.0138635965	-0.0077877725	0.1353000965	0.0261998705	0.1056025213	-0.0768052867	-0.0510158419	0.0782710799	-0.0444672148	-0.1361340266	0.0144748799	-0.0050056525	-0.0698199456	0.0049784082	-0.073408475	-0.0463261206	-0.0397340244	-0.0134871895	-0.0960331802	0.0165268277	0.0488926211	-0.1355468959	0.0042782851	-0.0912104533	0.0113888082	0.1271933062	0.0238451933	-0.0226597522	-0.1109309587	0.0647214634	-0.0113558	-0.0070052099999999	4.90729671441e-05	0.0001289541936399	-0.0207899	-0.046692	0.002180142864	0.00043221994201	-0.0630108	-0.0159564	0.00397036091664	0.00025460670096	0.00111891	0.000389342	1.515871929640001e-07	1.2519595881000005e-06	5.293960000000001e-23	2.1602100000000007e-23	4.666507244100003e-46	2.802601248160001e-45	-0.000289038	0.0	8.3542965444e-08	0.0
272.9227754730403	0.6605554529313054	74486.84137190758	0.4363335063972819	291.4571941586489	0.4994708788328807	84947.29602683237	0.2494711588020902	185.845027285214	0.2420622475391951	34538.37416664194	0.0585941316837265	187.36218818951585	310.3614029496625	1.066444	20.656521	0.034884875	0.0199393	-0.0742450926	0.0444424342	-0.118793575	-0.0367147165	-0.0314432815	-0.0720822957	0.0697434688	-0.0070157593	0.012656495	0.0232201607	0.1404396574	-0.0793478247	0.0400388516	0.1279701112	-0.0494635276	-0.0773827155	0.0218374515	0.0906743261	0.0280023652	-0.0397131612	0.1098091843	-0.0921449151	0.0036792015	-0.0517010884	0.0240782415	-0.1707242296	0.0756650711	0.0938105651	0.0996875437	-0.0287961488	0.006533619	0.0714162751	-0.0453018343	0.065551473	0.0336921659	0.0698658211	0.1001096362	0.0214789106	0.0927769095	-0.0313864786	-0.0215894305	-0.0425604896	0.0937627527	-0.0921116905	-0.0544177234	0.0061023726	0.0843038078	0.1782317392	0.0309754332	-0.0378834379	0.0773785109	-0.0079644429	-0.0756397074	-0.0674545883	0.0212488177	0.1123401296	-0.013738941	-0.0205306645	0.0090982544	0.030110471	-0.0108480329	0.0085113299	0.0802913028	-0.0880993673	0.0591010501	-0.1090093615	0.0687005	-0.0339836273	-0.1225346262	-0.0274547986	-0.1455962011	0.0323995359	-0.0156657616	-0.061966574	-0.0400659498	-0.0906499889	-0.1575418774	0.0213827859	-0.0973557254	0.0078777547	-0.0243025281	-0.0198561651	-0.055992761	0.1571464114	-0.0303699829	-0.0158384516	0.0994110458	0.0352645018	0.1013635186	0.0343162316	-0.0005862682	-0.076051357	0.0226873717	0.1106147456	-0.038837476	0.1324734676	0.0495704049	-0.0680638688	-0.0955231362	0.0117591671	0.0241114645	0.0170040148	-0.0299620786	0.0287920838	-0.0387301355	0.0738025294	-0.0968569204	-0.0261245646	0.0830462185	0.0216001311	-0.0338770698	0.0676874317	0.0480700943	0.031913929	-0.1178325215	-0.0761489776	-0.0996239701	0.0633625739	-0.0257478943	-0.0155024869	0.0693899928	0.1097601438	0.0347146929	-0.0920707356	-0.1091659385	0.0185459589	0.1921034998	-0.0400957246	0.0023808416	-0.067248282	-0.0459838791	0.0172229242	-0.1065926244	-0.0769397853	-0.0565410163	0.0585359077	-0.0482666663	0.0570521695	0.0326944648	-0.0316640911	0.1412099422	-0.0079866247	-0.0480352943	-0.0252872714	-0.1088228812	0.0713342571	0.000848925	0.012204725	0.0001489553123256	7.206736556250001e-07	-0.0250632	-0.0042733	1.8261092890000007e-05	0.00062816399424	-0.0589359	0.0040749	0.00347344030881	1.6604810010000052e-05	0.000832271	-0.000286639	8.216191632100005e-08	6.926750174409999e-07	-0.0	-5.293960000000001e-23	2.802601248160001e-45	0.0	-0.000289038	0.0	8.3542965444e-08	0.0
273.1588761524588	0.2361006794184845	74615.77162087432	0.05574353082187	292.74523889741846	1.2880447387695426	85699.7748971066	1.6590592490718994	185.99136839757008	0.1463411123560831	34592.78911840063	0.0214157211656157	187.4003784562397	312.1746081842666	1.044308	20.227764	0.076685628	0.0448121	-0.07325087	0.0791211754	0.0142680557	-0.1173076942	-0.1146488817	-0.0578979064	-0.0795621506	-0.0699675811	-0.0740574773	-0.0292111579	0.0104876248	0.0263122688	-0.0041356084	-0.0133409698	-0.0189485784	0.0705649987	-0.1054679772	-0.0457972777	-0.0564412521	-0.1369408336	-0.0576660604	-0.0827309755	-0.0951503805	0.0061119775	0.1635581358	0.0434769799	-0.0207173822	0.1307017658	0.0833719985	0.0565747578	0.1270311785	0.1780884231	0.0581591909	-0.1079383803	0.0365918548	0.0596419014	-0.027131158	-0.2037515193	0.000393142	0.0045582436	0.0935827027	0.0371230086	-0.0052624612	-0.0848429418	0.0064948438	-0.179443804	0.0071155158	0.0551499993	-0.0642510402	0.0351363514	-0.081834576	0.1119986171	-0.0888092644	0.0075362162	0.1057870938	-0.1828346272	-0.043890537	0.0750781792	0.073855815	-0.0040629989	0.1301314835	-0.0324221791	0.0097250069	0.0262706708	0.0040524305	-0.0213520574	-0.0638013186	-0.0239422575	0.0421514814	-0.0448591437	0.0153746467	0.1017870429	0.1009736007	-0.0570152519	0.1047224219	0.046414399	-0.0018113403	0.0932842139	-0.1840965071	0.0315031038	0.0856738991	0.1101613378	0.0674310526	-0.0150327746	-0.1017862777	-0.1449192711	0.1114642573	-0.0753628051	0.013453774	-0.0848257229	0.1097721566	-0.0073891614	0.0238107772	0.0041663174	-0.0068851647	0.0331129329	0.1482760119	-0.1280853422	0.0345176691	0.0992011162	0.0264204875	-0.0731785304	0.1031620527	0.1646662421	-0.0025864186	-0.0351058794	0.0511044437	-0.0742430183	-0.0960512906	0.0289548709	-0.0843648521	-0.0960731806	0.1057330536	-0.0082849152	0.0352902184	0.0514825985	-0.0042788213	0.0957049944	0.1287066033	0.0673092739	-0.1082478905	0.0373355402	0.0012932777	0.0249118838	0.0699762567	0.0351885565	-0.003695829	0.0239371106	4.3826e-05	-0.1590473124	-0.1646279874	0.0485083624	-0.0210041101	0.0817426895	0.0259769498	0.1394053273	-0.0665989811	-0.0588924288	-0.0072543006	0.0843798031	-0.0016871642	0.0723551654	-0.0087120597	-0.0279020578	-0.1064956489	0.0776238888	0.000903453	5.452799999999998e-05	2.973302783999997e-09	8.16227323209e-07	-0.0376474	-0.0125841999999999	0.0001583620896399	0.0014173267267599	-0.0940318	-0.0350959	0.00884197941124	0.00123172219681	0.00103139	0.000199119	3.9648376161000045e-08	1.0637653321000002e-06	0.000379901	0.000379901	1.44324769801e-07	1.44324769801e-07	-0.000289038	0.0	8.3542965444e-08	0.0
273.45993536405496	0.3010592115961685	74780.33624931311	0.0906366488869065	293.30496116185054	0.5597222644320823	86027.80024215466	0.3132890133009778	186.04900510483333	0.0576367072632422	34614.2323004983	0.0033219900241486	187.3880962774026	314.1888814622019	1.020426	19.765186	0.0135644729999999	0.0105095	-0.0614844554	-0.0595931632	0.0817243737	-0.1349484096	-0.0431568286	0.0714563522	-0.1115931972	0.027466006	-0.1002505925	-0.0685394549	0.0562983105	0.0805403064	0.0688991067	-0.0389759086	-0.1542620925	-0.0022784995	-0.0044193473	0.1220984817	-0.0898692191	0.0947958897	-0.11411834	0.0426662929	-0.062390619	0.2087076312	-0.0540639186	-0.0329930608	-0.0465311774	0.1410647446	-0.065037128	-0.1653699422	-0.0031570602	-0.0334417668	-0.0777807631	0.0710361603	-0.0797764572	-0.0286643053	0.0819243026	-0.0393372073	-0.0081167795	0.1183918851	-0.0094315408	-0.0484594299	0.0773289571	0.0554659122	-0.1486410041	-0.1574422381	0.1522887483	-0.0045193299	0.0367844727	-0.06280756	0.0352448529	-0.0708557437	-0.0076879104	-0.0391027914	0.0081168734	0.002663187	-0.0360796879	0.082637345	-0.0561233499	0.0821753256	-0.0129770395	-0.1766205369	-0.0235268206	-0.0172832691	0.0705331128	-0.0791419525	0.0221222622	-0.1315493945	-0.0171238203	0.1050645483	0.1296684874	0.0069648521	-0.02541616	0.1524754158	-0.070152606	0.1570656027	-0.0478239245	0.1780168232	-0.0447370372	-0.0974848294	-0.1109142406	0.0078095051	-0.0599150152	0.0701977113	0.0425612334	0.0470221363	0.0579836356	-0.0726236007	-0.0777791395	-0.0276933798	-0.0790643485	-0.0882072488	0.0842908817	-0.0588766906	0.0914417368	0.0546796481	0.1050249333	-0.1292485528	-0.0029368218	-0.013956968	0.1255268708	0.0213203281	-0.1031682789	-0.0622366754	-0.0490315683	-0.010448918	0.0686883755	0.014773514	-0.0430716352	0.0668663224	-0.0645615244	0.0617872035	0.1237443416	0.1530753076	-0.0349525424	-0.0117058712	-0.110290463	-0.0311950382	0.0067277964	0.036215391	-0.1029462808	-0.0958650521	0.0777157197	0.0168872612	-0.1417415051	0.0537274636	0.0042855774	-0.0314482467	-0.0766760949	-0.2379485668	0.1042190153	0.1393302999	0.0176383745	0.0270483751	-0.0688113811	0.0365809151	-0.0698673496	0.0301790722	0.0372055018	0.008910042	0.0654696107	-0.0323916247	-0.0488794327	-0.0305027946	-0.1039539485	0.0835618648	0.0008763799999999	-2.7073000000100034e-05	7.329473290054165e-10	7.680419043998247e-07	-0.0376186	2.8799999999995496e-05	8.294399999997406e-10	0.00141515906596	-0.0948752	-0.0008434	0.00900130357504	7.113235600000135e-07	0.00108592	5.45299999999999e-05	2.973520899999989e-09	1.1792222464e-06	0.000181127	-0.0001987739999999	3.951110307599999e-08	3.2806990129e-08	-0.000289038	0.0	8.3542965444e-08	0.0
273.09685279321684	-0.3630825708381167	74581.89100555996	0.131828953246416	292.601359448512	-0.7036017133385144	85615.55555111734	0.495055371012893	185.88739942121845	-0.16160568361488	34554.125263583606	0.0261163969766327	187.3079777977603	311.4112573405128	1.0808	20.934593	0.097368032	0.0577567	-0.0251137733	-0.1412831523	-0.0440325138	-0.0180229374	0.0401344245	0.0836330183	0.0526433157	0.0919670376	-0.0229605809	0.0404508042	-0.1342663151	0.0345909398	0.0516733378	0.011110974	-0.0334186672	0.1494156417	0.0688967359	0.0452397953	0.0147083684	0.0214833702	0.0112947078	0.0948397785	0.0491786599	0.077680248	0.1002570916	0.089926364	0.0143979445	-0.0840033662	0.0308300254	-0.0597303299	0.0351356117	-0.0026982176	0.0148936897	-0.0629161268	-0.0724402348	0.0990596698	0.0237661021	0.1005851403	0.044559043	-0.0280947925	-0.0327746031	0.0203393885	0.0945177367	0.036492906	0.0104012775	0.0427881797	0.1268464784	-0.0127190834	-0.0723189508	0.0586344282	-0.0296247201	-0.0684737215	-0.0134067062	0.0240043408	0.1352175274	-0.0658380343	-0.0404815653	0.0141346891	-0.1247196914	-0.1140371684	0.1030643024	0.1080931374	-0.0744809745	0.0180239398	0.0612955313	-0.0542031606	0.0211795734	0.0649351658	-0.2251146773	0.1956753746	0.016344451	-0.0850587339	0.0080577096	0.0850150143	0.1209760035	-0.0362606617	0.0635766361	0.0092585033	-0.019049504	-0.0637841326	-0.0029022845	-0.099001488	0.0882468663	0.0015208052	0.0892716001	-0.0221359434	0.0510119772	0.1276718452	-0.0035789643	-0.0316869906	-0.0336231509	-0.0307940834	0.0180980704	0.0226335705	0.0881773302	0.0756353551	-0.0261379825	0.0284585824	0.0525915672	0.0932181936	0.0813318296	-0.0384543145	-0.0800290637	0.0459170553	0.0010656108	0.0283922907	0.0020554694	-0.0803850382	-0.006768088	-0.1218371898	0.0549242183	-0.1365345926	0.0770433096	0.0554338877	0.0484914781	0.0947185465	-0.1874191846	-0.1936508667	-0.0206665827	-0.0503676089	0.0749822354	-0.1023707814	0.0131529802	0.1414294263	-0.0223992819	0.0205396454	0.0955882841	0.1124625064	-0.0791045557	-0.0927394951	-0.1782397618	0.0889582373	0.020795878	0.0759350925	-0.0567826879	-0.095039232	-0.0103223219	0.0207189951	-0.0616737994	0.0197197072	-0.0215636174	-0.0202309017	0.0201736096	-0.0330881723	-0.1012028987	0.0891212848	0.000846988	-2.939199999989997e-05	8.6388966399412e-10	7.17388672144e-07	0.00922419	0.04684279	0.0021942469749841	8.50856811561e-05	-0.0810749	0.0138003	0.00657313941001	0.00019044828009	0.000630109	-0.000455811	2.0776366772100002e-07	3.97037351881e-07	2.0823800000000002e-23	-0.000181127	3.2806990129e-08	4.3363064644000006e-46	-0.000192065	9.697299999999998e-05	3.6888964225e-08	9.403762728999996e-09
273.10624987572453	0.0093970825076894	74587.02372118169	8.830515965632298e-05	292.33285044095794	-0.268509007554087	85458.49544693549	0.0720970871376807	185.901571751126	0.0141723299075522	34559.39437953905	0.0002008549350084	187.3687287882988	310.69501958704046	1.138397	22.05022	0.087677188	0.057907	0.048968497	0.0297405041	-0.1154817452	0.0087691256	-0.0567441642	-0.0635601974	0.0936924641	-0.0291761337	-0.0829211074	0.0008071765	-0.0011822917	-0.046643528	-0.0274469637	0.1141461539	-0.1642296527	-0.0336746848	0.0443023007	0.0701712107	-0.1066366883	-0.0147860558	0.1117006957	-0.0618152882	-0.1470588665	0.0982399006	-0.0646686557	-0.0796729656	0.0788851563	-0.046404938	-0.0530540319	0.0643841595	-0.0519813826	-0.1011843777	-0.1023316481	0.0226409363	-0.1650620289	0.158551854	0.0441905747	0.004470228	0.1116825376	-0.079002219	-0.1155258436	-0.0250176905	0.0124552268	-0.0046365252	-0.0039504708	-0.0633876598	-0.0435459279	-0.0666960923	-0.0168341753	-0.0418671026	-0.0112071765	-0.0058308935	0.0798693352	-0.1432904438	-0.0917489491	-0.0110090857	0.0302690977	0.0815958392	-0.1651731947	0.1777606559	0.0477956744	0.0153743816	-0.0683410132	-0.0233991139	-0.1615088824	-0.0155308298	-0.0830691093	-0.0622692017	0.0503272934	-0.0415788966	-0.1411873372	0.0126898887	0.1148992256	0.1254531026	-0.0495018355	-0.0503037152	-0.095675619	0.0575852992	0.1339163851	0.0584929242	-0.0132372921	0.0363310962	-0.0088347733	0.1358830001	0.1774153931	0.0286261525	0.0752454943	0.037075417	-0.0454393518	0.0560228401	-0.0435963997	-0.1131456	-0.1105554378	-0.0841897326	0.0095557097	-0.059768945	0.018616846	-0.0252221361	0.0428859535	-0.0286688269	-0.0391018035	0.075473862	0.0885322241	-0.1062557544	0.0170893919	-0.1090531958	0.1205136552	0.070247654	0.0143039752	0.0013830717	0.1133642472	0.0725892182	0.1077181916	0.0751623666	-0.129529327	0.0090784219	-0.0970762405	0.12089863	0.0590583413	0.0686020334	0.1037962366	0.0690886742	0.026953761	-0.1226022154	-0.0555009769	0.0916291559	0.0430446249	-0.0615804712	0.0735949094	-0.2088896413	-0.0103318149	0.112943653	0.0459559106	-0.0450700638	-0.0136624044	-0.1280324164	-0.0092016393	-0.0289904441	0.02590063	-0.1238550874	0.0854010094	-0.0317963986	-0.0339566124	-0.0356568892	-0.0982480398	0.094276963	-0.00328661	-0.004133598	1.7086632425604004e-05	1.08018052921e-05	-0.0416904	-0.05091459	0.0025922954748681	0.00173808945216	-0.0892561999999999	-0.0081812999999998	0.0079666692384399	6.693366968999822e-05	0.00102209	0.000391981	1.53649104361e-07	1.0446679681e-06	-1.15615e-22	-1.3643880000000002e-22	1.861554614544e-44	1.3366828224999996e-44	-0.000289038	-9.697299999999998e-05	8.3542965444e-08	9.403762728999996e-09
272.55648681744964	-0.5497630582748911	74287.0385062706	0.3022394202437613	291.83419216166544	-0.4986582792924992	85167.19571465187	0.2486600795069561	185.7082552769177	-0.1933164742083022	34487.55607799683	0.0373712592003291	187.1215119173623	308.3854535761454	1.121408	21.721148	0.083663682	0.0529102	0.0482925341	0.0710972463	0.0414108923	-0.0305551523	0.0446396356	-0.0694761742	-0.0598757637	0.019025689	-0.0090483431	-0.0008969961	-0.0392756141	0.0489768824	-0.0763271061	-0.1106465713	-0.0161747636	0.1658012741	0.0286739379	-0.0270503369	0.0242757358	0.0131501574	-0.0879927229	-0.0834851379	-0.0120488031	-0.0532214105	-0.1047411993	0.2472221253	-0.021415108	-0.0243804941	-0.0306652432	-0.0105213981	0.0639701382	0.0508607904	0.1769987283	-0.0605197331	-0.1149597271	0.1648145415	0.0820456731	0.046165988	-0.0498766117	-0.0598325759	0.0968786176	0.0412403354	0.0236317127	-0.1097284629	0.0224720229	0.0471808515	0.1477866971	-0.0159301775	0.0266278868	0.0347127071	0.0698952131	0.0675253293	0.1479896418	-0.0237512722	-0.1400682172	0.0630628115	-0.0190366201	0.0642790555	-0.0474260625	-0.0938085984	0.0131217964	-0.0306690702	-0.0090493792	0.0207256527	0.0516318622	-0.0607774782	0.1551730139	-0.1872231231	0.0177326457	0.0137620272	0.047644545	0.1107902361	0.0159720706	-0.0084276843	-0.0816443151	0.0419434336	0.2453519826	-0.0630626652	0.0232569093	-0.0628020126	0.0537600458	0.0717454414	0.2236207246	-0.0173650378	0.0276295406	0.0960125552	0.1271377134	0.1534470702	-0.0449120366	0.0027550652	0.0515587477	0.0152693576	0.0455088386	0.0382963634	-0.0774595536	0.0209684171	-0.0900535303	-0.064830884	0.0857696992	-0.0407339466	0.0379799142	0.1402816704	-0.1025450751	0.0256707465	0.1735424496	-0.03867702	-0.1342371399	0.0368622084	-0.150919156	-0.1030230789	-0.0214406952	0.0785936121	0.0537215002	0.010237672	-0.0637793154	0.0815874108	-0.1149697555	0.1102215915	0.0154590007	-0.0305364834	-0.0823096344	0.0633490783	0.084163364	0.1607591804	0.111332709	0.0865857	-0.0720941701	-0.0358797268	-0.0992499855	-0.1054900518	-0.0708067039	0.065863947	-0.0038453228	0.084042673	-0.0800825838	-0.1470339738	0.0962212149	-0.1179949102	0.0430033494	-0.0036696387	-0.0427664727	-0.0854789624	-0.0789374573	-0.0382076517	-0.0950953223	0.0990055431	0.000853737	0.004140347	1.7142473280409e-05	7.28866865169e-07	0.00654412	0.04823452	0.0023265689196304	4.282550657439999e-05	-0.0957268	-0.0064706000000001	0.00916362023824	4.186866436000135e-05	0.000749658	-0.0002724319999999	7.4219194624e-08	5.619871169640001e-07	7.64973e-05	7.64973e-05	5.851836907290001e-09	5.851836907290001e-09	-0.000141603	0.000147435	2.0051409609e-08	2.1737079225e-08
272.65029414302126	0.0938073255716176	74338.182896276	0.0087998143308994	292.7365363937716	0.9023442321061452	85694.67973982195	0.814225113215229	185.77545012147112	0.0671948445534269	34512.5178678352	0.0045151471345592	187.1664315776054	308.14337562885305	1.12201	21.732805	0.072611722	0.045638	0.0501697247	0.0451850635	0.1200831178	-0.0029733657	-0.1000723631	0.0191933336	-0.1179963982	-0.070101416	-0.0150720883	-0.0201933209	-0.1050022465	0.0501787981	0.075874014	0.1394540074	-0.0873428088	-0.1617088901	0.1021303479	-0.0053098196	0.0049155156	0.0853228295	-0.0986443534	-0.0117136133	-0.0381351525	0.0215845417	-0.0579552788	-0.1485035438	-0.03156731	-0.0196469839	0.0120243429	0.0114527015	-0.0410884709	0.199610585	-0.0460718483	0.0407171571	0.167420565	0.0300204708	-0.0051474401	0.0238679528	-0.0884064967	0.1756241915	-0.0225336654	-0.0748105615	0.0082789659	0.002646305	-0.0419281976	0.0200031692	-0.0314209002	-0.0030741662	-0.0643932702	-0.1156480531	0.2429275691	-0.1229311389	0.0120593445	0.0819221047	-0.0266149317	-0.0941425554	-0.0092562878	-0.0028723099	0.1220020265	-0.0048475215	-0.0087301612	0.0210658502	0.0645153396	0.0194268607	0.0568140884	0.0860305194	0.0836745023	-0.0737803645	0.0782586728	-0.0159522265	0.0869820938	0.0431795803	-0.0169113931	0.0113928279	-0.0378931205	0.0820479896	-0.1726223821	-0.0724608344	0.0091734917	-0.0456459597	-0.0047121082	0.0387584974	-0.1284771646	0.0363573452	-0.2243027188	-0.0533168446	0.0282761242	0.0267469344	-0.0259478159	-0.0553227673	-0.0660102265	-0.0478067899	0.0466807945	-0.0215131896	-0.1371833612	0.0517416322	0.0426970694	0.0221684286	0.0189936696	-0.1110227148	0.0227666509	-0.0284632701	-0.1661193352	-0.135146683	-0.0477287414	0.0329876172	-0.0040599994	-0.1134010016	0.0013370654	-0.0372532474	-0.0908228644	-0.1084477982	0.0064677455	-0.0338986997	-0.0343151324	-0.0090827633	0.1616707254	-0.022603078	0.0614209545	0.0664050397	-0.1303411234	-0.0422487346	-0.0736315004	-0.0560823424	-0.1456804784	-0.0220259163	0.0157976326	0.0068241847	0.0928918458	-0.0760648164	0.0252176949	0.0807660021	0.1373598374	-0.1022096687	0.0552035755	-0.1001023717	0.0405052966	0.0128639744	0.0859978798	0.0426596127	0.074429933	-0.0447371319	-0.1679539601	-0.0407391756	-0.0917510955	0.1032856033	-0.00928899	-0.010142727	0.0001028749109965	8.628533522010001e-05	-0.0351747	-0.04171882	0.0017404599421924	0.00123725952009	-0.0909557	0.0047711	0.00827293936249	2.276339521e-05	0.000909695	0.0001600369999999	2.561184136899997e-08	8.275449930249999e-07	8.86068e-05	1.2109499999999996e-05	1.4663999024999989e-10	7.85116500624e-09	-0.000289038	-0.000147435	8.3542965444e-08	2.1737079225e-08
272.42734526550333	-0.222948877517922	74216.65844840975	0.0497062019865014	291.4446454775268	-1.2918909162447676	84939.9813775213	1.6689821394757451	185.5600261144939	-0.2154240069772299	34432.52329161166	0.0464075027821256	187.02208146282643	307.5670414288167	1.262397	24.452047	0.09064635	0.0565091	0.0705913976	-0.1431554422	0.0800581703	-0.0002652382	0.0701768179	0.1447335073	-0.0226618286	0.0821115327	0.0430203504	0.0439653993	0.037014875	-0.0526317679	-0.2686605666	0.0214609986	-0.0532411569	0.1033686902	0.0659930015	-0.088822747	0.0295029474	-0.054417471	-0.0406855428	0.1402301782	0.0290438853	-0.1334336629	-0.0536100672	0.0885050321	0.1069467158	0.1268297775	0.0584626009	0.0434446916	0.0288401597	-0.0639751676	-0.0002652111	0.1015873406	-0.0852349772	-0.0224014899	-0.1948982711	0.0751156207	0.0127876801	-0.2168224265	-0.2119194328	-0.0160292504	-0.0334004277	0.0226460267	-0.0258716764	0.0877246343	-0.0964769274	0.0699159925	-0.0609719543	-0.0320168271	0.0363885784	-0.0438399486	-0.007285862	-0.0434092672	-0.1132345025	-0.0081468427	0.0197859196	0.0709301325	0.165827503	0.0521628618	-0.0884684052	0.0276600998	-0.1683415781	0.044675944	-0.0729021555	0.0273726891	-0.022507235	0.0506410506	0.0591937053	-0.065614982	0.0881838291	-0.0935865911	0.031557807	-0.0729159283	-0.1187083848	-0.1608514659	0.1286541314	0.0233021935	-0.0828320809	0.1269859573	0.0107685639	-0.0332797374	0.0594740263	0.0998534619	0.0764165032	0.0052041678	-0.2213867983	0.050354469	-0.0144106309	0.0806771664	-0.0171404122	-0.1571342323	-0.1297635157	0.0224096372	-0.0352783096	-0.0040359042	0.0691620804	0.0684305757	-0.0950131961	-0.0596275704	-0.0518877383	0.0291531162	0.0636875386	-0.1351708236	0.0420681721	0.0115100618	0.0378548713	0.0157414893	-0.0050684921	0.1152344415	-0.0496002938	-0.0514869783	-0.1897939946	-0.0375784193	0.0118221156	0.1320584711	0.1727067472	0.0637228955	-0.1021260953	-0.0874979138	0.010841588	-0.10904867	0.1791306839	0.0393782011	0.1895923808	0.1099240933	0.0574902415	0.0127838767	-0.0013385914	0.0625151736	-0.0463220325	0.0185801218	0.037255551	-0.006744746	0.0121937806	0.0252308179	0.1145765376	-0.1122539345	0.0950473815	0.014657439	0.0556125506	0.0772085203	-0.1684993485	-0.043250186	-0.0882220943	0.1070977539	-0.0141665	-0.00487751	2.37901038001e-05	0.00020068972225	0.0126153	0.04779	0.0022838841	0.00015914579409	-0.0778955999999999	0.0130601000000001	0.0060677244993599	0.00017056621201	0.000499927	-0.0004097679999999	1.6790981382399993e-07	2.4992700532900004e-07	-0.0	-8.86068e-05	7.85116500624e-09	0.0	-0.000289038	0.0	8.3542965444e-08	0.0
272.61955658883807	0.1922113233347318	74321.42263469468	0.0369451928180888	291.27968499462906	-0.1649604828977544	84843.85489057034	0.0272119609178603	185.73865590527245	0.1786297907785581	34498.8482974972	0.0319086021535914	187.11476398012664	307.48063020570225	1.383548	26.798681	0.1217786	0.0771875999999999	0.1164598002	-0.0381513813	-0.1067759077	0.0891936402	-0.1511770466	0.0504358278	0.1628191729	-0.0558661468	-0.0082202634	-0.0732869061	-0.1364103048	0.1763357571	-0.056125194	0.0683754588	0.0949675939	-0.2186110271	-0.0034815609	-0.0668436903	0.0646346634	0.0605877072	0.1320643259	0.1167433532	-0.0632853713	-0.0125000261	-0.000851937	-0.1772589927	-0.0545118068	-0.1145140129	-0.0353965714	0.1297059186	0.088559265	0.0879470634	-0.0190696746	-0.135982745	-0.0120595763	0.0074637101	-0.0492692059	-0.044119913	0.0229960099	-0.0118986702	-0.0702886202	-0.0627690371	-0.1037093045	-0.0056880702	0.0040256256	-0.0020296067	0.0166715113	-0.0796557567	0.001675677	0.2459583525	0.1309947967	-0.0390369852	0.1196169399	-0.06684859	0.0849293187	-0.0129089718	0.008762212	-0.0266642315	-0.0584307468	-0.0303629862	-0.0362983419	-0.1147576916	0.0693306143	0.0823295005	0.0025595213	-0.0322023267	0.0420232306	-0.1840836029	-0.1612403227	0.1213247383	-0.0838955555	-0.1629943719	0.0901563773	-0.0753288903	0.0348603967	0.0588423335	-0.1991355045	-0.1103365272	0.0556057844	0.018675011	0.1249428854	0.1169865398	-0.0130589171	-0.0455290656	0.0277484486	-0.1221691439	-0.0185312338	0.0154871267	0.0419618133	0.0239739354	-0.0344773324	0.0079697586	-0.1132134284	-0.053803015	-0.01744201	-0.1312911825	-0.1043224591	-0.0072090709	-0.064283906	0.1023666828	0.1801197405	0.0194125222	-0.1683637206	-0.0514377533	0.0876622159	-0.0852039404	-0.0645879754	-0.024021566	0.0326011332	-0.0761103128	0.0255559244	0.1108515317	0.0252627445	0.0592578964	-0.0060189605	0.0431345145	-0.1189832603	-0.0370080062	0.1746543654	0.1159275363	0.1305949405	-0.0555925626	-0.2198229212	-0.0268312904	-0.0477070963	-0.0535995226	-0.1368564472	-0.0350485923	0.0895566662	0.0197576303	0.001016284	0.0411286118	-0.0586152529	-0.0930523528	-0.0077941595	-0.0220872133	-0.0413083713	-0.1003676325	0.0359491907	0.0343636616	-0.0456814264	0.0617441079	-0.0522859742	-0.0457394187	-0.0845154255	0.1104247249	-0.02178	-0.0076135	5.796538225000001e-05	0.0004743684	-0.05011	-0.0627253	0.00393446326009	0.0025110121	-0.0900515	-0.0121559000000001	0.00810927265225	0.00014776590481	0.0011926	0.000692673	4.79795884929e-07	1.4222947600000002e-06	-0.0	0.0	0.0	0.0	-0.000382043	-9.3005e-05	1.4595685384899998e-07	8.649930025000001e-09
272.5313838573027	-0.0881727315353373	74273.35518717648	0.0077744305864026	291.2966754897523	0.0169904951232524	84853.75315138207	0.0002886769245332	185.7837140790565	0.0450581737840423	34515.588417008614	0.0020302390247529	187.19562943702624	307.95150915748087	1.359216	26.327394	0.17612375	0.107634	0.1129958457	0.0226436333	-0.0568566792	0.0059431436	0.1894719851	-0.0784798184	0.0291430179	0.1417160456	0.1194646523	-0.010922915	0.1186328996	-0.1165945806	-0.0645232383	0.022920889	-0.0075842728	0.0320734165	-0.0032442662	-0.0420233041	-0.0026298272	-0.0896619145	0.1261839448	-0.02869548	0.0950182228	-0.0122646399	0.0945922716	0.0114969006	0.1000397993	0.1177873289	-0.0532127501	-0.1904041444	0.1442354277	-0.0445677398	0.1058247367	-0.0385035121	0.18159539	0.0290427651	-0.0150542986	0.045931792	0.120444234	-0.0913093458	0.0590772188	0.0266053544	-0.1685915363	-0.0098183091	-0.0926775334	0.0101845061	0.0548867152	-0.1288163768	-0.1277427947	-0.0770129166	-0.1032886734	-0.0575273811	0.0899323664	-0.1150842627	-0.1620285596	0.0729654328	0.0215662123	-0.082051354	-0.0233241521	-0.1046314562	0.0151835777	-0.0725229309	0.0855668866	0.0973846107	-0.1136939119	0.1426491307	-0.097426964	0.0734814247	0.0596910603	0.0606252268	-0.0988232744	-0.0208465066	-0.1200966458	-0.0415668728	-0.0425230795	-0.0966607911	0.0411997025	0.244829402	-0.0464414599	-0.068358014	0.0822555366	-0.1735366921	0.1084212117	0.0361010296	-0.040094339	-0.0901630157	0.0129775411	0.0511361996	0.1033650397	-0.0185118696	0.1387803689	0.1017081182	-0.067356328	-0.0091678657	0.0110281909	-0.1538341261	0.0069936688	-0.0616346889	0.2183784178	0.0001443611	-0.0165496337	0.1153793785	0.0519989678	-0.157367406	-0.0028202136	-0.010646585	-0.0749345417	0.0283327577	-0.0084254509	-0.0152477798	0.0533197504	0.0653813809	-0.0370962272	-0.1216295156	0.070207075	-0.0620655328	0.0424414727	-0.0939670242	0.0293837842	-0.1679097786	0.0757170687	0.0775146937	0.0935112459	-0.016309319	0.0549105021	0.1006642085	0.0544575209	0.0253794452	0.1532328272	-0.0110464526	0.0689242068	-0.165592538	-0.0177293838	-0.0164659873	0.0404157671	-0.1148828974	-0.0117300789	0.0142669781	-0.0760049728	-0.0540556451	0.0209279605	0.0902436544	-0.0226943046	-0.0482056202	-0.0806385538	0.1132514443	-0.0195577	0.0022223	4.93861729e-06	0.00038250362929	0.0334381	0.0835481	0.00698028501361	0.00111810653161	-0.0561997	0.0338518	0.0031584062800899	0.00114594436324	0.00027475	-0.00091785	8.424486225e-07	7.54875625e-08	-0.0	0.0	0.0	0.0	-0.000169862	0.0002121809999999	2.8853099044000002e-08	4.5020776761e-08
272.2350695083935	-0.2963143489092203	74111.93307023984	0.0878021933694951	291.0514495642146	-0.2452259255377384	84710.94629343055	0.0601357545558404	185.79123636713348	0.0075222880769842	34518.38351082806	5.6584817913140095e-05	187.22835478581112	304.2849066521827	1.318731	25.543203	0.1717058	0.107171	0.0719216748	0.1522923831	0.0305176783	0.1448522996	-0.0822373284	-0.0917190744	0.0304209191	-0.1656499743	0.0344808731	0.0334701042	-0.1331438721	-0.0240158481	-0.058556563	-0.1269006007	0.1453944801	-0.0382951407	-0.1445211788	0.0299845912	0.0956457473	0.0231314819	-0.0063716379	-0.1392819941	-0.0474997168	0.0425088188	-0.0598201377	0.0423828896	-0.1274548814	-0.0872031626	-0.1327103742	0.0501922387	-0.1777153864	0.0024780385	0.0088719869	0.1009608793	0.1205999094	-0.1260683481	-0.0102382104	-0.1385988297	-0.0850179102	0.0062001402	0.0553945475	-0.1062396747	-0.0294963405	-0.1870291895	0.2283304143	-0.0476693366	-0.2032495897	-0.0206081545	-0.0685602587	-0.061325113	-0.0010959806	-0.0762681513	0.1399967222	-0.0440748075	0.0958112021	0.0621394699	0.0509598252	-0.0640032215	-0.0746704543	0.0203878334	0.1202158103	0.1464669192	0.0022915599	0.0523934813	-0.0368830712	-0.0255473425	0.0513148444	0.0812954378	0.0107779692	-0.0855398368	-0.0559608427	0.1301787012	0.0685403987	0.0108393756	0.0422833805	0.1202787119	0.0286746782	-0.0870887921	0.1299443581	-0.0192218555	-0.0198243954	0.054070163	-0.0646279085	-0.0490480244	-0.1463137473	0.0980891442	-0.0624881205	-0.2078132088	0.0374280459	0.1474497269	0.0640419719	-0.0196268088	0.0086163103	-0.1433019401	-0.2054615339	-0.0714819105	-0.1632617528	-0.0529761931	0.0273444583	0.1318075796	-0.2296259691	-0.1513562281	-0.0412049635	-0.0773075406	-0.1384673386	-0.0414691234	-0.0121180926	-0.0413755225	-0.024722808	0.0124329719	0.1273588501	-0.1003950914	0.0631141498	-0.1124987174	-0.0474438897	-0.0054753365	-0.041244235	-0.0054109635	-0.0464781764	0.1164367359	-0.0562196404	0.1064727682	-0.1450842847	-0.0550231649	-0.0014773608	0.0632192788	-0.115205405	-0.0121631783	-0.115510593	0.0881320048	0.0018945604	0.0056821006	-0.0161808785	-0.0496352264	0.100034571	-0.1820359972	0.0321576976	-0.055181632	0.0763865363	-0.038997292	-0.0880730777	0.0416865446	-0.0290009717	-0.0506475487	-0.0765992869	0.1155651064	-0.0199622	-0.0004044999999999	1.636202499999989e-07	0.00039848942884	-0.0567528	-0.0901908999999999	0.0081343984428099	0.0032208803078399	-0.0960696	-0.0398699	0.00922936804416	0.00158960892601	0.000855126	0.000580376	3.368363013760001e-07	7.31240475876e-07	0.000125258	0.000125258	1.5689566564e-08	1.5689566564e-08	-0.000289038	-0.0001191759999999	8.3542965444e-08	1.4202918975999994e-08
272.8206326999547	0.5855631915611639	74431.09762680357	0.3428842513112963	292.44015527588226	1.3887057116676829	85521.24441778213	1.9285035536184456	185.9266538435664	0.1354174764329343	34568.72060946537	0.0183378929234643	187.37129541513147	307.44194990981845	1.191091	23.070883	0.1088283	0.0743517999999999	0.0375212368	0.0686895109	0.1288138869	0.0029879958	0.084404464	-0.032111211	-0.1610662739	-0.0298580198	0.0147540637	-0.0276882747	0.1119800484	-0.085831591	0.0649649262	0.1017901859	0.0446006351	0.1076414706	-0.0312452284	-0.1473727451	-0.0288589181	-0.0162840755	-0.0998724684	-0.0329724816	0.1284408312	0.1417042111	-0.0001487348	-0.0492703866	0.0550899829	-0.0475533563	-0.1165795445	-0.0544380831	-0.0517418565	-0.0459217069	0.0891403236	-0.0587046562	0.0174176078	0.0248596363	-0.1454140382	0.0499057377	-0.0911249265	0.0224495995	-0.0469004599	0.1431615894	-0.0292402783	0.0081684092	-0.1950248122	-0.0771108459	-0.0913372216	-0.0191615032	0.1254189673	0.0435779745	0.0838148029	-0.0055357247	0.04477156	-0.1133583115	0.1895364609	0.0413924578	0.0123782981	-0.0198570156	-0.0406794702	-0.0327803048	0.0916931297	-0.0025283957	-0.0181444358	0.1019342983	-0.0166338733	-0.061056562	0.0380160993	0.075186964	-0.059846185	-0.1756929959	0.0913987633	0.0831396058	-0.0834706947	0.1619739488	0.0620552557	-0.0702732601	-0.0365579862	0.0238629568	0.073754697	0.0795148176	-0.0245607174	-0.0826630196	0.1231085701	-0.0441870589	-0.0480646217	-0.062606453	-0.0751309906	0.0112169692	-0.1149368979	-0.0751938206	0.0164257939	0.045832166	-0.0456948086	0.0157860863	0.012494756	-0.0926225995	-0.0682221211	-0.051980595	-0.1611581223	-0.0557166307	0.1634789557	-0.0686488598	-0.1061796831	0.0032019954	-0.2377339467	-0.1247410357	-0.0260654102	-0.0410197264	-0.1059778745	-0.0137834699	0.1161801048	0.0792210009	0.0616520165	-0.0604525676	0.0684270334	-0.0012471649	-0.0041666917	0.0541090419	-0.0146750333	-0.0595365108	-0.1158203629	0.0029679753	0.0823866116	0.0580664584	0.0058986766	-0.024575771	0.0358227689	0.0481070473	0.1333647134	0.0336224535	-0.1082524718	-0.1376653406	0.1368426283	-0.0356855291	0.167214099	-0.0232974893	-0.0935161874	0.0641039141	0.0770496147	-0.0918206593	0.0622417138	0.095613926	-0.0916839543	-0.0530639746	-0.0724057592	0.1173552296	-0.0151756	0.0047866	2.2911539560000003e-05	0.00023029883536	0.0118461	0.0685989	0.00470580908121	0.00014033008521	-0.0772865999999999	0.0187830000000001	0.0059732185395599	0.000352801089	0.000578697	-0.000276429	7.641299204100003e-08	3.34890217809e-07	0.000182025	5.6767e-05	3.222492288999999e-09	3.3133100625e-08	-0.000289038	0.0	8.3542965444e-08	0.0
272.7635466792992	-0.0570860206554471	74399.95239707024	0.0032588137542741	291.90750773940954	-0.532647536472723	85209.99307463344	0.2837133981104607	185.83463726645203	-0.0920165771143786	34534.5124079538	0.0084670504638463	187.23283461000665	309.7551954595693	1.180535	22.866421	0.0892312	0.0491618	-0.0086449196	-0.0893208924	0.0408308007	0.0802870906	-0.0451620332	0.1194823539	0.0432094783	-0.0550819193	0.0033832873	0.1092764639	-0.0718634824	-0.0429640492	-0.0884510961	0.0676444101	-0.062312299	0.0631638256	-0.2553224891	0.142469172	0.0031695974	0.0249017023	-0.0422107043	0.1131832837	-0.067590551	-0.0494616665	0.1342349151	0.0542092759	-0.0341859791	-0.0069984667	0.1245239254	0.006704198	-0.2119379337	0.0069734783	-0.071406664	0.001474106	0.0090707553	0.0451504207	0.068191146	0.0506480946	-0.0498723033	0.0758271292	-0.0871542527	-0.0708958697	0.0288116252	-0.0856211548	0.1254775087	0.0246308166	-0.015072826	-0.1034681627	-0.0706932208	-0.083378599	-0.0462292108	-0.1850331937	0.1171115177	0.000430747	-0.0441974281	0.1658489274	-0.0249289155	-0.0957980628	0.090075607	-0.0773151288	-0.1327620947	-0.1417905892	-0.0123849167	-0.0380971819	-0.1295920141	0.0679966708	0.0158191431	-0.0800982838	-0.119992678	-0.0092419138	0.0680142145	-0.0761590822	0.0969331701	-0.0810413003	0.0959675421	-0.0189071666	0.0232821551	0.0046852458	-0.04771479	0.0062452915	-0.1872608014	-0.0212287261	-0.1199036441	-0.0292317861	-0.055842727	0.0736023742	0.0798341654	0.0626058496	-0.0040340476	0.0382425673	-0.0583877844	-0.0785812955	-0.0281573646	-0.0984164068	0.0222446457	0.0927925227	-0.1190935414	-0.0195197975	0.1100238475	0.0406545324	-0.14920177	-0.0596533174	-0.1262165075	-0.1159706753	0.047212116	-0.0470961996	-0.0199967961	0.0403687879	-0.0022827823	-0.0568855813	-0.034132439	0.148455174	-0.2133073701	0.0769489244	0.0007883569	-0.0090239573	0.0623159214	0.0725146941	0.0748707092	0.062655229	0.024528265	-0.0932782596	-0.058052455	-0.1798405958	0.0317331174	0.0962489298	0.0819036394	0.0126747888	-0.0818990734	0.011993076	-0.0737445905	0.0661561065	0.109376193	-0.0884610683	0.0691909963	-0.0384590335	0.0784161189	0.0462523106	-0.0041218392	0.083829996	-0.0843354687	0.0765674849	-0.0357298285	-0.0554536812	-0.0680664159	0.1186137044	-0.0180525	-0.0028769	8.276553609999999e-06	0.0003258927562499	-0.0287107	-0.0405568	0.0016448540262399	0.00082430429449	-0.0950731	-0.0177865	0.0090388943436099	0.00031635958225	0.000855126	0.000276429	7.641299204100003e-08	7.31240475876e-07	-0.0	-0.000182025	3.3133100625e-08	0.0	-0.000187272	0.0001017659999999	3.5070801984e-08	1.0356318755999998e-08
273.3231826359653	0.5596359566660567	74705.56216625324	0.3131924039935325	292.20426680686063	0.2967590674510916	85383.33354013499	0.0880659441144415	185.99282095318287	0.1581836867308368	34593.32944612274	0.0250220787477595	187.37105281952088	311.3312893961148	1.184985	22.952608	0.05132814	0.0260522	-0.0415751248	-0.0170983553	-0.1192883533	-0.0002907019	0.05408791	-0.0070953306	0.1178681031	0.0380874993	-0.0605797805	-0.0502367285	0.2008496387	0.0784292468	0.0538985075	-0.0390164075	-0.0201620288	0.0421278316	-0.0441967712	-0.0398568901	0.0666011235	-0.127152499	0.0809572747	0.0584090219	-0.0530499252	0.0202775937	-0.006685053	0.1274229102	0.0085818601	0.1225049698	-0.0785088183	0.0735532295	0.0480973457	-0.1438694337	-0.0304868623	0.0497067601	0.0855753195	0.0694837526	0.0507182048	-0.0157492151	0.1700931079	0.1863167755	-0.1393353696	0.0550413519	0.0729016637	-0.0293451886	-0.0632967099	0.0384784837	-0.0354173162	-0.0213752525	0.0408449299	0.124505171	0.0004488549	0.0192976649	0.0336869336	0.1296691944	0.0603752717	-0.1381518406	0.0548783179	-0.0535961701	-0.0267883485	-0.1096916415	0.0090770936	0.176522399	-0.016026425	-0.0468889727	0.0010265211	0.0315591744	0.0017518293	-0.0002612876	0.0286202677	0.0293588276	-0.0526114797	-0.0761746433	0.0439139218	0.0752757268	-0.066267513	0.0393591862	0.1339516689	0.1102200554	0.0341732136	0.1619023846	0.0723262909	-0.0898315072	-0.0951810394	-0.0089522427	0.0513675756	0.008532476	0.1495054108	-0.0877589134	0.0474951243	-0.1928979226	-0.0694332496	-0.0077146312	-0.0635700935	-0.0017273172	0.0850729078	-0.0195452917	-0.108610427	0.0568914734	-0.0423848244	-0.0350356378	-0.0035741581	0.0546579869	-0.0864779599	0.0850382856	0.0015232213	0.1099209465	0.0478425484	-0.119834684	0.0184143147	-0.0831994945	0.0833882345	-0.1775147713	-0.1288347761	-0.0917121493	0.0091702744	8.97259e-05	-0.0134499927	-0.0288261675	0.0274368654	-0.0089737489	0.1139863388	0.0140699684	0.1455300425	0.0558048569	0.1042092292	-0.0731161874	-0.0636965642	-0.1349358259	0.0921630195	-0.0646227485	-0.0152562732	-0.0679685317	-0.0444348094	0.0509383299	0.2219667917	0.032929467	0.0522451719	0.2237473469	0.0291293206	-0.0082779931	0.0017221079	0.0486628897	0.1271156139	-0.0578154653	-0.0635899959	0.1193348294	-0.0204778	-0.0024253	5.882080090000009e-06	0.00041934029284	-0.0103098	0.0184008999999999	0.0003385931208099	0.0001062919760399	-0.0772836999999999	0.0177894	0.0059727702856899	0.00031646275236	0.000937631	8.250499999999997e-05	6.807075024999995e-09	8.79151892161e-07	6.99798e-05	6.99798e-05	4.8971724080400015e-09	4.8971724080400015e-09	-0.000289038	-0.0001017659999999	8.3542965444e-08	1.0356318755999998e-08
272.8628423882595	-0.4603402477058012	74454.13075620013	0.2119131436578384	292.1593706810672	-0.044896125793457	85357.09787675721	0.0020156621112619	185.7048686794929	-0.2879522736899673	34486.298251267704	0.0829165119232218	187.07141019198377	313.4471936321561	1.173077	22.721966	0.06843479	0.0457932	-0.077670143	0.0982567895	-0.0051722887	-0.0820389678	0.0733387842	-0.1208912542	-0.0296254245	0.0453949746	-0.0084495095	0.0824062552	-0.1300298264	0.0951185382	-0.0496556017	-0.0322387996	-0.0011266721	-0.0007296749	-0.1356607874	0.1166812483	0.0568516205	0.1457542683	-0.0326328354	-0.1209439801	0.0511368973	-0.0731677437	0.0809868343	0.042139425	-0.0063201144	-0.1190200232	-0.0737312321	-0.0021734098	0.0228356888	-0.0061078497	-0.1016334783	-0.0797832948	-0.0904942135	-0.0632715487	0.1182791586	0.1082981493	-0.0578994577	0.1121919128	-0.0279484956	-0.0006938688	0.0276971402	0.1183658327	-0.0535773526	-0.1443004981	-0.037479346	-0.047170346	0.0067507284	-0.0185247913	-0.0288881885	0.0104050017	0.0360701768	0.0336547701	0.0233191977	-0.0832309178	0.1853135264	-0.1393365197	0.0213188121	-0.0182226473	0.049311392	-0.0369417757	0.0473733721	0.1236380986	0.0029892772	0.067305579	0.0701144689	0.0035717512	0.0208649709	0.0650862448	-0.0222250717	0.1045748145	-0.0758714429	-0.1195507501	0.1090167259	0.0515465784	0.0485227086	-0.0104768163	0.1109822834	-0.1438831406	-0.0024640507	0.0638151378	-0.1093052823	-0.0838417851	0.1001826676	0.0342730196	0.0162207898	0.1573477931	-0.0486435828	-0.0797648119	-0.0656040487	0.0079121745	0.0235591332	-0.1415570044	0.0762679945	-0.0405055432	0.0737336785	-0.0127135867	-0.0306384819	-0.0085917775	-0.0286965892	0.0175751228	-0.0013674908	-0.0331077553	-0.0284189382	0.051923745	0.0935680166	-0.1347637424	0.0445801754	0.0015001731	0.0473674081	0.1077018391	0.0135827114	-0.0652166033	0.1872724827	-0.0068289996	-0.0713862451	-0.0149260684	-0.0756440129	-0.0597479728	-0.0804636273	0.0846189714	-0.103326894	-0.0353738445	-0.0099443729	0.0357648537	0.0221213457	-0.2031098608	-0.1425035051	0.0398240222	0.0437178894	0.0439471303	0.1112149984	0.0370321886	-0.0297948702	0.0226072834	0.1478229387	0.017902663	-0.1324288395	-0.130564571	-0.058574219	-0.0106333241	0.0654497987	-0.0601481375	-0.0589855141	0.1195153378	-0.0193669	0.0011109	1.2340988100000033e-06	0.0003750768156099	0.0290443	0.0393540999999999	0.0015487451868099	0.0008435713624899	-0.0772739	9.799999999893227e-06	0.00597125562121	9.603999999790726e-11	0.000582215	-0.000355416	1.26320533056e-07	3.38974306225e-07	-0.0	-6.99798e-05	4.8971724080400015e-09	0.0	-0.000155234	0.0001338039999999	2.4097594756e-08	1.7903510415999998e-08
273.0288321754728	0.1659897872133342	74544.7431991025	0.0275526094591279	292.8428916035436	0.6835209224764185	85756.95916272479	0.4672008514630141	185.8349273173273	0.130058637834395	34534.62021103632	0.0169152492753383	187.21444350799405	312.35923617492887	1.190151	23.052675	0.1767356	0.105653	-0.1281427936	-0.0521621379	0.0922438592	-0.0640791057	-0.0453107496	0.0765642062	-0.0695807531	-0.0636482285	-0.0175824351	-0.0741136483	0.1023158381	0.1240631791	0.0875789814	-0.0843122454	-0.0248120503	-0.0314433687	0.1693160941	0.03114645	0.0178776311	-0.0018889376	-0.1018814268	0.0543136654	-0.0646034823	0.0389631537	-0.1415668564	0.0213565718	-0.0387978834	0.0687579562	-0.08009268	0.0831222702	0.0309773512	0.0242189427	-0.0390012633	-0.1694415682	0.0086242916	-0.0996738454	-0.1446708569	0.0531689896	-0.0898563022	0.0656307851	0.0253440567	0.0259588582	-0.0579494415	-0.2200758361	-0.0958160864	0.137835491	0.0909907804	0.0009890767	-0.0715245061	-0.020658286	0.0385306808	-0.0909688574	-0.2376870771	0.1278554307	-0.0775030941	0.1743962261	-0.1243015826	-0.0101625925	-0.1159278693	-0.0047774123	-0.042882541	0.1280629385	-0.0647977845	-0.0306349508	-0.1053625095	0.0269859506	-0.0432925077	-0.0393142909	-0.0430203697	-0.0241192066	0.1132375745	-0.0098114232	0.0387615954	0.0775632219	-0.1324472154	0.0971861188	-0.0039523688	0.0033894092	0.0357946	0.0739291879	0.0687035879	0.0728562051	-0.0018414844	-0.1916995291	0.0388482419	-0.1172577286	-0.09283992	0.0285609073	0.0149631818	-1.93444e-05	-0.0444786333	0.0045674839	-0.0025046261	0.1963123373	-0.1405951285	0.0732948416	-0.027249185	-0.127415748	0.1273101376	-0.1364163391	0.0279235188	-0.1241837901	-0.0676648314	-0.0085799886	0.0543911229	0.1038941275	-0.1435674019	0.1089836079	0.1896888966	0.0354142608	0.0960000251	-0.1207094411	-0.0513192429	0.0454844429	-0.1049748499	0.0382951354	0.0047838405	-0.0004339413	-0.033572479	0.0893467861	-0.0836417055	-0.0946800401	0.1195208005	0.1315657494	-0.001855909	-0.1311589682	-0.0204204942	0.023594523	0.0126652922	-0.0003789322	0.0927657132	-0.0013282456	-0.1748629405	0.0261978093	-0.0157778547	0.0763886055	-0.0806494413	0.0720368732	-0.1040438965	0.0804403988	-0.0668843972	-0.1226236969	0.0201788548	-0.0624505233	-0.0542622434	0.1191544118	-0.023788	-0.0044211	1.9546125210000007e-05	0.000565868944	-0.05475	-0.0837943	0.00702148471249	0.0029975625	-0.102584	-0.0253100999999999	0.010523477056	0.0006406011620099	0.0015004	0.000918185	8.430636942250002e-07	2.2512001600000003e-06	8.5652e-05	8.5652e-05	7.336265104e-09	7.336265104e-09	-0.000415599	-0.000260365	1.72722528801e-07	6.778993322500003e-08
272.6971845313731	-0.3316476440996894	74363.75445133777	0.1099901598368742	292.31041598188284	-0.5324756216607511	85445.37929150139	0.2835302876630033	185.75908623052152	-0.0758410868057808	34506.438117198326	0.0057518704478819	187.2260132473788	311.80694864015265	1.133032	21.94631	0.1704487999999999	0.106906	-0.1189487745	-0.1102257385	-0.0726972973	-0.012075316	0.0460488582	0.038674345	0.0491408578	0.075693961	0.0334859922	0.0991922747	-0.1452313232	0.0447081289	0.1251221708	0.0668892319	0.0580255374	0.0567201212	0.0646319484	0.086269296	-0.1226095533	0.0182641702	0.0915918491	0.1067931122	0.0603537496	0.0482059944	-0.0299341694	0.0463742312	-0.025357584	-0.101609496	0.1128750203	-0.1075422839	0.122021494	-0.0052050932	-0.001493296	0.1086544042	0.0266170377	-0.1068328615	0.0004142387	-0.0767983351	-0.0606929494	-0.1100804095	0.1239562126	0.025170611	0.0826846373	-0.0491429075	-0.0016963047	-0.1154995103	0.0089739901	0.010557035	-0.0256241617	0.0211696427	0.2576299645	0.0688639715	-0.0583523698	0.0107880656	-0.1237906067	-0.0420724362	-0.0012902099	-0.0324672983	-0.0665848043	-0.0186119514	0.0096726273	-0.0576170123	-0.0008810847	0.0964261603	0.0761805595	-0.1352000631	-0.0041935278	0.0519355607	0.0661048883	0.0119731293	-0.0481742234	-0.1241814347	-0.0206923176	0.0146090529	0.0791691458	0.0053877717	0.0408865133	-0.1243715536	-0.0982692638	-0.1838248513	0.0679799137	-0.0101600348	0.0011467641	0.0711244807	0.0354774619	0.0432485669	-0.0621715202	-0.1183055358	-0.0300268486	0.0349709222	0.1335409863	-0.1263484361	0.1360215259	-0.0239727868	-0.1014099684	-0.0349325386	0.0664007163	-0.0413086274	-0.0630646612	-0.101133633	0.1766921282	-0.0053220897	0.0459719396	0.0153356887	0.0733316921	-0.0007249129	-0.1110470682	-0.0166915144	-0.0606915714	-0.021988358	0.0591366914	0.0446068834	0.034648913	-0.0731163318	-0.0608056569	-0.0166029985	0.0845667784	-0.0634241009	-0.0245846031	-0.0681235473	0.0860612541	-0.0784619441	-0.1542913025	0.0619160508	-0.0853974581	-0.0870382077	0.174357577	-0.0909960989	-0.064653721	0.0325330426	0.0257081933	0.0018881872	0.0677780774	0.102796221	-0.0161129722	0.0462727581	-0.0296090286	-0.0080595942	-0.115406677	-0.1142826825	-0.0482749209	-0.0301790912	0.0623981845	-0.0647214634	-0.0494296957	0.1182536866	-0.0191238	0.0046642	2.1754761640000003e-05	0.00036571972644	0.0370803	0.0918303	0.00843280399809	0.0013749486480899	-0.0724188	0.0301651999999999	0.00524448259344	0.0009099392910399	0.00083683	-0.00066357	4.403251449000001e-07	7.002844489e-07	-0.0	-8.5652e-05	7.336265104e-09	0.0	-0.000289039	0.00012656	8.3543543521e-08	1.6017433600000003e-08
272.8177428775638	0.1205583461906485	74429.5208288085	0.0145343148362242	291.92436079531086	-0.3860551865719799	85219.83242575084	0.1490386070791262	185.8092367418664	0.0501505113448956	34525.07245859496	0.0025150737881545	187.3704847804458	310.10756672322435	1.099667	21.300035	0.11801255	0.0895616999999999	-0.1050617026	0.0373454734	-0.1188197609	0.0191600108	-0.0497417473	-0.0670156966	0.0954656684	-0.0674193584	-0.0209778454	0.0303510981	0.1085719265	-0.0478988859	0.0024450319	0.0248583087	-0.1287956238	5.63002e-05	0.1178263005	0.0267187393	-0.0089553351	-0.0963363513	0.1107491652	-0.0938254149	-0.0705280946	-0.0457119872	0.0904839026	-0.0737350526	0.1398187228	-0.0005489902	-0.1004459356	-0.0879640919	0.0073168263	-0.097032116	0.0934119121	0.0100302929	-0.0168645343	-0.0040426935	0.0185829389	0.0828803274	-0.0446503691	-0.1041750066	0.074572569	0.021397484	-0.0504401064	-0.1390431999	0.0855304252	-0.0080602324	-0.1082014475	0.1700618101	0.1187593187	0.2154086379	-0.0251340312	-0.0858757286	-0.1385727496	0.0392191333	0.0286037661	-0.1288834862	-0.1074255943	0.1335780339	-0.0037879649	0.0080142566	-0.087650485	-0.0375732727	-0.0059085287	0.0171315004	0.0949299741	-0.1182395453	-0.0508655363	0.1775681885	-0.1312319013	0.0315157457	-0.146862419	0.0410539686	0.0581295148	-0.0064455444	-0.038317303	-0.1204041176	-0.0751595168	0.1449524993	0.0887071282	-0.0469592025	0.0131889015	-0.0587402138	0.1096221921	-0.0018318247	0.0176616395	0.0361245022	-0.0479594542	-0.0138511744	-0.010861037	0.0316356302	0.061917124	0.0824751447	0.0099926218	0.0614980387	-0.0924429692	0.102992412	-0.0524214063	-0.077584241	-0.2724193146	0.0051990162	0.0439711525	-0.1704152264	0.1221694296	0.1454997768	0.2045449772	-0.0650658737	0.0929685425	-0.0625850206	-0.0304072968	0.0117510039	-0.0461152599	-0.0011409475	-0.0135697984	0.0287197069	-0.082965413	0.0570468749	-0.0134122653	-0.1090982454	-0.0728576767	0.0600640773	0.1001417312	0.1075777105	0.1443120649	-0.0035971179	0.0070676638	-0.0728427015	0.1187337823	-0.024121043	0.0648964473	-0.0389974128	-0.054103759	-0.0137560141	-0.0961166959	-0.0657805872	-0.0564603386	0.0079101533	-0.0540027735	-0.0323785049	-0.0441248807	-0.1026544977	-0.0139143039	-0.120949096	-0.0450863453	-0.0669598143	-0.0444976032	0.1168172427	-0.0197586	-0.0006348	4.029710400000017e-07	0.00039040227396	-0.0470553	-0.0841356	0.00707879918736	0.00221420125809	-0.0870173999999999	-0.0145985999999998	0.0075720279027599	0.0002131191219599	0.0012097	0.0003728699999999	1.390320369e-07	1.46337409e-06	-5.293960000000001e-23	-5.293960000000001e-23	2.802601248160001e-45	2.802601248160001e-45	-0.000289038	1.000000000015745e-09	8.3542965444e-08	1.0000000000314906e-18
272.719069829508	-0.0986730480557867	74375.69104867206	0.0097363704126195	292.10402945023213	0.1796686549212722	85324.76402106209	0.0322808255612192	185.84892144305053	0.0396847011841146	34539.82160154517	0.0015748755080724	187.28987548409967	311.0987774849945	1.019573	19.748661	0.101915275	0.0735716	-0.087957484	0.0872437657	0.0337226408	-0.0728981751	0.001531087	-0.0851993705	-0.0729446299	-0.0029865584	-0.0111704274	0.0660319278	-0.0501730338	0.1040151744	-0.108718089	0.0084708599	0.0089911639	0.0353794903	-0.003152932	0.0318024655	-0.1114293684	-0.0115616306	-0.0536050011	-0.1055486682	-0.08411067	-0.0307315629	0.1560275819	0.1005873764	-0.0478000469	-0.0304112012	-0.0412808878	-0.0467705898	0.0589433528	0.1311035232	-0.0905987016	0.0182320882	0.0395023858	-0.0030844352	-0.0159520714	0.078721422	-0.0493648707	-0.0307209142	-0.0028978735	0.1420771243	0.0730173188	0.0136694982	0.1693951589	-0.0610430797	-0.0235671462	0.1142839517	-0.1014177035	-0.059348133	-0.0777765144	-0.0482764145	-0.0633961362	0.0657281324	0.0397986856	-0.026461245	-0.0668740201	0.0035621456	0.0043898509	0.2029665683	0.0945719207	-0.0080531599	0.1799742435	0.143180958	0.0547586903	0.0833338911	-0.1275713846	0.0048765041	0.0811959307	-0.0289817625	0.006730465	0.1184862262	0.0601580124	-0.0833709601	0.1192470899	0.0870209291	0.0756896743	0.0848696513	0.0490171138	-0.0901545433	0.0092780269	0.0423767485	-0.0101403698	0.032886649	-0.0358121547	-0.0616908057	-0.0474810993	0.0632727371	-0.0706774803	-0.0850883833	0.1306423631	-0.0906294794	0.0624124033	0.0527017297	0.0025789874	0.141102364	0.0696507766	0.0843968588	0.029848572	0.0722096699	-0.144658824	-0.1175619771	0.0985134267	0.0110782568	0.0687374492	-0.07774443	0.0732386785	0.0251970522	0.1403863886	0.0475858805	-0.0366926319	0.0081740373	0.2040672759	-0.0575462259	-0.004467869	0.0216988481	0.1070442007	-0.0837002113	0.0684187967	-0.0363026188	-0.1051296275	0.055649689	-0.0366894508	0.0125865948	0.1023977769	0.0272320243	0.0364339603	-0.1152424899	-0.0461114415	-0.0742692656	-0.008552512	0.0021053126	0.0806145338	0.0687841585	-0.053697568	0.0756969447	0.0125927827	-0.1220065872	-0.0474374499	0.081448844	-0.061204961	-0.0130125571	0.062080341	-0.0691644489	-0.0394758984	0.1148515874	-0.0180008	0.0017578	3.0898608400000014e-06	0.00032402880064	0.0216149	0.0686702	0.00471559636804	0.0004672039020099	-0.0909252	-0.0039078000000001	0.0082673919950399	1.527090084000078e-05	0.00083518	-0.0003745199999999	1.4026523039999996e-07	6.975256324000001e-07	6.96475e-05	6.96475e-05	4.85077425625e-09	4.85077425625e-09	-0.000181616	0.0001074219999999	3.2984371456000004e-08	1.1539486083999997e-08
272.9958950625384	0.2768252330304221	74526.75872099648	0.0766322096423475	292.7328349245187	0.6288054742865938	85692.51264294553	0.3953963244927882	185.8602709532512	0.0113495102006595	34544.04031881595	0.0001288113817948	187.28042198213043	311.6051238074096	1.03326	20.013765	0.126950925	0.071524	-0.0358167838	-0.0464322509	0.1000452429	-0.0409232219	-0.1008756483	0.0912902826	-0.0781524067	-0.0494041421	-0.0018389376	-0.0873068551	0.0027638456	0.1194133054	0.0192656814	-0.0519199419	-0.0519078115	-0.1092955847	0.1930560788	0.0326616202	-0.081926155	0.0678820451	-0.1227048206	0.0769023386	-0.1057078177	0.006152515	-0.0686377146	0.025689661	-0.0681950534	0.043581385	-0.0439497139	-0.0023341318	0.075546088	-0.0809659087	-0.1324011066	0.0888319868	-0.0946003865	0.0062754012	-0.0325837765	-0.0743588299	-0.1266570408	0.0164714331	0.0349561946	-0.0402698189	0.0983793347	0.0429146042	0.1583719314	-0.0574548844	0.1253505006	0.0058804711	0.0257766015	0.1187828889	-0.1345091546	0.1309553215	-0.0563426638	-0.053010693	0.1706084215	0.1638092729	-0.0645967259	-0.0228466362	0.0434824399	-0.0953639287	0.0776351121	-0.110703997	-0.0294481236	-0.0258003215	-0.0238716105	0.047547183	-0.0933936595	-0.0011690149	0.2020214079	-0.0496834009	0.1360578575	-0.0047651885	0.1115175618	0.0453351126	-0.0923771218	0.0658075953	0.0084680129	0.019552795	0.0019211169	0.017825634	0.0682075725	0.0241787941	-0.0394336096	0.0161380348	0.1186261212	0.0094514228	-0.0124817517	-0.0773114603	-0.1182422227	0.0765556894	-0.0318226226	-0.0203829978	0.1489517826	-0.0679444002	0.1029239186	0.1385228714	-0.0770272461	-0.0052686291	0.0304462616	0.2608272595	0.0317363835	-0.0437601682	0.1023559486	0.1191765863	-0.0888215176	0.0031520928	-0.094279706	0.1749502572	0.0173784311	0.0628492548	0.0107346629	0.0313982367	-0.0662565417	-0.0573557302	0.2491332662	-0.0640291396	0.0102093771	0.0816098088	0.0300486425	0.0870144609	-0.0862716353	-0.102146498	0.0683211366	0.0894007389	-0.0680443286	-0.0438568616	0.0013693073	-0.0249911578	0.0070195443	-0.0853840685	0.119962244	0.1023104672	-0.0961109887	-0.0024360639	-0.0441975381	-0.0301195	-0.0971801866	0.0056326266	0.0528240004	0.1058376604	-0.0675476334	-0.0411549304	0.0875788148	-0.0713342571	-0.0343746944	0.1123656258	-0.0152001	0.0028007	7.843920490000008e-06	0.0002310430400099	-0.0272266	-0.0488414999999999	0.0023854921222499	0.00074128774756	-0.119116	-0.0281908	0.014188621456	0.00079472120464	0.00153782	0.00070264	4.937029696e-07	2.3648903524e-06	-0.0	-6.96475e-05	4.85077425625e-09	0.0	-0.000351687	-0.000170071	1.23683745969e-07	2.8924145041e-08
272.7816693504475	-0.2142257120909221	74409.83913361686	0.0458926557208626	291.9176509851909	-0.8151839393278237	85215.91495671173	0.664524854938029	185.904186287586	0.0439153343347982	34560.366479249475	0.0019285565897371	187.33315112676053	310.31176222969384	1.101286	21.331394	0.153546095	0.0911051	0.0428670888	-0.1121395061	-0.0384524179	-0.0058631985	0.0570797988	0.0623999318	0.047669253	0.1234091902	0.0662211769	0.0099698046	-0.117904435	-0.02876855	-0.0217560758	0.0637468112	0.0297050732	0.0320136566	0.0566014167	-0.0151515941	-0.1060099939	0.0246019631	0.0489134962	0.0900150923	0.1402971147	0.0254431081	-0.0675488884	-0.0167738895	0.0062879033	0.0212857877	0.1801534812	-0.0128548174	0.0091753495	0.0350347744	-0.1266438223	-0.0141142684	-0.0177031118	0.02945578	0.0248870162	0.0227719821	0.0074075505	0.0103305917	-0.1075577228	-0.0304483081	0.0493284276	0.0361123205	0.0990827005	0.0234004595	-0.0188560501	0.0089045843	-0.0969437483	0.0729202525	0.0544822902	-0.0049866598	0.0936889433	-0.0607874836	0.1388229312	-0.0426379373	-0.0147207685	0.1181982104	0.0023420348	-0.0730654285	0.1399830145	0.0750372929	-0.0243728319	-0.0821422522	0.196821512	0.1893677935	-0.0032375519	0.1531096338	0.0281915304	-0.0914311985	-0.012315065	-0.0952282381	-0.0906628334	0.0388576748	0.0154025876	-0.0859370045	-0.0052407165	-0.1198518168	-0.1351058443	0.0190321282	-0.0598626721	-0.0270885712	-0.0555894095	0.0735601032	0.0968257462	-0.0744639586	0.0472883173	0.0367000141	-0.0257773203	0.020776978	-0.0455668233	-0.0895592716	-0.0199435142	0.0169655067	-0.0718418256	-0.0407933893	-0.1015821541	0.0588584408	-0.0306068334	0.2004304091	-0.0150817574	-0.0168723025	-0.0516778775	-0.0643918698	-0.0396456564	0.0025404077	0.0844530288	0.0041982366	-0.0807499075	-0.0617170328	-0.0683777748	-0.2573865975	0.1987188577	0.0033293576	0.1914167077	-0.0415225765	0.0835005702	-0.0557811233	-0.1318569	-0.1040699384	0.0696222263	-0.0884096434	-0.063282018	0.0868575162	-0.0733512096	0.0427693657	0.1403674012	-0.006106447	-0.0094999127	0.0169694222	-0.0424193188	0.0079947983	0.0785984501	0.091944309	-0.0651682204	-0.1126560948	-0.0651732164	-0.0128863001	-0.0341020713	0.0716829543	0.0400813568	0.0301569009	0.0485031926	-0.0734681463	-0.0292042644	0.1093706198	-0.015207	-6.900000000000656e-06	4.7610000000009045e-11	0.000231252849	0.0390411	0.0662677	0.00439140806329	0.00152420748921	-0.0874294	0.0316865999999999	0.00764389998436	0.0010040406195599	0.000699328	-0.000838492	7.03068834064e-07	4.890596515840001e-07	8.50893e-24	8.50893e-24	7.24018897449e-47	7.24018897449e-47	-7.84811e-05	0.0002732059	6.1592830572100015e-09	7.464146379480999e-08
272.9272462522504	0.14557690180294	74489.28174683654	0.0211926343385428	292.0853094232675	0.1676584380766144	85313.82798088592	0.0281093518582899	185.89226917138785	-0.0119171161981341	34555.93573768772	0.0001420176584798	187.37284052344293	308.6510405011766	1.110642	21.512615	0.175877495	0.107664	0.0815955503	0.0445210007	-0.119200847	0.0382814802	-0.1182783585	-0.04526387	0.1190354261	-0.0605738177	-0.0640551916	-0.0765723616	-0.0197851045	-0.0175233352	-0.1101702366	0.052141934	-0.0673264555	-0.050417005	0.1283417508	-0.0339719062	-0.0094698861	-0.0457961193	0.0884583631	-0.0222637208	-0.1383784325	-0.098481948	-0.026551256	-0.1203172265	0.0678589788	-0.0459385427	-0.0337321015	-0.082163987	-0.209644373	-0.0698444089	-0.0425091011	0.0065647677	0.0057410659	-0.0572361323	-0.0090690499	-0.0384550304	0.215123544	-0.1094291567	0.017270315	0.049966252	-0.0703076506	0.0226579735	0.0610416251	0.1029869479	-0.0576164456	0.0195820422	-0.0565007181	0.0650190386	0.0405305081	-0.0967179417	0.0287339504	0.1387285067	0.0235678784	-0.0060347226	-0.0296856336	0.0647040601	0.0195947573	-0.1624210527	0.0471265888	-0.0934170178	-0.0387837738	-0.1763384839	0.0559640488	-0.0246603399	0.0610235252	-0.0123500245	0.0485109238	-0.2073398101	-0.1031439121	-0.0147965303	0.1088049141	-0.0449877715	-0.1078344583	-0.0889260138	-0.1182051237	0.0174018636	0.1479130302	-0.0070903926	-0.1904063346	-0.0992468164	0.0111207894	0.0327352264	0.0341486488	-0.0023971772	-0.0469990865	-0.102353915	0.1361315717	0.0959602602	0.0290324838	0.0388735063	-0.0892518602	0.0998782585	0.0076943371	0.0085857827	-0.0011908035	0.1273275748	0.027678415	0.0143911407	-0.0172728483	-0.100826029	-0.1465885271	0.0824096291	0.095760309	0.0406905193	0.0389799805	-0.0517529163	-0.1460640817	-0.1692024104	-0.0302342719	-0.0604797132	-0.028257081	0.0599967379	0.0386547656	-0.1044702595	0.0568422462	0.1565946182	-0.0277252847	0.1100910205	0.1071193828	0.0937040154	0.0131365299	-0.0077108583	0.0244355978	0.0055958434	0.0529158342	0.0308622945	0.1846692831	-0.0093501551	0.0405354302	0.0703563824	-0.0947944047	-0.043241918	-0.0312679529	-0.0906066651	-0.0547773173	-0.1369301445	-0.0502554013	-0.0340267746	-0.0829756313	-0.0689156323	-0.002791043	-0.0755650422	-0.0239750208	0.1058801375	-0.0219935	-0.0067864999999999	4.605658224999999e-05	0.0004837140422499	-0.052408	-0.0914491	0.00836293789081	0.002746598464	-0.112298	-0.0248685999999999	0.0126108408039999	0.0006184472659599	0.00140501	0.0007056819999999	4.979870851239999e-07	1.9740531001e-06	-9.28651e-23	-1.0137403000000001e-22	1.0276693958440901e-44	8.623926798009999e-45	-0.000428265	-0.0003497839	1.83410910225e-07	1.2234877669921e-07
272.9100253625388	-0.0172208897116092	74479.88194338158	0.0002965590424594	292.65811651978044	0.5728070965129177	85648.77316490537	0.328107969815559	185.91888617499072	0.0266170036028654	34565.832236549155	0.0007084648807949	187.3434846083397	310.759497451178	1.106685	21.435982	0.1751075	0.110373	0.0678464402	0.0793129525	0.0332963861	-0.086463313	0.034289375	-0.0992508384	-0.087902898	0.0621416173	-0.0393852996	-0.0055520671	-0.0194129084	0.0674155565	-0.1354040928	0.0131813086	0.0438606137	0.0962900794	0.0119863526	-0.0346485602	-0.1393626277	-0.0375057521	-0.0645574418	-0.082389671	0.0105921436	0.0188431734	0.1619852118	0.0847275853	0.0101740252	0.0136762167	-0.0446975861	0.0103566245	0.0407659414	-0.0349659236	0.0466807348	0.0509121031	0.0057759036	-0.0654229405	-0.0362829383	-0.0154788603	0.0756153389	0.058563356	0.0955373235	0.0728581572	0.0019055446	-0.0498093555	-0.041958142	-0.0508392193	-0.0124162642	-0.2004945401	-0.0728088671	-0.0494081135	0.0777708726	0.0773644327	0.0733460681	-0.0219998299	-0.117369642	0.057589539	-0.0284326443	0.0998462874	-0.1192335857	0.1278099777	0.0140846574	-0.0558364079	0.1442097541	-0.1758070803	-0.0350765097	-0.1221330863	0.2182110022	0.0144156136	0.1138517764	-0.0486187059	0.0279517029	0.1124447494	0.0152304904	-0.0401858132	0.145235822	-0.0060954629	0.0928594522	0.1095736754	0.0128029004	-0.0112016657	0.0128126074	-0.0074273544	0.0015292025	0.0246229629	0.0174483977	0.0216112567	-0.0338841571	-0.0809688642	0.0487440548	-0.1289446727	0.0383583091	-0.0107698794	0.0384058355	-0.0408646763	-0.0496762681	-0.1753310465	-0.024742143	-0.0172532194	0.1674430713	-0.082862438	0.0293477148	0.0260545216	-0.0171607678	0.0322906151	0.0114928691	-0.0431797325	-0.0511148867	0.0520888731	-0.0276761053	0.0553890504	-0.0607800215	0.033092126	0.0710369457	-0.0710554038	-0.1895199237	-0.1878789274	-0.0647354652	0.1222159679	-0.1665091862	-0.0841633678	-0.0936015287	0.0595013761	-0.0997893512	0.0463641014	0.1172656951	0.1093599289	0.0461139825	-0.0962027078	0.0173729053	-0.0580985651	0.0704554853	-0.000569015	0.0730905104	0.1448232357	-0.0304560537	0.0096314887	-0.0039237933	-0.0654206259	-0.0114319112	0.0617727308	0.0545506987	-0.0230124167	0.0117285249	-0.0776238888	-0.0186974948	0.1019099918	-0.0151979	0.0067955999999999	4.618017935999999e-05	0.00023097616441	0.0421183	0.0945263	0.00893522139169	0.0017739511948899	-0.0859442	0.0263537999999999	0.00738640551364	0.0006945227744399	0.000649417	-0.0007555929999999	5.709207816489999e-07	4.21742439889e-07	5.3817e-05	5.3817e-05	2.896269489e-09	2.896269489e-09	-0.000289039	0.000139226	8.3543543521e-08	1.9383879076e-08
273.0925476318775	0.1825222693386763	74579.53957206928	0.0333143788045403	293.00176888829435	0.343652368513915	85850.03657166945	0.1180969503852236	185.8768051764488	-0.0420809985419055	34550.18670260351	0.0017708104382838	187.2695347174234	309.65298144190467	1.120633	21.706142	0.15445138	0.102237	0.0520136371	-0.0763370555	0.0895481756	0.0213445769	-0.1022778548	0.1268603243	-0.022593486	-0.0462719102	-0.0581629091	-0.0338249663	-0.0198960161	0.0872517919	-0.0888712063	-0.1256842255	-0.0960848561	-0.0772745822	0.0001776373	-0.0438740303	-0.0464055378	0.0507210933	-0.1047082294	0.0742757224	-0.101999255	-0.0434180323	0.0881803242	-0.0568776634	0.0102900415	0.1456940935	-0.0870035215	0.0830855385	0.0032017273	-0.0219850643	0.0826841573	-0.1030646989	0.0992284429	-0.0291023364	0.1048128656	0.0181849938	-0.0905056107	0.005980834	0.162230851	0.0960511472	-0.0104562492	0.0623203255	0.1153513165	0.0614477378	-0.0098973985	-0.0805272116	0.0082089563	-0.1404475844	-0.0549548392	-0.033245132	-0.0919139451	-0.2059432942	-0.0463825235	-0.0513186839	0.149137216	0.0974683323	-0.0089297898	0.0708010857	-0.0672737814	0.0259381491	-0.069429937	0.0102255175	0.0046991977	0.0154411952	0.0542055778	0.112073708	-0.139170041	0.0037928356	0.1240944898	-0.0235031268	0.0843908908	-0.0520017583	-0.0060239624	0.0140073991	-0.05448182	0.130796882	0.0123224171	0.0574845934	-0.0181237652	0.1038611834	0.0462170537	-0.1429953014	-0.0229347319	0.0525052947	0.0624434397	0.0405884386	0.0574386925	-0.0643141517	0.1333665148	0.1055200589	0.0936384628	-0.0180897439	-0.0533867429	0.0142271951	-0.0264346358	0.0865838614	0.0588942164	0.0001008859	-0.0217403751	0.0001782611	0.2400522617	-0.1850345214	-0.1045549457	-0.0013695654	0.0747539208	-0.0224274226	-0.014579239	0.0191461942	-0.0884496586	0.0739892756	-0.0462417094	0.0204080251	-0.0520776809	0.0686680876	-0.0502799114	-0.0306472537	-0.0936999158	0.0960430628	-0.0316320452	-0.1184856262	0.0555494338	-0.0457147135	0.0237820802	0.0078642872	-0.012547736	-0.1223338591	0.0809386334	0.1297489158	0.0750854645	0.1362437568	-0.0643786905	0.0227479331	0.0039715348	0.0087091223	-0.1800281446	-0.0472366658	-0.0878027401	-0.1448339656	-0.0156196192	-0.0182458515	0.0712050858	-0.0796436494	-0.0133823145	0.0974781683	-0.0241979	-0.009	8.100000000000002e-05	0.00058553836441	-0.0474158	-0.0895341	0.00801635506281	0.00224825808964	-0.109866	-0.0239218	0.012070537956	0.00057225251524	0.00128813	0.000638713	4.07954296369e-07	1.6592788969e-06	5.50136e-05	1.1965999999999946e-06	1.431851559999987e-12	3.0264961849599997e-09	-0.000289039	0.0	8.3543543521e-08	0.0
272.90599947823205	-0.1865481536454467	74477.68455121279	0.0348002136285252	292.1231016264436	-0.878667261850751	85335.90650385349	0.7720561570482961	185.75977151197432	-0.1170336644744907	34506.692712180906	0.0136968786203276	187.18845389224848	310.98048765329526	1.204529	23.331175	0.20380827	0.124814	0.0754320784	-0.0901689409	-0.0709595947	-0.0223683601	0.1401377056	0.0071314099	0.0581471785	0.1956994263	0.0677978198	-0.0217916605	-0.0417626128	0.0475863896	0.029584488	-0.0715936109	0.0856138878	-0.0022954251	0.0353681584	-0.1444118366	-0.0928662758	-0.0111665688	0.1150635494	0.0498754078	0.1346124386	0.03907565	-0.0349383576	0.0582441632	-0.0566802068	0.021766436	0.0766627517	-0.0232875962	0.0541497907	-0.1261760728	0.0611094507	0.0621896068	0.0320333704	-0.1506349165	-0.1294176417	-0.0704905725	-0.0789698137	-0.1221299068	0.1429008612	-0.1290713968	-0.0754955628	-0.0180345442	0.0150982727	-0.0962869121	0.0346827065	0.09005844	0.1742534769	0.0048254205	0.0269080556	-0.0245551228	-0.0695011089	0.002823372	-0.0099018977	0.0144754124	0.1325531801	-0.0272276302	-0.0932343509	0.0335571026	-0.0290261491	-0.0389976288	-0.1064424235	-0.0336695496	-0.0379087193	0.1313156368	0.0119660759	-0.1319094655	-0.000525281	-0.2377264169	-0.0732232211	-0.1018819568	-0.1297711142	0.0074699283	0.0181433147	0.0145487094	0.0616542932	-0.0465888391	-0.1294658672	-0.027746832	0.0491754688	-0.0189443315	0.0767378617	-0.0682651517	0.0223498629	0.0670960153	-0.2081356724	-0.17628882	0.004179161	0.1458097428	0.0918564671	0.1303459244	0.0818132623	-0.0579821822	-0.027398458	0.0836870032	0.0198716049	-0.1340448957	-0.0972581334	-0.0555099331	0.0659645567	0.0706202009	0.0201812292	-0.0422633151	-0.0026667073	0.0234357489	0.0847279753	0.0767715488	-0.016202064	-0.1169986115	0.1974936742	-0.0200587206	0.0567972869	0.0913276865	0.0211050732	0.0240513971	0.198662199	0.2504482762	0.0546640812	-0.1672302267	0.0956196643	-0.0427941589	-0.0666060152	0.093845342	-0.0159795594	0.0024878123	-0.0732871299	-0.0964088526	-0.0066217975	0.0878403797	0.0829352574	-0.1003159649	0.0043368605	0.1360395022	0.1014845829	0.0723353443	-0.0317653442	0.0058907185	-0.0174119232	0.0487119965	0.0972433391	-0.1396853308	-0.1229610461	-0.081623307	-0.008040184	0.0926047444	-0.0196236	0.0045743	2.092422049e-05	0.00038508567696	0.0573	0.1047158	0.0109653987696399	0.0032832899999999	-0.0640671	0.0457989	0.00410459330241	0.00209753924121	0.000588862	-0.000699268	4.88975735824e-07	3.46758455044e-07	-6.79718e-05	-0.0001229854	1.5125408613160003e-08	4.620165595240001e-09	-0.000136907	0.000152132	1.8743526649e-08	2.3144145424e-08
272.6528360395073	-0.253163438724755	74339.56900038644	0.0640917267069427	292.0256373073515	-0.0974643190921256	85278.9728447648	0.0094992934960916	185.8162119002939	0.0564403883195723	34527.664604974925	0.0031855174336641	187.35645517614128	307.2079951146336	1.232896	23.880632	0.24082469	0.149577	0.0712087588	0.09056671	-0.0580293309	0.1005410948	-0.0791337827	-0.0786502977	0.0785034343	-0.1014854487	-0.0043085157	-0.0319782249	-0.0340649152	-0.1512617039	-0.0588789401	-0.0701783648	0.0278798307	-0.0974331844	0.0908803528	-0.0099466473	-0.0818194487	0.1152087441	0.0428271098	-0.1340007639	-0.056214927	0.0128915573	-0.1593893807	-0.0497644125	0.0659846935	-0.0233046018	0.06661021	0.0918170319	-0.0710620711	0.0316599658	-0.0234562618	0.0331323046	0.0690486934	-0.1006752466	-0.0530435313	0.0245614305	-0.1010269678	0.0267364805	-0.01504115	0.0623834642	0.0920836073	-0.0041866761	-0.0009741094	-0.1137831525	-0.1165417391	0.0132208929	-0.1298937607	0.0935984587	-0.1046897381	0.2179875602	-0.0107570825	0.0224153771	-0.0501679967	-0.0114201191	-0.096330924	-0.1093997919	0.0730427677	0.0834224009	0.0208198839	-0.1466145005	-0.1438688588	-0.0621317605	-0.0285654956	-0.0003919053	0.0927381344	-0.2209510497	-0.1370778152	0.1273030003	-0.1158753713	0.1016648307	0.0434786031	0.0525795851	-0.1043103529	-0.036371027	-0.060906694	-0.1013334242	-0.0259089833	0.0347612574	-0.0382256953	0.0741032071	-0.1044725191	-0.064450159	-0.0693967756	0.0387493721	-0.120613176	0.015437198	-0.0480563001	-0.1043202171	0.0382259383	-0.1138082412	0.0861421918	-0.0985313462	-0.0271819579	-0.1612664025	0.0366796644	0.0265031852	-0.0337779901	0.0149753513	-0.0593375138	-0.0475321191	0.063104602	0.1683144562	0.0156942965	0.0171613603	-0.1594206874	-0.0626102032	0.0442856003	0.0894863832	0.0095945974	-0.0577410975	-0.026023136	0.2787560993	0.0920946449	0.0273462213	-0.0294029736	0.0793695049	0.1227361502	0.1399505616	0.0586728909	0.1325381893	-0.0352669888	-0.0427858603	-0.0865827291	-0.0108994964	0.0832000403	0.0306969914	0.0532710185	0.1911715687	0.1175481097	0.0645513959	-0.0274464848	0.1206004793	0.0236159598	0.0737601019	-0.0239034811	0.0254016326	-0.0142900503	0.1120713296	0.0331655747	-0.031562057	-0.0232597336	-0.0835618648	-0.0026818616	0.0873117978	-0.031556	-0.0119324	0.0001423821697599	0.000995781136	-0.0705308	-0.1278308	0.0163407134286399	0.00497459374864	-0.107797	-0.0437299	0.011620193209	0.00191230415401	0.00151539	0.0009265279999999	8.584541347839999e-07	2.2964068521e-06	-0.0	6.79718e-05	4.620165595240001e-09	0.0	-0.000289039	-0.000152132	8.3543543521e-08	2.3144145424e-08
272.62944102680524	-0.0233950127020534	74326.81211458828	0.0005473266193292	291.820617136244	-0.2050201711074919	85159.2725857783	0.0420332705609452	185.64466282601032	-0.1715490742835754	34463.940835783054	0.0294290848875516	187.0960060948834	307.2306518620145	1.0479	20.297331	0.1551751	0.105902	0.0542969102	0.1210936797	0.0552785804	0.0501883718	0.0724446259	-0.1057824966	-0.057889193	0.016932979	0.0392896372	-0.0118440159	0.1309386802	0.005962102	-0.0624857379	-0.0426981497	0.2311248549	0.001714676	0.0063256081	-0.0130532058	-0.0053334564	0.1412825441	-0.0468313604	-0.062753989	0.0678298716	-0.0921749915	0.073127879	0.0488098045	-0.036639983	-0.0367058157	-0.0206035788	-0.099146924	-0.0234783697	-0.0917708459	-0.0509276561	-0.0341190414	-0.0529438158	-0.0847063311	-0.0174316821	-0.0553928396	-0.0036407446	0.0805998181	-0.0031367798	-0.0525839523	0.1412465713	0.1402611164	0.0255072513	0.174004126	-0.1265004924	0.026628593	0.1074755541	-0.0057890157	-0.0188191125	-0.0117982111	-0.0055303804	-0.1758132119	-0.0062066752	-0.053925562	-0.1549137828	0.0141746971	0.1284834091	0.1548257272	0.0630782148	-0.0014650494	-0.1261406707	-0.0468594583	-0.0521479471	-0.1591674999	-0.0722477452	-0.0274360862	-0.0891620812	0.0766527133	0.0180907512	0.0773686646	-0.0425793345	-0.0985698833	0.0404411494	0.0286253481	0.0988821235	-0.0066328774	0.0495761499	-0.0356600639	-0.0450454834	-0.1005354498	-0.0038268426	-0.0282224592	0.0401137785	-0.0250562669	0.0306567752	-0.072343731	0.0319991479	0.0580466464	-0.1784348512	-0.0047582895	0.1175933912	0.0912803426	0.055001115	-0.0642212828	-0.0718851124	0.158629105	-0.2086233093	-0.0212961477	0.0104278131	-0.0120675351	0.1162770353	-0.0665420826	-0.0910818276	-0.1994716495	-0.0413389357	-0.0015478441	-0.0409113601	0.190793896	-0.0866753086	-0.0039707062	-0.0849731195	0.1484779008	-0.0495202904	-0.0204014981	-0.1082223119	-0.0006459038	0.0845132793	-0.058664605	-0.0801197359	0.1001167219	-0.0335698964	-0.0024711692	0.1015747304	0.0230572877	-0.0246845612	-0.0988611022	-0.0159653293	0.1554100173	-0.009020736	-0.156975868	-0.0959023402	-1.66067e-05	-0.0771555511	-0.1551852963	-0.0858158315	0.1555991224	0.023677998	-0.0228497806	0.044142851	-0.1505272233	-0.0639979756	-0.0854583468	0.0026818616	0.081623307	-0.032358	-0.0008019999999999	6.432039999999955e-07	0.001047040164	0.0207063	0.0912371	0.00832420841641	0.00042875085969	-0.0793755	0.0284215	0.00630047000025	0.00080778166225	0.0008210999999999	-0.00069429	4.820386041001387e-07	6.742052099998358e-07	-0.0	0.0	0.0	0.0	-0.000289039	0.0	8.3543543521e-08	0.0
272.3060848098115	-0.3233562169937158	74150.60382444826	0.104559243068487	291.65101773014385	-0.1695994061001329	85060.31614302869	0.0287639585495178	185.6987284566233	0.0540656306129676	34484.01775040671	0.0029230924135778	187.0876296345046	305.40947959339985	1.058146	20.495796	0.1189949999999999	0.0741563999999999	0.0332855074	0.0283888921	0.1617619232	0.1348026681	-0.0097342388	0.0473815678	-0.1056993594	-0.1102559777	0.1353983946	-0.0286983103	-0.0795445286	-0.0984095182	0.1038256584	-0.0911107397	0.0436212831	-0.0966067011	-0.0650762509	-0.0431167847	0.0654208348	0.0874306982	-0.1015331617	0.0235030456	-0.007325539	0.0068647255	-0.0994951349	-0.0625989912	0.0479238753	-0.0803505678	-0.0020110277	-0.0215261141	0.018734338	-0.1012863364	0.0744125624	-0.0538617469	0.1493846166	0.1229306434	0.030219988	-0.1414145799	-0.0048703558	0.256467434	-0.0309572981	-0.0789017538	0.0623422687	0.0679137587	-0.0258750651	-0.0279979427	0.0140629375	-0.0893244875	-0.0124864511	0.0786965147	-0.0153791952	-0.1633086856	-0.0061448252	0.0005998286	-0.0786842598	-0.0169196268	-0.0939376479	-0.0001672439	0.0140148176	0.0269675127	0.0380704218	0.1528865385	-0.1170494384	0.0103859055	0.0455413291	0.0454881346	0.0409315429	0.0624752411	0.0837929016	-0.097687765	0.1099438054	0.0092737226	-0.0318422742	0.0472382179	-0.0836881721	0.0015408457	-0.106512901	-0.078132968	0.0456637592	-0.0211667084	0.0970253746	-0.1506419401	-0.0324385549	-0.1224341828	-0.1208292804	-0.0238651906	0.2195687464	-0.0921502559	-0.0320506356	-0.0712009157	-0.0908619768	0.0096311944	0.0527299748	-0.1169297319	0.0450449223	0.0061570122	-0.0140688131	0.0108712716	0.0596365736	-0.0198807663	0.0212201657	-0.0479257351	-0.0794718753	-0.0957669327	0.0927936617	-0.0264940873	-0.0264435407	-0.0101460419	0.0029508736	0.1104417157	0.0582364737	-0.1609401179	0.0435576579	0.0198696525	-0.0237795386	0.0897387806	0.0116244225	0.0727151995	-0.140778266	0.0554506649	-0.1132880461	-0.0661711946	0.0091397067	-0.0209753531	-0.1565681983	-0.0652485741	-0.0150841069	0.0095081531	0.0586209469	0.1061199214	0.0248498167	-0.0504490433	-0.0074101741	-0.0119636348	0.0789445809	-0.1431417666	0.0676132502	-0.0263447619	-0.0395814321	0.1509921192	-0.0494278824	-0.1051162983	0.0618691381	-0.0873117978	0.008040184	0.0755650422	-0.0295486	0.0028093999999999	7.892728359999982e-06	0.00087311976196	-0.0355193	-0.0562256	0.00316131809536	0.0012616206724899	-0.111237	-0.0318615	0.012373670169	0.00101515518225	0.00138307	0.00056197	3.158102809001123e-07	1.9128826249e-06	-0.0	0.0	0.0	0.0	-0.000289039	0.0	8.3543543521e-08	0.0
272.7398708360908	0.4337860262792787	74387.0371436875	0.1881703165951671	291.6371921581458	-0.0138255719980406	85052.25184988727	0.000191146441073	185.725408239743	0.0266797831197038	34493.92726581919	0.0007118108273144	187.11641435494712	306.5666273032977	1.099171	21.290432	0.1234125	0.0733527	0.0231627359	-0.0721849532	-0.0026363814	0.162731864	0.0745706834	0.103744697	0.0641403329	-0.0219929935	0.0775092883	0.0272512446	0.1032067708	-0.0578977428	0.0862823831	0.1110950887	0.0780808588	0.0802032625	0.0167010868	-0.0305765532	0.0159790587	0.1400715934	0.0466921975	0.089323226	0.0587473453	-0.0601767813	0.043422285	0.0450318053	0.0095568251	-0.0534441457	0.0643198469	0.0232129866	-0.1445398165	-0.0221538222	-0.0332005994	-0.1202845801	-0.0010066019	-0.0829137586	0.0604891961	-0.1409504599	0.0403046893	-0.0545178911	-0.0251461271	-0.1639933046	-0.0691275463	-0.0754085871	-0.0611834144	0.0597221837	0.0798030719	0.0145641273	-0.1569720985	-0.0029060337	-0.0479469835	0.0485453443	0.1013275012	-0.0355936	0.239781679	-0.1090217451	0.0223472181	0.0047833535	0.0873187312	-0.0535321023	-0.0143584721	-0.0786516089	-0.0272089915	0.0539725922	0.0151744003	-0.2637045616	-0.0877076713	0.0411793413	0.233139104	0.1596140545	-0.0129832208	-0.0904224642	0.0122834279	-0.0673697862	0.0379514183	-0.0502008576	0.0518937605	-0.074248311	-0.0402438471	0.0279975177	-0.0670113446	-0.0795529208	-0.0500958216	-0.1008790462	-0.0131986931	-0.0323077672	0.0849630913	-0.0237603835	0.1197387358	0.1812118217	-0.1170212296	-0.1148187712	-0.0334600218	0.112042089	-0.0560190856	-0.143846079	0.0539442881	-0.0721850035	0.0784363878	0.1797041168	0.1012290778	-0.0158304902	-0.0412913613	0.1135335474	-0.0797576674	-0.1078981854	0.1294746142	-0.04222767	-0.1259234576	-0.0242072772	-0.0517142935	0.0612634831	-0.1476498475	-0.0506462605	-0.0170041204	0.0087353137	-0.0743199808	-0.1240453252	0.1114753086	-0.0608735018	0.0810359941	-0.0595366287	-0.06613365	0.0435373945	-0.028183839	-0.0211241492	0.0939578838	0.0843074084	-0.054295584	0.0541463865	0.0707987038	-0.1850404283	0.1043895856	0.1257349338	0.0021121618	-0.0866165952	-0.1066635326	0.1146955301	0.143437055	0.0679252707	0.107652198	-0.0042880747	0.1002980926	-0.0891212848	0.0133823145	0.0691644489	-0.032685	-0.0031363999999999	9.837004959999983e-06	0.001068309225	0.0244827	0.060002	0.0036002400039999	0.00059940259929	-0.0872807	0.0239563	0.00761792059249	0.00057390430969	0.00087248	-0.0005105899999999	2.607021480999999e-07	7.612213504e-07	-0.000108166	-0.000108166	1.1699883555999998e-08	1.1699883555999998e-08	-0.000181439	0.0001075999999999	3.2920110721000005e-08	1.1577759999999996e-08
273.0509134954821	0.3110426593913189	74556.80136071726	0.096747535961224	292.2822107357215	0.6450185775756836	85428.89071256071	0.4160489654177581	185.8710201822244	0.1456119424814232	34548.03614358087	0.0212028377932133	187.3189814027608	309.6284675925436	1.203187	23.305174	0.1141570449999999	0.0662151	-0.0395133441	0.1265613738	-0.0392805397	0.0630377574	0.0270162326	-0.0983321946	0.0297225608	-0.0603244807	-0.0056114998	0.0020114842	-0.0264108174	-0.0538961186	0.1398857431	0.0388871857	-0.0519159351	-0.0232117354	-0.2320301719	0.1325077183	0.1314995175	0.1109856709	0.0424036153	-0.1122111605	0.0236945325	0.0656161244	-0.0891258927	-0.1130777705	-0.177581344	0.0015285698	0.0057600356	0.1390746738	-0.0943999279	0.131180284	0.0353986401	-0.0529283144	-0.0094704383	-0.0481301392	-0.0423512599	0.0911106266	0.1472845895	-0.0820751673	-0.1039063895	0.0237238388	-0.0411407086	0.0705890027	-0.0266759649	-0.1157668485	0.0971522247	0.0154574521	-0.03729002	-0.1474246411	0.0385572666	-0.0552622213	0.0132189878	-0.0455027338	0.0926517563	-0.0481611459	-0.032462128	-0.0919365118	0.0490041369	0.0294309326	-0.0535788328	0.0245670629	0.1275129262	-0.0032995541	-0.1789848082	-0.0550220086	0.0646801842	0.0743541727	0.0689505059	-0.0167280852	-0.075230545	0.0590393188	-0.0820281611	0.0393374558	0.0089631347	0.1550646722	-0.1003988194	-0.0951105532	0.0366750432	0.1006153071	-0.090313442	0.1030025445	0.0083159127	0.0557660197	-0.0564088142	-0.0158311603	-0.1168875076	0.094214443	0.1987636927	-0.0300124027	0.0275784577	-0.1116483187	-0.1111025256	-0.062252658	0.0607696387	0.1100919678	0.2191174725	0.0066802897	0.0841753319	0.0264732956	0.0184553608	0.0027611522	-0.0753344033	-0.0029759606	-0.0635722945	-0.1384906416	0.0170041319	-0.0083499886	0.0859785311	0.0029560891	-0.0486899551	0.1625522109	-0.0399300169	-0.1627758376	-0.0423297127	-0.0253288209	-0.0854483524	0.0835260493	-0.066998101	0.0365757713	-0.0085998654	0.1064648411	0.0020532942	-0.0227097455	-0.1379007092	-0.0248683961	-0.1114119179	-0.0505252141	-0.1129949176	0.1404726375	-0.0615063618	0.1123944512	0.1097483416	-0.1544610131	0.0361308638	-0.0341261416	-0.0092066437	0.0105040018	-0.0588500856	0.0749859263	0.0062125997	-0.0598695469	0.1842673213	-0.0908858965	0.0186974948	0.0624505233	-0.0319677	0.0007172999999999	5.145192899999959e-07	0.00102193384329	-0.0281502	-0.0526328999999999	0.0027702221624099	0.00079243376004	-0.110634	-0.0233532999999999	0.0122398819559999	0.0005453766208899	0.00134171	0.00046923	2.2017679290000005e-07	1.8001857241000003e-06	6.40749e-05	0.0001722409	2.966692763281e-08	4.105592810010001e-09	-0.000289039	-0.0001075999999999	8.3543543521e-08	1.1577759999999996e-08
273.3474193426678	0.2965058471856991	74718.81166129629	0.0879157174153091	292.8785858365053	0.5963751007838027	85777.8660415912	0.3556632608348908	186.2178679434232	0.3468477611987737	34677.0943413942	0.1203033694486015	187.61523163401688	314.16833333304464	1.168207	22.627636	0.0421510149999999	0.0218169	-0.0978764139	-0.0116220361	0.1140053398	-0.0479287037	0.0153399832	0.0409639937	-0.1378332014	-0.0605859487	-0.0532806248	-0.0239634833	0.1090749982	-0.0002556016	0.1941201021	-0.0043877068	0.0031337853	0.1570115481	0.0120765418	-0.0297553847	0.0491808245	-0.0762029456	-0.1445230414	0.0319424136	-0.0654037442	0.2863225934	-0.0040486492	0.0150748369	0.1343440854	0.1155642794	0.0926715985	0.0072243652	0.0444207423	-0.0765002158	0.0189430076	0.0815314616	-0.0084223226	-0.0671760048	-0.0165368771	-0.0052249439	0.0835295864	0.0155042676	0.0180722023	-0.1049139226	0.053314088	0.0186609294	0.0085315827	0.2106261758	-0.010288595	0.0965402594	0.1206338729	0.0055112564	-0.0720988741	-0.0025207345	0.0787304017	0.0840103431	0.0269874787	0.0455928485	0.0214404976	-0.140217205	-0.0566400125	0.0332961208	-0.1202932508	0.0620052995	0.0182431084	-0.0545321042	-0.0713191936	-0.1263052898	0.0140352452	0.0196076249	0.0350866331	-0.0718967998	0.1362813337	0.0394976822	0.0692659552	0.2781667024	-0.0099252207	-0.0258025398	-0.0088596111	0.1142090948	-0.1768161321	0.0123431652	0.0632315952	-0.0645987185	-0.0802750276	0.0393650988	0.0071309792	0.033336181	-0.011420591	-0.0394052733	0.1022445861	0.0759714461	-0.1417207022	0.0531117765	0.0310987061	0.0934059048	0.0262783087	0.0311435427	-0.0285167935	0.1001429626	-0.0480283161	-0.0524521742	-0.0728525315	0.0281583965	-0.0427211248	0.1042973	-0.0181720763	0.002894997	0.0324185913	0.0545267147	0.0766560167	-0.0036123824	0.1544721993	0.1009854912	-0.1481543399	-0.0525955881	-0.1409472002	-0.0317282355	0.0163424135	0.1171273617	-0.0656075195	0.0547139401	-0.1062363609	-0.050460942	0.0580740287	0.0830325248	-0.0072114073	-0.1087714991	-0.0062835107	0.1305145176	-0.0046458884	-0.117731238	0.0596161753	-0.0736477796	-0.0341563269	-0.0008557228	0.0845014867	-0.0031156836	0.0416922706	0.1153878642	0.0928049806	-0.0880463358	-0.082797317	-0.1141832633	0.1105379363	-0.0926047444	0.0239750208	0.0554536812	-0.0226582	0.0093095	8.666679025000003e-05	0.00051339402724	-0.00884538	0.01930482	0.0003726760752324	7.82407473444e-05	-0.109047	0.0015869999999999	0.011891248209	2.518568999999972e-06	0.00142084	7.912999999999996e-05	6.261556899999993e-09	2.0187863056000003e-06	2.2432800000000002e-23	-6.40749e-05	4.105592810010001e-09	5.0323051584000005e-46	-0.000384828	-9.5789e-05	1.48092589584e-07	9.175532520999997e-09
272.630550450683	-0.7168688919848023	74327.41703904241	0.5139010082955181	292.04385585099953	-0.8347299855057599	85289.6137403194	0.6967741487024462	185.8093078570594	-0.4085600863637921	34525.09888631947	0.1669213441695893	187.3647739624789	312.69958956616733	1.155945	22.390112	0.08623198	0.049499	-0.1035230418	-0.0994283907	-0.0471094633	0.0060515491	0.1242774085	0.040989866	0.0220352093	0.0696573881	0.0605470762	0.166420591	-0.1541099646	-0.0785227089	0.0998130772	0.1043181662	-0.0667262874	0.0971118443	-0.0555872529	0.0425342224	0.0396214161	-0.0047810955	0.0648524266	0.0710043781	0.1571602426	0.137683458	0.020073735	-0.0005998134	-0.0358158422	-0.1196919595	0.0135940294	-0.121023511	-0.0004108723	-0.0416649214	0.0118703531	-0.1567697939	-0.0382523038	-0.0179046105	-0.0021610849	0.0651198524	0.0371126211	0.0066555474	0.1389849263	-0.1834707244	-0.04442555	0.0344041877	-0.0245996404	-0.0308461119	-0.0297807447	-0.0119723947	-0.0567466794	0.0576238293	-0.0105676916	0.0715468527	0.0425261306	-0.0685769356	0.0119152385	0.1148401076	0.0883829599	0.0192446827	0.0556599757	0.2156770591	-0.0997775819	0.0995700217	0.086739915	-0.0092287946	0.1055271205	0.007092221	0.0073015849	0.037263805	0.1020615109	0.0953664584	-0.0342327196	-0.0926337154	-0.1183212691	0.125632237	0.1534536526	-0.037156287	0.0264352937	-0.0904232762	0.0220338108	-0.1123490193	-0.070013298	-0.0601759969	0.0467170186	-0.0195457065	0.0633694709	-0.096045864	-0.0058078708	0.0693537462	0.0621742472	0.052936414	-0.0498056125	0.1301245251	0.0345654283	-0.1119274852	-0.0420385062	-0.1456631187	-0.0093985247	-0.1004269468	-0.0224739497	0.1061186674	0.0010816074	0.0295446532	0.05373292	-0.0221675615	-0.0776706306	0.0919495016	0.0515250818	0.0820446294	0.0913227933	0.0980934744	-0.1028098199	0.0227115583	0.0860846559	0.0079555034	-0.1550087381	0.0598481849	0.1251215155	-0.0641292852	-0.1368990921	-0.0910366685	0.0790631656	-0.0657226374	-0.0115441459	0.040187462	-0.1107940292	-0.0594954434	0.0458728388	0.0222624692	-0.1058430757	-0.0214669528	-0.1240322154	-0.0855726586	0.1329233221	-0.0387190197	-0.0864675898	0.0035757793	-0.049315242	-0.0796066321	-0.1205705683	-0.0556120993	-0.0409039733	0.0327040014	0.082340686	-0.094276963	0.0292042644	0.0482056202	-0.0181802	0.0044779999999999	2.0052483999999994e-05	0.00033051967204	0.0270676	0.03591298	0.0012897421324803	0.00073265496976	-0.0894545999999999	0.0195924000000001	0.0080021254611599	0.00038386213776	0.000991657	-0.000429183	1.841980474890001e-07	9.83383605649e-07	-0.0	-2.2432800000000002e-23	5.0323051584000005e-46	0.0	-0.000289039	9.5789e-05	8.3543543521e-08	9.175532520999997e-09
272.60638135128784	-0.0241690993951806	74314.23915344378	0.0005841453655741	291.86761296309163	-0.1762428879079038	85186.70349677306	0.0310615555381179	185.8500165386336	0.0407086815742161	34540.22864741039	0.0016571967555109	187.4552932363635	310.494128350849	1.153014	22.333344	0.156446775	0.094755	-0.1097231494	0.0570893808	-0.1035126235	0.0506618845	-0.1007512885	-0.0848911629	0.0923612934	-0.1302886756	0.00494232	0.0918210466	-0.011038742	-0.0366565942	0.0123693954	0.0564596218	-0.0868542018	0.0136948744	0.161588528	0.0501295914	0.0212999652	-0.0706378834	0.0825721852	-0.1241775463	-0.0807640826	0.0306852357	-0.0296053893	-0.0715003993	0.1593901252	-0.1326229034	0.1244218944	0.0284889038	-0.0276788975	-0.0221069221	0.0595419468	0.1141749463	-0.113381916	-0.1245404379	-0.0389858033	0.0862502873	0.0738380168	0.0938207569	0.1795259949	0.0182517591	-0.1432463998	0.052800536	0.0151961722	0.0362143661	0.1751065148	0.0359496537	0.0530927994	-0.1645307548	-0.1195879127	0.0429781892	0.066846515	-0.1226754388	0.0312999793	-0.0084205233	-0.0410607837	-0.0164161092	-0.0479665237	-0.0792170291	0.1805512495	0.0116260456	-0.0003390833	0.1032940741	0.0638181126	0.0841735225	0.0283327668	0.1304548404	-0.0396528667	0.0137632992	-0.1398475868	0.0874163175	0.0887112431	0.0909454979	-0.0109179268	-0.1795089811	-0.0766541483	-0.0579096572	-0.0080728354	-0.1094593728	-0.0249142698	-0.0010051636	-0.0391974936	0.0110192268	-0.0024203467	0.1488894935	-0.1555982239	-0.039860728	0.0463152493	-0.0796553772	-0.0891809541	0.2315480105	0.0568565934	0.0888419494	0.0007394544	0.0929447319	0.1198975926	-0.0260312526	0.1676417436	0.0679988601	-0.0491658806	0.1573130204	0.0428028928	-0.0518442193	-0.0582161841	-0.0862443236	-0.0016414139	-0.0014959134	-0.0514019899	0.004401315	0.0088761848	0.0117030833	0.1194812901	-0.0624942526	0.1219333185	0.0409638975	-0.118485919	-0.0572704941	-0.0592148247	0.1273100944	0.0876674305	0.1177819832	-0.0349459022	-0.046942498	-0.0043618534	-0.0887665129	0.1237010774	0.088938033	-0.0198535023	-0.1074889639	0.1336310404	0.0289124944	-0.0663330101	-0.0878823067	-0.0553789632	0.0349721919	0.0098475647	-0.1124612992	0.1232971977	-0.0637035633	-0.1006142321	0.0007434687	-0.0248280915	-0.0959017104	0.0343746944	0.0407391756	-0.0209508	-0.0027705999999999	7.676224359999989e-06	0.0004389360206399	-0.0484831	-0.0755507	0.00570790827049	0.00235061098561	-0.115519	-0.0260644000000001	0.013344639361	0.00067935294736	0.0017793	0.000787643	6.20381495449e-07	3.16590849e-06	5.47965e-05	5.47965e-05	3.0026564122500003e-09	3.0026564122500003e-09	-0.000487821	-0.000198782	2.37969328041e-07	3.9514283524e-08
272.1964256858393	-0.4099556654485354	74090.89415614663	0.1680636476333515	291.5261369320569	-0.3414760310347446	84987.48851452838	0.1166058797712419	185.52481184461715	-0.3252046940164632	34419.455809980594	0.1057580930103414	187.00838213724367	309.97852674834706	1.124899	21.788767	0.192219045	0.111868	-0.0901502243	0.0852780299	0.0179458716	-0.0671430288	0.0399621545	-0.1244616682	-0.0800566615	0.0391457212	0.0698911083	0.1182612868	-0.0040550647	0.0087956654	-0.0833751845	-0.0104768504	0.0989474315	-0.0078063486	0.0121570003	0.0221334428	0.0530948003	-0.0335569933	-0.0815649437	-0.1155494044	0.168025776	-0.0782721873	0.0342335707	0.1123552601	-0.0430123952	-0.1537572289	-0.0683848992	0.0506160739	-0.0712611053	-0.0471128318	-0.1391483051	-0.0752411852	-0.0745851177	0.0388664601	0.0810012528	0.0312061	-0.0887120534	-0.0771313583	0.1048324851	-0.0565801781	-0.0152078084	-0.0722087123	-0.0989229308	0.0695095688	0.0931347419	-0.0034815388	0.0113883494	0.0095569656	-0.0240024655	-0.077534801	-0.0170535935	0.066527215	-0.0233204295	0.0354960692	0.0731962099	-0.0109704459	0.0400170715	0.0139864821	-0.0615169912	-0.0837205241	-0.2294653578	0.0543193867	0.1359073209	-0.0177044383	0.0224837511	0.1448717296	-0.005400845	0.0107104044	0.0239293318	0.124996464	-0.0905814116	-0.0653764139	0.1157546982	-0.0378794062	0.1513680075	-0.124053535	0.1640625577	0.0221180318	-0.0068929654	-0.0287279314	-0.0555410589	-0.0534092018	0.0747921524	0.0147818823	0.0497346998	0.0838613666	-0.0220978594	0.1853053379	0.0206857973	0.0562547007	0.0667779538	0.1222186715	0.001965766	0.0564802948	0.0148966612	-0.1075791944	0.0637738858	-0.0249108822	0.0286630245	-0.0513758375	-0.0530622904	-0.0305068939	0.0336941049	0.0839822971	0.0043365498	-0.0621113372	-0.093134793	0.0941498872	0.0310463554	0.0828127395	-0.0174546967	0.1492548601	0.0644572558	0.0746434951	0.0387337049	-0.0360077939	-0.151286297	-0.1109043762	-0.0813367197	0.0804390023	-0.03969157	-0.0076626828	0.0965519356	-0.0161675234	-0.013722243	-0.0804344932	-0.1201190638	0.026174403	-0.0818656693	-0.1334358055	-0.1240240714	-0.1453110184	-0.1330172482	-0.0204007205	-0.0242897148	0.0083036134	0.0039032308	-0.0048323338	0.1412128966	-0.0661324786	-0.1063772313	-0.0974781683	0.0394758984	0.0330881723	-0.019967	0.0009838	9.6786244e-07	0.0003986810889999	0.0334896	0.0819727	0.00671952354529	0.00112155330816	-0.0721964999999999	0.0433225000000001	0.0052123346122499	0.00187683900625	0.000806411	-0.0009728889999999	9.465130063209998e-07	6.502987009210001e-07	-9.23334e-05	-0.0001471299	2.1647207474010002e-08	8.52545675556e-09	-0.000289039	0.000198782	8.3543543521e-08	3.9514283524e-08
271.9656395908777	-0.2307860949616156	73965.30911807518	0.0532622216276318	290.9955950252259	-0.5305419068309902	84678.43632408527	0.2814747149038631	185.4836002419705	-0.0412116026466549	34404.16595872312	0.0016983961927057	186.94479414589503	306.78471364944767	1.031107	19.972063	0.13529632	0.0803759	-0.0790563116	0.0026134078	0.1180717669	0.0213370754	-0.0741534885	0.0585387733	-0.0949396778	-0.1205176388	0.1973133178	0.0091192311	-0.0259023371	-0.1223095053	0.0367637658	-0.0433392197	-0.0013047333	-0.1862648742	-0.0233228372	-0.0665300689	0.0359766405	-0.0625879572	-0.0849832047	0.0431496113	0.0194064757	-0.1805882647	-0.1226881903	-0.0808428024	-0.0605806794	-0.1304894901	-0.0698348812	-0.0948002919	0.0121438268	-0.0395803083	0.0971044179	-0.0414772142	0.1968808816	0.0501123108	0.073579176	-0.106876908	0.051575138	0.0374449801	-0.0002805256	-0.0518851625	-0.0619714424	0.0185272334	-0.101722036	-0.1821204591	-0.0133043786	0.0466035696	0.1128263412	0.0060352246	-0.0542863714	0.0957764989	-0.0385813366	-0.0278687124	-0.0912742873	-0.0626392037	-0.0498453402	-0.0264828432	-0.090337036	0.0613571929	0.0289886592	0.039598956	-0.0919263784	-0.0946176183	-0.0363066993	0.0083753809	-0.0472292263	-0.0113010252	0.0270575986	-0.0459387094	0.1040594265	-0.0024625515	-0.0662589621	-0.0918807431	-0.1440603698	0.0247484773	-0.0591712245	-0.1431490467	0.1546684548	-0.0796030917	0.0228422752	-0.1246547607	0.0235261775	-0.0375434737	-0.1451093624	-0.0383172095	0.1154500328	-0.0693803115	0.0675014505	-0.0433806949	0.1048164848	0.0528700522	-0.0414600178	-0.1345542194	0.098945696	-0.0073586795	0.1099641497	-0.1133246026	-0.0829999822	-0.0610385836	0.007315142	0.1281108543	0.1536770238	0.039835317	0.0009889228	-0.0320096464	0.061139267	0.0763384467	0.0677251842	0.0790514455	0.0845281965	-0.0743882812	-0.0891034879	0.0196391458	-0.0142171337	-0.0304139923	-0.0680272809	0.0645838271	0.0060519484	0.0215221724	-0.1083754944	-0.0481343743	0.0593140058	-0.0960981997	-0.1282730845	-0.0492498485	-0.0125787122	0.0059701714	-0.056744805	-0.0090804493	0.0094715985	-0.1381044843	-0.0638243849	-0.1512550075	-0.1319046957	0.0618443027	0.178370142	-0.1302157932	0.0007151364	0.1421240796	0.0915547291	0.0436611047	-0.0314442476	-0.0990055431	0.0444976032	0.0252872714	-0.0274838	-0.0075168	5.650228224000001e-05	0.00075535926244	-0.0288183	-0.0623079	0.00388227440241	0.00083049441489	-0.100313	-0.0281165000000001	0.010062697969	0.00079053757225	0.00146118	0.000654769	4.287224433610001e-07	2.1350469924000004e-06	-0.0	9.23334e-05	8.52545675556e-09	0.0	-0.000289039	0.0	8.3543543521e-08	0.0
272.3902060335377	0.4245664426600228	74196.42434299312	0.1802566642329864	291.21372902511894	0.2181339998930411	84805.4359727154	0.0475824419093372	185.7758027772331	0.2922025352626178	34512.64889752541	0.0853823216139014	187.2072062600893	307.0839403931921	1.081326	20.944792	0.0305008999999999	0.0206966	-0.0361869939	-0.1229814249	0.0522714192	0.0763307588	-0.1500417105	0.1541550073	0.0528253233	-0.1242197628	0.0338301974	0.0235299267	0.1640332961	-0.027837452	-0.0523708098	0.0494342016	0.1520788545	0.0278100473	0.0343073886	-0.0459247584	-0.0098449899	0.0483097019	-0.034089442	0.1091445343	-0.0353640779	-0.1512200511	-0.0444308558	-0.0168934914	0.0888293449	0.0700515399	-0.0594057752	-0.0101242923	-0.0431640765	-0.0361888349	0.0881853044	0.0391934197	-0.073631932	0.0570369828	-0.0964768204	0.0002198726	0.0914479749	0.0492043313	0.0679926281	0.0073685758	0.0621614842	-0.0811375513	0.0454288923	-0.0058195261	-0.1442975241	0.0195627391	-0.0187292236	0.0637169242	-0.058220129	0.0798988378	-0.046888243	0.1548949591	0.009918702	0.1079873032	0.0414554038	-0.0676479917	0.0025111607	-0.0356396104	0.1849208782	-0.1717423585	0.013460441	0.0716144324	-0.0646223995	-0.0770739593	-0.1469294981	-0.0154849231	0.0069046067	-0.0055297459	0.0641715865	-0.0775390792	0.0860354889	-0.0812961041	-0.1059435672	-0.1098776263	0.0247497574	0.0003032559	0.0515883419	0.1050219765	-0.024489585	-0.0512462745	0.1087339288	0.0616676782	0.0218558563	-0.0601954388	0.0048725755	-0.0760990082	0.0279544908	-0.0549857949	-0.0857291127	0.0040100416	0.0471684174	-0.0142219309	-0.0863636725	-0.0427927507	-0.0013868542	0.0074573879	-0.0387729878	0.0049875175	-0.0770831357	-0.161297735	0.0115381094	0.1922000563	0.0163865679	0.1155190456	0.017744868	0.0528867141	-0.0585068179	0.1242011918	0.1011207309	0.1074232714	0.0254688626	-0.1081904989	0.159915222	-0.1136913421	0.0016077121	-0.0007209318	0.1257309508	0.0893446847	0.0409847634	-0.1128456018	0.0491030142	0.0041324877	0.167582343	-0.0668435819	0.0819862284	0.0811124916	0.0013936205	0.040602281	0.0140352875	0.0329663352	-0.0537547661	-0.1272573821	-0.0924052371	0.0675352738	0.0936870265	-0.0951495089	0.1938880003	0.0761939848	0.1282859514	0.1018813668	-0.0186124065	-0.1004830656	0.0494296957	0.0173718128	-0.0257565	0.0017272999999999	2.983565289999992e-06	0.00066339729225	-0.0457994	-0.0169810999999999	0.0002883577572099	0.0020975850403599	-0.112035	-0.0117219999999999	0.0125518412249999	0.0001374052839999	0.00145977	-1.410000000000083e-06	1.9881000000002346e-12	2.1309284529e-06	6.26754e-23	6.26754e-23	3.9282057651600013e-45	3.9282057651600013e-45	-0.000289039	0.0	8.3543543521e-08	0.0
272.3121763956531	-0.0780296378845832	74153.9214133373	0.0060886243883991	290.867473163394	-0.3462558617249556	84603.88694445771	0.1198931217788915	185.79467366161327	0.0188708843801634	34519.66076102537	0.0003561102772894	187.1921252858844	307.6135010804898	1.165864	22.582243	0.16443506	0.100343	0.0167974341	-0.0338955738	-0.0872451394	0.0566786488	0.0180920851	-0.0251409646	0.1036221085	0.0918818205	0.1182710831	0.0565776424	-0.0255793695	0.0940946184	-0.0315070564	-0.0299573782	0.1116397968	-0.1473845583	-0.0761247369	-0.0103165957	-0.0064768557	-0.0462972997	0.122843235	0.0276079147	0.1079102654	-0.0319690657	0.0682759741	-0.0210940463	-0.0456956091	0.1004856699	-0.1097704705	0.1273950505	0.0378492557	0.0978416972	-0.0932902894	-0.0715570349	0.1316463468	-0.0465666126	0.0035493153	0.0110685814	-0.0401795518	-0.0022699932	0.0841092014	-0.0400185162	0.0837129	0.0602419538	0.0750497992	-0.0486580203	-0.203292576	-0.0745955039	0.17732738	-0.050662793	0.1148558055	0.0286793916	-0.0518515631	0.0700963311	0.1369957708	0.0497689631	0.0546682147	0.0078558347	-0.0096728418	-0.0531588043	0.0702791232	-0.0233432152	-0.0833417684	-0.048141723	0.0611936035	-0.0002974718	-0.0047431348	-0.0664175066	-0.097429597	0.0620796458	-0.0826540905	-0.0938284552	-0.1219780243	-0.0962654118	0.0795172341	0.0593054499	0.0162464502	0.046798208	0.009015529	0.0676235211	0.0745630542	0.1595018242	-0.0831646279	-0.0418495374	-0.0472860764	-0.1217864893	0.0026828256	-0.0201915487	0.0723460738	0.0359739601	0.0676084304	0.0481632757	0.0980888342	-0.1227352315	-0.0565240154	0.0331912244	-0.075547445	0.0705271536	-0.1670094974	-0.1694322981	0.0283679213	-0.1369205827	-0.0129539307	0.001173847	-0.1214542739	0.0306065563	0.0591389123	0.0558494955	-0.0998696879	-0.0632195809	0.0127522705	-0.0624289782	0.0365756845	0.0871626536	0.1268854926	-0.0742609474	-0.0202175207	-0.0254773946	0.0214181396	-0.1139590279	0.0928829782	-0.0093620713	-0.137993143	-0.0602924824	-0.0141525737	0.0125651962	-0.135694144	-0.0984666343	-0.0864550172	-0.0420724193	0.0263722184	-0.1019892453	-0.0429535671	-0.089661074	0.083212156	0.028790462	0.0129989418	-0.1074981563	0.0590697538	0.1485725121	0.1657044221	0.0101765791	-0.1605549004	-0.1019099918	0.0542622434	0.0093776556	-0.0226547	0.0031018	9.621163240000012e-06	0.00051323543209	0.0357907	0.0815901	0.00665694441801	0.00128097420649	-0.0742227	0.0378122999999999	0.00550900919529	0.0014297700312899	0.000825648	-0.000634122	4.02110710884e-07	6.81694619904e-07	-0.0	-6.26754e-23	3.9282057651600013e-45	0.0	-8.454379999999998e-05	0.0002044952	7.147654118439997e-09	4.1818286823040014e-08
272.73386507803855	0.4216886823854224	74383.76116040573	0.1778213448519537	291.3180783224369	0.4506051590429365	84866.22275747749	0.2030450093561101	185.99063320295733	0.1959595413440524	34592.51563923701	0.0384001418437714	187.4639950516165	306.9820628835886	1.118428	21.663431	0.17931006	0.108085	0.0345821001	0.0878375653	-0.0734526509	0.0567630398	-0.0925206186	-0.0718115232	0.0853509845	-0.0843946212	0.0588754608	-0.0586737446	0.0621407703	-0.1379940642	-0.001432923	-0.0404531574	0.0117979374	-0.0073271486	0.029591535	-0.0586789248	0.0690874644	0.0544499066	0.0307660376	-0.0893542207	-0.0548812531	0.0032752936	-0.1026717172	-0.0605602129	-0.1126940821	0.0895097383	0.2203299844	0.0194939186	-0.1684533844	0.0235428148	-0.023057564	0.0592541767	-0.0045641085	0.1154224057	0.1325416669	0.106234605	-0.0381862856	-0.0224688939	0.1710463199	0.0022730097	-0.0797142124	0.0690641623	-0.0361840362	-0.0131997993	-0.0328195381	0.083413148	0.0125410919	0.0213136394	-0.035492189	-0.1575525119	-0.0261008779	0.0464273184	-0.0347769504	-0.1266315773	-0.0574351911	0.0133106234	-0.1512484261	-0.0214501497	-0.0674252933	-0.0695517418	-0.0317780266	0.0047031952	-0.086881385	-0.0697584249	0.0695016554	0.0065045227	0.1098328758	0.049051934	-0.0780172778	0.0671822597	0.0178414071	0.0099549627	-0.0958880729	0.0934084202	-0.0487028572	-0.1186645839	-0.1548807443	0.1157739764	-0.1999521331	-0.0163020487	-0.0613527635	0.1201892375	-0.0509854459	0.0805515369	0.0897191806	0.1291923995	-0.0347778091	0.035314126	0.0207019583	0.1119798069	0.0933368991	0.0266216098	0.0121587728	0.0369955046	0.1266074858	-0.0193186996	-0.0335868699	-0.030365775	0.0228113435	-0.1162050294	0.0572712084	-0.0180055279	0.1528482666	-0.1142289144	0.1483766806	0.0110869817	-0.0399509745	-0.0656970592	0.071404993	0.0408822912	-0.0906464151	0.0244656235	-0.0520583195	-0.0399000877	-0.0730989206	-0.0951423015	-0.1020672192	0.072272635	0.0420380324	0.1256559583	0.0477344615	0.0393446237	-0.0904991358	0.013002516	0.0050658074	0.1276252676	-0.0594544544	0.0901006571	0.0300989624	0.0546669842	0.0227448475	0.0076780455	-0.0453176321	0.0768416302	-0.0271733079	-0.0429017841	0.15676457	0.1706979655	0.1928985236	0.1163240109	0.1662582609	-0.1032856033	0.0589855141	0.0013410152	-0.0267158	-0.0040611	1.6492533210000012e-05	0.00071373396964	-0.0519808	-0.0877715	0.00770383621225	0.00270200356864	-0.11966	-0.0454373	0.0143185156	0.00206454823129	0.00140129	0.0005756419999999	3.313637121639999e-07	1.9636136641e-06	-0.0	0.0	0.0	0.0	-0.000349705	-0.0002651612	1.22293587025e-07	7.031046198544004e-08
273.1920315231657	0.4581664451271763	74633.88608775438	0.2099164914404738	292.8171441847448	1.499065862307873	85741.87992850962	2.247198459536847	186.02383096099263	0.0331977580352997	34604.86568540396	0.0011020911385703	187.39668262231865	311.36490412775544	1.066583	20.659216	0.1153164	0.0780862999999999	0.0779506901	0.1047652993	0.0204055945	-0.0819488284	-0.0705410054	-0.0761897601	-0.0634770794	-0.0107844819	-0.0921163435	-0.0746109096	0.0386839096	0.0238030205	-0.0705552039	0.0464597187	0.0543396481	0.0301037631	-0.1166726012	-0.0329930044	0.0669765091	-0.0874631701	-0.0722337546	-0.0701604716	0.0450336582	0.0317490051	0.1813674525	0.0917395834	-0.0174552072	0.015072672	0.0210709662	0.0610348955	-0.0446305272	0.0034352976	0.0641647751	0.0352615246	0.0896434139	-0.0052254383	-0.0843450326	-0.0220423127	0.0461062438	0.0667448315	-0.0074999098	0.0842149212	-0.0603753198	-0.081824973	-0.0817588249	0.0663041488	-0.1980084426	0.0982463825	-0.0009914238	-0.0602796976	0.1826309793	0.0687377572	-0.0450388405	-0.0959081959	-0.0925894705	-0.003338593	0.0667193965	0.0731076854	0.0182265449	-0.1055766711	-0.0694158902	-0.0015714524	0.0317975089	0.0751188689	0.0816327898	0.1774851444	-0.0027407452	-0.0027093275	-0.084690824	0.0192886042	0.0438742638	0.0803478243	-0.0251709917	-0.0287630186	0.1531661636	0.0180340995	0.0729325148	0.0827042872	-0.0265942284	0.0606636354	-0.0193104246	-0.0349428606	-0.0064298483	-0.0181438221	-0.1192212998	0.0082111901	-0.03428261	-0.1096882335	0.0331340357	-0.1291172904	0.0398277401	-0.0013760014	-0.0578586996	0.0746432006	-0.1662955685	-0.0603379275	0.0411490567	-0.0211330694	-0.1315809949	-0.1923131258	-0.0817993818	0.0624480218	-0.0073017889	-0.1221603992	0.0695725373	0.0143072714	-0.0669702724	0.0004362501	0.0269919805	-0.1730596759	-0.1309471796	0.0706681066	0.0457881492	0.0396107142	0.0996977802	0.1270001098	-0.0504376432	-0.0281431412	0.0200881351	-0.0237021338	-0.0943621875	0.0664341229	-0.0806405612	-0.0670142967	0.0824641954	0.1009650659	-0.0953284903	-0.0164822731	0.036972012	-0.0018859834	-0.1672616153	-0.0698322253	-0.0245225787	-0.0460222224	-0.1242125674	0.0119359005	-0.1653131209	0.0234311306	0.0205465276	0.0939439817	-0.0292950337	-0.0913757182	0.0827929948	-0.1046092073	0.0635899959	-0.0067017003	-0.0248948	0.0018209999999999	3.316040999999999e-06	0.00061975106704	0.0172582	0.069239	0.0047940391209999	0.00029784546724	-0.101126	0.018534	0.010226467876	0.000343509156	0.000947508	-0.0004537819999999	2.0591810352399995e-07	8.977714100640001e-07	3.13377e-23	3.13377e-23	9.820514412900002e-46	9.820514412900002e-46	-0.000289039	6.066600000000002e-05	8.3543543521e-08	3.680363556000001e-09
273.03532597893275	-0.1567055442329774	74548.28923242207	0.0245566275933536	292.72569025945927	-0.0914539252855206	85688.32973787689	0.0083638204501295	185.8436969299161	-0.180134031076534	34537.879688578505	0.0324482691518817	187.2212522730848	311.7403394110981	1.08024	20.923758	0.06987239	0.0397915	0.0921402062	-0.0422861276	0.0878268783	-0.0787691556	0.0079378628	0.087858544	-0.082129818	0.0463929908	0.1000891868	-0.1525689266	-0.0138327612	-0.0659863158	0.0376018233	-0.0859773758	-0.1301180442	-0.0522490556	-0.052956403	-0.1115045956	0.1020142118	0.0323559744	-0.0604076296	0.0258858355	0.0535325787	-0.0100948493	-0.1664912358	-0.0656139156	1.77601e-05	-0.0249700447	-0.1284955469	-0.1007313576	-0.0384180749	0.035327086	0.0375012107	0.0008971888	-0.0221836437	0.1011608165	-0.1011950709	-0.0230909314	-0.1233709119	0.0506375912	0.0308581622	-0.0522653113	-0.0246597679	-0.0452227043	0.1061776485	-0.0233939403	0.0585284168	0.0236371311	0.0306938175	-0.0407394897	-0.0576327005	-0.0723226762	0.063043918	0.1536798319	0.0292759188	-0.1187170241	-0.0116790541	0.0021070081	0.0461442078	-0.0122322848	-0.0278726001	0.0985390606	0.0271543159	-0.0235550618	0.0516141045	0.0038529927	0.0330284066	-0.1832788389	-0.0335455261	0.0309554934	0.0971128068	-0.012893423	-0.1376437561	0.047970205	-0.1616369895	0.0356585983	-0.0346443095	-0.0237929726	0.1169755283	-0.0651664031	-0.0129801397	0.0178558284	0.0897844224	-0.0497202014	-0.0854321538	-0.065032041	-0.0357155944	-0.0093027149	-0.1479186411	0.0506052038	-0.0851253856	0.0533327645	0.0525501973	-0.0705415933	-0.0230993232	0.1206218679	-0.0181698145	-0.0126459143	0.0813888731	0.0201864219	-0.1105821294	0.0159719465	-0.0926740381	0.0793149579	0.0943320624	-0.0158358395	0.0523107199	-0.0627151616	0.0026578443	-0.0247172878	-0.0444751127	-0.0745852943	-0.0675645873	0.0023428821	-0.08996971	0.0080330628	-0.0622452582	0.0263628914	0.0555711994	-0.0224717297	-0.0636824426	-0.0709745698	0.1430280727	0.0333689485	-0.1134038067	0.0814108053	-0.0987651952	0.0584568735	0.0293827333	-0.0051968108	0.0248075768	-0.0288850176	-0.0366679899	-0.0493258427	-0.1595484319	-0.0002450129	-0.0041323341	-0.0698634105	-0.1474143905	0.0741193009	0.0213446906	0.0364117381	0.0999886499	-0.1058801375	0.0680664159	-0.0147140554	-0.0205934	0.0043014	1.850204196e-05	0.00042408812356	-0.0116677	-0.0289259	0.00083670769081	0.00013613522329	-0.122693	-0.021567	0.0150535722489999	0.000465135489	0.00118124	0.000233732	5.4630647824000035e-08	1.3953279376000005e-06	-6.78298e-05	-6.78298e-05	4.600881768040001e-09	4.600881768040001e-09	-0.000289039	0.0	8.3543543521e-08	0.0
273.42749765968625	0.3921716807535063	74762.59647643773	0.15379862718503	293.10683914205646	0.3811488825971878	85911.61915184736	0.1452744707050848	185.82029804256905	-0.0233988873470423	34529.18316462919	0.0005475079290795	187.17061289686745	313.26155385900574	1.174938	22.758009	0.06095719	0.0294381	0.1007467946	-0.1648729724	-0.0029236827	-0.0172962092	-0.1341075032	0.1572179884	0.0871542383	-0.0397465731	-0.1053572778	-0.0991676238	0.003098021	0.0416526741	0.0003903505	0.0273001372	0.0918640763	0.1174888882	0.0176478358	-0.0239231729	0.0732906097	-0.0258944441	-0.0320648502	0.1222128975	-0.1016525741	-0.0526419511	0.0113926499	0.0375686023	0.0396522422	0.078514463	-0.008292346	0.0377712804	-0.0342133577	0.013399134	-0.020501082	-0.0609508535	-0.1095837661	0.0235391027	-0.0709312182	0.0996672255	-0.0239337655	-0.0813526238	-0.0237552629	-0.0309238163	0.139004923	0.0566999129	-0.0769343622	0.1096233403	-0.1115900069	-0.0769395995	-0.0015637891	-0.0341367092	-0.0432352863	0.0830593664	-0.1291393735	-0.0859581945	-0.127535389	-0.001288366	0.0501823574	-0.1931978171	0.037603384	-0.0896891035	0.1922977848	0.1038290036	0.143172568	0.1886653489	0.0030405296	-0.0273045893	0.1105640002	-0.0565986434	-0.0470216117	0.0348482591	0.0693113318	-0.0969200807	0.1131276134	-0.0557428484	-0.029407372	-0.0164329672	0.0179807951	0.0631313508	-0.0371768536	0.0562792899	0.0008050908	0.0429903724	0.0429719544	-0.0561158535	0.064232744	0.012321416	-0.0456507765	0.0947984514	-0.0061660435	0.079081059	-0.1257744597	-0.0525005097	0.0333940326	-0.0036009202	0.0375132066	-0.0658711483	-0.0161392147	0.0489637418	0.021467895	-0.1825617752	-0.1146706994	-0.0180304684	0.1218404954	-0.041620933	-0.0036865312	0.0221106748	-0.2022970874	-0.2004803237	0.0963759726	0.0123662592	0.0393067717	0.0694866792	0.1816671514	-0.1942214127	0.1466912913	0.109541066	-0.1224664842	-0.0044409767	0.0696709773	0.0959366491	0.0578978985	-0.1298600649	-0.0909325566	0.0100195419	0.1250486505	0.0876533432	-0.0091040767	0.1573210207	0.0069655421	0.0169711734	0.0416977646	0.0631326678	-0.0686779987	0.0407668579	-0.0254787547	-0.0180352435	0.0448737044	0.0699419004	0.2108645212	-0.0592429834	-0.0508982137	0.0641420066	0.1255687824	-0.1070977539	0.0724057592	-0.0226597522	-0.0277484	-0.0071549999999999	5.119402499999997e-05	0.0007699737025599	-0.0299609	-0.0182932	0.0003346411662399	0.0008976555288099	-0.135337	-0.012644	0.018316103569	0.000159870736	0.00143415	0.0002529099999999	6.396346809999992e-08	2.0567862225e-06	9.2287e-23	6.78298e-05	4.600881768040001e-09	8.516890368999999e-45	-0.000425599	-0.0001365599999999	1.81134508801e-07	1.86486336e-08
273.1134167558435	-0.3140809038427505	74590.93841205105	0.0986468141586791	292.1838820489072	-0.9229570931492505	85371.42092916972	0.8518497957945139	185.71981077300933	-0.1004872695597214	34491.848113562395	0.0100976913435681	187.133706825919	313.4165226418718	1.195587	23.157967	0.1701259	0.102279	0.1053238131	-0.0886357303	-0.1033609785	-0.0666524166	0.1163092428	-0.0014585896	0.0685418641	0.1925230991	0.0358270905	-0.0626542283	-0.0972235545	-0.021517905	0.0379853308	0.0787980978	0.0097766571	-0.0374463342	-0.1312847972	-0.0664294149	-0.0003170213	-0.0170226305	0.0909336618	0.063884968	0.2039383169	-0.0561208317	0.0799756669	-0.0020781686	-0.0863531871	-0.1422048509	0.1521689676	-0.0839936961	-0.1002742628	-0.0668265168	-0.0426086892	-0.1582833171	0.0458216331	0.0444244076	-0.0758736787	0.043206964	-0.0015980919	-0.0430277508	0.0266711868	0.0001966314	0.0645594257	0.0400477646	-0.072895631	0.035320284	0.0404441591	0.0363336104	-0.1021961783	-0.0349440807	-0.0231239576	0.0232285748	0.017526082	0.0219321279	0.0963364945	0.0136573384	0.0839933539	0.0303834363	-0.1208750911	-0.0340223576	-0.0874248638	0.0743777729	-0.0154593981	-0.0526997468	-0.0143392304	-0.0050787649	-0.0754926536	-0.2224728374	-0.0142491297	-0.1480763977	-0.04013805	-0.116394422	-0.1567418788	-0.0802444568	0.1409043522	-0.0300149115	-0.0018544342	-0.1485386478	-0.0419994871	-0.0153647865	-0.1084229384	-0.1844089486	0.0572689547	-0.090882282	0.0230523066	-0.1255859841	-0.0251812009	0.0975992657	0.0058457748	0.0644777706	0.0026942067	-0.0005589641	0.0474066584	0.0226210653	0.028119631	-0.0446896528	0.0197123083	0.0245730365	0.0747248465	-0.004077498	-0.0236547712	0.030964038	-0.0129495562	-0.0222323814	-0.049116619	0.08598669	0.034121516	0.0344035996	0.0890728951	-0.200422518	0.1123594961	-0.0187442496	1.76202e-05	0.0821896294	-0.0524688192	0.0702732866	-0.0499150014	0.0775333829	0.142090479	-0.156694311	0.1092780781	-0.0472882939	-0.0609159091	0.0423005723	-0.0510787075	0.05813872	-0.1007930294	0.0141641267	0.0661021071	0.0881273148	-0.1043774356	-0.1190885555	0.0364829858	-0.0789687994	-0.075319144	0.0747116328	-0.0726200153	-0.0560328309	-0.0714026327	-0.0684178134	0.0920231167	-0.0141521835	-0.1167202878	-0.1082614433	0.0765992869	-0.0305027946	-0.0277626	-1.4199999999998936e-05	2.0163999999996974e-10	0.0007707619587599	0.0473457	0.0773066	0.00597631040356	0.00224161530849	-0.090862	0.044475	0.008255903044	0.001978025625	0.000695873	-0.000738277	5.45052928729e-07	4.842392321289999e-07	-0.0	-9.2287e-23	8.516890368999999e-45	0.0	-0.000197274	0.0002283249999999	3.8917031076e-08	5.2132305625e-08
272.87545539965106	-0.2379613561924429	74461.01415956696	0.0566256070409467	292.03082901232807	-0.1530530365791378	85282.0050936276	0.0234252320060949	185.7201189058601	0.0003081328507619	34491.96256640681	9.49458537186688e-08	187.2178963547356	309.6440182955741	1.162066	22.50868	0.1583488	0.100763	0.0821233647	0.0447537338	-0.1057421238	0.0735084633	-0.0644206637	-0.0593776695	0.1168264223	-0.075429424	0.0227190983	-0.0433512487	-0.0629308419	-0.173151175	-0.0145063002	-0.0184223155	-0.0053473839	-0.0523541089	0.0075690822	0.0458338808	-0.0346254039	-0.0043651817	0.1484405933	-0.0892777897	-0.1339885364	-0.1103479006	-0.0623371589	-0.1369383517	0.1032684016	-0.0883862314	-0.0556653281	-0.1220303442	0.1389428128	-0.0455053146	0.0635742627	-0.0671939762	-0.1439869948	-0.0692459077	0.0700167954	0.0705327962	0.0394870562	0.0422127107	0.1661254016	0.0596065862	0.0016457921	0.0908487698	0.013270713	0.0643136804	-0.1733506156	0.0046135979	-0.0786834365	0.0376164619	0.0333382455	-0.0454172117	-0.0654214811	0.1696533679	-0.012578628	0.0662577566	-0.0028544977	-0.0635445439	0.0907477455	0.0173605751	-0.0103088663	-0.0642045178	-0.028642902	-0.0799657461	-0.1471678548	0.2214436779	-0.0136058091	-0.0700480562	0.1339015399	0.0385155803	-0.1657562262	0.0131923572	0.0395185728	-0.088502158	-0.1426645212	-0.0695150643	-0.1574763233	0.0342418388	0.0859949745	-0.2342212499	0.0512190296	0.0045990641	0.0904059745	-0.0273397767	0.1361454243	0.0349804016	0.0071772168	0.0489325789	0.0262580785	-0.0633510961	-0.0182290567	0.1598324336	0.1050445254	0.0323388375	0.0347263001	-0.0909225297	0.0786574319	0.0962752198	-0.0184214936	-0.087564416	-0.0845319963	-0.136398164	-0.0606940326	-0.0007590976	0.0892374282	0.0855111455	-0.0190436903	0.0633949707	0.1017879984	-0.0456102847	-0.0884005423	-0.050947046	-0.0801205377	0.0466291678	0.1225959415	-0.0589507206	0.1048322872	0.124334721	0.0189758043	0.082282616	0.1007695151	0.1177999151	-0.0529711121	-0.1409800632	-0.0874204457	0.0823526083	0.0214878581	0.0787210482	0.0296411544	-0.0383841388	0.0845145848	-0.0414856697	-0.0592225095	-0.0652877011	-0.0542589856	-0.0489686078	0.0684922756	-0.0641690103	0.0148509905	-0.1821689308	-0.075592047	0.0004126945	0.0939899678	-0.1093706198	0.0806385538	-0.0382076517	-0.0316509	-0.0038883	1.5118876890000031e-05	0.00100177947081	-0.0394131	-0.0867588	0.0075270893774399	0.00155339245161	-0.115866	-0.025004	0.013424929956	0.000625200016	0.00134191	0.000646037	4.17363805369e-07	1.8007224481e-06	-0.0	0.0	0.0	0.0	-0.000405191	-0.000207917	1.64179746481e-07	4.322947888900001e-08
273.2361972974312	0.3607418977801444	74658.01951356075	0.1301347168140201	292.52863299754443	0.4978039852163647	85573.00112341205	0.2478088076972946	185.6821163775113	-0.0380025283487839	34477.84834243165	0.0014441921609001	187.08822903985265	310.322735177174	1.080131	20.921635	0.04652735	0.0319849	0.0906885179	0.0969671409	-0.0319418268	-0.0040150671	0.0319791567	-0.0977340664	0.0036388568	-0.0368760346	-0.0360275288	-0.0983298215	0.2051523933	-0.0625315997	-0.0170766451	-0.0064625892	0.0476187518	0.1111548586	-0.0065639656	-0.0608561003	0.0310575627	0.0892137216	-0.0018073897	-0.0892492988	0.000124528	-0.069419287	-0.0815675084	-0.0084636589	-0.0053489864	0.0636320867	0.0058566912	0.0712213827	0.1259972358	-0.1203436461	0.0940627866	0.0549047018	0.0562756841	-0.1037944895	-0.0341044654	0.1181162067	-0.0190571079	0.061280923	-0.1244905715	-0.0458174778	-0.0452947211	0.0228300394	-0.0708921326	0.0098135018	-0.0394943335	0.0091864156	-0.0748753202	-0.0150582661	0.0543321953	-0.0252018616	-0.0446653335	-0.0854964259	-0.0458200793	0.0691702177	0.012006675	0.0416681471	0.0938199938	-0.013369888	0.1719222556	0.1188355126	0.0346161619	-0.1490036142	-0.0723405581	-0.1112551775	-0.049696446	-0.081377038	0.0297714665	0.1706752558	-0.0287925455	0.0861256346	-0.0267408889	-0.0568666166	-0.1180879777	0.0446729574	0.0165505056	0.0336820225	-0.0116783929	0.0949569889	0.1113809424	-0.1458551713	-0.0113230037	-0.0310612412	0.0158421747	0.085559463	-0.1164526515	0.0653721433	0.0692053842	-0.1033149818	-0.0800742065	-0.0605551989	-0.0517780999	0.0225910791	-0.0484779514	-0.1098593536	0.0397786259	-0.0395255482	-0.0485425229	-0.006274981	0.0638509583	-0.04459834	0.0425730397	-0.1441785637	-0.0452142906	0.0732346963	-0.0905437801	0.0418958238	-0.0407358915	0.1714664154	-0.0317955025	-0.1123188055	-0.0122441195	-0.0790963336	-0.0313802401	-0.1378795242	-0.1070984381	-0.0158277263	0.1424875499	0.0068273191	0.008031229	0.1140852311	0.157222821	0.1465294345	0.0786310834	0.0293671365	-0.0912720008	0.0580780329	0.0207096088	0.072354649	-0.0269319093	0.0225276913	-0.0070613089	-0.0640889187	-0.0249522802	0.0201882609	-0.0527378124	0.0810180962	0.1693184532	-0.0955722448	0.0885847167	0.0596951224	0.0780041632	-0.1104247249	0.0845154255	-0.0457394187	-0.0298586	0.0017923	3.212339290000013e-06	0.00089153599396	-0.0102291	0.029184	0.000851705856	0.0001046344868099	-0.121561	-0.005695	0.014777076721	3.243302500000006e-05	0.00115527	-0.00018664	3.483448960000002e-08	1.3346487728999998e-06	-0.0	0.0	0.0	0.0	-0.00039471	1.048100000000001e-05	1.557959841e-07	1.098513610000002e-10
272.8350428185495	-0.4011544788817218	74438.96058979972	0.1609249159268658	292.42662368373976	-0.1020093138046718	85513.33023907155	0.0104059001029	185.8606956225809	0.1785792450695851	34544.19817730966	0.0318905467696229	187.32196145560428	309.5665321591789	1.124662	21.784184	0.13459225	0.0710681	0.107895409	0.1023463073	0.0836171039	-0.0147442891	0.0569165242	-0.0660582422	-0.1191146211	0.0255321878	0.0294087641	0.0572734438	-0.1334790416	0.0132555388	-0.0564596069	0.0988830052	0.0222385052	0.0365167392	-0.1229253209	-0.0709042323	0.0089055998	-0.0730995084	-0.0600703289	-0.0802679988	0.1330950303	-0.0750916732	0.0499814413	-0.051945985	0.0693110391	0.0135571165	0.0406308797	0.1598671867	-0.0239140611	0.1419179427	0.0742312783	0.0705403298	0.0561246238	0.1342590101	-0.0961250499	0.0270506868	-0.0279143072	-0.0141679631	0.0206729862	-0.0771474757	0.0357281408	0.0346572068	-0.0383485813	-0.1581273915	-0.0545390818	-0.0104036241	0.0404329577	0.0660569064	-0.1696776268	-0.0485188363	-0.1222311029	0.0665016207	-0.0464117487	0.0072693721	0.1536076691	0.189930266	-0.000599207	-0.1424303807	-0.0828227763	-0.0984447686	0.0491171173	-0.0465586344	-0.0929867098	-0.1267822028	-0.0473162963	0.0651378469	-0.0473746027	0.1106697208	0.0405561139	0.0907930842	-0.0738312443	-0.0759231071	0.1068809902	-0.1195647062	-0.0667458805	-0.0565774684	-0.0465518597	0.1692209055	0.0823919552	0.0875963748	0.0671412649	0.0512749245	-0.1824049622	-0.068826808	-0.0469715052	0.0291155652	-0.0348444901	-0.0296253072	-0.0293188986	0.0020549403	0.0075942461	-0.1192379348	0.1133787923	0.0456553894	-0.0214516585	-0.100895135	-0.020319661	-0.0191219993	-0.0244953548	-0.0863522123	0.119874882	0.0476323104	0.1263426663	0.2011584695	0.0731832275	-0.0014146874	-0.2127159917	-0.1174091098	-0.1099315654	0.0467296764	0.0034706133	0.0339827028	-0.0559193361	-0.0660767755	-0.0588489984	-0.0597485839	-0.0180300503	-0.1081236986	-0.1114649994	0.0337592442	-0.1281839886	-0.0654269311	-0.0063665269	0.0901168545	-0.0153701727	0.1018551397	0.0556971785	-0.0193389774	-0.1912937429	-0.0625627822	0.0086548418	-0.026651244	0.0569801076	0.1170363242	-0.1193718216	-0.063500709	-0.1149253852	0.012431204	0.0618031274	0.1628079931	0.0542860184	-0.1114232278	0.0882220943	-0.0530639746	-0.0232041	0.0066545	4.428237025000001e-05	0.0005384302568099	0.0356998	0.0459288999999999	0.0021094638552099	0.0012744757200399	-0.0894550999999999	0.0321059000000001	0.0080022149160099	0.00103078881481	0.000498242	-0.0006570279999999	4.316857927839999e-07	2.48245090564e-07	-0.000102541	-0.000102541	1.0514656681000002e-08	1.0514656681000002e-08	-0.00015622	0.00023849	2.44046884e-08	5.68774801e-08
273.2837827674401	0.4487399488905907	74684.02592368137	0.20136754173033	292.958686133116	0.5320624493762125	85824.79178084155	0.2830904500362147	185.8775695633913	0.0168739408103988	34550.47086679337	0.0002847298784728	187.23656890096635	309.455221335261	1.117502	21.645504	0.20357532	0.11895	0.0893963766	0.0020577058	0.1329869484	0.0270724023	-0.0127803036	0.0992159483	-0.1038561336	-0.0835609708	-0.0171155969	-0.1137314107	0.1003487915	0.0288764394	-0.0286663431	0.0048130825	-0.0951649964	-0.1004157914	-0.011323752	-0.0888572128	0.0367298134	0.1252930905	-0.0889849389	0.0485962981	-0.0826333655	0.0255122732	-0.075288434	-0.0249602289	0.1682321242	0.083119896	0.0010053453	-0.012194527	-0.032040038	0.0251277742	0.0488099689	-0.1227942349	-0.0105631208	-0.1544716392	0.1712177276	-0.0460116027	-0.1606470673	0.0426656343	-0.1483713567	-0.07800376	0.018359172	0.0976139224	-0.0036060962	0.0431194276	0.0515949541	-0.047317945	-0.0975023118	0.046527122	0.0448335756	-0.0062707711	-0.1824956404	-0.1807636559	0.0856410272	-0.01575371	-0.0134558204	-0.086368416	-0.0963446769	-0.0420725259	-0.1731927529	-0.0571394534	-0.0096625349	0.0900146368	0.0017954252	0.1583881905	-0.0670284303	0.0651821197	-0.0412829876	-0.0546471583	0.119207119	-0.0010809951	-0.0204661923	0.0397985311	-0.1591683057	-0.0171310712	-0.0496070598	0.1271856718	-0.0619557424	-0.0997118034	-0.0200356791	0.0895139295	-0.059174654	-0.2566001188	-0.071428543	0.0823536487	0.0619940339	0.0362162225	-0.0245590937	0.0211478626	-0.1171296753	-0.1546380709	-0.0796087943	0.0558248255	0.045323752	-0.0120515128	-0.0016901048	0.0417976692	-0.0085537777	0.067133154	0.1861323138	-0.0641305213	0.1719227111	-0.0997922284	-0.0124513719	-0.0542936607	0.0010882658	0.0729433771	0.1069948768	-0.2068987873	0.0392673298	0.1042241641	0.0292337319	0.0836392154	0.1044271671	0.07293227	0.1143908721	-0.0224486685	-0.0297212934	0.0772372784	-0.0880240096	-0.0601118792	0.0975984365	0.0234024443	-0.023277733	0.0183822053	-0.1055817921	0.1194629865	0.0945334518	-0.0338610888	0.1671042483	-0.0484754816	0.0698259685	-0.0071909094	-0.0668432175	-0.0289985749	0.036827246	0.0283010265	0.0134145519	0.0124105111	-0.0533815633	0.0490227596	0.011179629	-0.1123656258	0.0917510955	-0.0601481375	-0.0277479	-0.0045438	2.0646118440000007e-05	0.00076994595441	-0.0549193	-0.0906191	0.00821182128481	0.00301612951249	-0.13742	-0.0479649	0.0188842563999999	0.00230063163201	0.00141256	0.000914318	8.35977405124e-07	1.9953257536e-06	5.92724e-05	0.0001618134	2.618357641956e-08	3.5132174017599996e-09	-0.000289039	-0.000132819	8.3543543521e-08	1.7640886761000002e-08
273.3835195023083	0.0997367348682018	74738.54873546897	0.00994741628217	292.63822704336263	-0.3204590897533421	85637.13192708266	0.1026940282055405	185.8894261508604	0.0118565874691114	34554.87875469618	0.0001405786664126	187.2961364042687	312.6504036592204	1.177121	22.800282	0.18617782	0.116315	0.0652888743	-0.098482344	0.0302387921	0.021965583	0.0543192418	0.1212802177	0.0271417478	0.0769106379	-0.0187583188	0.0415479681	-0.0239014337	-0.0050006243	-0.0290933722	0.0989427376	0.0583433042	0.0567324194	-0.0988878441	0.1210518597	0.0833362152	0.0026612228	-0.0013945927	0.1099849001	0.0267162491	-0.0691084548	0.1172689132	-0.0069827339	0.0732074068	0.0493720208	0.178382239	-0.0758439292	-0.066246366	-0.0257961402	-0.0654145715	0.002031891	-0.0200477831	0.0488308181	0.0556615009	-0.0436358766	0.0832902986	-0.0917699553	-0.1588071164	-0.0975260215	-0.0343776919	-0.0263645989	-0.0616577621	-0.164630932	-0.0005734831	-0.06253856	0.0257448393	-0.0500370474	-0.0539613096	0.052155293	-0.0632691815	0.0788022968	-0.0787624499	-0.0848185273	0.0196109201	0.0324994614	0.1193457794	0.103422036	0.0001149617	0.1089959935	-0.0265822632	-0.1414541468	-0.0425146484	0.1119691042	0.2238746447	-0.0232211886	-0.0420669786	0.0452450513	0.0540954528	-0.0912362377	0.009310019	-0.1167724838	0.0815123566	-0.1150934057	-0.0123671602	0.0100292942	-0.1531715796	-0.0427073367	-0.1120108412	-0.0347365582	-0.0717802978	0.0466737425	0.0365862885	0.0157934021	0.0614368932	0.001557856	0.0303133726	0.0962529895	-0.0112253629	-0.0363351377	-0.1851507173	-0.1730731534	0.1034126391	0.0207602896	0.0343623501	-0.0947211656	0.0203184111	-0.1049965242	-0.0296397117	0.1158783485	0.0669330013	0.0430015301	-0.0102830236	0.076048795	-0.0382777319	-0.1545876756	0.080868722	0.1158501529	-0.1101212658	-0.1735980495	-0.0751766784	0.054171737	-0.0312424811	-0.0275872918	-0.0673778799	0.1357620116	-0.0498670917	-0.0855087927	0.0381121187	-0.0931072413	-0.1441741348	-0.1100460626	0.0455982072	0.132383098	0.1054447546	0.1836246574	-0.060070503	0.0467308225	-0.0771811082	0.0137163973	0.0294091113	-0.094919879	0.0894636218	-0.0916688477	-0.0163330265	0.1903058022	-0.0048980166	0.0219043784	0.0395712012	-0.1109680589	-0.0136536951	-0.1132514443	0.0950953223	-0.0669598143	-0.0277604	-1.2500000000002093e-05	1.5625000000005232e-10	0.00077063980816	0.0392388	0.0941581	0.0088657477956099	0.0015396834254399	-0.0976529	0.0397670999999999	0.00953608887841	0.0015814222424099	0.000570534	-0.000842026	7.090077846759999e-07	3.2550904515600005e-07	-0.0	-5.92724e-05	3.5132174017599996e-09	0.0	-0.000145535	0.000143504	2.1180436225e-08	2.0593398016e-08
273.63695630245905	0.2534368001507801	74877.18385447389	0.0642302116706664	291.9983801694206	-0.6398468739420196	85263.05402156549	0.4094040220933747	185.8977521894422	0.0083260385817993	34557.974269087266	6.93229184656116e-05	187.29493995450343	312.2238173036666	1.250589	24.223331	0.15324525	0.109742	0.0030683582	0.0021986919	-0.1209838912	0.0267247253	0.0459463292	-0.0202565998	0.1128050158	0.009641347	-0.0099839634	-0.0733298063	0.1326588694	-0.1058879972	0.0180418298	-0.0718755092	-0.0417639221	0.0021138082	-0.1935564698	0.0819121954	0.0527518809	-0.1989678689	0.1371987423	0.0029646109	-0.0672145554	0.0216187797	-0.0244083931	0.1451012107	-0.1635875693	0.1357860735	-0.1564835457	-0.1317325425	0.022479028	0.1086315154	-0.0203990719	0.1514108469	0.0454781132	0.0901740468	0.0848696267	0.0254203291	0.0449076162	-0.1108852509	0.0648799599	-0.1263334651	0.0495147241	0.0586405972	-0.1611975712	-0.0554627605	0.1755022544	0.0739762798	-0.0684013868	-0.0281195624	-0.0016589269	-0.0477492677	-0.0453006403	0.0470860674	0.0949748263	0.007466093	-0.1139014421	0.0261286668	0.1328284005	-0.1431103362	0.0063961256	-0.0868481417	0.0788158995	-0.019415669	0.0439425381	0.0873967493	0.0182951961	-0.0473974937	-0.05235794	0.0074623183	-0.099188128	-0.0841762496	-0.0096670909	0.0065010241	-0.1188799697	0.2200187075	0.1449025224	0.166031285	0.0288982834	0.0233820098	0.0179835843	-0.0463011142	0.0425398008	0.2063224626	-0.1372347013	0.0265988791	0.0473896932	0.1006338315	0.0195629797	0.1458317334	0.0277220273	0.0060669611	0.0797470917	0.0521707949	0.1666424166	0.0514907016	0.106390301	-0.097202951	0.06225585	0.0633468924	0.0877803373	0.0330607421	-0.106430546	0.0535677829	-0.0461992541	0.0597353598	-0.1065903493	-0.0181807681	-0.0103507968	-0.1244677268	-0.1961974768	-0.0395578458	0.032539797	0.0497857561	0.0559227851	-0.0677942904	0.0588437976	-0.054460134	0.0690284287	0.0324146225	0.1142312041	0.0596406008	0.2034623622	-0.0910523454	0.0162385937	0.0914289623	-0.1760713412	0.0142209417	0.0339282219	-0.1304763218	-0.0961249503	-0.0684646614	0.0538496405	-0.0095693654	0.1044000313	-0.1011823932	0.0148021088	0.1169275965	-0.2259878167	0.0317935252	-0.0279383078	0.1480723264	-0.0875816752	-0.1140802373	0.0982480398	-0.0734681463	-0.0277692	-8.79999999999978e-06	7.743999999999613e-11	0.00077112846864	-0.0603616	-0.0996004	0.00992023968016	0.00364352275456	-0.120332	-0.0226790999999999	0.0144797902239999	0.0005143415768099	0.00115369	0.0005831559999999	3.400709203359999e-07	1.3310006161e-06	3.936050000000001e-23	3.936050000000001e-23	1.5492489602500008e-45	1.5492489602500008e-45	-0.000181518	-3.598300000000001e-05	3.2948784324000005e-08	1.2947762890000006e-09
273.94795696686924	0.3110006644101872	75047.48312632165	0.0967214132635779	293.653057018828	1.6546768494073945	86232.11789650306	2.7379554759647813	186.12276978943865	0.2250175999964483	34641.685434092375	0.0506329203081616	187.48916472006664	317.0103686860396	1.213423	23.503433	0.1310421	0.0912016	-0.0262520679	0.097908248	-0.0479332414	-0.1201074063	0.0616036685	-0.0893284241	-0.0207002826	0.0581542097	-0.117732044	-0.0268869501	0.0275993934	0.0699806277	0.1037260416	-0.0147427579	0.1422557441	0.1159515639	-0.0752691361	0.1472173867	0.0901505964	0.0800090656	0.0049471332	-0.1256485939	-0.0288079552	0.0414890943	0.0772773876	-0.0059162609	-0.0436705486	0.147680838	0.0862023168	-0.0773447321	0.1497870549	0.0582242782	0.0122156813	0.038761521	-0.1393128225	-0.040367223	0.0480542665	0.1356525573	-0.1076764821	-0.0406154875	-0.0701999643	-0.1232148071	-0.121055762	0.1034200266	0.1343232685	0.1010559072	-0.027689825	-0.1369102578	-0.0143893935	-0.0523740652	0.1054600583	0.1099973244	-0.0547855198	0.1496459238	-0.0499732529	-0.1366666426	-0.1682413016	0.0490725054	-0.0720117541	-0.054241132	-0.0786003276	-0.0052727076	-0.0545589705	-0.0126682705	0.0777095912	-0.1387094851	0.1390231902	0.0697622101	0.0492636817	-0.1189096372	-0.056917648	0.0958582132	-0.0344615122	-0.0862966295	0.0269797445	0.1497110157	-0.0122505044	0.116429709	-0.1971523599	-0.0905763272	0.0559771631	0.0718890112	-0.0431913416	0.088451874	0.0879440716	0.1093325933	-0.036828675	0.1769370561	-0.055876659	0.0884931564	-0.1375443371	0.0557900641	-0.0871109849	-0.0572051138	-0.1343554204	0.0477879532	0.0409437362	0.2059254583	0.060845044	-0.1198884542	0.122201927	-0.0612370462	-0.0001823731	0.1657741023	0.0568540754	-0.0948612953	-0.0327221803	-0.0116633694	-0.0820539177	-0.023032388	0.0314922117	-0.0921828477	-0.0008450159	-0.0406104809	-0.0836354748	0.0090320547	0.0517796936	0.0973279013	-0.149785067	-0.0377464371	-0.0555612365	0.0997067126	-0.1543317988	0.0588917616	0.1004709378	0.0546676654	-0.0819235563	0.1075995806	-0.1554417845	-0.1331581657	0.0969341748	0.0442792238	0.1095360834	-0.0391581619	-0.0418161723	-0.0387404303	0.1578434022	0.1182735988	-0.1339269089	-0.1334496055	0.0173097053	0.0264378073	0.0020274574	-0.1148515874	0.1012028987	-0.0796436494	-0.0214738	0.0062954	3.963206115999999e-05	0.00046112408644	0.0241737	0.0845353	0.00714621694609	0.00058436777169	-0.104215	0.0161169999999999	0.010860766225	0.0002597576889999	0.0007493429999999	-0.000404347	1.6349649640908086e-07	5.615149316488501e-07	-0.0	-3.936050000000001e-23	1.5492489602500008e-45	0.0	-0.000103977	7.754100000000001e-05	1.0811216529e-08	6.012606681000001e-09
274.10819780701587	0.1602408401466277	75135.30410501015	0.0256771268508971	294.1719458701202	0.5188888512922176	86537.13373701295	0.2692456399953571	186.12454352276976	0.001773733331106	34642.34570155941	3.1461299298766942e-06	187.4894689302139	320.02233991653134	1.187227	22.996038	0.18798899	0.107825	-0.0468048729	-0.0447333433	0.052187481	-0.1696430626	-0.0040157722	0.0673057139	-0.0850545596	0.0307798552	-0.0918937304	-0.1757547085	0.0656921753	0.0004436668	0.1092065346	-0.165949378	-0.1003199019	-0.0390904526	-0.0642414098	0.2140140283	-0.0398274924	0.0269648417	-0.096181304	0.0746422119	-0.0838883801	0.1179204033	-0.0710296954	-0.0116792008	-0.0780954294	0.0773884486	-0.0640672989	0.0942810052	0.0294350904	-0.0725900635	-0.0425223553	-0.0483618858	-0.0978035083	-0.0618175572	0.0848732499	0.1652747081	0.1581876188	0.0347138037	-0.0589745451	-0.0503522685	-0.2305561232	-0.2048099372	-0.0133352389	-0.1046714241	-0.078920296	0.092960793	0.0342551329	-0.0174969428	0.0018413711	-0.0271238338	0.0159795514	0.0942488609	-0.0517080294	0.1550361447	0.0507244611	-0.0166249543	-0.1003419356	-0.0346338236	0.1171120344	-0.0982217203	0.0702564669	0.0924364513	0.0717388523	0.0806164322	-0.0628435861	0.0694871715	-0.0945320372	-0.0248916474	0.118649725	-0.0326208231	0.0267300339	0.113238058	-0.069108981	0.1032953298	-0.0358739295	0.0795131774	0.04129492	0.0419203833	-0.0017689047	0.0603974152	-0.0555156629	-0.0053538257	0.1755156388	0.0578873938	-0.0379720869	0.0252719193	0.1436003504	-0.0543042464	0.0109110231	0.0962815762	-0.201149549	-0.0300484835	-0.1093067216	-0.0114832988	0.0184519888	-0.2338466467	-0.0461199433	-0.0178829774	-0.1484580931	-0.0382883835	-0.0989331002	-0.0613172637	0.1197482882	0.0994155803	0.000981754	0.1405157345	0.0695294502	-0.0081917776	0.0488772728	0.0844589328	0.1265820933	-0.0192209624	0.1623956763	-0.0678154225	-0.0746408841	-0.0634658636	0.0227173321	0.0764095852	-0.0701450054	-0.0824505785	0.1517162263	-0.0318652335	-0.0971404296	0.0687811709	-0.182796618	0.0395402413	-0.0429364683	-0.0865584937	-0.0109586999	0.0840215569	-0.054882718	-0.0561522652	-0.0758395712	0.0053376978	-0.1146218665	0.1459701597	-0.1924017483	0.0106534989	-0.198413861	0.0515257675	-0.0688487513	-0.1155651064	0.1039539485	-0.0854583468	-0.0277451	-0.0062713	3.932920369000001e-05	0.00076979057401	-0.0566906	-0.0808643	0.00653903501449	0.00321382412836	-0.149457	-0.045242	0.022337394849	0.002046838564	0.00156509	0.0008157470000001	6.654431680091633e-07	2.4495067081000005e-06	5.38828e-05	5.38828e-05	2.90335613584e-09	2.90335613584e-09	-0.000346575	-0.000242598	1.2011423062500004e-07	5.885378960400001e-08
273.6912335059959	-0.4169643010199593	74906.89129803357	0.1738592283250632	293.20427214690994	-0.9676737232102824	85968.74520519923	0.93639243459165	186.0034427021916	-0.1211008205781638	34597.28069706747	0.0146654087447046	187.4689636637984	320.21293232383044	1.209205	23.421743	0.16162069	0.101847	-0.0686032866	-0.1083391286	-0.1234299159	-0.1247183983	0.0851454656	0.0213304142	0.0588433533	0.1267690407	-0.034112179	-0.0229911202	-0.0938744263	0.0427622143	0.1697191335	-0.0588309202	0.0998643109	0.212939118	0.1186846298	-0.0105856662	-0.0925609759	-0.0089676165	0.1271358645	0.070824955	0.0578219405	0.069902644	-0.0373112261	0.1061916473	0.0346671239	0.0302467955	-0.0176143548	0.106491359	0.0848729152	0.0578080811	0.038663275	-0.0432173603	-0.0030680459	-0.0391884724	0.0373715412	-0.1407470067	-0.1159693274	0.0252734551	0.1415792678	0.0440812599	-0.0622113921	-0.0172407504	-0.1261668997	0.165856876	0.0990836508	0.0272892027	-0.0549477474	-0.0794020286	0.0003688813	0.0171676528	0.0159365932	0.0216960098	0.0902904391	-0.031814029	-0.0211946855	-0.0097241669	0.0870347943	0.1383128681	-0.0163036817	-0.0391602686	-0.000756403	-0.0755796407	0.0387182067	0.026172961	-0.1327624523	-0.0239043554	0.0390722703	-0.0600970034	-0.0902105241	-0.0998474492	-0.0295419329	0.0697038103	0.0125286308	-0.0129805001	0.0991877204	-0.0200930729	-0.0794780072	0.0043850837	0.1375092008	0.1193387656	0.0324773683	-0.1113672018	-0.0342659975	0.0338004758	0.0623775509	-0.029616791	-0.082511182	0.0219204979	0.0589775744	0.0667416807	0.0608078868	0.1842730553	-0.1161966852	-0.0718320855	0.0703011112	-0.0007717771	0.1215382526	0.0135701048	0.0328435627	0.0258460292	-0.0333262518	0.0447478238	-0.1300829014	0.0001118688	0.1567309734	0.0317902339	0.1379298144	0.1542245569	-0.0742659733	0.0256720585	-0.0262072812	0.0741749586	0.0457555884	-0.0158508395	0.0505237829	-0.0575255169	0.0545193855	-0.054369481	0.1012905304	-0.0427966337	-0.094943237	0.1373856744	0.0153634455	0.0328187397	-0.0908202808	0.1543597468	-0.1526677282	-0.2395947311	0.0654703069	-0.0013555178	0.0508508745	0.0620578401	0.0487861477	0.1056979686	0.1352584745	-0.0026937164	-0.0587182993	-0.1563626464	0.0274570686	0.0286278013	-0.0648332053	-0.1162204348	0.1064956489	-0.0908858965	-0.0131354	0.0146097	0.00021344333409	0.00017253873316	0.0342125	0.0909031	0.00826337358961	0.00117049515625	-0.122602	0.026855	0.015031250404	0.000721191025	0.00109145	-0.00047364	2.243348496e-07	1.1912631025000005e-06	-6.26755e-23	-5.38828e-05	2.90335613584e-09	3.928218300250001e-45	-0.00028904	5.7535e-05	8.354412160000002e-08	3.3102762249999995e-09
273.3563511030192	-0.3348824029766888	74723.69468835712	0.1121462238234413	293.0587329859233	-0.1455391609866296	85883.4209793147	0.0211816473806921	185.99250678977307	-0.0109359124185175	34593.212581943786	0.0001195941804254	187.522810854914	316.3104840674395	1.22976	23.819881	0.1267280499999999	0.0852594	-0.1276923514	0.0800009199	-0.0900720302	-0.0971623538	-0.01091973	-0.1377679994	0.0238844299	-0.0046438327	-0.0735612394	0.0058327884	-0.0315350673	-0.0519603516	0.0960158639	-0.0646369077	-0.1959105925	-0.0233912802	0.0237647566	0.1686023228	-0.0831552948	0.0935784937	0.0498081593	-0.0784746299	-0.0356993644	0.0630232847	-0.0368332386	0.0140476506	-0.1306213905	-0.0425663681	0.0242793747	0.033638733	0.0708459124	-0.0099636751	-0.1236873082	0.1120146116	-0.0401775343	0.0845458651	0.1782497607	-0.2190687362	-0.0534148353	0.0284592033	-0.0352817375	0.2577253703	-0.0217381332	-0.1401814164	0.0163444071	0.0480554181	-0.0818330014	0.094765085	0.0681936174	0.0155706316	0.1082486225	-0.0946180037	0.0570478739	-0.1031099852	0.1053384217	0.0323994372	0.2257700997	0.1280584675	0.1873836255	0.0303001877	0.0281300404	-0.0046547178	-0.0022935946	-0.1469307413	-0.1466213002	-0.0458205095	-0.0378265488	0.1230998016	0.0201052205	-0.0153171171	-0.1029291164	0.0632184544	0.053565922	0.0798289404	0.0383431282	0.0919816822	0.0063017904	-0.1218486651	-0.0061540379	-0.0134506669	0.0083051609	0.0853622708	-0.0425872795	0.1135840491	0.1155242478	0.0512472574	0.1808853185	-0.1759619135	-0.1563081813	-0.0655880675	0.2359402773	-0.0532875607	-0.0206677002	0.1613712739	-0.0378885127	5.51305e-05	-0.1064519853	-0.0208243259	-0.1465053139	0.0643548665	-0.0639670803	-0.0187191388	-0.0684015852	-0.1584325955	-0.0991062203	0.1117582726	0.1042728244	-0.0598034197	-0.0157159193	0.0581228049	-0.1698826486	0.0838491322	-0.1619991516	-0.0691438248	-0.0388105343	-0.0726512807	-0.0767682093	0.1377801265	0.0342520569	0.0575879102	0.0107348781	0.1173996435	0.0878132324	-0.0136552136	-0.1493913104	-0.0133348982	-0.0051346703	-0.1402157089	-0.0913299345	0.0684459444	-0.0831273545	0.1888777007	0.0112022843	0.0461869837	0.0357556146	0.1189856534	-0.0245924208	0.2083723254	0.0190139504	-0.1431478995	-0.008351993	0.0789943917	-0.0564236381	-0.1168172427	0.1088228812	-0.0959017104	-0.0280119	-0.0148764999999999	0.0002213102522499	0.00078466654161	-0.0455837	-0.0797962	0.00636743353444	0.00207787370569	-0.132987	-0.0103849999999999	0.017685542169	0.0001078482249999	0.00136587	0.0002744199999999	7.53063363999999e-08	1.8656008569e-06	-0.0	6.26755e-23	3.928218300250001e-45	0.0	-0.000448027	-0.0001589869999999	2.00728192729e-07	2.5276866168999996e-08
272.92075468160647	-0.4355964214127539	74485.73833597761	0.1897442423475974	292.58991200199443	-0.4688209839288788	85608.85660533485	0.219793114972042	185.84515216901124	-0.1473546207618312	34538.420584722946	0.0217133842598631	187.30721724315737	313.5265273564469	1.176001	22.778587	0.1320016999999999	0.0905415	-0.1555723463	-0.0050332997	0.0765330997	-0.101359569	0.0495575472	-0.0170784612	-0.1340704997	-0.0063036081	0.0292554357	0.1043403476	-0.0731305882	0.0260745733	0.1129325837	0.0347759857	-0.0111310603	0.1980715507	0.1400348422	-0.0673952714	-0.0365190174	-0.0472288752	-0.0792885279	-0.0427538308	0.028725029	0.0513018525	0.0766891753	0.0473826629	0.0531544908	0.013842511	0.0859443799	-0.0114273289	0.0789605464	-0.0827628154	0.1856037186	0.0372772425	0.1114043693	0.1205546675	0.043820088	-0.0610672996	-0.0351488034	0.0198937002	-0.0304938511	0.0028299851	0.1198156644	0.0810057521	0.0985290289	0.0296371015	0.0700911129	-0.0328527528	0.0340115384	0.0608863059	-0.0027251708	-0.1269076369	-0.1055424237	0.0101612333	-0.027019996	0.0056521193	-0.0404700029	-0.0568158613	-0.0475353612	-0.062776471	-0.0095925346	-0.015561985	0.0245102573	0.0666113722	-0.0823140368	-0.0883724744	-0.0532346057	0.0967077984	-0.1815823756	0.0289082735	0.0540603586	0.0778802292	0.0240497193	0.0478876534	0.0674840657	-0.0775847824	-0.0115780449	0.0078260854	-0.1319223802	0.0240482358	0.1274295863	-0.1269329615	0.1225345033	-0.0263185337	-0.0889852363	0.0642668732	0.1294414201	-0.0147688443	-0.0068336978	-0.0167008885	-0.0091310635	-0.0134214688	0.0666076923	-0.0588465316	0.0972814629	0.0825909541	-0.0672125102	0.124345632	-0.0451299608	0.0230538243	0.0855872554	-0.071658046	0.0224163676	-0.0373483672	0.065266242	0.0352494632	-0.075216664	-0.0569658015	0.0025088592	0.0289525777	0.0797885256	0.0428537316	-0.0643668048	-0.0410907956	-0.0918335618	-0.0562530766	0.0134115245	-0.1657802344	0.0177795423	-0.0605423726	-0.1019471451	-0.0319654761	-0.0034777892	0.121959845	0.022850661	-0.1386561582	0.1533780703	0.0704220867	0.0452886414	-0.0210944503	-0.0803870767	-0.06273438	-0.0501374636	0.0972981581	0.197097149	0.0725282898	0.1159668281	-0.0464056204	-0.0577804055	-0.1019769865	0.0248321414	-0.2005345806	-0.0363823786	-0.1173552296	0.1109309587	-0.1004830656	-0.0257214	0.0022905	5.246390250000004e-06	0.0006615904179599	0.0386672	0.0842508999999999	0.0070982141508099	0.0014951523558399	-0.112348	0.0206389999999999	0.012622073104	0.0004259683209999	0.00109998	-0.0002658899999999	7.069749209999998e-08	1.2099560004e-06	4.7160900000000004e-23	4.7160900000000004e-23	2.2241504888100002e-45	2.2241504888100002e-45	-0.000217491	0.000230536	4.7302335081e-08	5.3146847296e-08
272.8261189014313	-0.0946357801751673	74434.09115481793	0.0089559308893626	292.38637925406186	-0.2035327479325701	85489.7947733001	0.0414255794809831	185.77059489276377	-0.0745572762474751	34510.713926811346	0.0055587874414423	187.2296537655318	311.25793209599595	1.167802	22.619783	0.139136765	0.0893501	-0.1742519306	-0.1168585665	0.0385800811	0.0688767063	-0.0720529548	0.112091662	0.0185259275	-0.0849915184	-0.0279328486	0.1572021013	0.0292983294	-0.0051920147	-0.0377504224	0.1244964291	-0.1341020135	-0.0780100523	-0.0419544699	0.1828757325	-0.1121770035	0.0742107084	-0.0260638351	0.1132772745	-0.0871157404	-0.0598661581	-0.0032219192	-0.0670303814	0.1281983371	-0.127273805	0.001728468	-0.0682172614	-0.0735041644	0.0480677032	-0.2256832974	-0.0675578419	0.1367333796	0.0245052632	0.0454813936	-0.0566813018	-0.0063551005	-0.1530192718	-0.1127928091	0.1163070194	0.0505419289	0.0124231916	0.0476478052	-0.0702793857	0.1284391718	0.0078976089	0.0574764569	-0.1353966793	-0.0596916462	0.0564741321	0.0058510333	0.0404721976	-0.061321955	0.0352066844	0.0699711677	-0.0008972956	-0.1464129123	0.1350703907	6.42348e-05	-0.0583695795	-0.0146739724	0.0674323133	-0.0242371887	0.0046971201	-0.0005782772	0.0354441012	-0.0167133605	0.0418628614	0.052254658	-0.0815785401	0.105321594	-0.0233089438	0.0008816115	-0.1028524391	-0.0493083807	-0.0231740283	0.1122844852	-0.081895351	-0.0855947681	-0.0279359881	-0.2156380111	0.0070330498	0.0169423344	-0.1298055143	0.0315025529	0.0300435516	-0.0679269096	0.0650821476	0.2174308298	-0.1637152227	-0.0735296583	-0.015118435	0.0801338027	0.121465843	0.0489025036	0.06752522	0.0606961794	-0.0241307758	-0.0187209122	0.1077994724	0.0823021353	0.0449467399	-0.0472420167	0.0068586623	0.0790504254	0.0343204692	-0.0603020352	0.0558713521	0.1149465411	0.1286402596	0.1440327661	0.0407521916	-0.0489728064	0.0142954158	0.0256491471	-0.0075590176	-0.0636627511	0.0841258762	0.0346258354	-0.1090931976	0.0710802	-0.1313409628	0.0374740595	-0.0601808062	0.1457628076	-0.1096577546	-0.0498911079	0.0206968962	-0.0269829804	0.0872981341	0.1252323612	0.032636938	-0.0123933758	0.0117837421	0.1088942586	0.1176913846	0.0543945111	0.0538693797	-0.1050562484	-0.0912870025	-0.0629565274	-0.1178341246	0.112815636	-0.1046092073	-0.0287449	-0.0030235	9.141552250000012e-06	0.00082626927601	-0.0417849	-0.0804521	0.00647254039441	0.00174597786801	-0.132599	-0.0202509999999999	0.017582494801	0.0004101030009999	0.0015149	0.00041492	1.7215860640000006e-07	2.29492201e-06	-5.16043e-05	-5.16043e-05	2.6630037784900003e-09	2.6630037784900003e-09	-0.00045917	-0.000241679	2.108370889e-07	5.8408739041e-08
272.79700894672857	-0.0291099547027329	74418.2080902815	0.0008473894627951	291.2358365923002	-1.1505426617616763	84818.31251561698	1.323748416533643	185.98186633982223	0.2112714470584649	34589.2546072435	0.0446356243421777	187.4548160483878	309.3643072535143	1.184506	22.94334	0.157933785	0.0933422	-0.1244087277	0.0131848964	-0.0959314397	0.0517600313	0.04678563	-0.0441427305	0.0946461699	0.0459643666	0.0181394591	0.1379804028	0.0359061134	0.1510374246	-0.0243202327	-0.0080971514	0.1021518844	0.03360666	0.0785250982	0.0303645607	0.0267895838	-0.2282944442	0.0935324462	-0.0119601465	-0.066157861	-0.0096710347	0.027342823	-0.0041108155	-0.0252070599	-0.0447420374	0.0039734643	0.0734692723	0.1813989792	-0.0898930266	-0.0871178066	0.069748352	-0.0657987341	0.1470058383	-0.0111409036	-0.0439681878	0.1274934024	-0.1256049512	-0.1087359453	0.0638267191	0.0018664893	-0.1196703701	-0.0126423661	0.053993469	-0.0162546137	-0.0923595469	0.0059741131	-0.0535566539	-0.0612433206	-0.1254426399	0.0274728947	0.008629996	0.0824531239	0.0399009306	-0.0355460577	-0.0437589616	-0.0158025262	-0.023129005	-0.0157709404	-0.0086963108	0.0536792798	0.1092236352	0.2521744826	-0.063699214	0.0450811578	-0.0712567582	-0.0267186099	-0.0353826579	-0.0941890333	-0.0234532995	0.1049559082	-0.0299456792	0.0077394067	-0.0320545523	-0.0260252193	0.0018526361	0.0244238778	0.067594512	0.1859306065	-0.0706896826	0.0352673925	0.1266584364	0.1772988296	0.0015719068	0.0220574114	-0.0541669593	-0.021736781	0.0392748358	0.0628997191	-0.0103694955	-0.1636720163	0.0545635664	0.0935847235	0.0767710288	-0.049768449	-0.0288830404	0.0829966207	-0.0192720117	-0.0906688452	-0.1006790477	-0.1268998458	-0.0272825553	-0.0451927119	-0.0558894844	-0.0403180672	-0.0997063287	-0.0282415026	-0.0460366374	0.0169942402	0.0095340087	0.1243784725	0.0455496991	-0.0472062823	0.0984852365	0.1379739606	-0.1306180909	0.0336072454	-0.064492278	0.0814535887	0.0514680472	-0.0257089954	0.0623606502	0.170081146	-0.1156476678	0.1099154817	-0.0104438577	0.0107856452	-0.1622745049	-0.0219636113	0.0632681152	-0.210817358	-0.0218228676	0.2165325745	-0.0930917318	-0.0129558526	-0.0665536876	-0.1303595706	0.1553581657	0.010932113	-0.1295315963	-0.0641203371	-0.1182536866	0.1144731177	-0.1082614433	-0.0209337	0.0078112	6.101484544000001e-05	0.00043821979569	0.038359	0.0801438999999999	0.0064230447072099	0.0014714128809999	-0.109031	0.0235679999999999	0.011887758961	0.0005554506239999	0.00097235	-0.00054255	2.943605025e-07	9.454645225e-07	-0.000142772	-9.116769999999998e-05	8.311549523289997e-09	2.0383843984e-08	-0.000164674	0.000294496	2.7117526276e-08	8.6727894016e-08
272.9718385935233	0.1748296467947057	74513.62466512852	0.0305654053983615	292.48479413617383	1.2489575438736438	85547.35480087998	1.5598949463988847	185.97467733714976	-0.0071890026724759	34586.580610656965	5.168175942486575e-05	187.4156833671715	309.0433197202753	1.26228	24.449781	0.1275378	0.0772585999999999	-0.0460771436	0.1027843095	0.0466979985	0.0209103782	-0.0581322309	-0.0854770024	-0.0749427743	-0.0496654446	-0.045261682	0.0399593789	-0.0150395993	-0.0111371941	-0.0538976046	-0.004261329	-0.0758045448	-0.1216202453	-0.0008342756	0.0720833482	-0.218591516	-0.1053079779	-0.0600896746	-0.0659175563	-0.0584891379	-0.026973013	0.0864729101	0.0137828908	-0.0835267896	-0.027127137	-0.0285719964	-0.0907616731	0.0474803871	0.0192383516	-0.0082194975	0.0981764167	0.0147769393	0.006062598	0.009209549	-0.0076932467	0.0130136502	0.1224337487	-0.0040827051	0.1003653447	0.0941216748	0.0286702495	-0.1268598418	0.0041470873	0.030374467	0.108968833	0.0333404702	-0.0775546153	0.0933941296	0.2112872415	0.2639060409	0.0058995947	-0.1166324853	-0.1164783871	0.0349064243	-0.0142392293	0.0525984593	-0.0248574433	-0.1147333117	-0.0027962724	-0.1105577134	0.1561088394	-0.1746624904	0.0206355951	-0.0518442605	-0.0686469284	0.0672895343	-0.1406869706	0.0157577139	0.0935401672	0.0467855353	-0.0552789592	0.0493080222	0.0927285232	0.0239454185	0.0237105965	0.0359915201	-0.0871008204	-0.0337859358	-0.0324884042	-0.0366473747	0.1054558908	-0.0266983024	0.0234648769	0.061372655	-0.0292109129	-0.0696364817	-0.1653281101	0.0258802446	-0.0754865342	0.1200722869	0.0204718081	-0.0510159896	-0.067062467	0.0781022519	0.0282488484	-0.0884679302	-0.0553191621	-0.0406591487	0.2817587511	-0.0798797907	0.057630241	-0.0833583117	-0.0559535073	0.0400155529	0.0159084676	-0.0909535561	-0.0518301681	0.1200339422	0.0587756986	-0.1487654893	-0.1283264366	0.0427918197	0.2038725056	0.1052312441	0.07551104	0.0338508287	0.0530687675	-0.0984651383	0.0701180071	0.0230732447	-0.1309017965	-0.0551818331	-0.0060254746	0.1208994527	-0.1965331059	0.0207990342	-0.0711594379	-0.0485710734	-0.0671187246	0.1192777488	0.267230027	-0.1149101925	0.0116758507	-0.0556959375	-0.0189654452	0.1364992363	0.0125959357	-0.1562716707	0.1256943223	-0.0744456013	-0.1186137044	0.1159000657	-0.1114232278	-0.0257221	-0.0047884	2.2928774560000016e-05	0.00066162642841	-0.0278885	-0.0662475	0.00438873125625	0.00077776843225	-0.126162	-0.0171309999999999	0.015916850244	0.0002934711609999	0.00149263	0.00052028	2.706912784e-07	2.2279443169e-06	-0.0	0.000142772	2.0383843984e-08	0.0	-0.00028904	-0.000124366	8.354412160000002e-08	1.5466901956000004e-08
273.0349442158932	0.0631056223699033	74548.0807629759	0.0039823195746928	292.2530299207782	-0.2317642153956285	85411.83349787528	0.0537146515379513	186.0272749030578	0.0525975659080302	34606.147007857835	0.0027665039394495	187.4570232432109	308.67175613763845	1.177538	22.808357	0.0850906	0.0657663	0.0122980134	-0.1133172737	0.0657919582	0.0411356153	-0.011199507	0.1228421295	0.0101641556	0.0449571535	-0.054512195	0.0375195893	0.0364002184	0.0780189781	-0.2069205131	-0.0731650288	-0.0270041681	0.018807113	0.0623379876	-0.0777832866	-0.0681685916	0.06531519	-0.0628189009	0.1045093626	-0.0186507271	0.0363990926	-0.012332268	0.035526018	0.0293760682	0.057089591	-0.1104248313	-0.0597212843	-0.0558019591	-0.0700892525	-0.026678365	-0.1426461219	0.0808001204	0.0678787543	-0.1127231778	0.0994498346	-0.10380345	-0.0590448746	-0.0927806128	0.2794899989	-0.1019772296	-0.0063544277	0.1477909274	-0.1394356833	0.107209563	0.0183240026	0.0814121859	-0.0870810401	-0.0361225053	-0.0038735131	0.0607589881	-0.0256882885	0.0449885895	0.1180896715	-0.1088433964	0.083497917	0.0561420525	0.0944893583	-0.1378406817	-0.0319606744	-0.0485280547	0.1336561333	0.0332418937	-0.0673548723	0.2187766288	0.0288443957	0.0004761784	-0.0316459048	0.0912450229	-0.0757038387	0.0205137261	0.0394294563	-0.0434400773	-0.0175996416	0.0220354674	0.1049790481	0.0603459633	0.0698389616	-0.1057631389	-0.0330126794	0.046654007	-0.1466965552	0.0560212662	-0.1149307901	-0.1149388416	0.0820689027	-0.159631585	-0.1012514852	0.2521077737	0.0256592005	-0.1401490773	-0.081592794	-0.0261507015	0.1703182694	-0.027592001	0.0443994417	-0.0133819718	0.1125650055	-0.0030280237	-0.0505533412	-0.1029996143	0.032062351	-0.1355739465	-0.0894753773	-0.1077039373	0.0221573509	-0.0822763529	0.0662948606	-0.0403121291	0.0867641651	0.0095497769	0.0508192352	-0.1245342718	0.1686593089	0.037208785	0.0094655357	-0.1328564298	-0.0107309687	0.0006383158	-0.1299268588	0.1057022923	0.0311382348	0.1626119561	-0.0498242229	0.0984011837	-0.2002680173	0.0965002678	0.1039775345	-0.0314463596	0.1566366401	-0.010272413	0.0534130693	-0.0090913026	-0.0645187545	0.1148744758	0.001294197	0.0158457895	-0.0636862026	-0.1119305162	0.0928039571	-0.004431379	-0.1189139965	0.1170936064	-0.1140802373	-0.0280637	-0.0023415999999999	5.483090559999996e-06	0.00078757125769	0.0357035	0.063592	0.0040439424639999	0.00127473991225	-0.137046	-0.010884	0.018781606116	0.000118461456	0.00132717	-0.00016546	2.7377011600000028e-08	1.7613802088999998e-06	-0.0	0.0	0.0	0.0	-0.00028904	0.0	8.354412160000002e-08	0.0
273.00214040045546	-0.0328038154377168	74530.16866323	0.0010760903072717	292.5297347348039	0.2767048140257202	85573.64570401475	0.0765655541050084	186.0628671849853	0.0355922819275065	34619.39054509748	0.0012668105328071	187.54218504144268	309.46896808124774	1.116596	21.627956	0.08202	0.0605667	0.0370526641	-0.041703713	-0.0963210825	0.0926613241	-0.034984484	0.018434075	0.1225907215	0.028324279	-0.0579387093	0.0198688582	-0.0926275558	0.1262358767	0.0378568087	-0.0210974746	-0.0877493548	-0.1137277295	0.0403447633	-0.0805372955	-0.0852857928	0.0077405514	0.120405364	0.0644441655	0.0157412788	0.0875025501	0.0537492331	0.0089253185	-0.0571133047	-0.0488788474	-0.0439984308	0.0462202874	-0.0071177084	0.0996314349	0.1056330346	-0.0360817703	-0.0024537668	0.0361728199	-0.1394663205	-0.0050466271	0.1803281778	0.1029003872	-0.0616566203	-0.1344407443	0.0490607132	0.0780052296	0.0800138158	0.0014406727	0.0454806222	0.0821010521	0.0675798077	0.0285588265	0.1556093054	0.1625787064	0.0492254043	-0.0364947947	-0.0211303142	0.0616610686	-0.1002453131	-0.045320259	0.0061352517	0.1059499825	0.1459996554	0.1127345326	0.1128643591	0.0349514758	0.0064365556	0.0512922014	-0.0065932233	0.1410374636	0.0002677748	0.0201475823	-0.094640885	-0.1047076554	0.0316932456	0.0790100254	0.1205790149	0.0421439729	0.0168329547	-0.050639378	0.0284587888	-0.0053814174	0.0288287299	0.0652174458	0.0843502812	0.0667740529	-0.0683362921	-0.0871811997	-0.0017802612	-0.0454228617	0.159965905	-0.0440839254	-0.171613894	-0.0193260881	-0.0302769261	-0.0906420374	-0.0854567071	0.0288346523	-0.0045668065	0.0768380936	-0.1075392782	0.0686881642	0.0259033296	0.2076726376	-0.0527364536	0.0450782498	-0.0736900715	-0.0208915055	-0.1122090683	0.06060116	0.0706362206	0.1083421895	0.0026695332	-0.0923686373	0.1731080405	-0.1327553383	-0.0667327468	-0.0085276617	0.0332860811	-0.0783123566	0.0392428652	0.0540876703	0.1261128944	-0.031906422	-0.0686967425	-0.0440245617	-0.1024523919	-0.0514576215	-0.0603125607	-0.1565281456	0.0074805351	-0.0439472964	0.0397624098	0.0204096447	0.008442579	0.1139945354	-0.0161068596	0.0291067594	0.0091651614	-0.0736823469	0.177596878	0.0352085692	-0.162549815	-0.1728483686	-0.1314950815	-0.1191544118	0.1180513362	-0.1162204348	-0.0257153	0.0023484	5.5149825600000025e-06	0.00066127665409	-0.0214359	-0.0571394	0.0032649110323599	0.00045949780881	-0.132098	0.004948	0.017449881604	2.448270400000008e-05	0.00160675	0.00027958	7.81649764000001e-08	2.5816455625000005e-06	7.83106e-23	7.83106e-23	6.132550072359999e-45	6.132550072359999e-45	-0.000361144	-7.210399999999997e-05	1.30424988736e-07	5.1989868159999965e-09
272.7365960523253	-0.2655443481301631	74385.25082620926	0.0705138008238732	292.19589681151166	-0.3338379232922648	85378.44211348357	0.111447759028092	185.87956242061705	-0.1833047643682448	34551.21172568007	0.0336006366400977	187.42958393088065	307.86188050585287	1.153045	22.333946	0.12549195	0.0776363999999999	0.0444207708	0.0719237625	-0.0241118865	0.022087548	0.1163084547	-0.1060412574	-0.0034808057	0.0839330896	0.0503355516	0.0465935139	-0.0409315051	-0.00645495	-0.0184931258	-0.0246648665	0.0251465208	-0.0160487453	0.1726568193	-0.0653441205	0.1322979891	0.0603097793	0.0346951324	-0.0929783306	0.1648255991	0.0399261967	-0.1128852214	0.0219151753	-0.0890673985	0.0108578763	0.0326708909	0.1071885494	-0.1105740925	-0.0411944006	-0.0172476406	-0.0320798587	-0.0040138327	-0.0706159396	-0.1085661517	-0.0507874587	-0.093342623	-0.1377611829	-0.0296457929	0.091845428	0.1473509718	-0.098847453	-0.0913073411	-0.0389489347	-0.0207066726	-0.0398242223	-0.066090779	0.1969564828	-0.1324273922	-0.0229448115	0.042519717	-0.0691976931	-0.1847297431	0.0184214165	-0.1088534388	0.0014956213	-0.0166757166	-0.0913751888	0.0104968654	0.1003341139	0.1126261339	-0.0642135309	0.0453431565	0.0335299696	-0.086487186	-0.032629756	-0.0042162367	-0.0117577826	-0.0595599572	0.0704366971	-0.1567867367	0.1010769962	-0.0060383491	-0.0060831859	0.0360580143	-0.123982822	0.0122985555	0.1926185627	-0.0784021621	0.0609145251	0.0460318542	-0.0991554654	0.0310326489	-0.0107469946	-0.1068001095	-0.0142841525	-0.0410151593	0.0293115162	0.0811324142	-0.158528526	0.0606165472	0.0680271857	0.1739008505	-0.1320208379	-0.1118065834	-0.1188322937	0.0458081676	0.0413455567	-0.0638542973	0.0379396584	0.0742482398	0.0341941902	0.1539657829	-0.085388851	-0.1130452743	-0.0054316397	0.0034549802	-0.0183369828	0.0464005154	-0.125645496	-0.0016272033	-0.0794766768	-0.0312851416	-0.0416301476	0.1130956266	0.0110037342	-0.0295631487	-0.1146908478	0.0151060974	0.0829219964	0.0548981604	0.1582614303	-0.0441482843	-0.0905772851	0.0428052685	0.0045313025	0.0358126939	0.1860463917	-0.0237285913	0.12109241	0.0390329886	-0.0040006871	0.0491197769	-0.0460993239	-0.040366847	-0.1021178612	-0.1071024134	0.1308371688	0.1158777911	0.0008637474	0.0789277776	-0.1193348294	0.1187713263	-0.1178341246	-0.0257221	-6.8000000000012495e-06	4.6240000000017e-11	0.00066162642841	0.0363016	0.0577375	0.00333361890625	0.00131780616256	-0.099646	0.0324519999999999	0.009929325316	0.0010531323039999	0.000972941	-0.000633809	4.017138484810002e-07	9.46614189481e-07	-0.0	-7.83106e-23	6.132550072359999e-45	0.0	-0.00028904	7.210399999999997e-05	8.354412160000002e-08	5.1989868159999965e-09
272.7105552209342	-0.0260408313910716	74371.04692891022	0.0006781248995382	292.5978544140389	0.4019576025272613	85613.50440769912	0.1615699142294638	185.98002650900264	0.1004640883855927	34588.57026028933	0.0100930330551481	187.4588197476909	308.11577082485934	1.203811	23.317255	0.18930705	0.114797	0.0847262937	0.0918734545	0.0897840547	0.0317867891	-0.1457561271	-0.0300012798	-0.0848943533	-0.1481815961	-0.0444885234	-0.0245027503	-0.1472753002	0.0087912733	-0.0583771562	0.0930324941	-0.0121954857	-0.115048608	0.054630037	-0.1072643343	-0.0212315875	-0.1434546352	-0.0970779122	-0.0433791729	-0.1076745828	0.0135570534	0.0165608732	-0.0092486207	0.0707787945	-0.0837547943	0.0348808556	0.1308527937	-0.0491697447	0.1523036776	-0.013551729	0.1922555088	-0.064991895	-0.0954176295	-0.0635168019	-0.0542809307	-0.0309959851	0.095363729	-0.0202368228	-0.0338103589	-0.0279942924	0.0740853216	0.0675091729	0.0366708287	0.0284721073	-0.0857334383	0.0304116392	0.1348886902	0.0769776214	0.0097318966	0.0811690253	-0.1056299486	0.0270925268	-0.0208212815	0.0467579287	0.07795845	-0.1472305427	0.0341376132	-0.0253440423	0.0953133049	0.0367546975	-0.0657269161	0.1122441774	0.00985054	-0.0309966015	-0.0321926454	0.0212884854	0.1330984639	0.0574376444	0.0983323839	0.1552172596	0.0333208119	0.0547524699	-0.0718130248	-0.0308365695	-0.0509305279	0.0073295045	0.0114558707	0.0441652138	0.1740041073	-0.079508029	0.0948883239	-0.0922429924	0.0807183551	-0.105497088	-0.0955467751	-0.063337765	-0.0252772355	-0.1419348284	0.0073853384	-0.0032976404	-0.0074671852	-0.0083598973	-0.0657101543	-0.1526293662	0.068667268	-0.0180833766	0.0873459808	0.1193038636	0.1099937644	0.0015171219	-0.1096327004	0.0574638712	-0.0104124067	0.0373683943	0.0238729759	0.0218918873	-0.0635723034	-0.0142560577	-0.1080642377	0.0404727521	0.056254662	-0.0959280651	-0.031779977	-0.1415267229	-0.100763327	0.005708747	0.1391311268	-0.1139991572	0.0200172032	-0.1086317524	-0.1031263695	-0.0378959246	-0.0446732982	-0.00382693	0.0225641563	0.136805024	0.0259250398	0.0083096525	-0.0042493941	-0.0222143982	0.0854201434	0.0888044037	0.0045395464	0.0271251557	-0.0920626613	0.1356029997	-0.0419110238	0.0023280777	0.1113891711	0.0053002713	-0.1194551582	0.1192521267	-0.1189139965	-0.0344285	-0.0087064	7.580140095999999e-05	0.00118532161225	-0.0585618	-0.0948634	0.00899906465956	0.0034294844192399	-0.137586	-0.03794	0.018929907396	0.0014394436	0.00172745	0.000754509	5.69283831081e-07	2.9840835025e-06	-0.0	0.0	0.0	0.0	-0.000490476	-0.000201436	2.40566706576e-07	4.0576462096e-08
272.81331033447776	0.1027551135435373	74427.10229565608	0.0105586133593452	292.46710664369783	-0.1307477703410882	85537.00846853612	0.0170949794491659	186.0002418219255	0.0202153129228577	34596.089957814766	0.000408658876569	187.4072119645944	308.7565097808838	1.170602	22.674017	0.1947531	0.125427	0.0915383242	-0.0701153485	0.092069624	0.0079774989	0.0750501615	0.0990597146	-0.0612733167	0.0883503787	0.0583655955	0.0023562491	0.1274887592	0.0326190283	-0.1557997674	0.0313259655	0.0028549558	-0.0415423267	-0.0065889385	-0.1443193324	0.1525084933	0.0648993274	-0.0514669428	0.0745941767	0.0433343485	-0.0287602903	0.0638514189	-0.0263805974	0.0611909949	0.0047477981	-0.1270090685	-0.1258848109	-0.0126844541	0.0695437214	0.0535186054	0.0364799036	-0.078265765	-0.0586553825	0.0225123243	0.0216506847	0.063917792	0.037451397	0.0674386518	0.0124398412	-0.0636588747	-0.0642099081	0.1118009586	0.1068859478	0.0665770362	-0.1282903193	-0.0830892129	0.1066880078	-0.0730586064	-0.0655344892	0.0791521684	-0.028722056	0.0270161567	-0.1109106389	0.014952175	-0.0676651433	0.0184853591	-0.0267789139	-0.0264803251	-0.0083390673	-0.0360454007	-0.1000253103	-0.0073505183	0.0276374118	-0.1207839621	-0.0634492411	0.0621296916	0.0319951856	0.089927213	-0.0412117139	-0.0533328902	-0.0423615176	-0.0010104684	-0.0438004485	0.0228161824	0.1232289324	0.105375806	-0.1228340767	-0.0544737435	0.0285705999	0.0487302061	0.0786404082	-0.001899732	-0.0038728612	0.00096671	-0.0195962193	0.0536260805	-0.0392194224	-0.0545650852	0.0838564681	0.0098151546	0.0775690395	-0.0489353785	-0.0374802043	-0.1309364908	0.0448514815	0.1402964803	0.1199919566	0.0782266319	-0.0338211859	0.0167255016	0.0205566567	0.075545264	-0.089663036	0.0998833536	-0.0570594793	0.0206579577	0.0040303205	0.0231246575	-0.0157822904	-0.149299381	0.024563637	0.0424149585	-0.1072225137	0.0213519711	-0.0141146519	0.082979042	-0.1004905482	-0.0304903243	-0.0817410051	0.0068112215	-0.0046547298	0.1037357838	-0.0004139857	-0.016236386	-0.0916471243	0.099527389	0.1235037185	0.177843678	-0.0409010806	-0.0275288292	-0.0546448609	-0.0124178067	0.0443898871	-0.1019067254	-0.1307035894	-0.0157751841	-0.0647822213	0.0725929744	-0.0084414055	0.0689220807	-0.1195153378	0.1194927693	-0.1194551582	-0.0290263	0.0054021999999999	2.9183764839999997e-05	0.00084252609169	0.0490024	0.1075642	0.01157005712164	0.00240123520576	-0.103905	0.033681	0.010796249025	0.001134409761	0.00091025	-0.0008171999999999	6.678158399999998e-07	8.285550625000001e-07	-3.746590000000001e-23	-3.746590000000001e-23	1.403693662810001e-45	1.403693662810001e-45	-0.000345562	0.000144914	1.19413095844e-07	2.1000067396e-08
