global_signal	global_signal_derivative1	global_signal_power2	global_signal_derivative1_power2	csf	csf_derivative1	csf_derivative1_power2	csf_power2	white_matter	white_matter_derivative1	white_matter_derivative1_power2	white_matter_power2	csf_wm	tcompcor	std_dvars	dvars	framewise_displacement	rmsd	t_comp_cor_00	t_comp_cor_01	t_comp_cor_02	t_comp_cor_03	c_comp_cor_00	c_comp_cor_01	c_comp_cor_02	c_comp_cor_03	c_comp_cor_04	c_comp_cor_05	c_comp_cor_06	c_comp_cor_07	c_comp_cor_08	w_comp_cor_00	w_comp_cor_01	w_comp_cor_02	w_comp_cor_03	w_comp_cor_04	w_comp_cor_05	w_comp_cor_06	w_comp_cor_07	w_comp_cor_08	w_comp_cor_09	w_comp_cor_10	w_comp_cor_11	w_comp_cor_12	w_comp_cor_13	w_comp_cor_14	w_comp_cor_15	w_comp_cor_16	w_comp_cor_17	w_comp_cor_18	w_comp_cor_19	w_comp_cor_20	w_comp_cor_21	w_comp_cor_22	w_comp_cor_23	w_comp_cor_24	w_comp_cor_25	w_comp_cor_26	w_comp_cor_27	w_comp_cor_28	w_comp_cor_29	w_comp_cor_30	w_comp_cor_31	w_comp_cor_32	w_comp_cor_33	w_comp_cor_34	w_comp_cor_35	w_comp_cor_36	w_comp_cor_37	w_comp_cor_38	w_comp_cor_39	w_comp_cor_40	w_comp_cor_41	w_comp_cor_42	w_comp_cor_43	w_comp_cor_44	w_comp_cor_45	a_comp_cor_00	a_comp_cor_01	a_comp_cor_02	a_comp_cor_03	a_comp_cor_04	a_comp_cor_05	a_comp_cor_06	a_comp_cor_07	a_comp_cor_08	a_comp_cor_09	a_comp_cor_10	a_comp_cor_11	a_comp_cor_12	a_comp_cor_13	a_comp_cor_14	a_comp_cor_15	a_comp_cor_16	a_comp_cor_17	a_comp_cor_18	a_comp_cor_19	a_comp_cor_20	a_comp_cor_21	a_comp_cor_22	a_comp_cor_23	a_comp_cor_24	a_comp_cor_25	a_comp_cor_26	a_comp_cor_27	a_comp_cor_28	a_comp_cor_29	a_comp_cor_30	a_comp_cor_31	a_comp_cor_32	a_comp_cor_33	a_comp_cor_34	a_comp_cor_35	a_comp_cor_36	a_comp_cor_37	a_comp_cor_38	a_comp_cor_39	a_comp_cor_40	a_comp_cor_41	a_comp_cor_42	edge_comp_00	edge_comp_01	edge_comp_02	edge_comp_03	edge_comp_04	edge_comp_05	edge_comp_06	edge_comp_07	edge_comp_08	edge_comp_09	edge_comp_10	edge_comp_11	edge_comp_12	edge_comp_13	edge_comp_14	edge_comp_15	edge_comp_16	edge_comp_17	edge_comp_18	edge_comp_19	edge_comp_20	edge_comp_21	edge_comp_22	edge_comp_23	cosine00	cosine01	cosine02	non_steady_state_outlier00	trans_x	trans_x_derivative1	trans_x_derivative1_power2	trans_x_power2	trans_y	trans_y_derivative1	trans_y_derivative1_power2	trans_y_power2	trans_z	trans_z_derivative1	trans_z_power2	trans_z_derivative1_power2	rot_x	rot_x_derivative1	rot_x_derivative1_power2	rot_x_power2	rot_y	rot_y_derivative1	rot_y_power2	rot_y_derivative1_power2	rot_z	rot_z_derivative1	rot_z_derivative1_power2	rot_z_power2	motion_outlier00	motion_outlier01	motion_outlier02
330.82269331481183	n/a	109443.65441206604	n/a	346.0641587880403	n/a	n/a	119760.40199767397	214.22760035866185	n/a	n/a	45893.46475543053	220.87999426093967	393.4558513565224	n/a	n/a	n/a	n/a	0.0	0.0	0.0	0.0	0.0	0.0	0.0	0.0	0.0	0.0	0.0	0.0	0.0	0.0	0.0	0.0	0.0	0.0	0.0	0.0	0.0	0.0	0.0	0.0	0.0	0.0	0.0	0.0	0.0	0.0	0.0	0.0	0.0	0.0	0.0	0.0	0.0	0.0	0.0	0.0	0.0	0.0	0.0	0.0	0.0	0.0	0.0	0.0	0.0	0.0	0.0	0.0	0.0	0.0	0.0	0.0	0.0	0.0	0.0	0.0	0.0	0.0	0.0	0.0	0.0	0.0	0.0	0.0	0.0	0.0	0.0	0.0	0.0	0.0	0.0	0.0	0.0	0.0	0.0	0.0	0.0	0.0	0.0	0.0	0.0	0.0	0.0	0.0	0.0	0.0	0.0	0.0	0.0	0.0	0.0	0.0	0.0	0.0	0.0	0.0	0.0	0.0	0.0	0.0	0.0	0.0	0.0	0.0	0.0	0.0	0.0	0.0	0.0	0.0	0.0	0.0	0.0	0.0	0.0	0.0	0.0	0.0	0.0	0.0	0.0	0.0	0.0	0.0	0.0	1.0	0.000149867	n/a	n/a	2.2460117689000003e-08	0.0368987	n/a	n/a	0.00136151406169	-0.256678	n/a	0.065883595684	n/a	0.000662032	n/a	n/a	4.38286369024e-07	0.000615219	n/a	3.7849441796100004e-07	n/a	0.000401658	n/a	n/a	1.61329148964e-07	0.0	0.0	0.0
329.79111427538163	-1.0315790394301985	108762.17905499785	1.0641553145917308	339.2285575801315	-6.8356012079087805	46.725443873563975	115076.0142778966	213.9063236604657	-0.3212766981961579	0.1032187168038251	45755.9153019359	219.9333404523916	392.447115272534	1.082983	22.492657	0.148776467	0.0733616	-0.0445646857	0.0404684701	-0.0433976769	0.0742937366	-0.0266161502	-0.0416735755	0.0222330699	-0.0909352551	0.0699142437	-0.0709380023	0.1252128921	-0.0856606014	0.1732137456	-0.018990242	0.0304643695	-0.0272327652	0.0639272411	-0.0029912678	0.247051029	-0.0202321083	0.0439027342	-0.1035571151	0.1896949181	-0.1883915372	0.1563678548	-0.0200752337	0.0205062651	-0.0141850877	0.051611009	-0.0443462358	0.0577766108	-0.1020500935	0.0701697749	-0.0560642279	0.1354826813	-0.088345414	0.1424787763	-0.0968128678	0.0050697614	0.0152711356	-0.0125508566	-0.041573988	-0.0475674223	0.1839834513	-0.1544786891	0.0642973101	0.086520152	0.0155912736	-0.0968706599	-0.1499117246	-0.0025431902	0.1034257428	0.0001160669	0.0314744856	-0.1586984529	-0.0726851027	0.125134699	0.0047708822	-0.097847426	-0.0471235869	0.0059426711	-0.0022296852	0.1351280173	-0.0936842629	-0.0693564352	0.2583819166	-0.0479348278	0.1920651325	-0.0684609363	0.0203971871	-0.0956236504	0.068286499	-0.0727839298	-0.0768773229	0.0015956609	-0.051482508	0.2042956773	-0.115212855	0.0333467159	-0.0146075367	0.0826335216	-0.0437439996	0.0159740879	-0.0377084116	0.0027808756	0.1553478482	-0.0344531906	0.0439557862	-0.1119945966	0.0320271144	0.0098888251	0.0363443734	0.1070967691	-0.1321898116	0.0302892683	0.0357425462	0.2028015683	-0.0992294984	-0.1103511657	0.0692053982	0.1119713374	0.0134426085	-0.0946815879	0.2986697281	-0.0943190185	0.0483053325	-0.04913886	0.0434870235	0.1050483952	-0.0163703059	0.0427543971	-0.0658544118	0.016888318	-0.0780539504	0.231976412	-0.0360193963	0.0442722271	-0.0758050179	0.0939446911	-0.0760307067	0.3726485951	-0.0304302149	0.026447738	0.0792133714	-0.1235086106	0.0279311145	0.1199443696	0.119921393	0.1198831019	0.0	-0.002383	-0.002532867	6.4154152396890015e-06	5.678689e-06	0.0802705999999999	0.0433718999999999	0.0018811217096099	0.0064433692243599	-0.223192	0.033486	0.049814668864	0.001121312196	-0.000106242	-0.000768274	5.90244939076e-07	1.1287362564e-08	0.000942709	0.00032749	8.88700258681e-07	1.0724970010000004e-07	0.000109708	-0.00029195	8.523480250000002e-08	1.2035845264000001e-08	0.0	0.0	0.0
330.3826990551024	0.5915847797207903	109152.72783493435	0.3499725515972959	337.97272886375254	-1.2558287163789714	1.577105764882055	114225.5654556116	214.23160329785264	0.3252796373869557	0.1058068424985894	45895.17985156851	220.0662608383572	395.3469838124364	0.952466	19.781933	0.102563777	0.0803614	-0.0782990968	0.0382512637	-0.0354466014	0.0686422486	-0.0677807612	-0.0666099168	0.0349388463	-0.0580755355	0.1330844857	-0.0700831805	0.0215311457	-0.0269856853	0.1408965104	-0.0727891372	0.0907923586	-0.038818412	0.0477267832	0.0716398803	0.2714286762	0.0694837963	0.0313982716	-0.182317075	0.0718169856	-0.1789250795	-0.0460768679	0.0492431163	0.0416869328	0.0663289304	0.030622414	0.0272124269	-0.0495625265	-0.0490780774	-0.0445840129	0.0836239039	0.0591214951	0.0471709779	0.0808311642	-0.0630502719	0.0189830046	-0.0326283709	0.087990925	-0.0069021628	0.0136607689	-0.1006360147	0.0155470627	-0.0072701731	-0.0657257233	0.1183350338	0.0026064157	-0.082786776	0.0765523075	0.1175615879	-0.0211961558	-0.0436228562	0.0600637439	-0.1861039619	-0.1057075528	0.0657740378	0.0430937332	-0.0323129426	-0.0687529298	-0.0238953067	0.12948015	-0.0438131889	-0.0267614735	0.3387516452	-0.052907206	0.088135989	-0.0369057111	0.0041041741	-0.1731970514	0.0372656662	0.0040060161	-0.0858165391	0.0422775467	0.0162845734	-0.0241436996	-0.0686245533	0.0571915509	0.0451050383	-0.041337685	-0.0601738505	0.0179513769	-0.0810025272	0.0112516933	0.0559627153	-0.1017882887	-0.1178731668	-0.0363132412	-0.0214330453	0.0760836181	-0.0172900438	0.048655876	0.0735869103	0.0524626867	0.0145176745	0.0225018773	-0.132956545	-0.0475766934	-0.236980578	-0.0090818055	-0.03984586	-0.0850895235	0.2850872604	-0.1155090596	-0.0872033051	-0.0586143573	-0.003522594	0.0276400675	0.0128428007	0.1143929444	-0.0949204464	-0.0212367848	-0.0177019587	0.1725215541	0.048620515	0.1126643557	-0.1314848889	0.159531205	-0.0569990172	0.2756960796	-0.0587700226	0.0457585621	0.1343619978	0.1460729474	-0.0738144253	0.1198831019	0.1196764004	0.119332162	0.0	0.000315827	0.002698827	7.283667175929e-06	9.974669392900003e-08	0.00126615	-0.0790044499999999	0.0062417031198024	1.6031358224999998e-06	-0.225708	-0.0025159999999999	0.0509441012639999	6.330255999999952e-06	-0.000102117	4.125000000000005e-06	1.7015625000000043e-11	1.0427881689e-08	0.00110994	0.000167231	1.2319668036e-06	2.7966207361e-08	0.000305242	0.000195534	3.8233545156e-08	9.3172678564e-08	0.0	0.0	0.0
329.44099322663965	-0.9417058284627728	108531.36801815484	0.8868098673607574	337.0787420338212	-0.8939868299313503	0.799212452090705	113622.07833110336	214.12575124104816	-0.1058520568044798	0.0112046579297388	45849.83734454324	220.0205041559766	394.51569015939697	1.219194	25.321659	0.136843677	0.0824506	-0.0439629604	-0.0500947935	0.1500331569	0.0381248564	0.0800897141	-0.1098562944	-0.0132450369	-0.0460299981	-0.0268622927	-0.1462299678	0.1239987991	0.13008475	0.0069781941	-0.1017444087	-0.0943254081	-0.0590959323	0.0534302517	0.0915920934	0.2373485394	0.0645284051	0.1440469414	-0.1531742977	-0.0180044475	0.0591604361	0.0531652202	0.0303883111	-0.0104866995	0.1171431772	0.0422587837	0.0168475905	0.0106344718	0.1009304782	-0.1061606498	0.0532228208	0.0463231072	0.0032268193	-0.0530296065	0.078729009	-0.0167427393	0.1464512452	0.0845645857	-0.0238173933	-0.0093731168	-0.125587759	0.0087138212	-0.0672594774	0.0642641604	0.0746796751	0.0956440645	0.0563934992	0.0925017938	-0.1430528328	-0.0007707134	-0.0438250337	-0.0071411988	0.0647575774	-0.0850066872	-0.0844201007	0.0715460238	-0.1528654668	-0.012056019	0.061348596	0.0081507316	-0.0487916808	-0.0053553765	0.2964484462	-0.0026192765	0.0690094616	0.0455589192	-0.132091041	0.0215681742	-0.049110405	-0.0382247069	-0.0627553981	0.0910530624	0.0821411261	-0.1395363491	-0.0322453075	0.0859167741	0.0149588947	-0.0100369834	0.0181522366	-0.0647363499	-0.0821081455	0.0536643342	-0.0014416611	0.0013637191	-0.0054850999	0.0569178389	-0.0818575131	0.0262100067	0.02450608	-0.1709053936	-0.0227446696	-0.1503560795	-0.1037283065	-0.0579520152	0.0839769805	0.0802163892	0.0761947755	-0.1537726564	-0.1241835213	-0.0700340612	0.23618718	-0.0435662787	0.0228426636	-0.0760113307	-0.1255080866	0.0304756443	-0.1144608016	-0.0854821891	-0.055273851	0.0482710778	-0.093648935	0.0679905761	0.0333717886	0.1068541919	-0.0486795001	-0.0662921039	0.0034633376	0.1345624297	-0.1003406739	0.0183208852	-0.057642829	0.0937874197	-0.0720711834	0.1197605978	0.1191869159	0.1182328141	0.0	0.000325624	9.796999999999974e-06	9.598120899999948e-11	1.06030989376e-07	0.0653511	0.06408495	0.0041068808165025	0.0042707662712099	-0.179657	0.0460509999999999	0.032276637649	0.0021206946009999	-0.000414582	-0.000312465	9.7634376225e-08	1.7187823472399998e-07	0.00110994	0.0	1.2319668036e-06	0.0	8.37484e-05	-0.0002214936	4.905941484096e-08	7.01379450256e-09	0.0	0.0	0.0
328.416805722142	-1.024187504497661	107857.59828073515	1.0489600443691462	335.84565185636546	-1.233090177455722	1.5205113857377837	112792.30187082704	213.7705266517505	-0.3552245892976771	0.1261845088417033	45697.83806496677	219.7756267030336	383.23350880276257	1.169444	24.288383	0.127145486	0.0702691	0.0476300447	-0.1157526955	0.113618833	0.0353474576	0.1616919789	-0.022850179	-0.0006274619	0.0468300696	-0.0186803783	-0.0808314452	-0.1332758263	0.055802716	0.0495394177	-0.029655081	-0.1383496493	0.033868728	0.0184311298	0.0669552953	0.1723864208	0.069147844	0.0082937858	-0.0630350281	0.0639985398	-0.1176526655	0.0200223121	-0.047331839	0.088343819	0.0713730251	-0.0238886258	-0.0688461657	-0.1129956354	0.1395207408	-0.0562822778	-0.1300630729	0.0981797085	0.0479578397	0.0818066429	-0.077409313	0.0496429379	-0.0739047675	-0.0848443521	-0.0509575896	-0.105752195	-0.0026333002	-0.0931752085	-0.0499696429	-0.0263762988	-0.1018904531	0.0346638461	0.0894784152	0.0724035138	0.0114100456	0.0179217538	0.1154214259	0.0659688053	0.1695965144	-0.0414708325	0.0792132543	0.0100276158	-0.1409402867	0.0771745209	-0.0054497404	-0.0716563269	-0.008048987	-0.0039297403	0.2037501576	-0.0455008179	0.0450357872	-0.034203178	0.0598002918	-0.0653041847	0.0212572324	-0.0230014381	-0.1161810521	-0.0454238084	0.0703075563	0.0030508971	0.0615040464	0.0353127468	0.1036697777	0.0619594812	0.2059073626	-0.0811466415	-0.0866390738	-0.0782742936	-0.0018784293	-0.0382008101	0.0328519807	-0.1024337156	0.1383287603	-0.0440337536	0.1735067763	-0.0136150816	-0.066610253	0.0144568444	-0.0808006678	-0.045373471	0.0621356191	0.0653066624	-0.0144745752	-0.132704504	-0.0143401784	-0.0467974536	0.2034325945	0.0623317622	-0.0084998301	-0.0784871125	-0.1351012479	0.002211512	0.0715578038	0.0357027576	-0.002118909	-0.0042827707	-0.0339859737	-0.0106960959	-0.0113115004	0.0910783706	-0.031802422	0.0453948041	-0.018065131	-0.0706013354	0.071216824	-0.0685026653	-0.1544304495	-0.003630303	-0.1447809102	0.1195769199	0.1184539393	0.1165901104	0.0	0.00032669	1.0659999999999793e-06	1.136355999999956e-12	1.0672635610000001e-07	0.00888031	-0.0564707899999999	0.003188950123224	7.885990569610001e-05	-0.141651	0.038006	0.020065005801	0.001444456036	-0.000110534	0.000304048	9.244518630400001e-08	1.2217765156e-08	0.00101192	-9.80200000000001e-05	1.0239820863999998e-06	9.607920400000018e-09	0.000335033	0.0002512846	6.314395019716e-08	1.12247111089e-07	0.0	0.0	0.0
328.65409103096147	0.2372853088194801	108013.5115513875	0.056304317781556	336.38035497936283	0.5347031229973709	0.2859074297431415	113151.74321604214	213.75082067188464	-0.0197059798658472	0.0003883256424731	45689.41333790419	219.6837040156983	383.3286401379008	0.979201	20.337206	0.064242896	0.0336604	0.0407474435	-0.1187504765	0.0111157957	0.0339312216	0.1105587639	0.0722821127	0.0548293242	0.0474981426	0.0092791243	-0.046344277	-0.0581521118	0.1456168016	0.0389669052	-0.0012600657	-0.1207730746	0.0919920294	0.0485431497	0.1045055252	0.0968556693	0.1024916749	0.0522234877	0.0073826899	0.0550690181	-0.0369843872	-0.2191311288	0.0349115732	0.1185264678	-0.0290568642	-0.0551047172	-0.1803433336	-0.0202783805	0.0936169747	0.1719763824	0.2138813795	-0.1052763416	0.00202099	-0.0320789409	0.0823151557	-0.063516748	-0.0350527777	-0.1195251275	-0.0435164417	0.1189590121	-0.0075949882	0.0654441419	-0.027165375	-0.0503521169	0.0410653026	-0.1303902831	0.13051632	-0.0326793532	-0.1176967541	0.0634815582	0.0158178946	0.1149409826	0.0998234457	-0.0907589163	-0.0725376691	0.1139729697	-0.0801004699	0.0798473156	-0.0771796148	-0.1037664903	-0.0270280092	-0.0088147206	0.1416723206	-0.028006945	-0.0784665901	0.0182196593	0.0796723067	-0.0771867936	-0.0543912401	0.0177323302	0.1041419142	0.0633501852	0.0725515096	0.0396443868	0.2735750132	0.196327392	-0.0035772594	0.0435720796	-0.0009784774	0.0523289043	0.0908644407	-0.0247377795	-0.0169027446	0.18352788	-0.0498239482	0.129006776	0.118600821	0.0931541835	-0.0555100313	-0.0437387068	0.1837658393	-0.152795408	0.075536111	-0.0405020589	0.0553710138	-0.0003851641	-0.0046905004	-0.0451223743	0.0795380786	-0.0422969625	0.1826168556	0.072992474	-0.0030326115	-0.110107711	-0.0022682038	-0.0300234629	0.0036197011	-0.0898644793	-0.0654671203	0.082251476	0.0143339675	-0.0790127266	-0.023823271	0.0827151899	0.008189236	0.0774401984	-0.0489801443	-0.2229541772	0.0198761479	0.0343503278	-0.0730140398	0.0574175548	0.0023935495	0.119332162	0.1174789681	0.1144116002	0.0	0.000351546	2.485600000000002e-05	6.17820736000001e-10	1.23584590116e-07	0.0361416	0.02726129	0.0007431779324641	0.00130621525056	-0.132635	0.0090159999999999	0.017592043225	8.128825599999994e-05	-0.000347821	-0.000237287	5.6305120369e-08	1.20979448041e-07	0.00090601	-0.0001059099999999	8.208541200999999e-07	1.1216928099999992e-08	0.000550651	0.000215618	4.6491121924e-08	3.03216523801e-07	0.0	0.0	0.0
328.8080025412325	0.1539115102710297	108114.70253515516	0.0236887529939093	335.7870415679154	-0.5933134114474115	0.3520208042033653	112752.93728493297	213.6182941235994	-0.1325265482852273	0.0175632860003967	45632.77558427663	219.48394412873265	383.0968974938913	0.921488	19.138546	0.084688974	0.0351766	0.0378796339	-0.1401764005	-0.0119693173	0.0656611142	0.099755673	0.0690794926	0.0585709804	0.0236687142	0.0247410522	-0.1193538551	-0.0850518035	0.1024340344	0.0647436862	0.0296174739	-0.1087885568	0.0661262728	-0.0063850464	0.1335662942	0.1236195112	0.0998550446	-0.0161012371	-0.0298913747	-0.0917322646	-0.0384662642	0.0083875195	-0.038896153	-0.0656550313	-0.0098078909	-0.0404094232	-0.1097046167	0.0550796236	0.037805934	-0.0473578525	0.1031603585	-0.0142670964	-0.0322553497	0.028351907	0.1575867933	-0.0968626354	0.0680652169	0.0317305724	0.0804852031	0.0285737648	0.0949932853	0.0101157283	-0.0842773166	0.1175573696	-0.0996527374	-0.0211184178	0.1255535092	-0.0578780474	0.1384591544	-0.2570534456	0.0690318911	0.0733402189	0.1073981186	0.1339692355	-0.1803583366	0.068793683	-0.0583917207	0.0949838435	-0.0393374009	-0.0621911267	0.0325091471	0.0094983123	0.1558857038	0.0704381671	-0.0550421458	-0.0541134174	0.0040349731	0.1017084836	0.0122020199	0.151631184	0.0422524083	-0.0366437342	0.1232810555	0.0536130978	-0.0170482939	0.1509350677	0.0772984344	-0.0125170471	0.0260726294	-0.0244754861	-0.0485528816	0.0777703737	-0.0144497706	0.1125353336	0.0074969862	0.1617380351	-0.0916287635	-0.0840881908	-0.0490300527	-0.1301162444	-0.0905897095	-0.0770846071	0.0684767307	0.0426115963	-0.0135923044	0.0490704018	0.0950488471	-0.1138999731	0.208141592	-0.0444604242	0.1654394925	0.1070437925	-0.0417899896	-0.1003069889	-0.0752710539	0.1282281343	0.1122052719	-0.0476529008	0.0633279281	-0.0311216552	0.0612416856	-0.1201683419	0.0302138879	0.0065905297	0.0788649123	0.0657684456	0.0004742495	-0.2190364893	-0.0156295298	-0.0261662941	-0.074763234	-0.1550997181	-0.1302883512	0.1190264491	0.1162639941	0.1117072952	0.0	0.0128398	0.012488254	0.0001559564879685	0.00016486046404	0.0172554	-0.0188862	0.00035668855044	0.00029774882916	-0.119619	0.013016	0.014308705161	0.0001694162559999	-4.48676e-05	0.0003029534	9.178076257156e-08	2.0131015297599997e-09	0.000638032	-0.000267978	4.07084833024e-07	7.1812208484e-08	0.00078569	0.000235039	5.5243331521000017e-08	6.173087761e-07	0.0	0.0	0.0
328.678564627467	-0.1294379137655141	108029.598845572	0.0167541735199686	336.1902839705479	0.4032424026324861	0.16260443528082	113023.90703619763	213.56410338083904	-0.0541907427603689	0.0029366366009204	45609.62625286171	219.4609608128305	386.050335013065	1.0012	20.794098	0.0771233199999999	0.0499017	0.0281463834	-0.1485770405	-0.0171871749	-0.0476526962	0.0774711062	0.1112951137	0.0996941894	0.0001949266	-0.0661148865	-0.027194575	-0.0221298744	0.1856526684	0.1373070277	0.0500331607	-0.0703588492	0.1383346195	0.0329787303	0.0859417903	0.0715799107	0.1649937829	-0.0302280107	-0.0673964426	-0.118488457	-0.0387150496	-0.1567198129	-0.0213688319	-0.1025351282	0.0494270539	0.0138323163	0.0239491922	0.0281398914	-0.0970564111	0.0351244228	-0.085661448	-0.0972114887	-0.0179901101	0.0267357506	-0.038204403	0.0256281166	0.0099433874	-0.1425987512	0.0716852669	-0.0680703996	0.0264821426	0.0720854476	0.0393209961	-0.1077136221	-0.0239633487	0.0713570995	0.0862661433	-0.0361339143	-0.0290354	-0.0522356318	-0.0318150657	-0.0991544154	-0.0650509054	-0.0008816777	0.0806439745	-0.0741607502	-0.0338905464	0.1139982528	-0.1075745619	-0.056658276	-0.0278143946	0.0591282109	0.1433030634	0.0620786541	-0.1742976282	0.0973726594	0.0031326003	-0.0868814966	0.1095586188	0.1201777339	0.0294781923	-0.0894905465	0.0231720594	-0.0535501595	-0.0070341608	0.007056839	-0.0052957994	0.0124217129	-0.0064289159	0.0741248883	0.0432885145	-0.0153490493	-0.1066436471	-0.0332431744	0.1022655143	0.0204906612	0.0117617361	-0.1065025344	-0.0158452574	0.0395192853	0.0606396045	0.1533883563	-0.0107201478	-0.0841640702	0.0278562724	-0.0627090717	0.0613269992	0.0227916229	0.0139710489	-0.0266916987	0.1303245211	0.0827078364	-0.0729026155	-0.0893621073	0.0010416714	-0.1078361961	0.1090052385	0.0240636576	-0.0419810275	0.0234694109	-0.0074010884	-0.14112623	0.033161188	0.0420685096	0.0614724281	-0.0905294021	0.0465707177	-0.1135485849	0.091108832	-0.0046069145	-0.0441239563	0.0582429369	0.0113055596	0.1186599374	0.1148114994	0.1084896234	0.0	0.0130125	0.0001726999999999	2.9825289999999865e-08	0.0001693251562499	-0.0287431	-0.0459985	0.0021158620022499	0.00082616579761	-0.120533	-0.0009139999999999	0.014528204089	8.353959999999966e-07	-0.000215157	-0.0001702894	2.8998479752360002e-08	4.6292534649e-08	0.000551538	-8.6494e-05	3.04194165444e-07	7.481212036000001e-09	0.000441711	-0.000343979	1.1832155244100001e-07	1.9510860752100002e-07	0.0	0.0	0.0
327.9648549818144	-0.7137096456525569	107560.94610324256	0.5093814582974984	335.5871966489965	-0.6030873215514134	0.3637143174160579	112618.76655473224	213.60197282423053	0.0378694433914859	0.0014340947427809	45625.80279440332	219.55801068983908	381.24515626117386	1.053403	21.878325	0.093693756	0.0649909	0.0604975372	-0.0944641697	-0.0533024619	-0.0622060608	0.0307862001	0.1289360094	0.0381402963	-0.0332043463	-0.0481610185	-0.1195988831	0.2060203618	0.0515648579	0.048343612	0.0433620928	-0.0368665045	0.1141010111	0.0837755031	-0.0421079511	0.0939508538	0.0770183786	-0.0034915927	-0.0232480842	-0.1427218943	0.0331156219	0.138947799	0.1752313748	-0.0637191049	-0.0308570281	0.0107063975	-0.0623812142	0.0121579361	-0.1402165768	-0.01107719	-0.1843706652	-0.1197707803	0.126906028	0.0011946926	0.0809159114	0.0786789279	0.0223525611	-0.0638319955	0.0444983432	0.0198524516	0.0144941221	0.0319275357	-0.0216994183	-0.1521574049	-0.1214140074	0.0165136788	-0.172026152	-0.0758210397	-0.1354654752	0.0441122961	0.02300102	-0.13841481	-0.1316601876	0.0384059548	0.0679285431	-0.0826285614	-0.0164395842	0.0843277308	-0.1176293183	-0.0045480631	-0.1234453994	0.0630981111	0.1021291055	-0.0299231556	-0.0097442494	0.0719768407	-0.0563070901	0.1219312398	-0.0694860801	0.0858195558	-0.1502659536	-0.0103490263	-0.0849900148	0.0898677664	-0.0492994976	-0.0955606089	-0.1335541964	-0.1646061128	0.0297364899	0.0860242641	0.0112108196	0.0216946044	-0.2121445593	-0.0487456623	-0.0137593343	0.063267298	-0.1068081271	-0.0321116111	-0.067388629	0.1284731143	0.0772962077	0.1526002516	-0.1962705657	0.0103019122	0.021887219	0.0227151211	0.0872110742	0.1240547613	0.0419308881	-0.0382766537	0.1603593646	0.0795521306	-0.0236062404	-0.0782736705	0.0870262958	-0.0073302616	-0.033656872	-0.1095028646	-0.052580058	-0.0535945808	-0.0127908766	-0.0541479042	0.1457423017	-0.0556706358	0.0780931692	-0.1186940506	0.0041395254	-0.1114659732	-0.0215268111	0.0489344462	0.1180409677	-0.0064233443	0.0337317009	0.1182328141	0.1131244514	0.104773372	0.0	0.000286664	-0.0127258359999999	0.0001619469018988	8.217624889600002e-08	0.0339541	0.0626972	0.00393093888784	0.00115288090681	-0.123085	-0.0025519999999999	0.015149917225	6.512703999999994e-06	-4.48676e-05	0.0001702894	2.8998479752360002e-08	2.0131015297599997e-09	0.000638032	8.6494e-05	4.07084833024e-07	7.481212036000001e-09	0.00038412	-5.759100000000001e-05	3.3167232810000004e-09	1.475481744e-07	0.0	0.0	0.0
328.1514132320986	0.1865582502841789	107683.35000622354	0.0348039807490943	335.8711586017216	0.2839619527251216	0.0806343905954641	112809.43518046284	213.53785402063733	-0.0641188035932032	0.0041112209742237	45598.41509973902	219.481796327348	376.1639453533317	0.992604	20.615564	0.114163928	0.0671211	0.0845982977	-0.0607012335	-0.1405899801	-0.0217002527	-0.0590205212	0.1139389102	-0.0265899462	-0.0432081521	0.0389747934	-0.1642866292	0.0249317738	-0.0606295153	0.0662635681	0.0588685744	0.003088622	0.0884725035	0.0476235715	-0.0470580554	0.0302868857	0.0924164425	-0.016033682	-0.0058768165	-0.1529402082	-0.0373363264	0.0106689529	0.0061343507	0.0027340284	0.0243786431	0.1224258667	0.114993771	0.1325416788	-0.0909609263	0.037059723	-0.2072118649	-0.2522438041	-0.0217347531	-0.1103197487	-0.0505900545	-0.042738029	-0.0209915845	-0.0503273457	-0.0647411551	0.1156510033	0.016625447	-0.0429992765	-0.0943683237	-0.0233954674	0.0127410275	0.0285333599	0.0292945966	-0.0254267965	0.0312132319	0.1367030401	0.0295238261	0.0957938989	0.0107533648	0.0554834473	-0.0495997068	0.0909596222	0.0448044192	0.0500854383	-0.0525073081	0.0583785116	-0.0666841945	0.0443456572	0.0654331961	0.1265216165	-0.1171460347	-0.0198741603	-0.070897368	0.0344418044	0.1545170756	0.0128809799	-0.0765982105	0.0514831927	-0.0493070253	-0.032865942	-0.0871235237	-0.1879461739	-0.1626873667	-0.1456614962	0.0714796494	0.0966532173	0.1795481146	-0.1484261936	-0.0676246099	0.0399918972	0.0032173528	0.109832581	0.0529646552	-0.0439448063	-0.0461800948	0.0212215924	0.006247687	-0.0117814995	0.0935235522	-0.1231219261	0.0277570769	-0.0087457517	-0.0385620142	0.0610072343	-0.0883431494	0.0149380333	0.0908981708	0.110023784	-0.0402733095	-0.0292511629	0.0421577923	0.0608998777	0.1188683211	0.0032761753	-0.0593833599	-0.0655548938	-0.0563426709	-0.0779577308	0.0847081171	-0.1206451941	0.0831801297	-0.2131043913	0.1212089393	-0.1169757255	0.1003695758	-0.0045199766	0.1119243357	-0.0038164645	0.1274623624	0.1177452974	0.1112062966	0.1005756196	0.0	0.000268876	-1.7788000000000027e-05	3.164129440000009e-10	7.2294303376e-08	-0.00717097	-0.04112507	0.0016912713825049	5.14228107409e-05	-0.0744255999999999	0.0486594000000001	0.0055391699353599	0.00236773720836	-0.000328807	-0.0002839394	8.062158287236e-08	1.0811404324900003e-07	0.0007275689999999	8.953699999990003e-05	5.293566497608545e-07	8.016874368982098e-09	0.000497877	0.0001137569999999	1.2940655048999996e-08	2.47881507129e-07	0.0	0.0	0.0
328.5337652845074	0.3823520524088053	107934.4349320158	0.1461930919812258	335.8397638337736	-0.0313947679480293	0.0009856314545106	112788.34697192482	213.55747282463207	0.0196188039947458	0.0003848974701842	45606.79419924346	219.28225062487505	380.8338638273608	0.932741	19.372272	0.0363548379999999	0.0197558	0.0426575753	-0.0031684633	-0.1256312399	-0.053883979	-0.0532011064	0.0662885071	-0.0041394778	0.0042284751	0.029119448	0.0008730488	0.0857943232	0.0242055895	-0.0618647213	0.0499480344	0.0616099178	0.0460906425	0.0072018791	-0.0591754302	-0.0140180779	0.0280486511	-0.0635871571	-0.1216938504	0.0119494756	0.125470196	0.0317696393	-0.179180279	-0.0104904776	-0.1083952891	0.0554205469	0.0585814499	0.0089008466	-0.0312174262	0.1438649227	-0.0500839503	-0.1364065489	0.0484098719	-0.100673478	-0.1167526877	-0.1776974911	-0.0713723875	-0.1080072194	-0.1250807786	0.0066069104	-0.1122076693	0.0443937102	0.0127562086	0.0718796498	0.0833211147	0.1655827279	-0.0301041951	0.0471498541	-0.0264160842	0.0131081082	-0.2104312713	-0.1910280643	0.0091757668	0.0997249292	0.1069021695	-0.0493211753	0.0819204521	0.0093045167	-0.0567126152	0.0196624649	-0.0125502757	0.0181633481	-0.0379778913	-0.0460897046	-0.0711678226	0.0163303845	-0.185252873	-0.0297738781	0.0049188942	-0.0133918491	0.0938262704	0.0341050853	0.0761777523	0.1093959908	0.0523463648	-0.1405516404	-0.0135679252	0.0827466217	-0.0132787846	0.2248748254	0.0087461224	-0.1084061464	-0.0077878747	0.000654936	0.0082146611	-0.0616090401	0.1053462872	-0.070031194	-0.0582673797	-0.0862603333	-0.0319719096	0.0298956533	0.0393206187	-0.0762233018	0.0178765329	0.099862176	0.0572094265	0.1707984412	-0.1709710169	0.0313393919	0.0303308411	0.047376898	-0.060187261	-0.0632269628	0.1046738203	-0.0585693751	0.0555624716	-0.0020680218	-0.0991678849	0.0293265889	-0.0322982007	-0.0353168302	0.0891544635	-0.1072632035	0.0953800689	-0.1318669874	0.0840671797	-0.0197194372	0.2064526269	-0.0897606636	0.0100265803	2.65937e-05	0.2713978142	0.1171976362	0.1090609537	0.0959156576	0.0	0.000262418	-6.457999999999985e-06	4.1705763999999795e-11	6.8863206724e-08	-0.0197819	-0.01261093	0.0001590355554649	0.00039132356761	-0.0724906	0.0019349999999998	0.00525488708836	3.744224999999594e-06	-0.00026197	6.683700000000004e-05	4.467184569000005e-09	6.862828089999999e-08	0.000638032	-8.953699999990003e-05	4.07084833024e-07	8.016874368982098e-09	0.000218202	-0.0002796749999999	7.821810562499999e-08	4.7612112804e-08	0.0	0.0	0.0
328.61831191425114	0.0845466297437269	107989.99492537206	0.0071481326010228	336.27270079079386	0.4329369570202743	0.1874344087539748	113079.32929713475	213.744428507487	0.186955682854915	0.0349524273517475	45686.68071799222	219.45229265785147	386.3644416522579	1.124459	23.35408	0.119237488	0.0667202	-0.0139416272	0.0537805168	-0.0618334201	-0.0644001681	-0.0954509749	-0.0165786149	-0.040378736	0.0258363828	0.004160105	-0.0200212466	0.0069899163	-0.1076655015	-0.1292664202	-0.0007453496	0.0856958707	-0.0379294229	0.0342095173	0.014995227	0.0090444036	-0.1125977511	-0.0444764165	0.0659348298	0.0486056539	0.027451177	0.2000350794	0.0284209925	-0.0635392509	-0.1646060091	-0.1561814985	-0.0685266582	-0.1525673475	-0.0596438503	0.1030623883	0.0351655807	0.0297652608	0.0255552551	-0.1085332847	-0.0262355655	-0.1010269767	-0.1174582768	0.197116467	-0.0830913919	-0.0384868971	-0.0107743908	0.0230375795	-0.071622882	-0.011530649	0.1709156829	0.0826715042	0.0013133276	0.0205364239	-0.0467512296	-0.1383742744	0.1135066414	0.0305950671	0.1351085507	-0.0603766332	0.0981056015	-0.1599362743	0.0761294884	-0.0750911737	0.0234434005	0.0181291315	0.0132135274	-0.1008532929	-0.0423686483	0.0251746587	0.0886800037	-0.0966690562	-0.0420582605	0.1430801436	-0.0956972332	-0.0021055162	0.0416370523	-0.009831283	-0.0728406431	0.2207153089	0.0791586559	-0.0535347324	0.0984303236	0.0732166292	-0.0905904741	0.0585002993	-0.0159564003	-0.0454039794	-0.0690870519	-0.0147864791	-0.0743271322	-0.0875378386	-0.1393561948	0.170086624	-0.0184437627	-0.0653844082	-0.0256032629	0.1009483953	0.1183304526	0.0852904873	-0.0087695781	0.0901612156	-0.0353016325	-0.1060034235	-0.0490108602	0.064203874	-0.0254779654	-0.085526277	0.0844616291	0.0140316151	0.0107316927	0.0345111165	-0.0302727009	-0.08597724	-0.0573110821	-0.1189873144	-0.0493913468	-0.0174077815	0.0178477176	-0.1455619258	0.1051024663	0.1158183544	-0.0689856203	-0.1445110867	0.1188530481	-0.107824977	0.0657292063	-0.0810848107	-0.0253967192	0.1165901104	0.1066928056	0.0908149015	0.0	-0.010737	-0.010999418	0.0001209871963387	0.000115283169	0.0342394	0.0540213	0.00291830085369	0.00117233651236	-0.060772	0.0117186	0.003693235984	0.00013732558596	-4.48676e-05	0.0002171024	4.713345208576e-08	2.0131015297599997e-09	0.000638032	0.0	4.07084833024e-07	0.0	-0.000414659	-0.000632861	4.00513045321e-07	1.71942086281e-07	0.0	0.0	0.0
328.4740734530219	-0.1442384612292357	107895.21693082125	0.0208047336977777	336.22055400060043	-0.0521467901934329	0.0027192877274779	113044.26093247069	213.5811507476004	-0.1632777598865971	0.0266596268735852	45616.9079546692	219.31323752903788	386.3616340751407	1.17417	24.386543	0.23635002	0.109436	-0.0233378391	0.0924209606	-0.0622797177	-0.0146197911	-0.0731770591	-0.0496850344	-0.0589522648	0.0961036046	0.0031778354	0.0981914753	-0.1636479046	-0.1544998309	0.0069304108	0.0256176059	0.0825779051	-0.0962400745	0.0610997812	0.0631441933	-0.1480265284	-0.1421204641	0.16100623	0.0937418512	0.1107774706	-0.1203814575	-0.1906856883	-0.1077065049	0.0564447589	0.0526598888	-0.0296768529	0.0293038242	0.083843329	-0.0812388539	0.0320939172	0.0268057611	-0.0744948948	-0.0448015747	-0.0599789613	0.0518869095	-0.0515040872	-0.027347357	0.1668930664	0.0390252438	0.1222502832	-0.059429597	0.0536961143	0.0387335123	-0.1791041584	-0.0901471516	-0.0001246406	0.0094130088	0.1092053857	-0.042468672	0.0192011768	0.1211074805	-0.0488100102	-0.0852457081	0.0144720848	-0.0578146092	0.0094597449	0.1022818409	-0.0555225298	0.0842745321	-0.0599960606	0.0336960056	-0.1157957533	-0.0978048866	0.0911479431	0.0505755297	0.0357018977	0.1308164077	-0.1983541006	0.0775337176	-0.1765749328	0.1157215888	-0.0106418901	0.011956242	-0.0609048234	-0.0040106248	-0.01921306	-0.0229053964	0.0179606508	0.0145331718	-0.0274937815	0.0499667304	0.034275648	-0.0290469105	0.1250125977	-0.1559184123	-0.0515612448	-0.0819338771	-0.0109835276	-0.1431776081	0.1173557413	0.0944008368	-0.0551869465	-0.0115976694	-0.1391143924	0.0289443009	-0.0128850241	-0.0846478286	-0.1376051677	0.0769802351	0.150031503	-0.0974542198	-0.1798638284	0.1893756286	0.2225302636	-0.0894669522	-0.0891492234	0.1265374577	0.1287293542	-0.0804780427	-0.1365903724	-0.0830701666	-0.0072214498	-0.2445996018	0.1006501486	0.0307921118	0.0580545717	0.1876694555	-0.0675167768	0.1137941459	-0.0176553711	0.0044055767	-0.03796551	-0.1404822288	0.1159230303	0.1041066901	0.0852967926	0.0	-0.0387488	-0.0280118	0.00078466093924	0.00150146950144	-0.0157675	-0.0500069	0.00250069004761	0.00024861405625	-0.0179189	0.0428531	0.00032108697721	0.0018363881796099	-0.0012282	-0.0011833324	1.40027556888976e-06	1.50847524e-06	0.000454891	-0.0001831409999999	2.0692582188100002e-07	3.354062588099998e-08	-0.00135775	-0.000943091	8.894206342810001e-07	1.8434850625e-06	0.0	0.0	0.0
329.24813936574685	0.7740659127249501	108404.33727580626	0.59917803724271	336.4184317976441	0.1978777970436454	0.0391556225628461	113177.3612531861	213.8979224857531	0.3167717381527097	0.1003443340922889	45752.32124372124	219.51651730001265	390.6898427149829	1.130733	23.48439	0.1030567	0.0506413	-0.0592154404	0.0918513308	-0.0840922461	-0.0552398186	-0.0886436172	-0.0360418877	0.0005657602	0.1083959898	0.0515959354	0.0454488686	-0.0099939661	-0.0702378528	-0.0985739912	-0.025207439	0.1397366224	-0.0198324818	0.0699755513	0.0032557072	-0.0994345037	-0.0995151327	0.045257973	0.0310849544	0.2368571206	0.038255105	-0.0181925636	-0.0424142199	0.1723054629	0.0437789387	-0.2390409483	-0.0077524514	0.0774297575	-0.2384673444	0.088983464	0.0989524167	-0.0396973083	0.1131741062	0.0339188103	-0.129542839	0.0522630043	0.0283295872	0.0418281679	0.0601400429	-0.0590332445	-0.0442211227	0.011200245	0.1246108154	0.091052662	-0.070229873	-0.0395879608	0.0233384173	-0.0469771696	0.0380072311	0.0400877035	0.0653200155	0.1235952928	-0.1058217677	-0.1189188152	0.0574044411	-0.0670491168	0.0945842672	-0.1082613547	-0.0222874796	-0.0533058141	0.0018181368	-0.0474569705	-0.0683509406	-0.1057518848	0.0836222529	0.0087883783	0.0305258254	-0.2202988176	-0.1042075204	-0.1949228947	0.1421230742	-0.0109874032	-0.2241544008	0.0796089905	0.0715494463	0.0120937207	0.1215743345	-0.1299380958	-0.0786648467	0.0943827664	-0.0219887213	0.1133462235	0.0258449918	0.0180575415	0.0028609837	-0.140991531	-0.0374426053	-0.0124519636	0.0157489266	0.0279996316	0.0195565141	0.0340586376	0.0164525251	-0.1310993166	0.0304238222	-0.1017270668	-0.0634966045	0.0939391397	-0.0065403697	0.107394448	-0.0895019337	-0.1466234663	0.1313511353	0.2230096389	0.0431414555	-0.2007619867	-0.0135982134	-0.0698810628	-0.129924444	0.0042888119	-0.001776552	0.0897380919	-0.0695299441	-0.0363640481	-0.0558823297	-0.0078665762	0.0716213138	0.1423887303	0.0479050135	-0.1097343296	0.0104728699	0.0983860807	0.1436647851	0.1151967366	0.1013078907	0.07938669	0.0	-0.0529432	-0.0141944	0.00020148099136	0.00280298242624	0.0162119	0.0319794	0.00102268202436	0.00026282570161	-0.0511286	-0.0332097	0.00261413373796	0.00110288417409	-0.00116257	6.563000000000012e-05	4.307296900000015e-09	1.3515690048999995e-06	0.000549705	9.481400000000004e-05	3.021755870250001e-07	8.989694596000006e-09	-0.00104473	0.00031302	9.798152040000001e-08	1.0914607729e-06	0.0	0.0	0.0
328.8490959843201	-0.3990433814267362	108141.7279297046	0.1592356202604837	336.827886282522	0.4094544848779264	0.1676529751866481	113453.02497755155	213.5739832225599	-0.3239392631932105	0.1049366462381601	45613.846309550296	219.28570410721687	391.8582421955535	1.303646	27.075651	0.1088049	0.0459909	-0.0600802766	0.0685805384	0.0371770522	-0.1514864856	-0.1245224395	-0.0738404577	-0.0384496541	0.0030770734	-0.1108087232	-0.0310917262	-0.0818974326	-0.0889259665	-0.1253938972	0.0021160163	0.0782679138	-0.1178652973	0.0503787053	0.0996245437	-0.13401938	-0.1223829627	0.0644438193	0.1564363232	0.1959092426	0.0035120708	-0.0239002669	0.1188097891	-0.0696414905	0.0948505954	0.0822476048	0.1178013146	0.1132139861	0.0930917678	-0.1276599893	0.0146990425	0.0203083318	-0.1125165618	0.0720972151	-0.0594007817	-0.1478857689	0.0987828585	-0.0362507629	-0.0505108767	-0.0625160533	-0.0473476219	0.1198711349	-0.1259626538	0.0873686283	0.0713692438	0.0978110323	-0.0089454142	0.0469477049	0.0647323033	0.070522023	-0.0256193312	0.0733828934	-0.0925617248	0.0867907881	0.0187549669	-0.020283454	0.082251753	-0.1015313167	0.1119261038	-0.0583147356	0.0039564488	-0.0733245438	-0.0658179048	0.0710477249	0.1749535745	-0.0343558864	0.1049118451	0.0688991097	-0.0014893313	-0.0447801387	0.2035560585	0.0103331657	-0.1185868638	-0.1469281446	-0.1561083312	0.0659918789	-0.0410966312	0.005057621	0.0744783194	-0.0418559652	-0.0198348639	0.0203150553	0.1792251276	-0.1358299829	-0.0080200689	0.0528743101	0.0890397239	0.02603533	-0.1105459659	-0.2496014339	0.0807540409	0.0598482209	0.0509244594	-0.0165220143	-0.1130806478	0.0819451183	-0.0770567361	0.0332776905	-0.0015377191	0.1206483906	-0.0978632743	-0.1728945114	0.2180967811	0.149933556	-0.0906709331	0.0455016875	-0.00988839	-0.0815610214	0.0159623485	-0.1092373323	-0.006507984	-0.077753943	-0.0095826146	-0.0411593036	-0.0630973118	-0.0688246933	-0.1323518065	-0.0713114374	-0.0918669406	0.061113382	-0.1492811917	-0.0538777208	-0.0975439346	0.1144116002	0.098302125	0.0731117546	0.0	-0.0387794	0.0141638	0.00020061323044	0.00150384186436	0.0299141	0.0137021999999999	0.0001877502848399	0.0008948533788099	-0.0353799	0.0157487	0.00125173732401	0.00024802155169	-0.000508365	0.0006542049999999	4.279841820249999e-07	2.58434973225e-07	0.000217316	-0.000332389	4.7226243856e-08	1.1048244732100005e-07	-0.00136194	-0.00031721	1.0062218410000005e-07	1.8548805636e-06	0.0	0.0	0.0
327.9513143960873	-0.8977815882328173	107552.0646141213	0.8060117801698399	336.0975775751381	-0.7303087073839265	0.5333508080807816	112961.58165187595	213.5729274147436	-0.0010558078163001	1.1147301449603915e-06	45613.39532450333	219.3836489261689	383.6689544986276	1.184418	24.599396	0.17558992	0.104485	-0.0023678316	0.0896206746	0.01768381	-0.1410928208	-0.0921495623	-0.0389945541	-0.0599355222	0.0099415178	-0.1086305059	0.1104594563	-0.1581428217	-0.1362278775	-0.0184271848	0.0223748592	0.0903365189	-0.0582099838	0.0777039992	0.1024297376	-0.1232887193	-0.0975848551	-0.0002729775	0.1130241925	-0.0050835425	0.0921106705	-0.0515613235	0.0909215966	0.0682046893	0.0499451768	-0.0759421273	0.1545298046	0.0780236359	0.1021791857	-0.0037757291	-0.0882916087	0.0205777828	0.0451616931	-0.1208416017	0.1230325119	0.0375394991	-0.0295328746	-0.0805895986	0.1582651997	-0.1713121487	-0.0207722244	0.021683064	0.0408821052	-0.0272443033	0.0085004508	0.0863220157	0.0034767335	0.0300756531	0.0911534327	0.1303808804	0.1350575143	-0.1771269319	0.020339772	0.0258601249	0.0213926717	0.085868367	0.0904248761	-0.0669023669	0.0866574873	-0.0584930201	-0.0015769905	-0.1131637153	-0.1009418674	0.1348036118	0.0027813865	0.0794933069	0.083733328	0.0012581902	-0.0218317624	0.039342314	0.1159792361	0.0154791636	-0.2158870215	-0.117783762	-0.0354657626	-0.158449	-0.0160278418	0.0167259941	0.0974694863	-0.0724552026	-0.0606407443	-0.0004599561	-0.0296634034	0.1428110099	0.262555338	-0.0219646633	0.0087163935	-0.1021526261	0.1292435468	0.0077331681	0.0646687833	-0.073861373	-0.1130527477	0.0260065525	-0.094075181	0.076063682	-0.085309972	-0.1180222943	-0.0538600698	0.137720644	-0.1295214401	-0.1284217631	0.1207802549	0.1098203228	0.0034775669	-0.0958708295	0.0087866798	0.0997072432	-0.0387956183	-0.1029227143	0.116319669	-0.0400102415	0.0583474339	0.1539203351	-0.0238893216	-0.0048926616	0.105682484	-0.0425344961	0.0925848492	-0.060554846	0.1006927137	-0.0625197378	-0.0472428145	0.1135680224	0.0950955338	0.0665008237	0.0	-0.0174636	0.0213158	0.00045436332964	0.00030497732496	-0.0652052	-0.0951193	0.00904768123249	0.00425171810704	-0.00716578	0.02821412	5.13484030084e-05	0.0007960365673743	-0.000877646	-0.000369281	1.3636845696100005e-07	7.702625013160001e-07	0.000116783	-0.000100533	1.3638269089e-08	1.0106884089000002e-08	-0.00121294	0.000149	2.220100000000001e-08	1.4712234436e-06	0.0	0.0	0.0
327.9847714176988	0.0334570216115253	107574.01028192014	0.001119372295114	336.2098027686064	0.1122251934683049	0.0125944940489984	113037.0314777052	213.39371942553603	-0.1792079892075548	0.0321155033958151	45536.87949026439	219.2059250675924	381.49410475201967	0.955079	19.836199	0.11606143	0.0741295	0.0024160831	0.0846645403	0.0166303746	-0.1209052177	-0.0420953632	-0.049437305	-0.0703237182	0.0427176039	-0.0527155554	0.1376095281	-0.0219618787	-0.0457149949	-0.124496044	0.0420248516	0.0815862437	-0.0901587851	0.0144137182	0.0452599391	-0.0675698724	-0.023447899	-0.0315440177	0.1598811231	-0.0811109679	-0.0584127188	0.0430509171	0.0508394401	-0.033857096	0.0178415638	-0.1985397813	0.0647936292	0.020992847	0.0550213367	-0.0562543087	-0.0779845775	-0.0604482092	0.0622500638	0.0044913681	0.1424720079	0.0327901383	0.0636849929	0.0449393932	0.0072591522	-0.0219986536	-0.0193238838	0.019231553	-0.0011746195	0.0765543583	-0.059017251	-0.1392019471	-0.1201698909	-0.0232344477	-0.0539761336	0.0243881666	-0.1894359103	0.0237440827	0.1322061434	-0.1056156917	-0.0471532447	-0.1104674835	0.0913966683	-0.0374102141	0.0882577281	-0.0355047723	0.0323546935	-0.0470420648	-0.0535842981	0.0335409051	-0.0042707118	-0.0348354746	0.0986801914	0.0412747542	-0.0876265268	-0.0185653369	0.0096708954	-0.2016868098	-0.1159643867	-0.0180513857	0.0624256658	-0.0794025281	-0.0364402353	-0.1065945586	0.0667363985	-0.0655421551	-0.062933283	0.0702880011	-0.0743983533	0.0844994884	1.0139e-05	0.0704926219	-0.0901677655	0.0067999985	-0.0513209544	-0.0699097039	-0.1764968979	-0.0157631748	-0.073803286	0.0081759607	0.1339729519	-0.0371972522	0.0500353028	0.1104658658	-0.0800040632	0.1022736885	-0.0916848311	-0.0877480971	0.1144579997	0.0645175024	0.0077433017	0.0464993107	-0.0463710238	0.0311032441	0.0304129279	-0.1107918074	0.0988530021	-0.0678925632	0.0690419689	0.0678379859	-0.0154686241	0.0556379496	0.0762355839	-0.0639947131	-0.0495359302	0.0504941014	0.0962100141	-0.0586539319	0.1880192481	0.1126664339	0.0916946678	0.0595842788	0.0	-0.0083409699999999	0.00912263	8.32223781169018e-05	6.957178054089834e-05	0.00331203	0.06851723	0.0046946108068729	1.09695427209e-05	-0.0240788	-0.01691302	0.00057978860944	0.0002860502455204	-0.000897346	-1.969999999999999e-05	3.8808999999999964e-10	8.052298437160001e-07	0.000116783	0.0	1.3638269089e-08	0.0	-0.000802469	0.000410471	1.6848644184100006e-07	6.43956495961e-07	0.0	0.0	0.0
327.7019158226545	-0.2828555950443387	107388.54563383812	0.0800072876478869	335.95332792807045	-0.2564748405359296	0.0657793438279305	112864.63854594564	213.3664719431024	-0.027247482433637	0.0007424252989713	45525.25134944671	219.22581458563764	383.4180253547687	1.10895	23.03199	0.1481785099999999	0.0909672	-0.0093301695	0.0818269775	0.0787439226	-0.043599635	-0.0071778772	-0.0866274821	-0.0472545974	-0.0412007004	-0.0616360641	0.1771023374	-0.0019738164	0.0315948044	0.0918734599	0.0084841566	-0.0048731716	-0.135081314	-0.0410925155	0.0125213274	-0.0187905542	0.0820888145	0.0689716133	0.2179605031	-0.0108796059	0.1702605425	-0.0321698493	-0.0174224745	-0.1443651128	0.0086671712	-0.0114389947	0.0407653936	0.0338964396	-0.1186392775	-0.1786828813	0.0134467717	-0.0803331071	0.0330928693	-0.1136570025	0.0401586997	0.1046861129	0.0385244723	-0.1364632877	-0.0614380666	-0.0265289528	0.0914671777	-0.1275798924	-0.0524495826	0.0394502581	-0.0315584857	0.0143678114	0.0735127992	0.0392062683	0.1249135542	-0.2292551643	-0.0933397601	0.0882873616	-0.0929834371	0.0850493471	-0.0674807751	-0.01465038	0.0036929163	-0.0083045489	0.1189784904	0.0175286014	0.0153014431	0.0274525212	-0.0112049891	-0.0808124242	-0.0893600984	0.1521981569	0.1181028263	0.1052846226	0.0598090459	-0.0995584279	0.1137544029	-0.0328646415	-0.0974422593	-0.0877581649	-0.0701373856	-0.0446625358	-0.0253731564	-0.1035654654	-0.1445256038	-0.0371375848	0.0222143484	0.0790413508	-0.1659324957	-0.129140767	0.0730616651	0.1273334218	0.0579915587	-0.0214598784	0.0824113844	-0.0011732683	-0.1728643892	0.0474051097	0.1087920212	0.0152019513	0.0148741426	0.108116103	0.0740189885	-0.0578327097	0.1615932981	0.0270947866	-0.0492941337	-0.1413516825	0.0946381127	0.0357024199	-0.0376115857	-0.1649370368	-0.0938328019	0.1535034243	-0.0073556868	-0.0532825695	0.0610268453	-0.1246084108	0.0216275987	-0.072362766	0.0436768251	-0.0640753228	-0.1559034498	0.0436027038	-0.1029956426	0.0525299654	-0.0483339334	0.1610509426	-0.126417406	0.1117072952	0.0881064748	0.0523939058	0.0	-0.0145536	-0.00621263	3.859677151690123e-05	0.00021180727296	-0.0124215	-0.01573353	0.0002475439662609	0.00015429366225	-0.0818480999999999	-0.0577692999999999	0.0066991114736099	0.0033372920224899	0.000301906	0.001199252	1.4382053595040002e-06	9.114723283600001e-08	0.000116783	0.0	1.3638269089e-08	0.0	-0.000972478	-0.000170009	2.8903060081000017e-08	9.45713460484e-07	0.0	0.0	0.0
326.3604766290417	-1.3414391936127572	106511.1607055353	1.7994591101604442	335.14667622699795	-0.8066517010724965	0.6506869668431523	112323.2945860042	213.35822404894915	-0.0082478941532428	6.802775796309835e-05	45521.73176932159	219.3217867914313	371.6281239485541	1.268976	26.355587	0.1786039499999999	0.111847	0.0747633755	0.0542029328	0.18898583	-0.001295996	0.1206322915	-0.0624259307	-0.1253165677	0.0682035609	-0.0638243518	0.0474549422	0.0540327143	-0.0250464508	-0.0877605665	-0.0078450956	-0.1026636824	-0.1013054552	-0.0482810875	0.0455139251	-0.121587575	-0.0755923889	0.0906230606	-0.0641356094	-0.0241930288	0.0123660533	0.070643841	-0.0644150514	0.0146006395	-0.070895108	-0.0039047944	0.0979782595	-0.0960079733	0.0401821205	0.0982519764	-0.0802347911	0.0780830005	-0.1896944697	-0.1085709784	0.0759184473	0.2183257041	-0.1162694758	0.0468731166	0.0995834565	-0.0431830954	0.0893176476	-0.1006830249	-0.0220118919	0.0436560892	-0.0102794808	0.0194915408	0.0126818856	0.1207715663	0.0028494025	-0.0241441303	-0.0519347932	0.059839781	-0.1347721127	0.0192171219	-0.1569436292	0.0051648204	-0.0532779202	0.03696169	0.144036509	-0.0874204304	0.0631669112	-0.0023522673	-0.0867340864	0.0148281653	0.0778612163	-0.0034359524	-0.0496587322	-0.0170591819	-0.1104431221	-0.0926826626	-0.0813460233	0.0285289227	0.060326101	-0.0604802576	-0.022644519	-0.1384626918	-0.0184137084	0.1999138372	-0.0723786187	-0.080445912	0.104607641	-0.033004183	-0.0894700963	0.1005231827	0.0370890077	0.0046222994	-0.1245603126	-0.041864824	0.1191300266	0.1152698203	-0.1944866667	0.0458941289	0.0627356374	-0.0314430105	-0.0247418049	-0.0187462183	-0.0469320829	-0.094901208	0.1186285136	0.1070371613	-0.1358786909	0.0680150483	0.1208568081	0.0889652041	-0.1499474292	-0.0288220582	-0.1495754001	-0.0308118498	0.1336163441	0.1029013978	-0.0749461573	0.1709777215	0.172994923	0.0936108102	-0.0089560314	-0.0634266547	0.0225344288	0.0445773225	-0.1289013694	0.0970191997	-0.0213091542	-0.0357907172	-0.0042098455	0.1106910964	0.0843382854	0.0449627491	0.0	-0.0145316	2.199999999999945e-05	4.839999999999758e-10	0.00021116739856	0.0176537	0.0300752	0.00090451765504	0.00031165312369	0.0171374	0.0989854999999998	0.00029369047876	0.0097981292102499	-0.000252991	-0.0005548969999999	3.07910680609e-07	6.4004446081e-08	0.000192066	7.528299999999999e-05	3.688934835599999e-08	5.667530088999999e-09	-0.000612233	0.000360245	1.2977646002500006e-07	3.74829246289e-07	0.0	0.0	0.0
325.9056274351413	-0.4548491939004293	106214.47799389312	0.2068877891918703	334.074973480942	-1.071702746055962	1.14854677590389	111606.0879062921	213.0133163385224	-0.344907710426753	0.1189613287118249	45374.67293753541	218.85642205096912	362.0320459033261	1.151467	23.915026	0.1535226049999999	0.0783665999999999	0.1399366452	0.0576072109	0.1000045434	0.0253290711	0.137791843	0.0686484564	-0.0591368607	0.165844103	-0.0330233697	0.1421865684	-0.100856547	0.0079850915	-0.0084507011	0.0900184091	-0.0872099986	0.0247006728	-0.0819120914	0.0103135807	-0.1209848007	-0.0674110031	-0.0769266825	0.0674603006	-0.0351256516	-0.050570492	-0.1802470316	0.1266758432	0.0151350292	0.0322646304	0.1237188179	0.0074204908	-0.0909530928	0.0737495123	-0.0467315303	0.0769631212	0.0176776697	-0.0046702719	0.0369996764	-0.0748773419	0.112689648	-0.1411663766	0.0684291438	-0.0204802466	0.0777691322	0.1021285199	0.1110644375	0.1541557669	-0.0254004014	0.0179390534	-0.1660968622	-0.0585667947	0.0753854384	-0.0571750012	-0.1940723463	0.0021222556	-0.0125260971	-0.1446163711	-0.0212964588	0.2092311365	0.1006037602	0.0195640235	0.1138151662	-0.002957393	-0.1163597019	0.1142010509	-0.018844604	-0.1677994287	-0.0383846681	-0.0448924437	-0.0483675862	0.1406310941	-0.0549387975	-0.0428255496	0.0880985769	-0.05705537	0.025409589	0.0927782622	-0.2065731233	0.0565861038	0.1032690719	-0.0924849651	-0.0037832343	-0.0098618194	-0.0663417271	0.0593158192	-0.0394140939	-0.0296372516	0.0325264294	-0.1011652969	-0.1237059177	0.0529280643	0.1329132751	-0.1213186608	0.1149064948	-0.0454036018	0.0370542762	0.030126906	0.0471850684	0.0163812647	0.0032542328	-0.009039829	0.0342294228	-0.0869493609	0.0955100899	-0.1486123322	0.1333902047	0.0342323823	-0.027704544	-0.0313156915	-0.0877356777	0.0525376532	0.1053239856	0.1980523617	0.164351379	-0.01804337	0.0924321001	0.0773728663	0.093349893	0.0206042819	-0.0154838664	-0.0400738019	0.0063923284	-0.0920202608	0.1526069095	-0.0920297011	-0.0252573241	-0.0106870635	0.1096183565	0.0803977977	0.0373249597	0.0	0.0101897	0.0247213	0.00061114267369	0.0001038299860899	-0.0441281	-0.0617818	0.00381699081124	0.00194728920961	0.0133116	-0.0038258	0.00017719869456	1.4636745640000004e-05	3.204e-05	0.000285031	8.1242670961e-08	1.0265616e-09	-0.000245663	-0.000437729	6.035030956900001e-08	1.91606677441e-07	-7.11189e-05	0.0005411141	2.928044692188101e-07	5.05789793721e-09	0.0	0.0	0.0
326.3586544725136	0.4530270373722942	106509.97134910952	0.205233496590318	334.0449175671196	-0.0300559138223661	0.0009033579556975	111586.00695242376	212.70949858949896	-0.3038177490234375	0.0923052246216684	45245.33079019606	218.5203753882128	367.72525803556965	1.13798	23.634903	0.1060712085	0.0668611	0.0992481429	0.1469797443	-0.0157474039	0.0461259867	0.0102298628	0.1535828571	0.0170798597	0.0281068797	-0.0183541344	0.0650265257	0.145976734	0.0405646811	-0.0503829835	0.1515078732	-0.0221161747	0.0544389288	0.0007318752	-0.1166985577	-0.0637794883	-0.0506751546	-0.017796402	0.0115893025	0.1126945913	0.2242409122	0.0600926616	0.1074892347	0.0285055402	-0.0047964043	0.1866510274	0.008225111	0.0962783677	0.0874927586	0.0631017102	0.0525222768	-0.0005499097	-0.0078913534	-0.0158587867	-0.073453175	0.006451367	-0.0615425307	-0.0756802436	0.1359417015	-0.0281538423	0.0079933694	0.017986492	-0.0289924329	-0.0891423176	0.0112259676	-0.053390525	-0.1597273737	-0.1043034604	0.0852121395	-0.0942554499	-0.0587508839	0.0811648793	0.0099485019	0.0354081369	-0.0602214103	0.0225960378	0.0962307473	0.1314609274	-0.0745022412	-0.0100807449	-0.0641202599	0.0499978179	-0.1371393634	-0.1434945301	0.0402490035	0.0055642865	-0.0474078649	0.0861855322	-0.1342253039	0.0034264956	0.1447044924	0.163655259	0.0155940732	-0.0680955831	-0.0921903354	0.071899028	-0.1339002112	0.0274488738	-0.0011837368	0.081340751	0.0422263661	-0.0200691759	0.0248843419	-0.0719747783	0.1478897105	-0.0220476129	-0.0397519501	-0.0247560606	-0.0246438562	-0.0160573838	0.0177866705	0.080179824	-0.0657147135	0.0891261029	-0.0201812294	-0.0039101293	-0.0483529197	0.0036193045	0.0250945181	0.0394422696	-0.088274337	0.0571023526	0.055623298	0.0066063277	0.1983630569	-0.0372902716	-0.0917199294	-0.023305312	0.0348593001	0.0168989221	0.1551837331	0.054081127	0.051696612	-0.0620719063	0.0903478443	-0.1349396922	0.0549095279	0.0526152456	-0.16099446	-0.0708986656	-0.0470973343	-0.0401118544	0.0868558478	0.1084896234	0.0762930619	0.0295156382	0.0	0.0101919	2.2000000000008124e-06	4.840000000003575e-12	0.00010387482561	0.013676	0.0578041	0.00334131397681	0.000187032976	-0.015289	-0.0286006	0.000233753521	0.00081799432036	1.19983e-06	-3.084017e-05	9.511160856289e-10	1.4395920288999998e-12	0.000116783	0.000362446	1.3638269089e-08	1.31367102916e-07	-7.11189e-05	0.0	0.0	5.05789793721e-09	0.0	0.0	0.0
327.2809864152796	0.9223319427659932	107112.84406895842	0.8506962126464911	335.30332562318625	1.258408056066628	1.5835908355733894	112428.32017396847	212.78291417506705	0.0734155855680853	0.0053898482043048	45276.56856483395	218.56549878239764	368.11167149471135	1.177725	24.460382	0.0862822615	0.045848	0.0524206781	0.184548112	-0.0675717568	0.1081010031	-0.116768873	0.0569529801	-0.0773220226	0.0073306372	0.0961437788	0.0310664977	-0.0992221933	-0.1087419602	0.0341704578	0.149789397	0.078188863	-0.1155265484	-0.0570860633	-0.0770158686	-0.1205993739	-0.067161	-0.0557152913	0.0004563028	-0.068329397	-0.1518361625	0.1041123115	-0.1131023978	0.0907889096	-0.0553643507	0.0881151887	-0.1760442728	-0.026934514	-0.0877427215	-0.2395714019	0.0427809524	-0.088394411	0.0517875321	-0.0650176465	-0.014099303	-0.0441092728	0.0125249944	-0.0737711286	0.0366477988	-0.1382293463	-0.0711320498	-0.0634750126	-0.0225985701	0.0042538841	-0.1863151546	-0.0113264514	-0.0021443076	-0.1916190737	-0.0509039785	0.0809784933	-0.0387914996	0.0564076123	0.0887420606	0.0106226748	0.0644807315	0.1444658504	0.1705227859	0.0438359025	0.1031223783	0.0961763045	0.0571063852	-0.0066539499	-0.1605568077	0.0882877711	-0.0435506153	-0.1419372941	0.0167033491	-0.0436958528	0.1320586561	-0.0086627692	-0.0373564599	0.0665191088	0.1551600218	0.177154347	-0.0342953464	0.0171645357	0.0823759983	-0.1858654791	0.1133870998	-0.065585103	0.0441831515	0.006347486	-0.0957258941	-0.0182350813	0.0319990451	-0.017453718	0.0226659483	-0.0110171041	0.1414772553	-0.0244176187	-0.0075666162	-0.0047694007	-0.1594345314	-0.025069779	0.0276560229	-0.0205982328	0.0554251114	0.1263203869	0.0314401001	0.067176393	-0.1374003814	0.061410708	-0.0149749067	0.0250890779	0.0311068992	0.1982122764	0.0790620518	0.1705611714	0.1138997633	0.1672568264	-0.0808612327	0.1385440056	0.0347712947	-0.0313874432	0.016258002	0.0536358545	0.0417524692	0.0616861932	-0.0266965744	-0.0075048338	-0.0162230091	-0.1165576763	-0.0566804988	0.1073054737	0.0720324637	0.0215706732	0.0	0.0101704	-2.1500000000000685e-05	4.622500000000295e-10	0.00010343703616	-0.00821053	-0.02188653	0.0004790201954409	6.741280288090001e-05	0.0171861	0.0324751	0.00029536203321	0.00105463212001	-7.70083e-05	-7.820813e-05	6.116511598096901e-09	5.9302782688899996e-09	-1.89286e-05	-0.0001357116	3.5829189796000003e-10	1.841763837456e-08	0.000352944	0.0004240629	1.7982934315641e-07	1.24569467136e-07	0.0	0.0	0.0
328.9516374574067	1.6706510421271332	108209.17978590916	2.7910749045604764	335.7491433127737	0.445817689587443	0.1987534123490857	112727.48723526143	213.36587016122385	0.5829559861568043	0.3398376817960522	45524.99454965624	218.85183913893871	384.8840479394969	1.150666	23.898388	0.060648215	0.0418159	-0.0584125585	0.1213086695	-0.0888660223	0.0946730719	-0.0858930028	-0.0674128947	-0.0179399071	0.118019263	0.1486718285	0.1973312356	0.0082055144	0.0497925346	-0.0325183456	0.0253770147	0.1135108156	-0.051777029	-0.0467171427	0.0276102151	-0.063149243	-0.0902305518	-0.1195490255	-0.0443724612	-0.1284306979	-0.0915144295	0.0676299751	-0.0210632839	-0.0628396045	-0.0581368213	0.0043847936	-0.0645684186	0.0404267725	0.0109592851	0.0358185025	0.0949043524	0.0493051494	-0.0975172924	0.0757418219	0.0353603871	0.1861561353	-0.0267990838	0.0021483421	-0.103748934	0.080298071	0.0356048633	0.107253751	0.018646373	0.0618782549	0.0380036137	-0.0156062191	-0.0711693551	-0.0158007862	-0.1058424905	0.0162106584	0.0570701188	0.019306704	0.0751692648	-0.0053506042	0.0276049229	0.1231401173	0.1336745657	-0.0716037746	0.007658855	-0.0247998297	0.1306533704	-0.0580443037	-0.1020604051	-0.1107810198	-0.0467456885	-0.0454831985	-0.0690743627	-0.0617797976	-0.0476683382	0.043949886	-0.15162076	-0.152880464	0.085362952	0.0420621243	-0.0843547076	0.0934072432	-0.048060799	0.0100585168	-0.0975693469	-0.061133621	0.1099641346	-0.0026186142	-0.0380542481	0.0566593326	-0.1071559169	0.0503918834	0.0184273613	0.0981010579	0.061507459	-0.0496637341	0.0621698201	-0.0221220316	-0.0695740234	0.0867519884	-0.0732196128	0.0225160077	0.1081594073	0.0545137847	-0.0898019648	0.0286388336	-0.1205475472	-0.0472595355	-0.0869352665	-0.0342450386	0.116525837	0.0362073316	0.0067229549	0.0550998364	-0.0444269166	0.1985842047	0.1024748787	-0.1251342758	-0.148689563	-0.0196748905	0.0181163398	0.1062059755	0.0245546582	0.0659067739	-0.1079241209	-0.0519342115	-0.1185517527	0.0673960304	0.1559329443	0.1060665123	0.0676247074	0.0135265772	0.0	0.0101851	1.470000000000117e-05	2.1609000000003438e-10	0.00010373626201	-0.0203692	-0.01215867	0.0001478332561689	0.00041490430864	-0.0221879	-0.039374	0.00049230290641	0.001550311876	-2.97678e-05	4.72405e-05	2.23166484025e-09	8.8612191684e-10	3.66068e-05	5.55354e-05	1.3400578062400003e-09	3.08418065316e-09	0.000432185	7.924100000000002e-05	6.2791360810000045e-09	1.8678387422500002e-07	0.0	0.0	0.0
329.1100188386974	0.1583813812906669	108313.40450000776	0.0250846619395396	336.4259645273356	0.6768212145619259	0.4580869564810805	113182.42960814809	213.76914458358496	0.4032744223611075	0.1626302597306849	45697.24717599765	219.46209542093143	392.4952422312966	1.151445	23.914562	0.08559018	0.050282	-0.092404441	-0.0269942189	0.016246999	0.0245721738	-0.049118591	-0.1231171299	-0.0071550379	0.024618522	0.0131910802	0.0140668308	0.0647260269	0.0687080003	-0.0800708734	-0.1143681367	0.0476014432	-0.0558596569	-0.0941364127	0.0015634801	-0.173936546	-0.008120184	0.0603677084	-0.1536706346	-0.0436995229	0.1844924772	0.0981516994	-0.0228963511	-0.0463206917	0.1852299834	-0.1002101016	-0.0025588841	0.0295279789	0.0530199051	0.0900936989	0.0828280805	0.1037079286	0.0200838096	0.1333063577	-0.0935646592	-0.1010690982	0.0200391734	0.0950460658	0.0511336593	0.1152644648	-0.0296901154	-0.0756259362	0.0600354004	0.0008114754	-0.1636289246	0.0034486029	0.0044525872	-0.0489528738	-0.0408181447	0.0911728017	-0.0223807866	0.0107948582	0.1326617655	0.0342604665	0.0790630193	0.0352923196	-0.0151029562	-0.1444591772	0.0632122638	-0.04226771	0.0737849402	0.1059938908	-0.1356767885	0.0153293728	0.0520015738	0.0734849619	-0.2140752187	0.028627596	-0.0972005767	-0.0308028523	-0.0207462711	0.0130987368	-0.0002458103	-0.10547316	-0.0235855051	0.2435989883	0.1012925955	-0.0019162953	0.0520398562	0.0723952534	-0.1293430669	0.0023885813	0.167153337	0.0036884751	-0.0811562765	-0.0353225875	-0.05560242	-0.0579938248	-0.0414847717	0.1188689582	0.0058797552	0.0206401376	-0.0272955228	-0.105537508	0.0507767637	-0.0968933682	0.0738624369	0.1394113776	0.0059270359	0.006752417	-0.100795556	-0.0311455697	-0.0807812044	-0.0175641068	-0.0175606835	0.0887342651	-0.1533375904	-0.1219952562	0.0185937605	0.1126309138	0.0705563408	-0.1729009902	-0.0981505347	-0.0943407659	0.0452800513	0.0221090096	0.0497032535	0.0758003734	-0.1625365569	-0.1130020485	-0.0070306276	0.1103192035	-0.0599178071	0.104773372	0.0630787976	0.0054203179	0.0	-0.00217911	-0.01236421	0.0001528736889241	4.7485203921000005e-06	0.0205877	0.0409569	0.00167746765761	0.00042385339129	-0.0229058	-0.0007179	0.00052467567364	5.153804100000007e-07	-0.000109298	-7.953019999999999e-05	6.325052712039999e-09	1.1946052804e-08	0.000554358	0.0005177512	3.07312792164e-07	2.680663051014401e-07	0.000465927	3.374199999999996e-05	1.1385225639999972e-09	2.17087969329e-07	0.0	0.0	0.0
327.96344554300777	-1.1465732956896204	107560.0216124414	1.3146303223885578	335.5887891225787	-0.8371754047569198	0.7008626583299125	112619.8353847586	213.6916854155691	-0.0774591680158494	0.0059999227097075	45664.13641574655	219.6392223627477	383.9417614175492	1.237529	25.702467	0.0787969699999999	0.0464977	-0.0143859437	-0.1665682752	0.092597682	-0.0566560018	0.0905745673	-0.0918682533	-0.0116643056	0.0197495962	-0.1522009022	-0.0920325178	-0.0677765765	0.0874813802	-0.0506692761	-0.1302280061	-0.1051866079	-0.0368981349	-0.0268085865	0.0067119518	-0.2524136254	-0.0569902991	0.0295623495	-0.0656710195	-0.0446962081	-0.0518669005	-0.0245303418	0.0123189702	0.0216202781	0.0090043875	0.0116213607	-0.0224850124	-0.0484039164	0.040578241	-0.0930874083	0.0215038985	0.025246557	-0.0639445711	0.035474195	0.0312509929	-0.1569418334	0.1451918744	-0.0071659033	0.0130482876	0.017731625	0.0492668226	-0.0660324647	0.1667426705	0.0424677116	0.007104418	0.0092426431	0.0846859636	-0.0204555073	-0.1259802623	-0.0719566898	0.0200617375	-0.1529745538	0.1454434347	0.0919803901	-0.0003225459	-0.0667788002	-0.141381279	-0.0603328059	0.0994889614	-0.1091972244	-0.0091716763	0.0978695605	-0.1687230614	0.1541783073	0.0383252676	0.0079366392	-0.0215897807	-0.0708672601	-0.0050914044	0.0824954478	0.0502263126	0.0072159391	0.065884335	0.0087077726	-0.042810352	0.0492310934	0.0837965365	0.0371279055	0.0941013819	-0.078350534	-0.0011987102	0.0537612025	0.088559755	-0.03294591	0.0818856238	0.0079276397	0.0091587379	0.0782909864	-0.0646993955	0.085496841	0.0020850917	-0.1384629552	-0.0004030831	-0.02444195	0.0880227496	-0.0075193348	0.2626385115	0.1165705364	0.0115285772	0.032970175	-0.1133706317	0.1285061177	-0.0695876795	0.0475778095	-0.1601308388	0.0515639979	0.0373146361	-0.0566346904	0.1443168079	0.0848482752	-0.0952329976	-0.0211257366	0.0143310832	0.0195070139	-0.0287438593	-0.003008586	0.0851053431	0.1085490738	0.0563814478	-0.0386979229	0.0078912053	-0.0533591588	-0.0958516753	0.1034267134	0.0584040215	-0.0027108513	0.0	-0.00721742	-0.00503831	2.538456765610001e-05	5.2091151456400007e-05	-0.00968388	-0.03027158	0.0009163685556964	9.37775318544e-05	0.0121742	0.03508	0.00014821114564	0.0012306064	1.92376e-05	0.0001285356	1.6521400467360002e-08	3.7008525376e-10	0.000534458	-1.99e-05	2.8564535376400005e-07	3.960099999999999e-10	0.000485633	1.970600000000003e-05	3.8832643600000117e-10	2.3583941068900005e-07	0.0	0.0	0.0
327.34254033177024	-0.6209052112375275	107153.13871085664	0.3855232813419186	334.9830516456507	-0.6057374769280273	0.3669178909551324	112213.64488983266	213.36087015720835	-0.330815258360758	0.109438735164295	45522.86091424112	219.2003212901341	376.3156092247041	1.075963	22.346857	0.0814422	0.0417391	0.0509855185	-0.1705391883	0.0267180536	-0.0655875603	0.1338540934	0.0245352628	0.0231621862	0.0721924639	-0.1212116604	0.070640401	-0.1017044594	0.0116062575	-0.0423320385	-0.0562405532	-0.1175279655	0.0533414945	0.0196232754	0.0129848588	-0.1999904098	-0.0049230837	-0.1766223779	-0.1108289821	-0.0695682864	0.0045153945	-0.1223747204	0.1066587741	0.0767086793	-0.0987626364	0.1305535464	-0.0538933486	0.0007758974	0.0776967922	0.0630715891	-0.0347433615	0.1490657973	-0.0809428242	0.0757933402	0.0423419315	0.0772774349	-0.1241116007	0.0591447485	-0.0323618362	-0.064976066	-0.0272444241	-0.0217185104	0.0502185483	-0.0442313736	-0.0300900475	-0.0631428512	-0.0354236856	0.1275450774	0.2142420565	0.1171370197	-0.1126078472	0.1001438342	0.1646406661	-0.0508232561	-0.0577176863	-0.1371978666	-0.0871263919	0.0136185478	-0.0385939952	-0.1897577467	-0.0048840366	0.0020345898	-0.1734677157	-0.0914669527	-0.0598193532	0.0536688399	0.0740976995	-0.0815760561	-0.0263658975	0.2377969021	-0.1156778753	0.054916689	0.0543961749	0.0059990964	-0.0513717972	-0.0677049733	-0.0996107688	0.1642661398	0.0436173802	-0.0652718723	0.0061695151	0.1023950921	0.053880853	0.0269127413	-0.0126467083	-0.1464069853	0.0632725502	0.0073379052	0.1146438196	0.0383958884	0.0053839602	0.0709459254	0.0086181401	0.0786986856	0.0510942893	-0.0356097705	-0.1734727616	0.0523498873	-0.0179344037	0.0114961734	-0.1063987369	0.130965318	-0.0697591915	-0.0078003986	-0.0137300916	-0.1209353231	0.0436211925	-0.0446772332	0.0626634005	0.1450410767	-0.0042274892	-0.0353635437	0.0158051516	0.0385323015	-0.0578284641	0.1780222495	-0.0707865814	-0.0432903668	0.0776449635	0.0301578521	-0.0696833804	0.0260150594	-0.0128417214	0.1020272243	0.0536099293	-0.0108295624	0.0	-0.0072331599999999	-1.5739999999899584e-05	2.477475999968389e-10	5.231860358559855e-05	-0.0227511	-0.01306722	0.0001707522385283	0.00051761255121	-0.00693797	-0.0191121699999999	4.81354277209e-05	0.0003652750421088	0.000506129	0.0004868914	2.3706323539396002e-07	2.5616656464100004e-07	0.000116783	-0.000417675	1.3638269089e-08	1.7445240562500006e-07	0.000405258	-8.037500000000004e-05	6.460140625000007e-09	1.64234046564e-07	0.0	0.0	0.0
327.736036021866	0.39349569009579	107410.90930732588	0.154838858123962	335.7475375475309	0.7644859018802208	0.5844386941736146	112726.40896923067	213.3540285679332	-0.0068415892751545	4.680734380990972e-05	45519.941506166455	219.17166283044256	378.6478066629722	1.078416	22.397818	0.11039887	0.0643441	0.0196496972	-0.1490437109	-0.0502521572	0.0202627131	0.0852198139	0.0793769145	0.0707003136	0.0262118991	-0.0057764684	-0.0231958378	-0.0337960734	0.0183148739	-0.0450712227	-0.0319499056	-0.0878022245	0.1234517895	-0.0024150939	-0.036318736	-0.0719920178	0.0477656712	-0.1117057201	0.0992857592	0.0213036302	0.0872568748	-0.0273690377	0.143606698	-0.1437836775	-0.0751610213	-0.1113149691	-0.1430741494	-0.1243008301	0.0192666504	0.0872424535	0.1883912073	0.0257559352	-0.044818326	-0.0753542877	-0.0247729168	-0.0066478555	0.0403386209	-0.0710389595	0.0351429809	-0.0257655732	0.0719203824	0.0111650426	-0.0451478727	0.1183401376	0.0864492792	-0.0231207677	-0.0151848887	-0.0420799027	0.039017149	0.1344040312	-0.0234671832	-0.1424460892	-0.030515833	-0.018777514	0.0190308133	-0.0074233927	-0.0702854027	0.0345184122	-0.0920708613	-0.0784240067	-0.0064444716	0.0523916409	-0.0881111677	0.0113579464	-0.0044323351	-0.0945314306	0.0277351291	0.1713157611	0.0281012288	0.124817044	0.0589528855	0.0093401334	-0.0714857471	0.0316730076	0.2519255138	0.167325951	0.0334337016	0.0133407977	-0.1985623763	0.0200886304	0.0841013338	0.0616865377	-0.013377361	0.0002333858	0.0761966328	0.0712743838	0.0420238603	-0.0103101363	0.0173563334	-0.0098288325	-0.056537666	0.0488815821	0.087320977	0.0002252186	-0.0632430694	-0.1173690169	-0.0195707104	0.1141425489	-0.1041852502	-0.0272555964	-0.0310884911	0.1216519928	-0.0003393318	0.0623169346	0.0227739094	0.0243976676	-0.0430504809	-0.1863033563	0.0148755567	-0.039294098	0.1799127929	-0.1226817532	0.0189766298	-0.0794721796	-0.0401093698	0.0990100124	-0.0181033119	-0.0981345286	-0.1528997754	0.0707204855	0.0435589203	0.0623032348	-0.0430344377	0.1005756196	0.0487063151	-0.0188985047	0.0	-0.00937205	-0.0021388900000001	4.5748504321004266e-06	8.78353212025e-05	0.0345871	0.0573382	0.00328766917924	0.00119626748641	-0.0175625	-0.01062453	0.00030844140625	0.0001128806377209	0.000152789	-0.00035334	1.2484915560000004e-07	2.3344478521e-08	0.000541631	0.000424848	2.93364140161e-07	1.8049582310400005e-07	0.000433015	2.7757e-05	7.704510489999998e-10	1.87501990225e-07	0.0	0.0	0.0
327.4571934620961	-0.2788425597699415	107228.21355007264	0.0777531731390534	335.5188011333828	-0.228736414148102	0.052320347157332	112572.86591398247	213.00055997748123	-0.3534685904519676	0.1249400444361008	45369.238550720576	218.82129112873497	376.86220742968703	1.058175	21.977427	0.1170840877	0.0679866	0.0103741316	-0.0720883699	-0.0668444456	-0.0081413503	-0.0046501785	0.1469533399	0.0910316388	-0.0449441944	-0.0915634154	0.0203956934	-0.0420697194	0.0337996242	0.1039535438	0.0527254406	-0.0417182087	0.1022369203	-0.0042478777	-0.0875889723	-0.0804905038	0.0406147344	-0.027577888	0.0072592438	-0.0728759108	0.0810124453	-0.1384822509	-0.0709271825	-0.1763595058	0.0145126899	-0.0370715652	-0.0783704006	0.0492397131	0.1227328825	0.0573407848	0.0797579566	0.03166265	0.0768134321	0.1339593013	0.0228854919	-0.0978261604	-0.1188398427	0.1760407688	-0.0173749885	0.0783047773	-0.0610337685	0.0233363137	-0.0568758982	-0.0085833801	-0.0461449162	0.0232941584	-0.0338131749	-0.0541268526	0.0571008063	0.0882829391	0.0314974871	0.0253080764	-0.0286672383	-0.0341807609	-0.0870231654	-0.0994836155	0.0224753456	0.0637036321	-0.0855136469	-0.0071600036	-0.0562859801	0.0457974779	-0.1373586073	0.0690332338	-0.1214501008	0.1013821399	-0.0391093969	0.0609458848	0.0815359829	0.0937327786	0.0737166823	-0.0432180527	0.0585684204	-0.035672514	0.0617006762	0.0990684332	-0.0520219565	0.0823127628	0.0390246816	0.077939643	-0.1285051194	0.0189449115	0.0636355577	0.0125597921	-0.2092832955	-0.0442636997	-0.0344244577	-0.0366386124	-0.0382897507	0.0198235879	-0.0117616789	0.0187808468	-0.0027522864	0.0742590393	-0.1253070419	-0.002393932	-0.1430007697	-0.0789124624	0.043751523	0.000659949	-0.0927710921	0.1220935956	-0.1131586346	0.0040153791	0.0317695987	-0.0282780377	0.1473986754	-0.005819603	0.1035606202	0.0259114883	-0.0743219085	-0.0132291659	-0.0155223764	-0.0487273993	-0.0003137365	-0.0354239272	-0.0259080263	0.0534845711	0.0066443571	0.0392852331	0.0483104141	0.0159852562	-0.0387382604	0.0990726408	0.0437031967	-0.0268805962	0.0	-0.00222709	0.00714496	5.10504534016e-05	4.959929868100001e-06	-0.0273194	-0.0619065	0.00383241474225	0.00074634961636	4.20777e-05	0.0176045777	1.7705328372899999e-09	0.0003099211559953	0.000520633	0.000367844	1.35309208336e-07	2.71058720689e-07	0.000508573	-3.305799999999998e-05	2.5864649632900004e-07	1.0928313639999984e-09	0.000640674	0.000207659	4.3122260281000034e-08	4.1046317427600003e-07	0.0	0.0	0.0
327.32085328337894	-0.1363401787171483	107138.94099415927	0.0185886443326239	335.1213831046886	-0.397418028694176	0.1579410895311648	112306.34141399949	212.93033926779765	-0.070220709683582	0.0049309480684659	45339.32938069941	218.6786858234826	378.9571070718665	1.010328	20.983681	0.1172405877	0.0604557	0.0010122039	0.0040032902	-0.0708228764	-0.0055897198	-0.0804487835	0.1297775551	0.0459120222	-0.0825159601	-0.0260678276	-0.1000104689	0.2093646423	-0.0309907757	0.0928963953	0.085488829	0.0095300632	0.1344909815	0.0056823347	-0.1668097925	0.0184053063	0.0287356031	-0.0269680963	0.0249967479	0.0340418634	0.1881283943	-0.083968096	0.0125774422	-0.0714971081	-0.1336701515	-0.0067012007	0.0160512806	-0.0347948688	0.1165969682	0.0719924803	0.0045807409	0.0050977483	0.1153673714	-0.213700121	0.0339885537	0.0835587902	0.0615515334	0.0232701204	-0.080367648	-0.021527674	-0.0276525004	0.0622949432	0.1329208661	0.0437821798	0.008037026	0.0349741501	0.0479440152	0.0795399867	-0.1513382559	-0.0568415699	0.2720126508	0.0014715465	0.0551883649	0.0888638202	-0.0613639772	0.0022617857	0.0715312496	0.0628425138	-0.1274345945	0.0809011821	-0.0904114688	0.0569492404	-0.0816805475	-0.0386894411	-0.0184096903	0.0954967126	-0.1246409405	0.1587093784	0.0430644981	0.0504975739	0.0770279382	0.1088313362	-0.0533715499	0.0469899126	0.2115299314	-0.1212996533	-0.1212929687	0.0437077375	-0.1108504895	-0.0350844713	-0.018168659	0.0284796029	-0.0033073971	-0.0107561416	-0.0425829791	-0.0731498945	0.0240627763	0.043710392	0.0559249813	-0.0002707426	0.1239546666	-0.1440422755	-0.0773780711	0.0359246805	-0.0437871326	0.212957908	0.0848225374	-0.0656221711	0.1123112337	-0.0543339999	-0.0477734076	0.0331148772	-0.077175211	-0.0335540429	0.1973496114	-0.117276412	-0.0213172151	-0.0597760275	0.0320173346	-0.0282734772	0.0924356511	-0.0449184303	-0.0408544908	-0.1589790443	0.1113829596	-0.0095316674	-0.0639010528	0.0758684717	0.0192100362	-0.0462947096	0.0471095956	-0.0385475704	0.0267818344	0.0975190556	0.0386107952	-0.034739154	0.0	0.00396884	0.00619593	3.838954856490001e-05	1.5751690945600003e-05	0.00968223	0.03700163	0.0013691206226569	9.37455777729e-05	-0.034012	-0.0340540777	0.001156816144	0.0011596802079976	0.00101011	0.000489477	2.395877335290001e-07	1.0203222121000002e-06	0.000198271	-0.000310302	3.9311389441e-08	9.628733120400005e-08	0.000640674	0.0	0.0	4.1046317427600003e-07	0.0	0.0	0.0
327.70841371292084	0.3875604295419066	107392.80441823888	0.1502030865467071	335.7683259681904	0.6469428635018062	0.4185350686359166	112740.36872348098	212.8264881970589	-0.1038510707387558	0.010785044893586	45295.11407829285	218.5612733689181	377.557921081844	1.013871	21.057266	0.08158326	0.0490593	-0.0042489752	0.0102481408	-0.1173262559	0.0230402539	-0.1192313546	0.0902360565	0.0145625414	-0.0645497152	0.0390681144	-0.1429031514	0.0725542054	-0.1427909435	0.0174242335	0.1057155238	0.0575890922	0.0863490907	-0.0147081069	-0.1103231808	-0.0037136944	0.0185498165	-0.0367432465	0.0366784597	-0.072697186	0.0357579827	-1.09284e-05	-0.0584536335	0.0397672674	-0.046005092	0.122665881	0.0488407713	-0.1420263692	0.0870708556	-0.0906908514	-0.0115331954	-0.119674527	0.0646131099	-0.037500867	0.089076061	0.1004347046	0.0931105654	0.2081251405	-0.0990224482	-0.1422342419	-0.1364387093	-0.1797406298	0.0151057935	0.063504324	-0.0619304657	-0.0188050713	-0.0187133448	-0.0619334598	-0.033741079	-0.0064741089	-0.132545811	-0.0046193375	-0.1846688537	-0.089998538	-0.0738814483	0.0150297422	0.1178246374	0.05275818	-0.0526020339	0.1099408533	-0.0024096355	0.0341403455	-0.0464184839	0.112783883	-0.0023391196	-0.0705245222	-0.0955339573	0.1387007154	0.1192287629	0.0096280541	-0.0547423757	0.0848189606	0.1148513275	-0.072410093	0.0901165006	-0.2064236479	-0.0428541112	-0.0920804897	0.0284382759	-0.014000981	0.0266850282	0.1137355173	0.0078961951	-0.0310661134	-0.1121057805	-0.0319542393	-0.0500375494	0.1299608658	0.1541381083	-0.0771122153	-0.0589172572	-0.1576897215	-0.0245579526	-0.0709719836	-0.0612852032	-0.1726435949	-0.052200454	-0.0397418314	0.1071951992	-0.0170352413	-0.0921161649	0.0663978931	-0.088816066	0.0279188568	0.0856946727	0.0919274046	0.1223904609	-0.0256550428	0.1102457425	-0.0155613405	-0.0219403707	0.0301834011	-0.0025145294	-0.1218279344	0.0368783587	-0.1026504224	0.0292254247	0.1053632285	0.0114123583	-0.0317601298	0.0796930301	-0.0225379423	0.0287819808	0.0959156576	0.033439514	-0.0424380632	0.0	0.00793015	0.00396131	1.56919769161e-05	6.28872790225e-05	-0.00208435	-0.01176658	0.0001384524048964	4.3445149225e-06	-0.00561733	0.02839467	3.15543963289e-05	0.0008062572844089	0.000330665	-0.000679445	4.616455080250002e-07	1.09339342225e-07	0.00026804	6.976899999999999e-05	7.18454416e-08	4.867713360999998e-09	0.000640674	0.0	0.0	4.1046317427600003e-07	0.0	0.0	0.0
328.2546743584208	0.5462606454999559	107751.13123815288	0.2984006928220284	335.5080463996013	-0.2602795685891124	0.0677454538249344	112565.64919887704	213.0610813508954	0.2345931538364993	0.0550339478269554	45395.024386412864	218.7121280189945	380.9407442602791	1.084399	22.522066	0.0445816199999999	0.0266866	-0.0495076168	0.0425304438	-0.1118214859	-0.0213311204	-0.1309267662	0.0508221126	0.0419721748	-0.036836422	0.0597856334	-0.0484174744	0.0735387446	-0.0513880654	-0.0546557971	0.0769165116	0.1437497087	0.0642152213	-0.0752550327	-0.1255393718	-0.0611023447	-0.0812083922	0.115970129	-0.1459896404	-0.1045557844	0.1094776202	0.0524391294	-0.1275918107	0.1666783404	-0.0199224529	-0.0582594978	0.055596335	-0.0955155257	0.0222098804	0.1187086876	-0.0793860528	0.0237266007	0.0254044462	0.1267076584	-0.144465224	-0.0179447075	0.1351293376	-0.0098634897	-0.1552982648	0.0914535621	-0.0127760159	-0.0445678728	0.0255725115	-0.0807764443	-0.0031899487	-0.157145263	0.1139894668	0.0346030998	0.0195525367	0.0084828035	-0.127446508	0.1326359757	-0.0734639717	-0.0258431534	-0.1719747905	0.1057420987	0.1336089779	-0.0094953925	-0.0819537766	0.0956544473	0.0159857604	0.0488924037	-0.104992892	-0.0273078733	0.0504743688	0.1542976502	-0.153530742	-0.0932128979	-0.0988098166	-0.1038160009	-0.1498632667	0.0029341517	0.0394114333	0.0314309846	0.0557030335	-0.131699158	0.099774952	-0.021865531	0.0456046489	0.1079504933	0.0635945892	-0.0703521531	0.1913951898	-0.050839977	-0.0791153114	-0.0039232188	0.12821342	-0.0550123618	-0.0122844274	0.0056303833	0.0114387941	-0.0934118272	0.0560544471	-0.0347966434	0.1992518162	-0.033949382	0.0257892775	-0.1599510335	-0.0041470448	-0.0113193215	-0.1197835461	-0.0013873414	-0.1159310934	-0.0271198783	0.147400784	-0.0641218043	0.005718768	-0.0570882346	-0.0127580305	0.1227122778	-0.0945603441	0.1578814563	0.0087756958	-0.0607360394	-0.0175413436	0.0572457942	-0.0740337192	0.052738837	0.1310896355	-0.0189512828	-0.0553856428	0.1573523964	0.1329794084	0.0942632658	0.0281999178	-0.0499419421	0.0	0.00601074	-0.00191941	3.6841347481000023e-06	3.612899534759999e-05	-0.0120586	-0.0099742499999999	9.948566306249998e-05	0.0001454098339599	-0.00364882	0.00196851	1.33138873924e-05	3.875031620100001e-06	0.0007937969999999	0.0004631319999999	2.1449124942390737e-07	6.301136772088412e-07	0.000116783	-0.000151257	1.3638269089e-08	2.2878680049e-08	0.000640674	0.0	0.0	4.1046317427600003e-07	0.0	0.0	0.0
328.387050736906	0.132376378485219	107838.05509168329	0.0175235055808619	336.74345177044245	1.2354053708411357	1.526226430303124	113396.1523102723	213.5363619519953	0.4752806010999109	0.2258916497818926	45597.77787569354	219.2222595214844	385.2898608350954	1.028946	21.370356	0.06938556	0.0405195	-0.0869021982	0.0732981614	-0.0411401143	-0.0443037081	-0.1613329962	-0.0335480415	0.017982785	-0.0655586205	-0.0061165665	-0.0834388015	-0.0067812648	-0.1556267985	-0.0885630626	-0.0576924895	0.146264825	0.0307124357	-0.0344353251	-0.0494869247	-0.0355980408	-0.1248723052	-0.0597879855	-0.0547117766	0.0331367327	-0.0047218394	0.1044164069	-0.0635626797	0.0050831425	0.0381318095	-0.1505183753	0.1102707428	-0.1355922586	0.0062196107	-0.0341317651	-0.0805856032	-0.0294691387	0.1060100916	0.0528522495	0.0763027556	-0.1664802003	-0.0087464652	-0.1136422555	-0.062715902	0.1553121165	0.1841619305	-0.0097178832	-0.0639206002	0.0734417183	0.2186966697	-0.1120988269	-0.0122177761	-0.0427062284	0.1547422874	-0.0860046985	0.0045212182	-0.0873605243	0.0789522589	-0.130069564	0.0442169189	-0.0183066256	0.0611793282	-0.1344829795	-0.028566239	0.0954542475	0.0103418543	-0.0267013421	-0.0794612072	0.0799426617	0.130823673	-0.067548965	-0.1026620117	0.008652635	-0.0273636127	0.0252348129	-0.0305958322	-0.0450343756	-0.0816793593	0.0488278921	0.0742448591	-0.1232203337	0.1525479198	-0.0127220829	0.0145175847	0.0559033918	-0.1186348734	-0.1133717957	0.0103291036	-0.0228173503	0.0205275264	0.1184629582	0.1190154958	-0.0801580803	-0.1223771755	0.0194802336	-0.0892013113	-0.0467702518	0.224020353	0.3116614318	-0.0147285822	-0.0506796794	0.0220474643	-0.1075633292	-0.0617482531	-0.0264920273	-0.1131652274	-0.0605633355	-0.0882211371	0.0112024845	0.0900236246	0.096024811	-0.0495752779	-0.0475463741	0.0743372885	-0.0571780127	-0.0366154575	0.0511133274	-0.0095172112	-0.0858989526	-0.0107275238	0.2472097442	-0.0810947156	0.0434767317	0.0959579231	-0.1454838004	0.18483746	-0.1112150546	-0.0412448414	0.0925627242	0.0229027108	-0.0572163058	0.0	0.00849487	0.00248413	6.170901856900001e-06	7.21628163169e-05	0.0245683	0.0366269	0.00134152980361	0.00060360136489	-0.0118081	-0.00815928	0.00013943122561	6.657385011839999e-05	0.000578643	-0.0002151539999999	4.629124371595696e-08	3.34827721449e-07	0.000342364	0.000225581	1.1721310849600001e-07	5.088678756100001e-08	0.000639104	-1.5700000000000002e-06	2.4649000000000005e-12	4.084539228160001e-07	0.0	0.0	0.0
328.15938600590994	-0.2276647309960822	107688.5826237758	0.0518312297395184	336.9212902958316	0.177838525389177	0.0316265411125969	113515.95585460804	213.42688566174425	-0.1094762902510524	0.0119850581271326	45551.03552327125	219.20475921801847	382.9263774311843	0.988912	20.538885	0.06932616	0.0339976	-0.0927452212	0.0960877614	0.0357031203	-0.0640909654	-0.1303995743	-0.0734318694	0.0062119546	-0.0910191807	-0.0353798005	0.0531783705	-0.1251345437	-0.0368146625	-0.0087813254	-0.0881846668	0.1040146534	-0.0530197359	0.0107356726	-0.0773714437	-0.0785039273	-0.0528371916	-0.0617189382	-0.033144636	-0.1242531481	-0.0157619008	0.1048913189	-0.016457319	-0.1053720155	-0.1544901556	0.0568969579	0.0512478747	0.0992759513	-0.1578728977	-0.087154512	0.0629839973	0.0218305962	-0.0992761188	0.0565479832	0.0005726784	0.1203270043	0.1945327902	-0.077484836	-0.0446332204	-0.0431574463	-0.1147015993	0.1923130378	0.0578325372	-0.0277534408	0.0369793053	0.0541782423	0.0783195561	0.0233669819	-0.1205140336	0.0243876419	-0.0109993813	0.0249637085	-0.0343607864	-0.0433298485	0.2046052764	-0.0054351701	0.0214115023	-0.1410630616	0.0345032043	0.0669932906	-0.028071871	-0.0103903587	-0.1125511435	0.0837918681	-0.0186654959	-0.0032738154	-0.0258768924	0.0125191783	0.0372819378	0.0459761043	-0.061568871	-0.0969009422	0.051426127	0.1088935798	-0.1912001029	-0.04968691	0.020357171	-0.0398172119	-0.1974676815	-0.0368589819	0.0528010432	0.1318309533	0.0393631627	-0.1431885315	0.0279694736	0.0583119777	0.0527842334	-0.009885847	-0.0137514248	-0.1064223364	0.1216601147	0.0311580438	-0.0668930852	-0.0883408905	0.0370410615	0.0268116383	0.024017157	0.0355446951	-0.0535742477	-0.0113100923	-0.1232949967	-0.0411747184	-0.0594533969	0.0138742614	0.002574929	0.1148809835	0.0344358983	0.0603408844	0.1065791948	0.0495822013	-0.1056324258	0.0290779569	-0.0401695719	0.0704040279	-0.056291753	-0.0110127212	-0.0499465683	-0.038953772	-0.0030682621	0.1096178226	0.0208633734	0.0309447183	0.0034561636	0.0908149015	0.0175587148	-0.0642277237	0.0	0.0086951	0.00020023	4.009205290000036e-08	7.560476401000002e-05	0.00567972	-0.01888858	0.0003567784544164	3.22592192784e-05	0.00445655	0.01626465	1.98608379025e-05	0.0002645388396225	0.000447762	-0.000130881	1.7129836161000002e-08	2.00490808644e-07	0.000201712	-0.000140652	4.0687730944e-08	1.9782985104000003e-08	0.000231183	-0.000407921	1.66399542241e-07	5.3445579489e-08	0.0	0.0	0.0
327.7811378241747	-0.3782481817352163	107440.47431331062	0.1430716869859972	336.25630315954373	-0.6649871362878912	0.4422078914283703	113068.30141452298	213.22879603871127	-0.1980896230329847	0.0392394987533499	45466.51946011833	218.93163762967177	379.6915604498926	0.88503	18.38134	0.118836535	0.0658601	-0.066790629	0.1168784891	0.0234016619	-0.0608065472	-0.0770354795	-0.0886104533	-0.0249112739	0.0304958996	-0.049323717	0.176861761	-0.0188892813	-0.0421037666	-0.0640608331	-0.0355502357	0.1035037358	-0.0528351282	0.0821801292	-0.0268612979	-0.0111627453	-0.1005479284	0.0614711322	-0.0278145011	-0.0967574763	-0.1049613145	0.0321689291	0.0228232708	-0.1409064613	-0.0504098271	0.1315392644	-0.1214044251	0.0064289982	0.1471549965	0.0010205721	-0.0289974205	0.2139435396	0.0699943382	0.036357086	0.040081959	0.0722368544	0.1152404256	-0.0997800443	0.0600864637	0.0888780836	-0.0721880404	-0.0107804482	0.0929235611	-0.0226215549	0.0790940204	0.0962796263	-0.016637244	-0.0136190655	0.1654286174	0.0200670563	-0.0705872934	0.0291661642	0.0275314049	-0.0897417057	-0.1472470944	0.028557387	0.0666908338	-0.1273875559	0.0465393272	-0.0137959876	-0.0309379294	-0.0864063251	-0.063070863	0.0514507992	0.0533282158	0.0433262922	-0.005344164	0.0145352098	-0.0129369984	0.0419749838	-0.1653486163	-0.1039796771	0.1195604162	0.0621802979	-0.008780874	0.0851313103	-0.1876677109	0.1620541501	-0.0647367922	-0.0903740099	-0.161919694	0.0235755363	-0.0303619515	-0.1604796601	0.1463857747	-0.0140914862	0.0440979687	-0.1006779249	-0.0623014806	-0.0409850669	0.0736366094	-0.1129497895	-0.0142867138	0.0010893985	-0.0355243842	-0.0943216435	-0.0303999565	-0.1628170387	-0.1283497512	0.0561752858	-0.1435733258	-0.0210005477	-0.0891374505	-0.075097919	0.0560465892	0.1586687543	0.0314772867	-0.0072941961	0.0882955413	0.0862591699	-0.0626116377	0.0180600384	-0.0365677714	0.1392949191	-0.0759432362	0.0721874742	-0.045819989	-0.0575487452	0.0156687606	0.1141026277	0.050456635	0.0475023065	0.042720597	0.0890206905	0.0121788474	-0.070943974	0.0	0.0172348	0.0085397	7.292647609000001e-05	0.00029703833104	-0.00956127	-0.01524099	0.00023228777618	9.14178840129e-05	0.062707	0.0582504499999999	0.003932167849	0.0033931149252024	0.000519068	7.130600000000004e-05	5.084545636000006e-09	2.69431588624e-07	-1.63829e-05	-0.0002180948999999	2.6839941240999995e-10	4.756538540600999e-08	0.00067789	0.0004467069999999	1.9954714384900002e-07	4.595348521e-07	0.0	0.0	0.0
327.49008476535295	-0.2910530588217739	107249.75561961804	0.0847118830495109	336.03598415326184	-0.2203190062818976	0.0485404645290428	112920.18264585124	212.92287647515013	-0.3059195635611331	0.0935867793694341	45336.15132645204	218.5655408509418	380.4646780666183	0.953924	19.812223	0.1192206949999999	0.0706102	-0.0745014958	0.0940406349	0.0629515098	-0.0361308027	-0.0520560665	-0.1057282658	0.0075888367	-0.0272915866	-0.0294005688	0.1222811429	0.0767469226	-0.0305776057	0.0088045717	-0.0084200226	0.0422831831	-0.0726911554	-0.0096243584	-0.0596747294	-0.0375121829	0.0347907147	0.0047045496	-0.0404487524	-0.0930415957	0.0588498983	-0.0472766813	-0.1250628888	0.0696565495	-0.1313662424	-0.0372622113	-0.1082227417	0.0573995454	0.0756463567	-0.1679704799	0.0036179446	0.1541366378	0.0194903073	0.1677377748	0.0187363914	0.0387982554	0.01784952	-0.0200922501	0.0393032497	-0.0091935411	0.1810736999	-0.0422060807	-0.1375158768	0.0366176865	0.0707477057	0.1227418929	-0.1021728965	-0.1709747383	-0.0659193573	-0.0277112865	0.1619725069	-0.0810586908	-0.1224032799	0.0265936818	-0.0273101292	0.0276279222	0.037880242	-0.0643620767	0.0351830628	0.0281409498	0.0118072282	-0.0185175013	-0.0713187875	-0.1406346163	-0.0614268258	0.1171700991	-0.0048459885	0.0090298929	-0.0030140699	0.0219199442	-0.0633913904	-0.064804155	0.1662406565	0.1292695598	-0.0137620102	-0.0007696149	0.0402284634	-0.0694009396	0.0576481277	-0.1611081289	-0.0987168453	0.0142403375	0.1195167502	-0.0641816822	-0.0014860266	0.1790058582	-0.0315040682	0.0231962484	0.0743290822	0.0243231803	0.0270294318	0.0976940727	0.0575515273	0.0842559178	-0.2744244464	-0.0030894551	0.0519218729	-0.0592321163	0.1230556009	-0.0260261007	-0.1229083769	-0.0476598761	-0.1264285429	-0.1480530351	0.0330568097	-0.0110267514	-0.0908493708	0.0285959671	0.1097453829	0.0471319966	-0.0644181526	0.0283031231	-0.0112203782	0.0146234148	0.0134700554	0.0839384131	-0.1529824593	-0.0154553309	0.0001991388	0.0193533586	0.1790518312	0.023472649	0.0562598463	0.0871810076	0.0067740994	-0.0773341911	0.0	0.0281381	0.0109032999999999	0.0001188819508899	0.00079175267161	-0.00321687	0.0063444	4.025141136e-05	1.03482525969e-05	0.0116204	-0.0510865999999999	0.00013503369616	0.0026098406995599	0.00131744	0.000798372	6.37397850384e-07	1.7356481536e-06	0.000170731	0.0001871139	2.9149074361e-08	3.5011611573209994e-08	0.000645648	-3.2242000000000035e-05	1.039546564000002e-09	4.16861339904e-07	0.0	0.0	0.0
327.48869159646057	-0.0013931688923776	107248.84312356166	1.9409195626886746e-06	336.5238221838238	0.4878380305619885	0.2379859440625996	113248.28289720988	212.9569240503144	0.0340475751642657	0.0011592373745663	45350.65150097138	218.80675411972484	381.6484502123184	1.172887	24.359896	0.23805707	0.12146	-0.0652882826	0.0651832033	0.0982073235	0.0733529993	0.0093998764	-0.1267448104	0.0052991448	-0.1236800848	0.0237145895	0.0680489217	0.1729707783	-0.1111455346	0.1411842848	-0.0258737986	-0.0024607119	-0.0462450025	-0.0923144237	-0.0752174031	0.205146506	0.0928248388	0.0058648277	0.1196887105	0.067530666	0.0875498634	-0.0432949395	0.0769069417	-0.0166455875	0.0115635226	0.1442266728	-0.0265004311	0.0669448532	-0.0125884792	0.0248560316	-0.167259012	-0.0144490449	-0.2599696283	0.0043725082	-0.0529904898	-0.0810400806	0.0657282571	0.253013842	0.0341411324	-0.0411936548	0.0473738474	-0.0741730228	0.08892688	0.0280008331	-0.0429324995	-0.0659009543	0.0007163364	-0.0548126846	-0.1053399028	0.1678832565	0.053941234	0.1357948754	0.0768047905	-0.1430992076	0.0945199581	-0.1210899132	-0.0640904876	0.0046712416	0.0401374319	0.1690495437	0.0081475706	0.029592733	0.1320124857	-0.1117230349	0.0399604434	0.063020952	0.0752998495	0.1986153227	0.1658770166	-0.0284121033	-0.0293023584	0.0004826003	-0.0922161401	-0.0608250781	-0.0801921683	-0.0138673004	-0.0889540867	0.0421967543	0.05945701	-0.1031417761	0.2518145669	0.0473796141	0.222391832	0.0351092924	-0.027844484	-0.0878573449	-0.0727637355	0.1095510496	-0.1154382759	0.0767513604	-0.0605415496	0.012931554	0.0020676047	-0.0691891236	0.0338449812	-0.1456054533	-0.0765990743	0.1119869191	0.0057220333	-0.1601171817	0.0756390594	-0.0854642777	0.0734950325	-0.0784487562	0.0701722806	0.1481698874	-0.151125272	0.0445031292	0.0817174691	-0.0754865343	0.2002019308	-0.0849263051	-0.283905335	-0.0270732446	0.0014923741	-0.1237362298	-0.0530527566	0.0612788416	-0.092735557	0.1631651674	-0.0153301249	-0.1714194251	0.0265929861	0.0852967926	0.0013555122	-0.0833690079	0.0	0.0403647	0.0122266	0.00014948974756	0.00162930900609	0.0850506	0.08826747	0.0077911462602009	0.00723360456036	-0.0641511	-0.0757715	0.00411536363121	0.00574132021225	0.000714669	-0.000602771	3.63332878441e-07	5.10751779561e-07	-0.000287729	-0.00045846	8.278797744100001e-08	2.101855716000001e-07	0.000471049	-0.0001745989999999	3.0484810800999986e-08	2.2188716040100001e-07	0.0	0.0	0.0
328.12116155072715	0.6324699542665826	107663.49665739838	0.4000182430499731	336.42178439626963	-0.1020377875541953	0.0104117100889551	113179.61701637012	213.0824434481169	0.125519397802492	0.0157551192247002	45404.127705819934	218.76026297773404	380.352172504954	1.160866	24.110243	0.157076205	0.0939031	-0.0685914429	0.1115841162	-0.0243771657	0.1193056751	-0.0144865726	-0.0830031355	0.0177245492	-0.05269526	0.1923331087	0.2008247211	0.0832473558	-0.0770182565	0.0731372553	-0.0271962858	0.0760322316	0.0073713919	-0.0280628899	-0.0913133578	0.180663393	-0.0122040435	-0.1100209652	0.2003157331	0.1131424356	-0.0726523811	-0.067016483	-0.1200844712	-0.1615644667	0.031059621	-0.0132676568	0.1026968269	-0.1111483931	-0.064786905	0.0686270751	-0.0144141055	0.0821325736	-0.0527388237	-0.0593363557	0.044092531	0.0039026679	0.1111076919	-0.0215934394	0.1384382005	0.1467682978	0.1239412649	-0.0320585355	-0.1903499455	-0.0907741108	-0.0370589521	-0.2659052131	-0.0101777733	-0.0255009417	-0.0705612628	0.1711374275	0.0438912846	0.0479406122	0.0800252081	0.0783963481	-0.0678235769	-0.1134862223	-0.0022065814	-0.0265763201	-0.0530000141	0.1725722943	0.0484631568	-0.0682620949	0.0704105986	-0.1548853963	0.0042248913	-0.1221659234	0.1164301209	0.0857556845	0.2153834438	-0.0786699364	-0.009722843	-0.2094653628	-0.0811652508	-0.0939346594	0.0987914489	-0.0385002016	0.0353547237	0.0501702796	-0.1502464645	-0.014718434	0.0693933102	-0.0678080622	0.1109160775	0.0376055471	0.0213123345	0.1435823434	-0.0606008806	-0.0045059997	-0.070588604	0.1465554589	0.0337072677	-0.0812332968	-0.0126457723	0.1288360082	0.1820738921	0.0996716779	-0.0821780812	0.020017005	0.1418441323	-0.1489014259	0.0214138896	-0.1190221224	-0.0793520159	-0.0327233297	0.1372917417	0.0334140296	-0.0035993665	0.137820592	0.0127513427	-0.1905392794	0.1344298965	-0.0689081341	-0.1892949777	-0.07542743	-0.0805530198	0.1417491941	-0.0685159804	0.0019199365	0.0407635642	-0.0889706464	-0.0316885347	-0.1016054887	0.0156948877	0.0833690079	-0.0040658442	-0.0890206905	0.0	0.0103701	-0.0299946	0.00089967602916	0.00010753897401	-0.000121155	-0.085171755	0.00725422784978	1.4678534025000001e-08	-0.0752667999999999	-0.0111156999999998	0.0056650911822399	0.0001235587864899	0.00113655	0.000421881	1.7798357816100004e-07	1.2917459025e-06	-0.000211215	7.651400000000002e-05	4.4611776225e-08	5.8543921960000035e-09	0.000588537	0.0001174879999999	1.3803430143999991e-08	3.46375800369e-07	0.0	0.0	0.0
327.7269223190383	-0.3942392316888572	107404.93561270896	0.1554245718026204	334.9688258904318	-1.4529585058378416	2.111088419686533	112204.1143184144	213.13260649630897	0.0501630481920756	0.0025163314039205	45425.50795191048	218.7814391616747	381.7732332332545	1.193289	24.783632	0.118716345	0.0652418	-0.0621815302	0.0570823917	0.0730488128	0.1223471439	-0.0417248627	-0.1006826082	-0.0288071488	-0.0914041633	0.0930952829	0.032197056	0.1376091903	0.0398032503	0.0080342411	-0.0721690885	0.0158685256	-0.0631961536	-0.0967720307	-0.1213445537	0.0564995388	-0.0070725119	0.0644424275	0.0400073066	0.0080064751	0.0026188991	-0.0304546989	-0.1480267526	-0.1082324562	0.0639038281	0.0563517253	-0.0180710143	-0.0414196176	-0.1244624443	0.0735707911	-0.0173724115	0.211260105	0.0016451578	-0.1511693893	0.0007214003	-0.0399269536	-0.1860270507	0.0047096874	0.1112966477	-0.0302136085	0.0399776915	-0.060274787	0.1965628945	-0.0355500645	-0.1239095905	0.0239034776	0.0631283477	-0.080639908	-0.0961573792	-0.0270088936	0.0591367827	-0.1905044867	0.0062953228	-0.0653732557	0.0301220415	0.0609889064	-0.0335853909	-0.066561655	0.0506707157	0.147508241	0.0589760753	0.0142555758	-0.0476894793	-0.0373418588	-0.0539780029	0.0391498293	-0.0775107933	0.0544972237	0.17522302	-0.1167949268	-0.0440879205	-0.0325365798	0.0529219987	-0.0194195334	0.0182506959	0.0872034032	0.067789121	0.1301622192	-0.1575437843	-0.0578632394	-0.0398788642	-0.186312071	-0.0414566254	0.1695654691	0.134014905	-0.1809659266	-0.0739323252	0.0269317414	0.011866666	0.1340711659	0.0620257223	-0.038167398	-0.0607275207	-0.0922886738	-0.0732179599	-0.1238017955	0.0787595091	0.0620437213	0.1049263785	-0.117826392	-0.0144915378	-0.0644183685	-0.0227585292	0.0014819827	0.0695762667	-0.0103762602	-0.1420340461	0.0389236408	-0.0016885998	-0.0255000957	0.085274048	-0.2105372126	-0.1942461453	-0.0096290648	-0.0476412963	-0.1110819788	0.0274438623	0.0671606443	-0.0601104429	-0.034004763	-0.1359995944	0.1472601369	0.0420318617	0.0813986382	-0.0094788943	-0.0942632658	0.0	0.00520381	-0.00516629	2.669055236410001e-05	2.7079638516099995e-05	0.0303564	0.030477555	0.000928881358778	0.0009215110209599	-0.0290067	0.0462600999999999	0.00084138864489	0.0021399968520099	0.000585275	-0.000551275	3.039041256250001e-07	3.42546825625e-07	-0.000141366	6.9849e-05	1.9984345956e-08	4.878882801e-09	0.000473413	-0.0001151239999999	1.3253535375999996e-08	2.24119868569e-07	0.0	0.0	0.0
326.3637192693604	-1.3632030496779066	106513.27725532989	1.858322554651145	333.9533442143245	-1.0154816761072991	1.03120303450969	111524.8361119311	212.9573207922149	-0.1752857040940796	0.0307250780597572	45350.82047899832	218.8560317520068	372.7219738920196	1.159508	24.082035	0.052491245	0.025113	0.0145247122	-0.0110015503	0.1639730579	0.0948614037	0.0924163156	-0.0849575803	-0.0531919839	-0.0989315258	-0.0271442399	-0.058252654	0.118115605	0.0051440021	-0.037586901	-0.0796665247	-0.1037020385	-0.0333774253	-0.085743775	-0.0646629692	0.0223247719	0.0868671934	0.0152887522	-0.0892031831	0.0132231482	0.1357384171	0.0753942207	0.0482299766	0.0854700422	0.102520791	-0.0050207414	-0.0291324124	-0.1016032482	-0.0445916218	-0.1933843275	0.0833692566	0.0446656547	-0.0010765524	-0.2121824749	-0.04557945	0.040656548	-0.1024553504	-0.0441024237	0.0327998141	-0.0241314969	-0.0568010291	0.0114809802	0.0373699488	-0.0211909443	0.1532652598	0.0016526376	-0.0646595224	0.0244241658	0.0666668815	0.1369533515	-0.1595203562	0.0758183992	-0.0097590796	0.1309528341	0.1021976066	0.0175196122	-0.1407147601	-0.0007023912	0.0562058439	0.0569664516	-0.009755228	0.1074417522	-0.000879562	-0.0629717092	0.0043157948	0.0632217711	-0.0748708681	0.0663266299	-0.0285007347	-0.0389605256	-0.0330179563	0.1731473269	-0.053315271	-0.0693671921	-0.0300075714	0.0017415834	0.1832057836	0.0028433386	-0.0332558517	-0.1629990829	-0.0124314744	-0.0174832494	-0.1404709316	-0.0799905993	0.1576692096	-0.0393335816	0.0165358052	0.1030321305	0.0602073125	0.0242496828	0.0734737899	0.012033034	0.0661992759	0.0206225178	-0.0311222307	0.1578995775	-0.1011821131	0.1689652128	-0.1641791718	-0.1173724894	-0.011987298	0.031483089	-0.0041105181	0.011909338	-0.0400928757	-0.0170976964	-0.1700707875	-0.0166565568	0.0164981372	-0.0098453344	-0.038157432	0.066145728	-0.0352846375	0.0482859872	-0.1062193542	-0.1456342841	0.0088369578	-0.0550971222	-0.0302488428	-0.0015226647	-0.0694182572	0.0914359804	-0.040854898	0.07938669	-0.0148725796	-0.0990726408	0.0	0.00173838	-0.0034654299999999	1.2009205084899997e-05	3.0219650244000005e-06	0.0428894	0.012533	0.000157076089	0.00183950063236	-0.00971249	0.01929421	9.433246200010002e-05	0.0003722665395241	0.0007799079999999	0.0001946329999998	3.788200468896106e-08	6.08256488463844e-07	-5.43529e-05	8.70131e-05	2.95423773841e-09	7.571279571609999e-09	0.000411087	-6.232600000000003e-05	3.8845302760000036e-09	1.68992521569e-07	0.0	0.0	0.0
325.7368692875124	-0.6268499818480109	106104.50801322992	0.3929408997428515	333.51803652756826	-0.4353076867562322	0.1894927821490619	111234.28068920436	212.6911187155205	-0.266202076694384	0.0708635456364027	45237.51198045963	218.6597313009896	362.04302307988416	1.078927	22.408432	0.0813563549999999	0.0460783	0.0829355736	-0.06123239	0.1183092937	0.0569297676	0.1190086584	-0.0158019148	-0.069302715	-0.0342460366	0.0156658635	-0.0427429804	-0.0884831231	-0.0498025399	-0.0597393358	-0.0280268995	-0.1762309066	-0.0421921009	-0.0690259843	-0.0780440738	-0.0521929187	-0.0099944485	0.0059827132	-0.0102665197	-0.1334168575	-0.0978735013	0.1522701031	0.0898091539	-0.0252449367	0.0365782245	0.1942576829	0.1901862299	-0.1451510594	-0.1165814839	-0.0619086337	0.0427956851	0.0225876173	0.0449990193	0.0941783229	0.0006464784	-0.1097666563	-0.1102342805	0.0797926381	-0.0671076409	0.0502633063	-0.0416929373	0.116644528	-0.0881255987	0.0284697481	-0.0297242421	-0.1240904341	0.0285896302	-0.0072327498	0.0313118703	-0.068179987	0.0875357602	0.0801512507	-0.1033326408	0.0897038482	-0.0374065466	0.1115302399	-0.1391893431	0.0643847623	0.064592944	-0.0004110997	0.0083120809	0.0332962427	-0.0913108862	0.060480743	-0.0056493883	-0.1501035417	0.0817997736	0.092553421	0.0032340912	0.0323061238	-0.2213615518	0.0787801145	0.1083021111	-0.1041804771	-0.1563648753	-0.0361337862	0.085420926	-0.1206379114	-0.0968603228	0.0867987392	-0.0346219763	-0.1352450212	-0.0007948722	0.0413823067	-0.1288296759	-0.0686362775	0.0733917508	-0.0521370432	-0.1236038565	-0.067858332	-0.0730753462	-0.0013216884	-0.0428055055	0.1153607562	0.0773314615	0.014400902	-0.0577103471	-0.0464036294	0.0648616733	-0.0741018494	-0.0323303459	0.1299904744	0.009840468	0.0401248039	-0.0956482207	0.0767126008	-0.0324045471	0.0402478172	0.0798350412	0.0004690885	-0.0490044339	0.0689665472	-0.0383961393	0.0099150299	-0.0934490562	-0.0961165919	-0.0060554092	-0.0654246764	0.0589612794	-0.0616192928	-0.1305149636	-0.0525211946	-0.0529179388	0.0773341911	-0.0202358811	-0.1034267134	0.0	-0.00136293	-0.00310131	9.618123716100002e-06	1.8575781849e-06	0.0234609	-0.0194285	0.00037746661225	0.00055041382881	0.0315002	0.0412126899999999	0.00099226260004	0.001698485817036	0.000916271	0.000136363	1.8594867769027267e-08	8.39552545441e-07	-0.000140509	-8.61561e-05	1.9742779081000003e-08	7.42287356721e-09	0.000540845	0.000129758	1.6837138564e-08	2.92513314025e-07	0.0	0.0	0.0
326.1477400956634	0.4108708081510031	106372.3483695084	0.1688148209906583	333.4726695696824	-0.0453669578858466	0.0020581608678161	111204.02134993058	212.9217388220001	0.2306201064795914	0.053185633512658	45335.66686298402	218.85253078616017	361.9679783111861	0.986185	20.482262	0.07253734	0.0368299	0.072456	-0.0838485822	0.0158466956	0.0611767687	0.1250986876	0.0475333986	-0.0075754479	-0.0177103336	0.0422363348	0.0017902841	-0.0762219222	0.1227346033	-0.0279443153	-0.0718227054	-0.1007649367	0.0295981572	-0.0975476376	-0.0397427815	-0.0467988881	-0.0289854279	-0.0358065166	0.0875819981	0.0059898387	-0.082929084	0.0064834678	-0.0170754372	0.1771783251	0.0232971302	-0.1128909274	0.0050442614	-0.0253371025	0.0679563988	-0.1727697518	0.0049197492	0.0424790857	0.0686800742	0.0393083724	-0.133474973	0.011889019	-0.0429955829	-0.0581659178	-0.1531742135	0.0797845454	0.0760600374	-0.0373058637	-0.0943081015	-0.0289014037	0.0897242455	0.0915425841	0.1467599288	0.1064929209	-0.0435936533	0.0298525344	0.0440817298	0.0841984359	-0.1341695126	0.0980170257	0.0454972209	-0.0490088747	-0.1362939114	0.0286210385	-0.0238965397	0.0168455809	0.0300001357	0.05817229	-0.0740251767	-0.0029267129	-0.0450490904	-0.0529224698	0.0843823257	-0.0958098248	-0.0609137765	-0.0767030103	-0.0467703376	0.0337427829	-0.0827734442	0.0262265357	0.0497451729	0.0060284324	0.0889091705	-0.085865102	0.1062979486	-0.1509095317	-0.0469171518	-0.1335457789	0.0724723585	-0.1409932076	-0.0856391239	0.0779569049	0.1483832014	0.0310869182	0.0894277721	0.0390713364	0.0029506407	0.0267175144	0.1881743256	-0.0288491891	-0.0020473648	0.1488662475	-0.0067458966	-0.0276419825	-0.0206261876	-0.0963131011	-0.0338218895	0.1000025988	-0.0436438326	0.0447991459	-0.0281591592	-0.0731755942	-0.0405335175	0.0742969566	-0.0470392356	0.0870125651	0.0092606829	0.0711978906	0.0151623726	0.0445997779	-0.0647730848	-0.0662164951	-0.0222704452	-0.063413052	0.0712570558	-0.006802223	-0.0510336387	0.0036635751	-4.29927e-05	0.0752421898	-0.0255578418	-0.1073054737	0.0	-0.00506331	-0.0037003799999999	1.3692812144399998e-05	2.56371081561e-05	-0.00157761	-0.02503851	0.0006269269830201	2.4888533121e-06	0.0207327	-0.0107675	0.00042984484929	0.0001159390562499	0.00121831	0.000302039	9.122755752100002e-08	1.4842792561e-06	-0.0004912	-0.000350691	2.412774400000001e-07	1.22984177481e-07	0.000548734	7.889000000000073e-06	6.223632100000115e-11	3.0110900275600005e-07	0.0	0.0	0.0
327.10510857800153	0.957368482338154	106997.75205782618	0.9165544109744604	334.49373961102134	1.0210700413389304	1.0425840293198851	111886.06183896576	212.99354064673707	0.0718018247369798	0.0051555020355599	45366.24835723324	218.8566490290189	369.8884150380848	0.963035	20.001438	0.09674663	0.0525468	0.0051785708	-0.117512177	-0.0101410453	0.0599476318	0.0838810516	0.0173004587	0.0282732486	-0.0325367973	0.1041927447	-0.0830556864	-0.0164737233	0.0911244542	-0.1399921831	-0.0742791077	-0.0130325633	0.0015725238	-0.1627460259	-0.0960489412	0.0413231461	0.1041035364	-0.0279073548	-0.0868805203	0.0614088833	-0.0141880331	0.0188028635	0.0547901698	0.1883228653	0.0674878551	-0.1396594473	0.0258049587	-0.0690984968	0.0559508069	-0.152839039	0.0528500808	-0.019676402	-0.0920859813	-0.0278184002	0.0051105944	0.0674179257	0.0205017039	0.1197808109	-0.0504057674	0.0713224386	-0.0122948066	0.2041359798	0.0205617946	-0.2290219129	-0.0180843504	0.1052521229	-0.0255524502	-0.1493171542	0.0405671409	0.0502428695	-0.0282119026	-0.0739200671	0.087055118	-0.1046261799	-0.0460626159	-0.0810377081	-0.1047509858	-0.0076597262	-0.0356114437	0.1003423755	0.0612932099	0.1769697562	0.0153496481	-0.0521400058	-0.0300650746	-0.1116985561	-0.0026567174	-0.0214122696	-0.168161278	-0.0107189978	-0.0107064241	0.0840571676	-0.0010355687	-0.0807399164	0.0421143739	-0.0172869293	0.1294614893	-0.0708101122	0.0725217529	-0.1400886666	0.049980171	0.1275981067	-0.058734052	0.0101957436	-0.1532421503	-0.056325013	-0.0583031635	-0.1324109033	-0.0735400917	-0.0103874338	0.2574095199	0.1290114129	0.0213323524	0.0348516871	-0.014413106	-0.0515547547	0.066364486	-0.0196104821	-0.1244278044	-0.1183569441	-0.0163213171	0.0657822159	-0.0227848381	0.1081375611	-0.0444132983	0.0657358225	-0.1153686488	-0.041627705	-0.0598153438	0.0348470642	0.0002580987	0.0359395461	0.0751985555	-0.0318112402	-0.0545332913	-0.0589665835	-0.0144477496	-0.0681236986	0.0225342549	0.0864291658	0.0443852992	0.0424839498	-0.1237622529	0.0731117546	-0.0308275893	-0.1106910964	0.0	-0.00914413	-0.00408082	1.6653091872400005e-05	8.361511345690001e-05	0.0424417	0.04401931	0.0019376996528761	0.0018012978988899	0.0131484	-0.0075843	0.0001728804225599	5.7521606490000006e-05	0.0007799079999999	-0.0004384020000001	1.921963136040877e-07	6.08256488463844e-07	-0.000162865	0.000328335	2.6525008225e-08	1.0780387222500001e-07	0.000494227	-5.450700000000008e-05	2.9710130490000083e-09	2.44260327529e-07	0.0	0.0	0.0
327.3909188589268	0.2858102809252614	107184.8137512924	0.0816875166825768	334.86285229644625	0.3691126854249091	0.1362441745415879	112133.12984811158	212.9940214023256	0.0004807555885122	2.311259358857486e-07	45366.45315313433	218.84046314739675	378.8974312213289	1.030588	21.404467	0.1107961099999999	0.0655845	-0.0260633776	-0.1806647862	0.0139308973	0.0763325689	0.1240786388	-0.0272703655	0.0772717812	-0.1043755713	0.0493432371	-0.0489468677	-0.0519047126	0.1207590308	-0.0179908492	-0.0716666823	-0.0675862081	0.0427348757	-0.1174832958	-0.064867962	0.025514263	0.0380267155	-0.0644628808	0.0263647256	0.0837505843	-0.034603171	-0.095689551	0.0450042624	-0.1026757524	-0.0011791279	-0.1090369423	0.1217260937	0.0184601353	-0.0570213581	0.075519483	0.0450957508	-0.0482097864	0.0490966949	0.0535095255	-0.1401191868	-0.0792285797	-0.0696861114	-0.0838178938	0.0625102255	-0.0276344756	0.0218176034	-0.0388186831	-0.011516895	0.0726477239	-0.0844759103	0.171777328	0.0355264213	-0.0664092938	-0.0088455987	0.2057510761	-0.054221017	0.0267175559	-0.052159806	-0.0218660382	0.0616988146	0.0233803803	-0.1419637022	0.0361375655	-0.0571713589	0.0894747066	0.0245204492	0.1230010343	0.0045631325	-0.0346479559	-0.030154052	-0.0451602564	0.0542815755	-0.0660343767	0.0080000498	0.0704152602	0.1705248123	-0.1244526692	-0.0764735791	-0.0909396061	-0.0134776279	0.0501676844	0.0630899646	-0.0476767506	-0.0517316706	0.1330796688	0.0182620424	-0.1246713143	0.0670739078	0.0503836041	0.0436380471	-0.0320792676	0.0190042125	-0.06976025	0.0936900964	0.0533789558	-0.0232993003	0.0461464426	-0.0144076964	-0.0865429014	-0.0893814874	0.062079828	-0.0232302825	0.0771720612	-0.1019691309	-0.1739041923	0.0427669914	0.0464044783	-0.0723415754	0.0923274332	-0.0206257123	-0.1140413468	-0.0495189253	0.0620454319	-0.0721065297	-0.1774851657	0.2020637178	-0.0842765809	-0.0325912123	-0.0073872544	-0.11295198	-0.0318839113	0.1149182582	0.0307686198	0.1302004592	-0.0408476859	-0.0193886342	0.0341502626	-0.0375963671	0.070943974	-0.0360343578	-0.1135680224	0.0	-0.00905516	8.897000000000072e-05	7.915660900000128e-09	8.199592262559999e-05	-0.00468312	-0.04712482	0.0022207486600323	2.19316129344e-05	-0.0295981	-0.0427465	0.0008760475236099	0.00182726326225	0.000934697	0.000154789	2.3959634521030953e-08	8.73658481809e-07	5.12374e-05	0.0002141024	2.6252711587599998e-09	4.583983768576e-08	0.000542052	4.782500000000004e-05	2.2872306250000037e-09	2.93820370704e-07	0.0	0.0	0.0
326.6156162554161	-0.7753026035106814	106677.76078190524	0.6010941270104407	334.7586671397688	-0.1041851566774312	0.0108545468719008	112063.36522519452	212.7971281051636	-0.1968932971619779	0.0387669704673149	45282.61772980541	218.70753711562216	370.13235152869663	1.046524	21.735443	0.1286307	0.0795279	0.0164690384	-0.1571107738	-0.012929306	0.0799776962	0.103555108	0.0578506152	0.0735115823	-0.1068921036	0.000297986	-0.0146615946	-0.0880574633	0.02432527	0.0702179496	-0.024242937	-0.1155744912	0.1335181358	-0.0720039219	-0.0736263914	0.0615035151	0.0762476852	-0.0605019931	0.2276051909	0.0502594155	0.0106545331	-0.0648800502	0.0925043684	-0.0754698515	-0.0678378266	-0.1647351663	-0.0065850409	0.072669825	0.006666982	-0.1352496372	0.0691351225	0.0383969455	-0.0973123264	0.0076884332	-0.0573901867	-0.0639220813	0.0513569041	0.0832320593	-0.0970112401	-0.0996808197	-0.0024092902	-0.110161319	0.0060255017	0.0023623605	-0.0022316474	-0.0231384942	0.0017768299	0.1748665801	0.0734677457	0.0704622856	-0.2052722458	-0.0924290292	0.0106599878	0.1387048045	-0.0998717563	0.0860751974	-0.1253306029	0.0792275178	-0.0970923019	0.0415877429	-0.0089064095	0.0555295449	-0.0250372941	0.0519881567	-0.059705096	-0.0330902586	0.1375196432	0.1738531342	0.0250400916	0.0522553633	0.1655171141	-0.049586992	-0.1498495178	0.0655549203	0.0697496131	0.0503601955	0.0448700432	0.0011640933	-0.0241187103	-0.1719162481	-0.0055410364	0.0206512466	0.1021369686	0.0320526347	-0.1000395343	-0.0295948119	0.0158481268	0.0702588366	0.112820749	-0.0297317233	-0.1256058905	0.0063843829	-0.0612356662	-0.0720205963	0.0811853719	0.0618792646	0.0555837101	-0.0341467263	-0.1286538807	-0.1465039507	0.0283180026	0.0984255056	0.0446172771	0.1145852502	-0.0107549619	0.0337200415	0.0179723677	-0.1135799696	0.0782216112	-0.0875406983	0.0377994767	0.0045094987	0.0169589705	0.0028359916	-0.118746583	0.0108444936	-0.092881629	-0.0920440668	0.0325869153	0.1496867385	-0.053354562	-0.0925635986	-0.0447447204	0.0687399551	-0.0411675101	-0.1159230303	0.0	-0.0168572	-0.00780204	6.08718281616e-05	0.0002841651918399	0.0656978	0.07038092	0.0049534739000464	0.00431620092484	0.00439497	0.03399307	1.93157613009e-05	0.0011555288080249	0.00092015	-1.4546999999999954e-05	2.1161520899999864e-10	8.466760225e-07	-0.000132335	-0.0001835723999999	1.7512552225e-08	3.3698826041759995e-08	0.000411078	-0.000130974	1.7154188676e-08	1.68985122084e-07	0.0	0.0	0.0
326.863327230914	0.2477109754979096	106839.6346884636	0.061360727382126	334.2406774533951	-0.5179896863737099	0.2683133151895343	111716.8304645045	212.59638419569583	-0.2007439094677749	0.0402981171884062	45197.22257308391	218.4795301777238	364.7091697001157	1.092699	22.694469	0.10893873	0.0891975	0.0343068981	-0.1094035432	-0.0698914411	0.155113342	0.0769321517	0.0925368472	0.041568448	-0.0791369053	0.1053776815	0.0107638535	-0.117800508	0.0306867078	0.1410204151	0.0214749569	-0.0601184244	0.0949104847	-0.1401383788	-0.036850861	-0.0207854824	0.0070239454	-0.0133046664	0.0796698079	0.0218699108	-0.0553990997	-0.1823237761	-0.0001758083	0.103294202	0.0135772441	0.2799772478	0.0974755408	0.0718113712	-0.1165471363	0.0126679944	-0.0242341308	0.1309412146	0.0392214325	0.0875227984	0.0655744369	-0.0136351008	0.0842070612	-0.0233830177	-0.1020038465	-0.2272522148	-0.0364283563	-0.0729162837	0.0199453768	-0.0247625822	0.0788303224	0.1405235391	-0.1502588191	-0.0118225148	-0.0955226905	-0.1831751397	0.187926812	-0.023859616	0.1253609224	-0.1090912486	0.0093577724	-0.1050592399	-0.0657059312	0.1027314614	-0.0872516621	0.0671578137	0.0816069425	0.0284132655	-0.0593137399	0.0116069108	-0.0773561527	0.0411719035	0.20005305	-0.1106368365	0.0909492426	0.026475731	-0.0138925194	0.1466597971	0.0578948351	-0.0534766469	-0.1195928658	-0.1308467776	-0.0652312579	0.0567644616	-0.0338759303	0.0460214714	-0.1167028408	0.0603931967	0.106180181	-0.0468426432	0.0658963651	-0.0212015511	0.0422371394	0.2799474294	0.0164544319	-0.1356052319	0.0085289779	0.088317198	-0.1175557406	-0.029062524	-0.0898178641	-0.1024894128	0.1047989171	-0.0813765216	0.0754780869	-0.14040101	-0.0043249598	0.0790999465	-0.0718802055	0.1389270009	-0.0856972325	-0.075337142	0.1468665842	0.1399148702	-0.0681893717	-0.0043168302	0.0275475831	0.0688387335	0.0036563117	0.0011568147	-0.0927212939	-0.0614485112	-0.0104816204	0.01769148	0.1634951207	-0.0157683831	-0.1259586562	-0.014868246	-0.060282423	0.0665008237	-0.0462165596	-0.1177452974	0.0	-0.022117	-0.0052598	2.766549604000002e-05	0.000489161689	-0.0229549	-0.0886527	0.00785930121729	0.00052692743401	0.0059635	0.00156853	3.556333225e-05	2.460286360900001e-06	0.00106191	0.0001417599999999	2.0095897599999967e-08	1.1276528480999995e-06	-9.1809e-05	4.0526e-05	8.428892481e-09	1.6423566759999996e-09	0.00032421	-8.686799999999998e-05	7.546049423999996e-09	1.051121241e-07	0.0	0.0	0.0
328.1651204572552	1.3017932263412035	107692.34628472484	1.69466560414784	335.5165144913811	1.2758370379859798	1.6277601474968384	112571.33149644514	213.0364479399564	0.4400637442605557	0.1936560990126198	45384.52815087375	218.71406193228407	376.7060665027434	1.225051	25.443308	0.0594757449999999	0.0429414	-0.0740717574	-0.084599899	-0.0704376421	0.1307372865	0.0511387993	0.0223275488	0.1041041452	-0.0054340555	0.1738118798	-0.0857173194	0.0038907312	0.1053944325	-0.0988450027	-0.0673957489	0.0259553659	0.0656051635	-0.1543382952	-0.0469325191	0.0158525549	-0.0308943331	-0.044510574	0.030366763	0.2169360751	0.0480178286	0.0358473108	0.0028169807	0.1001702553	0.0376260776	-0.0465009741	0.0605142368	-0.08840814	-0.1168736359	-0.0325538712	-0.1061664677	0.0155449346	0.0560811515	-0.0498304147	0.0558468629	0.0940490196	-0.1372447899	-0.1701327777	-0.0299184132	0.0125007297	-0.1175882946	0.0908976317	-0.224245462	-0.1345883718	-0.0514655835	0.0160875426	-0.0997665412	0.0595712615	0.0403605538	-0.1605055347	0.0689568622	0.0188289049	0.1108437125	0.0842947875	-0.038270035	-0.0036933366	-0.0632184811	-0.0122161986	-0.1082695126	0.0857732043	0.1313049656	0.0456775499	-0.0300537166	-0.1260996074	0.0085787066	-0.0862734702	0.0272173642	-0.0791266437	-0.0444300977	-0.1029221612	0.0597620862	0.1502048698	-0.1207159023	-0.0123941541	0.0373466416	-0.1191077274	0.0758232222	0.0280626533	-0.0289020602	0.04389347	-0.0792265565	-0.0730076279	-0.2366381689	-0.0902269606	-0.0696979824	-0.0032259563	0.0383962655	-0.1314794281	0.0109611018	-0.0683290215	0.0569485167	0.1539812401	-0.1125578243	0.0665238203	0.0586320459	-0.0122766485	-0.0170959536	-0.0480425627	0.1019771626	-0.1297458078	-0.0354653946	-0.0068789052	-0.0850258445	0.1081013911	-0.0193496937	-0.0869417557	-0.0905250271	-0.102448067	-0.1567322618	0.0934528375	0.0801586911	0.1417162832	0.0969414558	0.0169297061	-0.0678828386	-0.0111503768	-0.0325608994	-0.0594397868	0.0642255111	-0.0215485429	0.0407192984	0.1014088528	0.0116003439	0.0642277237	-0.0511711914	-0.1190264491	0.0	-0.0220964	2.060000000000256e-05	4.243600000001055e-10	0.0004882508929599	0.0186682	0.0416230999999999	0.0017324824536099	0.00034850169124	0.0100345	0.004071	0.00010069119025	1.6573041e-05	0.00092015	-0.0001417599999999	2.0095897599999967e-08	8.466760225e-07	1.83139e-05	0.0001101229	3.3539893321000004e-10	1.212705310441e-08	0.000300872	-2.3338000000000023e-05	5.446622440000011e-10	9.0523960384e-08	0.0	0.0	0.0
328.2207737651694	0.0556533079141559	107728.8763310065	0.0030972906817878	335.927572199927	0.4110577085459113	0.1689684397550153	112847.33376413716	213.2559025078489	0.2194545678925124	0.0481603073688893	45478.07995443716	218.9545829809999	386.07639273324935	1.142103	23.720531	0.044813165	0.0217985	-0.1425155636	-0.0712556532	0.0097859176	0.0831570182	0.0382227173	-0.044188036	0.1414541459	-0.0959547905	0.0772694668	-0.0524444682	-0.0904633968	0.1259576852	-0.0432197785	-0.14461131	-0.0080935135	0.0004659452	-0.1006280969	-0.0448239234	0.02112849	-0.0026874119	0.0588519577	-0.0441737823	0.0128873833	-0.1153793409	0.091916958	-0.0545959492	-0.0694230349	0.0119395795	0.1922882612	0.1475689473	0.0364728974	0.0895059839	0.112143915	0.1357471417	-0.1546183571	0.1418494617	-0.0800971841	0.0387631732	0.0364278665	-0.0160867127	0.1080300295	0.1518833548	0.0036122811	0.0997796986	-0.0512237148	-0.0846946194	0.0813948252	0.0454224824	-0.1278228967	0.1127289089	-0.1211682415	0.0555050591	-0.067141495	0.0306783816	-0.1596503522	0.0120728298	-0.0828706914	0.1009106754	0.2221135071	-0.1254764456	-0.0819938831	-0.0194468215	0.0785877545	0.0488868154	0.0845900029	0.0033186247	0.1059752579	-0.0038058142	-0.1440232736	-0.0170656864	-0.0130104225	-0.0738823601	-0.0388863813	0.0859186609	0.0094647781	0.2076612596	-0.1256825642	-0.0351737429	0.0313113669	-0.1446736177	-0.0620878054	-0.0822583827	0.2008516289	0.0030621795	-0.0195290578	-0.0177557433	0.1108260317	0.1154886945	-0.0625973479	-0.1601452144	-0.0781755068	0.1086683206	-0.0154535462	-0.0244005627	-0.1685535337	0.0670255792	0.2494387455	0.0358828922	-0.0115741146	0.0388957135	-0.1424856843	-0.0394143394	-0.126370682	-0.0392567242	-0.0200748175	-0.1220242092	0.1543707626	-0.1602511827	0.0775231485	-0.0041785459	-0.0352997156	-0.0151016739	-0.1293829134	-0.0240121226	0.0363549509	0.1301242346	-0.0927495485	-0.0433739617	-0.0849375841	0.0059642659	0.0126234024	-0.0262201773	-0.041858278	0.2144319328	0.0347263804	-0.2184581185	0.0619218161	-0.0560212833	-0.1197605978	0.0	-0.0221018	-5.400000000002625e-06	2.916000000002835e-11	0.00048848956324	0.00541599	-0.01325221	0.0001756210698841	2.93329476801e-05	0.0204068	0.0103723	0.0004164374862399	0.0001075846072899	0.00102255	0.0001024	1.048576000000002e-08	1.0456085025000005e-06	0.00026989	0.0002515761	7.28406121e-08	6.329053409121001e-08	0.000231183	-6.968899999999998e-05	4.856556720999997e-09	5.3445579489e-08	0.0	0.0	0.0
327.53113370473613	-0.6896400604332484	107276.64354590974	0.4756034129543746	335.3644023637464	-0.5631698361805775	0.3171602643836584	112469.2823727928	213.2358052705464	-0.0200972373025081	0.0004038989471933	45469.50864937838	218.9572779926561	381.27434562559887	1.07036	22.230501	0.1089510699999999	0.0563098	-0.1123810465	-0.0256726451	0.0709193403	0.0891915693	0.0888323535	-0.0676207034	0.1241167775	-0.0759948227	0.0459067485	0.1029641025	0.0474785855	0.161566515	0.013235125	-0.1730860665	-0.022934306	0.0031423317	-0.0685728831	-0.0861515597	-0.0157977888	0.1056923608	0.1310529248	0.0375252189	0.0153412758	0.0481000492	0.0206529895	-0.2527147262	0.2141824237	0.0368640935	0.0539119966	-0.2014020334	0.1038262007	0.0803371438	0.0913817297	0.0017283111	-0.2399161547	-0.0875379191	0.2203699929	0.1529468167	0.1713002459	-0.0981179868	-0.055245884	0.0745161336	0.0410774759	-0.0940365133	0.0635407692	-0.1574920531	0.1455743861	-0.0428644769	-0.0533324927	0.0242847353	0.0351197955	-0.0364515764	0.0026887758	-0.0918628317	0.0097324446	0.0573963691	0.0109788378	0.1175069611	-0.1577318796	-0.1576981909	-0.0808066798	-0.0733146421	0.0328314595	0.0099627516	0.097006707	-0.0298470987	-0.141198631	-0.1036428331	0.123954655	0.0442085471	-0.0955886114	-0.0810631974	-0.2752478615	-0.0223727706	-0.053466308	0.1700051758	0.0753707638	-0.0541297878	0.050965031	-0.0480532784	0.0501223738	0.2555025043	0.1552962742	0.0769559876	0.1817388999	-0.0975218786	0.0723938977	-0.0901985451	0.1675908142	-0.0248072645	-0.0825201113	0.1297931016	-0.09271188	-0.1505777777	-0.0708300881	0.0190443146	0.0313764936	0.047373406	0.0418837249	-0.1381645115	0.1718268759	-0.0395781762	-0.1359955022	-0.0346889362	-0.0984496291	-0.1306571318	-0.0081003635	-0.1227094165	-0.2185951372	-0.003294727	0.0845131746	-0.1263174958	-0.1660843456	-0.3129191369	0.0810578626	-0.0777044799	-0.0887670022	0.5705476216	0.2473701168	0.1015944719	-0.0423641586	-0.2622487943	0.2580564157	-0.0783381596	0.0560552494	0.0029563502	0.0595842788	-0.0607569269	-0.1199443696	0.0	-0.0016893	0.0204125	0.00041667015625	2.85373449e-06	-0.000231714	-0.005647704	3.1896560471616e-05	5.3691377796e-08	0.000942759	-0.0194640409999999	8.887945320810001e-07	0.0003788488920496	0.00186741	0.0008448599999999	7.137884195999997e-07	3.4872201081e-06	2.60305e-05	-0.0002438595	6.7758693025e-10	5.946745574025e-08	0.000411	0.000179817	3.2334153489e-08	1.68921e-07	0.0	0.0	0.0
327.14763953700464	-0.3834941677314987	107025.57805463392	0.1470677766840748	335.84688753245746	0.4824851687110367	0.2327919380261175	112793.13186523912	212.7849080838656	-0.4508971866808053	0.203308272956665	45277.41710825913	218.6901007229417	378.9097242836191	1.026427	21.318047	0.111041035	0.0635786	-0.0840982205	-0.0173977377	0.1044211363	0.1369395956	0.1379425481	-0.0688814162	0.0913115518	-0.1023337773	0.0489984251	0.0224406383	-0.0126876043	-0.0138052006	-0.002757735	-0.0957751181	-0.0810558538	0.0107839761	-0.1064747076	-0.0999914498	0.1010394401	-0.0187297867	0.0377536654	0.0221802668	0.0160150673	-0.0317031215	0.0026085389	0.092195186	0.0878632281	-0.1907555652	-0.1261151619	0.0364237457	0.1752724375	-0.1316421195	0.0492603525	-0.1434758625	0.014683564	-0.0735195024	-0.0443976675	0.1077971965	0.0446082983	0.092420694	0.003639682	0.1558087713	0.0849800145	-0.1124894316	0.0146972131	0.1185526798	-0.0082871701	0.0518727424	0.0566076978	0.0324848917	0.0515232174	0.0904142502	-0.0102304359	0.0695239349	0.0007139822	-0.0699319524	-0.1259290922	-0.0386118487	0.1891070905	-0.1778583993	0.0196245181	-0.0173712597	0.1066247089	0.0140119037	0.0621521327	0.0018368628	-0.0558078627	0.0379392437	0.0116559029	0.0947785965	0.0041553618	-0.0994664645	0.0059275658	0.0380396671	-0.0388987321	-0.0511086464	0.1695701359	-0.1058610282	-0.1375640445	-0.03520166	0.0057578749	-0.0481796049	-0.0880139796	0.0608821271	-0.0023010905	-0.0432899224	0.1092946033	0.06564038	0.067844069	-0.1436206209	-0.0489332085	-0.1142441452	-0.0074853867	0.1060861709	-0.0805492977	-0.0651352606	-0.2130517276	0.0229545185	-0.168614617	-0.0833739463	-0.1371354719	-0.1367809669	-0.1525514592	0.0246115951	5.39888e-05	-0.0173079212	0.0485267451	-0.0796136207	-0.0061668613	-0.0577676338	-0.0132573426	-0.0346206669	-0.0704035782	-0.0249560763	0.1386594687	0.0054818338	0.0586137249	0.0158270346	-0.0662125635	0.1278688515	-0.0643264904	0.0004704689	0.11440431	0.0186318739	-0.0648852558	0.2662192252	0.0572163058	-0.0653684476	-0.1195769199	0.0	-0.00169123	-1.9300000000000302e-06	3.724900000000118e-12	2.8602589129e-06	0.0464909	0.046722614	0.0021830026589929	0.00216140378281	0.01883	0.0178872409999999	0.0003545688999999	0.000319953390592	0.00116894	-0.0006984699999999	4.878603408999998e-07	1.3664207236e-06	2.60305e-05	0.0	6.7758693025e-10	0.0	0.000641115	0.000230115	5.2952913225000015e-08	4.110284432250001e-07	0.0	0.0	0.0
327.13706705400114	-0.0105724830035001	107018.66064069404	0.0001117773968592	335.8792178110091	0.0323302785516261	0.0010452469112257	112814.84895733529	212.6537388851768	-0.1311691986887808	0.0172053586846568	45221.61266184496	218.4879258718337	376.5732441289084	0.974803	20.245853	0.08750918	0.047303	-0.0751682971	-0.013911769	0.074157975	0.1497938103	0.1056548888	-0.0039365827	0.0967544041	-0.0400895981	0.0859574491	0.0483436596	-0.1227825021	-0.0316702964	0.032284343	-0.0339113159	-0.0592920208	0.0617892165	-0.0870948896	0.0664550283	0.0617979474	0.0105704983	0.0770307021	0.0794288871	0.0597416389	-0.1113515039	0.0115590416	-0.0187021225	0.1142824204	-0.0095600895	0.0620468372	0.0817944356	0.1811150144	-0.0563405799	0.0145225297	-0.1039094701	0.1248411898	0.1279083206	0.0499736306	0.0428703253	-0.1129002073	0.1023505125	-0.1352813093	0.0192530142	0.0576029848	0.0836589209	0.0333248557	0.1450340984	0.0983625632	-0.0223866695	0.0137257007	0.0693632852	-0.0002042041	0.0295384384	-0.0016534979	-0.1010654424	0.0013902811	-0.1369091802	0.1118904081	-0.0832506066	-0.10031687	-0.0988758361	0.0417160026	-0.0681011376	0.022817254	0.087164577	-0.0403324057	0.043578473	0.0065073236	-0.0263627998	-0.0009457975	0.1742011181	-0.0708323731	-0.0110009379	-0.075826817	-0.0096897518	0.0553962954	-0.0299375142	0.1127810469	-0.0742534863	-0.073013784	-0.1191055275	-0.0412704279	0.0386265415	0.0187439259	-0.2296756736	-0.0658086984	0.0814830682	-0.0093078553	0.1063267778	0.0072418285	0.0412307663	-0.162279479	-0.1217623277	-0.0140201385	0.000537948	-0.0412938303	0.1133490907	-0.0458485131	-0.0518873531	-0.0099498229	0.1282615741	0.0837140206	0.125795041	-0.1138015363	0.0074966399	-0.0171696009	-0.0479882829	0.0069707729	-0.1544050124	-0.0089751305	0.1089680174	0.0481755485	-0.0297433215	-0.1206309659	-0.0147991675	0.1912655696	-0.018551274	0.0731972331	0.1315461112	-0.0833438453	0.0758876856	-0.0767455677	0.00766502	-0.1017577934	-0.0017722007	-0.1552013764	0.1338600301	0.0548191066	-0.0698464244	-0.1186599374	0.0	0.0046384	0.00632963	4.00642159369e-05	2.151475456e-05	0.00785895	-0.03863195	0.0014924275608024	6.17630951025e-05	0.0369175	0.0180875	0.0013629018062499	0.00032715765625	0.00124821	7.926999999999999e-05	6.2837328999999994e-09	1.5580282041e-06	2.60305e-05	0.0	6.7758693025e-10	0.0	0.000231183	-0.000409932	1.68044244624e-07	5.3445579489e-08	0.0	0.0	0.0
327.31386333867056	0.1767962846694217	107134.3651336859	0.0312569262729112	335.45217442862787	-0.4270433823812141	0.1823660504355878	112528.16132889458	212.5644859882823	-0.089252896894493	0.007966079604059	45183.660703462665	218.13355890672327	374.4363332785228	1.578078	32.775391	0.345443975	0.155095	-0.0702726523	0.0710063412	-0.0191171501	-0.0145770833	-0.0013992075	0.0286944874	0.0866951137	0.1197792115	-0.0271344418	-0.0350859498	-0.1092107756	-0.0466163341	-0.0653328814	0.0570677112	0.1259184578	0.0705929698	0.032355231	0.3379696877	0.0981718779	-0.0535441144	0.2081964097	0.2537561597	-0.0654797811	0.1099795399	0.13183414	0.1072129443	0.1529595596	-0.1029711723	0.0278032213	-0.018624011	-0.0063804909	0.0587638416	-0.0548492225	0.0034542501	0.0202784585	-0.0063790647	0.1498877619	0.0477096664	-0.0741682665	-0.1585953872	-0.0959419708	0.1008508518	0.1097914997	-0.074793324	0.0272544341	0.0323561173	-0.0230744075	0.133957516	-0.0100753998	0.0907461818	-0.0804153088	-0.1576911433	-0.0698966995	-0.0279039384	-0.0313298145	-0.0685705388	0.0332618203	-0.0431226061	-0.1062448499	0.1322346953	-0.0258406753	-0.0761603572	-0.1249532233	0.1620005868	-0.2140958533	0.1813241513	0.1127867792	-0.0528069978	0.1372438018	0.2060687411	0.1859146296	-0.2605628842	-0.1211459391	0.0979728725	0.1112134424	0.0603697119	0.1034671263	-0.0674084202	0.0668788204	-0.0077034513	0.0012933342	0.1203632498	0.0027294513	-0.0432006752	-0.1618226194	-0.0580429095	-0.0853178233	-0.0170123455	0.1383169104	-0.0006883812	0.0542088024	-0.0825543059	0.0505729054	0.0809946015	-0.0090705975	-0.0054594849	0.0633382129	0.0670740158	-0.0996809512	0.0223379101	0.1478406548	0.0785570379	0.1036322718	0.0140213512	-0.2007285545	0.1323074224	-0.2527850874	-0.1380532641	0.0711304899	0.1461720753	-0.1310327028	-0.0364362316	0.0957226881	-0.0249149826	0.1721916909	-0.254756698	-0.0101872907	0.1378983473	-0.2759989966	-0.1859654392	-0.1730819685	0.1189422716	-0.0349283772	0.0897314539	0.0318293385	-0.0487401249	0.0523939058	-0.0741817089	-0.1171976362	0.0	0.0403868	0.0357484	0.0012779481025599	0.00163109361424	0.0575917	0.04973275	0.0024733464225625	0.00331680390889	0.163096	0.1261785	0.0266003052159999	0.01592101386225	0.00246481	0.0012166	1.48011556e-06	6.0752883361e-06	-0.000591541	-0.0006175715	3.49920754681e-07	3.8139455761225e-07	-0.000610332	-0.000841515	7.081474952250001e-07	3.72505150224e-07	1.0	0.0	0.0
327.61534370598946	0.3014803673189021	107331.8134315936	0.0908904118787401	335.20656770450245	-0.2456067241254231	0.0603226629356217	112363.4430322332	212.9218374520017	0.3573514637193966	0.1277000686223952	45335.70886393664	218.3142157046261	375.71959477387554	1.228757	25.520277	0.20596515	0.107619	-0.0917720781	0.1092324421	-0.0955460419	-0.1302542419	-0.1533586569	-0.0194318912	0.0399983977	0.1670148498	-0.0148279554	0.0262363209	-0.094454969	-0.0056978635	-0.0424291169	-0.00424092	0.2323727441	-0.0239083544	0.066472071	0.257697174	0.0543512167	0.1048659676	-0.0453971547	0.0652062858	-0.1151624997	0.0205658519	-0.0902204011	-0.0093683985	-0.0170472753	0.0067601903	0.0904982592	0.0464869535	-0.1197155297	0.1243430445	0.1149973074	-0.0535317531	0.0604359557	-0.1700982632	-0.058938894	-0.0870037719	0.0974367229	0.042476827	-0.030802079	0.001681506	0.0279706027	-0.0088488289	0.0557483087	-0.0096602501	-0.0837865014	0.0158557181	0.0562634833	-0.0417409201	-0.0005772779	-0.0439418215	0.0486918805	-0.1670593485	-0.0332661868	-0.0042513902	0.0579800514	-0.0389943981	0.0654537127	0.1832024492	-0.1580344772	-0.0222988051	-0.1155623512	0.0951430271	-0.0859994082	0.1908782525	0.0352130051	-0.1547522705	0.0574652462	0.0988486126	0.0764706116	-0.0562555064	0.0539056691	-0.0888873183	-0.0322813877	0.0294231367	-0.1267829239	0.0395282992	-0.0266097252	0.0005633086	0.2066497805	0.0206126609	-0.0062367114	0.1619381849	-0.0018602209	0.0839636149	-0.0988156895	0.0211051115	-0.0055363842	-0.0795806691	-0.0824182035	0.0229610035	0.0614518794	0.0974316551	0.065910007	-0.0564399182	0.0646900346	0.0067338756	0.1382032815	0.0705264633	0.0199323051	-0.0348251198	0.1833908201	-0.0398056459	-0.1726414882	-0.0998997258	-0.1845701356	-0.0406168912	0.1154561884	0.117436411	-0.0648386047	-0.1475824253	-0.0553005892	0.0657666843	0.0514670241	-0.0195396409	0.1195460124	-0.1205082051	-0.0100808101	0.0123730754	-0.164423788	-0.0090753969	0.0227229374	0.0634574933	0.0614211596	0.0005665598	0.0499419421	-0.0783654444	-0.1151967366	0.0	0.0196158	-0.020771	0.000431434441	0.0003847796096399	-0.0230207	-0.0806124	0.00649835903376	0.00052995262849	0.216927	0.053831	0.047057323329	0.002897776561	0.00178405	-0.00068076	4.634341776000001e-07	3.1828344025e-06	-0.000429332	0.000162209	1.84325966224e-07	2.6311759681000008e-08	-0.000438286	0.0001720459999999	2.9599826115999992e-08	1.9209461779600002e-07	0.0	0.0	0.0
327.07196659853065	-0.5433771074588094	106976.07133463035	0.2952586809103025	335.1802317145756	-0.0263359899268493	0.0006935843654271	112345.7877322366	212.5697441971093	-0.3520932548924236	0.1239696601407411	45185.89614802448	218.11501050057765	383.5753875925761	1.33223	27.669313	0.061257115	0.0276945	-0.1100629909	-0.0195805081	0.1161367456	-0.1709167608	-0.0430095008	-0.1539667526	0.0480049284	0.087115907	-0.1305548646	-0.146299562	0.0795118357	-0.0262543433	-0.0832675773	-0.0128253662	0.0187371528	-0.0779250424	0.0485966474	0.1788048812	-0.0123389839	0.0744809026	-0.0319587296	-0.0191743517	-0.0575491313	0.1640001305	0.0047173139	-0.0494035134	-0.0808220539	0.0583612546	-0.0452927693	0.0003125471	-0.1651544934	0.0401625959	-0.0037342026	-0.1405795006	-0.0708036728	-0.0447226871	0.1299721915	-0.056517027	0.0328355992	0.0150988671	-0.1848527051	0.1107982433	0.1165464931	-0.0645084212	-0.1403710468	0.1840753759	-0.0697837825	-0.0175597092	0.1415889853	-0.0078580384	0.0117455933	0.0874447826	-0.0039811554	0.0495087227	-0.0066259367	0.0467128725	-0.0564581623	0.1265492981	0.0779593844	0.0371969146	-0.065669355	0.1118488496	-0.1176597981	0.0467559886	0.0012173444	0.097992265	0.020454838	-0.0223887481	0.0749882022	-0.1315058209	0.1296321605	0.0442325411	0.0256976627	0.0304333198	-0.0874852649	-0.0023602986	-0.0746619878	0.0375667414	-0.0339510465	0.1347198546	0.0863436407	0.1410462678	0.0943173004	0.0065142764	-0.0601560645	-0.0692273683	-0.1767983347	0.1184524432	0.0382433553	0.098082601	-0.1049327697	0.0502859825	0.1875977271	-0.0016297744	-0.0761029575	-0.0596930886	-0.1222340673	-0.0829583946	-0.1411203479	-0.0091377812	-0.0360737373	-0.0994419401	0.1430151711	-0.0200136796	-0.0719061735	-0.0707983771	-0.2008077979	-0.1297177009	-0.0713708493	0.0015122029	-0.1594468013	-0.0184100912	-0.1080208682	0.002649993	-0.0493042047	0.0294130089	0.1615010646	-0.0717346767	-0.021464401	0.103000376	0.0025593261	-0.068316381	0.0062638249	0.0709033482	-0.0020083195	0.1311831112	0.0474644681	-0.0823890838	-0.1126664339	0.0	0.0118603	-0.0077554999999999	6.014778024999998e-05	0.00014066671609	-0.0175104	0.0055103	3.036340609000003e-05	0.00030661410816	0.202644	-0.014283	0.0410645907359999	0.000204004089	0.00191916	0.00013511	1.825471210000004e-08	3.6831751056e-06	-0.000591541	-0.000162209	3.49920754681e-07	2.6311759681000008e-08	-6.14387e-05	0.0003768473	1.4201388751729e-07	3.77471385769e-09	0.0	0.0	0.0
323.9796181403205	-3.0923484582101537	104962.79297034787	9.562618986994714	333.8542683495831	-1.3259633649925036	1.758178845302243	111458.67249523544	212.123758908322	-0.4459852887872841	0.1989028778146772	44996.48909339592	218.0141852474676	371.72962813717976	1.603951	33.312744	0.0821658249999999	0.0405309	0.0219767765	-0.0186617599	0.2457958534	-0.2395942184	0.0569003869	0.0153091525	0.0060734006	-0.0819321045	-0.3357043417	0.0368767927	0.0485620846	-0.1591688112	-0.1205601211	-0.0064168677	-0.1634869188	-0.0331865439	0.2534730938	-0.080600801	-0.0368971658	-0.0117771412	0.0160595345	0.0891557259	-0.0404762892	-0.0268179921	0.0674183522	0.0816935368	-0.1715332251	0.201757594	-0.119746447	-0.0247208166	-0.1088033209	-0.0382157764	0.1951686028	-0.2495576062	0.0027861852	-0.0095668323	0.1889439581	-0.1732811152	0.139071137	-0.0175702906	0.1264843612	-0.0401659075	0.0047505904	-0.0988959835	0.0185234678	-0.0662441785	0.0312625264	0.0890077653	0.136473682	0.1095803726	-0.0226645188	-0.053855859	-0.0995832593	0.0703704412	-0.054736237	0.0647399792	0.1005858331	-0.0842182573	0.0122362766	-0.0896490698	0.0421436206	0.0555082229	-0.1223527951	-0.2713350716	-0.0798485448	-0.0562938727	-0.0300091852	0.0660384261	0.0845480531	-0.0156946302	0.1436101804	0.0588102578	0.0104867751	-0.1242828985	-0.2566874575	-0.1842898609	-0.0734326668	-0.0240507148	0.0589472503	0.0185914655	0.0770975682	0.1903577338	0.2284622864	-0.0140314706	-0.1834801762	-0.0529245708	-0.1582720326	-0.1436663868	-0.0829352397	-0.1773451701	0.0685517577	0.1197296554	-0.1333418977	0.1176912313	0.0143348853	0.0870720526	-0.048148549	-0.0081289136	-0.0552691819	0.099233462	-0.0598242719	0.0413297489	0.1216460992	0.005482691	0.0212020267	0.0054410478	-0.2202804003	0.0131097351	-0.1250951731	-0.0331674789	-0.0949914843	0.086704221	-0.2469012059	-0.2064438067	-0.0825866929	0.0721501776	0.0930519319	-0.198278463	0.0365632844	0.019870415	0.0503529567	-0.1742812723	-0.2600025666	-0.0650499311	-0.0834919736	0.0762962013	0.0449627491	-0.086244407	-0.1096183565	0.0	0.00558356	-0.00627674	3.93974650276e-05	3.117614227360001e-05	0.0111135	0.0286239	0.00081932765121	0.00012350988225	0.188659	-0.0139849999999999	0.0355922182809999	0.0001955802249999	0.00226043	0.0003412699999999	1.164652128999999e-07	5.109543784899999e-06	-0.000591541	0.0	3.49920754681e-07	0.0	0.000262895	0.0003243337	1.0519234895569001e-07	6.911378102500001e-08	0.0	1.0	0.0
320.49907777514846	-3.4805403651720326	102719.65885472066	12.114161233591863	329.0691019650421	-4.785166384541014	22.89781732774132	108286.47386807928	211.7789291649534	-0.3448297433685923	0.1189075519116492	44850.31483825435	217.92643230496657	335.3370820091052	1.887263	39.196907	0.1078942499999999	0.0633864	0.2808405335	0.1094322586	0.203263053	-0.1920941868	-0.0325349652	0.1297758236	-0.3406022504	-0.0882161742	-0.1045959465	0.0113122736	0.0159802401	0.041158956	-0.0099056294	0.049490185	-0.1882269611	-0.2433709048	0.2981827239	-0.1389887956	-0.0723950615	-0.0351924057	-0.0571305559	0.0064970621	-0.0120351776	-0.1032802414	-0.1288241086	-0.037490249	0.0229625839	0.2783009979	0.0301770742	0.0100116001	0.0174374184	0.1041116295	0.0810538419	0.1037078007	-0.1191004405	-0.0163564957	-0.0099537392	-0.0693607139	-0.0261900706	0.0766510521	-0.1471894831	-0.0623615279	-0.0692710683	-0.0135818935	0.0049671569	-0.0232948064	0.0001148098	-0.0277915114	-0.0390528367	0.0942439237	-0.1488347361	0.053451668	-0.0473087011	0.0135313077	-0.0598113585	-0.1118266332	-0.0882420907	0.0460596424	-0.162478092	-0.0303532122	0.0801102995	0.2363337891	-0.0154330631	-0.3374025653	-0.1130142124	-0.0619662323	0.0361416152	-0.0808731356	-0.1468406335	-0.0365753521	-0.1603580376	0.1228471704	-0.0895846043	-0.0992070824	0.0581811824	-0.0784739637	-0.1727851847	0.1767120815	0.1477323412	-0.0901907999	-0.0586768469	0.0438942158	0.1183624715	0.0864707726	0.0797875127	0.0488193762	0.0015255746	0.0135289767	0.0841149594	0.1304128556	-0.0864476577	0.0667415901	-0.0803020318	0.0809991557	0.066551758	0.0093938294	0.0604244602	0.0256093175	-0.0955585272	-0.0039856844	0.1227116823	0.1418517818	0.1515228311	0.0382553082	0.1316611663	0.0927050072	-0.1451191754	0.023006486	-0.0470391539	-0.1599572272	0.1579806688	-0.0637627302	-0.1108703793	-0.214508293	-0.0726770615	0.0684870075	-0.0303765023	-0.1050340695	-0.0405519015	-0.0032076338	-0.0302568692	-0.1416586454	-0.1705780923	0.0605477105	0.0368485898	-0.0489152347	0.0424380632	-0.0899235378	-0.1060665123	0.0	-0.00140454	-0.0069881	4.883354161000001e-05	1.9727326116e-06	0.0212153	0.0101018	0.0001020463632399	0.00045008895409	0.245285	0.056626	0.060164731225	0.003206503876	0.00211905	-0.0001413799999999	1.9988304399999998e-08	4.4903729025e-06	-0.00105363	-0.000462089	1.1101361769000002e-06	2.135262439210001e-07	0.000342993	8.009799999999996e-05	6.415689603999994e-09	1.17644198049e-07	0.0	0.0	1.0
320.31572881984704	-0.183348955301426	102602.1661293898	0.0336168394101243	327.8292496089954	-1.239852356046697	1.5372338647945454	107472.016899197	211.6752289922614	-0.1037001726920152	0.0107537258163537	44806.4025689263	217.68650678507103	317.2655467846814	1.417835	29.447264	0.0640595099999999	0.0377807	0.3905267831	0.091939495	0.0532377681	-0.0367105552	0.0699591135	0.0920114762	-0.3756234602	0.1146390222	0.0386892078	-0.0681738016	0.091565178	0.0875569707	-0.0488943729	0.089811728	-0.2239786345	-0.1657223488	0.1557781336	0.0291779028	-0.0539939195	-0.0506382284	-0.0946397098	-0.0658376607	0.0288012002	-0.0416267183	0.17073372	-0.0119373023	0.0756276687	-0.0168197688	0.0150797027	-0.0361447967	0.0741177562	0.0554988968	0.1711532489	0.0049861214	0.0527796178	0.1293902336	-0.2398756347	0.0468779521	-0.0418027902	0.0852005594	-0.0926680147	-0.0289868288	0.0046316863	-0.0019753919	-0.1348775229	-0.044592048	-0.0373606274	0.1548382037	-0.0691435471	-0.0736081361	0.1128374831	-0.0819780606	0.0167258516	-0.0197655884	0.0814700808	-0.0409720982	-0.0637048541	0.0034380128	0.0853534721	-0.0246172096	0.1334583847	0.2114405739	-0.1315044446	-0.1261797134	-0.0656354941	-0.0096246238	-0.0536230614	-0.0072473711	-0.1994152528	-0.1741642939	-0.0905795677	-0.0415282105	-0.0871828423	-0.0807920939	0.1557297856	-0.0820695429	0.1283571319	0.0415362105	-0.0028845557	-0.1454292549	0.0451986758	-0.0996267491	0.0126132294	-0.033368656	-0.0587897837	0.024970928	0.0265027985	0.1458650694	0.1692454967	-0.0356384136	0.122158481	-0.0541870441	0.0339431613	-0.0117853485	-0.0322874146	0.0103012854	-0.0208124919	0.0445580957	0.0841008295	-0.04083485	-0.051391797	-0.0586517012	0.1693028893	0.0751247326	0.2407590424	0.1397149315	-0.0656028758	-0.0374447849	-0.0236111501	-0.1147622234	0.1162834578	-0.1577907874	-0.0178266429	0.0281051726	0.0829847531	0.0059269214	-0.1049324965	-0.0561390092	0.077359288	0.0187914913	-0.0421967581	-0.1413465927	-0.0870123937	0.0293207634	-0.0568584091	0.0832528393	0.0398916998	-0.09341896	-0.1020272243	0.0	-0.0117531	-0.01034856	0.0001070926940736	0.00013813535961	0.0380036	0.0167883	0.00028184701689	0.0014442736129599	0.276541	0.0312559999999999	0.0764749246809999	0.0009769375359999	0.00202038	-9.866999999999992e-05	9.735768899999985e-09	4.0819353444e-06	-0.00105363	0.0	1.1101361769000002e-06	0.0	0.000357656	1.4662999999999992e-05	2.1500356899999976e-10	1.2791781433599998e-07	0.0	0.0	0.0
322.3735208806545	2.057792060807458	103924.6869649898	4.234508165522204	329.1467061299652	1.317456520969813	1.7356916846458834	108337.55415620568	211.75631410699145	0.0810851147300582	0.0065747958307867	44840.73656417883	217.55476771266683	328.07803888543816	1.232144	25.590609	0.0292405	0.016358	0.2963261742	0.044584855	-0.0970190515	0.0068413952	0.0579665207	0.133904972	-0.2380333324	0.1824335471	0.0381977244	-0.0134254976	-0.0468216598	0.1182846408	-0.0081292794	0.1157705381	-0.0871505543	-0.0486706803	0.1178916913	0.149662468	-0.0659209635	-0.0101988241	-0.1750778615	0.0151756059	0.0296940931	-0.0672417534	-0.0130538296	-0.0746264159	0.1094048646	-0.0313004966	-0.0898072898	0.0177512753	-0.0250460619	0.0161760166	0.0097490872	-0.1294940637	0.0728642904	-0.0152384377	-0.0782210356	-0.017920233	-0.1251006183	-0.0164907689	0.1214338192	0.0447764469	-0.063169738	0.0388059115	-0.0488985186	-0.0437593708	-0.1631541251	-0.0642263349	0.0319062433	-0.0891172533	-0.0216470897	0.000543891	-0.0932560927	-0.1004441284	0.0555877121	0.0567371541	-0.0391581121	-0.036743696	0.0167599273	0.0588472671	0.1207534415	0.0838322951	-0.1645208911	-0.0056523793	-0.0761328289	0.0452274828	0.0065245251	-0.0764860665	-0.1980132688	-0.0500640461	-0.1198520094	0.0179355363	0.011839572	0.0336932222	0.0557067037	-0.0534707653	0.0265039348	0.0294868882	-0.1163859874	0.0449427946	0.0644311485	0.0942963185	-0.0667370686	-0.0256460675	-0.046073895	0.0561816315	0.0244050268	-0.0141133723	-0.01783521	-0.1873410118	-0.0072353719	-0.0321294688	0.0689208237	-0.0719054226	0.1816140976	-0.042510129	-0.0440896364	0.0359365948	-0.0377292824	0.07645311	-0.119598254	-0.0147353168	0.1818483736	0.0792707009	0.2127341546	0.1191563946	-0.0120413003	-0.0433812343	0.063673756	0.0431542936	0.0900571318	-0.1538809104	0.0436429936	0.0552868029	0.0955369175	-0.1066799017	-0.146273101	0.0243266243	0.1217125152	0.0024619891	0.015420686	-0.0452012782	-0.0833735954	-0.0300681719	-0.0676227168	0.0109805205	0.0373249597	-0.0967235326	-0.0975190556	0.0	-0.0194093	-0.0076562	5.861739844e-05	0.00037672092649	0.037983	-2.0599999999995625e-05	4.2435999999981964e-10	0.001442708289	0.289522	0.012981	0.083822988484	0.000168506361	0.00193492	-8.546000000000009e-05	7.303411600000014e-09	3.7439154064e-06	-0.000999528	5.41020000000001e-05	9.990562227839998e-07	2.92702640400001e-09	0.000389748	3.2092000000000004e-05	1.0298964640000003e-09	1.51903503504e-07	0.0	0.0	0.0
324.7831536932682	2.4096328126137223	105484.09692294509	5.806330291624718	331.4715330420932	2.324826912128003	5.404820171354626	109873.37721727548	212.0251257712381	0.2688116642466411	0.0722597108350489	44954.65395830933	217.6917507412454	348.81511128850343	1.221011	25.359404	0.05690882	0.0250689	0.1439859271	-0.0578493434	-0.1175666149	-0.0490865445	0.0435795467	0.0657787168	-0.0773648932	0.214092912	0.0236310048	-0.0665328116	-0.004390895	0.1010727732	-0.0553337152	0.0905705569	-0.0626259551	-0.0066937986	0.0015631743	0.1915991874	0.0194113982	0.1244297043	-0.2122418189	-0.0553852773	0.0765557462	-0.1195783245	0.0430876918	-0.0873665312	0.091027236	-0.0810380336	-0.0560691562	-0.0056070082	0.0022497961	-0.0706818286	0.0203406419	0.0282829756	-0.0220684263	0.0564732673	-0.04226488	0.0080847815	0.0483280957	0.0459996981	0.0818641301	0.115984776	-0.0132297701	0.011380924	-0.0324411375	0.052496604	0.1255487344	-0.1156192817	0.1018855282	-0.0597234733	-0.0741048564	-0.0247014083	-0.0776034592	-0.0741965903	0.0368795832	-0.0268993586	0.0864340199	0.0676894837	-0.0234671511	0.0483588627	0.0915195296	0.0291204543	-0.1765805323	0.0777927236	0.025789035	0.1274875587	-0.0783200175	-0.10267368	-0.1793459037	-0.0503884726	-0.0853848193	-0.0066253045	0.030301074	0.0306154339	-0.0486868351	-0.0455220319	0.1325916131	-0.0255071512	-0.0905939008	0.0575078109	0.0154150976	-0.032755139	0.0290744719	-0.0542523405	0.062190754	0.0159172184	-0.0245888605	0.0013297889	-0.0876259947	-0.1488870981	0.0161516706	0.0141640755	0.0113291006	-0.0399100932	-0.0642204816	0.031329289	-0.0794618609	-0.1734169344	0.044336966	0.0474500144	0.0906594482	0.1309763026	0.1757861432	0.0536671628	0.1315055604	0.0201145788	-0.0444348882	-0.0593639797	-0.0028701434	0.0467165389	-0.0347060617	-0.1561121773	0.0372270021	0.1440749966	0.0386006222	-0.0418275303	-0.0728130361	-0.0092112052	0.1689354567	0.0148033372	0.0510706235	-0.0288590234	-0.0279009997	-0.0568386934	-0.066467818	-0.0758462751	0.034739154	-0.0998305046	-0.0925627242	0.0	-0.00875203	0.01065727	0.0001135774038529	7.659802912089999e-05	0.0246677	-0.0133153	0.00017729721409	0.00060849542329	0.275595	-0.013927	0.075952604025	0.000193961329	0.00191386	-2.105999999999983e-05	4.4352359999999276e-10	3.6628600996e-06	-0.000877477	0.0001220509999999	7.69965885529e-07	1.4896446600999992e-08	0.000152674	-0.000237074	5.620408147599999e-08	2.3309350276e-08	0.0	0.0	0.0
324.8823565785842	0.0992028853160036	105548.54561605434	0.0098412124550201	332.41515902557524	0.9436259834820362	0.89042999670244	110499.83794999847	211.8965113054242	-0.1286144658138823	0.0165416808165903	44900.13150340977	217.62033777019627	360.1477765263129	1.086666	22.56917	0.05049802	0.0302503	0.0728924636	-0.0492729142	-0.1000446009	-0.1186637693	-0.0080290367	0.114512721	0.0227761756	0.1207211499	-0.1258142668	0.0159044328	0.0190277713	0.0678537231	-0.0225738113	0.1124842608	-0.0220438785	0.0616695892	0.1627411741	0.063181467	-0.0174728741	0.1131007821	0.0072918687	-0.1075305319	0.0512671566	-0.0483182296	0.1096797469	-0.0655204834	-0.0637312265	0.0125101209	-0.0394446454	0.1516340464	0.0510798613	-0.0832859837	-0.1080252042	0.0931296833	-0.0216438333	-0.1031536966	-0.0104271321	-0.0037160676	0.0724327861	-0.1070123218	0.1141541124	0.1427278477	0.0312940794	0.0125647637	0.0737942599	-0.0444555281	0.0853753866	0.0109625398	-0.0529591324	0.004839615	0.0099040966	-0.0341006347	-0.0275465053	-0.1205916381	0.0413680468	0.0944598024	0.0876569173	0.0533131988	-0.0229016071	0.0877989407	0.0843335493	-0.0378800329	-0.1430055398	-0.1191410628	0.0310415645	0.0980773292	0.0609213384	-0.000538626	-0.0842909946	-0.1116203355	-0.0234423304	-0.0421928581	-0.0260615896	0.1227741312	-0.1181058446	0.0754835503	-0.0767698743	-0.1959583434	0.0127136179	0.1157130291	-0.0398561772	-0.0859088493	-0.0601419062	-0.0045318699	-0.0019031028	-0.0429958975	0.0180332825	-0.0493210976	-0.0844431411	-0.148399305	-0.0091927728	0.0083512451	-0.0173019393	-0.047695217	-0.0134711932	0.038959706	0.0945100108	0.0033845608	0.0985530881	-0.0075817653	0.1009332289	0.0346597639	0.1798253406	0.0647988583	0.091636229	0.0228279552	-0.0128983545	0.0120663879	0.0106124899	0.0939043762	-0.1364258651	-0.0408609664	-0.0596537784	-0.0096764996	-0.0417505517	-0.0347854249	-0.0856543657	-0.0248377914	-0.0030884514	0.0219833645	0.1741101172	-0.0660660544	0.1154795236	-0.0831144299	0.0273044228	-0.0193921538	0.0321356035	-0.1027335286	-0.0871810076	0.0	-0.0194069	-0.01065487	0.0001135262547169	0.00037662776761	0.0513287	0.0266609999999999	0.0007108089209999	0.00263463544369	0.2767	0.001105	0.07656289	1.22102500000005e-06	0.00197925	6.539000000000002e-05	4.275852100000003e-09	3.917430562500001e-06	-0.00105363	-0.000176153	1.1101361769000002e-06	3.1029879409000035e-08	0.000152674	0.0	0.0	2.3309350276e-08	0.0	0.0	0.0
324.79738743878994	-0.084969139794282	105493.34288706342	0.0072197547173802	331.6997587146068	-0.7154003109684481	0.5117976049337523	110024.72993132836	211.92377956457307	0.0272682591488546	0.000743557957009	44911.68834493376	217.65985053842263	354.4611508866318	1.071561	22.255444	0.0742679249999999	0.0328122	0.1146103892	0.005706629	-0.1740376375	-0.1770872865	-0.1288569655	0.1402681504	-0.0525761852	0.0289985762	-0.0970782563	0.0352133322	0.0408747325	0.1035969169	0.0490665411	0.1360027338	0.0840602894	-0.0259991324	0.1365315794	-0.011231308	0.0178821959	0.1218913844	-0.0121067191	-0.0523143551	-0.0287940239	0.0075286033	0.0942758518	-0.0643751501	-0.018983995	-0.0723936261	0.0350251418	0.0453990419	0.2094564133	0.0875895452	-0.0702319958	0.1221302145	0.0016747301	-0.0527066916	0.0412392029	-0.2062793193	-0.0920260008	-0.1895237994	-0.0306580354	0.0943710526	-0.0461318724	0.0016714183	0.022858028	0.0420571191	-0.1865187207	-0.104550055	-0.1342265281	0.0629672627	0.2539859166	0.0438979711	-0.0674444824	0.0468064572	-0.013870374	-0.0057093256	0.0016364505	0.1013335521	0.0528108333	0.1584273402	0.041465702	0.0030189545	-0.0187228673	-0.1657611916	0.077461994	0.0899779501	0.016840087	-0.1014001405	-0.0091533788	-0.0690097123	-0.0201013494	-0.1147907608	0.002566991	0.1427251685	-0.0690223083	0.0794354248	0.0567162464	-0.1638590938	0.1113495949	-0.0611447413	-0.0214884652	0.0429437023	-0.0711831834	-0.0212433969	-0.030934715	0.1051507876	0.033674641	0.0730405991	-0.1779699862	0.1611059018	-0.0123585109	-0.0202268779	0.1401092198	-0.0704940968	0.1009977108	-0.0806598153	-0.000185471	0.2114667287	0.1525589302	-0.1734889699	-0.0841539117	-0.0056883747	0.178957557	0.0585296208	0.0313452219	0.0060666673	-0.0499211193	0.1131020482	0.0444139611	0.0482427516	0.0353743296	-0.0739566843	-0.0072211437	-0.0158948478	-0.0417795456	0.0937033481	-0.1062480291	0.0495652718	-0.0628828813	0.0788862145	0.1631712444	0.0980394023	0.1362286574	-0.1605562469	0.0211342738	-0.118755221	0.0295156382	-0.1054266739	-0.0813986382	0.0	0.0013447	0.0207516	0.00043062890256	1.8082180900000003e-06	0.0346626	-0.0166660999999999	0.0002777588892099	0.00120149583876	0.279149	0.0024489999999999	0.0779241642009999	5.997600999999897e-06	0.00225216	0.0002729099999999	7.447986809999994e-08	5.0722246656e-06	-0.0012917	-0.0002380699999999	1.66848889e-06	5.6677324899999985e-08	-2.43705e-05	-0.0001770445	3.134475498025e-08	5.9392127025e-10	0.0	0.0	0.0
325.0291418512173	0.2317544124273354	105643.94305253871	0.0537101076795394	332.73824758277465	1.0384888681678603	1.0784591293085637	110714.74140445584	211.5340418531184	-0.3897377114546714	0.1518954837299247	44746.65086271685	217.34491927809887	357.035826456647	1.079393	22.41811	0.0935424449999999	0.0454738	0.0932736877	-0.0719813158	-0.0752902073	-0.0867596453	-0.0671386905	-0.0141984922	-0.1261566452	0.045341541	-0.0270884829	-0.0475208058	0.0455367472	0.0820426545	0.0435816397	0.1646519907	0.0112857745	-0.0729128497	-0.0091082079	0.059950946	0.0311479858	0.0196994994	-0.0296912523	0.0012315313	-0.0240880832	-0.0897974484	0.0550217596	0.023414532	0.0376217641	-0.0138563686	-0.0291885924	-0.0821344034	0.069558831	0.0856486914	0.0027874086	0.0147069196	-0.1224698557	0.0432314362	-0.048428581	0.0588045651	0.0105654644	-0.0717781844	0.0039027356	-0.0346648843	0.028397552	-0.1429299695	-0.0208008544	0.1158664419	0.1026425245	0.0714189053	-0.0699454423	0.0853985223	0.1556585128	0.0481079828	0.2058005274	0.2490872192	-0.0414841814	0.0103327039	0.0894896377	-0.0152632956	-0.0458435238	0.1209583808	0.0921927112	0.1186697504	-0.0043738522	0.0033251766	0.0375137135	0.0746453163	0.033723028	0.007524545	-0.0322748185	-0.0541858411	-0.0138415144	-0.0519040492	0.0452170268	0.0234819269	-0.0479839999	-0.0593147119	0.1201902991	0.029586128	0.0536765146	-0.0961770131	-0.0139183628	0.1006002659	-0.0468752356	0.0126425464	0.0243455064	-0.0783415719	0.0406016605	-0.0255824005	-0.0531036445	0.1362001342	0.1124922437	0.0220404742	0.0044493671	0.098464617	-0.2635583926	0.0282305983	-0.0045691901	0.0102696285	0.0263276806	-0.2125927956	0.0719949009	0.0324984678	0.1193635917	0.0665784067	0.0638590136	0.0902902825	-0.0357190012	-0.0104683982	0.0465958335	-0.0079856209	0.0203943146	-0.0035076524	0.0655302627	0.031660951	-0.136405884	0.058114087	-0.0250940019	0.0589991634	0.0720759841	0.086692311	0.1430201388	0.1188818435	0.1586255929	0.0117875735	-0.0309126675	0.0435999991	0.0268805962	-0.1079044385	-0.0752421898	0.0	-0.00116866	-0.00251336	6.3169784896e-06	1.3657661956e-06	0.0669037	0.0322410999999999	0.0010394885292099	0.00447610507369	0.259059	-0.0200899999999999	0.0671115654809999	0.0004036080999999	0.00181495	-0.0004372099999999	1.911525841e-07	3.2940435025000003e-06	-0.00157585	-0.0002841499999999	2.4833032225e-06	8.074122249999998e-08	2.82292e-05	5.25997e-05	2.76672844009e-09	7.9688773264e-10	0.0	0.0	0.0
325.40798617230803	0.378844321090753	105890.35746471702	0.1435230196227136	332.011904657646	-0.7263429251286198	0.5275740448843997	110231.90483439784	211.7551065578796	0.2210647047612042	0.0488696036911583	44840.22515333894	217.52732409939287	357.2533992649127	1.207623	25.081347	0.16967587	0.120765	0.0860350317	-0.0867399263	-0.0964974207	0.0323833117	0.0486571292	0.0731488932	-0.0017569071	-0.0447146393	0.0186143488	-0.0281136295	0.017878372	-0.0365939948	0.1868576762	0.1571481497	-0.0143932845	0.1399144316	-0.0676053484	0.0047547896	-0.0508804371	-0.0971306472	-0.0224646243	-0.1396963717	-0.0635462066	0.0197629246	-0.0379891472	-0.0042719601	-0.1676106355	-0.0442865929	-0.0292557659	-0.1987716592	0.0412301094	-0.1165130898	-0.0144969926	0.0268634341	-0.0477914515	-0.1305718143	0.0786953851	0.0845900866	-0.1218837806	0.0156387809	0.0709454415	0.1605806905	-0.0357805094	-0.1276113118	-0.0186120499	-0.0351514698	0.0700395081	0.1569405415	-0.000177881	0.0557932019	0.0791964935	0.1197175216	-0.0306378943	0.1155699869	0.1062673273	-0.111316053	0.060744038	0.0341457927	-0.1920012812	0.0441588132	0.1576220189	-0.0792941215	0.043465789	0.0348475238	0.0092624452	-0.0659051885	0.0970871802	0.1002238386	0.1423065981	-0.1004352052	-0.0481412054	0.0805535316	0.20665763	0.1023970807	-0.0664721693	-0.0081163467	0.1892121817	-0.0951587662	0.1174279017	0.0911429918	0.0474993643	0.0211015377	0.0547668013	0.023636882	0.1230247599	-0.0235540525	-0.0808605535	0.0299603841	0.0824878669	-0.0862083942	0.09477265	-0.0665454224	-0.0063731136	0.0100213371	-0.0091781598	0.0539757137	0.0372048238	0.032259347	-0.0190557999	-0.2541054654	0.0743699547	0.0879184861	-0.0535463285	0.0626479565	0.0323217349	0.1401132559	-0.0344828993	0.0722880128	-0.0599593633	0.1452143979	0.0230327712	0.0745065704	0.0334017125	0.1265726446	-0.0791315014	0.1368948633	0.0620601644	0.1046096767	-0.0388313363	-0.0360873676	0.0631286754	-0.0210903386	0.1352875694	-0.0704915395	-0.0594239124	0.0939941135	0.0242318235	-0.1101617605	-0.0687399551	0.0	0.0120407	0.01320936	0.0001744871916095	0.00014497845649	0.0592072	-0.0076964999999999	5.923611224999992e-05	0.00350549253184	0.143568	-0.1154909999999999	0.020611770624	0.0133381710809999	0.00221408	0.00039913	1.593047569000001e-07	4.902150246400001e-06	-0.00147404	0.0001018099999999	2.1727939216e-06	1.0365276099999984e-08	-0.000136411	-0.0001646401999999	2.710639545604e-08	1.8607960921e-08	0.0	0.0	0.0
326.5419453115308	1.1339591392227817	106629.64204783876	1.285863329426872	333.9810954167724	1.969190759126377	3.877712245828717	111543.37209578724	212.33963419596355	0.584527638083955	0.3416725596840071	45088.120250475615	217.92065730360315	361.8483017493947	1.208122	25.091696	0.0450659	0.0284861	0.0169925071	0.0692751556	-0.2000960027	0.0352117005	-0.0917889755	0.0976642035	0.0310666323	0.0427134401	0.1557686597	0.0157006677	0.0702934036	-0.0791192392	0.0417307766	0.0908207811	0.1733630623	0.0904247256	-0.0162275496	0.0111919797	0.0798805127	-0.0727242941	-0.1444259715	-0.1433501499	0.0710725227	-0.0266252622	0.0481741625	0.1426777973	-0.1113639667	0.1150175796	-0.0269206906	-0.0991134486	0.116496432	0.0227878269	0.0180675124	0.0038463413	-0.001668626	0.0616163463	-0.0291320431	-0.0603956847	0.08337618	-0.0128253607	-0.0184879401	-0.1099489193	-0.0592176152	-0.0205813428	-0.047309306	0.0550587755	0.0722968106	-0.0551419822	0.0517948326	0.1882763632	-0.0893235013	-0.1120628028	-0.1151499762	-0.0576172594	0.1328349426	0.0392974434	-0.0806398861	0.0104488777	-0.0389982263	0.1443402407	0.0101235736	-0.1199176825	0.0968080162	0.0493773767	-0.0282069766	0.0820000074	-0.0017472033	0.0782753375	-0.1010414898	-0.0927062988	-0.0744066921	0.0026157639	0.172142811	-0.0406187415	-0.0101325923	-0.1448763537	-0.0179247571	-0.0657999126	0.1135672988	-0.1051585342	0.051362679	0.0130007651	0.0141555194	-0.0738009557	0.0782241296	-0.1049271806	-0.0456539552	-0.0089687454	-0.0697341056	0.0771476051	6.01427e-05	0.0662477755	-0.1154798302	-0.1048407284	0.0475542003	0.0864269139	-0.1844781411	0.1005723236	-0.05151676	0.1647577065	-0.0531648844	0.0458988183	-0.0192957098	0.0193997732	-0.0643124062	0.0871473894	-0.0111252023	0.1512401435	0.0939430209	0.1154416496	0.1029755885	-0.0260909102	0.0036765682	0.0419102347	0.0058629644	0.2282182714	-0.0398497561	0.0873238447	-0.0009651463	0.0233224204	0.067434774	0.0761333913	-0.0426524464	-0.0178135971	-0.0708140319	-0.0822534349	0.0215706732	-0.1121940284	-0.0619218161	0.0	0.0180557	0.006015	3.618022500000002e-05	0.00032600830249	0.0616963	0.0024891	6.195618810000005e-06	0.00380643343369	0.168784	0.0252159999999999	0.0284880386559999	0.0006358466559999	0.00204064	-0.00017344	3.008143360000014e-08	4.164211609599999e-06	-0.00145078	2.325999999999999e-05	2.1047626084e-06	5.410275999999996e-10	-0.000166627	-3.021600000000001e-05	9.130066560000005e-10	2.7764557129e-08	0.0	0.0	0.0
327.45297332100694	0.9110280094761264	107225.44973676807	0.8299720340500333	333.9639231768691	-0.0171722399032887	0.0002948858232961	111531.90198368572	212.752905651561	0.413271455597453	0.1707932960116376	45263.79886318202	218.03471728194148	371.2969255944511	1.197993	24.88133	0.0835995699999999	0.0409234	-0.06594765	0.0687658014	-0.1157560193	0.0099478353	-0.1522741968	-0.0645008413	-0.0071438127	0.1169209202	0.097949296	0.0011200584	-0.1111360059	0.0469596444	-0.0235404805	-0.0489002708	0.1765456123	-0.0514603893	0.0431865905	0.134384448	0.0228683872	0.0076964644	-0.1286104071	-0.0469906896	0.0432866627	0.0602422421	-0.0521988405	-0.1265763138	0.0203915801	0.1199051223	0.0211724797	-0.1333596321	-0.0891843924	-0.1198950904	-0.0307526157	-0.1200443523	-0.068096878	-0.0801718654	-0.1281112054	-0.0026401242	-0.0217463757	0.0740639721	0.0292641764	-0.1059474491	-0.0194384639	0.0065976379	0.2452263711	-0.0219181783	0.0235959939	0.0904189464	-0.0159862309	-0.0347241766	-0.0495945402	0.1171467178	-0.0940624088	0.111041388	-0.015043131	-0.0205506492	-0.0610420051	-0.1641692642	0.0125848596	0.1317468624	-0.1656987514	-0.0069851361	-0.0511210382	0.0839248191	-0.0895766231	0.0812485739	-0.0929074393	-0.0904352427	-0.0035305115	-0.0612902394	-0.0832366096	0.1531947994	0.0210732673	-0.0094091231	0.0634066812	-0.018818459	-0.0294863697	0.0182171178	-0.0376876672	0.140710033	0.0238623231	0.0553796907	0.0031235807	0.1381052502	0.0498319379	-0.1321697774	-0.0309409189	0.0099862531	-0.0393396933	-0.0630880595	0.0042597191	-0.1804203205	-0.245644277	0.0504645402	0.0408925855	0.113437795	-0.0148579932	-0.0114146415	0.0228813917	0.0097886957	-0.0453631124	0.001073232	0.05447405	0.0165043662	-0.1425017018	0.0291737044	-0.0318163132	0.0204149172	0.0212956835	0.1067829166	0.0808981329	-0.1020687479	0.1827821592	0.0436556028	-0.0787159181	0.0637495384	0.0221830431	-0.0344926517	0.0487361351	0.0013036616	0.0009138567	0.0970560187	0.067751886	-0.0706393238	0.0624758652	-0.025032718	0.0188985047	-0.1139970903	-0.0548191066	0.0	0.00893358	-0.00912212	8.321307329440001e-05	7.98088516164e-05	0.0439159	-0.0177804	0.00031614262416	0.00192860627281	0.198313	0.029529	0.039328045969	0.000871961841	0.00194004	-0.0001005999999999	1.0120359999999948e-08	3.7637552016e-06	-0.00133423	0.0001165499999999	1.7801696929e-06	1.3583902499999996e-08	-0.000492838	-0.0003262109999999	1.0641361652100001e-07	2.42889294244e-07	0.0	0.0	0.0
328.1440403058614	0.6910669848544444	107678.51118825478	0.4775735775558128	334.0559907627386	0.0920675858694721	0.0084764403678326	111593.40496447487	213.3659153854637	0.6130097339027145	0.3757809338594768	45525.01384827687	218.61163174754253	381.0166717313168	1.112782	23.111574	0.10682287	0.0561727	-0.1460025463	0.0650251156	-0.0587390233	0.0020255915	-0.1098365144	-0.1420118119	0.0543846094	0.0993497696	0.076033611	0.041822989	0.0473231984	0.0005675676	-0.0351389226	-0.1888329553	0.1296493693	-0.0297016561	0.10051788	0.044951375	0.0380460913	0.0027924615	-0.1805906054	-0.0603664396	0.1933143608	-0.0001906714	0.0501768156	0.1270087036	-0.1183647416	0.0770317322	0.0096376026	-0.0795809997	0.107190491	0.0432904043	-0.0097589758	0.1828088086	-0.0554916855	0.1057378348	0.0007031458	0.1160518011	0.1112785465	-0.0425745203	-0.048275048	-0.156633152	-0.0104033679	0.0023281648	0.0048197543	0.1014867885	-0.0188172357	-0.1140673014	-0.0340887677	-0.0673891121	-0.0113239107	-0.0013908605	0.1170404846	0.0189043136	-0.0415049616	-0.1393102713	0.0942058858	-0.1219700082	0.0388050779	0.0017662208	-0.241467057	-0.0405871401	-0.0562269925	0.0125906339	-0.0562015436	0.080278871	-0.14297842	0.0388753843	-0.1597356728	-0.0648268401	-0.0014844549	0.0801075345	0.0659165273	0.0562902043	-0.0156844559	-0.1210340651	-0.0262802891	-0.0123952529	0.1333204305	-0.1239546216	-0.0572086313	-0.0627422933	-0.0283922674	-0.0325996299	0.1788005773	-0.1254783893	0.0930428398	-0.0626393839	-0.0404642747	0.2031217651	-0.050906134	0.074850317	0.0323006117	0.0749314585	-0.0572924767	-0.0858109513	0.004944375	-0.0740351404	0.0296035534	0.0122836377	0.0062284639	0.0016312578	-0.0031571876	0.0184147597	-0.2406765218	0.0450450378	-0.0858562587	0.036315344	0.0178491842	0.002849444	-0.0703885103	-0.0367847452	0.0780706976	0.146329363	0.0082224269	0.2283238487	-0.001957599	0.0032049671	0.1171213191	-0.0949021846	-0.0645786776	-0.0063758043	0.0925912133	-0.0116298853	0.11272396	0.0223203911	0.0162166827	-0.1155672626	-0.0474644681	0.0	0.0134433	0.00450972	2.03375744784e-05	0.00018072231489	0.0775543	0.0336384	0.00113154195456	0.00601466944849	0.163659	-0.0346539999999999	0.026784268281	0.0012008997159999	0.00238134	0.0004412999999999	1.9474568999999998e-07	5.6707801956e-06	-0.0013119	2.2330000000000093e-05	1.72108161e-06	4.986289000000042e-10	-0.000709623	-0.000216785	4.699573622500002e-08	5.035648021290001e-07	0.0	0.0	0.0
328.16705571006315	0.0230154042017716	107693.6164534117	0.0005297088305709	335.47893161381376	1.4229408510751682	2.024760665658524	112546.11355674591	213.2778805983694	-0.0880347870943296	0.0077501237387439	45487.45435253231	218.74001281476083	387.4647379783021	1.165844	24.213614	0.04508589	0.0230246	-0.1837041188	0.0285077961	0.0121971341	-0.0069421584	-0.1030167575	-0.1643493388	0.0723237629	-0.0371193186	0.0224397166	-0.0260768456	-0.0639594976	0.0527372161	0.0556472165	-0.2187591203	0.0621477539	-0.0476115904	0.0886242948	0.0744465339	-0.0028568438	-0.0463242647	0.0956021066	-0.0188629267	-0.1793544731	-0.04303757	-0.0646448763	-0.0174812752	-0.0326893824	-0.1590123977	-0.0017559918	-0.0144175416	0.0900081669	0.0616023794	-0.1832716534	-0.0172499362	-0.1127322765	0.0030002551	-0.1092997043	-0.0937017	-0.0804382752	0.0775609073	-0.0438469226	-0.0338990831	-0.0602638111	0.0637208069	-0.0138273049	-0.0287184497	-0.1421904149	-0.1001814836	-0.1772923721	-0.0191969344	0.0570054314	0.0857261959	0.0231342598	0.1303215589	-0.1410207745	0.1504404106	-0.0380400347	0.0140183187	-0.0471338879	-0.0798469402	-0.2251212062	0.0204808943	-0.0019589552	-0.0301327609	-0.0857126737	0.0591772915	0.1549519738	-0.0513477111	0.0553284551	-0.0498074875	-0.0626765338	0.0299756469	0.045736571	0.0828577963	-0.0120444398	0.1188361037	0.0794025831	0.0824077427	-0.0093226252	-0.0730476126	-0.2619838825	-0.0192090287	-0.1598265621	0.1784880931	0.0022457121	0.0424361283	-0.0124795603	0.0266319959	-0.0285744805	0.0927425598	-0.1023998586	-0.0120032276	0.0704676498	-0.0121497259	0.0141539667	-0.0851492198	0.1055015173	0.1326605075	0.016651338	-0.0251308275	-0.0436070733	0.0861751898	-0.0422634878	0.026487287	-0.1951954696	0.0555615426	-0.036130128	-0.1037118429	0.0991283423	0.1011997021	0.0287775118	0.0838671951	0.0369845662	-0.0271924374	-0.1212103502	0.1282034556	-0.126810878	0.0232034022	-0.0457764918	-0.0595123399	0.0769152941	0.0092541221	-0.0387076706	0.0688224305	0.0281813344	0.0351173444	0.0135265772	-0.1169013377	-0.0398916998	0.0	0.00880641	-0.0046368899999999	2.1500748872099997e-05	7.755285708810002e-05	0.0725071999999999	-0.0050471000000001	2.547321841000111e-05	0.0052572940518399	0.145337	-0.018322	0.021122843569	0.000335695684	0.00238134	0.0	0.0	5.6707801956e-06	-0.00109615	0.00021575	1.2015448225e-06	4.65480625e-08	-0.000583775	0.000125848	1.5837719104000005e-08	3.4079325062500005e-07	0.0	0.0	0.0
327.53091777013344	-0.6361379399297107	107276.50209534592	0.4046714786180162	335.1174378764034	-0.3614937374103419	0.1306777221868972	112303.6971688451	212.90062601189865	-0.377254586470741	0.1423210230132098	45326.67655625834	218.40829971934767	382.54064218643583	1.053386	21.877954	0.09165818	0.0468184	-0.1361726407	0.0269611847	0.0364888821	-0.0684799277	0.0005733228	-0.1633518548	0.0874413099	-0.0016417072	-0.0919575646	0.0606756555	0.1678373145	0.0848908793	0.0294499505	-0.1469085282	-0.0060717426	-0.060408058	0.078363515	0.0465988626	0.0688018418	0.0933555865	0.008456995	0.002702481	-0.0882176509	0.2395343114	0.0122616656	-0.0204065847	0.0175905532	-0.0359662487	-0.0015102864	0.0910678563	0.0768406358	-0.1334317882	0.0363281561	0.0970964255	-0.0997861347	0.1721246243	0.0295418875	-0.0032106917	-0.0613060861	0.0933314643	0.161243743	-0.1753809029	-0.0806791408	0.114009816	0.0401747039	0.039938065	0.0390839915	0.0608076355	-0.0233262072	-0.006047764	0.0217078316	0.0804719615	-0.0616991462	-0.0107029624	-0.0183950329	0.167629005	0.0388126391	-0.1090059127	-0.0211547123	-0.074557954	-0.1382852454	0.0530714928	-0.0587250327	-0.0439666412	-0.0199239066	0.0744347628	-0.0676025367	-0.0972634696	0.1538079149	-0.0937074728	0.1014117076	-0.0292677609	-0.0218775485	0.0715780002	0.0369277942	-0.0042742131	-0.0011056943	-0.0108727435	-0.1038352665	-0.05275383	-0.218298468	-0.0819887256	0.1429014598	-0.0823421866	0.1546575781	0.0719544356	0.1158657761	-0.0276806261	-0.0967687508	0.0096717276	0.1533118138	-0.0969425432	-0.0684178479	-0.0792129693	0.0260307725	0.1211767836	0.0307007535	0.0897469835	0.0110076952	0.1350947288	-0.0547043693	-0.0830153978	-0.0087584969	0.007752147	-0.1412028441	-0.0096225033	-0.0601418705	-0.0484724433	-0.0629068703	-0.0057830278	0.0255938923	-0.0088162002	0.1326811771	0.0337672561	-0.1086990729	0.0983728065	0.008979149	0.0522089899	-0.1457571778	0.049487148	0.1030910348	0.0536213622	-0.0462691732	0.0950178152	-0.0491985835	-0.1283988281	0.0108295624	-0.1179965901	-0.0321356035	0.0	0.00793808	-0.00086833	7.539969889000009e-07	6.30131140864e-05	0.044238	-0.0282691999999998	0.0007991476686399	0.001957000644	0.167211	0.021874	0.027959518521	0.000478471876	0.00187391	-0.00050743	2.574852049000001e-07	3.5115386881e-06	-0.00126365	-0.0001675	1.5968113225e-06	2.805625000000004e-08	-0.000445772	0.000138003	1.904482800900001e-08	1.98712675984e-07	0.0	0.0	0.0
326.4129629416928	-1.117954828440645	106545.42237637492	1.249822998433752	335.0078597689936	-0.1095781074097885	0.0120073616235111	112230.26610700168	212.4673849674693	-0.4332410444293657	0.1876978025782476	45142.3896749148	218.14157814137027	377.8311740260164	1.088092	22.59878	0.12877919	0.07539	-0.0774004175	-0.0129174496	0.1217367416	-0.0555236226	0.1001081709	-0.1502087204	0.0185337758	0.0232586795	-0.1479077842	0.0220653334	0.0724748158	-0.0962773976	-0.0499310878	-0.0427405532	-0.0489535838	-0.0516613682	0.0056311058	0.1188045662	0.0581485289	-0.0420638808	0.0392422118	-0.0372610224	-0.075347013	0.0860064032	-0.0247321577	0.1253053891	0.04508568	-0.0476974281	0.0773921173	-0.0498341506	-0.1334090673	0.0296067596	0.0671586042	-0.0168460715	-0.0820113972	0.0495409996	0.0333529787	0.044778589	0.0158356295	0.0135152043	-0.0299289188	-0.0332830075	-0.0903701402	0.2201558591	0.0434580857	0.178427064	0.05660401	0.0593777959	0.0195605847	0.0350565386	0.0032993086	0.1061890995	0.0710110128	0.0795736384	0.1250776921	-0.0401996341	-0.0104121885	0.0866517905	0.0582037536	-0.0722949508	-0.013571285	0.0839423434	-0.0937411983	0.0403230032	-0.0927155099	0.0695770877	-0.0624658448	0.1020844566	0.1077567799	0.0360710084	0.0784027491	-0.1027053652	0.1161794387	-0.1044345976	0.0068888478	0.052706354	-0.0312998697	0.0618568255	-0.0868417399	-0.0579374577	-0.0146391346	0.06202939	0.0803921937	0.0694515063	0.1113997132	-0.0197443679	0.0730050866	0.1581375506	-0.0864612127	0.1511472291	0.1229355492	-0.0630979872	0.0478519345	-0.001973864	0.0273014701	0.1670558423	-0.0013118362	-0.0872391276	-0.0447323584	0.0118688814	0.0193418671	-0.0533280302	0.0335085244	0.0393673791	-0.0654493266	0.0788971942	-0.0466310414	-0.0836676903	-0.0120258614	-0.0966308335	-0.113149837	0.1022583077	0.0625152104	0.0266688605	0.0011682974	0.0012713334	0.0546938069	0.044594202	0.010662099	0.0831204792	0.0600405472	0.1596639607	-0.0299425398	-0.002754542	0.1196817267	0.0107588779	0.0081270158	-0.1188507821	-0.0242318235	0.0	0.00403229	-0.00390579	1.52551955241e-05	1.62593626441e-05	0.0988184	0.0545804	0.00297902006416	0.00976507617856	0.212724	0.045513	0.045251500176	0.002071433169	0.0014854	-0.0003885099999999	1.509400200999999e-07	2.20641316e-06	-0.00128718	-2.3529999999999905e-05	1.6568323524e-06	5.536608999999956e-10	-0.000362212	8.355999999999999e-05	6.982273599999999e-09	1.31197532944e-07	0.0	0.0	0.0
325.4106272018897	-1.0023357398030726	105892.07629592724	1.0046769352865728	333.4026368353205	-1.605222933673133	2.5767406667901795	111157.3182487446	211.68948522534288	-0.777899742126408	0.605128008800332	44812.43815497066	217.3365889397137	368.1119701555547	1.141546	23.708963	0.0969880999999999	0.0603191	-0.0013137767	0.0072617754	0.0530852797	-0.0827791672	0.082865945	0.0242807774	0.0285122888	0.1303456946	-0.1249487624	0.0498650085	-0.0686324884	-0.1887542823	0.0979293426	0.1201997042	-0.0659630876	0.0066024511	0.082722865	0.0784266659	-0.0168471792	0.0734918626	0.030065552	0.1103728434	-0.0357042182	0.0045720238	-0.0026818158	-0.013955062	-0.0364103698	-0.055410197	0.0008061088	-0.0325613174	-0.1164934395	-0.0340034813	0.0114172717	0.0173901189	0.0180498867	0.1098108225	0.0402994481	0.123160913	-0.1575168442	-0.0142693023	0.0695161749	0.0219835729	-0.0412941467	0.1349594486	0.1423893745	-0.0949180236	0.1383991767	-0.1807042104	0.0336607633	-0.2181353081	0.1785800742	-0.0792759579	-0.0560811097	-0.1547630463	-0.0884250418	-0.0025237059	-0.2469340855	0.0750293478	0.0580312006	0.0477509404	0.1101197407	0.0335500738	-0.1588486168	0.0076406627	-0.0599932505	0.0098466402	0.0193867834	0.0028835885	-0.0047532881	0.1453778009	0.117214703	0.0542281505	-0.0158045863	-0.0644241797	-0.0474402608	0.098016783	0.019751791	0.1217641813	-0.0408523482	0.0543310338	-0.0888447768	-0.0254693658	0.0514751459	-0.1182615897	0.1057232746	0.0157010865	0.169508819	0.033957733	-0.0387017173	-0.0336021949	-0.063801421	-0.1675346348	-0.0210874048	-0.2669976899	0.1112759026	-0.0864186798	-0.0277046216	-0.1087503095	0.0468064208	-0.0510088064	-0.002116676	-0.1104430073	0.0922442324	0.0621543688	0.0193544281	0.0489834494	0.032603301	-0.0023918636	-0.0043780778	0.0673557182	-0.0580765721	0.1299764686	-0.0598702277	0.0133684796	-0.0150924098	-0.0434874884	0.061199536	0.0241906952	-0.061469287	-0.0203895923	0.0832303638	0.0551411294	0.0841651332	-0.0602924109	0.0366892935	-0.0103257816	0.0054203179	-0.1194621689	-0.0162166827	0.0	0.00316809	-0.0008641999999999	7.468416399999997e-07	1.00367942481e-05	0.0691188	-0.0296996	0.00088206624016	0.0047774085134399	0.263632	0.0509079999999999	0.0695018314239999	0.0025916244639999	0.00138246	-0.0001029399999999	1.0596643599999986e-08	1.9111956516e-06	-0.00122581	6.137000000000004e-05	1.5026101561e-06	3.766276900000005e-09	-0.000216196	0.000146016	2.1320672256000006e-08	4.6740710416e-08	0.0	0.0	0.0
325.2546004552692	-0.1560267466205118	105790.5551173168	0.0243443456609814	332.78914421335605	-0.6134926219644399	0.3763731972048031	110748.61450625789	211.5707690255684	-0.1187161997744681	0.0140935360888914	44762.19030607042	217.0308654950455	362.4252357417796	1.174495	24.393291	0.048202015	0.0227201	0.0193533823	0.1524922137	-0.0332875612	-0.0799276395	-0.0730688322	0.1134206036	0.0255653848	0.0642990217	-0.0471040723	0.129092283	0.0790613115	0.0254320264	0.003412131	0.192135112	0.1029456026	-0.0263627002	0.0552999195	-0.0556158362	0.0725828175	0.0579857513	-0.0251211081	-0.0449435802	0.0279765572	0.1122460831	-0.0761564968	-0.0307260683	0.0058374699	-0.0483572131	0.0295191556	0.0125146071	-0.0416622144	0.0132056553	-0.0616221111	0.1017687869	0.0198025841	0.030254542	0.1446362128	-0.0564060896	-0.0226090902	0.0146025931	-0.0270889514	0.0062285369	0.114082977	-0.1238710703	-0.0391679576	-0.0022360434	0.0084159063	-0.1291639702	-0.114635978	-0.0255824147	0.052110432	-0.0585197905	-0.0244815441	0.0050152189	-0.0222165346	0.0408708798	-0.0066916546	-0.0842947005	0.0436946043	0.2058441461	0.0751384634	-0.0261977953	0.0097060361	-0.0556545686	0.0054648508	0.0419119057	-0.1769757445	-0.0427335375	0.042563673	0.0159459675	-0.0018269927	-0.0693109481	0.0323564172	0.0521647315	-0.0141563149	0.1318710614	-0.0826754406	0.0269937197	0.0221857844	0.0625775327	-0.0243357996	-0.0273429996	0.0136141291	-0.0568052331	0.0074531779	0.0524183858	-0.0587516234	-0.0821999223	-0.0226545587	0.0608490074	-0.0049569891	-0.0258886331	-0.0238444269	-0.1031192575	-0.1216239942	-0.1215664352	-0.0551155034	0.0739833614	-0.0865163883	0.0024538678	-0.0622342398	-0.0145504468	0.1014836952	0.0185307648	-0.0513542469	-0.0330807859	-0.028219159	0.1426483914	-0.0119324924	-0.0670655185	0.06398179	0.0221170381	-0.0436255528	-0.0099878262	0.0536364146	-0.0340680839	0.0516302143	-0.026262234	0.0335626298	0.0798761411	-0.0112616235	0.1613518169	0.0588735884	0.0776732449	0.0801041842	-0.132139423	0.0027108513	-0.1198295012	-0.0081270158	0.0	0.00951102	0.00634293	4.02327609849e-05	9.04595014404e-05	0.0528245	-0.0162942999999999	0.0002655042124899	0.00279042780025	0.259159	-0.004473	0.0671633872809999	2.000772900000004e-05	0.00116044	-0.00022202	4.929288040000003e-08	1.3466209936e-06	-0.0012815	-5.5690000000000166e-05	1.6422422500000005e-06	3.101376100000018e-09	-7.20703e-05	0.0001441257	2.077221740049e-08	5.19412814209e-09	0.0	0.0	0.0
325.69520234019245	0.4406018849232396	106077.3648274189	0.1941300209979116	333.2095237567539	0.4203795433978712	0.1767189605074026	111028.58672220276	211.60580273678428	0.035033711215874	0.0012273609215572	44777.01575187886	217.1388046070849	365.194125258622	1.377292	28.605232	0.1763871349999999	0.101882	-0.0066998368	0.0699772652	0.0983725852	0.1329200929	-0.0065084816	-0.0999264633	-0.072673187	-0.0326357182	0.0892488683	0.0168213731	0.1011755987	-0.044814692	0.075231549	0.1444965191	-0.0133042165	-0.0849790066	-0.1312584655	0.0339035171	0.0597178874	-0.0911955003	0.1590029329	-0.0628354506	0.0830498258	0.0134056148	0.0458412278	0.0096739307	-0.1552832904	-0.0305860272	0.0573026624	-0.0260615879	0.0448450936	0.04900714	-0.0297642033	-0.0915369971	-0.029768647	0.091262866	0.0368387607	0.0818316524	0.0020472012	-0.2078850687	0.0063956264	-0.1696798899	-0.0589089503	0.097454272	0.1755575282	0.0364592452	0.1025400486	-0.0303752525	0.0223937642	0.036715432	-0.0723971277	-0.0509685108	0.2507744606	-0.0287202256	-0.0839947418	-0.0498801171	-0.0524797067	-0.1636313275	0.0129048375	0.0676480605	0.1066501867	0.1228491321	0.0990996503	0.1548926466	-0.0418904659	0.0180931928	-0.0419601178	0.2094079374	0.0518211156	-0.0437024863	0.1286647028	0.1426228228	-0.0043624579	0.0406356307	-0.0569816024	0.1090908964	-0.0116598176	-0.0448435854	0.0382402298	-0.08752143	-0.1016502702	0.0434500948	-0.0454524151	-0.0398412377	-0.1721752804	-0.1210250871	0.2568840892	-0.0875565751	-0.0701206771	0.1532712266	-0.0595248642	0.0451931515	-0.1313741083	0.0294102352	0.0094927313	0.0642768066	-0.0581084634	-0.119796696	0.0015121189	0.0123136536	0.0503539928	-0.0446835609	-0.0493273281	0.0405080182	-0.0501728488	0.1293941603	0.0151065111	-0.0385256852	-0.0069256873	-0.0767998556	0.063764261	0.112791317	0.0455977448	0.1533498459	-0.016941522	0.1278363074	0.1109686229	0.1203926691	0.0969525704	0.0328541795	-0.0035049576	-0.0254212726	0.0251573924	0.011787701	-0.0775104786	-0.0697213357	0.0	-0.1199520288	-0.0	0.0	0.00494142	-0.0045696	2.088124416e-05	2.44176316164e-05	0.0951716	0.0423470999999999	0.0017932768784099	0.00905763344656	0.172635	-0.0865239999999999	0.029802843225	0.0074864025759999	0.00151301	0.0003525699999999	1.243056049e-07	2.2891992601e-06	-0.00151347	-0.0002319699999999	2.2905914409e-06	5.381008089999999e-08	-0.000346459	-0.0002743887	7.528915868769e-08	1.20033838681e-07	0.0	0.0	0.0
326.321396788505	0.6261944483125603	106485.65400200093	0.3921194870974718	333.801109601655	0.5915858449010898	0.3499738118873363	111423.1807712961	211.94243324681327	0.3366305100289821	0.1133201002823726	44919.5950105799	217.6894577875661	366.435633077341	1.245204	25.861872	0.10999866	0.0790754	-0.015132553	0.0479143506	0.0474057086	0.222639564	0.1081696794	0.0314700009	0.0856298318	-0.1870205052	0.0907058819	0.1128839948	0.0018825981	-0.1448811499	0.1946458533	0.1030847929	-0.0022959142	0.1348763552	-0.1320151251	-0.1271418806	0.1025339093	-0.1938195898	0.1374220851	0.0002974118	0.0252592206	-0.0871666521	-0.0075148072	0.0044310388	-0.1298533748	0.1453245303	-0.0388723651	0.0038224537	0.0236052225	0.0802795464	0.0331848252	0.0157908885	-0.0888116497	-0.0754915462	-0.0283354169	-0.068999031	-0.1015112432	0.0640995736	-0.0391275178	0.091057585	-0.0808811939	0.0542458821	0.1413704022	0.019418902	-0.0337069771	-0.0135182105	0.1020442473	-0.0106752088	0.0443651732	0.1023465268	-0.1055093946	-0.002913542	0.0153200436	0.0914354331	-0.0721801305	-0.0202132483	0.1551796731	-0.0416283314	0.1739248901	-0.115622905	0.2137925049	0.0410193527	-0.0146856744	-0.0456324054	0.0898123371	0.1955331395	0.0987398211	-0.0101453061	-0.0754121582	0.0382603936	-0.0248409605	0.0856854053	-0.1598029191	-0.0445443625	-0.0790379425	-0.0249087765	0.1503012663	0.0069278273	-0.0054235652	0.0759971382	0.0658794275	0.0994445899	0.0180337481	0.0311788896	-0.0221292051	0.152390122	-0.0402411211	-0.0338887024	-0.0662020419	-0.1099969312	-0.0463726674	0.0162835439	0.007658143	-0.0892913839	0.0732971194	-0.0900730032	0.182800107	0.0070445119	-0.1888785302	-0.0205538651	-0.1760277421	0.0612202748	-0.0413731076	0.1717188372	0.0770211001	0.0775528943	-0.0543691592	0.1090945159	0.086831319	0.1246666765	0.0493019127	0.0281239108	0.0008921399	0.0284507377	0.1200243899	0.0723354605	-0.0918431312	-0.0608301264	-0.0087503943	-0.1311133768	-0.0678913866	-0.1934363231	-0.063621665	0.0919934623	-0.0027108513	-0.1198295012	0.0081270158	0.0	0.00904353	0.0041021099999999	1.6827306452099994e-05	8.178543486089999e-05	0.102807	0.0076354	5.829933316000001e-05	0.0105692792489999	0.0942195	-0.0784155	0.00887731418025	0.00614899064025	0.00138287	-0.0001301399999999	1.6936419599999985e-08	1.9123294369e-06	-0.00143609	7.738000000000016e-05	2.0623544881e-06	5.987664400000024e-09	-0.000157066	0.000189393	3.5869708449000005e-08	2.4669728356e-08	0.0	0.0	0.0
326.5982614854237	0.2768646969186648	106666.42440530118	0.0766540603998641	333.174423574584	-0.6266860270710026	0.3927353765260374	111005.19652425632	212.44374368567216	0.5013104388588943	0.2513121561088972	45132.34423118357	217.9729111863465	365.5472498801576	1.208099	25.091217	0.12491427	0.0603142	-0.0233461845	0.1432742831	-0.032586799	0.135296895	-0.0804075912	0.0882879765	0.0180089233	-0.1449897521	0.1310717907	0.0574191131	-0.0262231452	-0.1512433707	0.0103102753	0.0086843397	0.1580606653	0.0493771058	-0.0223049966	-0.1191468563	0.0477908801	-0.1860580079	0.0868834933	0.0063873422	0.028301346	-0.0661318564	-0.1231664051	0.1783723801	0.038258531	0.2274179503	-0.0258897626	-0.2179751063	-0.0683078415	-0.0122951932	-0.0212550684	-0.0147956494	-0.1151444321	-0.0460875729	-0.0638591669	0.1239840631	-0.0352887223	-0.0584685803	-0.061375919	0.0388666595	-0.0695650594	0.016178416	-0.2123483145	0.0096262509	0.0661875289	0.0004272622	-0.0967396348	-0.0877152025	0.1939008612	-0.0448354927	-0.1415711372	-0.1002579574	-0.0502162703	0.0591712186	0.0968654194	0.1025202169	-0.0506468173	0.068865758	-0.0275401734	-0.1213130373	0.192664201	-0.0257996597	-0.085749613	-0.0794072328	0.0314951926	0.1331043807	0.0632794212	0.1324328323	-0.1330566195	-0.0310047485	0.0405522904	-0.0666421011	0.1237562118	-0.1365297086	-0.057621779	0.0876460319	0.1429169371	0.0195399093	0.1159970544	0.1309550316	0.028127971	-0.0029093616	0.1155378139	-0.2432667643	0.0089766493	0.0566827801	0.0292623605	-0.0168047809	0.140289061	-0.0228906436	0.11841098	-0.3080236594	-0.0504695103	-0.0865593205	0.0837505539	0.0372509329	0.0549145562	0.0680225586	0.0298067421	0.0170973243	-0.1228829891	0.0277160551	-0.0873177681	0.1281701891	0.128720104	0.1866793287	0.0544570238	-0.0296999418	0.0147228433	-0.0647822209	0.0965427117	-0.1358199947	0.0747523219	0.0337081918	0.0590395865	-0.0084382383	0.0498088313	0.0012958685	-0.0564381446	-0.0371460441	-0.1628883055	-0.1239139715	-0.0821076776	0.0976575193	-0.0054203179	-0.1194621689	0.0162166827	0.0	-0.00555233	-0.0145958599999999	0.0002130391291395	3.08283684289e-05	0.125932	0.0231249999999999	0.0005347656249999	0.0158588686239999	0.137611	0.0433915	0.018936787321	0.00188282227225	0.000911799	-0.000471071	2.21907887041e-07	8.31377416401e-07	-0.00122265	0.0002134399999999	1.4948730225e-06	4.5556633599999945e-08	3.44612e-05	0.0001915272	3.668266833984e-08	1.18757430544e-09	0.0	0.0	0.0
327.82139467561046	1.223133190186786	107466.86680706235	1.496054800936505	334.53119376964366	1.356770195059653	1.8408253622022088	111911.11960494288	212.80690249727485	0.3631588116026876	0.1318843224446763	45286.777750484645	218.41519027385064	372.3159795330853	1.26818	26.339054	0.0972722599999999	0.0556235	-0.0747629371	0.006567976	-0.0213285062	0.1019857932	-0.1054590735	-0.0568173556	-0.0251921584	-0.109697685	0.1591346535	-0.1152000748	-0.1927295136	-0.0629636188	-0.0521952648	-0.0933421439	0.0949915245	-0.0200533712	-0.0381217163	0.050058028	0.032352103	-0.2090690401	0.0523121244	-0.0506755349	-0.2280213211	-0.0044994898	-0.1595424673	0.0031333354	0.1101450649	0.0773888409	-0.0223166162	-0.004458647	0.0637044902	-0.119334533	0.1090421359	0.128873581	-0.0403307201	0.0224994883	-0.0338934314	0.0402934002	0.0496360299	0.0371895233	0.1383735529	0.1377305489	-0.0101660611	0.0797871814	-0.149699358	-0.1059829289	-0.0341424585	0.1085248386	0.1106853492	-0.0278484246	0.0653746671	-0.1922120265	0.0049817671	-0.1124263937	-0.0137772757	-0.0905770422	0.0047831664	-0.0569045558	0.0252706863	-0.0179928275	-0.1114749247	0.0031057006	0.13543859	0.0558253137	-0.1412449438	-0.00890455	0.1659468653	-0.0178635841	0.0823207882	-0.0318182728	-0.1617151769	-0.0684344812	0.05181157	-0.103862743	0.0551202398	-0.0077190853	-0.0555371039	0.0324665095	0.0684232593	0.0141157742	-0.0992397607	-0.0559665076	0.0954423324	0.0579823703	0.0285257289	0.0475550283	0.0975511057	0.00702326	0.1770901822	-0.2072509182	0.2050217387	0.0896325493	0.1201560043	0.0041962862	-0.0004595567	0.0490691356	-0.1378266841	-0.0334058307	0.0013839761	-0.0040981693	-0.0737160316	-0.0078028312	-0.1019011446	0.022593821	-0.0524662207	0.027830667	0.1350016236	-0.0417366889	0.0855758274	0.0913632896	0.1302064256	-0.0394697472	0.1238616232	-0.1335542341	-0.156150973	0.0337999787	0.013106598	-0.0436449005	-0.0034358955	-0.0298510443	-0.0423042838	-0.1025422225	-0.2248862836	0.0759197312	0.0311076161	0.0869361065	-0.0081270158	-0.1188507821	0.0242318235	0.0	-0.0192602	-0.01370787	0.0001879056999369	0.00037095530404	0.0765691	-0.0493628999999999	0.0024366958964099	0.00586282707481	0.157961	0.0203499999999999	0.024951677521	0.0004141224999999	0.00108153	0.000169731	2.8808612361e-08	1.1697071409e-06	-0.00123041	-7.759999999999885e-06	1.5139087680999995e-06	6.02175999999982e-11	0.000134	9.95388e-05	9.907972705440004e-09	1.7956000000000002e-08	0.0	0.0	0.0
327.8247206067825	0.0033259311720144	107469.047440915	1.1061818160977128e-05	333.7244570673271	-0.8067367023165843	0.6508241068646372	111372.01324488224	213.07578957540943	0.2688870781345827	0.0723002607877531	45401.29210318416	218.48338262581493	377.324197815246	1.206322	25.054308	0.0308407199999999	0.0154237	-0.0833368874	-0.1388990841	0.0560071213	-0.0020463069	0.023161085	-0.1136816047	0.0229913016	-0.031591248	0.0174225733	-0.1430736214	0.0145666816	0.0512455857	-0.2136030657	-0.1584678316	0.0102175104	0.0650840947	-0.0719388562	0.0513262739	0.0257793059	-0.0909283217	0.0444522517	-0.1972601858	-0.0477166277	-0.0150519626	-0.1059370997	0.0526984141	-0.0432786242	-0.0847921906	-0.1089391829	-0.002515016	0.066897084	0.1303670616	0.0283030737	-0.0900547144	0.0216497778	-0.0514118631	-0.0655724538	-0.0236695521	-0.17817607	-0.1042913587	-0.0588225851	0.0302908456	-0.058827716	-0.1215853574	-0.0683936341	-0.1036251668	0.0699526882	-0.1175268293	0.0093603294	-0.2085528952	-0.0960649607	0.0297686174	-0.0158023355	-8.57079e-05	0.1764476211	-0.1066575317	0.0089873147	-0.0041859591	0.06624328	-0.1003201582	-0.1118109653	-0.0434184644	0.0090642858	0.0770555904	-0.0139544187	0.016997404	0.0292126133	0.060092797	0.1031658473	-0.174239278	-0.1248024351	-0.0462865249	0.1095820841	0.0230009909	0.0502431381	-0.0083646928	0.0121854164	0.1098634505	-0.0123969462	-0.0977237227	0.069491488	0.0120927333	-0.0740358862	0.0299581968	-0.1963051132	0.0159738059	0.0784825895	-0.0452845656	0.1058202076	0.0028710858	0.0128214227	-0.078738295	-0.0680670846	-0.0892003312	0.1238679646	-0.1876073598	-0.0852197898	-0.1491328884	-0.0758140904	-0.12770492	0.0638860798	0.0315632639	-0.0844750608	0.01682596	-0.0413138927	0.0215597746	0.0812578715	-0.0411762809	-0.1093008596	-0.0511350954	-0.0998339871	-0.0857344896	0.1959445052	-0.106992617	-0.1170144992	0.0720193432	0.0984511266	0.0014048224	0.0467943512	0.0266055775	-0.0234946694	-0.0142547585	-0.1537027195	0.016563773	0.0649813258	0.0240913345	-0.0108295624	-0.1179965901	0.0321356035	0.0	-0.0193038	-4.359999999999781e-05	1.900959999999809e-09	0.00037263669444	0.0839976999999999	0.0074285999999998	5.518409795999846e-05	0.0070556136052899	0.163909	0.005948	0.026866160281	3.5378704000000107e-05	0.00121096	0.00012943	1.6752124900000012e-08	1.4664241216000002e-06	-0.0012175	1.2909999999999876e-05	1.4823062500000002e-06	1.6666809999999676e-10	-7.207039999999998e-05	-0.0002060703999999	4.246500975615999e-08	5.1941425561599975e-09	0.0	0.0	0.0
327.162221088723	-0.6624995180594624	107035.11890770648	0.4389056114290199	333.9780282740728	0.2535712067457325	0.064298356890487	111541.32336983738	213.02792701386568	-0.0478625615437522	0.0022908247975294	45380.89768782488	218.6556897396733	375.04202085983854	1.163912	24.173494	0.04866067	0.0304699	-0.045594332	-0.2142629001	0.0438077702	0.0140889862	0.1442683113	-0.0602249388	0.0628843071	-0.0636486396	-0.0333361505	-0.0819318165	-0.1831397391	-0.158272639	-0.09030078	-0.1632638617	-0.0728827718	0.1171161483	0.0021008269	0.0607221464	-0.037577769	-0.192860854	0.1122139886	0.012369339	0.0279682323	-0.0948062852	0.0379552408	0.0495156198	-0.1062647834	-0.1634450368	0.0643016239	0.0103200619	-0.0326211402	-0.0007600251	0.2058902891	0.0428447943	-0.0345048171	0.0534375758	-0.0784504157	0.0127143296	0.1080386584	0.049722116	-0.0417168621	-0.1226926608	0.0226067254	-0.0642962033	-0.037641084	-0.1538152846	-0.0342387159	-0.1296631829	0.0684339243	0.0492519392	0.051276825	-0.0206686366	0.0253548205	-0.0617806963	0.1275705284	0.0434222559	0.0879036031	0.127161626	-0.0359294378	-0.1911172423	-0.0523926938	-0.0639231	-0.0494893207	0.0357770031	-0.122241041	-0.0568609468	0.140178521	0.2411780749	-0.0136541903	0.0647647397	0.0304133872	-0.0421076098	0.0326517455	-0.0031804569	-0.0216171834	0.0633148751	0.0867854253	0.0412431576	-0.0418044709	-0.1523682519	0.1118140768	-0.1084760272	0.1600385114	0.0163491706	-0.045112876	-0.0164605208	0.0024245238	-0.0839892062	0.0677030439	0.0077429738	-0.0354702704	0.1515057946	-0.0527925917	0.0614322809	0.0488704919	-0.007707674	-0.1631762195	0.085191618	0.1766884312	0.0047884899	0.0998172079	0.0086040537	-0.1019578914	0.0447870325	0.0484672733	0.0951909565	0.1355814221	-0.065854716	0.0407215355	0.1091753978	-0.1143531203	0.0897449092	-0.0014019924	-0.0874996167	-0.1631850568	0.070850552	0.0345723343	-0.0318980195	0.2068274561	-0.054545178	-0.064086551	-0.0453133359	-0.1262464188	-0.0050248682	-0.0276331906	0.0431896577	-0.0135265772	-0.1169013377	0.0398916998	0.0	-0.0192324	7.139999999999924e-05	5.097959999999892e-09	0.00036988520976	0.109011	0.0250133000000001	0.00062566517689	0.011883398121	0.170772	0.006863	0.029163075984	4.710076900000011e-05	0.00121096	0.0	0.0	1.4664241216000002e-06	-0.00120511	1.2390000000000144e-05	1.4522901120999998e-06	1.5351210000000356e-10	0.000249799	0.0003218693999999	1.0359991065635997e-07	6.2399540401e-08	0.0	0.0	0.0
326.6089096824546	-0.5533114062683921	106673.3798839618	0.3061535123067057	333.5820758569252	-0.3959524171476118	0.1567783166450364	111277.0013330154	212.5390186744824	-0.488908339383272	0.2390313643185087	45172.83445911198	218.13349670592555	370.25010112504	1.207939	25.087904	0.0613655499999999	0.035439	-0.0026299156	-0.1723557594	-0.070136125	-0.0791290798	0.0521100243	0.0954313013	0.1054768818	-0.0738600069	-0.0938980572	0.0487992989	-0.0492738033	-0.025052352	0.0166196049	-0.0598993629	-0.0494393645	0.1195946647	0.0963485698	-0.0463374808	0.0117716361	-0.0823621969	0.1480724038	-0.0621125735	-0.0171121639	-0.030328509	-0.1659213093	-0.0667334209	0.0046437125	-0.0972668354	0.003976944	-0.1170206758	0.0372226982	0.0273034971	-0.0530042603	-0.003512417	0.0402660511	0.0008278107	-0.1417391014	-0.2267561305	0.1660822992	0.1382116389	0.0044029327	-0.0327762722	0.1556903606	-0.0609087477	0.0276194818	-0.109900016	-0.0617538704	-0.0318809647	-0.0200533659	-0.0870810265	-0.0891630041	0.095389117	-0.1238158099	-0.0186397171	-0.0970691992	-0.0099935461	-0.0206212613	-0.0134190403	-0.1065069368	-0.0766972732	0.0010109986	-0.1216691492	-0.0301180955	-0.1056008749	-0.093101495	-0.0462654804	0.0376926479	0.0031773015	0.1611631729	0.0130448317	-0.1709217315	0.0226927839	-0.0420355724	-0.0288717552	0.0573829458	0.084791508	0.030250179	0.1321167059	0.0309251762	-0.1150692107	0.0271522704	-0.1655697907	-0.1321800509	0.0865052578	0.0290623503	-0.0120366809	-0.2360114157	-0.0684282099	-0.0447700409	-0.1072159727	-0.2010800596	-0.0360143505	-0.0436755241	-0.0892085966	0.0292225975	0.0394169848	-0.0486386583	-0.0165979374	0.0172914134	0.0354865722	-0.0763176166	-0.0337190445	-0.0503497905	0.0437786932	0.0618705684	0.0299686399	0.0775842042	0.1136090549	-0.1237231794	0.0447559302	-0.1172098667	-0.0264525823	0.1011158569	-0.1773349928	-0.1550652472	-0.0602439368	0.0603662992	-0.0156521819	0.0285360156	0.0001198824	0.005052088	-0.0065709485	0.0353783994	0.1042249487	0.0185797102	-0.0013780182	-0.0162166827	-0.1155672626	0.0474644681	0.0	-0.0192365	-4.099999999999937e-06	1.6809999999999484e-11	0.00037004293225	0.104737	-0.004274	1.8267076e-05	0.010969839169	0.200599	0.0298269999999999	0.040239958801	0.0008896499289999	0.00100806	-0.0002029	4.116841e-08	1.0161849636e-06	-0.00107851	0.0001265999999999	1.1631838201e-06	1.6027559999999982e-08	0.000465508	0.000215709	4.653037268100002e-08	2.16697698064e-07	0.0	0.0	0.0
326.0879794927984	-0.5209301896562124	106333.37036969572	0.2713682624952574	333.1538395055011	-0.4282363514241183	0.1833863726810409	110991.48077725718	212.26433197155333	-0.274686702929074	0.0754527847660453	45056.1466273298	218.0127909749045	365.813363267594	1.053398	21.878222	0.14432475	0.0905768	0.0294259421	-0.1073113383	-0.0929930356	-0.065162719	-0.0247832121	0.128095445	-0.0029487517	-0.1234826986	-0.0477806731	-0.1303504724	0.0733934536	-0.1472846945	-0.0658664506	0.0255123135	-0.014368068	0.1084039484	0.128592462	-0.0266599346	0.065271289	-0.0939856283	0.2010717476	0.0237642287	-0.0733209285	-0.1193550891	0.0423879397	-0.0296824672	-0.0110576316	-0.0585575406	-0.1107729639	0.0620128331	-0.1122162728	0.1670859641	-0.2063570732	-0.0300828211	0.0850433295	0.0484776484	-0.1094428226	-0.0205725913	0.1258230508	-0.021208072	0.1832940134	-0.1277341886	-0.0274772616	0.0169861557	-0.029974766	0.0420356548	-0.0570056594	-0.0916118848	-0.039760105	0.0182637954	-0.184455683	-0.0514455793	0.0630774631	0.0649621407	0.0128423583	-0.036470214	0.1279386178	0.125712471	-0.0538740555	0.0014974832	0.0478680323	-0.0630325602	0.0473798119	-0.1273931475	-0.0809782103	0.0440346111	0.2406366821	0.127189533	0.0089060745	-0.0302418939	0.0640788792	-0.0725006032	-0.1171777611	-0.0522793094	-0.0115901663	0.0820751014	-0.0532450579	0.1324407615	-0.0966924738	-0.0404695856	-0.0449975025	-0.0003201658	-0.3009582706	-0.031450082	-0.0172047189	-0.0447000887	-0.0555094316	-0.175151763	-0.0771753057	-0.0735336034	0.0449343055	0.1218323877	0.0581102722	0.082728567	0.0806327146	0.0134667038	0.0534799377	0.0330113808	0.0119286463	0.0810331883	0.1855121467	0.0417836281	-0.0402746248	0.0784829662	0.046994137	0.1783133618	0.1292199951	0.1386580196	0.1082520088	0.0038622669	-0.1831021076	0.0774134488	0.0249210911	-0.2275823039	-0.0751257801	-0.1477523127	-0.0033879342	0.0544943241	-0.0694531822	-0.0372018716	0.0120597047	0.040218436	0.0848800778	0.1228576738	-0.004058339	0.065012675	-0.0188985047	-0.1139970903	0.0548191066	0.0	-0.010867	0.0083695	7.004853025e-05	0.000118091689	0.18765	0.082913	0.006874565569	0.0352125225	0.223092	0.022493	0.049770040464	0.000505935049	0.000535513	-0.000472547	2.2330066720900006e-07	2.867741731690001e-07	-0.0011283	-4.979000000000008e-05	1.2730608900000002e-06	2.4790441000000077e-09	0.00037686	-8.864799999999998e-05	7.858467903999998e-09	1.4202345960000002e-07	0.0	0.0	0.0
326.3059896822924	0.2180101894940094	106475.59890254033	0.0475284427232138	332.8344183668684	-0.3194211386326628	0.1020298638053868	110778.7500496116	212.2679990166112	0.003667045057881	1.344721945652997e-05	45057.70340651606	217.82006610789136	364.1604736106737	1.108393	23.020412	0.2116943999999999	0.140993	0.0257259916	-0.0714529413	-0.1051294301	-0.0918228205	-0.0821538923	0.1190734076	-0.0030362048	0.0094232355	-0.0431569748	-0.1424189152	0.0079908817	-0.0854964882	0.0207858767	0.0471357598	0.0575198362	0.097586249	0.0947474724	0.032289979	-0.0031459345	0.122469664	0.2070799369	0.0535893591	0.0476076646	0.08240686	-0.0506697213	-0.1348072161	-0.0321718375	0.0898294251	0.0004043541	0.0839256982	0.0069460519	-0.011580598	0.0411257319	0.0194016265	0.1768421284	0.1273146149	-0.0563288755	-0.0076394216	0.0001918553	0.0119921488	0.0208926976	-0.085706758	-0.1118198207	-0.1271593939	0.0107505436	-0.0002377863	0.074768781	-0.0627352679	0.0396838745	-0.0006201415	-0.0190015318	0.1227766382	0.0476483113	0.0310478372	0.0760615259	-0.0496101658	-0.053342407	0.0691250323	0.0826092886	0.090129816	0.0122592829	-0.0773571638	-0.038859261	-0.0564555838	0.0248081596	0.0642927916	0.135706089	-0.057706535	0.1335522428	-0.0195393678	0.0226811622	0.1222361256	-0.2312500027	0.0040497273	0.0868021226	-0.0177559022	-0.0865786459	0.0860403066	-0.0512657916	-0.0074934589	0.0309599067	-0.0977491981	0.0075757645	-0.2085513487	-0.004169663	0.059697478	0.0542863544	-0.0230509183	-0.0698447353	0.0223179991	-0.048912998	0.0791597116	-0.0973371168	0.0189036549	0.0394172421	-0.0337814792	-0.0639044675	-0.0550851929	-0.0375825098	-0.0934996924	0.0129101914	-0.0232989357	0.0513217685	0.0395705958	0.0675694816	-0.061380043	0.1216329802	0.1131065669	-0.0617793038	0.0459064993	-0.0353259471	-0.0201718778	0.0046109242	-0.0587131259	-0.0534226044	-0.1007433952	0.1165342731	0.0353359993	-0.0349993315	-0.055080228	-0.0033204198	-0.0082410495	0.0235734062	0.1403272562	0.0437104191	-0.1133327604	-0.0215706732	-0.1121940284	0.0619218161	0.0	-0.0134437	-0.0025766999999999	6.639382889999997e-06	0.0001807330696899	0.0570248	-0.1306252	0.01706294287504	0.00325182781504	0.274406	0.0513139999999999	0.0752986528359999	0.0026331265959999	0.000648767	0.0001132539999999	1.2826468515999982e-08	4.2089862028900006e-07	-0.00140361	-0.0002753099999999	1.9701210321e-06	7.579559609999998e-08	0.000221854	-0.000155006	2.4026860036000004e-08	4.9219197316000006e-08	0.0	0.0	0.0
326.0347918242591	-0.2711978580333039	106298.68547988798	0.073548278201852	333.08433233442315	0.2499139675547326	0.0624569911789479	110945.17244666844	212.01874982265005	-0.2492491939611625	0.0621251606902892	44951.95027635947	217.5639197941276	369.84067024829005	1.113466	23.125772	0.0883906	0.0454	-0.0137319781	0.0271029915	-0.0642607191	-0.1222714715	-0.1089229483	0.0608287306	0.0078016064	0.009295288	-0.0659476744	-0.0179766411	0.0782730761	0.0174419924	-0.0816222738	0.0759913082	0.0612506986	-0.0541544424	0.0334472237	-0.1343458657	0.0694668026	0.0154201951	0.0087708879	0.0224705279	-0.0321045937	-0.0402858809	0.0014438986	-0.0301811949	-0.017647098	-0.1542588787	-0.1464339863	0.1106584955	-0.099860781	0.0399718467	0.0236419054	-0.0072951765	0.0308722097	-0.1983610354	0.1034445132	0.0647772257	-0.0048354298	0.1067049327	-0.1745683092	-0.0143773715	-0.1241308276	0.0196503994	-0.0468240273	0.0249691776	0.0461138942	0.0187200687	-0.0524263272	-0.0410169152	-0.0152208867	-0.12442668	0.0137233293	0.0536503667	0.0914140811	-0.036529839	0.0133892645	0.0380845332	0.0323858335	0.0932254283	0.0170750325	0.031722036	0.0749912993	-0.0915888401	0.06026845	0.0255899332	-0.0042685549	0.0432129502	-0.0649647636	0.0143596823	0.0516776522	-0.0923940616	-0.0258992197	9.3385e-05	-0.1643161342	0.0526269517	0.0104742419	0.0585812542	-0.1244829539	0.1164654311	0.1180829268	-0.0597933501	-0.0597305873	0.1075391449	-0.0252346845	0.0717471886	0.0255379502	0.0394357515	0.2219894103	0.1301438305	0.1018023068	0.0349241886	-0.0935725412	-0.0413162671	0.0482759205	-0.149330196	-0.0498160547	-0.0203055451	-0.0867436749	0.0704364607	0.0254819198	-0.0056779992	0.0666293875	0.0364490098	0.0083548519	-0.0755699629	0.0760942649	0.1194759849	0.1315249209	-0.10744542	-0.0093864013	0.0650339968	-0.1118877956	-0.0447851624	-0.0219706096	0.0159889386	0.062377368	0.0516304761	0.136780005	0.0448283431	-0.024817832	0.15351491	0.0560647419	-0.0383363093	-0.0648454383	-0.0656238463	-0.0242318235	-0.1101617605	0.0687399551	0.0	0.0125646	0.0260082999999999	0.0006764316688899	0.00015786917316	0.0910532	0.0340284	0.00115793200656	0.00829068523024	0.284821	0.010415	0.081123002041	0.000108472225	0.000792336	0.000143569	2.061205776100002e-08	6.27796336896e-07	-0.00157585	-0.0001722399999999	2.4833032225e-06	2.9666617599999978e-08	0.000264823	4.2969000000000015e-05	1.8463349610000011e-09	7.013122132900001e-08	0.0	0.0	0.0
325.22184620065167	-0.8129456236074475	105769.24924616033	0.6608805869425017	332.4948993144843	-0.5894330199388378	0.3474312849942183	110552.85807014906	211.55514883074844	-0.4636009919016146	0.2149258796921609	44755.58099680012	217.2203628859237	366.4126505741552	1.139557	23.667656	0.1222387299999999	0.0593588	0.0124318559	0.0452501913	0.0066295673	-0.061352184	-0.0912590189	-0.023380915	-0.1041872261	0.0039181251	-0.0837904696	0.0983658065	-0.053909744	0.1218474053	0.1558594945	0.1326501486	0.0092399269	-0.1826233828	-0.0438073605	-0.0385217623	-0.0093896973	0.1625775812	0.0232197196	-0.0157594586	-0.0208770819	0.013743538	-0.0592976062	-0.001102068	-0.0310995127	0.0058708227	0.0618239089	-0.0415067489	-0.0573611278	-0.1379356294	0.0942602772	0.0537720155	0.0919189102	0.022837106	-0.0615336968	0.1052943194	-0.0270673635	-0.0150564618	-0.0713860443	-0.0054474387	0.0144380579	-0.1242866168	-0.0216793578	-0.17306712	-0.1349745454	0.1266206104	-0.0385350501	-0.0136991182	-0.0544912141	-0.0864576404	0.0747335773	0.1308117378	0.0341584219	-0.076177493	0.0003332288	-0.0654937135	-0.0232322576	0.1198780224	0.055235311	0.1628405988	0.019862264	-0.046199796	0.1354257402	0.0147013974	-0.0777637612	-0.0946439103	0.0989730527	0.1031919977	-0.0009821477	0.0497524334	0.0037775764	-0.0389123361	0.0682793354	0.0205466037	0.0305558853	-0.0318130119	0.032405122	0.0605548003	0.1021068228	-0.147058278	0.0924517209	-0.0655930939	-0.0192571999	-0.0688596593	0.0239285566	-0.0221795255	0.1744164412	-0.0380733822	0.0706940997	0.0079851501	-0.0184470835	0.1509215079	0.0428452653	-0.056133395	0.0773117734	0.1086202444	0.0852680321	-0.1145340816	-0.0328294472	-0.0065322892	0.0943681844	0.0430863141	0.0263449469	-0.1115105581	0.0417492273	0.0017233126	0.0060728162	-0.1563649139	0.1000344695	-0.003695456	0.0317636645	-0.0630685126	-0.0806771242	-0.1019368556	0.0054784135	0.0351057367	-0.0855886302	-0.0214118452	-0.002057271	0.0481690602	0.0797823122	-0.0110235806	0.0212630833	-0.0359066792	-0.0268805962	-0.1079044385	0.0752421898	0.0	0.00542767	-0.00713693	5.0935769824900006e-05	2.94596016289e-05	0.0520347	-0.0390185	0.0015224433422499	0.00270761000409	0.317339	0.0325179999999999	0.100704040921	0.0010574203239999	0.001084	0.0002916639999999	8.506788889599993e-08	1.1750559999999998e-06	-0.00103588	0.0005399699999999	1.0730473744e-06	2.9156760089999986e-07	0.000225151	-3.967200000000001e-05	1.5738675840000004e-09	5.0692972801000016e-08	0.0	0.0	0.0
324.067754301786	-1.1540918988656583	105019.90937820276	1.3319281110273415	330.7857760505041	-1.7091232639801888	2.921102331478294	109419.22963733428	211.2456478955453	-0.3095009352031468	0.0957908288916224	44624.7237548087	216.93408656556704	355.7374748472406	1.201265	24.949287	0.08862844	0.0482153	0.1055894978	0.0099193474	0.0701084212	0.0020462668	0.0900547638	-0.0522681872	-0.1353761317	0.1329197565	-0.0663308356	-0.0378270498	0.0697031334	-0.0001372797	0.0805136041	0.1672328109	-0.1405601709	-0.1156101803	-0.1083247025	0.021634602	-0.0672794457	0.0691412994	0.1365176673	-0.1012064833	0.1541027705	-0.062406746	0.0362385791	0.1658958307	0.096376008	0.0021579949	-0.1028242077	0.0060711287	-0.1116956264	-0.0651419516	0.003598811	0.035213815	-0.0716571958	-0.0512440046	0.0617834539	-0.1708161652	0.0874376354	0.0975661515	-0.0226359722	0.0667584056	0.1259428803	-0.0206453027	0.0143724707	0.0458970545	0.1436027259	-0.0836109268	0.0384881532	-0.153781419	0.0169478008	-0.1019573334	-0.0631064856	0.0498122154	-0.1533230265	0.0230022461	-0.0978596043	-0.2098375037	0.0766326162	0.0264742445	0.1688872163	0.1706482135	-0.0881257645	0.0425242479	0.1481208296	0.0030901961	-0.1068409109	0.1707785694	0.0142865472	0.0627035419	-0.0594026998	-0.0749471611	-0.0227398312	-0.0208224154	0.0413696336	-0.0374442984	0.0233340894	0.0262483224	0.0533448693	0.1237100051	-0.101997918	-0.0446076359	0.0500912212	0.1103442763	-0.059393422	0.0196759189	-0.1104564671	-0.0999408687	-0.0555552934	-0.0610382574	-0.0576587732	-0.0589041642	0.016139931	-0.054936215	-0.2059458116	-0.1687302347	-0.0262078903	-0.1660804795	0.004733378	0.1162373027	-0.0941495076	0.0304832046	0.1188446158	0.0758666837	0.0977717502	-0.0596840297	0.0883303267	-0.0803140002	-0.0312175538	-0.1768182728	-0.0541595357	0.027898139	-0.0280992409	0.0430455824	0.0701711181	-0.175239701	0.0035872181	0.0242049144	0.0109268256	-0.0746750363	0.0488608552	0.1189240879	-0.021227186	-0.1613212482	-0.0701029067	0.0798164613	-0.0295156382	-0.1054266739	0.0813986382	0.0	-0.00388847	-0.00931614	8.679046449960001e-05	1.51201989409e-05	0.0896991	0.0376644	0.00141860702736	0.00804592854081	0.342125	0.024786	0.117049515625	0.000614345796	0.0008886919999999	-0.000195308	3.8145214864039023e-08	7.897734708638223e-07	-0.000973828	6.205200000000005e-05	9.48340973584e-07	3.850450704000006e-09	0.000145273	-7.987800000000002e-05	6.380494884000004e-09	2.1104244529e-08	0.0	0.0	0.0
324.2145586768748	0.1468043750887773	105115.08005804068	0.0215515245452064	330.1127871514301	-0.6729888990740278	0.452914058276872	108974.4522408854	211.70070281112405	0.4550549155787564	0.2070749761923891	44817.187570723865	217.2454061953488	348.67817748920254	1.227205	25.488041	0.176986644	0.0974793	0.138347969	0.0206840018	-0.0070409576	0.0543417474	0.0717586843	0.1048362299	-0.0541325564	0.1143122331	0.0108867277	0.0600262907	-0.0264548776	-0.0754572634	0.1368048163	0.1212571264	-0.0511138698	0.1074452924	0.039296513	-0.0030931426	-0.0869240813	-0.0472868927	-0.0087479703	-0.0016853544	-0.0186536329	0.0767444622	0.0462443674	0.1402481468	0.1400433168	0.0688753555	0.0007139868	-0.039039938	0.1614773227	-0.1685500209	0.0326204089	-0.0060984274	-0.0193229211	-0.1259366346	0.0479167755	-0.0220908883	0.0939255323	0.0448787648	0.0176537653	-0.1067330523	0.0176234357	0.2976866187	0.0194159455	-0.1117169853	-0.1658867866	0.0117439121	-0.0116522347	0.0303735559	0.0332973788	0.0088915393	0.14453012	-0.042109483	-0.0648277844	0.0156976185	0.0009320252	0.0166494588	0.0784987438	0.0526259426	0.1282477648	-0.0891706592	-0.0927515301	-0.0019299683	-0.0199663178	-0.0730970727	-0.0502863409	0.0506516013	0.0493158812	0.0345989667	0.0228173405	0.0146281331	0.0095903502	-0.1062745852	0.0495484517	-0.1400828564	0.0289413657	-0.1869947565	0.0659075817	0.0206983937	-0.1469111747	0.0175887163	6.84274e-05	0.1860550021	0.0469581428	0.1129706572	0.1125007235	0.0240694832	0.0675035071	0.0256128807	-0.0611206282	0.1153500535	0.1348746012	0.122471046	0.1243214416	0.1243942402	0.0168773942	0.0059613446	0.0580879071	0.0814465055	-0.1400146665	-0.0989483833	0.0392443774	0.0273558884	0.071696369	-0.0071454116	-0.0042301514	0.0618634831	-0.1478692169	0.0521961147	0.0750180552	0.0540421302	-0.0265426429	0.0911135506	0.0808910109	-0.0343552954	-0.0113132165	-0.0538168821	0.0250023296	-0.0849046663	-0.1090892993	-0.078005433	-0.0089836836	0.1025190229	0.1019602279	-0.0706682185	-0.0321356035	-0.1027335286	0.0871810076	0.0	-0.000871056	0.003017414	9.104787247396002e-06	7.587385551360001e-07	0.034431	-0.0552681	0.00305456287761	0.001185493761	0.28348	-0.058645	0.0803609104	0.003439236025	0.00180217	0.0009134780000001	8.344420564841829e-07	3.2478167089e-06	-0.00120172	-0.000227892	1.4441309584000002e-06	5.193476366400002e-08	8.552039999999998e-05	-5.975260000000001e-05	3.570373206760001e-09	7.313738816159997e-09	0.0	0.0	0.0
325.8277299307561	1.613171253881319	106163.70959182974	2.602321494349027	332.3366477753343	2.223860623904216	4.945556074551647	110447.64745454662	212.2827594355533	0.5820566244292422	0.3387899140419639	45063.96995357299	217.77110524225645	356.23377489492674	1.16145	24.12236	0.114103791	0.0779501999999999	0.0612441564	0.050430576	-0.1157672289	0.049789995	-0.0559058191	0.1123881967	0.0357237261	0.0931925478	0.0735468457	-0.1132098131	0.0403779363	-0.0206211357	0.0857967738	0.0402197284	0.0531183272	0.1509797942	-0.0286865523	0.0182747727	-0.1036929067	0.0726770317	-0.038118886	-0.0599977249	0.0104099472	-0.0231699809	0.1630036028	0.0354304903	0.0119542704	0.0949588758	0.0127222187	0.0544929608	0.0668398332	0.0272136113	0.0077517123	0.021680847	0.0582483032	0.1153849878	0.0121680254	0.1012430748	-0.1050262397	0.0625665768	0.0422759253	0.0360451251	0.1032762551	-0.0488706407	-0.0777658676	-0.0334399483	-0.0876138186	-0.0030681381	0.0429643247	0.0193000796	-0.1095346888	0.0899598661	0.1013263137	-0.0148242291	-0.1308792119	-0.0864074584	-0.0967879634	0.0022419656	-0.2692877225	0.0640375149	0.0080293338	-0.1078369915	-0.044627532	0.0297558048	0.1354237907	-0.0102142589	0.1282487886	0.0417026363	-0.1023625135	-0.082439468	0.0269542317	0.0187936347	0.0013516302	-0.0338997301	0.1066530815	-0.0968062118	0.0489594754	-0.0370409838	0.0352105732	-0.0322039318	-0.0535894571	-0.016175488	0.0237151321	-0.1660801178	0.0226580864	0.059781576	0.0102500979	0.0166660024	0.1146307805	-0.024442965	-0.1488480323	-0.0158442229	0.0735016163	0.0782468727	-0.0602248589	0.0554225772	0.0367744806	-0.053151469	-0.152869987	-0.0917716988	0.0738748428	0.0552924505	0.0377178927	0.0445762642	0.0402234389	0.0168186343	0.0829597001	0.0874815584	0.0442131936	0.0164407162	-0.074608488	0.0149825601	0.0038609333	0.1123387287	0.1528557522	-0.0523217509	-0.0107882643	0.0484520101	-0.0083120882	-0.0250008791	-0.0621100681	-0.150036713	-0.040168791	0.2349200785	-0.0804413189	-0.0761861362	-0.034739154	-0.0998305046	0.0925627242	0.0	0.00201743	0.002888486	8.343351372196e-06	4.070023804900001e-06	0.10284	0.068409	0.0046797912809999	0.0105760656	0.288163	0.0046829999999999	0.083037914569	2.193048899999993e-05	0.00109925	-0.00070292	4.940965264000001e-07	1.2083505625e-06	-0.00120717	-5.449999999999943e-06	1.4572594089000002e-06	2.9702499999999373e-11	3.14243e-05	-5.409609999999998e-05	2.926388035209997e-09	9.8748663049e-10	0.0	0.0	0.0
327.1118054406936	1.2840755099375087	107002.1332586702	1.648849915221273	333.996652485458	1.660004710123701	2.7556156376328724	111553.7638714918	212.5869196038497	0.3041601682964199	0.0925134079781064	45193.19838665366	217.97340371121567	371.8378188447448	1.168983	24.278816	0.0883718199999999	0.0707925	-0.0550608167	0.0175836759	-0.0960885031	0.0061951802	-0.0924047044	0.0632128364	0.1309996115	0.1192973112	0.0324707696	-0.1581423239	-0.032375572	0.0133201379	0.0996226705	-0.0300786964	0.0825772655	0.1513659895	-0.0140712537	0.0733987318	-0.1365514562	0.1320931045	-0.0330352958	0.0032643851	0.0105577628	-0.0444439807	0.0232809933	-0.0102033851	-0.0127546796	0.1039107101	0.0345977825	-0.1281920378	-0.0255555555	-0.1760006991	-0.1372901717	0.0055099662	0.0065331932	-0.0827420604	-0.0642995305	-0.0679773489	-0.0366785958	-0.0127017803	0.100601851	-0.0921895772	-0.0062362631	-0.0111344405	-0.1745432517	0.1287823229	0.0485726341	0.1389151803	-0.0331186919	-0.1107266699	-0.0594801679	-0.0556396187	0.0230677558	-0.0402416267	0.0624754398	0.0141100942	0.0135114738	-0.0809374671	0.1041880223	0.053291347	-0.0678104875	-0.1256371802	-0.1037900887	0.0396230715	0.1361629803	0.024045955	0.1124971819	-0.0498085759	0.0011430216	-0.0195044443	-0.0422655472	0.1788014879	-0.0096344516	-0.0190368476	0.1094215234	-0.099838624	0.0546617458	-0.0719910274	0.0324356185	0.1014375474	-0.0338795415	-0.001447564	-0.0523092	0.0666008525	0.0025619054	-0.0886378501	-0.0426190362	-0.0553123661	-0.0642046023	0.0078464155	0.2082610976	0.0334894512	0.0231996101	-0.0881750754	-0.069915288	0.0169730888	0.070660307	-0.0345444334	-0.0784958516	0.0810594632	-0.0106403226	-0.1125922796	0.0440705868	0.0113331891	-0.0005301064	-0.1200714276	0.0460768821	0.0019381257	-0.0516261737	0.1708020546	-0.0008110804	0.0120692212	0.0102420979	0.0751497361	0.0152974764	-0.1186271511	0.0121706005	-0.0452572738	-0.0694429856	-0.0120879371	0.0096746866	-0.1129015836	-0.0002471575	0.0433506939	0.0608730523	-0.0859893267	-0.0373249597	-0.0967235326	0.0975190556	0.0	0.00350015	0.0014827199999999	2.1984585984e-06	1.22510500225e-05	0.0328724	-0.0699675999999999	0.0048954650497599	0.00108059468176	0.282326	-0.0058369999999999	0.079707970276	3.407056899999978e-05	0.00122998	0.00013073	1.7090332900000034e-08	1.5128508004000005e-06	-0.00111621	9.095999999999996e-05	1.2459247641e-06	8.273721599999992e-09	3.14243e-05	0.0	0.0	9.8748663049e-10	0.0	0.0	0.0
327.1481247697584	0.0363193290647814	107025.8955403694	0.0013190936637158	334.0404528656155	0.0438003801575064	0.001918473301942	111583.0241506655	212.74166600076776	0.1547463969180569	0.0239464473591208	45259.01645278223	218.06351184524348	382.11009834393735	1.127427	23.415737	0.0639419749999999	0.042202	-0.1201780629	0.0593929416	-0.0292199246	-0.1163578073	-0.1071449971	0.0324747387	0.1578673755	0.0630827266	-0.0792986579	-0.0514920225	0.0993790076	0.0649807966	-0.0498870179	-0.0943820134	0.0699939012	0.0556824214	0.1200759268	-0.0687886431	-0.0601028122	0.1384170523	-0.0356246596	0.1192880796	0.1516355381	-0.0940486747	-0.0771899594	0.0163361498	0.0163664942	-0.0488304207	0.0194757715	0.1505634441	-0.0223602598	0.1948531824	-0.0468387117	-0.0826549713	-0.1710959413	-0.0647730192	-0.056430683	0.0086226078	0.0101169598	-0.1443565427	0.0418217468	-0.0188531629	0.1125695827	0.1002618749	0.0176389559	0.0599689812	0.051425608	0.0381268015	0.0564918971	-0.089947754	-0.0464291415	-0.0073186443	-0.0536565261	-0.0016044725	0.0759192433	-0.0151871913	-0.0913831145	0.0067246401	-0.0242247681	0.0240988266	-0.125322274	-0.0867534075	-0.0742909419	-0.1313056846	0.1214204565	0.0194804053	-0.0273315483	0.0186575971	-0.1549043112	0.0644315181	-0.0175869376	0.029783595	-0.0668864825	0.1331509477	-0.0257299715	-0.0185828956	-0.1208513209	0.093020245	-0.1327150254	-0.1440228409	0.0301942758	0.0968118656	-0.085201337	0.108823853	-0.0783575138	-0.0110955197	0.0225945734	-0.0771557585	0.0002981653	0.0321818276	-0.0002304738	-0.0726414663	0.0560444958	-0.0579734779	-0.0238231195	0.0571487724	0.0992378936	-0.1533093987	0.0336707519	-0.0148809975	0.0045223233	-0.0169551123	0.0691207109	0.0086467595	-0.0634424866	-0.1297604492	0.037970452	0.0969972348	-0.0307477944	-0.0326883128	-0.1421668872	0.0175362869	-0.0661233233	0.0193936179	0.1123224531	0.012145702	0.0494234874	-0.0252401777	-0.0853525839	0.0689340952	0.0141123747	-0.0081990015	0.0070364316	-0.0948063181	-0.1365901857	0.0250647905	-0.0398916998	-0.09341896	0.1020272243	0.0	0.00655736	0.00305721	9.3465329841e-06	4.29989701696e-05	0.0713094	0.0384369999999999	0.0014774029689999	0.0050850305283599	0.298749	0.0164229999999999	0.089250965001	0.0002697149289999	0.00117781	-5.217000000000004e-05	2.721708900000004e-09	1.3872363961000002e-06	-0.00113157	-1.5359999999999853e-05	1.2804506649e-06	2.359295999999954e-10	8.438959999999998e-05	5.296529999999998e-05	2.805323004089998e-09	7.121604588159997e-09	0.0	0.0	0.0
325.94285792775526	-1.205266842003141	106238.74663411285	1.4526681604322242	333.3755270559104	-0.6649258097050961	0.4421263324119776	111139.24203980606	212.3522722913508	-0.3893937094169644	0.1516274609335033	45093.48754729999	217.860626936048	375.9103627838508	1.280762	26.60038	0.110979805	0.0621403	-0.0673198367	0.1098695039	0.1109040719	-0.1008843913	-0.1250486371	-0.048307204	0.0051103556	-0.0788418103	-0.1557725369	0.0184281105	-0.0738164361	0.1656769858	0.109997252	-0.0878510165	-0.0191567933	-0.1850805456	0.1026216147	-0.1129675807	-0.0588967508	0.0951726912	0.0802754157	-0.0111113908	0.1230196068	-0.027537085	0.0070463818	-0.0697366053	-0.0126889642	-0.1190807432	-0.015009174	-0.0122582026	0.0221535501	-0.1057561857	0.0187469972	0.0546892429	0.0206477878	-0.0780698043	0.0320207328	0.160269969	-0.0346463766	-0.1174229447	0.0480564559	-0.0184152995	-0.0079437564	0.1068554939	0.0567216888	0.0315934985	-0.0896297526	0.0504624974	0.1595811604	0.1724188137	-0.0789885396	0.0327026547	-0.0226190886	-0.064592765	0.0886770543	0.1066500613	-0.0176509765	-0.0026486567	0.1587551274	-0.0176883821	-0.1132450544	0.1315011178	0.0185441526	-0.18745993	0.0718670629	-0.0454751443	-0.0483450858	0.0029297363	-0.0253809834	0.0684679174	0.004127065	0.0685324077	-0.0599826497	0.1599098001	-0.0016194743	0.156374643	0.0899836417	-0.1139284456	0.0179713637	0.0839286263	0.0714677131	-0.0022580082	0.0001239879	-0.0296948063	-0.015008455	-0.0717848386	0.2101169046	-0.0403550609	0.0224317693	-0.018097748	0.0404873314	-0.0077117828	-0.010622425	0.0990273105	0.1086358338	0.1474428784	-0.0529223983	0.008418249	-0.0665090414	0.1320174159	-0.0891516877	-0.0702345577	0.0401865609	0.0028949315	-0.0766871375	-0.118852312	-0.0740104672	-0.0576273974	-0.0090956179	-0.085918037	0.1318933612	0.1635407451	-0.0307600902	-0.1035100686	-0.0704752524	-0.0484007423	-0.1554733352	0.0290863764	-0.0296934179	-0.11266821	-0.0071329947	0.0625590358	-0.0878771224	-0.0405197546	0.0327827337	-0.0922634803	-0.0424380632	-0.0899235378	0.1060665123	0.0	0.023699	0.01714164	0.0002938358218896	0.000561642601	0.0614445	-0.0098648999999999	9.731625200999992e-05	0.00377542658025	0.28023	-0.018519	0.0785288528999999	0.000342953361	0.00220936	0.00103155	1.0640954025e-06	4.8812716096e-06	-0.00135614	-0.00022457	1.8391156996e-06	5.043168490000005e-08	3.14243e-05	-5.296529999999998e-05	2.805323004089998e-09	9.8748663049e-10	0.0	0.0	0.0
325.0944419750284	-0.8484159527268389	105686.39620305512	0.7198096288413898	332.08267992227013	-1.2928471336402936	1.6714537109619232	110278.90630435692	212.1391121211805	-0.2131601701703118	0.0454372581470363	45003.002891562784	217.80095920555613	364.75550314809095	1.360229	28.250832	0.1038468149999999	0.0512324	0.0268765232	0.0388141899	0.1851665255	0.0860030771	0.0777011853	-0.0894562362	-0.0922469479	-0.0293154089	-0.0670500611	-0.0498260342	0.0299831651	-0.0134444114	0.131246719	-0.0248531783	-0.1478258359	-0.0819952433	0.0202599448	0.0461878195	0.0343731513	-0.0467626268	0.0260857255	-0.0785044631	0.0921494254	0.137067455	0.0238158725	0.0374597123	0.0427954642	-0.0778513227	0.0618284399	0.0144676911	0.0229231982	0.0168449912	-0.0386734938	-0.0334046295	-0.0302119623	0.1446791441	0.0388304901	-0.0278197305	-0.0392042719	0.0216224438	-0.0474676904	0.0872135752	-0.0034477251	0.0215945248	-0.1970030489	-0.0517033791	-0.0694144653	0.0504267162	-0.0242890596	-0.1103192277	-0.0886341679	-0.0750865572	0.1430510689	0.0629743161	0.0288948747	0.206496643	0.1229724169	0.0402505395	0.0061855222	-0.1024695875	0.0465762374	0.1298034712	-0.0297664044	-0.0221898926	-0.0534301168	0.0186743385	-0.0874414999	0.0597260043	0.0789987882	-0.0618697636	0.01626212	0.0225742008	0.0442923083	0.1005483974	0.1518553291	0.008748841	0.0385462905	0.0237325898	-0.0774169199	-0.0183490733	-0.0791251563	0.0386577425	0.0286693581	-0.0796063122	-0.0942935848	0.0398804655	-0.0570856734	0.128610322	0.0517488679	0.0178620764	0.0615184774	0.1496462527	0.1493466113	0.0400731099	-0.0741789582	-0.1439678274	0.1076984599	0.0255946095	0.0207073985	0.0513381967	0.013332059	-0.1151767982	-0.0229046517	0.0049763734	0.0159087385	0.0175400216	-0.0511948867	-0.0702407369	-0.095912748	-0.0988593399	0.0274174244	0.1487290307	-0.0063687775	0.1231634903	0.0854620106	-0.0428125852	0.05597314	0.0030990166	0.0081199939	0.1259476262	-0.0017145513	0.080244793	-0.0189945903	0.1647920046	0.0402437872	0.0657003293	-0.0449627491	-0.086244407	0.1096183565	0.0	0.0236018	-9.720000000000216e-05	9.447840000000417e-09	0.0005570449632399	0.0785716999999999	0.0171271999999998	0.0002933409798399	0.0061735120408899	0.255354	-0.0248759999999999	0.065205665316	0.0006188153759999	0.00142579	-0.00078357	6.139819449000003e-07	2.0328771241e-06	-0.00147207	-0.0001159299999999	2.1669900849e-06	1.3439764899999996e-08	-0.000304004	-0.0003354283	1.1251214444089003e-07	9.241843201600002e-08	0.0	0.0	0.0
325.1255198922541	0.0310779172256729	105706.60368520852	0.0009658369390857	331.4988951314091	-0.5837847908610456	0.3408046820406747	109891.51747334495	211.9374153103745	-0.2016968108059984	0.0406816034893107	44917.46800844216	217.44021225403085	356.38185650761386	1.222241	25.384932	0.0794287	0.042655	0.0702491702	0.0803380915	0.0366220975	0.1156127855	0.075472583	0.0870403239	0.0039039707	-0.0064363278	0.0042951321	0.1016728677	0.0259240519	-0.138461005	0.0364180938	0.064503609	-0.0327086897	0.0797942422	0.1094555564	-0.0567136821	-0.0239673268	-0.1172832377	0.0820172967	-0.0021598754	-0.0535819868	0.0557367788	-0.0490109549	-0.0749247971	-0.0141570049	0.0307427637	0.0494058678	-0.008979373	-0.170880721	-0.0918231877	-0.0366749408	-0.0469034269	0.1607589749	0.0178414319	0.0356217493	0.069692428	-0.1637096659	0.0238681984	-0.0433850568	-0.0214270214	0.1639970156	0.0791846099	0.1591756169	0.0900874862	0.1346404499	-0.1725150776	0.0617567233	-0.034977352	0.0540706743	-0.0139946358	0.0589677891	-0.0138707089	0.0446685138	0.0253862072	0.1380279161	0.0976590613	0.0002549184	0.0114830517	0.0821373646	-0.1043534652	-0.0224248508	-0.0550956759	-0.143878143	-0.0877176313	-0.0357571812	0.0718128359	0.0892749532	0.0328032286	0.0409680617	0.0999556716	-0.0462051419	-0.1277050554	-0.0249787568	0.1028502949	-0.0381825473	0.0134333229	0.0131054047	0.1794375364	-0.0241454178	-0.0077417556	0.0052125973	-0.0738758474	-0.028201374	0.0608658345	0.0559103226	-0.0198231467	-0.0303343923	0.0605214589	-0.1397663901	-0.1997660107	0.0796810463	0.0111269458	-0.0219331614	-0.0407388178	-0.0437250975	-0.0395154121	0.1092949375	0.0795872927	0.2207523878	-0.0113825359	-0.055113331	-0.0093320908	0.0306753732	0.0202480657	-0.0631857468	0.1143189467	-0.0216272208	0.0802561704	0.077533462	0.1172903906	-0.0167172768	0.0251778265	0.0546234177	-0.0591182575	0.072149206	-0.0406930746	0.0386336239	0.0984195501	-0.0895193042	-0.088714146	-0.033318031	0.0658610961	0.0951242856	0.0575038565	-0.0474644681	-0.0823890838	0.1126664339	0.0	0.0294296	0.0058278	3.3963252840000015e-05	0.00086610135616	0.0682209	-0.0103507999999998	0.0001071390606399	0.00465409119681	0.239315	-0.016039	0.057271669225	0.000257249521	0.00149162	6.583000000000001e-05	4.3335889000000014e-09	2.2249302244e-06	-0.00128875	0.00018332	1.6608765625e-06	3.360622240000002e-08	0.000391068	0.000695072	4.83125085184e-07	1.52934180624e-07	0.0	0.0	0.0
325.9479790918123	0.8224591995581818	106242.08507403648	0.6764391349378851	331.9904617287153	0.4915665973061891	0.2416377195871851	110217.66667884556	212.1570059759575	0.2195906655830128	0.0482200604111906	45010.59518468247	217.68477441946607	360.65589574455214	1.205524	25.037746	0.09258145	0.0484532	0.025195792	0.0947157136	0.0014165434	0.0673523496	-0.0873117282	0.041132689	-0.0798160674	-0.0962370732	0.043636035	-0.0905329705	-0.0411258296	-0.0093685138	0.0153072701	0.023324868	0.064072661	-0.0933862666	-0.0521214051	-0.0253796758	0.1132243825	0.0341131894	-0.0615589223	-0.0427618837	-0.0655897791	0.1507519537	-0.1146737575	0.0438295576	0.1364524526	0.0431304896	-0.0054849514	0.0275602487	-0.1019552359	0.0202096263	0.0633357559	0.085093552	0.10187065	-0.0963081502	-0.0738679965	0.072211647	-0.0585448212	0.0552343054	-0.0265791509	-0.0403360196	-0.0203219169	0.0116968982	0.0497020801	-0.1173812065	0.0642451813	0.0271551205	0.015334692	0.0274181895	-0.0272972242	0.1457773846	0.007308487	0.0292428252	-0.0944630478	-0.1038781018	0.1586416477	0.2532623674	0.0324072102	0.049894039	-0.0121457278	0.0585291433	0.1419759944	-0.003706363	-0.0222355287	0.0469482727	0.0117558388	-0.0973666835	0.0549784999	0.0328300463	0.0394886018	-0.0340667556	0.0755418311	-0.0422454939	0.1898680599	-0.0281440706	-0.0596425314	0.1002943002	-0.0235336287	0.1748818073	0.1320869019	-0.0311107271	0.0132946404	0.0123686634	0.0914147956	0.0884552381	0.0932637375	0.0736771614	0.0707278181	0.0073022097	-0.1044510252	0.0367905554	-0.060048699	0.0160276849	0.0500581919	0.09165785	0.0474539258	-0.0658815273	0.017733125	-0.0227881437	0.0834651766	-0.0915509692	-0.0233280036	-0.0066468832	-0.0017135827	-0.0206493401	0.0062901422	0.0562109675	0.0651212661	-0.1161163444	0.0562522897	-0.0539388184	0.0940591959	-0.0318564713	0.0503350397	-0.0105747781	-0.0189504751	-0.0154826948	-0.0005935279	0.0495189702	-0.1093807119	-0.043261803	-0.0844951371	0.0623487651	0.0895191176	0.0269188901	-0.0499419421	-0.0783654444	0.1151967366	0.0	0.0040553	-0.0253743	0.0006438551004899	1.6445458090000004e-05	0.0947111	0.0264902	0.00070173069604	0.00897019246321	0.270139	0.030824	0.072975079321	0.000950118976	0.00139979	-9.183e-05	8.4327489e-09	1.9594120441e-06	-0.00124505	4.370000000000003e-05	1.5501495025e-06	1.9096900000000027e-09	0.000453397	6.232900000000002e-05	3.8849042410000034e-09	2.0556883960900002e-07	0.0	0.0	0.0
325.9270744812015	-0.0209046106107848	106228.45787987468	0.0004370027447885	332.12288239840547	0.132420669690191	0.0175352337611986	110305.60901262506	212.2086207841572	0.0516148081997016	0.0026640884254919	45032.49873511423	217.7490950717292	364.09924513852894	1.228321	25.511209	0.0545865999999999	0.0248489	0.0246596253	-0.0612448354	0.0872552066	0.0238325313	0.0497373409	-0.081822034	-0.06337142	0.03772774	-0.0420570203	-0.0870736354	-0.1175637596	-0.0347696333	0.0025281757	-0.006539987	-0.0788568866	0.0081168698	-0.1033033284	0.1379956039	-0.042131822	-0.0096614038	-0.0221964809	-0.0303813419	-0.0869442141	0.0758139715	0.0194405857	0.0802506107	-0.082108407	0.1792255632	-0.0397868762	0.1605316522	-0.1503199499	-0.1001213486	-0.025707172	0.1247838011	-0.0277608101	0.0353991999	0.0296750994	0.0897138436	0.091089597	0.029224528	-0.0376425256	0.1025711083	-0.0062312664	0.0033372227	0.0396185315	0.053457802	-0.17601949	0.0148274378	-0.1000093454	0.0196478486	-0.1435789695	0.0081544907	-0.0054301638	0.0317269269	0.1681953105	-0.0247333229	0.0637506499	-0.0345944638	-0.081734615	-0.0469986936	0.0212868187	0.053396799	-0.0790027802	0.1236615546	0.0069501384	0.0115025649	0.0553601869	0.0018270688	0.0291280888	-0.0225676408	0.0413966988	-0.0363735124	0.066881601	-0.0729830918	-0.0008484494	-0.0697553933	-0.2140899355	-0.0270695279	-0.0219145248	0.1285797397	-0.0839466127	-0.14609197	0.083961711	-0.0501713236	0.0460759664	-0.1146804455	-0.0273078205	0.0154245867	0.0435821438	0.0384767122	0.0445065232	-0.0446189286	0.0671607674	0.1387160047	0.0263651751	0.0244357773	0.0549196386	0.0870342692	-0.051178786	-0.0130534191	0.0244145529	0.1501101658	0.0077394824	0.012294178	0.0433291473	-0.0065609389	0.0138363348	-0.1027882172	0.0197601675	0.0385889606	0.0286547679	0.0766772288	0.0199139115	-0.0030091275	-0.0499483453	-0.1010073302	-0.0520489134	-0.0323642946	-0.0186773178	0.0268040692	0.0250335789	-0.0215500632	-0.021239729	-0.0342518448	0.1272445612	-0.0550093205	-0.0523939058	-0.0741817089	0.1171976362	0.0	0.0101723	0.006117	3.7417689e-05	0.00010347568729	0.0921284	-0.0025827	6.670339290000038e-06	0.00848764208656	0.285925	0.0157859999999999	0.0817531056249999	0.0002491977959999	0.00155568	0.00015589	2.4301692100000037e-08	2.4201402624e-06	-0.00112408	0.0001209699999999	1.2635558464e-06	1.4633740899999994e-08	0.000128239	-0.000325158	1.0572772496400005e-07	1.6445241120999997e-08	0.0	0.0	0.0
325.5078825470377	-0.4191919341637913	105955.38160025608	0.1757218776679803	331.46690264037727	-0.6559797580281952	0.4303094429427295	109870.30754600537	212.0930992829172	-0.1155215012400106	0.0133452172487457	44983.48276343337	217.68834175848008	361.0248320546596	1.220661	25.352133	0.027144585	0.0120469	0.0591009222	-0.0654943208	-0.0100928668	-0.0823663971	0.0727270651	0.0726152356	0.0374307559	-0.0008651574	-0.097296253	0.0242113801	0.0684849337	-0.0778429626	-0.0929938117	0.0230625955	-0.0296294588	0.1040187098	0.0877730461	-0.0737552271	-0.0805690864	-0.0059227155	0.0071216766	-0.1205133068	-0.0458599603	-0.0509380027	0.0493020614	-0.0512052537	0.0363186308	-0.0322401209	-0.0632800334	0.1553837833	0.0430529288	-0.1018098488	0.0138767645	-0.0748050365	0.0187938897	-0.1557536574	0.0146067517	0.181146046	-0.011776979	-0.1251627852	-0.0846817883	-0.1002590927	-0.0246312325	-0.0294329477	-0.0084536188	0.0194516931	-0.0283893692	-0.0264381039	-0.0773010498	0.0042137513	0.1425707447	0.1443881255	0.0141205456	0.0647397348	-0.0829115932	0.018669433	-0.1010491861	-0.0638737603	-0.0260682022	-0.0303768374	0.046362153	-0.0849432151	-0.05463304	-0.105306815	0.0240952907	-0.0566824646	0.0522932123	0.0373001557	0.0618924532	-0.0661354002	-0.0678362329	-0.0629732248	-0.0082824487	-0.0742836201	-0.0927275985	-0.0519586741	0.0279650473	-0.1740527823	-0.1600679801	0.0877996008	0.0816554646	-0.0393897317	-0.0494957388	0.0288200364	0.0418789785	-0.0242750003	0.1624964785	-0.0575189863	-0.0375109778	0.105088667	-0.0746052634	-0.0311587078	0.0149979038	-0.014961563	-0.0101487747	-0.0354220949	0.1284010905	0.0429841603	-0.0421426001	-0.1125791922	-0.0375808033	0.0399312553	0.00348061	0.0117206431	0.0559492966	0.0316098624	0.0406348077	0.1000785674	-0.1092356619	0.0113814493	-0.050789975	-0.0089366306	0.0092116424	-0.0586325164	0.0330663932	-0.0105974272	0.0191634496	-0.0497329191	-0.0411500087	-0.0089734475	-0.0257088026	-0.0336116005	0.0216511877	0.0422814028	0.0294764237	-0.0916501428	-0.0548191066	-0.0698464244	0.1186599374	0.0	0.00394846	-0.00622384	3.8736184345600006e-05	1.55903363716e-05	0.0891983999999999	-0.00293	8.58490000000058e-06	0.0079563545625599	0.289064	0.003139	0.083557996096	9.85332100000002e-06	0.00146322	-9.245999999999994e-05	8.548851599999988e-09	2.1410127684000004e-06	-0.00121468	-9.060000000000014e-05	1.4754475024000003e-06	8.208360000000025e-09	1.42641e-05	-0.0001139748999999	1.2990277830009997e-08	2.0346454881e-10	0.0	0.0	0.0
325.6104097722083	0.1025272251706042	106022.1389520254	0.0105118319011837	332.2569634328276	0.7900607924503333	0.6241960557672487	110394.68974960332	212.2935985498261	0.2004992669089063	0.0401999560310088	45068.571985234725	217.88992077297	360.05234427962984	1.160406	24.100674	0.0759894099999999	0.047188	0.0618143826	-0.0052671542	-0.0845659164	-0.0868283043	-0.0979164148	0.0824217198	-0.0563306379	-0.0262368548	-0.0198469939	-0.0615118146	-0.0794397156	0.0275896614	-0.0364689675	-0.009269187	0.077332027	-0.083493689	-0.0377229923	-0.0725708131	0.0408798781	0.1031789987	-0.0248574248	0.0623775069	-0.064308551	-0.0994508021	0.0416284657	0.1559032829	-0.0089662674	0.0344941591	-0.0351322915	0.0433207696	0.062009654	0.0187899715	0.0189407538	-0.064958047	-0.034268399	-0.0819924395	0.0609021261	-0.0113841363	0.0031518065	0.0046945142	0.0553695622	-0.0388946794	-0.0878983403	-0.1517388205	0.0578898584	-0.0262076276	-0.0340552843	0.0744303108	0.051490351	0.0989652871	-0.0278428421	-0.0372992563	-0.1095444023	-0.0427481923	0.0377712685	0.0855503873	0.0466866923	0.1901554795	-0.0041535771	0.0423795005	-0.0593915928	0.0449129812	0.0822095592	-0.0656163892	0.1123262823	0.045114183	0.075297757	-0.056793515	-0.0765951537	0.1095935553	0.0113204113	-0.0913391868	0.0515696625	-0.080673983	-0.021628524	-0.0980141322	-0.0150292736	-0.0568267323	-0.0050943998	-0.0201552838	0.0511736213	0.0577342115	0.0177707532	0.0345695697	-0.0180558543	-0.0187252825	-0.0594896438	-0.0753385799	-0.0371220777	-0.0463014088	-0.0224008184	-0.0042382402	-0.1590759203	0.0033175844	0.0614708717	-0.0738357322	0.0318151645	0.0380962695	-0.0415090074	0.0222053658	-0.0633744002	-0.0382823219	0.0429724034	-0.0081316519	0.0301333115	-0.0988656907	0.0503667167	0.0384814508	0.0747047712	-0.0152949681	0.105852813	-0.0342409631	-0.097606771	-0.0315226796	-0.0104676341	0.0467174554	-0.0186919659	-0.0427133945	0.0629400408	-0.0037435416	-0.0499790259	0.0397717618	0.1158094204	-0.0601640903	0.0711335527	-0.025275129	-0.0572163058	-0.0653684476	0.1195769199	0.0	0.00402737	7.890999999999974e-05	6.226788099999961e-09	1.6219709116899997e-05	0.05512	-0.0340783999999999	0.0011613373465599	0.0030382144	0.321046	0.031982	0.1030705341159999	0.001022848324	0.00147563	1.2409999999999808e-05	1.5400809999999523e-10	2.1774838968999995e-06	-0.00134221	-0.0001275299999999	1.8015276841e-06	1.6263900899999956e-08	7.13261e-05	5.7062e-05	3.2560718439999996e-09	5.0874125412099994e-09	0.0	0.0	0.0
325.92487912241666	0.3144693502083555	106227.02683096191	0.0988909722204653	332.3539359366392	0.0969725038115711	0.0094036664954851	110459.13873257564	212.0797051513404	-0.2138933984857089	0.0457503859157662	44977.80133707948	217.60940489628263	361.6081566627787	1.057443	21.962233	0.0695830849999999	0.0349249	0.0364845506	-0.0231954595	-0.065532623	-0.0307928579	-0.0697828597	-0.077187685	-0.0813484649	0.063748149	-0.0088626436	0.0061542589	0.049224442	0.0916103172	0.0543248826	0.0247570857	0.0406087215	-0.0824169933	-0.1511970272	-0.0050171065	-0.0326404627	0.153588745	0.0109699033	0.0118886856	-0.0202021718	0.0628944459	0.0660048024	0.1345655225	0.0017829053	-0.0305234757	0.0168639036	-0.0503747715	0.102213404	0.0173907681	-0.0201165053	0.0169489422	0.1978138638	-0.0373871736	-0.060524389	-0.0933765144	-0.0883277246	0.0033063302	-0.0248853186	-0.0913829033	0.0178050184	-0.0963553182	0.0012894797	-0.1486804521	0.0837170765	0.0369270848	-0.122266677	0.1896482428	0.0965102965	-0.1189768948	-0.0883469878	-0.0142773929	-0.1769155082	0.0251326601	-0.1772250012	-0.0221155979	-0.0210786237	0.0658828526	-0.0400537938	0.0868171894	0.0093315824	0.0567415934	0.1795849589	0.0101789181	-0.0365447987	-0.0517920025	0.0658373009	0.0385535089	0.0827809945	-0.0259381329	0.048428094	-0.0729306776	0.1458101491	-0.0831167463	0.0737061602	-0.029538044	0.1452292703	-0.0528947236	0.0387322848	-0.092302185	-0.0846831955	-0.0514001508	-0.1009773823	0.1279283332	0.0266516723	-0.0609235599	-0.0002047844	0.0336686254	-0.0267320603	0.0382221633	-0.1987325666	-0.1248144241	-0.0354496519	0.0323288057	-0.0398466868	0.215398196	-0.0289254607	-0.0357260924	-0.0250062187	0.0004527075	0.0621913995	0.0124749776	0.0266771401	-0.1295743115	0.0495241648	-0.0107080574	-0.0116114127	-0.1651165501	0.02797309	-0.1132371315	0.1053444313	0.0476594634	-0.0365288056	-0.0669422107	0.0199096636	0.0674233315	-0.0157141985	-0.0656171012	-0.0511814641	0.0491917823	0.088166924	0.0173812194	-0.0943600642	-0.0369727693	-0.0595842788	-0.0607569269	0.1199443696	0.0	0.00616131	0.00213394	4.5536999236e-06	3.79617409161e-05	0.0632088	0.0080887999999999	6.54286854399999e-05	0.0039953523974399	0.34589	0.0248439999999999	0.1196398920999999	0.0006172243359999	0.00118239	-0.0002932399999999	8.598969759999997e-08	1.3980461120999998e-06	-0.00118036	0.0001618499999999	1.3932497296000002e-06	2.6195422499999952e-08	0.000306563	0.0002352368999999	5.5336399121609994e-08	9.398087296900001e-08	0.0	0.0	0.0
326.7295494280175	0.8046703056008369	106752.19846943532	0.6474943007157442	332.82688350285184	0.4729475662126674	0.2236794003864854	110773.73438222092	212.03949167351973	-0.0402134778206573	0.0016171237984324	44960.74602916464	217.46520463147624	368.7857150164973	1.083199	22.497152	0.0546644499999999	0.0251362	-0.0202716818	-0.0721327115	-0.0609996208	0.0678601825	0.0387072201	-0.1052329543	-0.0124458961	0.1328677523	0.0557636215	-0.0979209932	0.0564618647	-0.0575421078	0.0262634287	0.0289937983	-0.0126405932	-0.0181263538	-0.1789056085	0.0583219627	-0.1045432815	0.0537591746	-0.0015252033	0.0020538484	0.1244120731	-0.0340016917	0.0387822811	0.0413001566	-0.1354486407	-0.0971852775	-0.0113109716	-0.0121663357	-0.1175403709	0.0961927672	-0.0940818413	-0.0526240913	-0.165752466	0.0584328009	0.0098517046	-0.0022839912	-0.0547327966	0.1812124427	0.0439129649	0.0736705886	0.1262749102	0.0274286424	-0.1372982631	-0.0225526734	-0.2013559479	0.0194426137	0.0961426496	0.1147087904	0.1427495079	0.0328614244	0.0711621448	0.0482016822	-0.0468959662	-0.0546973245	-0.1890081661	0.1148671352	-0.0337330612	0.0111355565	0.0258788488	0.0717118413	-0.0354266352	0.1843355115	0.1607616565	-0.0026800957	0.0026076874	0.1425398543	-0.1165264054	0.0158349263	0.0988067649	0.0776079392	0.0401427418	0.0448786859	-0.003504748	0.0563665407	-0.009331875	0.0998586372	-0.0642640435	-0.0640824182	-0.0625467775	0.0574440327	0.0103983308	0.0077592582	0.062574919	-0.0004175625	-0.1802566579	-0.060673133	0.1291587275	0.000117084	-0.0801925621	-0.0656188032	0.2295343012	0.0581877072	0.0231161064	0.062813149	-0.1017793485	0.0950268403	-0.0012239311	-0.1076484662	-0.1913045908	-0.0236480217	0.0340210136	-0.0070313542	0.0498481715	-0.1240944777	0.0809354264	-0.132726697	0.123359125	-0.0269835129	-0.0343926565	0.0144750116	-0.0271224968	0.1116565687	0.0440993247	-0.0128161305	-0.0658029725	0.1656022924	0.0267899641	0.028459128	0.0398803311	0.0318728518	-0.1051208778	0.0060672904	0.0359962649	0.0021264453	-0.0619218161	-0.0560212833	0.1197605978	0.0	0.00333136	-0.00282995	8.008617002499999e-06	1.1097959449599998e-05	0.0696049	0.0063961	4.091009521000002e-05	0.00484484210401	0.331251	-0.0146389999999999	0.109727225001	0.0002143003209999	0.0013672	0.00018481	3.4154736100000034e-08	1.86923584e-06	-0.000896017	0.000284343	8.028464642890001e-07	8.085094164900003e-08	0.000453398	0.000146835	2.1560517225e-08	2.0556974640400003e-07	0.0	0.0	0.0
327.4089212689253	0.6793718409078338	107196.60172648134	0.4615460982184989	333.5967711599053	0.7698876570534594	0.5927270044832651	111286.80572831424	212.29077775854813	0.2512860850283971	0.0631446965288988	45067.37432132928	217.58675433541129	379.0323235678072	1.022221	21.230694	0.105386	0.0658869	-0.0846397138	-0.1091352653	-0.0491563788	0.0609839552	0.0989827144	-0.0670707551	0.1051166786	0.1367530677	0.0913839645	0.00321667	-0.0340486451	0.0401851586	0.0158962695	-0.01433643	-0.0009850505	0.0604963528	-0.1079454177	0.073503084	-0.0775931435	0.0350903236	-0.0810270802	0.0273208973	0.136394962	-0.0470019514	0.0569105959	-0.1914259125	-0.0079727232	-0.1699527808	0.0055698768	-0.1565601381	-0.0600390444	0.0522714188	0.0565030147	-0.0408106777	-0.0609763316	0.0353055892	0.0467039252	0.0387548964	-0.0112023958	-0.0151927944	-0.1203338943	-0.0647432182	-0.1247114881	0.0789347651	-0.0174091118	0.0499678441	-0.0815620905	0.0046470863	0.0584239101	0.0579838918	-0.1034226236	-0.0693322713	-0.0684849573	-0.0047443598	0.0725442746	-0.1066734892	0.0714880654	-0.046080246	0.0047201082	-0.0108957158	0.0159599105	-0.0530329211	-0.0727467155	0.1666963891	0.0602211664	-0.0195035341	-0.1129746623	0.0135224913	-0.0758149138	-0.0201028639	-0.0321756887	0.1286312094	-0.0594760675	0.0827925872	-0.0682134613	0.0929743612	0.2180597888	0.0824405619	-0.0554833121	0.0043776613	0.081406669	0.0867941017	0.0639990244	0.0264025913	-0.0094051916	-0.0088119303	-0.015275303	0.0570711148	0.0571896263	0.1044937644	0.0149497895	0.1071546192	0.0175579234	0.0308406026	0.0770309658	0.0066379229	0.062424274	-0.0366375299	0.0431060233	0.1132940767	-0.049385061	0.1171116982	-0.0080027159	-0.0533582596	0.0083768858	-0.1574845941	0.0082116995	-0.0941940721	-0.1095937746	0.0503401997	-0.0218095538	-0.0494006959	0.0164790803	0.1257393367	0.0294625422	-0.0272676024	0.0226993218	0.0073066316	0.1037569765	0.0371624847	0.0429460001	0.0645888868	-0.0669550697	-0.0681838211	-0.0640457288	0.0731564176	-0.0642277237	-0.0511711914	0.1190264491	0.0	0.00417641	0.00084505	7.141095025000007e-07	1.7442400488100003e-05	0.0242604	-0.0453444999999999	0.0020561236802499	0.00058856700816	0.287359	-0.043892	0.0825751948809999	0.001926507664	0.00164649	0.0002792899999999	7.800290409999999e-08	2.7109293201e-06	-0.000869218	2.6798999999999985e-05	7.555399315240001e-07	7.181864009999992e-10	0.000453398	0.0	0.0	2.0556974640400003e-07	0.0	0.0	0.0
327.0821396005215	-0.3267816684038394	106982.72604565504	0.1067862588047968	333.9005904370494	0.3038192771441004	0.0923061531643636	111489.6042942102	212.564566113656	0.2737883551078823	0.0749600633926798	45183.69476708684	217.9592901492769	380.0845429005743	1.044607	21.695621	0.13093696	0.075548	-0.089915885	-0.0907694007	-0.0541821386	-0.0088813081	0.0608103056	0.0151980663	0.1702517419	0.0874512139	-0.0096041551	0.0064054965	-0.0320201052	-0.0436680168	-0.009106925	-0.0867337784	-0.0128361052	0.1399217445	0.0190922811	-0.0192762987	-0.0866265717	0.0828499846	0.0867205587	0.0450868013	0.1082369164	0.0151066237	-0.0108009389	-0.0686749496	-0.1368855471	0.0629457445	0.0349795915	0.0136500331	-0.0657893618	-0.024376946	0.0470195327	0.0573233549	0.1111851951	-0.056095135	0.0760362358	0.0155652455	0.0422157089	-0.0136220625	-0.0053927317	0.0461777917	-0.050595917	-0.0168174922	-0.0841459561	0.0711417222	-0.1116535242	0.1108870172	-0.0520288802	0.0496440483	-0.0685979647	-0.0534327045	-0.0522888249	-0.0895999966	-0.1377664945	0.0044169975	0.0606804203	-0.0613507278	0.0625163562	-0.0562761563	-0.0345955848	-0.1255118523	-0.0983813439	0.0088441133	0.1064354386	-0.0314935683	0.0303978457	0.0545796083	-0.0115672327	0.0091007362	0.0705045988	0.0664765939	-0.0905161168	0.0561194078	-0.0629066408	0.0455488845	-0.0727451441	-0.0136427751	0.0931132283	0.0233381517	0.1619862853	-0.0752231503	0.0341097535	-0.0736026213	0.0266855545	-0.0015125796	-0.0563256037	0.0518677409	-0.0477737484	-0.0516295322	0.0853641708	0.0302666002	0.076092574	0.0776984029	0.0257178363	-0.0158604392	0.0807770713	0.1023490123	-0.1309918429	0.118728706	-0.0655682939	0.0219065993	-0.0083695144	-0.037687519	0.0149476356	-0.0499972863	0.0891265021	-0.0422201044	0.0173066862	0.0534870395	-0.180584138	0.0327001467	-0.1250781053	0.0721522479	0.0171573035	0.0147741359	-0.0133599635	-0.0163998207	0.0156459012	0.0536306404	0.0542103238	-0.0880450059	0.115148854	0.1181481767	0.0452733734	0.0554139451	-0.0665008237	-0.0462165596	0.1177452974	0.0	-0.0121909	-0.01636731	0.0002678888366361	0.0001486180428099	0.0891899	0.0649295	0.00421583997025	0.00795483826201	0.295265	0.007906	0.087181420225	6.250483600000038e-05	0.00108015	-0.00056634	3.207409956000001e-07	1.1667240225e-06	-0.000881128	-1.190999999999996e-05	7.76386552384e-07	1.41848099999999e-10	0.000196965	-0.000256433	6.575788348899999e-08	3.8795211225e-08	0.0	0.0	0.0
326.5477881362576	-0.5343514642638638	106633.4579366822	0.2855314873609353	333.14391640561337	-0.7566740314360345	0.5725555898496609	110984.8690380703	212.51204197866875	-0.0525241349872658	0.0027587847561605	45161.36798594347	217.9423338185062	375.0706220835197	1.116176	23.182053	0.1875088299999999	0.101173	-0.0562276591	-0.002088614	-0.0539502905	-0.0764569912	-0.0388405034	0.0759489255	0.1217454089	-0.1011202252	-0.1043861488	0.1100253923	0.0156522735	0.0431414573	0.0110066015	-0.0783563516	0.0254783432	0.0557200846	0.1340816667	-0.0504031031	-0.0467323415	0.064046172	-0.0539990728	-0.0247613983	0.0864149225	0.0108690477	-0.0480016402	-0.100023951	0.0466065664	-0.0160374943	0.1499171481	0.087567583	0.0847143499	0.0052104155	-0.1059095724	0.0324518714	0.0956231477	-0.0238107298	-0.0233357382	0.0812321314	-0.055202937	0.0138094105	0.0291330992	0.0685126524	0.0493279423	0.0585990271	-0.0383004746	0.085256111	-0.000954508	0.0667002975	-0.0899870299	0.1276729205	0.016640572	-0.0848693263	-0.0154671709	0.0279318674	0.0573997126	-0.0400921213	-0.0047643164	0.0082326046	-0.1333092232	-0.0314337357	-0.0623355605	-0.0883055497	-0.0008863549	-0.1335239664	0.000893354	-0.0253081725	-0.0372842126	-0.0615181369	-0.0025983276	0.0252850997	-0.0474420099	0.0984056044	-0.0052800126	0.118241071	0.0488893866	0.059871723	-0.0294070732	-0.1954904047	-0.090825394	-0.0027088985	0.1006425281	0.0096359235	-0.0986181038	-0.1102554193	0.0450889802	0.0712468808	-0.0295623498	0.0634159078	0.0366152877	0.0222401279	0.0839661522	-0.0582844668	0.0885438087	0.0639591453	-0.101964354	0.1303237552	-0.0199729158	0.0758126273	0.0624055865	-0.000121969	0.0700071897	0.1679314919	-0.0171444708	-0.0640771065	-0.0636194333	-0.0890946054	-0.0287328501	0.0484184863	-0.1460055126	0.072587891	0.0357621878	0.0135848072	-0.0937274185	-0.0750930449	0.0383942098	0.091915876	-0.1670964515	-0.0222032336	-0.0897270166	-0.0792630097	0.0540197946	0.0805894334	-0.0020374409	-0.1014345994	0.0159213906	-0.0635384471	-0.0687399551	-0.0411675101	0.1159230303	0.0	-0.00277414	0.00941676	8.86753688976e-05	7.6958527396e-06	0.0359828	-0.0532071	0.00283099549041	0.00129476189584	0.26951	-0.0257549999999999	0.0726356401	0.0006633200249999	0.00258541	0.0015052599999999	2.2658076675999995e-06	6.684344868099999e-06	-0.00106808	-0.0001869519999999	1.1407948863999997e-06	3.4951050303999955e-08	-9.34224e-05	-0.0002903874	8.432484207876e-08	8.72774482176e-09	0.0	0.0	0.0
325.6775082033968	-0.8702799328607966	106065.8393495736	0.7573871615401927	332.786099672084	-0.3578167335293756	0.1280328147936321	110746.58813495822	212.22781541723955	-0.2842265614291932	0.0807847382218629	45040.6456367739	217.73822065659053	367.33784288618745	1.226826	25.480169	0.1451095849999999	0.0789968999999999	-0.0067623294	0.0484571716	0.0093906661	-0.0481331639	-0.0522938556	-0.034792291	-0.050921152	-0.0771722855	-0.060786485	0.0979909406	-0.0019467051	0.0399179775	0.0144889898	-0.0607077189	-0.0015540314	-0.1680056986	0.0351936512	-0.1028720361	0.0271374923	-0.0241690616	-0.1102031487	0.0508748981	0.0965070603	0.0173195652	0.0117229543	0.1142420399	0.0396772478	-0.1684561535	0.1792776438	-0.0056459563	-0.1002748465	-0.0155570264	0.074605396	0.027064704	0.0039963782	-0.0681518909	-0.0315789945	-0.0402374165	0.0249676415	0.0540525027	-0.0103554726	0.0045057901	0.2842361167	-0.0277447035	0.0136953847	0.076825669	0.0934875867	-0.1400486702	0.1043601837	0.0010749345	0.0703181115	0.0130484793	-0.0469311438	-0.0566549757	0.0261265265	0.0487396449	0.0333938987	-0.0096350803	-0.0791741102	-0.0157194178	-0.0744905388	0.0980663121	0.0544780956	-0.0982211916	-0.021588962	-0.0581127782	-0.1364871051	0.0135195069	-0.1000346607	0.1386381678	0.0782346429	-0.0627315453	0.069373857	-0.0079334625	0.1126783345	0.0287697193	0.0589608391	-0.044959184	-0.0396715699	-0.0680574366	0.1617301658	-0.0942816412	0.0952983119	0.1166221832	0.0545763149	-0.020510992	-0.1212761958	-0.0919237322	-0.1053990383	0.0100552065	-0.1748121628	-0.0334094395	0.0811331394	-0.0339342141	-0.1813314024	-0.0067163046	-0.0698141315	-0.055993334	0.0949545365	0.0754484761	0.0609912428	-0.0594287781	0.0164881647	-0.0364386358	-0.0391227855	-0.0368139589	0.0278809603	-0.037198575	0.0435189883	-0.1565198954	-0.0339856459	-0.0872139696	-0.020587028	0.0238340366	0.0385157541	0.1251825803	-0.088550564	-0.083644591	0.0362203249	-0.0734520068	-0.1121651465	-0.029277901	0.1200885912	-0.1061593412	-0.0539136195	0.0680284165	-0.070943974	-0.0360343578	0.1135680224	0.0	-0.0081295099999999	-0.0053553699999999	2.867998783689894e-05	6.608893284009839e-05	0.0827848999999999	0.0468020999999998	0.0021904365644099	0.0068533396680099	0.309528	0.040018	0.095807582784	0.0016014403239999	0.00172078	-0.0008646299999999	7.475850368999995e-07	2.9610838084000003e-06	-0.000979752	8.832799999999993e-05	9.59913981504e-07	7.801835583999988e-09	1.23019e-05	0.0001057243	1.117762761049e-08	1.5133674361e-10	0.0	0.0	0.0
326.14534511727453	0.4678369138777043	106370.7861416661	0.2188713779866145	332.97182558192327	0.1857259098392774	0.0344941135856273	110870.23663135873	212.04211831678424	-0.1856971004553145	0.0344834131175111	44961.859940269125	217.57682793453017	364.8819934695709	1.162667	24.147631	0.1344000879999999	0.0728864	-0.0026294772	0.0448465715	-0.0302308362	0.0226611297	-0.0331772696	-0.080192442	-0.0886188156	0.025338976	0.0776957215	0.0531982181	-0.0922801487	-0.0198066965	0.0889560645	0.0136429859	0.0693862663	-0.0953292595	-0.0835361317	0.0089089249	-0.0786886723	0.0804161039	0.0368645935	0.0750833445	-0.0269929719	-0.0934110998	-0.0406052629	0.031801467	0.0835692476	-0.0135737422	0.1204101052	-0.0159545245	-0.0145753228	-0.0209204079	0.0557990117	0.0352510749	-0.0285183032	0.0728900145	0.1356421737	-0.050585587	0.0255427833	0.0916654897	0.0641442744	-0.0203461258	0.0043362341	-0.0463027853	-0.034664321	0.0392402159	0.0265735869	-0.0595032189	0.0743022715	0.0367958576	0.0363816669	0.1073584864	-0.0003770461	0.0184538401	-0.0255730639	0.0961677478	0.2711275783	-0.003410411	-0.0185248265	0.0444202347	-0.033577801	0.0903772965	0.0352860149	0.0765755587	0.0787890492	0.0015972906	0.0525025076	-0.0221384254	-0.0135432545	0.1837488638	-0.0280530826	0.0360275534	-0.0012201554	-0.0630627568	0.0191423613	0.0643881357	0.0209814463	-0.0168483248	-0.0243088912	-0.0508170141	-0.0612597279	0.0468151425	0.1153042385	-0.029363483	0.1042056535	0.0913215789	-0.075932985	-0.0193793741	-0.0862914231	0.0003064447	-0.0427898567	0.0731874378	0.0605678716	0.0319086949	-0.0992285056	0.0076969337	-0.0386470969	-0.030784838	0.0060076991	0.0968184102	0.0714361697	-0.0187753743	0.047407536	0.0269435914	-0.0381124829	-0.0236942318	0.057862814	-0.1254249114	0.1589218591	0.0839924985	0.1007971325	-0.0183901247	-0.0051498712	-0.0065117873	0.0285677921	0.020799831	-0.2277721444	-0.0774744436	-0.0783157536	-0.1160611318	-0.0595199175	-0.1230756145	0.1118793692	-0.0368360284	0.1271042082	0.2674998927	-0.0731117546	-0.0308275893	0.1106910964	0.0	-0.0120918	-0.00396229	1.5699742044100787e-05	0.00014621162724	0.0710626	-0.0117222999999998	0.0001374123172899	0.00504989311876	0.360629	0.0511009999999999	0.1300532756409999	0.0026113122009999	0.00280524	0.00108446	1.1760534916e-06	7.8693714576e-06	-0.00123114	-0.0002513879999999	1.5157056995999998e-06	6.319592654399999e-08	-4.14006e-06	-1.644196e-05	2.703380486416e-10	1.7140096803600003e-11	0.0	0.0	0.0
327.6713229699318	1.5259778526572632	107368.49589686537	2.328608406800472	334.2956628098894	1.3238372279661237	1.75254500614903	111753.59017350328	212.481299925687	0.4391816089027713	0.1928804855984268	45148.30281810976	217.7893130473784	376.2844616525313	1.217272	25.281742	0.143792122	0.0693296	-0.1021242711	0.0551071455	-0.0728698598	-0.0330923355	-0.0285296712	-0.1160782542	0.0625905463	0.1373836126	0.1220047599	0.1869291402	0.0267255301	0.0507143741	-0.088044663	-0.0451818331	0.1496355725	-0.0208378432	-0.1011472199	0.0168194699	-0.0633645576	0.0941042397	-0.1379096123	0.093294202	-0.0277798698	-0.0485231975	-0.0723894396	0.1190582554	0.0790488072	-0.0335699937	-0.0004588307	0.0252965756	0.0085517852	0.0211856688	0.1368262263	-0.0656795577	0.145703237	0.2094921571	0.0729717103	-0.0373547644	0.1557455015	0.050896094	0.0889235702	0.083812814	-0.0474352066	0.0456400639	0.0356105373	-0.026798605	0.0683322547	-0.032909739	-0.1243695615	0.0514247302	-0.0117641513	0.0699705289	0.0302368295	0.0329992285	0.0679763514	-0.0013242552	-0.0444284388	0.0596725984	0.0743420485	0.057894321	-0.1180982075	-0.036927038	-0.0252000369	0.1245127314	0.0781510933	-0.0080650559	-0.1856012195	-0.0377208253	-0.021303813	0.1476103143	-0.01798697	-0.0656599583	0.069274232	-0.159793752	-0.1358318408	-0.1039187312	-0.0352156699	0.1000104929	-0.0297114237	-0.1249969669	-0.1049689632	-0.0082405513	0.0365543094	-0.0864423958	-0.0424498046	0.1823714288	0.0507818373	0.0563232815	-0.073183601	-0.1348783338	0.0274325666	0.1386729604	-0.018496805	0.0664034173	-0.0390946883	0.0379044039	0.0267448854	0.0266905029	-0.0243317505	-0.0986830926	0.0787411334	0.0238922089	0.0366310701	-0.0484155774	-0.1145492687	-0.1465548645	0.0149466499	-0.0076686931	-0.0044563799	0.0447276193	0.023477068	-0.1415476907	0.0512847626	0.0534822547	0.0143139002	0.0673574316	0.0180957665	-0.1210950521	0.0490797102	-0.0840207763	-0.1073857277	-0.0270565262	0.1011283592	-0.131490962	-0.1281468225	0.081059175	-0.0752421898	-0.0255578418	0.1073054737	0.0	0.00609371	0.01818551	0.00033071277396	3.71333015641e-05	0.0279094	-0.0431532	0.00186219867024	0.00077893460836	0.326418	-0.0342109999999999	0.1065487107239999	0.0011703925209999	0.00197078	-0.00083446	6.963234916e-07	3.8839738084000006e-06	-0.00115341	7.773000000000003e-05	1.3303546280999998e-06	6.0419529000000044e-09	-5.67983e-05	-5.265824e-05	2.7728902398975998e-09	3.22604688289e-09	0.0	0.0	0.0
327.3237676959829	-0.3475552739488989	107140.84889869376	0.1207946684496942	334.77365579521035	0.4779929853209523	0.2284772940160361	112073.40061448998	212.0984008052893	-0.3828991203977239	0.1466117364013506	44985.73162416114	217.6341004341362	388.1895712023022	1.167791	24.254055	0.1595599549999999	0.0798926999999999	-0.1681747653	0.0232587249	0.0811917925	-0.1102419006	-0.0557380275	-0.1723764411	0.0671354008	0.0363124074	-0.0672932688	-0.0483119568	0.0196609227	0.1004440265	-0.0408046083	-0.0161330417	0.0331167817	-0.0786354767	-0.1379142805	-0.0259103668	-0.100541178	0.133620873	0.1301914523	-0.0409475973	-0.1104247867	-0.0660104702	0.0006546904	0.0241248925	-0.0910248205	-0.0324675237	-0.0967329703	0.0314829886	0.0306970037	0.0316567628	0.0353228898	-0.0351343598	-0.0119322213	0.1342765886	-0.0337862764	-0.1100875347	0.2023416542	-0.1135107513	-0.0391305316	0.1752560799	-0.1528562756	0.0273741957	0.0816131116	-0.1116461782	0.1132352471	0.0293439842	-0.0949647482	0.0015813578	0.0351160838	0.1029163823	-0.0235779713	-0.0485508041	-0.0596903318	-0.0170362717	0.0326001614	-0.0527002838	-0.1085512277	0.0049434035	-0.0521370866	0.1152238445	0.0131258498	0.0640176653	0.2308487744	-0.012411027	0.0504449884	0.0314408597	0.0748638287	0.0049838301	-0.025338986	-0.1059357875	0.0041649833	4.84959e-05	-0.1885788697	0.0506277934	-0.0146921514	0.0923714941	0.0395332365	-0.0912616541	-0.1171561883	-0.0449125607	-0.0054859163	-0.0276708002	-0.1149460338	-0.0807846957	-0.0314678579	0.1583581556	-0.073572047	-0.1349456938	-0.0021540453	0.1162521274	-0.1085860363	-0.0156571036	0.1126971458	0.0729897378	0.0112023055	0.0076609808	0.0132235739	-0.1285882894	0.1260799556	0.1223466709	0.0801221703	0.036298872	-0.0829090322	-0.1480091373	0.0667547193	-0.1509884944	0.0508474412	-0.1035479708	-0.0478918271	0.0536718714	0.010804978	0.024947509	-0.0067984999	0.0614778966	0.0001087256	0.0295584669	-0.0687546582	-0.072353225	0.0647940186	-0.0518489022	-0.0502011834	-0.0319980923	-0.2447554891	0.1035878505	-0.0773341911	-0.0202358811	0.1034267134	0.0	-0.00199062	-0.0080843299999999	6.535639154889998e-05	3.962567984399999e-06	0.06829	0.0403806	0.00163059285636	0.0046635241	0.390792	0.0643739999999999	0.1527183872639999	0.0041440118759999	0.00239032	0.0004195399999999	1.7601381159999998e-07	5.7136297024000005e-06	-0.00157585	-0.00042244	2.4833032225e-06	1.7845555360000006e-07	3.56422e-05	9.24405e-05	8.545246040250002e-09	1.2703664208400003e-09	0.0	0.0	0.0
325.7897805132065	-1.5339871827764	106138.98108684328	2.3531166769222764	332.91122284085	-1.862432954360372	3.468656509487504	110829.88229339008	211.9109172821045	-0.1874835231847953	0.0351500714657836	44906.23686334293	217.45131958942605	378.8136273337012	1.287752	26.745552	0.1656019449999999	0.100612	-0.0736616272	-0.0319917801	0.2058126821	-0.0693059533	0.1164261664	-0.1459877869	0.0206662681	-0.0472225392	-0.1298971171	0.0258357757	0.0384733713	0.0498555092	0.0131586011	-0.0170328519	-0.1133811975	-0.0660416546	-0.1156675459	0.0064778541	-0.0440426468	0.0471502055	0.0197453671	-0.020156413	-0.0116754732	0.0572861982	-0.08275102	-0.1715882016	0.0426679438	-0.0079063072	-0.0872594733	0.0271211234	-0.0353015808	0.0392260626	-0.0430825727	-0.0964019469	-0.0751933823	-0.0831127962	-0.0532670786	-0.0907366023	0.1000727518	0.0681426919	-0.0462945136	-0.0923182286	-0.0590163538	-0.1370039931	0.0843808437	0.096337061	0.1655334993	0.0740413235	-0.1747839442	-0.1262150043	0.0499135017	-0.0443807108	0.0750700051	0.051167444	-0.0729262387	-0.0090326988	0.030799269	-0.0462613618	-0.056447818	-0.1200100241	0.0443390008	0.1005734907	-0.0162106712	0.0617991035	0.0764008816	-0.0292641597	-0.0851492047	-0.0595370706	0.1553020909	-0.0677035444	-0.088055231	-0.0164525183	-0.0458016244	0.0584128074	-0.1258158169	-0.022802593	-0.0206954127	0.0463709725	-0.1439168866	0.0925701398	0.0333115923	0.0298604203	-0.0842701387	0.1367088034	0.0165224215	0.0100862991	-0.163712424	-0.0082853618	-0.0525330983	0.0164906441	0.0902660523	-0.0336492634	-0.1927645297	-0.0083478512	-0.1669549492	-0.0265501522	0.053675315	-0.0272648699	0.0555365283	-0.0458176015	0.070868305	0.0707891287	-0.0132561322	-0.027318061	-0.0495175049	-0.0158479994	-0.1039061005	-0.1633061282	-0.1376101313	-0.0103048077	0.0181019098	0.1628997448	-0.0315675069	0.0354248649	-0.0030680917	0.0025053196	-0.0473831234	-0.0241052558	-0.0272741365	-0.0480962578	0.1156076275	0.0917051047	-0.0368770823	-0.0648191703	-0.0633975868	0.0566838234	-0.07938669	-0.0148725796	0.0990726408	0.0	0.0143826	0.01637322	0.0002680823331684	0.00020685918276	0.0561443	-0.0121457	0.00014751802849	0.00315218242249	0.300653	-0.0901389999999999	0.090392226409	0.0081250393209999	0.0029471	0.0005567799999999	3.100039683999998e-07	8.685398409999999e-06	-0.00128619	0.0002896599999999	1.6542847161e-06	8.390291559999997e-08	-5.67983e-05	-9.24405e-05	8.545246040250002e-09	3.22604688289e-09	0.0	0.0	0.0
324.6925651307557	-1.09721538245077	105425.26185119004	1.2038815954865896	332.82550483539217	-0.0857180054578066	0.0073475764596645	110772.81666893364	211.59523858187487	-0.3156787002296255	0.0996530417786657	44772.54499052055	217.2181721496012	365.5823482615607	1.254812	26.061424	0.0569856649999999	0.0254029	0.0240105639	0.0399043187	0.1110099135	-0.054939318	0.1170074087	0.045096964	0.0389589087	-0.0379020681	-0.024757294	0.2414187817	0.1051988943	-0.0528233141	-0.0840825356	0.0667714625	-0.0661732363	0.0174568285	0.0882366333	-0.1422101177	0.0137065541	-0.0583883767	-0.0158132062	0.0962899774	-0.0024053605	0.0128590674	0.0111971534	-0.0061660867	-0.0040862248	0.0004257147	-0.1052768909	-0.073875749	0.0834612511	0.0455637755	-0.1525848762	-0.0757256281	0.0631860668	0.0990895641	0.1199224574	0.098408023	0.0864043223	-0.1099926108	-0.011118345	0.0691190038	0.0153761575	0.0069454376	0.0002995982	-0.0407307102	-0.0425868344	0.1044845391	0.0708665104	0.1214931387	0.0271300175	-0.0666699213	0.0201081953	-0.0834275058	0.1372153886	-0.0004540913	-0.1223525623	0.0331284652	0.0614625363	-0.0272579631	0.0996176633	-0.0424911697	0.0097016177	-0.0868139345	-0.0773105509	-0.0954530575	-0.143662504	0.0074238137	-0.0194085556	0.0507730706	0.0350552568	-0.0621626877	-0.0743575554	-0.0446984733	-0.1781045523	0.0066785958	0.0111734435	0.0019886292	0.0327629167	-0.0267179583	-0.1051798501	0.078305842	-0.1618529205	-0.1233289445	-0.0305521199	-0.1149925017	0.0106697251	0.0034487102	0.0493253536	0.0378143033	0.0571504365	0.0329222056	-0.0012064133	0.043582941	0.0585250222	0.103699677	-0.0522460338	0.0581649253	-0.1461959085	-0.0983064734	-0.1102507814	-0.0224494673	-0.0377315367	-0.0602122676	-0.0006766036	0.0138855533	-0.1326130273	0.0803380036	-0.1197822149	-0.0278664986	0.0133608537	0.1121397741	-0.1842638745	-0.0066184801	0.0676816625	0.1747231432	-0.07487755	-0.0493863863	0.0296439095	-0.0852954804	-0.0242197197	0.00188605	-0.0226175187	-0.1002070082	0.0113446489	-0.0271371079	-0.0813986382	-0.0094788943	0.0942632658	0.0	0.0259261	0.0115435	0.00013325239225	0.00067216266121	0.0691317	0.0129874	0.00016867255876	0.00477919194489	0.29121	-0.0094429999999999	0.0848032641	8.91702489999996e-05	0.00313715	0.00019005	3.611900250000008e-08	9.8417101225e-06	-0.00121787	6.831999999999997e-05	1.4832073369e-06	4.667622399999995e-09	0.000145067	0.0002018653	4.0749599344090014e-08	2.1044434489e-08	0.0	0.0	0.0
323.5101119177553	-1.1824532130004286	104658.79251303856	1.398195600935037	331.08361654440404	-1.741888290988129	3.034174818281545	109616.36114412195	211.30847091674804	-0.2867676651268311	0.0822356937622943	44651.26988117415	217.0606644907949	353.90540417477865	1.293183	26.858345	0.1170204999999999	0.0692707	0.1101564802	0.0770930675	0.1364467906	0.0255170122	0.0101540063	0.0399237577	-0.165254844	-0.1867600822	0.056368982	0.1066233124	0.0117315136	0.1419039625	0.0209040572	0.1184302643	-0.0583090629	-0.1983116023	-0.08025751	-0.05932058	0.1202430314	-0.1379915591	-0.0220278472	0.0294300735	0.0336574094	0.0407782569	-0.0450279199	-0.0249972761	-0.0499513829	-0.0679089604	0.0992587144	-0.0422663649	0.0153310974	0.0051813645	-0.0485610287	-0.0457472759	-0.0614972346	0.0414461988	0.0090100357	-0.0528164111	-0.0148265451	-0.034938222	0.0166830143	0.0992411469	-0.064380968	-0.0491619355	0.0439801958	0.0427655666	-0.0860457804	0.0426799316	-0.0171535614	0.0433927446	-0.1940119967	0.1617482956	-0.0661651138	-0.2155217667	-0.0433385433	0.1019212662	-0.0938080358	-0.0406753895	-0.0746839811	0.0065376763	0.1294591278	0.1634813815	0.2072750626	0.0141609667	-0.115808831	-0.0205513915	-0.0411173078	-0.076009627	-0.0274911971	0.0282101745	-0.0224270894	-0.0403459864	0.0299206186	0.1479188664	0.0338893288	0.1291682039	-0.0066922638	0.0214844117	0.0274975448	-0.0681756804	-0.0407359703	-0.0057251748	0.0136984973	0.0353259531	0.012609794	-0.090770821	-0.1119107952	0.0961568011	-0.1454445532	-0.07238522	-0.1024691359	-0.0376401089	-0.0757208525	0.035683583	0.1297172696	0.0367752145	0.1335711643	0.0648342896	-0.2295124161	0.044940727	0.0210555665	-0.0081062607	-0.0465043695	-0.0503050329	0.044977509	0.1202062951	-0.0761844139	-0.0504684102	0.0415986453	-0.1532569077	0.161443366	0.024921423	-0.0121965385	-0.0723423521	-0.0434069735	-0.0105453863	-0.0979684843	-0.0089385674	-0.1127934048	0.0489604954	0.0233004193	0.0841474915	0.1068751099	0.0629056462	-0.0016062796	0.0127232817	-0.0833690079	-0.0040658442	0.0890206905	0.0	0.0183942	-0.0075319	5.672951761000002e-05	0.0003383465936399	0.108895	0.0397633	0.00158112002689	0.011858121025	0.302968	0.0117579999999999	0.091789609024	0.0001382505639999	0.00209076	-0.00104639	1.0949320321e-06	4.3712773776e-06	-0.00124777	-2.9900000000000025e-05	1.5569299729000002e-06	8.940100000000012e-10	0.000228123	8.3056e-05	6.898299136e-09	5.2040103129e-08	0.0	0.0	0.0
323.94951486008813	0.4394029423328334	104943.28817808646	0.1930749457307513	330.00049260220726	-1.083123942196778	1.1731574741598894	108900.32511769944	211.53532513400964	0.2268542172616037	0.0514628358893749	44747.19377955117	217.13839664965096	344.091433410885	1.235424	25.658735	0.0837176499999999	0.0470917	0.1583430566	0.0205024737	0.0380423802	0.2116306223	0.1529165242	0.0226709046	-0.136378444	0.0088328931	0.215010349	0.0443175951	0.1308824823	-0.023326448	-0.0222029853	0.0961892486	-0.1338284223	0.0121392571	-0.1186198681	0.0236907672	0.0921634171	-0.1806317589	-0.1551403981	-0.029840315	-0.0182415596	-0.0250919629	-0.0195680377	-0.0550386426	0.0096599398	0.0143990634	0.0061112845	0.0510491417	0.1815359207	0.1222945356	0.0184985805	-0.0499616766	0.0278282841	-0.0285561727	0.0343273907	0.1176950477	-0.0101765361	0.0655143253	0.0655633535	0.0195514059	0.1562804924	-0.0767010085	0.1615166365	0.0241789601	-0.0158756254	0.1589685519	-0.0212343223	-0.1316891571	-0.1050118271	-0.0163878385	0.0271776519	-0.0636583192	-0.0735774193	-0.0015162748	0.1032510767	0.0575407392	0.0195837374	-0.0511408808	0.1806796284	0.0131151518	0.0668208868	0.1472587521	-0.1351212035	-0.0420922095	-0.0776802751	-0.0631451447	-0.067535223	-0.1323306528	-0.0621002967	-0.0340289376	0.0559665551	-0.0010106123	-0.049723672	-0.0158327031	-0.0266499472	-0.0476993806	-0.0091392534	-0.1344973652	0.0458824662	0.0514600628	-0.0879813197	-0.0110631577	-0.0115205443	0.0596823095	0.0361440178	-0.0600108431	0.142151336	-0.1183287061	-0.0085919289	-0.1662299303	-0.0810086689	0.1232378199	-0.0347895283	-0.0485530747	0.1294752792	0.0027646745	-0.0086521435	0.030317686	0.1357250449	-0.1856650374	-0.111108371	-0.0787848217	0.1036388527	0.1233580061	-0.1004091821	-0.0230456184	-0.0209489936	0.0205019551	0.0931426112	0.0046752973	-0.0166428825	0.140972033	0.1345552646	-0.0075664478	-0.0399239789	0.0437846361	0.0112119757	0.0987436075	-0.0404082494	-0.0045870256	-0.0863978101	0.0954256831	0.0629801487	-0.1097755156	-0.0852967926	0.0013555122	0.0833690079	0.0	0.0274828	0.0090886	8.260264996000004e-05	0.00075530429584	0.0774525999999999	-0.0314424000000001	0.00098862451776	0.0059989052467599	0.270199	-0.0327689999999999	0.073007499601	0.0010738073609999	0.00209796	7.199999999999741e-06	5.1839999999996277e-11	4.401436161599999e-06	-0.00116663	8.113999999999994e-05	1.3610255569000002e-06	6.5836995999999915e-09	0.000348136	0.0001200129999999	1.4403120168999994e-08	1.21198674496e-07	0.0	0.0	0.0
325.20557560800154	1.2560607479134092	105758.6664065316	1.5776886024487928	332.0086172292562	2.0081246270489146	4.032564517760342	110229.72191448274	211.85608175846568	0.3207566244560382	0.1028848121324319	44882.999378049695	217.3004088688573	354.1587168659483	1.183226	24.574623	0.0472764499999999	0.0196058	0.0703485401	0.099280895	-0.0546783155	0.1342035003	0.0159070501	0.1063693357	0.0188367203	-0.045470616	0.1521189226	0.163592446	0.0387821633	0.1031104018	-0.0999826462	0.064753849	0.0448811131	0.076570665	-0.0203431073	-0.029539706	0.0609827563	-0.1281666375	-0.1507932653	-0.0142193537	-0.0549507864	0.0119256582	-0.0047315051	0.0215226546	0.0535901384	0.1499286621	0.1203254768	0.0760808361	0.1047216501	0.0197134956	-0.1025527272	-0.0883379337	0.0387400213	0.0586346047	-0.1240453014	-0.0997991176	0.1011911906	-0.1217460277	-0.1127542472	-0.0009659359	0.1502678743	0.0906077965	-0.0505053377	0.0696156616	0.1167718269	-0.0295815558	0.0661343149	0.1529676079	0.0420877375	-0.0800601969	-0.0211963182	-0.0214808499	-0.0063114416	0.1364559878	-0.0126217251	-0.1536737754	-0.0575115473	0.0476714551	0.0547107393	-0.1028644288	0.107580599	0.057052954	-0.1155696675	-0.0357450055	-0.0740286239	-0.1197210208	-0.0668398269	-0.0769326421	-0.050334593	-0.0565990378	0.0576633249	-0.0557344366	0.015825235	-0.0377953672	-0.1675799054	-0.1490083558	0.0290138176	-0.0968464693	-0.0142850605	0.0244568042	-0.1189305743	-0.0295624428	-0.208540135	-0.0953232651	-0.0238076714	0.1144864986	-0.0397005575	0.0421517855	0.0154523642	0.0096035945	0.0151990768	-0.0358724239	-0.1417283828	0.1948253943	-0.1663038327	-0.0052660523	0.0701963336	0.1177540316	0.014804105	0.0776971298	-0.0991399648	-0.0944714581	0.014046399	0.1042981466	-0.0892895559	0.1042660523	0.0550878992	0.0686111678	0.1303904421	-0.0792571553	0.0120990657	-0.0139059356	0.0398801037	0.0027547448	-0.0907748051	-0.0690674889	-0.0316207805	0.1346966791	-0.0155416685	-0.0394741551	0.0613100903	0.0573995439	-0.0496224865	-0.0983784033	-0.0871810076	0.0067740994	0.0773341911	0.0	0.0203863	-0.0070965	5.036031225000003e-05	0.0004156012276899	0.085551	0.0080984000000001	6.558408256000167e-05	0.007318973601	0.275815	0.0056159999999999	0.0760739142249999	3.153945599999949e-05	0.0023311	0.00023314	5.435425960000009e-08	5.43402721e-06	-0.000975583	0.000191047	9.51762189889e-07	3.6498956209000033e-08	0.00045326	0.000105124	1.1051055376000002e-08	2.054446276e-07	0.0	0.0	0.0
325.6692302660063	0.4636546580047707	106060.44754205304	0.2149756418895208	331.3651886023691	-0.6434286268871006	0.4140003978978196	109802.88821748365	212.1859344984356	0.3298527399699367	0.1088028300656746	45022.87079897441	217.60544979193784	359.87142082447764	1.13999	23.676661	0.07615875	0.041212	0.026443887	0.0682900449	0.069741856	0.1753397258	0.0073233269	-0.0699488688	-0.0634045553	-0.0400342807	0.1157762666	-0.0245360065	0.0393361759	0.0482793988	-0.0189939941	-0.0421061602	0.0010588253	-0.060908927	-0.107475179	0.0741088987	-0.0015221654	-0.0462358149	-0.1779522028	0.0106746267	-0.0113852007	0.1429326411	0.0942775517	-0.1495372758	0.0029437282	0.1798660419	8.0746e-06	-0.0842940722	0.0550558629	0.1302693067	-0.0091110566	-0.1537839869	0.1075479496	-0.1660164649	-0.1766910903	-0.0023065856	-0.0181968797	-0.0113001681	0.0887678248	0.008546214	0.0631306352	0.057351458	-0.0994641947	-0.1564920997	0.1155866712	-0.1340780659	0.0317697892	0.1559352177	0.0126244505	-0.0019794138	-0.023043994	0.0472872457	-0.0244685366	-0.1914152896	-0.0487637819	0.0698323934	0.0773292434	-0.0189103883	-0.0445477117	0.0463468873	0.053455857	0.1221917289	-0.0594272543	-0.0388593705	-0.0252031541	-0.1054760365	-0.0612854177	-0.1896287403	0.1144384599	0.0521679111	-0.0010488298	-0.0227882258	0.123426554	-0.0925104697	-0.0263062365	-0.0612619376	0.1020664525	0.0330915044	0.1673570854	0.1608404059	-0.1222399063	0.0341480053	0.0146897377	0.0594241622	0.0814935027	-0.0354143231	0.0537291988	-0.1394970216	-0.1939276325	0.1057080421	-0.0338982473	-0.1659037608	0.0257872573	0.1381772226	-0.0814557953	0.0867582807	0.0392128604	-0.0708970853	0.0156590044	0.0704969131	-0.0855120459	-0.0771936306	0.0097410217	0.0952577331	-0.095713002	-0.0594718984	0.0915022607	-0.0900434017	-0.0229326539	-0.0844382495	0.1276919983	0.0333259438	0.0769832485	-0.0743450097	-0.0350248834	0.0461002763	-0.0113991315	0.1181863032	-0.0763900093	-0.0410913454	-0.0299689321	-0.0142953533	0.0272108358	-0.0547919986	-0.0890206905	0.0121788474	0.070943974	0.0	0.0285509	0.0081646	6.666069316000002e-05	0.00081515389081	0.116679	0.031128	0.000968952384	0.013613989041	0.297492	0.021677	0.0885014900639999	0.000469892329	0.00211866	-0.0002124399999999	4.5130753599999977e-08	4.4887201956e-06	-0.00090255	7.303300000000002e-05	8.145965025e-07	5.333819089000003e-09	0.00043495	-1.831000000000001e-05	3.3525610000000024e-10	1.8918150250000003e-07	0.0	0.0	0.0
326.59777286954045	0.9285426035341402	106666.10524334392	0.8621913665779595	332.2160751051347	0.8508865027656043	0.7240078405886807	110367.52055826048	212.4071611772504	0.2212266788147872	0.048941243419421	45116.80211937843	217.83968622879524	365.6251475670758	1.160439	24.101355	0.13314555	0.0772225	-0.0214509892	0.0125205007	-0.0449458932	0.1944773341	0.0554616702	-0.0324924488	0.0413715464	0.0962441136	0.1368592292	-0.0533541904	-0.0313120895	-0.0816493039	0.0411283381	-0.0963523636	-0.0677495584	0.0988880243	-0.0101000299	0.0583902541	-0.0483162417	-0.0279413193	-0.0703365586	0.0461332136	0.0115521739	-0.0517708398	0.1204584232	-0.1141214248	-0.0335161721	0.0377554499	0.1192749653	-0.1296810719	-0.0469596012	0.0224405665	-0.0583363452	0.0007241183	-0.0389306938	-0.0240825173	-0.0152813674	-0.2183931659	-0.0505483152	-0.0377488579	0.1168390011	0.1126796018	-0.100319055	0.0428460816	0.2110934601	-0.021487142	-0.0342532926	0.1394251321	0.0171930772	-0.0979636119	0.0560698875	0.0099814465	0.0742870992	0.155403827	0.0685469728	-0.0484260081	0.0364977866	-0.0730989956	0.0552416762	-0.0800295583	-0.0370807888	-0.0613001929	-0.0790009222	0.0875666666	-0.0325426778	-0.044331629	0.077229953	-0.0418526967	-0.1207943575	-0.0679899825	0.0612046283	0.1690263792	-0.0635071588	-0.046656176	0.0716400649	0.0735698679	0.0725727822	-0.0029834866	0.0577579422	-9.56219e-05	-0.0203951216	0.1006430796	-0.0059002354	0.0806555727	-0.0238181712	0.0276666348	-0.1146933012	0.0409233943	-0.1420356981	-0.0707360932	0.0978396795	-0.0472068673	-0.0369474181	0.0225657965	0.1238510762	0.0033143613	0.1077686744	-0.010563975	0.1483878989	-0.1261553455	-0.0408464301	-0.1186528677	-0.070483616	-0.0853175497	0.0356415531	-0.031761561	-0.092401207	-0.0277025674	0.0526174593	0.1597569827	0.0092119983	-0.0331743009	0.0424122717	0.117408599	0.0536561892	-0.0558010064	0.014072088	0.028918439	-0.0258082465	0.1485155499	0.0227682138	-0.1785219428	-0.0987001702	-0.0359576124	0.0222442555	-0.0962957213	-0.0908149015	0.0175587148	0.0642277237	0.0	0.0338093	0.0052584	2.765077056e-05	0.00114306876649	0.0456989	-0.0709801	0.00503817459601	0.00208838946121	0.31636	0.0188679999999999	0.1000836495999999	0.0003560014239999	0.00247248	0.0003538199999999	1.2518859239999998e-07	6.1131573504e-06	-0.00121227	-0.00030972	1.4695985529000002e-06	9.592647840000004e-08	0.000532191	9.724100000000004e-05	9.455812081000006e-09	2.83227260481e-07	0.0	0.0	0.0
327.71593523570607	1.1181623661656204	107397.7342074135	1.2502870771090988	332.97817896769163	0.7621038625569554	0.5808022973242307	110874.46766864008	212.6615150552047	0.2543538779542871	0.0646958952303843	45224.91998557505	217.746669790662	377.133587354622	1.143322	23.745859	0.1273924999999999	0.0656724	-0.1037473985	0.013581978	-0.1120515779	0.0883971683	-0.0184198006	0.036313623	0.1949083543	0.0438611935	0.1021424228	0.0070542476	0.0840163157	0.0397697987	-0.1526666474	-0.1254148043	0.0521531383	0.1360164946	0.1087536376	-0.0663681206	-0.048119793	-0.0140818523	-0.1168601375	0.0207551524	0.040479888	0.1007402958	0.1449629579	0.0128934505	0.1221083244	0.0736411053	0.0142362474	-0.0307730709	0.1108679908	0.1151403574	0.0182190617	0.0011670861	-0.0373484674	0.0194867588	0.0573617333	-0.0109378919	0.0425158546	0.128847009	0.028395082	0.1974335451	-0.1690905623	0.004554056	0.1340277478	-0.0782509029	0.0554985292	-0.0989619663	0.0805952183	-0.0565631092	0.0235251263	-0.1010865383	-0.0402184539	0.102101564	-0.0712092198	0.0517816496	0.0620738827	-0.0699808475	0.0798914275	-0.0189518154	-0.1229622606	-0.2030057649	-0.060382092	-0.0338324653	-0.0474030778	-0.0852042382	-0.1381684307	-0.0101441345	-0.1100162796	-0.112620501	0.0605257366	-0.0273770719	-0.0622899971	0.0072860253	-0.0132011308	-0.0212901749	-0.0149741363	-0.0098702525	0.0353755945	-0.0152394727	-0.1622985916	0.1641341072	-0.0064924199	0.0177676759	0.1076402992	0.131419993	0.0263556612	0.1745603385	-0.002724317	-0.1520467864	-0.0311491151	0.0513222959	-0.1134327785	0.0631051091	-0.0421746119	-0.2136858852	0.0209481016	-0.0901253499	0.0537866148	0.0472641582	-0.024121879	0.1128194605	-0.0862476278	-0.1104374887	-0.0495305945	-0.0035811133	-0.0929231032	0.1122176733	0.032604225	0.0892522238	-0.1997311783	-0.117587474	0.0699882588	-0.0229469494	0.0818022688	-0.0690275399	-0.0180255125	-0.0140035224	-0.1128494268	0.1377627547	0.0771402471	-0.1180511372	-0.0473610648	-0.0886888705	-0.1204620964	-0.0687898042	-0.0925627242	0.0229027108	0.0572163058	0.0	0.0234192	-0.0103901	0.0001079541780099	0.00054845892864	0.0985329	0.052834	0.002791431556	0.00970873238241	0.284775	-0.0315849999999999	0.081096800625	0.0009976122249999	0.00211536	-0.0003571199999999	1.2753469439999989e-07	4.4747479296e-06	-0.000917722	0.000294548	8.422136692840001e-07	8.675852430400004e-08	0.000532191	0.0	0.0	2.83227260481e-07	0.0	0.0	0.0
327.8246578711881	0.1087226354820245	107469.00630836152	0.0118206114661571	333.5587303860297	0.5805514183380751	0.3370399493343507	111261.42661674006	212.86575214653683	0.2042370913321463	0.0417127894758154	45311.82843691085	218.21923007615965	384.6191120648584	1.17228	24.347284	0.0712004999999999	0.0394906	-0.145007197	-0.0393580678	-0.0501558526	-0.010943893	-0.1269312968	-0.0149420497	0.0961450188	-0.1103017244	0.0215829678	-0.0250443193	-0.1558459225	0.1128114776	-0.1180335246	-0.2027265504	0.0544400085	-0.0418281834	0.0253890867	-0.1484524049	0.0435670562	0.00365493	-0.0865961019	0.1168649266	-0.1488678981	-0.0576934206	0.0287688996	0.026494542	0.1076107774	0.0379937275	0.081648476	-0.0976124178	-0.1998113423	-0.0240861857	-0.0337671117	-0.026188964	-0.1554746742	0.1195559152	0.0142194825	-0.0858576032	-0.2193775542	-0.0896479996	0.0359521515	0.1821367105	0.011338101	-0.0708929122	-0.0049911393	0.033452556	-0.0428231389	-0.0189399979	0.0955252399	0.0094372115	0.131683647	-0.0414098553	0.0510606552	0.0051842655	0.0191969026	-0.1268751947	0.0144649332	-0.2280656442	-0.0215697498	-0.0649420353	-0.1974356379	-0.0309415444	0.0924084237	-0.0838231985	-0.0011209919	-0.0783787276	0.0252001631	-0.1230836634	-0.1586853487	0.0742469709	0.0805901081	-0.0101466983	0.0712509738	-0.0263711149	0.0601944775	0.1151384301	0.0370090042	0.0642901068	0.0549965923	0.1195969729	-0.089700188	0.1956774421	0.1361475299	0.0132883646	-0.1317189585	-0.0953719718	-0.0870183246	0.0689171146	-0.0662911343	-0.0614920738	0.1480923384	-0.1853650699	0.0734582297	-0.0065512125	-0.0439332822	-0.0153761538	-0.1680533357	-0.0476582833	0.0675787038	-0.1619626684	-0.0719323776	0.1046379088	-0.063699174	-0.1152636337	-0.0672305267	-0.0817315295	-0.0787907498	-0.0298582545	0.2228370409	0.0877193203	-0.0408044183	-0.0439677637	-0.0818046494	-0.0681889013	-0.0873637943	0.0241725936	0.0110731906	-0.0681419539	0.030851797	0.2003914378	0.0659873399	-0.0398847158	0.0024651345	-0.202744625	0.066925478	-0.0448999155	-0.0942632658	0.0281999178	0.0499419421	0.0	0.0282299	0.0048106999999999	2.3142834489999976e-05	0.0007969272540099	0.0657347	-0.0327982	0.00107572192324	0.0043210507840899	0.304787	0.0200119999999999	0.0928951153689999	0.0004004801439999	0.00222248	0.00010712	1.147469440000001e-08	4.939417350400001e-06	-0.000863932	5.379000000000007e-05	7.46378500624e-07	2.893364100000007e-09	0.000642873	0.0001106819999999	1.2250505123999991e-08	4.13285694129e-07	0.0	0.0	0.0
326.8028448727878	-1.0218129984003212	106800.0994169474	1.0441018036998548	332.69948638407885	-0.8592440019508558	0.7383002548885224	110688.94824022987	212.6219052364952	-0.2438469100416398	0.0594613155368555	45208.074586397146	218.0869238151291	380.6329165251315	1.283022	26.647318	0.0598909999999999	0.0289826	-0.0946208286	-0.1463900014	0.1110449987	-0.0532426906	0.0106331559	-0.1266546534	-0.0013596659	-0.1446910708	-0.0649420911	-0.0146864427	0.012326698	0.1646852746	-0.032378826	-0.1724339405	-0.0366046567	-0.0448696172	0.0015553323	-0.0045273936	0.0415435909	-0.0241290506	-0.1516354464	0.0170919168	-0.04957673	0.03832003	-0.0880715966	0.0118601162	-0.1103472145	-0.0337454484	-0.109255165	0.0086779964	0.0930019107	-0.0295182638	-0.0302343155	-0.0892938659	-0.074469369	0.0327165161	0.1772289429	-0.0070658158	-0.0869667868	-0.1461172517	-0.0496515542	-0.1391895782	0.0653568274	-0.0141319442	0.0122189692	0.0212167558	0.0044036766	-0.0646668328	-0.1349678832	-0.051239919	-0.0235211327	-0.1392242288	-0.0798217991	0.022504855	-0.0462753055	-0.1401327507	-0.0075228634	0.0282479363	0.1910354342	-0.1362318479	-0.1249622908	0.0416947874	0.0217889011	-0.0213860521	-0.0497816754	-0.021618109	-0.0517156087	-0.1391021277	0.0445652537	-0.0755082066	0.0081983144	0.0450762709	0.1340288704	0.1100176637	-0.1092461945	-0.0982352041	0.0344550959	-0.0326694469	-0.0287394399	-0.0196306762	-0.0263856382	0.0568431342	0.0209632066	-0.0497349342	-0.1171797871	-0.022833713	0.0244821458	-0.169979952	0.0215749693	0.1590844351	0.0270255969	-0.1001760574	0.0642252191	-0.1187415908	-0.0004361224	-0.0999095279	0.0379096267	-0.0422168572	-0.1033140378	0.0772142061	-0.0418102555	-0.0240112791	-0.0995152291	-0.1226214781	-0.0144243777	-0.0390035974	-0.1405761829	-0.0753237364	-0.0615163563	-0.0398658606	-0.0296984146	-0.0892644615	0.0447138933	-0.0307460943	-0.1308158046	0.033879629	0.0875731267	-0.0539185616	0.021818325	0.181322681	0.0713511574	0.0149852794	0.0581845936	0.0496920931	-0.1195105097	-0.0323579304	-0.0959156576	0.033439514	0.0424380632	0.0	0.0279589	-0.000271	7.344100000000024e-08	0.0007817000892099	0.0541772	-0.0115574999999999	0.0001335758062499	0.00293516899984	0.290934	-0.0138529999999999	0.084642592356	0.0001919056089999	0.00252338	0.0003008999999999	9.054080999999988e-08	6.3674466244e-06	-0.00113654	-0.0002726079999999	1.2917231715999995e-06	7.431512166399997e-08	0.000532191	-0.0001106819999999	1.2250505123999991e-08	2.83227260481e-07	0.0	0.0	0.0
325.8650704780135	-0.9377743947742944	106188.04415764067	0.8794208154942939	332.2250782857329	-0.4744080983459753	0.2250630437762446	110373.50264196134	212.23589234937705	-0.3860128871181416	0.1490059490212831	45044.07400133637	217.9346880964437	370.94197761661866	1.272951	26.438156	0.18634685	0.105104	-0.0056448113	-0.1878489757	0.1172474191	-0.0115744306	0.155709448	-0.069473135	-0.0188603949	-0.1873857715	-0.0346492007	-0.0552836592	-0.0682749645	-0.150804203	-0.1034531182	-0.0990321573	-0.1458393723	0.0087417786	-0.0004791705	0.0809904362	0.1126587989	-0.1957394329	-0.0985593374	-0.0210722454	-0.049549541	0.0456573735	0.0088662312	-0.0086877343	0.0957763879	-0.0241659995	-0.081074951	0.0427697138	-0.0347691195	-0.0624762202	0.0244922841	-0.0211135447	-0.0473803263	0.0272380443	0.0352437054	0.038970747	-0.0271941494	0.0112786038	0.0755494261	-0.1107304207	-0.1550897046	-0.034072612	0.0750280951	0.1461397658	-0.0545717994	-0.0210281267	-0.1183236778	0.1377273546	0.0015423065	-0.000477786	-0.0378185635	-0.1655162088	-0.0883155475	0.0273734487	-0.0243130009	0.0099296032	-0.039203236	-0.2087660205	0.0201633898	0.0188718103	0.0305302935	0.0268284075	-0.2399835886	-0.0088687681	0.0445827326	-5.87372e-05	0.0185976078	-0.0216212603	0.0187317799	-0.0600846238	0.1566625251	0.0305797393	-0.0206187477	-0.0644905607	0.0550947303	0.0111931626	-0.1230409879	0.1164060231	-0.0319171766	0.0667013783	0.0655320784	-0.0241723679	0.0976357748	0.0410617644	0.0871498392	-0.0593782844	-0.1407877614	0.0572627306	0.0143961981	0.0288086406	-0.0548017702	0.0711206912	-0.0283040955	0.0117341806	0.076919414	0.1625936167	0.0322188956	0.0448729627	0.0136243544	0.068573799	-0.1724018361	-0.0914550423	0.0189621858	0.207629259	-0.1520484053	-0.097752897	0.0028377793	0.038852546	-0.1319028791	0.0639028076	-0.0403211832	-0.0927179419	-0.0403257211	-0.0830264034	-0.1128581338	-0.0376383923	0.1932769472	-0.0028337375	0.0572915959	0.2000887275	0.0484611466	0.0259558172	-0.073159755	0.0798671346	-0.0975190556	0.0386107952	0.034739154	0.0	0.0203723	-0.0075865999999999	5.7556499559999984e-05	0.0004150306072899	0.142875	0.0886978	0.0078672997248399	0.020413265625	0.245734	-0.0452	0.060385198756	0.00204304	0.00295566	0.00043228	1.8686599840000013e-07	8.7359260356e-06	-0.000728799	0.0004077409999999	5.311479824010001e-07	1.662527230809999e-07	0.000589419	5.722799999999999e-05	3.2750439839999984e-09	3.47414757561e-07	0.0	0.0	0.0
325.5471712062953	-0.3178992717182041	105980.96068042092	0.1010599469589645	331.77511342242	-0.4499648633128572	0.2024683782161583	110074.72588645968	212.141276684142	-0.0946156652350396	0.008952124107869	45003.92127317769	217.69103973411472	361.6481919143381	1.154116	23.970039	0.1567451	0.091851	0.0453966815	-0.1437303829	-0.0199183586	0.0209584293	0.1190968894	0.0614516723	-0.0046110498	-0.0520168128	0.0738167068	0.0196961854	-0.1114598636	-0.0206085114	-0.069801541	-0.0520839871	-0.0992975315	0.0783419497	0.0231974465	0.0535855057	0.0966196261	-0.0960314864	-0.1532241686	0.0743792184	-0.020021669	0.0559972629	-0.0987434303	-0.0828043043	-0.0006109769	-0.0451439698	-0.064165347	0.0280823504	-0.0195008449	-0.0942351672	-0.0751459948	0.0644715485	0.1683138701	0.133217437	0.0155023274	-0.1088177892	-0.0142300827	0.0544448766	-0.13750675	0.1238465543	-0.0111487467	-0.195489982	0.0640271642	0.0199712533	-0.0096471836	-0.0586049081	-0.0829102865	0.0317790713	0.0430480081	0.0189507004	-0.0045966517	-0.006258452	0.0446424887	0.0012020161	-0.1162326497	0.0515853504	0.0470409887	-0.1008746823	0.0306492811	-0.0743219099	-0.0246346813	0.0615425142	-0.1955711503	-0.0295680362	-0.0148249956	-0.1674621431	-0.067347556	-0.014663099	-0.0123722606	0.0160760734	0.0280231893	0.0225809437	-0.026400599	-0.001661957	-0.0062686426	0.1139743875	-8.4892e-05	0.1108538525	-0.0539038537	-0.1845924347	-0.047556122	-0.1526462997	-0.0185422488	0.0480030102	-0.1131625266	0.0801429933	-0.04885512	0.0498097343	-0.0783221809	-0.0214331644	-0.0695076477	-0.0454082337	-0.0299808051	-0.1045504241	-0.1202117013	0.0843538833	-0.0916119796	-0.1381394372	-0.0320933046	-0.0683208898	-0.1079770667	-0.1121921622	0.0557023068	0.0860773657	-0.0846575548	-0.0348755861	-0.0849052593	0.1000655823	-0.0698842381	-0.1012405452	-0.0305382652	0.0175944747	-0.046247157	-0.0132133694	0.0253632294	-0.1032090253	0.0740567113	0.0072649603	0.0412897049	0.0033879991	0.1304925253	0.0214487652	0.0154450065	-0.0442652816	-0.0990726408	0.0437031967	0.0268805962	0.0	0.0029979	-0.0173743999999999	0.0003018697753599	8.98740441e-06	0.0662761	-0.0765989	0.0058673914812099	0.00439252143121	0.28636	0.0406259999999999	0.0820020496	0.0016504718759999	0.00254464	-0.00041102	1.6893744040000017e-07	6.4751927296e-06	-0.000753978	-2.517899999999996e-05	5.68482824484e-07	6.339820409999978e-10	0.000582702	-6.716999999999943e-06	4.511808899999923e-11	3.395416208040001e-07	0.0	0.0	0.0
325.2050761240719	-0.3420950822233521	105758.34153686342	0.117029045281402	331.7618955655149	-0.0132178569051006	0.0001747117411637	110065.95534922364	211.8507384450812	-0.2905382390608224	0.0844124683565636	44880.73537972621	217.44391276402663	362.0305084701346	1.104226	22.933876	0.1080725499999999	0.0592089	0.0349257934	-0.0266177731	-0.0197350625	-0.0391568353	0.0395535701	0.119391598	0.0328163299	-0.1281408673	0.0147906646	0.095544386	0.0477974404	0.0271829133	-0.2686541439	0.0304568508	0.014494691	0.0426932699	0.062940622	-0.041060772	0.1445838003	-0.0970683368	-0.1520566577	-0.0290070154	0.0166889011	0.0617038734	-0.0408080492	-0.1214527926	-0.0005494758	-0.0520689959	-0.0536757818	0.2333365323	-0.0602336908	0.0810239022	-0.0552675756	0.1651093139	-0.0884455252	-0.1010206622	0.1184919856	0.1399925686	0.1486884241	-0.0170588111	0.0887115642	0.0525181933	0.099220662	-0.0622964757	-0.1383422305	0.0104690784	0.0723883683	0.023219105	0.164407517	-0.0368938847	0.023591242	0.1182971388	-0.0084573321	0.0689230795	-0.0936990914	0.0084988794	0.0149200707	-0.0335017438	0.0164758667	-0.0107313279	0.0519226858	-0.0746525832	0.0877159937	-0.0513008518	-0.1201564913	0.0270674523	-0.0146864535	-0.0694997289	-0.1333090353	-0.0850214894	0.027342149	-0.1841556452	0.0402576289	0.139800854	-0.1253619934	0.098633062	-0.1819917118	-0.0667565642	-0.1420582329	0.0572498393	0.1067296987	-0.0540585643	0.0139050886	-0.036871786	0.1500902686	0.0076531269	-0.0254373348	-0.1143322504	0.1218199342	-0.0212809993	-0.0195151241	0.100578062	0.1196876166	-0.025881957	-0.1146102435	0.0492202255	-0.0206713046	-0.1353384405	-0.0734371698	-0.0599215358	0.0374775789	-0.0806265549	-0.0748990355	-0.1133404303	0.0414701938	0.1155361677	-0.0566684891	0.0905271178	0.077022526	-0.0384455823	-0.0972851393	-0.0906477192	-0.1610075861	-0.0850209896	0.0320065104	0.0166415183	0.0088883128	-0.0892632376	-0.0035513061	0.0615077343	0.0433438729	0.0479071467	0.1233496825	0.003514741	0.012612763	-0.0260832521	-0.1005756196	0.0487063151	0.0188985047	0.0	0.0100118	0.0070139	4.919479321e-05	0.0001002361392399	0.106548	0.0402719	0.00162182592961	0.011352476304	0.317096	0.0307359999999999	0.100549873216	0.0009447016959999	0.0020323	-0.00051234	2.624922756000001e-07	4.13024329e-06	-0.000792142	-3.816400000000004e-05	6.27488948164e-07	1.4564908960000026e-09	0.000532191	-5.0511000000000045e-05	2.551361121000004e-09	2.83227260481e-07	0.0	0.0	0.0
324.47164502789434	-0.7334310961775827	105281.84842710786	0.5379211728402506	331.3227986757015	-0.4390968898134133	0.1928060786438128	109774.79692229944	211.51167443593343	-0.3390640091477621	0.1149644022993537	44737.18842269229	217.2577633549573	359.3352031504751	1.163824	24.171671	0.14427275	0.0685003	0.048427265	0.0067267265	0.100012583	-0.0129379778	0.0008211739	0.031677219	-0.1291481092	-0.1663085952	-0.000709457	0.0740368339	-0.1314862543	0.0886328007	-0.1310106487	0.0391192615	-0.0303228686	-0.1247010547	0.0194577427	-0.0712727208	0.1184871204	-0.0639560012	0.0049497405	0.0043435714	-0.1405297535	0.0065511608	-0.0390523847	-0.146234063	-0.0788904584	-0.0237427974	-0.0341220898	0.0029082698	0.0272955963	-0.1421296431	-0.0344189583	0.1757109176	-0.0385326926	0.0155065921	0.0180300851	-0.0866507799	0.0683447406	-0.1015959182	-0.0061467313	0.0101450253	-0.0685704425	0.114218882	-0.1092529037	0.0494510229	0.0251840618	0.0802667822	0.1754602039	-0.0680374584	0.1439330249	-0.0115420358	0.095889134	0.0004490192	0.0423071622	0.0057438028	-0.0648184236	-0.0323013523	-0.1074134331	-0.0128268446	0.0518136974	0.1025686639	0.1341220726	-0.0739923803	-0.1013873006	-0.0001543317	0.0174636329	-0.1283007221	0.0224004195	-0.0277183915	-0.0409567932	-0.0576582629	-0.024299061	0.0197916318	-0.1217008885	0.087288913	0.0270433549	-0.040895836	0.0510157593	0.0744414023	-0.0581190082	-0.1164611094	0.0873347743	-0.0107192916	0.0698335393	-0.0451172787	-0.0586914916	0.0059354944	-0.0326734777	0.0243902768	0.106384438	0.0753948952	0.1442772451	-0.0863026032	0.1162855343	0.0593348983	-0.113588672	-0.1090513016	0.1252716781	-0.0600520015	-0.0173628949	-0.0560080899	-0.0452087648	-0.0776008104	0.0709708862	0.0359047753	-0.0804012779	-0.0594441629	0.04464685	-0.0723992424	0.0913088104	-0.1130122351	-0.0163205579	-0.1453750844	-0.0890263277	-0.0751373382	-0.0111676053	-0.1028835989	-0.0608922593	-0.0238816854	0.0051977039	-0.0085742251	0.0142518442	-0.0092635671	0.0426518049	0.0560006468	-0.1020272243	0.0536099293	0.0108295624	0.0	0.0190827	0.0090709	8.228122681000003e-05	0.00036414943929	0.0763167	-0.0302313	0.00091393149969	0.00582423869889	0.361845	0.044749	0.130931804025	0.002002473001	0.00288844	0.00085614	7.329756996000001e-07	8.3430856336e-06	-0.000682392	0.00010975	4.65658841664e-07	1.2045062500000008e-08	0.000770732	0.000238541	5.6901808681e-08	5.940278158239999e-07	0.0	0.0	0.0
323.7519407412458	-0.7197042866485504	104815.31913372313	0.5179742602202987	329.95129479343814	-1.3715038822633687	1.8810228990634923	108867.85693586632	211.55466182441043	0.0429873884770017	0.0018479155680726	44755.37493964066	217.31397188319883	351.03726847632595	1.099645	22.838715	0.0831882499999999	0.0394999	0.1136335966	-0.031354266	0.1058548165	0.0605583608	0.1001169115	0.005284301	-0.1616658587	-0.0122482589	0.0534087455	-0.096456179	-0.005600241	0.0353552005	-0.0577359135	0.038862467	-0.1219673623	-0.0510509522	-0.0640671678	0.0582708277	0.0098259434	-0.0521638373	0.0423195247	0.0749168502	-0.0418367709	0.0969263468	0.0065762324	-0.0331759939	-0.0061766112	0.0472166944	-0.077885317	0.1526184614	0.1378914299	0.1277409689	0.0573022568	0.0841632862	-0.0474280006	-0.0891559244	0.0857106631	-0.1653317875	-0.0864871277	0.0266265626	-0.0460044711	-0.0731873632	-0.07426672	0.0528101722	-0.1132059357	0.0076353396	-0.0130272563	0.0879465409	-0.0409419373	-0.1439150984	-0.1314876944	-0.1241146454	-0.0580240618	0.0786705891	0.095802785	-0.0508999004	-0.0428345445	-0.0230197945	-0.0350948668	-0.049845876	0.0938646989	0.0940720233	0.0112871018	0.0607099956	-0.0524564394	-0.0224807003	0.0387661076	-0.1087422771	0.0424513804	-0.1213088487	-0.0095763139	-0.0910040143	-0.1201552958	0.0899637279	0.0287155881	-0.0993158115	-0.0640726632	0.026913691	0.0554940136	-0.0691446561	-0.0313507982	-0.018333805	0.0309885118	0.0892136969	-0.1061540713	0.2134779024	-0.07591009	-0.0287472375	0.1014755407	0.0907868225	0.1380422906	-0.0400263036	0.0041703707	-0.0686752497	0.1132430602	-0.0929567138	0.0976759898	-0.0772469091	-0.0941098489	0.0823490161	-0.04678495	0.0961627892	-0.0206861595	-0.0435213007	0.1003044379	0.0977177674	-0.0512671391	-0.0671357234	-0.0681630901	-0.0589862426	0.0111800174	-0.1080807618	0.040279006	0.0026618689	0.0481290581	-0.1289762571	0.0315862251	-0.0446766653	-0.006923445	-0.0915211095	0.0403015418	0.0977565347	0.0472595872	0.0037260784	0.0103343241	0.1240935792	-0.1034267134	0.0584040215	0.0027108513	0.0	0.0079048499999999	-0.0111778500000001	0.0001249443306225	6.248665352249843e-05	0.0868967999999999	0.0105800999999998	0.0001119385160099	0.0075510538502399	0.393803	0.0319579999999999	0.155080802809	0.0010213137639999	0.00318533	0.00029689	8.81436721000001e-08	1.01463272089e-05	-0.000736407	-5.401500000000003e-05	5.42295269649e-07	2.9176202250000035e-09	0.000532191	-0.000238541	5.6901808681e-08	2.83227260481e-07	0.0	0.0	0.0
324.6775916271172	0.9256508858713914	105415.53850478509	0.8568295625144917	330.9603576800265	1.0090628865883673	1.0182079090900482	109534.75835569108	212.0939435791551	0.5392817547446782	0.2908248110004993	44983.84090295783	217.66782451254863	350.6163271858412	1.071702	22.258362	0.13522452	0.0612897	0.0986615577	-0.0301070841	-0.0083814468	0.1036325154	0.0850599435	0.0528817391	-0.040585921	0.0521972346	0.1000410827	-0.0480343886	-0.0636820263	-0.0642680048	-0.0861906259	-0.0101964082	-0.0227231961	0.0995861758	-0.016543891	0.1373198218	0.0530954145	-0.1504289717	0.0182988718	0.2167779232	-0.0804060502	0.0273414124	0.2081424423	0.0369798138	0.0987497811	-0.0528626186	0.1036430251	0.0387021075	-0.0647136187	-0.076310304	0.0937076252	0.2352204388	-0.0262174746	-0.1926099388	-0.0219580419	-0.0800427889	0.0296981386	-0.1885431162	-0.068212425	-0.1267484057	-0.0386724826	-0.1435159997	-0.1232648045	-0.0385451457	0.0243103635	-0.1746427711	0.020194666	0.0268533075	-0.1451324602	0.1416189586	0.0085400826	0.134227913	-0.0814700028	0.0210633419	-0.1712829656	-0.0720035627	-0.0834682845	-0.0282617508	0.0251417208	-0.083994036	-0.0562779388	0.1062437442	-0.1623240345	0.0152270077	0.118862335	-0.0584422729	-0.0688818503	0.0362517035	0.1395789934	-0.1861178747	-0.1446389524	0.0093998933	0.0856102815	-0.0461711766	0.0790483579	-0.1681165345	0.0729596065	0.0595600546	0.0326613417	-0.138427012	0.13378294	0.2316218318	-0.0775565929	-0.0185490266	0.015727955	-0.07304062	-0.1196700051	0.1715715595	-0.0099497627	0.1885982077	-0.0401890597	-0.0103658373	-0.0438427197	-0.0565429757	-0.0079295597	-0.1015540461	-0.1096264625	-0.1070579964	-0.0538399367	0.1555038383	-0.0402716976	-0.0526229564	0.04348464	0.1742080784	7.55069e-05	-0.0820652748	-0.0269808838	0.0801708781	-0.0478819221	-0.075662999	-0.0383463095	0.0389853198	0.0661013563	0.0013291543	-0.1359593803	-0.0503607901	0.1185029115	-0.3007249163	-0.0274783472	0.0711310771	0.0111436461	0.0274574147	0.1152981804	0.0560079202	-0.104773372	0.0630787976	-0.0054203179	0.0	-0.0121315	-0.0200363499999999	0.0004014553213224	0.00014717329225	0.0959704	0.0090736	8.233021696000178e-05	0.0092103176761599	0.372098	-0.021705	0.138456921604	0.000471107025	0.00380275	0.00061742	3.8120745640000003e-07	1.44609075625e-05	-0.00123869	-0.000502283	1.5343529161e-06	2.52288212089e-07	-3.62974e-05	-0.0005684884	3.231790609345601e-07	1.3175012467600002e-09	0.0	0.0	0.0
325.19122312182407	0.5136314947068854	105749.33159546796	0.2638173123548292	332.04131740641054	1.0809597263840374	1.168473930064253	110251.43646498468	211.8860805946484	-0.2078629845067041	0.0432070203280343	44895.71114976184	217.5427480789544	362.2325256331628	1.243899	25.834768	0.220605485	0.122639	0.0163204562	-0.0040307858	-0.028737533	-0.0247498464	0.0010366264	0.0858870677	0.0781771033	0.0307214033	-0.0695084254	-0.0853947246	-0.052781895	0.0576174888	0.0629302054	0.0408695873	0.0429614818	0.1411748625	-0.0321244848	0.0240249273	-0.0733514101	0.1163072126	0.0984046684	0.1082366309	-0.1292970127	-0.100497667	-0.0087934447	0.0087725101	0.0504193574	0.0409745398	-0.0553371274	0.0009355467	0.0889288822	-0.0655234693	0.009025806	0.0137180737	-0.0146167718	-0.0823797827	-0.0923865364	-0.0339617558	-0.0359479607	0.0322359418	-0.0592724553	-0.0279945561	0.0816115307	0.0455933278	-0.0417054453	0.0445068109	0.1382035162	0.0398794238	0.1170030941	-0.068541845	-0.1042048137	0.1690052358	0.0697431504	0.0253778843	0.1364437748	0.1736328655	-0.0776813576	0.0529743362	0.1713539116	0.0257232616	0.0366461712	-0.0848836814	-0.0420462131	0.016549144	0.1424555751	0.0305737718	0.2428145242	-0.115344689	0.0629997896	0.052850291	-0.0473624805	-0.0249713582	-0.0871717308	-0.0052068196	-0.0559947779	-0.0739509687	0.0310101135	-0.0421770923	0.0489774004	-0.0059823713	-0.0515149813	-0.0277164551	-0.0354295263	0.1202984472	-0.015858402	0.0130707491	0.0203328018	0.1092037182	0.013718406	0.0175897931	-0.0670819118	-0.0072170012	-0.0192971355	-0.0630961275	-0.0650953657	0.0565012147	-0.0072941117	-0.1468922405	-0.0623714127	0.0691845376	-0.0281831642	-0.2234297464	0.0564516016	0.0338844213	0.0295629997	-0.0260467844	0.0550954437	-0.0267688949	-0.0145737534	0.1271306839	0.0524622997	0.0659160521	-0.0874155147	0.0546960986	0.0188744402	-0.020908738	0.1138090047	0.0147055315	-0.1171325449	-0.1278130499	0.0438350371	-0.0643567138	0.0649046398	0.115607547	0.140896976	0.1038968937	-0.1060665123	0.0676247074	-0.0135265772	0.0	0.0101201	0.0222516	0.00049513370256	0.0001024164240099	0.0328729	-0.0630975	0.00398129450625	0.0010806275544099	0.472907	0.100809	0.223641030649	0.010162454481	0.0039597	0.0001569499999999	2.4633302499999965e-08	1.567922409e-05	-0.00171321	-0.00047452	2.9350885041e-06	2.251692304e-07	2.11803e-05	5.74777e-05	3.30368599729e-09	4.4860510809000005e-10	0.0	0.0	0.0
324.86427083197805	-0.3269522898460195	105536.79446319278	0.1068977998355555	331.6734873447549	-0.3678300616556385	0.1352989542575908	110007.30220743128	211.9500224464818	0.0639418518333911	0.0040885604158833	44922.81201506414	217.32328256030647	363.3701139720423	1.068077	22.183088	0.110525085	0.0581744	0.0089302149	0.0606665785	-0.0220627264	-0.1148088063	-0.0475255491	0.092962761	0.0760151788	-0.0215464666	-0.0867187714	-0.0048230012	0.1682207937	0.0108386409	-0.1385978785	-0.0108298066	0.0616902969	0.1024315542	0.0372993476	-0.1262411059	0.0292980761	0.0967604948	0.0808204762	-0.0015365601	-0.0590545304	0.0228092891	0.0482766895	-0.0269301845	0.1063629615	-0.011559891	-0.0107569995	0.0097590039	-0.0323846102	0.0835570812	0.1772628995	-0.0786926531	0.0509646468	0.0245232453	-0.0560533434	-0.0207253357	-0.0229949293	-0.0920826402	0.001621399	0.0814630101	-0.078813701	0.0686815548	0.0790063983	0.1647078709	-0.0619628203	0.1055605156	-0.0653040106	-0.0027554902	0.0079701402	-0.0510398387	0.0035696274	-0.0913343369	0.0230003529	-0.0331045795	0.0067995198	-0.0359196604	-0.0747795666	0.0416837727	-0.0314612523	-0.1257245312	0.0064658607	-0.0933140368	0.0839306205	0.0168798669	-0.0567806101	-0.0246381575	0.0727097815	-0.0295775441	0.046503152	-0.0999657676	-0.0919957427	-0.1120711799	-0.0286657533	0.0286009515	0.0405289884	0.0937891946	-0.0746711786	-0.0522229949	0.0956403363	0.0623233326	-0.0005147065	0.0259565945	-0.0969130452	0.0017380299	0.1290875643	0.1558632119	-0.1502998682	-0.008533262	0.1011690608	-0.1219439402	-0.0071672873	0.0476429976	0.0421738267	0.0500033738	-0.0096857123	0.0348396992	-0.0362691654	0.0105334479	-0.0378428081	0.0391976992	0.0257711873	-0.030622369	-0.0124368997	-0.0373590296	-0.0436135443	0.1233716315	-0.0798856862	-0.005217489	-0.0194624126	-0.0278443759	-0.0400610007	-0.0419993776	0.0495527843	0.0389340377	0.1147935883	0.0258742602	-0.1280808616	-0.122832243	0.0169911247	0.1012992632	-0.0220028841	-0.0580313356	-0.1575441359	-0.0326980882	-0.1073054737	0.0720324637	-0.0215706732	0.0	0.0219374	0.0118173	0.0001396485792899	0.0004812495187599	0.0436351	0.0107622	0.00011582494884	0.00190402195201	0.421656	-0.051251	0.177793782336	0.002626665001	0.00355402	-0.0004056799999999	1.645762623999999e-07	1.2631058160400002e-05	-0.00171321	0.0	2.9350885041e-06	0.0	0.000349392	0.0003282117	1.0772292001689005e-07	1.22074769664e-07	0.0	0.0	0.0
324.5670223626851	-0.2972484692929242	105343.75200537976	0.0883566524969865	332.4081012565172	0.7346139117623238	0.5396575993547433	110495.145780963	212.0667659792984	0.1167435328165993	0.0136290524545004	44972.31323291851	217.6843883698228	363.2563021496064	1.113117	23.118536	0.1043395	0.0521449	0.00364104	0.0838121811	0.0292793855	-0.0794418282	-0.1040881211	0.0090697855	-0.0564259456	-0.0859299684	-0.0472393781	-0.0290147087	-0.0487138934	-0.0188631027	-0.0422865704	-0.0605735424	0.0643314349	-0.0803091569	0.0638926526	-0.089332597	0.0090561489	0.0363228836	-0.0475514374	0.0550577037	-0.0294843507	-0.0702456267	0.0575553033	0.0099124195	-0.0938148752	-0.0528274657	-0.016135445	-0.0878232429	-0.0343340441	0.0247377701	-0.0004554478	0.015312833	0.0670610001	-0.0817087988	0.0781670337	-0.0484265771	-0.000544711	0.1140895013	-0.1374600761	-0.0282070516	-0.0719643156	0.1029311945	0.0266984301	-0.1098267744	-0.0495650656	-0.0322011374	-0.0208569078	-0.0088165555	0.0096903775	0.071610952	0.0520512487	-0.0708234819	0.0503029541	-0.0360419543	-0.033001733	-0.1438631209	-0.0675505689	0.0110664018	-0.089760462	0.064079951	0.072546486	-0.0957429837	0.01952455	0.0009608226	0.059594146	0.0103868079	-0.1111030481	0.078967675	0.0699710708	0.0294097582	0.0275179747	-0.0625691814	-0.0777841352	0.0387834722	0.0873020861	0.0322168939	0.0445742446	0.0076296212	0.0571487858	-0.0044338705	-0.0205285015	0.0220678007	0.0818238355	0.0640674756	-0.0765363431	0.0671916127	0.0955807772	0.0982613306	-0.0712621824	0.0146966402	-0.0120266015	-0.0358967003	0.1876923663	-0.0058856263	-0.1007561551	0.0313915114	0.0237518384	0.0302907958	-0.0190228459	0.056745051	0.0288636769	-0.0172134359	0.0090601274	-0.0416639312	-0.0165602648	0.0391902326	0.1488166489	-0.08243636	0.0926124993	0.0476142173	-0.1417312878	0.0624616193	-0.010512268	0.1083629973	0.2193249674	0.0968631123	0.0264167232	-0.0087362973	-0.0717868537	0.0097251015	-0.0160078993	0.0129645223	0.1338249859	0.0699156074	-0.1084896234	0.0762930619	-0.0295156382	0.0	0.0326983	0.0107609	0.00011579696881	0.00106917882289	0.0355991	-0.008036	6.457729600000003e-05	0.00126729592081	0.444023	0.022367	0.197156424529	0.000500282689	0.00335494	-0.00019908	3.9632846400000145e-08	1.12556224036e-05	-0.0025382	-0.00082499	6.44245924e-06	6.806085001000001e-07	0.000588834	0.0002394419999999	5.7332471363999996e-08	3.46725479556e-07	0.0	0.0	0.0
324.2936175871492	-0.273404775535937	105166.35040776015	0.074750171285856	331.6477302734345	-0.760370983082737	0.5781640319142078	109990.21699552076	211.93333603373745	-0.1334299455609482	0.0178035503723976	44915.73892238908	217.49537994133968	361.9460448021648	1.11105	23.0756	0.0977366	0.0515133	0.0089013446	0.0575483413	0.0860906407	0.0200785772	0.0018344018	-0.0770942458	-0.0809116121	-0.0363008416	0.0111116345	0.1051582628	0.0136268024	0.043245419	0.113652718	-0.0623962715	-0.0360237159	-0.0989730676	-0.0135414418	-0.0049823788	-0.0315937095	-0.0184169959	0.0832253541	0.0950943027	0.097535649	0.086004191	0.0221478367	-0.0421177252	-0.163213613	0.0579494307	0.057843539	-0.1595694163	0.1101692169	-0.0426178386	-0.0178968234	-0.140418995	-0.0374865788	0.0372101922	0.0050877676	0.1103471462	0.0329651243	-0.0368148543	0.0478021578	-0.082428885	0.119088072	-0.1400919085	-0.0519183563	0.1222837669	-0.0422806997	0.0338328817	-0.1250997348	-0.1579788388	-0.0516417369	0.091938239	-0.0827384764	0.009559568	0.1114323008	0.0339813757	0.0414452138	0.0767433836	0.0667453883	-0.0412494308	-0.0350260477	0.0841208979	0.0229315837	0.0170313179	-0.0407073825	-0.0479291347	-0.063900818	-0.010841283	0.0948046483	0.0119092267	0.0368202541	0.1642399218	-0.1108154959	0.0786777114	0.0469669987	-0.0535824923	0.0247136685	-0.0841317434	0.0616531697	-0.1427997475	0.0856268285	0.059509012	0.0113718009	-0.0691256905	0.0239547691	-0.1863421111	-0.0871396908	-0.108956211	0.0390274967	-0.0293524793	-0.0105360522	-0.0801296586	0.050359981	-0.0596978019	-0.024082471	-0.0592019541	0.0941896761	0.0448287023	-0.0882649546	-0.0192613176	0.0091868223	-0.0774398844	0.0034507424	-0.0174968687	0.0028456388	-0.0174907087	-0.056367345	-0.0345925499	-0.0562631982	-0.0646463793	0.1320582277	0.0005213211	0.0424133078	0.0494934405	-0.0534456621	0.0655868476	0.1232864475	0.0582454991	0.006074872	-0.0120170256	0.0095887657	0.0005567428	-0.003133485	0.0968399778	-0.154692648	0.0288395925	-0.1096183565	0.0803977977	-0.0373249597	0.0	0.0184686	-0.0142296999999999	0.0002024843620899	0.00034108918596	0.0278227	-0.0077764	6.047239696000004e-05	0.0007741026352899	0.427348	-0.0166749999999999	0.182626313104	0.0002780556249999	0.00412539	0.0007704499999999	5.935932024999997e-07	1.7018842652099995e-05	-0.00212754	0.00041066	4.526426451599999e-06	1.6864163560000016e-07	0.000588834	0.0	0.0	3.46725479556e-07	0.0	0.0	0.0
324.19787051454404	-0.0957470726051497	105104.25924616506	0.0091675019124558	331.74728549916176	0.099555225727272	0.009911242969608	110056.26143606234	211.7093888031809	-0.223947230556547	0.0501523620739472	44820.86530741642	217.2955383084183	360.1747163499103	1.083477	22.502918	0.0655579999999999	0.0485715	0.0253437765	0.0456814596	0.0739213906	0.1000392523	0.093045044	-0.0378755432	-0.0166602747	0.0427970217	0.0330585049	-0.0039511941	0.0573270194	-0.1794312408	0.0762456173	-0.0084395461	-0.1045475452	0.0110059689	0.0359046822	0.0391288751	0.0505485598	-0.0376405203	0.1095733644	0.1729781661	0.0419407934	-0.0184302468	0.164067178	-0.0955376747	-0.0125313633	0.037505178	0.0292126794	-0.1302996034	0.0521145339	0.0054154931	0.0021352385	0.0801461049	0.088329394	0.03245679	-0.0667715008	-0.0308759091	0.0569976892	0.0643322063	0.0386636625	0.0061657114	0.0949290725	-0.0634853777	0.1060315844	-0.015094372	-0.0319699824	0.0248863757	0.0287215815	-0.0960379481	0.0999926484	-0.0113847834	0.0773454839	-0.1190530044	-0.0912140578	-0.0138778967	0.0404502462	0.1003070303	0.0606465457	-0.0551401435	0.0493864221	0.0175625348	-0.0503360454	0.0400504303	-0.1100852675	-0.0024481523	0.0244534363	0.0237879754	-0.0395962699	-0.0099586844	0.1498542953	0.0747684925	-0.2442505786	-0.0209950049	0.0105203906	-0.000741088	0.1103920442	0.0083682238	0.1310802754	-0.0439383015	-0.0161072189	-0.0381378877	-0.03446468	-0.0337083578	0.0072883207	-0.0126892242	-0.013045386	-0.0220589946	-0.0160238372	-0.0605310796	0.0309046271	-0.0230970436	-0.0011030628	0.0990339614	-0.0801072509	-0.0419194676	-0.0381285978	-0.0324547071	0.0966143057	-0.0295500128	0.022696817	-0.151538088	-0.0107391355	-0.0181636455	0.0506518709	0.0714051777	-0.0428889178	-0.008903671	-0.006163821	0.0067052482	-0.0460766346	0.0800549177	-0.0560923907	0.063059826	0.0573667503	-0.0056878828	0.0688696324	0.1542440895	0.0451331842	-0.1774293721	0.0339125367	-0.0291765029	-0.1363992722	-0.0834721374	0.0912432387	-0.0654824718	-0.1106910964	0.0843382854	-0.0449627491	0.0	0.019892	0.0014233999999999	2.026067559999995e-06	0.000395691664	0.0752858	0.0474631	0.00225274586161	0.00566795168164	0.418895	-0.0084529999999999	0.175473021025	7.14532089999998e-05	0.00401238	-0.0001130099999999	1.2771260099999849e-08	1.6099193264400004e-05	-0.00207618	5.135999999999986e-05	4.3105233924e-06	2.6378495999999853e-09	0.000588834	0.0	0.0	3.46725479556e-07	0.0	0.0	0.0
324.0376305133742	-0.160240001169825	105000.38598872205	0.0256768579749055	330.45731158728233	-1.289973911879429	1.664032693329516	109202.0347814942	211.50205024920007	-0.2073385539808327	0.0429892759668627	44733.11725961515	217.0119347898293	354.95651487317406	1.082701	22.486816	0.0958961999999999	0.0554893	0.0508368376	0.1166927612	-0.0047777919	0.0761585347	-0.0054303057	0.1278820396	0.0280865312	-0.0197041654	-0.0048221055	0.1096262913	-0.0155054339	-0.0608386108	0.0252969465	0.0613555363	-0.0034194212	0.0482155453	0.0856076786	-0.1003449663	0.0087549143	0.0377771308	0.0139983497	0.0748101118	-0.0060430935	0.0643524942	0.0520952075	-0.0622600585	0.0831411719	0.1590848477	0.0061463719	-0.0052377068	-0.0350245124	-0.0335611715	-0.0117769146	-0.0102560088	0.0388194951	0.0694888275	0.0738607649	0.2023233463	0.0220444742	0.0792082883	0.0137668762	-0.0758143636	-0.0342874142	-0.0847745566	-0.0739273772	-0.0680852695	-0.0773587738	-0.0313709672	-0.0053429486	-0.052194348	0.0796194282	0.02893772	0.0561901775	0.022099964	0.0062196007	0.0347267149	-0.0048025491	0.0276799369	0.144833951	0.0487998817	0.0543044626	-0.0770231075	0.0145724514	-0.0785335584	-0.030778088	-0.0661232045	-0.010425431	-0.0640788275	0.0234996378	0.0412402759	0.0797397443	0.0796855478	-0.1164449513	-0.0676384053	0.070120915	-0.0337255715	-0.0541972686	-0.0405910004	-0.0350864026	0.0886888886	-0.003028033	0.1017171267	0.0510217992	-0.1670503415	0.1185504614	-0.0311267961	0.0807786681	-0.0077628961	0.1247365008	-0.0117621509	0.0131723122	0.0952382204	0.0300332611	0.049549999	-0.031397586	-0.1120844963	-0.0104709943	0.0365526058	0.031957772	-0.0133616813	-0.035082597	-0.109967773	0.0082193391	-0.0232540188	0.011893854	-0.0122503232	-0.0424593005	0.1066164715	-0.0525597492	0.0518414608	0.058052795	0.0106945426	-0.0592267671	0.0042275351	0.0399247909	-0.0023075138	0.0982593412	0.0448951979	-0.0700787303	-0.139134343	0.0067430393	-0.098434139	-0.0944064088	-0.0235758093	0.0427702867	-0.08405103	-0.1117072952	0.0881064748	-0.0523939058	0.0	0.0183467	-0.0015452999999999	2.387952089999998e-06	0.00033660140089	0.0266579	-0.0486279	0.00236467265841	0.00071064363241	0.435379	0.016484	0.189554873641	0.0002717222559999	0.00423419	0.0002218099999999	4.9199676099999724e-08	1.7928364956099997e-05	-0.00171321	0.00036297	2.9350885041e-06	1.317472209e-07	0.000588834	0.0	0.0	3.46725479556e-07	0.0	0.0	0.0
324.6550381823523	0.6174076689781032	105400.89381718464	0.381192229712975	330.33153415310045	-0.1257774341818844	0.0158199629493782	109118.92245594096	211.5688734054565	0.0668231562564187	0.0044653342120697	44761.38819405408	217.09707514207489	355.50988832219434	1.048608	21.778727	0.1252289999999999	0.0753497	0.0448759933	0.1059816975	-0.0687828988	0.0539149193	-0.0914289745	0.0693910998	-0.0374041302	-0.0101122726	0.0524739406	-0.0594504079	-0.0298296523	-0.0478235995	-0.04644632	0.0520847667	0.0862803123	-0.0360838027	0.0235454915	-0.0577731161	0.0493312869	-0.0098393707	0.0131752908	-0.0226266694	-0.0220386058	-0.0579277169	0.1203925765	0.0591750468	0.0367759995	-0.0178831944	-0.0385241737	-0.0065797905	-0.0493569617	0.0443714409	0.1476236175	-0.0419695677	0.0013655551	-0.0775888713	0.0146359266	0.0172650636	-0.1177329479	0.1289880926	0.0400469813	0.0772578641	-0.149946398	0.0048937247	0.0269975581	0.0334792577	-0.0600402987	-0.0750392488	-0.1222122423	-0.0036430152	0.0019285175	0.0160629753	-0.0019802939	0.0278186305	0.0489804708	-0.0103649756	0.0957225163	0.0068102955	0.0666019613	0.083255537	-0.0028151767	0.0133404594	0.0787825073	-0.0449998579	0.0121059263	0.0241379989	0.0389676095	0.0688848657	-0.0713357335	0.0225883528	0.0160409005	-0.027031041	0.0115019896	-0.0695056446	0.005811861	-0.0298679901	0.079149649	0.0515476464	-0.0113045712	0.0410943146	0.0463967391	0.0732506728	0.0683236053	0.0622469187	0.0241546549	0.0940269598	0.1037417301	0.1183230963	-0.0288127829	-0.0417110576	0.0014727092	-0.0488811189	-0.0199188763	-0.0003515465	0.0203236638	-0.1517667846	0.0240763738	0.1242447047	-0.0123273323	0.0077294426	-0.0139408716	0.0173849319	0.0302656138	-0.0029140542	0.0185222337	0.0091075057	0.0471838234	0.1020880143	0.1540229231	-0.0562174396	0.0125408154	-0.0576632502	-0.0079249308	-0.0504731312	0.0722426228	-0.0495694426	0.106877949	0.1166451138	0.0218603289	-0.0892089123	-0.0247081388	0.0826227147	-0.1437206179	-0.1160431357	0.0091144965	-0.0115290286	-0.1126664339	0.0916946678	-0.0595842788	0.0	0.0149124	-0.0034343	1.1794416490000007e-05	0.0002223796737599	0.0832255999999999	0.0565676999999999	0.0031999046832899	0.0069265004953599	0.47122	0.035841	0.2220482884	0.001284577281	0.00364647	-0.0005877199999999	3.454147983999994e-07	1.3296743460900002e-05	-0.00171321	0.0	2.9350885041e-06	0.0	0.000588834	0.0	0.0	3.46725479556e-07	0.0	0.0	0.0
325.55632584106564	0.9012876587133292	105986.9212951341	0.8123194437489545	331.5068412915266	1.1753071384261489	1.3813468696354627	109896.7858230854	211.85839609848824	0.2895226930317562	0.0838233897803605	44883.979997423936	217.3122710184148	365.0484148083615	1.04364	21.675552	0.0724305999999999	0.0556132	-0.0351330169	0.0359056071	-0.0752709134	-0.0185513053	-0.1270165397	-0.0196681512	-0.0162633033	0.027931837	0.0321713713	0.010990212	-0.1336815334	0.0146209682	-0.0332083737	-0.016212385	0.0927585298	-0.0629934581	-0.0302039776	-0.0198034718	0.0204477326	0.0440550746	-0.0288488989	-0.0586117028	-0.1361568553	-0.1485078283	-0.0412995468	0.0754604603	-0.0133396296	0.1389301244	-0.0197478169	0.037920628	-0.029405645	-0.0316960855	-0.0398904355	0.072989002	0.0781854721	-0.0054391371	-0.0048435946	0.0796180866	-0.0104471378	-0.1285846835	-0.1330285783	-0.0467336906	0.0471337192	0.016838828	0.031170237	-0.0485772686	0.042912642	-0.0144570723	0.0631459122	-0.1525923474	0.0189289858	-0.0930547059	0.0865901639	0.0668688194	-0.0048740134	0.1563475975	-0.0173983081	-0.0041424574	-0.0508143781	0.071061434	-0.0843378004	0.0207084153	0.0327601074	-0.0121790806	0.0524831454	0.0141794383	0.0148652259	-0.0507634984	-0.0054209054	0.0692122014	-0.0747784966	-0.0329607163	0.083528814	-0.1817158979	-0.0449788604	-0.0335732625	-0.0596910467	-0.0361600875	0.0786851572	0.074780421	-0.0142916663	-0.0533108251	-0.0177009464	-0.068967268	-0.0971117865	-0.0884559692	0.0961723215	-0.0368290113	0.0520498106	0.1020896221	0.0084895216	0.0076289789	0.0029611855	0.036836711	-0.0209186664	-0.1485281707	0.1194131572	-0.1541972578	0.1504950623	-0.0272835514	-0.0296542666	-0.0062996753	0.0355837334	-0.0119618458	-0.028292528	-0.0880896546	0.0141347743	0.0536728931	0.0783810735	0.0207348532	0.0844077625	-0.079765269	0.0407488573	-0.0307975017	-0.0862164856	-0.0431075451	0.1602924757	0.0237252376	0.0409833044	-0.0961973732	-0.0756861974	-0.0240889423	-0.0227586882	-0.0034614379	-0.0568649848	-0.0099624703	-0.1135680224	0.0950955338	-0.0665008237	0.0	0.018132	0.0032195999999999	1.0365824159999998e-05	0.0003287694239999	0.0304181	-0.0528074999999998	0.0027886320562499	0.00092526080761	0.471312	9.1999999999981e-05	0.222135001344	8.463999999996502e-09	0.0039727	0.0003262299999999	1.064260128999999e-07	1.578234529e-05	-0.00171321	0.0	2.9350885041e-06	0.0	0.000588834	0.0	0.0	3.46725479556e-07	0.0	0.0	0.0
325.57649050287824	0.0201646618126005	106000.05116817076	0.0004066135860165	331.6557090901254	0.1488677985988147	0.0221616214596572	109995.5093720739	212.10689907073976	0.248502972251515	0.0617537272178372	44989.33663340498	217.7408897334353	369.73587033327885	1.05599	21.932055	0.0763143	0.0573654	-0.0472377861	-0.068046367	0.0166806196	-0.038157921	-0.0486106016	-0.1142059682	-0.0473273791	-0.0224715877	-0.0058133685	-0.1460469221	0.0518186826	0.0444841432	-0.042481142	-0.0884642763	0.0243551245	-0.080364678	-0.0544701192	-0.0189234386	-0.0006218786	0.1341528597	0.1156344934	-0.0320825169	-0.0439032318	0.0543794728	0.0916338946	0.0086990862	-0.0458852583	0.0714150608	-0.0424498619	0.0114151373	0.0510121033	0.1144458525	0.0630674908	0.0373173491	0.0107655447	-0.0135763467	-0.0993307022	0.047551665	-0.017640334	-0.0426203598	-0.0404773201	-0.0375080639	0.0651753164	0.098277795	0.0130233262	0.1227650258	-0.0314412579	-0.0310105403	-0.0017215686	-0.1665949267	0.0468225504	-0.0399332834	-0.1400564428	0.0041605383	0.1332455848	-0.0186837027	-0.0385298756	0.1199093003	-0.1768199435	-0.0369111306	-0.0956818826	0.0965748463	0.0131259231	-0.0045529534	0.1554729009	0.0549938416	0.0690379612	-0.0072717286	0.0442854221	-0.0972629808	0.0477836568	-0.0889330873	-0.1017194708	-0.0363560027	0.0215975046	-0.0453393027	-0.0183071329	0.0449838327	0.0360025592	-0.0869454349	0.054326433	-0.0135875907	-0.0164467263	-0.0340573932	0.0751829586	-0.0622980722	0.0381877963	-0.0171177064	-0.0254120043	0.0463904727	-0.0164518109	-0.1299927091	0.0535063951	-0.0865752996	0.084517505	-0.0382260019	0.0822350983	-0.0494290829	0.0487835603	0.0233351299	0.0378134638	0.0915593409	0.0246902626	0.0053188185	-0.0053678849	-0.0248717531	0.028564562	-0.0460904081	0.0730630107	-0.1444265768	-0.0981448756	-0.0655022441	0.0692539888	-0.001862271	-0.0630558762	-0.0095934388	0.1345155868	0.1524265565	-0.0345618446	-0.0430191548	0.0510597403	0.049173881	-0.061531268	0.0040552159	-0.0422438293	-0.0504118408	-0.1144116002	0.098302125	-0.0731117546	0.0	0.0106293	-0.0075026999999999	5.629050728999999e-05	0.0001129820184899	0.0856226999999999	0.0552045999999998	0.0030475478611599	0.0073312467552899	0.472162	0.00085	0.222936954244	7.225000000000296e-07	0.00371756	-0.00025514	6.509641960000002e-08	1.38202523536e-05	-0.00171321	0.0	2.9350885041e-06	0.0	0.000588834	0.0	0.0	3.46725479556e-07	0.0	0.0	0.0
324.60261349542566	-0.973877007452586	105366.8566880607	0.9484364256448042	331.42498098181	-0.230728108315418	0.0532354599668112	109842.51801879313	211.84258817036945	-0.2643109003703046	0.069860252054561	44877.28216272075	217.7292056562832	365.1439601938013	1.151	23.905317	0.1135821799999999	0.0627105	0.0132271661	-0.1605353391	0.0363859528	-0.0663832594	0.0816516939	-0.090222951	-0.059938876	-0.0036731566	-0.1078995172	-0.1140009525	-0.0590009096	-0.0779117255	0.0396597937	-0.0431743951	-0.083968614	-0.013466062	-0.0582207951	0.0302976169	-0.075271553	0.0834616126	0.011143244	-0.043337933	-0.0383845404	-0.1835370745	0.0125834675	0.0201701044	-0.0289872109	0.0491759641	-0.1044987889	0.0507281135	0.0465570416	0.0087614829	0.0440721513	0.0540596721	0.0493298015	-0.0822573007	-0.1746650957	0.1486865406	-0.1009096197	0.0443477423	-0.0607758239	-0.0210640148	-0.0408900408	-0.1044322759	0.1032094738	0.1047841289	-0.0197836614	-0.1337481054	0.0763185794	0.0620892346	-0.0441262204	-0.0805603157	-0.0371002584	-0.0452769369	0.0465495098	-0.0744415217	0.06749656	-0.1366488888	-0.1185585181	-0.1111141215	0.0205337934	0.102587813	-0.0529412201	0.0165988022	0.1314153854	0.007429012	0.1824173719	-0.0146343722	-0.0167165098	-0.0023600418	-0.0941121186	0.0009773595	0.0017863358	-0.0482804158	-0.0752178771	-0.1241488175	0.0442856945	-0.0306363719	-0.0499188473	-0.0035375683	0.1556378956	-0.0523628492	-0.0576795557	-0.0259439992	0.0781592952	-0.0653400318	0.1018134472	0.0016215847	-0.0219399079	0.0439624058	-0.009340517	-0.1826052797	-0.0707471489	0.1053974107	-0.0402366862	-0.0720971978	-0.0959903871	-0.0361899462	0.1000485194	0.0550316697	0.0440305636	0.1743259963	0.0403550494	0.0391113153	0.0835161697	-0.0310154747	0.0757762445	-0.1011477845	0.0465972667	0.0516712074	0.0318863063	0.0558520478	-0.0783788592	-0.029010319	-0.1332223067	-0.0375003746	0.0826458878	0.0653390038	-0.0045915862	-0.034223093	0.1474268934	0.0418876437	-0.0865003344	0.0576341976	0.0773658396	0.087581673	-0.1151967366	0.1013078907	-0.07938669	0.0	0.00343322	-0.00719608	5.17835673664e-05	1.17869995684e-05	0.0377511	-0.0478715999999998	0.0022916900865599	0.00142514555121	0.50505	0.0328879999999999	0.2550755025	0.0010816205439999	0.00423009	0.0005125299999999	2.6268700089999977e-07	1.7893661408099997e-05	-0.00171321	0.0	2.9350885041e-06	0.0	0.000588834	0.0	0.0	3.46725479556e-07	0.0	0.0	0.0
323.98282171903674	-0.6197917763889222	104964.86876902914	0.3841418460793357	330.5645994229368	-0.8603815588732004	0.7402564268490784	109272.95439164666	211.6102729128118	-0.2323152575576443	0.0539703788940746	44778.90760223469	217.2868493599904	355.31070062292724	1.069363	22.209791	0.0753481299999999	0.0414683	0.0807364084	-0.1275534345	-0.064722721	-0.0798010993	0.0898716711	0.049058516	0.007936344	0.0695283646	-0.0578212486	0.0703312988	0.0720877621	-0.0192012813	0.0027553487	0.0228653775	-0.0695542149	0.0987897437	0.0375993582	0.0078377036	-0.0583817305	0.1128861348	-0.0205048088	0.0451019438	-0.0662648894	-0.0628166094	0.08964445	0.015499008	-0.0042220718	0.0231008783	-0.0523123051	-0.1582460428	0.0364861817	-0.0334652349	0.042363131	0.02018123	-0.0120886569	-0.0107227295	0.0019482738	0.034798343	0.0747334462	0.0553401118	-0.0188495535	-0.062487479	0.1321804331	0.0250897805	-0.1362082952	0.0976430581	-0.0541111422	0.0459716776	-0.0379135324	-0.0154574366	-0.0224557812	0.1093256007	-0.0849458314	0.0506753492	-0.1568461728	-0.1081025257	-0.0679132216	0.0771051159	0.0633259679	-0.0357510691	0.0644283191	-0.0707267616	-0.1083535326	-0.023301579	0.0520219211	-0.0078652156	-0.0041310081	-0.0869520307	0.0341514875	-0.0259691401	-0.0074061178	0.0305039993	-0.0739313916	-0.1362023057	-0.0689619377	-0.1153394956	0.133777666	0.0123233655	0.0734638946	-0.0792148429	-0.0162390521	-0.0577258103	-0.0368008316	0.049818996	0.1035910737	-0.076858918	-0.0341587968	-0.0267767521	0.0148578802	0.037295758	-0.0150412379	-0.0127492844	0.0805180636	-0.0048587997	-0.1011135428	0.0847158561	0.088707065	-0.0178265786	-0.1725996325	0.0267439933	-0.0800513753	-0.0186036358	0.0167706141	0.0156322208	0.0902135996	-0.0174160898	-0.0115056594	0.0818710996	-0.1047426951	0.0492768352	-0.0108419934	-0.002132225	0.0247099101	0.0312141758	-0.0940710994	-0.0409663468	0.1276624327	0.0514545053	-0.0075558089	-0.0776962207	0.0487912013	-0.0321414017	0.0904095877	0.0807535931	-0.0880653587	-0.024293977	-0.1159230303	0.1041066901	-0.0852967926	0.0	0.0231825	0.01974928	0.0003900340605184	0.00053742830625	0.037834	8.289999999999687e-05	6.872409999999481e-09	0.001431411556	0.474843	-0.0302069999999999	0.225475874649	0.0009124628489999	0.00440767	0.00017758	3.1534656400000034e-08	1.94275548289e-05	-0.00176667	-5.3459999999999966e-05	3.1211228889e-06	2.857971599999996e-09	0.0008639729999999	0.0002751389999999	7.570146932094498e-08	7.464493447288272e-07	0.0	0.0	0.0
324.06526032515325	0.0824386061165114	105018.29294960934	0.0067961237784333	330.7608667106516	0.1962672877148179	0.0385208482269311	109402.75094718144	211.4929877465232	-0.1172851662886103	0.0137558102313469	44729.28386595101	217.1428555676329	355.4127580353192	1.063862	22.095543	0.08901993	0.0415766	0.0677664296	-0.0054312569	-0.1374586881	-0.04367341	-0.0234828258	0.1363479555	0.0185192488	0.0233341899	-0.0059380756	0.0075744445	0.0906053099	0.0069199432	-0.098630498	0.077383976	0.0578360135	0.0722750052	0.0361331844	-0.0862289859	0.0002244531	0.0473524982	0.0395809785	-0.0191397417	0.028400675	-0.0836047595	0.0337527875	0.0377823992	0.0462025493	-0.0089677592	0.0231587888	0.0756072578	-0.056426944	0.1342793967	-0.0371080009	0.1090126431	-0.0396109086	0.1516824735	-0.0291483391	-0.0207641637	-0.0192742397	0.1288129097	-0.0445738058	-0.0028900843	0.0099565504	0.0531451368	0.0328725775	0.0272371482	0.0929195605	0.1287813396	0.0609403959	-0.0407130264	0.0668798506	0.0248556451	-0.0583577166	0.0328436846	0.106923025	-0.0167630246	-0.0411904805	0.007323589	-0.059690811	0.0648871592	0.0497814421	-0.085965044	0.0184836188	-0.0826507049	0.1014595059	0.0229753584	0.0189928513	0.0930100627	-0.1098621733	0.0269266163	-0.0168534721	-0.1591194564	-0.0510224725	-0.0277542642	-0.0038571095	0.0650740687	-0.0860420759	0.0754865369	-0.0234587435	-0.0887033863	-0.0466552661	-0.0173743782	-0.002302661	-0.1095413866	0.0645767618	0.0098278548	-0.0982728393	0.0589326432	0.0377663356	0.0532826558	0.128985565	-0.124186334	-0.0743171567	-0.0514188723	-0.0163555931	0.1493684166	-0.1074259211	-0.0768056308	0.068074175	0.002355965	0.0436107301	-0.0343251134	0.0415964263	0.0120147517	0.0602197912	-0.009065588	0.0901252505	0.1092720515	0.0757833115	-0.0282736841	-0.0570498406	-0.0696284042	-0.098641882	-0.0120030122	0.0284792315	0.12347224	0.0380211608	0.0911841006	-0.0381751519	-0.0159220536	0.0046352544	0.0256629679	-0.0247725592	-0.0504528654	0.0836866626	-0.0697442467	-0.1165901104	0.1066928056	-0.0908149015	0.0	0.00384807	-0.01933443	0.0003738201834249	1.48076427249e-05	0.0523416	0.0145076	0.00021047045776	0.00273964309056	0.496804	0.021961	0.246814214416	0.000482285521	0.00407193	-0.00033574	1.1272134760000012e-07	1.6580613924899996e-05	-0.00171321	5.3459999999999966e-05	2.9350885041e-06	2.857971599999996e-09	0.000588835	-0.0002751379999999	7.570091904394499e-08	3.46726657225e-07	0.0	0.0	0.0
324.05248739629064	-0.0127729288626028	105010.01458772313	0.0001631477117291	331.02530443936905	0.2644377287174393	0.069927312369238	109577.75217917695	211.1550982425088	-0.3378895040143845	0.1141693169230868	44586.47551380355	216.8052475323284	357.06500983138045	1.008507	20.945856	0.08172327	0.043354	0.0425750423	0.0066827266	-0.0823347146	-0.0248676487	-0.0813018123	0.0434806689	-0.0672841896	-0.0895230281	0.0171384554	0.0131206705	-0.1187911391	0.0732602863	0.0539576871	0.1213447618	0.077265375	-0.0407013441	-0.0646812526	0.012139672	-0.0130875266	0.0309005918	0.0115502672	0.0299396576	0.0235716135	-0.1123816088	-0.1658706356	-0.0275094206	0.0777564823	-0.0341158299	0.0074599359	-0.0433506438	-0.0061829912	0.0615325752	0.1410885111	0.013780484	0.007085096	0.0375655559	0.0146723975	0.0009836233	-0.088616091	-0.0690477844	0.0741200959	-0.1846405891	-0.0118363774	0.0333392984	-0.0214897072	-0.1199341633	-0.1183739157	0.0281296669	0.1302540893	0.0163476934	-0.0943597874	0.0411220999	0.0083851835	-0.0805051361	-0.1250972342	0.0035304487	0.0965673383	0.0674227955	0.0726278774	0.1069679646	0.0569411221	0.04198382	0.1013866166	0.0172967388	0.0354038669	0.0209626137	0.0938531222	-0.0596175902	0.0305127804	0.098254492	-0.1039623452	0.0274140722	0.0446930842	0.0789089118	0.0320914138	0.0236372644	0.0418483818	0.0677573109	-0.0092662967	-0.0299407819	0.1019309378	0.1003372759	0.0856632635	-0.0053651343	-0.0435878614	0.0814821055	0.091547423	-0.131712469	-0.0099282004	-0.0075813446	-0.0255783817	0.1043682574	-0.0042834997	0.1167596352	0.0775828143	0.0982873016	0.0305485877	-0.0962675406	0.0412367526	0.1002406595	-0.0364384269	-0.0894403092	0.0224020774	-0.0100204914	0.0352975696	-0.0059129691	0.072384758	-0.0071165953	0.0273753954	0.041292112	0.1277200696	-0.0986498923	-0.0360260117	-0.0484105741	-0.1059222769	0.0524701141	-0.0042950525	-0.0309745977	-0.0422936448	-0.0796802443	0.0371097631	-0.0076717834	0.0239354577	0.0700808806	-0.005026457	0.0773422441	-0.1171976362	0.1090609537	-0.0959156576	0.0	-0.0118915	-0.0157395699999999	0.0002477340637848	0.0001414077722499	0.0252489	-0.0270927	0.00073401439329	0.00063750695121	0.472981	-0.023823	0.223711026361	0.000567535329	0.00437329	0.00030136	9.081784960000032e-08	1.91256654241e-05	-0.00171321	0.0	2.9350885041e-06	0.0	0.000588835	0.0	0.0	3.46726657225e-07	0.0	0.0	0.0
324.5614909135087	0.5090035172180478	105340.16138399958	0.2590845805403435	331.09082829123264	0.0655238518635883	0.0042933751630414	109621.1365785745	211.3509051473517	0.1958069048428967	0.0383403439841552	44669.20510660486	216.91531873666665	357.1936404800215	1.009573	20.968002	0.0770379999999999	0.0406369	0.0315279821	-0.0291881862	-0.0580355819	0.0323959189	-0.0093250891	-0.0547610048	-0.0709183928	0.0240927667	0.0871272954	-0.0010499532	0.1090455146	0.0237892204	0.0337271683	0.0928812275	0.0750386664	-0.0412354432	-0.1491237887	0.0805646428	0.0214865357	0.0134482223	-0.005806234	-0.0799516688	-0.0024874641	0.0017981483	0.0185496927	-0.0562171562	-0.1074362071	-0.0331525892	-0.0551105489	0.0922470397	0.1162221629	-0.0177648486	0.0566985641	0.0394422352	-0.0622829933	0.086136182	-0.0153952062	-0.0860931759	0.0324595958	0.0561661144	0.0937582492	-0.0546671803	0.1099313354	0.0736046516	-0.0243714669	-0.0387708979	-0.1704580005	-0.1196932082	0.0570430573	-0.0403718767	0.1582833852	-0.0577329483	-0.1035921872	0.0378530747	0.0925650818	0.0380099077	0.1253297307	-0.0195636328	-0.045022605	0.0906035157	0.032858273	0.0560541895	0.0682761099	0.1558264758	0.0324960195	0.0568644216	-0.0166010768	0.0013175642	0.0684065792	-0.1047674503	-0.0294299524	-0.0273062349	0.0068140295	0.0157450268	-0.0327996024	-0.0386974886	0.0078057603	-0.0027589012	-0.0124755674	-0.1374991522	-0.0405754937	-0.055535085	0.0647022839	-0.0905138767	0.0403221229	0.0605902034	-0.0142336828	-0.1824211102	-0.0213557777	-0.0449638522	0.0009333881	-0.0143909473	0.171032389	-0.0291049447	0.093119683	-0.019886305	-0.0858461177	0.1045654333	0.2456904538	0.1008005534	-0.0314943282	0.0268195912	-0.007131465	-0.0320201025	0.0107197675	0.0314890097	0.0555918989	-0.0470413459	-0.0490233646	-0.0604907361	0.0062989637	-0.184452221	0.0961435203	0.0082672973	-0.1016174594	0.1032259415	-0.060116149	0.0316674666	-0.0530114051	-0.0573222383	0.0711483158	-0.0340531571	0.0584092512	0.1395781048	-0.1295461149	-0.0926844885	-0.1177452974	0.1112062966	-0.1005756196	0.0	-0.0166336	-0.0047420999999999	2.248751240999999e-05	0.0002766766489599	0.0517844	0.0265355	0.00070413276025	0.00268162408336	0.444272	-0.0287089999999999	0.197377609984	0.0008242066809999	0.00430383	-6.946000000000035e-05	4.824691600000049e-09	1.85229526689e-05	-0.00151825	0.0001949599999999	2.3050830625e-06	3.800940159999996e-08	0.000512227	-7.660800000000004e-05	5.868785664000005e-09	2.62376499529e-07	0.0	0.0	0.0
325.3418772308996	0.7803863173909349	105847.33708012576	0.609002804370985	331.7178433798436	0.6270150886109604	0.3931479213458105	110036.72761657446	211.5347046333447	0.1837994859929779	0.0337822510512828	44746.93126431638	217.16426171070165	363.0008453183314	1.140518	23.687624	0.100318652	0.059621	-0.0118726692	-0.0666615123	-0.0771242903	0.0636842297	0.0412492727	-0.0829013228	-0.007593955	0.1351038121	0.1123097034	-0.1401965119	0.0239280546	-0.1211802863	0.0146471817	0.0588309946	0.0360383162	0.0406132608	-0.1227933725	0.1622930985	-0.0489367439	-0.0212276577	-0.0022539359	-0.0962818277	0.173826939	-0.0668535716	-0.0330983708	-0.1046312607	-0.1096791245	0.0482399992	0.0543363761	0.056795848	-0.1273549396	0.0611871196	-0.0185949164	-0.0419087266	-0.0473814089	0.0124098367	0.1181958229	0.0721502897	0.0333417242	0.0138851095	-0.0246783023	-0.0073736295	-0.1790963923	-0.0304478494	-0.0448425137	0.0090993105	-0.0502471933	0.0491465086	-0.0672077245	0.0846251385	0.1589931852	-0.0232864243	0.0627155728	-0.0191187251	-0.1032078917	0.0941271	0.0547422065	0.0065162912	0.033617265	0.0305964251	0.0572751123	0.026338219	-0.0344422877	0.2076906845	0.0599634553	0.0893065322	0.079984394	0.1630070426	-0.0752759517	-0.0477670052	-0.0816386984	0.1024356752	-0.0017384149	0.068712895	-0.0839613936	0.0658454819	-0.1183248614	0.0573873047	-0.0916769809	0.0074879884	0.0938839177	0.0797437382	0.049516153	-0.0676166855	0.1086106028	-0.0135777824	-0.02264717	0.0544951402	-0.0276915923	0.095826586	0.0985989491	0.0936376545	-0.0100787917	0.0383550582	0.067784173	-0.0089508043	0.040466206	0.1837705636	-0.0794435992	-0.0229467983	0.0962185331	-0.0763547619	0.0277933266	0.0430633377	0.0391922801	-0.0016669386	0.1026101688	-0.1109255433	0.1242349008	0.0693821026	-0.0278965896	0.0036687162	-0.0169759693	0.1182871494	-0.0230987319	0.0586841001	-0.0055165315	0.1021427447	0.0371694349	0.0526358894	0.0967892899	0.0344054329	-0.0768567138	0.0366046909	0.1578620169	0.1240076373	-0.1182328141	0.1131244514	-0.104773372	0.0	-0.000209848	0.016423752	0.0002697396297575	4.4036183104e-08	0.0518184	3.399999999999931e-05	1.155999999999953e-09	0.00268514657856	0.499886	0.055614	0.249886012996	0.0030929169959999	0.00449465	0.00019082	3.641227240000016e-08	2.02018786225e-05	-0.00181576	-0.0002975099999999	3.2969843776e-06	8.851220009999997e-08	0.000588835	7.660800000000004e-05	5.868785664000005e-09	3.46726657225e-07	0.0	0.0	0.0
326.0645087044292	0.7226314735295887	106318.0638366608	0.5221962465355446	332.14960551098443	0.4317621311408288	0.1864185378872702	110323.36044110256	212.0212099309553	0.4865052976106199	0.2366874046031978	44952.99346058622	217.232622413792	372.9505458549291	1.213695	25.207457	0.1092117519999999	0.0517446	-0.0821444617	-0.0557776944	-0.0915736297	0.0131782942	0.0320219971	-0.0243163071	0.1571364122	0.2458106263	0.0543242591	0.0496425737	0.0150572345	0.0160119786	0.0991892937	-0.0509559898	0.0078686186	0.1149756507	0.0699565055	0.1416923819	-0.0930137225	-0.0698123064	0.0450213305	-0.0869167004	0.1137212122	-0.0020876707	-0.085511501	-0.0925244368	-0.0971303749	0.0111613098	0.144414411	0.0345854996	-0.0410131176	-0.1259332082	-0.0512847815	-0.0246497084	-0.0447644904	-0.0298099061	-0.0040361372	-0.0503535023	0.0865516108	0.0580660426	-0.0860923818	0.0215780828	-0.0054434297	0.0601845486	0.0369460949	-0.1081570156	0.0729337558	0.0866065485	-0.0461208077	0.0255979458	0.0128799885	-0.1762823983	0.0957669489	-0.0689440705	0.0507547479	0.070161637	-0.181466588	0.0302426006	0.0093893937	0.0272974399	-0.0563046832	-0.1207870737	-0.2118364513	0.076630373	-0.0595226151	0.0171742499	-0.1178423646	0.1322846164	0.0243200372	-0.0291641087	-0.1297474473	0.1852197864	-0.0726666572	-0.0237189202	-0.0276289983	0.1095658823	-0.1278523074	-0.0639849175	-0.0227000597	-0.0137695973	-0.0508689813	-0.1472579983	0.026684663	0.1078026825	-0.0837557444	-0.0295305533	-0.0107236143	0.0528704045	0.1099040006	0.0065845016	0.0610568022	0.0377512465	-0.106169578	-0.066593316	0.0360673521	0.0022713008	0.0047187487	0.099403648	0.0227344162	0.0071669435	-0.0226311254	-0.1000980465	0.0431187724	0.0628855412	-0.0500238059	-0.0551061524	0.0929622141	-0.0277683806	-0.1433557842	0.1579843854	-0.0788434195	-0.0379442536	0.0939042915	0.0082786125	-0.032493543	-0.0958647044	-0.0431408995	-0.1050042203	0.0177511779	-0.0409523428	0.0276236322	-0.0932109381	0.0393324606	0.030786362	-0.1755213136	-0.0278320876	-0.1186599374	0.1148114994	-0.1084896234	0.0	-0.0204333	-0.020223452	0.0004089880107963	0.00041751974889	0.0246861	-0.0271323	0.00073616170329	0.0006094035332099	0.50771	0.0078239999999999	0.2577694440999999	6.121497599999996e-05	0.00507397	0.0005793199999999	3.356116623999994e-07	2.57451715609e-05	-0.00131444	0.00050132	1.7277525136000002e-06	2.513217424e-07	0.000588835	0.0	0.0	3.46726657225e-07	0.0	0.0	0.0
325.4222531261743	-0.6422555782548898	105899.64282971589	0.4124922277995228	331.6463528090429	-0.5032527019415056	0.2532632820114259	109989.30333154016	212.01701179638243	-0.0041981345728743	1.762433389196268e-05	44951.21329106737	217.34521673613625	375.0260927712216	1.236704	25.685324	0.11384946	0.063008	-0.0989673897	0.0429295099	-0.0542376056	-0.0711405696	-0.0450109862	0.043099487	0.173250385	0.1023218826	-0.0852425765	0.0156056433	0.0688676522	-0.0368498265	-0.0614590706	-0.0724350222	0.0314102689	0.0783276508	0.1355582985	-0.0709240467	-0.0796154298	0.0008548113	0.0907729343	-0.2257659565	0.1555223049	0.1389409878	0.0039158185	0.2126878974	0.0142385896	-0.1161698367	0.0632778126	0.0305791475	-0.0622132718	0.0048832013	-0.0954801494	0.013416387	-0.0326024778	-0.1407623328	0.0171127718	0.0661418573	-0.0658987849	-0.0143571962	-0.0348220978	0.0217903081	-0.0541103211	0.0027465214	-0.0159602433	-0.1068580778	-0.0317356082	-0.0796737745	0.0451527867	0.0282811878	-0.0390209277	-0.0832129128	-0.0669817953	-0.0232133906	-0.0162916977	-0.1119757154	-0.0169509772	-0.0243363839	0.0540234791	0.0091835845	-0.0899472872	-0.1163506917	-0.1030132531	-0.131697318	0.0616920278	-0.0232282759	-0.1292835296	0.2894410552	-0.0143537189	-0.0221631284	0.058877233	-0.0443793141	0.0942634096	0.0692187505	0.171844939	0.1312732159	-0.0757490578	-0.0882098162	0.0025571767	0.0537455087	-0.0357322274	-0.0139525314	-0.0389719552	0.0740326499	-0.0331529623	-0.0035220653	0.0761190133	-0.0237045418	0.1409951909	0.0410626126	0.0088337515	-0.0018914169	-0.0034601023	-0.0413856081	0.1452874828	-0.0587478861	-0.1396287331	-0.0300382523	-0.0678154685	0.0024504589	0.0184535717	0.0976618537	0.0507201248	0.0830095486	-0.106062795	-0.0199456625	0.0751238107	0.0836493775	-0.0192657649	-0.0312248048	-0.2157405922	0.0566101555	-0.0220773088	-0.0465001159	0.115427933	0.0581469079	-0.1025510861	0.0211937845	-0.0448939636	0.0670481694	-0.038398963	-0.0301451476	-0.07272259	-0.1733278349	0.1023848304	-0.1352929545	-0.1190264491	0.1162639941	-0.1117072952	0.0	-0.0089587899999999	0.0114745100000001	0.0001316643797401	8.025991826409821e-05	0.0816176	0.0569314999999999	0.0032411956922499	0.0066614326297599	0.51865	0.01094	0.2689978225	0.0001196836	0.00519809	0.00012412	1.5405774400000033e-08	2.70201396481e-05	-0.00171321	-0.0003987699999999	2.9350885041e-06	1.590175128999999e-07	0.000421656	-0.000167179	2.7948818041e-08	1.77793782336e-07	0.0	0.0	0.0
324.73148700658726	-0.6907661195870674	105450.53865350934	0.4771578319693746	331.5056846779311	-0.1406681311118518	0.0197875231105011	109896.01897378388	211.8444877624512	-0.1725240339312392	0.0297645422839074	44878.08699533533	217.4040016228466	370.3378439007186	1.236499	25.68107	0.2201802599999999	0.127538	-0.066665387	0.0744030215	-0.029091705	-0.0438808584	-0.1326094297	0.0292760423	0.0634703806	-0.0199980455	-0.1313920664	0.0209938594	-0.220458269	0.1072107704	0.2051039609	-0.0475420293	0.0297710337	-0.0288191439	0.1386712591	0.0522149235	-0.0740229674	0.0158312038	-0.0030068895	-0.0481561222	0.0159173837	-0.0994135634	-0.1100011438	0.1332038002	-0.0081567742	-0.1311509389	0.0062053145	0.1119831238	0.0002758303	-0.0761687064	-0.0206439443	-0.1225594928	-0.0063926191	0.0496864406	-0.0114906858	-0.0636800289	-0.0708775479	-0.0820029198	0.0767246024	0.0409817074	0.0570049561	-0.2061875274	-0.1348738938	-0.0898579247	0.174804232	0.1417001356	-0.1093417024	0.029413083	-0.133027902	-0.0225771164	0.0153253125	-0.0234017096	-0.0658630397	0.0213423126	0.0752235063	-0.0157635721	0.0792215343	0.0298897879	-0.0837666465	0.005631946	-0.0711672024	-0.1577705533	0.0191982148	0.0293770026	0.0514778818	0.0602564593	0.0001705767	0.1561087035	-0.1236619287	0.0633028563	0.2076248759	0.1264710512	0.0618415074	-0.0054435176	0.0229708147	-0.0535920324	-0.0642753458	0.011301369	-0.0395388836	-0.0389445566	0.0393690304	-0.029112833	-0.2727625438	0.0183813257	-0.0540825702	-0.0646905664	0.0895370515	-0.1667297134	-0.007682773	0.0924876673	-0.0220482215	-0.0659163924	-0.1453415671	-0.0496857608	0.0685637814	0.099180897	-0.045917962	-0.0289151964	0.1322209497	-0.093982133	0.0913625977	0.181706657	-0.0935138271	-0.1062380657	0.1818375818	0.0038688824	0.0093329765	0.0706624952	0.0858440323	0.100868777	-0.0012293741	-0.0792197627	0.036909172	-0.0262089254	-0.1023136994	-0.2027754728	0.0012846538	0.1571747442	-0.1094275085	-0.1010501512	0.0741127427	-0.0052499177	-0.0214245156	0.0779967835	-0.119332162	0.1174789681	-0.1144116002	0.0	-0.00440478	0.0045540099999999	2.0739007080099096e-05	1.94020868484e-05	0.0188779	-0.0627397	0.00393626995609	0.00035637510841	0.624207	0.1055569999999999	0.3896343788489999	0.0111422802489999	0.006133	0.00093491	8.740567081000011e-07	3.7613689000000005e-05	-0.00171321	0.0	2.9350885041e-06	0.0	0.000433337	1.1680999999999984e-05	1.3644576099999964e-10	1.87780955569e-07	0.0	0.0	0.0
324.6319964898421	-0.0994905167451634	105385.93314498084	0.0098983629222196	331.2887596668389	-0.2169250110921439	0.0470564604373267	109752.24228159255	211.5320461340117	-0.3124416284394726	0.0976197711819094	44745.80654164167	216.94360380917288	369.2205605531941	1.123979	23.344112	0.2105973299999999	0.116723	-0.0623346776	0.0696746839	0.0438112615	-0.0533838089	-0.1025632082	-0.0775031582	0.0187935013	0.0069179603	-0.0722166876	-0.0235892228	0.0924320037	0.1358431868	0.192192186	-0.0020560052	0.026951437	-0.0777210958	0.0689214878	0.0325452177	-0.0137313738	-0.0053703213	0.0305345314	-0.097736815	0.0205449611	0.0737516473	-0.1772136916	0.0976080313	0.0232265376	-0.09425545	-0.1072323439	-0.0988215956	0.0850856842	-0.0568014286	-0.0627193092	-0.0578171249	0.1246712147	0.0948570633	-0.0380771262	-0.014585795	0.032428625	-0.1398683926	0.0767127116	0.0510216105	0.0036563477	0.0782261237	-0.0085071571	-0.048897504	-0.0223177272	0.009712478	0.0523743768	0.0349469083	-0.031619883	0.0191372345	-0.0343841641	0.0290719211	-0.0360259663	0.0536668044	0.0562649671	-0.0392706327	-0.0414772104	0.0453414937	-0.0707080669	0.045608093	-0.026983064	-0.0770847447	-0.0343019712	0.0205404334	-0.1027437645	0.0352866192	0.1682515276	0.0197510069	-0.0564664995	0.0251860817	0.1698323925	0.0816367295	0.0694904738	-0.0166467134	0.0744635604	0.0858299817	0.0389113564	0.0191297702	-0.0953704966	-0.0325553824	-0.1333056089	-0.0736307641	-0.0818924652	-0.0361114618	0.0843961417	-0.0559465944	-0.0500361706	-0.1303297239	-0.0606591206	0.1086542496	0.0263338538	0.0438302733	0.0237937633	0.0554453305	0.0560656437	-0.0416417619	-0.0271957125	0.0302571536	-0.0653972816	0.0186898886	0.0330252865	0.1367613077	-0.15331566	-0.0615604403	-0.0191715546	-0.00756374	-0.1580661614	-0.0705088184	0.0408939756	0.1249902575	0.1788688209	-0.0562505993	-0.0264462536	0.0069019261	-0.255404447	-0.0778206512	0.0131779776	0.0365239927	-0.1415060245	-0.0404489742	-0.006286567	0.1082263013	-0.2266966632	-0.0685241898	-0.1195769199	0.1184539393	-0.1165901104	0.0	0.0135267	0.01793148	0.0003215379749904	0.00018297161289	0.0520523	0.0331744	0.00110054081536	0.00270944193529	0.530042	-0.0941649999999999	0.280944521764	0.0088670472249999	0.00698654	0.0008535399999999	7.285305315999997e-07	4.88117411716e-05	-0.00213106	-0.00041785	4.541416723600001e-06	1.745986225000002e-07	0.000468476	3.5139000000000004e-05	1.2347493210000003e-09	2.19469762576e-07	0.0	0.0	0.0
324.4178741588513	-0.21412233099079	105246.95707374829	0.0458483726289294	331.71216094178624	0.4234012749473095	0.1792686396270071	110032.9577166695	211.446426264445	-0.0856198695667274	0.0073307620646234	44709.59118000537	217.17230338893543	369.22057947850624	1.106709	22.985426	0.0962433	0.0486738	-0.0512649065	0.0013689752	0.104892881	0.0094322617	0.0337994461	-0.135148146	-0.0559395902	-0.0067742594	-0.0560316443	-0.1388822568	0.0455418357	-0.1080585649	0.121576665	0.016491072	-0.067760394	-0.0719042182	-0.0179072244	0.0839858208	0.0346222347	0.0018425666	0.0732973966	-0.0725534328	0.0210044736	0.1144740712	-0.0660665197	0.0945503143	-0.0149811365	0.0141993171	0.0861352162	-0.0395152489	-0.0099488917	-0.0296627243	-0.0436354783	-0.1115250729	-0.0380866587	0.0337911217	0.0690879878	0.0578384947	0.0509268987	0.058075205	0.0880313742	-0.0838086927	-0.0409907347	0.0696460148	0.0377726465	-0.046479469	0.0207897675	-0.1499402099	0.0516107414	0.0146978445	0.0780955471	0.1015800577	0.0431624159	0.0553312344	0.0124496517	-0.1246513829	-0.1218649017	0.0122918692	-0.073649794	-0.0464483764	0.0361509469	0.1271895444	-0.0269925131	0.0360996178	-0.0150605226	0.0807843634	-0.0032555373	0.0966079978	0.1173420684	-0.0062093035	0.0493190869	0.0591636269	0.0973054108	-0.0184411044	0.1065904212	-0.0029046615	-0.0247887752	-0.0172018039	-0.1062270802	-0.0366346827	-0.0658956175	0.0643897919	0.0306654152	0.0099890527	0.1608524938	0.0169060819	-0.0174342982	-0.0358416306	-0.0459583537	0.009939567	-0.0770408036	0.010717821	-0.0148092683	-0.0096981051	0.0198789934	0.0352999874	-0.0181777956	-0.1439425995	-0.010537756	-0.1034336271	-0.0838069302	0.0844126662	0.0158223689	0.1085901573	-0.0636791675	0.0548531354	-0.003299791	-0.0833454981	-0.0478292679	-0.0289721318	-0.0262661266	0.1517336615	0.0989841992	0.0752993172	0.0375312704	0.07733079	-0.1580541322	0.0301322533	0.0383082841	0.1474753457	-0.0091402477	0.0432987873	-0.1040000505	-0.0285990588	0.1213726895	-0.005539314	-0.1197605978	0.1191869159	-0.1182328141	0.0	0.0177451	0.0042184	1.7794898560000006e-05	0.00031488857401	0.0729283	0.020876	0.0004358073759999	0.00531853694089	0.511989	-0.0180529999999999	0.262132736121	0.0003259108089999	0.0061924	-0.00079414	6.306583396000008e-07	3.834581776e-05	-0.00221897	-8.790999999999964e-05	4.923827860899999e-06	7.728168099999936e-09	0.000288608	-0.000179868	3.2352497424000004e-08	8.3294577664e-08	0.0	0.0	0.0
323.5975990879101	-0.820275070941193	104715.4061354598	0.6728511920075793	330.78237419240503	-0.9297867493812078	0.8645033993248729	109416.97907636428	211.1205458858557	-0.3258803785892894	0.1061980211494986	44571.8848951417	216.6975528858115	364.3677452514653	1.126436	23.395159	0.0887909999999998	0.0555915	0.0005672849	0.0238407528	0.0846500907	-0.0532466737	0.0456955262	0.0320209377	0.0339829262	0.0792167012	-0.1202962015	0.0395607824	0.0053001067	-0.1424005378	0.1202941696	0.1023857513	-0.0430927258	0.0349990051	0.0473763229	0.0086062893	0.0037834457	-0.005469067	0.0458897752	-0.0450645994	0.0059520682	0.0422671994	-0.0406867175	0.034219691	0.0571660764	-0.033136696	-0.0024531494	-0.0256606963	-0.0833512527	-0.1122775235	-0.0252516255	-0.0882813066	-0.0294672914	0.0049437312	-0.0684844547	-0.0230548297	-0.015034084	0.0566565888	0.0668833322	0.0744117812	0.0656206736	0.0964801638	0.061409801	-0.0981340897	0.1706747668	-0.0648760439	-0.1107470163	0.1639438622	-0.0651743605	0.0422447004	0.0402237314	0.049238312	0.035717894	-0.00712319	0.0287146732	0.1294846956	-0.0952092118	0.0482782823	0.0963696249	-0.015843053	-0.0653250957	-0.0413668125	-0.0256464485	0.0067686253	-0.0347964406	0.0888279404	0.0968574221	0.0380569645	-0.0071954497	0.0886409348	0.0419378149	-0.0760129045	0.0347337562	-0.0099082204	0.025056787	0.0444789278	-0.0353029162	0.1189271977	-0.081942125	-0.0376483912	-0.0097162888	0.0896872918	-0.0245446117	0.0542849605	0.0010645006	0.0531877787	-0.004134938	-0.0842962896	-0.1473886523	-0.0270894203	-0.0456461803	-0.090038066	-0.1142478025	0.1508342775	0.0228901943	0.0377600332	0.0326927322	-0.0635422964	0.0897331904	0.0720207981	0.0438614739	0.1767111523	-0.0532218643	0.0068056664	-0.0118220341	0.0677232641	-0.1263877113	-0.0073369593	-0.0025258828	0.2557395245	0.0552332505	-0.0055181614	0.0631911696	-0.1144897847	-0.0256994676	-0.055842006	0.1070684434	0.1795554661	-0.105540189	0.0279197336	0.0540394496	0.003875513	0.0538609099	0.0615995918	-0.1198831019	0.1196764004	-0.119332162	0.0	0.0274323	0.0096872	9.384184384e-05	0.00075253108329	0.0677861	-0.0051421999999999	2.644222084e-05	0.00459495535321	0.563205	0.0512159999999999	0.3171998720249999	0.0026230786559999	0.00618885	-3.549999999999734e-06	1.2602499999998109e-11	3.83018643225e-05	-0.00234354	-0.00012457	5.492179731599999e-06	1.5517684900000014e-08	0.0006154	0.000326792	1.0679301126400001e-07	3.7871716e-07	0.0	0.0	0.0
323.4108484294259	-0.1867506584841862	104594.57688184112	0.0348758084442771	329.699288856738	-1.0830853356670218	1.1730738443369453	108701.62107263877	211.0223788612768	-0.0981670245789132	0.0096367647146769	44530.44438027224	216.59563059302727	356.58873520403347	1.100255	22.851393	0.1173264499999999	0.0590886	0.0479080476	0.0719337996	-0.0042526387	-0.0507605304	-0.059927646	0.106438673	-0.045622638	-0.0201483984	-0.0112272021	0.0269126883	0.0185838237	-0.0186837042	0.0055043808	0.1368334524	0.0535621854	-0.0364478417	0.0445474334	-0.0624135335	0.080058011	-0.0404632002	0.0519612482	-0.0263446398	0.0601386354	0.056312576	-0.0405729689	0.0506587437	0.0423457887	-0.0370656668	-0.0495085057	-0.082454907	-0.060502197	0.0042910591	-0.0556072895	0.06208872	-0.0706357073	-0.0651327694	-0.0609066728	-0.0220120965	0.0233877799	0.0158959378	-0.0328150224	0.0740451467	-0.0128906101	0.0244636526	0.0549447814	0.1154822827	-0.0511976948	0.0244472258	-0.0417669775	0.1189063252	-0.1145533361	0.0041270219	0.0371935478	-0.0103200534	-0.0496801855	0.0309939418	0.1160976678	-0.0314348814	0.0712583591	0.1111631148	0.0807435363	0.0034636781	0.0727644564	-0.0754564763	-0.0357531057	0.033659696	-0.0554155177	0.0667594711	0.0243878538	0.0267063755	0.002115338	-0.0680641488	0.0201554296	0.0821159253	0.0375590908	0.0546170665	-0.0056866597	0.0898109039	0.0851119047	0.1059738328	-0.0039605114	0.0047230481	-0.0991854498	0.1343120594	0.0371424264	-0.0792631141	0.0014033976	0.0798811908	-0.0906894904	0.0204153687	-0.0399282463	-0.0063157957	0.0024501825	0.1238524628	-0.0584288235	0.0430249167	-0.0050704204	0.0883017715	-0.072821694	0.107932767	-0.0009427781	0.0084891957	0.0317706579	0.1088322597	-0.0339865118	0.1018400922	-0.0034541936	0.1295584237	0.0412543698	-0.0861477221	0.0401486621	0.0888746873	0.0814512207	-0.0168934953	0.0401234876	-0.0172679605	-0.0099910551	-0.0259315172	0.0585078246	0.1868246667	-0.1269130927	0.0753140763	0.1041977638	-0.0441266333	0.1077587488	-0.0239742752	-0.1199443696	0.119921393	-0.1198831019	0.0	0.0191382	-0.0082940999999999	6.879209480999998e-05	0.00036627069924	0.106502	0.0387159	0.0014989209128099	0.011342676004	0.531087	-0.0321179999999999	0.282053401569	0.0010315659239999	0.00553567	-0.0006531799999999	4.266441123999997e-07	3.064364234890001e-05	-0.00228654	5.699999999999976e-05	5.2282651716e-06	3.248999999999972e-09	0.000669189	5.378900000000005e-05	2.893256521000005e-09	4.478139177210001e-07	0.0	0.0	0.0
