global_signal	global_signal_derivative1	global_signal_power2	global_signal_derivative1_power2	csf	csf_derivative1	csf_power2	csf_derivative1_power2	white_matter	white_matter_derivative1	white_matter_power2	white_matter_derivative1_power2	csf_wm	tcompcor	std_dvars	dvars	framewise_displacement	rmsd	t_comp_cor_00	t_comp_cor_01	t_comp_cor_02	t_comp_cor_03	c_comp_cor_00	c_comp_cor_01	c_comp_cor_02	c_comp_cor_03	c_comp_cor_04	c_comp_cor_05	c_comp_cor_06	c_comp_cor_07	w_comp_cor_00	w_comp_cor_01	w_comp_cor_02	w_comp_cor_03	w_comp_cor_04	w_comp_cor_05	w_comp_cor_06	w_comp_cor_07	w_comp_cor_08	w_comp_cor_09	w_comp_cor_10	w_comp_cor_11	w_comp_cor_12	w_comp_cor_13	w_comp_cor_14	w_comp_cor_15	w_comp_cor_16	w_comp_cor_17	w_comp_cor_18	w_comp_cor_19	w_comp_cor_20	w_comp_cor_21	w_comp_cor_22	w_comp_cor_23	w_comp_cor_24	w_comp_cor_25	w_comp_cor_26	w_comp_cor_27	w_comp_cor_28	w_comp_cor_29	w_comp_cor_30	w_comp_cor_31	w_comp_cor_32	w_comp_cor_33	w_comp_cor_34	w_comp_cor_35	a_comp_cor_00	a_comp_cor_01	a_comp_cor_02	a_comp_cor_03	a_comp_cor_04	a_comp_cor_05	a_comp_cor_06	a_comp_cor_07	a_comp_cor_08	a_comp_cor_09	a_comp_cor_10	a_comp_cor_11	a_comp_cor_12	a_comp_cor_13	a_comp_cor_14	a_comp_cor_15	a_comp_cor_16	a_comp_cor_17	a_comp_cor_18	a_comp_cor_19	a_comp_cor_20	a_comp_cor_21	a_comp_cor_22	a_comp_cor_23	a_comp_cor_24	a_comp_cor_25	a_comp_cor_26	a_comp_cor_27	a_comp_cor_28	a_comp_cor_29	a_comp_cor_30	a_comp_cor_31	a_comp_cor_32	a_comp_cor_33	a_comp_cor_34	a_comp_cor_35	edge_comp_00	edge_comp_01	edge_comp_02	edge_comp_03	edge_comp_04	edge_comp_05	edge_comp_06	edge_comp_07	edge_comp_08	edge_comp_09	edge_comp_10	edge_comp_11	edge_comp_12	edge_comp_13	edge_comp_14	edge_comp_15	edge_comp_16	edge_comp_17	edge_comp_18	edge_comp_19	edge_comp_20	edge_comp_21	edge_comp_22	edge_comp_23	cosine00	cosine01	cosine02	trans_x	trans_x_derivative1	trans_x_derivative1_power2	trans_x_power2	trans_y	trans_y_derivative1	trans_y_derivative1_power2	trans_y_power2	trans_z	trans_z_derivative1	trans_z_derivative1_power2	trans_z_power2	rot_x	rot_x_derivative1	rot_x_derivative1_power2	rot_x_power2	rot_y	rot_y_derivative1	rot_y_derivative1_power2	rot_y_power2	rot_z	rot_z_derivative1	rot_z_power2	rot_z_derivative1_power2	motion_outlier00	motion_outlier01	motion_outlier02	motion_outlier03	motion_outlier04	motion_outlier05	motion_outlier06	motion_outlier07	motion_outlier08	motion_outlier09	motion_outlier10	motion_outlier11	motion_outlier12	motion_outlier13	motion_outlier14	motion_outlier15	motion_outlier16	motion_outlier17
271.6349140426757	n/a	73785.52652697181	n/a	241.61231819587417	n/a	58376.512303984346	n/a	201.4754262597842	n/a	40592.34738656174	n/a	199.81609440132843	290.74085905185	n/a	n/a	n/a	n/a	-0.065375337	-0.2007114442	0.0457888896	-0.2428731225	0.0476926644	0.0718018121	-0.0746311048	0.0998500001	-0.16218674	0.1088494734	-0.0039732823	0.1823271801	-0.0882854518	-0.1553332561	0.1862042694	-0.1397899791	0.0636718647	0.0936953694	-0.0927315622	0.0765109757	-0.0661835787	0.0238561599	-0.013675995	0.0431317068	-0.0874382531	0.1309454707	0.0320210233	-0.0080324204	0.0437837137	-0.0955870569	0.0235160379	-0.045622058	0.0435781002	-0.0360905575	0.0031510131	-0.1071090496	0.131830696	-0.0188207676	0.0407589844	-0.0659799003	-0.0031759314	0.0928323602	0.0319590403	-0.1452278918	0.0743772457	-0.0589811901	-0.0140507908	-0.0190708493	-0.0879032538	-0.1512194715	0.1852108456	-0.1362905256	0.0834171725	0.028651733	-0.1252615966	0.0383090827	-0.0645638255	0.0264216358	-0.0537995689	0.0777518637	-0.108165717	0.0898637194	-0.0171403655	0.0677759728	-0.0569687202	0.0827418343	-0.0315945386	0.0048787608	-0.0831536303	0.0436004823	-0.0204099763	0.0450497364	-0.1118131191	0.1078477096	-0.0663919836	0.0584684028	0.0012771127	0.0408084409	-0.0731366219	0.1476282404	-0.0576571737	0.027581323	-0.0931994405	-0.0014333518	-0.1321814436	-0.053205274	0.2869965639	-0.0528996157	0.014726339	-0.1433589353	0.2120857578	0.037107585	-0.0113176419	0.0082158754	-0.052130255	0.0324433708	-0.0204062446	0.0131640403	-0.0450560792	0.0710987486	-0.0758500237	0.0813537826	-0.0061243183	0.0620115874	0.0584224388	-0.0463941183	0.0340791896	-0.0343284455	0.1195153378	0.1194927693	0.1194551582	-0.379831	n/a	n/a	0.1442715885609999	-0.288636	n/a	n/a	0.083310740496	-0.384027	n/a	n/a	0.147476736729	-0.00386801	n/a	n/a	1.49615013601e-05	0.0034851	n/a	n/a	1.214592201e-05	-0.0074252399999999	n/a	5.513418905759851e-05	n/a	0.0	0.0	0.0	0.0	0.0	0.0	0.0	0.0	0.0	0.0	0.0	0.0	0.0	0.0	0.0	0.0	0.0	0.0
270.84825669465334	-0.7866573480223451	73358.77815453283	0.618829783197549	239.7159030165853	-1.89641517928888	57463.71415905692	3.5963905322372747	201.28378730454827	-0.1916389552359305	40515.16303166263	0.0367254891639189	199.64876324345167	286.3395686621757	1.125726	25.82659	0.0868170000000001	0.0468204	-0.0791074386	-0.2431333759	0.0875392543	-0.2341164379	0.0787206683	0.1579281609	0.013441471	0.1477247834	-0.2014432904	0.0422853148	0.0219462585	0.2022340715	-0.0707366135	-0.1369868827	0.2176401039	-0.1384827486	0.0099784563	0.1105094583	-0.0321395522	0.1153737872	-0.1199341325	0.0317472039	-0.0341028245	-0.022545274	-0.1414397105	0.0651451743	-0.0186824779	-0.0005238076	0.080958582	-0.1195312512	-0.0123941475	0.0284967487	0.0515776889	-0.07456924	0.1627407048	0.019519761	0.1417795642	0.0760925638	-0.0263297631	-0.0884077099	-0.0060081597	-0.0006463336	0.0596629313	-0.0100285072	0.0189833186	0.1417377547	-0.1951350214	-0.1631433788	-0.0724787124	-0.1364440757	0.209443738	-0.153426882	0.0200276512	0.0637458164	-0.0863042725	0.0451644213	-0.1340675906	0.0463290685	-0.0500770352	0.0395759952	-0.1683870224	0.0056708029	-0.0104893209	0.0208621	-0.0607301683	0.1357834068	0.0026539528	-0.0466833067	-0.0577478548	0.0947744553	0.1320189817	-0.0888368741	-0.1496206842	0.0352672383	-0.0159152769	0.0766854313	-0.0162747891	0.1097519712	0.0038970936	0.0292341329	0.0202615898	-0.2227835566	0.0583576592	0.1304520171	-0.1411056579	-0.0539858815	0.3151254647	-0.0267061407	0.0198959807	-0.1344272458	0.2298054553	0.0223459865	-0.0495136857	0.01463502	-0.0266767589	0.018311425	-0.0186755552	0.0308113268	0.0127152864	-0.0128475765	-0.1030737529	0.0758845044	0.0016859087	0.0244974723	-0.0287460259	-0.0842139292	-0.015871522	0.0558378387	0.1194551582	0.1192521267	0.1189139965	-0.383499	-0.003668	1.3454224000000034e-05	0.1470714830009999	-0.270011	0.018625	0.000346890625	0.072905940121	-0.360355	0.023672	0.000560363584	0.1298557260249999	-0.00445197	-0.00058396	3.4100928160000065e-07	1.9820036880900003e-05	0.00350535	2.024999999999987e-05	4.100624999999947e-10	1.22874786225e-05	-0.00763807	-0.0002128300000001	5.83401133249e-05	4.5296608900042743e-08	0.0	0.0	0.0	0.0	0.0	0.0	0.0	0.0	0.0	0.0	0.0	0.0	0.0	0.0	0.0	0.0	0.0	0.0
269.9068907288608	-0.9413659657925564	72849.72966292119	0.8861698815525524	236.74671814109703	-2.969184875488253	56049.008550580045	8.816058824828191	201.0403899798375	-0.2433973247107701	40417.238403245145	0.05924225767636	199.42235391996027	283.3892674189675	0.932602	21.395906	0.1228834999999998	0.0710633	-0.0760534802	-0.2654897185	0.1234179971	-0.2070952511	0.0820002489	0.1372004316	0.0052590092	0.1743710613	-0.123736429	-0.0663588911	0.0446214977	0.1864720026	-0.0397395548	-0.1549573758	0.2205862593	-0.1069779869	0.0212813613	0.1223655263	-0.0605836243	0.0707494535	-0.0953713267	0.1315752724	0.0527254603	0.0283942463	0.057674096	0.0703292981	-0.0275877825	-0.0597402915	0.0697751702	0.0563168616	0.0088455685	0.06955387	0.0715256505	-0.0438821131	-0.0495038465	-0.0397308771	-0.0058184887	0.0572537084	-0.1021163717	0.0856530551	-0.0906098812	-0.0596755406	0.0708707802	0.0194983951	0.0567889005	-0.0420412881	-0.0616886083	-0.0911451398	-0.0433224673	-0.1531825387	0.2102750469	-0.122003638	0.030108051	0.0624309007	-0.1269538796	0.0593610392	-0.0832267278	0.1562001698	-0.0366092717	0.0226107992	0.0536490676	0.0769646976	0.027820675	-0.0008682897	0.1019977916	0.0579302306	0.0398595205	-0.0797508968	-0.0672404276	0.0639793146	-0.0281599709	0.023022036	-0.0537894102	-0.0574849133	0.1047381842	-0.0908737732	0.0727448402	0.0755846403	0.0430358665	-0.0298784471	-0.0661860381	-0.0494205925	-0.0300456561	0.0429744792	-0.1364605821	-0.0512898106	0.3150203802	-0.0067436773	0.0143441259	-0.1299708254	0.2527125787	0.0226301573	-0.0291055114	0.0269821362	-0.056392904	0.0327757033	-0.0013884121	0.0732200422	0.011941095	-0.0027671943	0.012116437	0.1227518313	0.0216857238	0.0580486463	0.0272429964	-0.1095292596	-0.0422979004	0.0460918979	0.1193348294	0.1187713263	0.1178341246	-0.37042	0.0130789999999999	0.0001710602409999	0.1372109764	-0.269382	0.0006289999999999	3.956409999999883e-07	0.072566661924	-0.30674	0.0536149999999999	0.0028745682249999	0.0940894276	-0.00498895	-0.0005369799999999	2.8834752039999936e-07	2.48896221025e-05	0.00339719	-0.0001081599999999	1.1698585599999986e-08	1.15408998961e-05	-0.007172	0.0004660699999999	5.143758400000001e-05	2.172212448999999e-07	0.0	0.0	0.0	0.0	0.0	0.0	0.0	0.0	0.0	0.0	0.0	0.0	0.0	0.0	0.0	0.0	0.0	0.0
269.93996578083926	0.0330750519784714	72867.58512576067	0.0010939590633785	234.71281509157976	-2.033903049517278	55090.10556821411	4.136761614835683	201.1781489383132	0.1377589584757004	40472.64761024613	0.0189775306403097	199.67221412319105	282.63516523968144	1.139396	26.140215	0.395707	0.208849	-0.099673432	-0.2210264073	0.1260216657	-0.1430567348	0.0878120421	0.1666367408	-0.0006483546	0.0967844455	-0.1273988338	-0.1160473546	0.1100689216	0.0364717214	-0.0516673798	-0.1342126357	0.161102173	-0.1340204158	-0.031798635	0.0900615653	0.0808833122	0.0207831783	-0.015531226	0.0901029023	0.1272304066	0.008789338	-0.0775396258	0.0620333279	-0.0473910144	0.036411279	-0.0672568115	-0.0574687201	-0.1301486701	0.1003266894	-0.0252651215	-0.0098868852	0.0444643192	0.0131660321	0.0421655136	-0.0443483709	-0.0154881009	0.066069975	-0.13478225	-0.0325904949	-0.1685399033	0.0619141156	-0.0300960363	-0.0924615677	0.072268417	-0.0665250071	-0.0524314125	-0.1305471189	0.1332378564	-0.1599762411	-0.0306922155	0.1318138244	0.0078241151	0.0317667903	-0.0051477168	0.1291890976	0.0733133091	0.1058378298	-0.0225605096	0.0151228901	-0.0107848809	-0.0160030814	-0.1041700572	-0.0015393463	0.1358238292	-0.0809696142	0.067577518	0.027079029	0.0744157872	0.0067460623	-0.0038968476	0.0504338669	0.0021587508	-0.1586817632	-0.1411749538	-0.0808998302	0.1348024197	-0.0402924772	0.0232367508	0.0655503683	-0.0479655764	0.1034254015	-0.135438156	-0.0231843438	0.2298382584	-0.0469570387	0.0297827717	-0.0260771362	0.0640279277	0.0279270872	-0.0943861594	-0.0557275981	0.0268196689	-0.0112497644	0.0367735497	0.0116804394	-0.0501478324	0.0622265755	0.0202474965	0.0255245056	-0.0184151493	-0.0506202268	0.020738037	-0.0530656013	-0.0354855576	-0.026416182	0.1191544118	0.1180513362	0.1162204348	-0.309346	0.061074	0.003730033476	0.095694947716	-0.22509	0.044292	0.001961781264	0.0506655081	-0.356495	-0.0497549999999999	0.0024755600249999	0.127088685025	-0.00180768	0.00318127	1.01204788129e-05	3.2677069824000005e-06	0.00379198	0.0003947899999999	1.5585914409999993e-07	1.43791123204e-05	-0.00593634	0.00123566	3.52401325956e-05	1.526855635600001e-06	0.0	0.0	0.0	0.0	0.0	0.0	0.0	0.0	0.0	0.0	0.0	0.0	0.0	0.0	0.0	0.0	0.0	0.0
272.8440974760479	2.9041316952086618	74443.90152751913	8.433980903115536	238.36441852473004	3.651603433150285	56817.59601863266	13.334207632994948	201.97837007471816	0.8002211364049572	40795.2619780398	0.640353867149241	200.32584048307967	292.65514072927505	1.407027	32.280251	0.2692189	0.120065	-0.1163544493	-0.0861320915	0.0197954339	-0.1120873276	0.0530927532	0.0339548328	0.0041876419	0.0881790485	-0.0663273427	0.1567926843	0.0657290321	0.0414040199	-0.0839662227	-0.0692365337	0.0478999495	-0.0936142338	0.1598349678	0.0292666247	0.022928137	-0.136627997	-0.0522696276	0.0653411891	0.0027372271	0.0005084937	-0.1136723933	-0.0670821163	0.0937102018	-0.0061670314	-0.100833851	0.0706021357	0.017722924	-0.0523536195	0.0901932951	0.1182269534	-0.1065699113	0.1027121497	0.037511134	-0.005371309	-0.062087122	0.00023663	0.0750037213	-0.1240869891	0.0135216802	0.0670404884	-0.0205213755	0.1227087208	0.0829375255	0.0250067717	-0.0851900524	-0.0685590987	0.0456678216	-0.077465051	0.1504365564	0.0601611998	0.003814564	-0.1337728221	0.0534056058	0.0761021596	-0.0167365261	0.0306024717	-0.0669933758	-0.1212762403	-0.0384121599	0.0747453824	-0.0079920161	-0.112822087	0.0252452935	0.0463591633	-0.0916924315	-0.1601184068	-0.1008019716	-0.0740599059	0.0173005076	-0.0018443084	0.0710285685	0.0486249165	0.0558185218	0.0067180584	0.1004771333	-0.072108983	0.020440946	0.0375441791	0.1715378069	0.0076306153	-0.1211149329	0.00240102	0.1438056036	-0.0692798213	0.0429484277	0.0487613919	-0.0510282219	0.0275136954	-0.0228266636	-0.063371435	-0.048202233	-0.0481628937	0.0407213235	-0.064329334	-0.001779658	0.0790835431	-0.0677089378	-0.065366933	-0.0353422611	-0.0724427594	-0.0088483897	0.0514327459	0.0606027756	-0.0689877727	0.1189139965	0.1170936064	0.1140802373	-0.274828	0.0345179999999999	0.0011914923239999	0.075530429584	-0.16237	0.06272	0.0039337984	0.0263640168999999	-0.387818	-0.0313229999999999	0.0009811303289999	0.150402801124	-0.000660852	0.001146828	1.3152144615840004e-06	4.36725365904e-07	0.00456504	0.00077306	5.976217636000005e-07	2.0839590201600003e-05	-0.00504307	0.0008932699999999	2.54325550249e-05	7.979312928999997e-07	0.0	0.0	0.0	0.0	0.0	0.0	0.0	0.0	0.0	0.0	0.0	0.0	0.0	0.0	0.0	0.0	0.0	0.0
273.8904808218435	1.0463833457955616	75015.99548482061	1.0949181063583138	239.07630974733377	0.7118912226037253	57157.48188240308	0.5067891128202268	202.74296510645644	0.7645950317382812	41104.70990015781	0.5846055625588633	201.20470018698128	303.07900813735387	1.194167	27.396776	0.1445921999999999	0.0784354	-0.1345211128	-0.0045019806	-0.0798222343	-0.1688589546	0.0889382168	0.0314552596	0.0690563902	0.0321350617	-0.1203807642	0.1498789796	-0.0536894474	0.1200570891	-0.1496781752	-0.069865022	-0.1153410632	-0.1228787668	0.1198494565	0.1756874918	-0.055129084	-0.0002789768	-0.0365057656	-0.0618133996	-0.016127076	-0.0954569783	-0.0175432455	-0.097335378	0.026439485	0.0558228279	-0.0290282003	-0.029864985	-0.0152780488	0.0497565543	0.1534632341	0.0150209766	0.0201273127	0.0207703571	-0.0464861214	-0.0837870904	0.0889950087	-0.0678903413	0.0733278053	-0.015826444	0.0017210211	0.0601501096	-0.0758632238	-0.0717536496	-0.0056441832	0.1432227798	-0.1488074389	-0.0611444738	-0.1181585912	-0.1046616322	0.1386976663	0.1166018898	-0.14589842	-0.0201042949	-0.0435833523	-0.0654183285	0.0223030649	-0.0875797365	-0.02516443	-0.0983880521	-0.0739567511	-0.0108867056	-0.0488607738	-0.0089710295	0.0308927525	-0.0643764123	-0.1243245819	-0.0611113062	0.0315737303	-0.0031563266	0.109571305	0.0528948024	-0.0725428945	0.0698026074	-0.0036404771	-0.021468251	-0.0268733004	-0.084561741	0.0754144446	0.012544005	-0.0649433266	-0.1145273471	-0.1224310027	0.0174191721	0.1123802586	-0.0797360889	0.0648338022	0.053089462	-0.0887416602	0.0380525897	-0.0358326057	-0.0381728917	0.0622439383	0.0239214274	0.0382299716	0.0250673026	0.0954574181	-0.0068553437	-0.1001501709	-0.0169398496	-0.0215298746	-0.0218171456	-0.0660454961	0.1659876491	0.0085882309	0.0439230054	0.1186137044	0.1159000657	0.1114232278	-0.261498	0.01333	0.0001776889	0.068381204004	-0.146183	0.0161869999999999	0.0002620189689999	0.021369469489	-0.405798	-0.0179799999999999	0.0003232803999999	0.1646720168039999	0.000375582	0.001036434	1.074195436356e-06	1.41061838724e-07	0.00459784	3.2799999999999496e-05	1.075839999999967e-09	2.11401326656e-05	-0.0041704	0.0008726699999999	1.739223616e-05	7.615529288999998e-07	0.0	0.0	0.0	0.0	0.0	0.0	0.0	0.0	0.0	0.0	0.0	0.0	0.0	0.0	0.0	0.0	0.0	0.0
272.7055991950417	-1.1848816268017686	74368.34383232673	1.4039444695324057	238.8774540092372	-0.1988557380965687	57062.43803393524	0.0395436045739311	202.63619407972908	-0.1067710267273582	41061.427151117634	0.0114000521484142	201.0059947175159	302.5199903784026	1.179248	27.054499	0.2346314	0.11236	-0.1420910524	0.0484583725	-0.0612359336	-0.0623926601	0.1366765722	-0.0561198233	0.0913750365	-0.0354476247	-0.0259833421	-0.0207562094	-0.0639700771	0.0795780064	-0.1709602056	-0.0581228387	-0.1401865454	0.0753395865	0.1525413928	0.1903120591	0.0279359689	-0.011856698	0.0027904254	0.0492206041	-0.0116621042	0.0486429155	0.0895122995	-0.0936371647	-0.0028657254	-0.0194908217	0.061742734	-0.014654153	-0.0312611793	0.0259144351	-0.1338769105	0.0620646827	0.041809954	0.0451766175	-0.0432576904	0.0204710668	0.1735770912	0.0909839228	-0.0663428557	0.0507265663	-0.0113027768	-0.0031454706	-0.110553696	0.0477141079	0.1707829801	0.1043813877	-0.1707821826	-0.0545338059	-0.1374554199	0.1031133754	0.129848254	0.1927938144	-0.0765788146	-0.0191651978	-0.0171088427	0.011905511	-0.0624474162	0.0083880161	0.1241289842	-0.0531208508	0.0265632251	-0.0222495009	0.0043338934	0.0456918709	-0.0196405729	0.015712766	0.1602023839	-0.0476418968	0.0360113217	-0.030405346	0.0177683539	-0.0477381777	-0.1307079657	-0.1223130185	-0.0143870998	-0.1065532042	-0.0764177459	-0.0346818529	0.0887340813	0.1501281486	0.0935810439	-0.0541111319	-0.1138623158	0.0430964988	0.0239161644	-0.0942206769	0.0453726804	0.1205774567	-0.1781314955	0.0448443462	-0.0162944387	-0.0951467557	-0.024204698	-0.0943360114	-0.015899592	0.0316562738	0.0543261628	-0.0180354101	0.0209475853	-0.0532654773	-0.0147799567	-0.0535970901	0.0486690911	0.2145199526	0.0041897316	0.1072106414	0.1182536866	0.1144731177	0.1082614433	-0.219856	0.041642	0.001734056164	0.048336660736	-0.130868	0.0153149999999999	0.0002345492249999	0.017126433424	-0.388294	0.017504	0.000306390016	0.1507722304359999	0.00175423	0.001378648	1.9006703079040004e-06	3.0773228929e-06	0.00397969	-0.0006181499999999	3.821094224999995e-07	1.58379324961e-05	-0.00296379	0.00120661	8.7840511641e-06	1.4559076921000008e-06	0.0	0.0	0.0	0.0	0.0	0.0	0.0	0.0	0.0	0.0	0.0	0.0	0.0	0.0	0.0	0.0	0.0	0.0
271.56407083429144	-1.1415283607502715	73747.04456809205	1.303086998397202	238.7142986949486	-0.1631553142885877	56984.51640142114	0.0266196565806078	202.00276920333107	-0.6334248763980099	40805.11876581424	0.4012270740398341	200.3498189909168	295.8373050366641	1.124993	25.809765	0.1241339999999999	0.0618642	-0.1345399267	0.0104178684	0.0023955562	-0.0277461024	0.1430361058	-0.0250090485	-0.0750211324	-0.0147326112	0.0541016816	0.010376995	-0.121107504	0.068478227	-0.1303365663	-0.068162901	-0.0180910381	0.0933245405	0.0795236419	0.1174627223	-0.0995841419	-0.0805981141	0.0729740073	-0.0039336914	-0.0728306532	0.0723887688	0.0887938686	0.0297792845	0.0430182039	-0.0401949887	0.0558521188	0.0396447536	0.0418399242	-0.0530089709	-0.0230489429	0.0069975838	-0.0744672905	0.0413730095	0.0130642592	-0.0449524754	0.107263499	0.1762715046	0.1533910442	-0.0501841645	0.0239414833	0.0680891154	0.0842918802	0.0814219646	0.0733490601	0.0433396544	-0.1292969955	-0.0631128043	-0.0055903922	0.1063444875	0.0697325726	0.0431593435	-0.1455028038	-0.0397827475	0.0921828781	-0.0521574809	-0.0878405727	-0.0102741687	0.0738974506	0.0711427924	0.0302069054	0.0414683056	0.0742679489	0.000716833	-0.0717614847	0.0545337833	0.005277757	-0.0263226764	-0.0734571854	-0.0521530368	0.0487326202	0.0316930207	-0.0670031754	-0.0070720487	0.1971186078	-0.1353368776	0.0012594837	-0.0796311759	-0.1204233656	0.0315521655	0.112524223	-0.002829607	-0.1081895307	0.0555840442	0.0193714976	-0.0836761984	0.0117344878	0.1249341673	-0.1661961954	0.0442710048	0.1198033141	-0.0148533522	-0.0375908457	0.0513430145	0.0024797604	-0.0661686746	0.0280540646	-0.0125671365	0.0882100736	-0.045996268	-0.0595926659	0.039619592	0.0049349233	0.0965957341	-0.0446151275	0.058290642	0.1178341246	0.112815636	0.1046092073	-0.186766	0.03309	0.0010949481	0.0348815387559999	-0.12099	0.009878	9.757488400000025e-05	0.0146385801	-0.384639	0.0036549999999999	1.3359024999999736e-05	0.147947160321	0.00256367	0.00080944	6.551931136e-07	6.5724038689000005e-06	0.00354492	-0.00043477	1.890249529000001e-07	1.25664578064e-05	-0.00265778	0.0003060099999999	7.063794528400001e-06	9.364212009999989e-08	0.0	0.0	0.0	0.0	0.0	0.0	0.0	0.0	0.0	0.0	0.0	0.0	0.0	0.0	0.0	0.0	0.0	0.0
271.3093841198381	-0.254686714453328	73608.78191148587	0.064865322519031	238.02221875854684	-0.6920799364017682	56654.57662274153	0.4789746383698756	201.75862024691625	-0.2441489564148184	40706.540843939365	0.0596087129184449	200.1489675052088	292.67664582447213	1.079061	24.755997	0.1528226	0.073949	-0.1196690376	0.011822173	0.0115059389	-0.013324939	0.1438371902	0.0591035435	-0.0552678558	-0.0741752686	0.0588431852	0.0288550872	-0.0479939602	-0.0943505752	-0.1064138444	-0.0797320146	0.0186397036	0.0027041009	-0.0586738124	0.0301264083	0.008812271	-0.1756329558	0.0400346516	-0.0946404869	0.0192468945	-0.0169759229	0.0822024437	-0.0956328172	0.0525567863	0.0307188015	0.0041576648	-0.063866283	-0.0675611963	-0.0066935979	-0.2017728108	0.0540861817	0.0393783597	-0.0232742056	0.0287576273	-0.0174860998	-0.1031602401	-0.1051497343	-0.0149120859	-0.0573472251	-0.0940049644	-0.0787033489	0.0084444503	-0.0325573191	-0.1088228014	-0.0583759314	-0.1109697016	-0.0777494608	0.0128763765	-0.0193603171	-0.0806870797	0.0380812601	-0.0198318126	-0.1575842918	0.086264993	-0.0921813191	0.0527326119	-0.060809723	0.1193055078	-0.068095731	-0.0412977107	0.0249982732	-0.0674087504	0.0282988531	0.0072585041	0.0776442116	0.205411206	0.005608256	0.0185255574	0.0386071447	-0.0317656262	0.0301094285	0.0721083268	0.0621910298	-0.101100334	0.0657286946	0.0985985261	0.0934039524	0.0184531125	-0.0867817513	-0.0828624891	0.0335537972	-0.0994728573	0.0686958753	-0.025677247	-0.1250958162	0.0013332977	0.1423824171	-0.2152045843	0.069735509	0.0405813082	-0.0344755295	0.1223758521	-0.0163283785	0.0006481213	-0.0479012536	-0.0173576635	0.0458188422	0.0043008421	-0.0452415856	0.0548224084	-0.0387429439	-0.0335602434	0.0063134936	-0.0546111094	0.031398773	0.1173552296	0.1109309587	0.1004830656	-0.158984	0.027782	0.000771839524	0.0252759122559999	-0.0996099	0.0213801	0.0004571086760099	0.00992213217801	-0.416428	-0.031789	0.001010540521	0.173412279184	0.00330484	0.0007411699999999	5.493329688999996e-07	1.09219674256e-05	0.00346993	-7.499000000000004e-05	5.623500100000006e-09	1.20404142049e-05	-0.00203651	0.00062127	4.1473729801e-06	3.8597641290000017e-07	0.0	0.0	0.0	0.0	0.0	0.0	0.0	0.0	0.0	0.0	0.0	0.0	0.0	0.0	0.0	0.0	0.0	0.0
271.9046549341408	0.5952708143026939	73932.14137485418	0.3543473423605923	238.92169721820687	0.8994784596600311	57083.57740162852	0.8090614993923823	201.75951470784813	0.0008944609318746	40706.90177514638	8.000603586500116e-07	200.1298750529304	296.8249277703094	0.953385	21.872702	0.1702183	0.0800472	-0.1024279364	0.0692253318	-0.0179205862	-5.21348e-05	0.1342498383	0.0555941123	-0.037779483	-0.0983912775	0.0800049023	0.0816920416	-0.0949825822	-0.0345332627	-0.1050200902	-0.0255988593	-0.0310048901	0.0746295964	-0.0665992726	-0.0429836994	-0.016757487	-0.1713187231	0.1072869521	-0.0130577302	-0.0134767762	-0.0846791968	-0.0708171196	-0.1164325628	0.0857615647	0.0544318815	0.0938138353	0.032340425	0.1171336947	0.0098447277	-0.1518412201	-0.0542818699	0.0881059223	-0.0302832943	-0.034020919	-0.0242635522	0.0005748567	-0.0352386279	0.0507072569	0.1666010082	-0.0437339945	0.0005437257	0.0355595455	-0.1125072894	-0.0118242959	-0.015859573	-0.1057436161	-0.0260807478	-0.0296942004	0.0755699492	-0.0719840418	-0.036162126	0.0042026499	-0.0674638148	0.1829388092	-0.0066239322	0.035718987	-0.0722824564	-0.0333660397	-0.1257602573	-0.0898604895	0.0377165499	0.0842100221	-0.0001044191	-0.1481990056	-0.0044970251	0.1508410279	0.0435477902	0.066101417	0.0064954051	0.0296519671	0.027651893	-0.0139868879	0.1001697624	-0.058285033	-0.0862137377	-0.124959944	0.0535097768	-0.039811527	0.0292152026	-0.114564695	-0.0561869508	-0.0798910075	0.076942074	-0.086611184	-0.1473644089	-0.0459739824	0.1466122184	-0.2053301427	0.0858348311	0.1125950986	-0.0102066221	0.0398710661	-0.040149377	-0.0668390327	-0.0521991997	0.0093995352	0.0187710038	-0.0023889655	-0.0464645893	-0.0881402284	0.0103833195	-0.0403342362	-0.0835003345	-0.0348964805	-0.0199218764	0.1168172427	0.1088228812	0.0959017104	-0.132229	0.0267549999999999	0.0007158300249999	0.017484508441	-0.0592081	0.0404018	0.00163230544324	0.0035055991056099	-0.440176	-0.0237479999999999	0.0005639675039999	0.193754910976	0.00393629	0.00063145	3.9872910250000053e-07	1.5494378964100004e-05	0.0033176	-0.00015233	2.32044289e-08	1.100646976e-05	-0.00123402	0.00080249	1.5228053604e-06	6.439902001000002e-07	0.0	0.0	0.0	0.0	0.0	0.0	0.0	0.0	0.0	0.0	0.0	0.0	0.0	0.0	0.0	0.0	0.0	0.0
271.6179990983364	-0.2866558358044244	73776.33743418386	0.0821715682007331	239.4095073651664	0.4878101469595322	57316.91221683167	0.2379587394766804	201.8298531303841	0.0703384225359684	40735.28961463241	0.0049474936848484	200.2249118284231	295.97717763104373	0.8936779999999999	20.502914	0.12169095	0.0610759	-0.0917915508	0.0841213533	-0.012542184	-0.0076335029	0.1203674736	0.0479664296	0.0030366741	-0.0495171906	0.049208286	0.0900238673	-0.16088975	-0.0683275022	-0.1070807855	-0.0300086108	-0.0782589491	0.0309389587	-0.1435187119	0.0225686231	-0.0428917924	-0.1388902181	-0.046182081	-0.0578141975	-0.0844859593	-0.1217701638	0.0865651464	-0.1348570387	0.1761323418	-0.0239668705	0.0742484949	0.0516656605	-0.0851854108	-0.049367903	-0.0572557544	0.0214261467	0.0538269354	0.0373158304	-0.1170030401	0.0749131126	-0.077987663	-0.0662483787	0.0351230762	0.0503766637	-0.0194636543	0.0241284401	0.0623178428	0.0650632569	-0.1511881553	0.0084962507	-0.111181916	-0.0292249531	-0.077859641	0.0095786015	-0.1507126615	-0.0254902426	-0.0639322092	-0.1438298629	0.0050027657	-0.0683171603	-0.0128076804	-0.1908072419	0.076942972	-0.111671302	-0.0722201676	0.1199122649	0.080437413	0.0387042601	0.036909642	0.1088813635	0.0668997826	-0.0157355951	0.0633071571	-0.0031584792	0.0411434988	-0.1129942576	0.0940024365	0.0793828866	-0.0707292129	0.0069881328	-0.058195991	0.0164058797	-0.0416941736	-0.1490484555	0.0174309337	0.0040120529	-0.0688950265	0.0850811405	-0.1140952842	-0.1672169152	-0.0485735809	0.1284658346	-0.2024526686	0.0853363432	0.1028747122	-0.0120173447	0.1270762119	-0.0371041626	-0.0193066794	-0.0323605251	0.0244600307	0.0080430078	-0.0573825689	-0.0141961011	0.1425798753	0.0278299552	-0.0727895654	-0.0543862911	-0.0570709026	0.0481665629	0.1162204348	0.1064956489	0.0908858965	-0.0951171	0.0371119	0.00137729312161	0.00904726271241	-0.0219191	0.037289	0.001390469521	0.00048044694481	-0.431735	0.008441	7.125048100000054e-05	0.186395110225	0.00407386	0.00013757	1.8925504900000016e-08	1.6596335299600003e-05	0.00308311	-0.0002344899999999	5.498556009999999e-08	9.5055672721e-06	-0.000829099	0.0004049209999999	6.87405151801e-07	1.6396101624099993e-07	0.0	0.0	0.0	0.0	0.0	0.0	0.0	0.0	0.0	0.0	0.0	0.0	0.0	0.0	0.0	0.0	0.0	0.0
271.73084896594986	0.1128498676134768	73837.65427975585	0.0127350926203792	238.9871565661853	-0.4223507989811139	57114.86100359036	0.1783801973999853	201.5617507064297	-0.2681024239543887	40627.13934784092	0.0718789097302188	199.94108876983915	294.47737865869	1.16001	26.613142	0.2296063	0.133839	-0.0503888248	0.0940243172	0.0122295832	0.0485287232	0.1093728378	0.0172449579	-0.0924109691	-0.1371466988	0.120097784	-0.0445469991	-0.1085658125	0.0203931442	-0.060149706	0.0119877409	-0.0452369355	0.0554194394	-0.1374472913	0.0140433768	-0.0070399186	0.0038421316	0.0844685785	0.0891446126	0.2223143085	-0.0489194613	0.0465948611	-0.1388546282	0.056128628	-0.1035584181	-0.0688796631	-0.0500931041	0.0077847639	-0.0652136283	-0.1293956659	0.0594202112	-0.192608171	0.0795863841	-0.0506942401	-0.0497828835	0.071272204	-0.103035611	0.0734214808	0.0357315924	-0.0296071956	0.0747198837	-0.0662055084	0.051650337	0.1670124021	-0.0939190635	-0.0623496032	0.0111221029	-0.0505139104	0.0542130936	-0.1272713723	-0.0050591552	-0.0317014202	0.0994506499	0.0723145574	0.1036704679	0.1639620648	0.0311957426	0.1811935253	-0.1611682057	0.027714913	0.0789301126	-0.0648380413	-0.0400706432	-0.0401329116	0.0713557634	0.0722232613	-0.052096303	-0.2173061891	-0.0317815251	0.1007374119	0.0095131624	-0.058825876	0.041705308	-0.0741146527	-0.0411600749	-0.0617124236	-0.0584355014	0.0439701716	0.0941084332	0.12632675	0.03403213	-0.0266460393	0.076588681	-0.1189184083	-0.096372097	-0.0325635625	0.0661391028	-0.1429675906	0.0208263134	0.1082931852	-0.041588009	-0.0207414733	0.0010171236	-0.0216220641	-0.0288587517	0.0751915737	0.0005580117	0.1732662181	-0.0521611022	-0.081057123	-0.003351947	0.0619280254	-0.1750457614	0.1080786219	-0.0740829579	0.1155651064	0.1039539485	0.0854583468	-0.0587872	0.0363299	0.00131986163401	0.00345593488384	-0.02935	-0.0074309	5.521827481000001e-05	0.0008614225	-0.321411	0.1103239999999999	0.0121713849759999	0.103305030921	0.00339328	-0.00068058	4.6318913640000077e-07	1.15143491584e-05	0.00225326	-0.00082985	6.886510225e-07	5.0771806276e-06	-0.000829099	0.0	6.87405151801e-07	0.0	0.0	0.0	0.0	0.0	0.0	0.0	0.0	0.0	0.0	0.0	0.0	0.0	0.0	0.0	0.0	0.0	0.0	0.0
271.7180367770559	-0.0128121888939745	73830.69150997749	0.0001641521842548	236.9181124349184	-2.069044131266878	56130.19199972464	4.280943617129911	201.20173255137163	-0.3600181550580714	40482.13718167368	0.1296130719714175	199.65295785966188	295.1162640666903	1.305407	29.948849	0.467551	0.216424	-0.060396792	0.0397417328	0.0491730135	-0.0078509517	0.0415497432	0.0611194655	0.0251020984	0.0622063434	-0.0240028772	-0.0518045347	-0.0259294681	-0.1046304635	-0.0549599544	-0.0690566307	0.0436325099	0.0457379438	-0.1448310425	-0.0944754318	0.0675502659	-0.0961571031	0.1323525284	0.0195887309	0.001899969	0.0708269351	0.1708229928	0.2162343381	-0.0514003223	0.1044297327	-0.0534257358	0.0594481581	0.0345258045	-0.1410876448	-0.0338883501	-0.0652477543	-0.1240103728	-0.0360786996	-0.0107654481	0.0444200736	0.0038540929	0.0381895348	-0.0498518093	-0.1323206512	0.1814234022	0.0805759951	0.0362851531	-0.0262978037	-0.0522028234	0.2366264934	-0.0533721266	-0.0672517121	0.0383074716	0.0286819282	-0.1302928616	-0.0427113518	0.1070191498	0.0016211986	0.1556669529	0.00630122	-0.0060963968	-0.0303708893	0.0943403989	0.2894098396	-0.047229237	-0.0823224822	0.0200367289	-0.078166017	-0.0296393196	0.0902758935	-0.020308183	0.0671829075	-0.1496875753	0.0315365889	-0.0001770123	-0.0556812227	-0.0744972431	-0.0752670195	0.0957243688	0.1661452542	0.0551115843	-0.1389497472	-0.0712716363	-0.0306420141	-0.0263079208	-0.2474426089	-0.042408701	0.0623631042	-0.0013524885	0.0257902752	0.0080403533	0.056746519	-0.0705679429	-0.0954920365	0.0115356509	-0.0246109418	-0.0109018573	0.0793652465	0.0031410582	-0.0313888247	-0.0794898149	-0.0115254698	0.2309903945	0.0735262354	0.0371544992	0.1124020373	0.0013154354	0.0460257973	0.1076919187	-0.2475221643	0.1148515874	0.1012028987	0.0796436494	-0.101368	-0.0425808	0.00181312452864	0.010275471424	-0.121021	-0.091671	0.008403572241	0.014646082441	-0.258441	0.06297	0.0039652209	0.0667917504809999	0.0008391069999999	-0.002554173	6.523799713929509e-06	7.041005574488321e-07	0.00112348	-0.00112978	1.2764028483999998e-06	1.2622073104e-06	-0.00255173	-0.0017226309999999	6.5113259929e-06	2.9674575621609998e-06	0.0	0.0	0.0	0.0	0.0	0.0	0.0	0.0	0.0	0.0	0.0	0.0	0.0	0.0	0.0	0.0	0.0	0.0
271.03879308690153	-0.679243690154351	73462.02735800423	0.4613719906145	238.1635730960701	1.2454606611516963	56721.88754988713	1.551172258476421	200.97202429245635	-0.2297082589152808	40389.75454820767	0.0527658842138896	199.33043887990164	290.5217214249015	1.512386	34.697399	0.32172885	0.170709	0.0138042235	-0.0414825178	0.1098074608	0.0883871816	-0.0415632153	-0.0265069363	-0.0042906213	0.1081167823	-0.0003145132	-0.0551972545	0.2147234964	0.0491161728	0.0465541023	-0.0165439198	0.0719740715	0.0643348096	0.0512356297	-0.1732521918	-0.0095546541	0.0479033373	-0.058138194	-0.1037998009	-0.0732499767	0.0986044629	-0.0650271285	0.1141396752	-0.0573280711	-0.1366248265	-0.1096837362	0.0050159004	0.1661181832	-0.082831549	0.1301293343	-0.0536026589	-0.0974503926	0.0463569413	-0.2550898544	0.1243165223	-0.1973953618	0.1003247969	-0.1067201984	-0.094646771	0.0725949907	-0.0817311238	0.0227440541	-0.0756057958	0.0367970954	0.0776244316	0.0452031258	-0.0230385632	0.0807841534	0.0575105797	0.033811951	-0.1480024907	0.0940128568	-0.0322578508	-0.0839814874	-0.0642350529	-0.010671667	0.0788834971	-0.0992332153	0.0978605159	0.17184323	0.0344199089	-0.013517919	-0.1188253654	-0.1294372975	0.0110612604	-0.1556718202	0.0304348188	-0.029236363	0.0219677862	0.1033786736	-0.3038569945	0.198005104	-0.1200357777	0.0933479456	0.1068496221	0.0724531306	0.0521518757	-0.0303765415	0.0900226734	-0.0510035277	-0.0889384596	-0.0013629875	0.0253781192	0.049124765	0.1838386929	0.0070541298	0.023551978	0.0642695476	-0.1177926723	-0.0555691798	0.0597759294	-0.0261717266	0.0138126279	0.0441047437	-0.1213947499	0.0045821912	-0.1639254993	0.0508146828	-0.1115890841	-0.0529420268	-0.1040993741	0.1017667787	-0.010662601	0.1339688509	-0.1802035263	0.1140802373	0.0982480398	0.0734681463	-0.126527	-0.025159	0.000632975281	0.016009081729	-0.0812251999999999	0.0397958000000001	0.00158370569764	0.0065975331150399	-0.161245	0.0971959999999999	0.0094470624159999	0.025999950025	-0.00127913	-0.0021182369999999	4.486927988168577e-06	1.6361735569e-06	0.000265696	-0.000857784	7.357933906560002e-07	7.0594364416e-08	-0.00276727	-0.00021554	7.657783252900001e-06	4.645749160000008e-08	1.0	0.0	0.0	0.0	0.0	0.0	0.0	0.0	0.0	0.0	0.0	0.0	0.0	0.0	0.0	0.0	0.0	0.0
269.98939584941377	-1.0493972374877671	72894.27387113145	1.1012345620469572	237.73295497290687	-0.4306181231632422	56516.95788015016	0.1854319679966332	200.4585808119393	-0.5134434805170542	40183.6426211368	0.2636242076854667	198.88608631394385	291.37700150979214	1.656221	37.997299	0.46815953	0.202674	0.0333262804	0.0711299298	0.0300221282	0.1828350815	-0.0322338834	-0.0651708405	0.0824823906	0.0312235106	-0.0406078419	-0.0356574526	-0.0403235251	-0.1052620047	0.1054507405	-0.0106369586	0.0924476136	0.0541805654	-0.0454841159	-0.2442862888	0.0210474514	0.0310521118	-0.0170070524	0.1823850539	-0.1234436067	-0.0759966859	0.0968099815	-0.0610799738	-0.3417800563	0.1588613052	0.083008984	0.0248430984	0.0514512937	0.0646554922	0.0089173	-0.1019700261	-0.0759780412	-0.0632645672	-0.0219463503	-0.1267166564	-0.0914401257	-0.1074060115	0.078545733	-0.2411617832	-0.1021727753	0.1027951597	0.0168815643	0.012084567	0.0688361314	-0.123905651	0.1039503279	-0.0184771917	0.0878463493	0.044267721	-0.0450439291	-0.1646642314	0.1825011632	0.0722989985	0.0173373264	0.1724153079	-0.1243315036	-0.1416295928	-0.0113138904	0.003083075	0.0620923133	-0.3447653108	0.0334290983	0.0746576145	-0.0386662042	-0.0844401034	0.0407033903	0.0465437721	-0.0655164123	0.0809103215	0.1657010875	0.1010504744	0.046899813	0.1348516402	-0.0096774462	0.0449222727	0.2579389981	-0.098667123	-0.0105378727	0.048812228	0.0381220741	0.1337541467	0.0471241784	0.0210508462	-0.1151494772	0.0991834658	0.0434456807	0.0447564728	-0.0091110634	-0.0857520063	-0.0371738094	0.1274907736	-0.06036018	-0.0323266231	0.0648680978	0.1357483711	0.0356103645	-0.1500400655	0.0484331902	0.1444439867	-0.0638266171	0.1059875163	-0.1899789603	-0.0019497808	-0.185902092	-0.0020176186	0.1132514443	0.0950953223	0.0669598143	-0.0737962	0.0527307999999999	0.0027805372686399	0.00544587913444	0.00729488	0.0885200799999999	0.0078358045632063	5.321527421440001e-05	-0.0599969	0.1012481	0.01025117775361	0.00359962800961	0.00113028	0.00240941	5.8052565481e-06	1.2775328784e-06	0.000748177	0.000482481	2.3278791536100006e-07	5.597688233290001e-07	-0.00114595	0.00162132	1.3132014025e-06	2.6286785424000005e-06	0.0	1.0	0.0	0.0	0.0	0.0	0.0	0.0	0.0	0.0	0.0	0.0	0.0	0.0	0.0	0.0	0.0	0.0
270.5988313323454	0.6094354829316444	73223.72751843111	0.3714116078561266	236.49425634590887	-1.2386986269980014	55929.533284604455	1.5343742885267335	200.69260381546312	0.2340230035238164	40277.52122623044	0.0547667661783082	199.1330219291438	289.54259624867115	1.454278	33.364292	0.15044238	0.0798523	0.0574890568	0.0306867568	0.0674644161	0.1811795154	-0.1161336985	-0.0553339676	-0.0655065995	0.0019818946	0.0861377162	-0.1089874282	0.2642902264	-0.060760329	0.0999748728	0.022010402	0.0752234702	-0.0178333446	0.0044252866	-0.218568605	0.0723695861	-0.035663795	-0.0581695836	-0.037157452	0.0887486681	0.0471345254	0.1475774428	0.177221725	0.0891578734	0.1783162364	-0.1147032041	0.009774665	-0.2380480541	0.0313902975	-0.1105072387	0.0127174221	-0.1303809949	-0.0397414293	0.1084319447	0.0502941593	0.2016359658	-0.0115695824	-0.0892853106	0.0805822471	-0.0671683584	-0.0932570243	-0.0913915511	-0.0811363604	0.0196099063	0.1311967276	0.1022108049	0.0176503209	0.0720461193	-0.0236707384	0.0049152392	-0.1395899941	0.1838033508	-0.0854049151	-0.0384037148	0.0127830596	0.0396417626	0.022448625	0.1103816089	0.2273329149	-0.1637581885	-0.0050089478	-0.1200307177	-0.0585493058	0.2371316138	0.054043594	0.1037826669	0.018064252	-0.1347547414	0.0466114625	-0.1024655118	0.0029506021	-0.1935433353	-0.0807894359	-0.0793506659	-0.0978672592	-0.0550009348	0.076602755	0.0958528129	0.1082877919	-0.0756812531	-0.050393209	0.0605250139	0.0157261508	-0.0739895763	0.1666672473	0.032050705	0.0153892249	0.0456521355	-0.107684348	-0.0334615005	0.1026968609	-0.0405305761	-0.0361903135	0.0242068776	-0.0632627107	-0.0410286438	-0.026542731	0.1596865828	-0.0786526238	0.1852651415	-0.0847926543	0.1557404715	-0.02871548	0.066702803	0.0660067917	0.1123656258	0.0917510955	0.0601481375	-0.053469	0.0203272	0.00041319505984	0.002858933961	-0.027927	-0.03522188	0.0012405808307343	0.000779917329	-0.0505199	0.009477	8.981352899999999e-05	0.00255226029601	-0.00013096	-0.00126124	1.5907263376000002e-06	1.7150521600000002e-08	0.000516031	-0.000232146	5.389176531600001e-08	2.66287992961e-07	-0.00136089	-0.00021494	1.8520215921e-06	4.619920360000002e-08	0.0	0.0	0.0	0.0	0.0	0.0	0.0	0.0	0.0	0.0	0.0	0.0	0.0	0.0	0.0	0.0	0.0	0.0
271.9587383199945	1.359906987649083	73961.55534860324	1.8493470150568032	239.7575545190256	3.2632981731167376	57483.68494894353	10.649114966667035	201.0342419816514	0.3416381661882894	40414.76644913717	0.1167166365964973	199.47164826435576	294.4119455612634	1.409115	32.328148	0.1663305259999999	0.0935639	0.0892740013	0.025359411	0.0644976085	0.1594819182	-0.0998187373	-0.0007625891	0.0105752261	-0.0177503247	-0.0097143599	0.0254643499	0.0385299351	0.0041648601	0.1229510065	0.0061313133	0.0083358632	-0.0036229592	0.0632103135	-0.0722867205	0.0633933833	0.0500188315	0.1122728825	-0.07921846	0.0336914925	-0.0664814484	-0.0696924863	0.0482767573	-0.1482709709	0.0902522835	-0.0640652723	-0.0009921557	-0.214904059	-0.0575800224	0.0825899051	0.0789109484	0.0959958226	0.0695277399	-0.184294046	-0.0199123114	0.0328893756	0.0584610086	0.048364689	0.2664807237	0.0009559885	-0.0263135501	0.1698575612	-0.0429194916	-0.0162978966	0.0667099333	0.1239881762	0.0031708376	0.0119426198	0.0095895487	0.0657819945	-0.0110352294	0.1110760819	0.0870574616	0.0760469025	-0.0740818085	0.0786721594	0.0059251384	-0.1049285039	0.0124103646	0.0223826889	-0.1433347468	-0.1086555512	0.0177987397	0.2085192807	0.1057577429	-0.0362844066	-0.0899310815	0.1165361982	-0.0214124014	0.1213950293	-0.0652326766	0.027783774	-0.023653434	0.0112101893	-0.0937167713	-0.2516251502	0.0779718297	-0.1627673104	-0.0496529724	-0.1046449282	-0.0494064492	0.0835149077	0.0027626754	-0.042959885	0.2356344601	0.0004424052	0.0102595829	0.0613151799	-0.0597017978	-0.0569520087	0.0865892269	0.000694313	0.0045953514	-0.0100693308	-0.0842650755	-0.018463988	-0.0799473244	0.1356225644	-0.0850430974	-0.1112948203	-0.058082295	-0.1250211703	0.0656778851	-0.0572113741	-0.0171007765	0.1114232278	0.0882220943	0.0530639746	-0.0500101	0.0034589	1.1963989210000006e-05	0.00250101010201	-0.0194962	0.0084307999999999	7.107838863999998e-05	0.00038010181444	0.000175326	0.050695226	0.002570005939191	3.0739206276e-08	-0.00137011	-0.0012391499999999	1.5354927224999995e-06	1.8772014121e-06	0.000134174	-0.000381857	1.4581476844899998e-07	1.8002662276000002e-08	-0.000906985	0.000453905	8.22621790225e-07	2.06029749025e-07	0.0	0.0	0.0	0.0	0.0	0.0	0.0	0.0	0.0	0.0	0.0	0.0	0.0	0.0	0.0	0.0	0.0	0.0
272.21161925048267	0.2528809304881747	74099.16565496975	0.063948765004565	238.5487619713892	-1.208792547636392	56905.51183808251	1.4611794232212794	201.3646062988745	0.3303643172230863	40547.704669900726	0.109140582094276	199.84281402384136	297.30351383038493	1.299439	29.81193	0.220864396	0.133193	0.0535093347	0.0718935288	0.0059240099	0.1027541459	-0.0608261637	-0.0990266927	0.0547765468	0.0557745295	-0.0422101464	0.1605812847	0.0673902114	-0.174443639	0.0462651856	0.019977048	-0.0467362707	0.0090654364	0.0734996007	-0.1507493261	0.1063692448	-0.0998065774	-0.0555904061	-0.1425629636	-0.1729857405	0.2066426555	-0.041734931	-0.0208424714	0.1310410138	-0.0664226286	0.0524400471	0.1206696343	-0.0020976476	0.03729312	0.0895997095	-0.0864206613	0.0622852462	-0.271910988	-0.0044975299	-0.0342021699	0.1399996106	-0.0810910164	0.0011222553	-0.0459789411	-0.0058651053	-0.147721609	-0.162200998	0.0319492908	0.1020835362	-0.0852795767	0.0504777915	0.0232509406	-0.03536333	0.0107178857	0.0635412205	-0.0577908686	0.1792030802	-0.2084477895	-0.0362882636	-0.1862650748	-0.1443064457	0.0791639211	-0.0273206161	0.0251949571	-0.0091344083	0.1006314998	0.1758407788	-0.059331232	0.0100018079	-0.0584480793	-0.0799491171	0.0852069803	0.0988521698	0.2214748163	-0.0049949623	0.056926469	-0.1576191778	0.0512107212	0.0315416498	0.0314127584	0.0032303449	0.1085672767	0.1481153743	0.1199003379	0.060911084	0.0325788602	0.0583302465	0.0321520724	-0.0737715631	0.1464234231	0.0471913608	0.0579461907	0.0186009498	-0.1096424911	-0.0730223616	0.0806832682	0.0203823472	-0.0122446016	0.085785976	-0.0496213664	-0.08352252	-0.0378380681	-0.1370312431	0.0020697781	0.2577572306	0.022039982	-0.0261152728	0.0718923493	-0.0027365217	0.0488287386	0.1104247249	0.0845154255	0.0457394187	-0.0661318	-0.0161217	0.00025990921089	0.00437341497124	-0.00715993	0.01233627	0.0001521835575129	5.12645976049e-05	-0.0863362	-0.086511526	0.0074842441308486	0.00745393943044	0.000232888	0.001602998	2.569602588004e-06	5.4236820544e-08	0.000608899	0.0004747249999999	2.2536382562499997e-07	3.70757992201e-07	-0.00094716	-4.017499999999993e-05	8.971120655999999e-07	1.6140306249999947e-09	0.0	0.0	0.0	0.0	0.0	0.0	0.0	0.0	0.0	0.0	0.0	0.0	0.0	0.0	0.0	0.0	0.0	0.0
272.46114104767054	0.2495217971878673	74235.07338099861	0.0622611272718632	239.7639326475844	1.2151706761951857	57486.743398635386	1.476639772284665	201.608507401499	0.2439011026245054	40645.99025666028	0.0594877478614495	200.07448057180343	297.01692382782096	1.247229	28.614124	0.126081775	0.0621979	0.0689054072	0.063772961	0.0208577345	0.1143703107	-0.0777059566	-0.0838513717	-0.00440209	-0.116898498	0.0664358888	-0.0045153671	0.0786836586	0.0953528204	0.0661165305	0.0187000255	-0.079369726	-0.0129784209	0.2131773838	-0.1030662257	0.0845047538	0.1559487724	-0.0056969904	-0.0949923028	0.1016690652	0.0187075136	0.0089326512	0.0204276045	-0.1452048231	-0.1275063117	-0.1830414365	0.0027199431	0.1047292105	0.0451546252	-0.0370857522	-0.0058616463	0.0670309563	-0.0375587686	-0.0535172265	-0.0874119751	0.1272113297	-0.1057571556	0.1323765049	0.0052200303	0.0121694335	-0.047529936	-0.0065756034	0.1329618918	0.0187844936	-0.1283383238	0.0649171376	0.0203691798	-0.0706659092	0.0089171172	0.2117864083	-0.0277031156	0.1219625006	0.0937853472	-0.1035485223	-0.0259375898	0.1672180836	0.0798996213	0.0211708854	-0.0014054164	0.2315162294	-0.0509004112	-0.0403267565	-0.1696254575	-0.0611083689	-0.0622068021	0.0183698248	0.0182745855	0.0396179949	0.0349528598	0.0758470486	0.0623013715	-0.1005199857	0.1252930041	0.0291612573	-0.0052770209	-0.0617323593	0.0652884866	0.0251039335	-0.0309825069	0.1494562088	0.1606329361	0.0669679213	0.0311258964	-0.0583948284	0.201602469	0.05417385	0.037967977	0.0516848567	-0.1143599321	-0.074527147	0.0807604662	-0.0390508363	0.0136510624	0.0273906688	0.042186369	0.1372842549	-0.0919369642	0.0197532068	-0.1631531688	-0.0664872966	-0.0849825124	0.0985995635	-0.0309392001	0.086813914	0.0398089749	0.1093706198	0.0806385538	0.0382076517	-0.0524742	0.0136576	0.00018653003776	0.0027535416656399	-0.0438431	-0.03668317	0.0013456549612489	0.00192221741761	-0.0492213	0.0371149	0.00137751580201	0.00242273637369	-1.95391e-05	-0.0002524271	6.371944081441e-08	3.8177642881000005e-10	0.000519965	-8.893399999999993e-05	7.909256355999987e-09	2.7036360122500004e-07	-0.000515999	0.000431161	2.66254968001e-07	1.85899807921e-07	0.0	0.0	0.0	0.0	0.0	0.0	0.0	0.0	0.0	0.0	0.0	0.0	0.0	0.0	0.0	0.0	0.0	0.0
272.1497793687077	-0.3113616789628395	74065.50241043628	0.0969460951265583	238.87726788581173	-0.8866647617726642	57062.34911258986	0.7861743997693753	201.39569523452352	-0.2128121669754819	40560.22605899708	0.0452890184128003	199.81096344673315	298.0436821951594	1.131159	25.951239	0.139540766	0.0736242	0.0908216948	0.062575231	0.0332001237	0.1148366004	-0.0897554482	-0.1143833693	0.0989266024	0.0310324416	0.0025465791	-0.0925570564	-0.0193351105	-0.0620847729	0.0797729447	-0.0016134335	-0.1021643042	0.099054349	0.1353341078	-0.0239873508	0.0917258308	0.1259469342	0.0918165304	-0.0489507832	-0.0380666086	-0.0514115034	0.1208282646	-0.0727687037	-0.104134668	0.0381458508	0.0561699448	-0.0716454167	-0.0640849438	-0.0974252014	0.0711185967	0.0241110219	0.0516609205	0.0526710019	0.0154949516	0.0696724751	0.0096431652	0.0575337164	-0.00909696	-0.0012210057	0.0281094866	-0.048914995	-0.2301446346	-0.0022397015	-0.0797886745	-0.0725181052	0.0829421753	-0.0036150853	-0.0847009708	0.1220413293	0.1272780375	0.0427414883	0.1141238235	0.1077833023	-0.0217243936	-0.1208691194	-0.0249097072	-0.0673032835	0.0709467424	-0.0155571306	0.0112465545	-0.1246558657	-0.0562287709	0.1280581721	0.0163596081	0.1042150729	-0.0711761544	-0.0277002491	0.0508426914	-0.0385206349	-0.0575390544	-0.053145125	0.0045279321	-0.0442082218	0.0565183628	-0.0062561871	0.0045302573	0.0032861933	0.2346370596	-0.0695057818	-0.0378215145	0.064313058	0.0856936761	0.0239600291	-0.0532884689	0.2301294579	0.0349858683	0.0309108172	0.0623647856	-0.0926745755	-0.0581596232	0.0540626678	-0.0548414663	-0.0006438977	-0.0766100106	-0.0193639234	-0.0464767476	-0.0495978076	0.1044816933	-0.0644286541	0.0118937377	-0.0158199926	-0.0676998681	0.1483500958	-0.0413018457	0.118291936	0.1082614433	0.0765992869	0.0305027946	-0.0326519	0.0198223	0.00039292357729	0.0010661465736099	-0.0444596	-0.0006164999999999	3.800722499999988e-07	0.00197665603216	0.000822121	0.050043421	0.0025043439853832	6.75882938641e-07	-0.000670742	-0.0006512029	4.240652169684101e-07	4.49894830564e-07	0.000147353	-0.000372612	1.3883970254400002e-07	2.1712906609e-08	-0.000158643	0.0003573559999999	2.5167601449000002e-08	1.2770331073599998e-07	0.0	0.0	0.0	0.0	0.0	0.0	0.0	0.0	0.0	0.0	0.0	0.0	0.0	0.0	0.0	0.0	0.0	0.0
271.35073632167746	-0.7990430470302385	73631.22210231653	0.638469791007368	238.740075334718	-0.137192551093733	56996.823570826826	0.0188217960756065	200.84713271108416	-0.5485625234393581	40339.57071826385	0.3009208421221562	199.30289129262863	295.4271695127084	0.985124	22.600874	0.070634931	0.0523365	0.1026441055	0.0410423616	0.0373613524	0.1409637827	-0.1075731393	-0.0929543872	-0.0712798087	0.015175185	0.0658655782	-0.0917337561	0.1242570446	-0.0168460399	0.1028749805	0.0162039748	0.0307322257	0.0379645768	0.0622379823	-0.0877580875	0.029895384	0.0679949789	0.0932952525	-0.0789917939	0.0720094379	0.0623357969	0.0017187971	0.0252574822	-0.1209369939	-0.1188672733	0.0518913339	-0.0004376616	0.2475638978	0.0670589614	-0.0928520201	-0.0553570161	-0.1497583848	0.2096429656	0.026089455	0.1167503579	0.0716297057	0.0116187876	-0.0197760594	0.1810821306	0.108352339	0.002785343	-0.0850766156	-0.0626950887	-0.2965559879	0.0144867542	0.1058274822	0.0165039986	0.0422265041	0.0406623109	0.0683146201	-0.061942479	0.0686418237	0.0738238532	0.0311942859	-0.0775075054	0.0892635452	0.092643229	0.0100603487	0.0414403502	0.1283422201	-0.0556455346	0.0795127346	0.019311715	-0.2067967758	-0.1118029123	0.0093950485	0.0523226042	-0.2078301036	-0.1933456084	-0.0716429197	-0.1123014299	-0.0194214321	-0.0273471656	-0.0137787694	-0.038427429	-0.1839012907	-0.0070292307	0.1389120114	-0.2701826807	-0.1846692556	-0.0244259723	0.0904962294	0.0115990643	-0.0596861019	0.2014179579	0.015938167	0.0386360948	0.0437591477	-0.064194691	-0.0262242171	0.1409010774	-0.0200488376	0.0517165548	0.0292405809	0.0214200929	-0.0555503985	-0.0093937117	-0.0355896096	-0.0612820468	-0.0681982047	-0.0400204461	0.0366232756	0.0573753434	-0.1023568177	0.0404371908	0.1070977539	0.0724057592	0.0226597522	-0.0234231	0.0092287999999999	8.517074943999998e-05	0.0005486416136099	0.00638198	0.05084158	0.0025848662568964	4.07296687204e-05	0.00077613	-4.5991e-05	2.115172081e-09	6.023777768999999e-07	-0.000555518	0.000115224	1.3276570176000009e-08	3.08600248324e-07	0.000129468	-1.788500000000001e-05	3.1987322500000026e-10	1.6761963023999997e-08	-8.13808e-05	7.726220000000001e-05	6.62283460864e-09	5.969447548840001e-09	0.0	0.0	0.0	0.0	0.0	0.0	0.0	0.0	0.0	0.0	0.0	0.0	0.0	0.0	0.0	0.0	0.0	0.0
271.15788577233724	-0.1928505493402212	73526.59901652389	0.0371913343808251	238.3372485607485	-0.4028267739695081	56804.64405150801	0.1622694098266812	200.7244949804966	-0.1226377305875701	40290.3228851754	0.0150400129636694	199.22123340187864	296.90019729223667	1.243929	28.538427	0.30689141	0.151168	0.0671333499	0.0742117051	-0.0202667502	0.1125786514	-0.0387942512	-0.0029688421	0.0853048914	-0.0463196506	-0.0053051303	0.0243566426	0.0052601931	-0.1936680416	0.0719183277	0.0032548773	0.0252851858	0.0432186134	-0.1164891192	-0.1149642369	0.1409113704	-0.0957225225	0.1409037661	0.0342460657	-0.1404506713	-0.1592003005	-0.1166348142	0.0685152003	0.0547814284	-0.0977783202	0.0577292688	0.1133012508	0.1397316677	0.0625449809	0.0893688831	-0.068646893	0.179133126	-0.1514056718	-0.0459104098	0.0261155243	0.0195536286	0.1592729265	0.0182842218	0.0456110447	-0.109486575	0.0416390389	0.025916168	0.0528984966	-0.0060567679	0.0363864877	0.0718208814	0.0018190776	0.0190891064	0.0205002779	-0.1197326408	-0.018978205	0.1765744954	0.023428799	0.1804878772	0.0145856191	-0.0068466914	-0.1561517247	-0.1671476985	0.0084900961	0.0574544594	0.1184042247	0.1950385608	-0.0317688007	-0.0801205513	-0.1301712657	-0.0595176094	0.0514697883	0.2183484766	0.1187233517	-0.0239281987	-0.0131483308	-0.0083140662	-0.0648635357	0.0146242046	-0.1578381925	0.0294135262	-0.0066716741	-0.0573891521	-0.0490531464	0.0220510582	-0.0192427274	0.0775621357	0.024185192	-0.1323692607	0.0625551571	0.0275789848	0.0576039507	-0.0084332085	-0.0785969969	-0.0989110549	0.0968031251	0.0338032176	-0.011687906	0.0868847314	0.1583287888	-0.138867567	0.0244945965	-0.156824824	0.1400550047	-0.0627679472	0.1899827405	-0.0759618355	-0.060358575	-0.135358529	-0.0903224736	0.1058801375	0.0680664159	0.0147140554	0.00189047	0.02531357	0.0006407768261449	3.5738768209e-06	0.0589968	0.05261482	0.0027683192836324	0.00348062241024	-0.0644299	-0.06520603	0.0042518263483608	0.0041512120140099	0.00142141	0.0019769279999999	3.908244317183999e-06	2.0204063881e-06	0.000708581	0.000579113	3.3537186676900005e-07	5.02087033561e-07	0.000637718	0.0007190988	4.0668424752400003e-07	5.1710308416144e-07	0.0	0.0	0.0	0.0	0.0	0.0	0.0	0.0	0.0	0.0	0.0	0.0	0.0	0.0	0.0	0.0	0.0	0.0
272.7629493054316	1.6050635330943803	74399.62651379746	2.576228945269416	237.83206957050515	-0.505178990243337	56564.0933161896	0.2552058121832776	201.2492645379708	0.5247695574742011	40501.26647707415	0.2753830884516688	199.761026710714	299.1822208099611	1.190312	27.308327	0.08180543	0.0422891	0.0676561286	0.089057957	-0.0569761957	0.1081279477	-0.0750342027	-0.0484522239	0.0284210725	-0.0695729175	0.0581285228	0.0108928865	0.040594748	-0.1073970128	0.0796224364	0.0328507401	-0.0824787193	-0.0464349323	0.008153619	-0.1997938861	0.0681549617	-0.0186896106	-0.1061047347	-0.0836750697	-0.0061395335	0.1981729343	0.0227128379	-0.2053721832	0.0382630417	-0.0450359497	-0.1029781622	0.1895366331	0.0478985619	0.0580500319	0.0233476942	0.0966454321	0.1036585771	0.0793634465	0.078288476	0.0488701738	-0.0161385986	-0.127276035	-0.118398858	-0.0325823602	-0.0742550536	0.0637752284	0.1400376225	0.0069656427	0.0589064029	0.1394883775	0.0823278485	0.0374384869	-0.0820879363	-0.0453590207	0.0194264897	-0.12418262	0.1663094171	-0.1425304523	-0.1244123906	-0.0812773978	-0.0473243824	0.1147640825	0.1281615693	-0.1253060896	-0.014638541	-0.0260706247	0.1415589403	-0.2157391559	-0.001189048	-0.0439672148	0.0006391115	-0.1100748462	0.0758037233	-0.087491019	-0.0810837198	-0.0029459568	-0.0192815712	0.0187421658	-0.1900022431	0.0855589985	0.0665710778	-0.0328158648	-0.1096250663	0.0032877431	-0.0011043976	-0.1183663111	0.0818142481	0.0260961373	-0.1332356296	0.0460816505	0.0210160533	0.046116518	-0.0206010365	-0.0660667788	-0.0751868891	0.0462743807	-0.0038742454	-0.0668665413	0.1343369763	0.0881955474	-0.0326094141	0.0928134448	-0.2799999055	0.0292854278	0.1865509656	-0.0317027416	0.0827550885	-0.0770771355	-0.0029462872	-0.045358438	0.1046092073	0.0635899959	0.0067017003	0.0179326	0.01604213	0.0002573499349369	0.00032157814276	0.0720721	0.0130752999999999	0.0001709634700899	0.00519438759841	-0.0942007	-0.0297708	0.00088630053264	0.00887377188049	0.00142141	0.0	0.0	2.0204063881e-06	0.000612819	-9.5762e-05	9.170360644e-09	3.75547126761e-07	0.0010003	0.0003625819999999	1.00060009e-06	1.3146570672399997e-07	0.0	0.0	0.0	0.0	0.0	0.0	0.0	0.0	0.0	0.0	0.0	0.0	0.0	0.0	0.0	0.0	0.0	0.0
274.11786269589066	1.3549133904590462	75140.60264896316	1.835790295645228	240.9910885050327	3.159018934527552	58076.7047388405	9.979400628703589	201.9651793215212	0.7159147835504029	40789.93365837421	0.5125339773060203	200.42183469098825	311.20019398811473	1.26184	28.949335	0.178946	0.0905664	0.0416155939	0.17741975	-0.1737492945	0.0107673216	-0.0346829851	-0.1228944777	-0.042457149	-0.2105629225	0.1241275629	0.0190167753	-0.032291782	0.0655038493	0.0103276503	0.0944158329	-0.2010382373	0.0052413737	0.0566066586	-0.0614296832	-0.1027531954	0.0935251168	0.0202059057	0.0480710128	0.1192093024	-0.0469215345	-0.0211385167	0.0008386936	0.0179480085	-0.0614613429	-0.041295711	0.1825002022	-0.0149403953	-0.0571485511	0.1774863077	0.0117337915	0.0660469806	0.0381557103	-0.1962964612	0.0135968347	-0.0376824323	-0.0159584156	0.0079727102	-0.0771822963	-0.0246584487	-0.0226612644	-0.0102855993	-0.0509029935	-0.0417735879	-0.0580597651	0.0123913082	0.0958509316	-0.1865649541	0.0350476698	0.0866315508	-0.1094373825	-0.0540344703	0.1254538105	-0.0133839427	0.0596287018	0.1087118596	0.023899063	0.008463911	-0.030564032	0.0269299363	0.0261116257	0.1434532589	-0.0922275183	0.0819630455	0.0135991588	-0.1438930828	-0.0886364097	0.1020034541	0.0167359504	0.1778945989	-0.1184915851	0.0260553131	0.0073354833	-0.0007304207	0.0366244467	0.0625474031	-0.0098683811	0.0162142042	0.0119895677	-0.0420499689	0.0750274278	0.08021796	0.0137186332	-0.1670560865	-0.0377936726	0.0127035112	-0.0257389549	0.0001321357	-0.0240243268	-0.0078930425	0.062029837	-0.0463468937	0.0163454265	0.0649132866	0.1860214745	0.0615064244	0.0464631418	-0.1303927583	0.0205657662	-0.1636807228	0.0479579295	0.1523142394	-0.1235681695	0.1322959725	-0.0275253236	0.1032856033	0.0589855141	-0.0013410152	0.0754403	0.0575077	0.00330713555929	0.00569123886409	0.100402	0.0283299	0.00080258323401	0.010080561604	-0.115364	-0.0211632999999999	0.0004478852668899	0.013308852496	0.00217528	0.00075387	5.683199769e-07	4.731843078399999e-06	0.000594817	-1.8002000000000035e-05	3.240720040000013e-10	3.53807263489e-07	0.00166733	0.00066703	2.7799893289000004e-06	4.4492902090000013e-07	0.0	0.0	0.0	0.0	0.0	0.0	0.0	0.0	0.0	0.0	0.0	0.0	0.0	0.0	0.0	0.0	0.0	0.0
273.30138249125247	-0.8164802046381965	74693.64567162989	0.6666399245660312	238.92067545878737	-2.070413046245335	57083.0891616832	4.286610182062888	202.07145342808712	0.1062741065659338	40832.872290539584	0.0112941857263874	200.53112593744208	308.8857136065064	1.080483	24.788607	0.0707175	0.0402332	0.0581441694	0.1548028238	-0.1245559288	0.0021872962	-0.0242749013	-0.0520727889	0.0926859927	-0.081228237	0.0882341941	-0.0766228699	-0.1580815419	-0.0020277604	-0.0128738824	0.1290289154	-0.2107362942	0.059483483	-0.0473230444	0.0799090189	-0.075402879	0.0487318627	0.0578009874	0.0025937771	-0.0587632438	-0.0929976148	0.0673118076	0.1252351917	-0.001490691	0.1845275136	0.0786294851	0.1322494832	-0.0617728633	0.0326668259	0.113839353	0.0373323838	-0.0802988262	0.0682244225	-0.1334918895	-0.0119520002	-0.1364348528	-0.0205171038	0.0682830715	0.0620235582	-0.0489718718	0.0440389425	0.0149665306	-0.0946833708	-0.0444969158	-0.0411211584	-0.011037153	0.128865913	-0.2055440841	0.0748501873	-0.0304566713	0.0128777148	-0.0947234566	0.1042345494	0.0296072785	-0.0171375531	-0.0259205785	-0.1258828266	-0.0519224749	0.1574210684	-0.1475728223	-0.0914843391	0.0951866831	0.0300371389	0.1154325172	-0.0231635679	-0.0412217418	-0.0924805957	-0.0220076478	-0.009693405	0.1438097614	-0.0734434286	0.164617728	0.0424328427	-0.0266223908	-0.0287786891	-0.0080392185	-0.0309540271	-0.0158442392	-0.013608382	-0.0944314693	0.0633014133	0.0842682849	0.0018771108	-0.1568315219	-0.0542027323	-0.0157543055	-0.0880231087	0.0049355793	0.0134284009	-0.0167651172	0.0014981587	-0.0511237841	0.0125094768	0.0091997001	0.1904669445	-0.018167439	0.0113529016	-0.0175531054	0.0998455541	-0.1115552169	0.1138542903	-0.0074556385	0.030301006	-0.0046430615	-0.0256666622	0.1019099918	0.0542622434	-0.0093776556	0.103623	0.0281827	0.00079426457929	0.010737726129	0.111546	0.011144	0.000124188736	0.012442510116	-0.119181	-0.003817	1.4569489000000008e-05	0.0142041107609999	0.00224346	6.818000000000015e-05	4.648512400000021e-09	5.0331127716e-06	0.000524361	-7.045599999999999e-05	4.964047935999999e-09	2.74954458321e-07	0.00208017	0.00041284	4.3271072289000005e-06	1.7043686560000004e-07	0.0	0.0	0.0	0.0	0.0	0.0	0.0	0.0	0.0	0.0	0.0	0.0	0.0	0.0	0.0	0.0	0.0	0.0
272.650518954998	-0.6508635362544624	74338.30548642973	0.4236233428256638	238.9656963831262	0.0450209243388144	57104.604047872446	0.0020268836283212	201.633866046862	-0.4375873812251143	40656.21593700389	0.1914827162074535	200.09329562654128	304.9956293588471	1.100747	25.253523	0.1826708499999999	0.100816	0.0534335668	0.1292815717	-0.122370607	-0.0187743557	-0.0215285501	-0.085570947	-0.0372899158	-0.0847556737	0.1055492309	-0.0460299304	0.0143258411	-0.0420423528	-0.0059850272	0.1546801634	-0.1077497581	0.0413979914	-0.1500196	0.0448018201	-0.0732879494	0.0064566018	0.0003876462	0.0054163556	-0.0688275718	0.1836524044	0.0602472323	0.0319813284	0.0859354244	-0.0402532103	-0.0315079697	-0.1620168582	0.0153489826	0.1020358428	0.0341580669	0.0681502592	-0.0123132906	-0.1328818927	0.0288961358	0.2381906989	-0.1321126676	-0.0559016147	0.0719515585	0.0839421943	0.0114778413	-0.1559678856	-0.1114846027	0.0643772313	0.0697682976	-0.0703448776	-0.0050030513	0.1554663956	-0.1077303258	0.0325252348	-0.1567672575	-0.0202040245	-0.0783855501	-0.0311566649	-0.0166837397	-0.0795844922	-0.1572006094	0.1073739804	0.0891384319	0.0563179887	0.0086807708	0.094987714	-0.1312336111	0.0248230588	-0.0182580026	-0.1046899089	-0.0340056901	0.006455649	0.0076210759	0.1312601332	-0.1938397676	-0.1443583246	0.142782422	0.1543062553	0.0172833628	-0.0005759262	-0.0625162712	0.111104133	0.123282485	0.0462018841	0.0562942138	0.0701532619	0.0754785575	-0.0337847031	-0.1663260961	-0.1325206902	-0.0450426839	-0.1679948782	0.0298813299	0.029318993	0.0464829626	0.0326510606	0.020290203	-0.0189161512	0.027280378	0.0545300132	-0.1740748397	0.0460265458	-0.0928925683	0.0260055144	0.0545771449	-0.039264439	0.140105709	0.0140948935	0.0837168904	0.065007825	0.1004830656	0.0494296957	-0.0173718128	0.176056	0.0724329999999999	0.0052465394889999	0.0309957151359999	0.162692	0.051146	0.0026159133159999	0.026468686864	-0.116802	0.0023789999999999	5.659640999999963e-06	0.013642707204	0.00284264	0.0005991799999999	3.590166723999999e-07	8.0806021696e-06	0.000500114	-2.4247000000000027e-05	5.879170090000013e-10	2.50114012996e-07	0.002591	0.0005108299999999	6.713281e-06	2.6094728889999985e-07	0.0	0.0	0.0	0.0	0.0	0.0	0.0	0.0	0.0	0.0	0.0	0.0	0.0	0.0	0.0	0.0	0.0	0.0
272.47250422574206	-0.178014729255949	74241.26555904702	0.0316892438320688	239.9629397875146	0.9972434043884276	57582.212471466366	0.9944944075962212	201.55703004322123	-0.0768360036407784	40625.236359843984	0.0059037714554857	199.98170451382148	303.4226026630051	1.066319	24.463675	0.1596716999999999	0.0884636	0.0447201675	0.11319079	-0.1290524989	-0.0159381473	-0.0159824555	-0.0093835529	-0.0396545117	-0.1564101926	0.0806054699	-0.0128439473	-0.0491274324	-0.0324462767	0.0025817993	0.1809746747	-0.0838737566	0.0643110733	-0.1256562612	0.0689040381	-0.0543735452	-0.0097384419	-0.0132185052	0.0726189287	0.1149040404	-0.1217739954	-0.0740297159	0.097139341	0.1298983362	-0.0322221061	-0.1765879336	-0.0504312975	0.1578692252	-0.0904658238	0.0252185956	0.055194764	-0.0979603712	0.0066972032	0.0437208735	0.0781611777	-0.1133911372	-0.1268489863	-0.0700587262	-0.0703261498	-0.1068162988	-0.1077585693	-0.0212723684	0.0725405724	-0.0230015656	0.0008243586	0.0022419655	0.1780675049	-0.08723488	0.0584368908	-0.1280212147	0.0113159168	-0.1001762617	0.064727751	0.0343192866	0.1300996325	0.1392518442	-0.0380622603	-0.0601507594	0.0136076025	-0.0294925891	0.1694815911	-0.1121432915	-0.1361714467	-0.0946093135	0.0121695614	-0.0822061622	-0.059775703	-0.1173735565	0.0234653128	-0.0687226032	-0.0632061212	0.0759242408	0.0464419321	-0.1056613814	0.0763434706	0.1420937242	0.1485142368	0.037304372	-0.0448964348	0.0302320131	-0.0378065079	0.0655404239	-0.0474162908	-0.1742913739	-0.1720529869	-0.0542831349	-0.1447159924	0.0596303535	0.0140916155	0.0329511695	0.030858387	-0.0144439542	-0.0588325974	-0.0112285448	0.012197103	-0.0191648113	-0.0700521362	-0.0254895604	0.0187019822	-0.2488084456	0.0009668148	0.025180269	-0.1456459967	0.082431764	-0.0128446995	0.0990055431	0.0444976032	-0.0252872714	0.188049	0.011993	0.000143832049	0.035362426401	0.22829	0.0655979999999999	0.0043030976039999	0.0521163241	-0.147832	-0.0310299999999999	0.0009628608999999	0.0218543002239999	0.00367602	0.0008333799999999	6.945222243999998e-07	1.35131230404e-05	0.000676168	0.000176054	3.0995010916000015e-08	4.57203164224e-07	0.00260258	1.1580000000000184e-05	6.7734226564000006e-06	1.3409640000000426e-10	0.0	0.0	0.0	0.0	0.0	0.0	0.0	0.0	0.0	0.0	0.0	0.0	0.0	0.0	0.0	0.0	0.0	0.0
272.19931857457465	-0.2731856511674095	74092.46903246277	0.0746304000037615	238.6121973086007	-1.3507424789139009	56935.7807044386	1.8245052443424696	201.4580395716678	-0.0989904715534351	40585.34170805967	0.0097991134583714	199.90930901366104	301.7341256723822	1.114654	25.572569	0.14740045	0.0803107	0.0362412893	0.0928477375	-0.1262034566	-0.0150068669	-0.0210902187	-0.0897687249	0.0667773355	0.0073489615	0.0358198785	-0.0265131195	-0.1962836206	-0.0879520061	0.0030251716	0.1899481514	-0.0736817388	0.055702334	-0.1528327888	0.0469199105	-0.0593451938	0.0222517223	-0.0236705623	0.1479273477	-0.0764253728	-0.0614467042	0.0383635788	0.0860575853	0.0419580604	0.1596840719	0.1024319908	0.0167823565	0.1342660767	0.0984923631	0.1225246028	-0.0240247718	0.0921449087	0.0200406528	0.1580161225	-0.1040839171	-0.0386128243	-0.056965364	-0.1410844174	0.0895834791	0.0475917529	0.1493055889	-0.0772561461	-8.0562e-06	-0.105667241	0.034194708	0.0057500966	0.1857833311	-0.0785701353	0.0530391781	-0.1387022511	-0.0170752522	-0.0709678044	0.0811344652	0.0135839037	0.1262956886	-0.1019397765	-0.1067326002	-0.0602097666	0.120003692	-0.1830023989	-0.0457662825	0.0610295097	0.0522723555	-0.0894161776	-0.1558806151	-0.090998063	-0.0147169533	0.0769725118	-0.0839312634	-0.0779293602	0.1759152675	0.0398117001	-0.0616234967	-0.1284389765	0.0684179153	-0.0487492203	-0.1086424212	0.0746164333	-0.0891196524	-0.0151121425	-0.0474291122	0.0552711131	-0.0888400082	-0.1622301245	-0.195355256	-0.0703343279	-0.2272489606	0.0501973682	0.0300412116	0.0591197764	0.0204866321	-0.0630157349	-0.0574935844	-0.0730518166	0.0588767908	-0.0544566443	-0.0958989438	0.0107798174	0.1230179684	-0.0193091312	0.1613320183	-0.1308972691	0.053252647	-0.0337718332	-0.0302853463	0.0974781683	0.0394758984	-0.0330881723	0.246192	0.058143	0.003380608449	0.0606105008639999	0.230387	0.002097	4.397409000000065e-06	0.053078169769	-0.113901	0.0339309999999999	0.0011513127609999	0.012973437801	0.00360911	-6.690999999999989e-05	4.476948099999984e-09	1.30256749921e-05	0.000202029	-0.000474139	2.24807791321e-07	4.0815716841e-08	0.00312612	0.0005235399999999	9.7726262544e-06	2.7409413159999986e-07	0.0	0.0	0.0	0.0	0.0	0.0	0.0	0.0	0.0	0.0	0.0	0.0	0.0	0.0	0.0	0.0	0.0	0.0
271.739030900029	-0.4602876745456683	73842.1009144869	0.2118647433386591	237.97018237053592	-0.6420149380647899	56629.80769746612	0.412183180698336	201.3578371055225	-0.1002024661452765	40544.97856381414	0.0100405342215952	199.8490311993336	296.57160062880547	1.337603	30.687494	0.2453206	0.138383	0.0912955403	0.0288876366	-0.0155897994	0.0224942024	-0.0766515841	-0.071266843	-0.0526721522	-0.0135396247	0.0741080127	-0.1037229753	0.0346701185	-0.0002113974	0.0381199773	0.1838629823	-0.0827680006	0.036976189	-0.1436875	0.0348016975	-0.0518199182	0.1265511132	-0.144895731	0.0037390214	-0.1337137604	0.0019246984	-0.1067598569	0.0705531464	0.0669062354	-0.0193774338	0.011864118	-0.1748535126	-0.0048890706	0.0002021374	0.0194908552	-0.041037547	-0.0046629822	-0.0136265354	-0.0458735429	-0.0898160028	0.096534442	-0.0021890419	-0.0317275796	0.0388700986	0.014847959	-0.0791336482	0.0494073531	-0.0544408766	0.1124760287	-0.074377333	0.0385474448	0.1838796133	-0.0858720053	0.0217235676	-0.1484970239	-0.029089715	-0.0694035838	0.01767483	-0.1932226182	-0.0134616082	-0.1105738316	0.0055396057	-0.1261452652	0.0152072416	0.0258653542	0.1253283814	-0.1343632429	0.0669814485	-0.0373098375	-0.0342048353	-0.0215934213	0.0437846722	0.0104256831	0.0247105518	0.0909447658	0.0387119372	-0.088661718	-0.039208944	0.007346137	-0.0095714015	-0.0535409795	0.1031545125	-0.0437027502	0.1131997303	0.0072630338	0.0804191529	0.0861485405	-0.0648361917	-0.068239812	-0.0423448954	-0.0898636594	-0.2472573713	0.015875833	0.0674896773	0.0635776639	-0.0668043614	0.0390586038	-0.1070178049	-0.0172716486	-0.0186550339	0.081444911	-0.0325596136	-0.0481619293	-0.034160105	0.1407455905	-0.0830462797	0.076657057	0.0030560219	0.1226350515	-0.0376036823	0.0959017104	0.0343746944	-0.0407391756	0.235995	-0.0101969999999999	0.0001039788089999	0.055693640025	0.195052	-0.035335	0.001248562225	0.038045282704	-0.0559292	0.0579718	0.00336072959524	0.00312807541264	0.00152826	-0.00208085	4.3299367225e-06	2.3355786276e-06	-0.000303457	-0.000505486	2.55516096196e-07	9.2086150849e-08	0.00287612	-0.00025	8.272066254399998e-06	6.250000000000013e-08	0.0	0.0	0.0	0.0	0.0	0.0	0.0	0.0	0.0	0.0	0.0	0.0	0.0	0.0	0.0	0.0	0.0	0.0
271.2403068896835	-0.4987240103454837	73571.30408160969	0.2487256384950821	238.9673493481889	0.9971669776529666	57105.39405449935	0.994341981321552	201.0339365447882	-0.3239005607343301	40414.643642693925	0.1049115732440135	199.4643306618982	295.48616786276466	1.147765	26.332214	0.22005715	0.116696	0.116343442	0.0016553903	0.0376799351	0.0665467333	-0.1054807273	-0.0781681839	-0.0511006953	0.0644736614	0.0707059987	-0.1213530988	-0.0886833847	0.0085945362	0.079454409	0.1568181812	0.0063545827	0.0621552822	-0.0370140944	0.031752819	-0.0289373346	0.1516203232	0.0684991037	0.1049133603	0.0292171448	0.0456941788	-0.0299444157	-0.0007840104	0.0631682086	-0.0304940493	0.0477118076	-0.0779607678	-0.1714191331	0.1241675517	-0.1265321739	-0.2215842115	0.0238980611	0.0258935902	0.109340592	-0.2981304619	-0.1244757441	0.0391324752	0.0462858262	-0.0757936079	-0.1043669735	-0.07478572	0.1241807384	-0.0332545002	-0.0472405576	0.0436101868	0.0798545271	0.1523049291	0.0136372551	0.0718510844	-0.0388938225	0.0106827108	-0.0280437856	0.17060037	-0.0085005277	0.0268412542	-0.0581901961	0.0838026967	0.0360096258	-0.0437742345	-0.0176741276	0.0813744285	-0.0399137357	0.0941055447	0.1426867511	-0.0286118522	0.1223208086	0.2458667833	-0.0015213628	-0.0958948613	0.1073357847	0.2999772314	0.1007610908	0.0297619373	0.0163801094	-0.0315945056	0.1261099223	0.1122026024	-0.1207082666	-0.0046730034	-0.0576908328	-0.1292429194	0.1060225348	-0.0717151242	-0.0157595151	0.0489362326	-0.0839801949	-0.1886787335	-0.0230082693	0.1348254325	0.1249740093	-0.1182146738	-0.0403698522	-0.0250232639	-0.1273756972	-0.0850462499	0.0244358291	0.0761025968	0.1157747878	-0.0004425271	-0.0231713087	-0.0008076381	-0.0396742993	0.0267467891	-0.0401813308	-0.0413008002	0.094276963	0.0292042644	-0.0482056202	0.238612	0.0026169999999999	6.848688999999898e-06	0.056935686544	0.163094	-0.031958	0.001021313764	0.0265996528359999	0.0207501	0.0766793	0.00587971504849	0.00043056665001	0.00034099	-0.00118727	1.4096100529e-06	1.162741801e-07	-0.000942144	-0.000638687	4.0792108396900005e-07	8.87635316736e-07	0.00252602	-0.0003500999999999	6.3807770404e-06	1.2257000999999992e-07	0.0	0.0	0.0	0.0	0.0	0.0	0.0	0.0	0.0	0.0	0.0	0.0	0.0	0.0	0.0	0.0	0.0	0.0
270.4046363502003	-0.8356705394832034	73118.66735968406	0.6983452505601482	237.02669814870328	-1.9406511994856144	56181.6556352765	3.7661270780649545	200.57133663743167	-0.4625999073565197	40228.86108052594	0.2139986742862606	199.0113613966311	290.1382231741577	1.01905	23.379206	0.0895669999999999	0.0435213	0.1310536951	-0.0486941601	0.0812872241	0.067752404	-0.0944477413	0.0087172929	-0.0824722291	0.0427407093	0.0620542881	-0.0511497618	0.1003806996	-0.0664558739	0.1128498994	0.107406279	0.0721825304	-0.0073504644	-0.1550587983	-0.0183910016	-0.0039058838	0.1567686965	-0.049245633	-0.0599538205	-0.0568091421	0.1121927168	-0.0766365891	0.0232748672	0.0982431483	-0.0569622915	0.113127421	-0.0482948387	-0.0332070245	0.0040473101	-0.0667991651	-0.0120600696	-0.0821181976	-0.0601768078	0.0167960218	0.0130410161	-0.0287958187	0.0077899271	0.0519852562	-0.0520824836	-0.0303802399	0.07572762	0.0125369756	-0.0476832188	-0.0129552055	0.076260547	0.1125187478	0.1013053046	0.0687735239	-0.0281614344	-0.1607534426	-0.0310219275	0.017675511	0.0616522219	-0.1446326824	-0.0957865222	-0.0764919423	0.120017312	-0.0562566792	0.0073741966	-0.0050805805	0.1119177633	0.0224357238	0.0996625533	-0.0134228481	0.0192078137	0.065778818	0.0352194436	-0.058610478	0.0477723398	-0.0022441986	0.0173004018	0.0322251946	0.022371457	-0.0033836331	-0.0317353362	0.0559265615	-0.1021288066	-0.0363976875	0.0291706941	-0.0186677782	-0.0190308851	0.1066523027	-0.0622058013	0.0116674801	0.0837844587	-0.1049966001	-0.1815270042	-0.0109392322	0.1167747579	0.0792850598	-0.0553966171	0.1565685645	-0.0103836286	-0.0991489314	-0.1641386347	-0.0155340348	0.0738006553	-0.0257819289	-0.0167179701	0.0818093207	-0.0482574331	-0.0265394198	0.0583161599	-0.053510186	-0.0915748192	0.0926047444	0.0239750208	-0.0554536812	0.221785	-0.0168269999999999	0.0002831479289999	0.049188586225	0.161284	-0.0018099999999999	3.276099999999921e-06	0.026012528656	0.0134313	-0.0073188	5.356483344e-05	0.00018039981969	-0.000253018	-0.000594008	3.5284550406400005e-07	6.4018108324e-08	-0.00126622	-0.0003240759999999	1.0502525377599999e-07	1.6033130884e-06	0.00217188	-0.0003541399999999	4.717062734400001e-06	1.2541513959999985e-07	0.0	0.0	0.0	0.0	0.0	0.0	0.0	0.0	0.0	0.0	0.0	0.0	0.0	0.0	0.0	0.0	0.0	0.0
270.63001879203387	0.2253824418335739	73240.60707137661	0.0507972450868643	237.3334807746018	0.3067826258985349	56327.18109658829	0.0941155795532004	200.55726390882137	-0.0140727286103015	40223.21610659262	0.0001980416905391	198.98552765549115	288.86992638071644	0.980974	22.505665	0.11399585	0.0601946	0.1366537455	-0.0620333585	0.1060037466	0.1140522071	-0.1277607091	0.0423999283	0.0664917428	0.081878941	0.0440333884	-0.0381742571	-0.0101356446	-0.0793738197	0.1336068716	0.0517630353	0.045686458	0.0707165512	-0.0407373256	-0.0041395043	0.0891669887	0.1309566184	-0.0686853306	0.1176943657	0.0443134939	-0.0210215973	-0.1134530482	-0.0260756778	0.0285115451	0.1833064647	0.0371579	-0.0886138119	-0.1264652555	0.1083075711	-0.0672610198	0.1699033841	0.0539251128	0.1351362827	0.0547011025	0.0483988005	-0.1090918505	0.0590195924	0.073396676	-0.1594843257	0.1678843462	0.0327973773	0.0661041927	0.0127506091	0.0644737837	-0.0117500513	0.1344340202	0.0466397434	0.0424189354	0.070450705	-0.0547838754	0.0503411135	0.0814379537	0.090040851	-0.1012897637	0.1170684479	-0.0138343192	0.0643696764	-0.0807126922	-0.0712076617	-0.1621855086	-0.0254510327	-0.1350149721	0.0957442795	0.1133450891	-0.0373917137	0.1573888853	-0.1336015809	0.0180653806	-0.1379398941	-0.0568647863	-0.0236225136	0.0915408548	0.0408136417	0.1675616228	0.1153808182	0.056035162	-0.1000434066	-0.0700177617	0.0495252929	0.0609481258	0.0232258687	0.110418876	-0.0264433011	0.0249300029	0.14634124	-0.0790230173	-0.0755640605	0.012242407	0.07380373	0.030771433	-0.1340066564	0.0510865766	-0.0849271818	-0.1542172353	-0.1165464819	0.1042424353	0.0625685501	0.0594291169	0.0063165321	-0.013102812	-0.0260703495	-0.1397593427	0.0036313606	-0.0205704049	-0.1050217569	0.0908858965	0.0186974948	-0.0624505233	0.18305	-0.038735	0.001500400225	0.0335073024999999	0.164482	0.0031979999999999	1.0227203999999865e-05	0.0270543283239999	0.0365279	0.0230966	0.00053345293156	0.00133428747841	-0.000785213	-0.000532195	2.8323151802500005e-07	6.16559455369e-07	-0.00118709	7.912999999999996e-05	6.261556899999993e-09	1.4091826681e-06	0.00180388	-0.000368	3.2539830544e-06	1.354240000000002e-07	0.0	0.0	0.0	0.0	0.0	0.0	0.0	0.0	0.0	0.0	0.0	0.0	0.0	0.0	0.0	0.0	0.0	0.0
271.3355155225117	0.7054967304778188	73622.96198386718	0.4977256367148921	237.23938652231723	-0.0940942522845773	56282.52651748544	0.0088537283129936	201.022127274778	0.4648633659566314	40409.895654077045	0.216097949008529	199.49868360683544	292.63802616914893	1.087377	24.946781	0.104893675	0.0554681	0.1232479315	-0.0396665448	0.0576703903	0.1025646114	-0.1351902258	0.0512003517	-0.0939860026	0.03682049	-0.0057372309	-0.0931194542	-0.0297046047	-0.1154869859	0.11003948	0.0612599544	-0.0060814164	-0.0159922812	-0.0165030151	-0.0331395872	-0.0617101845	0.1699863069	-0.0411106161	-0.0919099914	-0.0441139141	0.1125767909	0.0688630499	-0.2984674665	-0.1076881817	0.1246029635	0.0186350176	0.006417434	-0.0517255097	-0.1063047775	-0.0687472189	-0.0146476745	-0.009268869	-0.1081768418	0.1160596033	-0.0537594667	-0.022706764	0.1691073528	0.006849891	-0.0210896503	0.1110486922	0.1594994426	-0.0725088711	0.1447327196	-0.0597965946	-0.0202686733	0.1096644983	0.059843862	-0.0016210366	-0.0119306984	-0.0083998771	-0.0689534353	-0.0153327414	0.0589440539	-0.167162233	-0.1361978138	-0.1095140091	0.0557758868	0.1149595212	-0.185423995	-0.0656583592	-0.2337527929	0.0110423458	0.0021622597	-0.029458377	0.1531268149	0.0445162277	0.054042528	-0.0027447945	0.0728976849	-0.0972955599	0.1297984284	0.0274690932	-0.0796500838	0.1455656641	-0.0320942101	-0.0112050609	-0.1402349032	0.0287657788	-0.1273107453	0.137581492	-0.0986482826	0.1109997003	-0.0452468239	0.0008277679	0.106100646	-0.0592392141	-0.0416231934	-0.0107952041	0.1024748169	0.0528373804	-0.0718448876	0.0409609522	0.0478640501	0.0217540048	-0.0465053027	0.0806686152	0.187295769	-0.0681146417	0.017451813	0.2367230403	-0.0567840542	-0.0145768577	0.0868640747	-0.1395001995	-0.0327013753	0.0891212848	0.0133823145	-0.0691644489	0.184966	0.001916	3.671056000000004e-06	0.034212421156	0.151196	-0.0132859999999999	0.0001765177959999	0.022860230416	0.0278593	-0.0086686	7.514462596000003e-05	0.00077614059649	-9.57495e-05	0.0006894635	4.753599178322501e-07	9.16796675025e-09	-0.000460202	0.000726888	5.28366164544e-07	2.11785880804e-07	0.00200799	0.0002041099999999	4.0320238401e-06	4.166089209999999e-08	0.0	0.0	0.0	0.0	0.0	0.0	0.0	0.0	0.0	0.0	0.0	0.0	0.0	0.0	0.0	0.0	0.0	0.0
272.4643924104961	1.1288768879844042	74236.8451316208	1.274363028225353	239.06927860235865	1.829892080041418	57154.11997145218	3.3485050245983072	201.275058644806	0.2529313700279942	40511.649232470096	0.0639742779442381	199.70099242009465	299.0720098229145	1.21552	27.886663	0.0966852649999999	0.0591994	0.1066878	0.0183136785	0.0030746971	0.0347740586	-0.1241530971	-0.0275710452	-0.0423294069	-0.1044253112	0.0734420276	-0.1242854131	0.2053073782	0.1281415241	0.0753544669	0.0793311048	-0.0475964652	-0.0033655477	0.0447362717	0.025864889	0.0387518526	0.0712079998	0.0749344862	-0.0076815263	0.2889559996	0.0457376195	-0.1011935495	-0.0247880746	0.0059694738	-0.1258032126	-0.0182481802	-0.0792202522	0.0845718526	0.0415828746	-0.1197068396	0.0837991638	-0.0466907978	0.0626901897	0.0877569282	0.0066909072	-0.0642692751	-0.0361189638	0.0395861953	0.0352224126	0.0409029883	0.1429710471	-0.1124245515	-0.089726221	0.0281599607	0.1313575118	0.0746524648	0.0764261409	-0.0462384771	0.0116903337	0.0402870029	0.0367648126	-0.0052684054	0.0940183989	0.02971154	0.0435587052	0.234008638	0.2212697608	0.0358690937	-0.0874377933	0.0675231257	0.077874012	-0.0544071075	0.0170875342	-0.0850913927	-0.0309137099	0.0908984558	-0.0426401691	-0.0916193815	-0.0623690375	-0.07284298	0.0393021373	0.0544261422	0.0386062256	-0.0504955847	-0.0061482429	-0.0323097688	-0.1662575369	0.1072496748	0.0693356942	-0.0496906778	-0.0982272934	0.1012720901	-0.0354052861	-0.0082114272	0.0788947551	-0.0232929357	-0.046321871	-0.0041220071	0.0664017428	0.0067830065	-0.1290294225	0.0185894764	0.0348891749	-0.0672801367	-0.0159053202	0.0275098005	0.1236649851	0.0463865947	-0.0723055257	-0.0998917789	-0.1036843797	0.154324568	-0.0997931717	0.0900684653	-0.0337306277	0.0873117978	0.008040184	-0.0755650422	0.204169	0.0192029999999999	0.0003687552089999	0.0416849805609999	0.150673	-0.0005229999999999	2.735289999999955e-07	0.022702352929	0.00939091	-0.01846839	0.0003410814291921	8.818919062810001e-05	0.0008725239999999	0.0009682734999999	9.375535708020564e-07	7.612981305758255e-07	-0.000398128	6.207400000000002e-05	3.853181476000002e-09	1.58505904384e-07	0.00186852	-0.0001394699999999	3.4913669904e-06	1.945188089999995e-08	0.0	0.0	0.0	0.0	0.0	0.0	0.0	0.0	0.0	0.0	0.0	0.0	0.0	0.0	0.0	0.0	0.0	0.0
272.67934918828485	0.2149567777887568	74354.02747374658	0.046206416317325	239.6848763272732	0.6155977249145508	57448.83994002025	0.3789605589199709	201.3928864163591	0.1178277715530953	40559.09469911252	0.0138833837491684	199.83226126945337	300.7365012300263	1.156881	26.541346	0.0543201899999999	0.0326632	0.1186592113	0.0070887402	0.0095482628	0.0259345264	-0.0990034813	0.0273022051	0.0251154606	0.0303717441	0.0425544652	0.0995778589	-0.1169593018	-0.066684307	0.0778477723	0.0647446942	-0.0569839086	0.0374983701	0.1259621205	0.1396783091	-0.0398195553	0.0490830858	0.1186254177	-0.0749694574	0.0352260341	-0.124448589	-0.1902724831	0.0813428529	0.0649341618	-0.0089618881	0.1137244767	0.1870693781	-0.2126400247	-0.0986669943	-0.0591580242	-0.1384969671	0.0141513703	-0.0150508378	0.0596203644	-0.0286886384	-0.0536638008	0.159256935	-0.0440781749	0.1351195336	0.1112617444	-0.0399986629	0.0199086724	0.1121425089	0.1222398487	0.0077897151	0.0802988501	0.0628260949	-0.0384356715	0.0635849184	0.1248371027	0.0882546969	-0.1096906347	0.0970705067	0.0842944952	-0.0875567652	0.0855430114	0.0033242564	-0.2161346751	-0.003902462	-0.0730501198	0.0566327383	0.1906881209	0.0858372338	0.2085800456	0.1800876977	0.0159175143	0.1462900749	0.0197567754	-0.0356527377	-0.0627502437	0.0503312384	0.0579187649	-0.1303036918	0.071130181	-0.0452580985	-0.1312450982	0.0355287995	-0.0217225639	0.0720293933	0.116989819	-0.0144511091	0.1096227544	-0.034059507	0.0252752023	0.1124484477	-0.0351469141	-0.0182039402	0.0069044853	0.0737664728	0.0413409755	-0.1168752945	0.0475364398	0.0732551221	-0.0935039661	-0.1223584907	-0.0277491556	0.0311555494	0.0039492331	0.0028160545	-0.1795631076	0.0441096065	-0.1241760439	0.093126611	-0.0274359567	-0.0017889327	0.0854583468	0.0026818616	-0.081623307	0.198356	-0.0058129999999999	3.379096899999982e-05	0.039345102736	0.181559	0.0308859999999999	0.0009539449959999	0.032963670481	0.0133463	0.00395539	1.5645110052099998e-05	0.00017812372369	0.00101496	0.0001424360000001	2.0288014096028516e-08	1.0301438016e-06	-0.000462628	-6.45e-05	4.160249999999999e-09	2.1402466638400002e-07	0.0019349	6.638e-05	3.74383801e-06	4.4063044e-09	0.0	0.0	0.0	0.0	0.0	0.0	0.0	0.0	0.0	0.0	0.0	0.0	0.0	0.0	0.0	0.0	0.0	0.0
271.91679655060346	-0.7625526376813809	73938.74424634228	0.5814865252348315	238.62264878236795	-1.0622275449052552	56940.76851191333	1.128327357155446	201.3321257790685	-0.0607606372905991	40534.62487071865	0.0036918550439597	199.83793082647577	297.26490860815653	1.117189	25.63073	0.1598527	0.0933441	0.1128383876	-0.0139481254	0.0048352397	0.0496861177	-0.1064711559	-0.0002123757	0.0754366322	0.117543468	-0.0581523187	0.0299119889	0.0126253318	-0.0611900499	0.0783199742	0.0324414057	-0.0702789517	0.0121915465	0.0546664774	0.0598755269	0.0623892587	-0.0082200627	-0.0567762006	-0.1871881578	-0.205809649	0.0040048067	-0.0248300841	-0.1607059612	-0.0645136694	0.0057348852	0.0410518457	-0.0415974731	-0.0981310201	0.0352060764	-0.0935971425	0.0251847834	-0.2195042109	-0.1235578525	0.0407213185	0.1204434885	-0.1232849527	0.0196212014	-0.016036893	-0.0759872183	-0.0558808624	0.0649089565	0.0771527951	0.1170489646	-0.1460023658	-0.0404991324	0.0818840659	0.0344722238	-0.0596710414	0.0120379314	0.042212843	0.0878806867	0.0271337026	-0.1109269746	-0.0970033986	-0.2216595321	-0.1058593182	-0.0776588954	-0.0726053112	-0.1182040952	0.0382961717	-0.0856096124	0.0050346189	0.0547405348	0.0439955412	0.0153862534	0.0888650786	0.051420762	-0.1880288108	0.1556232917	-0.0951769666	-0.0527214552	0.128221318	0.0161204044	-0.0273946983	-0.0092973768	0.1026649726	-0.0539567842	-0.0769026969	-0.1634170243	0.0857150797	0.0324509315	0.1059330858	-0.033833007	0.0273715869	0.1063912958	-0.0331776951	0.0328342704	0.0078522336	0.0757522785	0.0143825525	-0.1180770675	0.1019643801	0.0005250759	-0.058156198	-0.0688265144	0.0321475745	0.0393974158	-0.1152981586	0.0710654342	0.2024857057	-0.0285119424	-0.1039201495	0.0676229859	-0.0692758471	0.0775440264	0.0835618648	-0.0026818616	-0.0873117978	0.185024	-0.013332	0.000177742224	0.034233880576	0.198482	0.0169229999999999	0.0002863879289999	0.0393951043239999	0.0548835	0.0415372	0.00172533898384	0.00301219857225	-0.00040834	-0.0014233	2.025782890000001e-06	1.667415556e-07	-0.000297168	0.0001654599999999	2.737701159999999e-08	8.8308820224e-08	0.00176245	-0.00017245	3.1062300025e-06	2.97390025e-08	0.0	0.0	0.0	0.0	0.0	0.0	0.0	0.0	0.0	0.0	0.0	0.0	0.0	0.0	0.0	0.0	0.0	0.0
271.70980974636115	-0.2069868042423195	73826.22071240377	0.0428435371304483	239.3761378964292	0.7534891140612672	57300.9353942103	0.5677458450088333	201.040009998278	-0.2921157807904819	40417.08562010772	0.0853316293868329	199.435529717352	295.68981688100087	1.186796	27.227674	0.123546385	0.0823455	0.1224640176	-0.0340751753	0.0179892882	0.0824208409	-0.1100155088	-0.0879121128	-0.0488248895	0.0002810186	0.0330706785	-0.0335851448	0.0729060399	0.033810895	0.0901301677	0.0074816085	-0.01429857	0.0243023872	0.1248867953	-0.0100175498	-0.0354997971	0.0951859624	-0.0863550035	-0.022953846	0.1302748298	-0.0284418976	-0.0397500826	0.0622636525	0.0164301609	-0.0969234531	0.0285871756	0.0507402493	-0.039573277	-0.1199722374	-0.2119990772	0.0479632055	0.0228720404	-0.0513374309	-0.057370713	-0.0397733797	-0.0465427755	0.1118070521	-0.0325407165	-0.0897039976	-0.0006672266	-0.0547223975	0.1613458418	-0.0592870071	0.2128420783	0.0789651489	0.0882717358	0.0038100493	-0.0070199902	0.0392011098	0.1155033576	-0.0364663888	-0.041494419	0.0501845247	-0.1149138087	0.0681100894	0.1443498709	0.0560701676	-0.0111616879	0.0162877116	0.0770165907	0.0896347087	0.04804664	0.014543134	-0.0066801427	0.1748863586	0.1869781133	-0.000526724	0.0159626192	0.0568232072	0.0031766885	-0.0254767301	0.0244794266	-0.1022273108	0.0742868784	0.0193070093	0.0552442891	0.0438184428	-0.1959050751	0.1949445374	0.0102877239	-0.0992272004	0.1098365299	-0.0248854544	0.0188006698	0.1048162266	-0.0102756671	0.0601297654	0.0298820021	0.0407478446	0.0333799323	-0.0705007021	-0.0431670773	0.0302925633	-0.0086470992	-0.0385896993	0.1780067817	0.0390688715	-0.0376635925	-0.0868926028	-0.0877691277	-0.0032224635	0.1615551206	-0.0480079768	-0.0552827084	0.0225932506	0.081623307	-0.008040184	-0.0926047444	0.177441	-0.007583	5.75018890000001e-05	0.0314853084809999	0.195331	-0.0031509999999999	9.92880099999992e-06	0.038154199561	0.0308583	-0.0240252	0.00057721023504	0.00095223467889	0.00100868	0.00141702	2.0079456804000007e-06	1.0174353424000002e-06	1.93957e-05	0.0003165637	1.0021257615769e-07	3.7619317849000006e-10	0.00180461	4.2159999999999854e-05	3.2566172521e-06	1.7774655999999875e-09	0.0	0.0	0.0	0.0	0.0	0.0	0.0	0.0	0.0	0.0	0.0	0.0	0.0	0.0	0.0	0.0	0.0	0.0
271.11780897365963	-0.5920007727015104	73504.8663426778	0.3504649148791854	236.97637160820287	-2.3997662882262887	56157.80070058908	5.758878238107378	200.54496069498387	-0.4950493032941381	40218.281260152624	0.2450738126920115	198.96884301295967	294.36602700991835	1.581467	36.282265	0.241284515	0.142147	0.0505935459	-0.0079599712	0.0063513194	0.0162974477	-0.027155484	0.0718307797	0.0721585716	-0.0064671321	-0.0087806574	-0.1264315382	-0.1868937169	-0.0421437018	0.0962820233	-0.0784385389	0.0820926397	0.0754493619	0.0268469499	-0.0531652005	0.1707082533	-0.0564232659	0.2380332092	-0.0548344354	0.0594148129	-0.1973119327	-0.0901102051	-0.0972065644	-0.0972621294	0.1785120838	-0.0569506526	-0.2363435529	0.0504614512	-0.1418539171	0.1129477502	0.0007268681	0.0757986459	0.0141166948	0.0487628804	-0.0906727361	0.0150632885	-0.0804976689	-0.06436987	0.0756379441	0.040389119	-0.1186578349	-0.133233703	0.1477411698	0.1479228174	0.0860586697	0.0951436041	-0.0837844221	0.0797067113	0.0724421481	0.0051085084	0.0724239292	0.1901415005	0.0801098687	0.2300689822	-0.0561627972	0.1486150423	-0.0873760782	-0.1123201779	-0.1365205965	-0.0775946742	-0.1549472399	-0.2560335071	0.0618522182	-0.1107945023	0.0725739333	-0.1389653714	-0.0215612692	0.0837767418	-0.0154736447	-0.0008807389	0.0797727542	-0.0287628225	-0.0140791669	-0.0330442157	0.0456965069	-0.0746603018	0.1459174883	0.1353701799	0.1323365746	0.1781826816	-0.0701588227	0.0587163786	0.0316932643	-0.0074614901	0.043805962	0.0625934043	0.117419128	0.0261521648	-0.0543320067	0.0154303826	-0.0561388856	-0.0400096891	0.1963936441	-0.1763866586	0.1084735056	-0.0003201143	0.0432655888	0.2299595867	0.1936692	0.0087393084	-0.0090617292	-0.2900522908	-0.2058834406	0.2327277397	0.2409622289	0.0796436494	-0.0133823145	-0.0974781683	0.160531	-0.0169099999999999	0.0002859480999999	0.025770201961	0.157025	-0.038306	0.001467349636	0.024656850625	-0.0273055	-0.0581638	0.00338302763044	0.00074559033025	0.00319991	0.0021912299999999	4.801488912899999e-06	1.02394240081e-05	0.00013665	0.0001172542999999	1.3748570868489996e-08	1.86732225e-08	0.001555	-0.0002496099999999	2.418025e-06	6.230515209999998e-08	0.0	0.0	1.0	0.0	0.0	0.0	0.0	0.0	0.0	0.0	0.0	0.0	0.0	0.0	0.0	0.0	0.0	0.0
271.8845975314674	0.7667885578077858	73921.23437484802	0.587964692384944	237.64029950733428	0.6639278991313518	56472.91194993554	0.4408002552449704	200.8784968038929	0.3335361089090156	40352.170478191605	0.1112463359461667	199.2723063290649	299.4998838537533	1.504609	34.518982	0.4543161	0.264553	-0.0316924781	0.0649341191	-0.0298934126	-0.0850720962	0.0947930979	0.0866683485	0.0210841017	-0.0040498621	0.0316960109	0.036045562	-0.1296651261	-0.1076612536	0.0044632696	-0.0241116806	0.035711826	-0.0494031762	-0.1923533841	-0.0418773245	-0.1116575639	-0.2070907533	0.1198408627	0.1123016542	-0.1647556097	0.0736875413	0.0265768188	-0.1960046995	-0.1916266169	-0.0475307242	0.0354571441	-0.0695787828	0.1335877922	-0.0347720677	0.1221331826	0.0686404097	-0.0048852731	0.0601473698	0.0418336008	-0.0733061132	9.91285e-05	0.1083692622	-0.1371818257	0.0656477893	-0.1315155943	-0.1289652249	0.1209262885	-0.0546928176	0.0691644083	-0.0203943725	-0.0023070259	-0.0336219184	0.022001099	-0.0613958614	-0.1941710672	-0.0984708018	-0.0501607118	-0.1010793724	0.2189404326	0.0074137235	-0.2320685963	-0.0244494845	0.0399021261	-0.1655539193	0.1358260732	-0.1921467904	-0.0272585661	0.0517372944	-0.1547797833	-0.0302530984	-0.1071492773	-0.1016394142	0.0078810464	-0.060032226	-0.0161253866	0.0404881551	0.048453311	-0.1751894739	-0.0528049785	-0.079002376	0.03485416	0.1796102025	-0.1267672244	0.0929090682	-0.0432668135	0.03109382	-0.0264573782	0.0816312538	-0.0799769205	-0.1464622228	-0.0217208974	0.031456934	0.0642637435	-0.0962484088	0.0160140743	0.0370443759	-0.018009627	0.1585530151	-0.1112609858	0.0819508457	-0.1304630012	0.0912627322	-0.017381295	0.1082019524	0.3058331842	0.066665764	-0.0905093199	-0.1194551025	0.1564779252	0.073254973	0.0776238888	-0.0186974948	-0.1019099918	0.211625	0.051094	0.002610596836	0.044785140625	0.193747	0.036722	0.001348505284	0.037537900009	-0.212897	-0.1855915	0.03444420487225	0.045325132609	0.00594882	0.00274891	7.556506188099999e-06	3.53884593924e-05	0.000133998	-2.6519999999999875e-06	7.033103999999934e-12	1.7955464004e-08	0.00242161	0.0008666099999999	5.864194992099999e-06	7.510128920999997e-07	0.0	0.0	0.0	1.0	0.0	0.0	0.0	0.0	0.0	0.0	0.0	0.0	0.0	0.0	0.0	0.0	0.0	0.0
272.46802628383153	0.5834287523641137	74238.82534700671	0.3403891090851463	237.9771899754488	0.3368904681145181	56633.142948610846	0.1134951875064191	201.3815982194908	0.5031014155979108	40554.54810143642	0.2531110343766217	199.85305520122765	301.1744868713588	1.194003	27.393	0.3126341499999999	0.166701	-0.0188205662	0.0158541454	-0.098192316	-0.0839463327	0.0002832152	-0.0013883224	-0.0638718615	-0.1205681627	0.0374405338	-0.0639525319	0.204169408	-0.0838362282	-0.0125652871	0.0534127397	-0.0497910472	-0.040784937	-0.1264540059	-0.0012356851	-0.081373759	-0.1132318367	-0.0766965554	0.0004702331	0.0865174076	0.1047550348	0.0810244058	-0.1060847628	-0.0012405048	-0.0828999847	-0.1998770743	0.0434753342	-0.0423050061	0.0638621709	0.0779615854	-0.0305612265	0.1986054844	0.0538730986	0.076947733	-0.0402886284	-0.0159154774	0.2884000342	-0.067190224	-0.0231496682	0.013041874	-0.0220024851	-0.0722076935	-0.2217216576	-0.0150188224	-0.1080672029	-0.0148957557	0.0552303253	-0.0572881516	-0.0544104487	-0.1220567774	-0.0696709469	-0.0896159414	-0.1271935687	-0.0040917129	0.0320542686	0.0144446183	0.0680835624	0.1523105737	-0.0611667216	0.0614018575	-0.0096756104	-0.0349568083	-0.1805077974	0.0686183561	-0.0248296172	-0.0694467987	0.0417120284	0.2052574826	-0.0992878749	-0.0790245283	0.0682882465	0.0470904538	-0.2181298504	0.1523234567	-0.0865285606	0.0401495376	-0.0604111923	0.0537707568	0.0712325285	-0.2244899603	0.1015195926	-0.0119451089	-0.0230792985	-0.0779582779	-0.1709131584	0.0014238468	-0.025827374	0.0787360097	-0.0299820529	-0.0641932258	0.084797188	0.0082011273	0.0257167787	-0.0126244856	-0.0202133406	-0.093389651	0.075289561	-0.0242801356	-0.1074865294	0.0998051015	-0.1332525904	0.0624488672	-0.0550504467	-0.0627497592	0.1183886099	0.0755650422	-0.0239750208	-0.1058801375	0.268217	0.0565919999999999	0.0032026544639999	0.071940359089	0.267861	0.074114	0.005492884996	0.071749515321	-0.139589	0.073308	0.005374062864	0.0194850889209999	0.00593091	-1.7909999999999454e-05	3.2076809999998044e-10	3.51756934281e-05	0.000192711	5.8713000000000005e-05	3.447216369e-09	3.7137529521000003e-08	0.00451739	0.0020957799999999	2.04068124121e-05	4.392293808399999e-06	0.0	0.0	0.0	0.0	0.0	0.0	0.0	0.0	0.0	0.0	0.0	0.0	0.0	0.0	0.0	0.0	0.0	0.0
272.7351842510655	0.2671579672339703	74384.48072846264	0.0713733794565871	239.90953060946887	1.932340634020079	57556.582877255685	3.733940325885121	201.3928664348878	0.0112682153969956	40559.08665086056	0.000126972678233	199.83721068068144	302.7550927912948	0.948917	21.770206	0.16335845	0.0982326	-0.0507782103	0.0064196285	-0.1499730765	-0.072117434	0.0464130751	-0.0501873214	-0.0318498162	-0.0865252623	-0.0198843602	0.1074328245	0.1023190425	-0.0208228282	-0.0255714006	0.0826116569	-0.0207253051	-0.0174558513	-0.0633076668	0.0426265814	-0.0570279	-0.1615127824	-0.0282770738	-0.0284025862	0.0878261016	0.1110784732	0.0528956567	0.0312330772	-0.0752950566	-0.0306766849	-0.0600620755	-0.1227327139	0.0306391413	0.1655253161	0.0302939076	0.1013970349	0.104515654	0.0317744613	0.080702003	0.1033209271	0.0190690616	0.0100727881	0.0894744808	0.0838337372	0.2206664535	0.0138313488	-0.0245117216	-0.0605896884	0.0966303702	0.022789064	-0.0243652045	0.0826415873	-0.0246920848	-0.0180231609	-0.0642544211	-0.0091731602	-0.0846540562	-0.1509425398	0.0610975489	0.0038327385	0.0313010878	0.0889127947	0.0814656512	0.0469591608	0.0627452469	-0.04618816	-0.1501903158	-0.0047073676	-0.014166709	-0.1554922473	0.0029199945	-0.0600051955	0.0627236081	-0.0845317299	-0.1582151713	-0.0252050289	-0.0083060085	0.0778068402	0.128600548	0.0604548396	-0.1919221262	-0.1073860202	0.0213338377	0.1180766165	-0.0418224573	0.0002547895	-0.0302866077	-0.066882081	-0.0744908882	-0.1763102015	0.0009023457	-0.0204046624	0.0991023905	-0.0400862901	-0.0288648236	0.0864979689	0.0061895481	-0.016631612	-0.0224620435	-0.0670996909	-0.0827671598	-0.0339692312	-0.0066945046	-0.0747101674	0.0590213457	-0.0882382785	0.0766500558	0.013008129	0.030748525	0.0897990979	0.0734681463	-0.0292042644	-0.1093706198	0.304114	0.035897	0.001288594609	0.092485324996	0.34444	0.076579	0.005864343241	0.1186389136	-0.130933	0.0086559999999999	7.492633599999995e-05	0.0171434504889999	0.00593374	2.829999999999673e-06	8.00889999999815e-12	3.52092703876e-05	0.000192342	-3.690000000000095e-07	1.3616100000000699e-13	3.6995444964e-08	0.00535872	0.00084133	2.87158800384e-05	7.078361689000006e-07	0.0	0.0	0.0	0.0	0.0	0.0	0.0	0.0	0.0	0.0	0.0	0.0	0.0	0.0	0.0	0.0	0.0	0.0
272.71113627617166	-0.0240479748938469	74371.36384904067	0.000578305096495	239.9182818750792	0.0087512656103285	57560.78197788996	7.658464978251954e-05	201.7317862565073	0.3389198216194984	40695.713586241145	0.1148666454865926	200.21790755750163	302.1178242280248	1.031527	23.665455	0.115035365	0.0526678	-0.0518054742	-0.0272178096	-0.1735899462	-0.0385636769	0.0332428753	-0.0463791494	0.0198329634	-0.1079805733	0.0077985852	0.0972953233	0.0032007855	0.0368066424	-0.0431944092	0.1021479566	-0.0505110559	-0.0360867584	0.0011827642	0.1149799442	-0.0787602929	-0.0622308835	-0.0515999093	0.0718171829	0.0049922112	-0.2336564364	-0.0654436146	0.0915872702	-0.0920130517	0.0086517964	-0.1755246443	-0.0004408009	0.0405868351	-0.05194978	-0.066866005	0.1766977762	-0.0293154352	-0.0942965001	0.0041524524	0.1351992839	0.0668254905	0.1135929748	-0.0098780189	-0.0150102214	-0.1232763761	-0.005966077	0.1047362079	-0.0056633827	-0.1008556011	0.0042519007	-0.0424797145	0.1033721529	-0.056121288	-0.0309921322	0.0062451558	0.0446560761	-0.146508775	0.0048136674	0.0276479182	0.1407431039	0.0859272473	-0.1591004509	-0.1284385048	0.0088426472	0.0765961635	-0.0102349935	-0.1091462688	-0.1146741114	0.0146098012	0.020688823	0.0626693356	-0.1469072411	-0.0426522476	0.1322451614	-0.1369307247	-0.1008379082	-0.0715159701	-0.0533397793	0.0148511232	-0.1180011527	0.0658773314	0.0583065502	-0.1023597895	-0.1072883699	-0.0423025245	0.0020426862	-0.0306217592	-0.110307412	-0.0647663554	-0.1726224751	0.0171395882	-0.0344516381	0.0779074535	-0.0275776572	-0.0654396056	0.078102846	-0.0534765847	-0.0838286615	-0.0557127317	-0.0130269123	0.1250429939	-0.0899169792	0.0276247488	-0.0939113077	-0.1444771436	-0.0805517359	-0.0184676036	-0.0193809507	-0.0788804283	0.0153145141	0.0713342571	-0.0343746944	-0.1123656258	0.334991	0.0308769999999999	0.0009533891289999	0.1122189700809999	0.372667	0.028227	0.000796763529	0.138880692889	-0.107604	0.0233289999999999	0.0005442422409999	0.011578620816	0.0061354	0.00020166	4.0666755600000084e-08	3.764313316e-05	2.56847e-05	-0.0001666573	2.7774655643290006e-08	6.5970381409e-10	0.00564245	0.00028373	3.18372420025e-05	8.050271290000017e-08	0.0	0.0	0.0	0.0	0.0	0.0	0.0	0.0	0.0	0.0	0.0	0.0	0.0	0.0	0.0	0.0	0.0	0.0
272.41111241666937	-0.3000238595022892	74207.81416808728	0.0900143162706494	238.16297819041	-1.755303684669201	56721.60418052571	3.081091025413273	201.27229436141909	-0.4594918950882061	40510.53647750973	0.211132801651751	199.74698620238715	301.4439576490754	1.036491	23.779348	0.124677235	0.0624503	-0.0793260071	-0.0455858872	-0.1640800026	-0.0181184023	0.0137628838	-0.0236372226	0.0297165257	0.0257235401	-0.1439912223	0.0108782492	-0.1917399368	-0.076509456	-0.0298271351	0.0819779923	-0.0052872333	-0.0141399235	-0.0358122878	0.0541055329	-0.1189558507	0.0138098682	-0.0769800012	0.1070592716	-0.0703653865	-0.2172599707	0.1457806505	0.0520995496	-0.0142888694	0.0477468757	-0.0329409468	0.196552058	-0.0188214709	-0.0150643094	0.1128385685	-0.1611339073	0.0263970427	-0.0003682436	0.1643840489	0.0879136347	0.1144683482	-0.0651292774	-0.1319723794	0.0490333804	0.1570927024	0.1153131332	-0.0871227564	0.063010911	0.1126295454	0.0492376792	-0.0283928478	0.0801888324	-0.0083706134	-0.0083865145	-0.0131231629	-0.0270484044	-0.1154121923	0.0651584881	-0.0356571474	0.1345383299	-0.0446672002	-0.2720491734	-0.0026009779	0.0849672563	-0.0795549341	-0.0784641471	0.140845269	-0.0684634677	0.0888008878	0.0193376873	-0.1661913379	0.0991417096	0.007245763	-0.0882387618	-0.177407193	0.008785874	-0.1353093803	-0.0508366107	-0.0552024312	0.069834125	-0.1004512915	-0.133088602	0.0937064974	0.1088470756	0.1019893569	-0.0114769154	-0.052878455	-0.1311441795	-0.0573665637	-0.1591074271	0.0085651368	-0.0233050406	0.0665097127	-0.0361550761	-0.0124460561	0.1050515135	-0.0970739703	-0.0170594907	-0.0561467735	0.0708912877	0.0864792345	-0.0443905129	0.133817643	0.0052478459	0.0417003742	0.1171120046	-0.1186963745	0.1316835456	-0.2081031241	0.0324003271	0.0691644489	-0.0394758984	-0.1148515874	0.360431	0.02544	0.0006471936	0.129910505761	0.400546	0.0278789999999999	0.0007772386409999	0.160437098116	-0.0885764	0.0190276	0.00036204956176	0.00784577863696	0.00620867	7.327000000000028e-05	5.368492900000041e-09	3.8547583168900006e-05	-0.000150278	-0.0001759627	3.0962871791290006e-08	2.2583477284e-08	0.00643983	0.0007973799999999	4.14714104289e-05	6.358148643999991e-07	0.0	0.0	0.0	0.0	0.0	0.0	0.0	0.0	0.0	0.0	0.0	0.0	0.0	0.0	0.0	0.0	0.0	0.0
272.27413533636764	-0.1369770803017331	74133.20477316664	0.0187627205279874	238.79211364818525	0.6291354577752486	57021.67354056782	0.3958114242300716	201.1125856000661	-0.1597087613529879	40446.27208674391	0.0255068884529056	199.6152264456367	299.495202786348	1.116848	25.622906	0.12797435	0.0696108	-0.0588269021	-0.0839025432	-0.147082421	-0.0306927046	-0.0148027763	-0.1110872395	-0.1063427571	-0.089716916	-0.0991611202	-0.1007377123	0.1276698861	0.0553376958	-0.01087818	0.115293808	0.0269131882	-0.0731427094	-0.0697308941	0.0532598269	-0.0031622304	-0.0199907657	-0.1060027122	-0.0319875277	-0.0836876322	0.1547981685	0.0462778457	0.0017709738	0.0938085813	-0.0503889697	-0.1417250303	-0.1493061876	0.06328204	0.0971266755	-0.0028572863	0.0197738621	0.0424197989	-0.0863861057	-0.1091807042	-0.083995058	0.1727177888	0.0437118348	-0.0774047141	-0.0688603042	0.1547445956	-0.0242870091	0.0725761806	0.1641418794	-0.0495374124	0.0530530054	-0.0098615113	0.1171766605	0.0194005587	-0.0875453439	-0.0687966072	0.0224632026	-0.0425773777	-0.0978904916	-0.1034738488	-0.0438780069	-0.1196104154	0.0562664659	0.0760797073	0.0362272131	0.0270959029	0.1054254946	-0.1482920419	-0.1110755494	-0.0779181379	-0.1170887706	0.0100439667	0.0448832569	0.0483659865	0.0876262671	0.0590414564	0.0235179308	-0.128245306	-0.1328609937	0.1045351567	0.1195960926	-0.0921791303	0.0057338474	-0.0681332614	-0.0996036837	0.1338504085	-0.0379723361	-0.0406713416	-0.1521504211	-0.0173617063	-0.1357905935	0.0230413621	-0.0668757936	0.028547491	-0.0421326324	-0.049086078	0.0921574782	0.0069678108	-0.0816834789	-0.011624112	-0.0327670731	-0.0455454619	0.0068928668	0.1033881373	-0.1361693866	0.0809556338	-0.1304871927	0.068322628	0.0455588346	-0.0597704182	0.1721425936	0.0669598143	-0.0444976032	-0.1168172427	0.388655	0.0282239999999999	0.0007965941759999	0.1510527090249999	0.392951	-0.007595	5.768402500000028e-05	0.154410488401	-0.040975	0.0476014	0.00226589328196	0.001678950625	0.00557671	-0.00063196	3.993734416e-07	3.1099694424100005e-05	-0.000266327	-0.000116049	1.3467370401000005e-08	7.093007092900001e-08	0.0065829	0.00014307	4.333457241e-05	2.04690249000001e-08	0.0	0.0	0.0	0.0	0.0	0.0	0.0	0.0	0.0	0.0	0.0	0.0	0.0	0.0	0.0	0.0	0.0	0.0
272.45568571863754	0.1815503822699042	74232.10068041299	0.0329605413023483	239.2642139664179	0.4721003182326626	57247.36408496781	0.2228787104753813	200.76733296905635	-0.3452526310097425	40307.52198750794	0.1191993792191494	199.1981336723803	301.1320843484634	1.385658	31.789997	0.478666045	0.259095	0.0144306292	-0.0123466722	-0.0406621631	-0.0217391237	-0.0171016774	0.0292522432	-0.0387362125	-0.0098595599	-0.0246181892	0.1351103243	-0.0591765378	0.0084057475	0.034463607	0.0200276704	0.052253658	0.0160579535	0.0373058856	-0.0220812216	-0.0185930349	-0.0882557521	0.0694138031	-0.023909984	0.0019681373	-0.1045147494	-0.0126285488	0.1394784443	0.0162735676	0.0481130223	0.0596582091	0.0401789012	0.0743892622	0.0626290658	0.0009204264	-0.0010535627	-0.0253897156	-0.0992588263	-0.1150793349	-0.0603848523	0.2085042432	-0.0708241978	0.0847953045	-0.0433248493	0.0088362672	0.2127945616	0.1630444047	-0.070396082	-0.0367407379	-0.1069334215	0.0368073875	0.0208357915	0.0570678763	0.0181398608	0.0371695222	-0.010201879	0.0014642353	-0.0099283516	0.1228796003	0.0057023215	0.0730721841	-0.0959764229	-0.0645690827	0.1086717869	-0.0352310725	0.0459664049	0.0508006618	0.0124359685	-0.035624068	-0.1021732626	0.0320154962	-0.0346325127	-0.026651743	0.1041996482	0.1404764408	0.0308371618	-0.1899615849	0.0846465975	0.009379642	-0.0009025016	-0.0395406195	-0.1668149785	-0.2011352959	-0.09254177	-0.0549494635	0.1006978136	0.02574149	-0.0321218227	0.0271735516	-0.0459995855	-0.0278771951	0.0315842741	-0.0040028867	-0.0112095801	0.0357821523	-0.0432972174	-0.0079194039	0.0610764146	0.0230718827	-0.1063346148	-0.0208725449	-0.0853985183	-0.0217475422	0.1038585694	-0.1630682369	0.0530630917	-0.0330864569	-0.0265624462	-0.0083182094	-0.1066214954	0.0647214634	-0.0494296957	-0.1182536866	0.295903	-0.0927519999999999	0.0086029335039999	0.087558585409	0.326569	-0.066382	0.004406569924	0.106647311761	-0.0331446	0.0078303999999999	6.131516415999992e-05	0.00109856450916	0.00279892	-0.00277779	7.716117284100003e-06	7.8339531664e-06	-6.13941e-05	0.0002049329	4.1997493502410006e-08	3.769235514809999e-09	0.00333159	-0.00325131	1.10994919281e-05	1.05710167161e-05	0.0	0.0	0.0	0.0	0.0	0.0	0.0	0.0	0.0	0.0	0.0	0.0	0.0	0.0	0.0	0.0	0.0	0.0
272.0486723375668	-0.4070133810707261	74010.4801206328	0.1656598923706241	239.7550986688348	0.4908847024168778	57482.50733770271	0.2409677910669067	200.90931138883525	0.1419784197788942	40364.55140273597	0.0201578716829119	199.34089650456912	298.9539646450396	1.102678	25.297823	0.134017555	0.0770237	0.0312311886	-0.0084867756	-0.0174109815	-0.0179467858	-0.0212786581	0.0170933179	0.1525809592	0.0459115776	-0.0523390267	0.1259395821	0.0094925101	-0.0326646444	0.0424755212	-0.0945556427	-0.0341545817	-0.0130070053	0.0111124861	-0.060342374	0.0466839189	-0.1104286765	-0.1353382762	-0.0097297136	-0.0881326268	-0.0584479006	0.0545409304	-0.0293966954	-0.0640423171	-0.0562148524	0.1001397867	0.13775009	-0.014682153	-0.0465243183	0.0620387296	-0.0145722051	-0.0353645168	-0.043274869	0.0919027276	-0.0440157491	0.0561622472	-0.0148489134	0.1733142637	-0.0490497427	0.1352214368	-0.0866934804	-0.0980353005	-0.2161985363	0.0203511778	-0.0832144874	0.040827519	-0.0910981964	-0.0310251593	-0.0151065119	0.0085245892	-0.0282297415	0.0509753885	-0.1662167063	-0.0549416752	0.0266929754	-0.0201885628	-0.119488357	-0.0047186482	-0.0085777328	0.0732435749	-0.0269031518	0.1577764702	0.0471003201	0.0261782946	0.050894746	-0.0572831336	-0.0327112481	-0.0561033386	-0.0013916975	-0.0070531477	0.0989089655	-0.0635024192	0.141570943	0.1719429879	0.0361690577	0.0178056593	-0.0321107857	0.1051776215	0.1249370227	-0.1676283181	0.1388219455	0.0366870362	0.0300961122	0.017011449	-0.0384886242	0.0172633252	0.1114205427	0.0449466756	-0.0265011321	-0.0514916544	-0.0756791001	0.067115311	-0.0032037744	0.1353005854	-0.030877524	0.0659676662	-0.0310854252	-0.1132249581	0.1390113125	0.1105525385	0.0500103969	0.0215375495	-0.027794585	0.0579461742	-0.0177291618	0.0624505233	-0.0542622434	-0.1191544118	0.230634	-0.065269	0.004260042361	0.053192041956	0.323234	-0.0033349999999999	1.1122224999999846e-05	0.104480218756	-0.0523942	-0.0192496	0.0003705471001599	0.00274515219364	0.00294574	0.00014682	2.1556112400000057e-08	8.677384147600001e-06	0.000445605	0.0005069991	2.5704808740081e-07	1.9856381602500002e-07	0.00306213	-0.00026946	9.3766401369e-06	7.260869160000001e-08	0.0	0.0	0.0	0.0	0.0	0.0	0.0	0.0	0.0	0.0	0.0	0.0	0.0	0.0	0.0	0.0	0.0	0.0
271.7920160889368	-0.2566562486300086	73870.90000968888	0.0658724299608287	239.0789017918744	-0.6761968769604039	57158.72128200872	0.4572422164110035	200.87683897417307	-0.0324724146621804	40351.504436255855	0.0010544577139925	199.30985456404417	297.10473775936737	1.119647	25.687113	0.1980634	0.103818	0.0406971624	-0.0415237414	-0.0201247551	-0.0011102688	-0.0394814753	-0.04821027	-0.1006127363	-0.005183798	0.0139881553	-0.0384886796	-0.0362530168	0.0809848207	0.0484951272	-0.0083485211	0.0236027466	0.0557670668	0.0904788724	-0.0119868904	-0.049978868	-0.0070825296	0.0751212751	0.0691839279	0.0788954165	0.0088851331	-0.0121627211	-0.004469463	-0.0220320533	-0.1679163144	0.071856247	-0.0706596176	0.0280241719	-0.0090576004	-0.1046519621	-0.0161046799	0.1013453588	-0.152057975	-0.0625262836	-0.0715942879	-0.0089546173	-0.1511569428	-0.0346828853	-0.0137267385	-0.1205623265	0.2435989587	-0.0301308736	-0.0645314379	-0.003009482	0.0180648319	0.0475729395	-0.0103226431	0.033370069	0.0642301204	0.0858332184	-0.028438938	-0.0353032353	0.050467061	0.07710488	0.0619445111	0.05432052	0.0515921329	0.0501742469	-0.0392233995	0.1333067061	0.0743651193	0.0196139225	0.0756249272	-0.0808228978	-0.0010818257	0.0788044497	0.0516373832	0.1045535496	0.1518398481	0.0617870311	0.0763027188	-0.0309191281	0.0430939322	-0.2234496163	0.0192655297	0.0337941476	-0.196439558	0.0111041109	-0.0057068347	-0.0127334517	0.0089955845	0.0458117574	-0.0134593179	0.0495644902	-0.0142991411	0.0167725209	0.0809069239	0.0044168305	0.0306542978	0.0613478016	-0.0454849586	-0.1064512576	0.068900705	0.0975893283	0.0316552863	0.0377648302	0.0626890042	0.0346913574	-0.0098665127	-0.0657924647	0.0337062595	0.0341357416	-0.0767724484	-0.0325638567	0.0775459081	0.0601481375	-0.0589855141	-0.1195153378	0.267683	0.037049	0.001372628401	0.071654188489	0.286365	-0.036869	0.001359323161	0.0820049132249999	0.0236569	0.0760511	0.00578376981121	0.00055964891761	0.00283644	-0.0001093	1.1946490000000024e-08	8.0453918736e-06	0.000370839	-7.476600000000004e-05	5.589954756000005e-09	1.37521563921e-07	0.00383995	0.0007778199999999	1.47452160025e-05	6.050039523999997e-07	0.0	0.0	0.0	0.0	0.0	0.0	0.0	0.0	0.0	0.0	0.0	0.0	0.0	0.0	0.0	0.0	0.0	0.0
271.5773239328456	-0.2146921560911892	73754.24287452576	0.0460927218870835	238.4989653539054	-0.5799364379689962	56881.75647488336	0.3363262720841674	200.9608730707785	0.0840340966054213	40385.27250536955	0.0070617293922892	199.4427676271614	296.72270146964297	1.119317	25.679548	0.2200706	0.121666	0.0207305475	-0.0279662683	0.0498148862	-0.06593958	0.0031417538	0.112457133	0.0615314799	0.0024820426	-0.0009100298	0.0287491365	0.0459839381	0.035679571	0.0057033923	0.0072809391	0.0093336557	-0.0728397072	-0.0574936874	0.041885958	0.0772692667	0.0221242591	-0.0247127402	-0.1658445693	0.0447637651	-0.0053876563	0.0799491583	0.0627446664	0.0504806798	-0.0567630468	0.0320903088	-0.1507601022	-0.0058665103	-0.2107948819	0.1442899852	0.0629052545	0.1788699176	0.1025150423	-0.0434761977	0.0274554325	-0.0237053556	-0.1082681979	0.1161972152	-0.0578439874	-0.1406362113	0.074909684	0.0561447963	-0.067551788	0.024092903	-0.043573665	0.0062732491	0.0099145308	-0.0029013292	-0.0830090974	-0.0555642781	0.0682773638	0.0259399356	-0.0198466126	-0.0587109956	-0.0981240824	0.1160229837	-0.00776166	0.0402954042	0.0919604085	0.0335481235	0.0634061093	-0.1058856938	0.0866913603	-0.085389733	0.1682859833	-0.154961144	-0.1066601912	0.1970673593	-0.075689212	0.0774197808	-0.0245009561	0.0023630497	0.1403348154	-0.1100386891	-0.0211810565	0.1015765547	-0.0711459751	-0.054241287	-0.0013010782	-0.0281314045	0.1207351574	0.0031608953	-0.0082244182	0.0599917273	-0.0149130883	-0.0167346232	-0.0163314268	-0.0058410351	0.0165174171	-0.0119514854	-0.1310970956	0.1322726531	0.0736549646	0.1245965644	0.0724507235	-0.0991533171	-0.070040161	-0.0275241192	-0.044227318	-0.036299209	0.0566338179	-0.0121771829	-0.0459471571	-0.005500199	-0.0127563679	0.0578154653	-0.0635899959	-0.1193348294	0.349847	0.082164	0.006750922896	0.122392923409	0.280624	-0.0057409999999999	3.2959080999999955e-05	0.0787498293759999	-0.0338267	-0.0574836	0.00330436426896	0.00114424563289	0.00251681	-0.00031963	1.021633369e-07	6.3343325761e-06	0.000441459	7.062000000000003e-05	4.9871844000000044e-09	1.9488604868100001e-07	0.00494334	0.00110339	2.44366103556e-05	1.2174694921e-06	0.0	0.0	0.0	0.0	0.0	0.0	0.0	0.0	0.0	0.0	0.0	0.0	0.0	0.0	0.0	0.0	0.0	0.0
271.79977149246673	0.2224475596211164	73875.11578335713	0.0494829167813901	239.3892419126969	0.8902765587914985	57307.209143535714	0.7925923511336325	200.84118392422167	-0.1196891465568228	40337.18116008303	0.0143254918035006	199.3220029655479	295.47376794423303	1.129562	25.914587	0.20172582	0.0940838	0.0339060532	-0.0430450391	0.0639746057	0.0157812863	-0.0527763861	-0.0086707726	0.0547638607	0.1068129261	0.0121988712	0.1013332864	0.0082593862	0.0356127962	0.0227686413	-0.0041689315	0.0250613972	0.0619131794	0.0646125866	-0.0283520602	0.0205159343	-0.0220153303	-0.04882033	0.0393271942	0.0095806434	0.0536476724	-0.0695993996	-0.0415798491	-0.0024890628	-0.0377979892	0.0931792525	0.0775678823	0.0591975956	-0.0287964033	0.0887766602	0.0142123523	-0.035697425	0.2088486015	0.139651275	0.026969567	0.1871764559	0.0309589324	0.0845778309	0.1000038527	-0.0289287818	-0.0421689341	0.1739390748	0.1509520407	0.039329825	-0.2644286939	0.0230295393	-0.0036378153	0.0291836913	0.0642178425	0.0531812405	-0.0058612403	0.0316518728	-0.0556876273	-0.0216455537	0.0494225258	-0.0282945127	0.0702952421	-0.0212357658	-0.0598518173	0.0136747565	-0.0043457224	0.1162619604	0.0384204109	-0.03800636	-0.0075251677	-0.0946837371	-0.0738059893	-0.0641315611	-0.231939638	-0.0510363225	0.0159195609	-0.1392697444	0.0383422804	0.0323936867	-0.1305472083	-0.0675321727	0.1266340658	-0.1623081192	-0.087389891	0.1545674204	0.22143347	0.0207398848	-0.0052398548	0.0774533595	0.028942185	-0.0351920119	0.0253649706	-0.0257504938	0.0240645184	0.0527254815	-0.177356116	-0.0850505135	-0.0788540129	0.1088203944	0.0042856128	0.1091384952	-0.020147117	-0.0651193389	-0.0088121737	0.0566785436	0.0285758731	-0.0031580298	0.0099829958	0.0636926386	0.0041593647	0.0554536812	-0.0680664159	-0.1186137044	0.323882	-0.025965	0.000674181225	0.104899549924	0.336593	0.0559689999999999	0.0031325289609999	0.1132948476489999	-0.00258118	0.03124552	0.0009762825200704	6.662490192400001e-06	0.00156001	-0.0009568	9.1546624e-07	2.4336312001e-06	-0.000241407	-0.000682866	4.663059739559999e-07	5.8277339649e-08	0.0050746	0.00013126	2.5751565160000004e-05	1.722918760000006e-08	0.0	0.0	0.0	0.0	0.0	0.0	0.0	0.0	0.0	0.0	0.0	0.0	0.0	0.0	0.0	0.0	0.0	0.0
271.9565798765574	0.1568083840906524	73960.38133815434	0.0245888693211215	238.42286009124564	-0.9663818214512504	56845.46021408969	0.9338938248314362	200.7228994623337	-0.1182844618879812	40289.68236856612	0.0139912139241292	199.2102416177178	298.7657351724799	1.174565	26.947058	0.17330531	0.0956608	0.0459823201	-0.0216715812	0.0284210567	-0.057314657	-0.0706420328	0.1537288383	-0.0841769426	-0.0307419706	-0.1140794206	0.0092426532	-0.0003039561	0.0170617317	0.0587040047	-0.0649174674	0.0647048543	-0.1061126998	0.0020340542	0.0496761361	-0.0397790111	0.0246899681	0.0475335018	-0.1093890179	0.0422723462	0.0673644279	0.0622372742	-0.0195436351	-0.0398791548	-0.023207203	0.1667539766	-0.0185804611	0.0849811647	0.0251932954	-0.033274965	0.0797012464	-0.0855128266	0.0349284908	-0.1166134904	0.0140494506	0.1404367556	0.1362701271	0.0160030816	0.0551983655	0.0795563465	-0.0288036267	0.1587698584	0.0495723473	-0.0623923533	-0.0774394938	0.0573229689	-0.0623160041	0.0574636461	-0.1152513982	0.0096055267	0.0195675463	-0.0560152571	0.0085389393	-0.0041531701	-0.1232444564	0.0316689128	0.0537649544	0.0865359066	0.0192448896	0.0286477662	-0.0305237771	0.0563535497	0.1265044339	-0.1014620831	-0.0488716256	0.054330934	-0.0806229155	-0.0726346906	-0.008962607	0.069217329	-0.0773677064	-0.0766757326	-0.0790759627	0.1344591046	-0.0462028818	-0.1199557836	0.0285419158	-0.1479410508	-0.1076575467	0.0067730056	0.0679032753	0.0370016301	-0.0046720294	0.087115377	0.0411876408	0.0047332631	0.0247375677	-0.0286478863	0.0819502242	0.0330779429	-0.0400614666	0.1352019187	0.1466145198	0.1300403411	0.0813014178	-0.0201444177	0.0408101311	0.040402033	-0.0438443605	-0.0344284812	0.0154455955	0.0150502346	0.057003381	-0.0496848905	0.073247113	0.0530639746	-0.0724057592	-0.1173552296	0.320196	-0.003686	1.3586596000000166e-05	0.1025254784159999	0.261368	-0.0752249999999999	0.0056588006249999	0.0683132314239999	0.054684	0.05726518	0.0032793008404324	0.002990339856	0.00191365	0.00035364	1.250612496000001e-07	3.6620563225e-06	3.84156e-05	0.0002798226	7.830068747075998e-08	1.4757583233599996e-09	0.00496548	-0.0001091199999999	2.4655991630400003e-05	1.1907174399999972e-08	0.0	0.0	0.0	0.0	0.0	0.0	0.0	0.0	0.0	0.0	0.0	0.0	0.0	0.0	0.0	0.0	0.0	0.0
271.66788579050626	-0.2886940860511231	73803.44016988356	0.0833442753208932	238.0054208236405	-0.4174392676051468	56646.5803414382	0.1742555421387213	200.79278456539257	0.0698851030588798	40317.74233352415	0.0048839276295502	199.274002431762	297.867673375722	1.172406	26.897524	0.1281549699999999	0.0780287	0.0376353837	-0.0299871766	0.030496965	-0.026444369	-0.0071540859	0.0512386568	0.161939922	0.0585251371	-0.0481905322	0.0197471209	0.0243813437	-0.0147630687	0.0220561547	-0.0305737694	0.0315412032	0.0191522788	0.0123394812	0.0475943189	0.1852184535	-0.0681738721	-0.045392163	0.0191042737	-0.0368106336	0.0294378829	-0.1090486677	-0.0557481848	0.0011753995	0.0502464893	0.0811378724	-0.0709703836	0.064258903	-0.0406661733	-0.0588734792	-0.0015984891	0.1151986892	0.054774792	0.100227486	0.0154440061	-0.1131505146	-0.0693767041	-0.0624132237	-0.0743181793	-0.0056170131	-0.0262218935	0.126556505	-0.0868883085	0.0237016863	0.0858683715	0.0231910198	-0.0308526787	0.0247562469	0.0167765998	-0.007911822	0.1465397307	0.1120378035	-0.0946818845	0.0021926598	0.0425206553	-0.0159724189	0.0475597858	-0.098020482	-0.0583264304	-0.0506936779	-0.0100667471	-0.0139173677	0.0659744343	-0.1249548599	0.0314603774	0.0650485864	0.0156626773	0.0743079777	-0.0895381953	-0.0752880766	0.0390805171	0.0511962137	0.0271717656	-0.082940288	0.1274869266	0.0967519062	0.0017552093	-0.103121156	0.0682025607	-0.0880297525	-0.0169011736	0.020515872	0.0083137786	0.0676456622	0.0127459834	0.0042901504	0.0511749263	-0.0102571604	0.0119194545	-0.0738661478	-0.1777032051	0.0395551548	-0.1127973281	0.0485398713	0.0239534213	-0.1152725012	-0.0648854297	-0.0594771003	-0.0068330434	-0.1202190616	0.0478108441	-0.0084044338	0.0420655409	0.0472131549	0.020264201	0.0506475487	-0.0765992869	-0.1155651064	0.315897	-0.0042989999999999	1.8481400999999975e-05	0.0997909146089999	0.324077	0.062709	0.003932418681	0.105025901929	0.0104171	-0.0442669	0.00195955843561	0.00010851597241	0.00194559	3.194000000000005e-05	1.0201636000000031e-09	3.7853204481e-06	0.000115537	7.712140000000001e-05	5.947710337960001e-09	1.3348798369e-08	0.00519402	0.0002285399999999	2.69778437604e-05	5.2230531599999685e-08	0.0	0.0	0.0	0.0	0.0	0.0	0.0	0.0	0.0	0.0	0.0	0.0	0.0	0.0	0.0	0.0	0.0	0.0
271.5973128001063	-0.0705729903999667	73765.10032023878	0.0049805469739938	238.2726413388796	0.2672205152391029	56773.851610606354	0.0714068037646516	200.79800393572324	0.0052193703306784	40319.83838457073	2.7241826648766263e-05	199.21177010578643	296.5217408984808	1.196341	27.44665	0.0800633999999999	0.0384346	0.0322769216	-0.0152032637	0.0436258759	0.0048771919	-0.0300045469	-0.0118852535	-0.0848627584	0.0775618591	0.0423283243	0.096540304	-0.0809153704	0.0570407039	0.029448361	-0.0729834864	0.0137211734	0.0817951803	0.1294698274	-0.1096809291	-0.1500535121	0.0138247778	-0.0143331837	0.0312995559	0.0633686607	-0.1350037539	0.1412190723	-0.0051326298	0.0707232483	-0.0904662571	0.0593088289	0.1035626235	-0.0252290262	-0.0790684783	0.0296760556	0.1432878978	0.0710222822	-0.0119635583	0.2000992781	0.1071906537	0.0367955431	-0.0623449353	0.01039579	-0.1623063914	-0.1728900155	-0.0894521105	-0.0666787015	0.0365691351	-0.0673754516	-0.1093264906	0.0286644511	-0.0698723413	0.0353208673	0.092345897	0.1352832546	-0.1603410599	-0.0604147201	0.0149551766	-0.0181784288	0.0417363088	0.0632886923	-0.1189559701	0.1455432601	-0.0098017272	0.0309408698	0.0937565805	0.1041761124	0.043651438	0.0608291561	0.0705776412	-0.018438323	-0.1643986001	0.044840864	-0.0136377323	-0.199927762	0.0133670544	-0.0911687478	0.0820083967	-0.0379565684	-0.0174115095	0.230513677	0.1123590256	0.0720191825	-0.0754836309	0.012096015	0.0574276673	0.0278469561	0.0293548694	0.0688003603	0.0218781098	0.004037727	0.0969034554	0.0066952463	0.0353002749	0.1017648682	-0.0722505404	-0.1102751631	0.0873522898	0.1920335931	0.0840047463	0.0963698162	0.0316170502	-0.0364660511	-0.0350068709	-0.0428610922	0.1399266533	0.090941027	0.0435493793	-0.0372454045	0.0131225766	0.0482056202	-0.0806385538	-0.1132514443	0.298125	-0.017772	0.000315843984	0.0888785156249999	0.296767	-0.02731	0.0007458361	0.088070652289	0.0166028	0.0061857	3.826288449000001e-05	0.00027565296784	0.00209041	0.0001448199999999	2.097283239999998e-08	4.3698139681e-06	0.000443461	0.0003279239999999	1.0753414977599997e-07	1.96657658521e-07	0.00509085	-0.0001031699999999	2.59167537225e-05	1.0644048899999929e-08	0.0	0.0	0.0	0.0	0.0	0.0	0.0	0.0	0.0	0.0	0.0	0.0	0.0	0.0	0.0	0.0	0.0	0.0
271.51048115851233	-0.0868316415939602	73717.94137892689	0.0075397339819019	237.66317075415503	-0.6094705847245621	56483.782732918655	0.3714543936444995	200.551806739256	-0.24619719646725	40221.027186379884	0.0606130595483337	199.0356314684588	296.81434535395505	1.123468	25.77479	0.08073435	0.0423459	0.0407015697	-0.0288747557	0.0301524748	-0.0665442281	-0.0390570488	0.1470985756	0.0305486296	-0.0444391668	-0.0719041522	-0.0637707547	0.0343485768	0.0075479615	0.0482573387	-0.0808116463	0.0204563354	-0.1580913501	-0.0447490945	-0.0067451893	0.1266486125	0.002554476	0.02783633	-0.0699097752	0.0499071869	-0.0935506314	-0.033670779	0.0520386395	0.1560536542	-0.1255369422	0.0992905079	0.1706678194	-0.1011231804	0.0301320674	0.0011131404	-0.0830140783	0.0196009719	0.0225319381	-0.1331847599	-0.1363178135	-0.000392396	-0.1432184275	0.0026221384	0.0510256028	0.0880375446	-0.0378838157	-0.0308254226	-0.0365473246	-0.1219313844	0.0735157882	0.0472016727	-0.0798087831	0.0035187898	-0.1717094063	-0.0384694755	0.0626853537	0.1005286311	0.0076344931	0.0114836103	-0.0506962184	0.1078581607	-0.0375040821	-0.0213438855	0.0084772156	0.0014752792	0.2003204014	0.1866485177	0.0346143624	0.1275904975	0.0222312565	0.0111710225	0.0454528956	0.0203873496	-0.0288312792	0.1718109421	0.0399202245	-0.0113976003	0.0443664942	-0.009170834	0.1333191079	-0.1303708025	0.043732129	0.06650807	-0.0388281681	-0.0988100033	-0.0782451534	0.023933551	0.0173412758	0.0833766419	0.0137938228	0.0205979388	0.0502657723	-0.0187346734	0.0538400094	-0.0279209788	-0.0691380058	0.1464301891	0.0743235501	0.1312737824	0.0908092981	-0.0529791748	-0.001867445	0.0303423765	-0.0495401512	-0.0683379609	-0.0139445126	-0.0239392895	-0.0458340208	-0.0295173589	0.0707547651	0.0457394187	-0.0845154255	-0.1104247249	0.317224	0.019099	0.000364771801	0.100631066176	0.289898	-0.006869	4.718316100000019e-05	0.084040850404	0.0525941	0.0359913	0.0012953736756899	0.00276613935481	0.00240886	0.00031845	1.0141040250000005e-07	5.8026064996e-06	0.00041897	-2.449099999999997e-05	5.998090809999982e-10	1.755358609e-07	0.00512341	3.2560000000000054e-05	2.62493300281e-05	1.0601536000000035e-09	0.0	0.0	0.0	0.0	0.0	0.0	0.0	0.0	0.0	0.0	0.0	0.0	0.0	0.0	0.0	0.0	0.0	0.0
271.6159265782492	0.1054454197368386	73775.21157096085	0.011118736543478	238.18733867814268	0.5241679239876476	56733.20830657624	0.2747520125375202	200.61508712478465	0.0632803855286567	40246.413182084936	0.0040044071926554	199.12846004927547	296.02939114667095	1.043848	23.948122	0.17316775	0.0850316	0.0550924572	-0.0219990871	0.058966643	-0.0098801377	-0.0146320012	0.0539541477	0.1617492103	0.0678042705	0.0351199476	0.0617661704	0.0070156332	-0.0059421503	0.0423780721	-0.1009520346	-0.0064002132	0.0309966367	0.0431375889	0.0131815702	0.1248715285	-0.0853959593	-0.0988463007	0.042263013	0.0459430892	-0.0069577739	-0.0569986667	-0.099331694	-0.0270239989	-0.0114426262	0.0391788914	0.0847407626	-0.0168526827	0.0175319362	0.0657051173	-0.0319167478	-0.1719402372	0.1090241028	-0.0678942465	-0.0003653984	-0.0149756466	-0.0587310902	-0.1546310084	0.0142582595	0.031567214	-0.0999041639	0.0962934448	-0.0644182833	-0.0770404585	-0.0209657745	0.0433433998	-0.097637471	-0.013850712	0.0301483048	0.0298033038	0.0885711769	0.0799410594	-0.1292567583	-0.0320644482	0.084719507	0.0264952644	0.0169892404	-0.0186894336	-0.1007814494	-0.0335805879	-0.043040386	0.0990770522	0.0168208545	0.0440181903	-0.0323553745	-0.0715367126	0.0057617872	-0.1727704451	-0.0772272614	0.0743380662	-0.0752096653	0.0239780269	-0.1061976543	-0.0688019111	0.1224637309	-0.0190028058	0.0901048805	-0.0705786369	-0.0312351771	-0.1047996991	0.0285420001	0.0389284215	0.0524506767	0.0694874544	0.0368642042	0.0105485603	0.1459658918	0.0150010786	0.0021260249	-0.0727654742	-0.1660930959	0.0306663067	-0.1037751795	0.0854253042	-4.61923e-05	-0.051908187	-0.04492296	-0.051928737	0.0443699597	-0.1080554328	0.0498331451	0.0139738677	0.0463853407	0.0770500776	0.0206329518	0.043250186	-0.0882220943	-0.1070977539	0.281969	-0.0352549999999999	0.0012429150249999	0.079506516961	0.354331	0.064433	0.004151611489	0.125550457561	0.0293341	-0.02326	0.0005410276	0.0008604894228099	0.0020048	-0.0004040599999999	1.6326448359999997e-07	4.019223040000001e-06	0.000349245	-6.972500000000003e-05	4.861575625000004e-09	1.2197207002499998e-07	0.0045928	-0.0005306099999999	2.109381184e-05	2.815469720999999e-07	0.0	0.0	0.0	0.0	0.0	0.0	0.0	0.0	0.0	0.0	0.0	0.0	0.0	0.0	0.0	0.0	0.0	0.0
271.7294960840631	0.1135695058139276	73836.91904209886	0.0128980326508197	238.7935672470286	0.6062285688859106	57022.367758561166	0.3675130777334592	200.69479737372453	0.0797102489398753	40278.40169288035	0.0063537237860568	199.1584626942077	297.46696631620443	1.151025	26.407009	0.1602072999999999	0.0862085999999999	0.0298940375	-0.0161827281	0.0488928015	-0.0247353306	-0.014679547	-0.0537847167	-0.0791048585	0.0627030702	0.0343531508	0.0697910782	-0.0462462509	0.0917146399	0.0277426936	-0.0533638741	0.0479607538	0.0380649897	0.1047644471	-0.0140643886	-0.1653408565	-0.0440055535	-0.0448302498	0.0546254223	0.0572641841	0.0406850438	0.0022598368	0.0266384904	0.0087717498	0.0435114215	0.070481446	-0.0073960736	-0.0106600942	0.0063025653	0.0517396395	0.0248226476	0.116789478	-0.0085830367	-0.1208518451	-0.1155229854	-0.1243844517	-0.104689408	-0.1326381635	0.0920584943	-0.0958476157	-0.0792981779	-0.0748393078	0.1703625286	-0.0431285608	0.1534583339	0.0276023144	-0.0523887907	0.0606008375	0.0446917698	0.1099706874	-0.0862870748	-0.1231554348	-0.0397028523	-0.0015950681	0.0723990154	-0.004682622	0.0348101857	0.0366411676	0.0204044109	-0.0370857034	-0.0179684896	0.0163999293	0.0459219403	0.0123890511	-0.0452319781	-0.0101007991	-0.0387401984	0.1568721877	0.0459912947	0.1405742289	0.0268607202	0.0933969953	-0.0437428468	-0.1706365567	0.0749742728	-0.0277588437	0.1445094295	0.0687041413	-0.0544730768	0.1068068695	-0.1834521431	0.0099992287	0.0114164774	0.0750344844	0.0099997764	-0.0079043396	0.0417991865	-0.0223205854	0.0327427814	0.1038126964	-0.0714514124	-0.1423141104	0.0701887	0.1060019497	0.0495409674	0.0723363702	0.0036970091	-0.0435346651	-0.044663912	-0.0024514792	0.1012038307	0.0525865969	0.047546675	-0.0155425054	0.0346647858	0.0407391756	-0.0917510955	-0.1032856033	0.349676	0.0677069999999999	0.0045842378489999	0.1222733049759999	0.332812	-0.021519	0.000463067361	0.110763827344	0.0249706	-0.0043634999999999	1.9040132249999997e-05	0.00062353086436	0.00268516	0.0006803599999999	4.628897295999995e-07	7.210084225599999e-06	0.000126669	-0.000222576	4.9540075776e-08	1.6045035560999996e-08	0.00502222	0.0004294199999999	2.52226937284e-05	1.8440153639999984e-07	0.0	0.0	0.0	0.0	0.0	0.0	0.0	0.0	0.0	0.0	0.0	0.0	0.0	0.0	0.0	0.0	0.0	0.0
271.56241033511003	-0.1670857489530703	73746.14270701467	0.0279176475032084	237.187979710253	-1.6055875367756016	56258.13771903139	2.577911338249144	200.91674975841207	0.2219523846875972	40367.5403334844	0.0492628610685111	199.4313568149193	296.6525165849051	1.277706	29.313326	0.3609218	0.171303	-0.0462600521	-0.0294429777	0.0308820924	-0.0814119091	0.0434717831	0.0545532591	-0.0952393142	-0.0862172125	-0.0490773389	0.001365076	0.090243756	0.0156615027	-0.0410395511	0.0114841427	0.0392614678	-0.1135887279	-0.0349631099	0.0507963546	-0.0379910843	0.011479283	0.0354309948	-0.1028521252	0.0020914359	0.0750995343	0.0581935894	0.0599683283	-0.0572889177	-0.1213076158	0.0174569352	-0.0130554609	-0.0315669102	0.1322990615	0.0224705951	-0.1727061459	-0.1559322645	0.0836391575	0.1099302574	-0.0235984542	-0.0340733598	-0.0143842338	0.1250717426	0.0527774901	-0.1377478144	-0.0626619776	-0.0230000268	0.0574443692	-0.0528144195	0.1939405844	-0.0420179604	0.0149351015	0.034100945	-0.1256382849	-0.0246918902	0.0207316202	-0.0556894145	-0.0035555724	-0.007767927	-0.1274887153	0.0065624855	0.03737562	0.0617306807	0.0649339571	0.124998046	-0.0022670008	0.0222439708	0.0351397802	0.0725718207	-0.1182380926	-0.0439556514	0.1505759256	-0.1533674977	-0.1126682046	0.0209764671	0.0722883932	0.0435001097	0.106152796	-0.0418074726	-0.1550389068	0.0652556743	0.0652505322	0.0411605487	-0.0337665304	0.004214005	-0.146958544	-0.0558372316	-0.0225465099	0.0548309601	-0.0362543248	0.0159219794	-0.0144256912	-0.0135162379	-0.0378400117	0.0073970011	0.0350986663	0.1234053253	0.1002657431	0.081311152	-0.0064442332	-0.0553747436	-0.0313417647	0.1375481265	-0.0975440609	0.0034481007	-0.0713279181	0.083136134	0.0499971897	0.0757441412	0.1620011911	0.0382076517	-0.0950953223	-0.0990055431	0.434773	0.085097	0.007241499409	0.189027561529	0.382085	0.049273	0.002427828529	0.145988947225	-0.0192461	-0.0442167	0.0019551165588899	0.0003704123652099	0.00448421	0.00179905	3.2365809025e-06	2.01081393241e-05	-0.000317103	-0.000443772	1.96933587984e-07	1.0055431260900001e-07	0.0064261	0.0014038799999999	4.129476121e-05	1.970879054399999e-06	0.0	0.0	0.0	0.0	0.0	0.0	0.0	0.0	0.0	0.0	0.0	0.0	0.0	0.0	0.0	0.0	0.0	0.0
272.5126939272172	0.9502835921071552	74263.16835146915	0.903038905428078	239.5501725703855	2.362192860132524	57384.28517850148	5.579955108461073	201.070273685818	0.153523927405871	40429.25496008976	0.0235695962861231	199.52500203525983	300.0051485116609	1.170761	26.859789	0.273181	0.162709	-0.0294166802	0.0099473428	-0.0480743432	-0.0502113549	0.0170632736	0.0132470352	0.0625709086	-0.0512655794	0.0237459894	0.1065628924	-0.0310628843	0.0095336617	-0.0177696862	-0.0568979592	-0.0573256007	0.0090923709	0.0426640706	0.0493339012	-0.0153907801	-0.1283848383	0.029805314	0.0141431405	0.0220288908	0.011203748	-0.060104675	-0.0106005652	-0.0440017382	0.0605607971	-0.2403142903	0.0098254315	-0.1688265695	-0.0167283066	0.0116521448	-0.0908518382	-0.1329958029	-0.1143705784	-0.0105850792	0.0157614876	0.0714749291	0.0030871561	-0.0653798166	0.1276163729	0.0598522756	0.0021778963	-0.0252573251	0.0042940625	-0.0615896851	-0.2661040356	-0.0183340229	-0.0552927442	-0.0535735707	0.0185083255	0.0442511053	0.0355939708	-0.0435566264	-0.0787937835	0.1041546752	0.0203517753	0.0075539767	0.0075145794	-0.0343098011	-0.0309724078	-0.0227176068	-0.0609732185	-0.1108453659	-0.1649993316	0.1902792792	0.0503504365	-0.051324921	0.1340095929	-0.1288192284	0.125508716	-0.0120417881	0.0003839628	-0.0373969364	-0.0690836643	-0.0143679968	0.0085344302	-0.1222734395	0.0130280408	0.007319203	-0.0915737618	-0.0381561885	0.2156771311	-0.0202718071	0.0254020975	0.0094094524	-0.0737698921	0.0135718289	0.0939118048	0.0320012033	-0.085214733	-0.0504900424	-0.0045654231	-0.0248898394	-0.0107789392	-0.0428490898	-0.120017892	-0.093926333	-0.0126027559	0.0133656943	0.0637156241	-0.1119892049	-0.0597646964	0.0382490705	-0.009178909	0.1118550352	-0.0589951503	0.0356568892	-0.0982480398	-0.094276963	0.336752	-0.098021	0.009608116441	0.113401909504	0.398788	0.0167029999999999	0.0002789902089999	0.1590318689439999	-0.0324512	-0.0132051	0.00017437466601	0.0010530803814399	0.0051504	0.00066619	4.4380911610000073e-07	2.6526620160000003e-05	-0.000177045	0.000140058	1.9616243364e-08	3.1344932025e-08	0.00432731	-0.0020987899999999	1.87256118361e-05	4.4049194640999984e-06	0.0	0.0	0.0	0.0	0.0	0.0	0.0	0.0	0.0	0.0	0.0	0.0	0.0	0.0	0.0	0.0	0.0	0.0
273.17821845898504	0.6655245317678578	74626.33904042495	0.4429229023848263	239.0550368284877	-0.4951357418978261	57147.3106330696	0.2451594029047107	201.56208239653265	0.4918087107146505	40627.273060026615	0.2418758079348067	200.0845781264036	303.82960944558346	1.098541	25.2029	0.2253181	0.127437	-0.0720204517	0.0334593839	-0.0739355988	-0.0922924607	0.0553294208	0.028018521	0.0300570081	0.0259214621	-0.0771356196	0.1905356971	-0.0364171233	0.0409421603	-0.0826281529	-0.016265239	-0.0652661161	-0.1133048933	0.049206268	0.0540426141	-0.098838337	-0.0434252307	-0.1255560916	-0.1217817436	-0.0970773221	-0.0203760328	-0.0533872327	0.0398670221	-0.0741380247	0.0957829727	0.08490804	-0.1076454202	-0.0591564288	0.0084203577	0.0360320264	0.1248323292	-0.0743518404	0.0511086201	-0.0353421899	0.0356072693	0.0318426471	-0.1119991459	0.0371936623	-0.1364698457	0.0143523525	-0.0158958446	-0.0759100217	-0.0391926688	-0.0376398223	0.0656459617	-0.0797991065	-0.0094326218	-0.0664391137	-0.1068344571	0.0712688744	-0.0090775708	-0.1059228287	-0.1131002917	-0.0926957936	-0.0978659053	-0.0361815269	-0.0600878241	-0.1194081565	0.0331373141	-0.0227523887	-0.0838552737	-0.1114262231	0.1274583777	0.0420325776	-0.0365370513	0.0082292264	-0.1346402342	-0.0652179238	0.0025474736	0.059154934	-0.0670898783	-0.0654992864	0.0752442262	-0.0060933583	0.0838132814	0.0897111089	-0.0235472981	0.0757706319	-0.0239378821	-0.0284337505	-0.0976085584	-0.0551270611	-0.0081005379	0.0230167939	-0.0642793806	0.0153640134	-0.0157513921	0.0118276519	-0.0599166779	0.0046967355	0.0612826324	0.1009148772	0.0753945811	0.0319431568	-0.0590359876	0.0688639561	-0.1210630176	-0.0650606731	0.0138833338	0.0301833971	-2.32314e-05	-0.0012795965	0.1775162485	0.0766410004	-0.0470230981	0.0330881723	-0.1012028987	-0.0891212848	0.417347	0.080595	0.006495554025	0.174178518409	0.440724	0.041936	0.001758628096	0.194237644176	-0.0481578	-0.0157066	0.00024669728356	0.00231917370084	0.00508325	-6.71500000000002e-05	4.509122500000027e-09	2.58394305625e-05	-0.000394315	-0.00021727	4.72062529e-08	1.5548431922500005e-07	0.0057845	0.0014571899999999	3.346044025e-05	2.123402696099999e-06	0.0	0.0	0.0	0.0	0.0	0.0	0.0	0.0	0.0	0.0	0.0	0.0	0.0	0.0	0.0	0.0	0.0	0.0
272.394321597781	-0.7838968612040276	74198.66643871534	0.6144942890055265	238.1167744020873	-0.9382624264003994	56699.59825165453	0.8803363807947648	201.2901550815133	-0.2719273150193544	40517.72653273968	0.0739444646536352	199.77925526423687	301.8536510081616	1.103138	25.308363	0.1313995999999999	0.0812468999999999	-0.1015779294	0.0201460791	-0.0689200157	-0.0266485673	0.0842838846	-0.0893368399	0.1329438565	0.0142710111	-0.0537731691	-0.0455429228	0.0118062467	0.1232773514	-0.1128630686	0.0026730313	-0.0330174194	-0.0102698079	0.0495002668	0.1145790003	0.0665656899	0.0712633427	-0.0531327248	0.0394710567	0.0081561438	-0.0432776688	0.0338677991	0.0599008687	-0.0619549055	-0.1026764264	-0.0804165521	0.0576406997	0.0926326358	-0.0548242163	0.0146714023	-0.0510277826	-0.0608710114	0.0897427706	0.0147574444	-0.0512758872	0.035447789	0.0140267644	0.0796357951	-0.0105738438	0.030847923	-0.1045344725	0.0118315859	-0.0745375849	-0.0275267934	0.0038166169	-0.1121515838	0.0056894166	-0.0403600119	-0.0050389728	0.0455044345	0.1311192914	-0.0190185214	0.0556396991	-0.080775384	0.0657063793	0.0309073856	-0.0329583773	0.0093046752	0.0441021329	0.1273400049	0.0168603793	0.0165975149	-0.083384652	-0.0496114714	0.0230785443	-0.0535900703	0.0107076127	-0.0912116797	-0.0950864493	0.035433873	0.0159506619	-0.0507991473	0.036679332	0.0997985835	-0.0037627104	0.0070362456	0.1077220715	0.0153196122	0.0030088756	-0.1128655248	-0.0570296355	-0.0850914385	-0.0394673208	0.0120012983	-0.0489182413	0.004887573	-0.0162261021	-0.0167868548	-0.0840272297	-0.0878009775	-0.0635559042	-0.0314722929	-0.1019432197	-0.0676724323	0.0769846544	0.0936640915	-0.1464875148	0.0703461999	-0.0077378278	-0.0524904944	-0.0197668176	0.0831805489	0.0906321815	0.030847122	-0.0033692946	0.0305027946	-0.1039539485	-0.0835618648	0.471855	0.054508	0.002971122064	0.222647141025	0.461735	0.021011	0.000441462121	0.213199210225	-0.0416147	0.0065431	4.281215761000004e-05	0.0017317832560899	0.00513998	5.672999999999963e-05	3.218292899999958e-09	2.64193944004e-05	-0.000394315	0.0	0.0	1.5548431922500005e-07	0.00671452	0.00093002	4.50847788304e-05	8.649372004000003e-07	0.0	0.0	0.0	0.0	0.0	0.0	0.0	0.0	0.0	0.0	0.0	0.0	0.0	0.0	0.0	0.0	0.0	0.0
271.79143296311963	-0.6028886346613831	73870.58303214595	0.3634747058038666	238.2514276987389	0.1346532966516349	56763.742800487424	0.0181315102991532	201.19487884289413	-0.0952762386191636	40479.37927260685	0.0090775616454158	199.6150997003392	298.878885550268	1.185016	27.186827	0.3661098499999999	0.182571	-0.1618624718	-0.0472922403	-0.0559928932	0.0470499478	0.1120042943	-0.156513364	-0.1173711644	0.0600430614	-0.0437935251	-0.0043250111	-0.0539558517	0.137411312	-0.10806944	0.0514834622	0.0801190445	-0.0030591022	0.1169569144	0.0327186575	-0.1189209608	-0.0405311012	-0.1060605096	0.0231552699	-0.0522491689	0.0124276221	0.1722742271	0.0726290528	-0.1453019658	0.0337351272	0.0299534778	-0.003167141	0.0446152173	-0.1171476962	-0.1549223934	-0.0139353313	0.1068505777	-0.0841694238	0.0011265063	-0.1222722501	-0.0154420153	-0.0457376168	0.0447592386	0.0715272073	-0.0108604027	-0.0283393132	0.0040914732	0.0584689016	0.0546153724	0.093902331	-0.107398145	0.0526752447	0.0904364059	0.0068030987	0.1162457278	-0.0315194817	-0.1147707001	-0.0600054782	-0.045893388	0.0720216342	-0.0477919867	-0.0798359709	0.0623422817	0.1463239178	0.0852507814	-0.1442547006	0.0071178219	0.0135633038	-0.1010143952	0.1272590041	0.1158324897	0.0292296398	0.0909006673	0.0750021349	0.0346105206	0.127347436	0.0003200804	0.0481777894	-0.0260594641	-0.0015154354	-0.0660012854	0.0418176987	0.0176754253	0.0466949157	0.0530030563	-0.0507335801	-0.1412325577	-0.0978156711	-0.0078043867	-0.0181542984	-0.0232410392	0.0357039104	-0.0410924181	-0.093755733	0.0730205508	0.0910422455	-0.1165850074	0.0832927746	-0.072576352	-0.0059095415	0.0335160655	-0.0853613527	-0.0173650109	0.0308846687	-0.0180598948	0.0106097744	0.1094807637	0.1363402198	-0.1674524844	-0.046114956	0.0279020578	-0.1064956489	-0.0776238888	0.554348	0.0824929999999999	0.0068050950489999	0.3073017051039999	0.523666	0.0619309999999999	0.0038354487609999	0.274226079556	-0.0507613	-0.0091466	8.366029156000008e-05	0.00257670957769	0.00677519	0.00163521	2.673911744100002e-06	4.59031995361e-05	-0.00092226	-0.000527945	2.787259230250001e-07	8.505635076000001e-07	0.00880215	0.00208763	7.74778446225e-05	4.3581990169e-06	0.0	0.0	0.0	0.0	0.0	0.0	0.0	0.0	0.0	0.0	0.0	0.0	0.0	0.0	0.0	0.0	0.0	0.0
271.5051393090196	-0.2862936541000067	73715.04067121015	0.0819640563779343	236.36378497111647	-1.887642727622449	55867.83884587219	3.5631950671459194	201.0278264615019	-0.1670523813922386	40412.18701183572	0.0279064981288179	199.5405884468237	295.9870886998553	1.072733	24.610823	0.2296098	0.111922	-0.1773640766	-0.0823129911	-0.0582552803	0.0395742097	0.1255140693	0.0191586884	-0.0623034136	-0.0426552549	-0.1623369257	-0.0196682925	0.0892207455	0.0016921074	-0.1241425195	0.0776225325	0.1192419619	-0.1376304623	-0.0368120794	0.101224522	0.0752527384	-0.0671029871	0.0210060891	-0.0695329039	0.0100158722	-0.0105545251	0.1093728162	0.0990258506	-0.0765969411	-0.034817448	-0.1132517494	-0.0216107274	0.0129710509	-0.1555110363	-0.0811122604	-0.1215206315	0.0347245632	3.79468e-05	-0.0030047986	-0.0438006126	-0.0955091267	-0.0244823829	0.0801428133	-0.1133738895	0.1115363506	0.0210211692	-0.0176785966	0.0363810174	0.1044044024	-0.0418341841	-0.1245212396	0.0825029386	0.1014911427	-0.1589423619	-0.0387079347	0.1148839695	-0.0139733245	-0.0371713955	0.0418148935	-0.0176315958	0.0782552238	-0.0529839876	0.0395264817	0.130683266	0.1071072915	-0.0385493961	-0.0599630331	-0.085248905	-0.0590264543	0.1759129999	0.0004150759	0.1259280122	-0.0020628902	-0.0194383362	0.0437087819	0.0351447594	0.0382993864	0.0921009984	0.0933717177	0.1017638089	0.0474273332	-0.0573570873	0.0233432557	0.0890421935	0.0855527031	0.0294074058	-0.1782204053	-0.1390115368	-0.0081834457	0.0141765345	-0.0233257333	0.0285432234	-0.0586242276	-0.1132648322	-0.0598479091	0.066288383	0.1713366128	0.082390728	-0.1108662865	-0.0013353098	0.0365185741	-0.1184002795	0.0218014879	0.0327203535	-0.0206148445	-0.0579355353	0.0759599767	-0.0226020689	-0.1448982878	-0.0614967326	0.0252872714	-0.1088228812	-0.0713342571	0.62278	0.068432	0.004682938624	0.3878549284	0.561183	0.037517	0.001407525289	0.314926359489	-0.0556821	-0.0049207999999999	2.421427263999996e-05	0.00310049626041	0.00760483	0.0008296399999999	6.883025295999993e-07	5.78334393289e-05	-0.00149734	-0.00057508	3.307170064e-07	2.2420270756e-06	0.00977223	0.0009700799999999	9.54964791729e-05	9.410552063999998e-07	0.0	0.0	0.0	0.0	0.0	0.0	0.0	0.0	0.0	0.0	0.0	0.0	0.0	0.0	0.0	0.0	0.0	0.0
271.226092401346	-0.2790469076736031	73563.59319930349	0.0778671766822003	236.3057396683512	-0.0580453027652652	55840.40260020657	0.0033692571731113	200.80093087316013	-0.2268955883417618	40321.01383952763	0.0514816080089542	199.29122864810927	293.6372387081768	1.190617	27.315338	0.3037975999999999	0.150708	-0.1459382766	-0.0680328259	0.0267336352	0.0474533327	0.1106457617	-0.0563349095	0.0439828595	0.1143102551	-0.106307565	-0.033983295	0.0031625937	-0.0125452443	-0.1119428004	0.0228934226	0.1086980142	-0.0194666356	0.0240621	0.0013658529	0.1180615735	-0.0333463148	-0.1130353559	0.0604760766	-0.1387232726	0.0836859027	-0.0156786545	-0.0003440249	0.0320502417	0.13607533	-0.1460352375	-0.0076979648	-0.0184176094	0.0080575445	0.0314395131	-0.0946229661	-0.0746859499	0.1798419695	-0.2022865085	-0.0796092019	0.0067129052	-0.0235480017	-0.0226309807	0.1700001698	-0.0019611314	0.0421108891	-0.0538607032	0.0501746888	0.0773515037	-0.0417895576	-0.109549266	0.0255699928	0.0959198935	-0.0248877532	0.0126037175	0.0831958819	0.1032594163	-0.0859035312	-0.059115345	0.0716904868	-0.1399773067	-0.00051228	-0.0650334081	0.0372126357	-0.0903855006	-0.0561929328	-0.0850582707	-0.1530158563	0.0149658117	-0.0009309006	-0.0359887591	0.0528167481	-0.0476186306	-0.1070321095	0.2483645971	-0.0662295968	0.0706811854	-0.0339582506	-0.0953644604	-0.0751727744	-0.1631516882	0.007431425	0.0462522193	0.0252405553	0.0835740179	0.0500158348	-0.1388961397	-0.0345471898	0.023052564	0.0313865948	-0.0073698646	-0.0293095928	-0.1122501085	-0.1039964668	-0.0478830829	0.058832154	-0.0546105161	-0.1081948576	-0.2496106611	-0.0789994236	0.0270349853	-0.142703309	-0.0731436028	0.0771995048	0.048098981	-0.0958833239	0.0077469767	0.0275806654	0.0259383994	-0.1312635753	0.0226597522	-0.1109309587	-0.0647214634	0.549216	-0.0735639999999999	0.0054116620959999	0.301638214656	0.503053	-0.05813	0.0033790969	0.253062320809	-0.0454985	0.0101836	0.00010370570896	0.0020701135022499	0.00739721	-0.0002076199999999	4.31060643999998e-08	5.471871578410001e-05	-0.00318917	-0.0016918299999999	2.8622887489e-06	1.01708052889e-05	0.0084332799999999	-0.00133895	7.112021155839832e-05	1.792787102500265e-06	0.0	0.0	0.0	0.0	0.0	0.0	0.0	0.0	0.0	0.0	0.0	0.0	0.0	0.0	0.0	0.0	0.0	0.0
270.73454612085254	-0.4915462804934805	73297.19446326404	0.2416177458669754	236.8701437696626	0.5644041013113963	56107.46500946063	0.3185519895771249	200.5299261579042	-0.2710047152559127	40212.25128489452	0.0734435556909383	198.92715936881496	291.64268914941334	1.359337	31.186129	0.5942375	0.282288	-0.0688485897	-0.0175302817	0.0589387298	-0.0213681446	0.0405803537	-0.0830284955	-0.1449159874	0.0272543005	0.0513128082	-0.1096801979	-0.0058346456	0.1230929104	-0.0442819453	-0.0977674394	0.0421076734	0.0366461607	-0.0039162464	-0.1007749664	-0.1368155971	0.0434207487	0.060874379	0.0588582519	-0.0188275608	0.0347941085	-0.0237978126	0.067539435	0.0654327074	-0.0030639991	-0.1853458637	0.0257814335	-0.0995087431	-0.0221580766	-0.0509775642	-0.1564354519	-0.09951705	0.0196948605	0.0031573282	0.0926057525	0.0507452965	0.050279146	-0.0608924209	-0.0651699604	-0.1509798075	0.0334371079	-0.0652142234	0.0114181544	-0.0492964421	0.0723858288	-0.0478629172	-0.1012434151	0.0558447966	0.0387589457	0.0115977072	-0.170741128	-0.0501015346	0.0783926669	0.0402045878	0.0120062117	-0.0523598686	0.02645988	-0.0105047465	0.038754281	-0.02371002	0.05992343	-0.0579374007	-0.1443453436	0.1214971251	0.0583598034	-0.0165540411	0.1644701574	-0.10360689	0.004485108	-0.0201239391	-0.1051615422	-0.0532495443	-0.0576794611	-0.086565064	-0.1270808864	0.1283295731	-0.0035696963	0.0594917771	-0.0425584465	0.0044189411	-0.0907090091	-0.0494493179	0.0925112678	0.0542521708	0.0115316503	0.0448991844	-0.0400967455	-0.0931331516	0.0065405304	0.0644916144	0.2119314756	-0.1256282321	0.0419651367	-0.099413431	-0.0863186751	0.045456363	0.0996330301	0.0833644874	0.0959087224	0.0402101891	-0.0074731318	0.1196813288	-0.0113524085	0.04767747	-0.181774264	0.020020823	-0.112815636	-0.0578154653	0.39464	-0.154576	0.023893739776	0.1557407296	0.360958	-0.1420949999999999	0.0201909890249999	0.130290677764	0.0144925	0.0599909999999999	0.0035989200809999	0.00021003255625	0.00573271	-0.0016645	2.7705602500000006e-06	3.2863963944100004e-05	-0.00248335	0.0007058199999999	4.981818723999997e-07	6.1670272225e-06	0.00605209	-0.0023811899999999	3.66277933681e-05	5.670065816099525e-06	0.0	0.0	0.0	0.0	1.0	0.0	0.0	0.0	0.0	0.0	0.0	0.0	0.0	0.0	0.0	0.0	0.0	0.0
270.3813345722565	-0.3532115485960503	73106.0660850745	0.12475839806162	235.89755104765104	-0.9725927220115692	55647.654590279126	0.9459366029098738	200.44606331364736	-0.0838628442568563	40178.62429793872	0.0070329766468497	198.9229321522245	291.26213973786184	1.15237	26.437851	0.1761198	0.0785282	-0.0204213376	-0.0296386278	0.0574060463	-0.0637494122	0.0307596801	0.099140162	-0.0040467788	-0.0302998562	-0.0010011083	0.0133735645	0.075888061	-0.0081433278	-0.0093069937	-0.1020211796	0.0213381299	-0.0850578317	-0.1322662248	0.0113669288	0.0031357739	0.0415011316	0.1054473936	0.0008046828	-0.0829870503	0.0157601012	0.0170340739	0.0458035188	0.1277666253	0.0415380681	0.0281141953	0.0468991118	-0.0450456538	-0.0099984087	-0.0528558203	0.0942745024	-0.0403386829	0.0422482415	-0.1519406743	-0.0645649089	0.0666691511	0.0296509982	0.066468147	-0.0825764837	-0.0820717665	-0.0039362427	-0.1175930379	-0.2066968572	0.1118009193	-0.050715695	-0.0113931001	-0.1038392743	0.0096940741	-0.1024680695	-0.1251628192	0.0114328159	0.0080969489	0.0751087896	0.0498329183	-0.0758042257	-0.0695355594	-0.0132412011	0.0038908832	0.0502766449	-0.0673963707	0.1084411278	0.0280031089	-0.0130752958	0.0259209168	0.0428026245	0.1089294255	-0.1162986902	-0.0226615587	0.026838809	0.1910799487	-0.0428697032	-0.0388896417	-0.002043241	0.0322376204	-0.0759772164	0.0682712104	-0.0515478747	0.0902220546	0.1655486375	-0.1275796395	0.0994946158	-0.0226539712	0.0594066394	0.0675625077	-0.0036710711	0.0313431109	-0.031751871	-0.0633051685	0.0098835925	-0.0376586159	0.1419134888	0.1553039159	0.0322630956	-0.0141101373	-0.0990916498	-0.0413677371	0.0157351257	0.0819747182	0.0860875465	-0.0190063743	-0.0228066435	-0.0225920855	-0.0505535163	-0.0111250916	-0.1406579845	0.0173718128	-0.1144731177	-0.0506475487	0.373463	-0.021177	0.000448465329	0.139474612369	0.390093	0.029135	0.000848848225	0.152172548649	0.0553603	0.0408678	0.00167017707684	0.00306476281609	0.00506506	-0.00066765	4.457565225000007e-07	2.56548328036e-05	-0.00183303	0.00065032	4.229161024e-07	3.3599989809e-06	0.00567126	-0.00038083	3.2163189987600003e-05	1.4503148890000032e-07	0.0	0.0	0.0	0.0	0.0	0.0	0.0	0.0	0.0	0.0	0.0	0.0	0.0	0.0	0.0	0.0	0.0	0.0
270.24617383445286	-0.1351607378036305	73032.99447216131	0.0182684250436217	236.76843332942528	0.870882281774243	56059.2910212705	0.758435948708312	200.47191458582424	0.0258512721768795	40188.988537706005	0.0006682882731631	198.98170222726705	288.29608299569946	1.10522	25.356144	0.1009911	0.0534048	-0.0088820356	-0.0218852254	0.0792642966	0.0018890122	0.0033480201	0.0365546417	0.1636853997	0.0282525681	0.0171773757	0.0019913056	0.0408248748	0.0300609081	-0.0042343362	-0.1008135568	-0.0202266349	-0.010767701	-0.0346458756	-0.0072688572	0.1888632136	0.090516302	-0.0865004238	0.0948680653	-0.0657620961	0.0185077831	0.0150594216	0.0104752967	0.0930132809	0.0543694506	-0.0516449644	-0.0383431306	0.034018087	-0.1136623851	-0.0939627639	-0.0660373458	-0.0798031501	0.0182909546	-0.0982274913	-0.0170353309	0.0146649095	0.0475673089	-0.0980025627	0.0900520658	-0.111673648	-0.0338428912	0.0263422236	0.1429930922	0.0368709368	0.0312109934	-0.0049506044	-0.1019341526	-0.0357636829	-0.0117079201	-0.0353278487	0.0909487651	0.1467050935	0.0433245272	-0.1015499746	0.1109123927	-0.0641677709	0.0002714939	-0.0175696949	0.0416171203	-0.0751073711	0.045165179	-0.0358347765	-0.0613006989	-0.0897742762	0.1058789524	0.0364751997	0.0720878382	-0.0659366996	0.0280519773	0.0747054937	-0.047548942	0.0125692995	-0.0952360098	-0.1190729448	-0.11311633	-0.0392398191	0.1119767714	-0.0242156887	-0.0108181909	0.1499752674	-0.0696911319	-0.0133274656	0.0834481879	0.0451288667	0.0124033895	0.0573063035	-0.0026757482	-0.0507811592	0.0128055682	-0.0908055454	0.0083445908	-0.0234114149	-0.1622517415	-0.0532857472	0.0590576262	0.0604584301	-0.0138076319	0.0546066272	0.0592289482	0.0794192528	0.0173594541	0.0162634086	-0.0586942541	0.0777912728	-0.155971476	0.0147140554	-0.1159000657	-0.043250186	0.381498	0.008035	6.456122500000023e-05	0.145540724004	0.387027	-0.003066	9.40035600000008e-06	0.149789898729	0.0667279	0.0113676	0.00012922232976	0.00445261263841	0.0042751	-0.0007899599999999	6.240368015999988e-07	1.827648001e-05	-0.00135261	0.00048042	2.3080337640000005e-07	1.8295538121e-06	0.00597133	0.00030007	3.5656781968900004e-05	9.004200490000024e-08	0.0	0.0	0.0	0.0	0.0	0.0	0.0	0.0	0.0	0.0	0.0	0.0	0.0	0.0	0.0	0.0	0.0	0.0
271.0597585674607	0.813584733007815	73473.39271465006	0.6619201177833975	237.45388122751743	0.6854478980921499	56384.34571001196	0.4698388209989463	200.44911981734936	-0.0227947684748812	40179.84963555008	0.0005196014698234	198.8529464823556	291.1406339420854	1.131033	25.948351	0.1608831	0.0811835999999999	0.0208721688	-0.037777441	0.0584042578	-0.0178441296	-0.031644181	0.0270524421	-0.1064081703	0.0755031515	0.0111884663	-0.014286803	-0.1246531209	0.0365772558	0.0235877645	-0.1124944464	0.0259215789	0.0715959584	0.072595444	-0.0225731333	-0.1022070963	-0.0295088622	0.1194125465	0.0026301532	0.0854750278	0.1416752137	0.0779614148	0.0323576279	0.1188539079	0.1266032671	-0.120622	0.0374838057	-0.07358477	0.0190152184	0.0786048034	0.0126099701	-0.0018466699	0.0152021097	-0.0921114581	0.0975934224	-0.0979729192	0.0698637038	0.0782759231	-0.0988858151	-0.0395208813	0.0992291647	-0.0319998968	0.0518010199	-0.0947905015	0.0217645801	0.0231629529	-0.1144764662	0.0395413523	0.0860683613	0.0685620954	-0.056031318	-0.0530286601	0.0159216129	0.1119866693	-0.0497860598	-0.0235964363	0.1131687913	0.1341841281	0.0760892888	-0.1587062221	0.0174795965	-0.0575819181	-0.1175456553	0.1066663358	0.0161468148	-0.0513329914	-0.0252244427	0.0468652637	0.0213554473	0.0400824759	-0.1223946301	0.1052613046	0.0464491488	0.0748558943	-0.0570121879	0.098001048	-0.1114710118	0.0289536711	-0.1180693725	0.01665668	-0.0447977555	0.0174870379	0.0716517149	0.0768380227	0.0245639928	0.0414380086	0.0349838475	-0.0651172415	0.0627281551	0.0405749933	0.1020160127	-0.1329346721	-0.0134006952	-0.0373494532	-0.0542256096	-0.0795352814	0.0896363352	-0.0066287844	-0.0078605107	0.0302768186	-0.0137676078	-0.012494133	-0.0833270472	-0.0581537047	-0.0825970955	0.012048889	-0.1170936064	-0.0356568892	0.359333	-0.0221649999999999	0.0004912872249999	0.129120204889	0.354025	-0.033002	0.001089132004	0.125333700625	0.135378	0.0686500999999999	0.0047128362300099	0.018327202884	0.00454874	0.0002736399999999	7.48788495999997e-08	2.06910355876e-05	-0.001185	0.0001676099999999	2.8093112099999963e-08	1.404225e-06	0.00567126	-0.00030007	3.2163189987600003e-05	9.004200490000024e-08	0.0	0.0	0.0	0.0	0.0	0.0	0.0	0.0	0.0	0.0	0.0	0.0	0.0	0.0	0.0	0.0	0.0	0.0
271.13816368412495	0.0784051166642711	73515.90380599933	0.0061473623191379	237.26946224743807	-0.1844189800793572	56296.79771518844	0.0340103602135103	200.788804330572	0.339684513222636	40316.14394450073	0.1153855685232992	199.2174934477764	292.7165359202373	0.950517	21.806919	0.079144	0.0467608	0.0163470123	-0.0142949609	0.030410256	-0.0719276579	-0.0109651622	0.1031266424	-0.0726560468	-0.0766343532	0.0010379492	0.0471659834	0.0227727311	0.1183499561	0.0040077777	-0.1060701532	-0.0322940461	-0.0451563991	0.0503780706	0.0280354614	-0.0973148984	0.0469194437	0.1400105911	-0.1365941527	-0.0255950054	-0.0085665829	-0.0740841523	0.0322009486	-0.0686752374	0.1432068787	-0.0392141366	-0.1350413904	0.0871109217	0.1115875419	0.0421010172	-0.0847225832	-0.0206849018	-0.0511208194	-0.019869176	0.0437884064	0.0172050517	-0.0750517233	-0.0108173626	-0.0430415193	-0.0146219275	0.0298924476	-0.0519679673	-0.0632640206	0.0102479263	0.089347926	0.0047424914	-0.1075003956	-0.0211240262	-0.0283020598	0.0747838834	-0.0288052026	-0.0787827485	0.092458908	0.0681516886	-0.1665624965	0.024768383	0.0072784766	-0.0946720451	0.0314241555	-0.0756819003	-0.092509259	-0.1441799874	-0.0065845111	-0.0723388322	-0.1567284804	-0.0036982797	0.0821470144	-0.0098180959	0.0532703983	0.0067714668	-0.0437019546	-0.0293826296	0.0352921862	-0.0470668601	0.0339136599	0.0551396488	-0.0482105337	0.0401143681	0.0378716112	-0.058044267	-0.0523452357	0.0133602064	0.0738737456	0.0731255603	0.0155140085	0.0518467801	0.0049302412	-0.0395322018	0.0569747111	0.0226621774	0.1621333396	0.0601620393	0.0457348223	-0.0181102986	-0.0275079001	0.0075689775	-0.0068994136	-0.036414161	-0.0390130907	-0.0148694872	0.0337341395	-0.012481984	-0.0242912265	0.0431938832	-0.105545868	0.0093776556	-0.1180513362	-0.0279020578	0.365187	0.0058539999999999	3.426931599999965e-05	0.133361544969	0.396531	0.042506	0.001806760036	0.157236833961	0.12573	-0.0096479999999999	9.30839039999998e-05	0.0158080329	0.00466666	0.00011792	1.3905126400000124e-08	2.1777715555600004e-05	-0.00111914	6.586000000000005e-05	4.337539600000007e-09	1.2524743396e-06	0.0059102	0.0002389399999999	3.493046404e-05	5.7092323599999997e-08	0.0	0.0	0.0	0.0	0.0	0.0	0.0	0.0	0.0	0.0	0.0	0.0	0.0	0.0	0.0	0.0	0.0	0.0
270.8569465495857	-0.2812171345392471	73363.48549416513	0.079083076758465	237.75133215023	0.4818699027919422	56525.69593920899	0.2321986032167158	200.75045575044	-0.0383485801319807	40300.74548400937	0.0014706135981389	199.25817332281912	292.8254625898135	0.87277	20.023226	0.0188535	0.0091247	0.023312629	-0.0095305003	0.032825718	-0.0609477256	-0.0096986981	0.110264042	0.1210735903	-0.0377160282	-0.0143820586	-0.0057966464	0.013532264	0.0549867977	-0.002081145	-0.1014633791	-0.079830103	-0.0740613446	-0.0560527727	0.0955972559	0.1062551163	0.0345840822	0.0598617804	-0.0545276958	-0.1030968535	-0.0640752743	-0.1330356385	-0.0091908223	-0.0425195562	0.052112003	0.0371530643	0.1119167855	0.1103161473	0.1157712529	-0.192726694	0.2073744136	-0.0358357975	-0.0668351787	0.0785041782	0.0189489939	-0.0619100316	0.0718305676	0.0458852202	0.0366900572	-0.0406723477	-0.0122722709	-0.1836044525	0.0075769897	-0.0967111995	0.0339570335	-0.0024680999	-0.1013302619	-0.0935611493	-0.0766792266	-0.0488908912	0.1194090526	0.0277272067	0.057708305	0.0237264839	-0.0659994774	-0.0099732392	-0.0351037226	-0.1670274083	-0.0251720046	-0.004007483	-0.0289244579	0.0993926344	-0.0498166611	-0.0695540994	-0.080933576	0.2458353702	-0.1537535297	-0.0464708765	0.0707172254	-0.1358973897	0.0414444517	0.0767029568	-0.0250614621	0.0552476174	-0.081195907	0.0137941106	-0.0053114376	0.1820706829	-0.0931926057	-0.0282035084	-0.0702593601	0.0136514881	0.0720573605	0.0525208882	0.0020327665	0.0525158169	0.0067935624	-0.0606540602	0.0678226423	-0.1098704171	0.0869532623	0.1155460159	-0.0362311317	-0.0058399283	0.0894633218	0.000622385	-0.0164510522	-0.0895413439	0.028555102	-0.0220423438	-0.0232231896	-0.0726559315	-0.03424915	-0.0275886747	-0.1773914959	0.0067017003	-0.1187713263	-0.020020823	0.36659	0.001403	1.968409000000121e-06	0.1343882281	0.391621	-0.00491	2.410810000000025e-05	0.153367007641	0.12183	-0.0039	1.5210000000000114e-05	0.0148425488999999	0.00466666	0.0	0.0	2.1777715555600004e-05	-0.0010135	0.0001056399999999	1.1159809599999988e-08	1.02718225e-06	0.00597737	6.717000000000008e-05	3.57289521169e-05	4.51180890000001e-09	0.0	0.0	0.0	0.0	0.0	0.0	0.0	0.0	0.0	0.0	0.0	0.0	0.0	0.0	0.0	0.0	0.0	0.0
270.6669404974341	-0.1900060521516025	73260.59267824153	0.0361022998542374	236.81310964536064	-0.9382225048693726	56080.4488999056	0.88026146864336	200.44383581473343	-0.3066199357065784	40177.73131612381	0.0940157849727062	198.9102481819401	291.5004771926665	0.974566	22.358658	0.0907740999999999	0.0490584	0.0136225032	-0.002478271	0.0369157668	-0.0065725549	0.0060591435	0.015125668	0.1014381442	-0.0011057901	0.0323534422	-0.086497782	-0.0099861662	0.0126805394	-0.0011641714	-0.111241226	-0.0437550836	0.0757541403	0.0160011292	0.0363273953	0.1313379142	0.0459516953	-0.0138441995	0.1339642756	-0.0301854257	0.0252834597	0.0818990118	-0.1157580744	0.0348370154	0.1040159514	0.0467203835	-0.0010479231	-0.0218329143	0.0737446293	-0.1802018143	-0.0451582964	0.0179486388	-0.1781917342	-0.111888968	0.1315251463	-0.0272842327	-0.0520555688	0.1688089592	0.0724983978	0.0862010857	-0.007349585	0.0008619262	-0.053533606	-0.1212191262	-0.1085783832	-0.0022457185	-0.1130810361	-0.0443414284	0.077568651	-0.0027027654	0.1115669878	0.0919290342	0.0309406969	-0.0396479255	0.0754070536	-0.0970549562	-0.0181500657	0.1004952254	-0.0655696256	-0.10458281	-0.0309808878	0.0267683103	0.0262986393	-0.012394721	-0.0049503692	0.1855591103	0.1115947349	0.0085966214	0.1755169006	-0.0269602066	-0.09842943	0.0411094136	0.1935760751	0.0911560312	0.0087721678	-0.1257036825	-0.0234465414	0.0160608545	-0.0880507751	-0.0877981155	0.123651992	0.0094330627	0.0782623745	0.0327778668	-0.0034422371	0.0488961897	0.0312605003	-0.0237348817	0.0417015244	-0.1135627851	0.0068300391	-0.0720986289	-0.1676951754	-0.0353856809	0.0908929489	0.0769266498	0.0569984282	0.0643694422	0.0164700619	0.101845885	-0.0172950192	0.0187655861	0.0014419197	0.0395663727	-0.0648609389	0.0040223704	-0.1192521267	-0.012048889	0.360368	-0.006222	3.871328400000007e-05	0.129865095424	0.434096	0.0424749999999999	0.0018041256249999	0.1884393372159999	0.109325	-0.0125049999999999	0.0001563750249999	0.011951955625	0.00495917	0.0002925099999999	8.55621000999996e-08	2.45933670889e-05	-0.000836308	0.000177192	3.1397004864000024e-08	6.99411070864e-07	0.00609911	0.0001217399999999	3.71991427921e-05	1.4820627599999884e-08	0.0	0.0	0.0	0.0	0.0	0.0	0.0	0.0	0.0	0.0	0.0	0.0	0.0	0.0	0.0	0.0	0.0	0.0
270.7061122159017	0.0391717184676281	73281.79919104838	0.0015344235277071	237.61267241948767	0.7995627741270255	56459.78209433075	0.6393006297697048	200.30610200134973	-0.1377338133837042	40122.534498975125	0.018970603349217	198.7404107226816	291.21079521366306	1.081594	24.814112	0.1379845499999999	0.0645391	0.0233599748	-0.0163547988	0.0440846811	-0.0414256586	0.0057797559	-0.0029991101	-0.0789484289	0.0335833403	0.0884057852	-0.0018677898	-0.0498498966	0.0175571765	0.0158382638	-0.1054451783	0.013919309	0.0956139411	0.0129185217	-0.021308267	-0.0721881256	-0.1012258295	0.1284625087	0.0570558884	-0.0078224157	0.0473539964	0.0310881708	0.0847054168	0.0366263232	0.0002722518	0.0770427675	-0.0970710211	0.0441776797	-0.0297362982	0.0048986064	0.0263326363	0.1320615814	-0.043390087	-0.0622169599	0.0815709971	-0.1287753188	-0.0597792041	0.024241157	0.0074084816	0.1656157098	0.0533025431	0.0423435378	0.1267466845	0.046776862	-0.0364432642	0.015052764	-0.1091814001	0.0223480709	0.0992304511	0.0072481566	-0.0471007959	-0.0390370231	0.0006698752	0.1743760891	0.01389131	-0.0376229528	0.016527189	0.0289637922	0.082133154	-0.0110053694	0.0500180334	-0.0464763688	0.082778349	-0.0851459192	0.0072705819	-0.0035686985	-0.0035218121	0.1315753369	0.0344989248	-0.0309352251	-0.081713288	0.0928386312	0.0958200809	0.0292972616	0.1357204267	-0.0898671213	-0.0664781854	-0.0329996809	-0.0223984879	0.1323446354	-0.0302375398	0.0165659561	0.0785561356	0.0585365721	-0.0029533678	0.0339518424	0.0558306769	0.0049621055	0.048172277	0.0382591942	0.1041406602	-0.1201049838	0.0292154624	-0.0284304979	-0.0917274337	-0.1266936575	0.0924459437	0.0154605265	-0.018254453	-0.051664094	-0.0253595609	-0.0594439659	-0.0697657162	-0.0296175646	-0.010677118	0.0013410152	-0.1194927693	-0.0040223704	0.362992	0.0026239999999999	6.885375999999789e-06	0.1317631920639999	0.404524	-0.0295719999999999	0.0008745031839999	0.163639666576	0.147995	0.0386699999999999	0.0014953688999999	0.0219025200249999	0.00582083	0.00086166	7.424579556000004e-07	3.38820618889e-05	-0.000439837	0.000396471	1.5718925384100004e-07	1.93456586569e-07	0.00601487	-8.423999999999932e-05	3.6178661116900006e-05	7.096377599999885e-09	0.0	0.0	0.0	0.0	0.0	0.0	0.0	0.0	0.0	0.0	0.0	0.0	0.0	0.0	0.0	0.0	0.0	0.0
271.2046512322493	0.4985390163475927	73551.96285000599	0.2485411508208252	237.4646927314469	-0.1479796880407775	56389.48029404048	0.0218979880726458	200.3981594767408	0.0920574753910727	40159.42232166524	0.0084745787753779	198.94007321705803	291.8622394739522	1.122467	25.751808	0.2495930000000001	0.142403	0.0181928887	-0.0008405796	0.0102546642	-0.0460344148	0.018234401	0.1241294562	0.0481468904	-0.0947031611	0.0087865955	0.1105057697	-0.0375052852	-0.0649399903	0.0191814233	-0.1334941689	-0.0551113198	-0.0814516281	-0.0581826308	-0.0873944549	0.0009079933	-0.0416857015	-0.1272233361	-0.0060598061	0.0057310245	-0.0183167475	-0.0928197168	-0.0647331042	-0.0130022561	-0.1258302915	0.1049553017	-0.0151270122	-0.1198203125	0.0036114483	0.0277898779	-0.0404991554	0.0160309391	0.0824818474	-0.0518934511	0.0861783586	-0.0090465678	0.0607993552	0.0294730659	-0.0559863948	-0.0282324035	-0.0798417911	-0.1010974434	-0.0660488608	0.1254221573	0.0787896179	0.0149831184	-0.1307809494	-0.0623536703	-0.0932024451	-0.0489705486	-0.0867618305	0.0309054149	-0.1140655867	-0.0815295979	0.0222294946	0.0069841764	0.0202797846	-0.0473652279	-0.1163877865	0.0934006003	0.0487732488	0.0487115099	0.1282916697	0.0929724116	0.0162975446	-0.0205952969	0.0341077871	0.0286817209	-0.061729125	0.0350231859	-0.1199167005	-0.0204976855	-0.0060478862	0.0528031161	-0.0562914628	0.0489405634	0.028260642	0.0820698473	0.1489679451	-0.0107613537	-0.1016352523	0.0156082422	0.089425125	0.0251701665	-0.0315532931	0.0292642729	0.0743188015	0.041496314	-0.0197360375	-0.0764056214	0.1049618692	0.0990878533	-0.0731460079	0.0518876926	-0.114974655	0.0956748224	0.0710908018	-0.0492178462	0.0822882319	0.085650777	-0.0266629057	-0.1281749003	0.0234379452	0.1294032137	-0.0077242682	-0.0013410152	-0.1194927693	0.0040223704	0.325042	-0.0379499999999999	0.0014402024999999	0.1056523017639999	0.531248	0.126724	0.016058972176	0.282224437504	0.0974396	-0.0505553999999999	0.0025558484691599	0.00949447564816	0.00544153	-0.0003792999999999	1.4386848999999998e-07	2.96102487409e-05	-0.000600529	-0.000160692	2.582191886400001e-08	3.6063507984100003e-07	0.00586759	-0.00014728	3.44286124081e-05	2.1691398400000152e-08	0.0	0.0	0.0	0.0	0.0	0.0	0.0	0.0	0.0	0.0	0.0	0.0	0.0	0.0	0.0	0.0	0.0	0.0
271.3668823865387	0.1622311542893726	73639.98485618952	0.0263189474220622	237.64002400410325	0.1753312726563649	56472.78100867077	0.0307410551713005	200.56743519714124	0.1692757204004351	40227.29606155945	0.0286542695170862	199.0093479156494	293.3750691580524	1.186881	27.22961	0.3609481500000001	0.20571	0.05478776	-0.0031148985	-0.0033970387	-0.0528398246	-0.0257460414	-0.0021103644	0.1358931622	0.0591753281	0.0599030708	-0.075140937	-0.1098512241	0.0351207744	0.0159196838	-0.1115439	-0.088656499	0.0955777145	0.101459325	0.0432723085	0.0397599575	-0.019443316	0.1539334208	0.0478654999	0.06120396	0.0585626599	-0.028709071	-0.0323289241	0.0180206527	-0.0108680927	-0.0958403825	-0.0483147493	-0.0732823063	0.0623010549	0.1388393873	-0.1391647626	-0.0149605219	-0.0425461938	0.1934313007	0.040488309	-0.02674864	-0.0134796419	-0.0572515474	-0.1903643071	-0.0480880894	0.0175379089	-0.0296647448	-0.0848363148	-0.0427176205	-0.082147721	0.015064322	-0.1107600898	-0.0794143716	0.1139713847	0.0879882531	0.073002634	0.0127327649	0.0404453915	0.1266819124	-0.0232795272	-0.001357432	0.0841777558	0.0660073035	-0.0543425527	-0.0214552498	0.0263211039	-0.0710246563	-0.0343009126	0.1031082685	-0.0672577391	-0.1344570633	0.1357737392	-0.0028550341	-0.0148236153	-0.1249107292	0.0619271562	-0.020864924	-0.0179987056	-0.0098574493	0.0547791565	0.2521078537	-0.0426493595	0.0229808331	-0.003708368	-0.0660845428	0.0893794154	0.0492278705	0.093059067	0.0470661181	-0.0129217625	0.0536968656	0.1022596957	0.0202574909	0.0722436009	-0.0533558254	0.0144241242	-0.1297397517	-0.0432954687	-0.0823833093	0.1127484298	-0.1174735678	0.1161773416	-0.0076312464	-0.0934256255	-0.0050698246	-0.0759614876	0.0302351556	-0.0268588561	0.0575112749	-0.039304446	-0.0040223704	-0.1192521267	0.012048889	0.329004	0.003962	1.5697444000000166e-05	0.108243632016	0.362477	-0.168771	0.028483650441	0.131389575529	0.200847	0.1034074	0.01069309037476	0.040339517409	0.00582083	0.0003792999999999	1.4386848999999998e-07	3.38820618889e-05	0.000564806	0.001165335	1.358005662225e-06	3.1900581763600005e-07	0.00601911	0.00015152	3.62296851921e-05	2.2958310400000145e-08	0.0	0.0	0.0	0.0	0.0	0.0	0.0	0.0	0.0	0.0	0.0	0.0	0.0	0.0	0.0	0.0	0.0	0.0
270.4260170082651	-0.9408653782735996	73130.23067495448	0.8852276600339237	239.13043959533115	1.490415591227901	57183.36714105632	2.221338634575213	200.1453329978333	-0.4221021993079148	40058.154320813584	0.1781702666605786	198.6166389476652	291.88968023911787	1.116592	25.617037	0.38447995	0.206271	0.0106692847	-0.0236059562	0.0027478194	-0.0338229895	0.0324019979	-0.0552286561	0.0504222429	0.1424277868	0.0854426061	0.0559369724	-0.0615897452	-0.0373088804	-0.0210873139	-0.072816178	0.0049058828	0.1272961684	0.0309844453	-0.0346174213	0.0651134112	-0.0702618701	-0.0523718587	0.0490425391	0.0322748429	-0.0525868677	-0.0968165421	0.102587987	0.0202056315	-0.0469220933	0.1479358119	-0.1137690334	0.0295891846	0.1918779215	0.1183787097	-0.0091116105	0.0074595488	0.0914668362	-0.0213244292	0.0430393939	0.0187973276	0.0814134644	-0.0375894316	0.0280529101	-0.0731856521	0.0441922079	-0.1717908229	0.1032512535	-0.0790149706	0.0070503037	-0.0200643961	-0.0706206247	0.0111540259	0.1210142213	0.0068158709	0.01120347	0.0612206431	-0.0825552421	0.015260122	0.0658477504	0.0286648165	0.0095118722	-0.0907057298	0.0364492004	0.0059611403	0.0918101403	-0.0209628344	0.1890309035	0.015094842	-0.2367392836	-0.0704854923	-0.003053298	0.0441019932	-0.0699939702	0.0132163822	-0.0665072505	0.0160366676	-0.073676957	-0.0029344972	-0.1169382351	0.0137199532	-0.0231609236	0.165719922	-0.109013544	0.0609888889	-0.0540738445	-0.0043532383	0.0446908459	0.0071554428	-0.0429647676	0.0001537654	0.092427582	0.086520564	-0.0403012216	0.0099163209	0.0266379788	-0.0920934539	-0.0582648977	0.0010527175	-0.0607330152	-0.0855290008	0.0143445654	-0.123266195	-0.0320824693	-0.0276817534	0.0025523418	-0.1198582849	0.136942595	0.0131138921	-0.0503962907	-0.0067017003	-0.1187713263	0.020020823	0.384673	0.0556689999999999	0.0030990375609999	0.1479733169289999	0.527738	0.165261	0.027311198121	0.278507396644	0.11646	-0.084387	0.007121165769	0.0135629315999999	0.00637839	0.00055756	3.108731536000004e-07	4.06838589921e-05	0.000647175	8.2369e-05	6.784652160999999e-09	4.188354806250001e-07	0.00696244	0.00094333	4.847557075360001e-05	8.898714889000001e-07	0.0	0.0	0.0	0.0	0.0	0.0	0.0	0.0	0.0	0.0	0.0	0.0	0.0	0.0	0.0	0.0	0.0	0.0
269.53792823845737	-0.8880887698077231	72650.6947590798	0.788701663058595	235.64153795604463	-3.4889016392865244	55526.93441029002	12.172434648616198	200.11931817232428	-0.0260148255090371	40047.74150575596	0.0006767711462656	198.52739555970143	287.0247370651498	1.199657	27.522726	0.2110192	0.128784	-0.042878294	-0.0394486604	0.0358836757	0.033119495	0.0375061725	-0.0290805436	-0.2104850353	0.0036242161	0.0255099966	-0.0367978649	-0.0237193762	-0.024521144	-0.025420796	-0.0450531928	0.0747146449	0.0366730743	-0.0120877649	-0.0549124775	-0.0994909096	0.0362601952	-0.0078058762	0.1230355323	0.1091444811	-0.1076358539	0.1395748381	-0.0100976124	-0.0246163692	-0.108912695	0.0646678539	0.0453495535	0.03203778	0.0286402161	-0.0307481923	0.1138884987	-0.0796216163	-0.0891525564	-0.0508911579	-0.1064971172	-0.09833216	0.0040615616	-0.0767329991	0.0620362682	0.068438465	-0.0860681864	-0.0814065875	0.0317862416	0.0150073017	0.0207187076	-0.028351957	-0.0466160278	0.0833578606	0.0317229717	-0.0026814442	-0.1069829638	-0.0580288552	0.0784777471	-0.0027002255	0.1378952615	0.0723067042	-0.0752299217	0.1385917794	-0.0115268035	0.0806730465	0.0211540868	0.0862516092	0.0673137295	-0.0048118794	-0.0362039418	0.0289151594	-0.0832195405	-0.0627847614	0.1136855824	0.0110814009	0.0553537919	0.1219543568	-0.1095939675	0.0150162859	0.0799009789	-0.0869893866	0.067349442	0.1094511721	0.0253226909	0.029818351	0.000331772	-0.0492005971	0.0045787	-0.017163359	-0.0268407764	-0.013821093	0.0372223425	0.0565175998	-0.0198652892	0.0580111534	0.0660210053	-0.126505123	0.0716512106	0.0693122569	0.1034497374	0.0418281431	0.1070474675	0.0490734243	-0.0867575451	0.0016236197	-0.0301034166	0.0019460032	0.0629731871	-0.1527731672	-0.0672817898	-0.0093776556	-0.1180513362	0.0279020578	0.461539	0.0768659999999999	0.0059083819559999	0.213018248521	0.523349	-0.004389	1.926332100000077e-05	0.2738941758009999	0.128894	0.012434	0.000154604356	0.016613663236	0.00692099	0.0005425999999999	2.9441475999999985e-07	4.79001025801e-05	0.000744119	9.694399999999996e-05	9.398139135999993e-09	5.53713086161e-07	0.0086695	0.0017070599999999	7.516023025000001e-05	2.9140538435999997e-06	0.0	0.0	0.0	0.0	0.0	0.0	0.0	0.0	0.0	0.0	0.0	0.0	0.0	0.0	0.0	0.0	0.0	0.0
270.7312421467725	1.1933139083151332	73295.40547433437	1.423998083778338	234.9035614472401	-0.737976508804536	55179.683180597305	0.5446093275473315	200.31298221834712	0.1936640460228318	40125.29084520785	0.0375057627219335	198.84803181090768	289.3791511987046	1.196532	27.451019	0.31502455	0.162137	-0.0862763868	-0.0431319324	-0.0037687847	0.0137547483	0.0470846731	0.1388420908	-0.0305015042	-0.0671956143	-0.1234589342	-0.0512471495	0.0990090752	-0.1116926042	-0.0367850683	0.0008294286	0.0788052623	-0.0869353265	-0.0759922032	-0.0285162569	0.0541387121	-0.0074697633	0.074340959	0.0304459723	0.0663916982	-0.0558672563	-0.0136200203	-0.0579223381	0.0124109297	-0.0010043708	-0.0367002801	0.1151081304	0.033909173	-0.0798489069	0.0016138353	0.0593672178	-0.0100370323	-0.0959620866	0.0800550212	-0.0813344067	-0.0695118312	-0.0264456068	-0.1020646011	0.0150681946	0.0310807005	-0.0338089374	0.0919376557	-0.1445194319	-0.1396280464	0.0446203284	-0.0365230874	0.0020623102	0.0589366243	-0.1035062206	-0.0683004956	0.0144630632	0.0676545987	0.054071303	0.0728055431	0.0400607851	0.0605914926	-0.0152699129	0.0157504238	-0.0583257122	-0.0318199707	-0.0072816026	0.0970244033	-0.076013107	-0.010236741	0.0636263328	-0.0276298771	-0.0583152553	-0.023189808	0.0803489354	-0.0613843818	0.1055817302	0.0350467126	-0.0697146932	-0.0358173562	0.1109989518	0.0075932954	0.0348136868	-0.0707348142	-0.0477941553	-0.1855735184	-0.025101271	-0.0909727017	-0.0295609898	-0.0193617294	0.0210214371	0.014656222	0.0390063343	0.030725339	-0.0555479272	-0.0542393299	-0.0063571493	0.1043276461	0.0326462821	0.023670006	0.042050796	-0.0910499367	0.0383313407	0.0300512443	-0.0812331586	-0.0225393112	-0.0449327449	-0.0906841267	-0.0857514206	-0.0872890177	0.0090674358	-0.012048889	-0.1170936064	0.0356568892	0.542114	0.080575	0.006492330625	0.293887588996	0.595195	0.071846	0.005161847716	0.354257088025	0.12122	-0.007674	5.889027600000022e-05	0.0146942883999999	0.00762117	0.0007001799999999	4.902520323999998e-07	5.80822321689e-05	0.000284008	-0.000460111	2.1170213232100002e-07	8.066054406399999e-08	0.0106078	0.0019383	0.00011252542084	3.7570068900000017e-06	0.0	0.0	0.0	0.0	0.0	0.0	0.0	0.0	0.0	0.0	0.0	0.0	0.0	0.0	0.0	0.0	0.0	0.0
271.3476105825316	0.6163684357591137	73629.52576884923	0.3799100486001366	237.2931948553158	2.389633408075696	56308.06032464287	5.710347824991465	200.87463635346737	0.56165413512025	40350.61953013775	0.315455367497676	199.3436128916302	294.1764648950297	1.025754	23.533022	0.23806355	0.109536	-0.1235201682	-0.0032621712	-0.0324770369	0.0747219612	0.0871546255	-0.0875548449	0.0953508387	0.0582561499	-0.0890965912	-0.005653125	0.0360106223	-0.0218184053	-0.119430711	0.0545209241	0.0077375454	0.0464497643	0.1107965711	0.0375930304	0.1383484684	-0.0424602771	-0.0252788109	-0.0206289091	0.0031908262	-0.013576846	-0.0407377346	-0.1080520995	-0.0039744152	-0.0626518009	-0.0087301911	-0.0309504863	0.0136235147	0.0003656649	0.0524113196	0.0346412334	-0.0809450244	0.028467185	-0.0150838314	0.0497798473	-0.0745420812	-0.096113748	-0.1548066043	0.0255136456	-0.0017065903	0.0585983185	0.0780159838	-0.013273473	-0.0846506806	0.0593155883	-0.1169755053	0.0582665264	0.0115954759	0.0535623297	0.0911023394	0.1144233317	0.0858778796	-0.0745773678	-0.018848988	-0.0081017897	0.0221052669	0.0021673298	-0.0035843933	-0.1131527346	0.0284205915	0.0098240979	-0.0053578161	0.0090607916	-0.0240990502	-0.0181363634	-0.0565154166	-0.0193894612	-0.0734956633	-0.0025304689	-0.0307664727	-0.0650470622	0.0681708492	-0.0810813224	-0.1509597844	0.1084734788	-0.0053511601	-0.0275547868	-0.0659054985	-0.0759770832	-0.0387132319	-0.0558997355	-0.1155145644	-0.038021074	-0.0384857601	0.0704481818	0.0044373399	0.0259055606	-0.0130770841	-0.0872097614	-0.0393532595	-0.1120465883	-0.0292960698	-0.1117894729	-0.0260891031	0.0659765784	-0.019532775	-0.0192744907	-0.0381933502	-0.0081826498	0.0184077821	0.007670364	-0.0048065094	-0.0262674252	-0.0275103548	0.0277913289	-0.0147140554	-0.1159000657	0.043250186	0.583651	0.041537	0.001725322369	0.340648489801	0.665278	0.070083	0.004911626889	0.4425948172840001	0.103457	-0.017763	0.000315524169	0.010703350849	0.00714565	-0.00047552	2.261192704000001e-07	5.10603139225e-05	-0.000433683	-0.0007176909999999	5.150803714809998e-07	1.8808094448900002e-07	0.0115882	0.0009803999999999	0.00013428637924	9.611841599999989e-07	0.0	0.0	0.0	0.0	0.0	0.0	0.0	0.0	0.0	0.0	0.0	0.0	0.0	0.0	0.0	0.0	0.0	0.0
270.63676820099624	-0.7108423815353717	73244.26030227977	0.5052968913868789	237.1025963010667	-0.1905985542490782	56217.641172706615	0.0363278088818388	200.8757321027749	0.0010957493075238	40351.05974782578	1.2006665449390503e-06	199.31920465305225	291.6019585346021	0.865562	19.857868	0.1123925499999999	0.0519488	-0.1254705566	-9.46207e-05	0.0306446333	0.1102361861	0.1006425013	-0.1542011495	0.015339442	0.1163970776	-0.0226721872	-0.1130620297	0.055441527	-6.33341e-05	-0.137461639	0.0674683052	0.0402098931	0.1150824913	0.1218231166	0.0564707009	0.0401609569	0.0691213058	0.0132344514	0.0032413476	-0.0662028662	0.0230664905	0.0893422987	0.010014805	-0.0019861267	0.0040984532	0.0302509152	0.0536173333	-0.0211931802	0.0213586175	-0.0077963117	0.0783331402	0.1275102975	0.0521792132	0.0063981915	0.0761821674	-0.0395890902	0.0704941716	-0.0171998369	-0.2020644844	-0.0716423878	-0.0462956942	0.0395837866	-0.0034948341	-0.0004270358	0.0048400624	-0.1344840938	0.0681443931	0.05083207	0.1246400855	0.098849103	0.0900026463	0.0188051676	0.0507703606	-0.0455381018	-0.0305560044	-0.0633568805	-0.0322403284	0.0642665948	0.0425706349	0.0205642088	-0.0116799266	0.0360314114	0.0027861736	0.0242035532	0.0024562899	0.0630766997	-0.0828260037	0.1236179342	-0.0539435416	-0.0477375616	-0.0840492551	0.0068181103	-0.0128022089	0.0533855187	0.0162488798	0.1934493372	0.0306097681	-0.0460898491	0.0056650974	0.0164271362	-0.0339431724	-0.1146961218	-0.0192882126	-0.0273544984	0.1025556987	-0.0024547454	-0.0074850281	-0.0435448615	-0.0664384477	0.0384856771	-0.0637235633	-0.073175252	-0.0590608682	-0.0147028582	0.0218131897	0.0155509873	-0.0307178928	0.0139393969	0.016252897	0.0324616404	0.0677295279	0.0326104942	-0.0658593886	-0.1014660711	0.1443738866	-0.0173718128	-0.1144731177	0.0506475487	0.603115	0.0194639999999999	0.0003788472959999	0.3637477032249999	0.643403	-0.021875	0.000478515625	0.4139674204089999	0.105773	0.002316	5.363856000000058e-06	0.011187927529	0.00659236	-0.0005532899999999	3.0612982409999965e-07	4.34592103696e-05	-0.000909244	-0.000475561	2.2615826472100007e-07	8.26724651536e-07	0.0119341	0.0003458999999999	0.00014242274281	1.1964680999999977e-07	0.0	0.0	0.0	0.0	0.0	0.0	0.0	0.0	0.0	0.0	0.0	0.0	0.0	0.0	0.0	0.0	0.0	0.0
269.9993159278975	-0.6374522730987451	72899.6306015326	0.406345400478757	236.47471881818169	-0.627877482885026	55920.29264013809	0.3942301335140361	200.303555251437	-0.5721768513379004	40121.51424636547	0.3273863492069538	198.7446025995544	288.63660062360736	0.7911559999999999	18.150833	0.0635878499999998	0.0310927	-0.1115516082	-0.0175987912	0.0731768905	0.1082914243	0.087339523	-0.1254337225	-0.0599188324	0.1267826445	0.0030369002	-0.028373286	0.0601418473	-0.0718094381	-0.0961380173	0.0534614484	0.1079001196	0.0970081577	0.081869082	-0.0626076587	-0.0295464882	0.020892302	-0.0041313724	-0.0155604374	-0.0528427358	-0.0019109534	0.0472072858	0.0711989199	0.0392656804	-0.0369968021	-0.0283348551	0.0015412591	-0.0681101808	0.1155079145	-0.0616391397	0.0997161713	-0.0534102416	-0.0648324428	0.0094219869	-0.0019410608	0.0381062717	0.0012222153	-0.0580288978	0.0093439822	-0.0580097966	-0.0118963807	0.0498770476	-0.0175627715	-0.0299944775	-0.0511059101	-0.0950751906	0.0529687699	0.1195342821	0.0993126131	0.0638829112	-0.047096619	0.0224596621	-0.0077857397	-0.0197772761	-0.0232007428	-0.0422720162	-0.016952372	0.0228746539	0.068551979	0.0407490126	0.0664917916	-0.0260034638	-0.0097326665	0.0958049951	-0.072231373	0.0960107591	-0.0629136818	-0.0513732953	0.0672288717	-0.0355585009	0.02560402	-0.0014658926	-0.0466939228	-0.0571943226	-0.0265925256	-0.0028301221	0.0178361991	-0.0465143839	-0.0135250178	-0.0219706087	0.0948730902	-0.1116279903	-0.0204217412	-0.0271480286	0.0996294888	-0.0124391869	-0.0083693066	-0.0467256853	-0.0505849477	0.0715438297	-0.0262118138	-0.0868078578	-0.0284184028	-0.0050198154	-0.0167617363	-0.0573383812	0.011254101	-0.0232214219	0.0320107774	0.0271191358	0.0386996484	0.0234258504	-0.0651835385	-0.1248626856	0.126536268	-0.020020823	-0.112815636	0.0578154653	0.600101	-0.0030139999999999	9.084195999999764e-06	0.360121210201	0.631148	-0.0122549999999999	0.0001501850249999	0.398347797904	0.129328	0.0235549999999999	0.0005548380249999	0.016725731584	0.00697429	0.0003819299999999	1.4587052489999997e-07	4.86407210041e-05	-0.000989091	-7.984700000000008e-05	6.3755434090000124e-09	9.783010062810005e-07	0.0119676	3.350000000000054e-05	0.00014322344976	1.1222500000000363e-09	0.0	0.0	0.0	0.0	0.0	0.0	0.0	0.0	0.0	0.0	0.0	0.0	0.0	0.0	0.0	0.0	0.0	0.0
269.6948530045229	-0.304462923374615	72735.3137371312	0.0926976717098166	235.75539626350889	-0.7193225546728002	55580.6068673641	0.5174249376610036	200.00133362396588	-0.3022216274711127	40000.53345136491	0.091337912111288	198.45011722440185	284.8188423879449	0.820073	18.814247	0.1262875999999999	0.071598	-0.0821892609	-0.0581201428	0.0637491264	0.1098033269	0.0814122501	-0.0212376511	-0.0837861179	0.121437511	0.0016077156	0.0834539774	0.0038796495	-0.1494856438	-0.0575241796	0.0248738474	0.1232030976	0.073363303	0.0050355003	-0.1243993778	0.0206194302	0.045171477	-0.096960416	0.0299240948	-0.0737399456	-0.0746480202	0.0063955948	0.0138200831	0.0370531201	-0.0133735829	-0.005762319	0.0457588614	0.0502775254	-0.0338051136	-0.0818173646	0.0770275509	0.0443528083	-0.0091841638	0.0686474358	0.0821168258	0.0808680628	0.001781096	0.0802273397	0.0196905037	-0.0020948416	0.0458848501	-0.094631482	0.1525796737	0.081625914	0.1888233044	-0.0570490853	0.0234437391	0.1312370029	0.0635847712	-0.0035583759	-0.0843961953	0.0922830993	-0.0009290869	-0.0925552653	0.0531025013	-0.0338267667	-0.0861989929	-0.0399454646	0.0097502394	0.0047315064	0.0452892634	0.0373405155	-0.0371385307	-0.0380678685	0.0317593301	0.0603692072	-0.0656402149	0.0244575354	0.0019375672	-0.1092547975	-0.0151714461	-0.0869611951	0.0660229737	0.003761185	-0.0839791888	-0.0292737545	-0.0430048079	0.0925858869	0.0064205374	0.1633601308	-0.1882852468	-0.0837460185	-0.0161122135	-0.0180424825	0.0648054977	-0.0202253263	-0.0008855355	-0.0118563981	-0.0586079345	0.0791814963	0.0067232677	-0.0708340188	-0.0380270038	0.0071778409	-0.0499821048	0.0285729984	0.0016178659	-0.0879435731	0.0037093652	0.039555636	0.0899419587	-0.0473342237	-0.0466739247	-0.064940771	0.0210314982	-0.0226597522	-0.1109309587	0.0647214634	0.562854	-0.037247	0.001387339009	0.3168046253159999	0.644484	0.0133359999999999	0.0001778488959999	0.4153596262559999	0.135659	0.006331	4.008156100000004e-05	0.018403364281	0.00709048	0.0001161899999999	1.3500116099999892e-08	5.02749066304e-05	-0.000736309	0.000252782	6.389873952400006e-08	5.421509434809999e-07	0.0109491	-0.0010185	0.0001198827908099	1.0373422500000006e-06	0.0	0.0	0.0	0.0	0.0	0.0	0.0	0.0	0.0	0.0	0.0	0.0	0.0	0.0	0.0	0.0	0.0	0.0
269.97624054447004	0.2813875399471612	72887.17045852555	0.0791789476375152	234.85783899886687	-0.8975572646419607	55158.204539217695	0.8056090433115587	199.9710448754604	-0.0302887485054839	39988.4187885834	0.0009174082860284	198.40905618526108	285.8291145818209	0.9211180000000002	21.132429	0.1431647499999998	0.0779871	-0.0797718347	-0.0231747127	0.0685867785	0.0712863177	0.026735378	0.0482015154	-0.1965452502	0.0108787961	-0.0190636449	-0.0368046409	-0.0124980486	-0.0537071422	-0.0265388095	0.0157937842	0.114758377	0.0031913622	-0.0439294257	-0.0941044183	-0.0884932058	0.0223566815	0.0606400026	0.0434304189	0.0516554512	0.0144408811	0.1135482817	-0.047158077	0.0726151604	-0.011660665	0.0506109132	0.0558087978	0.0248837035	0.03397643	-0.0027848315	-0.0115926525	0.0091883442	-0.0033005261	-0.0177441136	-0.0011949969	-0.0241288911	0.0910378156	0.0434644821	0.0407570529	0.115440847	0.1584284608	-0.0667298844	0.0058525288	0.0706485802	-0.0620144757	-0.029317327	0.0135968029	0.1185087608	-0.0076568106	-0.0403657795	-0.1209741089	-0.0120777229	0.0584034096	0.0439835986	0.0213416895	0.0029994847	-0.0019137644	0.1330747096	-0.0110580719	-0.0343271194	0.0248236018	0.0876086812	0.0091822481	-0.0187648164	-0.0115796213	0.011602721	0.0058833954	0.0207921587	-0.0099229148	0.0085764005	0.0079954001	0.0712481942	-0.0213158008	0.0721599328	-0.0383020533	-0.0893743981	-0.188170771	0.0310565691	0.046072606	0.0543764342	0.0949985639	-0.0723496913	-0.0060386572	-0.0168391771	0.0554065801	-0.0149137483	-0.0347415764	-0.0273095585	-0.0098418579	0.105156548	0.0586867627	-0.068480431	0.0564616447	0.0390928386	-0.0175113643	0.0198392869	0.052699266	0.0506983649	-0.0241737041	0.0540414388	0.0124821091	6.90549e-05	-0.0559044918	-0.0806124092	0.0582947006	-0.0252872714	-0.1088228812	0.0713342571	0.560319	-0.0025349999999999	6.426224999999767e-06	0.313957381761	0.580403	-0.0640809999999999	0.0041063745609999	0.336867642409	0.165338	0.029679	0.000880843041	0.027336654244	0.00674822	-0.0003422599999999	1.1714190759999973e-07	4.55384731684e-05	-0.000909244	-0.000172935	2.990651422500001e-08	8.26724651536e-07	0.0105269	-0.0004221999999999	0.00011081562361	1.7825283999999945e-07	0.0	0.0	0.0	0.0	0.0	0.0	0.0	0.0	0.0	0.0	0.0	0.0	0.0	0.0	0.0	0.0	0.0	0.0
271.16860717736097	1.1923666328909237	73532.4135185099	1.4217381872316384	235.8840303662457	1.0261913673787717	55641.27578182392	1.053068722482713	200.35283894992148	0.3817940744610837	40141.260075293176	0.1457667152935955	198.83634589616904	288.76636589297044	1.147487	26.325836	0.2094583	0.10264	-0.0297800139	0.0210207673	0.0734004135	-0.0202313708	-0.0014295607	0.1508461233	-0.0735750308	-0.048686474	0.0187017626	-0.0162725273	0.1104840191	0.0110267228	-0.0153384428	-0.0047472893	0.0457894288	-0.1349662047	-0.0484353531	-0.0544978882	-0.057485424	0.0550534169	0.0665442162	-0.104687621	-0.0365131805	0.028442309	-0.1114640512	-0.073460221	-0.0032135749	0.1690476932	-0.0571545241	0.0623812926	0.0624999213	0.0075116761	-0.0242565096	0.0596392282	0.0042903862	-0.0975065217	0.0330376524	0.0124612877	0.0306821822	0.0301211318	0.0251804003	0.0899483129	-0.0489802694	0.0724745439	-0.1065291358	0.0200787253	0.1177552432	-0.0360637856	-0.0139462213	-0.005705329	0.0418224072	-0.1351476663	-0.0158632518	-0.0815754595	-0.0005081297	0.0638584717	0.0151936704	-0.1228552749	0.0003605588	0.0398577098	-0.1173587049	-0.0560545819	-0.1338264549	-0.1053236488	0.0032250496	-0.1185618804	-0.0542222308	-0.0120000034	0.044012177	-0.0624356838	0.0161099832	0.0908686526	-0.0454930211	0.0382699737	-0.0121831421	0.0100364762	-0.0303505161	-0.1125056968	-0.0447805489	-0.0593651949	0.0824845693	0.0969751965	0.0845225766	0.0474519034	-0.0361193567	0.0389388845	0.0234673418	0.0704731098	0.0121944745	-0.114507562	-0.0692445433	0.0559116378	0.0561254433	0.0942226683	0.12979911	0.032314207	0.0160038983	-0.0675251642	-0.0202206405	-0.1451861403	-0.0200701273	-0.0538287478	0.0072152483	0.0752976475	-0.0618512841	-0.1553015178	0.0153250342	0.0303279739	-0.0279020578	-0.1064956489	0.0776238888	0.542656	-0.0176629999999999	0.0003119815689999	0.294475534336	0.53613	-0.044273	0.001960098529	0.2874353769	0.172002	0.0066639999999999	4.440889599999967e-05	0.0295846880039999	0.00540401	-0.00134421	1.8069005241000003e-06	2.92033240801e-05	-0.00148159	-0.000572346	3.2757994371600005e-07	2.1951089281e-06	0.00962629	-0.00090061	9.266545916409998e-05	8.110983721000024e-07	0.0	0.0	0.0	0.0	0.0	0.0	0.0	0.0	0.0	0.0	0.0	0.0	0.0	0.0	0.0	0.0	0.0	0.0
271.32046975210454	0.1518625747435749	73614.79730650267	0.0230622416077478	237.7992833898037	1.9152530235579943	56548.499180704166	3.66819414424804	200.8011774447481	0.4483384948266291	40321.11286319722	0.2010074059434073	199.3767623674976	293.60842443988923	1.044885	23.971914	0.089797	0.0433056	-0.0270149359	0.0856678468	0.0628629185	-0.0172255091	0.0059192425	0.0246422812	0.0475474444	-0.109917493	-0.0134160575	-0.0295852728	0.052372171	0.1155450825	-0.0350091946	-0.0307644001	-0.0913367851	-0.0914628601	-0.0048133198	0.0607169175	0.0419294022	0.1661270721	0.0040026079	-0.0680130558	0.0917691104	0.0809586897	0.0496008454	-0.0938822673	0.0164754979	0.1786524527	-0.0728931515	0.0777446954	0.0301081173	0.1159644612	-0.0194502844	-0.1176939834	0.1873635765	-0.1799922352	-0.0860944984	0.0929442919	-0.0634971608	-0.1014833621	-0.0224447401	0.0463837843	-0.028566578	-0.0631542713	0.1078860403	-0.0516607257	0.0543314939	0.1145516597	-0.0340784352	-0.0265316551	-0.1069401971	-0.0941950353	0.0086939656	0.0800467648	0.0179630451	0.1246088521	-0.1125965455	-0.0671818222	0.0446807196	0.0684259001	0.0868434272	-0.0212263097	-0.1564273239	-0.1310308579	0.0383991457	-0.1339615215	0.0115769663	-0.1025046308	0.0469829344	0.125770196	0.2006731982	0.1405194179	-0.0279493041	-0.080326564	0.0193497986	0.1258430951	-0.0619417131	0.0472265993	-0.0442675826	0.0976610115	-0.111592457	0.0894264008	-0.0551045733	-0.1295630061	-0.02510518	0.0615609058	0.0144864801	0.0673839872	0.0106449645	-0.1314007239	-0.084697901	0.085381473	-0.0317437535	0.0351100568	0.10963584	-0.0681205298	0.0440037588	0.072092904	0.1613790006	-0.1141408829	0.0569694278	-0.0098787002	0.0713440173	0.0579844303	0.0238257515	-0.0817286852	0.0016359667	0.1134220039	-0.0305027946	-0.1039539485	0.0835618648	0.513249	-0.029407	0.000864771649	0.2634245360009999	0.552057	0.015927	0.000253669329	0.304766931249	0.17611	0.004108	1.6875664000000003e-05	0.0310147320999999	0.00504639	-0.0003576199999999	1.2789206439999962e-07	2.5466052032100003e-05	-0.00168124	-0.00019965	3.98601225e-08	2.8265679376000003e-06	0.00937646	-0.0002498299999999	8.79180021316e-05	6.241502889999976e-08	0.0	0.0	0.0	0.0	0.0	0.0	0.0	0.0	0.0	0.0	0.0	0.0	0.0	0.0	0.0	0.0	0.0	0.0
270.8656268428895	-0.4548429092150172	73368.18780499148	0.2068820720631804	235.71796371363385	-2.0813196761698407	55562.958417302005	4.33189159441173	200.56164258369475	-0.2395348610533574	40224.97247586972	0.0573769496598512	199.07271099373563	292.13803951814083	0.975648	22.383472	0.0957329999999999	0.0723002999999999	-0.0095293633	0.0867274941	0.094209224	-0.0309495259	0.033615004	0.0815745687	0.0520472614	-0.0357598358	-0.0069500889	-0.1572209209	-0.012583365	0.0038477272	-0.0393478119	-0.0099214968	-0.0433741273	-0.0236215069	-0.0463918277	0.0973799093	0.1107776379	0.1175714117	0.1434276414	0.0214149063	0.0286393711	0.1212350998	0.018241706	0.096261943	-0.0721043526	0.0967261517	0.0638905698	0.0588356328	0.0181150385	0.0910696398	0.0544382816	0.0586727006	-0.1141635325	0.0316312827	0.0093553712	0.1086173594	0.05900294	0.0646629777	-0.144994581	0.0092038142	-0.0633660086	0.1233374808	0.0839465032	-0.1272443162	0.2256053795	-0.1047404815	-0.0384841678	-0.0105273229	-0.055394355	-0.022525678	-0.0540335731	0.1412223074	0.0527777411	0.1438714826	0.0503130079	-0.0520726524	-0.0442230717	0.142492092	0.006388009	0.1282782117	-0.0505299413	-0.1054686336	0.054221344	0.0361494348	0.0243243325	-0.102998281	-0.0021204061	-0.0761444879	-0.0938709115	-0.0153678006	-0.0654064001	-0.1123287167	-0.0270327057	-0.1304594506	-0.0778368635	-0.077668142	0.024920208	-0.0975739947	-0.1285572977	0.2062837269	0.0021543755	0.1301797576	-0.0184028872	0.0761122779	0.0107373358	0.0665414716	0.0293602377	-0.1478681006	-0.1070583023	0.1047418625	-0.0542835866	0.0015898969	0.1004730902	-0.1025651792	-0.0307615598	0.0176948416	-0.1016441344	-0.1157070048	0.0682954338	-0.0062326468	-0.0001330692	0.0296017846	-0.0124881098	-0.1252167647	0.0331775983	0.0855752842	-0.0330881723	-0.1012028987	0.0891212848	0.505511	-0.0077379999999999	5.987664399999864e-05	0.255541371121	0.48114	-0.070917	0.005029220889	0.2314956996	0.179626	0.003516	1.2362256000000134e-05	0.032265499876	0.00497798	-6.841000000000052e-05	4.679928100000071e-09	2.47802848804e-05	-0.0016405	4.074000000000005e-05	1.6597476000000036e-09	2.6912402500000003e-06	0.00921437	-0.00016209	8.490461449689999e-05	2.6273168100000052e-08	0.0	0.0	0.0	0.0	0.0	0.0	0.0	0.0	0.0	0.0	0.0	0.0	0.0	0.0	0.0	0.0	0.0	0.0
270.72506237071946	-0.1405644721700696	73292.05939562994	0.0197583708364502	236.77320825600927	1.055244542375419	56061.55214784353	1.1135410442131082	200.48144997136225	-0.080192612332496	40192.81178261983	0.00643085507271	198.9702891001716	290.2035412244604	0.980685	22.499041	0.18088055	0.0929642	-0.0026522013	0.1101899786	0.0976096036	0.0054425449	0.0609169479	-0.0340068168	0.0929986991	0.0124148727	0.0790790953	-0.0781798622	-0.0091567321	-0.0242986182	-0.0403029167	-0.0177920538	-0.0734961833	0.0213878394	-0.0300353083	0.032902494	0.0581352504	0.1004403443	-0.113798081	0.1153948725	0.0240045596	0.0132750912	-0.0794208298	-0.0364760163	0.1252759468	0.0465671452	-0.0218002902	0.0807101693	0.1390121615	0.0757906815	0.0023684632	-0.0347812982	-0.0136584834	0.0169117298	0.0595974432	0.0576438969	-0.0199557141	-0.060114123	0.00982975	0.0496106169	-0.0629476274	-0.066518387	0.0596859449	0.1070054049	0.1182546581	-0.0586550238	-0.0414208413	-0.0199764444	-0.0779652216	0.0277573063	-0.0264946138	0.0427721931	0.0226448205	0.0496762116	-0.1249324182	0.1223096091	-0.030614776	0.0501113688	-0.0461544948	-0.0571362088	-0.1206587039	0.067881857	0.0754212905	-0.0912706856	-0.0786567286	-0.0906911811	-0.0162336725	0.0185887036	-0.0364635918	-0.0537406251	-0.0773366501	-0.0124105516	0.0203681646	0.0762919111	-0.0434412175	-0.027131071	-0.0185743408	0.1146931238	-0.0439330884	0.0692215272	0.1291726132	0.0616805868	-0.0162360247	0.0944415844	-0.0290056345	0.039564211	0.025162101	-0.1174457153	-0.0280199692	0.0666739691	-0.03131383	-0.0598692432	-0.0300523253	-0.1982991466	0.0568058702	0.0368662988	0.0443066898	-0.0973049344	0.0144745641	-0.0095105086	0.0650508305	0.0484973276	-0.0179904202	0.0163936194	0.0744745491	0.0432005082	-0.0356568892	-0.0982480398	0.094276963	0.475372	-0.030139	0.000908359321	0.225978538384	0.520269	0.0391289999999999	0.0015310786409999	0.2706798323609999	0.114395	-0.065231	0.004255083361	0.013086216025	0.00497798	0.0	0.0	2.47802848804e-05	-0.000798899	0.000841601	7.08292243201e-07	6.382396122010001e-07	0.00912834	-8.60299999999991e-05	8.332659115560001e-05	7.401160899999844e-09	0.0	0.0	0.0	0.0	0.0	0.0	0.0	0.0	0.0	0.0	0.0	0.0	0.0	0.0	0.0	0.0	0.0	0.0
270.6868584345013	-0.0382039362181672	73271.37532913974	0.0014595407425617	236.7580378025393	-0.0151704534699774	56054.36846410862	0.0002301426584847	200.09952391997945	-0.3819260513828055	40039.819473002426	0.1458675087248614	198.54664258645624	289.94747210214064	0.958682	21.994232	0.197212525	0.0921847	0.0026678363	0.1056703989	0.101134017	-0.0151005603	0.0145394063	-0.0440934589	-0.0173411024	0.0302188941	0.0711358386	-0.1437882681	-0.0908669189	-0.0339018072	-0.0223731302	-0.0019757652	-0.0223698657	0.0602276923	-0.0283526854	-0.092613864	0.0172205446	0.056181815	0.0714194516	0.1006584909	0.0486267396	0.0798088202	0.0400627507	0.0700809655	0.0433607799	0.0131325891	0.0296181934	-0.0419530555	0.0568412701	-0.0723766754	0.0098916078	-0.028168887	0.0131450401	0.0535739434	0.0034525919	0.0418594489	0.0404493753	-0.0514095325	0.0691897837	0.0465076391	0.0276087902	-0.0526059647	0.0827810293	-0.0127807647	-0.0362957243	-0.17145748	-0.0227203919	-0.0050113382	-0.018966721	0.0643420702	-0.0295812664	-0.0690339937	0.0714200094	0.0773246047	0.0416127496	0.0461566556	-0.039260794	0.0925966385	0.0641238615	0.074350471	-0.042167802	0.0378991636	-0.0191096562	0.045060615	-0.0663316052	0.0442510682	-0.0448167939	0.0136829673	-0.0057565552	-0.066640573	-0.0153556455	-0.0348339131	-0.0336734767	0.0737323069	0.0256980995	0.0138835314	-0.0475261728	0.076424135	-0.0521196311	-0.0398203522	-0.0179675797	0.187864676	-0.0078058137	0.0911850922	-0.0243306164	0.0273559415	0.032171611	-0.1066199351	-0.0011521274	0.0850854586	0.0280310543	-0.0321924494	-0.1181893419	-0.0783446193	0.0554303315	-0.0243206935	-0.1010370322	0.0199843949	0.0898683084	-0.0538610814	-0.0152441955	0.0030677229	-0.022483429	-0.0522329989	0.0340164383	0.1135159117	-0.0382076517	-0.0950953223	0.0990055431	0.467193	-0.0081789999999999	6.689604099999987e-05	0.218269299249	0.46757	-0.0526989999999999	0.0027771846009999	0.2186217049	0.150894	0.036499	0.001332177001	0.022768999236	0.00606527	0.00108729	1.1821995441000006e-06	3.67875001729e-05	6.47615e-05	0.0008636605	7.459094592602502e-07	4.194051882250001e-09	0.00908258	-4.576000000000059e-05	8.249325945639999e-05	2.093977600000054e-09	0.0	0.0	0.0	0.0	0.0	0.0	0.0	0.0	0.0	0.0	0.0	0.0	0.0	0.0	0.0	0.0	0.0	0.0
271.1893291331384	0.5024706986371257	73543.65223568167	0.2524768029888812	236.8140437452099	0.0560059426705947	56080.89131495818	0.0031366656144219	200.0029540435443	-0.0965698764351543	40001.18162614409	0.0093257410347009	198.4716696866542	291.9587963193125	0.961031	22.048128	0.177892225	0.0961518	0.0136177028	0.0745471909	0.0383151104	-0.0382749825	0.0231838296	-0.0510499165	-0.063424068	0.0238034645	0.1288118632	0.0627469728	-0.020546592	-0.001764437	0.0170121642	-0.0052355443	0.0043906613	0.0267763173	-0.0116429323	-0.1332250003	-0.0569029789	-0.0761320124	0.0500395139	0.0531675381	0.0245470162	0.0651044247	-0.1400557392	-0.0339046599	0.0949785924	0.0099158593	0.0021863864	-0.1144431019	0.027178237	-0.1782794413	0.0194881454	-0.0273127722	-0.0451964715	0.1293900487	0.0690478811	0.0600481702	0.0625883585	0.0333561075	0.0549331742	-0.0516785056	0.024786328	-0.0085032147	0.0955015611	0.0893651661	0.0368939358	0.0143965967	0.0166712803	-0.0062156251	0.0086462704	0.0322264238	-0.0098497365	-0.1349220206	0.0302706937	-0.0500792858	0.097348839	0.0262225832	-0.0357241556	0.1117376924	-0.0476840663	-0.0852050686	-0.0652612258	0.0967144879	-0.0934865917	0.0314692452	-0.0843387571	0.1311470535	-0.0801049202	0.0038205188	-0.0593212297	-0.1188860573	-0.0137055897	-0.046023153	-0.0871970917	0.0311858854	0.0585899003	-0.0242391886	0.0515431487	0.0220634318	-0.0906325995	-0.0195119361	0.0920275556	-0.0418320748	0.003442815	0.0656836787	-0.0284216565	-0.0116267809	0.0132222975	-0.0504567652	0.0383128087	0.0283563841	0.0585775318	0.0161214341	-0.0832553155	-0.054154382	0.0360776483	-0.113807494	-0.1108316139	0.001356643	-0.0728107906	-0.0765244498	-0.0723093554	0.0038950705	-0.0847839565	0.0526064198	0.0645046782	0.0358258091	-0.0407391756	-0.0917510955	0.1032856033	0.440669	-0.026524	0.000703522576	0.194189167561	0.548841	0.081271	0.006604975441	0.301226443281	0.161595	0.0107009999999999	0.0001145114009999	0.0261129440249999	0.00675643	0.0006911599999999	4.777021455999995e-07	4.56493463449e-05	0.000126726	6.196449999999999e-05	3.839599260249998e-09	1.6059479075999997e-08	0.00864778	-0.0004347999999999	7.478409892840001e-05	1.890510399999992e-07	0.0	0.0	0.0	0.0	0.0	0.0	0.0	0.0	0.0	0.0	0.0	0.0	0.0	0.0	0.0	0.0	0.0	0.0
271.09224998731673	-0.0970791458216808	73491.00800318582	0.0094243605534671	237.64016526258445	0.8261215173745597	56472.848146028446	0.682476761469245	200.2144976191648	0.2115435756205101	40085.84505689455	0.0447506843863105	198.6740236423844	291.92503765154146	0.8838399999999998	20.277206	0.0679162999999999	0.0368675	0.0251545216	0.071624154	0.021761344	-0.0340879309	0.0194932223	-0.0429097229	-0.1016267775	-0.0271508646	0.0849492206	0.1461423417	-0.0513438045	0.0701494806	0.0084045124	-0.0394095484	-0.0167130633	0.0290869697	0.0523259615	-0.0694213109	-0.1098324131	-0.0169923207	-0.0724198756	0.0620947023	0.0676603358	0.0385772612	-0.114987432	-0.14562572	0.0755374211	0.0689730078	-0.0252487897	-0.0664494238	0.0034639282	0.0192679005	0.0459824498	-0.0986249724	-0.0327968903	0.0216196699	-0.0317736851	-0.1982570602	-0.070881126	0.0184501311	0.0734132821	-0.0180516793	0.0011639527	0.0301106962	-0.0590900082	-0.0270295207	-0.0019508341	0.0123829445	0.0084189012	-0.0384145148	-0.0087148781	0.0351086127	0.0575468057	-0.103997793	-0.0454978289	-0.0396014621	-0.0337720354	0.0724526386	-0.0022382691	0.0686608292	-0.0087170419	-0.1677533524	-0.1206656633	0.0236019077	-0.0542351881	-0.0189325115	-0.0177916208	-0.0370368514	-0.0444472145	0.07532718	-0.0066671862	-0.0054891687	0.1768788875	0.1320037877	0.0770832124	0.0180263061	0.0346978314	-0.0091153053	0.0312653745	-0.031966221	0.0305678938	0.0126086844	-0.0326847671	-0.0476637577	0.0168733271	0.0576510118	-0.0217164323	-0.0192259353	0.0045159391	-0.0407922539	0.0555479686	0.0544228541	0.0966516521	0.0351462677	-0.1070698959	0.007998524	0.0730574826	0.0060528352	0.0681351494	-0.0059204649	-0.018712397	-0.0855566957	0.0362578177	0.0854280525	-0.0469413221	0.1289547206	0.1001364582	0.0543917467	-0.043250186	-0.0882220943	0.1070977539	0.437797	-0.0028719999999999	8.248383999999917e-06	0.1916662132089999	0.556539	0.0076979999999999	5.925920399999973e-05	0.309735658521	0.18719	0.025595	0.000655104025	0.0350400961	0.00664421	-0.0001122199999999	1.2593328399999928e-08	4.41455265241e-05	0.000595562	0.000468836	2.1980719489600002e-07	3.546940958440001e-07	0.0087017499999999	5.396999999989979e-05	7.572045306249827e-05	2.9127608999891834e-09	0.0	0.0	0.0	0.0	0.0	0.0	0.0	0.0	0.0	0.0	0.0	0.0	0.0	0.0	0.0	0.0	0.0	0.0
270.6944992027017	-0.3977507846150274	73275.51189860147	0.1582056866618699	237.6830099202409	0.0428446576564454	56493.21320474533	0.001835664689698	199.94291375744027	-0.2715838617245367	39977.1687618152	0.0737577939492123	198.38536166012813	290.36769749415134	0.909649	20.869318	0.1597263999999999	0.0704282	0.0485848338	0.0515866089	0.0223025977	-0.0894389432	-0.0178235936	0.0424489494	-0.0923465969	-0.0847943984	0.0830988798	0.0556080311	-0.0150188164	0.0710511677	0.0334406674	-0.04083178	-0.0151673072	0.0136893242	-0.0632459843	-0.0426836871	-0.1977664408	0.0157771205	0.0486311484	-0.0574931743	-0.0115230871	0.1046011248	-0.0259296819	-0.0233070673	0.0415981744	0.0406234611	-0.0131804913	-0.0614192575	-0.0865816187	-0.1181567955	0.0047905345	-0.0801240092	0.0296669017	0.0066617873	0.0170756117	-0.0719750772	-0.0067509853	0.0841722001	0.0493115045	0.0454358925	0.1589620271	-0.009112107	0.0660327715	0.0774717137	-0.176796573	0.0686570936	0.0318971015	-0.0425993153	-0.0048993822	0.0107816592	-0.0469647134	-0.153168779	-0.1278891444	0.0201152761	0.0354543243	-0.091440152	-0.0498886982	0.082322774	-0.0002721211	-0.0056962905	-0.0487281114	-0.0034894756	-0.058480613	0.0088581474	0.0193506497	0.130592796	-0.0450898231	0.0884770713	0.0353117652	-0.0188022239	0.0396820697	0.0750231	0.0100003748	-0.0148449893	0.1159098801	0.0336700513	-0.0929487846	-0.0107446233	-0.0522377874	-0.1553695929	0.0018036703	-0.0659385492	0.0389002649	0.0537286936	0.0020018966	-0.0336776792	-0.0221316005	-0.0282473592	0.0653350562	0.0572540998	0.0813607011	0.0913591423	-0.0054604438	0.0971909218	0.0605277086	0.0020965411	-0.0408858993	0.0428422337	0.018979823	-0.1099511554	-0.03177399	-0.0240642103	-0.0640679466	0.0763393184	0.07730173	0.0595140393	-0.0457394187	-0.0845154255	0.1104247249	0.414183	-0.0236139999999999	0.0005576209959999	0.171547557489	0.546378	-0.0101609999999999	0.0001032459209999	0.298528918884	0.235916	0.0487259999999999	0.0023742230759999	0.0556563590559999	0.00715933	0.00051512	2.653486144e-07	5.12560060489e-05	0.00102658	0.000431018	1.8577651632400006e-07	1.0538664964e-06	0.00810338	-0.0005983699999999	6.56647674244e-05	3.580466568998806e-07	0.0	0.0	0.0	0.0	0.0	0.0	0.0	0.0	0.0	0.0	0.0	0.0	0.0	0.0	0.0	0.0	0.0	0.0
270.40198494509804	-0.2925142576036705	73117.23346224903	0.0855645909014265	237.1597432245182	-0.5232666957226968	56244.743806319406	0.2738080348525493	200.1872348451796	0.2443210877393369	40074.92899495909	0.0596927939141327	198.6655669056697	288.62393954924323	0.943358	21.642677	0.1916754499999999	0.0967902	0.03454731	0.0309992214	0.0236776987	-0.0740979824	-0.0056483207	0.1017916113	0.062511085	-0.1036335227	0.0527947632	0.0638891948	-0.0160574192	-0.0546869468	0.0158221831	-0.0241808395	-0.054063553	-0.062233131	-0.0703494065	-0.0334742436	-0.0299218736	-0.0512818778	-0.0081562931	-0.0612041716	0.0074218616	-0.0318280112	-0.0504529412	-0.008965421	0.0766054734	-0.035446852	0.0900134815	0.0136979024	0.0955958242	0.0718929195	0.0247179396	0.0071353919	0.0098850764	-0.0440615403	-0.0065681761	0.0076631957	0.0551037509	0.1131648404	0.1978831234	-0.1065110346	-0.0095291597	-0.0430985337	0.1191890912	-0.0055483367	0.0287660968	0.0510261838	0.0134665999	-0.0230411337	-0.0575384553	-0.064484131	-0.0585765718	-0.0573404452	-0.0163732875	-0.0499780249	0.00965679	-0.0465626981	0.0538683185	-0.0199376023	-0.0331928698	-0.0424232345	-0.0140025736	0.0830320681	0.0637541078	0.0361654472	-0.0668286892	-0.0965582872	0.015363308	-0.0229784255	0.0191326342	0.0032566477	0.0132383953	-0.0006565757	-0.0413694351	0.0893773091	0.2012456438	-0.0918820036	0.0794347023	0.0068317971	-0.1463629369	0.0430141506	0.0189887992	-0.0447240562	0.0173992431	0.043851231	-0.0094557976	-0.0197648106	-0.0101490077	-0.0391364565	0.0785284288	-0.0042963767	0.006929421	0.0565122793	0.1319338986	0.0153091348	0.0819770712	-0.0070834563	-0.0147187618	0.0083962161	-0.0175948282	-0.095707538	-0.0176356914	0.0594651583	-0.1659081928	0.0458875351	0.1632054965	0.0761107614	-0.0482056202	-0.0806385538	0.1132514443	0.431539	0.0173559999999999	0.0003012307359999	0.186225908521	0.615037	0.0686589999999999	0.0047140582809999	0.3782705113689999	0.205587	-0.0303289999999999	0.0009198482409999	0.042266014569	0.0070913	-6.803000000000017e-05	4.6280809000000235e-09	5.028653569e-05	0.000585271	-0.000441309	1.947536334810001e-07	3.42542143441e-07	0.00910067	0.0009972899999999	8.28221944489e-05	9.945873440999992e-07	0.0	0.0	0.0	0.0	0.0	0.0	0.0	0.0	0.0	0.0	0.0	0.0	0.0	0.0	0.0	0.0	0.0	0.0
270.4113616905076	0.0093767454095541	73122.30453131451	8.79233544755945e-05	236.72719165343275	-0.4325515710854404	56039.76326812108	0.1871008616484828	200.2056326804505	0.0183978352708891	40082.29535697946	0.0003384803426547	198.7299704282857	289.9002737300225	1.070068	24.549681	0.2573690499999999	0.123094	-0.0055441405	0.0459197457	0.0027468295	-0.0184891416	0.0273312196	0.0139786415	0.1100962952	-0.1070672563	-0.0017282394	-0.0754479743	0.0146370477	0.0323228274	-0.0219000796	0.0145814426	-0.0518858649	-0.0249944027	-0.0681836703	-0.0370036755	0.1009910847	0.0967365065	0.0145262963	0.1460556882	0.1651879858	-0.002796274	0.1415279239	-0.074971765	0.0444264492	-0.0294001508	0.0171889899	-0.0619739138	0.0777292584	0.1161133172	0.1378063553	-0.0829189568	0.1065991761	-0.0314359998	-0.0579389546	0.0267704657	0.0642942195	-0.0221410924	0.0550220435	0.0562507154	0.0675897242	-0.0586759371	-0.0607165788	0.0091471786	0.0121944372	0.0401381567	-0.0232647371	0.0136929307	-0.0666997972	-0.0326922755	-0.0654709575	0.0250982332	0.1076587712	0.116594809	-0.034615749	0.1272606819	0.0478405319	0.0232569104	0.2108281667	-0.0460663835	-0.0358176474	0.0188871956	-0.0013296455	0.0426857248	-0.042765561	-0.1562539009	-0.1240986497	0.0691463641	0.1134935817	0.007263226	0.0144780539	-0.0290006702	-0.038611782	0.0442351441	0.0646701571	0.0084245495	-0.1076985528	0.0214110627	0.0675256414	0.0127219554	-0.0235094215	-0.0036834947	-0.0210203152	0.0140568498	-0.0637202329	-0.0292151682	0.0067769365	-0.0496149248	0.0498692287	0.0267576665	-0.0948431976	-0.0479500045	0.0569167096	-0.0136697573	0.0251126385	0.1703967814	0.037633501	0.1048495637	0.0927245376	-0.0890887312	0.0355330233	-0.1120314971	-0.0177610009	0.0408947223	0.0515748001	-0.037655002	-0.0506475487	-0.0765992869	0.1155651064	0.480973	0.0494339999999999	0.0024437203559999	0.2313350267289999	0.567569	-0.0474679999999999	0.0022532110239999	0.3221345697609999	0.170579	-0.0350079999999999	0.0012255600639999	0.029097195241	0.0085331499999999	0.0014418499999998	2.078931422499709e-06	7.281464892249828e-05	0.000735872	0.000150601	2.2680661201000033e-08	5.41507600384e-07	0.0100174	0.0009167299999999	0.0001003483027599	8.403938928999987e-07	0.0	0.0	0.0	0.0	0.0	0.0	0.0	0.0	0.0	0.0	0.0	0.0	0.0	0.0	0.0	0.0	0.0	0.0
270.7896383779649	0.3782766874572871	73327.02825286899	0.1430932522736581	235.98852983305727	-0.7386618203754836	55690.58621276776	0.5456212848804232	200.35281278661	0.1471801061595101	40141.2495915064	0.0216619836491246	198.8168336715472	291.361965541548	1.12854	25.891151	0.4165524	0.201639	-0.0688914087	0.055033296	-0.0037977469	0.0330073882	0.0846735541	-0.0525795308	0.0417237138	0.0062448883	-0.0159682406	-0.0305852721	0.0017472604	-0.1484021317	-0.0845724218	0.1043022134	0.0149832226	0.032177704	-0.0426075469	-0.0788015809	0.0914246157	-0.048197569	0.0378576865	-0.0327464591	0.0043019553	0.0202640322	-0.0016700405	-0.0056562134	-0.002574885	-0.0105731353	0.0571627956	0.0104474231	-0.09112884	-0.0847307988	0.0374541592	0.100300398	-0.0067730795	-0.0096144138	0.0475939173	-0.1079552924	0.0181801573	0.1241073104	-0.2357169375	0.0674244474	0.0821989255	-0.0450116616	0.0158736336	0.0763075858	-0.0772918269	-0.0325208746	-0.0839020138	0.1032563442	0.0150864458	0.0231957864	-0.0532751703	-0.0257849007	0.1060893428	-0.0498973996	0.0524912843	-0.0292035034	0.0155443872	0.0294911035	-0.0051168903	0.0111332042	-0.0011241915	-0.0074772168	0.0304409044	0.0730054654	0.0388781924	0.1050691062	-0.0269722609	-0.0697285748	0.0093037521	0.0157621812	-0.0400059773	0.0954851574	0.0242768067	-0.2724715461	0.0055794206	0.0688902251	-0.0853891868	0.0603757808	-0.0020575631	-0.0703481089	0.0404124202	0.0514900353	-0.0873608557	-0.0310232369	-0.1131100444	0.0311274724	-0.0183706772	-0.0049870532	0.0696072608	-0.0211213201	-0.0111268475	-0.1148259597	-0.0147471746	0.035210476	-0.0296439397	-0.0330945875	-0.1546510688	0.1661420789	-0.0012348669	-0.0333499492	-0.0336821168	-0.0790578449	0.0055213782	-3.48296e-05	0.0078218783	-0.017283852	-0.0530639746	-0.0724057592	0.1173552296	0.571309	0.0903359999999999	0.0081605928959999	0.3263939734809999	0.647699	0.08013	0.0064208169	0.419513994601	0.101417	-0.069162	0.004783382244	0.0102854078889999	0.0101278	0.0015946500000001	2.5429086225003195e-06	0.0001025723328399	0.00075681	2.0937999999999968e-05	4.383998439999986e-10	5.727613761e-07	0.0119403	0.0019229	0.0001425707640899	3.69754441e-06	0.0	0.0	0.0	0.0	0.0	0.0	0.0	0.0	0.0	0.0	0.0	0.0	0.0	0.0	0.0	0.0	0.0	0.0
272.1426374965747	1.35299911860983	74061.61514359208	1.8306066149589768	236.27797346477263	0.2894436317153577	55827.2807446198	0.0837776159405756	200.77803025046228	0.4252174638522774	40311.81743125555	0.1808098915649628	199.30173793532376	294.79388072810826	1.073345	24.624853	0.2234745	0.105436	-0.1001985999	0.0952635864	-0.0398140853	0.0408018491	0.0854315755	0.0107763821	-0.0218868964	-0.0695116776	-0.0398773046	0.053961366	0.0944002204	-0.0875149318	-0.1169478905	0.1146591042	-0.0044118573	-0.1410624865	-0.0088623663	-0.0886987637	0.0132989109	-0.0278793831	0.0281957577	-0.1466887557	0.0312175663	0.0033785035	-0.0800916922	-0.0757368647	-0.0591200464	-0.0353914086	0.0392065854	-0.0595301374	-0.0725537311	0.0420680171	0.0197124179	0.141269712	-0.0135135132	0.033517776	0.0175756031	0.0021274296	-0.0272893491	-0.0455160585	-0.1241115877	-0.043558917	0.1402062161	0.1285133351	0.0310839625	-0.0940771012	0.00117159	-0.0388422054	-0.1137072965	0.1200738001	-0.0104106003	-0.1364591832	0.0176214896	-0.0674269523	0.0649474351	-0.0494037483	0.0121578682	-0.129289404	0.0638928086	0.0489766026	-0.0468297098	-0.0935842038	0.0349396521	-0.0470416637	-0.0538929786	0.0692875382	0.0558284204	-0.0368716121	0.0220965574	-0.1127791396	-0.0241489201	-0.0379158829	-0.0468263922	-0.0028963968	0.008339755	-0.0914816878	-0.0407476364	0.1667805355	-0.0431702245	-0.1562298821	-0.0721186716	0.0248172019	-0.0635691591	-0.0165552141	-0.1091523676	-0.0417111263	-0.1288279395	0.0634030696	0.0020885105	-0.0314249382	0.051167163	-0.015745647	0.0274998352	-0.0561496694	0.108628069	0.1152971131	-0.0264806265	-0.0241012715	0.0205079838	0.057664122	-0.1248491026	0.0084580846	-0.0450114406	-0.0565405689	0.0506025671	0.0489610764	0.0971837844	-0.0208503079	-0.0554536812	-0.0680664159	0.1186137044	0.629218	0.0579090000000001	0.003353452281	0.395915291524	0.700457	0.0527579999999999	0.0027834065639999	0.490640008849	0.0547651	-0.0466518999999999	0.0021763997736099	0.00299921617801	0.0100885	-3.929999999999906e-05	1.5444899999999259e-09	0.00010177783225	0.000152998	-0.000603812	3.6458893134400004e-07	2.3408388004e-08	0.0126203	0.00068	0.0001592719720899	4.624000000000001e-07	0.0	0.0	0.0	0.0	0.0	0.0	0.0	0.0	0.0	0.0	0.0	0.0	0.0	0.0	0.0	0.0	0.0	0.0
271.9522460292984	-0.1903914672762994	73958.02412038005	0.0362489108116221	237.1810238029384	0.9030503381657696	56254.838052210034	0.8154999132613107	200.9224059594448	0.1443757089825226	40369.81321653194	0.020844345344206	199.39499959747587	298.9858045806043	1.084946	24.891008	0.1482222349999999	0.090466	-0.1264402463	0.1182711857	-0.0839943242	0.0625145005	0.1155860846	-0.1305238081	0.1300329447	-0.0811103222	-0.0883403438	-0.0285321721	0.0815542555	0.0708371163	-0.1454436587	0.1465513837	-0.0419495921	-0.0342381419	0.0824620618	-0.0653922327	0.1027933996	0.0581323462	0.050400159	-0.0524977459	-0.0058996494	-0.098605448	-0.0391433985	0.0334294879	-0.0051326627	-0.0312137491	-0.056610082	0.0277197703	0.0049809738	-0.1136190611	0.0130487846	0.046183721	0.0741727082	-0.0855659992	0.0438208075	0.027151036	-0.0804599612	0.02574053	0.0652766501	-0.016926864	-0.0668907046	-0.0712372471	0.0900486538	0.0374441095	-0.0131768509	0.0016076214	-0.1439746361	0.1481288416	-0.0391154159	-0.018196144	0.0862614005	0.0083621615	0.122798374	0.0751079367	0.0046197943	-0.0326092037	0.0757865466	-0.0565198449	-0.0590643646	-0.0022311011	0.0592069993	0.0345736766	-0.0090392915	-0.0460127361	-0.0037031539	0.1093370415	-0.0212651156	-0.0452782991	0.0798412478	0.0655195816	-0.0781546795	0.021845983	0.0396917473	0.0606341559	0.0430478498	-0.0279421528	0.0684004588	0.0963738649	-0.0852029529	-0.02395282	-0.0053300923	-0.0429902899	-0.1200186197	-0.0593038655	-0.1327373209	0.0992410914	0.0136438991	-0.0127978464	0.0040048283	-0.0042092897	-0.0431214935	-0.1540674145	0.0690671594	0.0594368743	-0.0652001794	0.1439515891	0.0670609797	0.0426516077	-0.0630571091	0.0731955613	-0.052838069	-0.0538126229	0.0976799328	-0.0436725406	-0.0145776099	-0.0134870253	-0.0578154653	-0.0635899959	0.1193348294	0.669058	0.0398399999999999	0.0015872255999999	0.4476386073640001	0.699937	-0.0005199999999999	2.703999999999635e-07	0.489911803969	0.0771440999999999	0.0223789999999999	0.0005008196409999	0.0059512121648099	0.00999793	-9.056999999999989e-05	8.20292489999998e-09	9.99586042849e-05	-8.82967e-05	-0.0002412947	5.822313224809e-08	7.79630723089e-09	0.0139981	0.0013778	0.0001959468036099	1.8983328400000009e-06	0.0	0.0	0.0	0.0	0.0	0.0	0.0	0.0	0.0	0.0	0.0	0.0	0.0	0.0	0.0	0.0	0.0	0.0
270.62540495978163	-1.3268410695167745	73238.1098096458	1.760507223756418	237.32911701443828	0.1480932114998836	56325.10978285294	0.0219315992923492	200.744841844682	-0.177564114762788	40298.4915272464	0.0315290148514925	199.1929687364165	293.10403806237923	1.072895	24.61454	0.0517005779999999	0.028185	-0.1313690741	0.0757404772	-0.0178832266	0.1302102144	0.1558011197	-0.2512515475	0.0176858933	0.1139824776	-0.028762252	-0.0278397136	0.0109846753	-0.0417541726	-0.1607593339	0.157955098	0.0126613744	0.1225242447	0.0597804124	-0.0120591139	0.0505510459	0.0673243768	0.0171292018	-0.033808848	-0.1011101031	0.0487519728	0.0268936033	0.0159035929	-0.0691328716	-0.1359404212	0.0759633808	-0.0032225531	-0.0768494886	0.0177592911	0.0361159869	-0.0622932292	-0.0224560619	0.0446510204	0.0773260672	-0.1263714322	-0.0204629798	-0.0100475923	0.0031061918	0.0959233816	-0.1153060627	-0.0061226751	-0.0042640091	-0.0388254582	0.0253810043	-0.0780866177	-0.1569072109	0.159459341	0.0263373944	0.1263684898	0.03964302	0.0321827878	0.0626685301	0.0234197345	-0.0380909119	-0.069665242	-0.0743075155	0.0164190996	-0.0047352848	0.0281396864	0.1504533018	-0.0039278487	0.0604885974	0.0847320313	0.0512933831	-0.0019498109	-0.0319293276	0.0487625483	-0.0122823756	-0.0604646052	0.0452872714	0.1431661071	0.0562044509	-0.0184931376	-0.108067414	-0.0882542446	0.001133181	0.0277367305	-0.0016261772	0.043811459	-0.0317912204	0.1291983688	-0.1246832766	-0.0631841772	-0.1315163213	0.1118095602	-0.0133759174	-0.0012315678	0.0046708524	-0.0168105524	0.0715397834	-0.162980573	-0.0439102691	0.0680792852	-0.0647084424	0.01142438	-0.0591506276	0.0638607974	-0.058939694	0.1340284906	-0.0033324016	-0.0613307965	0.1606291915	-0.0175957169	-0.0504346577	0.043968883	-0.0601481375	-0.0589855141	0.1195153378	0.680722	0.011664	0.000136048896	0.4633824412840001	0.716827	0.0168899999999999	0.0002852720999999	0.513840947929	0.0960628	0.0189187000000001	0.00035791720969	0.00922806154384	0.00999793	0.0	0.0	9.99586042849e-05	-3.73914e-06	8.455756000000001e-05	7.149980953153601e-09	1.39811679396e-11	0.0139981	0.0	0.0001959468036099	0.0	0.0	0.0	0.0	0.0	0.0	0.0	0.0	0.0	0.0	0.0	0.0	0.0	0.0	0.0	0.0	0.0	0.0	0.0
270.0309690304776	-0.5944359293040407	72916.72423553874	0.3533540740475584	235.8129155605654	-1.5162014538728954	55607.73114517434	2.2988668487262816	200.464311728822	-0.2805301158600173	40185.94027691032	0.0786971459044347	198.8584154112049	286.4961830395851	1.005866	23.076731	0.0493252929999999	0.02437	-0.1156690123	0.0114694082	0.0064254233	0.1329359259	0.0866892692	-0.0814574564	-0.1170242646	0.01572135	-0.0513425072	0.002743311	0.0997445293	-0.0852484701	-0.1298651784	0.150409288	0.1009472404	-0.0217349292	0.0357393124	-0.1208201411	0.0270573947	0.0483773873	0.0272371889	-0.1097946304	-0.0963203515	-0.0834796182	-0.0990135333	0.0622360148	-0.0304298589	-0.1041204554	-0.0635020397	0.06008128	0.0687880812	0.002817669	-0.0921506278	0.0009197563	0.0157742508	-0.0221968364	0.0865926563	-0.0995958563	-0.0667973195	0.0003264674	0.0343885318	-0.0817163606	0.0961029888	-0.0102394697	-0.0618281252	-0.0803734753	-0.016963981	-0.0804270546	-0.1275290618	0.1508378483	0.1144043741	-0.0158332516	0.0435845803	-0.0877970403	0.0887155827	0.0355578029	-0.0064580682	-0.0914557421	0.0363904082	-0.0592285253	-0.1572603265	0.0126820747	0.1168705161	0.0626385577	0.0401505619	-0.0776318455	-0.0393684621	0.0272565094	0.0685270436	0.0162395886	-0.028961818	-0.0236382826	-0.0444933746	0.1350728994	0.0616482183	0.01610308	0.083328342	0.0984761401	0.0506895748	-0.0401398002	0.0680514311	0.0064905546	-0.0763669588	0.0965974287	-0.1189580116	-0.0722270935	-0.1189924699	0.1157142748	-0.0209176954	-0.005861151	0.0125497132	-0.036284479	0.1087614529	-0.0831722615	0.0626303173	0.1645676531	-0.0289262447	-0.030192381	-0.0172162662	0.0328715489	-0.1544866091	0.0964992319	-0.0802197501	0.0364484859	0.0885617147	-0.0991055609	-0.036517199	-0.0656803847	-0.0624505233	-0.0542622434	0.1191544118	0.692878	0.0121559999999999	0.0001477683359999	0.480079922884	0.731596	0.014769	0.000218123361	0.535232707216	0.0985446	0.0024817999999999	6.159331239999962e-06	0.0097110381891599	0.00981828	-0.0001796499999999	3.227412249999998e-08	9.63986221584e-05	-3.9859e-05	-3.611986e-05	1.3046442864195996e-09	1.5887398809999999e-09	0.0141807	0.0001825999999999	0.0002010922524899	3.334275999999992e-08	0.0	0.0	0.0	0.0	0.0	0.0	0.0	0.0	0.0	0.0	0.0	0.0	0.0	0.0	0.0	0.0	0.0	0.0
270.09269520345555	0.0617261729779556	72950.06400226674	0.0038101204305045	236.3999929247024	0.5870773641370022	55884.95665479934	0.3446598314820502	200.35673084911733	-0.1075808797046704	40142.81959654564	0.0115736456780307	198.875779166066	287.70493003417204	1.285786	29.498707	0.50121115	0.339871	-0.0515166627	0.0616804953	-0.002626424	0.0632619582	0.0640775855	0.0022311564	0.0064472253	-0.1224673988	0.010210612	-0.0306598602	0.0089324577	-0.1455759906	-0.0410483461	0.0622937367	-0.0527008405	-0.0568841197	-0.15093991	-0.0224349448	-0.0226982104	0.1071905081	-0.1030884335	-0.0258113878	-0.0413257669	-0.1015640149	0.0455757797	0.0063473986	-0.1609774954	-0.0203360221	-0.0170548292	-0.0407768007	-0.182733269	-0.1270610304	0.0839456888	0.0937146772	-0.2062526745	-0.0676488487	0.0223711085	0.0233161135	-0.0079603092	-0.1528313351	0.0208183052	0.0413245522	-0.0190094711	-0.0062696581	-0.0274443496	0.0971974358	-0.0210004265	-0.0379116538	-0.0442936866	0.0622649868	-0.0654491643	-0.0750453145	-0.1383359641	-0.0494075516	-0.0043309528	0.0530113552	-0.1378350083	-0.0037099254	0.0007221989	-0.1016498183	-0.0226433723	-0.0004442699	0.1066328117	-0.1064522251	-0.0863572099	0.0874894686	0.159003793	0.1319159846	-0.1157356052	-0.0951303853	-0.1902859107	0.1201435701	-0.0038049365	0.0041670335	-0.0053849936	0.0966644874	-0.0963154576	0.029114135	-0.0149317424	0.0314435204	0.0431402474	-0.0754777088	0.0799196362	0.0001423565	-0.0359761948	0.0005308343	-0.1239209123	-0.0280952806	-0.0306895824	-0.0536527603	0.1076970726	-0.0041444126	-0.0561428223	-0.0015782025	0.1392194226	-0.0038528493	0.092950941	-0.0311842732	0.2142056877	0.2009319045	0.0757472438	0.1344729976	-0.0139404542	-0.0455058213	-0.0440467892	0.1174007799	-0.1036558363	-0.1774838652	-0.0647214634	-0.0494296957	0.1182536866	0.458736	-0.234142	0.054822476164	0.2104387176959999	0.717546	-0.01405	0.0001974025	0.514872262116	0.0731698999999999	-0.0253747	0.00064387540009	0.0053538342660099	0.00977425	-4.403000000000046e-05	1.93864090000004e-09	9.55359630625e-05	0.0003865	0.000426359	1.8178199688100002e-07	1.4938225000000001e-07	0.0100982	-0.0040824999999999	0.00010197364324	1.6666806249999993e-05	0.0	0.0	0.0	0.0	0.0	1.0	0.0	0.0	0.0	0.0	0.0	0.0	0.0	0.0	0.0	0.0	0.0	0.0
270.1997529656944	0.1070577622388668	73007.90650272228	0.0114613644555937	235.72506028187425	-0.6749326428281393	55566.30404489325	0.4555340723549766	200.33761908817647	-0.0191117609408593	40135.16162191929	0.0003652594062605	198.8285631242068	288.8987696283365	1.107805	25.415432	0.2259401499999999	0.10655	-0.0410291687	0.0443483534	-0.0203680467	0.0732571953	0.0483247777	-0.026466751	0.0813833891	-0.0695055462	-0.0599898207	-0.1570778261	0.0165696635	-0.1169596309	-0.0344954097	0.0682457352	-0.0613041795	-0.0069436038	-0.0981699348	-0.0625432698	0.1031719375	-0.0149625121	-0.0293280699	0.0986160588	0.0767210799	-0.0139555224	-0.0700798765	-0.0202697471	-0.1483122035	-0.0401643669	-0.0306288002	-0.0721583227	-0.0931177642	-0.1215544957	-0.0154945642	0.0873595042	0.0270424993	-0.0595391731	0.0484199942	-0.0680299612	0.0064610553	0.0709028768	0.1183600556	0.084241119	0.0599158403	-0.0701419388	-0.1030661875	-0.1276608203	-0.0930708674	-0.009731174	-0.0347365844	0.0656193051	-0.0715570332	-0.0078618488	-0.0991552783	-0.001280808	0.1115638311	0.000224697	0.0229993895	0.118154658	0.0366145786	0.0596755274	-0.0511764199	-0.0608382053	0.0909608368	-0.0695111752	-0.0947282843	0.0628012628	0.0498017598	0.1318152928	-0.0224730441	-0.049301036	0.0020111127	0.0692285023	-0.0380985579	0.1010662434	-0.0072442097	0.0263989789	0.1217802679	-0.0330291282	-0.0879668028	0.0191214781	0.1230794212	-0.0373597491	-0.1735531429	0.0012008942	-0.0295589743	-0.0393207222	-0.1089535067	-0.0184000255	-0.0309279656	-0.0424651467	0.0554787169	-0.0304791436	-0.0941165196	-0.1056075098	0.0145885315	-0.0593715539	0.0071760407	0.0115341657	-0.0488698874	0.1087989001	0.093637106	0.0743794854	-0.1213648503	-0.0958679292	-0.0150316843	0.0544185274	-0.111323582	-0.0788345216	-0.0669598143	-0.0444976032	0.1168172427	0.498386	0.03965	0.0015721225	0.248388604996	0.65597	-0.0615759999999999	0.0037916037759999	0.4302966409000001	0.134427	0.0612571	0.00375243230041	0.0180706183289999	0.0091955	-0.0005787499999999	3.3495156249999933e-07	8.455722025000001e-05	0.000778591	0.000392091	1.53735352281e-07	6.06203945281e-07	0.0103965	0.0002982999999999	0.0001080872122499	8.898288999999978e-08	0.0	0.0	0.0	0.0	0.0	0.0	0.0	0.0	0.0	0.0	0.0	0.0	0.0	0.0	0.0	0.0	0.0	0.0
270.7910404195252	0.5912874538307733	73327.78757148892	0.3496208530576788	236.7605845173703	1.035524235496041	56055.57438100684	1.07231044229966	200.2423313764565	-0.0952877117199761	40096.99127507861	0.0090797480048292	198.6758351396736	287.5309908093301	1.098968	25.212711	0.1800323499999998	0.107017	-0.0150913188	0.0491436021	0.0048861118	0.049130857	0.0027289092	-0.0727587055	-0.0518560424	0.0630089909	0.0411277061	0.0567463788	-0.0043112994	-0.0672241141	-0.0185009835	0.0909459812	-0.0043892784	0.0765691367	0.0270508749	-0.0983780778	-0.0589308546	0.0053196046	-0.0663279213	0.0806348007	-0.0679122026	0.0478636537	-0.0828608516	0.0053138643	-0.0258642382	-0.0754367319	0.1078460072	-0.0455344586	-0.1504600816	0.0080197645	0.0443975467	0.0764356561	-0.0476247111	0.0217168482	-0.0973462871	0.0517022622	0.178424826	-0.0386678788	0.0200088969	0.0527394047	-0.0429188733	0.2014243567	0.1164313655	-0.0670183887	-0.0979378256	0.1476353341	-0.0157588428	0.0881878076	0.0093400914	0.0857639388	0.0234934992	-0.1020622478	0.0228977976	-0.0280134538	-0.0408302531	0.0428322625	-0.1104408319	0.0409178794	-0.0584178166	-0.0382686364	0.0547479859	0.0484720188	-0.0075888344	0.1354255506	0.1091493269	-0.0105972699	-0.0212755833	-0.0845891492	-0.0477788355	0.0383112782	0.0940445343	-0.075145717	-0.1599507873	0.0310801392	-0.1077302635	-0.0668688479	-0.078848212	-0.1866470654	-0.1375504124	-0.1000769595	-0.0960188173	-0.1282559564	-0.0071243171	-0.0250668379	-0.0671451999	0.0004879619	-0.0177562824	-0.0769373097	0.0460705837	-0.0637578521	0.0962511915	-0.0685574932	-0.095134752	-0.0486238689	0.0766026148	-0.1479661569	0.028744169	-0.0174207564	-0.0071694554	0.0335294651	0.0355255559	0.0624685884	-0.0774305477	0.0308289558	0.0151091684	0.0413614019	-0.0691644489	-0.0394758984	0.1148515874	0.498595	0.000209	4.3681000000006167e-08	0.248596974025	0.674404	0.0184339999999999	0.0003398123559999	0.454820755216	0.163897	0.0294699999999999	0.0008684808999999	0.0268622266089999	0.00740978	-0.00178572	3.188795918400001e-06	5.49048396484e-05	0.000476154	-0.000302437	9.146813896900001e-08	2.2672263171600002e-07	0.00984627	-0.0005502299999999	9.69490329129e-05	3.0275305289999865e-07	0.0	0.0	0.0	0.0	0.0	0.0	0.0	0.0	0.0	0.0	0.0	0.0	0.0	0.0	0.0	0.0	0.0	0.0
271.1200747770398	0.3290343575146153	73506.09494710766	0.1082636084250556	237.27807718590844	0.5174926685381536	56300.88591304192	0.2677986619907392	200.5818909967807	0.339559620324195	40233.09499584441	0.1153007357547115	199.0192963461494	290.6751540650041	1.10731	25.404076	0.3275858	0.160713	0.050780218	0.0916086629	-0.0136833365	-0.0354158692	-0.0182335851	0.034473017	-0.0554494291	-0.1379762639	0.0391791015	0.0068261039	0.0008432652	0.0660486946	0.0007509418	0.0020122144	-0.0948314005	-0.0668127831	-0.0484369084	-0.0375734837	-0.1371354289	0.1277691133	0.0241202317	-0.0611885895	0.0996695849	-0.0625740387	-0.0036289489	-0.0051991891	0.0104825866	-0.0836497125	0.0905397829	-0.0641414485	0.0023829275	0.0192296219	0.0892038237	-0.0179378127	0.0631413037	-0.0441792312	0.0084585844	-0.0357138624	0.0230702899	0.0246033338	-0.0461254167	-0.0366326052	0.0290007368	-0.0204768925	0.0411628656	0.0690940957	0.0154937562	0.0723846092	-0.0005145596	0.0014644684	-0.0863226108	-0.0548098903	-0.0105697468	-0.1300375516	-0.0980231705	0.1263500668	-0.0467080213	-0.0550924168	0.101941678	0.0124318876	0.0115433681	-0.0332295321	0.0297922621	0.0440725298	0.002822977	0.1252697382	-0.0047159161	-0.0466197694	-0.0844316517	0.0156168962	0.0741019352	0.0144560215	-0.0150547489	0.0473120163	-0.0199537825	-0.0470351771	0.0119456442	0.0468698007	0.0023241454	0.0088258773	-0.0359201943	-0.000985248	0.068185877	-0.0211355118	0.0556673951	0.0186602909	-0.036243159	-0.049302983	-0.0268218633	-0.0789251313	0.0671186394	0.0087059231	0.0525991745	0.0246759985	0.0535505444	0.0576784696	0.1285170827	-0.0729858047	0.1040584414	-0.1039757427	0.074837143	-0.0324725171	-0.0630220674	0.0685671908	-0.0104123964	0.0819750985	0.0557842922	0.0259012489	-0.0713342571	-0.0343746944	0.1123656258	0.425935	-0.07266	0.0052794756	0.181420624225	0.605565	-0.0688389999999999	0.0047388079209999	0.366708969225	0.184351	0.020454	0.000418366116	0.0339852912009999	0.00664319	-0.00076659	5.876602281000002e-07	4.4131973376100006e-05	0.0010481	0.0005719459999999	3.271222269159999e-07	1.09851361e-06	0.0078721499999999	-0.0019741200000001	6.197074562249844e-05	3.897149774400395e-06	0.0	0.0	0.0	0.0	0.0	0.0	0.0	0.0	0.0	0.0	0.0	0.0	0.0	0.0	0.0	0.0	0.0	0.0
270.66384117450747	-0.4562336025323361	73258.914919339	0.2081491000796336	238.77460279344004	1.496525607531595	57013.310939165065	2.239588893997809	200.36317496354133	-0.2187160332393602	40145.40188147067	0.0478367031959609	198.8781746120057	290.246691315544	1.206932	27.689634	0.4577928	0.233557	0.094784899	0.0023963453	-0.0247538014	0.0040970087	-0.0725938585	-0.0231309609	0.1075920306	-0.0127111895	-0.0112532184	-0.0240455407	-0.0258448821	0.0368567678	0.0714228673	-0.0149739103	-0.1196777006	-0.0192104215	0.013779927	0.1212533649	0.0367569502	-0.0356626243	-0.0996493429	0.0204879727	-0.0496123906	-0.0722557845	0.0534258811	-0.0653394081	-0.151700876	0.0217653022	0.1883392909	0.0037189376	-0.030297305	-0.1342040546	0.003654349	-0.2229877492	0.0738121866	0.049397328	0.0312832105	0.1765423923	0.0262930845	0.0934030028	-0.0198218737	-0.0292369216	-0.0111057792	0.035814748	0.0599091614	-0.0557438082	0.1791336656	0.1043593283	0.0709618153	-0.0142565705	-0.130238216	-0.012077475	0.0021565199	0.1094638039	-0.0552719539	-0.0610933318	-0.0580234151	0.0616511696	-0.0206539405	-0.0955280432	-0.0286265983	-0.0201711545	0.0290417494	-0.1649682231	0.1052882273	0.1806811752	-0.0574398846	0.1289256002	-0.0449641255	0.17894163	0.0751474844	-0.0861903371	-0.0707182801	-0.1561586328	-0.073172039	-0.013065727	0.0109280596	-0.0719435856	0.0549873805	-0.0626557907	-0.0959142761	0.1835264693	-0.0088977901	-0.0831142784	0.1018268289	-0.0024732982	0.0118307182	-0.03476315	-0.1019377291	0.0493283082	0.0452558987	-0.0598841996	-0.1189032502	-0.0215441366	0.0143162253	-0.1019950745	-0.0015064459	-0.0801987212	0.1368658595	0.0786480276	0.1144380532	0.2008330143	-0.0722182298	0.1358070583	-0.1197998778	0.1003683361	0.1070941438	0.1855548621	-0.0734681463	-0.0292042644	0.1093706198	0.3478	-0.078135	0.006105078225	0.12096484	0.774456	0.168891	0.028524169881	0.5997820959360001	0.303467	0.119116	0.014188621456	0.0920922200889999	0.00649953	-0.00014366	2.063819560000009e-08	4.22438902209e-05	0.000476154	-0.0005719459999999	3.271222269159999e-07	2.2672263171600002e-07	0.00675474	-0.0011174099999999	4.5626512467600006e-05	1.2486051080997774e-06	0.0	0.0	0.0	0.0	0.0	0.0	0.0	0.0	0.0	0.0	0.0	0.0	0.0	0.0	0.0	0.0	0.0	0.0
271.4313205811623	0.7674794066548429	73674.9617924337	0.5890246396392698	236.6785125732422	-2.0960902201978517	56016.71831388236	4.393594211209077	200.31913665075265	-0.0440383127886718	40127.75650850291	0.0019393729932729	198.77599898997684	291.6453766463214	1.214831	27.870852	0.39716505	0.295783	0.1120543546	0.0098105644	-0.069504072	-0.0532245964	-0.1061152033	0.0880876855	-0.1362054417	-0.0511118884	0.0384506797	0.0452023172	-0.0189236999	0.0224805819	0.081139135	-0.0387311882	-0.0940493975	0.003778139	0.0450286684	0.0695261171	-0.204052485	-0.053111789	-0.086048865	-0.030084972	-0.0168872924	0.0122713182	0.0384869865	-0.1440285921	-0.0472541984	0.1108001988	-0.1331509185	0.0556903987	0.1294490741	-0.1043034478	-0.0639794221	-0.0943342514	0.028265852	0.0392399005	0.0271044466	-0.0498893613	0.0090966339	0.0181092989	-0.0338927663	0.1362962619	-0.1672623409	-0.0883809215	0.1220789766	-0.0770952261	-0.1061744344	0.0609238106	0.0805931974	-0.0387297397	-0.0820838905	0.0173711693	0.0558638812	-0.0634079824	-0.2072021099	-0.0735752739	-0.0281992876	-0.0045550023	-0.0371684633	-0.0375354175	0.0188968333	-0.0721723091	-0.0703932813	-0.1528245166	0.0076844727	-0.1682945523	-0.1258686834	0.0854370412	-0.0057061236	0.0679895584	0.0209803557	-0.0309802235	0.0038305899	0.0602250835	0.0171956973	-0.0415721476	-0.1169962919	-0.1278994501	-0.0129268743	0.156613276	-0.0741082464	-0.0770409112	-0.1538835515	0.01114236	0.1259067686	0.001612913	0.0098383818	-0.0821983759	-0.0384948096	0.0151905981	0.0188266777	0.0253059664	0.0165227117	0.0956365739	-0.0432418333	0.0879335279	-0.0114152936	-0.0124131806	0.0135885822	0.0709077687	-0.0435359865	-0.0843384842	0.0134032325	0.0125766916	0.0266086084	0.0929986693	0.1306598754	-0.0389521793	-0.0755650422	-0.0239750208	0.1058801375	0.348573	0.000773	5.975290000000366e-07	0.121503136329	0.48745	-0.287006	0.082372444036	0.2376075024999999	0.307158	0.003691	1.3623481e-05	0.0943460369639999	0.0077655	0.00126597	1.6026800408999998e-06	6.030299025e-05	0.000908925	0.000432771	1.87290738441e-07	8.26144655625e-07	0.00633958	-0.00041516	4.01902745764e-05	1.723578256000003e-07	0.0	0.0	0.0	0.0	0.0	0.0	0.0	0.0	0.0	0.0	0.0	0.0	0.0	0.0	0.0	0.0	0.0	0.0
270.74445492227505	-0.6868656588872568	73302.55987115983	0.4717844333586254	237.85396247574045	1.175449902498258	56574.50746541094	1.3816824732831638	199.7661765385037	-0.552960112248968	39906.52528881262	0.3057648857383913	198.19691832907475	293.2223973832636	1.033077	23.701021	0.24201945	0.123463	0.1307537248	0.0061999769	-0.0521483452	-0.1084601542	-0.0987492589	0.0755913601	-0.0341729883	-0.0354888741	0.047891711	0.010692852	-0.0704160736	0.2071804678	0.107250921	-0.0185601892	0.0153207243	0.0058089045	-0.0643248476	0.05312669	-0.1766532762	0.0002535491	0.0828756106	-0.1043300609	-0.0308016355	-0.0356668935	-0.0691124102	0.053415024	-0.0843213984	0.0727085617	-0.1266926157	0.0728455773	0.0658056264	0.1008229939	-0.0961183288	0.1282239275	0.0678837295	0.1512055631	0.0963908461	-0.087424232	0.1265567228	-0.0109248597	-0.0746629915	-0.0462896083	-0.0782236524	0.0757118902	-0.0034259074	0.031588984	0.0294686522	0.0053646878	0.1062893413	-0.0206675007	0.0202724633	0.0062443868	-0.0477865902	-0.0581694677	-0.1657381489	0.0484623652	0.0560119069	-0.0935661856	0.0371300428	-0.0245982733	-0.0893343129	0.027169958	0.0234886675	-0.0841474408	-0.0451048464	-0.1643217954	0.0008453301	-0.0869539873	0.1519217832	-0.1542297697	0.0130607021	-0.170015788	-0.0035925047	0.0964738806	-0.1297531146	-0.067821812	-0.0672107704	-0.0145859739	0.0575252557	-0.0310133698	-0.0170790311	0.016740407	0.0459800904	-0.0040411163	0.1309410371	-0.0033932998	0.0662824293	-0.0467339359	-0.067384331	-0.0198680259	-0.0494996192	0.1032763253	0.0462678934	0.1278571048	0.0497213151	0.134958339	-0.0975347404	0.1215476469	-0.0313169862	-0.1000174836	-0.1013246847	-0.0742934101	-0.0268580646	-0.065499373	0.051938985	0.048360707	0.0196731514	0.0052487935	-0.0776238888	-0.0186974948	0.1019099918	0.377926	0.0293529999999999	0.0008615986089999	0.142828061476	0.454279	-0.033171	0.001100315241	0.206369409841	0.39555	0.088392	0.007813145664	0.1564598025	0.00678632	-0.0009791799999999	9.58793472399999e-07	4.605413914240001e-05	0.000184236	-0.0007246889999999	5.251741467209999e-07	3.3942903696e-08	0.00645778	0.0001181999999999	4.17029225284e-05	1.3971239999999936e-08	0.0	0.0	0.0	0.0	0.0	0.0	0.0	0.0	0.0	0.0	0.0	0.0	0.0	0.0	0.0	0.0	0.0	0.0
269.4370055070761	-1.3074494151989595	72596.29993662015	1.709423973304102	237.42710957346085	-0.4268529022795917	56371.63236040818	0.1822034001845106	199.46810721045665	-0.2980693280470348	39787.52579412223	0.0888453243224108	197.9248567122734	288.1309905680756	0.930434	21.346163	0.1619971499999998	0.0906753	0.1549599599	-0.0543294054	-0.0258451437	-0.0548213483	-0.1094719917	0.1351622458	0.0347900711	-0.0496127749	0.0423997633	0.0435802059	-0.0501574119	0.1247930747	0.1541999071	-0.0134378085	0.0211049499	-0.0037457695	-0.0886463241	0.0323004001	-0.0929057778	-0.005161741	0.0278039669	-0.1672772316	-0.0313187484	-0.0582391948	-0.0838548178	0.073645855	-0.0751248347	0.0214546313	-0.0124236516	0.0677234592	0.0664009128	0.0143599828	0.0829472174	-0.0121363791	-0.0155926944	0.0453821647	0.0008510667	0.0367187133	0.0685176974	-0.0322964177	0.0271141711	-0.1354162677	0.0037161303	-0.0700719086	-0.0621758196	0.109602668	0.0420690144	0.0366953246	0.1539312514	-0.0172570307	0.0223432292	-0.0099975022	-0.0779046875	-0.04094972	-0.0950612724	0.0020852718	0.0066894083	-0.1278436554	0.0751292973	-0.0390645207	-0.1324068503	0.0470916651	0.029038277	-0.053103197	0.0203544726	-0.0545525696	-0.0153704529	-0.0527584038	-0.0535465365	-0.0424744736	-0.0128871191	-0.0576846945	0.020731918	-0.0523573031	-0.1044326863	0.0364943981	0.0743040641	0.0414126019	0.0980974234	0.0373857575	0.0701345862	0.0354566844	0.1020683178	-0.0410138705	0.1412775299	-0.0144404424	0.0734772875	-0.0502665755	-0.1114627148	0.0364819085	-0.0107839257	0.0720361443	0.0126780069	0.1174654916	0.1110709443	0.1017821289	-0.0749393847	0.0461149622	-0.0331035736	-0.1271693007	-0.0929402141	-0.0287780547	-0.045110507	0.0209475559	0.1075949286	0.0476103067	-0.0267663835	0.0238288383	-0.0796436494	-0.0133823145	0.0974781683	0.352208	-0.0257179999999999	0.0006614155239999	0.124050475264	0.533153	0.078874	0.006221107876	0.2842521214089999	0.387292	-0.0082579999999999	6.81945639999998e-05	0.149995093264	0.00696548	0.0001791599999999	3.209830559999978e-08	4.85179116304e-05	0.000812709	0.000628473	3.949783117290001e-07	6.60495918681e-07	0.00628247	-0.0001753099999999	3.94694293009e-05	3.0733596099999895e-08	0.0	0.0	0.0	0.0	0.0	0.0	0.0	0.0	0.0	0.0	0.0	0.0	0.0	0.0	0.0	0.0	0.0	0.0
268.4368099662416	-1.0001955408345111	72058.3209448521	1.0003911199052402	236.7422945288164	-0.6848150446444663	56046.914018768846	0.4689716453714023	199.26523522206583	-0.2028719883908252	39706.63396810522	0.0411570436736471	197.8106981837785	285.04103343374226	1.040857	23.879515	0.0937035	0.0548724	0.1578754434	-0.0441258244	0.0246687785	-0.0156130025	-0.1073366048	0.0831881111	0.1041783112	-0.0474393466	0.0683126443	-0.0859687944	-0.0234786129	0.1244011792	0.1606451676	-0.0567966241	0.0332614248	-0.0091088052	-0.185748367	0.1045227896	0.0893523359	0.0092663435	-0.1105910048	-0.0128048029	-0.0269541226	-0.0240601949	0.1287652688	0.0323622447	0.0510175031	0.0240606636	-0.0432013175	0.0941637976	-0.1060003188	-0.0209564323	0.0520837246	0.0263551493	0.0041586069	0.1462625387	-0.0736205806	-0.1152203659	-0.1282437386	-0.0184492165	0.0811790834	-0.0112870408	0.0623028917	-0.0451169591	0.01315302	0.0661797676	0.0275749138	-0.0698051486	0.1570894268	-0.0566733254	0.0093877398	-0.0422211142	-0.2006052401	0.1197511459	-0.0013690823	-0.0346164184	-0.1055462765	0.0331289481	0.0001321075	-0.0866459842	0.0773427523	0.0699202182	-0.0151848562	0.0084542078	0.0309942059	-0.0598166586	0.1205390022	0.0769338936	-0.0247877655	-0.0539750289	0.0099091463	-0.1234080555	0.1381265097	0.0249740311	0.1472081532	0.0582474097	0.088003561	0.0541238973	-0.0309444922	0.0641273486	-0.0082726996	-0.0084689339	0.0787472583	0.0085269893	0.147100715	0.0092283702	0.0716703127	-0.0294644512	-0.1100706412	0.0434195808	-0.0038553329	0.0855205175	-0.0451221121	0.0476330814	0.1099733617	-0.0155803166	-0.0442218568	0.1001911887	0.1054147685	-0.1060843858	0.0280961268	0.0525488817	0.0084050859	-0.052661059	0.1062189141	-0.0169741339	-0.0984359384	0.1260672764	-0.081623307	-0.008040184	0.0926047444	0.331073	-0.021135	0.000446688225	0.109609331329	0.536201	0.003048	9.290304000000307e-06	0.287511512401	0.400681	0.0133889999999999	0.0001792653209999	0.160545263761	0.00611579	-0.0008496899999999	7.219730960999989e-07	3.7402887324100005e-05	0.000812709	0.0	0.0	6.60495918681e-07	0.00600953	-0.00027294	3.61144508209e-05	7.449624360000009e-08	0.0	0.0	0.0	0.0	0.0	0.0	0.0	0.0	0.0	0.0	0.0	0.0	0.0	0.0	0.0	0.0	0.0	0.0
267.9777750110078	-0.4590349552337898	71812.08789985032	0.2107130901264874	235.49968298175668	-1.2426115470597097	55460.100684507895	1.544083456886125	199.2939429627625	0.0287077406966602	39718.075701644826	0.0008241343759066	197.7699395584424	281.22738401821096	1.046041	23.998442	0.1082420000000001	0.0643116	0.1696804529	-0.1080234415	0.0343213795	0.0320615617	-0.1245755773	0.0558241726	0.0702908118	0.115648526	0.1009921804	-0.0957964137	0.0024659159	-0.0587331578	0.1433159077	-0.0333179685	0.0569367428	0.1677999248	-0.0840001154	0.149377492	0.1230631747	-0.0504021675	-0.0555886416	-0.0832770005	-0.0726864454	-0.0396272665	0.0965645387	0.1158028885	-0.0220327736	-0.0809080452	-0.0570413383	0.0335682437	-0.053137043	0.1282237003	-0.0666549155	0.0120467885	-0.0143492219	0.1637627934	0.0906909368	-0.045203045	0.0369805959	-0.1191713364	0.0916326387	-0.0050814178	0.0327078722	-0.0728064876	-0.0481190686	-0.0092072151	0.0297266255	0.1271768861	0.1437809984	-0.0362877122	0.0577821085	0.1445061806	-0.1236936806	0.1879208439	0.0082648567	-0.0750077397	-0.0448512283	-0.050853334	0.0155400694	-0.1052104805	0.0175010218	0.1238528885	0.1126114813	0.0320647077	-0.0145153321	-0.0493060856	0.0942815613	-0.0722012911	0.0735285415	-0.0116805532	-0.0752341801	-0.189977356	-0.0108435804	0.0661897842	-0.0465940492	0.1240353491	-0.007814154	0.0284644144	-0.0349802853	0.0474553704	0.0734521323	0.0495518864	0.0038144292	-0.1400195776	0.1558967605	-0.0043972399	0.0812095057	-0.0302260322	-0.1429168435	0.0924246031	-0.0052480412	0.0625415256	-0.0586366524	-0.003491488	0.0145938997	-0.1120682341	-0.1362792347	0.0273812166	-0.0906107746	-0.0666105853	0.0806837792	0.0823842446	0.0051972619	-0.0261484807	0.1190553806	-0.0551752221	-0.1047314402	0.1192635354	-0.0835618648	-0.0026818616	0.0873117978	0.320808	-0.010265	0.000105370225	0.1029177728639999	0.529071	-0.00713	5.083690000000115e-05	0.2799161230409999	0.44996	0.049279	0.002428419841	0.2024640016	0.00554241	-0.00057338	3.287646244000001e-07	3.0718308608100005e-05	0.000812709	0.0	0.0	6.60495918681e-07	0.00575155	-0.0002579799999999	3.3080327402500004e-05	6.655368039999984e-08	0.0	0.0	0.0	0.0	0.0	0.0	0.0	0.0	0.0	0.0	0.0	0.0	0.0	0.0	0.0	0.0	0.0	0.0
267.98084367119674	0.0030686601889442	71813.73257472638	9.41667535521136e-06	236.4728075160256	0.9731245342689192	55919.38869451129	0.9469713591961008	199.39708919162533	0.1031462288628404	39759.19917809298	0.0106391445286254	197.88432645939224	279.3474485612515	0.869993	19.959515	0.1033680000000001	0.0547583	0.1791737878	-0.1270826905	0.0454096662	0.0569579652	-0.1449892419	-0.0064744876	0.0583413257	0.18393686	0.1259900555	0.0129245985	-0.0026245814	-0.0424708277	0.153086707	-0.0392132166	0.034687654	0.2140842304	0.0234761015	0.1063285624	-0.0517258194	0.0079483536	-0.0166261218	-0.0478153632	-0.0834472993	0.0157886459	0.0057952336	0.0261167148	-0.0921896285	-0.0808070024	-0.1326397758	0.0798552058	-0.0641317221	0.0717415501	0.0112446499	-0.0273894898	0.0408096898	-0.0109333492	0.0260219112	0.0545901343	0.0352097246	-0.2294886116	0.0124012859	0.0522996478	0.0331421868	-0.0260995668	0.0854390379	-0.1198235543	0.0462864556	-0.0026769756	0.1528975983	-0.0408253607	0.0473730198	0.2047080592	-0.0110505239	0.0825282148	-0.0836838166	-0.0149657035	-0.036180004	-0.0507383089	-0.0400869327	-0.0294358118	-0.0162563477	0.0167000966	0.1417765922	-0.0464913856	0.0096399296	-0.1344181952	0.1205556943	-0.0553820366	-0.0114697642	0.0225914341	0.0141701047	-0.0164022343	-0.0329715904	-0.0127535524	-0.0714051245	0.1449674942	-0.1377978237	0.1022707638	-0.0620388769	0.0200898229	-0.0647403919	0.0842977065	-0.0917733815	0.0497553667	0.1624019289	0.0050837484	0.0912208116	-0.0175377498	-0.15737404	0.1212415637	0.0041418138	0.0383070602	0.0226141077	0.0368345807	-0.0600938166	-0.0938493307	-0.1298622754	-0.0048580498	0.0193061753	-0.0830269982	-0.0324940234	0.1192588515	0.0548114116	0.0032118362	0.112547066	-0.0565729202	-0.1183594102	0.117468124	-0.0854583468	0.0026818616	0.081623307	0.296826	-0.023982	0.000575136324	0.0881056742759999	0.561494	0.032423	0.001051250929	0.315275512036	0.445262	-0.004698	2.2071204000000333e-05	0.198258248644	0.00531413	-0.0002282799999999	5.211175839999999e-08	2.82399776569e-05	0.000812709	0.0	0.0	6.60495918681e-07	0.00513453	-0.00061702	2.63633983209e-05	3.807136804000003e-07	0.0	0.0	0.0	0.0	0.0	0.0	0.0	0.0	0.0	0.0	0.0	0.0	0.0	0.0	0.0	0.0	0.0	0.0
267.5693128793832	-0.4115307918135613	71593.33719474525	0.1693575926106967	236.0514016936097	-0.4214058224158918	55720.264241517885	0.1775828671660141	199.16175454143337	-0.2353346501919588	39665.40447202216	0.0553823975809716	197.61269554681525	278.70660352443787	0.8818899999999998	20.23247	0.1758855499999999	0.0746195	0.196964341	-0.1508998804	0.0506684761	0.0568019195	-0.1400150288	0.0727263768	-0.0844517753	0.1541173692	0.1606771861	0.1131993324	-0.0261093569	-0.077396917	0.1814727085	-0.0680686124	0.0823849085	0.1694028858	0.0185717163	0.1089056252	-0.0374543099	-0.1031439541	-0.0050957913	-0.0866257335	-0.0812113923	0.0634111778	0.0242401136	0.0464854016	-0.1006110256	-0.0797776861	-0.0501103703	0.020925146	-0.0793335807	0.0983426034	-0.1051106389	0.102305649	0.2069551914	0.105122972	-0.0621369819	-0.0055353594	-0.0961936887	-0.0332174329	-0.0914441962	0.0616667555	-0.031460914	0.007073274	-0.0388815429	0.0326665759	-0.0255558999	-0.102037648	0.1792378288	-0.0715582592	0.093084532	0.1551691719	-0.0205419974	0.0724939433	-0.1051003001	-0.1126152025	0.0254610442	-0.062601067	-0.0230512633	0.004462521	0.0047084744	0.0555443387	0.1758232535	-0.0440254766	-0.0189579407	-0.0566107941	0.0769300477	-0.0342586337	0.1720395371	-0.0596301027	0.1982212415	-0.0913019182	0.0155489127	-0.0295867984	0.0988023736	-0.0465918313	-0.119777751	0.0431414465	-0.0416152361	0.0168338111	0.0450889289	-0.0477977876	0.0326148801	0.0840088548	0.1790786149	0.0073594621	0.1051948735	-0.0229799725	-0.1685105381	0.1909787218	0.0161554723	0.0539282014	0.0298608477	0.086054414	-0.0198019767	0.0081400322	-0.1048004682	-0.0692952868	-0.0741659694	-0.027758669	0.009973334	0.1499954504	-0.0230283008	-0.0226577333	0.1703465442	-0.0233129675	-0.1237717584	0.0881232636	-0.0873117978	0.008040184	0.0755650422	0.268754	-0.0280719999999999	0.0007880371839999	0.072228712516	0.530889	-0.0306049999999999	0.0009366660249999	0.281843130321	0.474453	0.029191	0.000852114481	0.225105649209	0.00568735	0.0003732199999999	1.3929316839999974e-07	3.2345950022499995e-05	0.00155108	0.000738371	5.451917336410001e-07	2.4058491664e-06	0.00448577	-0.00064876	2.01221324929e-05	4.2088953760000004e-07	0.0	0.0	0.0	0.0	0.0	0.0	0.0	0.0	0.0	0.0	0.0	0.0	0.0	0.0	0.0	0.0	0.0	0.0
268.724384069781	1.155071190397848	72212.79459368318	1.3341894548871018	235.1293573017361	-0.922044391873584	55285.81466512749	0.8501658605855271	199.35007552230311	0.1883209808697472	39740.452610747954	0.0354647918357437	197.8449755365841	280.35527991342224	1.190313	27.308348	0.3905219999999999	0.206263	0.1487618023	-0.1319421886	-0.0271311043	0.023452891	-0.1351816493	0.14747882	-0.0167399929	0.0204865865	-0.0140248927	0.1055457704	0.0204301583	-0.1050651644	0.1847714874	-0.0412088075	0.0434708737	-0.0384845561	-0.0395671812	0.055730398	-0.0446201135	-0.112404967	-0.0804863971	-0.0228587259	0.0934309241	-0.1125358727	0.0185015648	-0.0364237396	-0.0526590424	-0.0736274066	0.0755066277	0.0173371998	-0.0162042101	0.0113396871	-0.0567945811	0.0537012981	0.0506955108	-0.0175148499	-0.0919106374	0.0264366803	-0.0195583191	0.0605547363	-0.1664279408	-0.0427779736	0.1135810234	-0.0268884931	-0.1380123463	0.0120747909	0.0586231832	-0.0141953801	0.1826526513	-0.0432247445	0.0397702547	-0.0548657982	-0.0407218746	0.0071814889	-0.0941620859	-0.1037541792	-0.0046542405	0.0563322818	0.1210679659	-0.0743569972	0.0199783962	-0.0527114503	0.0544688218	-0.0147520482	0.0471642962	0.0839757496	0.0089993903	-0.0001829604	0.0639138932	-0.0187992708	0.0472116154	0.0328441043	-0.0237371425	-0.084000431	0.0122716776	-0.1590877165	0.0324899611	0.121332201	-0.0478326624	-0.0039292248	0.1222426495	0.0581122224	0.0393997672	-0.0209727398	0.1520156449	-0.0390547345	0.0501172553	-0.0875731903	-0.0850271161	0.1316877869	0.0465251308	-0.0566996898	-0.0262517766	0.0848744352	0.0364701841	0.0478839209	0.0532839991	-0.0304151419	0.1252219018	0.0345580192	-0.0294508424	0.1389004434	0.0064872919	-0.0093788883	-0.0088511329	0.0564358825	0.0448176522	-0.1516441888	-0.0891212848	0.0133823145	0.0691644489	0.287155	0.018401	0.000338596801	0.082457994025	0.619947	0.0890579999999999	0.0079313273639999	0.384334282809	0.338106	-0.136347	0.0185905044089999	0.114315667236	0.0075184199999999	0.0018310699999999	3.352817344899634e-06	5.6526639296398494e-05	0.0014018	-0.00014928	2.228451840000004e-08	1.96504324e-06	0.00543974	0.00095397	2.95907712676e-05	9.100587609000004e-07	0.0	0.0	0.0	0.0	0.0	0.0	0.0	0.0	0.0	0.0	0.0	0.0	0.0	0.0	0.0	0.0	0.0	0.0
269.4322189534116	0.7078348836305963	72593.72061015914	0.5010302224843398	235.7021876830089	0.5728303812727802	55555.52127855636	0.3281346457091187	199.59647311366555	0.2463975913624381	39838.75207941422	0.060711773029211	198.16417652775343	286.3255924269292	1.067863	24.499094	0.2736595	0.134505	0.1173374433	-0.1106147172	-0.0794769859	-0.016628565	-0.1422837845	0.1258289215	0.0493611844	-0.0602675919	-0.0287995623	-0.0958372172	0.0386284234	-0.0492036541	0.1596023562	0.0006849228	-0.0098531548	-0.0608906455	-0.0890660924	0.0999065028	0.0826715126	-0.0758240937	0.0433522012	0.0546069803	0.0265795543	-0.073912126	0.1294507404	-0.0090796605	0.0124886286	-0.0409895816	-0.1188397471	-0.1089074472	0.019734812	-0.0933264373	0.0576737576	-0.0241219566	-0.0001972684	-0.0530569566	-0.1157264067	0.0337997541	0.1034369496	0.0468657151	0.1648955503	-0.0662020107	-0.0524002501	0.0308275879	-0.0115814821	0.0995707984	-0.1408878712	-0.0307244867	0.1585651751	0.0011634133	-0.0310178716	-0.0749245652	-0.0894939845	0.1268553189	0.0071070364	0.0020137006	0.0754523467	0.0566029845	0.03386677	-0.1101260317	0.1189458945	0.0061139838	0.0451004751	0.0248994303	-0.1259090365	-0.0487992586	-0.037621498	0.0532592519	-0.1060617319	0.0207607774	0.030362337	0.0839622134	0.0816368974	-0.0556615437	-0.0800025171	0.0585779121	0.0849750061	-0.0976501211	0.0415529411	-0.0479818604	0.014947898	-0.1696401319	0.064612933	0.0486061334	0.1322415424	-0.0753159345	0.0476060306	-0.1043303238	-0.0456403191	0.082881638	-0.0035827695	-0.0358826387	-0.1416565928	-0.0126577474	0.0500371055	0.0248394764	0.0097867904	0.0980357927	-0.0217026432	0.0701536367	0.127420734	-0.0307540865	0.030144242	-0.0420917793	0.0083435586	-0.0350647114	0.0184875372	-0.1312995342	-0.0908858965	0.0186974948	0.0624505233	0.338285	0.05113	0.0026142769	0.114436741225	0.527532	-0.092415	0.008540532225	0.278290011024	0.355456	0.0173499999999999	0.0003010224999999	0.126348967936	0.00841406	0.00089564	8.02171009600178e-07	7.079640568359999e-05	0.00155741	0.00015561	2.421447210000001e-08	2.4255259081e-06	0.00664378	0.00120404	4.41398126884e-05	1.4497123216e-06	0.0	0.0	0.0	0.0	0.0	0.0	0.0	0.0	0.0	0.0	0.0	0.0	0.0	0.0	0.0	0.0	0.0	0.0
269.8983976307247	0.4661786773130529	72845.14504363277	0.2173225591813475	236.3894214811204	0.6872337981114924	55879.95858817879	0.4722902932667475	199.8652765832473	0.2688034695817407	39946.12878369794	0.0722553052591818	198.3630324966476	287.3620933968914	0.9357160000000002	21.467339	0.168834	0.0899255	0.1003462442	-0.125947544	-0.1094884048	0.0057811219	-0.1165981579	0.0100203513	0.0897743969	0.0560328382	-0.056170774	0.0101695233	-0.0631028204	-0.0668528758	0.1246402979	0.060490641	-0.0015507477	0.0255819016	0.0169595448	0.1337958626	0.0548083217	-0.1607762955	0.0082426623	0.1061224348	-0.0289874713	-0.0013174527	-0.0538424178	-0.0394613292	-0.0334212468	-0.0919960342	-0.1560107829	-0.0308228258	-0.0556598002	0.0684444124	0.0530585064	-0.0309874635	-0.0257942297	-0.1225784506	0.0238813662	0.0316673038	-0.0119093782	-0.0946678479	-0.0056969825	-0.0396768341	0.0574925163	0.0321076279	0.1646818868	-0.0222601334	-0.0127733495	0.0676620585	0.1260421364	0.0607057109	-0.0005636517	0.0280707991	0.0014897333	0.1383112383	-0.041297958	-0.1099294152	0.0952281627	0.0749962945	-0.0530632925	-0.0166395195	-0.0055906539	-0.0914731848	0.0849117228	0.0327587605	-0.0742511151	-0.101137578	0.089032371	-0.0687633222	-0.0626229079	0.0755928854	-0.045998728	0.0923890613	-0.066291671	0.0071434288	-0.0332943607	0.053108839	-0.0047583806	0.1321500104	0.0015633972	-0.0328355392	-0.1526090069	-0.0087326906	-0.0300726605	-0.0637276633	0.1144300898	-0.1109080475	0.0400675211	-0.0969075193	-0.0549492546	0.0884862237	-0.0058425038	-0.0870686297	-0.0997888272	-0.0896902594	-0.0494909081	-0.0389264798	-0.0296368979	0.0180763907	-0.1016678702	0.0083724158	0.0023091084	0.0044631355	0.000972481	-0.1006042437	-0.027125621	0.0316186013	0.0637780211	-0.1237552578	-0.0926047444	0.0239750208	0.0554536812	0.372565	0.0342799999999999	0.0011751183999999	0.1388046792249999	0.600697	0.073165	0.005353117225	0.360836885809	0.333503	-0.021953	0.000481934209	0.1112242510089999	0.00878949	0.00037543	1.4094768490000093e-07	7.725513446010001e-05	0.0015022	-5.520999999999998e-05	3.0481440999999974e-09	2.25660484e-06	0.00700186	0.00035808	4.902604345960001e-05	1.2822128640000014e-07	0.0	0.0	0.0	0.0	0.0	0.0	0.0	0.0	0.0	0.0	0.0	0.0	0.0	0.0	0.0	0.0	0.0	0.0
270.2829047580336	0.3845071273089502	73052.84860444028	0.1478457309513812	237.70442053034336	1.314999049222962	56503.39153966632	1.729222499457294	200.11430085620952	0.2490242729622309	40045.73340716954	0.0620130885243677	198.57579322950767	290.65575040768147	0.942979	21.633968	0.1165330000000001	0.0559049	0.0726714869	-0.1012711894	-0.1451796287	0.0417125419	-0.1254552098	-0.102083315	0.0309434096	0.0743939174	0.0189582091	0.0616371358	-0.0421747879	-0.0424599252	0.1138525556	0.093279088	-0.0235642573	0.0776105855	0.1352634958	0.0549080246	-0.018371729	-0.089726389	-0.1459971151	0.0772807375	-0.0002293434	-0.0583925387	-0.1155227797	0.0428101309	0.0449793647	0.0048357409	0.0027338304	-0.0842999588	0.0283439347	0.0275517235	0.0635122308	-0.0848496299	-0.0507323239	-0.0994120979	-0.1202703181	0.0121555651	0.0178916627	0.0803895813	-0.0309766386	-0.0835492626	0.005404413	0.1773237726	-0.0748910722	-0.0116352689	-0.0848196416	0.0688406307	0.1151150216	0.0915807008	-0.0135198526	0.0912365503	0.1131305775	0.0429488715	-0.0544630056	-0.1174379225	-0.0539465528	0.126966712	0.0036729176	-0.0273531508	-0.1075605191	-0.0279959744	-0.0221795128	0.082871722	-0.0634562699	0.0276358918	-0.0238683208	-0.0716755342	-0.0538836338	0.0784899856	0.0103722434	0.1265624084	0.0950026358	-0.0666710307	-0.0166163862	-0.0925904013	0.0440979855	-0.0171198726	0.0711420614	-0.1838234909	0.0328232211	-0.0724714058	-0.015921369	-0.0492038476	0.1035436757	-0.1359787548	0.0256890811	-0.091711786	-0.0410631577	0.070108993	-0.0028127887	-0.1018653626	-0.0508767424	-0.0682299255	-0.1241148299	-0.0045057096	0.0245789546	-0.0099475489	0.0414725029	0.0261008698	0.0306845692	-0.0666723729	0.0505576683	0.0887741295	-0.0042010875	0.0401350486	0.0092591177	-0.0953466654	-0.094276963	0.0292042644	0.0482056202	0.397413	0.024848	0.000617423104	0.157937092569	0.589532	-0.011165	0.000124657225	0.3475479790239999	0.293743	-0.03976	0.0015808576	0.0862849500489999	0.00858176	-0.0002077299999999	4.315175289999989e-08	7.364660469760001e-05	0.0013699	-0.0001322999999999	1.7503289999999978e-08	1.8766260100000005e-06	0.00747703	0.0004751699999999	5.59059776209e-05	2.257865288999996e-07	0.0	0.0	0.0	0.0	0.0	0.0	0.0	0.0	0.0	0.0	0.0	0.0	0.0	0.0	0.0	0.0	0.0	0.0
270.2444298915856	-0.0384748664480412	73032.05188742811	0.0014803153481946	237.4284078139293	-0.2760127164140442	56372.24883705753	0.0761830196222596	199.95041708710528	-0.1638837691042454	39980.169293307365	0.0268578897758136	198.4059262657732	289.3615995426985	0.964908	22.137064	0.1960574999999998	0.110465	0.0383183596	-0.1288638576	-0.1169514158	0.0182339211	-0.0890787026	-0.0637077727	-0.1615955738	0.0601716498	-0.0803453975	0.0767258183	-0.0967858695	0.0469265992	0.077671437	0.0990422365	0.0615998081	0.0745597219	0.0883557699	0.0854031827	-0.116112059	-0.0721179852	-0.0416122561	-0.0246424453	-0.0023318209	0.0717522176	0.0269089437	-0.0300488437	0.1002015393	-0.0944425912	0.0316312196	0.0244948611	0.0164987692	-0.0229453853	-0.0974847176	-0.0318784198	-0.0652336638	-0.028862235	-0.057023591	-0.0528890926	-0.0549868634	0.0282856786	-0.0116212029	0.0548708284	0.0050221751	0.0352638421	-0.0753892882	0.0595550285	0.0636347895	-0.0593121965	0.0811022761	0.0990904814	0.0766828383	0.0775342236	0.0698481243	0.0166679571	-0.1417752978	-0.0946984801	-0.000319807	-0.0266131684	-0.0335106019	0.0338063015	0.0549203339	-0.0092789643	0.0093004835	0.1013801614	0.0633419143	-0.009239701	-0.0427199274	0.043342846	0.0549235697	0.0567612303	-0.0485189017	0.05037391	0.0556147103	0.0189645356	0.0863302219	-0.0402071167	-0.0227883837	-0.0317958033	-0.0640573499	-0.0377543163	0.0721842073	0.0380889115	0.0725750311	0.0310036004	0.066217173	-0.1597859714	0.0486972304	-0.0583554889	-0.0248305324	0.0303325774	-0.0316148584	-0.1077016189	0.0680520558	-0.0535678482	-0.1006561983	0.1039823888	0.0425156046	-0.0584450533	-0.0499827769	0.0033430244	0.0137988156	-0.0958091997	0.0457154843	-0.0311257976	-0.0765669198	0.0377376494	0.0722094425	0.0123166741	-0.0959017104	0.0343746944	0.0407391756	0.459128	0.0617149999999999	0.0038087412249999	0.210798520384	0.586507	-0.0030249999999999	9.150624999999665e-06	0.343990461049	0.306484	0.012741	0.000162333081	0.0939324422559999	0.00959906	0.0010172999999999	1.0348992899999977e-06	9.214195288359998e-05	0.0013103	-5.960000000000015e-05	3.5521600000000172e-09	1.7168860899999998e-06	0.00877166	0.00129463	7.694201915560001e-05	1.6760668369000016e-06	0.0	0.0	0.0	0.0	0.0	0.0	0.0	0.0	0.0	0.0	0.0	0.0	0.0	0.0	0.0	0.0	0.0	0.0
269.93382980790113	-0.3106000836844487	72864.27247476093	0.0964724119847865	236.2324479622177	-1.1959598517116206	55805.76947022189	1.4303199669060815	199.91896028699983	-0.0314568001054453	39967.590682235015	0.0009895302728739	198.3730729383248	288.1890730480706	0.95025	21.800791	0.2527335499999999	0.110533	0.0077841563	-0.1477771912	-0.145405476	0.0516722194	-0.0986779283	0.0019969101	-0.0910809825	0.0453924523	-0.1140582268	0.0981574137	0.0542122219	0.0037741094	0.0841257352	0.1209348028	0.1028039004	-0.0306070942	0.0416052838	0.0934493404	-0.0324156493	-0.0052306235	0.0033087282	-0.0746654685	0.0735782391	-0.0417164742	0.0382394705	0.0538623719	0.01532846	-0.0101213586	0.1282663535	-0.1198338522	0.0722474852	-0.1316043298	0.0043572296	-0.0595632195	-0.032501085	-0.025497751	-0.0807724068	0.1345935998	-0.1186114769	0.1001717519	-0.0459628585	0.1046705155	-0.1263301472	-0.0585805354	-0.0721526535	-0.0960634401	0.0146306436	-0.1095755031	0.0837553947	0.1172795274	0.1034617726	-0.0348020299	0.031850165	0.0447709857	-0.1013711784	0.0081657549	0.0093905608	-0.0128212992	0.1095334923	-0.0092116411	0.0046148289	0.0699092443	-0.0097162438	0.0224041584	-0.0326825383	0.158714747	-0.1471969311	0.1092368644	-0.0362618018	0.0642697406	0.0041082519	0.0627700445	-0.0249560401	-0.1604535579	0.1434423721	-0.03937768	-0.0523588912	-0.1470966704	0.0012528494	0.0806102516	0.0454461281	0.0269985518	-0.1165175293	0.0320906757	0.0397286389	-0.2060787974	0.0262805902	-0.0459910185	-0.0194856152	0.0167297439	-0.0457957464	-0.1419854472	0.0158765868	-0.0181174926	0.0243713364	0.1546389711	0.0645204827	-0.0446398465	0.0332424181	-0.0143391753	-0.0028287343	-0.1130155531	0.0172111934	0.1213544664	-0.0723525119	-0.0279369563	-0.0031241775	-0.0442195624	-0.0974781683	0.0394758984	0.0330881723	0.499492	0.040364	0.001629252496	0.249492258064	0.641794	0.0552869999999999	0.0030566523689999	0.4118995384359999	0.257775	-0.048709	0.002372566681	0.0664479506249999	0.00926622	-0.0003328399999999	1.1078246559999945e-07	8.586283308840001e-05	0.000492029	-0.000818271	6.69567429441e-07	2.42092536841e-07	0.00978802	0.0010163599999999	9.58053355204e-05	1.0329876495999982e-06	0.0	0.0	0.0	0.0	0.0	0.0	0.0	0.0	0.0	0.0	0.0	0.0	0.0	0.0	0.0	0.0	0.0	0.0
270.2326133051416	0.2987834972404926	73025.66529372621	0.0892715782232594	236.44527044175547	0.2128224795377775	55906.36591427488	0.0452934077966077	199.93305950672453	0.0140992197246987	39973.22828371945	0.0001987879968453	198.47119658495623	287.6626553539116	1.004647	23.048784	0.12629135	0.061089	-0.0028012198	-0.1582506407	-0.1421428795	0.0584559803	-0.1135703323	0.0810087271	-0.0025944638	-0.0168765268	-0.1934127557	-0.0479890907	0.0474222715	-0.0374949209	0.0915116783	0.106047159	0.0826865934	-0.1908136255	0.0129092918	0.0668602571	0.0931895688	0.0064575239	0.0239935826	-0.0047751496	0.0241747258	-0.0130025948	0.0767447878	-0.0465561885	0.0461143197	-0.0395242364	-0.0497276535	0.0460312413	0.0857954295	-0.0224301794	-0.1211546429	-0.0485861768	0.0676854162	-0.0078118384	-0.0864579511	-0.070240571	0.0891709801	0.0523232666	-0.0059359464	-0.0716114462	-0.1148715475	0.0247755637	-0.069112842	0.0166524522	-0.102817225	-0.0992634541	0.0928004314	0.1090948176	0.0659242737	-0.2017736064	0.021343886	0.1022905039	0.0343666984	0.0257244505	0.0012298925	-0.0011048258	0.0330997844	-0.0386087539	0.0887075737	-0.0173717619	0.0211151945	0.0370600643	0.0529831609	-0.0909232977	-0.0911280326	0.0351342427	0.095834953	0.0593291037	0.0627738033	0.0257670507	0.0913986066	0.0231524217	-0.0685136297	-0.0636026374	0.013531898	-0.0685801201	0.0696957446	0.0055212957	0.0743024474	-0.1392786762	-0.0181817409	0.0794126659	0.0258915343	-0.215090823	0.0265072304	-0.0341645513	0.0197707144	0.0192003187	-0.0935745927	-0.1351819245	-0.0771760932	-0.0807922776	0.0623936273	0.0799672715	0.0373323254	0.086681929	0.1235327692	0.0012392112	0.0012003164	-0.1005981337	0.1282794414	-0.0419626311	-0.0596081945	-0.1059443255	0.0149998386	-0.0403677281	-0.0990055431	0.0444976032	0.0252872714	0.527957	0.028465	0.000810256225	0.278738593849	0.626798	-0.014996	0.000224880016	0.3928757328039999	0.260085	0.00231	5.336100000000158e-06	0.067644207225	0.00982999	0.0005637699999999	3.1783661289999986e-07	9.66287034001e-05	0.000131172	-0.0003608569999999	1.3021777444899997e-07	1.7206093584000003e-08	0.0104738	0.00068578	0.00010970048644	4.702942084000006e-07	0.0	0.0	0.0	0.0	0.0	0.0	0.0	0.0	0.0	0.0	0.0	0.0	0.0	0.0	0.0	0.0	0.0	0.0
271.2216050518135	0.9889917466718998	73561.15904688192	0.9781046749851352	236.1175923166396	-0.3276781251158809	55751.51740140682	0.1073729536794589	200.1539546661957	0.220895159471155	40061.60556851752	0.048794671477787	198.67947174321296	293.3229742067712	1.049609	24.080292	0.06659272	0.0300537	-0.0086741942	-0.1407391726	-0.1868491482	0.0533875937	-0.1303484453	-0.0526094881	0.038190694	0.0548779476	-0.2017218948	-0.102683299	-0.0077027654	-0.0726248566	0.0825076975	0.1704415304	0.0805808738	-0.0256751116	0.1207746541	0.1633254634	0.1090494211	-0.1172884575	0.0269567126	0.0360481056	0.0137192152	0.0515192699	0.0400458467	-0.0972571234	0.0110681517	-0.0191371593	-0.0440676581	-0.0131727763	0.0509124092	-0.1319465259	0.0513867057	-0.1509408496	-0.0231750453	-0.0674049316	0.0714677918	0.0115463598	0.0856743631	0.0493179506	-0.0342720701	-0.0835694466	0.0291765121	0.0786955634	-0.0953920426	-0.1082139836	0.0112853345	-0.002391592	0.0864342913	0.1709207276	0.0729265315	-0.0230308759	0.0938261042	0.2044379005	-0.0071436671	-0.0847076087	0.0769070526	0.0277658383	-0.0170722896	0.0126217537	0.0668336485	-0.0532107956	-0.0180960138	-0.0246936404	0.0112674439	-0.0482608215	-0.1013110822	0.0950091174	-0.1304777695	0.1374847187	-0.0219536796	0.0361879187	-0.0366849254	0.023429387	-0.1126672708	-0.0604556375	0.0215814806	-0.0094894984	0.0762732515	-0.1232999679	0.0747134806	0.0685582992	-0.0440670539	0.0145895366	0.0256544089	-0.2521362879	0.0346813792	-0.0134255366	-0.0018667474	0.0408778055	-0.1037342041	-0.1764971009	-0.1155650645	-0.1674946555	-0.0281080877	0.0267190613	-0.04539864	-0.0480034093	-0.0669900376	0.0119625632	0.0474754995	-0.132664948	0.0351988074	0.0707520629	-0.0368092367	-0.1573917235	0.0582143585	0.0398423657	-0.1004830656	0.0494296957	0.0173718128	0.542916	0.0149589999999999	0.0002237716809999	0.294757783056	0.646448	0.01965	0.0003861225	0.417895016704	0.271013	0.0109279999999999	0.0001194211839999	0.073448046169	0.0100683	0.00023831	5.679165610000013e-08	0.00010137066489	1.17676e-05	-0.0001194044	1.4257410739360005e-08	1.3847640976e-10	0.0105372	6.339999999999991e-05	0.00011103258384	4.019559999999989e-09	0.0	0.0	0.0	0.0	0.0	0.0	0.0	0.0	0.0	0.0	0.0	0.0	0.0	0.0	0.0	0.0	0.0	0.0
271.34756994859646	0.1259648967829321	73629.50371700845	0.0158671552215347	237.2040849516664	1.086492635026815	56265.77791775737	1.1804662459675117	200.08523537233305	-0.0687192938626424	40034.10141400192	0.0047223413489802	198.5385236400525	293.11711597442627	1.396427	32.037052	0.5352228800000001	0.234958	0.0205953102	-0.0477967512	-0.1229543807	0.0043711117	-0.1282540354	-0.1386412182	-0.0671158748	0.1301442615	-0.1187393962	0.0731822105	-0.0803663038	0.1128143903	0.0841247801	0.1191836859	0.0625427034	-0.0473640033	0.1085418214	0.0065670035	-0.0560585617	-0.0844808525	-0.0278286239	0.1195938002	-0.0487979872	0.085072461	-0.0584499331	0.0732317021	0.0233692584	0.1856653732	0.0473281166	0.0626947649	0.1858168241	0.0307871682	-0.1122314139	0.0621683717	-0.057714979	0.1295942275	-0.0443990361	-0.1154188265	0.0098535932	-0.055327785	0.1030058449	0.0240554927	-0.0896884933	-0.0574054369	-0.0619102572	-0.078930749	0.0188408193	-0.0442636823	0.0883249508	0.1198311597	0.0665700248	-0.030561803	0.1085589153	-0.016190966	-0.0542878906	-0.0682745531	0.063176139	0.1119629505	-0.1035725987	0.0623667317	-0.0729496299	0.0879367472	-0.1366686019	-0.0259993646	0.0459875474	-0.0521798372	-0.15558226	-0.0591576196	0.14510766	-0.1100008383	-0.0896746141	-0.0762737741	0.1492703073	0.0494486002	-0.0025238504	0.0940644588	-0.00372579	-0.0612031671	0.0236624084	0.0855508284	0.0824219263	0.0110797621	-0.0840162917	0.0094982231	0.0530505436	-0.1420103605	0.0570338911	-0.0076106813	0.0897487074	-0.0834117866	-0.178018928	-0.0823464173	0.0656243109	-0.0359963242	-0.157915282	0.0387177785	-0.0262336716	-0.1244001638	0.0768236081	-0.2678825241	-0.2087003161	0.0253870655	0.059430301	-0.0588780621	-0.1450445466	-0.0688978564	0.0846163978	0.0110202618	-0.1019099918	0.0542622434	0.0093776556	0.506798	-0.0361179999999999	0.0013045099239999	0.256844212804	0.508042	-0.138406	0.019156220836	0.258106673764	0.203262	-0.067751	0.004590198001	0.041315440644	0.0078271699999999	-0.00224113	5.022663676900447e-06	6.126459020889845e-05	-0.00142004	-0.0014318076	2.05007300341776e-06	2.0165136016e-06	0.0083511799999999	-0.00218602	6.974220739239835e-05	4.778683440400434e-06	0.0	0.0	0.0	0.0	0.0	0.0	1.0	0.0	0.0	0.0	0.0	0.0	0.0	0.0	0.0	0.0	0.0	0.0
271.03258068783225	-0.3149892607642073	73458.6597943063	0.0992182343967817	238.32153515272503	1.117450201058631	56797.15411755155	1.248694951845975	200.44662682710944	0.3613914547763954	40178.85020636647	0.1306037835853994	198.8882364335329	295.1374377406206	1.534189	35.197605	0.54500805	0.288937	0.0681125666	0.0709259983	-0.0750454191	-0.0950382237	-0.1315428149	-0.0179640706	-0.079615285	-0.1093940751	-0.080362901	-0.0305998707	-0.0091012312	0.1831376157	0.0845679908	-0.0067261623	-0.0797011018	-0.118613127	0.023981551	0.0287666468	-0.1172420956	0.1004553732	0.1177631963	-0.0373723752	-0.0019689027	0.0242144773	0.0043871836	0.081664358	0.0389157907	0.1258381538	0.0591014398	-0.042764635	-0.0222934056	0.0473475759	-0.0387268585	0.0575947306	0.035984722	-0.0512142507	-0.0455935983	0.0767161595	0.1469905535	-0.0282853148	-0.1083449179	-0.0996254721	0.0278390538	-0.1919921807	0.0702866295	-0.0071012013	0.061994141	-0.1618201169	0.0857060032	-0.0082149057	-0.0752665797	-0.1068372829	0.0563557356	-0.049127071	-0.1026912365	0.1369748765	0.0243610397	-0.1019674091	-0.0089266259	0.0267105846	0.0005351913	0.0866467628	-0.1067503017	0.0073470807	-0.0458921393	0.0600025105	0.0091797294	-0.0586686894	0.1043168158	-0.0430259632	0.0345080361	0.0616102251	-0.0084213007	-0.0939474491	-0.1654016262	-0.0452147233	0.024896713	0.1036072129	0.0543146676	0.1587972812	-0.0421695855	0.0730226816	0.0251941721	0.2033031916	0.1008295031	-0.0017710595	0.0410615661	-0.0144331791	0.2000821906	-0.1639562736	-0.1304141683	0.1134587063	0.0124925624	0.0511129891	-0.0028598085	0.1309015961	0.0870433743	0.0592079062	-0.0527843479	-0.0515195337	0.1020723834	-0.022642914	0.0574292359	0.0903032618	0.1223956255	0.0216326133	-0.064594323	-0.1099576551	-0.1032856033	0.0589855141	0.0013410152	0.3756	-0.1311979999999999	0.0172129152039999	0.1410753599999999	0.279327	-0.228715	0.052310551225	0.078023572929	0.19019	-0.013072	0.000170877184	0.0361722361	0.00637487	-0.0014522999999999	2.1091752899997107e-06	4.06389675169e-05	-0.000643639	0.000776401	6.027985128010001e-07	4.14271162321e-07	0.00713942	-0.0012117599999999	5.09713179364e-05	1.4683622975997609e-06	0.0	0.0	0.0	0.0	0.0	0.0	0.0	1.0	0.0	0.0	0.0	0.0	0.0	0.0	0.0	0.0	0.0	0.0
270.8361669383028	-0.1964137495294267	73352.22932183223	0.0385783610042083	237.6538980882379	-0.6676370644871383	56479.37527653456	0.4457392498770033	200.31834786418727	-0.1282789629221667	40127.440491037545	0.0164554923283866	198.8657258710097	290.47223913179886	1.175453	26.967438	0.10365445	0.0585642	0.0938398485	-0.0005568734	-0.0707910855	-0.0755597971	-0.1210470484	-0.0135744654	0.1322290149	-0.0359646232	-0.0809902073	0.0419231536	-0.0021511518	0.0589454462	0.098339598	0.0061481366	-0.0638286682	-0.126497344	-0.0183159263	0.1183128847	0.1245860556	-0.0127390166	0.0414654046	0.0331511959	-0.0300053926	0.0832673189	-0.1398889759	0.0386425402	0.0930983712	0.0841721311	0.0664705237	0.0999745261	0.1331773364	-0.1157238744	-0.0151334225	0.0218730198	-0.130908183	-0.0917369931	0.0146721933	-0.0404964415	-0.0589989986	0.0433504753	-0.0796190558	-0.0404305909	-0.0236990817	0.0160567278	-0.0919495306	0.0968516692	-0.0313334987	0.0208662249	0.099506609	0.0082400687	-0.0837775138	-0.1258990888	-0.0165633614	0.1542463806	0.0223433871	0.0033524417	0.059821144	0.0116632753	-0.0417815794	0.1117157618	-0.1347911107	0.0375794427	-0.1257876948	0.0510784429	0.1322596054	-0.0277593761	-0.1331024679	0.0706602053	-0.0162126219	-0.0314575188	-0.1041046552	0.1139256604	-0.0032369811	0.0275819322	0.0629617331	-0.0942728367	-0.0002480398	0.0052136436	0.0805273016	-0.0013023426	0.091285669	-0.0583456501	0.0763818145	0.0115571689	0.1015816521	-0.0306132486	0.0473455668	-0.0161595017	0.1974918878	-0.1116577108	-0.139281184	0.0384684023	-0.0853049555	-0.0224707638	0.0448819221	-0.0534030826	0.05760583	-0.0152935619	-0.1403613768	-0.1281550767	-0.0709842866	0.0113221465	-0.0633791075	-0.0673288881	-0.0967763609	-0.0919879236	-0.0467367031	-0.0752515972	-0.1046092073	0.0635899959	-0.0067017003	0.370179	-0.005421	2.93872410000001e-05	0.137032492041	0.325826	0.046499	0.002162157001	0.106162582276	0.157646	-0.0325439999999999	0.0010591119359999	0.024852261316	0.00640339	2.851999999999976e-05	8.133903999999863e-10	4.10034034921e-05	-0.000775628	-0.000131989	1.7421096120999998e-08	6.01598794384e-07	0.0073627199999999	0.0002232999999999	5.420964579839853e-05	4.986288999995549e-08	0.0	0.0	0.0	0.0	0.0	0.0	0.0	0.0	0.0	0.0	0.0	0.0	0.0	0.0	0.0	0.0	0.0	0.0
270.7777293652552	-0.0584375730476267	73320.57872020338	0.0034149499436967	237.8291947932183	0.1752967049804112	56562.72589599058	0.0307289347769893	200.3406321536452	0.0222842894579287	40136.36889172218	0.0004965895566447	198.8379294398277	292.5334742959477	1.271363	29.167812	0.1033461999999999	0.0594774	0.0822902057	0.0470050705	-0.0511489873	-0.0188720645	-0.1370295312	-0.1436742121	0.1237260764	0.0044633018	-0.0276384024	-0.0467581774	0.0160272149	0.0657874431	0.1038174169	0.0060093413	-0.0838490978	-0.0347282876	0.1104014686	-0.0238124494	0.0817896672	0.0883480082	-0.0854817571	0.1421459929	0.0859642639	0.057010497	0.1495594811	-0.056758455	0.0978758959	0.1177332527	0.0849966986	0.0316883052	0.0574332143	-0.0515391801	-0.0167282028	0.0603534185	-0.0499952252	0.0710855739	0.0790468204	0.0154503255	0.0690683264	-0.0638173217	-0.1008225606	-0.0663124763	0.0593297195	-0.0977839657	0.0496685859	0.0529038046	-0.0991895233	0.0304945374	0.1056143197	0.0078091166	-0.086633467	-0.0154504255	0.1160912764	0.0260781001	0.0778013645	0.0242741538	-0.1201844822	0.1134598195	-0.0494618445	0.0330757326	0.1855222645	0.0097982227	-0.173078366	-0.0055954607	0.0570103622	0.0628792492	-0.0611175902	0.0369823888	-0.0002545909	-0.0732873558	-0.0816569558	-0.0730825226	-0.0593583472	0.0023157434	-0.0775243495	-0.0542265258	0.0019243986	0.1249291721	0.0315670445	0.0938610146	0.0050176547	-0.0951755916	0.0085967378	0.0424645284	0.1036828972	0.0081386542	0.0284255171	-0.0049943938	0.199584563	-0.1192435802	-0.1296451095	0.0875316848	-0.1150049568	-0.099116876	-0.2068363859	-0.0827788028	0.0819575286	0.0857374613	0.0247213711	0.0157245328	0.0938136943	-0.0613941701	0.1346049906	0.1219680018	0.1225430355	-0.0128364478	-0.0592771909	-0.1001245052	-0.1058801375	0.0680664159	-0.0147140554	0.344305	-0.0258739999999999	0.0006694638759999	0.118545933025	0.274758	-0.051068	0.002607940624	0.075491958564	0.151882	-0.005764	3.322369600000022e-05	0.023068141924	0.00613323	-0.00027016	7.29864256000001e-08	3.76165102329e-05	-0.000632984	0.000142644	2.034731073600001e-08	4.0066874425599993e-07	0.0073627199999999	0.0	5.420964579839853e-05	0.0	0.0	0.0	0.0	0.0	0.0	0.0	0.0	0.0	0.0	0.0	0.0	0.0	0.0	0.0	0.0	0.0	0.0	0.0
270.9726414742347	0.1949121089795085	73426.17242752414	0.0379907302268398	238.1794996503033	0.3503048570850069	56729.47405366883	0.1227134928973471	200.19740121355528	-0.1432309400899214	40078.99945266123	0.0205151021990426	198.65510695482928	290.5703412318508	1.620028	37.16695	0.138812045	0.0638212	0.1062580906	0.033136163	-0.0335484945	-0.1151142305	-0.1303516089	-0.1616411777	-0.0799247125	0.0446289936	-0.0113211009	0.0701563393	-0.1113357069	0.058718326	0.1068456002	-0.0274422334	-0.0267520187	-0.0537206489	0.0787802128	-0.0118478292	-0.0162445756	-0.1447097556	0.0641753908	0.0624957109	0.0548975232	0.1599639057	-0.0302211496	0.1260533383	0.1690223931	0.0857954939	0.0836671963	0.1099747965	-0.0563855548	-0.1498219672	0.1208820548	0.158683737	-0.0044112874	-0.0648956109	0.2506219767	-0.0592672901	-0.0420632102	-0.0927961953	0.1497538851	0.087358498	0.0934156379	-0.0248286116	0.0461577075	-0.1128093393	-0.0498235409	0.0492407836	0.1075898778	-0.0274137369	-0.0279040886	-0.0338747734	0.08128076	-0.0133013639	-0.0234943602	-0.0996530189	0.1650545708	0.0466888469	-0.0441758697	0.1660941706	0.0001976548	0.1356924566	-0.172998325	0.0942632167	0.0917935545	0.0317053851	0.0609129376	0.141278332	-0.1305130284	-0.1869614247	-0.0236352927	0.0085113842	-0.1537523824	0.1920249959	0.0267894234	0.1856447519	0.030744867	0.02278179	-0.0632491228	0.0225125372	-0.0339250576	0.0180598526	-0.0941479409	-0.0778168769	0.1113998183	-0.0044663691	0.0519524791	-0.0129616842	0.2386233629	-0.0537383029	-0.094083875	0.0052271405	0.1536441494	-0.0282892529	-0.1417202941	-0.0271243375	0.1133914648	-0.0121474998	-0.2468641099	0.0302246778	-0.0790098211	0.1038294724	-0.1235303993	-0.2566167671	-0.1238249433	0.0405978596	-0.1216071357	0.02130915	-0.1070977539	0.0724057592	-0.0226597522	0.329337	-0.014968	0.000224041024	0.108462859569	0.233293	-0.041465	0.001719346225	0.054425623849	0.162991	0.011109	0.000123409881	0.0265660660809999	0.00645661	0.0003233799999999	1.045746243999999e-07	4.16878126921e-05	6.66369e-05	0.0006996209	4.894694037168099e-07	4.44047644161e-09	0.00696032	-0.0004023999999999	4.84460545024e-05	1.619257599999196e-07	0.0	0.0	0.0	0.0	0.0	0.0	0.0	0.0	1.0	0.0	0.0	0.0	0.0	0.0	0.0	0.0	0.0	0.0
270.6956197643139	-0.2770217099208025	73276.11855958602	0.0767410277674452	237.95530155037025	-0.2241980999330621	56622.72553592764	0.0502647880135953	200.07576452915205	-0.1216366844032279	40030.3115519247	0.0147954829926104	198.5733885892421	284.37907530879914	1.870836	42.921024	0.424628855	0.259077	0.1186597346	-0.0775531793	-0.108538826	-0.217375272	-0.1696560264	0.0443236738	-0.0095051686	-0.0448811126	-0.0909245075	0.2345568781	0.0262381786	0.0173020483	0.1400124002	-0.1192969915	0.0198929107	-0.1035073301	0.1654096546	-0.1126943559	-0.0079275455	-0.0182464007	-0.084383052	-0.1094029248	-0.0156985416	-0.2529668352	0.2558223463	-0.0674204348	0.1696264726	-0.0403930042	-0.0270955338	-0.2362436095	0.0522836882	0.2074434129	0.1797462807	0.0946239594	-0.247774425	-0.1435738419	0.1176919008	-0.1234647428	-0.16504466	0.1151441641	0.0646888975	0.1909434709	-0.0710061701	0.0711515319	0.154324317	-0.0544157149	0.2008943439	0.0201120716	0.1427473288	-0.1144073987	0.0262166419	-0.0946426218	0.1878964285	-0.0729384165	0.0649988401	-0.0613352148	-0.0973866339	-0.0766072924	0.0911652921	-0.3127080805	0.1765057475	-0.0239929492	-0.0543201784	0.1287127751	-0.1748472444	0.0884013985	-0.0324820209	-0.2271807114	-0.1541088174	-0.0740861251	-0.1945592031	0.1328260538	-0.0644640307	0.1933669302	0.2690500531	-0.0166284236	-0.0323216813	-0.2042362391	-0.098674478	-0.0405237949	-0.1926854103	0.2136142392	0.011410648	-0.0053067578	0.1049542447	-0.0329665582	0.101904304	-0.0192012027	0.381208536	0.0951323044	0.1746602737	-0.289756266	0.5663068285	0.0275510457	0.3086062549	-0.3613424497	-0.1423733824	0.184682439	0.0631946488	0.0987966235	0.0306234691	-0.0295187174	-0.040007575	0.021256441	0.0575300692	0.0147758908	-0.0029835653	-0.011823424	-0.1082614433	0.0765992869	-0.0305027946	0.284313	-0.045024	0.002027160576	0.0808338819689999	0.464767	0.2314739999999999	0.0535802126759999	0.216008364289	0.260779	0.0977879999999999	0.0095624929439999	0.0680056868409999	0.00615969	-0.00029692	8.81614864e-08	3.79417808961e-05	0.000776574	0.0007099371	5.040106859564101e-07	6.030671774760001e-07	0.00696032	0.0	4.84460545024e-05	0.0	0.0	0.0	0.0	0.0	0.0	0.0	0.0	0.0	0.0	1.0	0.0	0.0	0.0	0.0	0.0	0.0	0.0	0.0
271.4233438281088	0.7277240637948807	73670.63157483176	0.5295823130261357	237.3544820290577	-0.6008195213125589	56337.15013928227	0.3609840971902524	200.81652843634893	0.7407639071968788	40327.27809322694	0.548731166205586	199.1862793987512	295.75610613340547	2.490615	57.140087	1.3273088999999996	0.7580599999999998	0.0189143611	0.1368108989	-0.0165088872	-0.129181116	0.0359312689	-0.0877317978	0.1097721993	-0.1192436042	0.0837365072	0.1582879565	0.1422028505	0.0379404723	-0.0375151755	-0.1329564125	-0.1879513816	-0.0189052521	0.0769956064	-0.2074253139	0.0490173717	0.0783164537	-0.0601262455	-0.0822834454	-0.2574283978	-0.1898343542	0.1176934347	0.1319038742	0.2412454367	0.037514626	-0.147971166	-0.1986830742	0.0958997547	-0.0394721757	-0.1978456914	-0.0990427361	0.134963458	0.2393971899	0.0962951842	0.0188209834	-0.0818194783	0.1260264418	-0.1059045368	-0.006689193	0.1067108316	0.0882703368	0.0092438303	-0.1425316379	-0.045161223	-0.0867714397	-0.0386563938	-0.1359884025	-0.1792744565	0.0144543775	0.1066819618	-0.1420102427	0.1810100603	0.0337986654	-0.1201097918	-0.0812392505	-0.0904267137	-0.3055454145	-0.0432855022	0.1328106286	-0.0751238079	0.2263784424	-0.2357835759	-0.0938573843	-0.1643991854	0.1002817064	0.1540316868	0.1320626119	0.0826475444	-0.2942907655	-0.0817421302	0.0104768724	0.0869343006	-0.1392160333	0.0319288057	0.037031666	-0.0063553706	-0.1149948364	-0.0162784408	-0.0194658411	-0.1261954314	0.0739538723	-0.00444908	0.1964604262	-0.054724217	-0.0405451936	0.1553336793	0.025336986	0.1798398166	0.0187424804	-0.10590676	-0.0903560665	0.0377368057	0.0951156912	-0.3869108342	-0.1327483639	-0.0186642124	0.0562368105	-0.0502351238	-0.3239054856	0.0544531674	0.4581401003	0.0428037682	-0.0681010508	-0.0860513992	-0.0777152774	-0.1093706198	0.0806385538	-0.0382076517	0.27236	-0.0119529999999999	0.0001428742089999	0.0741799695999999	0.0962015	-0.3685655	0.13584052779025	0.0092547286022499	-0.21786	-0.478639	0.2290952923209999	0.0474629795999999	0.0135882	0.00742851	5.51827608201e-05	0.00018463917924	9.5056e-05	-0.000681518	4.6446678432400006e-07	9.035643136e-09	0.00570732	-0.0012529999999999	3.25735015824e-05	1.5700089999999994e-06	0.0	0.0	0.0	0.0	0.0	0.0	0.0	0.0	0.0	0.0	1.0	0.0	0.0	0.0	0.0	0.0	0.0	0.0
273.304166134208	1.880822306099219	74695.16722631476	3.5374925471203844	239.45524956304817	2.100767533990478	57338.81654330168	4.413224231868433	201.89263081713776	1.076102380788825	40760.63437826508	1.1579963339393773	200.2946484562905	299.1637387576825	1.623598	37.248837	0.3690676	0.230518	0.0031567938	0.264078081	0.0186404316	-0.1779851399	0.0525917034	-0.166480876	0.0158994794	-0.1178483838	0.0939591382	0.0989529951	-0.0244523483	0.1623699238	-0.1016106604	-0.122634447	-0.3227587604	-0.0750284145	0.0538280493	-0.067442556	-0.0870184317	-0.0555015565	-0.1073363564	-0.0404803827	0.0336960702	0.1610558571	-0.1210163206	0.1442969399	-0.1217213526	-0.0044654885	0.028812853	0.0074878214	0.0218576405	-0.0659598945	-0.020095768	-0.0634554167	-0.0356968803	0.0493258931	-0.0107050517	-0.1443864475	-0.1792271156	-0.0908762193	-0.0265404039	0.0259957587	0.0509793263	0.1749635166	-0.121602913	0.0139554588	0.0403183244	-0.1531543942	-0.1040469645	-0.1220616032	-0.3170459537	-0.0365303842	0.0845025983	-0.1329405891	-0.0670280351	-0.1200114564	-0.0177623237	0.0322481818	0.0087619988	0.1980180723	-0.1559208621	0.1353004725	0.066904376	-0.0824690891	0.0229271058	0.0189211914	-0.0421639086	0.0603125012	-0.0125696531	0.0595190457	-0.0455201709	-0.0420517311	0.1002875168	0.1137789304	0.1684128252	0.0111470245	-0.0880551723	0.0946528848	-0.0270051325	-0.139427714	0.0939439428	0.0222642526	0.0565454879	0.1351100428	0.0023680555	0.2442373233	-0.0697706295	-0.0683550476	0.1594196322	-0.0341402375	0.1238414796	-0.0666201503	0.0537479578	-0.095858385	-0.0454135891	0.1517447141	-0.0263463557	-0.1524343126	0.160363825	-0.1471931444	-0.0884258749	0.1717330998	0.0271770968	-0.2166034074	0.0829838788	0.0033856064	0.0960182843	0.058634992	-0.1104247249	0.0845154255	-0.0457394187	0.256296	-0.0160639999999999	0.0002580520959999	0.065687639616	0.179265	0.0830635	0.00689954503225	0.032135940225	-0.232287	-0.0144269999999999	0.0002081383289999	0.0539572503689999	0.00942498	-0.00416322	1.7332400768400003e-05	8.883024800039999e-05	0.000360528	0.000265472	7.0475382784e-08	1.29980438784e-07	0.00502575	-0.00068157	2.52581630625e-05	4.6453766490000046e-07	0.0	0.0	0.0	0.0	0.0	0.0	0.0	0.0	0.0	0.0	0.0	1.0	0.0	0.0	0.0	0.0	0.0	0.0
271.74291755295167	-1.5612485812563364	73844.21324019029	2.437497132474923	238.198235360882	-1.2570142021661752	56738.39932903813	1.580084704447466	201.1666767076848	-0.7259541094529709	40468.031817614166	0.5270093690316561	199.663799625476	300.830299637056	1.22973	28.212669	0.1641585999999999	0.0904175	0.0098016458	0.2616540615	0.0381766642	-0.1859219412	0.0764563057	-0.0218010044	0.1442870741	-0.1427678708	0.0932020041	-0.0034813245	0.0182905769	0.1707703524	-0.0683943293	-0.1682430631	-0.2397593825	-0.0212203428	-0.0703368653	0.0063900971	0.0555331639	0.0578516648	0.064379082	-0.0430238977	0.0535368709	0.0570221252	0.1709124341	0.1489433936	-0.1597979325	-0.1364342164	0.0729313453	0.0085547201	0.1125371181	0.0403749174	-0.0654383547	-0.0695021067	-0.0518801301	-0.0972821484	0.0843356278	-0.019053369	-0.0136591421	-0.0384767631	-0.138470052	0.051531162	-0.0080171125	0.0199156852	0.1113147748	0.0851519878	-0.0306794946	0.0285443488	-0.0711531076	-0.1641600616	-0.2446343822	-0.0171896886	-0.0452363676	0.0108318374	0.0274691678	0.0906147702	0.0206284664	-0.033350994	0.06788547	0.0137084178	0.1071869065	0.2045100169	0.1908566325	-0.0765385039	0.0936922819	0.0556497547	-0.0911745633	-0.081022692	0.0040185279	0.1102350473	-0.0810675933	0.0594245433	-0.0997085797	0.0672034283	-0.0043519036	-0.0420891802	-0.1011420208	0.0505486778	-0.0390944204	0.0492984204	-0.1004506997	-0.0568692521	0.0736638647	-0.0916839261	0.0093374235	0.2498696656	-0.0644374256	-0.0714382328	0.1430809028	-0.0130990577	0.0823953596	-0.0240810926	-0.079107564	-0.1757519118	0.0646958276	0.2503683103	-0.0199324647	0.0008214097	0.0862580892	-0.1159785617	0.0778463564	0.0895299916	0.0036625845	-0.0207437836	0.0981564354	-0.0224535392	-0.081639741	0.0246011359	-0.1114232278	0.0882220943	-0.0530639746	0.243424	-0.012872	0.000165688384	0.059255243776	0.104703	-0.074562	0.005559491844	0.010962718209	-0.221106	0.0111809999999999	0.0001250147609999	0.048887863236	0.00899664	-0.0004283399999999	1.834751555999994e-07	8.093953128960001e-05	0.00116982	0.000809292	6.549535412640002e-07	1.3684788324e-06	0.00495251	-7.323999999999959e-05	2.45273553001e-05	5.36409759999994e-09	0.0	0.0	0.0	0.0	0.0	0.0	0.0	0.0	0.0	0.0	0.0	0.0	0.0	0.0	0.0	0.0	0.0	0.0
270.72397422336127	-1.0189433295903996	73291.47021929118	1.0382455089167697	237.9055651230148	-0.2926702378671848	56599.05791650104	0.0856558681332345	201.01546650585567	-0.1512102018291159	40407.21777456678	0.0228645251372019	199.3828917483548	291.610055407741	1.252762	28.741064	0.377983	0.18971	0.0026171871	0.1592503444	0.0682091033	-0.1024207366	0.1207037421	-0.0210439971	0.1553432013	-0.004350568	0.1659197634	0.0884654088	0.0258336583	-0.0512645009	-0.0827493158	-0.1076795891	-0.1630285984	0.083926844	-0.1170199256	-0.0197522212	0.1083880802	-0.1704393506	0.0901406003	0.0581218375	0.0179589695	0.0587575838	-0.0885018064	0.1394663787	-0.063711994	-0.0978972247	-0.0272203816	0.0127746778	-0.1010985513	0.0896108432	-0.0659783683	0.0221179977	-0.0372607096	-0.0789335379	0.0222560203	-0.065928563	-0.111264884	0.0651471402	0.0422679082	-0.0478837219	-0.0001502742	-0.0189470898	0.0630565264	0.2044406219	0.1217499263	-0.0383975322	-0.0868243401	-0.1093348864	-0.1633273978	0.0774998216	-0.1361794058	0.0308476406	0.0790652773	-0.100599225	0.1896294949	0.0388119231	0.0135755414	0.093868825	-0.0729742053	0.0704945525	0.1304832843	0.0524394452	-0.0066124607	0.0061968777	0.1239659099	-0.040261882	0.0869343646	0.0397475197	-0.0283636553	0.0740467404	-0.02878236	0.0786007054	0.1177712417	-0.0091814993	0.0828396185	0.0113403657	0.0419059835	0.0324234879	-0.039005227	0.0189942833	0.2136903993	0.0618696141	-0.0213978107	0.2019206693	-0.0848561558	-0.0897444986	0.0734525015	0.0428572624	0.1474696823	0.022673007	-0.080318877	-0.1560821396	0.0022742671	-0.0259062076	0.0106611093	-0.1466453512	-0.1206104125	-0.1514262467	0.020438046	0.0718092634	0.0024580972	-0.1045820533	0.0422306448	0.0368701723	-0.1328390146	0.0298997058	-0.1123656258	0.0917510955	-0.0601481375	0.27246	0.0290359999999999	0.0008430892959999	0.0742344515999999	0.217094	0.112391	0.012631736881	0.047129804836	-0.30319	-0.082084	0.006737783056	0.0919241761	0.010735	0.0017383599999999	3.021895489599998e-06	0.000115240225	0.00123534	6.55199999999999e-05	4.292870399999987e-09	1.5260649155999998e-06	0.00623807	0.0012855599999999	3.89135173249e-05	1.6526645135999996e-06	0.0	0.0	0.0	0.0	0.0	0.0	0.0	0.0	0.0	0.0	0.0	0.0	0.0	0.0	0.0	0.0	0.0	0.0
270.645428133134	-0.0785460902272916	73248.94776936738	0.0061694882899938	237.01842381682576	-0.8871413061890507	56177.73322861244	0.7870196971468151	200.636868831504	-0.3785976743516812	40255.15313451014	0.1433361990245016	199.02538364648112	290.1215970690158	1.261748	28.947224	0.2294695	0.11945	-0.0236680935	0.0938860636	0.0325570238	0.0072778852	0.0855710453	0.0328866781	-0.0067552809	-0.0330914286	0.1269200429	0.1123541237	-0.1231702626	-0.0747569826	-0.0457489637	-0.0686421432	-0.0617504187	0.0277980534	-0.0301334935	-0.1644235659	-0.1193038216	-0.0787533401	-0.1065659025	0.1198758483	0.0449048941	-0.058313209	-0.1056181857	0.0276997409	-0.0708471872	0.0432528605	0.0409789423	-0.1515236942	-0.0316354099	-0.0389194891	-0.1387826277	-0.0105402731	0.0153301183	-0.0967010925	-0.1034144776	-0.0989910688	0.1765999379	-0.0852339144	-0.1111999519	-0.1254213506	0.0755460504	-0.1695008707	0.0188878613	-0.0497631846	0.0025975627	0.0170922959	-0.048677528	-0.0693195776	-0.0544578934	0.0362545079	-0.0065305126	-0.2097092547	-0.0162112251	-0.0650623119	-0.0060761607	0.1712980442	0.0089710116	-0.0213753148	-0.0704108247	-0.0377278273	-0.0089365348	-0.0216119058	-0.1208221278	0.1046920434	-0.0164685403	0.0115496681	0.1232307497	0.0618813093	-0.0046365855	0.1183136408	0.1073769102	0.025349559	-0.2405446735	-0.0695619662	0.028532413	0.1941760385	0.0179983875	0.1378567754	0.0148737303	0.0247087533	-0.0302522285	-0.0108508512	-0.0359690276	0.1225972456	-0.0828888934	-0.0717128337	0.0291923136	0.0504328685	0.1618360336	0.1299291385	-0.0037099116	-0.0419749574	-0.1551140912	0.0142847543	0.0538834496	-0.0457650572	0.1510389738	-0.0710526322	-0.0014499255	-0.0458272003	0.0850390417	-0.0979254126	-0.0777896304	-0.0444574979	-0.1919053834	-0.0596890398	-0.1132514443	0.0950953223	-0.0669598143	0.319961	0.047501	0.002256345001	0.102375041521	0.254216	0.0371219999999999	0.0013780428839999	0.064625774656	-0.296197	0.006993	4.890204900000038e-05	0.087732662809	0.0123385	0.0016035	2.5712122500000023e-06	0.00015223858225	0.00131776	8.242000000000015e-05	6.7930564000000254e-09	1.7364914176e-06	0.00730922	0.0010711499999999	5.34246970084e-05	1.1473623224999997e-06	0.0	0.0	0.0	0.0	0.0	0.0	0.0	0.0	0.0	0.0	0.0	0.0	0.0	0.0	0.0	0.0	0.0	0.0
271.4791520436599	0.8337239105259187	73700.92999434461	0.69509555898263	236.7216704766961	-0.2967533401296691	56037.149273277486	0.0880625448781151	200.79791810938613	0.1610492778821424	40319.80391706374	0.0259368699063595	199.25438949969828	292.7878362625965	1.356518	31.121462	0.6409134999999999	0.308858	-0.0907223905	-0.0052667686	-0.087818814	0.0072943816	0.0555496765	0.1085102777	-0.1459877521	-0.1931380027	-0.1538977468	-0.0283295997	-0.1290892993	-0.1388086434	-0.0472279546	0.0416973393	-0.0022278094	-0.1372450644	-0.0351461218	-0.1044097079	-0.1120838892	-0.0511760707	0.1718940219	0.0136324753	0.0284355995	-0.0941778612	-0.0292654363	-0.1105841397	0.0124298139	-0.0542491361	0.0214090433	0.0362163405	-0.1799944642	0.1608211182	-0.0677155566	-0.1735242917	-0.0590955294	0.1421579215	0.0593180364	0.0964069492	0.0167361317	0.0868718025	0.0539871604	-0.0645654335	-0.0762853454	-0.1098389572	-0.0257117227	0.1238692584	-0.0602065259	0.0113563826	-0.0491441065	0.0453010803	-0.0062769601	-0.1370473317	-0.0039052437	-0.134414515	-0.016075543	0.0463028337	0.1617624559	-0.0539943995	0.0164781648	-0.055165767	0.0486930823	-0.1655152772	-0.0045982729	0.019919062	0.0352908423	0.0481794725	0.2186731948	-0.0794376938	0.076992404	0.1816739417	-0.0496894873	-0.1625551911	-0.0270211105	-0.0732702689	-0.000751277	0.0026916118	0.0488022381	-0.1090960471	0.1123613801	0.0809520171	0.0571957656	-0.0805280416	0.0837232675	0.0238839052	-0.0830171952	-0.0655153358	-0.0703233301	0.0062690615	0.0878827607	0.0531649994	0.1185741438	0.1936883512	0.0081130035	0.0979357143	0.0430662923	0.0621825516	0.072821761	0.001503853	-0.0327423359	0.0557473094	0.0755635521	-0.0408328049	0.0254260793	-0.1235989452	-0.1057414132	0.0572620391	-0.0680898966	-0.00654657	-0.1140802373	0.0982480398	-0.0734681463	0.463367	0.1434059999999999	0.0205652808359999	0.2147089766889999	0.331401	0.077185	0.005957524225	0.109826622801	-0.19493	0.101267	0.0102550052889999	0.0379977049	0.0138762	0.0015376999999999	2.3645212899999982e-06	0.00019254892644	0.00050763	-0.00081013	6.563106169000001e-07	2.576882169e-07	0.0113425	0.00403328	0.00012865230625	1.62673475584e-05	0.0	0.0	0.0	0.0	0.0	0.0	0.0	0.0	0.0	0.0	0.0	0.0	1.0	0.0	0.0	0.0	0.0	0.0
271.74784556677804	0.2686935231181451	73846.89157018544	0.0721962093656411	236.92112944397743	0.1994589672813447	56131.62157700991	0.0397838796289405	201.05619653622009	0.2582784268339537	40423.59416561116	0.066707745767822	199.5661745212905	295.25739929754263	1.019525	23.390104	0.221699455	0.105018	-0.1059091991	0.0051281298	-0.0875950012	0.0353620313	0.0745716526	0.0048532762	0.1085719892	-0.1200117702	-0.0936828725	-0.0043831508	0.0058240502	-0.0448230663	-0.0900372238	0.0731293489	-0.0522261303	-0.1173707147	-0.0530962387	-0.0150006184	0.0785138398	-0.0352709149	0.0749323537	-0.017947198	0.0499897219	-0.0838137116	-0.0231515829	-0.0896470407	-0.013273219	-0.0093305116	0.057893609	-0.0164424717	-0.0189522991	0.1284559559	-0.0052093467	-0.1573981782	0.0319567627	0.1508245665	-0.0207165078	-0.0048448899	0.1440685024	-0.1091572234	0.0143396625	-0.126191382	0.0250703665	0.0181235495	0.070446629	0.0722888899	-0.0369881675	0.0545897868	-0.0882203285	0.0790509575	-0.0661116613	-0.1183228303	-0.0339188336	0.0297112251	0.0714824729	0.0153238368	0.0685384614	-0.0212276236	0.0712778302	-0.0435924005	0.015331725	-0.1076432796	-0.0149159417	-0.0129122436	0.0244101128	0.0516490167	0.0331830446	-0.1273008267	0.0204105205	0.1205425194	0.0043253147	-0.1691300814	0.0865195886	-0.0371185549	-0.1729158284	0.0494565599	-0.0218249367	0.0590430321	0.0541289771	-0.0231036868	-0.0544815083	-0.0581701301	0.0601223089	-0.0916025931	-0.1051624018	-0.0807397575	-0.0740604184	0.0380256747	0.0618416617	0.0465944786	0.0910514468	0.1851852567	-0.1015770316	0.0158580349	0.1070614603	-0.0394829062	0.0421416286	0.0409305379	-0.0279082701	-0.0606600365	0.0579517431	-0.0351429981	-0.0424264779	-0.010333619	-0.08779442	0.0374766714	-0.0031193741	-0.0264218185	-0.1148515874	0.1012028987	-0.0796436494	0.494365	0.030998	0.000960876004	0.2443967532249999	0.395726	0.064325	0.004137705625	0.156599067076	-0.254684	-0.059754	0.003570540516	0.064863939856	0.0140909	0.0002146999999999	4.609608999999999e-08	0.00019855346281	7.1809e-06	-0.0005004491	2.504493016908101e-07	5.1565324810000005e-11	0.0119598	0.0006172999999999	0.0001430368160399	3.8105928999999933e-07	0.0	0.0	0.0	0.0	0.0	0.0	0.0	0.0	0.0	0.0	0.0	0.0	0.0	0.0	0.0	0.0	0.0	0.0
270.9082418949872	-0.839603671790826	73391.2755266329	0.704934325684637	236.72959736932685	-0.1915320746505813	56040.9022706436	0.0366845356199558	201.0594962522557	0.0032997160356273	40424.92103321083	1.0888125915776591e-05	199.47875866196628	291.4952775385393	1.059579	24.309032	0.226125245	0.107538	-0.1205652276	-0.0611478916	-0.0889131899	0.1499152344	0.08720813	-0.0807857679	0.040343448	-0.0501555915	-0.1297764016	-0.018950065	-0.0125482831	-0.1092767262	-0.1242519827	0.106659622	0.0131197272	0.0029451989	0.0554321872	-0.0048329156	0.0048491004	-0.0305270396	-0.0246061206	0.1143277029	0.045685259	-0.0029894419	0.0492798032	-0.0594003412	-0.0702928662	0.0613445269	0.0915118841	-0.0009311593	-0.0127740224	0.1316900279	-0.0347056367	0.1092472959	-0.0482763279	0.0270592252	-0.1589185027	0.057245799	-0.0177566263	0.0743649594	-0.0216343571	-0.100811173	0.05967986	-0.203400879	-0.0738654496	-0.0605463834	-0.0467928242	0.0590470006	-0.1238148326	0.1085672575	0.0137523568	0.0093610046	0.0462623536	0.0162471843	0.0144889061	-0.0289770563	-0.0007095823	0.09160093	-0.0336372932	0.0012932909	0.0905609054	-0.0543404972	-0.0166648198	-0.0778967269	0.0005317798	0.1021139703	0.0438765398	-0.1116037322	0.1129023492	-0.0975733447	-0.0239695513	0.0299723079	0.0690892884	-0.1548712597	0.0269779698	-0.065108863	0.1574636414	0.0664004706	0.0420343708	0.1227181365	0.1107658395	0.0219322053	-0.0784716526	-0.0367372988	-0.1208846954	-0.1273276438	-0.0826514661	0.0750484389	0.0332819093	0.1282291801	0.0951675207	0.2268657536	-0.0452238131	0.0082720386	-0.0067358493	-0.1464334248	0.0044356049	0.0785929215	0.0295464928	-0.0424222636	0.041738069	0.0249736204	0.0752076842	-0.0309951652	-0.0396728784	0.041740001	0.0762108851	-0.0228936428	-0.1155651064	0.1039539485	-0.0854583468	0.538704	0.0443389999999999	0.0019659469209999	0.2902019996159999	0.424675	0.028949	0.000838044601	0.180348855625	-0.277447	-0.0227629999999999	0.0005181541689999	0.076976837809	0.0152995	0.0012086	1.4607139600000016e-06	0.00023407470025	-0.000369304	-0.0003764849	1.4174087992801e-07	1.36385444416e-07	0.0129762	0.0010164	0.00016838176644	1.0330689600000012e-06	0.0	0.0	0.0	0.0	0.0	0.0	0.0	0.0	0.0	0.0	0.0	0.0	0.0	0.0	0.0	0.0	0.0	0.0
270.9267524697973	0.0185105748100795	73401.30520383081	0.0003426413797995	236.8223213606243	0.0927239912974471	56084.81189463481	0.008597738562129	201.0051153030685	-0.0543809491872195	40403.05637799986	0.0029572876345029	199.4230060747186	290.09766945526104	0.962588	22.083841	0.2262138	0.113355	-0.1299875747	-0.1115677196	-0.0594800865	0.1898895398	0.0974351402	-0.1131786861	-0.0258810356	0.0271019266	-0.1028050464	-0.0701164646	0.0199862525	-0.0060233734	-0.1191644067	0.1488638942	0.0889642058	0.0348483933	0.1358792172	-0.0487898498	0.0481022613	-0.0593450591	0.1352255206	-0.0020575249	0.0239445815	-0.0407916444	0.0188795877	0.0046865505	0.0181405066	0.1011836273	0.0240902175	-0.0072440144	-0.0482360548	0.0630638829	-0.0071383263	-0.0099713822	0.0288837335	-0.0374983095	-0.0369046518	0.1200391924	-0.0633604816	-0.0158063781	-0.0479909297	-0.0173590645	0.0769937414	0.0122134248	0.1634044942	0.0177261779	0.045323564	-0.0502490471	-0.1155544576	0.1526446111	0.0932772724	0.0438039923	0.1219254392	0.0136086751	0.0811558735	0.0101603046	0.1337957247	-0.0155334773	0.0292969992	-0.0318206979	0.025965918	0.0075846716	-0.0901826626	-0.0314707048	-0.0135460486	0.0278122924	0.0497032463	-0.0389756665	0.0460155149	0.0373831741	0.0492905834	0.0254798632	-0.0633444445	-0.1248194617	0.0448208764	0.0059234697	0.0189414571	0.0895804452	-0.0183444178	0.0068237385	-0.1643824013	0.0324477143	0.052994511	0.0470809908	-0.133336396	-0.1634607369	-0.0601114038	0.1229732013	-0.0140677437	0.1651550034	0.0605198712	0.2552327555	0.0324064613	0.0494201614	-0.0678999055	-0.0463695329	-0.0560011253	0.0682549186	-0.0781872088	-0.0089027656	0.0442680468	0.0393002204	0.0114862338	0.01488707	-0.0085819164	-0.0320977724	0.1516018807	-0.0418089233	-0.1162204348	0.1064956489	-0.0908858965	0.586747	0.048043	0.002308129849	0.344272042009	0.404656	-0.020019	0.000400760361	0.163746478336	-0.268545	0.008902	7.924560400000037e-05	0.0721164170249999	0.0168897	0.0015902	2.52873604e-06	0.00028526196609	-0.0008074999999999	-0.0004381959999999	1.9201573441591243e-07	6.520562499998385e-07	0.0139328	0.0009566	0.00019412291584	9.150835600000004e-07	0.0	0.0	0.0	0.0	0.0	0.0	0.0	0.0	0.0	0.0	0.0	0.0	0.0	0.0	0.0	0.0	0.0	0.0
271.0576766061074	0.1309241363101136	73472.26404710111	0.0171411294685492	235.89686380458784	-0.9254575560364628	55647.33035284026	0.8564716880249827	201.0739782181076	0.0688629150391193	40430.744716456014	0.0047421010676849	199.5052079899729	290.029391010578	0.919886	21.104181	0.1239724999999999	0.0595596	-0.124394752	-0.1349356033	-0.0883201955	0.2063983155	0.0824345213	-0.0685518432	-0.141872114	0.0157143839	-0.1545464315	0.1167527038	0.0086664477	-0.172174647	-0.1350463384	0.1386526464	0.1058457758	-0.0026689252	0.1230049499	-0.0558251813	0.0071335953	-0.100190087	0.0145374906	-0.076353941	-0.0012237268	-0.0590628447	-0.0322278658	-0.0295216187	0.0522372457	0.0725191464	0.0053593291	0.0173377907	-0.0481682546	0.1146930109	0.0120675747	-0.0610557419	0.0135926326	-0.0033939217	-0.0049039334	0.0559682878	0.0081223971	-0.0542850327	0.0267969228	0.0939421543	0.0859554777	-0.0314316605	-0.0525278659	-0.0104910271	0.0218682796	-0.0152835186	-0.1302166667	0.1428924898	0.1120928996	-0.0005418863	0.1105377059	-0.020446972	0.0455751944	-0.1018137565	0.0638522209	-0.0526417737	0.0319268497	-0.0437645198	-0.0436060748	-0.0311114306	-0.0893818002	-0.0095528043	0.0115109369	-0.0024255892	0.0742237908	-0.0829853888	0.0062045411	0.067683402	0.0246965616	-0.0168394067	-0.0358726309	-0.0408790171	0.003966177	0.0654991643	0.0160887199	0.0006266526	-0.1342720186	0.0278202735	0.0574621691	0.0361611933	0.0119894434	-0.0042867183	-0.1349834105	-0.1893268637	-0.0636077668	0.1212139883	-0.0175864649	0.1873109579	0.0615483237	0.2395537689	0.0723908479	0.1243915616	0.0018129413	-0.0543287352	-0.0399075875	-0.0340975699	-0.0951221529	-0.0593202813	-0.112146389	0.030390598	0.0112836312	0.0990401248	0.0300994245	0.0063450613	0.1824938763	-0.0234306936	-0.1168172427	0.1088228812	-0.0959017104	0.608872	0.0221249999999999	0.0004895156249999	0.3707251123839999	0.424959	0.0203029999999999	0.0004122118089999	0.1805901516809999	-0.315676	-0.047131	0.002221331161	0.099651336976	0.0166876	-0.0002021	4.084441000000008e-08	0.00027847599376	-0.00125157	-0.0004440700000001	1.9719816490008884e-07	1.5664274649e-06	0.0138907	-4.2099999999999776e-05	0.00019295154649	1.772409999999981e-09	0.0	0.0	0.0	0.0	0.0	0.0	0.0	0.0	0.0	0.0	0.0	0.0	0.0	0.0	0.0	0.0	0.0	0.0
270.880682958538	-0.176993647569418	73376.34440008397	0.0313267512799273	236.2268460370317	0.3299822324438537	55803.12278860348	0.1088882737286295	200.72701728733773	-0.3469609307698817	40291.33546907118	0.1203818874807026	199.11612461441	291.2263969720177	1.359778	31.196238	0.4409075	0.239648	-0.1442570378	-0.0088924357	0.0130699557	0.1225773289	0.0804419453	-0.0617120398	-0.1498097942	0.0305038167	-0.1115986583	-0.0679604028	0.0005517783	0.058541954	-0.098805592	0.0890342259	0.1437386737	-0.0487435754	0.0353409263	-0.0518198958	-0.037295045	0.0044260372	0.0403843932	-0.0695693258	0.0563563636	0.0654339529	0.0468353722	-0.0144093539	-0.1330929127	0.1395476636	-0.0365273411	0.1151780662	0.0707455255	0.0483884341	0.0591107502	-0.0667889092	-0.0023692823	0.0775485198	-0.054228841	0.0388238127	-0.2216231669	0.0056129722	0.1834813085	0.0158957767	-0.025282463	-0.1483023448	0.0046393387	0.062525464	0.0353853532	0.0604470577	-0.0967108372	0.0909235434	0.1504615305	-0.0511335442	0.0548188708	-0.0683755046	-0.0021856358	0.0277454409	0.0256849147	-0.0354693827	0.0649205438	0.0317669411	0.0349905405	0.0503937906	-0.0408670823	-0.2111286327	0.0630463575	-0.0989738807	-0.0159126912	-0.0521101495	-0.0242669975	0.0230247256	0.001001084	-0.0770467976	0.0608492178	-0.0710783767	0.1970413601	0.1621404848	0.1013301854	-0.0158874054	0.0442640297	0.1270776114	0.0024040242	0.0332795606	0.0275546021	-0.0795319433	-0.1341581881	-0.0971420461	-0.0355009427	0.1036156504	-0.0388611516	-0.0061829994	-0.0519299908	0.1354495199	0.1205652224	0.1248443547	-0.0466317185	0.0905303626	0.0481150147	0.0678880165	0.0990137088	-0.099801163	0.0645231183	0.0850944985	0.0160780709	0.0471865414	0.0429549753	0.0109411878	0.1452944014	0.0222407601	-0.1173552296	0.1109309587	-0.1004830656	0.592857	-0.016015	0.000256480225	0.3514794224489999	0.330376	-0.0945829999999999	0.0089459438889999	0.109148301376	-0.274623	0.041053	0.001685348809	0.075417792129	0.0129512	-0.0037364	1.3960684960000006e-05	0.0001677335814399	-0.0019341	-0.00068253	4.658472009e-07	3.74074281e-06	0.0125245	-0.0013662	0.0001568631002499	1.866502440000004e-06	0.0	0.0	0.0	0.0	0.0	0.0	0.0	0.0	0.0	0.0	0.0	0.0	0.0	0.0	0.0	0.0	0.0	0.0
270.09146902968587	-0.7892139288521207	72949.40164261375	0.6228586254942002	236.75772456881367	0.5308785317819797	56054.22014300224	0.2818320155069905	200.4258456850233	-0.3011716023144402	40170.51961855677	0.0907043340406473	198.8505100680388	292.62231895661955	1.686083	38.682396	0.6924659999999999	0.342527	-0.0771762187	-0.0148585189	0.0046891566	0.0109640653	0.0086695581	-0.051473111	-0.0127269988	-0.0839173792	-0.074927535	0.034224199	0.174317639	-0.1308736532	-0.0328762003	0.0580554379	0.0845962952	-0.0759280805	-0.0972461773	-0.076567962	0.0713197674	-0.0894855711	-0.0829213563	-0.0979542003	0.116801279	0.1690181795	0.1034636368	0.0980835046	-0.0020821685	0.0253879149	0.178312584	-0.0504287342	-0.1070901607	-0.1515569788	0.0200822155	-0.0184273744	0.0923484244	0.0320660845	0.0226759183	0.1258499003	0.0488838907	-0.080346785	-0.0592853538	0.0699867006	-0.3063922282	0.176549245	-0.0803370391	0.0366904041	0.0141175964	-0.0236622831	-0.0334215707	0.0563728988	0.0701799953	-0.0950445174	-0.1083535194	-0.0327570979	0.0770985439	-0.1556311062	-0.0341427469	-0.031634431	0.0661117947	0.14246251	0.1101772405	0.1623715646	-0.0316018021	-0.0306097363	-0.0009920716	0.1828968501	0.0094626071	0.1495971385	-0.0208402263	-0.0216096353	0.1084805535	-0.0126897078	-0.0175058767	-0.0740155191	-0.0681322589	0.0506822393	-0.301859567	-0.1946666036	0.0911614022	-0.0822002106	0.0229385858	-0.0216796281	0.0475825485	0.0087554838	-0.0500892591	-0.0806689765	-0.0011540366	-0.0016701686	0.0530852398	-0.081670136	-0.1125711722	-0.1067207639	-0.0669658169	0.0846729127	0.1564849777	-0.0982204455	0.2651302543	-0.3387912187	-0.1423470971	0.1465631691	0.1859002585	0.2064829981	0.021226269	0.2391737271	0.2385444574	0.0127709429	-0.0293104863	0.1105010124	-0.1178341246	0.112815636	-0.1046092073	0.437389	-0.155468	0.024170299024	0.1913091373209999	0.402887	0.0725109999999999	0.0052578451209999	0.162317934769	-0.173729	0.100894	0.010179599236	0.030181765441	0.00873642	-0.00421478	1.7764370448399998e-05	7.63250344164e-05	-0.00245503	-0.00052093	2.713680649e-07	6.0271723009e-06	0.00998835	-0.0025361499999999	9.97671357225e-05	6.432056822499996e-06	0.0	0.0	0.0	0.0	0.0	0.0	0.0	0.0	0.0	0.0	0.0	0.0	0.0	1.0	0.0	0.0	0.0	0.0
270.397829902869	0.3063608731831095	73114.98641618087	0.0938569846175173	234.661589876006	-2.0961346928076807	55066.06176313484	4.39378065039195	200.4303701480532	0.0045244630299237	40172.33327768562	2.0470765709146427e-05	198.84206941078253	290.440740506975	1.75646	40.296993	0.6717414999999999	0.327856	-0.0342389584	-0.0074001272	0.0133382863	0.0780456711	0.0420381652	0.0225488213	-0.0493494209	-0.0918604431	0.0980021521	0.0134451798	0.0821444011	-0.0931275878	0.0158709669	-0.0906032147	0.0088252332	-0.1139584829	-0.037593006	-0.1110653198	-0.0206784494	0.0619575775	-0.1762009756	0.2385531326	-0.0112247934	-0.0132704872	-0.1791015956	0.0192558508	-0.1553299395	-0.0597613172	-0.1292679549	0.056477799	-0.0273812867	-0.010266232	-0.1009917001	-0.0155479977	0.1030015065	-0.0591840599	0.0479505066	0.2746438788	-0.0308740013	0.0827467907	0.2058736914	0.2091775543	-0.0263497433	0.1032676012	0.0098484605	-0.0296687616	-0.0002109653	0.0767235947	0.0086741933	-0.0961689045	-0.0109644337	-0.1081844028	-0.0221557226	-0.1131929729	0.0257836782	0.0399108871	-0.080759094	0.3257595103	-0.0475681179	0.0798158249	-0.189153917	-0.0690820535	0.1529074367	-0.0693570273	-0.020347227	-0.111648453	0.0553820004	0.0593214032	0.0750543396	0.0424460125	0.0773809317	0.0173622965	-0.2015004043	-0.1351902244	0.0533189704	0.1797526628	0.0304889782	-0.224707086	-0.1356333079	-0.1213152054	-0.0502292055	-0.0151856115	-0.0657878843	-0.0595442828	-0.0400217822	0.0365126947	-0.0227329276	-0.0130512748	-0.0686179861	0.0066273647	-0.01183769	-0.0223807839	-0.1424638679	0.1766923935	-0.0624306049	-0.1755693256	0.096206027	-0.2053698527	0.2471643056	0.2690304183	-0.1524551834	-0.0694509824	-0.2419741707	0.0143672698	0.0136725707	-0.2171678204	0.0256094462	0.1644952986	-0.1182536866	0.1144731177	-0.1082614433	0.318913	-0.1184759999999999	0.0140365625759999	0.101705501569	0.278789	-0.1240979999999999	0.0154003136039999	0.077723306521	-0.340623	-0.166894	0.027853607236	0.116024028129	0.0119981	0.0032616799999999	1.0638556422399996e-05	0.0001439544036099	-0.0025311	-7.607000000000013e-05	5.786644900000021e-09	6.406467210000001e-06	0.00808063	-0.00190772	6.529658119690001e-05	3.6393955984e-06	0.0	0.0	0.0	0.0	0.0	0.0	0.0	0.0	0.0	0.0	0.0	0.0	0.0	0.0	1.0	0.0	0.0	0.0
271.7658291936083	1.3679992907393057	73856.66591728947	1.8714220594632436	235.28472434418111	0.6231344681751239	55358.901509717296	0.3882965654278944	200.3739038909796	-0.0564662570736231	40149.70136051153	0.0031884381879045	198.8450841762192	298.44787837361207	1.903311	43.66608	0.8452715999999998	0.434302	-0.0471007981	0.0279000208	-0.0465812749	-0.0816987572	-0.0038627595	0.0581420516	-0.0214117629	-0.0771958442	-0.1478801209	-0.3656664171	-0.3607908597	0.0420077496	0.0471890283	-0.0478731233	0.0418620616	-0.1993373162	0.084262561	0.0467954087	-0.0706255669	0.2120061984	0.3452021187	0.3043496295	-0.4075806645	0.0768948019	0.0288938414	-0.1128893512	0.0565218724	-0.2612591557	-0.0706640663	-0.022875123	-0.0958467926	-0.0959623514	0.0459897586	0.1567124682	0.0226633684	0.0660731731	-0.0644457347	0.0105455208	-0.0174332655	-0.1566157483	-0.0502839082	0.0440969184	0.0537653978	0.0211243914	-0.0773154843	-0.0382166601	0.0520515693	0.0876878616	0.0479338933	-0.0475012405	0.0281034097	-0.1703546148	0.1107942615	0.0478617483	0.004656317	0.3559417522	0.1769268225	-0.0366703224	-0.5103053818	-0.0375528114	0.0668403626	-0.1488965831	0.234994556	0.1908511472	-0.0213432171	-0.0423277118	0.0429582023	0.103484105	-0.0461116955	-0.1531525343	0.0072092437	-0.0201677827	0.0355766217	-0.0619203816	-0.0042528164	0.0254823917	-0.1247321135	0.1235497713	-0.0866841655	-0.0372924936	0.072756994	0.0827449222	-0.0240383838	-0.0837154989	-0.0065792989	0.0102820658	0.071787964	0.0712632531	0.1853519538	-0.1809261492	-0.292349384	-0.0560329419	-0.141349031	0.1393284387	-0.0496857601	0.1457612319	-0.2135097698	0.1151614281	0.1447426451	0.2932605975	-0.07073549	0.1296355298	-0.0942112244	-0.1088260532	-0.0987744189	0.0948131046	0.021700508	0.1737793002	-0.1186137044	0.1159000657	-0.1114232278	0.398146	0.079233	0.006277868289	0.158520237316	0.0237122	-0.2550768	0.06506417389824	0.00056226842884	-0.0602842	0.2803388	0.07858984278544	0.00363418476964	0.00968495	-0.00231315	5.3506629225e-06	9.379825650249998e-05	-0.0046616	-0.0021305	4.53903025e-06	2.173051456e-05	0.00824944	0.00016881	6.80532603136e-05	2.849681610000005e-08	0.0	0.0	0.0	0.0	0.0	0.0	0.0	0.0	0.0	0.0	0.0	0.0	0.0	0.0	0.0	1.0	0.0	0.0
270.6976802149032	-1.0681489787050964	73277.23407372998	1.1409422407087404	236.6120220920708	1.3272977478896737	55985.2489984986	1.7617193115529992	200.8120758810877	0.4381719901081169	40325.489819671726	0.1919946929153077	199.2527067258025	295.32350641404975	1.833354	42.061111	0.6023558000000001	0.393636	-0.0606828881	0.0744141276	0.083252724	-0.0477785334	0.1290487309	0.027404878	0.1723845247	0.006923627	0.0602005776	0.0264716027	0.1167075108	0.1116362371	-0.0898883159	-0.066186125	-0.0201854019	0.0203576996	0.0101926187	0.0090226651	0.1380430932	0.0904778994	-0.0938378732	-0.0018269958	0.0196936605	0.0495924484	0.0271003463	0.103204705	-0.0472568507	0.0186908665	-0.0870766707	0.0923597714	-0.0137930164	0.0819644159	0.1999348968	0.2110747207	0.1420476175	-0.0762638688	0.0020491973	-0.217546398	0.0519424224	0.2324128424	-0.0092797474	-0.0123519542	-0.0857054218	0.0424733975	-0.010934456	0.1275949358	-0.1447575628	0.059283217	-0.0899937224	-0.0637082632	-0.0330274716	0.0192889568	-0.0035915039	0.0958915192	0.1116675997	0.0137908334	-0.1222452296	0.0364901853	0.0122851258	0.0545771047	0.0051718515	0.1163740931	0.0394928025	-0.0342675937	0.0046941297	-0.0961083723	0.1051914111	-0.1072704481	-0.0960112308	-0.2443262606	0.1877792144	0.0760482401	0.0490507512	0.1898743721	0.0139982916	-0.1727289059	0.1102839746	-0.1340133153	0.0425855333	0.0097889159	-0.0293594797	-0.1685047931	0.0500236244	-0.134055675	-0.0788419659	0.1115038093	0.0302813418	0.0476243687	-0.0883476519	-0.0886088561	-0.0881898951	-0.0752966934	-0.1565008383	0.0207358211	0.0794445894	-0.0372211337	-0.1478798771	0.0543722444	-0.066221852	0.0479395691	-0.208801332	-0.1484708763	-0.0988564845	0.1455621045	0.0327310618	0.2660596533	0.0202006179	0.1160855102	-0.1189139965	0.1170936064	-0.1140802373	0.412589	0.0144429999999999	0.0002086002489999	0.170229682921	0.0578407	0.0341285	0.00116475451225	0.00334554657649	-0.402443	-0.3421588	0.1170726444174399	0.161960368249	0.0121615	0.00247655	6.1332999025000045e-06	0.00014790208225	-0.0033852	0.0012764	1.62919696e-06	1.145957904e-05	0.008729	0.00047956	7.619544100000001e-05	2.299777936000004e-07	0.0	0.0	0.0	0.0	0.0	0.0	0.0	0.0	0.0	0.0	0.0	0.0	0.0	0.0	0.0	0.0	1.0	0.0
269.11726549424463	-1.5804147206585526	72424.10258709975	2.4977106892742507	236.4705205989789	-0.1415014930918801	55918.30711235211	0.0200226725472313	200.8846711771569	0.0725952960692097	40354.65111395446	0.0052700770113762	199.22039222717285	288.2539931782764	1.521762	34.912498	0.2925604	0.136773	-0.05419569	0.0968817597	0.2662381103	-0.0670775714	0.1434281536	0.0136016648	0.0665296806	0.196969925	0.178946414	-0.0599474627	0.062223745	0.1537297643	-0.1309393752	-0.1146214053	0.0278093723	0.2667156485	-0.051290042	0.1360019626	0.0243550209	0.1242858075	0.011722527	-0.0609286117	0.0251436073	0.0754719407	-0.0008463479	-0.0704094982	-0.0371024164	0.0644437377	0.0092774297	-0.1001107434	0.0417890717	-0.1284806838	0.0395417314	0.0552749642	-0.003775989	-0.0187865761	0.0456676593	-0.1150573392	0.0789149682	0.041607344	0.147996089	-0.0512838139	0.0054384182	0.0171572936	0.0532734259	-0.0791647844	-0.0536401086	0.1110792367	-0.1324114175	-0.1166455962	0.0424963472	0.2514838632	-0.0913468732	0.1265095667	-0.0451341265	0.0741894915	-0.0898574553	-0.0985516235	-0.0043106387	0.0794475827	0.0342936428	-0.0413187305	-0.0163352847	-0.0585137028	-0.0899167773	0.0364144773	-0.0969928285	0.0907379534	-0.0553717663	-0.0733140614	-0.0120567967	0.0304790839	0.0605380595	0.1245896663	-0.0840778296	0.0597909754	0.1219881531	-0.0433177535	0.0400476407	-0.0298315816	-0.0604373349	-0.0338779793	-0.1050271132	-0.1025643536	-0.0925968902	0.2131362483	0.0622388711	0.0494728816	-0.266489965	-0.0938456045	-0.039476836	-0.1472632292	0.0502440322	-0.0860413852	-0.0285751202	-0.0126013809	-0.0390376567	0.196412955	-0.0981564694	-0.0138507632	0.0657206025	0.017455239	-0.0077085803	-0.0323666443	0.0070097437	0.1863703708	0.1216145634	0.0248789896	-0.1191544118	0.1180513362	-0.1162204348	0.369206	-0.043383	0.001882084689	0.136313070436	0.0941216	0.0362809	0.0013163037048099	0.00885887558656	-0.501959	-0.099516	0.009903434256	0.251962837681	0.0117797	-0.0003817999999999	1.4577123999999988e-07	0.00013876133209	-0.00267093	0.0007142699999999	5.101816328999999e-07	7.133867064900001e-06	0.00755746	-0.00117154	5.71152016516e-05	1.372505971600001e-06	0.0	0.0	0.0	0.0	0.0	0.0	0.0	0.0	0.0	0.0	0.0	0.0	0.0	0.0	0.0	0.0	0.0	1.0
267.2185902010298	-1.898675293214808	71405.77494902592	3.6049678690643367	234.58922035482863	-1.8813002441502815	55032.10230668634	3.53929060863991	200.41442908805587	-0.470242089101049	40165.943386691375	0.2211276223621189	198.7731014613936	279.8738290528298	1.165792	26.745785	0.1875544	0.091695	-0.0528670684	0.0012165966	0.2675185061	0.0325376541	0.1377942198	0.0791402648	-0.0715359202	0.2086190584	0.1911639109	-0.1116141784	0.0372486305	-0.0112341371	-0.1046079429	-0.0958897597	0.0891295624	0.2972929542	-0.0819375886	0.0422550502	0.0098024846	0.139962457	0.0028112447	-0.0680397805	-0.0207456051	0.0125023251	-0.1166100327	-0.0619984819	0.0664523343	0.0135779686	-0.0040839314	-0.0503624659	0.0007463729	-0.0301299191	0.1221135156	-0.0506959145	-0.0479739415	-0.0846441047	-0.019128571	0.0142538951	0.0640325506	0.074366662	0.0221088965	-0.0044073145	-0.0859369195	-0.0895335377	-0.1195350586	-0.1546779492	-0.042749255	0.0086826604	-0.1044085576	-0.0979385835	0.1066292157	0.2688706852	-0.1216249916	0.0427694973	-0.0030846268	0.0820021944	-0.1018018499	-0.1065606929	-0.0015426808	0.0483796616	-0.0768071971	-0.0792242364	-0.0563710337	0.0521448858	-0.0181763965	0.0104749516	-0.0130798211	-0.0180635708	-0.1330765654	0.0312839303	0.0016593056	0.1080081527	0.0357403423	-0.0181309216	-0.0608901196	-0.032838535	0.0390001565	-0.1072990811	0.0637177399	0.04000537	0.1201937973	0.0366417702	-0.166118556	0.0333510868	-0.0828608276	0.1487435145	0.0520927445	0.0381850979	-0.2496595698	-0.0879196385	-0.0573581558	-0.146236773	0.0642029114	-0.0023143542	-0.0585078493	-0.0638641518	0.0278591964	0.0791063069	-0.102071002	0.0276178481	-0.0139216452	-0.014741263	0.0009792993	0.0025861694	0.0184070334	0.0742774506	-0.0078339498	-0.1082013564	-0.1193348294	0.1187713263	-0.1178341246	0.390692	0.021486	0.000461648196	0.152640238864	0.142805	0.0486833999999999	0.0023700734355599	0.0203932680249999	-0.452504	0.049455	0.002445797025	0.204759870016	0.0109142	-0.0008655	7.490902499999999e-07	0.00011911976164	-0.00285079	-0.00017986	3.23496196e-08	8.127003624100001e-06	0.0078706999999999	0.0003132399999999	6.194791848999844e-05	9.811929759993765e-08	0.0	0.0	0.0	0.0	0.0	0.0	0.0	0.0	0.0	0.0	0.0	0.0	0.0	0.0	0.0	0.0	0.0	0.0
267.2591259868247	0.0405357857948729	71427.44042324144	0.0016431499300078	233.1073716441288	-1.481848710699836	54339.04671483398	2.1958756014027667	200.24327946652025	-0.1711496215356192	40097.37097150693	0.0292921929517856	198.5463094173624	275.619518452521	1.053054	24.159328	0.1584409999999999	0.0790179	-0.0522540099	-0.0282175561	0.3259827212	0.0208004611	0.1278539288	0.1653339557	-0.1414596746	0.1697347659	0.1729631635	-0.043653172	0.0422614233	-0.0157692884	-0.0978486905	-0.0881925609	0.1581819277	0.1901429164	-0.173388371	0.0160319042	-0.0748163829	0.1267341567	-0.0282497645	-0.1470502558	0.03940892	-0.0490531417	-0.077857087	-0.1236866956	0.0545193554	-0.025020746	0.0039821255	0.16625143	0.1037738883	-0.059886844	0.0276299709	-0.0146601178	-0.0938007081	-0.0668964969	0.0248454463	0.0566772034	0.0317054892	-0.0623068082	-0.1029432033	0.0171026533	0.0843338848	-0.0194052593	-0.0023419284	-0.0724313071	0.0889878073	0.0255755055	-0.0977514029	-0.0926309159	0.176501337	0.1573865054	-0.181570254	-0.0486998139	-0.0667878005	0.077929501	-0.1185238284	-0.1284388724	0.096706673	-0.0081141084	-0.0680654109	-0.1112594669	-0.070906473	-0.0050856683	0.1817344589	-0.0878107999	-0.0653420111	0.0195549036	-0.0794971675	-0.0092849578	-0.1088326939	0.0533574197	-0.0721054642	-0.0415172606	-0.0471124097	-0.0405820242	-0.0545197233	0.0910171211	-0.0549329554	-0.0144931978	0.0068287249	0.1168330012	-0.039315128	0.0040932741	-0.0952677036	0.1612650534	0.0609196067	0.0508492309	-0.2824613625	-0.0647234117	-0.0017531915	-0.1082283231	0.1500968646	0.0449087612	0.0017935333	-0.0143111022	0.1145512611	0.0892737065	-0.0651864006	0.02894237	0.114965257	0.0157689082	0.0474683021	-0.0352976813	-0.028389855	-0.0413612697	0.0002667541	-0.1087962125	-0.1194551582	0.1192521267	-0.1189139965	0.394036	0.003344	1.1182336000000091e-05	0.155264369296	0.177711	0.034906	0.001218428836	0.031581199521	-0.485494	-0.0329899999999999	0.0010883400999999	0.2357044240359999	0.0118797	0.0009654999999999	9.321902499999988e-07	0.00014112727209	-0.0023834	0.00046739	2.1845341210000025e-07	5.68059556e-06	0.0081818299999999	0.0003111299999999	6.694234214889838e-05	9.680187689999985e-08	0.0	0.0	0.0	0.0	0.0	0.0	0.0	0.0	0.0	0.0	0.0	0.0	0.0	0.0	0.0	0.0	0.0	0.0
267.8687519458189	0.6096259589941724	71753.66826901064	0.3716438098795643	234.00760032557235	0.9002286814435649	54759.55701013281	0.8104116788936195	200.3973908108904	0.1541113443701647	40159.11424381274	0.0237503064635795	198.7552054770269	275.99880367038736	1.172514	26.900003	0.1311695	0.0665093	-0.0312513146	-0.0291235085	0.267634851	0.0141813832	0.1045378453	0.2902253853	-0.0112544764	0.1421949106	0.1668288984	-0.087948925	0.0913183164	-0.0218610513	-0.0699292206	-0.0986055166	0.1187744898	0.0799595854	-0.140735438	0.0081248259	-0.0454761253	0.1214079575	-0.0808614542	-0.1246840071	0.1116553015	-0.08477072	-0.0271216132	-0.1501095486	0.0834646221	-0.0012178052	-0.0902971078	0.0851808544	-0.0049825944	-0.0136337961	0.0041853381	0.0198114096	0.033214774	0.0240923941	-0.0814286718	-0.0006160393	0.0049863815	-0.100051738	-0.0405773633	-0.0114975011	0.0694121593	0.1982480025	0.0475597699	0.0714842782	0.031954429	-0.1494219616	-0.0730120136	-0.1019277116	0.1222391626	0.0428849053	-0.143738333	-0.0361326514	-0.0458699696	0.051946778	-0.1573280342	-0.0661469449	0.1603193143	-0.025530848	0.0055859413	-0.145120544	-0.0848107957	0.0128633501	0.0453846214	-0.1183550705	0.018443454	0.0349796778	-0.0175567209	-0.019053387	0.0314915543	-0.0110471984	0.0445017286	-0.0249556178	0.0160277095	-0.0031253744	-0.085064404	0.0975935016	-0.0747849403	-0.1596263856	-0.04612547	-0.0487070143	0.1111263593	0.1719158878	-0.0657410134	0.1440712398	0.0574682667	0.0196108089	-0.2668785805	-0.0331096383	0.0234869685	-0.108607344	0.0655676976	0.0217948677	0.0638318019	-0.0431244742	0.0978942098	0.0293875857	0.0744032895	-0.0411670178	-0.0483359065	-0.199165125	0.0270997482	-0.1184240375	-0.2155084021	-0.3154040929	-0.1623899289	-0.0480839217	-0.1195153378	0.1194927693	-0.1194551582	0.361083	-0.032953	0.001085900209	0.130380932889	0.180109	0.0023979999999999	5.7504039999999205e-06	0.032439251881	-0.500185	-0.014691	0.000215825481	0.250185034225	0.011611	-0.0002687	7.21996900000001e-08	0.000134815321	-0.00145928	0.0009241199999999	8.539977743999997e-07	2.1294981184e-06	0.0077520999999999	-0.00042973	6.0095054409998445e-05	1.846678729000005e-07	0.0	0.0	0.0	0.0	0.0	0.0	0.0	0.0	0.0	0.0	0.0	0.0	0.0	0.0	0.0	0.0	0.0	0.0
