global_signal	global_signal_derivative1	global_signal_derivative1_power2	global_signal_power2	csf	csf_derivative1	csf_power2	csf_derivative1_power2	white_matter	white_matter_derivative1	white_matter_power2	white_matter_derivative1_power2	csf_wm	tcompcor	std_dvars	dvars	framewise_displacement	rmsd	t_comp_cor_00	t_comp_cor_01	t_comp_cor_02	t_comp_cor_03	t_comp_cor_04	t_comp_cor_05	c_comp_cor_00	c_comp_cor_01	c_comp_cor_02	c_comp_cor_03	c_comp_cor_04	c_comp_cor_05	c_comp_cor_06	c_comp_cor_07	c_comp_cor_08	c_comp_cor_09	c_comp_cor_10	w_comp_cor_00	w_comp_cor_01	w_comp_cor_02	w_comp_cor_03	w_comp_cor_04	w_comp_cor_05	w_comp_cor_06	w_comp_cor_07	w_comp_cor_08	w_comp_cor_09	w_comp_cor_10	w_comp_cor_11	w_comp_cor_12	w_comp_cor_13	w_comp_cor_14	w_comp_cor_15	w_comp_cor_16	w_comp_cor_17	w_comp_cor_18	w_comp_cor_19	w_comp_cor_20	w_comp_cor_21	w_comp_cor_22	w_comp_cor_23	w_comp_cor_24	w_comp_cor_25	w_comp_cor_26	w_comp_cor_27	w_comp_cor_28	w_comp_cor_29	w_comp_cor_30	w_comp_cor_31	w_comp_cor_32	w_comp_cor_33	w_comp_cor_34	w_comp_cor_35	w_comp_cor_36	w_comp_cor_37	w_comp_cor_38	w_comp_cor_39	w_comp_cor_40	w_comp_cor_41	w_comp_cor_42	w_comp_cor_43	w_comp_cor_44	w_comp_cor_45	w_comp_cor_46	w_comp_cor_47	a_comp_cor_00	a_comp_cor_01	a_comp_cor_02	a_comp_cor_03	a_comp_cor_04	a_comp_cor_05	a_comp_cor_06	a_comp_cor_07	a_comp_cor_08	a_comp_cor_09	a_comp_cor_10	a_comp_cor_11	a_comp_cor_12	a_comp_cor_13	a_comp_cor_14	a_comp_cor_15	a_comp_cor_16	a_comp_cor_17	a_comp_cor_18	a_comp_cor_19	a_comp_cor_20	a_comp_cor_21	a_comp_cor_22	a_comp_cor_23	a_comp_cor_24	a_comp_cor_25	a_comp_cor_26	a_comp_cor_27	a_comp_cor_28	a_comp_cor_29	a_comp_cor_30	a_comp_cor_31	a_comp_cor_32	a_comp_cor_33	a_comp_cor_34	a_comp_cor_35	a_comp_cor_36	a_comp_cor_37	a_comp_cor_38	a_comp_cor_39	a_comp_cor_40	a_comp_cor_41	a_comp_cor_42	a_comp_cor_43	a_comp_cor_44	a_comp_cor_45	a_comp_cor_46	a_comp_cor_47	edge_comp_00	edge_comp_01	edge_comp_02	edge_comp_03	edge_comp_04	edge_comp_05	edge_comp_06	edge_comp_07	edge_comp_08	edge_comp_09	edge_comp_10	edge_comp_11	edge_comp_12	edge_comp_13	edge_comp_14	edge_comp_15	edge_comp_16	edge_comp_17	edge_comp_18	edge_comp_19	edge_comp_20	edge_comp_21	edge_comp_22	edge_comp_23	cosine00	cosine01	cosine02	non_steady_state_outlier00	trans_x	trans_x_derivative1	trans_x_derivative1_power2	trans_x_power2	trans_y	trans_y_derivative1	trans_y_power2	trans_y_derivative1_power2	trans_z	trans_z_derivative1	trans_z_power2	trans_z_derivative1_power2	rot_x	rot_x_derivative1	rot_x_derivative1_power2	rot_x_power2	rot_y	rot_y_derivative1	rot_y_power2	rot_y_derivative1_power2	rot_z	rot_z_derivative1	rot_z_derivative1_power2	rot_z_power2	motion_outlier00	motion_outlier01	motion_outlier02	motion_outlier03	motion_outlier04	motion_outlier05	motion_outlier06
272.3017289935755	n/a	n/a	74148.23161289065	248.5127149358526	n/a	61758.56948478834	n/a	201.5229204843736	n/a	40611.487480551164	n/a	201.3640818631821	286.9121623380236	n/a	n/a	n/a	n/a	0.0	0.0	0.0	0.0	0.0	0.0	0.0	0.0	0.0	0.0	0.0	0.0	0.0	0.0	0.0	0.0	0.0	0.0	0.0	0.0	0.0	0.0	0.0	0.0	0.0	0.0	0.0	0.0	0.0	0.0	0.0	0.0	0.0	0.0	0.0	0.0	0.0	0.0	0.0	0.0	0.0	0.0	0.0	0.0	0.0	0.0	0.0	0.0	0.0	0.0	0.0	0.0	0.0	0.0	0.0	0.0	0.0	0.0	0.0	0.0	0.0	0.0	0.0	0.0	0.0	0.0	0.0	0.0	0.0	0.0	0.0	0.0	0.0	0.0	0.0	0.0	0.0	0.0	0.0	0.0	0.0	0.0	0.0	0.0	0.0	0.0	0.0	0.0	0.0	0.0	0.0	0.0	0.0	0.0	0.0	0.0	0.0	0.0	0.0	0.0	0.0	0.0	0.0	0.0	0.0	0.0	0.0	0.0	0.0	0.0	0.0	0.0	0.0	0.0	0.0	0.0	0.0	0.0	0.0	0.0	0.0	0.0	0.0	0.0	0.0	0.0	0.0	0.0	0.0	0.0	0.0	0.0	0.0	0.0	0.0	0.0	0.0	0.0	0.0	0.0	1.0	-2.62147e-05	n/a	n/a	6.872104960900001e-10	0.0223875	n/a	0.00050120015625	n/a	0.0533846	n/a	0.00284991551716	n/a	-0.00129935	n/a	n/a	1.6883104224999996e-06	0.00025202	n/a	6.35140804e-08	n/a	0.0	n/a	n/a	0.0	0.0	0.0	0.0	0.0	0.0	0.0	0.0
270.6513107873459	-1.6504182062296309	2.7238802554542323	73252.1320309085	242.31132611927688	-6.201388816575729	58714.77876568255	38.45722325435053	201.5512849006427	0.0283644162691132	40622.92044510005	0.0008045401102875	201.281201076784	279.25610207301384	1.49235	31.446409	0.0436360197	0.021967	-0.0214983387	-0.0355914753	0.1733260643	-0.0233349545	0.0379589037	-0.1019667564	-0.0638938943	0.0026973315	-0.1769961369	0.1043493793	-0.0623406404	0.0732321936	-0.0274406215	0.0958128126	-0.0646418898	0.0687429416	-0.0051308744	0.0570573885	-0.0944575068	0.0255990392	-0.1411315975	-0.0385186025	0.0067188035	-0.1028636276	0.1054472973	-0.0114317541	0.0318462222	-0.060051425	0.1706367745	-0.0318002313	0.0669882066	-0.0442485497	0.0131161604	-0.1213449585	0.0532325793	-0.0964131127	0.2436258847	-0.1247305193	0.0013258893	0.0198305554	-0.0252144807	-0.0126453493	0.0664112458	-0.1125976409	-0.144809141	0.0374974233	-0.0273239299	-0.0004021935	-0.0897758642	0.1352771326	-0.088081494	-0.0779018534	-0.0032809367	0.0700430679	0.0762708683	-0.1885152888	-0.0335863608	-0.0958686816	0.0254555621	0.0771107701	0.0532283133	-0.0849606338	-0.1732928155	0.0420123882	0.0688186914	0.067284174	-0.0201435285	0.1255982838	-0.0997827629	0.0412776143	-0.0013641894	0.1000149427	-0.109693866	0.051481338	-0.0319407596	0.0272232833	-0.162630983	0.0083738037	-0.0212830121	0.0125778006	-0.0215963622	0.1665022053	-0.0805009892	0.0772865357	-0.2487840533	0.0848888969	-0.0377777609	0.0099607674	0.0131024588	0.0401244923	-0.0811490469	0.113522752	0.0604434134	-0.0657681216	0.034233773	0.086642778	-0.0358903766	-0.0309009294	-0.1454736074	0.1015009194	-0.1117048124	-0.0323415846	-0.0578321862	0.1481829359	0.0971501458	0.0179728072	-0.0425383925	-0.0205800167	0.0616751476	0.1913616314	-0.1462795295	-0.024409241	-0.0279365622	-0.0997792905	0.0450038371	-0.0617865622	0.0577878141	-0.0700548069	0.0658527948	-0.1371202721	-0.0974432651	0.0017077601	-0.0702944572	0.0748956748	-0.056444058	0.0671889849	-0.0761315448	0.1073382005	-0.0176002686	0.0624353434	-0.0540337059	0.0215537027	0.0630157457	0.0966707752	-0.1287628663	0.1061264721	-0.0818063544	0.1199443696	0.119921393	0.1198831019	0.0	0.0125579	0.0125841147	0.0001583599427827	0.00015770085241	0.0237457	0.0013582	0.00056385826849	1.844707240000001e-06	0.066641	0.0132564	0.004441022881	0.00017573214096	-0.00135231	-5.296000000000012e-05	2.804761600000012e-09	1.8287423361e-06	8.507289999999998e-05	-0.0001669471	7.237398314409997e-09	2.7871334198410006e-08	0.000108839	0.000108839	1.1845927921e-08	1.1845927921e-08	0.0	0.0	0.0	0.0	0.0	0.0	0.0
269.7168133475658	-0.9344974397801024	0.8732854649555662	72747.15940236564	239.9885262991931	-2.3227998200837874	57594.4927552585	5.395399004181275	201.27609484294464	-0.2751900576980688	40512.066355226045	0.0757295678558664	200.9834489573603	278.2900240759536	1.244907	26.23234	0.062675755	0.0340323	-0.0959181738	0.0282641697	0.1010653391	-0.0612828443	0.0630310556	-0.1355571975	-0.1578120562	-0.0097794623	-0.0997075319	0.1202791601	0.117953373	-0.1001053342	-0.0108095528	-0.074148377	0.0687348347	0.07906132	-0.0251314992	0.0967300386	-0.0474732867	0.0494116645	-0.1166741481	0.0315295126	0.0571309223	0.0316442447	0.0913269238	-0.1700730486	0.0458153593	-0.1917652359	0.1823851596	-0.018035852	-0.0927858036	-0.0598364555	0.0882255819	0.0016320105	-0.0823724261	0.1178466381	0.077780328	0.1164245878	-0.0198813335	-0.2529135256	-0.0940518599	0.0218752339	-0.0620578146	-0.060637873	-0.0267668717	0.033123724	0.0912258817	0.0699771047	-0.1540569485	0.0351123753	0.0679446159	-0.0235002882	-0.1019185461	0.0273555345	0.0776144932	0.0429310639	-0.0077158123	0.0420947667	0.0923950113	-0.1111013962	0.0380536626	0.1935935003	0.0003875655	-0.0561687746	0.0125178219	0.0658167698	-0.0706952419	0.1117826549	-0.0612089938	-0.0405771723	0.0675960133	-0.0123372882	-0.1114580861	-0.0317326608	-0.1972865213	0.10998531	-0.2167484027	0.0078724985	0.0968515448	-0.0729035954	-0.0842829448	-0.0023978205	0.1090564726	-0.0683347509	-0.0505775742	-0.1293377028	-0.0084569339	0.1993335119	0.183886896	-0.0492772889	0.0912255631	0.033057872	-0.0033924951	-0.0366900888	0.0206983023	0.1579945937	-0.000824245	0.0058986304	-0.043866057	-0.0632361633	-0.1042641817	-0.0790416872	-0.0973436367	-0.0424858596	-0.0438705033	0.0058901509	-0.0527486273	0.0835662239	0.0505699928	-0.1955043953	-0.0170567295	-0.0658721455	0.002163409	-0.1375394664	0.0788548839	-0.0159965587	-0.0080026994	0.0681368477	-0.0606056515	-0.0491190818	-0.095924981	0.0763351323	-0.2096296544	0.0888470935	-0.0688845394	0.1220992726	0.000151458	0.1723109034	-0.0025896842	0.0086301974	-0.0829595964	-0.0517090137	0.0061379956	-0.0584419925	0.0577272798	-0.0441867943	-0.0756915179	0.1198831019	0.1196764004	0.119332162	0.0	0.0122258	-0.0003321	1.1029041000000009e-07	0.00014947018564	0.00979729	-0.01394841	9.59868913441e-05	0.0001945581415281	0.0907009	0.0240598999999999	0.00822665326081	0.0005788787880099	-0.00149987	-0.0001475599999999	2.1773953599999976e-08	2.2496100169e-06	5.8819e-05	-2.6253899999999983e-05	3.459674761e-09	6.892672652099991e-10	-0.000204054	-0.000312893	9.790202944900001e-08	4.1638034916e-08	0.0	0.0	0.0	0.0	0.0	0.0	0.0
269.0271858456094	-0.6896275019564087	0.4755860914546364	72375.62672400805	237.35784613119588	-2.6306801679972125	56338.74712004046	6.920478146293842	201.08592757952988	-0.1901672634147644	40435.55027051993	0.0361635880746604	200.75987811765808	269.4494440973561	1.420623	29.934984	0.0762005682999999	0.0417243	-0.1156367601	0.1014228426	-0.1014012062	-0.0489396288	-0.0049582426	-0.0533691787	-0.0938320059	0.062700154	0.0871511669	-0.0639054525	0.0040502706	-0.0279727151	-0.0038381067	0.0789487207	-0.0339256534	0.0493625545	0.0153500779	0.0893236201	-0.0339735675	-0.0657180842	0.0344828282	0.083003468	0.1133809855	0.001615672	0.0250531238	0.0111429906	-0.0478389413	0.1388178625	-0.0838041043	-0.0466071413	-0.0381903877	0.03071455	0.093259976	0.0212264829	-0.024762276	0.0323282235	-0.0680976462	0.0500618317	0.157039953	-0.0408897865	0.0077575798	-0.0024454608	0.0769254923	0.130482843	0.0238717665	0.0821317759	0.0678351879	0.0062834254	-0.0663181418	-0.0335256314	-0.003364124	0.0296312813	-0.0714971429	-0.0505781416	0.0644792064	0.0540906838	-0.084386853	-0.0116194809	0.1018413558	-0.1154851033	-0.0378323254	-0.0163026785	-0.0272398465	0.0404367759	-0.1105591797	0.1003668468	-0.0491840217	-0.0486098503	0.0002576254	-0.0771638028	0.0901465931	0.0209604792	-0.0291116797	-0.0820584737	0.0884642714	-0.091707453	0.0958443834	-0.063923082	0.0158496377	-0.0782504559	0.0222071064	-0.0384981293	0.0270288646	-0.0152132358	0.0258400678	-0.0544183713	0.1583769828	0.0236247502	-0.0486551226	-0.0249241809	0.0008686867	-0.1287044386	-0.0214214859	-0.0932057096	-0.0492117238	0.0907368503	0.0010282329	-0.024036582	0.0285983191	-0.050838222	0.0174433325	-0.0415920417	-0.075992061	-0.0736115329	0.0351565435	0.0061845206	-0.1250487927	0.0940777945	-0.0590821433	0.0170084306	0.0347322328	-0.1081935164	0.1696425018	-0.0969468143	0.0291053035	0.0907624542	-0.059626532	-0.0899217041	0.00510122	0.0243242942	-0.0552683929	0.0400931831	0.0495369559	0.0760834902	0.0677222521	0.012362199	-0.0242792938	0.0470180589	0.0768620014	0.019479997	-0.1050936849	0.1201450962	-0.0839040318	0.0986589495	-0.0399983071	-0.0563136983	-0.1255350099	0.1197605978	0.1191869159	0.1182328141	0.0	4.57917e-05	-0.0121800083	0.000148352602188	2.0968797888899997e-09	0.00666188	-0.00313541	4.43806451344e-05	9.8307958681e-06	0.094962	0.0042611	0.009017781444	1.8156973210000032e-05	-0.000827246	0.0006726239999999	4.524230453759999e-07	6.84335944516e-07	-0.000345753	-0.000404572	1.19545137009e-07	1.63678503184e-07	-0.000148769	5.5285e-05	3.0564312249999995e-09	2.2132215361000004e-08	0.0	0.0	0.0	0.0	0.0	0.0	0.0
269.3628067815985	0.3356209359891409	0.112641412674227	72556.32167726078	237.4027702582849	0.0449241270890183	56360.075326308	0.0020181771947102	200.9198525468273	-0.1660750327025937	40368.787147438816	0.0275809164871675	200.6032319928597	268.1680607581221	1.292272	27.230412	0.0748660609	0.0439028	-0.0229116167	0.0867546075	-0.131501258	0.0075401349	-0.1750246663	-0.0467295549	0.0265509558	0.1069921039	0.0830458898	-0.024552164	-0.0217628507	-0.0629591381	0.0756281937	-0.1159368327	0.0494702198	0.1488641288	0.0532574787	-0.0094919688	0.0045566181	-0.0908646426	0.0645525174	0.1326269337	0.0718734658	-0.0869672199	-0.0555036353	0.0184800547	0.0619603119	-0.0745943821	-0.1068628732	-0.0647554826	0.0554312739	0.0593906225	-0.0945606106	0.0126759496	0.0754947856	-0.1190791098	0.0206129655	0.1101368126	0.0118499624	0.0390284416	-0.1088876065	0.0472955187	-0.0284716683	-0.0428548373	0.1143343691	-0.0760115472	-0.1147136577	0.0049269686	-0.1626980197	-0.0453805609	-0.0419722637	-0.0389589613	-0.1001119369	-0.2089939571	-0.0164399874	-0.0070916862	0.1445972291	0.0480187887	0.0604927264	-0.0656366919	0.1903265686	-0.1084263789	0.0634010651	0.0072705247	-0.0905193234	0.0511756434	0.0280576112	-0.1099358521	0.005617679	-0.1393756336	0.0549382757	0.0769132639	0.06194626	0.1015417866	-0.0320991558	0.0178505161	0.0572740223	-0.0992676287	-0.0019286181	0.1193454907	0.0568154851	0.0109932993	-0.0766289242	0.1353425856	0.02992886	-0.1043853696	-0.0200447559	-0.0689476766	0.0394940437	-0.0067858629	0.0976795919	0.0149774349	-0.1185825621	0.0762242334	0.0937905265	0.0577284128	-0.1867076955	-0.0051069847	0.0175184081	0.0047066521	0.1475709865	-0.1196560201	-0.0937045983	0.0146433408	-0.0918789483	-0.0660803532	-0.0945363107	0.046839031	0.1893408072	0.0451034116	0.1604699513	0.0214358972	0.1188978552	-0.011207709	0.0340734769	0.1243497022	-0.0432103147	0.0998968055	0.0072331789	0.0166038156	-0.10472542	0.1863835997	0.0209774369	-0.0058317723	-0.044284044	0.0196706544	-0.0583451768	0.0910500423	0.0134644531	-0.0732143289	0.0279141394	0.0372635307	0.1185499754	0.1121216276	-0.0018130012	-0.0953789647	-0.0006542363	0.1195769199	0.1184539393	0.1165901104	0.0	-3.02192e-05	-7.60109e-05	5.777656918809999e-09	9.1320004864e-10	0.00312773	-0.00353415	9.7826949529e-06	1.2490216222500002e-05	0.10018	0.005218	0.0100360324	2.722752400000001e-05	-0.00143732	-0.000610074	3.7219028547599993e-07	2.0658887824e-06	0.000216162	0.000561915	4.6726010244e-08	3.157484672250001e-07	0.0	0.000148769	2.2132215361000004e-08	0.0	0.0	0.0	0.0	0.0	0.0	0.0	0.0
269.7454517900577	0.3826450084591783	0.1464172024987247	72762.60876142234	237.1112513885841	-0.2915188697007806	56221.745535060334	0.0849832513916207	201.07639382492155	0.1565412780942665	40431.71615363495	0.0245051717473864	200.9011531818777	272.0709339790003	1.442383	30.393501	0.0920858542	0.0520053	0.0341295342	-0.1038615447	-0.0187694779	0.0502170395	0.0096541458	0.0189040506	0.0484238956	-0.0623737403	0.004066604	0.0307233353	0.0245138993	-0.1647214736	-0.0086213147	0.0781146274	0.0139147425	-0.0291606468	-0.0740315139	-0.0722854811	0.1194439352	0.0208565178	-0.0161163994	-0.0440617525	0.0457084109	-0.0735367885	0.0626215571	0.0025078439	0.1042839623	0.1486034737	0.0282099104	-0.0933157495	-0.1161813021	-0.0132230773	0.1335473937	0.0313246129	-0.0409156093	0.0364672376	-0.1131850808	0.0805437446	-0.0529815418	-0.1111393445	-0.1033763818	0.0302214603	-0.0597852374	-0.0111185367	-0.0904232009	-0.1086526854	-0.1219966475	-0.0931389766	0.0566303065	0.0767209451	0.0039746245	0.0377447864	0.0509184199	-0.170698285	-0.0872624799	0.002153192	0.0141722727	-0.0139419864	-0.1224857944	0.0309515429	0.0590090599	-0.0248922894	0.1115293668	-0.0008348871	-0.0661105175	-0.1499516602	-0.0126995563	-0.0211538276	-0.0099404247	0.0354063698	0.0295428122	0.0820609019	-0.0604860834	0.009439501	0.0239824105	-0.17925464	-0.0607287576	-0.1106774361	0.0504585664	-0.1416459447	-0.0189333731	-0.056816686	0.0592638533	0.0036145589	0.1039130976	-0.0864185024	0.0251911485	0.0162298249	0.1716252389	-0.0394965075	0.0485851252	0.0154874288	0.104061192	0.0140696401	0.0287048802	-0.1560256613	-0.1165773181	0.0688202001	-0.1083052481	-0.0037027991	0.1952072474	-0.0029787075	0.0410652038	0.0130994513	0.0041010202	0.0376235684	0.0959741479	-0.0377559543	0.0676039524	-0.0206722269	0.138171827	0.0289728228	0.03351651	0.0471809089	-0.0403610143	-0.065479083	-0.001762319	-0.0849248181	-0.0623742882	-0.0535823165	-0.0743758087	0.015592298	0.0331521524	0.0482851019	0.0108581867	-0.0234894939	-0.1036553562	0.2337269722	-0.0648861225	-0.0330487801	-0.0242601525	0.0367704274	0.0300560837	0.0281312376	0.0407646273	-0.1285227743	-0.0021276467	0.119332162	0.1174789681	0.1144116002	0.0	0.0114053	0.0114355192	0.0001307710993735	0.00013008086809	-0.0112921	-0.01441983	0.00012751152241	0.0002079314972289	0.0782186	-0.0219614	0.00611814938596	0.00048230308996	-0.00066747	0.00076985	5.926690225e-07	4.4551620090000005e-07	0.000165646	-5.051599999999999e-05	2.7438597316000003e-08	2.5518662559999987e-09	6.50161e-05	6.50161e-05	4.22709325921e-09	4.22709325921e-09	0.0	0.0	0.0	0.0	0.0	0.0	0.0
269.99668527506464	0.2512334850069351	0.0631182639887298	72898.2100595223	238.63462083511524	1.5233694465311205	56946.48226111922	2.320654470624532	201.0086732356506	-0.067720589270948	40404.48671595656	0.0045860782112044	200.6958652529509	273.4306700606385	1.3462	28.366772	0.090117415	0.0508646	-0.0731722513	-0.0272265714	0.1197844956	0.0509959661	0.0067311857	0.0496279955	-0.0584076293	-0.017553981	-0.0767198017	-0.0077671209	-0.0797162561	0.1210254006	0.0483237882	-0.0254683289	-0.0660243898	0.0318877757	0.0331375404	0.1060298932	0.0447030012	-0.0307929327	-0.045975352	0.024510409	0.0457618781	-0.142123839	0.0276051512	-0.0042589399	0.0705963331	0.1761669036	-0.0120779527	0.023696782	0.1653791937	-0.045173493	-0.0050834489	0.0037441808	0.0833961503	0.0527660388	-0.0734416697	-0.0969380831	0.1027757283	-0.069416326	-0.1483782009	-0.023451569	0.0315520719	-0.047594264	0.0274162331	0.0232457907	-0.0867819193	-0.0354411806	0.0048684632	0.0246878721	-0.0032829212	-0.1770165302	0.0997237099	0.0596179354	-0.0955079188	-0.0954771213	-0.0758182644	0.0883086466	0.1708674187	0.0777729507	-0.0443019945	0.021520373	-0.156820243	-0.0805677925	0.0321089544	0.0253269818	-0.1131187368	-0.0186669333	-0.0391190792	-0.028752412	0.0252007759	0.1572432302	-0.0271707215	0.003738685	-0.0095384371	-0.1690592041	0.0479537251	0.036809022	-0.179599132	0.0087801195	-0.0250090398	0.0074938724	-0.1239959578	-0.0713415413	-0.0207794855	0.0549152198	0.175418411	0.0187660669	0.0973124346	0.0200032731	0.0158778494	0.0545896706	-0.0494088564	-0.0265535251	0.0318262677	-0.0079083347	-0.0450464211	0.0759830494	0.04772197	0.1765487675	-0.0786673134	0.0687920182	0.1172415052	0.0931764169	0.1267339129	-0.1373221907	-0.1390484731	-0.055182281	-0.0170962459	0.0291822839	-0.1838187449	0.0259268341	-0.0972630432	-0.1108072359	0.0589529131	-0.0391150349	0.0142585998	0.0347559731	0.1133040212	-0.0578664635	-0.085889185	0.0551453422	0.0047513772	0.1220792692	-0.0716371602	-0.0051662801	-0.0538754782	0.0949681165	0.0063665378	-0.0037491732	-0.0721247813	0.0938692439	0.0282288612	0.1611578929	-0.0889213297	0.1924873109	0.031120691	0.1190264491	0.1162639941	0.1117072952	0.0	0.00523872	-0.00616658	3.802670889640001e-05	2.74441872384e-05	0.0180166	0.0293087	0.00032459787556	0.00085899989569	0.090334	0.0121153999999999	0.008160231556	0.0001467829171599	-0.00138203	-0.00071456	5.105959936e-07	1.9100069209e-06	9.46874e-05	-7.095860000000001e-05	8.96570371876e-09	5.035122913960001e-09	0.0	-6.50161e-05	4.22709325921e-09	0.0	0.0	0.0	0.0	0.0	0.0	0.0	0.0
269.9589217957597	-0.0377634793049423	0.0014260803692148	72877.8194571291	238.571816468024	-0.0628043670912461	56916.511612852526	0.003944388525732	201.10662500505617	0.0979517694055687	40443.87462092428	0.0095945491296817	200.7404025180098	277.13864923705967	1.303552	27.468096	0.07341900825	0.0516673	-0.0863370234	0.1334994388	0.070455341	0.0691831154	0.0955589054	0.0051731193	-0.1456905321	0.0990550683	0.021521103	0.0778421993	0.1233357399	-0.0768851993	-0.0329383386	0.0554441182	-0.1037681695	0.0352648898	-0.0149172199	0.0909082168	-0.0699067617	-0.0654286296	-0.0450636016	0.0875797731	0.0892006058	0.0191216066	0.0548161275	-0.0939403523	-0.2223557971	0.001058835	0.1185309321	-0.0277996848	0.0735182245	0.0908737633	0.035590748	0.0797476701	0.2049784359	0.0390222646	-0.0805920568	0.2432068779	-0.0950269771	0.1336284902	0.1199444488	-0.0612401751	-0.0184933094	-0.0660739583	-0.0186736653	0.0281715802	0.0122068227	0.1131654004	-0.077675983	-0.0515552164	-0.1274332764	-0.111485351	0.0780236207	-0.0800828016	-0.0318695052	-0.0665039623	-0.0035069955	-0.0736029699	-0.0073977539	0.0447537891	-0.0101421256	-0.00179701	0.0119532043	-0.0916144089	-0.0291523838	0.1296814628	-0.0319681294	-0.0208425147	-0.0565344819	-0.087500168	0.0749867168	0.0336606468	-0.1217485108	-0.2123048521	0.0361426238	0.1230314762	-0.0931982819	0.0274687721	-0.1207315992	-0.008710579	0.0771778447	-0.0536957211	-0.1494695388	-0.0367986311	0.121250561	-0.2414310894	-0.1108925843	-0.0649038663	-0.1229074476	0.0870502436	-0.0448841641	0.0625730465	0.00109157	-0.003913084	0.0649912879	0.0768643051	-0.0137404253	-0.1531919241	0.0533008132	0.0968459278	0.0858723085	0.0045722934	0.0028577394	0.0918512259	0.0421996035	0.0381801029	0.0374377364	-0.065284316	0.0010673293	-0.0296714561	-0.0419670441	0.1037563994	-0.0027579796	-0.1144786566	0.0314277025	0.1025290613	-0.0591793798	-0.0755371746	-0.1193568004	-0.0111019774	0.0164866092	-0.050983338	-0.0307131828	0.1370716651	-0.0035009664	0.0184802879	-0.0372984684	0.0722342159	0.0021763809	-0.09065796	-0.0713305896	0.0308390288	-0.1707524358	-0.0748279556	0.1193126634	0.0200498591	0.0065398991	0.1186599374	0.1148114994	0.1084896234	0.0	-9.76825e-06	-0.00524848825	2.7546628910388065e-05	9.541870806249998e-11	0.017872	-0.0001446	0.0003194083839999	2.0909160000000483e-08	0.0930874	0.0027534	0.00866526403876	7.581211560000017e-06	-0.000404142	0.000977888	9.562649405440005e-07	1.6333075616400001e-07	-0.000124631	-0.0002193184	1.5532886160999997e-08	4.810056057856e-08	-0.000108244	-0.000108244	1.1716763536e-08	1.1716763536e-08	0.0	0.0	0.0	0.0	0.0	0.0	0.0
269.220155409944	-0.7387663858156657	0.545775772811141	72479.49207895441	236.5370549811973	-2.03476148682671	55949.77837917795	4.140254308273244	200.890772813876	-0.2158521911801756	40357.10260175634	0.046592168437283	200.5538513824905	273.69406749715444	1.175791	24.775955	0.07248960595	0.033422	-0.0875884585	0.1076314463	-0.0060624908	0.1129263845	0.0343592764	0.0245926944	-0.1228855412	0.0784755252	0.1129926616	-0.025284916	-0.0717834683	0.0803071925	-0.0202897404	0.0076618715	0.0695405237	0.0817942701	0.0123025339	0.0880666966	-0.0439121118	-0.0958066836	0.0580648909	0.1021288131	-0.0694421901	-0.0474336223	-0.0662478961	0.1556519488	0.0245546576	-0.0247842961	0.0388571652	0.075286542	-0.0482593584	-0.0295064575	-0.0250144241	-0.038119651	0.0228991272	0.018998164	-0.0807203661	-0.1379533515	-0.1464513785	-0.0141884225	0.0578952833	-0.0897296696	-0.0232502412	0.1164892449	0.0994697591	0.1424380257	-0.027122965	0.1454329688	0.0072042107	0.0152087537	0.0002593322	0.0742888305	-0.0558923893	-0.1089559028	0.0269724311	-0.037567574	0.0554032858	-0.0715384506	-0.051692972	-0.1565430144	-0.044557034	0.0724938323	-0.0638089231	0.0120864499	0.0001574595	0.1140832749	-0.0402144691	-0.0800472373	0.0026223626	-0.0868361924	-0.0724909116	0.038279162	0.0847018417	0.0924679714	0.0936007738	-0.0013501592	-0.0482233456	0.092049109	0.0227654406	-0.053603848	-0.0104005634	0.0143674549	-0.0308037891	-0.0550176666	0.096967053	0.1615736597	-0.1015854412	0.0274910902	0.0095328457	0.0814647383	-0.0621898706	-0.1021896075	-0.1453110024	-0.0792064008	0.119533238	-0.0216602481	0.0730389287	-0.0321992927	0.0124466595	-0.0740325894	0.1086568896	-0.0978191583	-0.0426213918	0.0151069351	-0.0084025672	0.0815139907	0.024711988	0.1492413677	-0.0273690806	-0.0542080551	-0.1070246164	-0.0461959609	-0.0187176989	-0.0906479687	0.0215588563	0.0942754959	0.032196679	-0.064603185	0.0846759203	0.0457417016	-0.0268410603	0.0167191387	0.0656811684	0.1002907697	-0.0103378236	-0.0144759884	-0.0194559819	-0.09422891	0.0879556427	0.0382110582	-0.0421026557	-0.0078717556	-0.1422794771	0.0744643263	0.0171571802	0.0169662733	-0.0768191322	0.1182328141	0.1131244514	0.104773372	0.0	-2.71242e-05	-1.735595e-05	3.0122900040250003e-10	7.3572222564e-10	0.0318623	0.0139903	0.00101520616129	0.00019572849409	0.0725231999999999	-0.0205642000000001	0.0052596145382399	0.00042288632164	-0.0008205	-0.000416358	1.7335398416400006e-07	6.7322025e-07	0.000109122	0.000233753	1.1907610884e-08	5.4640465009000014e-08	0.0	0.000108244	1.1716763536e-08	0.0	0.0	0.0	0.0	0.0	0.0	0.0	0.0
269.6231864991004	0.4030310891563999	0.162434058826594	72696.6626979287	237.1186272518055	0.5815722706082056	56225.24338978068	0.3382263059403839	201.15539289395485	0.2646200800788563	40463.49209032134	0.0700237867809403	200.8033753237517	269.3533568596757	1.380487	29.089245	0.0498582942	0.0245858	0.0217616441	0.083851654	-0.0622632606	0.1694063119	-0.1893599855	0.0145521473	0.0722506773	0.1093718971	0.1343751453	0.0027679717	-0.151166696	-0.0785130581	-0.0361959897	-0.156654034	0.0623367169	0.0357005317	0.0246800889	-0.0360873151	-0.0794247388	-0.136643187	0.0775738817	0.1621336611	0.0503472338	-0.0247180431	-0.0038050483	-0.0046438583	-0.0669235956	-0.0033020094	0.0759229719	0.0109350983	-0.059437512	-0.0954861862	-0.05992909	0.1599314072	-0.1591492439	0.0932856973	-0.0603678425	0.1349133559	-0.0711018156	0.1663924282	-0.0633116765	0.1143253496	0.1726333611	-0.1390023697	0.0255639365	0.0580228578	-0.0887941918	-0.0505357812	0.0606805296	-0.0527370478	-0.0265207342	0.2217629703	-0.0985259636	0.0969358446	-0.0281378109	-0.0130556736	-0.0755992713	-0.048109902	-0.1657261461	-0.0448854494	-0.0415258517	0.0633475248	-0.0067929569	0.0775015822	0.014990908	0.0984986972	0.0879194993	-0.1219298715	-0.0151428912	-0.1418987724	0.0254328544	0.0405682511	0.0061387536	-0.0479236673	0.05450837	0.0211901297	-0.0444699308	0.0312500574	0.0990347312	0.1092573025	-0.1285616576	-0.091510839	0.1347432058	-0.069108356	0.0201595187	-0.1328346856	0.0284072469	-0.2467648768	0.0614771752	-0.086183803	-0.1600108448	0.1417056985	-0.042665542	-0.0419206185	-0.0774141891	-0.1507947562	-0.005444721	-0.0948345638	0.0465014204	-0.1454543722	-0.0626129529	-0.0609480522	0.0311115951	-0.0722671525	0.0645566791	0.0372834331	0.1563411406	0.0654322874	-0.0377464821	-0.0226809307	-0.0221268815	-0.0500272825	-0.0808083082	0.0125599008	0.0030589837	0.129839641	-0.0158877387	0.0877987108	-0.1100864335	-0.065041342	-0.0715510022	0.1823274664	0.0775617348	-6.30005e-05	-0.0683895096	-0.0614700579	0.016728311	0.0356299174	0.0289995037	-0.0135412092	0.0992799661	-0.005190703	0.0645096132	-0.0462820315	0.0438900241	-0.0329772939	0.1112038363	0.1177452974	0.1112062966	0.1005756196	0.0	0.00820087	0.0082279942	6.769988855523367e-05	6.725426875690001e-05	0.0169002	-0.0149621	0.00028561676004	0.00022386443641	0.0836216	0.0110984000000001	0.00699257198656	0.00012317448256	-0.000873903	-5.3402999999999936e-05	2.851880408999993e-09	7.63706453409e-07	-0.000148871	-0.000257993	2.2162574641e-08	6.6560388049e-08	0.0	0.0	0.0	0.0	0.0	0.0	0.0	0.0	0.0	0.0	0.0
270.42340490591647	0.8002184068160432	0.6403494986072064	73128.81792090925	237.75323632601143	0.6346090742059403	56526.60138349224	0.4027286770645206	201.3292619039321	0.1738690099772384	40533.47169878208	0.030230432630465	201.11386908710867	276.7603050851217	1.427061	30.070648	0.06332408	0.0396503	0.1092778736	-0.0498387122	0.0446905373	0.0965994699	0.0632670178	0.0235110967	0.0517286271	-0.0270019566	-0.0412014445	0.023869735	-0.0452986865	-0.0441259584	-0.0044940282	0.1064188386	0.0048822859	-0.0790473877	0.0396735133	-0.0943444931	0.0122966018	0.0583257338	0.0260885558	-0.077088138	0.0768158506	-0.0520669628	0.1045422988	-0.1064944297	-0.1045518665	-0.0148465928	-0.0227515271	0.0404826642	-0.0122001797	0.0793313306	0.0142649871	0.0753551588	-0.2176665796	-0.0842734704	-0.0598188984	-0.1415956068	0.0388323087	0.0735757124	0.0999215379	0.0008246537	0.1682989858	0.069747264	0.0498885093	0.0944625822	0.1480024342	0.042576357	0.1329189943	-0.0430441756	-0.1302407997	-0.059223391	0.0739480776	-0.0790933147	-0.0009428426	0.087377788	-0.0231216116	0.194819595	-0.0156716923	0.0828459043	-0.0305259164	-0.0442984654	-0.0533741657	-0.0117966829	-0.0642034031	-0.0756533614	0.0790446436	0.0213261778	0.0434941145	0.0773658322	0.0632929853	0.0650489567	-0.125379214	-0.1052113332	-0.0245434464	0.0477099962	0.0778089819	0.0490976286	0.0288301583	0.050920184	0.0631657519	-0.068131951	0.2266348559	0.0436367349	-0.0050462366	0.1422731199	0.064335573	-0.0556779515	-0.1188799148	0.0165279254	-0.1518030709	-0.0631761712	-0.0896016683	-0.0965195635	-0.0550438076	0.0787344861	0.1286922996	-0.048397034	0.0255357291	0.1171916683	0.1351397812	0.1640419357	-0.0238888808	-0.1238979821	-0.0393535653	-0.1881069106	0.0098278101	-0.0478308288	-0.0511349538	0.0598221422	0.0200905565	-0.0074478246	0.1122549569	0.0785172079	-0.0719032767	-0.0198152242	0.0087526399	-0.0891069796	0.0140089344	-0.045717379	0.0015998327	0.0030198873	-0.0080031902	0.1028237807	-0.0330299293	-0.0771727108	0.0488873258	0.0996421175	0.0194889343	-0.0645607933	-0.008322757	-0.0226458113	0.0362006108	0.0020922376	0.1304358389	-0.0469262734	-0.0641354857	0.1171976362	0.1090609537	0.0959156576	0.0	0.00472931	-0.00347156	1.2051728833600008e-05	2.23663730761e-05	0.0248243	0.0079241	0.00061624587049	6.279136081e-05	0.0665649	-0.0170567	0.0044308859120099	0.00029093101489	-0.000251319	0.000622584	3.8761083705600003e-07	6.316123976100002e-08	-0.000131771	1.7099999999999982e-05	1.7363596441000004e-08	2.9240999999999936e-10	-5.77504e-05	-5.77504e-05	3.33510870016e-09	3.33510870016e-09	0.0	0.0	0.0	0.0	0.0	0.0	0.0
269.967746218068	-0.4556586878484836	0.2076248398118018	72882.58399806316	240.1052814711321	2.3520451451206554	57650.546190331566	5.5321163646856455	201.19282790641108	-0.13643399752101	40478.55400097874	0.0186142356795629	201.004943677377	278.3741310921507	1.189917	25.073618	0.08013679	0.0503854	0.0675299874	-0.0354108287	0.0579132485	-0.0104407812	0.0849332918	0.1161257121	0.0573097429	-0.0378881294	-0.0803150976	0.0093865051	0.0379730573	0.1170905136	0.047495062	-0.073232172	-0.0403471813	-0.0403036662	0.0169862051	-0.072143023	0.02178735	0.0472598402	-0.0060642646	-0.0023517759	-0.0673877355	-0.0323802346	-0.1032462051	-0.0711718342	-0.1263883943	0.0584435104	0.0154792781	0.0801107026	0.0502930875	0.1032627849	0.0906564927	0.0676493233	0.0071174946	-0.1048385107	0.1148210846	-0.045571453	0.0217119157	-0.1276978465	0.0519830613	0.016784914	-0.0959483649	0.0569023988	0.0511363985	0.0742647516	0.153082959	0.0789911105	0.0698706178	-0.016135384	-0.0884444522	-0.1000037009	0.0962445535	0.0422287044	0.01883754	0.0671152045	0.0399507294	0.0451952669	-0.1234154914	0.0142506428	0.0481588079	0.0529185254	-0.0390981623	0.0974160619	0.038927618	-0.0836170906	0.0384423428	0.0301792497	0.0145376927	0.008733046	-0.07616312	0.042637708	0.0773770488	-0.1555050915	0.0188696029	0.0379659451	0.0237387681	0.0856908976	-0.0663391915	-0.0475884039	0.093689408	-0.0746965646	0.0011580824	0.1268242702	-0.1413643196	0.0207482937	-0.0262303656	0.1219170235	-0.0016948991	-0.0195826681	0.0911045626	-0.0575136875	-0.0491061586	-0.0433285595	-0.0014147656	0.0452515117	0.142444427	-0.0893641648	0.0064422811	0.0946441658	0.0224828402	0.1147246632	-0.0032530116	-0.01978535	-0.0720798442	0.0267523656	0.1704333272	0.0065420923	-0.0054065797	0.0132827607	0.0095737884	-0.1238249459	-0.1531081258	0.0294480165	-0.0086832393	-0.017727633	0.0521090869	0.1239197076	0.0279735441	-0.0348116705	-0.0540155185	-0.0484018106	-0.0223084464	0.021041158	-0.0420103799	-0.0261555906	0.0023847117	0.0925269946	0.0804903181	-0.0585733213	0.0332567901	-0.1286102607	0.0813562522	-0.0144553143	0.1138062345	0.0518596615	0.1755385311	0.1165901104	0.1066928056	0.0908149015	0.0	0.00866383	0.00393452	1.548044763040001e-05	7.506195026890002e-05	0.0445322	0.0197079	0.00198311683684	0.00038840132241	0.0602295	-0.0063353999999999	0.00362759267025	4.013729315999998e-05	-0.00115602	-0.0009047009999999	8.184838994009999e-07	1.3363822404e-06	-0.000172499	-4.0728e-05	2.9755905001e-08	1.6587699839999995e-09	0.0	5.77504e-05	3.33510870016e-09	0.0	0.0	0.0	0.0	0.0	0.0	0.0	0.0
269.435418394879	-0.5323278231890072	0.2833729113411469	72595.44468562349	237.3170741506525	-2.788207320479586	56319.3936834263	7.774100061975952	201.28032647759247	0.0874985711813849	40513.76982692621	0.0076559999587838	200.9981052918365	274.1455622154536	1.343578	28.311523	0.06294495	0.0351811	-0.090041053	-0.0478460636	0.1035765094	-0.119299736	-0.0432992802	-0.0890370653	-0.0961399358	-0.0897804878	-0.0652938979	-0.0184869747	0.0454738059	-0.047267319	0.0318824651	0.0906308044	0.0439889457	-0.0302390121	-0.0346551115	0.1240261087	-0.0340771455	0.0296415201	-0.1263437139	-0.0218786498	-0.0268215406	0.0121094199	-0.0394871462	-0.0230063969	0.1831165617	-0.1916495851	0.1345077941	-0.0236960341	0.0921507561	-0.0383140252	0.1128633365	7.05265e-05	-0.0156428027	0.0805603644	0.0239380174	-0.0165338061	-0.0755487923	0.0149189808	0.027492738	0.094491891	-0.1056702451	0.1818992265	-0.1080402323	0.0932169751	-0.115628456	0.0572413342	0.0316338554	0.0780419212	-0.2033906195	0.0324767938	0.0334197052	-0.0742429686	-0.1119877508	0.0367835186	0.1110307343	-0.021266636	0.0209914621	0.0897236818	0.0183961464	-0.0955447954	0.0319047084	-0.0650403085	-0.0727349369	0.0621735	-0.1088926688	0.1041986258	-0.0754159975	0.0148410605	-0.0091268353	-0.0236666228	0.0431619951	0.1319765314	-0.1861863502	0.0587696293	-0.1957462	-0.0118899576	-0.1081688029	-0.0982824527	-0.0326229418	0.0193538184	0.0636206076	-0.0332533258	-0.0243480786	0.015744587	-0.0998933397	-0.0340825118	0.0013511748	-0.0708313651	0.0419920625	-0.1362237157	0.0728084309	-0.1557599373	0.1521693662	-0.0911351309	0.0181551492	-0.152302657	-0.1194019287	0.0640145063	0.12643729	-0.0334133057	0.1159972412	-0.007958215	-0.0555381025	0.010410735	-0.0393518294	-0.0861468425	0.0310993014	0.0588825418	0.0462402404	0.1175327857	0.0037432154	-0.1143585491	0.0239140964	-0.0966201741	0.0097390463	-0.0572981813	-0.0757413321	-0.0860308416	-0.0235700458	0.0508558	-0.1085934223	0.0980104384	0.0808408937	0.1346719948	0.0305837716	-0.0179185241	0.036675147	0.0509617992	0.0010454621	-0.0662387063	-0.0191197454	-0.0958201292	0.045209575	0.0031748274	0.0105209355	0.1159230303	0.1041066901	0.0852967926	0.0	0.0105335	0.0018696699999999	3.4956659088999948e-06	0.0001109546222499	0.0240992	-0.020433	0.00058077144064	0.000417507489	0.06661	0.0063805	0.0044368921	4.0710780250000055e-05	-0.000615436	0.000540584	2.92231061056e-07	3.7876147009600004e-07	-2.78474e-05	0.0001446516	7.754776867600001e-10	2.092408538256e-08	0.0	0.0	0.0	0.0	0.0	0.0	0.0	0.0	0.0	0.0	0.0
269.5534926475887	0.1180742527097322	0.0139415291529617	72659.08539851366	237.23872638607884	-0.0783477645736638	56282.21329728878	0.0061383722136902	201.277038815741	-0.0032876618514592	40512.44635443331	1.0808720449540357e-05	200.9580431133768	272.54110978301424	1.190899	25.094297	0.0460363299999999	0.0273649	-0.0761800385	0.046510033	0.0236185706	-0.1087474274	-0.0329864699	-0.0070340809	-0.0432866775	0.0075224832	0.0231548309	-0.1282590392	-0.0235041404	0.0559477725	0.061166815	0.0419238138	0.0900494679	-0.0018161798	0.1470446932	0.0701499938	-0.0602625476	-0.0045093617	-0.0663665799	0.0159300403	0.0129260192	-0.0312569473	-0.0155450403	-0.122297912	0.0459936693	0.0035517347	-0.0047852689	-0.1229840115	-0.1302618868	0.0339635801	-0.0905850471	-0.0506422746	0.1224538612	0.0560736396	-0.0768920334	-0.0889215117	0.0787420741	-0.0418968494	0.0095960824	0.0908436549	-0.0638792101	-0.1374634129	0.1131226741	-0.2190798494	0.0254774122	-0.013884193	0.0211032715	0.0537333296	0.0511214848	0.0544694244	0.0711275891	-0.0649669458	0.0669147553	0.0902647196	0.0619571833	-0.0772807585	-0.1632356845	-0.1385310127	-0.0876789987	-0.0342781297	0.0645508476	-0.0408205706	0.1251003753	0.0726913835	-0.0358282629	0.0550756883	-0.0564060284	-0.0113246435	-0.0008004975	0.0399904519	-0.0100877734	-0.0734464353	-0.0994199537	-0.0411008627	-0.036161	-0.1202480704	0.1317181129	0.0348836125	0.0339096195	0.0102999167	-0.1421229076	-0.0656669006	0.0674234425	0.0750842689	0.0742925139	0.0405591915	-0.0284726677	-0.1330445167	0.0769029055	0.0866778161	-0.04971172	0.236373279	0.0293585692	-0.0185770195	-0.0442581521	0.0973877503	-0.0655646059	-0.0421766056	0.0705120279	0.0879232258	-0.0558887477	-0.0630132168	-0.0625747784	0.1284954768	0.1110081521	0.1061481192	-0.1123335459	0.0052985209	0.0136581437	0.0962876911	-0.1552937991	-0.0811655351	0.040348142	0.0287441862	0.0119443902	0.0334875802	0.0388540454	-0.0036613543	-0.0748239708	0.0435674163	-0.0218074024	0.0050698451	0.0744205374	0.0177500906	0.1611882689	0.0039349136	0.0859076149	0.009495442	-0.0011420563	-0.0074638897	0.0743698843	0.0931128121	0.0925828494	-0.0646484127	0.0963596358	0.1151967366	0.1013078907	0.07938669	0.0	0.0099022	-0.0006312999999999	3.985396899999995e-07	9.805356484e-05	0.0154787	-0.0086205	0.00023959015369	7.431302025000002e-05	0.0666397	2.969999999999362e-05	0.0044408496160899	8.82089999999621e-10	-0.00108159	-0.0004661539999999	2.172995517159999e-07	1.1698369280999998e-06	-0.0001265	-9.86526e-05	1.6002250000000004e-08	9.732335486760002e-09	-0.00017029	-0.00017029	2.89986841e-08	2.89986841e-08	0.0	0.0	0.0	0.0	0.0	0.0	0.0
270.2924388166744	0.7389461690856933	0.546041440806422	73058.00248146568	238.9501397502315	1.711413364152662	57097.16928665517	2.928935703000332	201.20238501644693	-0.074653799294083	40482.39973630654	0.0055731897490412	200.8511881554645	275.35257180937435	1.213238	25.56502	0.0862566515	0.0458476	-0.0009378648	0.1629559609	0.0103911007	-0.0819825685	-0.0798389688	0.1284959235	-0.0178022796	0.1398890358	-0.0118799978	-0.0940786453	0.0379263669	-0.0308116804	0.0299871538	0.0074424276	0.043917178	-0.0309802464	0.1447835385	0.0275736526	-0.075308235	-0.0649716355	0.0350414663	0.0811985911	0.1187135525	-0.0097463142	-0.1257455235	-0.0097629762	0.0075501108	-0.0971284523	-0.1242428599	0.0566793426	-0.0089922229	0.0145998836	0.0524102567	0.0822321662	0.0977758669	-0.0685923305	-0.0577606122	-0.0704145464	0.0192124806	-0.1263483199	0.0121467461	0.1399095334	0.0584602649	-0.0554831832	0.0343898981	0.0277595737	0.0146236241	-0.1078629478	0.0426548905	-0.0335784119	0.09294498	0.0308580928	-0.0425713921	0.1679079202	0.0236978796	-0.0376354739	0.0518501169	0.0452254932	0.0835224973	0.0655712238	-0.0552370389	-0.1213113995	-0.1765029461	0.023399614	0.0168070414	0.1131485415	0.0261333874	-0.0434305124	-0.0061333533	-0.0765241723	0.0993711032	0.0279989531	0.1142078884	0.0091284639	-0.0642708337	0.0758648002	0.096879642	0.0081328919	0.0093460114	-0.0339258279	0.0248876876	-0.1275237549	-0.0901193402	0.1182089684	0.041204009	0.0758145895	0.0426039947	0.0754516153	0.0245499774	-0.1764670763	-0.0385676396	0.035721104	-0.0405217073	-0.0164498529	-0.1040332652	-0.0460582147	0.0109905963	0.0529634086	0.0263994928	-0.0677854418	-0.1522337134	0.0187664165	0.0279365524	0.0366666785	-0.0818083441	-0.0928913165	-0.0804060589	-0.0109478207	-0.0372406798	0.1915737027	-0.1154431813	-0.007899016	0.0771172857	-0.0452911402	0.0062703853	0.1270579355	-0.0177210826	-0.0292326943	-0.0575223653	-0.0220366421	0.0281132269	-0.0127782222	0.0936992619	-0.0690317796	0.1071292704	0.0350960931	0.0014183783	-0.0626041307	0.1061343968	0.0044892625	0.0398458828	0.0088879207	0.0488912541	-0.0392363499	-0.0708700748	0.0657133711	0.0008702651	0.1144116002	0.098302125	0.0731117546	0.0	-3.59115e-05	-0.0099381115	9.876606018643224e-05	1.2896358322500003e-09	0.00901125	-0.00646745	8.12026265625e-05	4.18279095025e-05	0.04688	-0.0197596999999999	0.0021977344	0.0003904457440899	-0.000401355	0.000680235	4.627196552249999e-07	1.61085836025e-07	-3.31844e-05	9.33156e-05	1.10120440336e-09	8.707801203360001e-09	5.79872e-05	0.0002282772	5.211048003984e-08	3.36251536384e-09	0.0	0.0	0.0	0.0	0.0	0.0	0.0
269.37128645502	-0.9211523616543786	0.8485216733814391	72560.88996643246	238.64812789521773	-0.3020118550137738	56952.9289478922	0.0912111605688607	200.91318027789777	-0.2892047385491594	40366.10600937905	0.0836393807992876	200.55474987306457	274.0352447272172	1.055466	22.240494	0.0451994608	0.0245145	-0.0179094304	0.1514686702	-0.0696311288	-0.1018134383	-0.0296297344	0.0494138503	-0.0157079565	0.1369143484	0.0705665919	-0.0771579704	0.0668569707	0.0827810789	0.0704959931	0.0945683149	0.0844332599	0.0676345894	-0.1033921528	0.0642208707	-0.0565190848	-0.0807687064	0.0427188229	0.1099004436	0.0395014407	-0.035094567	-0.1418323048	0.0562379848	0.0194653937	0.0149965225	0.0779222811	0.0302852514	0.0685161488	0.1204546277	-0.0269470854	-0.1444380998	0.0008002132	0.0230833634	-0.161775528	0.0158679734	0.0551851601	-0.0936788454	0.0730670511	-0.0121978066	-0.0147066419	0.1271197913	0.0957472619	0.0468816709	0.0387156924	-0.1668793422	0.2734350527	-0.1023250295	-0.0178029903	-0.0866940676	0.0129148784	0.1342423743	-0.0463235969	-0.0738406838	-0.004876286	-0.0968474551	0.0504270483	0.0711759981	0.082803236	0.0444788598	0.0147894202	0.174054923	0.1210684401	0.1191140952	-0.0065156972	-0.0684172484	0.0016306697	-0.0965286877	0.0253091898	0.0413979258	0.1413545439	-0.0249584014	0.0326255133	-0.0190579555	-0.0675267503	0.0462030109	-0.0609819072	-0.0019883148	0.1250955306	0.1225757752	0.013230165	-0.0075792519	0.1695550201	0.0206107166	0.0877053435	0.1036543559	-0.0578975953	-0.0463145866	0.0127562024	-0.1377288719	-0.0449100369	-0.0130820476	-0.2061046701	-0.2087257652	0.1416435247	0.0014330305	0.0890462812	0.128111283	-0.0671071973	0.0440439343	0.0742361413	0.1232768085	0.0021255837	0.0026114156	-0.0521357955	-0.0617851541	0.0276729266	0.0844566385	0.0068304407	-0.1858854264	-0.0755168004	-0.0317439886	0.0101949493	0.1175501987	0.0468803366	-0.0727923009	0.0686443812	0.0412224631	-0.0206985919	-0.0213161445	0.0562795638	-0.0554919033	0.0936488647	0.0879332817	9.69774e-05	-0.1306819741	0.1196620769	0.0063682291	0.0686226352	-0.0862268605	0.0190601416	-0.0048292752	-0.0823543299	0.0638835409	-0.0770195465	0.1135680224	0.0950955338	0.0665008237	0.0	-3.53557e-05	5.558000000000058e-07	3.089136400000064e-13	1.2500255224899995e-09	0.0285316	0.01952035	0.00081405219856	0.0003810440641224	0.0364822	-0.0103977999999999	0.00133095091684	0.0001081142448399	-0.000630633	-0.000229278	5.256840128400001e-08	3.97697980689e-07	-9.02283e-05	-5.70439e-05	8.14114612089e-09	3.2540065272099997e-09	7.72804e-05	1.9293200000000007e-05	3.722275662400002e-10	5.972260224160001e-09	0.0	0.0	0.0	0.0	0.0	0.0	0.0
269.3422949381403	-0.0289915168797278	0.0008405080509875	72545.27184254416	237.3008674780528	-1.3472604171649325	56311.70170583637	1.8151106316594277	200.9491053316015	0.0359250537037212	40380.54293357107	0.0012906094836152	200.59778354147207	268.8264887459413	1.153054	24.296844	0.0345257207	0.0162576	-0.0223404376	0.1089694044	-0.1116145568	-0.0665629949	-0.1861411814	0.0317621965	0.0380508826	0.126030772	0.1109780569	-0.0618217728	-0.0323536008	0.005475972	0.0661165456	-0.068935813	0.1941963309	-0.0727129715	-0.0255505001	0.0168652782	-0.0370541351	-0.160000895	0.0838139226	0.0560085967	-0.0278370595	0.0170613915	-0.1366366529	-0.0260223461	0.0960140301	-0.0138472798	-0.0118014312	-0.0212353748	-0.071007332	-0.0574345974	-0.0377956407	0.1015074292	-0.011777318	-0.0871530871	0.1026373702	0.0661854635	0.0261961796	0.1916208119	0.0238207829	-0.0588867769	0.0172170588	0.1091202377	-0.1675917754	0.0775633678	0.0572948982	0.1998081556	0.0265307997	0.1086238825	0.09001939	0.1352692047	0.1101285095	0.0725443854	-0.0589911566	0.147173288	-0.0405691869	-0.0337663132	-0.0509508897	0.0448466966	0.0429061289	0.2040872879	-0.0165774353	-0.0780229307	0.0940422619	0.0977457951	0.0245168539	-0.1504179744	-0.0136609975	-0.0416604316	-0.0282884392	-0.0384571584	0.1543771466	0.0028151412	-0.060554341	-0.0498218842	-0.0113084172	-0.0298548544	0.0939883196	0.0399739922	-0.0592386092	-0.0562511048	0.009176481	0.0623995932	-0.0801253414	-0.0468212949	-0.0521526232	-0.1498002803	-0.116121869	0.1267589757	-0.026415044	-0.0578310449	0.1452089057	-0.104462153	0.1260427182	0.1013909853	0.1692075783	0.0433579441	-0.0369621729	-0.0970263621	-0.0318593287	0.0688379432	0.1518744546	-0.1359152211	-0.0044347869	0.1343111936	0.0621636329	-0.0466420263	0.061548037	-0.1786991568	-0.1189819052	-0.0164721974	0.0093999442	-0.0165183912	-0.0003034603	0.1294758716	0.0897990885	0.1358071433	-0.0298256057	-0.0204893552	-0.042399056	0.0546017802	0.1181427543	-0.1400589398	0.0799781722	0.0378795943	0.0812069382	-0.1596094209	0.0627603848	0.0964018254	0.065481769	-0.1172772486	0.1004404936	-0.0062027411	0.0238768331	-0.0643687121	0.0866788317	0.1126664339	0.0916946678	0.0595842788	0.0	0.00814025	0.0081756057	6.684052856187248e-05	6.62636700625e-05	0.0219819	-0.0065497	0.0004832039276099	4.289857009000003e-05	0.0274213	-0.0090609	0.00075192769369	8.209990881000001e-05	-0.000649225	-1.8592e-05	3.45662464e-10	4.21493100625e-07	-0.000149047	-5.88187e-05	2.2215008209e-08	3.45963946969e-09	0.00021466	0.0001373796	1.8873154496160004e-08	4.607891560000001e-08	0.0	0.0	0.0	0.0	0.0	0.0	0.0
269.93794082483066	0.5956458866903631	0.3547940223311489	72866.49189674978	237.3693092707041	0.0684417926512992	56344.18898365117	0.0046842789813234	201.22598830454447	0.2768829729429853	40491.89836914067	0.0766641807057459	200.8909289904608	271.5324583191085	1.381516	29.110933	0.0548101677	0.028035	0.1066578593	0.0094478228	-0.0828282308	-0.0337253573	-0.1051828116	-0.1484322103	0.1330881472	0.0345128044	0.0793512225	0.0614141105	0.0262348294	-0.1019278282	-0.0416174226	0.1109562054	0.0962415677	-0.1880629437	0.1518601345	-0.097420095	-0.0181203836	-0.0450067226	0.1067533341	0.0375229599	-0.0033068361	-0.0491898398	0.0812715549	0.2559605367	0.0828052722	0.0250439776	0.0123745077	-0.0090968358	-0.0933894233	-0.0891468729	-0.0270754783	-0.0258616997	-0.0518403769	-0.0537852757	0.1912409936	0.071629387	0.0701560581	-0.0757515002	0.1253491013	-0.0190933523	-0.0606049158	-0.0237674333	-0.0834714864	-0.0435743198	0.0067225264	0.1173701014	0.0133121873	-0.1180190934	0.0058003964	0.0810810185	0.0271238565	0.0889572874	-0.0562726376	0.0762325468	-0.0621661243	0.0213774633	-0.0433320271	0.0639022873	0.0130449568	-0.0776238243	-0.0378723161	0.0484431463	-0.0229578981	0.0024031127	0.1036877602	-0.0855671136	0.0451660077	-0.038703067	-0.0022340647	0.0251383806	-0.0132978524	0.2149275372	0.1818506561	-0.0822739872	-0.0292424392	-0.0083977723	0.1296593586	0.0252582573	-0.0736549315	0.0195309656	0.0473757021	0.034768954	-0.1438441295	-0.0504391966	-0.0581736481	0.1474753577	-0.1023332273	0.0050969272	0.0419520804	0.0366642197	0.1449166365	0.0383915301	0.0721260048	-0.0074936697	0.078019834	-0.0682915028	0.1249607359	-0.0980470531	-0.0405869054	0.0523064685	0.0687608497	-0.0639775882	0.0211678424	-0.0008401087	0.0466072453	-0.032804825	-0.0185311252	0.0869633138	0.0418866215	-0.0376080219	0.0250710803	0.0933650883	-0.0760036574	0.0721169549	0.0591875042	-0.0601904371	-0.1013847387	-0.0428290595	0.0196557371	0.061057859	-0.0257366192	-0.1494672324	0.0944987671	0.0179206656	0.0926711237	-0.0640057867	-0.1305498036	-0.0093874989	0.1283984054	0.0199418781	-0.1038884248	-0.0223769921	-0.0344279899	-0.066446639	-0.0783830028	0.1117072952	0.0881064748	0.0523939058	0.0	-3.36677e-05	-0.0081739177	6.681293056637329e-05	1.13351402329e-09	0.0053415	-0.0166404	2.853162225e-05	0.0002769029121599	0.0223932	-0.0050281	0.0005014554062399	2.5281789610000005e-05	-0.000293388	0.000355837	1.2661997056900002e-07	8.6076518544e-08	-0.000192179	-4.3132000000000006e-05	3.6932768041000004e-08	1.8603694240000006e-09	0.000114274	-0.000100386	1.0077348996000005e-08	1.3058547076e-08	0.0	0.0	0.0	0.0	0.0	0.0	0.0
270.7017591271207	0.7638183022900193	0.5834183989132073	73279.44239451767	239.77420992894216	2.4049006582380628	57491.67174704842	5.783547175993868	201.3365714981711	0.1105831936266383	40536.41502263817	0.0122286427126665	201.09561754751897	275.0073500316173	1.279462	26.960489	0.0634669614	0.0336633	0.1114273241	-0.0296618163	0.02647346	-0.0378354427	-0.0325913723	-0.0486790965	0.0858552842	-0.0110947488	-0.0671021538	0.0240951927	-0.1324448725	0.1360830993	-0.0285253073	0.1138113636	0.0880590865	-0.0643121251	-0.0115494558	-0.1191425695	0.0042840111	0.0098077263	-0.005823323	-0.0392808442	-0.0447661622	-0.0969919538	0.1251065279	0.0054918224	0.2020616355	-0.0142637484	-0.2241391725	-0.002526908	0.1645164646	0.1882133087	0.0220333248	-0.0883370313	0.0200421413	0.0968766129	0.0465016562	-0.122146762	-0.0190661805	0.0933385855	-0.0592311876	-0.0034868536	-0.0947608695	-0.031520148	-0.0666678748	-0.1527521321	0.1376214868	-0.1923533152	-0.0487353173	-0.0738848234	-0.0767083554	0.1357646339	0.0082558729	-0.0171776537	-0.0393987966	0.0463418625	-0.0894286306	-0.0659971636	0.1169394141	-0.0500839624	0.0116762253	0.065355581	0.088683285	-0.0365050899	0.1577245134	-0.0677737746	0.0912892401	0.0052796571	-0.0185132247	0.039709603	-0.0630466322	0.0836727396	-0.0627517065	0.2165685815	-0.1440041177	-0.0788629808	0.1896643771	-0.0845398447	-0.145699412	-0.0374605217	0.1929985971	0.0564066441	0.0150796282	-0.0627333113	-0.0557031222	0.0903145619	-0.0119738606	-0.0828818521	0.023887025	-0.0393972701	0.0965496558	0.0036652035	0.1127025548	0.2144698249	-0.2031926923	0.0233584331	-0.0459233295	-0.1107423874	-0.0534215312	-0.0683000359	0.0405816793	-0.0108707949	0.0720528999	-0.0275839377	0.1086473244	0.0843455993	-0.1091062962	0.0371498618	-0.0055125059	-0.1140371218	-0.0037842039	0.0681266442	-0.1318295149	0.0681755657	-0.0647847122	-0.0242134476	0.1400454444	-0.0015978499	0.1648518113	-0.0506625363	0.0200574697	-0.0573605616	0.0184359528	-0.1240322123	0.0250143814	0.04151485	0.0318064091	-0.0666809643	-0.1831856431	-0.0317552046	-0.191000633	-0.0106756881	-0.0927395964	0.0093248309	0.0022963177	-0.0704028311	0.1415519095	0.1106910964	0.0843382854	0.0449627491	0.0	-2.97463e-05	3.921400000000003e-06	1.5377377960000022e-11	8.8484236369e-10	0.0269192	0.0215777	0.00072464332864	0.00046559713729	0.00960536	-0.0127878399999999	9.22629407296e-05	0.0001635288518655	-0.000757253	-0.000463865	2.1517073822500005e-07	5.73432106009e-07	-0.000167563	2.461600000000001e-05	2.8077358969e-08	6.059474560000005e-10	0.000207743	9.3469e-05	8.736453961000001e-09	4.3157154049000006e-08	0.0	0.0	0.0	0.0	0.0	0.0	0.0
270.2487689330485	-0.4529901940721856	0.2052001159255564	73034.39710982823	240.4665554794105	0.6923455504683318	57824.1643041324	0.4793423612532974	201.5786595767772	0.2420880786060877	40633.95599677023	0.0586066378031873	201.349428180197	279.5522069323297	1.214169	25.584642	0.0355109463	0.0204277	0.127200862	-0.022640224	0.0188194397	-0.0935284397	0.0941280493	-0.0535631897	0.0566942728	0.0099497358	-0.0863354329	0.1173216595	0.093304917	0.0175172871	-0.0535621738	-0.1096953974	0.0816972792	-0.0906368925	-0.0079112751	-0.0942633044	-0.034809843	0.0759730651	-0.1049170034	-0.0604648779	-0.1266967102	0.2038397228	-0.0352265699	0.0642394074	0.0222810655	-0.0072073979	0.0144257624	0.0923192111	0.0229774439	-0.0150260356	0.0813963269	0.0384429771	-0.2264741322	0.0546846061	-0.0333673233	-0.0846383595	0.0360968608	0.1556486087	-0.0486921266	-0.0491857148	-0.0509892139	0.0499388517	0.00096742	-0.0605305173	0.138516646	0.0655951909	0.0061204224	0.0963222161	-0.0226463304	-0.0639903822	-0.0808877047	0.0266206744	0.0207837708	-0.0562348774	-0.0758732641	-0.0703626167	-0.148076665	0.1219042819	0.0389841199	-0.101780312	0.1810853106	0.0423157499	-0.0394936446	-0.0607990901	0.073178436	0.1170197017	-0.0581826081	0.0547734224	-0.0792249887	-0.2165148781	0.0587427916	0.0240437161	0.0222293396	0.015937641	0.0002870038	0.0905275499	-0.0513070983	-0.0780744086	-0.0247641628	-0.0365500785	0.2375550414	-0.0701022097	-0.0309084247	0.086166713	0.0590913412	-0.1395012638	-0.0136114055	0.0691799873	0.0318593339	-0.0265018873	0.0323811263	0.0773531982	0.0107144107	0.0761607347	0.1427247544	0.0136760604	-0.0817236689	0.0610107459	-0.0304557394	-0.099521346	-0.05603868	0.0395297555	0.0802717647	0.0572207519	0.1604116279	-0.1453350509	-0.0033079992	0.0572933343	0.1586306465	0.0354661896	0.0646990823	0.1056750569	-0.0605722558	0.0097147511	0.1563913895	0.1122844822	-0.0623606137	-0.0037296994	0.0412250959	-0.1399713163	-0.1144547082	-0.1737183896	-0.0108057898	0.0591575945	0.0111505213	-0.0341648218	-0.041421998	0.0034154677	-0.0617073988	-0.1839120104	0.0475864938	0.0184245658	-0.017903771	0.0317038404	0.0132994823	0.1096183565	0.0803977977	0.0373249597	0.0	-3.46426e-05	-4.896299999999999e-06	2.3973753689999992e-11	1.20010973476e-09	0.0347699	0.0078506999999999	0.00120894594601	6.163349048999997e-05	-0.00686679	-0.01647215	4.71528049041e-05	0.0002713317256225	-0.000650283	0.00010697	1.1442580900000014e-08	4.22867980089e-07	-0.000141574	2.5989e-05	2.0043197476e-08	6.754281209999999e-10	0.000298448	9.070499999999998e-05	8.227397024999996e-09	8.9071208704e-08	0.0	0.0	0.0	0.0	0.0	0.0	0.0
269.76180521611474	-0.4869637169337579	0.2371336616099411	72771.43155345703	239.01129607037385	-1.4552594090366426	57126.3996492399	2.1177799475896784	201.3196789465007	-0.2589806302765112	40529.61313112211	0.0670709668584189	201.1145998106141	273.42680451229234	1.125731	23.721107	0.0606732283	0.0371183	0.09493528	-0.043734882	-0.0752384528	-0.100329635	0.0658856346	-0.1349580912	0.0974242223	-0.0607943828	0.0249238313	0.0402783678	0.0775705834	0.0879501314	-0.1468093564	0.0701893035	-0.0420898092	-0.1218475902	-0.0255310279	-0.1188474817	0.0262906674	0.058692862	0.0104175782	-0.0250289467	-0.0638151152	0.0537582511	0.0552645705	-0.1160389503	0.0841445337	-0.0305339133	0.0274075249	0.0388800764	-0.055755203	0.0177248487	-0.100844371	0.0485439103	-0.054733864	0.0800345018	0.0025775241	-0.0890768854	0.0163309388	0.0495692662	0.1226491394	-0.3403758996	0.0187907917	-0.0576965951	0.0836970195	0.0092662383	0.0591467081	-0.0800921606	-0.1499834433	-0.1008165807	0.0897526793	-0.0255462433	-0.0328223504	0.0491339223	-0.0477438262	-0.1417401285	0.0742699002	-0.0336963738	-0.0782637898	0.084525749	-0.0551584878	-0.0532593552	-0.0546647958	-0.0256786742	0.0061384693	-0.0930525777	0.0892251608	0.0262891752	0.0337654663	0.0177831061	-0.0413617057	-0.0797469622	-0.0422628287	0.0090614805	-0.1464610637	-0.0261345932	-0.0126952135	0.0509619548	0.0564992835	0.0700579429	0.0222811887	-0.0379543058	0.0425966318	-0.141672179	-0.0098726298	0.0869364515	0.013931742	0.0695644152	-0.1119235295	0.3033030129	-0.0730712554	0.0097655202	-0.0781091138	0.0931041197	-0.1079837676	0.0721488019	-0.1029256058	-0.0153166654	0.0259841485	-0.1236875727	-0.033517302	-0.0564787417	-0.0010890714	0.2113443722	-0.0681606206	-0.0233522701	0.0803843811	-0.0754721327	-0.0574216851	0.0680188447	-0.0152693165	-0.0079936996	0.0789764368	0.1042267426	-0.1374451637	-0.0021944348	0.0901859201	-0.035701715	-0.0328767686	0.0374403627	0.1087975158	-0.0864349646	-0.0462605337	-0.1154031609	0.0404576678	0.1194782422	0.0537716418	-0.0491949913	-0.148561657	-0.0531835293	-0.0845978994	0.0654014642	0.1077402323	-0.0095353057	-0.116345035	0.109389846	-0.0677107984	0.1084896234	0.0762930619	0.0295156382	0.0	-4.37859e-05	-9.143299999999998e-06	8.359993488999994e-11	1.91720503881e-09	0.0186017	-0.0161682	0.0003460232428899	0.00026141069124	-0.0072384399999999	-0.0003716499999998	5.239501363359855e-05	1.3812372249992546e-07	-7.81833e-05	0.0005720997	3.2729806674009e-07	6.11262839889e-09	-0.000129637	1.1937000000000004e-05	1.6805751769e-08	1.4249196900000009e-10	0.0	-0.000298448	8.9071208704e-08	0.0	0.0	0.0	0.0	0.0	0.0	0.0	0.0
269.83931686908073	0.0775116529659953	0.0060080563455209	72813.25692837215	239.0374575455984	0.0261614752245407	57138.90610986376	0.0006844227859242	201.0972489396496	-0.2224300068510842	40440.1035310954	0.0494751079477734	200.92630742169808	273.2703296816473	1.065064	22.442741	0.0360057241	0.0253764	0.076807636	-0.05730745	-0.0489993752	-0.0832568301	0.0397757019	-0.0391964117	0.0740080561	-0.0709433163	-0.033127482	0.0328952216	0.0048769286	0.1495351132	-0.0237197071	0.003423127	0.0507453958	-0.0598986801	-0.0050998889	-0.1181389116	0.0798851424	0.0955237341	0.0104968814	-0.01090439	-0.0695196204	0.0338719743	-0.0221067175	0.0668966915	-0.0540112055	-0.0493349067	-0.1411847493	0.0886417544	0.1375346588	-0.0108038547	0.093971272	-0.0398356583	0.11302523	-0.0083136665	0.0583272186	-0.0705687185	-0.1024011396	0.1510037499	-0.0764807902	0.0924328812	0.114553192	0.0341358231	-0.0746455144	-0.0026452714	-0.0120163707	-0.0484870309	-0.0516715802	-0.0070237756	0.1692466753	-0.0510567872	0.0182424506	-0.0534832506	0.0756371539	-0.0695428409	0.2037824036	0.170013616	-0.0194790441	0.0078050121	0.0427594622	0.0870488814	0.1019124616	-0.0354417445	-0.072956683	-0.142404664	0.0610944764	0.0404420822	0.0542879219	-0.0008054025	-0.0485974838	-0.0609990445	0.0318580823	0.0975937625	0.0170826518	0.0980035109	0.1658516902	0.0583004054	-0.1486302955	-0.0805337982	0.0043407988	0.0487164156	-0.0918381959	0.0340141123	-0.0564834413	0.0355556104	-0.0882130758	-0.1735600841	0.0240679414	-0.0696271527	-0.1024354094	-0.0356106984	0.0283365429	-0.0487077662	-0.026565736	0.0986387479	-0.0823570294	0.1554761485	0.0030591491	-0.0160136927	-0.0081688999	0.0475285242	-0.0986200922	0.0807162738	-0.1868334308	-0.1175320149	0.0389691212	-0.0327216289	0.134008969	-0.1901027566	0.042161506	0.0560909777	0.060646223	0.0811846306	-0.0819983544	-0.0354113074	0.1395213236	0.0534726464	0.1189470067	0.0846451107	0.0734572817	-0.102540572	-0.0258470929	-0.1265347715	0.0622287876	0.000206137	0.0102683454	-0.1396545173	-0.1583287165	0.0459078266	-0.1914645991	-0.0166760525	0.0142014541	0.0460348958	-0.049746003	-0.0562014145	0.0319310952	0.1073054737	0.0720324637	0.0215706732	0.0	-0.00373984	-0.0036960541	1.366081591012681e-05	1.39864032256e-05	0.0247275	0.0061258	0.00061144925625	3.752542564000001e-05	-0.00731573	-7.729000000010044e-05	5.35199054329e-05	5.973744100015526e-09	-0.000548006	-0.0004698226999999	2.2073336943529003e-07	3.00310576036e-07	-0.000129637	0.0	1.6805751769e-08	0.0	-5.23089e-05	-5.23089e-05	2.73622101921e-09	2.73622101921e-09	0.0	0.0	0.0	0.0	0.0	0.0	0.0
270.1156299550008	0.2763130859200942	0.0763489214506853	72962.45354598694	239.69335781776152	0.6559002721631373	57452.90578195346	0.4302051670236775	201.06035440207933	-0.0368945375702765	40425.26611228974	0.0013612069025245	200.8512504909349	273.8531553148536	1.086248	22.88912	0.058140005	0.0272996	0.0591760146	-0.1048975385	0.0204679203	-0.0184935501	0.0172764121	0.1126391959	0.0370066441	-0.050175309	-0.053655871	0.0402762519	0.0473788262	0.028281659	-0.046160353	-0.1063472248	-0.0568232719	-0.162074663	-0.0399683097	-0.0655786183	0.1484363193	0.010733928	-0.0084107004	-0.0709623081	-0.096016422	0.1274213934	-0.1328262095	0.0756070816	-0.0435169033	0.1548880405	0.0115108668	0.0300742509	0.1299363937	-0.0781653699	0.0840577059	0.0745638515	0.0226781349	0.0595978798	-0.039360799	0.0507136112	-0.0987757396	-0.0916553095	-0.0162606275	-0.0759003202	-0.1325451623	-0.0725975903	0.0130761746	-0.0280612061	-0.0451684948	0.0690307911	0.0534201888	-0.0276485515	0.0953672619	-0.0053348549	-0.1477145597	0.0562831235	-0.0157561518	0.0153049576	-0.0841484713	0.0302575277	0.0855797987	0.1067371618	-0.0622252103	0.0414970331	-0.0463717186	0.0010870913	-0.0193939365	-0.1537550388	-0.0196772611	-0.0505339901	0.0007508023	0.0576769438	-0.0642393183	-0.1253303006	0.1141477434	-0.0779691764	0.1039783308	-0.0758898277	0.0042879437	0.05465416	-0.2131126827	-0.072142752	-0.0612873875	-0.0907676324	-0.0194863949	-0.0556167412	0.0533998741	-0.059515337	-0.077266763	0.1029456094	0.0749974711	0.0650313118	0.0422075623	0.0786444405	0.0104178917	0.053057916	0.0625943242	-0.0852059978	0.0766920655	0.0690498955	0.0774178765	-0.0255398771	-0.0949282686	-0.108716447	-0.0207050915	-0.0550472048	0.0349034114	-0.0531007011	-0.059754902	-0.0891078352	-0.0500168997	-0.0219033025	-0.0392914913	-0.0409367807	0.0567780299	0.0618584776	-0.0831614949	-0.08589932	0.0274872405	0.1042488941	-0.0416032892	-0.0163970605	0.1090718919	-0.161372284	0.0631166613	0.0018395261	0.0842667445	-0.1340802312	-0.0382706171	-0.06160984	-0.0450367273	0.1542709002	0.0745541503	0.0801572897	0.0387190871	-0.0298207612	-0.070821034	-0.0144483868	-0.0501977787	0.1060665123	0.0676247074	0.0135265772	0.0	-0.0144801	-0.01074026	0.0001153531848675	0.0002096732960099	0.026685	0.0019575	0.000712089225	3.831806250000003e-06	0.0110848	0.01840053	0.00012287279104	0.0003385795042809	-0.000166465	0.000381541	1.45573534681e-07	2.7710596225e-08	-2.26526e-05	0.0001069843999999	5.1314028676e-10	1.144566184336e-08	0.0	5.23089e-05	2.73622101921e-09	0.0	0.0	0.0	0.0	0.0	0.0	0.0	0.0
270.0485958926719	-0.0670340623289007	0.0044935655123149	72926.24414360363	239.6368417997618	-0.0565160179997121	57425.81594776407	0.0031940602905437	200.962258227196	-0.0980961748833237	40385.82923177421	0.0096228595267396	200.7693148560455	277.37105974634073	0.994855	20.96332	0.0299996043	0.0178912	0.043032734	-0.0846838337	0.0550204088	0.0045408069	0.0940054852	0.1048342013	0.0304380615	-0.0689721874	-0.0792350424	0.0689434604	0.0506874189	-0.0203074807	-0.0665466364	0.0487452743	-0.0606973852	-0.1085893695	-0.0058776334	-0.0379568912	0.1786606361	-0.0255032232	-0.0235377852	-0.1065091706	-0.0566688156	0.1871154267	-0.0008591644	-0.066581607	-0.0143785605	0.0190961685	0.0014306837	0.02007801	-0.110453872	-0.1698032408	0.0101926321	0.1604365768	0.0246820076	0.0104052763	0.0039087109	0.0512854109	-0.0079047364	0.0151736792	0.069735223	0.0234205577	-0.0815991584	0.045986813	0.0686737378	0.0048569853	-0.0873648986	-0.0836422385	0.0830140654	0.0369788652	0.1691823148	0.0037068103	-0.1031435267	0.0649017948	0.0591824791	-0.0489656976	-0.0202020554	-0.0192919563	0.1117820134	-0.2011838243	0.0094783731	-0.132677951	-0.0764379743	0.0070899195	-0.0057851809	-0.1607776862	-0.0634480157	-0.07061665	-0.025866182	0.0841391777	-0.0300708839	-0.1865113575	-0.0069014672	-0.0751220689	-0.0386049338	-0.0101922259	-0.003766847	0.0092646754	0.0549263212	-0.0311310665	-0.1840805683	-0.1849452732	-0.0230003888	-0.0123726202	0.0173930988	-0.0456176124	-0.0770372631	0.0115517188	-0.0736327534	-0.0034153232	0.0617932353	-0.0243615837	-0.034718633	-0.0156754406	-0.052852344	-0.147978352	-0.0172882484	0.1792776861	0.0278981384	-0.035668256	-0.104054451	-0.1020085515	-0.0308202954	0.0115615839	0.0193468953	-0.0022392999	-0.093587168	0.2172277552	0.0158665849	0.0901602143	-0.011501692	0.0678127809	-0.0245001223	0.0621371973	-0.0516134922	-0.0849879047	0.0818964538	-0.059308235	-0.1126382177	-0.0349772695	0.0164879482	-0.1654531192	0.0342239157	0.0432728219	0.0709203033	-0.0772736499	-0.0853717951	-0.0774276928	-0.0154444243	0.1565048288	0.0836115021	0.0134846203	-0.0531662922	-0.0551515991	-0.0714368574	0.0180494444	-0.055014862	0.104773372	0.0630787976	0.0054203179	0.0	-3.37582e-05	0.0144463418	0.0002086967914024	1.13961606724e-09	0.0315505	0.0048655	0.00099543405025	2.3673090250000017e-05	0.0145045	0.0034196999999999	0.00021038052025	1.1694348089999996e-05	-0.000166465	0.0	0.0	2.7710596225e-08	-5.05135e-06	1.760125e-05	2.5516136822500003e-11	3.098040015625e-10	0.00012776	0.00012776	1.6322617600000004e-08	1.6322617600000004e-08	0.0	0.0	0.0	0.0	0.0	0.0	0.0
269.52482455243404	-0.5237713402378859	0.2743364168545912	72643.63105002035	239.0015130322259	-0.635328767535924	57121.72323169324	0.4036426428587162	200.992183096169	0.0299248689729836	40397.85766576392	0.0008954977830502	200.8281586644269	276.4684310432399	1.050022	22.125778	0.0162450156	0.0100236	0.0022461306	-0.0838637937	0.000950879	0.0770210062	0.152259594	0.1209467166	0.0047016767	-0.0952049003	-0.0101625995	-0.0035638161	-0.0130125259	0.0695856977	-0.0563140108	-0.0650016909	0.0331756927	0.0092609485	-0.002594286	-0.0006926955	0.1299287894	0.0557610681	0.017083263	0.0005846235	-0.168416386	0.1043896808	0.0074326836	-0.0617974237	-0.0687225634	0.1096382247	-0.0365418443	-0.0516546716	-0.0820355611	0.0021637948	0.0398952427	-0.0821364836	0.0260793171	0.0065265916	-0.0787366585	-0.069135028	-0.0608440935	-0.0494224899	-0.0277278471	0.0375530387	-0.0520502041	0.0003620868	0.1574289344	-0.1397993069	0.0462330241	0.0888277397	0.1377377976	-0.0841344351	0.0550429867	-0.0094075502	-0.119938529	0.0262364161	0.0586523606	0.0268314296	-0.0509787814	-0.0421958389	-0.0207323923	0.0067663863	0.0424932239	0.1917914656	-0.0539762567	-0.1530088391	-0.0225720613	-0.1386008705	-0.0727610148	-0.0014327591	0.0458650672	0.0121330133	-0.1696078654	-0.0985670308	-0.0252679395	-0.1411419599	0.0407121949	-0.045076977	0.0358906471	-0.0524583594	0.0414764972	-0.0700110464	0.0062217331	0.0097889611	-0.0271257372	0.0004703144	0.0832987801	0.0883184191	0.0020762973	0.0383491253	0.0720008099	-0.0756106763	0.0279555753	-0.0464823981	-0.0664034401	0.2171503816	0.0033375216	-0.0829434332	0.1325029138	0.0400427684	0.1346980478	0.0040799318	-0.0002006149	-0.0898803147	-0.0676438312	-0.0616980547	0.0049349249	0.0397950739	0.0519928361	-0.0065421856	0.057696503	-0.1369021122	-0.1630867753	0.0585325668	0.0307523251	0.0447969498	-0.0719241748	-0.0936980289	0.1047893779	-0.0267984771	0.0130260429	0.0705747801	0.0385740974	-0.1204202647	0.0855904093	0.1018714736	-0.0211945202	-0.0415413677	-0.0430894947	-0.1295317665	0.0637196127	0.1472221664	0.0317017612	0.0648715938	-0.0668652916	-0.1545108369	-0.0934057024	0.009659267	0.0639364282	0.1034267134	0.0584040215	-0.0027108513	0.0	-2.88451e-05	4.913099999999999e-06	2.4138551609999988e-11	8.320397940099998e-10	0.0386676	0.0071171	0.00149518328976	5.0653112410000014e-05	0.0128878	-0.0016167	0.00016609538884	2.613718890000001e-06	-0.000303789	-0.000137324	1.8857880976e-08	9.2287756521e-08	-1.74364e-05	-1.238505e-05	3.0402804496000004e-10	1.5338946350250003e-10	0.000128177	4.1699999999997924e-07	1.7388899999998272e-13	1.6429343328999996e-08	0.0	0.0	0.0	0.0	0.0	0.0	0.0
268.86533400630793	-0.6594905461261078	0.4349277804297119	72288.56783032352	236.9092378337104	-2.0922751985154946	56125.986970949554	4.377615506323052	201.188413265612	0.1962301694430266	40476.77763233469	0.0385062793996389	201.0199574876868	271.8188844469592	1.081324	22.785379	0.0492399349	0.0257955	-0.0181231934	-0.093249629	-0.0878413898	0.1674679841	0.1528798753	0.1148429689	0.0099533165	-0.1202169263	0.0969492954	0.0352506379	0.0371199984	-0.0079208628	0.0122781171	-0.229906431	-0.0692864376	-0.0161810011	0.0387001294	-0.054178338	0.1164943115	0.0789327339	-0.0033225599	-0.0504735908	-0.132636805	0.0999134362	0.0227094415	0.0847518137	-0.1026828534	-0.0450819073	-0.0603964343	0.0836620484	0.0390344532	0.047195842	-0.1551139375	0.0007220203	-0.0530600607	-0.0032632353	0.0585256311	0.019382864	-0.1442470814	-0.0427449796	-0.0630613793	0.0402246699	-0.0846149191	-0.0394150273	-0.012875619	-0.0481280572	-0.1074825019	0.0656771677	0.027634439	0.0516427041	-0.0615144136	-0.0165972241	0.0496274873	-0.1029042315	-0.008925407	-0.0223794608	-0.0082989918	-0.1117750904	0.1092435264	-0.2212097555	-0.1063009153	-0.0840314763	-0.0786190041	0.0589474256	0.1170691407	-0.144517941	-0.0199466757	0.0268179783	0.0420122409	0.0346561335	-0.0999838499	-0.1483256055	-0.0178782885	0.0494080311	0.0918955069	0.101282242	0.0847696945	0.0834502838	-0.0039249973	0.1585684624	0.0535421919	0.0173222603	0.030057117	-0.0088886402	0.0175897121	-0.0253965717	-0.150927793	0.0037276313	0.1150655108	-0.0128490841	0.0475266647	0.0391335784	-0.0139101933	0.0211003999	0.1450886511	-0.057386264	-0.0269572921	0.0328977504	-0.0599488775	0.039988456	0.0869189185	0.0237736477	-0.0185297407	0.0546862167	-0.0022378374	0.0676143095	-0.1526018187	0.1849138995	-0.1640239534	0.0793294927	-0.0169862465	-0.055637965	0.0293275256	0.0795782793	-0.0251304181	-0.0671504508	0.0305861646	0.1000846773	-0.0746259291	0.1636385365	0.0273643075	-0.0340317062	0.0195433549	0.0898767115	-0.071393101	-0.1606511872	0.0140181765	-0.1014109787	0.0435962826	-0.0590576558	0.1005889137	-0.0287027031	0.0463717468	-0.054798619	0.0304673853	0.0752229966	0.1031936355	0.1020272243	0.0536099293	-0.0108295624	0.0	-0.0076374499999999	-0.0076086048999999	5.789086852430249e-05	5.833064250249847e-05	0.0302311	-0.0084365	0.00091391940721	7.117453225000005e-05	0.0337589	0.0208711	0.00113966332921	0.00043560281521	-0.000309886	-6.096999999999993e-06	3.7173408999999906e-11	9.6029332996e-08	-0.000129637	-0.0001122005999999	1.6805751769e-08	1.2588974640359998e-08	0.0	-0.000128177	1.6429343328999996e-08	0.0	0.0	0.0	0.0	0.0	0.0	0.0	0.0
268.87156269484046	0.0062286885325306	3.8796560835279055e-05	72291.91722596553	235.8134192883432	-1.0958185453671945	55607.96871645995	1.200818284370674	201.214123708962	0.0257104433499932	40487.12357996547	0.0006610268972532	200.9920766880201	268.22599254185906	0.978437	20.617361	0.039425295	0.0211125	-0.0044868433	-0.0807017213	-0.1235859983	0.1888850753	0.1136497671	-0.0243838722	0.0436620585	-0.1285752729	0.1340014289	0.0278516014	-0.0363635631	0.0112850045	-0.1043454093	-0.0514595328	-0.1526320102	-0.0424349542	-0.0287328713	-0.0459826551	0.0344067945	0.1011169734	0.0576281252	0.0036594004	-0.0593715523	0.0693725795	0.0409170088	0.0500002582	-0.0351688954	-0.027020595	-0.017081866	0.0479087482	0.1038739858	-0.097452697	-0.0621265077	-0.0056869718	0.0503326582	-0.0151133854	-0.1150678882	-0.0998553551	-0.0276543118	0.0327973667	0.0692928235	-0.0203926903	0.1280267931	-0.0953933589	-0.0405137926	0.0092915729	-0.0912336784	0.0059015796	-0.0659990342	0.0957131429	0.0205920449	0.1209131595	0.0272435899	0.1049511151	0.0268321254	-0.0993502342	0.0446732153	-0.0455820208	-0.0058042266	0.0259460404	-0.1116769086	-0.0539318212	0.1369475613	-0.158050199	0.0257885197	-0.0633534903	0.027092411	0.0394845801	0.1003675026	-0.0155963764	-0.0320210199	-0.0839988679	-0.0457270113	0.0614978939	0.0328971824	0.0561851447	0.0378256631	0.052765567	-0.0889996116	0.0776755047	-0.0855242524	0.0116379434	-0.0739160891	-0.0179392405	0.0708426488	0.0890901092	0.0594069002	-0.01450839	-0.0285141753	-0.0002101681	-0.195072313	0.1007483354	-0.0036458823	-0.0186884045	0.0903720769	-0.0146296939	-0.0644003669	-0.0029771534	-0.1085417957	-0.1123701513	-0.1084780101	0.0227532541	0.0204803215	0.0919271029	0.0082842562	0.0090973083	0.0188090676	-0.0360078572	-0.1004199444	0.0067197513	0.0264089299	0.1709502744	-0.0174962935	0.0951251479	-0.0666180084	-0.0405561076	-0.0072102913	-0.0033078378	-0.0519698237	0.1724671298	0.0851528873	0.0577116117	0.0232984643	0.0879436672	-0.0997420492	-0.1021072057	0.0603409176	-0.142556251	-0.0613663212	-0.1224126707	0.058428647	0.102209144	0.0420550554	-0.0267756843	-0.0202457002	0.0848836982	0.0227883404	0.1005756196	0.0487063151	-0.0188985047	0.0	-0.0167955	-0.0091580500000001	8.386987980250185e-05	0.00028208882025	0.028232	-0.0019991	0.000797045824	3.996400810000001e-06	0.0457212	0.0119622999999999	0.0020904281294399	0.0001430966212899	1.62309e-05	0.0003261169	1.0635223246561e-07	2.6344211481e-10	-0.000129637	0.0	1.6805751769e-08	0.0	0.0	0.0	0.0	0.0	0.0	0.0	0.0	0.0	0.0	0.0	0.0
268.7868209721122	-0.0847417227282676	0.0071811595709545	72246.3551282943	236.80016101158407	0.9867417232409252	56074.31625511216	0.9736592283844708	200.92699177984656	-0.2871319291154464	40371.656025698525	0.0824447447175577	200.70046999502875	268.914285364998	1.035172	21.812874	0.053233165	0.0301388	0.0139274408	-0.0432366236	-0.1387020645	0.1733334741	0.055779682	-0.1428990429	0.0857756818	-0.056165412	0.1393228759	0.1235986266	-0.0138528417	-0.0019334189	-0.1040478124	0.0137316281	-0.1132687071	0.1437777417	0.0566501964	-0.1171567033	0.06105572	-0.0450479829	0.0670546452	0.0223393266	0.1218043719	0.0939996588	0.0034424939	0.186115799	0.1270641116	-0.0109967966	-0.0821434358	-0.031520867	0.0359898356	0.0162983565	-0.0771759416	-0.1590961654	0.0119095003	-0.0824694617	0.0359253162	-0.0075543594	-0.0755830196	0.0067684273	0.034105683	-0.0134373356	-0.1406978788	-0.037086437	0.0601479383	0.0652338798	0.0720061007	0.0298619264	-0.0305469813	-0.0563809246	0.0736027881	-0.2129446826	0.2254907395	0.0653263589	0.0961099368	0.0418584047	0.0416781199	-0.0475212923	-0.0182516547	0.0498312413	-0.1196952223	0.013801471	0.1335766394	0.0179832216	0.0384882578	-0.0793639947	0.0864187404	-0.0947307151	0.0290036944	-0.037866784	0.1289764331	-0.1038329672	0.0283925207	0.1983520108	0.065472655	-0.0628379135	0.0417012477	-0.069569011	-0.017485591	0.0013507358	0.0451347987	0.1421684113	-0.0128983795	0.0582687135	0.051272212	0.0687382419	-0.1608498851	0.0589883244	-0.034962488	0.0390669122	0.1274863069	0.0531768516	-0.0699314722	-0.0072962785	-0.034212167	0.0886343456	0.0442776161	0.030838403	0.0826726629	0.1273977539	-0.1016613869	0.1663235654	-0.024333653	0.0964281496	-0.0889866952	0.1393336914	0.0089576796	-0.0726147782	-0.1011580834	-0.0821943019	0.1280349238	0.0314707608	-0.1281544862	0.1043337416	-0.0053233807	0.0141372595	-0.0317018987	-0.0382198207	-0.0579929338	0.1596521919	-0.0051555455	0.1183388545	-0.0808687893	0.0413514217	-0.0932922807	-0.089476848	0.0066453225	-0.1415397743	-0.0968341512	-0.0775040397	0.2009113384	0.0774446901	-0.2302562416	0.0224461582	0.0769249467	-0.0088257569	0.0558623084	0.0990726408	0.0437031967	-0.0268805962	0.0	-0.0168085	-1.2999999999999123e-05	1.6899999999997719e-10	0.00028252567225	0.0438983	0.0156663	0.00192706074289	0.00024543295569	0.0556405	0.0099193	0.00309586524025	9.839251249000012e-05	-0.000392594	-0.0004088249	1.6713779886001e-07	1.54130048836e-07	1.42294e-05	0.0001438663999999	2.0247582436e-10	2.0697541048959997e-08	0.0	0.0	0.0	0.0	0.0	0.0	0.0	0.0	0.0	0.0	0.0
269.66145123278824	0.8746302606760423	0.7649780928902418	72717.29828097342	235.52154982841768	-1.278611183166447	55470.40043357983	1.6348465577183016	201.13724157796105	0.2102497981144893	40456.18994959106	0.0442049776071835	200.8979877306068	267.67142250518623	1.270178	26.764858	0.08553349	0.0477626	-0.0100358563	-0.11176364	-0.0325627588	0.1732781785	-0.0975304889	-0.0392522013	0.0235066964	-0.063343612	0.117342982	0.0235035783	-0.1400659931	-0.0219892412	-0.0986318051	0.0284134769	0.024726909	-0.0608648833	-0.1217141491	0.0117620211	0.0566238251	-0.0223063248	0.0491606635	-0.108236044	-0.0626960253	-0.0887879317	0.1363878235	0.0194506307	-0.0890909468	0.0819686932	-0.0232583738	-0.0047121093	-0.0480932327	0.0039961351	-0.0901757121	0.0393958834	-0.0631108882	0.0018750587	0.0529238637	0.012794211	-0.0246712662	0.0350693011	0.0724891221	0.0583795442	-0.0160976098	-0.0453000255	-0.0005031295	-0.0380760924	0.0577674775	0.0529866319	0.0692955647	0.1297580577	-0.0060792985	0.0765016025	0.0388982231	0.0847348198	0.0258977023	0.1020066799	0.1353363289	0.0486612964	0.0309457135	-0.082994075	0.1356602415	-0.1149590153	0.159193565	0.0627334047	-0.15115121	-0.0440333479	-0.0395228077	-0.0513077116	0.0272894837	0.1216168284	-0.0779714351	0.0790208708	-0.1304182889	-0.0265909082	0.0987343727	-0.024830872	0.0578879842	0.0043347402	0.0811698794	0.0973816075	0.0077734537	-0.0191924582	0.0445708262	-0.0262115623	-0.0421427037	-0.0265392035	-0.0560048449	-0.0139461794	-0.0473509013	-0.0360636057	-0.0214102724	0.0632777052	0.0174923718	0.0301110808	0.0457229999	-0.0258428435	0.1122712404	0.0169227032	-0.1230984423	-0.0266729379	-0.0409254044	0.0680646971	0.0242789668	-0.0941447003	-0.0949027488	0.0053210984	0.0048200817	0.0826074625	0.1260184015	0.040193269	0.1955110884	0.0130815539	-0.0324141171	0.0390077605	-0.0027680638	-0.0874901039	0.0393670494	-0.0623633886	-0.0183041877	-0.016603491	-0.0376683556	0.0563505891	0.1931029766	0.0091407689	-0.0770881889	-0.1374992485	0.0868444643	0.0749973827	-0.1792436228	-0.126710121	0.0816006786	-0.0030917402	-0.0516481216	-0.1170935009	0.0007762669	-0.0835186216	-0.0454578497	0.0975190556	0.0386107952	-0.034739154	0.0	-0.00628286	0.01052564	0.0001107890974095	3.9474329779600006e-05	0.00434464	-0.03955366	1.8875896729600004e-05	0.0015644920193956	0.0311807	-0.0244598	0.0009722360524899	0.00059828181604	-0.000537627	-0.000145033	2.1034571089000013e-08	2.890427911290001e-07	8.90842e-05	7.48548e-05	7.93599468964e-09	5.6032410830400005e-09	0.0	0.0	0.0	0.0	0.0	0.0	0.0	0.0	0.0	0.0	0.0
271.54741746738864	1.885966234600403	3.556868638052822	73737.99993320825	241.38997011356523	5.86842028514755	58269.11767142791	34.43835664313126	201.4308300672904	0.2935884893293519	40574.379301597626	0.0861942010666909	201.20949826890143	277.91301739119604	1.3597	28.651226	0.04644214	0.0254927	0.0841795599	-0.1006883881	0.1567296255	0.0644818294	-0.0793847826	0.1240927194	0.0050301235	0.0226254209	-0.1728696623	-0.0169109631	-0.1400811335	-0.0075323839	-0.0271914368	-0.057672033	-0.129292776	-0.1938866478	-0.042233102	-0.0252991619	0.0237169284	0.032493291	-0.0281747262	-0.1401851638	0.0637527629	-0.1659752286	0.0778097823	-0.0572723228	-0.0094276817	0.1137938058	0.0299399253	-0.0894091451	0.026960516	-0.0323169256	0.0128100541	-0.0410985757	-0.0706509843	-0.1279378086	0.0238309525	-0.0120536121	0.0952475624	-0.0474897596	0.0259735193	-0.0154620136	-0.0298286378	-0.059917134	0.1715945967	-0.0816049539	-0.0802930928	-0.0276723276	-0.0041492545	-0.0249757956	0.0192023064	0.0561140214	-0.0313371936	-0.0818289119	0.112731823	0.2175647905	-0.0014527822	-0.0219223368	-0.1165344303	-0.0436297325	0.1043340681	0.030209305	-0.0109513739	0.0962344384	-0.040782172	-0.0623644165	-0.0020321647	0.0304500006	-0.0173322364	0.1437662013	0.0366655585	0.1828007046	-0.0848145164	-0.066210041	0.0221350632	-0.1074266422	-0.0164219257	-0.071676653	-0.0145104276	0.0359226495	-0.0421748073	0.0355500174	0.05136829	0.1076675021	-0.0419823384	0.0110845365	0.0742524093	0.0703482089	-0.0441308173	0.0174581318	0.0540838424	0.0323422649	-0.1228466239	0.1132327189	0.0246841296	-0.0685030999	-0.0818633979	0.0151577977	0.046843878	-0.0150254926	0.0232612193	0.0450104945	-0.0989583914	-0.2362537224	-0.0346379663	0.0713211805	0.0223680805	-0.0072724018	0.0838976175	-0.0012363276	-0.0136425102	-0.1344170496	0.1213297386	0.0516811093	-0.0001161999	-0.1019759346	-0.0464618985	0.022595756	0.02035846	-0.1828029149	0.0667351244	-0.1114184924	0.0905136539	0.0838187277	0.0237188427	-0.2523278394	-0.0406572534	-0.0480309267	-0.0352410175	0.0123493138	0.1284171198	0.0763140527	-0.0722071472	0.040591224	0.1257952204	0.0943539752	-0.0201517809	0.0959156576	0.033439514	-0.0424380632	0.0	-0.0168063	-0.0105234399999999	0.0001107427894335	0.00028245171969	0.0169388	0.01259416	0.00028692294544	0.0001586128661056	0.0311506	-3.0099999999998184e-05	0.00097035988036	9.060099999998908e-10	-0.000166465	0.000371162	1.377612302440001e-07	2.7710596225e-08	0.000183811	9.47268e-05	3.3786483721000004e-08	8.973166638240001e-09	0.0	0.0	0.0	0.0	0.0	0.0	0.0	0.0	0.0	0.0	0.0
270.7849518406081	-0.7624656267805676	0.5813538320218838	73324.49014332044	241.12791116388	-0.2620589496852403	58142.669542256	0.0686748931101313	201.57027079113843	0.1394407238480255	40630.57406681287	0.0194437154672613	201.3645833289105	283.5001095897736	1.314922	27.707693	0.04724569	0.0246569	0.1596462946	-0.0201890414	0.0895460423	-0.0328736892	0.1139693315	0.0089370197	0.0782800303	-0.0062666665	-0.1192836087	-0.0022148041	0.0467275291	0.0024135152	-0.0424131898	0.0057851242	-0.044123162	-0.005923372	-0.0620344407	-0.0800829274	-0.0292436216	0.1257212579	0.001145059	-0.0547107749	-0.0329135711	-0.0800252342	0.091751287	0.0506895907	-0.021712267	0.0674706934	-0.0102720898	0.0040058167	-0.0140640102	0.1680380219	-0.0377661656	-0.0159823174	-0.0180558423	0.0363371353	0.0748838412	0.0410244637	0.085099837	-0.0450611557	0.1711078852	0.0292592302	0.1222546482	0.0561781807	0.0437709406	-0.1359498704	-0.0104814436	0.0687889616	0.0736092945	0.1764485723	0.211035147	0.0105149851	-0.0852091709	0.0102285247	0.0583220403	-0.1376522295	0.03977816	0.124676818	0.0097727137	-0.0370108162	-0.2248753419	-0.0582266741	-0.0099399003	-0.1562610701	-0.0637345208	-0.0665602667	0.078917476	0.1064095791	0.0576170166	0.0571376035	-0.0310973827	0.0485036223	-0.0815565661	0.0191525339	0.0839612831	-0.0418791773	0.0345625239	0.0175027182	0.057279313	0.0715361393	0.1745256302	0.0302276031	0.0355049404	-0.0302539211	-0.0695205368	-0.0874479696	0.0454607593	0.1097045	-0.1433313208	-0.0688995534	-0.1330699022	-0.0777329367	0.010098903	0.0604779624	0.0833200712	-0.0247921902	0.0344104498	0.2644919611	-0.0787948298	-0.0504444248	-0.0509169542	-0.0500926457	-0.1012687522	0.0583031089	-0.0148334155	-0.1439798253	0.0346114504	0.0378807307	-0.1592157658	-0.0550404418	-0.0564920595	0.1779828934	0.056982975	0.1086431558	-0.05281708	-0.0201195826	-0.024469545	-0.0755937779	0.0128126898	-0.0661443735	0.0418597157	-0.1140174418	-0.0426315984	0.0162391356	-0.0611343308	-0.0243653629	0.0252129583	0.0122148231	0.0791210531	0.0066547944	0.1557858199	-0.0280602564	-0.059746697	-0.0640577674	0.0564954593	0.0438838883	-0.1346537571	0.0942632658	0.0281999178	-0.0499419421	0.0	-0.0167957	1.05999999999995e-05	1.1235999999998938e-10	0.00028209553849	0.0261401	0.0092012999999999	0.00068330482801	8.466392168999998e-05	0.0103123	-0.0208383	0.00010634353129	0.00043423474689	-0.000338902	-0.0001724369999999	2.9734518968999994e-08	1.1485456560399999e-07	1.23382e-05	-0.0001714728	1.5223117924e-10	2.9402921139840004e-08	0.0	0.0	0.0	0.0	0.0	0.0	0.0	0.0	0.0	0.0	0.0
269.8857004107998	-0.8992514298082597	0.8086531340121994	72838.29128622799	239.31966770661845	-1.80824345726154	57273.903351206274	3.269744400729166	201.74772510189985	0.1774543107614192	40702.14458379175	0.0314900324078103	201.52224606500155	277.45551602760673	1.244174	26.216909	0.027983455	0.0187652	0.0903259941	-0.0190999823	-0.0333076614	-0.0790648604	0.084279631	-0.011713795	0.0867326907	-0.0295829329	-0.0501610446	-0.004820259	0.0906781535	0.1436960544	0.1037184048	-0.0833278061	0.0540495608	0.1089775368	-0.0080561861	-0.1004665359	-0.1501497393	0.1131182625	-0.0747296307	0.0315925453	-0.052854308	0.132114192	-0.0649327634	0.0353264557	-0.0785054628	0.0120166778	-0.089819243	-0.0324320608	-0.0617926299	-0.0264456223	0.0576347482	-0.1020441611	0.0436390475	-0.0117135077	0.0473174148	-0.1251868798	0.0218880725	-0.1185790912	-0.0776825498	-0.0410038483	0.0310149954	0.0779557286	-0.0249312121	0.0158338409	-0.0583216392	-0.0466094362	-0.1075661123	-0.1264742048	-0.0560607185	0.0612966673	-0.0252177561	0.0780792334	0.1246506689	0.1016320797	0.0656348059	0.0049911608	0.0925235154	-0.0730984307	-0.0151672838	0.0836847804	0.0703471887	0.0371368322	-0.0070330011	0.0145771678	0.1412560112	0.1754533089	-0.0177700892	-0.0239731828	-0.0307143301	-0.1317997119	0.0786979684	-0.0263829884	0.0668209167	0.0599980899	0.0937102828	-0.0424358731	0.0393337235	-0.089088894	-0.0141922595	0.0667030948	-0.0565471154	0.0062433488	-0.0683729864	0.1461302833	0.0603157286	0.0686070265	0.1231609003	0.0061733814	-0.0048760858	-0.0995903794	0.0543097649	-0.0332128017	-0.0295025902	0.003908409	-0.1186928304	-0.1537967627	0.0753724856	-0.05312311	-0.1151720849	0.0380885673	-0.0874281714	-0.08249294	-0.0781715724	0.0328750406	-0.0834125771	0.0450367387	0.0226267869	-0.1574205938	0.0099071406	0.0106387345	-0.0151732857	0.1125980066	0.0197691284	-0.0072820334	0.0504258995	0.0230857981	0.1369649835	0.0858134794	0.0417322692	-0.0157498185	-0.1705862029	-0.0490271018	0.0267203099	-0.0191076775	-0.0366115772	-0.1561545281	0.0080037402	-0.0780613872	0.0168434502	-0.1086058128	-0.0836358847	0.0608570777	0.0854568536	0.1479130059	0.1012293677	0.0925627242	0.0229027108	-0.0572163058	0.0	-0.016799	-3.300000000001218e-06	1.0890000000008045e-11	0.000282206401	0.0317949	0.0056548	0.00101091566601	3.1976763040000014e-05	0.00841565	-0.0018966499999999	7.082316492250001e-05	3.597281222499999e-06	-0.000685465	-0.000346563	1.2010591296900006e-07	4.69862266225e-07	7.434929999999998e-05	6.201109999999998e-05	5.5278184104899984e-09	3.845376523209997e-09	0.0	0.0	0.0	0.0	0.0	0.0	0.0	0.0	0.0	0.0	0.0
269.2598585138592	-0.6258418969406421	0.3916780799662612	72500.87140690346	236.75683759569048	-2.562830110927962	56053.80014831216	6.56809817747903	201.0625341088109	-0.6851909930889519	40426.142622256746	0.4694866970102241	200.7702162922293	273.26954369506484	1.317609	27.764297	0.115580135	0.0519841	0.0711458998	-0.032649164	-0.0989639045	-0.0813686933	0.0607084217	0.0200290742	0.0873481703	-0.0715920072	0.0238636037	-0.2530328462	0.1563506646	0.0659311769	-0.1527746653	-0.0939670889	-0.1685078781	0.0547782406	-0.1367908809	0.1503326893	-0.0213369005	0.3068953812	0.3034362216	-0.0108052967	-0.047964567	0.0169523417	0.0217107618	-0.148293918	0.0705306842	-0.0012999591	0.0216986952	0.1578169423	-0.0875056589	0.13145876	-0.1863653332	0.0976039578	0.1000935415	-0.0956022148	-0.052685854	0.1303030915	0.1666023122	0.0243951402	-0.0296774437	0.0069720628	0.0773329382	-0.106488246	-0.3124026361	-0.0549997084	0.0211173841	0.0772402629	0.0344003247	-0.0659959577	-0.1453635269	-0.0244786948	-0.0464690072	0.0743590643	-0.0655798763	-0.0182396902	-0.1129948676	-0.0224480012	0.0664688191	0.0759490513	-0.0447162119	-0.0715369773	0.1286620887	0.1076689157	0.0336336118	0.0537159877	-0.0805687699	0.1171877064	0.4330675194	0.0363225916	-0.0406423182	-0.0245074021	-0.0257228085	-0.0399013514	-0.1468131652	-0.0379088843	0.0031851848	0.1568408403	0.158807559	0.1838048799	0.1208936162	-0.0732276188	-0.1124532822	0.0886327591	0.0503550199	-0.1129256736	0.1694437164	-0.0416090341	-0.0242206756	0.0112951184	-0.0084633689	0.1511780693	0.3255065535	-0.0376222025	0.005993032	0.0429037941	0.0680678707	-0.1432379442	0.0412834842	0.0889866843	-0.0381802369	-0.0540396746	0.0589852408	0.0104019099	0.0946098842	-0.0221417966	-0.0471317812	-0.0532476547	-0.0630482711	0.0144074208	0.1523311601	-0.0056669064	-0.0552591742	0.0576348724	-0.1266935692	-0.0290021573	-0.2625308628	0.0640495414	-0.0061725805	0.1374991817	0.1520806688	-0.0161857962	0.0985548894	0.0047063107	-0.1862225391	0.2453031911	0.2311955176	0.1951802721	0.0390217298	-0.1355046497	0.1806636986	0.0556942316	0.0766071233	-0.0891963745	-0.1055770148	0.1099916524	-0.1447331225	0.0908149015	0.0175587148	-0.0642277237	0.0	-0.020279	-0.0034799999999999	1.211039999999998e-05	0.0004112378409999	0.0082764199999999	-0.0235184800000001	6.849912801639835e-05	0.0005531189015104	0.0321643	0.02374865	0.00103454219449	0.0005639983768225	-4.22926e-05	0.0006431724	4.136707361217601e-07	1.7886640147600003e-09	0.000245908	0.0001715587	6.0470744464e-08	2.9432387545690004e-08	-0.000481929	-0.000481929	2.3225556104100006e-07	2.3225556104100006e-07	0.0	0.0	0.0	0.0	0.0	0.0	0.0
269.4123294511241	0.1524709372649226	0.0232473867104439	72583.00326028102	237.77037437112483	1.0135367754343465	56534.75092858486	1.0272567951578524	201.0969596682216	0.0344255594106925	40439.98718780234	0.0011851191407391	200.86569667650303	272.4115678650835	1.220707	25.722401	0.13886696	0.0766081	0.020628978	-0.0865595595	-0.0268863017	-0.0654857314	0.0090647045	0.1123705541	0.0572252619	-0.1066449298	-0.0262408697	-0.15257507	0.0731274848	0.1464922582	-0.067917786	-0.0088727618	-0.0333206556	0.0271138879	-0.1441508363	0.074685981	0.0220087305	0.2243796178	0.1454432549	0.0031770451	-0.124791849	-0.1113390901	-0.1708292977	-0.0321695942	-0.0110141047	-0.1288965352	-0.0104732297	-0.1520764339	-0.0970608111	-0.1432420339	0.0418340993	-0.0049389302	-0.0802706666	0.1436515366	-0.0117641393	-0.1065509418	0.0057562434	-0.038386123	0.0315116647	-0.0152365806	0.0905174206	0.0041942402	-0.0181752266	0.070922861	0.0222181422	-0.143179196	-0.1114917571	-0.033201122	0.1660378805	-0.1303881446	0.0387025506	-0.0117962809	0.0118509	-0.0336706631	-0.1761039522	-0.0336608949	-0.1320731713	0.1569733751	0.1367536914	0.0356697442	0.0051245744	0.1159175669	-0.0452745939	-0.0326150806	-0.0678742761	0.1116903455	0.2463200309	0.0145139354	-0.1402114827	0.1226986685	0.1843724266	-0.0243371909	-0.0651936507	0.1082171634	-0.0500197732	-0.1499064946	0.0667275705	-0.0764050273	-0.1479541531	-0.0162892154	0.0646492026	-0.1590477193	-0.0119467669	0.1039133055	0.0061797976	0.0506495569	-0.0066452007	-0.0228057965	-0.0502989513	0.0256055847	-0.0195411987	-0.0774930554	-0.1681135741	0.0828175293	-0.1287560498	0.132480371	0.0907308555	0.0194912432	-0.0320335049	-0.0081134255	0.0062940682	0.0256562511	0.1413811401	0.0755874303	0.1347209936	-0.1725180051	0.10408425	0.061862126	0.04220308	-0.1484604765	-0.007990139	-0.0452002895	-0.2195025192	-0.1126481438	-0.186690476	0.060373599	0.0901192281	0.1043510833	0.1838780272	-0.0935217377	0.1972932069	-0.0973479827	-0.1819265004	0.2686999321	-0.124401593	0.0838739814	-0.0194833201	0.0921824557	-0.2295971342	0.0970623908	0.169272885	-0.0297477677	-0.0014699298	0.0277643979	0.0296607604	0.0890206905	0.0121788474	-0.070943974	0.0	-0.0192497	0.0010292999999999	1.0594584899999936e-06	0.00037055095009	0.0308027	0.0225262800000001	0.00094880632729	0.0005074332906384	-0.0272249	-0.0593892	0.00074119518001	0.00352707707664	0.000519476	0.0005617686	3.155839599459601e-07	2.6985531457600004e-07	0.000596291	0.000350383	3.55562956681e-07	1.22768246689e-07	-0.000688221	-0.000206292	4.2556389264e-08	4.736481448410001e-07	0.0	0.0	0.0	0.0	0.0	0.0	0.0
269.603834405412	0.1915049542878932	0.036674147516808	72686.2275261008	240.12244054863044	2.352066177505605	57658.78645503056	5.532215303365831	201.23901917948524	0.1420595112636533	40497.14284032123	0.020180904740468	200.9819895868716	273.0369010488605	1.285408	27.085781	0.09683388	0.0572738	-0.1032957487	-0.0635591559	0.0224603152	-0.0631304426	-0.0086069726	0.0469455172	-0.0724098153	-0.0843522222	-0.0421381167	0.0334066745	0.1197376918	-0.056851245	0.0839447524	-0.0766623439	-0.0396593085	0.1018785181	-0.0054579694	0.0608579115	0.0509395388	-0.0081146199	-0.0884986584	-0.0793008933	0.0165413034	0.1743029027	-0.0709781872	-0.0167148086	-0.1113995716	0.0267486973	-0.1273710627	0.1272368138	-0.0213447992	-0.1563306664	0.1070198739	-0.0743276784	0.1361113456	0.0408836041	0.0665612284	0.1041325568	-0.0469542696	-0.0042490248	-0.01629769	0.0232472129	0.132190481	0.0310674039	-0.0219495533	-0.0432683673	-0.1019552451	-0.1839570909	0.0260396062	0.0331383018	-0.0669814726	-0.0522161407	0.0939421191	-0.0796520917	-0.1482109025	0.0058628658	-0.2331406845	0.1717951059	-0.0652750417	-0.0622862185	-0.0018795202	-0.1227953765	0.0358490234	-0.0077844989	-0.0098036539	-0.0248933601	-0.0934060365	0.0267748971	-0.069777894	0.0607097872	0.049232271	-0.1638811649	0.0445740736	-0.073491722	0.0291770285	0.0645592081	0.1629441861	0.0832756798	-0.011653887	-0.1473767535	-0.1620689513	0.0604933227	-0.1242680018	0.0057124395	-0.0238164615	-0.1307492338	-0.0529644368	0.0059869045	0.0321293245	-0.0396529302	-0.0857303519	-0.0289169674	0.0348054932	-0.0102473784	-0.1084890394	-0.0553639055	-0.1662672841	0.0511753387	0.0006017335	0.1290038208	0.1047983628	0.0584959576	0.1337587242	-0.0893324397	0.2298610335	-0.1353535033	0.0681240849	0.0685784261	-0.0231235764	0.0465833292	0.1369305769	0.0747996263	-0.0034873509	-0.0653498369	0.056710075	-0.1228529023	-0.0879575881	0.0583972181	0.0062421956	0.0844884693	0.1720698305	0.0407304836	-0.1399133629	-0.16153994	0.1077672363	-0.036286611	-0.2125823229	-0.0493526518	0.012823474	0.118731324	-0.0405958771	-0.0700754202	0.1610124459	-0.1129627267	-0.0587000235	-0.0443761312	0.0263350669	0.0871810076	0.0067740994	-0.0773341911	0.0	-0.0278245	-0.0085747999999999	7.352719503999995e-05	0.0007742028002499	0.0088872299999999	-0.02191547	7.898285707289823e-05	0.0004802878253209	-0.00588154	0.02134336	3.4592512771600005e-05	0.0004555390160895	-0.000346156	-0.000865632	7.493187594240002e-07	1.1982397633600002e-07	0.000567948	-2.834300000000001e-05	3.22564930704e-07	8.033256490000005e-10	-0.000694251	-6.029999999999968e-06	3.6360899999999606e-11	4.81984451001e-07	0.0	0.0	0.0	0.0	0.0	0.0	0.0
268.98171349356653	-0.6221209118454567	0.3870344289554225	72351.16219393512	237.9616469048165	-2.160793643813946	56625.74539765256	4.669029171146751	201.08460418881748	-0.1544149906677603	40435.01804177339	0.0238439893429245	200.77809731303785	269.9115771449836	1.159073	24.423679	0.0474833835	0.0219819	-0.1767971303	0.0279859388	-0.0376455007	-0.0286373881	0.0601218331	-0.0905246952	-0.1588683106	-0.0830218264	0.0404472575	-0.037680081	0.0620490911	0.0051979551	-0.0556399839	0.0414475605	-0.0855502064	0.172398389	0.0245602019	0.1770290656	0.0186121861	0.0735393388	-0.0138951821	0.0232717626	-0.1362672924	0.0680648733	-0.0580086197	0.0723220304	-0.07523027	-0.0507311829	-0.1835580318	0.1083982176	-0.0186101425	-0.0290177729	-0.0022758678	-0.0704377535	-0.103412506	-0.0467138276	0.0827357846	0.0915873666	-0.0426466614	-0.0240794365	-0.0400240837	0.0117819412	-0.0264652783	0.0663771457	-0.0258270767	-0.0091223508	-0.0677459882	-0.1038717119	-0.0366308696	-0.1147817779	0.011568148	0.2282623469	0.0101600821	-0.0378859813	-0.0420747721	0.0816215146	-0.0146983204	0.0618313126	0.0306202761	0.132829959	0.1277703393	-0.0279285566	-0.0992190143	-0.0845674119	-0.0863825144	0.0571742622	-0.1621782898	0.0755003996	0.0476024016	-0.0280037098	-0.1107095682	-0.0986385997	0.0735088391	0.0591975147	0.049482737	0.0994716353	0.1922217216	0.0650835504	0.0385399918	-0.0149712901	-0.0348930699	0.0626251945	0.0827982716	0.0532592062	-0.0161846371	-0.0639766071	-0.0740786104	0.0053158618	0.0672725947	0.0091679018	0.0525674566	-0.0408767372	0.0463789892	-0.0164205437	-0.0313315634	-0.0604507416	-0.0874830066	-0.0550404662	0.0693108091	-0.1910995766	0.0504326071	0.063432372	0.0620147551	-0.1312932366	0.0509018009	-0.0820564475	-0.07524922	-0.1204440745	0.1280785805	0.0777901521	-0.0806388497	0.0351849571	0.1260626206	-0.1308779285	0.0152560979	-0.0548819614	-0.1294519562	-0.0420827292	-0.0011051281	0.1411606825	0.2023810679	0.037321674	-0.0957375273	-0.0320493006	-0.0446035762	0.0407669722	0.0185375953	-0.0213809032	0.1038173256	0.1710426786	-0.0898677882	0.1587342364	0.0460142965	-0.033641336	0.028319579	-0.0923949479	-0.0958015083	0.0852967926	0.0013555122	-0.0833690079	0.0	-0.0235221	0.0043023999999999	1.851064575999998e-05	0.00055328918841	0.0134488	0.0045615700000001	0.00018087022144	2.080792086490091e-05	0.00506327	0.01094481	2.56367030929e-05	0.000119788865936	5.48107e-06	0.00035163707	1.2364862899818494e-07	3.00421283449e-11	0.000486164	-8.1784e-05	2.36355434896e-07	6.688622656e-09	-0.00057418	0.000120071	1.4417045041000005e-08	3.296826724e-07	0.0	0.0	0.0	0.0	0.0	0.0	0.0
267.96004723137656	-1.0216662621899673	1.043801951297219	71802.58691224156	235.24090170001125	-2.7207452048052403	55338.28183263436	7.402454469470709	200.9976300504786	-0.0869741383388884	40400.04728590905	0.0075645007397921	200.69856039959453	265.48194251478475	1.16242	24.494211	0.0760289834999999	0.048944	-0.1969985487	-0.098446082	-0.1278961311	-0.0274014116	-0.0650226927	-0.0700114111	-0.1284382847	-0.1752915556	0.1301578695	-0.0395262608	-0.0223872832	-0.1203523971	0.0457469702	-0.0494508281	0.1120866435	0.1744754012	-0.0604876336	0.0980918439	0.0730294564	0.0275716026	-0.0386824238	0.0589912285	-0.0010193095	0.0741206768	0.0308815771	0.133093112	0.0135239402	-0.0734673716	-0.0246899112	-0.0549197872	-0.109066745	-0.049988786	-0.1800456506	-0.0674169505	0.0305871429	-0.0943412363	-0.0006746148	0.0225127239	0.0692956845	0.0810524414	0.168544999	-0.184869131	0.2281111373	0.016094686	0.0534009674	-0.053379702	-0.1670578366	0.0033801621	-0.0432415322	-0.0171695295	-0.0673219823	-0.0473250256	0.1139459796	-0.0384493099	0.1097976394	0.1326413638	-0.0376723487	-0.0792780011	0.2017168398	-0.0804177733	0.0114041952	0.0480668809	-0.0549304082	-0.0155454668	-0.0078629569	-0.0112655309	-0.1358954358	0.0209228719	-0.006050832	-0.0726477196	0.0289826661	-0.0953247608	0.0126268109	0.1021241884	0.1025512522	0.0370426881	-0.0052737081	-0.0477812209	0.1665421492	0.1454559534	-0.0478699195	0.0623589175	-0.0449476229	0.0070906198	0.0421605777	0.0085508506	0.0422362347	0.0319194346	-0.1993784427	0.1652629341	-0.2007758039	-0.04767417	-0.0279555129	0.0527683575	0.0603273656	0.0067947504	-0.168588736	-0.0292902933	0.0934489771	0.1214625521	0.0012123164	0.0908927471	-0.027495814	-0.1030996567	0.0350150008	0.1322783673	-0.2180249204	0.0710839768	0.0313312945	-0.02255961	-0.06988733	0.0122344578	-0.0267016292	-0.062491295	0.1008049477	-0.1445660094	-0.0866975476	0.0113181606	0.0581628139	0.171841246	0.026711383	0.1743283481	-0.0549813786	-0.0347876953	0.0946643646	-0.0209990415	-0.0758719116	-0.0739461312	0.0736373077	0.0883520999	0.0004547533	-0.015631356	-0.1567233366	0.0341796988	0.0988718332	-0.1374616974	-0.1467275645	0.0833690079	-0.0040658442	-0.0890206905	0.0	-0.0228563	0.0006658	4.432896400000015e-07	0.0005224104496899	0.0207707	0.0073218999999999	0.00043142197849	5.361021960999999e-05	0.0315106	0.0264473299999999	0.00099291791236	0.0006994612641288	-0.000696488	-0.00070196907	4.927605752366649e-07	4.85095534144e-07	0.000415596	-7.056799999999997e-05	1.7272003521600001e-07	4.979842623999995e-09	-0.000514838	5.934199999999999e-05	3.5214729639999983e-09	2.65058166244e-07	0.0	0.0	0.0	0.0	0.0	0.0	0.0
268.2359080066589	0.2758607752823536	0.0760991673393812	71950.50234415679	235.1030388157647	-0.1378628842465445	55273.43886040697	0.0190061748527761	200.94156978088017	-0.0560602695984187	40377.51446600434	0.0031427538274473	200.64292327880847	261.483538239885	1.000782	21.088217	0.03368081	0.0185533	-0.2156064894	-0.1098305078	-0.1119012313	-0.0397274074	-0.1417314599	-0.0738114608	-0.1011998139	-0.1551611616	0.1471764544	-0.1207263443	-0.0466089819	-0.1607979594	0.0215343336	-0.0019439899	-0.0294417492	0.0119703948	-0.0337679379	0.1829927628	0.0733393978	0.0179865778	-0.0015970493	-0.0231034834	0.014709623	0.1141198246	0.048931917	-0.078762187	0.0084864107	0.0502087154	-0.0433561273	-0.1111082085	0.0071355005	0.0022625075	-0.0941274197	-0.0823213171	-0.0200314592	0.0083454439	0.1121800257	-0.0135094889	-0.0045022149	-0.0656355182	-0.1480053464	-0.0911228315	-0.0253668533	0.0557742953	-0.0831795455	0.1162055528	0.0068074499	0.0377292778	-0.1028373443	-0.0346954804	-0.0779167912	0.0418417444	0.0137342558	-0.2206976492	-0.0509667877	-0.1131620989	0.1139824163	0.1183584733	-0.1001761053	0.0913560583	-0.0372787536	0.0053091792	0.0797675313	-0.0467159453	-0.029844515	0.0323852833	-0.1936233759	0.0046612207	0.0337262575	0.0044441332	0.032792664	-0.1151193291	-0.0668140114	-0.0236467767	-0.0340185067	-0.0428837243	0.039403561	-0.106502284	0.0068061617	0.0643878897	0.0044143219	0.1196809711	-0.0303306224	-0.0464270647	-0.1069008091	0.0308861974	8.46967e-05	0.0217177659	0.1557627182	0.1296692793	0.0874924633	-0.0274211457	0.0039316766	-0.1488273886	0.0427440884	0.0972791775	-0.0657402027	-0.0788260657	-0.0136337981	-0.0760597664	0.233981231	-0.0122963494	-0.0506944039	0.067949054	-0.0151460667	-0.1308842656	0.1020740159	-0.0889143225	0.0006444343	-0.0330989478	0.0178332001	0.0755663307	-0.0480193067	-0.1015190406	0.1085815299	-0.1416241992	-0.1517046989	0.0544678029	-0.0906655485	0.1249034325	0.0106009753	0.192540453	-0.0281604966	-0.0807756583	0.0280084482	-0.0112808049	0.0812317844	0.0452395161	-0.0503777413	0.0989903229	0.012885179	-0.0510861551	0.0100784719	-0.0519391261	0.0435559371	-0.0278835724	-0.0474624671	0.0813986382	-0.0094788943	-0.0942632658	0.0	-0.0189891	0.0038672	1.4955235840000008e-05	0.0003605859188099	0.00527319	-0.0154975099999999	2.78065327761e-05	0.0002401728162	0.0380668	0.0065561999999999	0.0014490812622399	4.298375843999998e-05	-0.000726842	-3.035400000000001e-05	9.213653160000007e-10	5.28299292964e-07	0.000290752	-0.0001248439999999	8.453672550400003e-08	1.5586024335999996e-08	-0.000514838	0.0	0.0	2.65058166244e-07	0.0	0.0	0.0	0.0	0.0	0.0	0.0
269.6379106318834	1.4020026252244977	1.9656113611363828	72704.60284992754	238.17706743231764	3.074028616552937	56728.31545065878	9.449651935386363	201.2854585907163	0.3438888098361303	40515.83584007496	0.1182595135305102	200.99663435783933	268.49875057774847	1.171736	24.690502	0.03800916	0.0217827	-0.1409026866	-0.0111040126	-0.0274370174	-0.0741793649	-0.0323019425	-0.0986198281	-0.0880189086	-0.0392157555	0.0128545689	-0.0519120145	-0.0866013645	-0.1081310432	0.0651065923	0.1737519412	0.0069285555	0.0278988212	0.1142606589	0.0593278962	0.033647656	-0.0907057166	-0.0560989022	-0.0932154698	0.0725098907	0.0418021762	0.0852530802	-0.0563770287	0.002425533	-0.1066151307	0.1147062192	0.1528551584	-0.02354854	0.0071193891	-0.0644864627	-0.1259291375	0.1387560556	-0.0929829645	0.0735298211	-0.0118574556	0.1144906841	-0.0391891525	-0.0352078239	0.0387328547	0.0306967721	0.0365221067	-0.0377319209	-0.0060918387	0.0138627517	-0.108860911	0.1037078258	0.0587756027	0.0694994562	-0.0006069879	0.0597369608	-0.0324196262	-0.0428193702	0.227530128	-0.0782391981	0.0652899699	-0.1070462802	0.0688914272	-0.0382173775	0.0247479806	-0.0050993044	-0.138203119	-0.0221634903	0.017419106	-0.0738021672	-0.0471866517	-0.0873288863	0.0797304929	0.0837763213	-0.0332835482	-0.1080390719	0.0400724547	-0.0733270302	0.0731098127	-0.0819088488	0.1570659652	0.0679503496	0.0307053694	-0.0096202403	0.1271804604	-0.1521931878	0.107211892	-0.064416119	0.0104367751	0.0654912164	0.039060473	-0.0282395518	-0.0351473035	0.06931289	-0.028252043	0.0310799273	-0.0202683241	-0.1138286264	-0.0204558187	-0.0196536499	0.124785515	-0.0135513674	0.0458250925	0.0677529456	0.0750743683	0.106622649	-0.2301032844	-0.0061142672	0.0155570185	0.0882069044	-0.0760940591	-0.0513662103	-0.0121431402	-0.0426901313	0.0957767736	-0.0154100129	-0.083088393	0.1133216096	-0.0534171843	-0.1188907343	-0.1180317764	-0.0175815068	0.0790624718	0.0500500142	0.028390275	-0.0970966776	-0.0518305754	0.0455075325	-0.0878320089	0.0812338931	0.0920434257	-0.0593619343	0.0726193857	0.0516442273	0.1611705257	-0.0299276688	-0.0266338218	0.0061233478	-0.1771989773	0.0977583366	0.07938669	-0.0148725796	-0.0990726408	0.0	-0.0199212	-0.0009321	8.688104100000031e-07	0.00039685420944	0.0204778	0.01520461	0.00041934029284	0.0002311801652521	0.0254397	-0.0126270999999999	0.00064717833609	0.0001594436544099	-0.000590487	0.000136355	1.8592686025e-08	3.48674897169e-07	0.000339304	4.855199999999999e-05	1.1512720441600003e-07	2.3572967039999993e-09	-0.000514838	0.0	0.0	2.65058166244e-07	0.0	0.0	0.0	0.0	0.0	0.0	0.0
270.56555911573565	0.927648483852238	0.8605317095933556	73205.72177961064	239.8949481538824	1.717880721564768	57549.58614975393	2.951114173523888	201.4540429199941	0.1685843292777917	40583.731408810825	0.0284206760780429	201.103928284576	274.58820425982844	1.217022	25.644754	0.06334714	0.0319673	-0.1051852832	0.0990468625	0.0197936804	-0.0786458512	-0.0367701039	0.0752512589	-0.0882943547	0.1265212573	0.0018572326	-0.0789463672	-0.0941667487	0.0594224058	0.1673833081	0.0724549673	-0.0370533258	-0.1323243861	0.1910383888	0.0084084686	-0.1068442589	-0.1160937339	-0.021727491	-0.0394224467	0.0687098154	-0.0301469448	-0.117116556	0.0388007615	-0.1732396799	-0.1454519874	-0.0994922402	-0.1182191032	-0.1111280406	0.1511601538	0.0019531514	-0.0570308293	0.0083686204	0.1383083365	0.0056878628	-0.1301682245	0.1504250589	0.2466164911	-0.0319779331	0.0280897326	-0.2042395389	0.125570872	-0.1360769792	-0.1063491317	0.1105986047	-0.1150122469	-0.1716560052	0.013491906	0.0333891081	0.0430733162	-0.0374017209	0.0719135857	0.0154468955	-0.0771026565	-0.0341949236	0.1014460466	-0.0391639906	-0.0661291862	0.0087319891	0.0559203982	-0.1849410178	0.0200833917	0.0022508011	0.112587298	0.0453469124	-0.0426282715	-0.0861284678	0.0458842493	0.0500197806	0.0521451467	0.103263334	-0.0634866169	0.0538393542	0.2106754479	0.0630911546	-0.1334546573	0.0717831186	-0.0769580613	0.1411489369	0.0237526961	-0.0075208264	-0.1466659592	-0.020963788	0.1409299231	0.005043806	-0.2178254667	-0.1593430471	-0.0186411058	0.2616744058	-0.0759904281	0.1753876744	0.0686524242	-0.090722745	0.1271959352	-0.0972480024	0.014034322	-0.0899991113	-0.0929419376	-0.0660422187	-0.0255671264	-0.0204166044	0.0161010758	0.0691605206	-0.0995934898	0.0621971417	0.09417666	0.0123690268	0.0480684016	-0.1581168675	-0.0701460055	-0.0303449594	-0.0970279521	0.1118269534	0.0513539542	-0.0599227634	-0.0006275134	0.1148923281	0.0916669696	0.0261802809	-0.0936717173	0.0565096989	-0.1314942141	0.0280762994	-0.0146134963	-0.0262117631	-0.0365238499	-0.0458165931	-0.0705544553	-0.0777694673	0.0537428305	-0.0388244423	0.0624617017	-0.0088389903	-0.0269091181	-0.0162626896	0.0773341911	-0.0202358811	-0.1034267134	0.0	-0.0297597	-0.0098385	9.679608225e-05	0.00088563974409	0.0322521	0.0117742999999999	0.00104019795441	0.0001386341404899	-0.00253614	-0.02797584	6.432006099600001e-06	0.0007826476237055	-0.000694855	-0.0001043679999999	1.0892679423999994e-08	4.828234710249999e-07	0.000279468	-5.9836000000000015e-05	7.8102363024e-08	3.5803468960000013e-09	-0.000403872	0.000110966	1.2313453155999998e-08	1.63112592384e-07	0.0	0.0	0.0	0.0	0.0	0.0	0.0
270.9702346748463	0.4046755591106716	0.1637623081415347	73424.8680797413	239.09070853929265	-0.8042396145897612	57164.36690982099	0.6468013576754876	201.14199104760525	-0.3120518723888494	40458.10056259491	0.0973763710613867	200.781202439018	276.1757468583262	1.403245	29.56881	0.10615029	0.0618543	0.0728294859	0.1155349123	0.0079751835	-0.0158049192	-0.191570085	0.0833735488	0.083829105	0.1795684013	0.0259811128	-0.2413316771	-0.081916476	-0.1676720495	-0.0401385352	-0.0309594442	0.006063886	-0.0145686242	0.0202679292	0.0740861201	-0.0840294323	-0.0222646799	0.1626214065	0.0239024266	0.2573977871	0.0186076723	0.0712076856	0.0935407304	-0.1197343329	0.0950712606	0.1366607632	-0.0910578869	-0.0955333275	0.0488320701	-0.0701549427	0.0131010181	-0.127038906	0.0131278031	0.0121533993	-0.0748968728	-0.0377390031	0.1121457702	-0.033358388	-0.0019464873	-0.0587750346	0.0489262474	-0.1082977872	-0.1863864115	-0.0622672279	-0.0670032764	0.0151331342	-0.1237876669	0.0660257668	-0.0509369169	0.0535054208	-0.0236336969	-0.2142933038	-0.0132446255	0.1099701023	0.1118386377	0.0668779044	-0.0313192969	-0.0012893712	0.0773948735	0.0455842034	0.1229994893	0.0245268027	0.1479935646	0.0083768645	-0.0711442765	0.1257113463	-0.0136084586	0.23229641	0.0315753814	-0.0857791634	-0.0842589369	0.1873489348	-0.0434594862	-0.1113598163	-0.041682879	0.0662642236	0.0604789376	0.0471452581	-0.0043282653	0.1147461453	-0.0524834028	-0.0004086668	0.1092974992	-0.0817568618	-0.1317094034	0.0150094605	0.0153441701	0.0687735615	-0.0221163791	0.1914299304	0.110337571	-0.0080169976	-0.0520645732	-0.1098406822	0.0569262493	0.0769221268	0.0130444622	0.069011248	0.0364512558	0.1501469433	0.0997189005	-0.1174718181	-0.1566410967	-0.0476798396	-0.0129524994	0.0070103419	-0.1105284661	0.1102564333	-0.1412707877	-0.013834266	0.0084791386	0.0362880803	0.0959459825	-0.2615108077	0.0085610772	0.1027516525	-0.111864013	0.0387010379	0.1574063685	0.0778882728	-0.0931816157	0.1142160928	-0.0608052926	-0.0521340158	0.0211930446	0.0266463178	0.0342660715	0.0649507349	0.0301892005	0.1331776392	0.0598368331	-0.0467468674	0.0141439317	0.0767586395	0.0752421898	-0.0255578418	-0.1073054737	0.0	-0.0168497	0.01291	0.0001666681	0.0002839123900899	-0.0243282	-0.0565803	0.00059186131524	0.00320133034809	0.0174178	0.01995394	0.00030337975684	0.0003981597215236	-0.000511313	0.0001835419999999	3.3687665763999994e-08	2.61440983969e-07	0.000239855	-3.9613e-05	5.7530421025e-08	1.569189769e-09	-0.000514838	-0.000110966	1.2313453155999998e-08	2.65058166244e-07	0.0	0.0	0.0	0.0	0.0	0.0	0.0
271.37879269014223	0.4085580152959096	0.1669196518625327	73646.4491219592	240.5184106461637	1.4277021068710385	57849.10585975662	2.0383333059640014	201.63067593320588	0.4886848856006338	40654.92947728149	0.2388129174145045	201.31062367093736	280.8873228765552	1.386687	29.219906	0.08984581	0.0528747	0.0899985379	0.0134956812	0.1108065789	0.0092614942	-0.1029477333	0.0671469557	0.0641486051	0.0451330027	-0.0744652049	-0.0323494345	-0.0492864834	-0.0450375768	0.1733902577	0.0372519768	0.0052033506	-0.0076879245	-0.0700852646	-0.0317522444	-0.0641243388	-0.0539527378	0.0272081461	-0.1882479225	0.0492583685	-0.2304845979	0.0346440186	0.025885141	-0.0271968811	-0.0676019732	0.0572557296	-0.0139690141	0.0848448464	-0.0051805761	0.0564839655	-0.0443207046	-0.0427562056	-0.0387611977	-0.0434585771	0.1000535381	-0.1138913736	0.1376393392	-0.1306698612	-0.0433800668	-0.0641937448	0.0449229948	0.0604474818	-0.0064466405	-0.1336912138	0.0946495205	-0.086753148	0.1326339986	0.0135016095	-0.0622602493	-0.0802294306	0.1527234471	-0.2505713604	0.087134865	-0.0415051816	-0.0336086141	-0.0235643701	0.0266282635	-0.1739445708	0.0886543165	0.0810854028	-0.0231530686	-0.0752379672	0.0457423015	0.0580455758	-0.0357598145	-0.0263501286	0.1943099686	0.0314220221	0.2238234915	-0.0215153539	0.0520260337	0.0222331255	0.0544155887	-0.053729509	-0.0088303002	-0.0870151579	-0.0149952986	-0.0277344649	0.0724229281	0.0750923435	0.0446632086	0.0532890464	-0.0913565126	-0.0529976366	-0.161689984	0.0706600345	0.1029483142	0.0316638911	-0.0493643097	-0.0548552749	0.047525457	0.1757471604	0.0007718751	-0.051667021	0.0303726726	-0.0300543865	0.0393208204	-0.1505059871	-0.1622910309	0.2645019204	-0.0556131786	0.0012207204	-0.0002350559	0.0748721591	-0.0476181941	-0.1798390965	-0.1275849401	0.0089409993	0.023353329	0.0341617738	0.0056317859	0.0872606483	-0.0005591034	-0.1135458651	0.0581032047	0.1139929257	-0.1075331789	0.0393380371	-0.0120883599	-0.0067904182	-0.0912771286	-0.0354789942	0.0044135885	-0.140960788	0.0845302451	-0.1015756671	-0.2180600876	-0.1711554616	-0.1027976841	-0.1318907137	-0.1392057585	0.0648243376	8.8879e-06	0.2480237431	0.0731117546	-0.0308275893	-0.1106910964	0.0	-0.0168244	2.529999999999893e-05	6.40089999999946e-10	0.0002830604353599	0.0235343	0.0478625	0.00055386327649	0.00229081890625	0.00308729	-0.01433051	9.5313595441e-06	0.0002053635168601	-0.000807716	-0.000296403	8.7854738409e-08	6.52405136656e-07	0.000300713	6.085799999999998e-05	9.0428308369e-08	3.703696163999997e-09	-0.000319549	0.0001952889999999	3.8137793520999984e-08	1.0211156340100003e-07	0.0	0.0	0.0	0.0	0.0	0.0	0.0
271.83831120119726	0.4595185110550233	0.2111572620022255	73896.06743671896	241.708571079615	1.1901604334513252	58423.0333333493	1.4164818573530462	202.0002492216212	0.3695732884153244	40804.10068559708	0.1365844155101165	201.6942908135013	281.9126267867655	1.25251	26.392555	0.0430768	0.0241499	0.1018073872	0.069333166	0.1200183486	0.0903190466	-0.083800312	0.064787584	0.0620886659	0.1295694492	-0.0842640729	-0.0153052945	-0.0420134047	-0.146456272	0.0596424221	-0.0424593755	-0.1157630258	0.1078071814	-0.0270925872	-0.1013215471	-0.1985069784	-0.0448741185	-0.0711971334	-0.1218774828	0.1022179484	-0.0970525206	-0.0905611706	-0.0844202861	-0.0175392768	0.0640370396	0.009713039	-0.0905779858	-0.047642204	-0.1292380315	-0.0250796266	0.0256421564	-0.036420903	0.0377449854	0.0068737864	0.175495383	-0.0931680512	-0.1219248658	0.0354937476	0.0362758456	-0.0143162072	-0.1439133166	0.0550468406	0.1037407776	0.0569928961	-0.0528270551	0.0401495176	-0.0768043837	-0.0322633826	-0.1238814148	-0.0384427097	-0.0246501507	0.0954002251	-0.1271570499	0.0563248284	-0.142817199	-0.0194544681	0.0634192258	-0.1144800928	-0.0926610216	0.101427629	0.0369862257	-0.2267157665	0.0961255334	0.1763715174	0.0580533949	-0.1118813152	0.1357956135	0.0891005035	0.1159399436	0.0684687435	-0.1148932836	-0.0151835426	-0.0507677665	-0.0183520167	-0.086784665	0.0447093794	0.0285565117	-0.1297279567	0.0028571513	0.0274597907	-0.0267387372	0.0559335109	-0.156271285	-0.0868228772	0.1159067391	0.0726783166	-0.0330990449	-0.0205209921	0.1194536013	-0.1010348439	-0.073303228	-0.0922352654	-0.0309906676	0.0522560898	-0.0643306268	0.025696825	0.049082804	0.0111823607	-0.033413767	-0.1457465537	0.1920260872	-0.063537188	0.0666885014	0.0046821619	-0.1002203216	-0.1156413584	0.0207212022	0.1232174737	0.0526556457	0.2305002573	0.0356484809	0.0738772943	0.0543182026	-0.1613167934	-0.0470634609	-0.0117527673	-0.1552004098	0.0564712994	-0.0219738617	-0.0133300255	-0.0475578847	-0.0598075844	-0.1073681233	-0.1437753184	0.0410514314	-0.0075832973	-0.1156710357	0.0981087583	-0.0176251166	0.0111920375	0.0023750667	-0.1459737155	-0.0024164765	0.0321468011	0.070943974	-0.0360343578	-0.1135680224	0.0	-0.0168503	-2.589999999999884e-05	6.708099999999398e-10	0.0002839326100899	0.0111559	-0.0123784	0.00012445410481	0.00015322478656	0.00303194	-5.535000000000002e-05	9.1926601636e-06	3.063622500000002e-09	-0.000466655	0.000341061	1.1632260572100002e-07	2.17766889025e-07	0.000376706	7.5993e-05	1.41907410436e-07	5.7749360490000006e-09	-0.000514838	-0.0001952889999999	3.8137793520999984e-08	2.65058166244e-07	0.0	0.0	0.0	0.0	0.0	0.0	0.0
271.5711044699521	-0.2672067312451531	0.0713994372227195	73750.86478302964	242.65179721514383	0.9432261355288176	58879.89469173928	0.8896755427446275	201.73065844202887	-0.2695907795923347	40695.25855545452	0.0726791884412027	201.4509643952743	284.47681623374166	1.35076	28.462843	0.06565589	0.0280191	0.0198927737	0.0101169291	0.2058708399	0.0898911107	0.1208227187	-0.0302977035	-0.0349068911	0.0208361455	-0.1798925914	0.0988012721	-0.0442040359	0.0838597772	0.0410919541	0.0495770457	-0.1548431298	0.1783760182	-0.0505418885	-0.0182371554	-0.1239334354	0.0341936089	-0.077716789	-0.1099794935	-0.0016847641	-0.0723613663	0.0678815151	0.0638888124	0.0360356496	0.0241001543	-0.059134451	-0.0513693672	0.0777142615	0.1153562895	-0.0425352466	-0.0310080807	0.0382768602	-0.1996499878	-0.1269149943	0.0488894233	-0.1493697655	0.0092346895	-0.1137677691	-0.0314001503	0.0988417859	-0.0828086201	-0.0963858538	0.1609685997	0.032033821	-0.0340735659	0.0495950837	-0.0989897018	0.1751876749	-0.0036727832	0.0293288966	-0.0430693741	-0.0072343845	-0.1805359393	0.0351203007	0.0134984451	-0.0080836614	-0.0482249596	0.0321157517	0.0468125453	0.068462771	-0.0462161498	0.0106402513	0.0487861162	0.0610578186	0.1122835462	-0.0586279267	0.1122082733	-0.0114566149	0.0628486785	-0.0738249079	0.0955241442	0.0375002494	-0.029789021	0.0310102181	-0.0694742535	-0.067476666	0.0512304825	0.1278822916	0.0436585423	-0.0629834893	0.1795629082	0.1504129725	-0.0125140383	-0.0346001567	-0.0694195563	0.1377084582	0.0799818716	-0.0989466827	0.1334477622	-0.0011029498	-0.1612515545	-0.0954792421	0.0240062409	0.0487835147	0.1120157263	0.125712762	-0.0687963913	0.0327559295	0.0100931537	-0.0045179415	0.1858278062	0.0135852533	-0.0397858456	0.0086182952	0.0301010871	0.0513348212	-0.0518985982	0.0083457207	-0.0178815422	0.0208622384	-0.0294796183	0.0888537873	-0.029594696	-0.0307924818	-0.1390850671	0.1640089673	-0.1124742716	0.0324243567	-0.1037108995	-0.0649427367	0.0132610674	-0.1369320569	-0.0359175668	-0.0728706666	0.0697620128	-0.0013765364	-0.0162744499	-0.0408346276	-0.0298891473	-0.0740661231	0.1197601827	-0.1485419834	0.0372908348	-0.0265686145	0.0687399551	-0.0411675101	-0.1159230303	0.0	-0.0113633	0.0054869999999999	3.0107168999999987e-05	0.00012912458689	0.0265587	0.0154028	0.00070536454569	0.00023724624784	-0.0131384	-0.01617034	0.00017261755456	0.0002614798957155	-0.000655489	-0.0001888339999999	3.565827955599999e-08	4.29665829121e-07	0.000200649	-0.0001760569999999	4.0260021201000006e-08	3.099606724899999e-08	-0.000307814	0.000207024	4.285893657599999e-08	9.474945859600001e-08	0.0	0.0	0.0	0.0	0.0	0.0	0.0
271.0235062593528	-0.5475982105992898	0.2998638002515441	73453.74094511346	241.4347535081812	-1.2170437069626416	58290.74020155621	1.4811953846573682	201.67582982080225	-0.0548286212266191	40673.14033390919	0.003006177705612	201.32926683951115	282.5193215894589	1.462336	30.813951	0.02357016	0.0130306	0.0071277238	0.1602324528	0.0950820646	0.074784129	-0.0236327523	0.0954095338	-0.0476765353	0.1572896334	-0.0272742674	0.0187790821	0.0970521064	-0.1124736066	0.0718296871	-0.0939435246	-0.0106743123	0.1218271024	-0.1165455167	0.0446446209	-0.1682606773	-0.0459062703	-0.1054900102	-0.0417623322	0.0199294603	0.1104679044	-0.081526701	-0.1592689416	-0.001943214	0.0375941224	0.0108386434	-0.0118660872	-0.0222648058	0.0052736094	0.0297561056	-0.0002214595	-0.1155534298	0.0536026389	-0.0035622389	0.0841801097	-0.0588172532	0.073482871	-0.0829833999	0.0813992392	0.101627251	0.0685102309	0.0948172309	-0.0130952205	-0.1461355406	0.0630832758	0.0619400882	0.0919112263	-0.0129887638	-0.0353324564	0.0704795154	0.144091493	-0.0268258415	-0.0531116129	-0.0965294286	-0.0481510272	0.0244016392	0.0964318982	0.0323419607	0.1042638792	0.0636808971	-0.0365120159	0.0957995987	0.1491924082	0.0395075286	0.0708449168	-0.1089657723	0.0497237645	0.0322539934	-0.1075418831	0.061098379	-0.1756699333	-0.1031057055	-0.0245030668	-0.0021579252	-0.0147507352	0.036814691	-0.0075683244	-0.0098236329	0.0252765659	0.1188433933	-0.0301622572	-0.0016419898	-0.1004438675	0.0069226143	-0.1270012151	0.078195248	-0.0579150981	-0.0875296019	-0.080203762	-0.0687113598	0.0012372382	0.1112562978	-0.0869806738	0.0233439334	0.035379585	0.0146794529	0.1173523688	-0.1649856767	0.0315644487	0.0903426124	0.0360079865	0.1082610184	0.0458042341	-0.0159920034	-0.0817439352	0.0510516124	-0.1041138078	-0.0342557234	0.0055119068	-0.0325055075	-0.0269176638	0.1204119601	0.1346526438	-0.0635257115	0.1261392259	-0.01175708	-0.0713895427	0.0232761121	0.0005679519	-0.030031066	-0.0241670527	-0.0607778559	-0.0482095684	-0.0398785188	0.014030976	0.1244886447	-0.0014224538	-0.1141985179	-0.2257704265	0.0008428424	-0.116359516	-0.0074914374	0.0236446375	0.0890997055	0.0665008237	-0.0462165596	-0.1177452974	0.0	-0.01123	0.0001332999999999	1.7768889999999838e-08	0.0001261129	0.0296604	0.0031016999999999	0.00087973932816	9.620542889999992e-06	-0.00311954	0.01001886	9.7315298116e-06	0.0001003775556995	-0.000639595	1.589400000000002e-05	2.5261923600000067e-10	4.09081764025e-07	0.000244589	4.3940000000000016e-05	5.982377892100003e-08	1.930723600000001e-09	-0.000161322	0.000146492	2.1459906064e-08	2.6024787684000004e-08	0.0	0.0	0.0	0.0	0.0	0.0	0.0
270.7090586426996	-0.3144476166532399	0.0988773036189029	73283.39443121655	239.80907063656025	-1.6256828716209384	57508.390359570745	2.642844799081701	201.36605139963729	-0.3097784211649639	40548.286656281365	0.0959626702194577	201.1508209162173	278.68426491397474	1.538829	32.425785	0.06686971	0.0326542	0.1151144894	-0.0579352298	0.0144062604	0.0612389421	-0.0018164061	-0.0513562979	0.1140498871	-0.0209160406	-0.0400866602	0.0737593355	-0.0202777913	-0.1843917245	0.0047642414	0.0782184286	0.0136475598	0.0041562225	-0.1199323775	-0.1079706715	0.0197757	0.020003432	0.0219262336	-8.44015e-05	-0.0004684905	-0.0123854745	0.0277635914	-0.1405237931	-0.0085512035	0.0679051075	-0.0760298104	0.114995	-0.0271555781	-0.0895199972	-0.0702548669	-0.0200271203	0.0536577976	0.0458086982	-0.227775351	-0.0699738788	0.0703796372	0.0444236604	-0.2271654474	0.1200540093	0.0193629744	0.0553118822	0.0626561716	0.2010438218	0.0288137251	0.0749791252	-0.119727466	0.0178563821	-0.0297735112	-0.1134787287	0.1122445957	-0.0456937098	0.0548582561	0.1835075706	0.113529819	-0.0537239742	0.0436887044	0.0083198415	-0.0883749287	-0.158531938	-0.0456015061	0.0516112926	0.2354295421	-0.0783551098	0.0845239031	-0.0126627227	0.0166744627	-0.0010116637	-0.0052995978	0.0254565215	-0.0502453715	-0.0815562743	-0.0784482809	-0.0600892942	0.1077916768	0.0978732817	0.0054082252	0.0093238209	-0.1017245663	-0.0074481064	-0.0915926894	-0.0542677199	0.1733237869	0.083910834	0.1528825091	-0.1529171764	0.1221942866	-0.0603107303	0.1172052549	-0.0464825486	-0.16535523	-0.1663702576	0.0612636884	0.1915716183	-0.0248832471	-0.0011098856	0.0234278123	0.0859696085	0.033276095	0.0633207074	0.0245307809	-0.0815789607	-0.1595283268	0.1272827738	-0.1031043597	0.0135940739	-0.0916350098	0.1376951425	0.0012487243	0.0517913785	-0.201355493	0.1341598131	0.0128783495	-0.0311586302	-0.0315501216	-0.1175816633	0.0041802379	-0.0889241894	-0.0326233191	-0.0235692161	-0.035647882	-0.0493101119	-0.0160284035	-0.0522830883	-0.0059135535	0.0852606289	-0.009729829	0.0803956138	-0.1232525321	-0.0920285293	-0.0992778948	0.1436127388	0.0687188088	-0.0811805215	-0.1232372029	0.0642277237	-0.0511711914	-0.1190264491	0.0	-0.0168409	-0.0056108999999999	3.1482198809999985e-05	0.00028361591281	0.0138901	-0.0157703	0.00019293487801	0.00024870236209	-0.0101651	-0.0070455599999999	0.00010332925801	4.963991571359999e-05	-0.000282591	0.0003570039999999	1.2745185601599998e-07	7.985767328100002e-08	-0.000129637	-0.000374226	1.6805751769e-08	1.40045099076e-07	-0.000123693	3.7629000000000015e-05	1.415941641000001e-09	1.5299958249e-08	1.0	0.0	0.0	0.0	0.0	0.0	0.0
270.9928537205804	0.2837950778808249	0.0805396462293834	73437.1267676239	241.93245293643025	2.123382299870002	58531.31178383804	4.508752391401219	201.3597027840699	-0.0063486155673899	40545.729905288965	4.030491962250627e-05	201.0744361722642	276.936203846332	1.447156	30.494081	0.0671205779999999	0.0333106	-0.0608650453	0.021773084	0.1383295428	0.0016549264	0.0033642185	0.0670747044	-0.0688929798	0.05443719	-0.12019861	0.0290099542	-0.0607801008	0.1183817859	0.1005312259	-0.0421072867	-0.1288271588	0.0476279572	0.06042861	0.0272194596	0.0317581257	-0.1050850067	-0.1000500198	-0.099288344	-0.0601132366	-0.0496537049	-0.0656320645	-0.0214188051	0.035989012	0.0572810373	0.1549269937	0.1551153881	0.0946649245	0.1222847595	0.0313701587	-0.067114761	0.0938186552	0.0120312668	0.0257955293	-0.0348432249	0.0796873625	0.0684745751	0.0211443937	-0.0594802398	-0.1038451819	-0.0062394985	-0.0221454092	0.0911289019	-0.040222421	-0.007394124	0.0471795842	-0.1297232903	0.0187444092	0.0682634949	-0.0649578193	-0.0438707034	0.0691662194	0.0463727988	-0.0488437039	-0.0113661015	0.0478611686	-0.0690183186	-0.172702288	0.0286675495	0.0049775057	0.0410789176	0.0869314073	0.0010084342	-0.048737967	-0.0458398747	-0.1283930422	0.1013157591	-0.0669409016	0.0285864786	0.0486422822	-0.0130289752	-0.0454144019	-0.0489868027	-0.092721922	0.1866878533	-0.1263413668	-0.0456128932	0.1333881045	0.0880606992	-0.0890261177	0.0080900223	-0.0446003303	0.0282573635	0.0274192759	-0.0384989998	-0.0922021717	0.0629445503	0.0823651125	0.0100668233	0.025879044	-0.0591186986	-0.0500329161	-0.099899839	0.0248473867	-0.0371261338	0.0921805675	-0.0926073116	-0.0100806936	-0.0242381299	-0.0900742455	-0.0396273386	-0.0112457743	0.0275057419	-0.092024688	0.0623185937	-0.1894666507	-0.0447658539	0.0446092657	-0.0574212417	-0.0673086998	-0.0696081841	0.1386707797	-0.0142899144	-0.0437256872	0.0082085411	0.1446636263	-0.0468122081	-0.016385739	-0.0943972217	-0.0068908215	-0.0362043283	-0.0017098459	-0.0887875245	0.0411873978	-0.0178492327	0.1123662516	0.0130553221	-0.0476577533	0.0187588401	-0.0430021354	0.1789895444	-0.0672527698	0.0215571298	0.1029162077	0.0619218161	-0.0560212833	-0.1197605978	0.0	-0.02122	-0.0043791	1.917651681e-05	0.0004502883999999	0.0369985	0.0231083999999999	0.0013688890022499	0.0005339981505599	-0.000121682	0.010043418	1.4806509124e-08	0.0001008702451227	-0.000620761	-0.0003381699999999	1.1435894889999996e-07	3.853442191209999e-07	3.78992e-05	0.0001675362	1.43634936064e-09	2.8068378310439995e-08	-0.00020978	-8.608699999999999e-05	7.410971568999998e-09	4.400764839999999e-08	0.0	0.0	0.0	0.0	0.0	0.0	0.0
271.00783341173707	0.0149796911566681	0.0002243911471491	73445.24577052383	241.3493733986004	-0.5830795378298603	58249.52003989704	0.3399817474358835	201.2489043512288	-0.1107984328411078	40501.12150257004	0.0122762927200454	200.94463691600856	278.511063821863	1.417886	29.877306	0.037053962	0.0178142	0.1048894548	0.0951088434	0.0045761658	0.0044131699	-0.1147263282	-0.0283512945	0.10854558	0.1390747247	-0.0125974792	-0.0035743324	-0.0118228229	-0.1174983198	-0.0228283312	-0.0231938198	-0.0171979083	0.0911679679	0.0227823517	-0.0659820279	-0.0030443678	-0.1307022552	0.1108054046	-0.0867561069	0.1600948748	-0.0132340563	-0.0698431946	0.1025238695	0.08167171	-0.0507334003	0.0717734892	-0.0001640474	-0.0093334098	0.0883099922	-0.0199568723	0.0513839574	0.0224275535	-0.0041383398	0.0499346054	0.1518124731	0.0764524113	-0.0325442559	0.0315748483	-0.0465668784	0.1170688184	0.0797031535	-0.0415467927	0.0278718912	0.0387743918	-0.0262152724	0.0133910858	0.1050401108	0.0923295753	-0.026954093	-0.1999547961	-0.1364613357	0.1069802119	-0.020911717	-0.0283656228	0.0785656464	0.1001418282	-0.0194544576	0.0482207498	-0.1085417746	-0.036781192	0.0183420322	-0.0028778478	0.0290019869	0.0777537414	-0.1571554747	0.0100055255	0.0762475275	0.1673858043	0.0192178048	0.0928462642	0.1039739984	0.0325078642	-0.0155366858	-0.0881033435	0.0062209426	0.0288061214	0.0428007845	0.0733291174	-0.0420838785	-0.0040564037	0.0345328933	-0.0293494658	-0.1397010058	0.0475952883	0.054782976	-0.0651403816	0.0287270011	-0.0523479485	-0.0697508632	0.0318943524	-0.0807799146	-0.0917258686	0.0457386589	0.0045661861	0.1537664346	-0.0263823296	-0.0130480413	0.0478909069	-0.1793931432	-0.1649392465	-0.0963576708	0.0522464279	-0.0936461507	-0.0858309135	0.0530875417	0.0689689185	0.0845115503	-0.0160940406	0.0597932868	-0.0933354907	0.0925398347	0.0741664225	0.1086675549	-0.1335521087	-0.0166754769	-0.0543519263	-0.0987347452	-0.0307601943	0.0369761438	-0.0535465964	-0.0643995135	-0.029039807	-0.0642885796	-0.0165733447	0.0200382677	0.0470633519	0.0006245941	0.1695206398	-0.0270016848	-0.0692479887	0.0627407175	-0.0982156106	0.006404729	-0.0492116981	0.0595842788	-0.0607569269	-0.1199443696	0.0	-0.0168417	0.0043782999999999	1.9169510889999985e-05	0.00028364285889	0.0255391	-0.0114593999999999	0.0006522456288099	0.0001313178483599	0.00647172	0.006593402	4.18831597584e-05	4.3472949933604e-05	-0.000391056	0.0002297049999999	5.2764387024999995e-08	1.52924795136e-07	-1.1294e-05	-4.91932e-05	1.2755443600000002e-10	2.41997092624e-09	-0.000196221	1.3558999999999983e-05	1.8384648099999958e-10	3.8502680841e-08	0.0	0.0	0.0	0.0	0.0	0.0	0.0
271.05218375001294	0.0443503382758763	0.0019669525051846	73469.28631565078	241.9498656429686	0.6004922443682119	58539.73748465056	0.3605909355463723	201.56137825553927	0.3124739043105364	40626.9892042726	0.0976399408750702	201.3263508473272	279.67648590312285	1.385523	29.19536	0.04552306	0.0229565	0.0174908887	-0.0619579263	0.0971038752	-0.0733006335	0.0417165905	0.0226391891	-0.0135709148	-0.0305403502	-0.1300153163	0.0271287007	-0.0066789848	0.0332475568	0.1053257806	0.1384348924	-0.04182924	0.07935588	-0.0899756382	-0.024462875	0.0354583728	-0.0147686703	-0.0529307416	-0.1267793645	0.0301029857	0.0111712617	0.1355161189	-0.0224734099	-0.1746023638	-0.0245226093	0.0152760111	-0.1642166303	0.0917288506	-0.0631612035	0.0193253163	0.0141211559	0.1338997865	-0.136309455	-0.058852402	0.0886647883	-0.0044826054	-0.0183152717	0.0043782418	-0.1358191045	0.012045563	0.0316636943	-0.047276254	0.1116161303	-0.0071148713	-0.0133972488	-0.0135178693	0.0039930818	-0.056002766	0.0788350654	-0.0711800893	-0.0239285725	0.1807482128	0.116255314	-0.0303241642	-0.0094594564	-0.0524815964	-0.0640872037	0.2171928157	-0.0338041579	-0.1118515474	0.1880566922	-0.0388022695	-0.0589173661	-0.0148514942	0.0044612995	-0.0555088496	0.1284320215	0.0240932218	0.0019220066	-0.168442944	-0.0665505483	0.0955234534	0.1208082978	-0.0197316175	-0.1499319942	-0.0933795534	0.0401513845	-0.0636996409	0.0077819767	-0.1227180222	0.1214310912	0.0576970795	-0.0595057433	0.0175284194	0.0232243068	-0.0132971439	0.1454836972	-0.0331440669	-0.0450960138	0.0184693088	-0.115343617	-0.0432845841	-0.0240419501	-0.0054146343	-0.0905594012	-0.0287974951	-0.0371858399	-0.0146744799	-0.0087838668	-0.1576477069	-0.156341118	-0.0298955769	0.1044183651	0.0363665938	0.0985197771	0.1830977058	0.1052233925	0.046798813	-0.1962523659	0.0799019859	0.0177733068	0.0878555585	-0.0897037002	-0.0311614749	-0.0878929915	0.0486886836	-0.0802795396	-0.0850454726	-0.0970719432	-0.0689674239	0.0735918995	0.0674423904	0.0387118136	0.0126916938	0.0486730282	0.0167620226	0.0521892474	0.0355358707	-0.1395094336	-0.0398263378	-0.0956480756	-0.1413234002	0.0469628204	-0.1085832407	0.0572163058	-0.0653684476	-0.1195769199	0.0	-0.0100507	0.006791	4.611768100000003e-05	0.0001010165704899	0.0354196	0.0098805	0.00125454806416	9.762428025000009e-05	-0.0127084	-0.01918012	0.00016150343056	0.0003678770032144	-0.000493146	-0.00010209	1.04223681e-08	2.43192977316e-07	-3.87318e-05	-2.74378e-05	1.50015233124e-09	7.5283286884e-10	-0.00013232	6.3901e-05	4.0833378009999995e-09	1.75085824e-08	0.0	0.0	0.0	0.0	0.0	0.0	0.0
269.6229330494354	-1.4292507005775406	2.0427575651013905	72696.52602618032	239.1065803905865	-2.843285252382117	57171.95678608	8.084271026413639	201.24294776916503	-0.3184304863742966	40498.724026822885	0.1013979746525711	201.01273329803908	279.1577272305164	1.283323	27.041834	0.0376841654999999	0.0176128	0.0435566745	-0.0215558421	-0.074739094	-0.0903710809	0.1375656089	0.09718667	-0.0137141321	-0.0529134804	-0.008895	-0.0547588085	0.1083406757	-0.0394736631	0.160089248	-0.0883746933	0.1028025573	0.0624632784	0.0280842214	-0.0645520393	0.0537383799	0.0626833393	-0.0223524905	0.048677086	0.0601607671	0.1719324098	0.0637975942	-0.0553438377	0.071842403	-0.0555526856	0.0805358015	-0.0416756788	0.1193538842	0.0826933983	-0.0522079255	0.1753351293	-0.0694655444	-0.1539205142	0.0114352011	0.1344218623	0.0218578325	-0.0720270896	0.0904872275	0.0944452564	0.0091757977	0.0729608074	0.079100076	0.0551961733	0.1395300311	-0.207889512	-0.1013130826	0.0703188642	-0.0301472192	0.0897490941	-0.0147350314	0.0135075398	-0.0481367704	-0.0123657465	-0.0026112171	-0.1198512649	0.0875963878	-0.053043977	0.0297245669	0.1958040807	-0.0346415239	-0.1190070076	0.0791692763	-0.0862578491	0.0258586955	0.0297290838	0.0143083107	-0.0685213461	0.0806864232	-0.1530464624	-0.0723461936	-0.006450975	-0.0629509661	-0.0014351404	-0.1052568104	-0.046353255	-0.0698563261	0.1595276512	0.0509663002	-0.152402879	0.1021617629	0.184259068	0.0002610555	-0.1177082321	0.0072597355	0.0615307907	-0.060042832	-0.0912167066	0.0245855159	-0.0747645301	-0.0962067794	-0.0386485278	-0.1927543022	0.0465462269	-0.025091919	-0.0714143503	-0.1399695269	-0.0894199817	-0.0149130741	-0.0515774393	0.0844825225	0.0218278224	0.0759066675	0.0785233432	-0.0940072263	0.0139184599	0.0519488565	-0.1270693595	-0.1823435065	0.0270761576	-0.0752398402	0.1050830099	0.0554916887	-0.0234110025	-0.0513425102	0.0582155972	-0.0179034493	0.0851196223	-0.1197327776	-0.0731672875	-0.1103112357	0.1353934803	0.039296012	0.0710315977	0.0266161427	-0.0298257349	0.1751369985	-0.0463429977	0.0401689414	-0.0927435777	0.0118035134	-0.0190001902	0.0093402824	0.1463784743	0.1384172459	0.0548191066	-0.0698464244	-0.1186599374	0.0	-0.0073673899999999	0.00268331	7.200152556100533e-06	5.4278435412098525e-05	0.04547	0.0100503999999999	0.0020675208999999	0.0001010105401599	-0.000808529	0.011899871	6.53719143841e-07	0.0001416069298166	-0.000391056	0.00010209	1.04223681e-08	1.52924795136e-07	-6.88692e-05	-3.0137399999999997e-05	4.742966708639999e-09	9.082628787599995e-10	-3.53571e-06	0.00012878429	1.6585393350804104e-08	1.2501245204100002e-11	0.0	0.0	0.0	0.0	0.0	0.0	0.0
268.5942963280827	-1.0286367213527114	1.0580935045152555	72142.8960199779	236.95186328243565	-2.154717108150834	56146.18551301808	4.6428058161578925	201.1219468652849	-0.121000903880116	40450.03751088249	0.014641218739805	200.9133494413072	269.03181579691864	1.232698	25.975079	0.0359810854999999	0.022869	0.0158372395	-0.0731362099	-0.2375886842	-0.044588652	0.1021493741	-0.0370841487	0.1029596538	-0.1216468355	0.1913245131	-0.0212386055	0.0693754016	-0.0247459734	0.127280329	0.0652382006	-0.0655011249	-0.1184009764	0.0338618765	-0.1456499762	0.1085401629	0.0035197363	-0.0023583009	0.101926953	0.0293016662	0.1340151683	-0.0178840908	0.0327956316	-0.0654331919	0.0389122936	0.1097909273	-0.1211763836	0.0310670907	-0.2411346437	0.0271715595	-0.0456652618	0.0397170667	0.0609108988	0.0087231332	0.1368141605	0.1585938282	0.0459998116	-0.0724581143	0.1156821367	0.0308543115	-0.1152754987	0.0180530555	-0.0756436759	0.1827502218	0.1252148525	0.0917875161	-0.0012628086	-0.0450462162	0.132701551	0.0621235537	-0.152808008	0.0928707671	-0.1161106902	0.0949946608	0.0182420483	-0.0458252886	0.0644384349	-0.0663468642	0.0737629283	-0.031839662	0.0714282974	0.1357648859	-0.1504571601	0.0702682907	-0.0485227018	-0.0047136662	-0.1170807024	0.0583668077	-0.1312410003	0.0060001249	-0.0533336896	0.0885419697	0.010266884	-0.1091778268	-0.0888256461	-0.0195881808	0.0122154932	-0.244411525	0.0767735726	-0.065408631	-0.0499295947	-0.0351057799	-0.1537702255	0.1446203822	-0.0669027578	-0.0026844024	-0.118314528	0.0103706946	0.0738677545	0.0203853843	0.0976511047	0.0365273404	0.0631408273	0.20280537	-0.0368654564	-0.0710160335	-0.1107869096	0.1460688782	0.1318586735	-0.1538484877	0.0848756741	-0.0428033019	-0.0719553408	0.0076266205	-0.063183779	-0.0395211026	-0.0139634934	-0.0569331755	-0.0818471892	-0.0820426318	0.1558586309	0.0341987132	-0.0037126237	-0.0075490479	-0.0887015529	-0.135871753	0.1805894411	-0.1738252325	0.0083558605	-0.0610834609	0.0282822162	0.0337184926	0.0524423021	0.1573105183	0.1028904306	0.0060134383	-0.14267787	0.005144691	-0.0953937501	0.0653311991	0.0749566723	-0.0424098763	0.0164240048	0.035947428	0.0523939058	-0.0741817089	-0.1171976362	0.0	-0.00333934	0.0040280499999998	1.622518680249919e-05	1.11511916356e-05	0.0250115	-0.0204584999999999	0.00062557513225	0.0004185502222499	-0.000913639	-0.00010511	8.347362223210001e-07	1.1048112100000012e-08	-0.000391056	0.0	0.0	1.52924795136e-07	-0.000129637	-6.07678e-05	1.6805751769e-08	3.69272551684e-09	0.000163485	0.00016702071	2.7895917568904098e-08	2.6727345225e-08	0.0	0.0	0.0	0.0	0.0	0.0	0.0
269.78119227489856	1.1868959468158664	1.408721988567932	72781.89170526579	237.25844105084727	0.306577768411671	56291.5678498784	0.0939899280842802	201.3107513630884	0.1888044978034884	40526.0186143712	0.0356471383908274	201.0945577096248	268.3653043355565	1.30284	27.453087	0.065533671	0.0306593	-0.0210381356	-0.1134835375	-0.0938641901	0.0156171107	-0.0968206589	0.0451406319	0.0489143257	-0.0790286967	0.080212899	-0.0491911039	-0.191914916	0.069066262	0.1189811451	0.0766851782	0.0662969775	-0.0492231443	-0.0313639961	-0.078996679	0.0977395128	-0.0268527883	0.004908932	-0.0015794428	-0.0558764591	-0.0273491561	0.025825414	-0.02711116	-0.1409985524	-0.0806822834	-0.0031262867	-0.1669794422	0.1017017972	0.0996723358	-0.0612800697	-0.1460585337	-0.0111350932	-0.0129369544	-0.0267018245	-0.1286168778	0.1287974929	0.0558407311	0.0897327803	0.1732033025	0.0180606445	-0.1936720455	0.1141627607	0.0766860646	0.0293343492	-0.0304302698	0.2062072635	0.0168781837	-0.1751633111	0.08986059	0.105005071	0.0063507424	-0.0829478068	-0.0852586708	-0.1349700886	-0.0357492026	0.0095144513	0.008255731	0.0763028281	-0.0435465091	-0.0197785966	0.0035022943	-0.1256490748	-0.1179534594	0.0108549552	-0.060483495	-0.0119428145	0.0103003916	-0.0667364007	0.0246584569	-0.0405506423	-0.0565783939	0.0366412942	0.1532662003	0.0014521462	-0.1486090431	-0.038411836	0.0925382802	0.100132942	0.1726090026	0.001958055	-0.0013095023	-0.0410438325	0.111519752	0.1257187414	-0.047255137	-0.1243322404	-0.1769264787	-0.0160378187	0.1651774057	-0.1433898014	0.0266652431	-0.048240448	-0.1587251258	0.1444561083	-0.1359200529	-0.065213784	0.0523058718	0.0960963584	0.1022332481	0.1032020633	0.0408908575	0.1275844989	0.0099021349	0.0225516564	0.045111357	0.0752825247	0.0472763515	0.0435927051	0.0069076236	0.1540270091	0.061262186	0.0746340978	-0.0864731532	0.0599636291	-0.0623980504	0.1105430567	0.0435569658	-0.1774888293	0.0475684507	0.1864339196	-0.0411239027	0.0332777194	0.0012653583	0.1008832389	0.0638541935	-0.0862391483	-0.0824034054	-0.0169944547	-0.0151596616	-0.0209967256	-0.0637726047	0.0779179877	-0.007815674	0.0813513618	0.0499419421	-0.0783654444	-0.1151967366	0.0	0.00155038	0.00488972	2.39093616784e-05	2.4036781444e-06	0.0170485	-0.0079629999999999	0.00029065135225	6.340936899999996e-05	-0.0227399	-0.021826261	0.00051710305201	0.0004763856692401	-0.000824586	-0.00043353	1.879482609e-07	6.79942071396e-07	-1.77219e-05	0.0001119151	3.1406573961000004e-10	1.2524989608009998e-08	9.18363e-05	-7.16487e-05	5.133536211689999e-09	8.43390599769e-09	0.0	0.0	0.0	0.0	0.0	0.0	0.0
270.96980411504194	1.1886118401433805	1.4127981065290331	73424.6347421442	241.7452910182712	4.486849967423865	58440.78572950863	20.131822630171538	201.2812477788981	-0.0295035841903086	40514.14070743017	0.0008704614800746	201.0048715740701	275.73854257766214	1.358012	28.615667	0.04912369	0.0269756	-0.0620414536	-0.0915416765	0.1224230496	-0.0170479172	-0.1313486079	0.0242455688	-0.0691785302	-0.0064169088	-0.1104886941	0.0552604765	-0.1045934702	-0.0896009308	0.126099373	-0.060502852	-0.0346399745	-0.1553401495	0.0030638649	0.0313167815	0.0929244414	-0.1063391096	-0.0988197839	-0.1178267227	0.0674119217	-0.0879967587	0.0897711467	0.1007388612	0.1050514331	0.0058664068	-0.0891245768	0.0017463	0.1233023746	-0.071516782	0.0472311898	0.0610990602	-0.1285499362	0.1567902736	-0.0489183386	0.0801010155	0.1421059065	-0.0313164311	0.1452259283	-0.0918799055	-0.1075112496	-0.126140554	-0.0828545398	0.0359392564	-0.0438553971	-0.0481096392	-0.0979865625	-0.0736986756	-0.111847945	0.0278421106	0.0242602527	0.0844217371	0.0292926583	-0.0588843955	0.0877165517	-0.1091951898	-0.0778338679	0.013829101	-0.045539912	-0.0385427629	0.0097918515	-0.015985553	0.0885500515	-0.0389519541	-0.0868404108	-0.0719022823	-0.1338154853	0.1094080388	0.0675031256	0.0775890226	-0.042715509	0.1555134319	-0.0037264308	-0.0596974282	0.0758633209	-0.023343949	-0.127364405	-0.025723542	-0.0658320049	-0.0544082971	0.1467687129	-0.1586636907	0.0108868995	-0.0866206009	0.0900142351	0.1116774369	-0.1343293138	0.054202073	0.0675965594	0.1280994788	0.0674258144	-0.0127632807	0.0050336131	-0.0258725747	-0.0714045832	-0.2038606535	-0.0310630255	-0.0432380834	-0.0730319262	0.0128401737	-0.0104786978	0.130008178	-0.0764248894	0.0870700284	0.0484460214	-0.0341425836	-0.0634863013	0.0769687279	-0.0093864756	0.0298523647	-0.0388764809	-0.0410600627	0.1258413757	-0.0904632358	0.0508156612	0.1256455189	-0.126331096	-0.1286616641	-0.1356025142	-0.0104521075	-0.0090328381	-0.0180891612	0.0134625512	0.0246242888	0.1022344011	-0.0656862842	-0.1139108506	-0.0451215935	0.0203687988	-0.0682959754	0.0873075818	0.020323145	-0.0552052456	0.0841683624	0.0509195761	0.0474644681	-0.0823890838	-0.1126664339	0.0	0.00773643	0.00618605	3.82672146025e-05	5.98523491449e-05	0.0287831	0.0117345999999999	0.0008284668456099	0.0001377008371599	-0.025409	-0.0026691	0.000645617281	7.124094810000003e-06	-0.000391056	0.00043353	1.879482609e-07	1.52924795136e-07	-0.000129637	-0.0001119151	1.6805751769e-08	1.2524989608009998e-08	0.00011707	2.52337e-05	6.3673961569e-10	1.37053849e-08	0.0	0.0	0.0	0.0	0.0	0.0	0.0
271.117641834898	0.1478377198560565	0.0218559914122378	73504.77571411603	242.0931301052506	0.3478390869794054	58609.08364415779	0.1209920304306664	201.3244351042798	0.0431873253816945	40531.52817005736	0.0018651450736243	201.0310910918747	281.65201737421467	1.254979	26.444574	0.051201465	0.0291319	-0.0499207782	0.0492455621	0.1460808999	-0.05775205	0.0794832921	-0.0906056519	-0.10877223	0.0434497341	-0.1048201045	0.0826540335	-0.0451900811	-0.0231858015	-0.0194299613	0.1398073694	-0.0097034108	0.0597795326	0.0695869897	0.0708159688	0.0064197417	-0.127557757	-0.0743586467	-0.1083681974	-0.0057773691	0.0799540885	0.090569686	-0.0044869496	0.053397787	-0.1736326675	-0.0512406984	0.0704044164	-0.0865937507	0.061224142	-0.0060629525	-0.0272383806	-0.0284909532	-0.0567184099	-0.0299861388	-0.0691832083	-0.1630127962	0.0176101377	0.0629391169	0.04956205	-0.0131135952	-0.2063190464	0.0581573623	-0.1424554151	0.0408746687	0.0429814535	-0.0646907278	0.0608798976	-0.0371310924	-0.0822602285	-0.2712203195	0.1535323933	-0.0711377694	0.054824985	-0.0429105788	0.1533772096	-0.0070146477	-0.0331189512	-0.0186069418	0.0130894203	-0.1178152337	0.1949426538	0.0248959103	0.0503440789	-0.0610886401	-0.057008852	-0.1138243638	0.1009618087	0.0058805583	-0.090944351	-0.0954675564	0.0985972133	-0.1134892897	0.1011953023	0.0131240267	0.040941522	0.0974328638	-0.0396154102	0.0641740938	-0.0202090746	0.0413689526	0.048963827	0.0789130637	0.0851638553	-0.1521144437	0.0097333288	0.0050505715	-0.0624506332	-0.0475462311	0.1908528066	-0.0500535204	0.1888368602	0.0340620614	0.0651501627	-0.0032538969	-0.0333394312	-0.0359525313	0.0738321956	-0.1604950109	-0.204414233	0.0125311381	-0.1252958411	-0.0168359462	-0.2158821686	0.0401270714	0.0664888785	-0.0435137114	0.0884166233	-0.0278192529	-0.217583939	-0.0274326356	-0.0516187933	0.0817045936	0.0253352788	0.038313025	-0.1324572943	-0.0413714571	-0.0779243349	-0.0360651159	-0.1267087861	-0.0806234998	0.0336837792	-0.0013694729	0.0470781033	0.1840578942	-0.073297784	0.0426634277	-0.0145047673	-0.0487441584	0.1628865186	0.0576848266	-0.088675042	0.053507988	-0.0805110536	-0.0172041572	0.0449627491	-0.086244407	-0.1096183565	0.0	-0.00469859	-0.01243502	0.0001546297224003	2.20767479881e-05	0.0300051	0.001222	0.00090030602601	1.493284000000002e-06	-0.0354099	-0.0100009	0.00125386101801	0.00010001800081	4.54477e-05	0.0004365037	1.9053548011369e-07	2.06549343529e-09	-4.00228e-05	8.96142e-05	1.60182451984e-09	8.03070484164e-09	0.000141823	2.4752999999999985e-05	6.127110089999991e-10	2.0113763329e-08	0.0	0.0	0.0	0.0	0.0	0.0	0.0
270.40192187889704	-0.7157199560009531	0.5122550554180062	73117.19935580115	242.05489152831	-0.0382385769405857	58590.57051278192	0.001462188766441	201.3407948352881	0.0163597310083218	40538.11566490558	0.0002676407986646	201.04137002917304	280.1620891729441	1.129742	23.805628	0.0824721649999999	0.0405415	-0.0667049528	0.0695961508	0.074728814	-0.0907935328	0.1044235227	-0.0716787586	-0.1500872473	0.0325112956	-0.0701632593	0.1228367397	0.0533764468	-0.0149419816	0.0037769622	-0.0441122427	0.0886435224	-0.0219511009	-0.0073490668	0.0578737181	-0.0431660232	-0.1036253106	-0.0241248166	-0.0391543415	-0.1692054637	-0.0498002255	-0.0935796211	0.0484515946	0.1472511993	0.1609104352	-0.0057769163	0.0618954871	0.0143044695	-0.094926451	-0.0163746264	-0.0748682984	0.0504431902	-0.086190689	-0.0242238526	0.0258274931	0.1982784684	0.0614628393	0.0307241571	-0.0001760216	-0.1196234973	0.1133605776	0.132646052	0.0401057417	0.0115028668	0.0164748336	0.0117021825	0.1428259512	-0.0294901036	-0.0274087483	-0.0199185926	0.0564065808	-0.0202079638	-0.2015777313	0.200268053	-0.0620234286	0.0599248392	-0.0058462583	0.1458600938	-0.0093349967	0.0507300544	0.0320091319	-0.1785997944	0.0716113487	-0.0359853726	-0.0357102201	-0.0776340106	0.0505757943	-0.1622032757	-0.0136422701	0.1308689022	0.0638642857	0.0287596298	-0.2078108125	0.0280162579	0.0491846949	0.0143127308	0.0002737719	-0.0844659117	0.0902336886	-0.0671951247	0.0868363144	-0.0072012965	-0.0224516776	0.1313134404	-0.0213613158	-0.1378337412	0.0234169635	0.1220541648	-0.1311040753	-0.1076665874	-0.0068741677	0.0806246903	-0.0507961993	0.0855115507	-0.0167514035	-0.1650144648	0.0156071878	-0.054554507	-0.0616247412	-0.0078829525	0.2360063056	-0.0804076252	-0.0085675776	-0.0215024613	0.0055908739	0.1804468472	0.0048649425	0.0820808337	-0.0109890352	0.0362692315	-0.0678558461	0.1272553324	0.0338118949	0.0863737346	0.088015228	0.0132724332	-0.0171467746	-0.0803034481	-0.1528370072	-0.0809063929	0.0400409036	-0.025048567	0.0827505008	0.0940305792	-0.0511985327	-0.0161456316	-0.0382589424	0.0788764263	0.1035872099	-0.0233874685	0.0467082657	0.0183628165	-0.1494438236	-0.0355542962	0.0424380632	-0.0899235378	-0.1060665123	0.0	0.00257915	0.0072777399999999	5.29654995076e-05	6.652014722500001e-06	0.0454858	0.0154807	0.00206895800164	0.00023965207249	-0.0416688	-0.0062588999999999	0.0017362888934399	3.917382920999997e-05	-0.000603803	-0.0006492507	4.2152647145049e-07	3.64578062809e-07	0.000205873	0.0002458958	4.2383692129e-08	6.046474445764e-08	0.000315773	0.00017395	3.02586025e-08	9.971258752900001e-08	0.0	0.0	0.0	0.0	0.0	0.0	0.0
269.9680322823772	-0.4338895965198617	0.1882601819681683	72882.73845441865	239.14915980949056	-2.905731718819453	57192.32063758525	8.443276821753454	201.1886444091797	-0.1521504261084203	40476.87063920335	0.0231497521649738	200.85302610093268	274.86150373815804	1.176162	24.78377	0.075446275	0.0375155	-0.0984013	0.1175266645	-0.053665008	-0.1050466901	0.083386409	-0.1064471962	-0.1203520378	0.0871222593	0.0899426637	0.0776239273	0.0852880552	-0.0170320872	-0.0458408282	0.2208826901	0.0074627645	-0.0450054129	0.0182746273	0.0270200226	-0.0715207663	-0.1236952958	-0.0078331017	0.066963939	-0.1154506565	0.1293858809	-0.0619252672	0.0868960459	0.0328822654	0.0855593193	0.1822163515	-0.0354471839	-0.1149414058	0.0267655559	-0.0380603229	0.0374560255	0.0489875244	0.1090192683	-0.0613094816	0.0086863465	-0.1069871231	0.0147365187	0.0294226805	0.0370932639	-0.0813487823	0.0172912043	-0.0444143321	0.0098332428	0.1179661741	-0.1610530972	0.0563362549	0.0363607415	-0.0357034527	0.0992526377	0.0791443178	0.102864847	0.0939177123	0.0365902675	0.065885205	0.0506137971	0.016445195	0.0750191277	-0.0196510464	0.0407163634	0.0446410043	-0.0191037198	-0.010830845	0.1033160696	0.0162816543	-0.0600950115	-0.0735843169	-0.0511818495	-0.112455558	-0.144047027	0.0676961571	-0.0237075333	0.0828462498	-0.0899720265	-0.1811134067	0.0157558652	0.0626008601	-0.0175673358	0.0324113988	-0.0571756191	-0.0450774045	-0.1134165749	0.0927150417	0.0176184728	-0.0982421596	-0.0324456518	0.0101381575	-0.0601120297	0.0185418887	-0.0216986074	0.0662462204	-0.0011032518	-0.1781626785	-0.0754820547	0.0624056487	-0.0475733102	-0.1259102401	-0.0743249962	-0.0892044433	0.1361037915	-0.0266001098	-0.0158315619	-0.0535143072	-0.0021642062	0.0073455975	-0.0528116114	-0.0061781016	-0.0583268455	-0.0058953043	0.0304254491	-0.0256289128	-0.0447400623	0.0960497805	0.106205562	0.0253641923	-0.105860236	-0.1151040499	0.0334480742	-0.0689752562	-0.1589559738	-0.0003598381	0.0238666499	0.0753634745	0.0636677984	0.0353783586	-0.0487750117	-0.0691966404	-0.0169203582	-0.0988550669	0.1028044992	0.0059555874	-0.0546323909	0.0840944757	0.0134914213	-0.1041669821	0.0398916998	-0.09341896	-0.1020272243	0.0	-0.00681568	-0.00939483	8.826283072889999e-05	4.64534938624e-05	0.0325327	-0.0129531	0.0010583765692899	0.00016778279961	-0.0356529	0.0060158999999999	0.00127112927841	3.619105280999997e-05	1.42663e-05	0.0006180693	3.8200965960248993e-07	2.0352731569e-10	3.79094e-05	-0.0001679636	1.43712260836e-09	2.821177092496e-08	0.000160157	-0.000155616	2.4216339456e-08	2.5650264649e-08	0.0	0.0	0.0	0.0	0.0	0.0	0.0
270.06522612889154	0.097193846514358	0.0094466438002565	72935.22636404932	239.84023969774847	0.6910798882579172	57523.34057827344	0.4775914119545753	201.3364304356321	0.1477860264524224	40536.35822056213	0.0218407096145961	201.02541184135103	272.3259748725055	1.248574	26.309624	0.084394365	0.0448966	-0.0658438992	0.1175488152	-0.1063514525	-0.012823112	-0.1023169086	0.0118671032	-0.0391038334	0.1183734074	0.1029203537	0.0170243984	-0.065360592	0.0130013156	0.1345468826	-0.0091733816	0.0890823037	-0.0089575187	-0.0464466129	-0.0130414061	-0.0629685444	-0.1357037436	0.0317798668	0.0547277769	-0.090716227	-0.061158352	-0.0665008227	-0.0073395952	-0.0264832853	0.0245067421	-0.0305852173	-0.0827463849	-0.0941948925	-0.0216649734	0.0633051461	-0.0894741652	0.0792438425	0.0100525603	-0.1102538808	0.0025878142	-0.0956305608	-0.1182923058	0.0224261863	0.0268535355	0.1249705951	0.0408692255	-0.1049977705	-0.0981715317	0.1271668545	-0.1698686366	0.0332311026	0.0408748533	-0.136054312	-0.1499718364	-0.06143168	-0.0290135313	-0.0325491415	-0.0497824693	0.1031519314	0.0028433645	-0.0130521865	0.0616386666	-0.0480168547	-0.0119629072	0.0421813387	-0.0725974079	0.1262180813	0.0823314739	0.0532211765	-0.0963597922	-0.0548060332	-0.0252260651	-0.1130597189	0.0490411596	0.0638546105	-0.0467065089	0.0301267615	-0.0058622088	0.0085815965	-0.0868032009	0.0703842861	-0.0852667781	-0.0133832428	0.0372747829	-0.0649144255	0.0154955047	0.143675886	0.0179475774	-0.0043107311	0.0952619043	0.0828954784	-0.0883906834	-0.1340496361	-0.0650220235	0.1154132994	0.0317034584	-0.1613211927	0.0547732222	-0.0360091904	-0.0469221298	-0.1214924124	0.1681660107	0.0600126646	-0.0422766467	-0.0190339678	0.0758778227	-0.0887734788	-0.0894399289	0.019512473	-0.0689522038	-0.0482056024	-0.0183734853	-0.0421365917	0.0863426977	-0.0782857084	-0.0054600511	0.1325053637	0.1312824233	0.0760621881	0.0729114748	-0.0062134132	0.0587787304	-0.1358083463	-0.0251299059	0.0842051946	-0.1087295754	-0.0242027337	0.0473377155	-0.0075176556	-0.0592354936	-0.0409385285	0.0045290795	0.0268957873	-0.1484905007	0.0110834793	0.0793951109	-0.0276976063	-0.052264399	-0.1400938609	0.0373249597	-0.0967235326	-0.0975190556	0.0	-0.0114236	-0.00460792	2.1232926726400005e-05	0.00013049863696	0.0455067	0.012974	0.00207085974489	0.0001683246759999	-0.0423994	-0.0067464999999999	0.0017977091203599	4.551526224999994e-05	-0.000777903	-0.0007921693	6.2753219986249e-07	6.051330774090001e-07	0.000271964	0.0002340545999999	7.396441729599998e-08	5.478155578115998e-08	0.000335252	0.000175095	3.0658259025000014e-08	1.1239390350400001e-07	0.0	0.0	0.0	0.0	0.0	0.0	0.0
270.64012166434486	0.5748955354533223	0.3305048766841621	73246.0754544914	239.20281616202345	-0.63742353572502	57217.98725984279	0.4063087638961858	201.4115792359121	0.075148800279976	40566.62425030409	0.0056473421835197	201.12994658096977	273.0726754921118	1.378648	29.050495	0.1078032	0.0704229	0.0765514981	0.0965706677	-0.0814485218	0.0950279558	-0.1859392647	-0.0143937611	0.1475490296	0.1139480911	0.0972536628	0.015767711	-0.106954665	-0.1086284167	-0.0234436836	-0.011103861	0.0651032291	0.0746514283	-0.0031518096	-0.1201993795	-0.0681448481	-0.1080104343	0.0945174267	-0.0097623727	-0.0413113471	-0.0244640487	0.007120972	0.0202891379	0.2026152756	-0.0190396898	0.0637138596	-0.0202053471	-0.1328610133	-0.0863865909	-0.0511627807	0.1209023718	-0.0871661989	-0.0920972718	0.0676682596	-0.1113693903	0.0055267389	-0.1447923349	-0.117577579	0.1745558445	-0.028002342	0.0259042742	0.0714052461	0.0689686824	-0.0534329413	0.0113580407	-0.0253539381	-0.0728312286	-0.0289094462	0.0455354998	-0.0532616801	-0.0438259737	-0.0755991821	-0.1317032161	0.0239266261	0.1250503655	0.007321698	0.1494845737	-0.0216706099	-0.002170514	-0.0463165636	-0.0595374588	0.0952667391	0.0320849072	0.1509317213	-0.1070175108	0.0007100308	0.0218671607	-0.0397119968	-0.0040290752	0.0374240148	0.1344448552	-0.0647029247	-0.1278249317	-0.1007084341	-0.0177165867	0.1553856316	0.0522947887	-0.0873684472	-0.1217958352	0.0514344382	0.072904786	-0.0936993796	0.12701814	0.0193720564	0.031840414	0.1448681168	-0.124454227	0.0804695453	-0.0159127265	-0.1132727409	-0.1011690775	0.0588130121	-0.0243706919	-0.0176412983	-0.0391479345	0.0466914842	-0.0665204048	0.0388195845	-0.0113297777	0.0116064684	0.061463228	0.0345519866	-0.2079923014	0.0025370816	-0.1252901398	0.0067348533	0.0249161179	-0.1104461332	0.0687389601	-0.0217655775	0.0975940901	-0.000846986	0.1368971789	0.0147530568	-0.0266119418	-0.0595059534	-0.0753582929	-0.0484330276	0.1185403775	0.0702358911	-0.0052468321	-0.0202227385	0.0049459186	-0.0613525562	-0.165744875	-0.047951655	0.0719102351	-0.0345819336	0.1814222379	0.1872674726	-0.0906392369	0.0600372587	-0.1109126392	-0.0373487673	0.034739154	-0.0998305046	-0.0925627242	0.0	-0.006099	0.0053246	2.835136516000001e-05	3.7197801e-05	0.0106045	-0.0349021999999999	0.0001124554202499	0.0012181635648399	-0.0437664	-0.001367	0.0019154977689599	1.8686890000000003e-06	0.000394484	0.001172387	1.374491277769e-06	1.5561762625600004e-07	0.000159288	-0.0001126759999999	2.5372666944e-08	1.2695880975999997e-08	0.000296127	-3.912500000000004e-05	1.5307656250000032e-09	8.769120012899999e-08	0.0	0.0	0.0	0.0	0.0	0.0	0.0
270.70009732557594	0.0599756612310784	0.003597079940105	73278.54269207628	240.87736439275312	1.6745482307296695	58021.90467679917	2.804111777039868	201.3900680496848	-0.0215111862272863	40557.95950905667	0.0004627311329049	201.0840090765469	278.7789299919806	1.21706	25.645555	0.10792858	0.0520944	0.1016423506	0.0343320287	-0.0248900247	0.0971962272	0.0014668487	-0.1006018833	0.0864273115	0.0501876944	-0.0080053693	0.1500790192	-0.0130675561	0.0660353192	0.0356903099	-0.0170634367	-0.0493033008	0.1053651666	0.0111325521	-0.0886604937	-0.0032762887	-0.0002607027	0.0633074267	0.1049087006	0.0184343091	-0.0435209858	-0.0908079485	-0.0571447675	0.0461977336	-0.1552880012	-0.1243090739	-0.0164413742	0.0314245616	0.0650187477	0.1032431461	-0.0061423317	0.029267546	-0.0270910248	0.0418916544	-0.0185475666	-0.0865406498	-0.1825459229	0.0050142708	-0.058629686	0.0181600874	0.184430532	0.0698241626	-0.0555664535	0.0031269147	0.0720633647	0.0912611283	-0.0573263793	0.0482508332	0.0090955803	-0.047553707	-0.1360365387	-0.0607410632	0.0287703548	-0.0435167421	-0.0839541934	-0.1749945981	-0.1181527567	-0.1141726929	-0.0493568253	0.066380955	-0.0142370063	0.0633659626	-0.0137358424	0.0895932424	-0.0460918592	0.0502752637	-0.1032324812	0.0141717773	0.0483189307	0.0978522079	0.048179968	-0.1308745133	0.1201875322	0.0677916785	-0.0665216624	-0.0252220409	-0.0750440474	0.0683914848	-0.0275396437	0.0014505207	0.0835832366	-0.0170641744	0.0081307089	-0.038020251	0.1662362298	0.1017423123	0.0122493191	-0.0452720154	-0.1974016452	-0.0060058865	0.0409163847	0.0334180458	-0.0563041804	0.0466739912	0.0570928644	0.0951592358	-0.0127554994	0.1526758989	-0.0720926192	0.0045424257	-0.0295326616	0.0217423184	0.0810281695	0.1315238247	0.0640796569	-0.1684569889	-0.0058250762	0.0752717923	0.009951882	-0.0724171684	0.087836169	-0.0275491245	0.0727762567	0.094704898	0.0698572689	0.0524315104	0.0026523776	-0.0474044522	0.0538510715	-0.0363484484	0.1020070469	-0.1462444486	0.1370270842	-0.1172219529	-0.1160620261	-0.1142088274	-0.1110457588	0.0603354307	0.0956320521	0.0117326311	-0.0130421742	0.0494638289	-0.049124882	-0.1117278466	0.0321356035	-0.1027335286	-0.0871810076	0.0	0.00553061	0.01162961	0.0001352478287521	3.05876469721e-05	0.0472172	0.0366127	0.00222946397584	0.00134048980129	-0.0748461	-0.0310797	0.00560193868521	0.00096594775209	4.19186e-05	-0.0003525654	1.2430236127716004e-07	1.75716902596e-09	0.000358441	0.0001991529999999	1.28479950481e-07	3.9661917409e-08	0.00031654	2.0413e-05	4.1669056899999984e-10	1.0019757159999998e-07	0.0	0.0	0.0	0.0	0.0	0.0	0.0
270.1850616860779	-0.5150356394980236	0.2652617099531381	72999.96755830973	239.988460124076	-0.8889042686771234	57594.46099272522	0.7901507988724115	201.46618706291244	0.0761190132276397	40588.62452966843	0.0057941041747495	201.2650910197825	278.43761106400893	1.22715	25.858181	0.09106145	0.0548831	0.0891599894	-0.035833301	-0.0731986544	0.1260222493	0.1556256964	5.91531e-05	0.0900103009	-0.0317325617	0.0600831084	0.1404131239	0.0763742177	-0.0007435177	-0.0172501816	-0.0423234467	-0.1390543401	-0.0281394851	0.0408214593	-0.1504568524	0.0153527754	0.0689573003	-0.0322408866	0.0398777983	0.118028961	-0.0135236343	-0.0003459259	0.0494328294	-0.1173206022	0.0410826032	0.1217983212	0.1370712718	-0.0100178402	0.1158874009	0.1959175768	-0.0686880599	0.0409289549	0.0940408727	0.0144770331	-0.1043027903	-0.0330730282	-0.0700771813	0.1336003885	-0.0136519838	0.0418414411	0.0860468717	0.0095558517	0.0564555567	-0.0673264945	0.1549656751	-0.1179930825	0.1405794541	-0.0320214263	-0.048569582	-0.0118917535	0.1020627138	-0.0654890179	-0.0252859887	-0.0378706049	0.0649987614	-0.027536055	-0.0757797424	0.0465221414	-0.0193381623	0.1683358586	-0.046836801	0.0230179047	-0.1123252548	0.122452148	0.04636937	-0.0016139278	-0.0544524907	0.1163104792	0.041263973	-0.0355320994	-0.0888254465	0.0968919498	0.0316530753	-0.0685506802	0.1729554453	-0.0555180097	-0.2043772338	0.1307945022	0.0331273488	0.0081772299	-0.0685233631	-0.0374522574	0.0568304893	-0.0377615072	0.1175237566	-0.076369329	-0.038190804	-0.1072391336	-0.0920086	-0.0390667218	-0.0698306917	0.1680820964	0.0790008784	-0.0299304391	0.0242214632	-0.0740363595	0.0298677236	-0.1066249842	-0.053352522	0.0675339559	-0.0021041435	0.0335354045	-0.0499672786	0.0558452749	0.0792068328	0.0087918334	-0.0221428718	0.1347715105	0.0290757708	0.0245720259	0.1323945187	-0.0791591984	0.0272203672	0.084658793	-0.033222561	-0.1627289777	0.0181526708	-0.0280679501	-0.0565644734	-0.041706918	0.1266650682	0.0040151548	-0.1239241183	-0.0785771686	-0.0274264722	0.0135956809	-0.0683448174	-0.0319740027	-0.0215718038	0.2929274919	0.1015427353	0.0697896068	-0.0581181148	-0.1719448047	0.0295156382	-0.1054266739	-0.0813986382	0.0	-0.00131457	-0.00684518	4.68564892324e-05	1.7280942849e-06	0.0328294	-0.0143878	0.00107776950436	0.0002070087888399	-0.0663614	0.0084846999999999	0.00440383540996	7.199013408999996e-05	0.00106263	0.0010207114	1.04185176208996e-06	1.1291825168999998e-06	0.000284869	-7.357199999999999e-05	8.1150347161e-08	5.412839183999999e-09	0.000183948	-0.0001325919999999	1.7580638463999994e-08	3.3836866704e-08	0.0	0.0	0.0	0.0	0.0	0.0	0.0
270.1068227713192	-0.0782389147587423	0.0061213277826257	72957.69570761683	240.40579496632824	0.4173348422522451	57794.946253392256	0.1741683705577063	201.2024907580494	-0.2636963048630321	40482.44228724296	0.0695357411984171	200.9850192128057	275.5411161844293	1.344023	28.32089	0.0502975999999999	0.0323561	-0.023294509	-0.1054493868	0.0306667749	0.1117585824	0.040687224	0.105317459	-0.0207348314	-0.0947694181	-0.0193166563	0.0140048289	-0.0921312583	0.1665761192	-0.0825020052	0.018758668	-0.0641091108	0.0437732904	-0.1103798305	0.0743689143	0.1130146201	0.1241126336	-0.0594396172	0.0742177644	-0.1862196807	-0.1600120197	-0.0129761283	0.061805474	-0.1134233726	-0.1584244213	0.0635577487	0.0362443027	-0.078285499	-0.0196611454	-0.0166859681	0.1775265651	0.0325824723	-0.0493867568	-0.158772775	0.0232848565	-0.0265320096	0.128936683	-0.1362940686	0.0106640844	-0.2269374771	-0.0012221035	-0.0142074487	-0.1160594173	-0.060715806	0.0390986992	0.1130495652	-0.0643724354	-0.0503920514	-0.1402802814	-0.0662117867	0.0411474339	0.0737276251	0.0393933145	-0.0485762406	0.0043213872	0.0410341436	0.0962306635	0.0437328665	-0.0385978152	-0.0340473685	-0.1149725803	0.0101091341	-0.0903188704	-0.1330848072	0.0844743596	0.0332426089	-0.0654444656	-0.1963858969	0.1568816484	0.0223521063	0.0271479108	0.0396785001	0.2002959511	-0.0935245222	0.0583421931	0.038440173	0.0020053196	-0.0195738967	-0.1981087218	-0.0311513589	0.029838179	0.1458295401	0.0122141277	-0.0240193307	-0.1776512355	0.0521001458	0.0520671625	0.1903510058	0.0273818045	0.0690297833	0.0903630055	0.0740913007	-0.1137601687	0.0744042763	-0.0108387593	0.0687164673	0.1591607819	-0.0687545691	-0.0458676275	-0.0873253525	-0.0095142539	0.0087479064	-0.0065622069	-0.0503462003	-0.0801681644	0.0309365128	0.051986233	-0.0084197774	0.0791680007	-0.0091695671	-0.0295039735	-0.0880700496	-0.1116095061	0.0862434339	-0.0183635336	-0.009078554	-0.0060419553	-0.0194058944	-0.0411468059	0.3094043672	0.0855830801	-0.2332937125	0.1615831946	-0.0336854297	0.0313200651	0.0892202884	-0.0092844183	0.0439525564	-0.1714194783	-0.1838634119	-0.1237552363	-0.0387831161	-0.1382109366	-0.0615306608	0.0268805962	-0.1079044385	-0.0752421898	0.0	0.00315258	0.00446715	1.99554291225e-05	9.9387606564e-06	0.0383352	0.0055057999999999	0.00146958755904	3.031383363999998e-05	-0.0736896999999999	-0.0073282999999998	0.0054301718860899	5.370398088999852e-05	0.000441947	-0.0006206829999999	3.852473864889999e-07	1.95317150809e-07	0.000260579	-2.429e-05	6.7901415241e-08	5.900041e-10	0.000198902	1.4953999999999993e-05	2.2362211599999975e-10	3.9562005604e-08	0.0	0.0	0.0	0.0	0.0	0.0	0.0
270.2218258362119	0.1150030648927327	0.013225704934722	73019.83515825604	239.58441927626328	-0.8213756900649685	57400.69395994432	0.6746580242297031	201.0279154151149	-0.1745753429345029	40412.22277614659	0.0304765503606993	200.7297342427572	276.0043110555981	1.412599	29.7659	0.2437068355	0.15274	-0.033870659	0.0043381042	0.0448900244	0.0561654526	-0.0302316308	-0.0322640714	-0.0249918329	-0.002655297	-0.0062006668	-0.0762891022	-0.0047498652	0.0897607205	-0.2456478889	-0.1328858575	0.0186506684	-0.0568888477	0.2588465094	0.1707269534	0.0181329382	0.1409899556	0.0206832984	0.1283321077	0.0394208488	-0.1210034718	-0.0494898836	0.0762233032	0.0251327255	0.1202957706	-0.1529005627	-0.0223492611	0.0240031012	0.0132481718	0.0594988832	0.2244761866	0.0140599541	0.0479589376	0.153382694	-0.0664098269	-0.0588484329	0.074301154	0.074644857	-0.0618535951	-0.2031001149	-0.0930780182	0.1289901856	0.1625314851	-0.0408011532	0.0019596898	-0.011099719	-0.0093486146	-0.0149276034	0.0911723875	0.0516987713	0.0660588084	-0.0611993478	-0.0880875221	-0.0384556439	0.1062056379	0.0316055829	-0.0221421814	-0.0126160973	0.0984891527	0.0304684557	0.090593514	-0.0975823586	0.056442491	-0.1454353576	0.1063462456	0.1150500732	-0.1442051308	0.0159767501	0.1239819243	0.0663379085	0.0332860203	0.0442414016	-0.0983213479	0.1487722846	-0.0461629891	-0.0788376751	-0.0690395708	0.0418317247	-0.2127534619	-0.0261464377	-0.0712693786	-0.1562161884	0.0197294454	-0.1650193289	-0.0193831464	-0.0822984141	0.1113316136	0.093280459	0.0921088633	-0.1771975118	-0.0485457136	0.0348255983	-0.0983366977	0.0454985927	-0.0698920548	-0.040633195	-0.1107087473	-0.0661737814	0.0549276484	0.0610358932	0.0596081492	0.044697196	-0.1123269677	-0.0278330728	0.0418574262	0.0119399636	-0.0899170984	0.0344322257	-0.1011537588	0.0796273799	-0.1835069779	-0.3730616866	0.0220481509	0.0617324088	0.0726201967	-0.1023986097	-0.0913519422	0.0917017309	0.0843018292	0.1533791947	-0.0001680872	-0.0864837263	0.0327037084	0.1472939858	-0.0627614457	0.2230560604	-0.1010225029	-0.018404226	-0.0686456838	-0.2145598774	0.2797772219	-0.1286015987	-0.2882451007	0.1814171361	0.0242318235	-0.1101617605	-0.0687399551	0.0	0.00235598	-0.0007965999999999	6.345715599999996e-07	5.550641760400001e-06	0.0147441	-0.0235911	0.0002173884848099	0.00055653999921	-0.149739	-0.0760493000000001	0.022421768121	0.00578349603049	0.00271469	0.002272743	5.165360744049001e-06	7.369541796100001e-06	-0.000129637	-0.000390216	1.6805751769e-08	1.52268526656e-07	-3.53571e-06	-0.0002024377099999	4.0981026430044096e-08	1.2501245204100002e-11	0.0	0.0	0.0	0.0	0.0	0.0	0.0
271.40883065849846	1.1870048222865537	1.4089804481315324	73662.75335941349	241.0457079689782	1.4612886927149304	58103.03333026592	2.1353646434565103	201.6986465950689	0.6707311799540037	40682.3440382825	0.44988031576249	201.3978841543889	280.0532616914487	1.472553	31.029253	0.1253203825	0.0820222	0.047689433	0.0159426392	0.0927261201	0.0221797168	-0.0522432193	0.0319084725	0.0289364835	0.0502461731	-0.0742153968	-0.0317982811	-0.0161561054	0.0933571238	-0.0115035453	-0.0486783844	0.0962101028	-0.2288865303	0.1048106633	-0.0550645639	-0.0668003568	0.0235529804	-0.071408768	0.0844988861	0.1742262215	-0.1559644548	0.0543989409	-0.1804948152	-0.035390399	0.0847118152	-0.079491902	0.0217497662	0.0999811439	-0.1033895285	-0.054815268	-0.0123532286	-0.0299638032	0.0108099295	0.0176851957	-0.1103738631	-0.0797544751	-0.0988315918	-0.0968169386	-0.104917536	0.0653285723	0.0344085983	-0.1554063267	-0.1730723801	0.0405463289	0.162495159	0.120481616	-0.1442392922	0.1219764348	0.0280284132	0.0364628446	0.2265732582	-0.0198316543	-0.0135709299	-0.0235788704	-0.0958813823	0.0087844851	-0.1142309414	0.3365526129	-0.0714470139	-0.0714845648	-0.0841719911	0.0653341882	0.0230790769	0.0733446614	0.0584603572	-0.058034315	-0.0838238029	0.1260875557	0.1958180373	-0.0800045035	-0.1339086877	-0.1132709121	-0.059542465	0.1260032731	0.0084213198	-0.0778143873	0.1011055594	-0.0805343188	0.0053512938	0.0092685046	-0.01594839	-0.0427987127	0.1142978624	-0.0082096897	0.0733164776	0.1659670219	0.0470379911	-0.0801122612	-0.0368490554	0.2398704591	0.1458417965	0.0527066942	0.0194626835	0.1396404715	0.0740994113	0.1962334921	-0.0280568713	-0.1300524122	0.0318504219	0.0932201591	0.0303974848	-0.0079118263	0.1058295328	0.046042642	0.1754622503	0.2914958728	0.1521570397	-0.0299905675	0.0734581715	-0.0361316149	-0.0772147857	-0.1498740219	0.0291546878	0.1533555678	0.0898549291	0.0995151909	-0.1436185161	0.126522078	0.1169534974	0.0394121358	0.0857282695	0.2266686084	-0.1650532999	-0.00821578	0.0233574522	0.0805521908	-0.3119587417	-0.2446031649	0.0218833118	0.0244375042	-0.1900474971	0.0174980884	0.0817623098	-0.0936777664	0.0215706732	-0.1121940284	-0.0619218161	0.0	0.000627433	-0.001728547	2.987874731209e-06	3.936721694890001e-07	0.032016	0.0172719	0.001025024256	0.00029831852961	-0.111935	0.037804	0.012529444225	0.001429142416	0.00145913	-0.00125556	1.5764309136e-06	2.1290603569000003e-06	-0.000129637	0.0	1.6805751769e-08	0.0	0.000111223	0.00011475871	1.31695615208641e-08	1.2370555729e-08	0.0	0.0	0.0	0.0	0.0	0.0	0.0
271.3694013321808	-0.039429326317645	0.0015546717738633	73641.35197938622	242.2930483431429	1.2473403741647076	58705.92127541259	1.5558580090213527	201.7329205191347	0.0342739240657863	40696.17122117952	0.0011747018708672	201.4207548921005	283.9447960661082	1.434146	30.219931	0.049595462	0.0306677	0.1488064049	0.1161737362	0.0518446825	-0.0032009063	-0.0672326993	-0.0176907461	0.0739678794	0.1026197222	-0.0755168302	-0.0096309972	0.1471261892	-0.06859276	-0.1143103079	0.0365706394	0.0768166069	-0.0061709065	-0.0027553973	-0.0523838742	-0.1200448344	0.0493885758	0.0480612141	-0.0129221152	0.0473957838	-0.0251071965	-0.0256639746	0.018426976	-0.0032624375	-0.0800128092	-0.1216975403	0.09995341	0.125187166	-0.0698758722	-0.0467181557	0.1774481312	-0.0819467092	0.164668986	0.0764224885	0.0914008249	-0.0339724353	0.041282359	-0.0233947956	-0.0088141702	0.019465141	-0.1635861003	0.007645996	0.0556082587	0.1748532961	0.0429488009	0.1000267366	0.0890273315	0.1361045003	-0.2056518213	-0.0449201679	-0.2221727427	-0.0939870126	0.0615502132	-0.0325013688	-0.1020412651	0.1975696539	0.0129574221	-0.0036297691	0.0581452191	-0.1631319894	-0.04616088	0.0808351745	0.0700176457	0.1113263358	0.0526509307	0.0499054393	0.0019367777	0.0590448227	0.0470060928	0.0484196823	0.0612614816	-0.039100371	0.0696688987	0.1129819347	0.0698993435	-0.0975246735	0.0693970422	-0.080839972	-0.1460994933	0.0678879198	-0.1322669415	-0.0677190175	-0.1492120396	-0.0584786656	0.0006877161	0.0163912861	0.0253221963	0.0081119367	0.1867416816	-0.0791282031	0.0210331182	-0.0928848592	0.1276423126	0.1672763604	0.2021419024	0.0018950381	0.1443807253	0.1939023431	-0.1421361363	0.0436065494	-0.004480879	0.0014373503	0.077845605	-0.1997438111	-0.0497194567	-0.0030910509	-0.0102195432	-0.1429454599	-0.0500224565	-0.0931471648	0.0181524622	-0.1453930831	0.1267254717	0.0312486338	0.0005244527	-0.1320106889	-0.1709283225	0.0395176541	0.0626571358	-0.0167859193	0.0313244306	0.0166042958	0.1623372774	-0.1200010965	0.0358567534	0.0481291572	0.063256063	-0.0206182603	0.0537245558	-0.0735276753	-0.1145201729	0.0365959487	0.0990235272	-0.0149260831	0.0188985047	-0.1139970903	-0.0548191066	0.0	0.00668204	0.006054607	3.6658265924449e-05	4.46496585616e-05	0.0337228	0.0017067999999999	0.0011372272398399	2.913166239999981e-06	-0.093584	0.018351	0.008757965056	0.000336759201	0.0010529	-0.00040623	1.6502281290000005e-07	1.1085984100000002e-06	-0.000129637	0.0	1.6805751769e-08	0.0	4.77919e-05	-6.34311e-05	4.02350444721e-09	2.28406570561e-09	0.0	0.0	0.0	0.0	0.0	0.0	0.0
269.84514363684855	-1.5242576953322668	2.323361521779633	72816.40154439142	239.8218942762495	-2.471154066893405	57514.54097424859	6.106602422323815	201.50431428040272	-0.2286062387319702	40603.98867361531	0.0522608123871785	201.249767732482	280.2779582344949	1.447672	30.504948	0.084443344	0.0505447	0.0846801763	0.0346721336	-0.0877136456	-0.0565011108	0.1545720012	-0.0848204485	0.0948784177	-0.0484573315	0.0205714035	-0.0048308668	-0.0017253492	0.214444725	0.0541012944	0.0350018924	0.1607687829	0.1774080864	0.0813897433	-0.1060820381	-0.0429197425	0.1404400166	-0.0061679627	0.1641715554	-0.0392016332	-0.0003471889	0.094601867	0.0822795433	0.0366024563	-0.0140210353	0.1564542638	0.149506856	0.1219249906	0.0973590011	-0.0078462062	0.0861887902	0.1747363191	0.0781739674	-0.025282266	0.0595477095	-0.0413172361	0.1167626323	0.0183005538	0.0773925189	0.1037089155	0.1959684622	0.0190032203	-0.1184260791	0.0191247347	-0.0052668586	-0.110836539	0.0289136866	-0.0607420813	-0.0189984741	0.0124900913	-0.0679351502	0.0330077465	-0.0090908568	0.0636357418	-0.0148176794	-0.0627627642	-0.0248168928	0.1154371782	0.1663463975	-0.0059023822	0.1409167024	-0.1341539076	-0.0446212166	0.1116869029	0.1150707026	0.0586394348	-0.1703884476	-0.0324555858	0.003833206	-0.084461294	0.1046361754	0.0232262545	-0.0038132203	-0.1252705003	0.1923045505	-0.1243395681	0.036260438	0.0919535447	-0.0662849983	-0.1129437679	-0.0431413767	0.0330963202	-0.1061870803	-0.03438624	-0.1364910702	-0.0584794091	-0.1057767507	-0.0804240012	-0.2158353835	0.0266614292	0.0544929203	0.0127741755	0.0962598539	-0.0922909233	-0.0309192676	-0.0595003594	0.0497425119	0.0693984723	-0.0058884578	-0.0536430786	0.0048943999	-0.010121611	0.0264627446	0.0556070357	-0.0033109154	0.1337910905	-0.0965289426	-0.0169278753	-0.1857575899	0.1319892378	0.0943420134	-0.0692587347	0.0658207026	0.1300893848	-0.0340802395	0.1748017693	0.0730352017	-0.0699377041	0.067710812	-0.1067057101	0.1426351304	0.0309622484	0.1396350942	-0.0390120667	0.0257463828	0.0844980989	0.1057332999	-0.0390044259	0.0144640174	0.0433462926	-0.0482157815	0.1325086715	0.0493179188	-0.0154936407	0.0162166827	-0.1155672626	-0.0474644681	0.0	0.0142452	0.0075631599999999	5.720138918559999e-05	0.0002029257230399	0.0522916	0.0185688	0.00273441143056	0.00034480033344	-0.0892778999999999	0.0043061000000001	0.0079705434284099	1.8542497210000897e-05	0.000183667	-0.000869233	7.555660082890001e-07	3.3733566889e-08	-7.333419999999999e-06	0.00012230358	5.377904889639999e-11	1.49581656808164e-08	0.000136361	8.856909999999999e-05	7.84448547481e-09	1.8594322321e-08	0.0	0.0	0.0	0.0	0.0	0.0	0.0
269.0740492209868	-0.7710944158617394	0.5945865981731572	72400.84396417803	238.35767445693145	-1.4642198193180604	56814.38097251651	2.1439396792838137	201.31384469884387	-0.1904695815588581	40527.264067430224	0.0362786614992065	201.1429436128036	270.5736357593069	1.476465	31.11167	0.0910833289999999	0.0489216	-0.0105678623	-0.1125423829	-0.1557356372	-0.0482066196	0.0755482961	0.1702596641	0.0581496999	-0.1170054997	0.1134460968	-0.0252335627	0.1531366482	0.0111689232	0.0438600692	-0.1341098344	-0.0727684746	-0.1553304984	0.0037550977	-0.076203726	0.0707664527	0.1045053282	-0.0534815868	0.1025707718	0.0373080215	0.1158288524	-0.1122443927	-0.06308279	0.0015669055	0.1538150387	0.096605745	-0.1494458586	0.0549020817	-0.0784320373	0.0498859422	0.1659931435	-0.0080337481	-0.1713560691	-0.0702469107	-0.0528271836	0.0458531136	-0.0968617044	0.0358320648	-0.037988957	-0.0954159401	0.0123702103	-0.1877332597	-0.1522463849	-0.0212278705	-0.0333499901	-0.0877280309	0.0864668819	-0.0550629308	-0.0657350337	0.1046008511	0.0523012485	-0.0728829869	0.1436333249	0.1238609927	-0.0512977085	0.1023833311	0.0386430926	-0.0905457731	-0.0090978397	-0.1026136307	-0.0342716072	-0.1159858297	-0.1414839732	0.0121863057	0.0768379367	0.0025986311	-0.1138581483	0.0332733585	-0.0818129735	0.0631633046	-0.1787408051	0.0328972121	-0.1366634347	-0.121524435	-0.1194183867	-0.1147116027	0.0233538111	-0.0795926818	-0.1665583436	0.0014072868	0.1498228406	0.0368898738	0.067661537	0.0205076829	0.0896389004	-0.0094888299	0.0393120458	0.0711743666	0.0307616023	0.2034121405	0.0229632626	0.0876486697	0.0568764932	-0.1211544919	-0.0006439166	-0.1344505264	0.0804594844	0.0017398116	0.0868711911	0.1153733537	-0.0253859917	-0.1342537104	0.0381807374	-0.1048956261	-0.0575706144	-0.0884010067	0.0697692613	-0.0776563091	-0.0212166003	0.0907477949	0.0689537475	-0.0666745101	-0.074401195	0.0310417564	0.1056406788	-0.18021201	0.089466515	-0.1017544059	-0.0352009323	0.0868444483	0.1311989474	0.1330594818	-0.0272229564	-0.0219921209	0.1421389023	0.0768469345	0.1769560889	-0.0884379973	0.0159150909	0.0310019189	0.0920479317	-0.0677277909	0.0386250744	0.0338052536	0.0135265772	-0.1169013377	-0.0398916998	0.0	0.00991729	-0.0043279099999999	1.873080496809999e-05	9.83526409441e-05	0.0399807	-0.0123109	0.00159845637249	0.00015155825881	-0.0441248	0.0451530999999999	0.00194699797504	0.0020388024396099	0.000582579	0.0003989119999999	1.5913078374399997e-07	3.39398291241e-07	-0.000129637	-0.00012230358	1.6805751769e-08	1.49581656808164e-08	7.17482e-05	-6.461279999999999e-05	4.174813923839998e-09	5.147804203240001e-09	0.0	0.0	0.0	0.0	0.0	0.0	0.0
269.56615248776933	0.4921032667825216	0.2421656251780296	72665.91056705931	238.5448108621545	0.1871364052230717	56903.62678926107	0.0350200341598137	201.15271949090905	-0.1611252079348162	40462.41655858834	0.0259613326320377	200.8640294392904	269.2212523721081	1.380748	29.094744	0.03989479	0.0229153	-0.0885642682	-0.0288070259	-0.0449956511	-0.0611709853	0.0344720783	-0.0156600374	-0.0481373263	-0.0973236379	0.0259663152	-0.0080693578	0.0151080472	0.134225051	-0.0037318732	0.187890998	0.0318777008	0.0060077	0.0086700124	0.0468039234	0.0347111057	-0.0269231034	-0.0258714576	0.1189477064	-0.041210389	0.0275086788	0.0815096747	-0.0027952659	0.0675435298	-0.0021155236	0.0028447396	0.0141573207	-0.0902213455	-0.0733886837	0.2438285578	-0.0488134781	0.0655998338	-0.0082287304	0.0754678018	-0.0878773803	-0.0492997444	0.0341027971	0.0422908984	0.0328663912	0.009208687	-0.0995043219	0.0397135605	0.0033052033	-0.0931258765	-0.0726043069	-0.1168165261	0.0027729956	-0.0409352179	-0.0096962968	0.0782810213	-0.0233082286	-0.0414846398	-0.0724779136	-0.234090531	0.0384798868	-0.0460759642	-0.1434629692	-0.0670135212	0.0103329978	0.0334068454	0.1459956521	0.0385871978	-0.0038386671	-0.059595748	-0.0150672067	-0.0245971973	-0.1212753609	-0.0539711721	-0.0117590248	-0.0850578145	0.045472129	-0.0406797893	-0.0303720012	-0.0239423642	-0.0064071743	0.0359233687	-0.2759585094	-0.0772334263	0.0167880443	-0.0446365202	0.0374362111	-0.0929418753	0.0403221536	-0.0597763796	-0.0123117613	-0.0343443711	-0.0370408286	-0.0571255475	0.1046061295	-0.0597118327	0.005790315	-0.0060272846	-0.0095963932	-0.1596540022	-0.0112826171	0.0056218376	0.0254248432	-0.0035533983	0.0476322682	0.0237802014	0.0238822039	0.2574899138	0.0030608575	0.0454720007	0.1263641259	-0.1159591837	-0.0207922191	0.0908907918	-0.1531349297	-0.0448863697	-0.0564981993	0.0184140293	-0.024968358	0.0796382086	-0.1658634931	0.0558444331	0.0587690636	-0.0694789673	0.0472765628	0.0372622299	0.0587049339	0.0943610344	0.0345549066	0.0887701216	0.0220825959	0.0170588536	0.1236723075	-0.0492414505	0.1920054455	-0.0082473951	0.0213035405	-0.0201295301	0.1158444591	0.1593112447	0.0108295624	-0.1179965901	-0.0321356035	0.0	0.00952318	-0.00039411	1.5532269210000104e-07	9.069095731239998e-05	0.0482828	0.0083021	0.00233122877584	6.892486440999999e-05	-0.0647863	-0.0206615	0.00419726466769	0.00042689758225	0.000396506	-0.0001860729999999	3.462316132899999e-08	1.57217008036e-07	-0.000129637	0.0	1.6805751769e-08	0.0	4.70796e-05	-2.4668600000000003e-05	6.085398259600002e-10	2.2164887361600004e-09	0.0	0.0	0.0	0.0	0.0	0.0	0.0
270.31293528076606	0.7467827929967257	0.5576845399159904	73069.08298010362	240.0430281978469	1.4982173356924022	57620.65538639233	2.24465518496924	200.9074455554669	-0.2452739354421567	40363.80167962289	0.0601593034072832	200.5759888557766	274.5295091841323	1.425318	30.033916	0.0351836230099999	0.0175817	0.0025171754	0.1126799677	-0.0736623394	-0.0425587867	-0.0830088762	0.0936454162	-0.006701994	0.1420489262	0.0784126108	-0.0462984572	0.0682372821	-0.0239863655	0.0730312527	-0.0784268149	0.0798214591	-0.1411766868	-0.0203620705	0.0549884361	0.0375980467	-0.1628113315	0.1173443544	0.0509113767	-0.1091967388	-0.0654244531	-0.0319195607	-0.1073930942	-0.0223752701	0.0114572611	0.0625201845	0.06391772	-0.0736131389	0.087997893	0.1287979559	-0.0457541907	-0.1230271557	-0.0256580838	0.0471807734	0.0866527554	-0.0020939577	-0.0109009749	-0.0756893098	-0.3072333672	0.0998579341	0.0158214851	0.1004374855	0.0058885415	0.0710499894	-0.0300997809	-0.0609563703	0.0142712436	-0.0422986125	0.1600176178	0.0988014319	-0.0509508046	0.027120932	0.0244202674	0.020758301	-0.0040777414	0.2496644292	-0.0011215392	-0.0565584786	-0.0090286219	0.0047186642	-0.106670792	-0.0252034234	0.0639875346	-0.029768796	-0.1994914689	0.0272683046	-0.027392164	-0.1189018903	0.043811786	0.0173083609	-0.1037387298	-0.0473025787	0.0022563575	-0.0382462473	0.0751085716	0.073706819	-0.0976979157	0.0776612784	0.0626496714	0.1340460459	0.0412882539	-0.0400576331	-0.1013680939	0.0699739911	0.0350170221	0.0745813275	0.2821543214	-0.1108755804	-0.0845944272	-0.0745951947	0.0802281699	-0.0470720705	0.0637244	-0.017484979	-0.0566342218	-0.0665399215	-0.1347636413	0.0375740355	0.1132816324	-0.0034456545	-0.0172561989	0.0198041573	0.0043250905	-0.2611391241	0.0107452853	-0.0096273423	-0.0569831643	-0.0016556185	0.1052259599	0.0153906364	-0.0148990865	0.0191209088	0.1399731992	0.0413963132	0.1737395432	-0.0770105021	0.0186906308	-0.0497886285	0.0095461194	0.0700206043	-0.0183954219	0.0353857951	0.0176696056	0.0950729506	0.1335304521	-0.0629105784	0.0660085049	-0.0380600853	-0.0526321872	0.0201855863	-0.0820003037	-0.0150058327	-0.0838347153	-0.0451660572	0.0081270158	-0.1188507821	-0.0242318235	0.0	4.20699e-06	-0.0095189730099999	9.061084716510844e-05	1.76987648601e-11	0.0432065	-0.0050762999999999	0.00186680164225	2.576882168999999e-05	-0.0711636	-0.0063772999999999	0.0050642579649599	4.0669955289999855e-05	0.000132195	-0.000264311	6.9860304721e-08	1.7475518024999998e-08	-0.000129637	0.0	1.6805751769e-08	0.0	6.69896e-05	1.9910000000000004e-05	3.9640810000000015e-10	4.487606508160001e-09	0.0	0.0	0.0	0.0	0.0	0.0	0.0
270.95983363754254	0.6468983567764894	0.4184774840001222	73419.23144488473	239.88185569617124	-0.1611725016756793	57543.30469223872	0.0259765752963968	201.23958581100555	0.3321402555386612	40497.370897385066	0.1103171493492871	200.9815981502809	277.8544607441593	1.504287	31.697922	0.08255592249	0.0490761	0.1016767255	-0.0697040372	0.0047683572	-0.0547755447	-0.1099199135	-0.0064287297	0.1098157044	-0.0017537315	-0.0407957295	-0.0027040443	-0.0935153892	-0.096458242	0.0073737797	0.1902207767	0.153250704	-0.0911997329	-0.0351779856	-0.0571930899	0.1007743841	-0.0519379736	0.0279294695	-0.0393648114	0.035088397	-0.1152236057	0.0123446611	-0.0657963048	-0.123059327	-0.1225099148	-0.0358406221	0.0367544537	-0.1387873081	0.0084425663	0.2410556925	0.0649851555	0.0862753888	0.0396013073	0.0908436961	-0.0996404937	0.0048296837	0.0031958349	-0.0380475512	0.0176373438	0.0414547997	-0.0259455209	0.1209704165	0.0447051814	-0.1085446836	0.1394789022	0.0184191151	-0.148809499	-0.1833412993	0.0784883131	-0.0847393084	-0.0346750687	0.0048455458	0.021164244	0.0899186687	-0.2069107983	0.0756324571	0.0844342053	0.0397991445	-0.0034813141	0.1047995045	-0.0184708749	0.0302338976	-0.0973588127	0.0007068374	-0.1012265346	-0.0019963657	0.0536449025	0.0308501618	0.1363182106	-0.0294327491	-0.0735265032	-0.0252626155	0.1875179453	0.0175497892	0.014932375	0.119897877	-0.2258265031	0.0098343763	-0.0871519394	-0.0613105723	0.0150125314	-0.1672378206	0.0229147305	0.0577847503	-0.048008819	0.0590701246	-0.0423324373	-0.0934491414	-0.0358500653	-0.0977651823	0.0512103828	0.1488165233	-0.1046994735	0.0382889575	-0.247909682	0.0953737575	-0.0367680663	0.0576294848	-0.105916592	-0.0164556964	0.0478369217	-0.0717547068	0.1563726212	-0.1018937697	-0.0809015868	0.0253567496	-0.0086814222	0.0490592908	0.0578404531	-0.0825797147	0.0551864663	-0.0795994428	-0.0408142143	0.093734016	-0.1324267605	0.0389811739	-0.0979859307	-0.0424215395	0.1069490889	0.0463312655	-0.1398674844	0.0896104869	0.0312077243	-0.0198650911	0.157419913	0.0411653816	-0.024543379	-0.0148528092	-0.048051635	0.0807955651	-0.1086577577	0.216455993	-0.0057577047	-0.0051190799	0.0054203179	-0.1194621689	-0.0162166827	0.0	-0.0022374	-0.00224160699	5.02480189761686e-06	5.00595876e-06	0.0247822	-0.0184243	0.00061415743684	0.00033945483049	-0.103021	-0.0318574	0.010613326441	0.00101489393476	0.000662322	0.000530127	2.8103463612900005e-07	4.3867043168400004e-07	-0.000129637	0.0	1.6805751769e-08	0.0	-3.53571e-06	-7.052531e-05	4.9738193505961e-09	1.2501245204100002e-11	0.0	1.0	0.0	0.0	0.0	0.0	0.0
271.1008182517024	0.1409846141598336	0.0198766614297971	73495.65365674256	242.89325948019285	3.01140378402161	58997.13550091229	9.068552750419672	201.61073435044148	0.3711485394359215	40646.888205324285	0.1377512383254178	201.31619763360507	281.85144662967053	1.560656	32.885731	0.06964733	0.0453597	-0.0393925446	0.0483554021	0.115738425	-0.1411786449	0.0079714917	0.0821901289	-0.0643544315	0.0623079001	-0.122358033	-0.0332597032	0.0858203668	0.125204031	0.0467851597	-0.0803072768	-0.0190279263	-0.1282775726	0.0461887496	0.0750092208	-0.0911897153	-0.0198530202	-0.0540692284	-0.0813803271	-0.0926098844	-0.0041638919	-0.0822531735	-0.0529792957	0.0708357811	0.0399173777	0.0277698684	-0.0654100458	0.0086356536	0.0545538035	-0.0415643812	-0.0327758682	0.1676860624	0.1121414941	-0.0701139113	-0.0091167473	-0.0145252946	-0.0779790544	0.0218279343	-0.0451743309	0.0295483723	-0.1285638334	-0.0218725893	0.0002208303	-0.0481048354	0.1621908239	-0.1127290892	-0.1231386358	0.0150793513	-0.0578523427	-0.0265711394	-0.0974690227	0.0684410588	0.010670894	0.0211538061	0.1391522637	-0.0394776867	-0.0422978954	0.0895323551	0.1321233456	-0.1454754681	-0.0337158257	0.0314621089	0.0969981881	-0.0300591134	0.0557058412	-0.0539775616	0.0856709798	-0.0889530598	-0.0085072257	0.0751129847	-0.0231393663	-0.078335427	-0.0665675843	-0.0505755167	-0.0373738912	-0.0491221551	-0.0125931818	0.0633017413	0.014975737	-0.1743328966	-0.1319442034	0.0729730842	-0.0001330856	0.0168936904	0.0895968229	0.0086390338	0.0217620891	-0.0218364537	0.118760719	-0.0195531725	0.0006231188	0.1150817177	0.1125423791	-0.0834009093	-0.0341180185	0.1517000689	0.0047787631	0.0642582122	-0.0034269223	-0.1208006158	-0.0608894649	-0.0344384962	-0.0798499382	0.0668544028	0.0750724035	0.1094903382	-0.0823508404	-0.1763892842	-0.0581997166	-0.0298881365	-0.1151646906	0.019774829	0.0179198433	0.0834663772	0.1677828157	0.0274862398	-0.043851263	0.0017765251	-0.0999088437	-0.0129638341	-0.0134332564	0.0314918953	0.1114931137	0.0263375539	-0.0023689188	0.0065102517	-0.02827822	0.0985320066	0.1791404583	0.0191255818	0.2361093831	-0.0712881963	-0.0071973731	0.039194934	0.0027108513	-0.1198295012	-0.0081270158	0.0	0.00183213	0.00406953	1.65610744209e-05	3.3567003369e-06	0.0613486	0.0365664	0.00376365072196	0.0013371016089599	-0.0985504	0.0044706	0.00971218134016	1.9986264360000045e-05	0.000171506	-0.000490816	2.4090034585600004e-07	2.9414308036e-08	-0.000129637	0.0	1.6805751769e-08	0.0	-3.53571e-06	0.0	0.0	1.2501245204100002e-11	0.0	0.0	1.0	0.0	0.0	0.0	0.0
270.7139193743475	-0.3868988773548949	0.149690741298478	73286.0261430207	240.4785011845666	-2.4147582956262568	57829.9095319756	5.8310576262958245	201.79306001606776	0.1823256656262799	40720.439070648325	0.033242648346066	201.43156650045643	279.339826521989	1.546705	32.591763	0.088008955	0.0535767	0.1206665406	0.1623307045	-0.0660944839	-0.0445978364	-0.0657858479	0.0237114628	0.1114393908	0.1477911373	0.0821365239	-0.0402235455	0.0534220256	-0.0266946184	-0.1444232895	0.0475812406	0.1214205012	0.0235065624	0.0540967195	-0.077825055	-0.1855554973	0.0089635466	0.0461579515	0.0498593217	0.0702231723	0.0687495965	-0.0517106657	-0.1143492693	0.0463911207	-0.0564380144	0.0222065383	-0.0399062698	0.1185561095	-0.0195989532	-0.1648992557	-0.0406114212	-0.1853944872	0.0644664599	-0.0704769826	-0.1019199991	-0.0607417942	-0.0332632643	0.1857546637	0.0250236377	-0.0429574004	-0.0024588049	-0.0121486106	-0.0496448535	-0.1630481684	0.06808833	0.0542356168	0.0643715663	-0.0667668729	0.1473443231	0.1207170202	-0.1722820558	-0.0216430407	0.0515072082	-0.0068875947	0.0037031582	0.0288612294	-0.0509850336	0.0622738877	0.0153191345	-0.0151149907	-0.0053057276	0.1015824748	0.1186155134	0.1693479174	0.0427406667	0.0270294711	-0.0527878391	0.0680342012	-0.0499591632	0.0307768903	-0.0440103276	-0.1264692798	0.006488007	-0.0104435767	-0.0251335603	-0.0764342723	0.1806218297	-0.0262511573	0.0750236318	0.1711717063	-0.0858047775	0.0644954402	0.1310970977	-0.0673046744	0.0656130259	-0.0934417674	-0.0456326949	-0.0383873643	0.0366788682	0.0045632197	-0.0033555274	0.166920093	-0.1698554909	-0.049462174	-0.0081368577	-0.058547643	-0.04790803	0.2061600048	0.0766434174	0.0205936571	-0.0722296857	0.0724155131	0.0675424553	-0.0409341804	0.0662843921	0.0709786727	-0.0318406255	-0.0339756985	-0.0022970952	-0.1216889914	0.0442510439	-0.0867353471	0.1949486736	0.0393394417	-0.0864773239	-0.003178903	-0.0489521842	0.0240255463	0.1081853311	0.0086151184	-0.0520575757	0.0958293699	0.0350347702	-0.1102295336	0.0089775597	0.0819651	0.0437383093	0.0828165002	0.1630264247	0.0799241034	-0.0357429946	-0.0343682743	0.0924471389	0.0467922435	0.0	-0.1199520288	-0.0	0.0	-0.00622632	-0.00805845	6.49386164025e-05	3.87670607424e-05	0.0284768	-0.0328718	0.00081092813824	0.00108055523524	-0.103314	-0.0047636	0.010673782596	2.2691884960000063e-05	0.000953646	0.00078214	6.117429796000001e-07	9.09440693316e-07	-6.54749e-05	6.41621e-05	4.2869625300099995e-09	4.116775076409999e-09	-3.53571e-06	0.0	0.0	1.2501245204100002e-11	0.0	0.0	0.0	1.0	0.0	0.0	0.0
270.4267597882796	-0.2871595860679008	0.0824606278706881	73130.63240958787	240.96480188498623	0.4863007004196333	58064.03574747066	0.2364883712286259	201.5240595665204	-0.2690004495473488	40611.94658417047	0.0723612418566757	201.2692031550753	277.8509093128411	1.438379	30.309143	0.07142297	0.0520623	0.094199463	-0.0211986527	-0.0397309781	-0.0140169128	-0.0119671605	-0.0550812088	0.0828362671	0.0054497018	0.0117691489	0.119064346	0.0566803999	0.0842892432	-0.0335979678	-0.0481543209	0.0931344571	-0.0621893847	-0.0285630892	-0.0761760598	-0.0350850325	0.0995215695	0.0056733235	0.096301708	0.0282282333	-0.0787740094	-0.0409520928	-0.0057328077	0.0939045751	0.1271637513	0.0943343705	0.1393675409	0.080040944	-0.0148665131	-0.0022021039	-0.0418290053	-0.0372577741	0.1250424599	-0.1096932066	0.1196517635	0.0913212725	0.086542839	0.0854221369	0.0168931868	-0.0816487078	0.0231283828	0.057460412	0.0358540755	0.1390858928	0.049352213	-0.1815298301	-0.0953825212	-0.0217928102	0.0145128868	-0.0395998336	-0.0411157322	0.0298190248	0.0968372785	-0.1310526275	0.2249686222	-0.0858431889	-0.0558061307	0.0474798951	-0.2688557986	-0.0611030878	-0.0417709818	-0.0571073205	-0.0342837831	0.0786943939	0.0762690979	0.0429953406	-0.1030758551	0.011920703	0.0989318019	0.0428673669	-0.0105525823	-0.0264220683	-0.1721928005	-0.0504603126	0.15906034	-0.1320255415	-0.0367704806	-0.0306423021	0.0374915968	0.0607511809	-0.1285094024	0.1183238199	-0.0864278712	0.0250076541	-0.0274450704	-0.1524768235	-0.0057136937	0.1421553645	-0.0138807769	-0.0501576937	-0.0023251888	-0.0179715432	0.2085555588	-0.0286365911	-0.0956322763	0.08239574	-0.0673749162	0.0321965538	0.0047808733	-0.0627384025	-0.1743414933	0.0761903435	-0.126824183	0.1135631914	0.069686355	-0.0017545474	0.1839771064	0.1323937772	0.1044870933	0.0236243502	0.0448840617	-0.0591219344	0.0210669484	0.1184450312	0.1798315236	0.0641487543	-0.0288037141	0.0142628671	0.0538264324	-0.0420909317	-0.0806861061	-0.0138729162	-0.0086927873	-0.0086814136	0.1406228341	-0.1037019075	0.1477406071	-0.0923821846	-0.0174102794	-0.0729076373	0.0692341127	0.1482002982	-0.0878834418	-0.140434449	-0.0027108513	-0.1198295012	0.0081270158	0.0	0.00412254	0.01034886	0.0001070989032995	1.6995336051600002e-05	0.0306753	0.0021984999999999	0.00094097403009	4.833402249999996e-06	-0.108809	-0.005495	0.011839398481	3.0195025e-05	-4.98041e-05	-0.0010034501	1.0069121031900098e-06	2.48044837681e-09	-0.000129637	-6.41621e-05	1.6805751769e-08	4.116775076409999e-09	-3.53571e-06	0.0	0.0	1.2501245204100002e-11	0.0	0.0	0.0	0.0	0.0	0.0	0.0
270.6758999582431	0.2491401699635389	0.062070824289461	73265.44281820484	241.23506311682968	0.2702612318434489	58194.3556769808	0.0730411334375384	201.4189183929263	-0.1051411735941201	40569.5806865763	0.0110546663847489	201.1286600041044	276.61877234281826	1.349954	28.445873	0.077363585	0.0542881	-0.0539395567	-0.0298447665	0.0730004739	-0.0242353354	0.0299522453	-0.0918113782	-0.08796358	-0.0014903513	-0.0541241295	0.0815360735	0.0324648981	0.0281712975	-0.1106470122	0.1191866902	-0.1040336664	-0.0229906218	0.0375373431	0.0625962669	-0.0250100587	0.0503650408	-0.0826897095	0.0780457092	0.0508268424	-0.0261227157	0.134241142	0.0991242845	-0.0445388371	-0.0269027394	-0.0215417508	0.0147218653	-0.2127015427	0.0021419581	-0.1517667697	-0.0778991001	-0.060394237	0.0368306301	0.127893133	-0.0418948889	-0.008157015	-0.0638977111	0.0438946942	0.1731960239	-0.1429152192	0.0211320635	0.029594094	0.1883548064	-0.0119131319	0.0938471413	-0.01027985	-0.0126235046	0.0812168176	-0.0168374058	0.0712281205	-0.0131277161	0.0883581464	0.0838316933	-0.1561855819	-0.0839398838	0.0288912648	0.0620015089	-0.0917450958	0.0321522043	-0.0686067743	-0.1262687942	-0.0640679096	0.0279780111	-0.04489787	0.0868794831	-0.0332956025	-0.0797084059	0.041861671	0.0359723244	-0.1183751861	0.0548224381	0.0921274715	0.0219960477	0.0217957216	0.0266341252	0.2379476659	0.0360727691	0.0136562786	0.0670928963	0.0317348123	-0.1063179446	-0.0542041823	0.0658983418	-0.1393610804	0.0752945897	-0.0305546432	-0.1109915093	0.1700251088	0.0482721401	-0.0978133948	-0.1800931665	0.0664384241	0.0326738224	0.0769096681	0.0600459255	0.0894504061	-0.0139701841	-0.0416049323	0.0591055609	-0.0229318315	-0.0750660121	0.1129669409	0.1440407947	-0.036775488	-0.0904105822	-0.1122621962	-0.0297723865	-0.0762690083	0.065342327	0.1216452822	-0.0802498214	-0.0366303512	-0.0339512599	0.0635602473	-0.1153671154	-0.0603319592	-0.0506499129	0.0435803281	-0.0092179126	-0.0582805628	-0.0179665442	0.0382094435	-0.0228153129	-0.028521784	0.0010089301	-0.0247633776	0.0670716734	-0.0170258608	0.1266748972	0.0413319099	0.1829016522	-0.0306894026	0.0827323264	-0.0359838674	-0.0054203179	-0.1194621689	0.0162166827	0.0	-0.00870694	-0.01282948	0.0001645955570704	7.58108041636e-05	0.0327144	0.0020390999999999	0.0010702319673599	4.157928809999994e-06	-0.0983913	0.0104177	0.00968084791569	0.00010852847329	0.000991742	0.0010415461	1.08481827842521e-06	9.835521945640005e-07	-0.000129637	0.0	1.6805751769e-08	0.0	-3.53571e-06	0.0	0.0	1.2501245204100002e-11	0.0	0.0	0.0	0.0	0.0	0.0	0.0
269.67932750220297	-0.9965724560401554	0.9931566601379076	72726.93968204045	240.0115671608899	-1.223495955939768	57605.552371026366	1.4969423542009668	200.9657936615352	-0.4531247313910853	40387.25022201074	0.2053220221982432	200.69725774571515	276.88990183575066	1.239116	26.110325	0.06383392	0.0506898	-0.0553302346	-0.0602583967	-0.0001119376	-0.0085104244	0.0044280585	0.0494466451	-0.0988372174	-0.0697717638	-0.0087182993	0.0336962281	0.0267092076	0.0182411234	-0.0120957997	-0.1424357535	0.1808264003	0.0470029999	-0.0874117	0.0842235637	0.0972342685	0.0622181914	-0.019106736	0.1960781501	-0.0262337659	-0.1478611504	-0.0096079503	0.0566292569	0.0082305536	-0.0047525407	-0.0549220161	0.0749576937	0.1726639051	-0.0343527783	0.0880464403	-0.0383565125	-0.1672885005	-0.0685917292	0.0055033491	0.0242638182	0.0222159189	-0.103084225	0.072870417	-0.0021585776	0.1581662004	0.0200945636	-0.0877777758	-0.0470662415	-0.0623906998	-0.0861221257	0.0301259024	0.0252716201	-0.065195484	0.0058185569	-0.1000104561	0.1068728217	0.0260321447	0.02695788	0.0885495263	-0.0134693656	-0.060043926	-0.1707916787	-0.0957896017	0.1206208415	0.0031736545	-0.0619863374	0.0163304411	-0.0443085051	-0.1284674275	0.0268370615	0.0248423007	-0.1892468337	-0.057203888	0.1385621467	0.0512280981	0.064994725	0.043509935	0.0003246228	0.088862397	0.0447306272	-0.1138438311	0.0222773822	-0.0434594584	0.0608538442	0.210697596	0.1228493211	-0.0323882141	-0.0299426753	0.0811617348	0.1008612188	0.0123087582	-0.0588176829	-0.1637395093	-0.0412145976	0.1076635357	-0.0004554887	-0.0676557214	-0.073227085	-0.0667557021	-0.0659424586	-0.0474001529	0.0536860336	-0.0874340633	-0.0917339241	0.0115418429	-0.0126219785	-0.1058763163	0.0380218639	0.0559988318	0.1756233574	-0.0470682325	-0.1632031434	-0.0631584706	0.0659311657	-0.023984712	-0.0475687668	0.0103071219	-0.0568279848	0.105035251	0.1291665669	0.0829882401	0.0581497285	-0.027329825	0.0330736459	0.0229320152	-0.0138876814	-0.0288898567	0.0563613371	-0.1483791988	0.0818029186	0.0252717878	0.0474503777	0.0898402222	0.0691228055	-0.1103858993	0.0587886441	0.0586874834	0.1917926675	-0.0400235499	-0.0081270158	-0.1188507821	0.0242318235	0.0	-0.00825575	0.00045119	2.0357241610000057e-07	6.815740806249999e-05	0.0492429	0.0165285	0.00242486320041	0.00027319131225	-0.0986158	-0.0002245	0.00972507600964	5.0400250000001113e-08	5.91474e-05	-0.0009325946	8.697326879491602e-07	3.49841492676e-09	-0.000129637	0.0	1.6805751769e-08	0.0	-3.53571e-06	0.0	0.0	1.2501245204100002e-11	0.0	0.0	0.0	0.0	0.0	0.0	0.0
269.13659059239274	-0.5427369098102304	0.2945633532703581	72434.50439569722	237.9555556323077	-2.056011528582218	56622.84645628029	4.227183405662988	200.6619063631317	-0.3038872984035095	40265.20066528623	0.0923474901309836	200.43345332270084	271.1439396243332	1.144058	24.107281	0.0900250729999999	0.04493	-0.0757391286	-0.1277627931	-0.070468703	0.0418786097	-0.0566575002	0.090304003	-0.0244763995	-0.1248654568	0.1287578242	0.0199110178	-0.0128695387	-0.1070704924	-0.0496738761	0.0437226108	0.0077650836	-0.1623008333	-0.059062436	0.0646807282	0.2151807759	-0.0644626803	-0.0251203417	0.1284539073	0.1737062315	-0.0239560483	0.0194338944	0.0452822263	-0.0502425291	0.0133504571	0.0681693786	-0.034422216	-0.1193040843	-0.0718213886	-0.0224880543	-0.0793459564	-0.0194617819	-0.0679621834	0.0128327733	-0.1257112468	-0.0820239113	0.0220941418	-0.0543980226	0.0159297147	0.0525801785	0.0306245473	-0.0382050707	-0.0300965574	0.1443906318	0.0312019637	-0.0294854742	0.0663929535	0.0637756259	0.0160910409	-0.119582667	-0.0444040361	-0.0688697085	-0.0607035382	-0.0083229174	-0.192227399	-0.0731770815	0.0303226482	-0.0317480957	-0.1826707503	-0.0876953465	-0.1245231023	-0.0700846062	-0.1156875127	-0.167546374	-0.1188216241	-0.0363324249	-0.1370409904	0.1537559849	0.0638133684	-0.0245606061	-0.0388994981	0.0916432864	-0.0041099685	-0.0634012882	-0.0150610074	0.1099119245	-0.0140262231	-0.0591087047	0.0566774982	0.0022627737	0.0457378813	-0.0008893859	0.1616845209	-0.0542820248	-0.026292213	0.067568826	-0.0038582464	-0.0407536409	-0.0174270062	0.0292822293	0.0371785341	-0.050339414	0.1230705973	0.0740681552	0.0747399214	-0.0427412823	-0.0349709541	0.0543512094	-0.1787670298	0.0399546215	0.0424463045	0.0433881615	0.1033778181	0.0506285846	-0.0125761842	-0.0185456745	0.1460535529	-0.0852857233	0.1795139515	0.086210773	-0.0085661729	-0.0192342929	-0.0968104776	0.0471626962	-0.0578598376	-0.1362783293	0.0577528724	-0.0649440852	0.0859618543	0.1171203506	-0.057215079	0.063338365	-0.0183321678	-0.1824906278	0.0464494452	0.0163681686	0.0283966609	-0.0032177297	0.0418074254	-0.0379695876	0.0668354515	0.0835279718	0.1418138316	0.0070513352	-0.0108295624	-0.1179965901	0.0321356035	0.0	-0.000170307	0.008085443	6.5374388506249e-05	2.9004474249e-08	0.0347115	-0.0145314	0.00120488823225	0.00021116158596	-0.0744428	0.024173	0.00554173047184	0.000584333929	0.0007872759999999	0.0007281285999999	5.301712581378144e-07	6.198035001758425e-07	-0.000266213	-0.000136576	7.0869361369e-08	1.8653003776000006e-08	-3.53571e-06	0.0	0.0	1.2501245204100002e-11	0.0	0.0	0.0	0.0	0.0	0.0	0.0
269.7434580531271	0.6068674607343496	0.3682881148981574	72761.53316245913	238.9481041968405	0.9925485645328253	57096.19649926415	0.9851526529561716	200.91024090693548	0.2483345438037929	40364.92490128285	0.0616700456462379	200.6175845226343	272.134226305262	1.125976	23.726261	0.0743986569999999	0.0399957	-0.0905095297	-0.0711759015	0.0038452962	0.0602120351	-0.0286319991	-0.0160723179	-0.0759243079	-0.0829025442	0.0516071177	-0.0342797872	-0.1416118541	0.0754189856	-0.0396612766	-0.0160309145	0.0634463049	-0.0150448015	0.0236638683	0.0637497235	0.1642384874	-0.048911476	-0.0031536682	0.1396889738	-0.0351011475	-0.0858989446	-0.0128745922	-0.0182108544	0.0896789583	-0.038530143	0.1061764084	-0.0629233856	0.0805113842	0.0826771212	-0.0460666714	-0.0321437466	-0.0836465918	0.1035372075	-0.1074738262	0.0113667807	-0.0323272884	-0.0231329352	-0.145269592	-0.0030333343	0.106178896	0.1243099669	-0.0965518409	-0.0372588653	-0.1211255336	-0.0381889017	0.0596458123	-0.0668378215	0.1297248413	-0.0597060061	0.054321297	-0.0771474788	0.1481780366	-0.0309895229	-0.1230151427	-0.0165895882	-0.1181203518	-0.0292472251	-0.0521636452	-0.1062687031	0.0402869233	0.0761442915	-0.0797345774	-0.0621206562	-0.1370469396	-0.0969681843	-0.0140550751	-0.1414919696	-0.0440850618	0.074701259	0.0129093782	0.0736916141	-0.0728942999	-0.0134885797	-0.1157466386	-0.0305702789	-0.0678096439	0.078116878	0.0743884393	0.0680481022	0.0778842029	-0.0917878108	0.0772686882	-0.0099865486	0.0825353291	-0.0703493251	0.1487713724	-0.0132873145	-0.0671236019	-0.0908399656	0.1013887242	-0.0911307444	-0.0052317544	-0.0641387065	-0.0923460262	0.1817467661	0.1161321982	0.0270886884	0.0446688695	0.0656153172	-0.1583461051	0.0184520251	0.0789025218	0.0746361138	0.0938897631	0.0130668747	-0.0872268831	0.0602131186	0.0925600461	-0.0115594535	0.1055032047	-0.0907324582	-0.0211401572	-0.0766451995	0.0852811705	-0.0155110855	0.0667633573	0.0567625829	-0.0057203293	0.1365291379	0.026002624	0.0472359392	-0.065820606	0.0047332375	-0.0199182686	-0.0388533942	-0.0839794734	0.0171257271	0.0662753596	-0.034681833	0.0747977713	-0.0271388629	-0.047297029	0.1611310862	0.1151451484	-0.0135265772	-0.1169013377	0.0398916998	0.0	0.0044914	0.004661707	2.1731512153849003e-05	2.0172673960000004e-05	0.0686453	0.0339338	0.00471217721209	0.00115150278244	-0.0911283	-0.0166854999999999	0.00830436706089	0.0002784059102499	0.000541499	-0.0002457769999999	6.040633372895086e-08	2.93221167001e-07	-0.000129637	0.000136576	1.6805751769e-08	1.8653003776000006e-08	-3.53571e-06	0.0	0.0	1.2501245204100002e-11	0.0	0.0	0.0	0.0	0.0	0.0	0.0
270.1088818531115	0.3654237999843985	0.1335345535950377	72958.80805593813	240.23690551465697	1.28880131781645	57713.77077125822	1.661008836805418	200.97067870642303	0.0604377994875449	40389.21369972031	0.0036527276068966	200.66287699823795	276.2984548429029	1.044646	22.012505	0.0674623645	0.0334865	-0.0966428017	-0.0242815648	0.0549246136	0.1122337555	0.0226164742	-0.0709876964	-0.0904715451	-0.0377339599	0.0312800381	0.0421450427	-0.0525855239	-0.0757003414	-0.0952373865	-0.0759231386	-0.0547833897	-0.0256864965	0.079210354	0.0625159436	0.0831160685	-0.0714511707	-0.0449777436	0.0277898971	0.0049907465	0.1209347434	-0.0910549722	-0.0079693785	0.0224852289	0.0009330263	0.0587729741	-0.0417467322	0.0404850864	0.1430043683	-0.1250011959	0.0504967535	0.1325056021	0.1282658751	0.134831956	-0.1040060949	0.0799449642	-0.1419740542	0.0152386924	-0.124331227	0.1130822632	-0.0514829002	-0.0211319227	0.1109305072	-0.0587957164	0.0859760001	0.1165618112	0.0629869174	0.056411402	0.0346163345	-0.0330674251	0.1000908346	-0.0537137286	0.0887448533	0.0590502057	0.0462410509	-0.0524937208	0.1560087281	-0.008270649	-0.0999257324	0.0813580286	0.1564808221	-0.0086510969	-0.0025491187	-0.097428629	-0.0681502254	-0.0608540559	-0.0386939769	0.0380190567	-0.1198201615	0.0795536637	-0.0179747994	-0.0427025134	0.0103359151	-0.0639119124	0.0063475879	-0.0255032496	0.1094856557	0.164018491	-0.0256552997	-0.1582729928	-0.1623907549	-0.1656178456	0.0483222107	0.0855266936	0.1509393337	0.0307526247	0.0732813914	-0.104842309	0.0333419554	-0.005433405	-0.076043559	0.0364082274	-0.0692120972	0.0772403002	0.0422037116	0.0096849022	-0.0223072862	-0.0483897886	-0.0050008238	0.08527214	-0.0955592231	-0.1048431565	-0.0385160535	0.0664277263	-0.1097388965	-0.0042241584	0.0924457684	0.1013055217	-0.0570714792	-0.0419882424	-0.0912613441	-0.0192438957	-0.0505709571	-0.0043126234	-0.018008906	-0.1223501453	0.0121143749	0.0497432379	0.070506904	-0.1071080158	0.0671373257	-0.0913086975	-0.0752819899	0.0077017585	-0.090037776	-0.0709084296	0.0364652135	-0.0637530351	-0.1170461598	0.0977678456	-0.0237308759	0.0430954098	0.1160563307	0.0778995431	-0.0162166827	-0.1155672626	0.0474644681	0.0	-0.0055936	-0.010085	0.000101707225	3.128836096e-05	0.0584774	-0.0101679	0.0034196063107599	0.00010338619041	-0.0811071	0.0100211999999999	0.00657836167041	0.0001004244494399	0.00107292	0.000531421	2.8240827924100004e-07	1.1511573264e-06	-0.000129637	0.0	1.6805751769e-08	0.0	-0.00021588	-0.00021234429	4.50900974956041e-08	4.66041744e-08	0.0	0.0	0.0	0.0	0.0	0.0	0.0
270.12701190123863	0.0181300481271478	0.0003286986450926	72968.60255869191	240.0910470292375	-0.1458584854194669	57643.71086359553	0.0212746977688608	201.3409714896298	0.3702927832067644	40538.18680038792	0.1371167452950118	201.029266939025	277.4770630635192	1.084951	22.861799	0.0655952544999999	0.0299916	-0.0990091587	0.0588649049	0.034677854	0.1374805458	0.1253019915	-0.0945726971	-0.1264952324	-0.009666286	0.0289675607	0.0630029769	-0.0338410543	0.0562122298	-0.1365803243	-0.0364126312	-0.011988008	0.0843101148	0.1021660612	0.0805689131	-0.069241509	-0.0218481951	-0.0029015855	0.0451496946	-0.0452077129	-0.004635933	0.1427523949	0.128574772	0.0625084951	-0.0151606749	-0.0491933707	-0.0389047618	-0.0115050156	-0.153231296	0.1509501206	0.1414898939	0.0478799103	-0.1321097637	0.006258701	-0.001627036	0.0333812155	0.0380863466	-0.0541048134	-0.1041888642	0.1643680203	-0.0066846348	0.0777970748	-0.0656845475	0.0690764116	0.0034165561	0.0683607388	-0.0422589917	0.0215434832	-0.0437881382	0.134921177	0.079273697	0.0234823275	-0.0567942057	-0.1208498167	-0.0646348219	-0.0263553739	-0.0075937134	0.0559530942	0.011504539	0.0368365449	0.0328105651	-0.002856269	0.0944007098	-0.0327851589	0.0206663045	-0.0104351921	-0.0370752629	-0.0575897099	-0.0014809285	-0.1047464373	0.143881476	0.0799027235	-0.0238721178	0.010539589	-0.0707934032	0.0053363812	-0.0950080305	-0.1524705904	-0.1558643826	-0.0261994368	0.1324813666	-0.0598904718	-0.0158629145	0.0844178616	-0.0366122944	0.0124663354	0.0936117641	-0.151807724	-0.041135527	-0.0256771989	0.0950752881	-0.0567458756	0.0390866777	0.0605633259	0.0220712551	0.0716708702	0.0735187579	-0.0642576717	0.1390154516	0.0163768545	0.0681120045	0.0960805606	0.0664998796	0.0429954621	-0.0066445294	0.0196794487	0.0180447526	0.0620228831	-0.0374506817	0.0002967724	-0.1131827413	-0.0240766511	0.0420043026	0.0776835689	-0.0747006514	0.0129282319	0.0569592978	0.0470498378	-0.0045272239	-0.0510873492	0.0717982177	-0.1257141018	-0.0786116952	0.0231323993	-0.0184901885	-0.0120591903	0.0155399698	0.0657033167	0.0200108781	-0.00716563	-0.0102230424	0.0443426165	-0.005329492	0.1072498484	-0.0188985047	-0.1139970903	0.0548191066	0.0	0.00286139	0.0084549899999999	7.148685590009998e-05	8.1875527321e-06	0.0686277	0.0101503	0.00470976120729	0.00010302859009	-0.100751	-0.0196438999999999	0.0101507640009999	0.0003858828072099	0.000738343	-0.0003345769999999	1.1194176892899997e-07	5.45150385649e-07	-0.000129637	0.0	1.6805751769e-08	0.0	-3.53571e-06	0.00021234429	4.50900974956041e-08	1.2501245204100002e-11	0.0	0.0	0.0	0.0	0.0	0.0	0.0
269.92992160711	-0.1970902941286567	0.0388445840397204	72862.16257882054	239.08784359210247	-1.0032034371350278	57162.99695352166	1.0064171362795338	201.4240070139868	0.0830355243570011	40571.6306015706	0.0068948983052421	201.10604693426603	276.3014809078824	0.945186	19.916702	0.0923979745	0.0415838	-0.1093454936	0.0496013574	0.0247504407	0.1517316884	0.1065342392	-0.0834654102	-0.1371842661	-0.005914672	0.0560047727	0.1035983207	0.0306777449	-0.0058748819	-0.1779088273	-0.0759053155	-0.0510037093	0.0425287109	0.0638307295	0.0954105303	-0.115553179	0.0200085128	-0.075183738	0.0712937132	-0.0110382019	0.0147813521	0.1406120188	-0.0158635418	0.019596087	0.1228407952	-0.1797619045	0.0855952725	-0.1384671772	0.0076937104	-0.0576194238	0.0098814178	-0.0146033002	-0.051384557	0.0218428297	0.0370781332	-0.1040420216	-0.0073444963	0.0723868402	0.0805684883	-0.0341747681	0.0887312475	-0.106702114	0.0963964391	-0.0047469018	-0.1028920102	-0.0650758366	-0.050174516	0.0050652093	-0.112248633	0.0188466984	0.0610406618	0.0719508753	0.0632101666	0.0907906287	-0.1665956342	-0.0608563295	0.0230455821	-0.1908499518	-0.0181254632	-0.0371485467	0.1801027303	-0.1220537643	0.1152589755	-0.0337411939	0.1107490164	-0.0481268775	-0.0638161958	-0.0333356146	-0.0350738638	-0.1288442626	0.0078545232	0.0158775161	-0.1254590551	0.2061938945	0.0306043426	0.1526322233	0.0057305499	0.0122064623	-0.0199307575	0.0114916469	0.0362933672	0.0502019408	-0.0160128945	-0.1565652037	-0.0093083501	-0.0154935888	-0.0541439638	0.02312264	-0.0477117487	0.0589620688	-0.1501507108	-0.0676467701	0.0246165345	-0.0829176737	-0.0394261591	0.0023041605	0.037971208	-0.0504112998	0.0074331953	-0.015794296	0.0731739458	-0.1539602627	0.1517833232	0.0131089011	-0.0516979697	-0.2148467788	0.0807506425	-0.0015347457	-0.1662475875	0.1361359963	-0.1095606561	-0.0501430297	0.0269684371	0.0158580868	-0.0246767021	-0.050246383	0.0426768431	0.1029754046	0.0105205768	-0.0713620716	0.1558055959	-0.038991658	-0.1532966587	0.0133457805	-0.0480754436	0.042234178	-0.0351135488	-0.0441064056	0.02446447	-0.0576873562	0.0584618729	0.0291395509	-0.0256849506	0.0164378237	-0.0215706732	-0.1121940284	0.0619218161	0.0	-0.00335227	-0.00621366	3.86095705956e-05	1.12377141529e-05	0.0522643	-0.0163634	0.00273155705449	0.00026776085956	-0.0820517999999999	0.0186992	0.0067324978832399	0.00034966008064	0.00135354	0.000615197	3.7846734880900004e-07	1.8320705316e-06	-0.000290125	-0.000160488	8.417251562500001e-08	2.5756398144000012e-08	-0.000250285	-0.0002467492899999	6.088521211550408e-08	6.2642581225e-08	0.0	0.0	0.0	0.0	0.0	0.0	0.0
269.3338345888578	-0.5960870182521489	0.3553197333287377	72540.71445433823	238.1545867125193	-0.9332568795831832	56717.60717221087	0.8709684032893402	201.18977105631632	-0.234235957670478	40477.32397769298	0.0548664838658059	200.88135232455488	274.561895532729	1.043835	21.995419	0.07136872	0.0383483	-0.135507184	0.0013157276	-0.0038778098	0.1182104703	0.0635197448	-0.1955285177	-0.120847676	-0.0821425623	0.0874005937	0.0643787285	-0.0328787743	-0.0254379503	-0.1445679855	-0.0821851061	0.0872331982	0.1110425087	-0.0083773198	0.09430883	-0.0041619816	0.0275811327	-0.0614196135	0.1131253778	-0.0729919982	-0.0151800865	0.0666307987	0.0243726588	0.0983017202	-0.0054657233	0.0405796337	0.0097017965	0.0888108802	0.0567745904	-0.1694705021	-0.0265712587	0.0146964814	0.1630123817	0.0867965388	-0.015152736	-0.0327839149	-0.1146328088	-0.0725539129	0.0107223385	0.0067325996	-0.0797108433	0.0453892613	-0.0242573839	0.0705664212	0.0398702856	0.1116519989	0.0674093341	-0.0356982786	-0.0195748123	0.0989781235	0.0511986747	-0.0011312575	0.0140932063	0.0167954746	0.0917616893	-0.1260281675	0.0043460048	-0.0211459442	-0.0293346196	0.0366785779	-0.0806460772	-0.0322235665	0.0394859057	-0.0866424886	0.0615422583	-0.02523187	-0.1090476521	-0.0640997944	-0.0143247411	-0.0286917311	0.1113009775	-0.049169524	-0.048867408	-0.0317506451	0.0394281319	-0.0151470126	0.1640915762	0.0714817391	0.0603274984	-0.0272394035	-0.1705998502	-0.0728164564	-0.021129287	-0.0059978286	0.0867539882	0.1267809694	-0.0394547706	-0.0057798186	0.0300499565	-0.034757601	0.0648004656	-0.0133646131	-0.0236610803	0.1214263408	-0.0010265038	-0.0633670257	0.077596736	-0.0194930964	0.1349769703	0.025089966	-0.036472042	-0.0396379206	-0.0540645436	0.1306541268	-0.0075283539	-0.0192628155	-0.0414439347	0.0261713868	0.0728051186	0.0645705553	-0.107286424	-0.0011483204	-0.0380232253	0.0707309322	-0.0196393826	0.0347228087	0.0921906487	0.0441510071	0.1380656958	-0.1099571194	0.0664185058	-0.1717901432	-0.017634547	0.0041472543	-0.0432109118	-0.0622612971	0.1008628697	0.0596291386	-0.1601456867	0.0846928362	0.0079515423	0.0411346232	0.0710031894	-0.0336838382	-0.0242318235	-0.1101617605	0.0687399551	0.0	-0.00500284	-0.0016505699999999	2.724381324899999e-06	2.50284080656e-05	0.0686188	0.0163544999999999	0.0047085397134399	0.0002674696702499	-0.0933374	-0.0112856000000001	0.00871187023876	0.00012736476736	0.000701325	-0.000652215	4.253844062250001e-07	4.91856755625e-07	-0.000129637	0.000160488	1.6805751769e-08	2.5756398144000012e-08	-0.000221427	2.8857999999999987e-05	8.327841639999993e-10	4.9029916329e-08	0.0	0.0	0.0	0.0	0.0	0.0	0.0
269.4893310133927	0.1554964245348742	0.0241791380431298	72624.49953004594	238.5767478921392	0.4221611796199056	56918.86463478935	0.1782200615780702	201.0477927619889	-0.1419782943274299	40420.21497446763	0.0201578360601263	200.7734415115136	271.083521638637	1.068822	22.521935	0.0797364099999999	0.0402136	-0.1226642154	-0.0746958687	-0.0257649334	0.1221079573	-0.0638050115	-0.0604575036	-0.0854959505	-0.0780709536	0.106205239	0.0251747716	-0.0262924852	-0.0774077039	-0.0883338334	-0.1073528245	-0.0368247215	-0.0391797355	0.000442695	0.0583343605	0.077811577	-0.0223947218	-0.0668468045	0.0482213294	0.0616479708	0.0537151105	-0.1185033702	-0.0207766343	0.030905613	0.0069321157	0.0478108554	0.085783092	0.0277498917	0.0494766893	0.0661569612	0.0765639393	-0.1384444466	-0.1447105074	0.0886225485	-0.1032541677	0.0155069159	0.0856192771	0.0049533492	0.0617100558	0.1301341079	-0.044147252	0.0263029977	-0.1013571936	0.032208369	0.0047970952	-0.0263885616	0.1209306382	0.0048034651	-0.0765696608	-0.0226080616	-0.010645041	0.025759339	0.0401907616	0.092415984	0.0068993175	-0.0707417585	0.1330363609	0.1080368567	0.0855930063	-0.0491701521	-0.0098665863	-0.0409051825	-0.0293463866	-0.0973846534	-0.0118066607	-0.0560296428	-0.0538125123	0.0753334891	-0.0548286022	0.1170403194	-0.0337278229	-0.0325897274	-0.027645976	-0.0213011018	0.0910211743	-0.0016621293	0.0126030137	0.0382776657	-0.0492947572	0.1442587678	0.1555862914	-0.1343401267	0.0737880481	0.0227836624	-0.0952986545	-0.0215501798	-0.0487290726	-0.1152450864	0.0303121467	-0.0250126075	0.0774475977	0.0154304987	0.0711978537	-0.0236031999	0.0525955867	-0.0992578091	0.0808100819	-0.0098473901	0.0051247611	-0.0365739375	-0.037435967	-0.0917928416	-0.0226448228	0.0722506023	-0.1611248406	0.117463325	-0.0036460928	-0.0560968687	-0.0724707682	0.0582160189	-0.0822353903	-0.0354679061	-0.0829661184	-0.0331273987	0.0410962218	-0.0947137798	0.0561116995	0.0981391023	0.1298082958	-0.0241679806	-0.009811268	0.0052648652	-0.1372368597	-0.0703648425	-0.0541228272	-0.0363210279	-0.0638036593	-0.0081386565	-0.0720184312	-0.048470454	0.0282138264	0.0535090226	0.0122326693	-0.083569838	-0.0268805962	-0.1079044385	0.0752421898	0.0	-0.0168536	-0.01185076	0.0001404405125776	0.00028404383296	0.0389304	-0.0296883999999999	0.0015155760441599	0.0008814010945599	-0.0858192	0.0075182	0.0073649350886399	5.652333124000004e-05	0.00107292	0.0003715949999999	1.3808284402499996e-07	1.1511573264e-06	-0.000129637	0.0	1.6805751769e-08	0.0	-0.000463413	-0.0002419859999999	5.8557224195999994e-08	2.14751608569e-07	0.0	0.0	0.0	0.0	0.0	0.0	0.0
270.114505531333	0.6251745179403088	0.3908431778818974	72961.84609843654	238.66248062279848	0.0857327306592878	56959.77965702766	0.007350101106298	200.90986405096112	-0.1379287110277687	40364.77347297568	0.0190243293257817	200.61663843348407	272.82917161301344	1.18859	25.045645	0.05409295	0.026319	-0.0670437142	-0.0750214595	0.0339848386	0.0560365037	-0.0603695043	-0.1692528724	-0.0635711499	-0.0589358407	0.0257059427	-0.0067061177	-0.1695751003	-0.0107556874	-0.0801949378	0.0394778052	0.0361191553	0.0412822585	0.0144379347	0.0931386597	0.1120925782	-0.0204172309	0.0520965445	0.006636862	-0.0007957988	-0.0345203125	-0.0286455223	-0.0182262768	0.00475603	-0.0850530791	-0.1448071279	-0.0813493785	0.0474829138	-0.0182565328	0.0272417639	-0.1645793615	0.032105428	0.0781689446	0.0763670869	0.0245999399	0.2115193115	0.0522486187	-0.0757771175	0.087659287	0.0321398412	-0.093868978	-0.0191669848	0.0530923498	-0.0434565182	0.1259489181	0.0232027076	-0.0317128885	0.1529061631	-0.0694925177	-0.0585400329	0.0873573219	0.0227161444	0.1180793127	0.1296604828	0.0411493297	0.040470567	0.0497227957	0.0281671041	0.0389324161	0.0989574079	0.0106961023	-0.0402398993	-0.0196741536	-0.1237786355	-0.0735031813	0.0542581089	-0.0062547748	0.0047693137	0.0266996066	0.0333713785	0.0597784583	-0.0586230368	0.094122891	0.1182829082	-0.1129672364	0.0036211965	-0.0419388089	-0.0109632441	0.176531617	-0.0577524026	-0.0581730285	-0.1085172225	-0.0552707138	0.161593809	-0.0333856566	-0.0446700889	-0.0730807938	0.0578328866	0.0934539354	-0.0015758109	-0.033724921	0.0839650629	0.0564422115	0.0670430696	0.1098530148	0.107010437	0.0119156923	-0.1145630542	-0.0275219692	-0.0095228329	-0.0668766019	-0.2084617828	-0.0197022795	-0.053103635	-0.0744397804	0.0494302942	-0.0601636018	0.0713031176	-0.0164396182	0.080851236	-0.0608558474	-0.0106005534	-0.079074012	0.0385514137	-0.1501648666	0.0462182047	0.0035398176	0.0333096566	0.0663341156	0.0074915296	-0.0866748557	-0.1215295392	-0.0411975074	0.0491100099	-0.0076418816	-0.1166183025	0.0411872864	0.0638595416	-0.0163273399	0.0395956263	0.1046922853	0.0138703872	0.0104906343	0.0656293252	-0.0295156382	-0.1054266739	0.0813986382	0.0	-0.0125395	0.0043140999999999	1.861145881e-05	0.00015723906025	0.045259	0.0063286	0.002048377081	4.005117796000005e-05	-0.0975549	-0.0117357	0.00951695851401	0.00013772665449	0.000697489	-0.0003754309999999	1.40948435761e-07	4.86490905121e-07	-0.000129637	0.0	1.6805751769e-08	0.0	-0.000204553	0.0002588599999999	6.700849959999998e-08	4.1841929809e-08	0.0	0.0	0.0	0.0	0.0	0.0	0.0
271.8651406386546	1.7506351073216138	3.0647232789869583	73910.65469447545	243.1807138962789	4.518233273480405	59136.85961110385	20.414431913585457	201.31888405387923	0.4090200029181119	40529.29307669927	0.1672973627871322	201.0086362202962	280.1979175437555	1.397468	29.447065	0.0489165645	0.0254832	0.006699516	0.0536642463	0.1388554946	-0.0167142783	-0.0027688229	-0.0004469289	-0.04453617	0.083982887	-0.1444367884	0.0276013128	-0.0550005513	0.0682209458	0.0039798326	-0.1222139754	0.0083671581	-0.1743226224	0.0230787608	-0.0141902929	-0.0182634477	-0.1149540909	-0.0036410821	-0.095169329	-0.0799800412	-0.0508329942	0.0295051757	-0.171190808	-0.1179737275	0.1013975215	-0.0793734786	0.1412783182	0.0563142704	0.1510851429	0.0502480728	0.0824530178	-0.0146484767	0.0438639624	-0.0251167174	0.0887812223	-0.0436551646	0.0286175324	0.0341180024	0.0325963133	-0.0569402338	-0.0680419709	-0.0759606922	0.0928253445	-0.0234165116	-0.0828444235	0.0317594726	-0.0054227042	0.0624748756	0.115147141	0.103097671	-1.94533e-05	-0.0741141182	0.0286590003	0.0497738824	-0.0137767327	-0.205022812	-0.0687004736	0.0334253772	0.0303361444	-0.0434753166	-0.1095760388	0.0763424683	0.0310776487	0.02709507	-0.0817701973	-0.0671500671	0.1071685112	-0.0963652198	0.0446056234	-0.068904744	-0.158623445	-0.0620644495	-0.0085584372	0.1519103469	0.1272331334	-0.0742407456	-0.0218796998	0.1303889354	-0.0576932016	0.0251558077	-0.0097395496	0.014723381	-0.1167508912	-0.0272988045	-0.047462632	-0.0074455203	-0.0068801599	0.028670648	0.0926228241	0.0080669082	-0.0985839665	-0.0657656014	-0.077073465	-0.0362443488	0.0056146701	-0.0336681227	-0.1244978031	0.0697489104	0.0719233965	0.1127098723	-0.0136408825	-0.056371439	0.0544098472	0.1837468808	0.0625722791	0.0433974167	-0.0250834308	-0.1162892123	0.0949147716	-0.050740692	-0.0986344146	-0.0024524349	0.0443359061	0.0749211686	0.157551324	0.0644972647	-0.0939683542	0.1053546399	-0.1134288577	-0.0520514334	-0.015777421	-0.0530364321	-0.1591154172	0.0967456346	0.1541855086	-0.1199226088	-0.0548372393	0.0928470914	0.1159518798	0.0464941328	-0.0221683819	-0.0490174962	-0.1140327392	-0.0061186143	-0.0321356035	-0.1027335286	0.0871810076	0.0	-0.0168109	-0.0042714	1.824485796e-05	0.00028260635881	0.0461575	0.0008984999999999	0.00213051480625	8.073022499999937e-07	-0.119403	-0.0218480999999999	0.014257076409	0.0004773394736099	0.000460535	-0.000236954	5.614719811600003e-08	2.12092486225e-07	-0.000129637	0.0	1.6805751769e-08	0.0	-3.53571e-06	0.00020101729	4.04079508789441e-08	1.2501245204100002e-11	0.0	0.0	0.0	0.0	0.0	0.0	0.0
271.68542850650675	-0.1797121321478698	0.0322964504411334	73812.9720627642	244.3325551415349	1.1518412452560085	59698.39750199119	1.3267382542729125	201.4972852469901	0.178401193110858	40601.15596190689	0.0318269857033776	201.1597361843828	287.7898714239897	1.285918	27.096514	0.0383929	0.031873	0.0418078725	0.1050224507	0.1869954546	-0.1058321779	0.1263508257	0.0019989866	-0.0771582005	0.1098882362	-0.1872953248	0.0231216737	0.175125429	-0.0374608587	-0.0942156855	0.0509973696	-0.0207567367	-0.0106018237	-0.0694798384	0.0480683016	-0.0460258693	0.0344965316	-0.014793771	-0.0767098682	-0.0483334706	0.048207055	0.1033966442	0.0377382704	-0.0277276241	-0.1463883981	-0.0681772501	-0.0906370811	0.0147665031	0.0092236049	0.0198939671	0.1120906096	-0.0587448387	-0.0316212176	-0.0617775172	-0.0276091343	0.1238734818	-0.0991337531	0.1588305893	-0.0797963512	-0.078823574	0.107054082	0.0847430894	0.1017555953	-0.0631054697	-0.0337052674	0.075989314	0.089784424	0.1037341189	-0.0742841947	-0.0541239064	-0.0204942634	-0.1204433184	-0.0890755624	0.0493056204	0.0525607518	0.0252165346	-0.0222889881	0.1469529825	-0.0415263302	0.0815300854	-0.1264829113	0.1541829901	0.0591160749	-0.014830224	0.0481294777	0.0096102355	0.0683794843	-0.0337035643	-0.0459379632	-0.079601157	0.0568879465	0.0008967384	0.1318043658	0.0216082195	-0.0978082854	-0.022437949	0.0022723309	0.0065138215	-0.1480221394	0.0943452945	-0.0076822475	0.0311485322	0.0471750923	0.0651235429	0.1824166977	-0.1687395227	0.0848407155	0.0680869231	-0.0901330658	-0.1014858361	-0.0950066871	0.0152945466	-0.0892725201	0.0220212066	0.1300659877	-0.0145889069	0.054633161	-0.0032306793	-0.0925927832	0.0956931325	0.0681841916	-0.014292687	-0.0860625813	0.0032558161	3.36572e-05	0.1589617346	-0.0391359978	0.0277081617	0.1559447753	-0.0695806974	-0.0817945188	-0.0457211464	0.0569028752	-0.0042905131	-0.0696022749	-0.0853354318	-0.0862980877	0.1293633998	-0.1704062493	-0.1138663263	-0.1171239475	-0.0403432208	0.0160353034	-0.0357032589	0.0523231636	0.0853446757	-0.0319085718	0.0800131926	-0.0230101602	-0.0104616677	0.0148486741	0.0565675869	0.0546144397	0.0137766044	-0.034739154	-0.0998305046	0.0925627242	0.0	-0.0168278	-1.6900000000000248e-05	2.856100000000084e-10	0.00028317485284	0.0496477	0.0034902	0.00246489411529	1.218149604000004e-05	-0.119708	-0.0003049999999999	0.0143300052639999	9.302499999999984e-08	0.00107292	0.000612385	3.7501538822500004e-07	1.1511573264e-06	-0.000208868	-7.9231e-05	4.3625841424e-08	6.277551361e-09	-3.53571e-06	0.0	0.0	1.2501245204100002e-11	0.0	0.0	0.0	0.0	0.0	0.0	0.0
270.5540485919946	-1.131379914512138	1.2800205109614926	73199.49320951938	241.0917348560986	-3.240820285436285	58125.22461592336	10.502916122495328	201.703391326814	0.2061060798239111	40684.258072737866	0.0424797161403804	201.40590262813845	281.5824550236935	1.208427	25.463646	0.06832437	0.0321805	-0.013543428	0.0902730142	0.0800608311	-0.121808793	0.159022589	-0.0323186797	-0.0906828041	0.0094184523	-0.0669742444	0.0259294962	0.1099438281	0.0971333834	-0.0487014339	-0.0126483479	0.20673363	0.0653319506	0.0068993831	0.0092198506	-0.1325287187	0.0613326597	-0.0963138577	0.0228062623	-0.023278598	0.0384876064	0.0630549398	-0.1351674404	0.1560622653	-0.0038948987	-0.1504788157	-0.1085240538	0.0410273169	-0.0595585362	0.0928180374	0.086233848	-0.0551749455	-0.1095304632	-0.0750662449	-0.0484884858	0.0579543371	0.1401649087	-0.0278848341	-0.0041889847	-0.1406699131	-0.0103412607	-0.0957771563	-0.023564666	-0.1525333065	-0.0046518333	0.0761976634	0.0835314725	0.1025340626	0.1379333205	0.0673425391	-0.0901926353	0.1602628404	-0.0463332485	-0.0428726634	0.0063237591	0.0742231482	0.0311455295	-0.10293651	-0.0244884271	0.0059565498	0.1058969834	0.0238645835	0.0712841719	0.0380469357	0.1544146434	-0.0554374073	-0.0290781555	-0.0410547309	-0.0494539322	-0.0705755359	0.0432973147	-0.1789284152	-0.079521831	0.110937153	-0.1700403503	-0.0567274329	-0.0488680796	-0.0678355975	-0.0784169408	0.055148767	0.1136124206	0.0290283764	0.0598122395	0.0464768778	-0.1507081911	-0.0693116864	0.0674319196	0.0694349933	0.0607153309	0.0884598631	-0.0626228275	0.1086828618	-0.1687045718	-0.0234913266	0.128124071	-0.0824641927	-0.1031014551	0.0056032584	0.1048024885	-0.1523385222	-0.0113229125	0.0650910673	0.0242147201	-0.0930999735	-0.0154293608	-0.0822071177	0.0077415756	0.0007159312	-0.0439787007	-0.0457719343	-0.1247582083	-0.0558068886	0.0415830956	0.1110273757	-0.0619918815	0.0659032917	0.0109623224	0.1005099632	-0.0808708224	-0.143889871	0.0186400254	0.0063605913	0.0051701765	0.0235906273	0.0722545307	0.0461642869	0.0154721373	0.204505626	-0.0691864657	0.0738677424	-0.0698724104	-0.0287008286	-0.0752438903	0.1641209832	-0.0373249597	-0.0967235326	0.0975190556	0.0	0.00408027	0.02090807	0.0004371473911249	1.6648603272900002e-05	0.0610613	0.0114135999999999	0.00372848235769	0.0001302702649599	-0.137734	-0.018026	0.018970654756	0.000324936676	0.000792617	-0.000280303	7.8569771809e-08	6.282417086890001e-07	-0.000129637	7.9231e-05	1.6805751769e-08	6.277551361e-09	-3.53571e-06	0.0	0.0	1.2501245204100002e-11	0.0	0.0	0.0	0.0	0.0	0.0	0.0
269.95134527945856	-0.6027033125360504	0.363251282941928	72873.72881818945	239.9583126768336	-1.1334221792650112	57579.99182271304	1.2846458364498472	201.2914786321877	-0.4119126946262952	40518.25936993248	0.1696720679942955	201.0077701270062	278.7836228538962	1.266255	26.682194	0.0886222534999999	0.0558241	-0.0331091859	-0.0468033452	0.0412056023	-0.1075676168	-0.0082184257	0.0154985491	-0.0570501349	-0.059437927	-0.0132502746	-0.0456313999	0.0969569874	-0.046856285	-0.0216685477	-0.0497412	0.1385800157	-0.0229880839	-0.1014658352	0.0794252986	-0.0170423508	0.0918934313	-0.0590159907	0.0051406648	0.0289428887	0.0644518437	-0.0942489612	0.0213989416	0.0167277913	-0.1043477314	-0.0660245128	0.046395831	-0.142653565	0.0802463413	-0.0813926665	0.0248394148	-0.0286875034	-0.0164420062	-0.134122881	0.0338285129	0.0440169583	0.031052082	0.115979162	-0.0008114537	-0.0756974365	-0.0414718481	0.0083916858	-0.0226504916	-0.0216145216	0.0736204149	0.0097913535	-0.0848955743	0.0400189277	-0.0506736029	-0.1316639848	-0.0834600879	-0.0822838434	0.0314692841	0.0338314563	-0.0211810094	-0.0501297211	-0.0131553116	0.0685337978	-0.088065212	0.1026487236	-0.0881364893	-0.0098742338	0.0237598623	-0.0720899119	0.112447401	0.0071316384	-0.0128170161	0.0498076619	-0.0696486735	0.1071753867	0.0223183768	-0.0290402374	0.0703240575	0.030736219	0.0275628671	0.138982003	0.0236235292	0.0777210758	-0.069725802	0.0382735915	0.0003606748	0.1637566193	0.0203717812	0.0030778101	0.0260147503	-0.1255296335	0.0061775561	0.0737303818	0.0526894856	-0.0055570181	0.0367013321	0.04704405	-0.0073887012	0.0067366632	-0.0063489216	0.095822123	-0.002246253	0.0871394732	-0.1544876118	0.0012795226	-0.0029118835	-0.0742622759	0.0051495263	0.0398155371	-0.0192272815	0.0450925179	-0.0104505218	0.1220555744	0.0964228234	0.0567890754	-0.0464858462	-0.0151840808	-0.0888042671	-0.0325481377	0.0978712251	-0.0601988089	0.0047050767	0.0444138716	0.0325608944	-0.0505951513	-0.0056386732	0.0650734244	0.0844538457	0.0125397927	-0.0605196604	0.0456300067	-0.0539503725	-0.0100162705	-0.1012598522	-0.1280843283	-0.0075730237	0.1259441937	0.0867199615	-0.1081110195	-0.0398916998	-0.09341896	0.1020272243	0.0	0.000332471	-0.003747799	1.4045997344401004e-05	1.10536965841e-07	0.0361729	-0.0248883999999999	0.00130847869441	0.0006194324545599	-0.0882161	0.0495178999999999	0.00778208029921	0.0024520224204099	0.000827564	3.4947000000000016e-05	1.221292809000001e-09	6.848621740960001e-07	-0.000220813	-9.1176e-05	4.8758380969e-08	8.313062976e-09	-8.677579999999998e-05	-8.324008999999999e-05	6.928912583208098e-09	7.530039465639997e-09	0.0	0.0	0.0	0.0	0.0	0.0	0.0
269.7272538465848	-0.2240914328737631	0.0502169702874162	72752.79146762	239.3447911524558	-0.613521524377802	57285.92905181268	0.3764086608748619	201.0037556597467	-0.2877229724410028	40402.50978932316	0.0827845088702861	200.68716244241463	274.3115773260456	1.167898	24.609642	0.0884260409999999	0.0457264	-0.0313200125	-0.0307552324	-0.0102550564	-0.0767261439	-0.0452473227	-0.0101119243	-0.0097409858	-0.0652923699	0.0173938882	-0.0797927119	0.0641538303	-0.070848118	-0.0558886751	0.0394728679	0.1001487123	-0.0505611143	0.0300562204	0.1227636037	0.0354705744	-0.0112417436	-0.0161770488	-0.0911405761	0.2275104625	0.2330471294	-0.212186552	-0.0670299157	0.0497406608	0.0922967966	0.0316432863	0.2434844875	0.0242099032	0.0119470829	0.0283070407	-0.0858172822	-0.0117031022	-0.1709481264	0.0059045305	-0.0766228426	-0.1240503952	0.0537399594	-0.025523526	-0.017112458	-0.0420744435	-0.0950013951	0.0261913562	-0.0521275787	0.1460574989	0.1389929595	-0.005330327	-0.1758981158	0.0901480154	0.0638903249	0.1119789954	-0.0428156675	-0.0329355941	-0.1296287515	-0.0729156779	0.0129550735	0.0986194324	-0.1029716527	0.0147456477	-0.0689514777	0.0586086845	0.0904090822	-0.0494351548	0.0398477915	-0.1188341016	-0.0106967519	-0.0006958838	0.0673802703	0.2589461535	-0.189568308	0.1471678481	-0.1312357416	-0.0664973374	-0.0987674503	0.0210045041	0.2202525367	-0.0624034857	-0.0614691781	0.0174914261	0.0654651556	-0.005484558	0.1842341055	0.0325864057	0.1125153482	-0.1140337542	-0.0431552337	0.0325416767	0.0276571968	-0.0027515042	0.1108334279	-0.0099905494	0.1250024399	0.0155030549	0.1132026294	0.1343127828	0.0246932708	0.1706188318	-0.1311482641	0.0710740335	0.0973195939	-0.0030567186	0.1180734852	0.1274573572	-0.0173516028	-0.0700055232	0.1009603874	0.0067927086	0.0063575366	0.0811142171	-0.0109507788	0.0246181072	-0.0708938374	-0.0622641989	-0.0529529732	-0.0325971582	-0.0399098071	0.0158913391	0.0064509651	0.076116551	0.0898279092	-0.0610552812	-0.033143313	0.2630876269	-0.0976727332	0.0630144991	0.024590278	-0.0167576432	0.0218975898	0.0397126025	-0.0915593798	-0.055734048	-0.2197717133	-0.2011609756	-0.0611120022	-0.0077688853	-0.0424380632	-0.0899235378	0.1060665123	0.0	-0.00247641	-0.002808881	7.889812472161e-06	6.1326064881e-06	0.0329649	-0.003208	0.00108668463201	1.0291264000000016e-05	-0.10507	-0.0168538999999999	0.0110397048999999	0.0002840539452099	0.00142518	0.000597616	3.571448834560001e-07	2.0311380324e-06	-0.000544217	-0.000323404	2.961721430890001e-07	1.0459014721600005e-07	-0.000476861	-0.0003900852	1.5216646325904e-07	2.2739641332100002e-07	0.0	0.0	0.0	0.0	0.0	0.0	0.0
270.83656708327214	1.109313236687342	1.2305758570897467	73352.44606945178	239.9729639946877	0.6281728422318906	57587.02344839568	0.3946011197176917	200.73494098821337	-0.2688146715333346	40294.5165335415	0.0722613276315745	200.3866010804107	275.3076756852996	1.452929	30.615725	0.0838150099999999	0.0486226	0.0718880428	0.0498765847	0.0044982828	-0.0796999824	-0.1433067717	-0.0102984393	0.0381200831	0.0669356111	-0.0736934246	-0.3375492846	-0.0155282684	0.0074033141	-0.1631066298	0.0266691417	0.0071436674	-0.0452410564	-0.3150743252	0.1981649669	0.0310610991	0.0955680476	0.3954260745	-0.1389127255	0.0777933139	-0.020399018	0.1002351092	-0.1179527328	-0.0066377913	0.0022789649	0.0103100608	0.1199888248	-0.0093184974	-0.2318250685	0.0139949224	-0.1590731524	0.0565753904	0.0074796919	-0.0727714715	0.0437434336	0.0205708795	-0.067679878	0.0855352537	-0.0750244421	-0.1260723417	0.0941646862	0.1364636231	-0.1333530725	0.0454149383	-0.0236948071	0.0577556155	0.0729596698	-0.1325664409	0.0674303671	0.0025905164	0.0088840978	0.0385858626	-0.138311725	0.0398186833	0.1258644963	-0.1171265826	-0.0188812894	-0.1133303226	0.1089231816	-0.1017402685	-0.0324186922	0.0448128391	0.1164193803	-0.1218011502	-0.1056790577	0.3983029864	0.1538021857	0.0730004546	0.0309092465	-0.1115904914	-0.0242268156	-0.0727793371	-0.0263109155	0.0463535638	0.1054872056	0.0116435141	-0.0476443237	-0.2443106474	0.1332933459	-0.0378782742	0.0075880575	0.1107180284	-0.0037188212	0.0061708451	0.1144283407	-0.0565638867	0.0244348523	0.0717718529	-0.1643202663	-0.0499123413	0.156033751	0.0241568654	-0.0914396815	0.0347902799	-0.0833603676	-0.1501290646	-0.0155648558	0.0281111488	0.0586129764	-0.0899256826	0.0701404491	0.0085455617	-0.1509047468	0.1509699624	0.0483675956	-0.0920782637	-0.0594460264	-0.150767173	-0.0271444783	0.0190307978	0.0031416787	-0.0890390274	0.0446122095	-0.2044529308	0.0163606405	0.1062603862	-0.0893465347	0.0343711608	0.0324114531	0.1314896553	0.0653697282	0.1622250495	-0.010258359	0.3069955675	0.0429355918	-0.1261814611	-0.0419008279	0.045642135	-0.0012550663	-0.0146216901	-0.0328083098	-0.0413689362	0.2912383106	-0.1538647201	-0.0449627491	-0.086244407	0.1096183565	0.0	0.00767729	0.0101537	0.00010309762369	5.89407817441e-05	0.00487929	-0.0280856099999999	2.38074709041e-05	0.000788801489072	-0.0671942	0.0378758	0.0045150605136399	0.00143457622564	0.00142746	2.279999999999904e-06	5.198399999999561e-12	2.0376420516e-06	-0.000483467	6.075000000000004e-05	2.3374034008900002e-07	3.690562500000005e-09	-0.000385893	9.096799999999996e-05	8.275177023999995e-09	1.48913407449e-07	0.0	0.0	0.0	0.0	0.0	0.0	0.0
271.50188054300446	0.6653134597323174	0.4426419997009859	73713.27113838786	241.35172727301315	1.378763278325465	58250.65625766693	1.900988177658784	201.2785404160178	0.5435994278044234	40513.0508320025	0.2955003379092965	200.9441919719309	279.95600002062224	1.444823	30.444912	0.13705311	0.0689697	0.1003800207	0.037415371	0.0671117805	-0.1334571139	-0.1397197957	0.0691902795	0.0822709708	0.1103123016	-0.1486895815	-0.4072723781	-0.041943771	-0.0066825693	-0.1234031087	0.0181676723	-0.174589242	0.115177778	-0.1675314737	0.1047645774	-0.1353090768	0.1867193635	0.3013939487	-0.3374142813	0.1173381071	0.0235039278	0.008424448	0.1285993536	-0.0379345201	0.0212012393	0.1623174024	-0.0474884042	0.1222870661	-0.0166932706	0.0780364977	0.0324832951	0.0695897436	0.0160445014	0.0135436324	-0.1802497473	-0.1469461223	0.0202069942	-0.1211559754	0.0514558593	-0.0152265046	0.0398073594	0.0365561857	0.059739875	-0.0319969409	-0.1307723825	0.0528111216	0.0434910631	0.0178217953	0.0324464885	-0.0018990939	0.0045256573	0.0978299175	0.1490426459	0.0635902076	-0.1736833117	0.0131630271	-0.0112802708	-0.0191427785	0.0128007545	-0.0430624106	-0.0423525049	-0.0301722564	0.1415219386	0.0141215111	0.0645352878	0.3490475653	0.3485466886	0.1289277003	-0.0081648747	-0.0210591763	0.039473701	0.133936257	-0.0004907952	-0.1543040815	-0.0089745707	-0.1717828218	-0.0434002329	-0.0075477355	-0.0186972457	-0.0573100262	0.0075761709	-0.0573786603	0.1508600371	-0.0783388792	-0.0998151926	0.1372221854	-0.0573905667	-0.0324717548	-0.051659128	-0.063281746	-0.0313173125	-0.09815375	-0.1003975766	-0.0265106483	0.0280317898	-0.0766816823	-0.0024157596	-0.0257603761	0.002716368	-0.0207516284	-0.0737445122	-0.1079975874	0.2121745137	-0.0602523068	-0.003250267	-0.0233347475	-0.0001583516	-0.0467936623	0.0249225143	0.0445488895	-0.0232517272	-0.1664626271	0.0430775406	-0.4154585223	-0.0203735211	0.1703390151	-0.1603244949	-0.0569934296	-0.1847688465	0.1243716841	0.1653094247	0.1701186743	0.0616617054	-0.004369426	-0.2021270689	-0.2275558485	0.1533732891	0.094985736	-0.1979262432	0.0787496848	0.1828928466	0.3664928376	-0.075372514	0.0609134996	-0.0474644681	-0.0823890838	0.1126664339	0.0	-0.00535691	-0.0130342	0.00016989036964	2.86964847481e-05	0.0595605	0.05468121	0.00354745316025	0.0029900347270641	-0.0735680999999999	-0.0063738999999999	0.0054122653376099	4.0626601209998784e-05	0.00200023	0.00057277	3.280654729e-07	4.0009200529e-06	-0.000129637	0.00035383	1.6805751769e-08	1.2519566890000005e-07	-0.000718569	-0.0003326759999999	1.1067332097599997e-07	5.163414077609999e-07	0.0	0.0	0.0	0.0	0.0	0.0	0.0
270.6685875088448	-0.8332930341596807	0.6943772807790468	73261.48426403316	242.2203981060165	0.8686708330033355	58670.72125863712	0.7545890161107087	201.99040876309547	0.711868347077683	40800.1252322824	0.5067565435711125	201.692067592455	283.1917576932852	1.641366	34.586426	0.0850609799999999	0.0476837	0.1202704321	0.0550612922	-0.0642953655	-0.1404984282	0.0463473761	0.0245450577	0.1229797211	0.0496050493	-0.1300877145	-0.0228743287	0.2182296342	-0.1461074191	0.1577881516	-0.0456774251	-0.0599771159	0.1971273538	0.2302631856	-0.1466663251	-0.202095101	0.1228881362	-0.1001611415	-0.0077518361	0.0080199793	0.1532051056	0.1334915634	0.0206458075	-0.0645471871	0.1092899769	-0.0728445427	-0.0787971049	-0.0460617052	0.0850703255	-0.0757873384	-0.232294472	-0.0404747669	0.0050729886	-0.0685270458	0.0756506037	0.055585041	0.0143847725	-0.1184619703	-0.1397339221	0.1000200769	0.0643183217	0.1261388979	-0.0722621241	-0.1293788666	0.0749718367	-0.0081898943	0.0572047169	0.0816939404	0.1287706651	-0.1022398996	-0.0527522275	-0.1408379927	-0.1480255668	-0.0069849515	-0.0451338921	-0.0303747549	0.141856467	-0.0777977522	0.0611858826	-0.1185576681	0.1134135089	-0.088719377	0.0300468115	0.196808111	0.2074500895	-0.0504279816	0.0063002503	0.0351281438	-0.1578500758	-0.1393430592	-0.0454073973	0.120430222	-0.0334686265	0.0771254612	-0.0950076816	0.0927110366	0.0418588155	0.0825338628	0.218983092	0.0037859106	-0.0234351558	0.0685144095	-0.0653350402	0.1721914283	-0.0306965688	0.0969323109	0.1127604619	-0.0602975915	-0.10069423	-0.0583532866	0.1209744514	0.111165975	-0.0896278493	-0.0244013318	0.0822009594	0.0232217496	-0.1422307898	0.0417766031	-0.1621353028	0.068320042	0.093105919	0.1015743809	-0.0246777319	0.0469005628	-0.1078100019	-0.0362363176	0.0413172084	-0.0494470845	-0.1461096466	-0.0676149589	0.0985384578	-0.0683641788	0.0558201427	-0.1440678004	0.0598251236	0.0415506976	-0.0038977347	-0.0297810272	-0.0496931609	-0.1632024328	0.1888833087	0.1153710114	0.1314572037	-0.334644655	-0.0198120162	-0.0164829562	-0.1214530588	0.1349615754	-0.0940881664	0.0290105902	-0.0692152371	-0.2964942822	-0.2500089866	-0.0385992285	-0.0499419421	-0.0783654444	0.1151967366	0.0	0.00520542	0.01056233	0.0001115628150289	2.70963973764e-05	0.0551124	-0.0044481	0.00303737663376	1.978559361000003e-05	-0.0841921999999999	-0.0106240999999999	0.0070883265408399	0.0001128715008099	0.00118533	-0.0008148999999999	6.640620099999999e-07	1.4050072089000002e-06	-0.000129637	0.0	1.6805751769e-08	0.0	-0.00034494	0.0003736289999999	1.3959862964099997e-07	1.1898360360000001e-07	0.0	0.0	0.0	0.0	1.0	0.0	0.0
268.6870861348427	-1.9815013740021072	3.926347695172239	72192.75025563236	237.4998521246352	-4.720545981381292	56406.17975922359	22.283554362335067	201.3586878601616	-0.6317209029338642	40545.321176766	0.3990712992035766	201.16791802226632	272.6876859587919	1.528607	32.210388	0.04929968	0.0248608	0.0221215348	-0.0426771101	-0.2380851234	-0.0584880648	0.1578580292	-0.0453233327	0.1012845944	-0.1131677341	0.1452956157	-0.0415461017	0.1348745386	0.0049837425	0.0919673204	0.143987278	-0.1014040034	0.138424647	0.0275809914	-0.1160211952	-0.0543029284	0.2290180647	0.026372199	0.1001459056	-0.0278042749	-0.0669436756	0.0344272533	0.0741265857	0.0530475812	-0.0027582437	0.1045909523	-0.0704832105	-0.2142240479	0.1339360288	0.085145226	-0.0101787515	0.0904831848	-0.0150852458	0.0967214938	0.0918063332	-0.1257603043	0.0753460399	-0.1453182722	-0.0586521095	-0.1193105016	-0.138657881	0.0678056494	0.066179288	0.0410909141	-0.0333237929	0.1579016465	0.1039769709	-0.0217452712	-0.0295901519	0.0478056698	-0.05479153	0.0077878306	-0.0171727178	0.120840286	0.1409492319	0.068375864	-0.1297400916	0.0651515459	-0.0400048436	-0.0617050291	-0.0322839464	0.050607355	-0.0827139148	0.1279221009	0.1783413573	0.1319714174	-0.1091381917	-0.0306094323	0.0695113051	-0.0322107255	0.0459379094	0.0485571819	-0.0357317059	-0.1639881873	-0.0475270501	0.1543898274	-0.1677203395	0.1361926735	-0.0104240506	-0.0896448709	0.0045271319	-0.0152315776	-0.102702687	-0.1376073905	-0.0875450807	0.0963366744	0.1378758232	0.099438566	0.1122696445	-0.1172612562	0.0151537768	-0.0430572155	-0.0522274481	0.0993879651	0.0717475864	-0.0920961326	0.0672709179	0.0682651166	0.0821121006	-0.0117964878	-0.0310666151	-0.0942569636	-0.1426224284	-0.0603123333	0.1604229816	0.0889052994	0.0440787585	-0.0769370561	0.0739945002	-0.0629028975	0.1281880163	-0.092693942	-0.0182072419	-0.0841254267	-0.0813747003	-0.0309001671	0.1754069227	-0.0736097155	-0.0167009653	-0.0522011805	0.1510462984	0.0716427559	0.0567437462	-0.0655165867	0.0187894308	-0.0330581514	-0.0413566285	-0.0982418027	-0.0527673527	0.0458208514	0.1581647697	-0.1380318943	-0.1147902085	0.0789830266	-0.0523939058	-0.0741817089	0.1171976362	0.0	0.00466499	-0.0005404299999999	2.920645848999997e-07	2.17621317001e-05	0.0400048	-0.0151075999999999	0.00160038402304	0.0002282395777599	-0.0744217999999999	0.0097703999999999	0.0055386043152399	9.546071615999997e-05	0.00118262	-2.710000000000169e-06	7.344100000000915e-12	1.3985900643999997e-06	-0.000397736	-0.000268099	1.58193925696e-07	7.187707380099999e-08	-0.000138124	0.000206816	4.2772857856000015e-08	1.9078239376e-08	0.0	0.0	0.0	0.0	0.0	1.0	0.0
268.9720426668948	0.2849565320521492	0.0812002251591875	72345.95973640188	238.23863259951275	0.7387804748775579	56757.64606288562	0.54579659006031	201.16872615249903	-0.1899617076625759	40468.85638181915	0.0360854503780819	200.9446037115567	265.64910428437395	1.374451	28.962061	0.053378695	0.0410543	-0.0681309709	-0.1387694098	-0.1442644863	0.0359994793	-0.0357866641	0.1315697067	0.0505633322	-0.1420857234	0.0980642373	-0.0678824718	-0.0988409821	0.1275704291	0.1396127879	-0.0418806983	-0.0440590797	0.02929358	-0.0695362458	0.0012199719	0.0577142307	0.022175718	-0.0269213801	0.0263027774	-0.0172706658	0.0020503581	0.1312926411	-0.1195432578	0.0816335493	0.1593779936	0.0476458741	-0.0777712234	-0.0065990288	-0.0130856361	-0.0721589592	-0.0252749705	0.1088593666	-0.09461472	0.1504478242	0.0221363999	-0.1341294355	0.1297010856	0.0240351914	0.2048160076	0.0550843977	0.1101618928	0.0813673211	0.0431983157	0.0150817444	-0.0655516117	-0.0504284019	-0.1567381913	-0.0014112089	-0.0311995075	-0.2085589681	0.0703063203	0.0314945784	-0.0358927862	-0.0347376929	0.0659683177	-0.01148989	0.1027119539	0.0901949491	0.0369090741	0.1317734601	0.0334307208	0.1085824769	-0.0809971179	-0.0432471528	0.0182878031	-0.0047868155	-0.0203724444	-0.0413004013	-0.0076344896	-0.1321317611	-0.0698259365	-0.0541259223	-0.1881311219	-0.0339985174	-0.0782769136	0.0471434897	0.0839488191	-0.0058250441	0.0573651134	-0.1105155446	0.0994971903	-0.1112277667	-0.0173245863	-0.1683444392	-0.1526698164	-0.0161320121	-0.161219638	-0.0406076689	-0.1152472157	-0.0538852691	-0.0264913929	-0.102834484	-0.0071380421	-0.0036251565	-0.1120676093	0.1491930386	-0.0069393734	-0.1176294675	-0.172052436	-0.0506588025	0.0071426646	0.0233792103	-0.072876155	0.0615181607	-0.1164408271	0.0799816566	-0.0631510662	0.1098715241	-0.0024726191	-0.1483027929	0.0421791683	0.0357501322	-0.1168724425	-0.0100175833	0.0119923927	0.1436345392	0.1460323836	-0.1173454323	0.0740000837	0.1350737547	0.0871154665	0.0893553905	-0.0407818446	-0.065827946	0.0641962457	-0.0886171064	0.0534616947	-0.0075121192	-0.0177942225	-0.051376591	-0.1577829552	-0.1509615746	-0.1643305428	0.1180959222	-0.0548191066	-0.0698464244	0.1186599374	0.0	0.00449727	-0.0001677199999999	2.812999839999989e-08	2.02254374529e-05	0.045504	0.0054992	0.002070614016	3.024120064000003e-05	-0.0743201	0.0001016999999998	0.00552347726401	1.0342889999979476e-08	0.000411584	-0.0007710359999999	5.944965132959998e-07	1.69401389056e-07	-0.000398616	-8.800000000000322e-07	1.5889471545600002e-07	7.744000000000569e-13	4.21615e-05	0.0001802854999999	3.250286151025e-08	1.77759208225e-09	0.0	0.0	0.0	0.0	0.0	0.0	0.0
269.6516981359676	0.6796554690727703	0.4619315566405274	72712.03830761099	238.30314658354	0.0645139840272577	56788.38967161616	0.0041620541350692	200.9160569072475	-0.2526692452515249	40367.26192315632	0.0638417474959752	200.618084210382	269.0319186021437	1.231423	25.94821	0.04753612	0.0255829	-0.1042191453	-0.0737087	-0.0241489728	0.0342049709	-0.0925275137	0.0062289073	-0.0318705132	-0.0773765826	0.0440009152	-0.0100671481	-0.0197505193	-0.0694975039	0.1052225364	-0.0489512955	-0.0560676114	-0.0301835858	0.0086582708	0.0345788118	0.1240445631	-0.0204302768	-0.016873427	-0.0414418053	-0.0158781411	0.0024288093	-0.0838086344	0.0765302316	-0.0272207515	0.0621155206	0.0312231505	-0.1190629603	0.1230961136	0.1565521477	-0.0923897057	0.0755479271	-0.0192733638	0.076385102	0.1811156898	0.152351575	0.0317821225	0.0101111492	-0.1973256562	0.0668349924	-0.0212960148	0.1374141575	0.0643759473	-0.0609168785	0.0375311744	0.0273500923	-0.0998378656	0.0453066922	-0.0306763422	0.1164657423	-0.0029043637	0.1149398173	0.0670217937	-0.0348331604	-0.0515393581	-0.1041946827	-0.0732541017	-0.0712092022	-0.0833792704	-0.054629324	-0.0959515456	0.0592544344	0.0516317026	-0.0642885352	-0.0956136739	-0.0504993099	-0.012226134	0.0210816267	0.0113219245	-0.0368696829	0.1021251753	0.0133345063	0.0877721947	-0.0127080012	-0.0381144406	-0.0969686778	-0.0815475131	0.1531966989	0.1465731928	0.0010876697	0.00344101	-0.0545896202	-0.1680534064	-0.2113671636	0.0057750852	-0.1040274299	0.1417531329	-0.0448726395	0.1113470578	-0.1609918401	-0.0169135739	0.0334887712	0.0363385296	0.0569160955	-0.0023988151	-0.0309957033	-0.0724980497	-0.1012214273	-0.1154799032	0.013540205	-0.0316311495	0.0081000521	0.0673755766	0.0690642611	0.047664938	0.0981318628	-0.1105170434	0.1144496086	-0.0494091096	-0.0496552626	0.0149668385	-0.038511459	0.1058480326	-0.0810037428	-0.0774769533	0.1406540389	-0.0856465482	0.0273267738	-0.0491759885	0.0404010259	-0.0139162593	-0.00338	-0.025447159	-0.010313442	0.1144169128	-0.0259475373	-0.1620766197	0.030132761	-0.1237127471	0.0254324802	-0.0398954648	0.0479780732	-0.1124027388	0.0075027506	0.019840516	-0.0572163058	-0.0653684476	0.1195769199	0.0	-0.0064671	-0.01096437	0.0001202174094969	4.182338241e-05	0.0273684	-0.0181356	0.00074902931856	0.00032889998736	-0.0608475	0.0134726	0.00370241825625	0.00018151095076	0.0003689	-4.268399999999997e-05	1.8219238559999974e-09	1.3608721000000001e-07	-0.000455203	-5.658699999999998e-05	2.07209771209e-07	3.202088568999997e-09	4.21615e-05	0.0	0.0	1.77759208225e-09	0.0	0.0	0.0	0.0	0.0	0.0	0.0
270.6918851006482	1.040186964680629	1.0819889214915002	73274.09665934254	240.631145500922	2.32799891738199	57903.348185085895	5.419578959331718	200.9473662178897	0.0313093106422002	40379.84398990668	0.0009802729328897	200.61244656548985	275.6551033295562	1.214893	25.599901	0.0360093	0.0206578	-0.0574267122	0.073831919	0.0216644228	0.0567710971	0.0568082789	0.0201694239	-0.0539411631	0.0681119186	0.0252712217	0.0386349209	-0.0327514609	-0.0348620901	0.0486618242	0.179495369	-0.1834908651	-0.0220740076	0.0700588109	0.0130949968	0.0973785512	-0.2186544638	0.0372824847	-0.1136964404	-0.0731598221	0.1381829663	0.1841897313	0.0127643908	-0.0230936462	-0.0359221386	0.0524659004	0.0645035353	-0.0059766661	0.0619967367	0.1129458634	-0.1371419276	-0.0285846896	0.0636738359	0.0011166976	0.0662196076	-0.0321007392	0.0273743643	-0.0449194413	0.023039291	0.0180871362	-0.0482221309	-0.1356900436	0.0121997744	0.0545119751	-0.1155074783	0.0409394056	-0.0567001723	0.1286864945	-0.0219249853	0.0985918372	0.0298242085	-0.0462582329	0.0368849071	0.1733375644	-0.0521681203	0.0094001303	0.0551716938	0.0644989326	-0.0328903411	-0.1253179635	-0.0820328534	-0.0568299481	-0.0018288789	-0.0398923965	-0.2252368727	-0.0728422305	0.1135589382	-0.0613631215	-0.1446308565	-0.1951504909	0.0388397913	0.0052984668	0.0483528483	-0.0407505634	0.0607660049	-0.0208796678	-0.1381841004	0.0519109925	0.1138785074	0.0543430945	-0.0307255521	0.0198300813	-0.0662881369	-0.0188329602	-0.0276780852	0.0377179348	-0.0263907213	0.014716408	0.0565517208	0.1119143173	-0.0164375127	-0.1349652733	0.0331850991	-0.0109212756	0.0903622331	0.0354746571	-0.0255254851	0.0164581171	0.077317598	0.0955404576	0.0677575313	-0.1836908166	0.0544022405	-0.026800301	-0.0490318531	0.0878077788	0.0725712842	-0.0792881861	0.0377361559	0.1081695521	-0.0191196349	0.0939766933	0.0785915259	-0.0756442018	-0.1155393557	-0.1143778104	0.0319394579	-0.0241574277	-0.1299233844	0.0250292811	0.0081176567	-0.0101510292	-0.0692322986	0.0812903088	0.0282513411	-0.1049134752	0.0099061585	-0.1501101773	0.0824856798	-0.0499661791	-0.1533082502	-0.1108338041	-0.0235469807	0.1023977267	-0.0595842788	-0.0607569269	0.1199443696	0.0	-0.0084619499999999	-0.0019948499999999	3.979426522499603e-06	7.160459780249831e-05	0.0403129	0.0129444999999999	0.00162512990641	0.0001675600802499	-0.0625507	-0.0017032	0.00391259007049	2.9008902400000066e-06	0.000660807	0.000291907	8.5209696649e-08	4.3666589124900003e-07	-0.000550631	-9.5428e-05	3.03194498161e-07	9.106503184e-09	4.21615e-05	0.0	0.0	1.77759208225e-09	0.0	0.0	0.0	0.0	0.0	0.0	0.0
270.9663705172175	0.2744854165692914	0.0753422439092174	73422.77395127401	240.66079664015555	0.0296511392335503	57917.61903947431	0.0008791900578473	201.096015485504	0.1486492676143029	40439.60744414607	0.0220966047622686	200.7559705584982	279.8289913959294	1.058063	22.29521	0.052308435	0.0260265	-0.0162725096	0.1337247779	0.038052612	0.0777809616	0.0399050252	0.0644412658	-0.042788418	0.1825596205	0.036677427	0.0138986781	-0.0769200568	0.0543406578	0.0590329067	0.0799625934	-0.1278594126	-0.0827452046	-0.0264561223	-0.0217570645	-0.0022263343	-0.1878971312	0.1567942788	-0.0737300902	-0.1594666043	0.0578718238	0.0671975359	0.0362378917	0.0050346687	-0.0429431516	-0.0748920352	-0.0671685485	0.1618453931	0.0612677869	0.0508339975	0.1082417886	-0.0588265693	-0.1963637107	-0.0839506884	0.0128105363	0.1304169746	-0.1690374538	-0.1210060702	0.0950974379	-0.014747546	-0.0004481828	0.0792312536	-0.0319146062	0.0986312418	0.1312780576	-0.2219582092	-0.0029458892	-0.0051143936	-0.013194595	0.0379057965	-0.0210128734	-0.0514261517	-0.0522852443	-0.1562253161	0.067064384	-0.012714529	0.0535716569	0.0048918616	0.0029390032	-0.007294825	0.0092801543	-0.0669931916	0.0696909704	0.0592589289	-0.221574159	0.0278491363	0.0854053897	-0.1579988052	-0.0696076882	-0.0525359748	0.0668212457	0.0169253363	0.037182553	0.033572306	-0.0920392337	-0.1464010851	0.047936367	0.0405044092	-0.1341342278	0.0653471297	0.1991205042	0.0207306877	-0.0068611578	0.1692501031	0.0962849214	0.0947172066	-0.0816245558	0.1187074881	0.0047725305	-0.0912462354	0.016253045	0.1064171467	0.2458066921	-0.0181482825	-0.0176203625	0.0331453791	-0.0278906673	-0.0213836282	0.0301987926	0.0139284771	-0.000289728	0.1958054013	-0.0816606292	0.0327866727	-0.0634271936	-0.0071086367	-0.0067302744	0.0216645272	-0.0406874773	0.0502435131	-0.0078690506	0.0886973586	0.1342289824	-0.0046889875	-0.0947605664	0.0413707965	0.013969216	-0.0835074395	-0.0722962287	0.1244112138	0.0494419305	-0.0539875622	0.0154260267	0.0273968677	-0.0865018284	-0.0481885077	-0.0035209271	-0.1263800504	-0.0646302662	-0.1093791199	-0.0932785383	-0.075123539	0.1048191885	-0.0239296736	-0.0619218161	-0.0560212833	0.1197605978	0.0	0.00915646	0.0176184099999999	0.000310408370928	8.38407597316e-05	0.0450368	0.0047239	0.00202831335424	2.2315231210000028e-05	-0.0791165	-0.0165658	0.00625942057225	0.00027442572964	0.000539125	-0.000121682	1.4806509124000004e-08	2.90655765625e-07	-0.000590415	-3.978399999999996e-05	3.48589872225e-07	1.5827666559999964e-09	0.000148702	0.0001065404999999	1.1350878140249998e-08	2.2112284803999995e-08	0.0	0.0	0.0	0.0	0.0	0.0	0.0
270.91341487363337	-0.0529556435841414	0.0028043001874106	73394.0783584934	241.8560448960141	1.1952482558585589	58494.34645274279	1.4286183931329264	201.33117243975576	0.2351569542517495	40534.24099596667	0.0552987931329594	200.9674518419349	281.2146572995213	0.994684	20.959707	0.0447195249999999	0.0226899	-0.0042369916	0.1547225936	0.0341184961	0.1088134301	0.0325027196	0.0920564821	-0.0251977009	0.2073360848	0.0447106135	0.0472310992	-0.0821066705	0.1380687113	0.073398343	-0.0632979839	-0.208983934	-0.0447842072	-0.0149181594	-0.0050710089	-0.0970139613	-0.1962113029	0.0413938124	-0.0726840343	-0.1907711688	-0.0372708922	-0.0055884038	-0.0847983727	0.0404865899	-0.0236787886	-0.0985023823	-0.1198896258	-0.0507524177	-0.0008342567	0.0289726711	0.0947985062	0.1462744416	0.0944452224	-0.0387470029	-0.0654538517	-0.1709266633	-0.0225901647	0.2234722809	-0.0436582446	0.0919565247	0.0044317572	-0.06925482	-0.0813654892	0.0763245145	0.0917859258	-0.0812230243	-0.065135055	-0.0013544309	-0.0049038274	0.0803000264	-0.0480728632	-0.1064759561	0.0862247005	0.043834647	-0.0116292931	0.042509948	-0.0102964252	-0.106347334	-0.0455818829	0.0392742631	0.0538949541	-0.1545769509	0.1255710188	0.0745100384	-0.1393050161	-0.072674229	0.0929170177	-0.2033816264	0.0089111699	-0.0003673685	-0.0282214707	-0.0962200878	-0.0038760495	0.0290723806	-0.1325441752	0.0103426926	-0.0471966352	0.0276650265	-0.1332808439	-0.1088632451	-0.0928125659	0.0741603095	0.0392251556	-0.173194107	0.1038342178	-0.0915324667	-0.016758034	-0.1935901836	-0.0105513013	0.0706583567	0.0666681895	0.0551515298	0.1323897345	-0.0287869097	-0.041725398	0.0258607137	-0.0206706452	0.1205044197	0.0121210781	0.1000466641	0.000864803	-0.0767459164	0.0358536121	-0.0597531444	0.0200570003	-0.0865283514	-0.0205306861	0.1063992893	-0.0237674613	0.1155834578	0.0004643003	0.1207832437	0.1457277268	-0.019895778	0.0807131269	0.0727783751	0.0341934252	-0.005749125	-0.086515391	0.063585512	-0.014113217	-0.0748902659	-0.0606756874	-0.0041945477	-0.0599365742	0.031056403	0.0048898838	-0.048320609	0.0068863389	-0.1084440779	-0.0277648192	-0.1228166799	0.0435697059	-0.0927453879	-0.0642277237	-0.0511711914	0.1190264491	0.0	-0.00755879	-0.01671525	0.0002793995825625	5.71353062641e-05	0.047745	0.0027082	0.002279585025	7.334347240000005e-06	-0.0906099	-0.0114933999999999	0.0082101539780099	0.0001320982435599	0.000379656	-0.0001594689999999	2.5430361960999992e-08	1.44138678336e-07	-0.000600459	-1.0044000000000068e-05	3.6055101068100003e-07	1.0088193600000138e-10	4.21615e-05	-0.0001065404999999	1.1350878140249998e-08	1.77759208225e-09	0.0	0.0	0.0	0.0	0.0	0.0	0.0
270.93006948417246	0.0166546105390921	0.0002773760522088	73403.10255069852	241.3218384691187	-0.5342064268954232	58236.229722115415	0.2853765065363751	201.45629073825813	0.1251182985023717	40584.63707801759	0.0156545886201286	201.098139117697	279.73305513179565	1.120204	23.604641	0.048411935	0.0215804	0.0637006771	0.1504053979	0.0062736009	0.138157972	-0.0731384448	0.0604896318	0.0567005957	0.1917823366	0.0554187896	0.0434418274	-0.064494683	-0.0362084213	-0.0264867577	-0.0811637286	-0.0877827382	-0.0134650462	-0.0044822046	-0.035745091	-0.1457608768	-0.1127627951	0.0956776145	-0.0899533468	-0.087114831	0.0846634281	0.0143561464	0.1971974567	-0.1140257692	0.1093881537	0.1163318717	-0.0940778908	-0.0212662014	0.0478374521	-0.0158823173	0.0467219611	-0.1008912622	-0.0084510027	0.027330768	-0.0979575507	0.0549548373	-0.039602408	0.0425518121	0.0539175086	-0.0007962919	-0.0738227101	-0.198576374	-0.039293287	-0.0582663482	-0.0211897573	0.0250257326	-0.1449176769	-0.1030998474	-0.1003301977	-0.0302613724	-0.0743810711	0.2046615018	-0.0406411555	-0.1692397794	0.0419167353	0.0712687581	-0.0772365145	0.0864644804	-0.0309329854	0.1523167129	-0.2758881046	-0.066219958	0.1231756662	0.1202626695	-0.0826295504	0.0067675144	0.1118035943	-0.0845550483	-0.0765329978	0.0007893589	-0.0359379604	0.2629720833	-0.031191532	-0.1063610034	-0.0278975436	-0.0070258874	0.0211483716	0.0517414712	-0.0516309999	0.0808888822	-0.0415129559	-0.0806632998	0.1185862444	0.0183056016	0.040258739	-0.0203380803	-0.0474392289	0.0187693262	0.1402630894	0.1861071597	-0.0719096825	-0.0202950659	-0.018254648	-0.0540852846	-0.0826892687	0.1271447879	0.1578945659	0.0150880539	0.0100398678	-0.210713612	-0.037942952	0.1600302026	-0.0174770892	-0.0748301016	0.0546946935	0.0934326765	-0.0960428329	0.0465570707	0.2822925183	0.0304451333	0.0609302358	0.0673218821	0.1534925123	-0.0629980982	0.0127191726	-0.0920178114	-0.0608239013	-0.0200691254	0.0061596733	0.0715127187	-0.1120790287	-0.0969734236	-0.0945908428	0.0435024966	-0.0767029864	0.1508068659	0.0533565291	-0.1132230913	-0.0335098338	0.0651295018	0.0496147141	-0.1161780913	0.0743719482	-0.0724778329	-0.0665008237	-0.0462165596	0.1177452974	0.0	-0.0168872	-0.00932841	8.701923312810004e-05	0.00028517752384	0.0333281	-0.0144169	0.00111076224961	0.00020784700561	-0.0790926	0.0115172999999999	0.0062556393747599	0.0001326481992899	0.000452201	7.254499999999998e-05	5.262777024999997e-09	2.04485744401e-07	-0.000640056	-3.959699999999994e-05	4.0967168313599993e-07	1.567922408999995e-09	0.000193006	0.0001508444999999	2.275406318024999e-08	3.7251316036e-08	0.0	0.0	0.0	0.0	0.0	0.0	0.0
270.950213579042	0.0201440948695221	0.0004057845581123	73414.01823852847	241.6728480248838	0.3510095557651027	58405.76547245858	0.1232077082384147	201.5017662070912	0.0454754688330751	40602.961784577245	0.0020680182655879	201.1493644891269	281.90412390630826	1.201806	25.324142	0.05069165	0.0284675	0.1487658716	0.1411776355	-0.0021621433	0.1111773941	-0.0526221164	0.0078063968	0.1428200715	0.1397996216	0.0178086804	0.0717078323	-0.0803545801	0.0099317665	-0.0630653724	0.0367610122	0.0315038549	0.1583046809	-0.0481679525	-0.1326444524	-0.093027181	-0.0751811253	0.0557262202	-0.0717922016	-0.0275324989	0.0216714004	0.0266807375	0.0504365243	-0.0054845238	0.0200979645	-0.1130858709	-0.0214774054	-0.0420650715	-0.0997926838	0.0769066623	0.0592202471	0.0885218558	0.0802018549	0.0423077789	-0.0143415855	0.1168708733	0.0606303132	-0.0966942944	-0.0793973491	0.0888490901	0.046577413	-0.1567600674	-0.0149090998	-0.0240431564	0.1864297839	0.1489107505	0.0709682023	-0.1914665856	-0.1136922229	-0.0695873676	0.0891816548	0.1062282564	-0.0243533228	-0.0147260754	0.1028302964	0.0355712362	-0.1073090878	-0.1223716937	0.0671530939	-0.0272972526	0.1035984737	0.0734352131	0.0353789668	0.1697669481	-0.0613301192	-0.0107896295	0.0764823095	-0.0120973604	-0.0326783458	-0.0058366175	0.048213787	0.0320876593	0.0098519298	0.0998497279	-0.0425073088	0.033626517	-0.0810996421	-0.0902754586	-0.0571566645	-0.1030436807	-0.0882022259	-0.1039259087	-0.0381289281	0.1310624618	-0.0794337858	0.0236096008	0.0689732826	-0.0842026049	-0.0319318674	0.1749956877	-0.0447701859	0.1436469291	0.0011545076	0.1485743615	-0.0581886409	-0.0240508766	0.2127725089	-0.0578422501	-0.0127588959	-0.1127225732	-0.0256588615	-0.0056018678	-0.1012934877	-0.0221758089	0.1496310713	-0.1394615475	-0.0046347075	-0.0285382625	-0.1248509335	-0.0417077739	0.1200110709	0.0429918968	0.1423995256	-0.0092690931	-0.1050743527	0.0455091687	-0.0520169431	-0.0446226077	0.036400277	0.0191293836	-0.0828326838	-0.1398751333	0.0371800971	0.0005085897	-0.0812185083	0.0606571665	0.1726027426	-0.0193549846	-0.000502914	-0.0486860947	-0.1524417257	-0.0318230247	-0.0028047151	0.0797935139	-0.0687399551	-0.0411675101	0.1159230303	0.0	-0.0169143	-2.7099999999998653e-05	7.344099999999271e-10	0.00028609354449	0.0529182	0.0195901	0.00280033589124	0.0003837720180099	-0.0968294	-0.0177367999999999	0.00937593270436	0.0003145940742399	0.00049047	3.826900000000001e-05	1.4645163610000007e-09	2.405608209e-07	-0.000839546	-0.00019949	7.04837486116e-07	3.979626010000003e-08	0.000164012	-2.8993999999999987e-05	8.406520359999993e-10	2.6899936144e-08	0.0	0.0	0.0	0.0	0.0	0.0	0.0
270.2480237679461	-0.7021898110958773	0.4930705308068638	73033.99435048037	240.42866427619177	-1.2441837486920235	57805.94260563373	1.5479932005093364	201.6016104545819	0.0998442474906937	40643.20933788099	0.0099688737569829	201.2738427491119	280.2349919695343	1.125418	23.714516	0.045179975	0.0243527	0.1645306723	0.090250372	-0.058694877	0.042884189	-0.0513745911	-0.0384525298	0.1700804833	0.064830027	0.0377206313	0.0663243458	0.0145729717	0.0785903523	0.0404952797	-0.0900162187	0.1641213535	0.142020782	-0.0201012912	-0.1083733927	-0.144408349	-0.018274175	0.0724209716	-0.0344338977	-0.0062573725	0.0111054061	-0.1616574197	-0.0105504053	6.32021e-05	-0.0275060607	-0.1229551437	0.1333869475	0.022052264	-0.0399653999	-0.1125645885	-0.0788228005	-0.08834931	0.1319434654	0.0385798646	0.0632551247	-0.0299462068	-0.0306915597	-0.0217328824	0.1461277858	0.021517281	-0.0213996242	0.0922240522	0.0211662016	-0.0365349133	-0.1551031461	-0.0633492817	0.1197122696	-0.1046342052	-0.0903861645	0.0805488292	0.0624547194	0.1503291829	0.0729964775	-0.042466948	0.0775265474	0.0052379437	-0.0264216393	0.1202809668	0.0322875387	-0.1052257644	0.022823236	-0.1263425327	0.0633929431	0.1746445187	0.0001468837	0.0341658595	0.0434855772	0.0001822796	-0.0280942721	0.1843477788	0.0070702808	-0.0389569113	0.0198489186	0.1510305128	0.0948714877	0.0301786832	0.0657858242	-0.0513667381	0.1040298215	0.0738075582	-0.0971633928	0.010925802	-0.0674481052	-0.0663054028	-0.0034076942	0.0417404416	-0.1481405816	0.0554576112	0.0122369334	-0.1182293424	-0.0362593255	-0.0980504785	0.0007382428	-0.1283388431	-0.030026046	-0.1067953561	0.1596961245	-0.0839646014	0.0982501851	-0.0658792048	-0.1105804643	0.0402639288	0.0153584052	-0.0052085983	0.0595546667	0.1294331769	0.0608343385	-0.0362961903	-0.0431793292	0.0602835831	0.1371236931	0.0338975072	0.1067380135	-0.0301920607	0.1545821019	0.1352393074	0.0186569475	-0.0102870065	0.0688735834	-0.0880443798	-0.0246544516	-0.1334418015	0.0475344482	-0.0387226551	-0.0496702221	0.0062453929	0.0940649581	0.0220200843	0.1280004326	-0.0860643127	-0.1244407431	0.0358053548	0.0125388471	0.0413605231	-0.070943974	-0.0360343578	0.1135680224	0.0	-0.0169015	1.2800000000000313e-05	1.6384000000000796e-10	0.00028566070225	0.073145	0.0202268	0.005350191025	0.00040912343824	-0.0998468	-0.0030174	0.00996938347024	9.10470276000002e-06	0.000384141	-0.000106329	1.1305856241e-08	1.47564307881e-07	-0.000629266	0.00021028	3.95975698756e-07	4.421767840000004e-08	4.21615e-05	-0.0001218505	1.484754435025e-08	1.77759208225e-09	0.0	0.0	0.0	0.0	0.0	0.0	0.0
269.9582538927371	-0.2897698752090036	0.0839665805786415	72877.45884481551	239.65125060725856	-0.7774136689332067	57432.72191762305	0.6043720126441896	201.34388890463924	-0.2577215499426586	40539.36159924371	0.0664203973048462	201.03539268604223	275.6703732505939	1.187714	25.027201	0.0864397	0.0514483	0.1592431363	0.0110819871	-0.1285542714	-0.0125398076	0.0115231025	-0.1878016003	0.1792215938	0.0044810431	0.0765127536	0.0997411731	0.117507883	-0.015397081	0.0039813659	0.1122535053	-0.0064062606	0.0202153597	0.072684784	-0.1756824043	-0.0313605202	-0.0266302199	0.0534902275	0.0624402402	0.0744938404	0.0025413074	-0.0334728596	0.0542983205	0.0032716872	-0.1765407103	0.0180536078	0.1238044142	-0.0232583599	-0.0595680939	0.060440071	-0.0630318728	0.0481897821	-0.1473189746	-0.0340655302	0.1401118158	0.1007657002	-0.0761985135	-0.073018119	-0.0490329376	-0.1815875616	-0.0672901901	-0.0833916716	0.0187920599	-0.1123246859	-0.1236059159	-0.0211999703	-0.0773586725	0.0203380137	0.0256198497	-0.0183161118	0.0071863156	-0.0874039032	-0.0130793815	-0.0610469654	-0.0514912455	-0.0876568703	-0.018976655	0.0242396343	-0.0168899504	0.1476667065	0.0388979782	0.0589942428	-0.0370651694	0.1730760249	-0.051140314	0.0084253935	-0.0687308911	0.0805565633	0.0142257081	0.0390678292	0.117517168	-0.0184388968	0.1397615444	-0.0309333268	0.0948824995	0.0265908179	-0.0768136811	-0.0842292679	0.0422265371	-0.0399140666	0.1783834775	0.0560733544	-0.0762905885	0.0687976974	0.0708547427	0.0251422062	0.0767118843	0.2142839573	0.0893898273	0.0834216208	-0.0241432306	-0.0577149134	-0.1160286217	-0.1100016813	-0.026947402	0.0501774552	-0.0512826395	-0.0057512234	-0.0585188128	0.0782117135	0.0320705347	0.049992847	0.0469980841	0.0841085326	-0.0003331396	-0.0028165011	-0.0246657073	0.1217260016	0.0163487118	-0.0566094597	0.1716018852	-0.0259219801	0.0638833053	-0.0666005278	-0.0166074773	-0.0431312714	0.0435814252	0.0558024185	0.0661589396	-0.1408659353	-0.1495223653	-0.0447770398	0.0157492313	-0.0011131306	0.0330496569	0.0081834056	0.0094952858	-0.0320195286	0.0584905012	-0.1781163693	0.0400219364	0.0168034577	-0.0193441208	-0.0427855923	-0.0731117546	-0.0308275893	0.1106910964	0.0	-0.0331861	-0.0162846	0.00026518819716	0.00110131723321	0.0334603	-0.0396847	0.0011195916760899	0.00157487541409	-0.100332	-0.0004852	0.010066510224	2.3541904000000493e-07	0.000928016	0.000543875	2.958000156250001e-07	8.612136962560001e-07	-0.000685095	-5.582900000000008e-05	4.693551590250001e-07	3.1168772410000086e-09	4.21615e-05	0.0	0.0	1.77759208225e-09	0.0	0.0	0.0	0.0	0.0	0.0	0.0
270.0681200046511	0.109866111914016	0.0120705625471031	72936.78944284664	240.07067728472185	0.4194266774632922	57633.93009194506	0.1759187377678965	201.124539814334	-0.2193490903052293	40451.080515527625	0.0481140234177316	200.8635143003602	274.7332420954105	1.069113	22.528053	0.05425515	0.0242752	0.1245066733	-0.0257053276	-0.1213190317	-0.0317212277	0.0534018267	-0.0763260872	0.1643657362	-0.0411309818	0.0014131608	0.0276806367	0.0447760168	0.1110549608	0.0384050808	0.0416695896	-0.0366190027	0.0610305756	0.0610867562	-0.128423227	0.0502015486	0.085220378	0.0855852235	0.0161219333	0.0605387844	-0.0552916106	-0.151979492	-0.0297185223	0.0657027798	-0.1487859411	0.0677186926	-0.0553335976	-0.0468874527	0.0050436333	0.1160737288	-0.1981724262	-0.0030693355	0.0492791719	-0.1085110689	0.0730265415	0.005891081	0.1172712645	0.036316481	-0.0705685275	0.0273825505	-0.07871766	-0.0266360434	0.0019615282	-0.0745215987	-0.0293349714	-0.0484569624	0.0186541958	0.0923746429	0.0605929529	0.0537945197	0.0892997577	0.0008182618	0.0282986621	-0.0455667057	-0.0714690486	0.1156747585	0.0869677968	-0.0319676908	0.0291310677	-0.1044927926	-0.0827743693	-0.1457047331	-0.0998498665	0.1012894719	-0.0083316266	0.1137474894	-0.0236229892	0.0760216363	0.057303286	0.1409093069	0.0337755121	-0.1165166245	0.100316844	-0.1044937394	-0.0448809174	0.018558186	-0.149485962	0.0049013414	0.1773677746	0.0118956596	-0.0358327333	0.1292036131	-0.0442949291	0.0501376059	-0.0623210689	-0.0820290474	0.0676686065	-0.0768373852	0.077562107	0.0274203879	0.023652913	0.0263223137	-0.0210114013	-0.0519417642	0.0356213722	0.0038118959	-0.0842703543	-0.1234837813	0.0507239552	0.0560060726	-0.0158300961	0.0310863552	0.0304168877	-0.1244546121	-0.1091153993	-0.0009750773	-0.0054716304	-0.1502040174	0.0166701509	0.153269481	0.1642013525	-0.0433213742	0.0044720348	-0.0429680736	-0.0151416015	0.1395906055	0.0938151721	0.0452899556	0.0167052921	-0.1209517773	-0.1004115778	-0.0487881638	-0.0255799468	0.1388338092	0.0655363788	0.1097931589	-0.0776557349	-0.1010593707	-0.0669016897	-0.0367291969	0.0907040597	0.0263661252	0.0017897915	-0.0555887849	-0.0752421898	-0.0255578418	0.1073054737	0.0	-0.0282644	0.0049217	2.422313089000005e-05	0.0007988763073599	0.0460711	0.0126107999999999	0.0021225462552099	0.0001590322766399	-0.113196	-0.012864	0.012813334416	0.000165482496	0.00068538	-0.000242636	5.8872228496000034e-08	4.697457444e-07	-0.000919632	-0.0002345369999999	8.45723015424e-07	5.5007604368999975e-08	4.21615e-05	0.0	0.0	1.77759208225e-09	0.0	0.0	0.0	0.0	0.0	0.0	0.0
269.98037385771687	-0.0877461469342506	0.0076993863018071	72889.40226835257	239.2761547780252	-0.7945225066966657	57253.078245357465	0.6312660136475532	200.97775425882733	-0.1467855555066819	40392.05770692159	0.0215459993054052	200.73637442547343	274.5365680170169	0.956442	20.153889	0.0566908	0.0309669	0.1071175728	-0.0567810078	-0.1150667702	0.0103824759	0.0889367728	0.0192503315	0.1442611329	-0.0713543714	0.0508124614	0.0314067654	0.0902117181	-0.0160989113	0.0651511792	-0.0394331243	-0.1502752359	-0.0136155948	0.0333757075	-0.1723411563	0.1325228	0.0118963994	0.1088120203	0.0899513234	0.0497382339	0.1074910881	-0.0901290719	-0.1537698986	0.0290806155	0.1109756374	-0.116080373	-0.0151117854	-0.0712981615	0.0145988476	-0.0514817879	-0.0760799472	0.0230867894	0.0005794845	0.0493338374	0.0025129595	-0.0524750416	0.0743190846	0.0654013077	-0.1282449267	0.0261722838	-0.1775107086	0.0018144268	0.1648067656	-0.0558249126	-0.1356034547	-0.1096087485	0.1730239171	-0.1710559496	-0.0753921795	-0.101078027	0.0445391273	0.071954368	0.0327965315	-0.0007937792	-0.0846521589	-0.060997251	0.0049470876	0.1302666577	0.0351214196	0.0654266156	-0.1166074147	0.0768375499	-0.1705947392	0.0991635301	-0.1064244201	0.0984850256	-0.0909296662	0.0606759609	-0.1029360864	0.0662462984	-0.1247516001	-0.0999871501	-0.0832770589	0.1289825967	-0.0426385943	0.0854580234	-0.0076367843	0.0239966978	0.0964865339	-0.0651520758	-0.0282880316	-0.0173969989	-0.0150619382	-0.0370528395	-0.0024225631	-0.0344089996	0.1549224588	-0.0860791528	0.1757494167	-0.0869510439	-0.0879738742	-0.078777065	-0.0163140437	-0.1005858001	-0.1354255021	-0.1965292366	0.1091216758	-0.1060689007	-0.1240964723	-0.0418927437	-0.0325528392	-0.0001318801	0.1129325593	0.0538034532	-0.0400815478	0.0823457149	-0.0108036214	0.0320468512	0.0565300761	-0.0927807565	0.1664544313	-0.0010754164	-0.0104062949	-0.1098566249	0.0274059188	-0.0623444105	0.1008144441	0.0209565033	-0.0401340757	-0.0799483967	-0.0191746377	-0.0339865494	-0.0313948574	0.0490842228	0.0195572565	0.0056374808	-0.1048141403	-0.0708213337	0.0009714785	0.1213836578	0.1242537189	-0.0402566346	0.0597292164	0.0729845588	-0.0773341911	-0.0202358811	0.1034267134	0.0	-0.0244696	0.0037947999999999	1.440050703999998e-05	0.00059876132416	0.042671	-0.0034000999999999	0.001820814241	1.1560680009999974e-05	-0.0844793999999999	0.0287166000000001	0.0071367690243599	0.00082464311556	0.000922926	0.000237546	5.642810211600002e-08	8.51792401476e-07	-0.000741592	0.0001780399999999	5.49958694464e-07	3.1698241599999995e-08	4.21615e-05	0.0	0.0	1.77759208225e-09	0.0	0.0	0.0	0.0	0.0	0.0	0.0
270.14288289859	0.1625090408731466	0.02640918836551	72977.17718076131	239.5264100147797	0.2502552367545263	57372.90109456836	0.062627683523064	200.8326190609904	-0.1451351978369359	40333.74087889688	0.0210642256511665	200.65719056060348	276.045724400737	1.009362	21.269014	0.0700245499999999	0.0362356	0.0978379817	-0.0841855662	-0.0881860679	0.021751962	0.1059131799	0.1062312572	0.1283587937	-0.0996879173	0.0324964367	0.0213710298	-0.037576645	0.0780999418	0.0608324809	0.0497193551	-0.1174295329	0.0069269434	-0.0191069879	-0.1362807693	0.1986074296	0.0184737251	0.0959362364	-0.017520318	0.0199667592	-0.0285868991	0.0551595215	-0.054799529	-0.1611674617	-0.0590068058	-0.1335263624	-0.1802806586	-0.0519851301	0.0301618629	-0.1383311804	-0.0146187029	0.1098797486	0.0180107543	-0.0881909533	0.0989010649	-0.1295230113	-0.1142387315	0.1010660511	0.0728438577	-0.083856131	0.1880623049	-0.0905769843	0.0899772347	0.0440431432	0.026958616	-0.062680806	0.0663313976	0.02234598	0.0908810645	0.0569519068	0.1531151461	-0.1201944981	-0.066281423	-0.0568424039	0.0503661866	0.1523599534	0.1168708823	0.0520606024	-0.0032898882	0.0448729142	0.0931941616	0.0619917665	-0.2193815223	0.037747159	-0.1180369816	0.0974343994	0.0103845356	0.0025466068	0.0391490544	-0.0791162802	-0.1043325483	0.015266144	0.1337046074	0.1008130382	-0.1895276167	0.041891144	0.099872862	0.0541343	-0.017936574	-0.0984785707	-0.0593752453	0.1892282077	-0.0287059373	-0.1706403821	0.1135292399	-0.0193015053	-0.0638222958	0.0456056684	-0.1476907904	0.0761989272	-0.1613274295	0.0443102052	0.0424361594	0.0672937159	-0.0342359831	-0.0454346988	-0.0933614419	-0.1497990078	0.0446498461	0.1593509392	0.0343052998	0.1274652148	-0.0946236378	-0.0925948871	-0.0921020296	0.067080329	0.0263903568	0.0195341163	-0.0498044553	-0.1075096866	0.1622141531	-0.0121366275	-0.053156722	-0.0504976516	-0.0741889995	0.0454815593	0.0713210004	-0.0123170824	-0.0800576039	0.0187191596	-0.0457857374	-0.0226773733	-0.1098365762	0.1323177661	0.0548067848	0.2080191778	0.0155472754	-0.1075561739	-0.0081446069	0.0412013296	-0.044631997	0.138549634	-0.1249414884	-0.0790735012	-0.07938669	-0.0148725796	0.0990726408	0.0	-0.0332219	-0.0087522999999999	7.660275528999996e-05	0.0011036946396099	0.0294479	-0.0132231	0.00086717881441	0.00017485037361	-0.110885	-0.0264056000000001	0.0122954832249999	0.00069725571136	0.00118158	0.000258654	6.6901891716e-08	1.3961312964e-06	-0.000915809	-0.0001742169999999	8.387061244809999e-07	3.0351563088999984e-08	4.21615e-05	0.0	0.0	1.77759208225e-09	0.0	0.0	0.0	0.0	0.0	0.0	0.0
270.28138887504963	0.1385059764596121	0.0191839055150306	73052.0291722258	240.6905606265541	1.1641506117743745	57931.945974724906	1.3552466468946505	201.0693392736672	0.2367202126768006	40428.879195949085	0.0560364590897497	200.9168965878694	276.3137869730403	1.020875	21.511604	0.0822215749999999	0.0430879	0.0834724074	-0.0964365827	-0.0429793126	-0.0127730262	0.0678999515	0.2544119308	0.0926326552	-0.0619682594	-0.0326309323	0.0255282059	0.0406236381	0.0131164714	0.1738906161	-0.1348332891	-0.0656251422	-0.0862605042	-0.0069457909	-0.11571632	0.1170607658	-0.0017852123	0.0146682451	-0.0164747827	-0.0461541723	-0.0894892253	-0.0506571642	-0.0784541288	-0.0331172101	0.116508989	0.1614060445	-0.0417304131	0.0287310065	-0.0435166155	-0.0188984618	0.0459079999	0.0133503835	-0.0239130998	0.1095501987	-0.0298499035	0.0630385142	0.0695554743	0.099144428	-0.0197002837	-0.0556174289	-0.0316446957	0.0367803349	-0.1696047176	-0.0619113404	-0.1187548598	-0.1041129329	-0.0845832027	0.1208955672	-0.1187093508	0.016463063	-0.0544682418	-0.0391422327	0.1339877778	0.002098334	-0.0337076848	-0.0032317502	0.0952174285	-0.1800133299	0.0416792416	-0.0421270069	0.0870006161	0.0380854607	-0.1785752567	0.0365224354	-0.0518039704	0.0017504831	0.0212240864	-0.0785520258	0.0998048643	0.0293768024	-0.1492358899	0.0121922618	-0.1112903575	-0.1268647062	0.0078221751	-0.0486176909	0.0570418957	-0.0631580849	-0.0231508477	-0.0081210066	0.0085169533	-0.1012422995	0.0121221652	-0.0591783719	-0.0075074394	-0.1510694617	0.0063634289	0.0775197498	0.0180843795	0.0127516339	0.1536281177	-0.0610312839	0.0223986312	-0.2185006381	0.0980498829	0.0895976667	0.0338743829	0.0123241792	0.0099271075	0.0265911676	-0.0547596639	-0.0637676538	0.0201069075	-0.0468991502	-0.130140376	-0.1661789374	-0.0248280686	-0.0821992205	-0.0828893352	0.0296356991	0.1388574491	0.0410308165	-0.0718772363	-0.0174032694	0.1339933612	-0.0164324639	0.0486548563	-0.0650396655	-0.1908203803	0.0520170008	-0.0388557844	0.0305199516	-0.1479885968	0.0224806567	0.0894905217	0.1790051693	0.1436348215	0.0071270144	0.0610618981	-0.0543043206	-0.0209856102	0.0586351531	-0.0541065209	0.0472651552	-0.0813986382	-0.0094788943	0.0942632658	0.0	-0.0232314	0.0099905	9.981009025e-05	0.00053969794596	0.0630573	0.0336094	0.00397622308329	0.0011295917683599	-0.11341	-0.0025249999999999	0.0128618281	6.375624999999997e-06	0.0007522969999999	-0.0004292830000001	1.8428389408908587e-07	5.659507762088495e-07	-0.00105676	-0.0001409509999999	1.1167416975999998e-06	1.9867184400999983e-08	0.000193861	0.0001516995	2.301273830025e-08	3.7582087321e-08	0.0	0.0	0.0	0.0	0.0	0.0	0.0
270.2058789111068	-0.0755099639428067	0.0057017546546439	73011.21699812372	239.8717178331839	-0.8188427933701803	57538.4410162426	0.6705035202542797	201.3043320559891	0.2349927823219104	40523.43410450793	0.0552216077433927	201.08020835544752	276.16651553774926	1.141227	24.047632	0.0616018249999999	0.0303172	0.0349130675	-0.1136063251	0.0183180153	-0.0503600689	-0.0275139564	0.1531942359	0.0386515611	-0.0939843152	-0.0285598873	-0.0133691686	0.0275307686	-0.0510841221	0.0794919288	0.0701250713	-0.0247045748	-0.0756867241	-0.0264739049	-0.0250014391	0.0803941802	0.0441241588	-0.1152214041	0.0106026988	0.0518952872	-0.0026029921	-0.016051364	0.0522895282	-0.1968803205	0.0701821846	-0.0245014693	-0.0148282016	-0.0278489283	0.0165817872	0.0829674057	-0.0232581377	-0.2169392062	0.073610618	0.1450836085	-0.0018499579	0.0599919923	-0.0011813679	-0.0023041301	-0.0534972935	-0.0056638839	-0.0646599079	-0.1333193152	0.0973669033	0.0031688097	-0.0763722122	0.1070787267	-0.0643104581	0.0020488814	-0.0783226684	-0.0877286577	-0.1618834578	-0.1260899851	-0.0221995817	0.0442129259	0.0333109297	0.0321133386	-0.0098650441	-0.0378457605	0.0716689592	0.0154822481	0.0829564633	0.0852673279	-0.1175182657	-0.0496096458	0.06076978	-0.0782139631	-0.021085842	0.0485977852	0.033913145	0.0007612875	-0.111383691	0.1636545884	0.0627618611	0.0629660517	-0.006307322	0.0089762723	-0.0736106009	0.0009593562	0.0455521973	0.1791342354	-0.068083654	-0.1714928816	-0.0185487909	0.0192092514	0.0149042321	0.0168722273	0.0614619073	0.0336562976	0.1242530298	0.0872709824	-0.0998755397	-0.1130910248	-0.055452384	0.0125023316	0.0356977862	0.0557039065	0.0319257772	0.1919314279	-0.116542334	0.0447043196	0.0423005214	-0.0419261431	-0.0923717295	-0.0527907781	-0.0041827053	-0.0447532323	-0.0509719008	-0.0476544064	-0.0988160471	-0.1257625229	0.0481937046	0.0223233864	-0.1087925995	0.0003821443	-0.0477445725	-0.0595484098	-0.0043390367	0.0085193304	-0.0233540386	0.0805807463	-0.2100325241	0.0205660533	-0.028267811	-0.1233772982	0.1209691531	0.0858741883	-0.0851941872	0.1028884972	0.0685824813	0.0139891374	0.0587337468	0.0248314232	0.1237386105	0.0762081902	-0.0833690079	-0.0040658442	0.0890206905	0.0	-0.0332654	-0.010034	0.000100681156	0.00110658683716	0.0441061	-0.0189511999999999	0.00194534805721	0.0003591479814399	-0.127912	-0.014502	0.016361479744	0.000210308004	0.00095348	0.0002011830000001	4.0474599489040254e-08	9.091241104e-07	-0.00104735	9.409999999999844e-06	1.0969420225000002e-06	8.854809999999706e-11	4.21615e-05	-0.0001516995	2.301273830025e-08	1.77759208225e-09	0.0	0.0	0.0	0.0	0.0	0.0	0.0
270.2571308036393	0.0512518925324911	0.002626756488162	73038.91675021542	241.25279595615623	1.381078122972326	58202.91155666275	1.907376781752764	201.42321494288697	0.1188828868978646	40571.31151792844	0.0141331407971704	201.156448903844	276.14533716887064	1.0777	22.709011	0.0422125499999999	0.0258678	-0.0103274199	-0.1080821536	0.0466445308	-0.1064379407	-0.0629308384	0.0306550349	-0.0156338507	-0.0907729722	-0.0544148954	-0.0763499421	-0.0899350983	0.0525579521	0.0635731734	0.0591935882	0.083028338	0.0233524857	-0.008458929	-0.0217791534	0.0467458438	0.0123006041	-0.1245234346	-0.1127643676	-0.0990855286	-0.1475544968	-0.1228973299	0.0009193912	-0.0188828549	-0.1328619467	0.0968065458	0.0526511434	-0.0088017245	-0.0840788939	-0.0232389844	-0.1552649332	-0.0859895441	-0.0878637189	-0.0020041299	0.0673149644	0.0477338336	0.1298648856	0.110688519	0.1354181157	0.0265662214	-0.0125133151	-0.0766185937	-0.0156260068	0.0335748148	0.0606030441	0.0255343274	-0.02789123	-0.0085206321	0.1261182721	0.0138291458	-0.0186593521	0.0855260378	-0.0717216398	0.0314690805	0.0454246885	0.0926783368	-0.0060725586	-0.076054627	-0.064412505	0.0854096319	0.1090042617	0.1309171896	-0.077676177	-0.0325203478	0.056998204	-0.10277546	0.1096368717	-0.0904926815	0.1070828264	0.1192436076	0.0431363556	-0.0365482515	0.1160058076	-0.0814799346	0.0666197478	0.0459803733	0.0449534754	-0.0907678632	0.1787281611	0.0688083901	0.0953242842	0.0369377332	-0.0391655246	-0.0144690823	-0.0867257975	-0.156426126	-0.1040524327	-0.0395879619	0.0475573003	0.0767899933	-0.0287634636	0.0589538333	0.0069967852	0.0730013424	-0.0016254075	-0.0054800097	-0.1333664725	0.0087447271	0.0713173281	-0.0951244956	0.0397132353	0.0167106704	-0.0847631964	-0.1001124642	0.0289980432	-0.0908751071	0.0525628829	0.0606142101	-0.0232153628	-0.1291007728	0.0082247449	0.0523788098	-0.1286501488	0.0252621546	-0.0424476513	0.1441666109	0.0055703926	0.0048145499	0.0340354544	0.0088337495	-0.1855372417	0.0399130559	0.048626805	0.0199007715	-0.0463039047	0.1760863572	-0.0700975661	0.129881933	0.0436819946	-0.0104002913	0.006434648	0.0397119557	0.0303035063	0.0129050142	-0.0852967926	0.0013555122	0.0833690079	0.0	-0.0332759	-1.0499999999996625e-05	1.1024999999992908e-10	0.00110728552081	0.0568756	0.0127694999999999	0.0032348338753599	0.0001630601302499	-0.135062	-0.0071499999999999	0.0182417438439999	5.1122499999999855e-05	0.000515919	-0.000437561	1.9145962872100005e-07	2.66172414561e-07	-0.00105544	-8.089999999999877e-06	1.1139535936e-06	6.5448099999998e-11	4.21615e-05	0.0	0.0	1.77759208225e-09	0.0	0.0	0.0	0.0	0.0	0.0	0.0
269.8859237260505	-0.3712070775887923	0.1377946944520117	72838.41182546355	239.95092753247096	-1.3018684236852778	57576.44762369313	1.69486139258879	201.36455792985728	-0.0586570130296877	40547.68519028685	0.0034406451775649	201.085823401852	274.2620264506945	1.082741	22.815229	0.0795494749999999	0.0353105	-0.0559808208	-0.0982936433	-0.011650431	-0.1322495155	-0.1059048228	-0.0374405675	-0.0264473469	-0.082947272	-0.0355009898	-0.0413139363	0.0176163223	-0.142378718	0.0808413018	0.0060938968	0.0076412836	-0.0090288721	0.0406912396	0.0522320391	-0.0213771078	0.0209479546	-0.1408651849	-0.059081461	0.0784855246	0.0125373582	-0.0686939229	0.1057484438	0.0189779358	-0.0192075906	0.0646700143	-0.0703004585	0.0321892212	-0.1308520067	-0.133775972	-0.0973207957	-0.0034056259	0.0144438334	-0.0078695659	0.1602035498	-0.0784045495	-0.011205832	-0.0276744611	-0.0871306231	-0.0376127225	0.0817805712	0.0880463427	-0.0407136322	0.1062189391	-0.0213257126	-0.0196611982	-0.0469186835	0.002531272	-0.0900370581	-0.0451962134	0.1276596314	-0.0728360804	0.0586655194	0.0101418211	0.0580798556	0.0974140168	-0.0961418048	0.0720474044	0.0046698568	0.1746178627	0.0029181483	0.1437164036	0.0084311992	-0.0606191159	0.1041436013	-0.1062518303	0.0514989243	0.0864255271	-0.0234934155	0.0868932411	0.049736234	0.0698778756	-0.0094304193	-0.0765238521	-0.0546336451	-0.0051151968	0.1070663987	-0.1181776244	0.1107253686	-0.0075344838	-0.0335061606	0.1013896107	-0.0923194265	-0.1069733542	0.0456928108	0.0237104868	0.0735443959	0.0560135731	-0.1067475956	-0.0272033933	0.0885503613	-0.0915459864	0.0706798958	0.0624314911	-0.0115182756	0.0541474262	0.0520605437	-0.1407738039	-0.0388500072	0.0699075886	-0.0144670763	-0.0549827052	-0.0725125746	-0.0768999196	0.0680201716	0.0385514505	-0.0556561086	0.1507367495	-0.0081171727	-0.1155428298	0.0119238912	0.0826955505	-0.1197701966	-0.0458821873	0.0824690366	-0.0884302144	-0.0373343462	-0.0496462466	-0.0164836032	-0.0226304905	-0.0663844668	0.0781741734	0.1269808181	-0.0012110521	-0.1446096403	0.0406762171	-0.0962791738	-0.0189996558	0.0818393859	-0.0857976342	0.0231870769	0.0761164384	6.79149e-05	-0.0668516216	-0.0871810076	0.0067740994	0.0773341911	0.0	-0.0134543	0.0198215999999999	0.0003928958265599	0.00018101818849	0.0473108	-0.0095647999999999	0.00223831179664	9.148539903999996e-05	-0.111999	0.0230629999999999	0.012543776001	0.0005319019689999	0.0007380499999999	0.0002221309999999	4.9342181160955584e-08	5.447178024998524e-07	-0.000907008	0.000148432	8.226635120639999e-07	2.2032058624e-08	0.0002136	0.0001714385	2.939115928225e-08	4.562496e-08	0.0	0.0	0.0	0.0	0.0	0.0	0.0
269.6486527841816	-0.2372709418689282	0.0562974998553683	72710.39594832412	239.75211262917733	-0.1988149032936235	57481.075510153736	0.0395273657716528	201.3271381897333	-0.0374197401239655	40532.616571667975	0.0014002369509451	201.02140370244564	271.7291675030051	0.97644	20.575272	0.0341146299999999	0.0154986	-0.0876715209	-0.1048105904	-0.0433735557	-0.1449436696	-0.1135380282	-0.0539990354	-0.0268248973	-0.1036701041	-0.0330738237	-0.0940062169	-0.0684408638	-0.0644623383	0.1231075563	0.0879356417	0.013268343	0.0727607878	0.0674552304	0.0011753067	0.0430708843	0.0122114382	-0.1141626161	-0.0735251403	0.0220550185	0.1159649007	-0.0864594903	-0.1332139201	0.0591890262	-0.194171785	0.0216141761	-0.17239222	0.0393494137	-0.0916358311	-0.1220283741	0.0554472665	-0.0203509735	-0.0453372428	0.0458162432	-0.080421769	0.0358114674	0.1209417143	-0.0760004286	-0.0907520189	0.0114574222	0.175005335	-0.0011632751	0.0366528826	-0.0339192927	-0.0508949385	0.0740887018	-0.0460663084	-0.1482987624	-0.1057234758	-0.0145956209	0.0870283326	-0.0386886561	-0.0024108031	0.0788414541	0.1113601151	-0.0535384398	-0.1955712554	-0.0980918053	-0.0525592905	-0.0174921033	-0.0603812753	-0.0876646569	-0.0472476598	-0.0449096974	0.0483005949	-0.0846554509	0.0511668358	0.0529757714	-0.1145209143	0.0805125238	-0.0001240592	-0.1822634214	0.1262963629	-0.078430113	-0.1688699659	-0.0128338476	0.1421225896	-0.1020132369	-0.0143469024	-0.0014260581	0.0052184363	-0.0564246494	0.101877602	0.0078906973	-0.1208098746	-0.019296722	0.1372286168	0.0296346233	-0.1573793974	0.0119049542	-0.0567068786	-0.0396575684	-0.0372160233	-0.0050878689	-0.0560452843	0.0296094406	0.1618727837	0.00346531	0.0022393889	0.0481628275	0.0026159778	-0.077853117	-0.1246148678	0.0423094813	0.2015108026	-0.1042300251	0.0070311417	-0.005683587	0.0796156029	0.1020037042	0.009514245	0.0767472735	-0.1244452233	-0.0050394272	-0.0630759784	-0.041893868	-0.0237748627	-0.1049420343	0.0274150237	0.0147483806	-0.0213788099	0.1122841925	0.1711409159	0.0391423316	-0.1850926841	0.0590839967	-0.0711107136	0.0026202308	0.0714689014	0.045792344	-0.0324294679	-0.0053781763	-0.0669928131	0.0096090999	-0.0890206905	0.0121788474	0.070943974	0.0	-0.00766687	0.00578743	3.3494346004900006e-05	5.87808955969e-05	0.0395474	-0.0077633999999999	0.00156399684676	6.027037955999995e-05	-0.115278	-0.003279	0.013289017284	1.0751841000000029e-05	0.0008370959999999	9.9046e-05	9.810110115999998e-09	7.007297132158326e-07	-0.000825703	8.130499999999994e-05	6.81785444209e-07	6.6105030249999905e-09	0.000378945	0.000165345	2.7338969025000003e-08	1.43599313025e-07	0.0	0.0	0.0	0.0	0.0	0.0	0.0
269.7764844295908	0.1278316454092305	0.0163409295680312	72779.35155118926	239.3537043966689	-0.3984082325084443	57290.19580840795	0.1587291197305026	201.21906941205089	-0.1080687776824333	40489.11389505175	0.0116788607097752	200.9445104206472	272.5080262806176	1.070053	22.547876	0.0393829399999999	0.0192022	-0.0587342285	-0.1331194348	-0.0377479834	-0.0760940154	-0.146308532	0.1231457641	-0.0133100474	-0.096441858	-0.0476630355	-0.0841446774	-0.0289369664	-0.1038346684	0.2355122002	-0.0794089931	0.0428899927	-0.0350916874	0.027938402	0.0179602115	0.0544281983	0.0321585555	-0.0573996648	-0.044672183	-0.1840891709	-0.0653398583	-0.1450545824	0.1999770538	-0.1176535559	0.004147566	0.0412001085	0.0519395223	-0.0668424205	0.033511769	-0.0650844954	-0.0206879198	-0.1605974788	-0.0396883969	-0.1865276719	-0.0133251123	-0.03029031	-0.1326944112	-0.0672108965	-0.0164837333	0.0867093714	-0.0065309043	-0.0140208131	-0.0472025426	0.0155461163	-0.0013979146	-0.0499860623	-0.0117768132	-0.1292341001	-0.0550310292	0.0667991424	-0.0606580688	-0.1151282916	-0.0602220555	0.0987626406	-0.0684266871	-0.0129882502	-0.0713619181	0.0447289483	0.03382834	-0.1629147468	0.1800701099	0.0591413702	-0.0618333591	-0.0648875846	0.0397894525	-0.0350256752	0.0546728307	-0.1641520095	0.02438755	0.1783270212	0.0294986884	0.2301255569	0.0672990387	-0.0328356265	0.0800471324	0.0578379403	0.0535003566	0.0328942407	0.0095440142	0.1405179292	0.0111898313	0.1745807617	0.0450328598	0.0833985122	0.051576565	0.1469909006	-0.0015866595	-0.0447359362	0.0083840288	0.0052572797	0.0126841505	0.0362827361	0.0571199671	-0.0713860127	-0.0796075387	-0.0311732187	0.0643239669	0.135692268	0.0173187573	0.0887399642	0.1102238616	-0.0467428902	0.0147022943	0.0130396771	0.0868566053	0.0343992378	0.1064229512	-0.0648205561	-0.1914694276	-0.1006982399	0.0318181275	0.0922591786	-0.1346536471	-0.0022497184	0.1647207894	0.0046218784	-0.0181218967	-0.0882947034	0.0010512284	0.0966830573	-0.0234644431	0.0551923058	0.0842369182	-0.0742564137	-0.0293062401	0.0239487134	-0.1623225006	0.0557513357	0.201673479	0.0325615823	-0.0131772473	0.0167894389	-0.0290747142	0.0143014522	-0.0908149015	0.0175587148	0.0642277237	0.0	-0.00447403	0.0031928399999999	1.0194227265599998e-05	2.0016944440900004e-05	0.0363239	-0.0032235	0.00131942571121	1.0390952250000027e-05	-0.119128	-0.0038499999999999	0.014191480384	1.4822499999999942e-05	0.000544827	-0.0002922689999999	8.542116836094155e-08	2.968364599290001e-07	-0.000627481	0.0001982219999999	3.937324053610001e-07	3.929196128399999e-08	0.000470786	9.1841e-05	8.434769281e-09	2.2163945779600001e-07	0.0	0.0	0.0	0.0	0.0	0.0	0.0
270.0971825499102	0.3206981203193777	0.102847284376382	72952.48802139952	240.016563602396	0.6628592057271021	57607.950803503	0.4393823266171647	201.1438711787117	-0.0751982333391936	40458.856912758165	0.0056547742973358	200.8810463393944	274.4070732940027	1.071275	22.573612	0.04401547	0.0276351	-0.0380162503	-0.1298836791	0.0228402219	-0.039817486	-0.1226980527	0.025559004	-0.0009478549	-0.0724826923	-0.0118257179	-0.0201617405	-0.0697819653	-0.1556538794	0.1282927024	0.1278350732	0.0085033339	-0.051638721	0.0666029223	-0.0237078739	0.1066206788	0.031838744	-0.0612871828	-0.0679056976	0.1017355478	-0.0031106489	0.0469658688	0.1309663323	-0.1206685805	-0.0934992747	0.0101989038	0.0850322526	-0.0062007948	-0.0105125953	-0.1742374478	0.1813168712	0.1148833869	0.117765323	-0.1431918518	-0.1116271062	0.0781385046	0.0143758705	-0.0972671785	0.0015382762	0.0856634264	-0.0138588112	0.0606665312	0.1207905321	0.0757856212	0.021801985	-0.0639549022	-0.0777511772	0.0779581391	0.1084581232	0.0202188596	0.0656544773	0.0095862382	-0.0547657357	0.0022152016	-0.1178041896	-0.0894551791	-0.0650882351	-0.0557496419	0.1267911517	0.0713036464	-0.0284085192	-0.0764380109	-0.1038452831	-0.0576697785	0.0118316562	-0.0432281027	0.0540414523	0.1271955908	0.020434871	-0.024156785	0.0740059512	0.1137088293	0.1431194061	0.0114544752	0.1101435424	0.01039894	0.150005412	-0.0156047226	-0.1837492753	-0.1321065978	-0.1580568415	0.0651981666	0.0936569031	0.1536101609	-0.0794654968	0.0411233139	-0.0239087786	-0.0247992689	-0.0035652424	-0.0928875776	-0.0470556264	-0.067553345	0.0715986705	0.0384397721	-0.0172522166	0.0613037053	-0.1511671996	-0.0518798963	-0.0004314759	0.0248480851	0.0826895286	0.0172131992	0.1478694187	0.0973258266	0.0606861677	-0.0389237636	-0.1602770051	-0.0045507275	-0.0046939097	0.0576016092	0.0179016673	0.0609645117	-0.1344082166	0.0048540459	-0.0699341625	-0.1191315118	-0.0642842872	-0.0409501179	0.0351154849	0.0902888543	-0.1189772823	0.0381971947	0.0906658928	-0.0734482282	-0.075597073	0.0178594604	-0.1148252391	0.0272985952	0.072580371	0.0479709772	0.0387852103	0.0168353571	-0.118345287	0.0278156096	-0.0925627242	0.0229027108	0.0572163058	0.0	-0.0162799	-0.01180587	0.0001393785664569	0.00026503514401	0.0374009	0.001077	0.00139882732081	1.1599290000000037e-06	-0.121533	-0.002405	0.014770270089	5.784025000000021e-06	0.000995811	0.000450984	2.033865682560001e-07	9.91639547721e-07	-0.000627481	0.0	3.937324053610001e-07	0.0	0.000347218	-0.000123568	1.5269050624000002e-08	1.20560339524e-07	0.0	0.0	0.0	0.0	0.0	0.0	0.0
270.9617372607348	0.8645547108246205	0.7474548480090433	73420.2630593555	241.37797760748649	1.361414005090495	58263.32807388025	1.8534480932565425	201.31336778042584	0.1694966017141439	40527.072047097	0.0287290979926431	201.0131388810752	277.6886842626189	1.165248	24.553789	0.0613021	0.028164	-0.028267096	-0.0884625056	0.1246083966	0.0234171124	-0.0619871662	-0.0925547059	-0.0279274207	-0.0506910561	-0.0968915583	-0.0343568158	-0.2209172181	0.0131792304	0.0322841415	-0.0107675463	0.054043978	0.0290780289	0.0657054041	0.0020057213	0.0429427432	0.0083835856	-0.0875898015	-0.101385435	-0.0544262434	-0.0152370835	0.0457746948	0.0022626572	0.0317600713	0.0191211373	0.0691131234	0.0399768255	0.0682152676	-0.0829404472	-0.0652662693	0.0914602035	0.0704993842	0.1157532475	-0.0006762396	0.0714742983	-0.049005144	-0.0433869041	0.0510097336	-0.0340250234	0.0666734959	0.0915863763	-0.0051475425	0.1041077624	-0.1695966777	-0.0513600251	0.0603677056	-0.0754125382	0.0930318792	0.0709201452	0.08152947	-0.0998018933	0.0640392715	-0.0207768609	-0.1136243718	0.1217260291	0.0343739656	0.1126773634	0.0520974275	0.0563876388	-0.0076619013	0.0543463684	0.1001798935	-0.0479085944	-0.0393998773	0.0343041995	-0.0668659911	0.0969000446	-0.0354831292	0.0077046081	-0.0431297567	0.0571834449	-0.04255848	-0.0189168887	-0.0432600646	0.0754678529	-0.0811467533	0.0683847131	-0.07409223	-0.0592954722	-0.0825986492	-0.1334778454	0.0003781119	-0.0771904711	-0.0371967583	0.0299782084	0.0009055128	0.0222613456	-0.0880890202	-0.0682659911	0.0033920365	-0.1498535236	-0.0041668633	-0.1578696529	-0.0680925419	0.0504949002	0.1254085966	-0.0782449302	0.0404650383	0.1054916127	-0.0465398698	-0.0479865192	0.116926644	-0.0663589363	-0.0251528604	-0.1234038218	0.073797636	-0.035766614	-0.009851494	-0.0584449095	-0.1165579717	-0.0261287679	0.0688805178	-0.1191630397	0.0247700196	-0.0563534349	0.1299177909	-0.0870122355	0.0195714995	0.0425781435	0.0036669625	-0.0081407777	-0.0971237993	0.0411474094	0.0801156529	-0.1096501454	-0.0722214171	-0.065527009	0.0417320688	0.0113441038	0.1726649937	-0.0159930447	-0.0916935916	-0.0481813054	0.0372342595	-0.0942632658	0.0281999178	0.0499419421	0.0	-0.0176868	-0.0014068999999999	1.979367609999997e-06	0.0003128228942399	0.0474081	0.0100072	0.00224752794561	0.00010014405184	-0.136741	-0.015208	0.018698101081	0.000231283264	0.000574454	-0.000421357	1.775417214490001e-07	3.29997398116e-07	-0.000744938	-0.0001174569999999	5.54932623844e-07	1.3796146848999991e-08	0.000192432	-0.000154786	2.3958705796e-08	3.7030074624e-08	0.0	0.0	0.0	0.0	0.0	0.0	0.0
271.1744170016478	0.2126797409129608	0.0452326721948041	73535.56443618356	242.425991453566	1.0480138460795274	58770.36133224446	1.0983330215744034	201.56631530897155	0.2529475285457181	40628.97946723574	0.0639824521973868	201.29498075844583	282.60630466973765	1.195156	25.184	0.05006085	0.0211492	0.0005961453	-0.0792393529	0.1728183843	0.0765723786	-0.0365590001	-0.0070872407	-0.0434106891	-0.0068670459	-0.1258543444	0.0804477057	-0.0663922584	-0.1564097208	-0.0186799052	-0.1127733118	-0.0834619114	-0.0564658215	0.0062966432	-0.0046386714	-0.009162656	-0.0508735	-0.1676412389	-0.1354526887	0.1133388136	-0.0803655411	-0.03911759	0.0643390283	-0.013262468	-0.0311218583	-0.0556473212	0.0704462158	-0.0640846569	0.0571249778	-0.1108916215	0.1445935665	-0.0307897841	-0.1123423025	-0.0669114973	0.0078407255	-0.0759337379	0.0724108071	-0.0156888043	-0.1081262001	0.0683030501	0.0158021446	0.2195648713	-0.1793390636	-0.0775218046	-0.0259758281	-0.0610473742	-0.066710564	-0.0882039754	-0.0294286965	0.079278901	0.0017636833	0.1249579219	0.0707694672	-0.0359915815	0.0737497792	-0.080460914	0.2475238677	-0.0194441997	-0.0001898398	0.0208330019	-0.1226494712	0.0779125593	-0.0130658867	-0.0240873405	0.0444948665	-0.1769501474	0.1277452847	0.1220796715	0.0680803933	0.0596150197	0.0558770172	0.0398339623	0.0154499488	0.0545340193	0.0591646263	0.0811985953	0.1232001996	0.0518758224	-0.1461852482	0.0309915848	0.0780152809	0.0804231746	0.0158670758	-0.0366205467	-0.0816150084	0.0203129802	0.1086014204	-0.0613187195	-0.0720318191	-0.1335278807	0.2015682304	0.0350515628	-0.0188674578	-0.1496496538	-0.0826044649	0.0644335971	0.0589917724	-0.0282436025	0.1358124288	-0.1042684903	-0.0816836453	0.0219345879	-0.0327349521	0.0898484936	-0.2362878696	-0.0151968391	0.0290964215	-0.0264464476	0.1167082447	-0.0961100647	-0.0036745489	0.0893945774	-0.1013209674	-0.0150293621	0.0943730908	-0.1385737051	-0.1374846967	0.0319140588	-0.0346077675	-0.0189732967	-0.0155494666	-0.0941674458	0.0065862729	-0.0926308633	-0.1086567573	-0.0376730544	-0.0804319214	-0.0886910284	-0.0011518453	0.0080017878	0.0025408788	0.0338209722	-0.032606831	-0.11446213	-0.0959156576	0.033439514	0.0424380632	0.0	-0.0125095	0.0051772999999999	2.680443528999999e-05	0.00015648759025	0.0412401	-0.006168	0.00170074584801	3.8044224e-05	-0.124555	0.012186	0.015513948025	0.000148498596	0.0008370959999999	0.0002626419999999	6.898082016394748e-08	7.007297132158326e-07	-0.000627481	0.0001174569999999	3.937324053610001e-07	1.3796146848999991e-08	0.000342924	0.0001504919999999	2.2647842063999998e-08	1.1759686977600002e-07	0.0	0.0	0.0	0.0	0.0	0.0	0.0
270.63732175004884	-0.5370952515989416	0.2884713092901303	73244.55992403947	241.15543919211035	-1.2705522614556628	58155.94585193964	1.614303049090099	201.63181706942044	0.0655017604488819	40655.38965471623	0.0042904806219027	201.35513036534405	280.7133654343628	1.052227	22.172253	0.0403216	0.0268906	-0.0063742951	-0.1168401803	0.1152438454	0.1282987597	-0.0026260604	-0.0463036	-0.0244710485	-0.0877420584	-0.0988754677	0.0441507007	-0.1120435652	-0.0905259145	-0.0736203049	0.0040793486	-0.0230664154	0.0824139425	-0.0309462651	-0.0126990213	-0.023008217	0.1064737612	-0.1980109452	-0.0282944161	0.0609054855	-0.1421194276	-0.0488054526	0.0849089718	0.0182771405	-0.0124645167	-0.0699613943	0.0191117326	-0.0398261252	-0.0182548965	-0.0011051596	0.0536339235	0.2067672895	-0.0542705325	0.0540216342	-0.0021521656	-0.0377629817	-0.0536679763	0.1299352015	-0.0423099222	0.0355048616	-0.0045327723	-0.0608218641	-0.0554795358	0.1532425251	-0.1051381295	0.0915131544	-0.023437275	-0.1080928874	0.1980239586	-0.1093846362	-0.1086863085	-0.0248296369	-0.007685028	0.0523467025	0.0720459806	0.004997085	0.1860778241	-0.0612018454	0.0354614587	-0.1384297374	0.0049274177	0.0653207577	-0.0492663958	-0.0205651434	0.1853629091	-0.119025479	0.027346703	0.0542677933	0.1405863199	0.0583766234	0.0815591034	0.0365652284	0.0173164793	0.0532610502	-0.0024805218	0.0358522694	-0.007116287	0.0162454904	-0.0783726464	-0.1916242861	0.0659664088	-0.007034274	-0.0027325383	-0.062406205	0.0927399984	-0.0582227564	-0.008220862	-0.1099729449	-0.0339203921	0.1006397617	0.0683603501	-0.1293814668	-0.0555037965	0.0929761466	-0.1345389922	-0.1152438471	-0.1421621522	0.1378306526	-0.0187952242	-0.0393307678	-0.0464226476	-0.031749582	-0.1323439062	-0.0209355569	-0.158187607	-0.0521093131	0.0478925737	-0.1131956322	-0.0358360295	-0.0007684401	0.0215563494	0.0285706422	-0.1413163818	-0.00198049	-0.0885136733	0.0199214254	-0.1076893243	0.0488020437	0.0136133207	0.0608389221	0.0289283546	-0.0976052541	-0.02507855	-0.0813630481	-0.1103549731	0.0885210169	-0.1385681749	-0.0444755164	0.0077621402	-0.0330968518	-0.0037323237	0.040520666	-0.0385657663	-0.1366728108	-0.0975190556	0.0386107952	0.034739154	0.0	-0.0148341	-0.0023245999999999	5.403765159999998e-06	0.0002200505228099	0.0409764	-0.0002636999999999	0.00167906535696	6.95376899999993e-08	-0.134663	-0.010108	0.018134123569	0.000102171664	0.00127362	0.0004365240000001	1.9055320257608735e-07	1.6221079044e-06	-0.000627481	0.0	3.937324053610001e-07	0.0	0.000226942	-0.0001159819999999	1.3451824323999996e-08	5.1502671364e-08	0.0	0.0	0.0	0.0	0.0	0.0	0.0
270.36152989022986	-0.2757918598189803	0.0760611499424121	73095.35684458565	241.62975221496444	0.4743130228540906	58384.93715546512	0.224972843648985	201.2626934006369	-0.3691236687835442	40506.67175487877	0.1362522828562236	201.0505365056577	278.7976079850598	1.049086	22.106058	0.0839871	0.0491821	0.0162835094	-0.1213683751	0.0536003619	0.1381390527	0.0210978357	0.0679435696	0.0045057736	-0.0794369301	-0.0470352785	0.1249681989	-0.068645185	-0.1042423235	-0.0142969531	-0.1221401236	-0.0056705992	0.0284500116	-0.0783155504	-0.0148787396	0.008697661	0.0456186391	-0.1000349483	-0.0350132994	0.0838520049	-0.1323192529	-0.0995642973	0.0926270954	-0.022499926	0.1103527472	-0.0694406488	0.0875571601	-0.0272483826	-0.1623502487	-0.0461296263	-0.0426642325	0.0505268941	-0.0725591531	0.0076627464	-0.0592474195	0.0708481272	-0.0344779102	0.0549706555	0.1850243342	0.0493607465	0.0375088633	-0.0620563738	-0.0103787797	0.056259455	0.076508011	-0.1487261521	0.0191344731	-0.0530484184	0.0546933496	0.0346987058	-0.075476148	-0.0697690861	-0.0744509311	-0.0394684265	-0.0505543086	0.0923732907	-0.0188335906	-0.0440757616	0.1527272084	0.0711979668	-0.1968256513	-0.0096355025	-0.0637930303	-0.0210669906	0.0905545073	-0.070844666	0.0317150569	0.0685064768	0.1301893702	0.1125023586	0.001882459	0.117819632	-0.0853110102	0.0991808123	0.067231648	0.0464040755	0.0297372325	-0.139865501	0.0295006073	-0.0722231307	0.0808297645	-0.0121692131	0.0664681626	0.0130819288	0.0326843563	-0.0448961118	-0.1951919861	-0.001016686	-0.0068213978	0.0434210643	-0.0303819857	0.0891913819	0.1555202586	-0.0177166357	-0.0676545633	-0.0543691937	-0.0458562226	0.0702032498	-0.0558844257	0.0628574605	0.0856340866	0.1027412384	0.0333987043	-0.1051452461	0.0080225777	0.0159458294	-0.2120414508	-0.0313350552	0.119448951	-0.0088034617	0.0759740802	0.0981145109	-0.0992719244	0.0239105788	0.0278919247	-0.0159619599	-0.0606527831	-0.0526459701	-0.0494766552	0.0980812595	0.0134323956	-0.1771128048	-0.0617718157	-0.1129144171	0.1012614043	0.0082459546	0.1366250552	-0.0058444641	0.0077069724	0.0219691389	-0.0179444	0.028766906	0.0525607019	-0.0483870025	-0.0990726408	0.0437031967	0.0268805962	0.0	-0.0100849	0.0047491999999999	2.2554900639999985e-05	0.00010170520801	0.0556098	0.0146333999999999	0.00309244985604	0.0002141363955599	-0.119423	0.01524	0.014261852929	0.0002322576	0.000474967	-0.000798653	6.378466144090001e-07	2.25593651089e-07	-0.0007727129999999	-0.0001452319999998	5.970853803688455e-07	2.1092333823970935e-08	0.000183537	-4.3405e-05	1.8839940249999994e-09	3.3685830369e-08	0.0	0.0	0.0	0.0	0.0	0.0	0.0
270.48864054432005	0.1271106540901883	0.0161571183832355	73164.10466351439	240.79786315694585	-0.8318890580185894	57983.61090095122	0.692039404851056	201.22932138838007	-0.0333720122568195	40493.23978642796	0.0011136912020693	200.95952260335287	276.0018300421648	1.105408	23.292858	0.090991328	0.056043	-0.0312555617	-0.1219488675	0.1013387439	0.1014539198	-0.0453502822	-0.0993763906	-0.0367513609	-0.0724679879	-0.0454575482	0.0991773904	-0.1434141853	-0.0498175331	-0.0895834091	-0.0126755932	0.0234907149	0.0003448164	-0.0170906571	0.007806275	0.0452972678	0.0043270292	-0.0668740283	-0.0157281409	0.081604879	0.0155073675	0.0225677903	0.026117335	0.1652810411	0.0164019811	0.0640036514	-0.0519371784	-0.0197987124	-0.0634338568	0.0118230916	0.0627319434	0.0286226763	-0.0713529531	-0.2142360813	-0.0722816102	-0.0133272245	0.0228958091	0.0527615308	0.0753959955	0.0473984243	-0.1661805783	-0.0329302825	0.0866764203	0.0350842385	-0.0381038778	0.0649676698	0.0474588489	-0.0003198438	0.0834515197	-0.0423011172	0.1151456407	-0.0876659318	-0.0319964375	0.0406115679	0.1572463166	-0.0736066629	-0.2194884715	0.0198022139	0.0240931635	-0.0496197574	-0.0002682973	-0.0959415062	-0.0416026596	-0.0477111028	0.0214686408	-0.0590938264	0.0063631636	0.0830436782	-0.0062028511	-0.0064950257	0.0895616506	-0.041938135	-0.1167105289	-0.0957595044	-0.0541024391	-0.0036155172	-0.0091091422	-0.0636007602	-0.0887418215	-0.0121844565	0.0633271594	0.1654840699	0.0956813203	0.0714012221	-0.0373460711	-0.0380494761	-0.0693256376	-0.092430776	0.1726136135	-0.0236719208	-0.0512118576	-0.0629109823	-0.0550730741	0.060297742	-0.0200864896	-0.0691317774	-0.0442444336	-0.0463396684	-0.0126305379	0.0966152338	-0.013547478	-0.047138516	-0.1126446256	0.1326514568	0.248996718	0.0379663154	-0.0722851699	0.0247072239	-0.0160598382	0.0974774345	-0.027675359	0.0304699285	-0.1175398152	0.0898821492	-0.0718380487	-0.0189871156	-0.0902299934	-0.0137532445	0.0575890428	0.0320746444	-0.0598127767	-0.1047970242	0.0024103086	-0.002819343	0.0056474833	-0.0817391342	0.0848685674	0.0784007646	-0.1387398004	0.0172109586	0.0495051651	-0.0494726227	-0.0158968419	-0.0988988575	-0.1005756196	0.0487063151	0.0188985047	0.0	0.000107278	0.010192178	0.0001038804923836	1.1508569284e-08	0.0535572	-0.0020526	0.00286837367184	4.213166760000007e-06	-0.166945	-0.047522	0.027870633025	0.002258340484	0.000845595	0.0003706279999999	1.3736511438399998e-07	7.15030904025e-07	-0.000627481	0.0001452319999998	3.937324053610001e-07	2.1092333823970935e-08	0.000292168	0.0001086309999999	1.1800694160999997e-08	8.536214022399999e-08	0.0	0.0	0.0	0.0	0.0	0.0	0.0
271.08434255526	0.5957020109399309	0.3548608858378775	73486.72077861754	241.99536993052507	1.1975067735792209	58561.75906781168	1.4340224727681152	201.203338925514	-0.025982462866068	40482.78359477526	0.0006750883765866	200.90474598317903	278.9982201764328	1.087651	22.91869	0.082813978	0.0389687	-0.0215642652	-0.0795203969	0.1650325488	0.0477933933	-0.0501953045	-0.1080493768	-0.0513998406	-0.0228804138	-0.1407654997	0.0034359142	-0.1148454201	-0.0981725615	-0.0683760401	-0.0825000017	-0.0094607239	-0.0106275825	-0.016701806	0.062473665	0.0530343427	-0.0139318879	-0.1017249673	-0.0584220327	0.0533332125	-0.0640472138	-0.0501133931	-0.0857586792	0.0875048346	0.1626433369	-0.0116623937	-0.058669033	-0.0818666753	0.0972720439	0.0101452798	0.0828205481	0.0078792333	0.1420128753	-0.0505914623	-0.1343889575	0.0914454308	0.0025705775	-0.0382965315	-0.0092949059	0.0028216603	0.0574558081	0.0562605483	-0.0639182761	0.0902888855	-0.0798176965	0.035941175	0.1542080438	0.0283502309	0.0260908535	-0.007048715	-0.0759043545	-0.0586844046	0.0721700589	-0.1467498894	-0.0582012134	0.2435738634	-0.0441213934	0.0568827863	0.000143616	0.1987356978	0.1038420679	-0.0279209998	-0.0168034493	-0.092049132	0.0203284613	-0.0817340546	0.060173846	0.0469677608	0.0573976425	0.0480055143	-0.0822725251	-0.0630693853	-0.167039222	0.0140127196	-0.0540152432	0.0441623576	-0.0312627369	0.1182085011	-0.0972494979	-0.0096705072	-0.1398880489	-0.0090579718	0.0781184091	0.1148539607	-0.0198314187	0.0108637535	-0.0223973198	-0.0044201769	-0.0812424968	-0.0094006857	0.0610846189	-0.0650756638	-0.0115630201	0.0471503441	0.1140063392	-0.176524429	0.0092217789	0.0169620555	-0.0234620174	0.0360069827	-0.0609848719	0.1077694567	0.0519774979	-0.2292505892	-0.0176048691	0.0122537146	-0.0935528321	0.294629176	-0.0652867399	0.0237622362	-0.0417854803	0.0351416815	-0.0995274945	0.0008077046	0.0162934666	-0.0477836091	-0.1636631455	0.0846451421	0.0552963523	-0.0597150175	0.0777582178	-0.0737990011	-0.0597855413	0.0913995019	-0.0612049212	-0.0534192983	0.0048382831	-0.0941825333	-0.0771636851	0.1484876023	-0.0653869908	-0.0591574899	-0.0145372939	-0.0739861502	-0.1020272243	0.0536099293	0.0108295624	0.0	-0.0152068	-0.015314078	0.00023452098499	0.0002312467662399	0.0408362	-0.0127209999999999	0.00166759523044	0.0001618238409999	-0.137039	0.029906	0.018779687521	0.000894368836	0.0012505	0.000404905	1.639480590250001e-07	1.5637502500000003e-06	-0.000627481	0.0	3.937324053610001e-07	0.0	0.000384721	9.2553e-05	8.566057808999999e-09	1.48010247841e-07	0.0	0.0	0.0	0.0	0.0	0.0	0.0
270.87955441334884	-0.2047881419111377	0.0419381830674162	73375.73299917442	242.2460911810935	0.2507212505684322	58683.168692518666	0.0628611454865985	201.4233132514728	0.2199743259587876	40571.35112120093	0.0483887040810229	201.10765493420587	283.4002529274084	1.230924	25.937704	0.0833674999999999	0.0513513	-0.008004795	0.0370905981	0.1491522213	-0.0553413102	0.1340011102	-0.135390676	-0.0732349949	0.0014186992	-0.1300256996	0.0306320535	-0.0018901422	-0.0204726442	-0.0600322066	0.0810812286	0.0882414983	0.084865066	0.061390677	0.0209955043	-0.0373430621	0.0554646088	-0.0318669031	-0.0358989167	-0.0668133643	-0.0025351395	0.2224412103	0.0092802777	0.1115836453	-0.0564612524	0.0017922432	0.1699476892	-0.0994731203	-0.0803387962	0.0650045104	0.0223645116	0.0183439406	0.1187023853	0.0153111485	0.0473699721	0.1600853666	0.0414421618	-0.0222920947	0.0571299486	0.1094565451	0.1155452816	0.0524765178	0.0039922123	0.12476009	-0.1049214165	0.0219946918	0.0035079316	0.017229197	-0.0157435942	-0.0099040512	-0.0472251437	-0.1312319477	0.0508481246	0.0491802943	-0.1736041397	0.0674615887	-0.0596314953	0.0417856059	-0.1373924892	-0.0111436693	0.0215765069	-0.0394832463	0.0200695794	-0.0090336514	0.0763790519	-8.49736e-05	0.0345685378	-0.0593019917	-0.0150644698	-0.1750496408	0.1458503456	-0.0584124582	-0.0262172677	0.0102377549	0.1404150501	0.1144100442	-0.0803441728	-0.0969275969	-0.050752885	0.0142351506	-0.0656281444	-0.0415055891	-0.087432733	0.1355023001	-0.0416515045	-0.0689889036	-0.083278403	-0.0023635921	-0.1506227008	-0.0217930131	0.0234995924	-0.1626776961	0.0655461624	0.029561466	0.0492079428	-0.0082905335	0.0176508272	0.0960138514	-0.066065266	0.1313545585	0.0179981664	-0.0327868961	0.1035809834	-0.1242917847	0.0522703451	0.0172822052	0.1467476314	0.0253921247	0.0230786968	0.0102751108	-0.0650761797	0.0278737469	0.0003391892	0.0705837213	-0.1527693153	0.0166569857	-0.0630751648	0.0352095532	-0.1201038646	-0.0908953431	-0.0365595867	-0.1089666893	0.0679203488	0.0830450079	0.0456467821	0.0413705253	0.0362894862	0.1301591276	-0.0150004105	0.1074195159	-0.035162351	0.0428545694	-0.171131624	0.0854018325	-0.1034267134	0.0584040215	0.0027108513	0.0	-0.0107669	0.0044399	1.971271201e-05	0.0001159261356099	0.0654207	0.0245844999999999	0.00427986798849	0.0006043976402499	-0.182497	-0.045458	0.033305155009	0.002066429764	0.00108968	-0.00016082	2.5863072400000038e-08	1.1874025024e-06	-0.000627481	0.0	3.937324053610001e-07	0.0	0.000367839	-1.6881999999999965e-05	2.8500192399999876e-10	1.35305529921e-07	0.0	0.0	0.0	0.0	0.0	0.0	0.0
270.6228672454234	-0.2566871679254632	0.0658883021775949	73236.73627613405	241.48003798347327	-0.7660531976202378	58312.60874449969	0.5868375015841911	201.64281189822583	0.2194986467530384	40659.823590223285	0.0481796559264151	201.2962205505371	280.5911309485342	1.287756	27.135248	0.0481305999999999	0.0240286	-0.028998873	0.0809466856	0.0651317962	-0.0876272136	0.0736811139	0.0792141371	-0.0807715889	0.047088834	-0.0618035789	0.0126886064	0.1313920502	0.0412277141	0.0943710188	-0.113666764	0.110696219	-0.0580993719	0.0317406395	0.0238399483	-0.1507155002	-0.0038216211	-0.0424705437	-0.0333973564	-0.1456404115	-0.0906917238	-0.0701137898	-0.0666977571	-0.1316379244	0.1251592007	0.0439408706	0.0869924871	-0.0733663722	0.0329224158	-0.0301766967	-0.070271392	0.0448816994	-0.2432367584	0.1028657506	0.0740507391	0.0678303591	-0.0396785268	0.0896166421	0.0291992505	-0.0485122009	0.0307223578	-0.0207641861	0.0438277638	-0.0689060479	0.0174134897	0.0330900445	0.1758417687	0.1521744327	-0.0666740735	0.0361319193	-0.0237780023	-0.0873801897	0.0374943132	-0.0605059979	-0.1037170935	-0.1068221937	-0.0714645587	0.0452840124	0.017032514	-0.009658369	0.0533481758	0.0604327818	0.1030648705	0.0386468036	0.0834391754	-0.0502771921	0.060719797	-0.1656789569	0.0586380069	0.044799722	-0.1561191651	0.0823706681	-0.0419636097	0.0188398582	0.1112766017	0.1034476593	0.042923009	0.0335728227	0.0886646827	-0.0625427101	0.230220505	-0.0623950451	-0.058250169	-0.0340004681	0.0910228382	-0.1082279206	0.0299882974	0.0742333632	0.0013187188	-0.0052205582	-0.0911855794	0.0686742389	-0.0290265473	-0.0159019488	0.2033840923	-0.0637581495	0.0347712018	0.01429999	-0.0225567903	0.1051150162	-0.0261466093	0.0134647163	0.117076122	0.1239128092	0.0090375415	0.0294655984	-0.01351879	-0.0002249284	-0.0518820264	-0.0198519465	-0.0613085609	0.0416465363	0.0429594043	0.0268435083	0.1912122027	0.0375520831	-0.0071750611	0.0868226592	-0.1201734812	-0.0657879366	0.0558147088	0.0578556826	-0.0441831111	0.0766471789	0.0817775036	0.0749413629	-0.0365606602	0.0229036321	0.1036145531	0.0186700143	-0.0727833414	0.081331901	-0.0481594009	-0.0230752402	-0.104773372	0.0630787976	-0.0054203179	0.0	-0.013922	-0.0031551	9.954656010000006e-06	0.000193822084	0.0528057	-0.012615	0.0027884419524899	0.000159138225	-0.171886	0.0106109999999999	0.029544796996	0.0001125933209999	0.0008433349999999	-0.0002463450000001	6.068585902504926e-08	7.112139222248313e-07	-0.000814812	-0.000187331	6.639185953440001e-07	3.5092903561e-08	0.000369153	1.313999999999981e-06	1.72659599999995e-12	1.36273937409e-07	0.0	0.0	0.0	0.0	0.0	0.0	0.0
270.27134619482484	-0.3515210505985351	0.1235670490138978	73046.60057396286	240.5180001087017	-0.9620378747715675	57848.90837628943	0.9255168724949944	201.5414285106772	-0.1013833875486227	40618.94740612441	0.0102785912708342	201.1898092518682	279.3234702507174	1.165473	24.55854	0.04486365	0.0294835	-0.0368280767	0.1068167063	0.0136960611	-0.082159227	0.1024601558	0.0251970882	-0.0804007635	0.0579824698	0.0027893192	-0.0045339887	0.1736115615	-0.0260554738	0.0139741888	0.1337199231	0.0187971627	0.0227302418	-0.0799759976	0.0308938043	-0.1656903698	0.0483617433	-0.0303983184	0.054528785	0.0138951669	0.1644559354	0.080806502	-0.0663125669	-0.0918603311	-0.0944420631	0.0133533506	0.0108612678	0.0663463646	0.0408664229	0.0800092166	0.0624019146	0.0603199723	0.0603188338	0.0368742347	0.007927483	0.1749654116	-0.1046219352	0.0600685399	0.0152013245	-0.0949907286	0.027709802	-0.0207667809	-0.14788024	0.0368765699	-0.0175498647	-0.0497595192	-0.0960150855	0.0256658506	-0.0703873111	-0.0486922677	0.034907322	0.0757433644	-0.104507261	-0.0483418798	-0.121069463	-0.0950107153	0.011706697	-0.0055987069	0.039332255	0.0148166346	-0.0353789051	0.0042951835	0.1218111641	0.0517681152	0.1141753661	-0.0073610393	-0.0540359122	0.0116233765	-0.1179975545	-0.1089036817	-0.0817205304	-0.0318634491	0.1224221004	-0.0225728908	0.0123483854	-0.0710499448	-0.0335224757	0.0192237994	-0.1032144596	-0.0203174366	-0.0045575381	-0.0766136647	-0.0178457334	0.1000170355	0.1399185099	-0.0850799759	-0.093504554	0.1411787616	-0.0400794011	0.097149959	0.1275273283	-0.0538774071	0.0300169628	-0.0439676617	-0.0109670049	0.0815020261	0.0224134375	-0.030420025	-0.0696682881	-0.1038194216	0.1045017186	0.0610560449	0.0993566536	0.0872495668	-0.0048926165	-0.0080137656	-0.0251148998	-0.05666513	0.0239847802	0.0335824588	-0.0471473037	0.0320458128	0.0741607621	-0.0011979981	-0.1266928966	-0.0888955743	0.0386192779	0.077649242	-0.0875835459	-0.0031176816	-0.0428475764	0.0242134735	0.0857109057	-0.0380659949	0.0762317948	0.0086454505	-0.0508264493	-0.019929846	-0.0350188034	-0.0034634094	-0.0608354661	0.0968960342	0.0487576009	0.1234710245	-0.1060665123	0.0676247074	-0.0135265772	0.0	-0.0148506	-0.0009285999999999	8.622979599999998e-07	0.00022054032036	0.0519094	-0.0008962999999999	0.00269458580836	8.033536899999923e-07	-0.160688	0.011198	0.0258206333439999	0.000125395204	0.0014086	0.0005652650000001	3.195245202251132e-07	1.9841539600000003e-06	-0.0008467239999999	-3.191199999989997e-05	7.169415321758307e-07	1.0183757439936158e-09	0.000329515	-3.963799999999999e-05	1.571171043999999e-09	1.08580135225e-07	0.0	0.0	0.0	0.0	0.0	0.0	0.0
269.94334003855096	-0.3280061562738865	0.1075880385535692	72869.40683116874	240.359180867135	-0.1588192415667038	57772.53582712011	0.025223551491823	201.45982008036776	-0.0816084303094442	40586.05910681415	0.0066599358975714	201.10022599151168	277.6532575899892	1.078197	22.719469	0.07209255	0.0396987	-0.052936926	0.1003516242	-0.0186763262	-0.0605900096	0.0722777116	0.0623763121	-0.0787803037	0.0523308575	0.0301129734	-0.0132400016	0.100838272	0.1304828143	0.0776442657	-0.0169183401	0.154590119	0.0169642444	-0.0763819429	0.0448095603	-0.1220843978	0.0404768746	-0.0291441438	0.0536489894	-0.1343103943	0.0518199335	-0.0070044826	-0.083783071	-0.0120083856	0.0190258805	0.0223565788	0.0918477204	0.0609087089	-0.0046500765	0.0077236205	-0.0840270879	-0.0001087635	0.0216684498	-0.0464928596	0.0192680184	0.0485490157	-0.0270378283	-0.039287543	0.0082446154	-0.0422122145	-0.1173692697	0.0018913691	-0.0682002009	-0.0063484496	0.0657895948	0.0371230346	-0.0879506084	0.018585612	0.1495722149	-0.1040778167	0.0736623502	0.005422195	0.078264099	0.1622880282	-0.0948827424	0.1177368302	0.0931632661	0.0647092761	-0.0040203247	0.0535123484	0.0119781974	-0.1227566472	0.0961803848	0.0190191384	0.0921736288	-0.0001274126	-0.0423597269	-0.1381635949	-0.0604868963	-0.0143908233	-0.0701061649	-0.0559300291	0.0032058749	0.0051236064	0.0881439948	-0.0482945044	-0.0015620435	-0.0045175624	0.0870638599	-0.0013873698	0.0085242792	0.0295693958	-0.0131312493	0.0823695395	0.00728859	0.0484682482	-0.0408392356	0.0260432123	0.0820691299	0.040931801	0.1182976523	0.0329819239	-0.0725230373	0.0733673475	-0.0845901422	0.0412955402	-0.148985077	-0.0465619938	-0.0807392493	0.004594658	-0.0225191279	-0.1628262629	0.0522826593	-0.1337252527	-0.0603107974	0.0963013017	0.0422816275	0.0622530354	0.0141114387	0.0897714799	-0.056382206	0.0379376025	0.0826777806	0.0646938941	0.0599495924	0.1460390375	0.1102989574	0.0538949287	-0.0403962524	0.000543133	0.0109992776	0.0608675331	-0.0025534912	0.0331961036	0.098251376	0.0639754151	-0.0313134881	0.1060926372	-0.0158817327	0.0316832911	-0.0796290226	0.1127273259	-0.0442636906	-0.1591073664	-0.1073054737	0.0720324637	-0.0215706732	0.0	-0.0136719	0.0011786999999999	1.389333689999999e-06	0.00018692084961	0.0493166	-0.0025927999999999	0.00243212703556	6.722611839999996e-06	-0.19349	-0.032802	0.0374383801	0.0010759712039999	0.000874751	-0.000533849	2.849947548010001e-07	7.65189312001e-07	-0.000941117	-9.439300000009998e-05	8.85701207689e-07	8.910038449018874e-09	0.000411654	8.213900000000001e-05	6.746815321000001e-09	1.69459015716e-07	0.0	0.0	0.0	0.0	0.0	0.0	0.0
269.64096161405104	-0.3023784244999206	0.0914327116030541	72706.24818015014	239.49398043778567	-0.8652004293493292	57357.36666593446	0.7485717829462636	201.1371799356133	-0.3226401447544731	40456.16515245128	0.1040966630071873	200.7974207383308	275.4973038219113	1.008899	21.259247	0.0645012	0.0327999	-0.0537987996	0.0884871468	-0.042610475	-0.062837982	0.0627865112	0.0347528116	-0.0715819271	0.0343680264	0.0890958112	0.0197391591	0.1806645831	-0.0013490399	-0.008970073	0.0871588144	0.0175420442	-0.0879155559	-0.1063472415	0.0759049228	-0.0196935349	-0.0009104736	0.0109964645	0.1415993476	0.0729860772	0.0708555719	0.1789700156	0.0559543145	-0.0828516548	-0.0174632954	0.0129792048	0.0227287612	0.1353133151	0.0405449929	0.0502392868	-0.0212249394	-0.148042226	-0.0185560587	-0.0651568668	0.0142332434	0.0683418156	-0.0832267405	0.0432458167	-0.0104229681	-0.038104288	-0.0508749192	0.0815066089	0.0489773425	-0.1303105979	-0.0210874209	-0.0447103526	-0.049661281	-0.0408820119	-0.0614805337	-0.0342208326	0.1020527411	0.0558676942	0.1404819766	0.1518090733	0.1614299626	0.0316015549	0.058049418	-0.1073796482	0.0107890974	0.0799055101	0.0640983091	0.0846127123	0.062739345	-0.0489347623	0.0041055775	0.0194031237	-0.1455560963	0.0575586426	-0.0483080516	-0.1738481642	0.0143310066	0.0877327867	0.0476803052	0.012912748	0.0246059396	-0.1190265708	0.0008592589	0.0197487633	0.0136027292	0.1622168437	0.0274944466	0.0213792732	0.0120328655	0.0823824074	0.0894322178	-0.0215981351	-0.0037919874	0.0628213802	0.0324621362	-0.0836125488	-0.0240401535	0.018711887	-0.064755325	-0.1140471074	-0.0958536491	0.0617288832	0.0588486294	-0.1409585394	0.0131202172	-0.0149083627	-0.1009272366	-0.2068976933	-0.1024552449	-0.0327081872	-0.0283007811	-0.0584620552	-0.071024096	0.0365249439	0.0080435199	-0.1898274645	-0.0534801505	0.0244359738	0.0769570102	-0.0003116142	-0.0092985752	-0.1340671485	0.0808550347	0.0817685131	-0.0559111575	0.0118991584	-0.0349074994	0.0743954762	0.04023771	-0.0377490669	0.084160445	-0.0628262209	-0.0068352759	0.0007273753	-0.0339807499	-0.0527752893	0.0227499419	0.0939349585	0.0419603061	0.0575620103	-0.1084896234	0.0762930619	-0.0295156382	0.0	-0.0115443	0.0021276	4.526681760000001e-06	0.00013327086249	0.0462871	-0.0030295	0.0021424956264099	9.177870250000026e-06	-0.165416	0.0280739999999999	0.027362453056	0.0007881494759999	0.00125781	0.000383059	1.4673419748100004e-07	1.5820859961000002e-06	-0.000806989	0.0001341279999999	6.512312461210001e-07	1.7990320383999988e-08	0.000303439	-0.0001082149999999	1.1710486225e-08	9.207522672100001e-08	0.0	0.0	0.0	0.0	0.0	0.0	0.0
269.5785947549147	-0.0623668591363184	0.0038896251185293	72672.61875003454	238.6213191307343	-0.8726613070513736	56940.13394369174	0.7615377568246117	201.0209294087788	-0.1162505268344773	40409.41406036924	0.0135141849892935	200.6465577963124	273.6371553139428	0.934918	19.700342	0.0710192	0.032993	-0.0609994961	0.0850175592	-0.0545155438	-0.0579609585	0.0664598323	0.0033360156	-0.0773641511	0.0251050567	0.0994611243	0.0128439788	0.0567877472	0.0453189923	-0.0165802308	0.1387224102	0.0654899789	-0.0373543953	-0.0544543154	0.0489086271	0.0465010019	-0.0372923986	0.017474583	0.1469418362	0.0573373724	0.0313483584	0.118209943	-0.1505939024	-0.0897089993	-0.060058348	0.0060666411	0.037092647	0.0439985467	0.0820262344	0.0980001633	-0.0024620522	-0.0919154856	-0.0386868816	-0.0612478733	-0.0397192848	-0.1145009937	0.039590732	0.0344115659	0.0992869733	-0.0199910028	0.0006194095	0.0168649339	0.0130190614	-0.0514102052	0.0255165206	0.0215100836	0.0442582957	0.0570969316	-0.0158588932	-0.0040014086	-0.0652952966	0.1347877708	-0.088810225	0.0741167472	0.0619646727	0.1622885242	0.0922002158	-0.0526032448	-0.0609985173	-0.0697599142	0.0815995662	-0.0543308383	0.0203300146	-0.051346321	-0.0592198665	0.0091126896	-0.153744702	0.0273640632	-0.0022071527	-0.1718477954	-0.1004144564	-0.0943062815	0.0950129199	0.0268193539	0.0253569266	-0.0610172115	-0.0510827721	0.063560559	0.0029825422	0.1174397087	0.0656555539	0.0496770247	0.0430242919	-0.0684203578	-0.072731516	0.0072499704	-0.0831468247	-0.0480170725	0.0171173515	-0.0342009678	-0.0541129348	0.0610612819	-0.0588062096	-0.0082987377	0.0800799991	-0.0315906917	-0.0363073687	-0.0106771475	0.0261737163	-0.1630396363	0.070793631	-0.0378770587	-0.0760760491	-0.1118037403	-0.0565659054	-0.0337121388	0.0769153009	0.0173005335	-0.0396387406	-0.0423561975	-0.0493281963	0.0246215738	0.0866039697	0.0610086833	-0.1031875826	-0.0409297909	0.0997867841	0.0450520817	-0.0237508285	0.0496566248	-0.010624504	0.0703507889	0.0536645233	-0.0373167071	0.0895874746	-0.0953944227	0.0358752733	0.0486072604	-0.1264456488	-0.02244132	-0.0030809639	0.0268936388	-0.0071332918	-0.0114024526	-0.1096183565	0.0803977977	-0.0373249597	0.0	-0.007424	0.0041203	1.6976872090000002e-05	5.5115776e-05	0.0609818	0.0146947	0.00371877993124	0.00021593420809	-0.191427	-0.026011	0.036644296329	0.000676572121	0.00106169	-0.00019612	3.8463054400000055e-08	1.1271856560999997e-06	-0.000627481	0.000179508	3.937324053610001e-07	3.2223122064e-08	0.000451675	0.000148236	2.1973911696e-08	2.0401030562500002e-07	0.0	0.0	0.0	0.0	0.0	0.0	0.0
269.5700125210763	-0.0085822338384105	7.365473765715827e-05	72667.99165061324	239.05625700306248	0.4349378723281916	57147.89401231426	0.1891709527853743	201.0067039715468	-0.0142254372319996	40403.69504150505	0.0002023630644415	200.6598937147942	273.9800290467417	0.79661	16.785954	0.0584224499999999	0.0269177	-0.0654117718	0.0878841873	-0.0592391977	-0.0607010991	0.045918904	-0.0047504227	-0.0840313538	0.0501687431	0.1054138739	0.0172284542	0.0522970279	0.0770785077	-0.0367335089	0.0802524535	0.0194778001	-0.0685579215	-0.0833103912	0.023615028	0.0192540329	-0.0766405081	0.0629850882	0.1397330792	-0.0010832285	-0.0003356938	0.0996490459	0.0891797616	0.1092142723	-0.0184538483	-0.0433087289	-0.0295523404	-0.0370382586	0.0774478203	0.1134261328	-0.0706086717	0.0295883657	-0.0725442606	-0.0997134519	0.0535197275	-0.0750066555	0.0988333537	0.0439286476	-0.0635046047	-0.0437048942	0.0170501054	0.0452561102	-0.0149748419	0.0772175339	0.0683931569	0.1261449476	0.1266389346	0.0507973019	-0.0661935288	-0.0204966861	-0.0299023678	0.2011922892	0.0159708052	-0.126875125	-0.0049013057	0.0212645501	0.113096225	0.0283507267	0.0361904991	0.0479099083	-0.0011300961	0.1485168125	0.0375158009	-0.0123672078	-0.1008895459	0.0149632852	-0.1286169584	-0.0190495457	0.0093675858	-0.086132264	0.1165132495	0.0140872671	-0.0481977711	-0.0019787997	-0.0505593886	0.0180877343	-0.1402697227	0.0853840735	0.0204601664	0.0153248513	0.0715448289	0.1296251063	-0.0096543554	-0.0405653462	-0.0393513187	-0.0753755893	0.0710119593	-0.0409170767	-0.0141307955	-0.0211479382	0.0511101074	0.0023615615	-0.0109718069	0.174276713	0.1036758026	-0.0265748852	0.083596726	-0.052830322	0.011752354	-0.1861129043	-0.0904526943	0.1111864068	0.0735667642	0.0239360785	-0.1237291379	0.0196679882	-0.0160410148	-0.0290388801	0.0308730308	-0.1273612864	-0.070797704	-0.0048920779	0.0874867576	0.0698261727	-0.0731464189	-0.0176613145	0.1075904306	0.0313987015	-0.0268345763	0.0651076984	-0.0444161398	0.0639617659	0.0319603494	-0.0445766832	0.0814952163	-0.1474940242	0.0028533823	0.0734868888	-0.0838315977	-0.0681045605	0.0263282034	-0.0260964529	0.035836144	-0.0221003306	-0.1106910964	0.0843382854	-0.0449627491	0.0	-0.0112178	-0.0037938	1.439291844e-05	0.00012583903684	0.0529924	-0.0079894	0.00280819445776	6.383051236000001e-05	-0.202521	-0.0110939999999999	0.041014755441	0.0001230768359999	0.00129219	0.0002305	5.3130250000000013e-08	1.6697549960999998e-06	-0.000952332	-0.0003248509999999	9.06936238224e-07	1.0552817220099994e-07	0.000296121	-0.000155554	2.4197046916000007e-08	8.7687646641e-08	0.0	0.0	0.0	0.0	0.0	0.0	0.0
269.6122441874807	0.0422316664044046	0.0017835136472929	72690.76221580972	239.95717800415315	0.9009210010906656	57579.44727571684	0.8116586502062072	201.13021211567715	0.1235081441303407	40453.36222569728	0.015254261666521	200.77928875688195	273.52027908246	0.944804	19.908649	0.0508409749999999	0.0242066	-0.089644295	0.0862771607	-0.0876038573	-0.0450517239	0.0244231158	-0.0127875972	-0.0854270236	0.0850515699	0.1091681564	0.0651753323	0.0047782869	0.1268391788	0.012075174	-0.0067358206	0.0059262866	-0.0989823208	-0.0652879297	0.037418883	-0.0231333811	-0.068986493	0.0545428381	0.0737140611	0.0097136277	0.1295577625	0.105564765	0.0345572483	0.0092809136	-0.0279040557	-0.0674136877	-0.0493821526	0.1897413337	-0.0951621198	-0.0557814224	-0.0235185765	0.058947832	-0.0294050105	0.0744253028	-0.0881091993	-0.0820291661	0.1107533094	0.0493663973	-0.0152267718	-0.1148404465	0.0316019671	0.0314472272	-0.0258599544	0.0728219615	0.0565810175	0.0632155536	0.0229390966	-0.0772523082	-0.0783764841	-0.0152437217	-0.1283255961	-0.1123869233	0.0121060499	-0.0689013037	-0.1509706854	-0.0855437522	0.029305933	0.0525008142	-0.0819068507	-0.0937438929	0.0671304635	-0.0184833903	0.0696874985	-0.0063714533	-0.0695616817	0.0143151621	-0.082530783	0.0075064328	-0.1161027829	-0.1082410454	0.0545640627	0.0153418788	0.0132037986	0.0471596487	-0.0708947226	-0.1684770623	0.0607239572	-0.0812214692	0.0358351232	-0.0533577507	0.0228675202	-0.0476261743	0.0907091588	-0.1513688959	-0.0451149663	-0.0688229607	0.0311658953	0.0632456322	-0.0230783104	-0.0278798773	0.083523602	0.0179893653	0.0142959373	0.110898688	-0.0435731259	-0.0242337218	0.1248376551	0.1666374394	-0.0994745747	0.0631358808	0.0158668406	0.0750245469	0.1304527163	0.0351748559	-0.0318130751	0.0202600886	0.1126187534	-0.0057454146	-0.0708588635	-0.0040477954	-0.0750816055	0.0175299568	0.1012195923	0.0917487361	0.0738661001	0.0326847786	0.119782472	0.0284551004	-0.0335605873	0.0358432655	-0.0339292911	0.0816703749	-0.0140623636	-0.0549854677	0.0948650534	-0.135450097	0.0270085091	0.1479110007	-0.0720830245	0.0060288213	0.0915875362	-0.0270161536	0.004667874	-0.1533205002	-0.1117072952	0.0881064748	-0.0523939058	0.0	-0.0102796	0.0009382	8.802192400000003e-07	0.00010567017616	0.0571598	0.0041673999999999	0.0032672427360399	1.7367222759999955e-05	-0.218722	-0.0162009999999999	0.047839313284	0.0002624724009999	0.00100866	-0.0002835299999999	8.038926089999998e-08	1.0173949956e-06	-0.00100553	-5.319799999999996e-05	1.0110905809e-06	2.830027203999996e-09	4.21615e-05	-0.0002539595	6.449542764025e-08	1.77759208225e-09	0.0	0.0	0.0	0.0	0.0	0.0	0.0
269.79100106924034	0.1787568817596252	0.0319540227764246	72787.18425794283	238.8512513830855	-1.1059266210676526	57049.9202872659	1.2230736911861153	201.36671168761845	0.2364995719412945	40548.55257588445	0.0559320475284155	201.01340317435887	271.52883626350484	0.929878	19.594149	0.0887658249999999	0.0443915	-0.1013773263	0.0754984313	-0.0853669161	-0.006465972	-0.009395541	-0.0104624586	-0.0880394733	0.0830881185	0.1114698664	0.0105454923	0.0302267733	0.027465688	-0.02316595	0.0327070654	-0.0568453443	-0.1177133935	-0.0821541998	0.0704484844	-0.0650338458	0.0165088277	0.0264123626	0.0657619383	0.0894828331	-0.0118905734	-0.0677462757	0.0538177768	-0.1034104122	0.0659132215	0.0340019826	-0.0476823424	0.1422606757	-0.0029516075	0.0076161548	-0.103650664	0.0748851319	0.0378347624	-0.0633567953	-0.0760033314	0.0228870102	0.0066115884	-0.024152025	-0.0831286213	-0.1023619362	-0.0193660009	0.0060551088	0.0959728811	-0.0170447205	-0.0203481302	-0.0158188711	0.1216171071	-0.0754128826	0.0921323654	-0.1906166497	-0.0234611289	0.0010891083	0.0028023718	-0.1436387324	-0.0489979034	-0.0088281986	0.1001105984	0.0015195956	-0.1291522484	-0.0503143152	-0.0788005431	-0.0199512334	0.0906589862	-0.0166493548	0.0207728276	0.037369767	-0.0659273658	0.0785713647	0.0396821809	0.0367581897	-0.0761952699	0.1191006031	0.0128868591	-0.0117073672	-0.0227062355	-0.1628306716	-0.0222410808	0.0129231686	0.1144949738	-0.0826052427	-0.045346023	0.0343752631	0.0826938636	0.043140696	0.0131456345	0.0012854088	0.0743564448	0.0510302082	0.0161415235	-0.054313004	-0.0486485218	-0.0011782034	-0.057713881	0.0322936711	-0.063903589	-0.1423787324	-0.0377854511	-0.0253303249	-0.181668263	-0.0370466429	-0.0920643436	0.1291444598	0.0147674632	-0.0137307337	-0.0689999357	-0.0203584105	0.1097687866	-0.0053366047	0.0888720266	0.1353924362	-0.0775321318	-0.0263307345	0.0774347176	0.0127836709	-0.017717451	-0.0608592669	0.0840130643	0.0684424113	-0.0177072698	0.0539973759	-0.0490229227	0.0928287889	-0.0555205888	-0.0359223862	0.0226447543	-0.1124255053	-0.028993371	-0.0152705002	-0.0439591525	-0.0860840476	0.0720846696	-0.0488173189	0.0533052578	-0.0178389847	-0.1126664339	0.0916946678	-0.0595842788	0.0	-0.0155981	-0.0053185	2.8286442250000005e-05	0.00024330072361	0.0371858	-0.019974	0.0013827837216399	0.0003989606759999	-0.197412	0.0213099999999999	0.038971497744	0.0004541160999999	0.00171672	0.0007080599999999	5.013489635999999e-07	2.9471275584e-06	-0.00106026	-5.473000000000001e-05	1.1241512676e-06	2.995372900000001e-09	0.000122638	8.04765e-05	6.47646705225e-09	1.5040079044e-08	0.0	0.0	0.0	0.0	0.0	0.0	0.0
270.0568293151027	0.2658282458623375	0.0706646562982473	72930.6910597265	239.75192335704423	0.9006719739587368	57480.984753402015	0.8112100046747274	201.38604110401764	0.0193294163991879	40556.33755154909	0.0003736263383331	201.01293258667	274.1771386601933	0.976943	20.58588	0.0917428899999999	0.0452081	-0.0966975577	0.0792358814	-0.0335611322	0.0167333505	0.0346632455	0.0861726234	-0.0902235459	0.0766605693	0.0537729415	0.0308878437	-0.027258695	0.1097846505	0.0812874408	0.014005624	-0.0258417209	-0.0429818844	-0.043414244	0.0566875386	-0.1066263725	-0.0091952691	0.0056407679	0.1143300627	-0.1078151497	0.0221947011	0.0009812496	0.0456002489	-0.0585252457	-0.0042225078	-0.030516968	-0.0560792899	0.0846482084	-0.0672714479	-0.0603729154	-0.009556163	0.0038483451	-0.0367268709	0.0566770514	0.0055431352	-0.0927721461	-0.0341877046	-0.1817240234	-0.0676986236	0.0734902416	-0.1262254042	0.0570271984	0.013522997	0.1517248282	-0.0968055483	0.0635363948	0.0438068307	-0.0755519693	0.0641520839	-0.1402351907	-0.01215741	-0.1206052631	0.2099461599	-0.0951902221	0.0634790826	0.0292527012	-0.0227059318	-0.1640151063	0.0066705902	0.1538672657	-0.0480149054	-0.1126259028	0.1144801459	0.0134770345	0.0311751347	0.0013074928	-0.0978651874	-0.1173030922	-0.0147759977	-0.0029188193	0.0015970826	0.0661342464	0.0462750278	0.0241374134	-0.0525551015	-0.0521885243	0.0747752701	-0.065057769	0.0333186183	-0.0415535559	0.0221703913	-0.0394414327	-0.0061973632	-0.0036598597	-0.010339622	0.203196913	0.0722775598	-0.0554875478	0.094883934	-0.0717764995	0.0801037514	-0.1686193712	0.0360442433	0.1002880832	-0.0457237139	-0.0649284435	0.0059856677	0.0241384371	-0.0738485974	0.103168455	-0.2471210225	0.0266342092	-0.0983786186	-0.0545283997	-0.0414940875	-0.1871683357	-0.095313787	0.0781865976	0.0550459528	0.1123790131	-0.0619664933	0.0670369562	0.0604680729	0.0441550444	0.0302736243	0.0799387323	0.0933770182	0.0414862575	-0.035923041	0.0561999176	0.1011178609	0.0287742369	0.0211328694	-0.0327481752	0.0271026302	-0.0917107574	-0.0799586505	0.0226620657	0.0748929471	0.0609778242	-0.0059545073	0.0491881681	-0.0171327251	-0.0454855214	-0.1135680224	0.0950955338	-0.0665008237	0.0	-0.00904546	0.00655264	4.29370909696e-05	8.18203466116e-05	0.0598255	0.0226397	0.0035790904502499	0.0005125560160899	-0.182734	0.0146779999999999	0.033391714756	0.0002154436839999	0.00112293	-0.0005937899999999	3.5258656409999985e-07	1.2609717849e-06	-0.000868708	0.0001915519999999	7.546535892640001e-07	3.669216870399996e-08	0.000294747	0.000172109	2.9621507880999998e-08	8.6875794009e-08	0.0	0.0	0.0	0.0	0.0	0.0	0.0
270.018192731235	-0.0386365838676852	0.0014927856129646	72909.82440584236	239.54120345588203	-0.2107199011622071	57379.988153092265	0.0444028767458103	201.38192306834569	-0.0041180356719507	40554.6789387051	1.6958217795459218e-05	201.0237702588068	277.77103056462164	1.018644	21.464586	0.02829602	0.0143529	-0.0554198665	0.0956006493	-0.0056257352	0.0226316755	0.0447293801	0.1664794016	-0.0556166298	0.0885008439	0.0743700356	-0.0032136522	0.0803078348	-0.0181019866	0.0728516216	-0.0020620504	-0.1155517922	-0.0740355332	-0.0332385535	0.0545923597	-0.0963639562	0.0034803317	-0.0004374912	0.0895857932	-0.0210111064	-0.0227938686	-0.0262033507	-0.0969196553	-0.1744056508	0.0253065404	-0.0127649274	-0.1019423478	-0.102148321	-0.0814373489	0.0534266841	0.0279902364	0.0041135409	-0.0414620795	0.0111590447	0.0100104022	0.1599804936	0.1132081559	-0.1190114535	-0.0478924783	-0.0150684567	0.0440971415	0.0962116601	0.0880232864	0.0698192785	-0.0117891768	-0.0058400876	-0.052429102	0.065628087	-0.0159754207	0.1302479723	0.0319578141	-0.0696186036	-0.0270171041	0.1021677839	0.1331800334	-0.0437875272	-0.047018856	-0.0700883079	-0.0520677553	0.0377728127	-0.0930205607	0.070139574	0.1027120491	0.0058493991	0.04014185	0.0009256678	-0.0739673761	-0.0391891102	0.0398057778	-0.0052862273	-0.1784438048	0.0469414114	0.0699960791	0.0237664569	-0.0936089782	0.0785963085	-0.0547714932	-0.1027209894	-0.0085470356	-0.0288612312	0.0109683972	-0.0563884229	-0.0168412302	0.1244032208	-0.1235135181	-0.025371977	0.1091841298	0.1026693362	-0.0562178028	-0.0994542917	-0.04093984	-0.0343104458	0.0746564357	0.0203476194	0.058771959	0.0447625411	-0.0333830786	0.0099703354	0.1452897924	0.0772202917	0.0779972558	-0.0968244194	-0.1112923491	0.0586336626	0.038309111	-0.0600357961	-0.0395745382	0.0422228542	0.0989251899	-0.020535292	-0.043885897	0.0553025309	0.0809035763	0.0008876534	0.0253686423	-0.1451263051	0.0479871828	0.0398990896	-0.0623193468	0.0522423863	0.043851572	0.0052734218	0.0447423248	-0.0877356828	0.0198935888	-0.0519862917	-0.0728068185	-0.0186879348	0.0147025912	0.0465443427	0.0537961306	0.0868889305	0.0358363735	0.1311858258	-0.1144116002	0.098302125	-0.0731117546	0.0	-0.00928013	-0.0002346699999999	5.507000889999968e-08	8.612081281689999e-05	0.0586654	-0.0011600999999999	0.0034416291571599	1.3458320099999936e-06	-0.170432	0.012302	0.029047066624	0.000151339204	0.00124568	0.00012275	1.5067562500000007e-08	1.5517186624e-06	-0.00080859	6.0118000000000064e-05	6.538177881e-07	3.614173924000008e-09	0.000403864	0.0001091169999999	1.1906519688999998e-08	1.63106130496e-07	0.0	0.0	0.0	0.0	0.0	0.0	0.0
269.84078712838254	-0.1774056028524455	0.0314727479234396	72814.05039806507	238.5293924464836	-1.0118110093984285	56896.27106088859	1.0237615187398668	201.3713230087912	-0.0106000595544912	40550.40973031092	0.0001123612625587	201.01516648223435	277.27547303698054	1.038037	21.873241	0.05347652	0.0246034	-0.0653686321	0.0995574903	-0.0201954532	0.0691308382	0.0902982796	0.0977289485	-0.0942062126	0.045711318	0.0868665845	-0.0530798723	0.0024301856	0.0344666534	0.0716819625	0.0173867372	-0.0565957276	0.0629743454	-0.0556799601	0.0432378312	-0.0484760678	-0.024694172	-0.0422841484	0.0903464458	-0.0625484363	-0.097355839	0.1001994599	0.0322397695	-0.1489729474	0.0073343239	0.0252878625	0.0238804724	0.058481031	-0.1699062669	0.0077796284	-0.0147548945	-0.0578655327	0.082969641	-0.0105045495	0.0059038254	-0.1767883968	-0.0454862117	0.0231321985	-0.0639601796	-0.0555268607	0.0014476878	-0.0352834057	-0.1075002987	0.0999105611	0.0237870903	-0.1443126528	0.1243602206	0.1095328347	0.0630904246	0.1693870803	0.0700934277	0.0890771071	-0.0154504207	0.0121075458	0.098303106	0.0302740021	0.0150809169	0.0824044656	-0.1855805864	0.0433989556	-0.0103022237	0.0823143324	0.0703650949	-0.0062854485	0.0120917464	-0.0449836852	-0.079286033	-0.0937587022	0.1025834794	-0.1068369217	-0.0447553497	0.0954490661	0.0634541768	0.0203170211	0.0478576183	-0.0922467975	-0.0004253463	-0.1534281655	0.012857918	0.0677925811	-0.1016101579	0.0649030873	0.0134658083	-0.1700121995	0.0692766005	0.0563059645	0.0485484994	-0.0280892031	-0.022366857	0.049297368	0.0790045468	0.0335415869	0.1373146108	-0.0154511374	0.0948522817	-0.1316708773	-0.1089792442	-0.1225777276	0.1830290607	-0.0347091861	0.0055791943	0.0215360133	-0.0179563107	-0.0018891415	0.0046883698	0.0956730553	0.0927438659	0.0682863788	0.1126434	-0.0418035275	-0.0419859799	0.0439402563	0.0672587295	0.0146575454	-0.1208180969	0.0003850036	0.0892275537	0.0682574873	-0.0288933	0.0766399135	0.1084090028	-0.0165125865	0.021872314	-0.0855439607	-0.0354163788	0.0350367602	-0.1104095413	-0.0295779471	-0.0295887423	0.0500820713	-0.0216331325	0.0835492812	0.0001723046	0.1269603213	-0.1151967366	0.1013078907	-0.07938669	0.0	-0.0181472	-0.00886707	7.862493038489999e-05	0.00032932086784	0.0729911	0.0143257	0.00532770067921	0.00020522568049	-0.18337	-0.012938	0.0336245569	0.000167391844	0.00140391	0.0001582299999999	2.503673289999996e-08	1.9709632881e-06	-0.000923312	-0.000114722	8.525050493440001e-07	1.3161137284000011e-08	0.000329901	-7.396299999999997e-05	5.470525368999995e-09	1.0883466980100001e-07	0.0	0.0	0.0	0.0	0.0	0.0	0.0
269.49534304803626	-0.345444080346283	0.1193316126462892	72627.73992457875	238.73470824688405	0.2053158004004558	56994.26092172485	0.0421545778940798	201.14446405264047	-0.2268589561507212	40459.09541902397	0.0514649859857948	200.7911859838513	273.96964845635347	1.045812	22.037067	0.05309285	0.0248967	-0.0930888576	0.0836586598	-0.063243548	0.1514729637	0.0220344265	0.0848998933	-0.0695278651	0.0637255272	0.1325084914	0.0018348799	-0.0182417552	0.0643993967	0.0696043905	-0.1525317468	-0.1198799115	0.0560301396	-0.0398695469	0.011791745	-0.0228320202	-0.0427306912	0.0915513863	0.0764768489	-0.1197777307	-0.0633576809	-0.1124438018	-0.0853442558	-0.0192154596	0.0373538144	0.0246840242	-0.0033259255	0.046809225	0.0602845535	-0.1019983573	0.0592838172	-0.0127088619	-0.1549982986	0.0228417185	-0.0805314184	-0.0426705529	-0.0264293207	-0.054347606	-0.0111514012	0.0176431055	-0.0090207419	-0.119680212	0.0610626931	-0.0524760575	-0.0406831985	-0.0928349075	0.1031501874	0.1116684128	0.0183156617	-0.169180707	0.0002798877	0.0811328644	-0.0169265249	-0.0187404605	-0.0099034156	-0.0771861841	-0.0612443709	-0.0860281944	-0.1383218944	-0.0159087968	-0.0381283575	0.0844231341	0.0557503857	0.015810377	-0.0688158788	0.0550585682	-0.0641576142	-0.1370508807	0.0406391496	0.0932062812	-0.0704657153	-0.0366750609	-0.0178094613	-0.0084471352	0.0092418187	-0.0233495104	0.1384360057	0.0606558225	-0.0184978707	-0.0287992725	0.130613533	-0.0397445966	0.0841937284	-0.0118857022	-0.0153525642	0.0784565552	0.0517817761	-0.0173121784	0.0598772277	0.0491471951	-0.1308751373	0.0130197446	0.0302012567	-0.0952175568	0.1114577488	-0.0850825965	-0.0867364455	-0.0634587175	-0.1514890796	-0.0902922467	-0.0218683796	-0.003683792	0.0168032032	0.0852491034	0.0501409913	-0.1171643494	0.1102879378	0.0329544622	0.0546996185	-0.040803813	-0.0419123629	0.0647683562	0.0680097829	-0.0104510598	0.074978912	0.039984754	0.109693818	0.0734482014	0.0294313592	0.0711259537	0.1197794613	-0.0391513445	-0.0489114363	-0.0848901346	-0.0779868465	0.0254437972	-0.0321124257	-0.0424851463	-0.0019473563	0.0191277743	0.0608840954	0.0338233095	0.0007294643	-0.0287273733	-0.1159230303	0.1041066901	-0.0852967926	0.0	-0.0159907	0.0021564999999999	4.650492249999994e-06	0.00025570248649	0.0656365	-0.0073546	0.00430815013225	5.409014116000004e-05	-0.174616	0.008754	0.0304907474559999	7.663251600000021e-05	0.00114171	-0.0002622	6.874883999999999e-08	1.3035017241e-06	-0.000627481	0.000295831	3.937324053610001e-07	8.7515980561e-08	0.000191377	-0.000138524	1.9188898576e-08	3.6625156129e-08	0.0	0.0	0.0	0.0	0.0	0.0	0.0
269.6577860042248	0.1624429561885563	0.0263877140152772	72715.3215527003	238.0492504308889	-0.6854578159951643	56667.445630708055	0.4698524175088605	201.18021695289383	0.0357529002533567	40473.47969321343	0.0012782698765264	200.8196520244212	273.404901156926	0.983214	20.718023	0.073632	0.0407468	-0.0779086149	0.0731881685	-0.0597244742	0.1770957169	0.012092608	0.0290963278	-0.0549078815	0.0490843875	0.1371155739	0.037851032	-0.0125498877	-0.0247279229	-0.0611953861	-0.0115076808	-0.1403381342	0.0563064405	0.0073828796	0.0356911286	0.0126094885	-0.0810500928	0.0451021469	0.0606252252	-0.0609021245	0.0176209042	0.0037192168	-0.0046155353	-0.0702210077	-0.1050039331	0.1522598823	0.0091351889	0.0347354949	0.0376750943	0.0040247817	0.0468850425	0.1091292702	-0.0244932404	-0.0191773247	-0.1077946473	0.0950029222	0.0143711631	0.0762504663	0.1097198701	0.0137947584	-0.1131658528	0.0594323045	0.0248824087	-0.0997212606	-0.0648471384	-0.0539317205	-0.0226566757	0.1234744252	-0.0637888361	0.0937732699	-0.0946099693	-0.0701826036	-0.0872405708	-0.01388953	-0.0201386827	0.0638112734	-0.0699371396	0.0177449892	0.1279605301	0.0798222742	0.0521639257	-0.0443568786	0.0465501515	-0.0216514113	-0.0912819054	0.0012955688	-0.0528158504	-0.0581614583	-0.0168017629	-0.0262227839	-0.0240101236	0.0063224028	0.1201091677	-0.1501751883	0.0534158963	-0.0295375119	0.0161142529	0.0268138816	-0.0334248251	-0.0979810922	0.019602711	-0.0355480032	0.0620096324	0.0661859585	-0.003213867	-0.1137671543	-0.1070485175	-0.0053483037	0.1080551659	-0.1039951913	-0.0246504734	0.0222432305	-0.0175513653	-0.1331017113	0.1056243879	0.0193578593	0.014490435	0.0420274586	0.0386761828	0.0435888328	0.1479957387	0.0189810209	0.0249659743	-0.0474491742	0.000713095	0.0150394741	-0.1703823337	0.0824379234	-0.089374598	0.0333407527	-0.0173804863	0.0306135289	0.0737546317	-0.0398991833	-0.0841730486	-0.0552008348	0.039547707	0.0906171316	0.0776116021	0.0940526246	0.0795903713	-0.0085254118	-0.091152867	0.0092853175	-0.102660994	0.145691461	0.0037335037	-0.1484770474	-0.0461976444	0.0253595143	0.0308512949	-0.0608635186	-0.0045689457	-0.0250412835	-0.1165901104	0.1066928056	-0.0908149015	0.0	-0.0185422	-0.0025514999999999	6.510152249999991e-06	0.0003438131808399	0.049979	-0.0156574999999999	0.002497900441	0.0002451573062499	-0.158569	0.016047	0.0251441277609999	0.000257506209	0.00185138	0.0007096699999999	5.036315088999999e-07	3.4276079044e-06	-0.000627481	0.0	3.937324053610001e-07	0.0	0.000269227	7.784999999999997e-05	6.060622499999995e-09	7.248317752899998e-08	0.0	0.0	0.0	0.0	0.0	0.0	0.0
269.91547738912226	0.2576913848974413	0.0664048498503612	72854.36493419777	239.26440992441263	1.2151594935237426	57247.45785647737	1.4766125947008788	200.98018759326823	-0.2000293596256028	40393.03580502529	0.0400117447122287	200.6258787005881	272.92938017601097	1.02103	21.514864	0.1192415199999999	0.0538947	-0.0197620208	0.0811933419	-0.0533117499	0.1513343591	-0.0577439679	0.0193244971	0.0219102346	0.0764160047	0.1077134402	0.0305615004	-0.151530372	0.0774659829	-0.0668532206	-0.0919776453	0.0139892899	0.1195739787	-0.0343425477	-0.0121593849	0.0378829663	-0.1423436119	0.1216929068	0.051530864	-0.0255357324	-0.0288979303	0.0468323992	0.0003019352	0.0419953785	0.1203511815	-0.0382461303	0.1056904991	0.0051000308	-0.1625152706	-0.1359411244	-0.0051349848	-0.0058499151	0.1234162332	0.0663586933	-0.0746576067	0.0289020567	0.1173808374	0.045113668	-0.0568970307	-0.0271340911	0.0007518854	-0.0578518764	-0.010093567	-0.1172610534	-0.0049434769	0.0299220084	-0.0179490292	0.0434496398	-0.1051750834	-0.1638186178	-0.1079315404	-0.0553248543	0.0123433794	0.1093105295	-0.0099851141	-0.0777481206	-0.0082406226	0.1395772095	0.1569483737	-0.0353241963	-0.0195236605	0.0371421903	0.0271485247	0.0176628216	-0.1811785301	0.0282038018	-0.0454553207	-0.0395401554	0.0175133448	-0.0277709735	0.0378499429	0.0045541383	-0.130676734	0.1004119463	0.1033131768	0.0166059664	0.0870805036	-0.1541925324	0.0347974775	-0.0410618439	-0.1523003832	-0.076191842	0.0625219507	-0.0300253671	-0.0684713744	-0.0735573591	0.0590589295	0.0153181813	0.0235391351	0.0491617222	0.0002981192	0.0180309363	-0.0843814132	-0.061163479	0.0536896601	0.0328710518	0.0482133142	0.0925819593	-0.1986828408	-0.0256916281	0.0066120731	-0.1222859988	-0.0208144438	0.0666842638	-0.0280131228	0.1266706879	-0.0587999811	-0.0827283253	-0.0710762203	-0.0308474578	0.0042867659	0.028502438	0.0929758862	0.0511093256	-0.0259407615	0.0909637801	0.0235600498	-0.0070692726	0.0997823484	0.1071000469	0.006140404	-0.0932188976	-0.0565006529	0.0511941828	-0.0384480927	0.0583209902	0.1416293823	0.0360267324	-0.1169694266	0.139013534	0.0433903171	-0.0679632634	0.0273301849	-0.079608667	-0.1171976362	0.1090609537	-0.0959156576	0.0	-0.00978353	0.0087586699999999	7.671430016889996e-05	9.57174592609e-05	0.0731215999999999	0.0231425999999998	0.0053467683865599	0.0005355799347599	-0.189364	-0.030795	0.035858724496	0.000948332025	0.0010932	-0.00075818	5.748369124e-07	1.1950862399999998e-06	-0.0007930689999999	-0.0001655879999998	6.289584387608415e-07	2.741938574396687e-08	0.000476364	0.000207137	4.290573676900001e-08	2.26922660496e-07	0.0	0.0	0.0	0.0	0.0	0.0	0.0
270.55945434912337	0.6439769600011118	0.4147063250122735	73202.41833769537	240.2330407988917	0.9686308744790892	57711.91389148198	0.9382457709941252	201.0823155126628	0.1021279193945758	40434.09761193407	0.0104301119198649	200.75932821301447	274.3711579321715	1.23904	26.108721	0.07801614	0.0378737	0.0913377481	0.0446701687	-0.0116976085	0.1377207492	-0.1776052057	-0.0268644385	0.1395908529	0.083442857	0.025777487	0.0732302773	-0.1358231101	-0.1505123321	-0.076897301	-0.1316725198	0.1187944907	-0.0169338246	-0.0531795024	-0.0587136416	0.0443437921	-0.1305995117	0.0560185353	-0.0026229684	0.1448549825	-0.0164830632	-0.0045680827	-0.0580499167	-0.0354215253	-0.0163500731	-0.0640542476	0.187171344	-0.1078547965	0.0512828653	-0.0800606558	0.1317136343	0.0396640415	0.1015167508	0.1493114523	-0.0211294516	-0.0317324658	-0.1224699657	-0.0975600227	0.0351799275	-0.0551448825	0.0616394187	0.022992458	-0.1945940401	-0.1923448628	-0.0173838058	0.0669947271	0.0418989578	-0.1189080842	0.0305250633	0.0410730546	0.0383439367	0.1288764013	-0.1922797347	0.0358899372	-0.0191004901	0.0631501448	0.0491278661	0.0104992178	-0.0426944407	0.044076963	-0.0027835681	-0.0739391316	-0.0152718521	0.0436700727	-0.1536946224	-0.0214507718	0.0081049413	0.1484451237	0.0238625868	0.0088485919	-0.0241025976	-0.0610251227	0.0317548001	0.1056777902	0.1706071036	0.1446760417	0.0537073161	0.0526260616	-0.1130378804	-0.0548931178	-0.0680745768	-0.1328189271	-0.0352525346	-0.0533721314	0.0302676345	0.1580674175	-0.0661800516	0.0510940942	-0.0987248585	0.0610333341	0.0973069015	0.1163849674	-0.2027454282	-0.0866468334	-0.036471539	-0.089879657	0.0682263321	-0.0471269713	0.0817550414	-0.1402136363	0.1534425146	0.0499264132	-0.0384792607	-0.0609152153	-0.0170473343	0.0254476504	0.0477716272	0.0229615961	-0.0023366995	0.1110020298	0.0735891439	-0.0041042446	0.0796989633	0.0069604413	0.0964195531	-0.0597886875	-0.1286442322	0.019554478	0.1697744565	0.0173888123	0.0360339455	-0.0166332465	-0.0885338604	0.0463974984	0.0125377986	-0.0258780674	0.1539170592	-0.0500794902	0.0761426619	0.0203441159	-0.0584254721	0.0423281406	-0.0780438846	0.1057923732	-0.1177452974	0.1112062966	-0.1005756196	0.0	-0.00889329	0.00089024	7.925272576000009e-07	7.90906070241e-05	0.0449756	-0.0281459999999999	0.0020228045953599	0.0007921973159999	-0.169344	0.02002	0.028677390336	0.0004008004	0.0012908	0.0001976	3.9045760000000014e-08	1.66616464e-06	-0.000995375	-0.000202306	9.90771390625e-07	4.092771763604044e-08	0.000297072	-0.000179292	3.2145621264000003e-08	8.8251773184e-08	0.0	0.0	0.0	0.0	0.0	0.0	0.0
271.02308169873294	0.4636273496095668	0.2149503193059915	73453.51081347807	240.81878439585367	0.5857435969619473	57993.68691789665	0.3430955613819202	201.4655707094091	0.3832551967462905	40588.37618126792	0.1468845458330378	201.13889935037363	280.89770754590853	1.255983	26.465729	0.05213896	0.0274844	0.194221375	-0.0029267408	0.0382590262	0.0341909125	-0.0370047604	-0.193177851	0.1637554424	0.0277569509	-0.0475628709	0.0663377604	-0.0357047164	-0.0579965854	-0.1364725829	0.1218318333	0.0206661321	0.0023877121	0.0238093265	-0.1184589519	-0.0001141852	0.0098345383	0.0398039254	-0.0547514525	0.0611327961	-0.0408581679	-0.04472548	-0.0251262785	0.0421530933	-0.2022711156	0.0717028902	0.0580484932	0.0042422734	-0.0685916461	-0.019343897	0.0287156266	-0.0108127981	0.0048270367	0.0396281737	-0.083872091	-0.0208622967	-0.1601881169	-0.0546582346	-0.1030348909	-0.0029834843	-0.0603587822	-0.0388551587	-0.0147956888	0.111925818	0.0455252571	-0.0287489013	0.1026721374	0.0764735929	0.0937572371	0.0955526815	-0.0813604666	0.0405024777	0.0531553165	0.0142729235	0.0526395643	-0.0223402551	0.0489427655	0.0325377054	0.0951640146	0.1040879111	0.2128267099	-0.0942184311	-0.0431698242	0.1094549118	-0.0285364207	0.0307931274	0.0461105301	0.0764454742	0.0440826544	0.0455490677	0.081029363	-0.1215582544	0.1395643093	-0.0924925196	0.0644319272	0.0048720485	0.0214090093	-0.0618159899	-0.0267468988	0.0040800184	-0.0060446356	-0.0422436894	0.0802962509	-0.0017486975	0.1373365667	0.1108167706	0.0727100214	-0.0084315448	0.0388018278	0.0300031857	0.0220822375	0.0165722475	0.0820984077	0.0494061676	0.0618692809	-0.1102420064	-0.0999866594	0.0538808332	0.1107609527	-0.024279172	-0.0539016676	-0.0113543313	0.0329802081	0.0172457829	-0.0494299895	0.0462079873	-0.0819980521	0.1439531745	-0.1980255925	-0.0628009357	0.1275243274	-0.0545428087	0.0443725385	-0.0153719902	-0.0868161715	0.008774187	-0.1351301123	0.0569798957	0.1071793859	-0.0712478219	-0.0052740226	-0.0755579723	0.0847620975	-0.0058858948	0.0232826501	-0.1052955317	0.070836499	0.0137245692	0.074837802	-0.056187164	0.0337758966	0.037056744	0.0171014269	0.0864990284	-0.1182328141	0.1131244514	-0.104773372	0.0	-0.015341	-0.00644771	4.1572964244100006e-05	0.000235346281	0.0572997	0.0123241	0.00328325562009	0.00015188344081	-0.191133	-0.021789	0.036531823689	0.000474760521	0.0012908	0.0	0.0	1.66616464e-06	-0.000844983	0.0001503919999999	7.13996270289e-07	2.2617753663999985e-08	0.000215901	-8.1171e-05	6.588731241e-09	4.661324180100001e-08	0.0	0.0	0.0	0.0	0.0	0.0	0.0
270.7032487590143	-0.3198329397186512	0.1022931093290744	73280.24888868477	241.5211732559376	0.7023888600839427	58332.47713092464	0.4933501107700205	201.5272886264959	0.0617179170868098	40613.24806114699	0.0038091012895343	201.22160757092465	280.47985655763705	1.020799	21.509996	0.0478112499999999	0.0265232	0.1770032617	-0.0093009003	0.0075294408	-0.0259233038	-0.0236017507	-0.1754832496	0.158805893	-0.0088217851	-0.0778055847	0.0833686073	-9.41251e-05	0.1000722764	-0.0446527844	0.005328447	0.1037203933	0.0735375984	0.0699430305	-0.1489430086	-0.0161539295	0.0286883917	0.0103695201	0.0479704628	0.0455212402	-0.0236717489	-0.0909245081	-0.0516745646	0.0731137874	-0.0304874319	-0.0453708596	-0.0514433381	0.1387685167	-0.0511384293	0.0652943775	-0.0149853576	0.0239879876	-0.016221067	0.0419064231	0.0660907601	-0.0392113644	0.0463459019	0.0983876773	0.053997892	-0.0291029807	0.161836912	-0.0323417583	0.0130454789	-0.003324261	0.0283923991	0.2120087577	-0.2140602622	0.0466670634	-0.0338304279	-0.0138090561	0.0320587342	0.0364122389	0.0617304062	-0.0022508274	0.0236481647	-0.0177117702	-0.0458369355	-0.0943438405	-0.0105538968	-0.0774833108	-0.1096613746	-0.1997381438	-0.0583556428	0.1381879737	0.0089241733	0.0100471593	-0.0566138835	0.044907814	0.0343008825	0.0877222671	0.0331486441	-0.0993403018	-0.0010943301	0.0286161754	-0.0723783018	-0.1356287475	-0.0154164663	-0.048390635	0.0355612963	-0.0055499477	0.0537823587	-0.0257138217	-0.0545535181	-0.0769613867	-0.0141586559	-0.0890125821	-0.0471233862	-0.0144127122	-0.1197518292	0.081385861	-0.051196542	-0.0355847756	-0.1284173629	0.1300841767	0.0043942051	0.2204688962	0.0272172919	0.0420302188	0.0345800636	-0.0329008443	-0.0423675696	-0.0697259352	-0.013160821	0.0327901745	0.0258813011	-0.0957334334	-0.00755157	-0.0655833016	0.0734648475	0.1452086239	0.1198394253	-0.0532280946	0.0359439091	0.0188471409	0.0808045759	0.1538154858	-0.1035823552	0.0155562254	0.1239072523	-0.1359537998	0.1591658736	0.0318132244	0.033171669	0.0306555193	-0.028957205	-0.0516163627	0.0479901421	0.02420043	0.1484323896	-0.1313545085	-0.0088676925	-0.0446390143	0.0229392834	0.0373589472	-0.1186599374	0.1148114994	-0.1084896234	0.0	0.0042458	0.0195868	0.00038364273424	1.802681764e-05	0.0702086	0.0129088999999999	0.0049292475139599	0.0001666396992099	-0.193014	-0.0018809999999999	0.037254404196	3.5381609999999765e-06	0.0012908	0.0	0.0	1.66616464e-06	-0.00107477	-0.000229787	1.1551305529e-06	5.280206536900003e-08	0.000254805	3.890399999999998e-05	1.5135212159999982e-09	6.4925588025e-08	0.0	0.0	0.0	0.0	0.0	0.0	0.0
270.2072184565219	-0.496030302492386	0.2460460609906879	73011.94090601055	240.21384282584663	-1.3073304300909854	57702.69028516055	1.709112853441881	201.43796620792185	-0.0893224185740564	40577.25422998386	0.0079784944599189	201.12375825964887	277.64984292073785	1.110426	23.398605	0.0789036499999999	0.0375324	0.1497954815	-0.0273989586	-0.059029057	-0.0182256293	0.0003027672	-0.2245205113	0.1485408524	-0.0177678897	-0.0144412153	0.0922398052	0.1299127498	-0.0768882754	-0.1273552534	0.072017729	-0.0142271823	-0.0052215759	0.0633218842	-0.1222691965	-0.0206439894	0.0521828761	0.0044799108	0.0401149187	-0.0065718078	0.0859339403	-0.0120468752	0.1246932549	0.1212208354	0.0055648459	-0.0047200538	-0.0404672404	-0.0710053777	0.1413807077	0.0781441336	0.0447038493	0.1174957563	0.0270178994	0.0736417232	0.0907907442	0.0789564208	-0.0340864799	-0.0678300469	-0.0088220618	0.0396317908	-0.1162310008	0.0825760977	-0.0348180898	-0.1501227205	0.0530856879	0.0138064529	-0.0181321424	-0.0198523831	-0.0135599114	0.1981406903	0.1031991517	-0.1813032483	0.0470081179	0.0136463913	0.0004151213	-0.0686866068	-0.0410884519	0.0643701496	-0.1148531817	-0.2034119769	-0.0857810706	-0.0286271934	-0.0480836984	0.1114797612	0.0339355564	0.0222285934	-0.0566454447	0.0341453886	-0.1036049936	0.053330708	0.1318038774	0.0298936737	-0.0484693554	-0.0537300574	-0.0432116738	0.055174859	-0.0978663207	0.1337785871	-0.0489913562	-0.0956934116	-0.0233928776	-0.0820488262	-0.1546408901	0.0875361077	0.0121347679	0.0323116568	0.0191828414	0.0058954451	0.0765928045	-0.0668610914	0.0712068107	0.1163920707	-0.0477890959	-0.0858005719	-0.0159430265	0.0734001057	0.0653195095	-0.0091058728	0.1497122821	0.2445279625	-0.00358694	-0.0172772938	0.0153764008	0.0716453155	0.0803605978	0.0586152397	0.1284570002	-0.1024119594	0.0616854641	0.1331284578	0.1223366884	-0.0965332319	0.0278859227	-0.0054780471	-0.0142065783	-0.1301251697	-0.0677485806	-0.020331602	0.0961253978	-0.1346145063	-0.0019542566	0.00475593	0.0548584009	0.0627568008	0.0729183191	-0.1014361931	0.0420431167	-0.0625058679	0.0008592885	-0.1736480978	0.0981070354	-0.0815988206	0.0478868989	0.0462912224	-0.1190264491	0.1162639941	-0.1117072952	0.0	-0.0080359	-0.0122817	0.0001508401548899	6.457568881e-05	0.0511376	-0.0190709999999999	0.00261505413376	0.0003637030409999	-0.180496	0.012518	0.0325788060159999	0.000156700324	0.00185367	0.00056287	3.168226369e-07	3.4360924689e-06	-0.00116266	-8.788999999999997e-05	1.3517782756e-06	7.724652099999995e-09	0.000304704	4.989900000000001e-05	2.4899102010000004e-09	9.2844527616e-08	0.0	0.0	0.0	0.0	0.0	0.0	0.0
270.4865879561618	0.2793694996399267	0.078047317329063	73162.99426416647	241.1074247403188	0.893581914472179	58132.79026490849	0.7984886378717647	201.44840666641144	0.0104404584895974	40581.46054843588	0.000109003173473	201.24000639542288	275.6569520929418	1.224277	25.797626	0.05583931	0.0280348	0.1074666489	-0.0980356426	-0.0387783194	-0.0210513781	0.0708689688	-0.0146002128	0.1227775234	-0.0822913586	-0.0736110188	0.0401146224	-0.0845738771	0.1238014611	0.0293887019	0.0238445576	-0.0023072469	0.03757395	0.061960941	-0.1568960085	0.0271929751	0.0005012348	-0.0295462146	-0.0116278715	-0.0330516249	0.0470024245	0.1511323105	-0.0185788743	0.1562950986	0.121142531	0.1091218605	0.0454040159	-0.1450450222	0.0362173446	0.0303037849	-0.0646993542	-0.0576203273	-0.0005566975	-0.1576150354	-0.1310323004	-0.0434770641	-0.0320221767	-0.0526181279	0.0207959395	-0.0259324981	0.1028041252	-0.0952387814	0.1502867426	-0.0392051523	0.0911198209	-0.0558697142	-0.1154903803	-0.0764928089	0.0248917645	-0.0861324817	0.0276293074	-0.0807449785	0.075627826	-0.0849086271	0.0426283603	0.0316751883	0.0131926918	0.0520116037	0.0422018773	-0.1294826297	-0.0249493119	-0.0011608753	-0.1267847009	0.1206711031	-0.00054347	-0.0336958656	0.0162324915	-0.0331386385	-0.0567678497	-0.1413816394	0.0273670393	-0.049633245	-0.2041055217	-0.0960199591	0.07350665	0.0911740934	-0.1051007756	0.0486666759	0.016286529	0.0503113216	-0.0467288095	0.1297631954	0.1828107589	0.0329091869	-0.0243567254	0.070629058	0.0036066789	0.0195244377	-0.0514386765	0.0385705214	-0.16645548	0.0631651366	0.0353929458	0.0234575942	-0.1262151387	0.1143318243	-0.0252587171	-0.0152994452	-0.0801083636	0.0888180384	-0.1096308222	0.0463790299	-0.0759252214	-0.052930627	0.0076084019	0.0443370153	0.0270928681	-0.1221239845	-0.0506725841	0.0733463164	0.1251637714	-0.0516417824	-0.062514199	0.0574089804	-0.0487056985	0.1474269883	0.0044517025	0.0029119633	0.0299640283	-0.0631427	0.1165859774	0.06496941	-0.0528651233	0.0962999823	0.0559603429	0.0377351695	-0.0466010859	-0.0910466482	-0.0352315135	0.1177599864	0.0820029964	-0.0647476904	-0.0751317207	-0.0420957663	-0.119332162	0.1174789681	-0.1144116002	0.0	-0.00732439	0.00071151	5.062464801000004e-07	5.36466888721e-05	0.0563004	0.0051628	0.00316973504016	2.665450384000002e-05	-0.195065	-0.0145689999999999	0.0380503542249999	0.0002122557609999	0.00139135	-0.00046232	2.1373978240000002e-07	1.9358548225e-06	-0.00108872	7.393999999999999e-05	1.1853112384e-06	5.467123599999998e-09	0.000476364	0.00017166	2.9467155600000008e-08	2.26922660496e-07	0.0	0.0	0.0	0.0	0.0	0.0	0.0
270.4128425739638	-0.0737453821980125	0.0054383813955309	73123.10542893133	241.14770809379783	0.0402833534790261	58152.21711889153	0.0016227485675161	201.12106050570333	-0.3273461607081174	40449.68097893878	0.1071555089303446	200.94466613327248	277.0939926787644	1.17631	24.78689	0.0358854099999999	0.0183173	0.0818885237	-0.1242449278	0.0340793963	-0.062965079	0.0331182589	0.1517341341	0.0725947566	-0.0813858462	-0.1097215864	-0.0676094276	0.0891067553	-0.0150348886	0.0289264447	-0.0857193185	-0.0173230354	-0.0709868187	-0.063416101	-0.0115629918	0.1078844279	0.0544585736	0.0528367403	-0.0765012693	-0.1345791885	-0.1077906754	0.0265228498	-0.2018429109	0.0840582805	-0.0355340144	0.0736320584	-0.0622413881	0.0047470215	0.0588741243	-0.0815548595	-0.0939317228	-0.1408803359	-0.0089364621	0.1655017453	0.0787022617	-0.0743990851	0.0288597184	0.0172697885	-0.0383315052	0.027355379	0.0143943391	0.0738600183	0.0164921255	0.0703578405	0.0181121937	-0.0070123309	-0.1732029417	-0.0999224538	-0.0967278513	0.062458202	0.074242739	0.0024814733	-0.1745892686	-0.0679478581	-0.0419426816	0.0493681733	-0.129354483	-0.0320377945	0.0620523687	-0.031752695	-0.0203669892	-0.0825282203	-0.1246178583	-0.0452009269	-0.0125835843	0.0768624244	0.0896470894	-0.1518614206	0.0865585425	-0.0180441161	-0.0661077063	-0.1872058133	-0.0462385223	-0.0847607878	-0.0478460608	0.0654796761	0.1138036894	0.0438078699	0.1277571801	0.1474230554	0.008673219	-0.0949518448	-0.0723746709	-0.1197737757	0.0152351633	0.0038283424	0.0433416746	0.0008274772	-0.0378141963	-0.070390125	0.048383235	-0.0770058482	0.0743263918	0.0341613476	-0.11311121	0.1506171615	0.0981711095	-0.017604068	0.0175788991	-0.0115712169	0.1791642203	0.0945652369	0.0029105168	-0.0390047674	0.1659816279	-0.0085393898	-0.0620949947	-0.053052081	0.0051739049	0.0882884696	0.0476076959	-0.0647554652	-0.1116184471	-0.0047302218	0.1220273227	-0.0390163202	-0.0631766358	-0.0513837268	-0.095329642	0.0232495722	0.0665245715	0.073668482	-0.03451468	-0.0069897692	0.1238686797	0.0604783769	0.1536329815	0.0371338769	-0.0015259291	-0.0533218783	-0.0014443893	-0.0744219603	0.0671667836	0.1475134358	-0.1195769199	0.1184539393	-0.1165901104	0.0	-0.0128179	-0.00549351	3.01786521201e-05	0.00016429856041	0.0697961	0.0134957	0.00487149557521	0.0001821339184899	-0.194496	0.0005689999999999	0.037828694016	3.237609999999843e-07	0.00152777	0.0001364199999999	1.8610416399999983e-08	2.3340811729e-06	-0.00112518	-3.645999999999988e-05	1.2660300323999998e-06	1.329331599999991e-09	0.0003227	-0.000153664	2.3612624896000008e-08	1.0413529e-07	0.0	0.0	0.0	0.0	0.0	0.0	0.0
270.2966290403803	-0.1162135335835046	0.0135055853879643	73060.26767059296	240.80030143797936	-0.3474066558184745	57984.78517262172	0.120691384506976	201.04275991676823	-0.0783005889350931	40418.19131495131	0.0061309822275824	200.7859449170984	277.7415630132682	1.180574	24.876738	0.09059117	0.0466802	-0.0016160903	-0.1300166195	0.098115366	-0.1082850649	-0.0518557434	0.0043204123	-0.0032446804	-0.1041844535	-0.1195817217	-0.0648979187	-0.0029113646	0.0320884323	-0.0368266262	0.0457985631	0.1040935863	-0.0228462709	-0.0356875674	0.0918751831	0.1009336778	0.0223793812	-0.040253394	-0.0736724685	0.116930751	0.0081312624	-0.0297524391	0.039466838	0.0832667345	0.007584459	-0.1136881279	0.0585690188	-0.1222451907	0.1471101744	0.0536210478	0.0314273523	-0.059790079	-0.0483028368	-0.0707607806	0.053600765	0.0293203787	-0.0242537522	-0.0867541239	-0.1609848262	-0.0698752379	-0.0104000769	-0.1268793604	0.0847801779	0.0708537682	-0.0230873666	0.0487394399	0.0812538915	-0.0650118583	-0.0123115412	0.0924916348	-0.0078219414	0.1999942941	-0.0776352137	0.0186827088	-0.0290319778	-0.1654010595	-0.0242294658	0.0344217307	0.1285085311	-0.0154993705	-0.0083302522	-0.0825575432	-0.0498880738	-0.1426815985	0.0106020578	-0.0091800298	0.0655417867	0.1294436217	0.0036881192	0.0555372529	0.0559583392	-0.0170163506	-0.0448939804	0.0904137523	0.0139880162	0.0975093736	-0.1087160901	0.1413675131	-0.0638070867	0.0681048431	0.0411302241	0.0783586569	-0.021399991	0.0581334994	0.0087026461	0.0585790954	0.1861214645	0.0749332054	0.0318472719	0.0784582935	-0.1013402627	-0.0701820607	0.0124289881	0.0650869576	-0.0386548545	-0.0945604173	0.0667735723	-0.0007794919	0.1089938312	-0.1558452654	0.0401116415	0.036222871	0.107259945	0.139439638	0.0403293839	0.0700120001	-0.1046998262	-0.1202135984	-0.0148421764	0.0166699913	-0.0271709064	-0.0407393638	-0.134183995	0.0763256998	-0.0589990593	0.0684898385	-0.1049676624	-0.0170136348	0.0997433639	-0.0117059859	-0.0435692788	0.1904168009	0.0374809611	0.0143945044	-0.0142816669	0.1518216595	-0.0551161874	0.0493200249	-0.0518206691	-0.0089292256	0.0445352376	-0.0804501174	0.0449348352	-0.0401831619	-0.1197605978	0.1191869159	-0.1182328141	0.0	-0.00431483	0.00850307	7.23021994249e-05	1.86177579289e-05	0.0422287	-0.0275674	0.00178326310369	0.0007599615427599	-0.220658	-0.0261619999999999	0.048689952964	0.0006844502439999	0.00192089	0.00039312	1.5454333440000006e-07	3.6898183921e-06	-0.00114557	-2.039000000000012e-05	1.3123306249e-06	4.1575210000000495e-10	0.000476364	0.000153664	2.3612624896000008e-08	2.26922660496e-07	0.0	0.0	0.0	0.0	0.0	0.0	0.0
269.88917980705617	-0.4074492333241437	0.1660148777364325	72840.16937692549	240.6070620498141	-0.1932393881652387	57891.7583082431	0.0373414611384758	200.93251017734144	-0.1102497394267914	40373.87364616742	0.0121550050436754	200.6084364473647	276.6203342710537	1.232658	25.974236	0.0764158699999999	0.042045	-0.0567988977	-0.0690561027	0.0573579792	-0.1312227732	-0.0541693897	-0.0310777241	-0.0700613166	-0.0934607219	-0.0855791212	-0.1013985689	0.0585774203	-0.0849864708	-0.0420029932	-0.0419883877	0.0850761158	0.0126862129	-0.0317239756	0.171574031	0.1206578832	0.055765125	-0.0175449333	-0.1104238455	0.0812896657	0.0439172525	-0.046560575	0.0220611835	0.0920782137	0.0398643216	-0.1557634603	-0.1244728951	-0.0022274338	0.0798202896	0.0902181	-0.0616286046	-0.0545562957	0.0897105321	-0.1156504922	0.1681353646	-0.049284084	-0.0305206961	0.083898289	0.2016239819	0.0692985616	-0.0410926645	-0.0857454181	-0.0633722891	-0.0176575375	0.1750815747	-0.0328349991	0.0884577783	-0.0217259348	-0.0858349397	-0.0103354739	-0.0264012481	-0.0169275711	0.0425748743	-0.0215541785	-0.0380358341	-0.0609482775	0.0180343406	-0.0104564583	0.1176838231	-0.0270887186	0.0129998068	-0.0061934538	-0.0063804551	-0.2006307643	0.0163908037	0.0422320936	0.0908221045	0.1092488161	-0.0525322268	0.048326201	0.0350299611	-0.0291797155	-0.0601562778	0.0999158201	-0.1589292678	-0.0154856982	-0.092607322	0.0891917414	0.0336992932	0.0872400763	-0.0573836084	0.1484610285	-0.1746069909	-0.0136156	0.0286403204	-0.0243379389	-0.2015525668	-0.0812522101	0.0712726526	0.0640127627	-0.0224919454	0.1943439066	0.0948050585	0.0351009209	0.027121353	-0.0188093817	0.0909656201	0.0244355116	-0.0337099866	0.003717469	-0.0490553544	-0.0035503331	0.028473527	0.0682392544	-0.0617998319	-0.0116848724	-0.0715883709	-0.0889142291	-0.0485281258	0.0111162141	-0.098560953	-0.0711738176	-0.1216873692	-0.092685749	0.1337089646	-0.1024872829	-0.0480991837	-0.0481291549	-0.0261575746	-0.0730551583	0.0589194435	-0.0313880995	0.1761265476	0.159063266	-0.1330846698	0.0233252881	0.1051450504	-0.0236541473	-0.0267431732	-0.1013107895	-0.0981659581	-0.0012161237	0.0745328208	0.014763318	-0.1198831019	0.1196764004	-0.119332162	0.0	-0.00701095	-0.0026961199999999	7.269063054399999e-06	4.91534199025e-05	0.0729297	0.030701	0.00531874114209	0.0009425514009999	-0.194999	0.0256589999999999	0.038024610001	0.0006583842809999	0.00182368	-9.720999999999992e-05	9.449784099999984e-09	3.3258087424e-06	-0.00107153	7.404000000000004e-05	1.1481765409e-06	5.481921600000006e-09	0.000300419	-0.000175945	3.0956643025e-08	9.0251575561e-08	0.0	0.0	0.0	0.0	0.0	0.0	0.0
269.6601766680063	-0.2290031390498939	0.052442437694705	72716.61088062036	238.06924998223244	-2.537812067581683	56676.96778710268	6.440490090363217	201.2182104957174	0.2857003183759445	40488.76823509883	0.081624671920116	200.86021432406665	273.53106074074697	1.522307	32.077641	0.4000603869999999	0.276986	-0.076768669	0.0313252921	-0.0280014266	-0.0744993256	-0.0257374852	-0.0381252737	-0.0517429094	-0.0247208592	0.0066642066	-0.3301943763	0.048532158	0.039036679	-0.1771024418	-0.0347458312	-0.0524578329	-0.0032607727	0.5094402653	0.1463114711	-0.0558509565	0.1294695658	0.1207779368	-0.1217861491	0.0056626312	0.0764765943	-0.1226426266	0.1045902793	0.0732763586	0.0739279	0.0218469351	-0.1551124701	-0.0016063294	0.0906069985	0.2032592628	0.0521178506	-0.0558267828	0.0593033007	0.1048609473	0.0200199187	-0.052678849	0.0565638903	0.0811210513	0.1108465472	0.1823311166	0.0018192539	0.0950927263	0.0148060167	-0.0088077713	0.0498126643	-0.0974358818	-0.1255688159	0.0270177433	0.0844095201	0.0102469283	0.0435186437	0.0155836342	0.0285941179	0.1401962036	-0.0749172611	-0.048621169	-0.0108528428	0.041964909	-0.2218972391	-0.0288661895	-0.0135225133	0.2800704084	0.0973566627	-0.0882251673	0.0830856872	0.1764553806	0.1078979429	0.0210242969	-0.0808710429	0.1220980029	0.0134089605	0.0781713559	-0.0890798016	-0.0770360464	-0.1636545508	-0.0450271055	-0.1417391526	0.0832896499	-0.0604605932	0.0836581369	-0.0065259212	-0.1380549741	-0.0809108991	-0.0421200397	-0.0572880921	-0.0501925185	-0.1439089538	-0.1755934998	-0.0200145859	-0.0899596273	0.0197229641	0.0263783038	0.0697458757	-0.0654341412	-0.0335144191	0.1270215765	-0.1534455582	0.0024041762	0.0046442872	0.0103790682	0.0224810874	-0.120689038	0.0620136604	0.0264938349	0.0629318809	-0.0063831195	0.2668116722	0.0280136189	0.092999527	-0.2556186361	-0.2964720275	-0.449949632	0.0320568145	-0.1501627256	-0.0071923236	0.0600055389	0.1002672572	-0.5706700524	-0.1018640203	-0.1836451715	-0.2490848137	-0.1385089975	-0.2401633834	-0.0943230087	-0.0706752918	-0.0038911552	-0.0681955329	-0.025493505	0.0877435856	0.0338418094	-0.151012353	-0.0094101527	0.0481749837	-0.0823940223	-0.1199443696	0.119921393	-0.1198831019	0.0	-0.000563513	0.006447437	4.1569443868969006e-05	3.17546901169e-07	0.0863232	0.0133935	0.00745169485824	0.00017938584225	-0.382714	-0.187715	0.146470005796	0.0352369212249999	0.00522337	0.0033996899999999	1.1557892096099996e-05	2.72835941569e-05	-0.00122151	-0.00014998	1.4920866801e-06	2.2494000400000023e-08	8.47033e-22	-0.000300419	9.0251575561e-08	7.174649030889999e-43	0.0	0.0	0.0	0.0	0.0	0.0	1.0
