global_signal	global_signal_derivative1	global_signal_derivative1_power2	global_signal_power2	csf	csf_derivative1	csf_power2	csf_derivative1_power2	white_matter	white_matter_derivative1	white_matter_power2	white_matter_derivative1_power2	csf_wm	tcompcor	std_dvars	dvars	framewise_displacement	rmsd	t_comp_cor_00	t_comp_cor_01	t_comp_cor_02	t_comp_cor_03	t_comp_cor_04	t_comp_cor_05	t_comp_cor_06	t_comp_cor_07	c_comp_cor_00	c_comp_cor_01	c_comp_cor_02	c_comp_cor_03	c_comp_cor_04	c_comp_cor_05	c_comp_cor_06	c_comp_cor_07	c_comp_cor_08	c_comp_cor_09	c_comp_cor_10	c_comp_cor_11	c_comp_cor_12	w_comp_cor_00	w_comp_cor_01	w_comp_cor_02	w_comp_cor_03	w_comp_cor_04	w_comp_cor_05	w_comp_cor_06	w_comp_cor_07	w_comp_cor_08	w_comp_cor_09	w_comp_cor_10	w_comp_cor_11	w_comp_cor_12	w_comp_cor_13	w_comp_cor_14	w_comp_cor_15	w_comp_cor_16	w_comp_cor_17	w_comp_cor_18	w_comp_cor_19	w_comp_cor_20	w_comp_cor_21	w_comp_cor_22	w_comp_cor_23	w_comp_cor_24	w_comp_cor_25	w_comp_cor_26	w_comp_cor_27	w_comp_cor_28	w_comp_cor_29	w_comp_cor_30	w_comp_cor_31	w_comp_cor_32	w_comp_cor_33	w_comp_cor_34	w_comp_cor_35	w_comp_cor_36	w_comp_cor_37	w_comp_cor_38	w_comp_cor_39	w_comp_cor_40	w_comp_cor_41	w_comp_cor_42	w_comp_cor_43	w_comp_cor_44	w_comp_cor_45	w_comp_cor_46	w_comp_cor_47	a_comp_cor_00	a_comp_cor_01	a_comp_cor_02	a_comp_cor_03	a_comp_cor_04	a_comp_cor_05	a_comp_cor_06	a_comp_cor_07	a_comp_cor_08	a_comp_cor_09	a_comp_cor_10	a_comp_cor_11	a_comp_cor_12	a_comp_cor_13	a_comp_cor_14	a_comp_cor_15	a_comp_cor_16	a_comp_cor_17	a_comp_cor_18	a_comp_cor_19	a_comp_cor_20	a_comp_cor_21	a_comp_cor_22	a_comp_cor_23	a_comp_cor_24	a_comp_cor_25	a_comp_cor_26	a_comp_cor_27	a_comp_cor_28	a_comp_cor_29	a_comp_cor_30	a_comp_cor_31	a_comp_cor_32	a_comp_cor_33	a_comp_cor_34	a_comp_cor_35	a_comp_cor_36	a_comp_cor_37	a_comp_cor_38	a_comp_cor_39	a_comp_cor_40	a_comp_cor_41	a_comp_cor_42	a_comp_cor_43	a_comp_cor_44	a_comp_cor_45	a_comp_cor_46	a_comp_cor_47	edge_comp_00	edge_comp_01	edge_comp_02	edge_comp_03	edge_comp_04	edge_comp_05	edge_comp_06	edge_comp_07	edge_comp_08	edge_comp_09	edge_comp_10	edge_comp_11	edge_comp_12	edge_comp_13	edge_comp_14	edge_comp_15	edge_comp_16	edge_comp_17	edge_comp_18	edge_comp_19	edge_comp_20	edge_comp_21	edge_comp_22	edge_comp_23	cosine00	cosine01	cosine02	trans_x	trans_x_derivative1	trans_x_derivative1_power2	trans_x_power2	trans_y	trans_y_derivative1	trans_y_derivative1_power2	trans_y_power2	trans_z	trans_z_derivative1	trans_z_power2	trans_z_derivative1_power2	rot_x	rot_x_derivative1	rot_x_power2	rot_x_derivative1_power2	rot_y	rot_y_derivative1	rot_y_derivative1_power2	rot_y_power2	rot_z	rot_z_derivative1	rot_z_power2	rot_z_derivative1_power2	motion_outlier00	motion_outlier01	motion_outlier02	motion_outlier03	motion_outlier04	motion_outlier05
290.30613991292324	n/a	n/a	84277.65487114177	272.6352307619872	n/a	74329.96905264202	n/a	208.48940835980545	n/a	43467.83339822172	n/a	208.00537673611737	328.31975644082195	n/a	n/a	n/a	n/a	-0.1969268517	0.1514225725	-0.2170544223	0.1870585696	-0.0774094125	0.0835917875	-0.0344924309	-0.0059876552	0.1884919303	-0.1295241966	0.1642597268	-0.1676354824	0.14492209	-0.0959770756	0.214135297	-0.060598935	0.3219205376	-0.1487998326	0.0888663745	-0.1302037444	0.2457161244	-0.228026582	0.0726804589	-0.1509852855	-0.0034864368	0.0212955644	-0.1718298436	0.1436215533	-0.0194751647	0.0623722388	-0.0727321397	0.0853210129	-0.0447505125	0.1011476603	0.0003676827	-0.1313468156	0.2121271472	-0.2082370638	0.1114380055	-0.0783944869	0.0306186307	-0.184480939	0.011615487	-0.0302215282	0.1924131374	-0.0529410141	0.0483138421	-0.0640619351	-0.0264989003	-0.1822884957	0.0852238857	-0.1374126687	-0.0596516064	0.128125779	0.0218694742	-0.0722401691	0.05203753	0.0240590866	0.0190543081	-0.0302729686	-0.0218754047	-0.0196378597	-0.0071658721	-0.0129251786	0.099778953	-0.1014443528	-0.0235045413	-0.0814845631	0.0440255377	-0.2302770072	0.0725046388	-0.1493645808	-0.0288326422	0.0210501918	-0.0537561098	0.2128130263	-0.0143046188	0.0846302036	-0.0561973314	0.0845259186	-0.0576100789	0.0912073322	0.0054807227	-0.1132146684	0.1870269978	-0.1700054558	0.1553222835	-0.1508500187	0.0520036971	-0.1936698491	0.0125742659	-0.0465119812	0.1731233469	-0.1054807838	0.0708767895	-0.0422213869	-0.1181562645	0.0970718114	0.0773677277	-0.0768377167	-0.1463809364	0.087133708	-0.0905437833	-0.0893113707	0.0523695592	0.0406804908	0.0333867081	-0.0076282006	-0.0256550318	-0.0076998418	-0.008541489	0.0259664704	0.0891031634	-0.1196821558	-0.0608481039	0.0686779383	0.0417909712	-0.2551099647	0.1173565512	-0.1211634006	0.2106656065	-0.0408870583	0.0518876668	-0.0341575599	0.2030220145	-0.0295716117	0.092674564	-0.0542667413	0.0880016414	-0.00885479	0.0011447135	-0.0396777465	0.0404618559	-0.0138870207	0.159614415	-0.1569885576	0.0088381956	-0.0103708619	-0.1065754813	-0.1300640316	0.0244527585	0.1195153378	0.1194927693	0.1194551582	0.0713264	n/a	n/a	0.00508745533696	0.0554198	n/a	n/a	0.0030713542320399	0.321095	n/a	0.103101999025	n/a	0.000316864	n/a	1.00402794496e-07	n/a	-0.000470175	n/a	n/a	2.21064530625e-07	0.00247406	n/a	6.1209728836e-06	n/a	0.0	0.0	0.0	0.0	0.0	0.0
289.4566430569738	-0.8494968559494396	0.7216449082679829	83785.14820981234	266.7497401784967	-5.88549058349048	71155.4238852955	34.63899940835511	208.81684809083765	0.3274397310322001	43604.47604659197	0.1072167774584395	208.28843207227104	324.35936913998955	1.315224	34.92226	0.1407602	0.065494	-0.1956085107	0.2008336839	-0.1760561235	0.008700255	0.0473996232	0.0887887537	-0.0625287206	-0.0344185156	0.1966506936	0.0630070929	0.1364352886	-0.1180986812	0.0954338212	-0.0330518863	0.1799358978	-0.0977256743	0.0472940361	-0.0182819832	0.1193476532	0.0151281799	0.0371949507	-0.1644029769	0.0334841941	-0.1920719315	-0.0348238078	-0.0882738741	-0.2112203034	0.138306675	0.0040038053	0.0834331532	0.0106266315	0.0312476132	0.0787606967	-0.0068147855	0.0440167531	0.1883864505	0.1510776922	-0.0630023801	0.1168026324	0.0805848747	-0.0270105399	-0.0201451418	-0.0946255833	0.011707919	-0.0086300919	0.0462645889	-0.0719484756	-0.0008223517	0.1869666287	0.0425530211	0.0158399393	-0.1020994784	0.0517697837	-0.1471532549	0.0014183634	-0.0366993094	0.0854212089	-0.0551340888	-0.0640116195	-0.0614815965	0.0433834015	-0.0363184371	-0.033756319	-0.0836087798	0.0791952075	0.1135943403	0.0707684857	-0.1197659808	-0.1035128573	-0.1656951202	0.0336011649	-0.1915275165	0.0372420617	-0.0570929737	-0.1062357296	0.2282369451	0.0052500695	0.1086900814	0.0041454117	0.0173906088	0.0692603865	-0.0308098317	-0.0567898873	0.198444602	0.1253101941	-0.0324938329	0.1151519267	0.042820474	0.0988498937	-0.0429064099	-0.0786653329	0.0425231635	0.0028796909	0.0712819647	-0.0459412908	-0.038798748	-0.0865301568	-0.1477229928	-0.0177789967	-0.1721777082	0.1128609092	-0.0583683222	-0.001205013	-0.0159141189	0.0732881272	-0.0004009496	-0.0444740007	-0.1109451641	0.010275993	-0.0558145631	-0.0690422033	0.0439691527	0.0572479304	0.1127073319	-0.0036684595	0.1830095361	0.0508179748	-0.2224051915	0.0971167704	-0.1598928824	0.1906905598	-0.0813895977	0.0102657735	-0.0179912846	0.1640970501	-0.0303234251	-0.0489688158	-0.0796089755	0.0136331113	-0.0353157858	0.0686480542	-0.0195668432	0.079187239	-0.0179927512	0.1113374277	0.0988872325	0.047356769	-0.0349783408	0.2124413907	0.0654802139	0.0820339264	0.1194551582	0.1192521267	0.1189139965	0.0553176	-0.0160087999999999	0.0002562816774399	0.00306003686976	0.0389404	-0.0164793999999999	0.0002715706243599	0.00151635475216	0.270412	-0.050683	0.073122649744	0.002568766489	-0.00054625	-0.0008631139999999	2.983890625e-07	7.449657769959998e-07	-0.000536871	-6.669599999999999e-05	4.448356415999998e-09	2.88230470641e-07	0.00225209	-0.00022197	5.0719093681e-06	4.927068090000008e-08	0.0	0.0	0.0	0.0	0.0	0.0
288.40984215347675	-1.0468009034970578	1.0957921315622563	83180.23705099337	265.3062581318396	-1.4434820466570957	70387.41060391832	2.083640419021357	208.8613769080953	0.0445288172576567	43623.07476394545	0.0019828155663657	208.37574979038203	323.7731665051744	1.238271	32.878986	0.17413585	0.0876807	-0.1153725257	0.2439085898	-0.1246705953	0.0190153834	-0.0240822538	-0.0046420483	-0.0449417623	-0.1334265634	0.0491599874	-0.0024062321	0.2287452535	-0.106284956	0.1001431766	-0.0014174673	0.0082804153	-0.1621463089	-0.0125390087	-0.049152831	0.1273906755	-0.1673123371	0.0817824507	-0.1006075686	0.0196008039	-0.1704715146	0.0541054891	0.0294170832	-0.2942038285	0.2129979862	0.0674793298	-0.0448908699	0.0357351009	-0.0285512816	0.1277171898	-0.0923022303	0.1352008647	0.1267459619	-0.1757951402	0.060217207	0.0877749037	-0.0485481821	-0.0619037477	0.0433023056	0.2150167578	0.1229545585	-0.0373785221	-0.0557797863	-0.048427023	0.0202699841	-0.114153316	0.069519556	0.0131750348	-0.0533503036	0.1448903674	-0.0876410287	-0.0208147944	0.054521522	-0.1210793315	-0.014818105	0.004150071	-0.0109523809	0.1319611222	0.0243305763	-0.1301285021	0.0838287849	0.038691818	-0.0381416482	0.0122942903	0.0192681536	-0.0630284425	-0.1043580951	0.0182897721	-0.1679222946	-0.0614189777	0.0104642121	-0.1417826487	0.3347687739	0.0723490109	-0.0442558531	0.0146663081	-0.0259231442	0.1229741202	-0.0935406647	-0.1213951523	0.0879684346	-0.1815447849	0.0594975572	0.1028806974	0.0291469602	-0.051181496	0.121003145	0.2334152513	-0.0092107077	-0.0432131818	-0.0361813875	-0.0664778104	-0.0436219402	0.1021231722	0.0641529762	0.0614556056	-0.0611625431	0.033530441	-0.1736787282	0.0554297607	0.0142231548	-0.1110468984	-0.0510943366	-0.0403610841	-0.00389359	0.1096929764	0.020752602	0.1203389751	0.0857154877	0.0511565027	0.0166389362	0.0078404598	0.0437470058	-0.0387613177	-0.1426291672	0.0688836658	-0.1835534462	0.2184217982	-0.0710861377	-0.0023161499	0.040688346	0.0935124173	-0.0438505371	0.0319710219	-0.0627255011	-0.0180469799	-0.1195424859	0.0680795051	0.0182978897	0.1445751445	0.0075974547	0.1195368675	-0.0411565666	0.0120060875	0.0613578651	0.0092116958	0.1322617446	-0.1120686962	0.1193348294	0.1187713263	0.1178341246	0.0371011	-0.0182165	0.00033184087225	0.0013764916212099	0.0544915	0.0155510999999999	0.0002418367112099	0.00296932357225	0.190964	-0.0794479999999999	0.0364672492959999	0.0063119847039999	-0.00128483	-0.00073858	1.6507881289e-06	5.455004164000001e-07	-0.000923086	-0.000386215	1.491620262250001e-07	8.520877633960001e-07	0.00215848	-9.361000000000003e-05	4.6590359104e-06	8.762832100000008e-09	0.0	0.0	0.0	0.0	0.0	0.0
287.42183026704845	-0.9880118864282964	0.9761674877236006	82611.30851406	264.16794842437463	-1.1383097074649982	69784.70497474306	1.2957489901090498	209.07606421703272	0.2146873089374139	43712.8006284848	0.0460906406187886	208.53932158211023	316.1274526865887	1.284262	34.100166	0.25627565	0.13982	-0.018169481	0.3110884232	-0.0110960139	-0.0001988347	-0.0053749533	-0.0156996921	-0.0257387896	-0.013243362	-0.0817385212	0.0739191838	0.2033901884	0.0036199362	0.0833851907	0.1196930398	0.0942854339	-0.0796331145	-0.0540118517	-0.1326469609	-0.0226706493	-0.0533048726	0.166067229	0.0322951854	0.0114276333	-0.0058973794	0.060017686	0.0889627606	-0.1896601168	0.0938376587	-0.0239064356	-0.0497832233	-0.0962607399	-0.0214238464	0.0618057918	-0.1078916827	0.0236960054	-0.1658697612	-0.1387419455	-0.0187763779	0.1845486555	-0.0993440378	0.0082835109	0.2891723121	0.0818550864	-0.1664690725	0.1538721086	-0.1273551059	0.1242921935	-0.0843630844	0.0857122244	0.0321208856	-0.0635761656	0.0151886219	0.0172107265	0.0559213539	0.0857451911	-0.0287990029	0.0804138063	0.0899340084	0.0894640053	-0.0261579177	-0.0527684864	0.0388095277	-0.0047257616	-0.0243241025	-0.0468497776	-0.1300494997	0.0688810604	0.1061254407	-0.1911549276	0.0312997446	0.0096396157	-0.0050973288	-0.0779165182	0.0582801304	-0.0986211721	0.1907011943	-0.0478984693	-0.0575983074	-0.1151949214	-0.0226607711	0.0318465771	-0.0914433822	0.0078577162	-0.1640700415	-0.1070202348	-0.011488581	0.1791882886	-0.0154174846	-0.0934295585	0.2907506087	-0.0835262472	-0.1835065153	0.1108428486	-0.1658864762	0.1614000271	-0.0083368447	-0.0003086136	-0.0946225139	-0.1026649447	0.0194119178	-0.0055101163	0.0021253756	-0.0927751729	0.0139481267	0.0369705448	0.1239927764	0.0857657306	-0.0115782094	-0.031156589	0.0478458638	-0.0285740727	-0.0009447273	-0.0256560758	-0.0571254061	0.1368745274	0.0502210291	-0.2199965553	-0.0181483094	0.041441662	-0.1794182127	0.1155611158	-0.0138366137	-0.0652445303	0.0544682534	0.0590031552	0.0134765162	0.0784423819	-0.0384418213	-0.0084429241	-0.1277430924	0.2658226585	0.0988567094	0.0986279311	0.0917043553	-0.041240947	0.0164516725	0.0181250574	-0.0278650972	-0.0522754949	0.0663098464	-0.0089792286	0.1191544118	0.1180513362	0.1162204348	0.0151379	-0.0219632	0.0004823821542399	0.0002291560164099	-0.0229359	-0.0774274	0.0059950022707599	0.00052605550881	0.0962172	-0.0947467999999999	0.00925774957584	0.0089769561102399	-0.000544852	0.000739978	2.96863701904e-07	5.475674404840001e-07	-0.000865279	5.7807e-05	3.341649248999999e-09	7.487077478410001e-07	0.0017135	-0.00044498	2.93608225e-06	1.980072004e-07	0.0	0.0	0.0	0.0	0.0	0.0
288.57056513124587	1.1487348641974222	1.31959178822267	83272.97106016662	262.2838285887683	-1.8841198356063276	68792.80673918239	3.549907554925214	209.1672888247433	0.0912246077105862	43750.954714293584	0.0083219290519503	208.63825450340173	319.5636502608287	1.113991	29.579079	0.0891058299999999	0.0412358	0.0148619481	0.2542213897	-0.0121940922	0.0408258342	0.0358545595	-0.0280091722	-0.0082509436	0.0274386884	-0.0476217845	0.1382472442	0.1936260499	-0.0634656332	-0.0574123975	0.1390399308	0.1039241834	-0.0765156813	0.0348671612	0.0391308463	-0.0921844519	0.197209783	-0.144778522	0.0625424275	-0.00525219	-0.0347866994	0.0149507609	0.0705772426	-0.1410453178	0.0487717944	-0.0124969819	0.0037596118	-0.0336164635	0.2208997957	-0.0045459543	-0.0005612719	0.0548407344	-0.028950006	-0.1108047552	0.1033935488	0.0076117711	-0.1140238173	0.1375517878	-0.0879065273	-0.1363109516	-0.1469540274	-0.1343647776	-0.0117168255	0.0761069235	-0.0038087006	0.0166665882	0.0165694504	-0.1685646303	0.0674831079	-0.0363582826	-0.0544319869	0.0873137591	0.1091077927	0.0457788667	-0.0728578848	0.0105702192	-0.0110382145	0.0084803803	0.0227731636	0.0365812471	-0.1099215769	-0.2069209586	0.0117774584	0.0436474824	0.1090602966	0.1157189468	0.0610281634	-0.0073005665	-0.0380245562	-0.030897483	0.0610038479	-0.0843269738	0.1158088435	-0.0254071076	0.0091544648	-0.0362751684	0.2218904365	-0.0126963243	-0.0204223291	-0.0527818664	-0.0522879624	-0.1050969942	0.0822626166	0.0136760254	-0.026297805	-0.1547138472	-0.1336371895	-0.1675541224	-0.036007064	-0.1407456657	-0.005077992	0.0298700151	0.0773534933	0.0321061177	0.019917837	-0.1808546963	0.0334697584	0.0709679217	0.0294856969	-0.0364217201	0.1621646019	0.0380813988	-0.0553808921	-0.0259625505	-0.0345427798	0.0399043638	-0.0155221992	-0.0916467582	-0.0056290502	-0.1751760915	0.0232891023	0.1451105701	-0.1629006898	-0.0057203075	0.0159390165	0.026226094	-0.137013412	0.1101728022	-0.0289180103	-0.0761184977	0.0006286722	0.0410399412	-0.0131228986	0.0157325154	-0.0088037041	0.018895645	-0.0770207384	0.2532389188	0.061975067	0.0796026089	0.0407292577	-0.1566903923	-0.0372481472	0.0480245954	-0.0521882733	0.0299395584	0.2444323251	-0.1356540422	0.1189139965	0.1170936064	0.1140802373	-0.00304304	-0.01818094	0.0003305465792835	9.2600924416e-06	-0.00731711	0.0156187899999999	0.000243946601064	5.35400987521e-05	0.0669021	-0.0293150999999999	0.00447589098441	0.0008593750880099	-0.0008444709999999	-0.0002996189999999	7.131312698408311e-07	8.97715451609401e-08	-0.0008931399999999	-2.7860999999899935e-05	7.762353209944244e-10	7.976990595998214e-07	0.00152116	-0.00019234	2.3139277456e-06	3.6994675600000024e-08	0.0	0.0	0.0	0.0	0.0	0.0
289.64729145737823	1.0767263261323592	1.1593395813864875	83895.55344859541	264.96143468927454	2.677606100506239	70204.5618725987	7.169574429468226	209.19125795845315	0.0239691337098406	43760.98240624009	0.0005745193708002	208.73849001759305	324.0790399685175	1.227551	32.594341	0.13185709	0.0667005	0.0334898937	0.1199271484	-0.0530666556	0.0285721102	0.1089364143	-0.1013741524	0.0182724586	0.1273231362	-0.048659405	0.0628381355	0.1010593961	0.0264056969	0.0175794248	0.0600076965	0.0453572234	-0.0963937701	0.0373496689	0.0310974083	-0.0678562874	-0.0775477238	-0.1209675497	0.0216528804	0.0075071284	-0.0140178999	0.0131177861	0.0604453706	-0.0038180909	0.0080062911	0.0889029725	-0.0992276481	0.039963195	0.1162475939	-9.41526e-05	0.120392982	0.0842172487	-0.109308866	-0.129375692	0.1829397534	-0.1273398519	-0.0107128297	0.0932332079	0.1247122551	-0.0810500981	0.1183748593	0.1475525398	-0.1219734048	-0.113862408	-0.0423050003	0.0334026855	-0.0964088831	0.1495570665	0.0251827204	-0.0512131184	0.083748648	-0.0915495026	0.313466507	-0.0936032714	-0.0150946921	0.0237119082	0.1286698908	0.081155875	-0.0475904756	0.1191888711	0.0560735376	-0.03009996	0.0092249844	-0.0777241797	-0.0756579678	0.0247955813	0.0200031027	0.0075049374	-0.0144411387	-0.0345591224	0.0528500415	-0.0098441423	0.0079232307	0.1026904809	-0.0852546022	0.0315216035	0.1341116214	0.0266059642	0.1192426102	-0.0788938689	-0.1231637657	-0.0855509099	0.1335597505	-0.1423714382	0.0465661196	-0.1591567516	0.072844516	-0.0198900249	0.1391715054	0.1547838307	-0.1338347904	-0.0430408547	-0.0764115859	-0.1772230106	-0.0151847751	0.1434252232	0.102327259	-0.1454352815	0.0510806932	0.1663297031	0.2306719519	-0.1084011118	-0.1011095483	0.0134741175	0.081090165	0.0349360679	-0.0770165367	0.0668122788	-0.119269061	-0.0330699496	0.0203254792	-0.0858459745	0.0257038303	0.0034228234	0.0457419323	0.0258841343	-0.0728285892	0.0682469003	-0.0030209244	-0.0784956159	-0.0085159871	-0.0401687834	-0.0155603325	-0.0552145969	-0.0409784503	0.0466766264	-0.0334363411	0.0661662378	0.1358314605	-0.0159328501	0.1257695146	-0.3208050993	-0.0065408496	-0.0649662301	0.0031659562	-0.2554952789	-0.1736391184	0.2357692915	0.1186137044	0.1159000657	0.1114232278	0.00690314	0.00994618	9.89264965924e-05	4.76533418596e-05	0.0443995	0.05171661	0.0026746077498921	0.00197131560025	0.0327808	-0.0341213	0.00107458084864	0.00116426311369	-0.00116021	-0.0003157390000001	1.3460872441e-06	9.96911161210632e-08	-0.000893139	9.999998999438847e-10	9.999997998877795e-19	7.97697273321e-07	0.00111544	-0.0004057199999999	1.2442063936e-06	1.6460871839999985e-07	0.0	0.0	0.0	0.0	0.0	0.0
290.14556784167326	0.4982763842950248	0.2482793551461233	84184.45053816702	265.9559917396969	0.9945570504223724	70732.58954224573	0.9891437265448494	209.29448090055607	0.1032229421029171	43804.17973543323	0.0106549757763821	208.7337776931509	329.5995357376857	1.209898	32.125633	0.13568671	0.0584661	0.0687992485	0.0513111487	-0.0275228777	0.1085326303	0.069910346	-0.0025473553	0.0594533372	-0.0400222841	-0.1011842611	-0.0622575421	0.0708278315	-0.0099695009	-0.0178210066	-0.0720476391	-0.0282332343	-0.0653094549	-0.0305347891	0.0329741701	-0.0518288777	0.0481983987	-0.0430484694	0.0611082381	0.0746334103	0.0240941484	0.0552388259	-0.127217287	0.009406297	-0.1124141184	-0.0812035873	-0.113149729	0.004029686	0.1425199414	-0.0555575255	-0.0834331276	-0.2285716906	0.148674265	0.1067671852	0.0690238111	-0.2042465484	0.1573106535	0.0971353504	0.2911412127	0.1589117957	-0.0657298658	0.2397836821	-0.0378764969	0.1589305775	-0.00614455	-0.0158660203	0.0938209944	-0.1413025663	-0.0910440498	-0.0727064535	-0.0942086945	0.1349217936	0.0679221694	-0.001595651	0.0408898793	0.0767486359	-0.0553832688	0.0280974948	0.1837632717	0.0391019202	0.1308549119	-0.037128577	0.1414593011	-0.0955155795	-0.0645969279	-0.0424342521	0.061681672	0.0753369371	0.0231533965	0.0043423986	-0.1414161157	-0.0470614801	-0.0908969884	-0.0985993414	-0.0868912637	0.0021222955	0.1393356128	-0.0602526227	-0.0844291075	0.2027787672	0.1986561229	0.1588424183	0.0330831289	-0.25228132	0.1364642941	-0.056009072	0.2387946229	0.0107815834	-0.1924695305	0.2330144502	-0.0739481029	0.1558691685	0.0378479916	0.0903860055	0.0282865542	-0.123775	-0.1379064547	0.0498705272	0.052535721	-0.0210458056	0.1268034904	-0.057499116	0.0659327367	0.0260565841	-0.0491409222	0.0678438326	0.1744205705	0.1160544877	-0.1052726688	-0.0642598423	0.1223477061	-0.1349649297	0.013719179	0.0378764754	0.0688026622	0.0319428263	-0.0347690253	0.0090218207	-0.036849687	0.0127545458	0.1521784596	-0.0639554037	-0.0398711183	0.0377652458	0.0114696541	0.0596176533	-0.038296323	-0.1346457438	-0.0806541204	-0.0170544411	0.1571836328	-0.2290735917	0.0357988367	-0.0225103703	0.1376733828	-0.0126136951	-0.1981107456	0.2618070418	0.1182536866	0.1144731177	0.1082614433	0.0318626	0.0249594599999999	0.0006229746434915	0.00101522527876	0.0120174	-0.0323821	0.00104860040041	0.0001444179027599	0.0175229	-0.0152578999999999	0.00030705202441	0.0002328035124099	-0.000673351	0.000486859	4.53401569201e-07	2.370316858810001e-07	-0.000580988	0.000312151	9.743824680100006e-08	3.37547056144e-07	0.000652705	-0.000462735	4.2602381702500005e-07	2.1412368022500014e-07	0.0	0.0	0.0	0.0	0.0	0.0
290.36920404704523	0.2236362053719744	0.0500131523531759	84314.27465891458	264.95717020741216	-0.9988215322847508	70202.30204431959	0.9976444533556575	209.13649092835635	-0.1579899721997151	43738.07183782648	0.0249608313156667	208.63214815319577	335.04277961020694	1.133389	30.094118	0.0885001399999999	0.0490911	0.0683226532	0.0094283798	0.0028624911	-0.0949362723	0.0796444728	-0.1212672563	-0.0430516358	-0.1174131925	-0.0428629852	0.1279149781	0.003316578	-0.0323383138	-0.014983436	0.0572864283	-0.0850403169	-0.1055595597	0.0595384685	0.1357869338	0.0049917891	0.0860101798	-0.1052061936	0.0317400887	0.0575157445	0.0350016002	0.0147545155	0.0660325361	-0.0143381343	-0.0959283248	-0.0147262461	-0.0971004496	0.0793326094	0.1113587877	-0.0815182218	0.0674767534	-0.1106138058	0.0862857955	0.0330900058	0.0103819602	0.0744319922	0.1251965342	0.0707136062	-0.1950283075	0.1414781709	-0.0006762517	0.0120276901	0.1476231832	0.0661885013	-0.048648261	-0.1946047749	-0.1200374587	0.0786813437	-0.1162937452	0.1584088067	0.2175411801	0.0418199261	0.0132188956	0.0694791286	0.0493737245	-0.1258601771	-0.0630902122	0.0932544621	0.014643998	8.24431e-05	-0.0239858064	-0.0866213191	0.0711816685	-0.0657122903	0.0047482243	0.0569940198	0.0304967468	0.057139815	0.0303543328	-0.0130599328	0.0579745029	-0.0711804912	-0.0761983202	-0.0151991473	-0.1052969111	0.0942209552	0.1254016063	-0.0667730627	0.0543828922	0.1058228444	0.0630920086	0.0193631413	0.0190693037	0.0546942535	0.1096335289	0.0697409362	-0.211536135	0.1263383549	-0.1171513005	0.0465360875	0.1287702665	0.0699590543	-0.0208859091	0.0117060906	0.204481257	0.1139854251	0.0156877515	-0.2518129996	-0.15023882	-0.0941131832	-0.0022525719	0.0240134539	0.0666090121	-0.1113411182	-0.1008472159	0.0237883928	-0.043112841	-0.0265623402	0.0254204488	-0.1103149581	0.0360339966	-0.0716004206	-0.0732392107	0.0024073717	0.0738084291	0.0190728062	-0.0267209089	-0.0477836999	-0.0162456192	-0.0259336423	0.0751588173	-0.0245869015	0.0579479306	-0.0324311024	-0.0514249521	-0.0613205292	-0.1743617609	-0.113397359	-0.0338113223	-0.0444806461	-0.0198988893	-0.0990242767	-0.0240144703	-0.1012342088	-0.1115659399	-0.0096310167	-0.0514254621	-0.0057981864	0.1178341246	0.112815636	0.1046092073	0.0322216	0.000359	1.288810000000037e-07	0.00103823150656	-0.0214538	-0.0334712	0.00112032122944	0.0004602655344399	0.00198516	-0.01553774	3.940860225600001e-06	0.0002414213643076	-0.000223559	0.0004497919999999	4.9978626481e-08	2.02312843264e-07	-0.0008931399999999	-0.0003121519999999	9.74388711039376e-08	7.976990595998214e-07	0.000632005	-2.0699999999999907e-05	3.9943032002500004e-07	4.2848999999999616e-10	0.0	0.0	0.0	0.0	0.0	0.0
291.39522480515194	1.026020758106711	1.0527185960658694	84911.17703924504	266.15142647425336	1.1942562668411938	70836.5818142799	1.4262480308894647	209.238696360882	0.1022054325256363	43780.83205480137	0.0104459504377523	208.72396292413228	340.584416241978	1.08314	28.759897	0.12759746	0.0663775	0.081066781	-0.0794236141	-0.0138059423	-0.0485685379	-0.0574582957	-0.1279243058	0.1007011017	0.063536566	-0.0283748527	-0.0544499575	-0.0536869287	0.055640971	0.0395070239	0.0547801699	0.0205138865	-0.0096193139	-0.030990165	0.0588202522	-0.0723633946	-0.0262859933	-0.1756287154	0.0617833	0.0070335005	0.009720441	-0.0803511067	0.158265746	0.1057157136	-0.0708580866	-0.1445399454	4.7938e-05	0.0184648721	0.1666903938	-0.1112595297	0.1540205901	-0.0811566782	0.0289242523	0.1470212753	-0.1479770385	-0.0430692454	-0.066606132	0.096843934	-0.0354309232	-0.0212037691	-0.0223703281	-0.0606031354	0.0103280359	0.0623172187	0.0901405577	0.0115097818	0.11970238	0.2020672657	0.30939651	0.1292695502	-0.0534031943	-0.0670678406	-0.0520517481	-0.0610723221	-0.0899422997	0.1463907404	-0.1015590195	0.0005750214	-0.1331876298	-0.0231147022	-0.0931615779	-0.037422993	-0.0083683294	-0.1122000917	-0.0828554354	-0.167033451	0.0626869936	0.0049769558	0.0097637655	-0.0055457746	0.172541404	0.0749967046	-0.114288926	-0.1309709185	0.0185605532	0.0582944003	0.1735047782	-0.1001344651	0.1447009185	0.0745463275	0.0556228199	0.1494917959	-0.1400828486	-0.0144873119	-0.0832966693	-0.0523190305	-0.0879172195	-0.0298017519	-0.006042847	-0.042570218	0.0280202929	0.0560264231	0.0951043409	0.0491769577	-0.1183341455	0.1809989664	0.2472483076	0.2042333977	-0.1287568648	0.0315613222	-0.0721602986	-0.0553663712	-0.0967955408	0.171175457	-0.0876846548	-0.0025041048	-0.1213890667	-0.0445387158	0.0641744206	-0.0203244096	0.0061528847	-0.1064483739	0.0688667901	-0.0852165195	0.0907392935	0.0138626547	-0.0041810304	-0.0755529872	0.0319238478	-0.0913384953	-0.0202147323	-0.0445337181	0.0594405228	0.0513297897	-0.0571344294	0.1497889443	0.0053677351	-0.0053878296	0.0098151493	-0.077458886	-0.1058269356	-0.035730923	-0.0001890252	0.1079110019	-0.0471278319	0.0316158346	-0.0918717098	-0.1416663048	0.1173552296	0.1109309587	0.1004830656	-0.0029823	-0.0352039	0.00123931457521	8.894113289999999e-06	-0.0369556	-0.0155018	0.00024030580324	0.00136571637136	-0.0267762	-0.02876136	0.00071696488644	0.0008272158290496	0.000426356	0.000649915	1.81779438736e-07	4.2238950722500003e-07	-0.0008931399999999	0.0	0.0	7.976990595998214e-07	0.000319312	-0.000312693	1.01960153344e-07	9.777691224900005e-08	0.0	0.0	0.0	0.0	0.0	0.0
291.97494596502946	0.579721159877522	0.3360766232097394	85249.36907128188	267.24771284174034	1.0962863674869825	71421.34001914131	1.2018437995378028	209.5167682919878	0.2780719311058135	43897.276195518505	0.0773239988689163	208.99461175915053	343.08083123633526	1.144452	30.387867	0.15969675	0.087996	0.1105884847	-0.1340583716	-0.0345808692	-0.0758737081	-0.0567506155	0.1086585325	-0.0102816599	0.0151956648	-0.0302978559	0.0533904833	-0.0810146552	-0.0504022094	-0.0294359365	-0.0848398141	0.0533047264	0.033674813	-0.0082095602	0.1554699578	-0.0433760974	0.0758362696	-0.0626269742	0.0941457198	0.0974525797	0.0398080738	0.0653757609	-0.1465459993	0.053898285	-0.0299824722	0.060567159	-0.1236974513	0.112160049	0.256721654	-0.0661472371	0.0850492344	0.2016229109	-0.1814723497	0.0583016738	-0.11317156	-0.0186663211	0.0220829781	-0.0223506593	-0.1528510229	-0.0596209682	-0.1568012529	-0.0102686843	-0.1122127032	-0.0779743285	-0.0566465189	-0.0638812984	0.223690039	-0.0101887821	0.0076262338	-0.0190393703	0.0551503066	-0.0461685303	0.0252896634	-0.0358982163	0.0934266795	-0.1100337039	0.0889008636	-0.0222111109	-0.0203216231	0.0816347851	0.1328092077	0.1415139563	0.0524842732	0.1245072503	0.1023700192	0.1516133589	0.0953332226	0.1001705235	0.0375897971	0.0299599994	-0.1622246349	0.0114120368	-0.0587352372	0.0699878924	-0.1142222544	0.1137624593	0.2718847483	-0.0317123441	0.0472500033	-0.2063158466	-0.1681453753	0.0354732828	-0.114708966	-0.017700859	-0.0444941405	0.1077877083	-0.1485864437	-0.1239081633	-0.0958866149	-0.0533716385	-0.1403009519	-0.0919372318	-0.0788419852	0.2069129978	-0.0818586457	0.0077076853	0.0402327243	-0.0412395731	0.005414956	0.066051627	0.0174168888	-0.0363772233	0.0507448394	-0.0970608222	0.0821643563	-0.0738024623	0.0083719404	0.0854369357	-0.103623706	0.1261004213	0.0346174868	0.0877188194	-0.0945326979	0.0706140217	0.0974322878	0.0241282137	0.0116069911	-0.0550962898	0.0054418044	0.0209657649	0.0904340609	-0.0447592771	-0.1001708229	-0.1482056218	-0.0536812936	0.1059785528	0.0027951915	-0.1341183675	-0.185415456	0.0954107928	0.0075338191	-0.1437581476	-0.0241102172	0.1363387931	-0.0188601808	0.0310095486	0.1421274756	-0.2247222519	0.1168172427	0.1088228812	0.0959017104	0.0163529	0.0193352	0.00037384995904	0.00026741733841	0.0292963	0.0662519	0.00438931425361	0.00085827319369	-0.0268351	-5.890000000000062e-05	0.00072012259201	3.469210000000073e-09	-0.000295478	-0.000721834	8.7307248484e-08	5.21044323556e-07	-0.00161508	-0.0007219400000001	5.211973636001445e-07	2.6084834064e-06	0.000356553	3.724100000000003e-05	1.2713004180900002e-07	1.3868920810000023e-09	0.0	0.0	0.0	0.0	0.0	0.0
292.2020159506751	0.2270699856456417	0.0515607783811119	85382.01812563858	269.09367351002163	1.8459606682812928	72411.40512311812	3.4075707888415185	209.7881825517976	0.2714142598098021	44011.08153838636	0.0736657004281027	209.28669183135253	347.7549803664611	1.196385	31.766829	0.19307735	0.125518	0.1106189971	-0.1580081202	-0.016763156	-0.1649221218	-0.071890504	-0.0773726643	0.1157266388	-0.1485306769	-0.046744768	-0.0833349339	-0.1541921233	0.0612872203	0.109643356	-0.0690070699	-0.1368753941	-0.0986661616	0.0035267703	0.12191188	-0.0441032339	-0.151367459	-0.0533146222	0.1496118535	0.0884492096	-0.0552333396	0.1331450387	0.0529277847	0.0487300231	-0.1630178664	-0.0405829058	-0.0224063737	0.0103152558	0.0153659555	-0.12378502	-0.0615768526	0.0083497634	-0.148821861	-0.0710087031	0.1882268941	0.1646351293	0.2002229981	-0.1783564327	-0.1265864152	0.1891588396	0.0327464042	0.0095304085	0.1261889838	0.0118709669	0.0538208603	0.0036660662	0.0385203295	0.0560140594	0.0335127464	-0.0116818854	-0.0774535097	-0.1517102321	-0.051606326	-0.1601957381	-0.0132616685	-0.1099836043	-0.0609472038	-0.0797004099	-0.1646040985	0.0122504633	0.0315615603	0.0178632637	-0.0841606836	-0.1545720363	-0.0255581565	-0.0783139891	0.1488457543	0.0863766475	-0.052497362	-0.1239574425	-0.008123246	-0.0454344361	-0.1534194411	-0.0553456007	-0.0749536994	0.0259048701	0.0102370236	-0.1245837448	-0.0512040415	-0.0178878745	-0.1945772597	-0.0654816075	0.2062759692	0.0866884525	0.1725265847	0.2261202763	-0.0243576773	0.1968959755	-0.0570971667	0.023914322	0.1204647686	-0.0160427514	0.0190248141	0.0367196369	-0.029093593	0.0533159165	-0.0084595839	0.0969626462	-0.0071504078	0.1155645836	-0.1501965034	-0.0806865174	-0.1182809803	-0.0552713491	-0.013455109	-0.1698131918	-0.0970067405	0.0317538212	0.0201253008	0.0283005701	-0.0792810087	-0.1295959344	0.0169727483	-0.0746377811	0.1044511048	0.0351709843	-0.0219924705	-0.1696161937	0.0278634663	6.2955e-05	0.1092490659	-0.0356783839	0.1237159812	0.0464504993	-0.0757740063	0.055696412	-0.2438786292	-0.132869098	0.0045837055	-0.0368367001	-0.0558107662	0.0184178693	0.0773621334	0.0837974445	-0.1701215142	0.1953634869	-0.0811935854	-0.068517989	0.1162204348	0.1064956489	0.0908858965	0.0259809	0.009628	9.269838400000002e-05	0.00067500716481	-0.0887977999999999	-0.1180940999999999	0.0139462164548099	0.0078850492848399	-0.0434639	-0.0166288	0.00188911060321	0.0002765169894399	0.000115152	0.00041063	1.3259983104e-08	1.686169969e-07	-0.0012669	0.00034818	1.212293124e-07	1.60503561e-06	0.000572272	0.0002157189999999	3.27495241984e-07	4.653468696099999e-08	0.0	0.0	0.0	0.0	0.0	0.0
291.5106514829393	-0.6913644677358093	0.4779848272476188	84978.4599280077	266.6696920324255	-2.4239814775961577	71112.72464866865	5.875686203729252	209.5082923367614	-0.2798902150362039	43893.72455786588	0.0783385324730124	209.0350108642014	336.86488412614574	1.206194	32.027279	0.20515211	0.109055	0.0261399952	-0.0793222449	-0.0822049787	-0.0212533991	0.1616894972	0.0351657863	0.1268992771	0.1521525545	0.0225720389	0.0351300669	-0.1708344717	-0.0768295547	0.0096475045	0.1149566038	0.0529176337	0.1420629077	-0.0299055386	0.1180350341	0.0195531408	-0.0949389839	-0.0110792539	0.0891119403	0.0848948171	-0.0692312604	-0.1436773907	0.0204132834	0.0980628732	0.059067481	0.0179761951	-0.0375059293	0.019966348	0.0466152464	-0.1130370021	-0.1228084241	-0.0232606416	-0.058828726	0.0328354044	-0.0884743966	0.0533574389	-0.0308029474	-0.0370731682	-0.0594512716	-0.0091647412	0.1787631279	-0.1795940345	0.1622868037	-0.1141426959	0.1496886233	0.0952141772	-0.0045155986	0.0389449824	-0.0088458134	-0.1649696493	-0.0911221538	0.2086609961	0.0786744303	0.1341188382	0.0263105409	0.0330156046	-0.0338903173	0.0207376741	0.0403997113	-0.0921678818	0.0725289875	-0.0429438107	-0.0004795486	0.0246707619	0.0517325674	-0.0689762628	0.0895290866	0.0818765115	-0.0731273562	0.1130036693	0.0743810049	0.1250124826	-0.0056902139	0.0508025626	-0.0283818211	0.0473433567	0.0356200755	-0.1292340189	-0.1143361944	0.0262877129	-0.0589202255	0.0572408036	-0.0871815135	0.0634049472	-0.0156614426	-0.0066559465	-0.0229300979	0.1141635847	0.1705408449	-0.1228258852	0.2201001276	-0.1331773615	0.0520818981	-0.0405060875	-0.0806497275	0.0359260889	-0.0791626169	0.0966013724	0.1695210599	-0.140401398	0.1582719154	0.043047294	0.0919611079	-0.0230764982	-0.0637294587	0.0541643339	0.0814962342	0.0920830818	0.0601974236	-0.0274280982	0.0112450784	0.0459042814	-0.0142690144	-0.050326545	0.0490135425	0.0259809148	0.0060876709	-0.0163739588	-0.0266635369	0.011027841	-0.1455809063	0.0444011431	0.0967070979	-0.0932278344	0.0906766722	0.1695804375	0.002560629	-0.0826246988	0.0176423948	-0.114230334	-0.2237176338	-0.0451902973	0.0290647666	-0.0349374336	0.0490541601	-0.0354019286	0.0615874274	-0.0435894073	0.1155651064	0.1039539485	0.0854583468	0.0417245	0.0157435999999999	0.0002478609409599	0.0017409339002499	0.00414631	0.0929441099999999	0.008638607583692	1.71918866161e-05	0.012563	0.0560269	0.000157828969	0.00313901352361	0.000596653	0.000481501	3.559948024090001e-07	2.3184321300100005e-07	-0.0010706	0.0001963	3.853369000000007e-08	1.1461843599999995e-06	0.000441323	-0.000130949	1.94765990329e-07	1.7147640601e-08	0.0	0.0	0.0	0.0	0.0	0.0
291.66915854378635	0.1585070608470573	0.0251244883383727	85070.89804564038	267.91592415350453	1.2462321210790606	71778.9424150264	1.5530944996092142	209.4653054038936	-0.0429869328677909	43875.71416794642	0.0018478763973799	208.96975679803023	341.12201419738346	1.092424	29.006413	0.104093297	0.0500598	0.0521013761	-0.1289357747	-0.0143993026	-0.0576229244	-0.0109951671	-0.0009873368	-0.0736136523	0.0738721437	-0.0006536562	0.0318830547	-0.0932675299	0.1318665658	0.0180759408	-0.1404520274	0.0528043608	0.002782974	0.0024683674	0.0162423329	-0.0470939016	-0.1180998061	-0.08613765	0.0701358069	0.1174683489	-0.0180240938	-0.0081224873	-0.0496480084	0.0637206558	0.0266179772	0.2076411951	0.0783186294	0.2052872046	0.0147595271	-0.0611854088	-0.0452800977	-0.1966274153	0.1682109969	-0.0793554782	0.078274366	0.0646457802	-0.1198040341	-0.0789924909	-0.0264313521	-0.0718847008	0.1399757566	0.0277626231	-0.0175161839	-0.0594762564	-0.1511957812	0.0274062446	-0.0225420081	-0.0580567138	0.0601685754	-0.0754747943	0.0303643476	0.0259026072	-0.1265644039	0.1134059761	-0.0270171797	0.2789124001	0.1563485725	-0.0410012184	0.1008162114	0.0439312979	-0.1285085649	0.0356257147	-0.1348679155	0.0086002829	0.1414089784	0.0470594961	0.069393603	0.1175633662	-0.0163753999	-0.0074865839	-0.0363927777	0.0230415064	-0.0337635972	0.2268387865	0.0908772003	0.1868202525	0.0135222864	-0.0183764858	-0.0617345968	0.1997217162	0.1571685595	-0.0999360999	0.1240355861	0.0589726997	-0.0900464454	-0.0020474943	0.0166257532	0.0256956992	0.1505570827	0.0326390702	-0.0135480452	-0.0224718176	-0.1599708169	-0.0155702085	0.0080861986	-0.1057526838	0.0595328199	0.0258227108	0.111633725	-0.0774574958	-0.0504922978	0.1183907682	0.072733187	0.2460015799	0.159432507	0.140495897	0.0355350074	-0.1551872309	-0.0227595704	0.0112829278	-0.1130444751	0.0699447674	-0.0894587232	-0.115518907	0.0568589725	0.0338227016	0.0390518573	-0.0548293355	0.0133890241	0.0746256296	-0.0521610762	0.0017550425	-0.0053152122	-0.1133382196	-0.1832530046	0.0885218008	0.0163627217	-0.1946613614	-0.0092935042	0.0233674376	-0.1237783211	-0.0057337625	0.0404182884	-0.0822709126	0.0276485824	-0.009841507	-0.1170285975	0.0926483228	0.1148515874	0.1012028987	0.0796436494	0.0569425	0.015218	0.000231587524	0.00324244830625	0.044857	0.04071069	0.0016573602802761	0.002012150449	-0.000840307	-0.013403307	7.06115854249e-07	0.0001796486385362	0.000231334	-0.000365319	5.3515419556e-08	1.33457971761e-07	-0.00125729	-0.00018669	3.4853156100000086e-08	1.5807781441000002e-06	0.000298106	-0.0001432169999999	8.886718723600003e-08	2.0511109088999988e-08	0.0	0.0	0.0	0.0	0.0	0.0
291.447828032456	-0.2213305113303363	0.0489871952457481	84941.83646483606	267.9138215718446	-0.0021025816599262	71777.81578923018	4.420849636658319e-06	209.26611206145887	-0.1991933424347394	43792.30565731906	0.0396779876703233	208.7712233834258	344.02309939295736	1.14389	30.37294	0.093145218	0.0473564	0.0746584072	-0.1415444131	-0.007214232	-0.0345283517	-0.1947185438	0.0471717972	0.1079918825	0.0859969561	-0.0310466292	-0.2031859579	-0.1265874748	0.0483803242	0.0585518241	-0.0263904318	0.0914756005	0.0459918181	-6.84945e-05	-0.0341985634	-0.1211506537	-0.0118929288	0.005216657	0.0412865999	0.108099522	0.0205784166	0.0844009078	0.0872727752	0.2346271198	0.1744278027	-0.1133839922	0.0606168672	0.0529033839	0.0616881644	-0.0488199101	0.0338407721	-0.1353969594	0.2292740112	-0.0642348555	-0.0250195286	0.0886227247	-0.1074797226	-0.087140082	0.074869442	-0.1552667999	-0.0153853209	-0.1092929693	-0.1585978178	-0.067872816	0.1123862032	0.0587656851	-0.0297862702	0.0076646527	-0.027140783	-0.0933917967	-0.0804151858	-0.2634389767	-0.0872179389	0.0072681355	-0.1206182513	-0.0349828725	-0.1412839385	0.0085097953	0.096045474	0.0098693899	0.0895117285	-0.0684493312	0.1362905704	0.0270568707	-0.0452655902	0.1397080207	0.0432375172	0.1063961362	0.024871535	-0.1199127999	0.0235460214	0.2904128255	0.0157208403	-0.0739116223	0.0516481905	0.0902897054	0.0692756886	-0.0311580436	0.0351597195	0.1386595398	0.218805519	-0.1127887149	0.0177084971	0.1082854048	-0.0852013644	0.0207657561	0.079550382	-0.1143750545	0.118554253	-0.1281080397	-0.1126919414	-0.1265609566	0.1146030526	-0.0660376993	-0.0300776703	0.0082035945	-0.0498431774	0.030876349	0.0605130327	0.2243248998	-0.1691460617	0.0850419402	-0.1077661913	-0.0137820628	-0.148586011	0.0402331206	0.1036160644	0.0453510406	-0.0419449254	-0.0663404599	0.0782076145	-0.0258857697	-0.0717408422	0.1713000331	0.0876484615	0.0248777713	0.0501271974	-0.0513821242	0.0441227827	0.0790554065	-0.0336173861	-0.0282317413	-0.0053475767	0.0131755801	-0.0187684616	0.220856183	0.1279005171	-0.1789577243	0.0017024927	0.0599912062	0.0284421964	0.0232515469	-0.0869175931	0.1435018236	0.1128506555	-0.0865203313	0.0824205045	-0.1160374903	0.1140802373	0.0982480398	0.0734681463	0.0452606	-0.0116819	0.00013646678761	0.00204852191236	0.04697	0.0021129999999999	4.464768999999987e-06	0.0022061808999999	-0.0418306	-0.040990293	0.00174979909636	0.0016802041202258	-9.62175e-05	-0.0003275515	9.25780730625e-09	1.0728998515225e-07	-0.000841396	0.000415894	1.729678192360001e-07	7.07947228816e-07	0.000274351	-2.3755000000000036e-05	7.5268471201e-08	5.643000250000016e-10	0.0	0.0	0.0	0.0	0.0	0.0
291.4184430995048	-0.0293849329511886	0.0008634742845458	84924.70897853933	268.46466327066776	0.5508416988231488	72073.27542503302	0.3034265771623726	208.768126101916	-0.4979859595428593	43584.13047610551	0.2479900159018223	208.2979046283941	335.9323088172814	1.207656	32.066101	0.148628425	0.0833599	0.0093813152	-0.1112866	-0.0547579009	0.0122757692	0.1103352581	0.1389763405	0.0223745615	0.010637128	0.0269559213	0.0087887507	-0.1608043857	-0.1433074968	-0.008359562	-0.013059329	0.0360270672	0.0556545883	-0.0020537458	0.0764790032	0.087390592	0.0161313757	0.108446509	-0.0511300484	0.0181967757	0.0661978036	-0.1474235569	-0.0686157402	0.0139137003	0.1310348102	-0.1224819035	-0.029221742	0.1731721291	-0.0549210695	-0.043947485	0.108109193	0.0062200738	-0.0495519551	-0.0406275614	0.1003544121	-0.062069058	0.0132473441	0.0300437435	0.0419626543	0.0529916743	0.0004720433	-0.0203688297	-0.0187712563	-0.0835597603	0.1682839003	0.1117597207	0.0032585462	-0.316678822	0.0116181687	-0.0271371104	-0.0152067532	-0.0951579069	-0.2098479175	-0.0834371797	0.253982752	-0.0822337221	0.0114874219	-0.0960319553	-0.0470876912	-0.0062885042	-0.1064222867	-0.0963494883	-0.1401949346	0.1570480153	-0.1156053408	0.0301583013	-0.0469851552	0.0234016905	0.0599162066	0.1795461699	-0.0103836275	0.0868563769	0.1042734397	-0.0755592036	0.001391833	0.1955783082	-0.0352983584	0.0021428402	0.1241712018	-0.003069639	-0.0535842028	-0.0186093629	0.0573039252	-0.0827140138	0.0469408729	-0.0636964262	0.0653508616	0.0568451382	-0.0176924407	-0.0115219445	0.0117037723	-0.1459675005	0.1569685115	-0.0031766294	-0.0430507924	-0.306319466	-0.0308016597	0.0144133336	0.0120317889	0.0880449081	-0.2106419682	-0.1385262321	0.2047176115	-0.0422505319	0.0611044548	-0.1336448297	-0.0475595636	-0.1302154441	0.0202447824	-0.0668408287	-0.1585082859	0.1165903167	0.1323447605	0.1038858041	0.0159418709	0.0076994276	0.0420361218	0.0175587529	-0.0218478717	0.0347127047	-0.0520735698	0.0375539055	0.0621599049	-0.0926737929	0.0795426946	0.0439018776	0.0347639778	-0.0832630191	-0.0844866348	-0.0603855156	-0.1632858245	0.0111219939	-0.0914445674	-0.2805521518	-0.005641706	-0.0909716313	-0.0002010532	-0.1176380288	0.1132514443	0.0950953223	0.0669598143	0.0256342	-0.0196264	0.0003851955769599	0.00065711220964	0.0685006	0.0215305999999999	0.0004635667363599	0.0046923322003599	0.0378211	0.0796517	0.00143043560521	0.00634439331289	0.000354143	0.0004503605	1.25417264449e-07	2.0282457996025002e-07	-0.00094743	-0.0001060339999999	1.1243209155999992e-08	8.976236049e-07	0.000274351	0.0	7.5268471201e-08	0.0	0.0	0.0	0.0	0.0	0.0	0.0
291.6378578319694	0.2194147324645996	0.0481428248225118	85052.64012082001	268.2540504402584	-0.2106128304093317	71960.2355776047	0.0443577643330299	209.2590313449385	0.490905243022496	43789.34219942195	0.2409879576269759	208.7909208766634	338.594345567288	1.02316	27.167303	0.114559362	0.0575456	0.0153725012	-0.1394782681	-0.005136911	-0.061834459	0.1072869126	0.0994661766	0.0346371809	0.0974441096	0.0094939484	0.0276877759	-0.1999535768	-0.0385935262	0.003228477	0.0141410796	-0.0214306801	0.0990415096	-0.0905566953	0.060734059	0.0426839698	-0.091395198	-0.0172194525	0.0030879361	0.0525894348	-0.002444616	-0.2738961137	0.1063082191	0.2116631089	-0.0206355407	0.0897964688	-0.0101576969	-0.0078637684	-0.0808606808	0.0247917985	-0.0634419282	0.0278440339	-0.0082013375	0.065527119	-0.0232859189	-0.1232359984	-0.2144179702	0.0216836186	0.1158105694	0.1829437295	0.0692903473	-0.040212084	0.1522823451	0.0902777292	0.1874882191	0.0443404805	-0.0278761054	0.0755682183	0.0030967063	-0.0428410585	0.131286968	0.1020586949	0.0327633072	-0.1314893844	-0.0671899357	-0.0866884458	0.0404674673	-0.0034713837	0.013028893	-0.0081840915	0.0399083527	0.0004080725	-0.148836386	0.0093040493	-0.1412695076	0.0427934092	0.0052811097	0.0537728485	-0.0076999792	0.1828158775	0.2063592537	0.1715897203	-0.1344588347	0.1143052657	0.0112947904	-0.0120150951	-0.0897884472	0.0232230124	-0.0443612868	-0.0198103646	0.009073799	0.0739832276	-0.0205221468	-0.0713041154	-0.187834187	-0.1565503356	0.1361909833	0.1886818617	-0.0351760591	-0.0069619078	0.1596837443	0.0687332764	0.1724036629	-0.0119697246	-0.0647084979	0.0974684488	0.0193821379	-0.0835445522	0.0472062436	-0.1047954452	0.0133139731	-0.1210303221	-0.1151667874	-0.0674059945	0.0461457858	-0.0150543105	0.0236094387	0.0448495216	0.0105071513	-0.019058726	-0.1543867619	-0.0220526266	0.1530104243	0.1099927112	0.0345582918	0.0106760999	0.0582460858	-0.0422776218	0.0277192099	0.0378976336	-0.1991547408	0.0548610986	0.1060200198	-0.1248203368	0.0305863851	0.1318787944	0.0480658175	-0.0877123632	0.0472487016	-0.0901630191	-0.1611395473	0.0844469134	-0.0226304845	-0.1964845011	0.0148402593	-0.0496128343	-0.0360158482	0.029482481	0.1123656258	0.0917510955	0.0601481375	0.0348904	0.0092562	8.567723844000004e-05	0.00121734001216	0.0372698	-0.0312307999999999	0.0009753628686399	0.00138903799204	-0.000837312	-0.038658412	7.01091385344e-07	0.0014944728183617	0.000596661	0.0002425179999999	3.56004348921e-07	5.881498032399998e-08	-0.000691162	0.0002562679999999	6.567328782399998e-08	4.77704910244e-07	0.000483844	0.000209493	2.34105016336e-07	4.3887317049e-08	0.0	0.0	0.0	0.0	0.0	0.0
291.3960475970317	-0.2418102349377022	0.0584721897206267	84911.65655517158	267.3564021004571	-0.8976483398013215	71479.44574410131	0.8057725419480688	209.2916075001468	0.0325761552082894	43802.9769699955	0.0010612058881545	208.78706215736827	346.2313147808248	1.29959	34.50716	0.139158788	0.0672012	0.0972198609	-0.1755490446	0.0943286707	-0.0769512632	-0.1320142689	0.0811953057	-0.1393641863	0.0248595687	-0.0827234867	0.0464446075	-0.1393906281	0.0944820995	-0.1704366007	-0.1800659449	-0.0531854717	0.0598697026	0.0099822907	-0.1198821866	-0.0629524586	-0.0183857045	0.064108466	0.0674953064	0.0102149132	0.1315010917	-0.0166867764	-0.12555876	0.009955496	-0.0874270191	0.1799557916	0.0109011857	-0.0730521483	-0.1498740049	0.0879397979	0.1430618635	0.2085157663	0.1211967867	0.0270211777	-0.2055428802	-0.1582217362	0.0950086977	-0.0881762151	0.0095329747	0.0312107411	-0.0047635028	0.3052842809	0.1018617879	-0.2863874789	-0.0460591172	0.0964990388	-0.0756914552	-0.1131350886	0.0479907796	-0.0167155198	0.0451650143	-0.087377483	-0.1147291421	-0.0062409603	-0.0665078735	0.0520604816	0.0270171133	-0.0260933392	-0.0784956324	-0.0083279449	0.0467761029	-0.057915639	0.0343699902	0.0124912369	-0.0046455439	-0.1220083339	0.0682013435	0.011378567	0.1300627272	0.0632238824	-0.093920067	-0.0553209775	-0.0874090584	0.1576708219	0.0125775777	-0.1085233655	-0.1535586926	0.1028925254	0.1260254198	-0.2173926857	0.1377822519	0.0012988803	-0.2154562978	-0.1251546602	-0.0234863928	0.1164251832	0.0156504518	0.0239831798	-0.0661576069	0.3012730505	0.0657782882	-0.2444986276	-0.1404721833	-0.1344903652	-0.04537238	-0.1201606694	0.0611700159	-0.0248409336	0.0159250863	0.0337916802	-0.1223232233	0.0769659748	-0.0488284705	0.0712513429	0.0505248654	-0.0416775617	-0.0319716123	0.0789680002	-0.0065780127	-0.0154401693	0.0590582285	0.0439805013	0.0458633037	-0.0307489846	0.0981690675	-0.0077181833	0.1025200445	-0.1031594285	0.0675588523	0.0800565402	0.0627071348	-0.0697455603	-0.1121735178	-0.155846403	-0.0655702144	-0.0146699216	0.1537136076	-0.0593929932	-0.0804404437	0.1221854786	0.1378031731	0.1561481935	-0.0049789405	0.0792624959	-0.0281953826	-0.0496047859	0.0380008057	-0.0064589284	0.1114232278	0.0882220943	0.0530639746	0.0225278	-0.0123626	0.00015283387876	0.00050750177284	0.0632185	0.0259486999999999	0.0006733350316899	0.00399657874225	-0.0590393	-0.058201988	0.00348563894449	0.0033874714071521	0.000180803	-0.0004158579999999	3.2689724809e-08	1.7293787616399996e-07	-0.000463603	0.000227559	5.1783098481000026e-08	2.1492774160900003e-07	0.000274351	-0.000209493	7.5268471201e-08	4.3887317049e-08	0.0	0.0	0.0	0.0	0.0	0.0
290.8021991101951	-0.5938484868366345	0.3526560253181604	84565.91900732554	269.264938877247	1.9085367767899013	72503.60730856756	3.6425126283595866	209.2783746559049	-0.0132328442418838	43797.438098617306	0.0001751081667299	208.763560463276	347.38314037072155	1.286876	34.169575	0.170866675	0.134382	0.1082737977	-0.1468029219	0.1300457276	-0.1110972865	-0.1767416305	-0.1105529193	0.033554209	-0.1326195389	-0.1006132625	-0.1567544457	-0.1318671015	0.1321285428	0.0115413508	-0.0158159724	-0.1938802165	-0.049118781	0.0331380577	-0.0386891355	-0.0848629023	-0.0567647291	0.0801698472	0.0944480158	-0.0204142871	0.0842886817	0.1133517089	0.1288118596	0.0137279167	-0.0916513999	0.0450066328	0.0744726329	-0.0936785233	-0.2263503513	0.0192209466	-0.1814139361	-0.0519705759	-0.0119422269	0.1014281463	0.2178790713	-0.0367330781	0.0743279757	-0.0093576446	-0.2514437952	-0.1047649014	-0.1154812938	0.0430658875	0.033146906	0.0690377023	-0.1333163667	0.043814365	0.1385473027	-0.0299026145	-0.095603342	-0.0218677626	-0.0121896843	-0.1693464764	-0.1151846995	-0.1315095156	0.0676968794	0.0266756454	0.0900588719	-0.096245409	0.2025955747	0.0933203622	-0.1529196485	-0.048269264	0.0128526664	-0.0068609402	0.0358879566	-0.0688248317	0.0943237456	-0.0233439074	0.085861484	-0.1525670162	0.0760440142	-0.0369547432	-0.0776297053	-0.005868362	0.0139009872	-0.118714385	-0.2473335752	0.0009139047	-0.1639584239	0.0328298673	-0.0253084764	0.0479190214	0.2434335515	-0.0728876435	0.0076399757	0.1265851368	-0.2630144204	-0.1149306819	-0.050688761	0.0111967458	-0.0032896324	0.0661320383	-0.0806145929	0.1087722539	-0.0690140858	-0.0720582457	-0.0893125373	-0.0252239853	0.0278592482	0.1417272498	-0.156101132	-0.0765997539	0.0177449834	0.0547896065	0.1329956325	-0.0107052575	0.1133024204	-0.2339185815	-0.0806255246	-0.1098012405	0.0451342471	-0.0149693098	0.0223951891	-0.0481129995	0.1044396408	-0.0108468757	0.07217591	-0.1964038625	0.0983649451	0.0015635615	0.0419873642	-0.0520353889	0.1050977995	0.1006796125	-0.0195197096	-0.036946296	-0.089282797	-0.0219336752	0.0777692267	-0.0316108102	0.0425462527	0.2941110495	0.0633101394	0.0867493545	-0.0526630638	0.2145310967	-0.0367068856	0.010360028	0.1104247249	0.0845154255	0.0457394187	0.0163571	-0.0061707	3.8077538490000015e-05	0.0002675547204099	-0.0691395	-0.132358	0.017518640164	0.00478027046025	-0.0660373	-0.0069979999999999	0.0043609249912899	4.897200399999987e-05	0.000124425	-5.6378e-05	1.5481580625e-08	3.1784788839999993e-09	-1.31815e-05	0.0004504215	2.0287952766225002e-07	1.7375194225000003e-10	0.000274351	0.0	7.5268471201e-08	0.0	0.0	0.0	0.0	0.0	0.0	0.0
289.9761185490603	-0.8260805611348019	0.6824090934847892	84086.14932877867	266.7439717275125	-2.520967149734531	71152.34645296798	6.355275370040646	208.99158410238687	-0.2867905535180455	43677.48222562504	0.0822488215871869	208.4851640599052	336.52047037160867	1.272294	33.782368	0.254068175	0.16021	0.0882995503	-0.040307347	0.0630734542	-0.0258722747	-0.0591104279	0.1265053575	0.0226054296	0.0669565079	-0.1033121512	-0.0321048096	-0.0634128994	-0.0412259643	-0.0668379744	0.0530345271	-0.0134164178	0.1390300209	-0.1222978823	-0.0482808238	0.0047527574	-0.0214700074	0.0464324378	0.0195706518	-0.0501395588	0.0642837364	-0.1181973081	-0.0352434094	0.1163262712	0.014637588	-0.0061893574	-0.1576377084	-0.106044089	-0.1353451256	0.1789489458	-0.0318324783	-0.0375593098	0.2485771451	-0.0076189104	0.0487681447	-0.0008877398	0.0326282018	0.0380605108	-0.0911940174	0.068525587	0.0005367967	-0.0553641636	-0.0166279618	0.0537304433	-0.0925466858	-0.0155490563	0.0403807331	0.0034321489	0.0189673096	-0.0396084039	0.0195113435	0.0239914664	0.0632841647	-0.030312875	-0.0852514171	-0.0450923417	0.2696442116	-0.2309154239	0.0652538432	-0.2176533694	0.0134719727	0.1683815393	0.1006728031	0.0427142569	-0.1058289208	-0.0561725954	0.0195815183	-0.0492613871	0.0595314116	0.1284356177	0.0119823626	0.1144658379	-0.0335218158	-0.007309633	-0.1375591527	-0.1248867877	-0.1258443751	0.150416681	-0.0218241929	0.0409551968	0.2607497669	-0.0046345786	0.0594926132	0.0096900806	0.0627670221	-0.0302067127	-0.0901653669	0.0813483245	-0.0221973561	-0.0754442745	-0.0243289451	0.074028765	-0.0888458278	0.0503763947	-0.0174585381	-0.0072463229	0.0161395814	0.0064169483	0.0510993967	-0.0351466253	0.077104033	0.0774016068	-0.1171882835	-0.0237409423	0.2987824698	-0.1332338576	0.1710544947	0.007455293	0.192297814	0.1102396403	0.1034098278	-0.027906809	0.0957977365	0.0564756355	0.086727477	-0.0148000047	0.0619392251	-0.0349892393	0.0612432892	0.0199446063	-0.0724676373	-0.0319851568	0.0001591693	-0.0693780652	0.1483944829	0.0561172204	0.077371077	0.0040576236	0.0843463031	0.0350780345	0.1102159167	0.1000546527	-0.0118054039	0.119026848	0.0344180871	-0.0576567383	0.1711884026	0.2109930019	0.1093706198	0.0806385538	0.0382076517	0.0135548	-0.0028022999999999	7.852885289999995e-06	0.00018373260304	0.0674946	0.1366341	0.01866887728281	0.00455552102916	-0.0270269	0.0390103999999999	0.00073045332361	0.0015218113081599	-0.000949563	-0.001073988	9.01669890969e-07	1.1534502241439995e-06	-0.000451621	-0.0004384395	1.9222919516025e-07	2.03961527641e-07	0.000274351	0.0	7.5268471201e-08	0.0	0.0	0.0	0.0	0.0	0.0	0.0
290.26301134224803	0.2868927931877465	0.0823074747830671	84252.61575347002	266.9759648411362	0.2319931136237301	71276.1658028556	0.0538208047688329	208.98107690992845	-0.0105071924584194	43673.09050643343	0.0001104010933582	208.46676246516145	338.50789991565523	1.184368	31.447729	0.0919865	0.0478428	0.0783313452	-0.0502874812	0.1263100296	-0.0468181466	-0.1418065093	0.0089603211	-0.183711312	-0.1390976054	-0.0801163233	0.0736405905	0.0093276318	0.0709218384	-0.1198830089	-0.1037060823	-0.0624830362	0.0277450967	0.0964777423	-0.0178243755	-0.0597063476	0.0996217993	0.1228312676	0.0143459118	-0.03782946	0.1657817721	0.0890521276	-0.1338778909	-0.0337757641	-0.2192451546	-0.0299559534	0.0336705776	-0.1192517696	-0.0584866786	0.0917787123	0.0843985013	-0.0682451779	0.0703126278	0.1504799177	-0.0026463016	0.1462010094	0.0747075145	-0.0888186549	0.0517882758	-0.0450880744	-0.008394025	-0.2000763066	-0.2164013509	-0.0470079813	-0.0327021699	0.0896976377	-0.0793459587	0.0212907309	-0.0631985402	-0.1009578415	0.0181848085	-0.0603577524	0.1007209522	-0.0447416999	-0.0131076003	-0.202176959	0.0440812901	-0.0332191551	-0.1234309493	0.0843549977	-0.1011110935	-0.0708673447	0.0483973672	-0.0454756754	0.0187435783	-0.1299397472	0.0141514746	-0.0350484273	0.1676557729	-0.0125597184	-0.1531382052	-0.1477293301	-0.1619696369	-0.0557862643	0.0194245284	-0.1253143717	-0.0500782283	0.0620290073	0.0811195241	0.0598416885	0.0758621958	0.147830969	0.0071538161	0.1468408693	0.0618478483	0.1179187815	0.0531482769	-0.0169783087	0.0822131933	-0.2351303054	-0.1741611879	-0.0294757978	-0.0065132832	-0.1459529796	-0.0353990261	-0.0069785263	-0.0262853726	-0.0818162728	0.0802353392	0.085006915	0.0537192283	-0.0061324489	-0.0792048532	-0.1699979923	0.002316022	-0.1412619161	-0.1390208755	-0.0702386958	-0.0439721204	-0.0686864409	0.0885133244	-0.0252879805	0.0592340104	-0.0715075504	0.0815461339	-0.0232839064	0.0685351582	-0.0833108396	0.0309865298	0.0373596186	0.129437165	-0.0793281306	-0.0867538131	-0.0543426243	-0.037385087	-0.1446539533	0.0467500488	-0.0434152034	-0.0925165682	0.1279118674	0.1185387343	0.1479745218	-0.0507032914	-0.0005899135	-0.0627964955	0.0185982934	0.0760168053	0.036766658	0.1082614433	0.0765992869	0.0305027946	0.0190917	0.0055368999999999	3.065726160999999e-05	0.00036449300889	0.0314501	-0.0360445	0.00129920598025	0.00098910879001	-0.0129601	0.0140667999999999	0.00016796419201	0.0001978748622399	-0.000466402	0.0004831609999999	2.17530825604e-07	2.3344455192100002e-07	-0.000208016	0.0002436049999999	5.9343396025e-08	4.3270656256e-08	0.000274351	0.0	7.5268471201e-08	0.0	0.0	0.0	0.0	0.0	0.0	0.0
290.252617168486	-0.0103941737620516	0.0001080388481957	84246.58177315569	267.8853951012647	0.909430260128488	71762.58490856069	0.8270633980373694	209.2174268800196	0.2363499700911404	43771.93171029634	0.0558613083620829	208.6904811217472	338.9285969039724	1.114924	29.603844	0.092718617	0.0432203	0.0929840612	-0.0593599758	0.1081564476	-0.0868734752	-0.1423590087	-0.0069066554	0.0338578146	-0.0589149828	-0.0867410104	-0.0602680189	-0.0887685901	0.0620186497	0.0466889708	0.0555253867	-0.0864219329	0.038069172	-0.0365062599	-0.0668764329	0.0157739816	-0.0081120518	0.0955419402	0.0710471836	-0.0525199964	0.0567296153	0.0596390558	0.0997272787	0.0375050189	-0.0913414421	-0.0560267154	0.0351233985	-0.1636200239	-0.1722190281	0.0739235649	-0.0134863602	-0.06372549	0.0221061317	-0.0490095903	-0.1012140821	-0.1285007464	-0.1052738763	-0.0179011495	-0.0156052216	-0.0253726144	-0.1372979906	0.0540894181	0.0077130707	0.123490159	-0.0043721404	-0.0148150917	-0.0598490225	0.1505153171	0.0879338737	-0.0256938781	-0.0849435416	-0.0101120798	-0.0713134207	0.1389724683	-8.81573e-05	-0.0663058249	-0.1353402675	-0.0206855249	-0.0224673147	0.0390705606	0.0529207913	0.1652359878	-0.1287119197	0.1810337552	0.0773060176	-0.0397122337	0.0718024658	-0.0541087211	0.0580642143	-0.0887626105	0.0682905474	-0.0041422433	-0.089915938	-0.0959495919	0.0097015954	-0.176557962	-0.1747500608	0.0463429421	0.0043579543	0.0692798556	0.0262217754	-0.0796609452	-0.0811633744	-0.0945676187	-0.1389507471	-0.0049431011	-0.0322269537	-0.0669086971	-0.09123344	0.02130286	-0.022108895	0.1108148429	0.0515147027	-0.0237292321	0.0058375604	0.1346126904	0.0534653908	0.1227981894	0.0447805808	-0.0203321996	-0.0737398271	0.1328223477	0.0347888307	-0.0663075492	-0.1349742005	-0.0400514012	0.008363426	0.0087912133	-0.0475620187	0.1857476274	-0.1196828123	0.1683888229	0.0050533754	-0.079219876	0.0873442357	-0.0305583874	0.0646586927	-0.107279128	0.0676320668	-0.0077300254	-0.0002612966	-0.0537801295	0.070574131	0.069224516	0.062106341	-0.0489145345	0.0063229927	0.0510683562	0.1023508518	-0.0275120121	0.0543271394	0.2426424684	-0.016358428	0.0660488294	-0.044594739	0.0046280957	0.0231177886	0.1378566415	0.1070977539	0.0724057592	0.0226597522	0.000219093	-0.018872607	0.0003561752949764	4.800174264900001e-08	0.0141654	-0.0172847	0.00029876085409	0.0002006585571599	-0.0232641	-0.0103039999999999	0.00054121834881	0.0001061724159999	-0.000105997	0.000360405	1.1235364009e-08	1.29891764025e-07	-4.69348e-05	0.0001610812	2.594715299344e-08	2.20287545104e-09	-0.000129309	-0.00040366	1.6720817481e-08	1.6294139560000006e-07	0.0	0.0	0.0	0.0	0.0	0.0
289.5352973129699	-0.7173198555161093	0.5145477751176519	83830.68839010986	265.3550657378303	-2.5303293634344186	70413.31091272822	6.40256668745843	209.1176859998507	-0.0997408801688948	43730.20659793215	0.0099482431768658	208.6254261757221	337.40622996865864	1.020331	27.092175	0.115349448	0.0562086	0.0662096262	-0.0195459751	0.1546244943	-0.0753963845	-0.1188548393	0.0078431934	-0.1139274753	0.0326825902	-0.0710254527	0.0725035647	-0.031974849	0.0877451043	-0.0395657341	0.064365737	-0.0353881885	0.0642723176	-0.0483043389	-0.1712926488	-0.0402265827	0.132566131	0.101139244	0.0701924607	-0.0597837695	0.0681813811	-0.0204072747	0.0788254105	0.0141243525	-0.1050923634	0.0853920817	-0.0200050574	-0.1257103391	-0.0438006016	0.1615172846	-0.1347899317	0.1505310443	-0.0175485411	0.0519108521	0.0041537758	-0.096945975	-0.1267993712	0.1073987913	-0.0750752715	-0.0434201048	0.0204207445	-0.0429770668	0.0162757211	-0.0203474543	0.0251676347	-0.0687197165	-0.1575885991	-0.0798577582	0.0280472948	0.0031039999	-0.0446481238	-0.0812343737	0.0151618776	0.1447703974	0.0393645156	0.0073092558	-0.0857212407	0.0047013256	0.1152029694	-0.0715732336	0.1112610785	-0.0189096969	-0.0163659505	0.1340518098	0.0123902691	0.1498836863	0.070816319	-0.0606921383	0.0657116872	-0.0026995538	0.0841988921	-0.027904821	-0.0916122723	0.0499940109	-0.0378342061	-0.1722144704	-0.0574947052	0.1288304356	-0.1359720336	-0.1538219762	-0.0219121963	0.0374103904	-0.0158840181	-0.051366978	-0.1037731796	-0.1452190767	-0.1043377408	-0.0108638526	0.0362795347	-0.0509271909	0.0182762995	-0.0246312521	0.0442384326	-0.0776462991	0.1659554777	-0.0495471628	0.0232694905	0.0145980831	-0.0103085612	0.0857795092	-0.0100559864	0.1057642981	0.0973207544	-0.0131619851	-0.0856367258	0.0586228106	0.1523598169	0.0851055751	0.0285628102	0.0169564853	-0.0409200448	0.15093772	-0.0756129727	0.1323612462	0.0634282599	-0.0491830916	0.0832230527	-0.0623069862	0.0859943688	-0.044924343	-0.0651945789	-0.0453324554	-0.039496403	-0.0595120165	0.0367219889	-0.1075143175	0.1164789877	0.1517759378	0.0615411953	0.0113942588	0.0699030456	0.2649329431	-0.0543615417	0.0682755946	-0.0110058729	0.0261654378	0.1412929817	0.1314177975	0.1058801375	0.0680664159	0.0147140554	-0.0210335	-0.021252593	0.0004516727092236	0.00044240812225	0.0577927	0.0436273	0.00190334130529	0.00333999617329	-0.0087592899999999	0.01450481	7.672516130409826e-05	0.0002103895131361	-0.000354614	-0.000248617	1.25751088996e-07	6.1810412689e-08	0.000319576	0.0003665108	1.3433016651664002e-07	1.0212881977600003e-07	-2.51419e-05	0.0001041671	6.3211513561e-10	1.085078472241e-08	0.0	0.0	0.0	0.0	0.0	0.0
289.2328084174603	-0.3024888955095548	0.0914995319065903	83655.6174650513	265.6171095565513	0.2620438187210538	70552.44888917699	0.0686669629299125	208.90572991013127	-0.2119560897194219	43641.60398928472	0.0449253839691476	208.4238975059524	325.17366482232524	1.0155	26.963907	0.147964665	0.077959	0.0100659554	0.0407385343	0.1061638138	0.1889616323	-0.0246118967	-0.0144586501	-0.0121188438	0.0825658164	-0.0634283614	-0.0942765914	0.0830098291	0.0631743822	-0.0967472574	0.0135940111	-0.0096494865	0.0587405426	0.0239282412	-0.1530578397	-0.0656587625	0.0854588243	0.0141917823	0.0160683188	-0.110000515	0.104078011	0.0870653146	-0.0233819788	0.0806672991	0.0593574049	0.0201242482	0.0724093986	-0.1326757392	-0.1005238448	0.0332322142	0.0092386664	-0.0782104012	-0.0589342656	0.1071704587	-0.0620215649	0.0061635442	-0.1535833303	-0.0204769184	-0.0549059098	-0.2831447853	0.0188651567	-0.1317917266	-0.0210082932	-0.1300760247	-0.0553066552	-0.1574949739	0.0449446058	-0.0734285749	0.0106345406	0.0326825941	0.0187154718	0.1600649205	0.1109781171	0.1145179036	0.2116027945	-0.1067396358	0.1587475035	0.0826730751	-0.0149083291	-0.0297183979	0.0813326136	-0.0114931728	-0.0760203654	-0.2230469807	-0.140928565	0.0645297592	0.0167147041	-0.1089916109	0.1083745236	-0.0695028143	-0.0634043861	0.0948374598	0.0052864567	0.018306634	0.0564091997	-0.1296848115	-0.1018645276	0.0127063498	0.0242707935	0.0809461702	-0.0431837392	0.0679264886	-0.0348847398	0.0462090075	-0.1782613683	-0.000848409	-0.0800926013	-0.2161130025	0.1806758759	-0.1391400205	-0.0040600883	-0.1356980598	-0.0779811292	0.0848134603	0.1092793372	-0.0134337307	0.0487616812	-0.0456448593	-0.0289427646	-0.062421255	0.2037395425	-0.0116465667	0.2328329247	-0.1417295451	0.119393648	0.0310644865	-0.0390377427	0.0918946863	0.0164751542	-0.0325072667	-0.1124850268	-0.2159161497	0.0222322901	0.0554176161	0.0245995774	-0.0568943357	0.0786475012	0.0312337643	0.0413240837	-0.0613985682	0.0229927766	-0.0611611214	-0.129307031	0.0857106717	0.13587553	-0.0647153106	0.2020335996	0.205922516	-0.0775556671	-0.0222034277	0.047832263	0.0364849342	-0.1241739448	-0.0913964	0.1323511871	-0.0186671743	-0.0022872214	0.0768179933	0.1046092073	0.0635899959	0.0067017003	-0.0504841	-0.0294505999999999	0.0008673378403599	0.0025486443528099	0.0794749	0.0216822	0.0004701177968399	0.00631625973001	0.0573493	0.0661085899999999	0.00328894221049	0.004370345671788	-0.0002334	0.000121214	5.447556e-08	1.4692833796e-08	6.39926e-05	-0.0002555834	6.532287435556e-08	4.095052854759999e-09	-0.00026281	-0.0002376681	6.90690961e-08	5.648612575761e-08	0.0	0.0	0.0	0.0	0.0	0.0
289.4197736691593	0.1869652516990072	0.0349560053428731	83763.8053907074	265.14883671689915	-0.4682728396521725	70303.90561232484	0.2192794523559092	208.8070276863859	-0.0987022237453629	43600.37481122313	0.0097421289722796	208.27334788775488	326.7488571595286	1.114553	29.593983	0.10066648	0.0524633	0.0094985578	0.0424686218	0.0726365394	0.0370893997	0.148253585	-0.0597890982	-0.1124670434	-0.1066102811	-0.0553729695	0.1370084632	0.0321731044	-0.0317205996	-0.0222226863	0.0497347974	-0.146265106	-0.0043200704	0.0292031109	0.0025292861	0.0840895989	0.2949228303	0.0484388542	-0.0045928623	-0.053139507	0.1027125607	-0.0261816501	-0.0570446624	-0.1119971679	-0.1594657295	-0.0196024691	0.0360170805	-0.0691818745	-0.0338376347	-0.0829442944	-0.0490015981	-0.1365084343	0.044942171	0.0031396605	-0.0708788086	0.0609988807	-0.0289993069	0.0195686226	0.1496059661	-0.0552740845	0.0541882373	-0.149189686	0.2059878028	0.0712518529	0.2485067717	-0.1748003675	-0.103667641	-0.1645056361	-0.0814913548	0.1569908504	0.0605103933	0.0863562166	-0.0425513026	0.0299945234	0.0637059488	-0.0522189721	-0.0314285215	0.0898305977	0.0566364743	0.089207971	-0.0017816491	0.2411355695	0.0502801428	-0.0653224751	0.2116128629	0.0789253967	-0.0049021601	-0.0511596658	0.0992858965	0.0589560015	-0.0308326526	-0.1740209599	-0.0759385802	-0.0457256824	0.031096262	-0.0613142566	-0.0396165875	-0.1063552395	-0.038146738	0.1337886444	0.048207015	0.0201982104	-0.0725647303	0.0623193547	0.0046452612	-0.0442623294	0.1313424117	-0.0389545162	0.0641855782	-0.0756375669	0.2480784426	-0.0159432117	0.2563564013	0.062968732	0.203032553	-0.0574218483	-0.0480013625	-0.1075014081	-0.1616292594	-0.1102156324	0.0038700187	0.0038066777	0.0887865568	-0.1034229824	-0.0175447924	0.0941734277	0.0350510013	-0.0410057555	-0.091976327	0.2518221759	0.0459278084	-0.0257664248	-0.1704368995	-0.0843655551	0.0198239218	-0.053360231	0.0397271162	-0.0179396772	-0.0237730221	-0.0803927075	0.0597451336	-0.0409924687	-0.0326192664	-0.0169085868	0.0716318391	-0.2310663249	-0.0382091807	0.1310746194	-0.0998425507	-0.0481110588	-0.0381767093	0.0343071413	-0.065180739	-0.1549964793	-0.0530037382	0.0060693663	-0.0499539251	0.0539664019	0.1032856033	0.0589855141	-0.0013410152	-0.031306	0.0191780999999999	0.0003677995196099	0.000980065636	0.0367781	-0.0426968	0.00182301673024	0.00135262863961	0.0628874	0.0055380999999999	0.00395482507876	3.067055160999997e-05	-0.000322345	-8.894499999999997e-05	1.0390629902499998e-07	7.911213024999994e-09	-0.000357619	-0.0004216116	1.7775634125456e-07	1.2789134916099998e-07	-0.000108297	0.000154513	1.1728240209e-08	2.3874267169000002e-08	0.0	0.0	0.0	0.0	0.0	0.0
290.0495365169234	0.6297628477640842	0.3966012444239291	84128.73363368209	265.54328543698347	0.3944487200843127	70513.23644066727	0.1555897927761525	208.83043113483347	0.0234034484475671	43610.14896796043	0.0005477213992379	208.3291439627544	329.6070746855218	1.056686	28.057493	0.028382915	0.0184311	0.018911392	-0.008912255	0.0779536463	0.0962452563	0.0413842641	-0.1760089048	0.0629000323	0.0208761169	-0.0355379447	-0.0421580222	0.0140241009	0.1315075823	0.0323187387	0.0636787099	-0.0606693666	0.0181120936	-0.0245065775	0.0239413243	-0.0145621515	-0.0248456895	-0.1295541883	0.0083218984	-0.1003282874	0.094340639	0.01692788	0.1667344735	-0.0301088758	-0.0317828826	-0.0841570571	0.1489276092	0.0495989967	-0.0231295763	0.0652314153	-9.91837e-05	-0.0526291998	-0.100703135	-0.0965465659	0.0923049073	0.0723882441	-0.0559384651	-0.0560838772	-0.0454007338	0.1128125685	0.0180909651	-0.0632593653	0.1365292691	-0.0839240012	-0.1858041276	0.1667614013	-0.0475252602	0.1373322773	0.0313083112	0.0743189707	0.1083922708	0.0974523407	-0.0385357803	0.0350862017	-0.173314547	0.0390306452	0.0593575008	0.0334647044	-0.0246828638	-0.0564040824	0.1240528871	-0.1341492146	0.0422786494	0.0926364191	0.0598667662	0.0395225502	0.0082640331	-0.1007009773	0.096951582	-0.0896809021	0.1432613967	-0.0291545432	-0.0127323101	-0.098020331	0.1232546864	0.0436065034	-0.0334845281	0.0665794019	-0.0066623292	0.0649456234	-0.136877725	-0.0871935722	0.1123218508	0.0713446176	-0.0213142672	-0.0033553699	-0.0170822661	0.0945048767	-0.0452139042	-0.0521690075	0.1369939709	0.0145205832	-0.1993745502	-0.1270033075	-0.1569840946	0.054369169	0.0711960149	-0.055304825	-0.0485529897	-0.1573433787	-0.0392700556	0.0853786378	-0.1110492018	0.0417464179	0.0070035581	0.0689236694	-0.0148658987	0.1649572161	0.028301722	-0.1361470155	0.0296880099	0.1029152186	-0.0289967611	0.0230768255	0.0337273718	-0.0463441971	0.0549265639	-0.0433573102	0.0347938965	-0.0714846675	-0.0282078988	-0.0421718007	0.0451127468	0.1507244766	-0.0048347812	-0.0458846447	0.0088781549	0.1262076486	0.0229053326	-0.105719542	-0.0953827195	0.0565082918	0.0206924875	-0.1215068437	0.0244390049	0.1068277785	-0.1186944537	-0.0127718465	0.1019099918	0.0542622434	-0.0093776556	-0.0313028	3.2000000000018125e-06	1.0240000000011598e-11	0.00097986528784	0.0271437	-0.0096344	9.282166336000004e-05	0.00073678044969	0.0475955	-0.0152918999999999	0.00226533162025	0.0002338422056099	-0.000322345	0.0	1.0390629902499998e-07	0.0	-0.000357619	0.0	0.0	1.2789134916099998e-07	-3.92287e-05	6.90683e-05	1.53889090369e-09	4.770430064890001e-09	0.0	0.0	0.0	0.0	0.0	0.0
290.3854243268664	0.3358878099430171	0.1128206208683164	84323.69466149427	265.7824813524882	0.2391959155047516	70640.32739388575	0.0572146859941562	209.090891570532	0.2604604356985192	43719.00093775997	0.0678396385642624	208.5984928659944	329.24086640418824	1.110659	29.490599	0.090929115	0.0506629	0.0090896594	-0.0268233549	0.003099556	0.0738412561	0.134778962	0.0437912568	0.0554076491	0.1404259857	-0.010155617	0.0114279533	-0.0373520717	-0.066338262	-0.0608258182	0.0504626386	0.034009952	0.1256440084	-0.118453283	0.0423025887	-0.0180807222	-0.011819529	-0.0387823438	0.0225979937	-0.0802711501	0.0027792469	-0.1631220645	-0.0344177635	0.0996770639	0.0160942303	0.0138369518	-0.0584908352	0.0183741683	0.055287493	-0.0068097716	-0.0322044433	0.0842091079	-0.1162725901	-0.0311627549	-0.0187538822	-0.0957434076	0.147142508	-0.0117716429	0.194830466	0.0632801687	0.1682884609	-0.13337424	-0.1595875683	-0.0548660563	-0.0323615406	-0.1102687619	-0.1447144251	0.143759801	0.0407168991	-0.0136953916	-0.0046787047	0.1048732304	-0.172570847	-0.0824042158	0.1076394249	-0.0491972777	-0.0664626405	-0.1752157672	-0.0160423551	-0.0075804936	-0.056553513	-0.032471023	0.1965023741	-0.0489353566	0.0803986194	-0.0104745842	0.0253937855	-0.0786248246	0.0029393625	0.1532966162	0.0292259057	0.1040154241	-0.0386636625	0.034638709	-0.024958941	0.0238059587	0.0510333154	-0.0158604747	-0.027848769	-0.0885137008	-0.0893653267	0.0425594327	-0.0771775805	-0.1286211861	0.1712729033	-0.0392744239	0.2109748788	0.0874110896	0.1161528803	-0.13026473	-0.1081282369	0.01050883	-0.0759079298	-0.0843472233	0.1268557444	0.1494028652	0.0394475337	0.0372377445	0.0234451004	-0.1653162348	-0.167964687	-0.0735615652	0.0774624645	-0.0124368023	-0.0231943096	-0.1841629453	0.0553627302	-0.0605872457	0.0010640998	-0.0315348944	0.1659792753	-0.0604134889	-0.0616972778	-0.0200034474	0.0114236927	-0.0333991279	0.0463742549	-0.0008219195	-0.0114742478	-0.0307278456	-0.1106406582	-0.0094144236	-0.0286446207	-0.0483501103	0.1380667751	-0.0135552329	0.1005957209	0.056153105	-0.0211651332	-0.0722351188	-0.0436612491	-0.1033242646	0.033765892	0.0053904414	0.1429117802	-0.0358943559	-0.0266231277	-0.012430397	0.1004830656	0.0494296957	-0.0173718128	-0.0142408	0.017062	0.000291111844	0.00020280038464	0.0515531	0.0244093999999999	0.0005958188083599	0.00265772211961	0.0589802	0.0113847	0.00347866399204	0.00012961139409	-0.00101231	-0.000689965	1.0247715361e-06	4.760517012250001e-07	-0.000357619	0.0	0.0	1.2789134916099998e-07	-0.000110724	-7.14953e-05	1.2259804176000002e-08	5.11157792209e-09	0.0	0.0	0.0	0.0	0.0	0.0
290.0209018663796	-0.3645224604868531	0.1328766241993894	84112.12351938817	265.3601610466286	-0.4223203058596141	70416.01507069267	0.178354440741358	208.9796855557441	-0.1112060147878821	43672.50897497768	0.0123667777250026	208.4749719616225	330.5961158852779	1.075372	28.553629	0.0699689	0.0449164	0.0175745066	-0.0240507288	0.0232826655	0.1241267156	0.0103754062	-0.1132618038	-0.0570669186	0.050222693	-0.044098287	-0.0161522479	0.0824076583	0.1292442884	-0.0774557297	-0.1228074204	-0.0218237561	0.0361402941	0.0480921729	0.059359676	-0.0231645906	-0.0147214259	-0.0370445664	0.0255894972	-0.0835410284	0.0831606333	0.133153911	-0.1155647506	0.0105447047	-0.0345172323	-0.0271828818	0.1160144297	-0.0270689099	-0.0267010949	0.061957291	-0.0295230232	-0.0403575989	-0.1088242634	0.0744794405	0.0852876265	-0.0128947961	-0.0198974273	-0.1229838126	0.1704151569	0.0578007299	0.1575449726	-0.1030396745	-0.0130036284	0.1572172385	-0.2047988934	-0.0278169628	-0.0549943038	0.076944186	-0.2404008475	0.0129511007	-0.0419338317	-0.0284778992	0.0154972183	0.0519979055	0.0129026028	0.1585712437	-0.0277387356	-0.025871385	-0.1271836783	0.122885197	0.1214231322	-0.1460537434	-0.0182101536	-0.0556521197	-0.0826742644	0.1489364535	0.0262450891	-0.0823723156	0.0899398256	-0.0773522517	-0.1611786728	-0.021686958	-0.0320790985	-0.0313578893	0.0976912654	-0.0335130239	-0.0326164717	0.0477786188	-0.024656617	0.0389814039	-0.1061429409	0.0833611206	0.0998698655	-0.0155440846	-0.0336643173	0.0497026751	0.2006361565	0.0784841897	0.1004326637	-0.1100779384	0.0084549753	0.2230941643	-0.1669784929	-0.0293783028	0.0844409141	0.0641296436	-0.2066870068	-0.0839476776	-0.010987956	0.0479887322	0.0076494994	0.0475637883	0.0294216664	0.1311997174	-0.0219942048	-0.0266349436	-0.1200023067	0.1250317199	-0.1257487438	-0.1269153808	-0.0816757942	-0.0359666119	-0.1438865261	0.0832471579	0.0112897794	-0.0409083547	0.0565300692	-0.0058359122	0.003089454	-0.0457431242	0.0704004397	-0.0896673177	-0.1610586254	0.1058362558	-0.0498760941	-0.0919105731	0.1009371506	0.0629746582	-0.089098691	-0.0481743345	-0.0222371415	-0.1060381704	0.0618510837	0.0019598201	0.1804983523	0.0453074282	-0.1849936545	-0.0612281153	0.0990055431	0.0444976032	-0.0252872714	-0.030249	-0.0160082	0.00025626246724	0.000915002001	0.0573744	0.0058213	3.388753369000002e-05	0.00329182177536	0.0998538	0.0408736	0.00997078137444	0.00167065117696	-0.00101231	0.0	1.0247715361e-06	0.0	-0.000452351	-9.4732e-05	8.974151823999997e-09	2.0462142720100002e-07	-0.000161308	-5.0584e-05	2.6020270864000004e-08	2.558741056e-09	0.0	0.0	0.0	0.0	0.0	0.0
290.02200144867777	0.0010995822981954	1.209081230504679e-06	84112.76132429685	266.13153225404244	0.7713712074138357	70825.99245988444	0.5950135396270787	208.8631567201554	-0.1165288355887241	43623.81823510819	0.0135789695236639	208.3453896302172	329.1006811771286	1.273705	33.819847	0.13880721	0.0700824	0.0077415712	0.0092638416	0.014868074	0.0305116178	0.1520663871	0.0308169672	0.160455776	-0.0850932246	-0.0402545575	-0.0805209873	-0.0201721314	-0.1156836555	0.0254183358	0.0331132504	-0.0877266219	0.0426289604	-0.2367890537	0.0239341232	0.0442503481	0.0369931686	-0.0768139819	-0.008704376	-0.0857271964	0.0485839862	-0.0195937018	0.0136455964	0.0413325078	0.0003219058	-0.1565102403	0.006803961	-0.0417746392	-0.0286626198	-0.0289758111	-0.0024468211	0.0798106499	-0.1111569124	-0.2209490409	0.0005615105	-0.0386728212	0.1177446368	0.0969766775	-0.0718938417	-0.1298396932	0.0834918152	0.0304462894	-0.1333467739	0.0816581648	0.0844551107	0.041541531	-0.1120691446	0.103932568	-0.2034991098	0.0538247539	-0.1804393104	0.1391947214	-0.0991817988	0.0552258065	-0.017073719	-0.06399264	0.1075300376	-0.068571	-0.0272785427	-0.1734522307	-0.1520973153	0.0948563228	-0.1315973412	0.0103649849	-0.1648473302	-0.0600764573	-0.0081896332	-0.0839251267	0.0477860364	0.0244313936	0.0092488804	0.0509379116	-0.0106284684	-0.1554648212	0.0017658578	-0.0148750443	-0.0331645242	-0.0431586562	0.0183913345	-0.0698701001	-0.1189593731	-0.1767739212	-0.0306580126	-0.058660869	0.1607365034	-0.0737461458	-0.0797895064	-0.0500430364	0.1506489577	0.0376704205	-0.1315959681	0.056787258	0.0617509094	-0.1049009174	0.0335284278	0.1087339109	-0.2875762053	0.1034967231	-0.0331215206	-0.1510941644	-0.0168680846	0.0681034182	0.0150511185	-0.0639175852	0.1245606158	-0.0134573972	-0.0242041514	-0.1304119824	0.1945312394	0.0633307979	-0.13037752	-0.0535905878	0.1738601567	0.0395091903	0.0210002166	-0.0336336738	0.0143470715	-0.0295869959	-0.048600055	-0.01039901	0.0258221734	-0.018650917	0.0906577532	0.0756120627	0.2058688305	-0.0627732896	-0.0920845964	0.0513010418	0.0198381533	-0.0489162462	-0.0401389916	-0.1056262695	-0.0156081956	-0.0764679824	-0.0513609415	0.0268789224	0.080397717	0.0843723944	0.0974781683	0.0394758984	-0.0330881723	-0.0119148	0.0183342	0.00033614288964	0.00014196245904	0.00326539	-0.05410901	0.0029277849631801	1.06627718521e-05	0.0629577	-0.0368961	0.00396367198929	0.00136132219521	-0.0011146	-0.00010229	1.2423331600000002e-06	1.0463244100000022e-08	-0.000799628	-0.000347277	1.2060131472900005e-07	6.39404938384e-07	-2.1517e-05	0.000139791	4.6298128900000005e-10	1.9541523681e-08	0.0	0.0	0.0	0.0	0.0	0.0
290.5651693433719	0.5431678946941361	0.2950313618264601	84428.1176355424	265.7196724026292	-0.4118598514132259	70606.9443017606	0.1696285372061245	208.8877621302642	0.0246054101088191	43634.09716778984	0.0006054262066231	208.40044084080048	332.46314883708254	1.180701	31.350365	0.11958061	0.0648505	0.0518144311	-0.0481109096	0.0302370987	-0.0775516563	0.0853884623	-0.065266631	-0.1075130311	0.0573025237	-0.0235474557	0.1551015759	-0.0685437909	0.0420222474	-0.0404770225	0.0238209489	-0.0202902746	0.0428902192	0.1176508842	0.0204529442	-0.0684265167	0.0663268978	-0.0157052977	0.0180658181	-0.0775583465	0.1062614586	-0.0788749843	0.0044781838	0.0330559711	-0.1903505075	0.1181713884	-0.0280963271	-0.040560063	0.0048740179	0.0656556263	0.0993032071	0.0068930888	-0.1897887984	-0.1368074654	-0.0216123633	0.0203190007	-7.5039e-05	-0.0912203949	-0.002635546	-0.0898556844	0.0282686554	-0.0163089836	-0.062405134	0.026484013	0.044355809	0.0892708294	0.1327703715	-0.0547057228	0.0484331267	0.0369363328	0.0043378998	-0.0048673741	0.0656388399	0.0167862928	-0.101805249	0.0818082487	0.0080359696	0.2527674455	-0.0684953948	-0.1004148066	-0.0578776217	0.0734826419	0.1763324363	-0.0049646489	0.0272366677	0.0089621213	0.0179015381	-0.0752592746	0.1012098158	0.0870591262	0.0434010081	-0.0878724104	-0.1875757922	0.0997876041	-0.0208217743	-0.0674009597	0.018453529	0.0702273726	0.0918006308	0.0038641443	-0.1886497641	-0.1158722287	-0.0386383908	0.0069572327	0.0027093271	0.0487379742	0.0362672912	-0.0395002692	0.1086883932	-0.0119570262	-0.0616395465	-0.0101355382	0.042991176	0.0742087814	-0.1325711582	-0.0782102795	0.0225474271	0.0355784227	-0.0418767171	0.009254343	0.0830700724	0.0142095134	-0.0726081292	0.041802111	-0.0459677209	0.201733067	-0.1280351148	0.0309808582	0.1275153729	0.0763669416	0.1873844501	-0.0334951526	0.0075560874	-0.0082144149	0.0708039943	-0.0438504007	0.041704176	-0.0961112876	0.0149452733	-0.0598368404	-0.0129227088	-0.0649346798	-0.0393863968	-0.1025563746	-0.0294492526	-0.1089278498	-0.0163822697	0.100893755	0.0287773758	-0.0046717319	-0.0071783191	-0.1217938832	-0.0057282816	0.0688548377	-0.1268841205	-0.1205420194	-0.037278779	-0.054861362	0.0959017104	0.0343746944	-0.0407391756	-0.0238131	-0.0118983	0.00014156954289	0.00056706373161	0.0336769	0.03041151	0.0009248599404801	0.00113413359361	0.0142773	-0.0486804	0.00020384129529	0.00236978134416	-0.000726684	0.000387916	5.28069635856e-07	1.504788230560001e-07	-0.000799628	0.0	0.0	6.39404938384e-07	0.000162375	0.000183892	2.6365640625000006e-08	3.3816267664000005e-08	0.0	0.0	0.0	0.0	0.0	0.0
290.1828155780864	-0.3823537652855293	0.1461944018280216	84206.06645682569	265.87280937830604	0.1531369756768299	70688.35076671306	0.023450933319446	208.7451555881208	-0.1426065421433975	43574.539981508766	0.0203366258620966	208.2253220746786	330.3245155804342	1.149746	30.528446	0.20674518	0.11458	-0.0111450383	-0.0056186239	-0.0079935291	0.0860375487	-0.0447518143	-0.0905617313	0.0665895013	-0.0994814929	0.0341046782	-0.081233727	0.0536052977	0.0823054113	-0.0587352717	-0.0772242489	-0.054681103	-0.050628737	0.0759384193	0.0972417519	-0.0387662323	0.0331292546	0.0079878368	-0.0343239093	-0.0554088534	0.0666380256	0.0829204184	0.0204367326	-0.083849843	-0.051569991	-0.1243043437	0.0498348667	-0.0711586842	0.0957142339	-0.0483242852	-0.0405791666	0.2024056797	0.0540271351	-0.1671822733	-0.1809798721	-0.0818531984	0.1819152946	-0.0998849917	0.0709459832	0.0283628797	-0.0939830905	-0.1265614669	0.1879546559	-0.0312206221	-0.0905411661	-0.0843552751	0.2035569077	-0.1194373133	0.1094649377	0.0020199142	0.1282969257	0.0685540813	-0.094391618	0.0475279623	-0.1252084364	0.1020310224	0.0017545285	0.0364622622	-0.0273854157	0.0241904858	-0.1031513845	0.0692496843	-0.0816286701	0.0070890222	-0.1041170457	0.1083335641	-0.0328475094	-0.0566464953	0.0672302915	-0.0720411175	-0.0159085629	-0.0846176773	0.0050834524	-0.1566510218	0.0480141186	-0.061423341	0.1003735551	-0.0529498713	-0.0514066992	-0.1929074967	0.0494085954	-0.1764313437	-0.1998778853	-0.0866527218	0.1124440299	0.1391614726	0.0975094468	-0.0293925621	-0.0957148452	-0.1039558189	0.1907460059	-0.0160534076	-0.0769422182	0.2105448806	-0.0508783575	-0.1103631386	0.1531634304	-0.0547973601	0.0053387018	-0.0981500948	0.0005579295	0.0681613254	-0.0558006448	0.1362368668	0.0193269182	0.070759849	-0.0834856793	-0.0885559902	0.0105952533	0.0548947242	-0.1294624884	-0.0385510299	0.0347003178	0.155667129	-0.0095674674	-0.0486259769	0.029206361	-0.0036299118	-0.0285297395	-0.0871739594	0.1068624343	-0.0880534865	-0.0822264077	0.1874887847	0.0238654039	-0.0900624733	-0.0006614218	0.0526560474	-0.090573685	-0.0408268667	-0.0128011853	-0.0851005591	0.0564476698	0.060492999	0.0750873126	0.1230228188	-0.0912930719	-0.0819901133	0.094276963	0.0292042644	-0.0482056202	-0.0553309	-0.0315178	0.00099337171684	0.00306150849481	0.0519038	0.0182268999999999	0.0003322198836099	0.00269400445444	0.0842351999999999	0.0699578999999999	0.0070955689190399	0.0048941077724099	-0.00201481	-0.001288126	4.0594593361e-06	1.6592685918760002e-06	-0.000561667	0.000237961	5.662543752100004e-08	3.15469818889e-07	-5.23896e-05	-0.0002147646	2.7446701881599996e-09	4.612383341316e-08	0.0	0.0	0.0	0.0	0.0	0.0
290.1079997504583	-0.0748158276280719	0.0055974080636733	84162.65151921191	265.7223454228154	-0.1504639554906361	70608.36485700203	0.0226394019018881	208.952011031449	0.2068554433281804	43660.94291408678	0.042789174434498	208.45570176524728	329.8366626253142	1.104495	29.326923	0.0814906544999999	0.0544703	-0.0096838375	0.0099932724	-0.0324220222	-0.0038055807	0.0911439371	0.0429865637	0.1206098738	-0.0063132921	0.0441778132	0.0380987983	-0.0313993891	-0.0989553624	-0.0609687509	0.074007475	-0.0152898732	0.0597378802	0.0125857782	0.092198199	0.0520052305	-0.0189770605	0.0470974145	0.0019947461	-0.0685567999	-0.0409839046	-0.1195801817	-0.0643437707	0.0272054643	0.0581023632	-0.0915147498	-0.0706241433	0.0162305979	-0.0234078748	-0.0454679856	-0.1150315216	-0.0293100427	-0.102928056	-0.073768991	-0.0196152019	0.0740101522	-0.0398248519	0.0569874711	-0.0818215477	-0.0696483519	-0.02056101	0.0955231388	0.1504532249	-0.1315360823	-0.1176581773	-0.0435682559	-0.0409263663	-0.1184209783	0.057666232	-0.1204671595	0.0015946531	0.0699699718	0.1556477967	-0.0931538341	-0.0644151754	0.1263481162	-0.1309342911	-0.0596629956	-0.2098357622	0.1683813701	-0.1098464252	0.1262691769	0.0754284116	-0.0429595466	0.1141865917	-0.0407829727	0.0012795915	-0.0682292196	-0.0448752126	0.142726198	-0.0114073843	0.0648608159	0.0482779577	-0.0697222225	-0.0642785431	0.0304637847	-0.0279687846	-0.0605852147	-0.0969202676	0.0504392489	-0.1070668648	-0.0489077362	-0.0185998936	0.0663762499	-0.0057207283	-0.0576318864	-0.0722403042	-0.073517807	-0.0054709673	0.0973187576	0.1331718901	-0.0860477282	-0.1437960592	-0.0153434477	0.0799765891	-0.1174242305	0.0461934337	0.0376797945	0.123945856	-0.051611302	0.1374716717	-0.0817492163	-0.1507173413	0.1686976699	-0.0919304961	-0.1697043838	-0.1771045848	-0.0628045424	-0.1155657998	0.1700151777	0.0908533344	0.0040435652	-0.0632277623	-0.106949116	-0.019113236	-0.0502304773	-0.0031197237	0.0031759754	-0.0580813625	-0.095873604	-0.0013706927	-0.0555988275	0.0266069421	0.0387828192	0.2179979555	-0.0753933835	-0.0235929581	0.0906593233	0.0341886078	-0.0882771739	-0.0162118219	-0.1915008039	0.0472306327	0.0688120737	0.037187707	-0.0911046787	0.0606248678	-0.022999819	0.0926047444	0.0239750208	-0.0554536812	-0.0553524	-2.1500000000000685e-05	4.622500000000295e-10	0.00306388818576	0.0203814	-0.0315224	0.00099366170176	0.00041540146596	0.128485	0.0442498	0.0165083952249999	0.00195804480004	-0.00201101	3.799999999999984e-06	4.0441612201e-06	1.4439999999999878e-11	-0.000508299	5.336799999999993e-05	2.8481434239999923e-09	2.58367873401e-07	4.38149e-06	5.677109e-05	1.91974546201e-11	3.2229566597880993e-09	0.0	0.0	0.0	0.0	0.0	0.0
289.8045947266433	-0.303405023815003	0.0920546084761825	83986.70312467396	265.180124201598	-0.5422212212174031	70320.49827157495	0.294003852738492	208.6128746121064	-0.3391364193425943	43519.331453926425	0.1150135109245159	208.1223626466424	328.03871307150075	1.247125	33.114082	0.1342007595	0.0791300999999999	-0.08988363	-0.01394015	-0.0246162372	-0.1148449607	0.1174608547	-0.0624260756	-0.1422660842	0.1113726657	0.1103545674	0.13214809	-0.0406979874	0.1157583234	0.0185667398	0.093055	0.1033381301	0.0327126791	-0.0567775205	-0.0833042169	0.0073593214	0.0289897248	-0.0688415521	-0.108351051	-0.0498522168	-0.0289652347	-0.098444561	0.072493815	-0.0272413851	-0.0017276913	0.145005896	-0.0058912562	0.0738492796	-0.1363613355	0.142367031	0.052780638	0.0746167131	-0.0081632877	0.0100762488	-0.2719287734	-0.0702113432	0.0718609283	-0.0190638999	-0.0154582891	-0.0424326239	0.0042960559	-0.0613170587	-0.0200287129	0.1878457541	-0.0263704183	-0.059412349	0.0094391209	0.0019835607	0.1125706093	0.0150944627	-0.1482103564	-0.1889927992	0.0519256048	-0.0345054008	0.1858548283	0.1863112637	0.03801599	0.1956356586	0.1140473276	-0.0620989223	0.0928632917	-0.078247067	0.0588496341	-0.1829622953	-0.0122697563	0.02877965	-0.1077379616	-0.0490041303	-0.0307463299	0.0522698983	0.1117655157	-0.0393074095	-0.0021827686	0.1416145736	0.0133112959	0.0331679071	-0.1190398832	0.1652028996	0.0518473367	-0.0713063944	0.0106739888	-0.0232978705	-0.2750093496	-0.0484664976	-0.0060389801	0.0917762542	-0.0267840066	-0.0284537196	0.0200159941	-0.0732439693	-0.0163637135	0.1729878168	0.040579224	0.0238124706	0.1018319206	0.020570417	0.0336249734	0.1548107922	-0.0169291202	0.2528948683	0.0103705588	-0.1190899216	0.1562941111	0.1273482632	0.0264924887	0.2048480779	0.038711232	0.082944846	0.0426202455	-0.0919655217	0.0487544823	-0.1790960752	-0.0698436957	-0.0721773584	-0.0800451214	-0.0466424681	0.0376927312	0.0110845712	0.006269979	-0.1057967989	-0.1577075094	-0.0143281895	-0.0134756785	-0.0704711187	-0.0389553626	-0.1400185518	0.0923155818	0.0734105729	0.101916034	-0.1047557358	-0.0447813328	-0.0387764992	0.0936299641	0.0635482673	-0.0305306176	0.0045362281	-0.0076502384	-0.0902462963	0.0908858965	0.0186974948	-0.0624505233	-0.0387869	0.0165655	0.00027441579025	0.00150442361161	0.0894752999999999	0.0690938999999999	0.0047739670172099	0.0080058293100899	0.159424	0.030939	0.025416011776	0.000957221721	-0.00201101	0.0	4.0441612201e-06	0.0	-0.000210697	0.000297602	8.8566950404e-08	4.439322580900001e-08	-5.00637e-05	-5.444519e-05	2.50637405769e-09	2.9642787141361e-09	0.0	0.0	0.0	0.0	0.0	0.0
289.9199083688112	0.115313642167905	0.0132972360700276	84053.55326857988	265.9834824879964	0.8033582863984066	70747.2129564423	0.6453845363249843	208.6404791836601	0.0276045715536952	43530.8495539873	0.000762012370663	208.1685867140341	329.002864783471	1.235357	32.80162	0.168366735	0.102972	-0.1651618138	-0.0002121848	-0.0377190083	0.1101089876	-0.1123111725	-0.0805574088	-0.0123225136	0.01533618	0.1273676189	-0.0934402975	0.0926612033	0.0798653847	-0.044108148	0.0147024525	0.011568095	-0.04484674	0.0947743445	-0.0071351674	0.0818674688	0.0866891658	0.0633442531	-0.1442751039	-0.1063001245	-0.0640378926	0.123181646	-0.0225134643	0.0099065074	0.0706153732	0.020280747	0.0781484184	0.117477684	-0.1000058855	0.0251812474	0.010096879	0.0058409756	0.0346777907	0.1114987241	-0.137177379	0.0980103856	-0.0040989324	0.0870533972	0.0567930689	0.0043092415	-0.0747537136	-0.0452967707	0.1039122527	0.2785509809	-0.051704476	-0.0326266483	-0.0122080124	-0.0403651379	0.1916007062	-0.2196297926	0.1172681467	0.0020172912	-0.048636293	-0.2230729486	-0.0065071094	-0.1713909957	0.1097716265	0.0332360583	-0.1970013316	0.0824338639	0.0494456184	-0.0747780163	0.111369928	0.1377787198	0.0413893088	-0.0584218995	-0.1447517656	-0.1089987521	-0.0559732635	-0.1156434523	-0.0733482243	0.0382351721	0.0441974305	0.0327686896	0.0601460472	0.1094851866	-0.1010860151	0.04580638	-0.0065350275	0.0026886237	0.041235344	0.0891434771	-0.1308688786	0.1169291633	-0.0128123765	0.0023994028	-0.0108364127	-0.0583174141	-0.083228168	-0.0259049284	0.0971568899	0.2720878832	0.0861673103	0.0678294875	0.0237251268	-0.0758238325	0.2274259128	-0.0370555891	0.2178873591	0.0115309406	-0.0893022022	-0.1544773279	-0.1000884667	-0.1879670386	0.1097198566	-0.0901087023	-0.1839687832	0.0964595664	-0.0800485258	-0.0408303601	0.1351414842	0.1149516014	0.0315684157	0.031884151	-0.1707453364	-0.0311487024	0.0505838648	0.0747648949	0.0158679274	-0.0354534882	-0.0141209305	-0.0071762239	-0.0672839097	0.168250211	-0.011105238	-0.0439070877	0.1483022334	-0.0998267358	0.0014299292	-0.1089083971	0.0095566952	0.0222539983	0.0263913542	0.0168528992	0.0949727167	-0.0164989994	-0.0488775591	-0.1419333359	0.0891212848	0.0133823145	-0.0691644489	-0.0130531	0.0257338	0.00066222846244	0.0001703834196099	0.106653	0.0171777000000001	0.00029507337729	0.011374862409	0.253691	0.0942669999999999	0.064359123481	0.0088862672889999	-0.00201101	0.0	4.0441612201e-06	0.0	0.000184701	0.000395398	1.5633957840400005e-07	3.4114459401e-08	0.000178303	0.0002283667	3.1791959809e-08	5.215134966889e-08	0.0	0.0	0.0	0.0	0.0	0.0
289.803698256354	-0.1162101124572245	0.0135047902373207	83986.18352305987	266.04530374385695	0.0618212558605364	70780.1036441611	0.0038218676761739	208.5379443847292	-0.1025347989308897	43488.07424820841	0.0105133849917979	208.051858603712	324.51383648081867	1.120393	29.749058	0.1791511999999999	0.106403	-0.1896673721	0.0090185297	-0.0200152733	0.0481011168	0.0302088312	0.1554773826	-0.0309338134	-0.0841304508	0.177923355	-0.0188969202	0.0371747606	-0.1550225706	-0.1198742898	-0.0273561229	0.0112419883	0.083977393	-0.136755	0.0473769483	0.1441445293	0.0533197884	0.0562080806	-0.1863346573	-0.0624998399	-0.060041578	-0.0320632575	-0.2273199761	0.0731118379	0.051388535	-0.1107738995	-0.0546125922	0.0656630381	0.0322088839	0.0882280931	-0.1260680144	0.0094290743	0.0647414196	0.19714705	0.1576301031	-0.1199796973	0.0713397441	-0.0372708987	-0.0586516129	-0.0405840343	0.0267760299	-0.0396756894	-0.1111462061	0.0429060731	-0.1689764681	-0.1061590867	0.1525026982	0.0041725706	0.0066874252	0.0558050805	0.0409700287	-0.0059859217	-0.0437077365	0.1474973938	-0.1375644647	0.0554842515	-0.1235692412	0.0288611288	-0.0643748448	-0.1455867107	-0.0601638785	-0.0400407078	-0.0246332268	-0.041093496	0.0719148801	0.0699763885	-0.1861306962	-0.0596563602	-0.0652164452	0.1258585119	-0.1986172055	0.0929086965	0.0174672809	-0.0955024475	-0.0371093426	0.0623780813	0.0179287358	0.0885866899	-0.1371688437	-0.0328262648	0.0968677734	0.1804087467	0.1498513517	-0.143722524	0.0089484031	0.0754483764	-0.0553211004	-0.0275951373	0.0452946341	-0.0668706437	-0.1217156836	0.0647435578	-0.1406964087	0.168377266	0.0286658513	-0.0070237305	0.0365945274	-0.0186156741	-0.0637746911	-0.0238485695	-0.0039968527	0.135922421	-0.0411665592	0.0936382603	-0.1573496096	0.0517850084	-0.0731684943	-0.006537059	0.1751275158	-0.0432113221	-0.0674204478	-0.0070196528	-0.080643819	0.0211539349	-0.2123785705	-0.0394766953	0.0442649876	0.0411574957	-0.0597650971	-0.0178340862	0.0506526583	-0.0024318409	-0.0826223742	-0.0849819102	0.1609108667	-0.0978414861	0.0782343265	-0.1151122574	-0.0771936689	-0.1233484737	0.0021521776	-0.0128461339	0.173311951	0.0975667941	0.1598583136	0.1212960097	0.1191830855	-0.052954634	0.0873117978	0.008040184	-0.0755650422	-0.00242375	0.01062935	0.0001129830814224	5.874564062500001e-06	0.0862346999999999	-0.0204183	0.00041690697489	0.0074364234840899	0.325173	0.0714819999999999	0.105737479929	0.0051096763239999	-0.00320383	-0.0011928199999999	1.02645266689e-05	1.4228195523999996e-06	0.000184701	0.0	0.0	3.4114459401e-08	-0.000161308	-0.0003396109999999	2.6020270864000004e-08	1.1533563132099999e-07	0.0	0.0	0.0	0.0	0.0	0.0
289.7148188755938	-0.0888793807602041	0.0078995443243173	83934.6762761181	264.58858373253435	-1.4567200113226022	70007.11864158834	2.122033191387722	208.37207995682988	-0.1658644278993222	43418.923705535504	0.0275110084423694	207.90130724950995	325.9615600449367	1.181188	31.363289	0.1145352899999999	0.056697	-0.2568452644	0.0068972041	-0.0409319852	-0.088482448	0.0004749574	-0.1320636039	-0.0851210492	-0.1137093036	0.2745010087	0.0581442758	0.0315399659	0.0732243476	-0.0511597739	-0.0361010283	-0.0978014219	-0.2286061588	-0.0725002627	0.0598476546	0.0500564421	-0.0285542684	-0.1253085536	-0.2446446119	-0.0264572428	-0.0526814443	0.1300846442	-0.0415036282	-0.0508303583	-0.1407355228	0.0255596535	-0.0688756784	0.1817840572	0.007681132	-0.0544187688	0.0071131515	-0.0257308105	-0.0893062879	-0.0806505962	0.0009666887	-0.2480829225	-0.0611453998	-0.0521515584	-0.0099059229	-0.0548300133	0.03756062	0.1040783789	0.0899837006	-0.0198908498	0.179307978	-0.1399075835	0.0298104182	0.1933208891	-0.0982273871	-0.1333205022	-0.0927946151	-0.0581693135	0.0797989299	0.1365844297	0.1136220224	-0.0452208804	-0.0014161005	-0.1438013807	0.0241933275	0.0005933761	-0.1935092397	-0.0756840131	0.0363935494	0.142678077	0.0546049554	0.0915176871	-0.2471149383	-0.0265999557	-0.0487515868	-0.0886066791	-0.0829927994	-0.1327418932	-0.0949705348	0.0203166175	-0.0847273	0.1679509473	0.0159160628	-0.008481466	0.0092954037	0.0181805923	-0.0964524793	-0.0805446816	-0.0092846893	-0.2422333832	-0.1111099221	-0.0113701558	0.0036167326	0.0144842382	0.0565450702	0.1184950262	0.0665317623	-0.0721339983	0.1156151047	0.0703819203	0.0656257436	0.2534724175	-0.0998763783	0.0224274264	0.1385630297	0.0912192163	0.0982323953	0.0994366067	0.1272371443	-0.0122254418	0.0044282505	-0.1193747383	0.0235803929	-0.212615736	0.0310424602	-0.0441560248	0.0425334304	0.1759530733	-0.0779886206	0.1023401327	-0.263266028	-0.0207029544	0.0114170608	-0.0169094856	-0.0444628297	-0.080724222	0.0988605726	-0.0481639066	0.0234137404	-0.0348334089	-0.0817992125	-0.169203241	0.0016532336	-0.2096306866	0.06861732	-0.0930401272	-0.0326103868	-0.0951797752	0.1251264581	0.047379784	0.0800938773	-0.0377153344	0.0356035648	0.0338127004	0.0854583468	0.0026818616	-0.081623307	0.000374605	0.002798355	7.830790706025001e-06	1.40328906025e-07	0.0730224	-0.0132122999999998	0.0001745648712899	0.00533227090176	0.351	0.0258269999999999	0.1232009999999999	0.0006670339289999	-0.00381374	-0.00060991	1.45446127876e-05	3.719902081e-07	-8.14517e-05	-0.0002661527	7.083725971729e-08	6.63437943289e-09	0.000416582	0.00057789	1.73540562724e-07	3.339568521e-07	0.0	0.0	0.0	0.0	0.0	0.0
290.57325029580306	0.8584314202092855	0.736904503202531	84432.81378746741	265.8855191937199	1.2969354611855692	70695.10931691401	1.6820415904806252	208.6889072513688	0.3168272945389105	43551.06000977041	0.1003795345648456	208.19629611087595	327.4628190550639	1.181715	31.377296	0.17044526	0.0869998	-0.220046508	-0.008311536	-0.0660252774	-0.0348273995	-0.1055536342	-0.050612591	0.1399727298	0.0400366685	0.224959607	-0.1465520146	0.022230949	0.0562738137	0.0743935153	0.1138188044	0.0953000297	0.0116794093	-0.0865922993	0.0272610622	0.0029119468	0.0506809933	-0.0142887993	-0.2139780591	0.0060670047	-0.1469563967	0.1303368487	0.1059201694	0.1207142806	-0.0144326794	-0.0510438877	0.0085695664	0.0542078842	-0.0550817037	0.1296623477	-0.0125875991	0.0048918909	0.0494449213	0.0815582008	0.0011247882	-0.1394947433	0.2149359084	-0.0076737206	-0.1230377186	-0.0488064842	-0.1485464321	0.0346844369	-0.1118813761	0.0222545543	0.2656616261	0.1308853306	-0.0285782119	0.0514933401	0.0227801207	0.1136379138	0.0344813452	0.1410767092	-0.0388586041	-0.0375601571	-0.0784404638	0.1743967126	-0.0280067193	-0.1424518287	0.0458459141	0.0452735419	-0.0243854654	-0.0258223897	0.0862538658	-0.1169619522	0.23195225	0.0109587123	-0.2134727337	0.000512724	-0.131542096	-0.1789805301	0.0334170661	0.1106241893	-0.072515179	-0.052977981	-0.0164235838	0.0312118937	-0.06035613	0.135326598	-0.0276567795	-0.0215742293	0.0604170714	0.0939252092	-0.033126208	-0.1620005398	0.1354545668	0.11869924	-0.1267252845	-0.0428143644	-0.0584620789	0.0092198819	-0.1137794116	-0.0749982934	0.2788796184	-0.069713304	-0.1209263131	0.0157200786	-0.0241048099	0.0454561847	-0.0829037767	-0.2078785321	-0.0136745348	0.0034958073	-0.078791636	0.1931454485	0.0286181522	-0.0671857703	0.0757523731	-0.0355636806	-0.0445827719	-0.0077393578	0.0983243033	-0.001062711	-0.2429950437	-0.1473401241	-0.2242039484	0.0009822646	-0.0213336209	-0.0192698652	0.0049115271	-0.0217128978	-0.0541511645	-0.0106345111	0.0339508421	0.1325721887	-0.0144067673	0.058708546	0.0555976678	-0.1571906548	0.0748000358	-0.0847626851	0.0312677119	-0.0270740675	0.1438951476	0.17962404	0.016889908	0.0197792413	0.0531632008	-0.1286751596	0.0835618648	-0.0026818616	-0.0873117978	0.0208589	0.020484295	0.000419606341647	0.00043509370921	0.0394815	-0.0335409	0.00112499197281	0.00155878884225	0.299042	-0.051958	0.0894261177639999	0.002699633764	-0.00303568	0.00077806	9.2153530624e-06	6.053773636000002e-07	-0.000182387	-0.0001009353	1.018793478609e-08	3.3265017769e-08	0.000826828	0.000410246	6.836445415840001e-07	1.6830178051600005e-07	0.0	0.0	0.0	0.0	0.0	0.0
290.2981506820573	-0.2750996137457377	0.0756797974830541	84273.01628942246	265.92408851870783	0.0385693249879182	70715.62085450556	0.0014875928300236	208.8587049670214	0.1697977156526064	43621.95864050129	0.0288312642408434	208.3723593960408	327.94109046482424	1.238861	32.894669	0.2372081	0.129294	-0.1818281716	-0.0091416095	-0.0424962489	0.1374676516	-0.1015395263	0.1864604565	0.014266935	-0.0881389153	0.1653460898	-0.1179345431	0.0651125549	-0.1138190235	-0.1274129863	-0.1083376482	0.0183054375	-0.0297296987	-0.1053755489	-0.0469202383	0.0643198313	-0.0008208178	-0.0238449984	-0.1096281744	0.0345214979	-0.1346242147	0.1285629564	-0.2179255884	0.0505027627	-0.0080509372	-0.0873983139	-0.0211195146	0.005260939	-0.0738397937	-0.0308705642	-0.0755434699	0.0486376889	-0.1661814022	0.1473835958	0.208131042	-0.0390484105	-0.0792659392	0.0366225103	0.0177287601	-0.0709755348	-0.0355248668	-0.1424992598	0.0066466824	-0.0413473129	0.0935025441	0.1052707816	-0.1612108053	-0.019657134	0.0796243386	0.1751630891	0.0213825423	0.092992142	-0.1295136233	-0.1799858318	-0.0596909129	0.046535838	0.1229565265	0.192585357	0.0344750191	-0.0344026358	0.0918845572	0.1645426004	0.0082640042	0.1001878757	0.0080357957	-0.0684192542	-0.1089859881	0.0361094246	-0.1299333342	-0.0195011315	-0.2550812643	0.0395075319	-0.0209914124	-0.0717432448	-0.0426474345	0.0131660548	-0.0920040095	-0.0345104854	-0.0500995843	-0.0562215822	-0.1607675492	0.1508722932	0.1891575061	-0.0536892998	-0.0655984165	-0.0710488923	-0.0004857877	-0.0756068279	0.0303245518	-0.1315404403	0.0355674343	-0.0431961241	0.1051082968	-0.1636515119	-0.0273635242	-0.0511705821	0.0659224131	0.0125022808	-0.1490725416	-0.1511919238	-0.130119768	-0.1401643253	-0.0704159197	-0.0232825361	0.1335966869	0.2368295744	-0.0047774015	0.0887166291	-0.0071172499	0.1702703725	0.0522361888	0.0456457224	0.0813257243	-0.0321811586	-0.1914938908	0.0152858546	0.0303326086	0.074378453	-0.0106536997	0.1551709607	0.1038930572	0.0538994626	-0.0493395511	0.0468489336	0.052421342	0.0342232318	0.0392055293	-0.1775967211	-0.1488324484	0.0133469055	0.0663279467	0.0668316977	-0.0654927727	-0.1505616487	-0.0732763699	0.0103006089	-0.0076313034	-0.024338864	0.081623307	-0.008040184	-0.0926047444	0.0300703	0.0092114	8.484988996000002e-05	0.00090422294209	0.121226	0.0817445	0.00668216328025	0.014695743076	0.257384	-0.0416579999999999	0.066246523456	0.0017353889639999	-0.00140007	0.0016356099999999	1.9601960049e-06	2.6752200720999992e-06	-0.000148875	3.3512e-05	1.123054144e-09	2.2163765625e-08	0.00124959	0.000422762	1.5614751681000002e-06	1.7872770864400006e-07	0.0	0.0	0.0	0.0	0.0	0.0
290.5358526186277	0.2377019365703745	0.0565022106493063	84411.08165683296	266.62847162882485	0.7043831101170213	71090.74188312306	0.4961555658181277	208.95608405083647	0.0973790838150705	43662.64506186023	0.0094826859646625	208.4699807792847	329.93550353159395	1.304654	34.641624	0.21053411	0.132334	-0.0905745291	-0.0297685802	0.0034146711	-0.0626699991	0.0506613144	0.1493263052	0.0740029551	0.015095606	0.0851607059	0.0204991859	-0.0926195863	-0.1100105781	0.0003797442	0.097029282	-0.0645946125	0.0349341337	-0.0309598672	-0.0492460358	0.1154624525	-0.049276299	0.0035831703	-0.0163256314	0.0202677619	-0.1420332351	-0.07442867	-0.0301534739	0.0511344401	0.0340166962	0.0004603433	-0.0432669622	-0.0887925671	-0.1615202071	-0.0655711197	-0.0985675812	-0.0436170864	-0.0113557948	0.029803328	0.0664104534	0.1162435632	-0.0231964689	0.1305661804	0.0462093362	-0.073527248	-0.0138053342	0.1533675878	0.0729991632	-0.0349160834	-0.0096356151	-0.1158630571	0.0204095234	0.0037515996	0.055418987	0.3053223107	-0.0634031126	-0.2480074068	0.1843803344	-0.0521480519	0.0920179043	-0.0593915575	-0.0812831054	-0.0191537181	-0.1127852527	0.1063344937	-0.0196115931	0.1037963435	-0.1327770063	-0.0547194653	-0.1216013951	-0.0114544546	-0.0181481244	0.0198689054	-0.1471649569	0.0877515218	0.0021883641	0.0637338069	0.0075140444	0.0131470115	-0.0630105793	-0.0679555424	-0.1780431768	-0.0910487399	-0.0628380508	0.0466524414	-0.0133020387	0.0329869373	0.0711365073	0.1063768611	0.0274820717	-0.0882643172	-0.0104273596	-0.1111847663	-0.0130375973	0.1667755785	0.0478784075	-0.0218438324	-0.011428138	0.0130074706	0.0986463997	0.0663791713	0.0757781605	0.0084372793	-0.3279496943	0.2863164884	0.0769516214	-0.0779634121	-0.0079078097	-0.0190202569	-0.0500163853	-0.1145725631	-0.0788514764	-0.0500292089	-0.0623692111	0.1109039709	-0.1446271288	-0.0769300381	0.0567879227	-0.0315725159	-0.0999189045	-0.0114153535	-0.0142252056	-0.0191572915	-0.0294289376	0.0864107369	-0.0712724753	0.0858353219	0.1515142081	-0.0224347514	0.133713589	-0.0246231938	0.0084830131	0.0031246341	0.0488822163	-0.0339964908	0.051326519	0.0479163912	0.0713802333	-0.1247270764	-0.0735466109	0.0383531135	0.0343895745	0.0193580374	0.0796436494	-0.0133823145	-0.0974781683	0.0169743	-0.013096	0.000171505216	0.00028812686049	0.00481869	-0.11640731	0.0135506618214361	2.32197733161e-05	0.196965	-0.060419	0.038795211225	0.003650455561	-0.00145836	-5.8289999999999904e-05	2.1268138896e-06	3.397724099999989e-09	0.000184701	0.000333576	1.1127294777600004e-07	3.4114459401e-08	0.00122922	-2.0370000000000024e-05	1.5109818084000002e-06	4.1493690000000094e-10	0.0	0.0	0.0	0.0	0.0	0.0
289.87663144330213	-0.6592211753255697	0.4345725579976254	84028.46145691602	265.060938776864	-1.5675328519608345	70257.30126527246	2.4571592419764667	208.79959445877844	-0.1564895920580227	43597.27064615034	0.0244889924224863	208.31260991404983	327.14390255867187	1.28997	34.251717	0.20179268	0.137034	-0.1200993022	-0.0069257759	0.0459828216	0.0257843705	-0.0199475064	0.0785827181	-0.242939055	0.1675830752	0.0634383809	0.0763037072	0.0126452959	0.1123172663	0.0082516667	-0.0114880328	0.0829920723	0.0375590163	-0.1457944288	-0.2375587543	0.084226846	0.0166183968	-0.0169968833	-0.0774093098	0.0055223537	-0.0636246944	0.0444605767	-0.0600169206	0.0457188466	0.0798268938	0.1883198111	0.0358544374	0.0788689687	-0.1326351154	0.1732402774	0.0982513689	0.1112493429	0.0261356295	-0.0251367722	0.1266155595	0.0212355742	0.0263120124	0.041897359	0.0434656166	0.0772984574	-0.0766272122	0.0101907463	0.0301973477	-0.0911307898	0.0418664587	0.1494854759	0.1379325018	0.1037407659	-0.0128642629	-0.0005425715	0.0835958435	0.2307879418	0.04546173	-0.0736959177	0.0807166359	-0.1470862224	-0.1662585134	0.0958125266	-0.0150130545	0.2092260791	-0.0740856444	-0.0059701044	0.0321935956	-0.125080478	-0.0186893514	0.093255032	-0.0777332542	0.0059524167	-0.0604961749	-0.0255852045	-0.0682095439	0.044407394	0.0247748654	0.1991540683	0.0339137883	0.0374625355	-0.1352754891	0.2002410319	0.0835627649	-0.1068234995	0.0119835239	-0.0268777891	0.1056159363	0.0043731305	0.0700929634	-0.0302067612	0.028157396	0.0085393839	-0.1249131117	0.0205184347	0.0155908134	-0.076650087	-0.0010569112	0.0174981119	-0.2203542988	0.0628605294	0.0120595087	-0.0600449331	-0.000567197	-0.1696008058	0.1032945661	-0.1807758561	0.0579331578	-0.1650263862	-0.1898903696	0.0182626632	-0.0935915876	-0.1035092789	-0.1642200076	-0.0175540189	-0.004505211	-0.1175073667	-0.162321656	0.0549137297	-0.1125960388	-0.0194851802	0.0485322729	0.0428601142	0.0539229683	0.0992929252	-0.1627249135	0.0802803728	-0.0951248022	-0.0938950423	-0.1375766072	-0.0428823278	0.1703360788	0.0280027435	0.040457097	0.0496062351	0.0461832298	0.1310996188	-0.0188871073	-0.121723257	-0.0625921803	-0.0099649968	-0.1274611011	-0.055056628	0.0776238888	-0.0186974948	-0.1019099918	0.0229763	0.006002	3.6024004000000004e-05	0.00052791036169	0.138731	0.13391231	0.0179325067695361	0.0192462903609999	0.183132	-0.013833	0.033537329424	0.000191351889	-0.000982294	0.0004760659999999	9.649015024360005e-07	2.2663883635599986e-07	3.26146e-05	-0.0001520864	2.3130273064960006e-08	1.06371213316e-09	0.000896465	-0.000332755	8.036494962250001e-07	1.1072589002500001e-07	0.0	0.0	0.0	0.0	0.0	0.0
289.6428314211823	-0.2338000221198513	0.0546624503432429	83892.96979367941	266.2155627356635	1.1546239587995046	70870.725842666	1.33315648623384	208.5696196500873	-0.2299748086911393	43501.28624098208	0.0528884126325261	208.07138376852944	326.81972661560707	1.373778	36.477013	0.0900436849999999	0.0683941	-0.049118035	0.0282849973	0.0871784038	0.0969561444	-0.0620231021	-0.0473690301	0.0524893343	-0.226764845	-0.0123841664	-0.1716661941	0.078756004	0.0022360557	0.0219982939	-0.0315744203	-0.2072379273	-0.1394090427	-0.0466377405	-0.0443210139	0.046187882	0.1053172855	0.0055694925	-0.0543123237	0.0228550515	0.0107005474	0.0897236407	-0.0050501575	-0.1236856204	0.0693471568	-0.1701202348	0.1402339768	0.0521106189	-0.1456174216	-0.1161448965	-0.0562244005	0.0427841628	-0.0264795794	-0.0514376393	-0.000396476	-0.1903653852	-0.0498087846	0.0039044786	0.0350841998	0.0431638829	0.2389802886	0.0499621458	0.0364161014	0.0122374931	-0.0008068778	-0.0435315727	0.0227827308	-0.0194832952	-0.0368140126	-0.1837564781	0.2183801399	-0.2128711248	0.1181495925	0.0558455624	-0.0508601068	-0.0109828171	0.0037826537	0.0861795022	0.0647448367	0.0152112509	-0.0878120132	-0.0245082944	-0.0216955868	-0.0402694111	0.0298875611	-0.1139800674	-0.0537820496	0.0222354155	0.0133436722	-0.0926955382	-0.0361568987	-0.0548847069	0.1222547618	-0.1666812823	0.1210476305	0.0863763849	-0.1630210265	-0.1036765657	-0.033510687	-0.0450425867	-0.0337246651	-0.0505526551	-0.0298264449	-0.1722652891	-0.0661735544	-0.0664517949	0.0472122643	0.1546182062	0.1554784772	0.0912971574	0.046955253	0.019895839	-0.0164001441	0.0588061381	0.0262937491	-0.0090260509	0.0679714439	-0.2480311426	0.1533788575	0.1964129665	0.0262549404	0.043708641	-0.0415716242	0.0031467337	-0.0830344296	0.0780114839	0.0121219886	-0.0747408683	0.0211293652	-0.0530031214	0.0434397792	-0.0276208716	0.098121431	-0.1193545711	-0.0551810623	-0.0234118791	0.0239522896	0.0036516929	-0.0208093204	0.0988330678	0.1305038223	0.0231582499	0.0920338377	0.1874350589	0.0016877003	-0.0987745549	-0.0539137811	-0.026308013	-0.0692415389	0.0251462537	-0.0032614088	0.1332146269	-0.0258348334	-0.1713856915	-0.0479120942	0.0262045489	-0.0494983497	0.0418351083	0.0755650422	-0.0239750208	-0.1058801375	0.018397	-0.0045793	2.0969988490000013e-05	0.000338449609	0.071787	-0.0669439999999999	0.0044814991359999	0.005153373369	0.176978	-0.0061539999999999	0.031321212484	3.787171599999992e-05	-0.000930818	5.147600000000006e-05	8.664221491240001e-07	2.6497785760000062e-09	4.95903e-05	1.69757e-05	2.8817439049000004e-10	2.45919785409e-09	0.000717589	-0.000178876	5.14933972921e-07	3.1996623376000004e-08	0.0	0.0	0.0	0.0	0.0	0.0
289.9661238860342	0.3232924648519315	0.1045180178300373	84080.35300149093	264.5893431946083	-1.6262195410552067	70007.52053215422	2.644589995709808	208.62700445312683	0.0573848030395254	43525.226987085	0.0032930156198851	208.1677921570163	326.01806600919537	1.251552	33.231625	0.053706465	0.0236798	-0.0608175965	0.0001195451	0.0432218939	0.0326784132	0.0946152169	0.0579944575	0.0507229242	0.1504404945	0.0449547548	0.0991622415	-0.0107004161	-0.0866104498	-0.0811695012	0.1489725945	0.0501220883	0.1673899138	0.0853940479	0.041316239	0.0264672268	-0.0814272885	-0.0086917281	-0.0604521815	-0.0496076756	-0.0482740529	-0.2191497984	-0.0179175263	0.1008049312	0.0793298174	-0.0283359621	-0.0320822594	0.0222411652	-0.1052573235	-0.0148702156	0.0689286864	-0.1429950706	-0.0576074732	0.0736628394	0.116115818	-0.0562062133	-0.0100440439	0.062278724	0.0070125315	0.129647226	-0.1759674304	0.0710539052	0.0474529472	-0.0670967466	0.0304465932	0.0021323417	0.1095217967	-0.0147208713	-0.0401680974	0.0657796107	-0.0911266954	-0.0427195623	0.0249625644	0.2275177264	-0.1796631509	-0.1098861154	-0.0407543813	0.1085943703	0.0377474057	0.1105886279	0.1556779643	0.0578784671	-0.0500414235	0.1630832639	0.0472393683	-0.0429585118	-0.0610624888	-0.0498782784	-0.0547857352	0.2014268584	0.0713074436	0.1418069684	0.0205277715	0.0038221505	-0.0153419828	0.038432301	-0.0996852474	-0.0157293514	0.0786988926	0.1309662646	-0.0375467691	0.1086398963	0.1014840433	-0.0710625038	0.0149446183	-0.0495461097	-0.0139461978	0.0034615412	-0.2109511876	0.0472006908	0.0081744202	-0.0721554512	0.0051952368	0.0804795094	-0.074394465	0.0101797002	-0.0450539725	0.0477304687	-0.0797773284	0.0524875936	0.0760788333	0.2796664135	-0.0784103785	-0.1060388197	-0.1005869763	0.0975641174	0.0221339883	0.1094037502	-0.1568962315	0.0716771572	-0.0352017678	0.1613125269	0.0572093419	-0.010960572	-0.0573495268	-0.0234076239	0.0242729784	0.0138514974	0.0084209677	0.0853293754	-0.174234576	0.0864698765	0.0958813195	-0.0646127453	0.0855513826	0.0304033731	0.0442555493	0.0249896774	0.0392149714	-0.0059504505	-0.009461834	0.0067918942	0.0014132678	-0.0971241055	-0.0272445871	-0.0281933343	-0.010744735	0.0367876875	0.0734681463	-0.0292042644	-0.1093706198	0.02079	0.0023929999999999	5.726448999999996e-06	0.0004322240999999	0.0848545	0.0130674999999999	0.0001707595562499	0.00720028617025	0.164174	-0.012804	0.0269531022759999	0.000163942416	-0.00108924	-0.0001584219999999	1.1864437776e-06	2.5097530083999993e-08	-0.000191588	-0.0002411782999999	5.816697239089e-08	3.6705961744e-08	0.000826828	0.000109239	6.836445415840001e-07	1.1933159121000004e-08	0.0	0.0	0.0	0.0	0.0	0.0
290.2233943675122	0.257270481477974	0.0661881006399085	84229.6186382005	266.5913391519476	2.001995957339261	71070.94211082874	4.007987813202745	208.61545798437427	-0.0115464687525559	43520.40931003023	0.0001333209406537	208.12345887640708	327.6410387791022	1.082537	28.743877	0.1335095999999999	0.079602	-0.0259608373	-0.00261892	0.0445184465	0.0026583765	0.0112595187	-0.0647395934	-0.042815156	0.1237614052	0.0228369698	0.0351523917	0.0637519681	0.1348388502	0.0435876726	-0.1302770144	0.0642660999	0.0658839071	0.0280180706	-0.0142244905	-0.0517977392	-0.0991782441	-0.0964636687	-0.0561830256	0.0357997739	0.0138208766	0.017960275	-0.0189676548	0.0266092738	0.0737315745	0.1645092443	0.1544007183	0.0384694779	0.0571536869	-0.0346725503	0.2751180547	-0.2039117439	0.0871060677	-0.0163507221	0.0350023947	0.0919134309	0.0456098902	-0.041666239	0.0415653047	-0.0923577105	0.0017048135	0.171123816	-0.0163659634	0.0698573811	0.0146173681	-0.2376582618	-0.0242648851	0.075433038	0.039598277	0.0036641363	-0.0415982487	0.1374794039	0.0255883957	0.0191385086	0.0004093612	0.0349940507	0.0743670724	-0.0825235523	-0.0276728818	-0.0798777609	0.094684025	0.0468335562	-0.1342755791	0.0763027356	0.1512840787	-0.0717337221	-0.0554391254	0.0369048445	0.020827853	-0.042681244	-0.0261509398	0.0304569246	0.0262531359	0.1769125026	0.1784690675	0.0378537808	0.072258965	-0.0050369887	0.2453935104	0.1905965912	0.0894821586	-0.0182654659	0.0648939085	0.0653763328	0.0466740464	0.0820203589	0.0261162144	-0.0959830218	0.0270592975	0.1705342589	-0.0484596767	0.0392996352	0.0151289119	0.0939324648	0.1869323723	0.126748158	0.0414512442	0.0693709594	0.0124447228	-0.1177707032	0.0651062937	0.0298239129	0.0163757891	-0.0011887702	0.1101016421	-0.0514743537	0.0513957869	0.1056186513	0.0475914136	0.0635375969	-0.0925564292	0.1491620541	-0.0078433697	-0.1266796951	-0.0361634516	-0.011131349	0.0187067757	0.0194504616	0.0252783934	0.1356780753	-0.0554169439	0.0010634844	-0.0315392087	-0.0048812185	-0.1624017167	-0.002068213	0.0355495703	-0.049986552	0.086581263	0.0667841347	0.0670417275	-0.0860368448	0.0403783495	-0.006428235	0.0396886716	-0.0205218696	-0.0647404336	0.073521961	0.0713342571	-0.0343746944	-0.1123656258	0.0370331	0.0162431	0.00026383829761	0.00137145049561	0.129555	0.0447005	0.00199813470025	0.016784498025	0.166561	0.002387	0.0277425667209999	5.697769000000001e-06	-0.00223801	-0.00114877	5.0086887601e-06	1.3196725129e-06	-0.000338266	-0.000146678	2.1514435684e-08	1.14423886756e-07	0.00093496	0.0001081319999999	8.741502015999999e-07	1.1692529423999983e-08	0.0	0.0	0.0	0.0	0.0	0.0
290.2126122555916	-0.010782111920605	0.0001162539374684	84223.36031221434	266.4329488665969	-0.1583902853506629	70986.51624175065	0.0250874824934644	208.7438072315739	0.1283492471996226	43573.97705753248	0.0164735292567098	208.2480515400716	327.2270673878647	1.044124	27.723946	0.14590005	0.0749196	-0.0087888233	0.0057906476	0.0347791995	0.0683296515	0.0154774022	0.0028227885	0.138502428	-0.0795783905	-0.03090462	-0.1545505001	0.0548346635	-0.0738411621	0.060447576	-0.0454500126	-0.0933612731	-0.0244898744	-0.1296349758	-0.0469745778	-0.0054843698	0.0599046614	-0.0877474614	-0.0123308583	0.0189619808	0.002350134	0.0440323566	-0.0133531502	-0.0009633542	0.0284094348	-0.1136849431	0.0375781662	-0.1406214313	-0.0075955225	-0.0781090552	0.124098179	0.0004134154	0.0743693646	-0.1689770207	0.0001319661	0.0073170276	0.0150956853	-0.0295521425	0.0155302619	-0.0382998853	0.0862812499	0.0952649894	-0.2063634393	-0.0608078488	0.0840689199	-0.1254416711	-0.0728543131	0.0307122515	0.1257383706	0.1716760254	0.0212285413	-0.0485176055	0.1009072015	-0.1271383608	0.0469936531	0.0558254913	0.0213341184	-0.0253362753	0.0921970026	-0.0106036606	0.0437177737	-0.0816263569	0.0417865151	0.0686020746	-0.0890905812	-0.117293539	-0.0097781559	0.0196659142	0.0062186822	-0.0351227919	-0.0391193028	0.026239474	0.0308113076	-0.1139280477	0.0452232043	-0.1040383115	0.0071556553	-0.0917860838	0.1457440942	-0.0013790955	0.0624755191	-0.1663733292	-0.0070894826	0.0052591327	0.048084785	-0.0087465201	0.0466801443	0.0338210295	0.1146802521	0.0692167523	-0.1951852239	-0.0859254616	0.0602131683	-0.0429902892	0.1325422922	0.0730421171	0.1219450208	0.0463647642	-0.1729871727	0.0397660332	0.02633056	-0.1356580349	-0.0254896268	0.0884613974	0.0467228083	-0.0361906231	0.104092954	0.0233455475	-0.0076013357	-0.0994430461	0.0732816878	0.0552643765	0.1416697668	-0.0120472003	0.0014279719	-0.0109973057	-0.0033155632	0.0124251967	-0.0342977934	0.130400793	0.0709173207	0.0002114794	0.0512605546	0.083348901	0.0543241169	0.0023218251	-0.0688080567	-0.0287904673	0.0040268842	0.1192777348	0.0793319027	-0.0986877146	-0.1095685889	-0.0587315827	-0.0923006807	-0.0659227443	0.011456418	0.1206041216	0.0691644489	-0.0394758984	-0.1148515874	0.0221343	-0.0148988	0.00022197424144	0.0004899272364899	0.0835203999999999	-0.0460346000000001	0.00211918439716	0.0069756572161599	0.121094	-0.0454669999999999	0.0146637568359999	0.0020672480889999	-0.00204352	0.0001944899999999	4.1759739904000005e-06	3.782636009999994e-08	-0.000894335	-0.000556069	3.09212732761e-07	7.99835092225e-07	0.000974394	3.9433999999999975e-05	9.49443667236e-07	1.555040355999998e-09	0.0	0.0	0.0	0.0	0.0	0.0
290.31094282637685	0.098330570785265	0.009668901150956	84280.44352473985	265.31674490151585	-1.1162039650810698	70392.97512513603	1.245911291662702	208.67446048980244	-0.0693467417714543	43545.03046071012	0.0048089705943167	208.20121095837155	327.51211390330394	1.11494	29.604258	0.0975652	0.0632713	-0.0425046241	-0.000919477	0.009027072	-0.1058207352	0.171446301	-0.0207890212	-0.0576776182	-0.0423149337	0.058271299	0.1827040579	-0.0154988465	-0.0641245013	-0.029295488	0.0872699325	-0.0615464979	-0.0190276593	0.2267045972	0.0091980503	-0.0232289591	0.0568976156	0.0091423306	-0.0202500607	-0.0180223796	-0.0137309522	-0.1273364518	-0.028031603	-0.1033039937	-0.1087935718	0.0579642797	-0.0194779757	0.0498867669	-0.0169990427	-0.1781447349	-0.0240563332	-0.0698703994	-0.09292988	-0.07065113	-0.1033710749	0.0292844997	0.028069052	-0.008882028	-0.0268882894	0.0572408919	-0.0795194344	0.0104346723	-0.1622981572	-0.0575723937	0.0150747852	0.1628770747	-0.0477595848	-0.1548947945	0.0467672025	0.0102639529	0.052379451	-0.1678738171	-0.0602901576	0.0182755134	-0.1320434703	-0.0477092246	-0.0432431781	-0.0770681699	0.054512195	-0.0280789392	0.1778318204	0.0464776744	-0.115536669	-0.1924045122	0.1867077011	0.1187363418	-0.0230378446	-0.0160686662	-0.0225969423	0.135476592	0.0397564365	-0.1524420652	-0.0460276482	0.0561259526	-0.0146556769	0.0696852179	-0.0144467622	-0.1686143707	-0.0172721875	0.0757298673	-0.0877495362	-0.0607253304	-0.1134864276	0.0235035653	0.0147325887	0.0275692977	-0.0155118728	0.0216637881	-0.059996563	-0.0150266625	-0.1634116556	-0.067377307	0.0354381591	-0.098805393	-0.1071335468	-0.1923930922	0.049168767	-0.045514056	-0.0231479895	0.1094504268	-0.1266468159	0.101215159	-0.1188323427	-0.0174777549	-0.0249811661	-0.0034624111	0.1277751526	0.1166634912	-0.0010793621	0.0452997761	-0.1588472862	-0.0965605348	-0.2194617523	-0.0500263854	-0.0392188122	-0.0247953134	-0.0081968294	-0.0043798207	-0.0352297619	0.0175372389	-0.0526864411	0.0277937325	0.0956651075	-0.1127681486	-0.0198291376	-0.1073319375	-0.1152871941	-0.002676086	0.0106885595	0.0384402941	-0.0059635724	-0.0380036493	-0.0450597231	-0.0163982527	-0.1127939385	-0.0907298337	-0.0238400171	-0.081028031	0.0669598143	-0.0444976032	-0.1168172427	0.0106636	-0.0114706999999999	0.0001315769584899	0.00011371236496	0.0798448999999999	-0.0036754999999999	1.3509300249999988e-05	0.0063752080560099	0.179567	0.058473	0.032244307489	0.003419091729	-0.00225544	-0.00021192	5.0870095936e-06	4.49100864e-08	-0.000815271	7.9064e-05	6.251116096e-09	6.64666803441e-07	0.00116233	0.000187936	1.3510110289e-06	3.531994009600004e-08	0.0	0.0	0.0	0.0	0.0	0.0
290.7858603639671	0.4749175375902723	0.2255466675108077	84556.41658761258	266.4029497164267	1.0862048149108432	70970.53161761297	1.1798408999354992	209.1834174474318	0.5089569576293513	43757.70213498651	0.2590371847193253	208.7040817824838	330.441690053466	1.154895	30.665163	0.10854525	0.0628699	-0.0287445957	-0.0342573494	-4.76238e-05	0.0149038148	-0.0469555626	-0.1035006876	0.0454798997	0.1189644693	0.0441052598	-0.0072288827	0.0290001999	0.1641409394	0.0978422038	-0.0349775976	0.0874350471	0.0608133839	0.037021194	0.0436168209	0.0015193662	-0.0192201138	-0.0902677984	0.0435573536	0.0023940019	-0.0990207054	0.1433361199	0.1225705033	0.0941477252	0.092162302	0.0904498761	0.0724284182	0.0335690234	0.1005126769	-0.0352297756	0.05237258	0.0443575554	0.0682626914	-0.0714209181	0.0451217899	0.0155540908	0.1050180096	0.0800072259	0.07441478	0.0006744573	-0.1897953338	-0.1684207527	0.1251936344	-0.0762404401	-0.0155482311	0.0778012725	-0.1147572865	-0.0093546852	-0.0635012129	-0.0545305884	-0.0405583129	-0.1338445563	0.1386798272	0.0002737041	0.0578872468	-0.1489475855	-0.1227918813	-0.0714229326	0.1594350221	-0.1071092191	0.158880585	0.0911366683	-0.1060465912	-0.1699080788	0.0420372259	-0.0099262241	0.042023899	-0.000440177	-0.0901856464	-0.1904997524	0.0403250547	0.1088836201	0.0138005431	0.0965873777	0.0516535843	0.0364636417	0.0982013832	-0.0210747726	0.0372622162	-0.0445362273	0.0409325661	-0.0839262254	0.0403857777	-0.0007693144	0.1312636501	-0.0126370158	0.0055067752	-0.1195893705	-0.1688633532	-0.1490492973	0.1383948134	-0.0439620107	0.0017287876	-0.1638458855	-0.0058111489	-4.7512e-05	-0.0500494273	-0.0695874574	0.0374562351	0.1879586126	0.0486730804	-0.0240503205	0.0010629457	-0.1671813074	-0.098440561	-0.0428305546	0.2495464309	0.076411721	0.0666165257	0.0785462151	-0.1469862157	-0.1272453851	-0.067470528	-0.0896996659	-0.0136853623	-0.0161860764	0.0080879105	0.0141913045	0.0460035004	0.0559048507	-0.1032368444	-0.0026856627	-0.0093403904	0.0692961111	-0.1596808259	0.0775783617	0.0092354746	-0.0035062413	0.0949802425	0.0429993918	0.0131912494	-0.1074700673	0.015273182	0.022333723	-0.0221049668	0.0959472624	-0.1104925828	-0.0437216607	0.0647214634	-0.0494296957	-0.1182536866	0.00968245	-0.00098115	9.626553225000002e-07	9.37498380025e-05	0.124554	0.0447091000000001	0.00199890362281	0.015513698916	0.144004	-0.035563	0.0207371520159999	0.001264726969	-0.00184358	0.00041186	3.3987872164e-06	1.696286596e-07	-0.000815271	0.0	0.0	6.64666803441e-07	0.00102835	-0.00013398	1.0575037225e-06	1.7950640400000034e-08	0.0	0.0	0.0	0.0	0.0	0.0
290.44856654218165	-0.3372938217854653	0.1137671222146452	84360.36980640813	267.2796171753495	0.8766674589227819	71438.39375740137	0.7685458335341274	209.0315598326474	-0.1518576147844044	43694.19300606965	0.0230607351680085	208.54902034343505	328.74520101816665	1.192605	31.666452	0.1755665	0.0891488	-0.0286200113	-0.0135984704	-0.0098343774	0.0438999743	0.0391859045	0.1355005333	0.0995780886	-0.0840454736	0.0183201746	-0.0973590808	0.0342786755	-0.1486887291	-0.0054565507	-0.1383364585	-0.0228105582	0.0541095019	-0.1375243249	0.0095533938	0.0594465965	-0.0080829235	0.0209050031	0.0398661377	0.035549114	-0.0793033111	0.0372882625	-0.2214203398	0.0059992521	0.0225196548	-0.0229497394	0.0022013596	-0.0540565246	0.0417950883	-0.1270342843	0.0192934435	0.1070820515	-0.033797149	-0.0929385983	0.1920782592	0.0532255333	0.0702534109	0.0197991239	-0.0088932692	-0.0024688762	-0.1495499284	0.0598282132	0.192733407	-0.0059878776	0.0276821708	-0.1445246663	-0.0846889143	0.0815440156	0.1602941527	-0.0399778297	-0.0649775766	-0.0595965805	-0.064645618	0.0891925936	-0.130520574	0.0279446555	0.1433398065	-0.0826160347	-0.0201452198	-0.1667945634	0.0211666253	-0.1965375263	-0.0109420491	0.0476462602	-0.0957134011	0.1377489822	0.0428157964	0.0390897719	-0.0802659388	0.0629392784	-0.224029339	0.01574575	0.0198063828	-0.015488961	0.0119583855	-0.0293200002	0.0347384308	-0.1269011727	0.0331006227	-0.1152929998	-0.0583360009	-0.0854178605	0.177777915	0.0015787104	0.1052369871	-0.0071726036	-0.0167177077	-0.0761191041	-0.130292484	0.0673136887	0.1559629207	-0.0227454176	0.0492095661	-0.0199765964	0.1264864511	0.1070890204	0.1490749821	0.1217124028	0.0588710189	0.0186596235	-0.0494207687	0.1666892694	-0.0754753025	0.0428911494	0.1415244887	-0.0004597298	0.0007565632	0.0594426959	0.1684880242	-0.2001202727	-0.0552990069	0.0328151182	-0.0028808088	0.1591184636	-0.0352643558	-0.0094701824	-0.0088678131	0.0173355132	-0.0855411392	0.1441435444	0.0982940912	0.0029679437	-0.0071546054	-0.0311492667	0.091720424	-0.015215735	-0.0332045043	-0.1018412631	-0.0259771934	0.0641144931	0.0262051051	-0.0507465905	0.0382508551	0.0388783868	-0.0005831628	0.0055664507	0.0809103749	0.0291223198	0.0624505233	-0.0542622434	-0.1191544118	0.0337355	0.02405305	0.0005785492143024	0.00113808396025	0.066871	-0.057683	0.003327328489	0.004471730641	0.198897	0.054893	0.039560016609	0.0030132414489999	-0.00231222	-0.0004686399999999	5.346361328399999e-06	2.1962344959999978e-07	-0.00064425	0.000171021	2.924818244100001e-08	4.150580625e-07	0.000889262	-0.0001390879999999	7.90786904644e-07	1.9345471743999972e-08	0.0	0.0	0.0	0.0	0.0	0.0
290.07142547490525	-0.3771410672763977	0.1422353846263803	84141.4318770435	265.88053586041485	-1.3990813149346195	70692.45934942135	1.957428525799184	208.7216350140748	-0.3099248185725969	43564.720922948654	0.0960533931672571	208.2521349668944	328.1016146975265	1.220725	32.413105	0.1502891499999999	0.0865895	-0.0333476793	-0.0057587675	0.003884614	-0.0627679735	0.0487897797	-0.1475142431	-0.0587833357	0.0319923712	0.0598680422	0.0455486821	0.030864979	0.0983767114	0.0794984521	0.0029123314	-0.0324061316	-0.0756479287	0.0185991663	-0.010039968	0.0326794673	-0.1386775684	-0.0508328554	-0.0072615726	-0.0263018928	-0.0263781026	0.050757306	0.0575394844	-0.0911398689	-0.0540166533	0.0352091377	0.0349405317	0.1180059256	-0.0571689826	-0.0829156967	0.0613814827	0.0148671027	0.0621544089	0.005617682	-0.0019328486	0.0545159573	-0.1308219953	-0.1968716779	0.0003233841	0.1403907675	-0.064840343	-0.060815473	-0.1429648777	-0.0120316521	0.0532602419	-0.0284437126	0.1480528119	-0.1195944821	0.0934090632	0.0419881977	-0.0964610776	0.001386604	0.0775785144	0.0100551924	0.0624349916	0.0514612856	0.0472299616	-0.0311225902	0.0065275682	0.0417334106	-0.0687760917	0.0617439559	0.1127847649	0.0103185497	-0.2557420576	0.1716418101	-0.0098013802	-0.0272688261	-0.0239418015	-0.0742933516	0.0377545568	-0.1195825932	-0.0050620344	0.0364528909	0.0197036846	0.125272672	-0.0414253637	-0.0474477976	0.0670534372	-0.0133043079	0.0433396178	-0.0469786635	0.0434020778	0.0800948992	-0.1634955046	0.1031825682	0.0819971925	0.1182999953	-0.0822968791	-0.1137750855	-0.1306647331	-0.0703905447	0.04389257	0.1189716899	-0.0290039594	-0.0947359646	0.0420457748	0.123338311	-0.0586668654	0.0672758562	0.1192483571	-0.0113818105	0.0562363054	0.0416418402	0.065958422	-0.0212429754	0.0106991824	-0.0578975775	-0.0376202196	0.0457376196	0.0503429009	-0.1071110952	0.0402832705	0.2633047065	-0.0352627948	-0.0427964186	-0.0076320206	-0.0248551755	-0.0111905105	-0.0713305402	-0.0513482666	0.0149203099	0.0288651447	0.0038073933	-0.0969622093	-0.0782983592	-0.0218515787	0.0554350372	0.0365505519	-0.0593545183	-0.1024266574	-0.0345060315	0.0537023557	0.0412639796	-0.0092710638	0.0475938484	-0.0438117091	0.0110053758	0.0601481375	-0.0589855141	-0.1195153378	-0.0382025	-0.071938	0.005175075844	0.00145943100625	0.051504	-0.0153669999999999	0.0002361446889999	0.002652662016	0.208602	0.009705	0.043514794404	9.418702500000036e-05	-0.001923	0.0003892199999999	3.697929e-06	1.5149220839999985e-07	-0.000815271	-0.000171021	2.924818244100001e-08	6.64666803441e-07	0.00038392	-0.000505342	1.473945664e-07	2.55370536964e-07	0.0	0.0	0.0	0.0	0.0	0.0
289.95618508865	-0.115240386255266	0.0132803466242629	84074.58927116345	266.15437873910975	0.273842878694893	70838.15332200147	0.0749899222119058	208.68752764194903	-0.03410737212576	43550.48419330924	0.001163312833325	208.2030280291263	326.05405059130203	1.105619	29.356771	0.1119987	0.0660783	0.0030558773	0.0001554526	0.0302135247	0.0455982984	0.0272662284	0.0048064057	0.1018605162	0.0633920125	-0.0275149355	-0.0783614843	0.0070825065	-0.004235773	0.071797976	0.0988253644	0.0232263192	0.0979708194	-0.017938244	-0.0429797009	-0.0073450395	0.0176709001	0.0083092367	0.0171772768	-0.0537822234	0.000190462	-0.0694975729	0.1048375177	0.0712060923	0.1712456861	-0.0943637791	0.0629409467	-0.0596611207	-0.0466965554	0.0073856481	0.0174856609	0.036556771	-0.0148153866	-0.1405441119	0.0027295078	0.12665151	-0.0059755939	0.0465910465	0.0769752743	-0.0958706898	0.1023231826	0.1562000798	0.1309584699	0.1269081804	-0.0504853916	0.0862301097	0.0352319761	-0.0414405974	-0.0338524922	-0.1173375206	-0.0703121045	-0.0093628101	-0.13208568	0.0053070373	0.0124729864	-0.0728769268	-0.0238868997	0.0318316877	-0.0652283475	-0.0253102949	-0.1043325978	0.0297803761	0.2123311079	-0.0741720589	-0.088563409	0.1561373531	0.017175314	-0.0555578934	0.0032521977	-0.0003204207	0.1143707824	0.168524007	0.1075110294	-0.0683051515	0.0716003605	-0.0329572644	-0.0429336361	-0.0117366828	0.0300773117	-0.0187232131	-0.0183643017	-0.1173620492	-0.0015776585	0.1224780071	0.0580229934	-0.0702433189	0.0658621845	-0.0632198441	0.1079363287	0.1817159193	0.0990120211	0.134232696	-0.0276436632	0.0290170052	-0.0564253243	-0.0783583195	-0.0740889882	0.0648592078	0.1129286755	0.001150384	-0.0948661623	0.0340546071	0.020453387	-0.0624726929	-0.0237899715	-0.0150464668	-0.1115548075	-0.0701052747	0.0531396738	0.0305164652	0.1686265662	-0.1275481368	-0.1153094943	0.2082507397	0.009629722	-0.0429454531	0.0159501837	0.0257125316	0.0016163411	-0.0087681756	-0.0843081548	0.0065295056	0.0189203458	0.0810047428	0.1203893804	0.0675581939	0.0509093989	0.0956878509	0.0271754389	-0.0042286451	0.0003705917	-0.0429531132	-0.0500088785	0.0452958721	0.0115983267	-0.0051641345	8.36866e-05	0.0440523796	0.0578154653	-0.0635899959	-0.1193348294	-0.0187306	0.0194719	0.00037915488961	0.00035083537636	0.0965648	0.0450608	0.00203047569664	0.00932476059904	0.165107	-0.043495	0.027260321449	0.001891815025	-0.00184358	7.941999999999997e-05	3.3987872164e-06	6.3075363999999955e-09	-0.000815271	0.0	0.0	6.64666803441e-07	0.00038392	0.0	1.473945664e-07	0.0	0.0	0.0	0.0	0.0	0.0	0.0
290.18046407820225	0.2242789895522605	0.050301065154583	84204.70173264082	266.2412059448383	0.0868272057285821	70884.37974296181	0.0075389636546335	208.88028061545785	0.1927529735088171	43630.97162999242	0.0371537087964907	208.39140260030072	326.87234948544284	1.155283	30.675459	0.1097328	0.0664943	0.0539949585	-0.0198836143	0.0595324344	0.0046015519	-0.0027922924	0.0554108996	-0.1878465478	0.0103505122	-0.074780402	0.0846938688	0.0001051776	0.0620413511	-0.1095362349	-0.1245482063	0.0425155695	0.0522705972	0.0938691143	-0.1199226648	-0.0947917922	0.0390340914	0.0416678158	0.0517648699	-0.0282298745	0.0629030911	-0.0021137685	-0.0647860845	0.0285110945	-0.0899198116	0.124335463	-0.0399802932	0.0318575035	0.0092362549	0.1548744387	0.1745949559	-0.0216359409	0.0855112297	-0.0540709305	-0.0958545236	0.0427640935	-0.0207171035	0.152189827	0.0201424753	0.0799469993	0.0832900513	0.0048753872	-0.1049612154	-0.0118886342	-0.1239831324	0.0082756693	0.0051845591	-0.0351230518	-0.0370280135	0.145636277	-0.1747575298	0.0662116805	0.0043388489	-0.078247328	-0.1287320019	-0.1130479611	-0.1200945733	-0.0399039071	0.0456765784	0.089803863	-0.1871050623	-0.0626109029	-0.1966039821	-0.0123405879	0.1283334786	0.1629075004	0.0516685723	-0.0249630017	0.0610640848	0.0292617829	-0.0555568832	-0.0540602419	-0.1016246733	0.1179870957	-0.0144744019	-0.0027825031	0.0291774547	0.1690943309	0.1518023767	0.0388656206	0.0960717078	-0.0268949665	-0.1042740902	0.0640136432	0.0613250216	-0.1410849865	-0.0097574532	0.0605336992	-0.011752649	0.0065649239	-0.0926198069	0.0449533899	-0.1488163776	-0.0100619298	0.0261757559	-0.0338954788	-0.094247269	0.1180324406	-0.1470922328	-0.0375463676	0.0052350954	-0.0739511239	-0.1327688023	-0.0962696987	-0.1013327415	0.0209276613	-0.0104712567	-0.2358933564	-0.0525282359	-0.0695553876	-0.2245047599	0.0508302812	-0.1187691094	0.0028324468	0.0704406658	-0.03651465	0.0290852882	-0.020782168	0.0086059371	0.042938075	0.0383596907	-0.0134015416	-0.1155328668	-0.0663489552	-0.1058877704	-0.0757454704	0.0515529539	0.0697610821	0.0052082546	0.0978173548	0.0744869022	-0.0470174097	-0.0221645591	-0.013375523	-0.0912909634	-0.1243558944	-0.0421648801	-0.1002790954	0.0554536812	-0.0680664159	-0.1186137044	-0.00773155	0.01099905	0.0001209791009025	5.9776865402500005e-05	0.0870684999999999	-0.0094963000000001	9.01797136900021e-05	0.0075809236922499	0.0995381	-0.0655689	0.00990783335161	0.00429928064721	-0.00231695	-0.0004733699999999	5.3682573025e-06	2.2407915689999986e-07	-0.000815271	0.0	0.0	6.64666803441e-07	0.000383921	1.000000000015745e-09	1.47395334241e-07	1.0000000000314906e-18	0.0	0.0	0.0	0.0	0.0	0.0
290.26342772889546	0.0829636506932161	0.0068829673363459	84252.85747692772	267.4150453832414	1.1738394384030926	71510.80649732107	1.3778990271504878	208.75312616222155	-0.1271544532363009	43577.86768250039	0.0161682549778226	208.2538414692482	329.44669518700704	1.165691	30.951834	0.10766601	0.0626144	0.0982701842	-0.0228909359	0.0710548583	0.0404711014	-0.0840453881	-0.0108327775	0.1078116786	-0.1720726672	-0.120082919	-0.1630991238	-0.0517798327	0.0004834112	0.1247790638	0.0099024936	-0.1629815771	-0.0601719093	-0.0429999305	-0.0289193677	0.0081152983	0.0913586869	-0.0135872703	0.0554427636	-0.0389986391	0.1296592002	0.0644661459	0.1344277501	0.0132811898	0.0006550581	-0.1453856202	0.0663789757	-0.083591303	-0.0373900483	-0.1704070987	-0.0350163798	0.0636259299	-0.0476886801	0.0494990843	-0.108468005	-0.07545868	-0.067365728	-0.1440980917	-0.0162253143	0.0253360019	-0.0217022537	0.1812754766	-0.0646744592	-0.08094379	0.016997668	0.0318611866	0.096671915	-0.0821607853	-0.215257574	0.0975506435	-0.0955511195	0.1348011896	0.1353973477	-0.1088501944	0.0256117553	-0.0031972408	-0.1172176835	-0.0329889325	0.0153483639	-0.0690001331	0.1312387683	-0.0362968356	0.1298180682	0.0730458272	0.0292450006	-0.0829295131	0.057137486	-0.0397834066	0.1317901159	-0.1070093999	0.0938368117	0.0298722988	-0.0011250678	-0.1608507373	0.0384014161	-0.0471516746	-0.0526718367	-0.1695534446	-0.0072249748	-0.0682935644	-0.0408481841	-0.0004139002	-0.0764863373	-0.0580613566	-0.1728177443	0.114913299	0.0463533627	0.0077343598	-0.0448023003	0.1547999236	-0.0809787199	-0.102368196	-0.0379039466	0.0413825988	-0.0306608487	-0.0505929352	-0.2551425331	0.0200884941	-0.1189060408	-0.0549770549	0.1172449168	-0.1528637453	-0.0248565079	-0.0147471656	-0.0965543927	-0.0806400314	0.0872184235	0.1469345964	0.0112882871	-0.0328898924	0.112310958	0.0311596839	0.0731284425	-0.0247099755	0.104965916	-0.0312604688	0.0092657317	-0.0546236111	-0.0074804686	0.0547280868	0.0854352253	0.0002649739	0.0846891878	0.1904359024	0.0364525236	-0.0303662244	-0.0788354377	0.0663870631	-0.0167716029	0.0045862237	0.0235431284	0.0119948234	-0.0447508468	-0.020697534	-0.0553869245	-0.0041110189	0.0517558271	-0.0188858714	0.0530639746	-0.0724057592	-0.1173552296	-0.00320284	0.00452871	2.05092142641e-05	1.02581840656e-05	0.0411521	-0.0459163999999999	0.0021083157889599	0.0016934953344099	0.0994901	-4.800000000000637e-05	0.00989827999801	2.3040000000006116e-09	-0.00165165	0.0006653	2.7279477225e-06	4.4262409000000004e-07	-0.000663373	0.000151898	2.3073002404000012e-08	4.40063737129e-07	0.000710181	0.00032626	5.043570527610001e-07	1.0644558760000003e-07	0.0	0.0	0.0	0.0	0.0	0.0
290.1467401227967	-0.1166876060987647	0.0136159974170604	84185.13080388572	265.2907089692575	-2.12433641398394	70379.16026541126	4.512805199778146	208.77197222305315	0.0188460608316063	43585.73638590328	0.0003551740088686	208.31408759379784	326.91312095657884	1.106759	29.387047	0.10624563	0.0560768	0.0350612228	-0.0086004616	0.0218277228	-0.0941169495	0.0659316216	0.0693479664	-0.0624201891	0.0128868017	-0.0013502661	0.154210149	-0.0641859572	-0.0660441158	-0.0335219775	0.0860775051	-0.0186073303	0.0312146431	0.1240620632	0.0417968791	-0.0193006006	0.0236766582	0.0267310304	0.0285642688	-0.0151096876	0.0066002148	-0.1196588008	-0.0167885035	-0.0243669557	-0.0162162259	0.0520499608	-0.0255139654	-0.0196934374	-0.0020200415	-0.1264959645	0.0153796263	0.072655894	0.031441046	-0.0274770268	0.0325347073	-0.0136355667	-0.0428983149	-0.0655557569	-0.0718931183	-0.1438979308	0.0544974202	0.0727405012	-0.0754566738	0.0200869723	-0.0169607829	0.0715184165	-0.0900788648	-0.166964509	-0.0586581143	-0.0669853581	0.204446123	0.089292731	0.0384765855	-0.0490010724	-0.1240084781	-0.0905072008	-0.0695128639	0.1409222013	0.0670060419	-0.2141561749	-0.1099083488	-0.0845209832	-0.0344434116	-0.02326083	-0.0112588597	-0.0793740769	0.0287131636	-0.0147631611	-0.0021605104	0.1244322337	0.0445146311	-0.0331048663	-0.0056834029	0.0574074829	-0.0156275057	-0.003500138	0.0056385155	-0.1143033441	0.020309807	-0.0789765187	0.0297892892	-0.0627500578	0.0317838308	-0.0120355431	-0.0762024199	0.0534284549	-0.0523156224	-0.0518069429	0.131561339	0.0760049262	-0.0772011291	-0.0169937423	0.031497417	-0.0489150796	0.0157092416	-0.2103306351	0.0072261952	-0.1975630647	0.0729175925	-0.1218718403	0.0164701304	-0.043048089	-0.1140046287	-0.1014026668	-0.1119032257	0.1350578202	0.0168202286	-0.0554886493	0.2305076302	-0.0996881669	0.0276397016	0.0312080359	-0.0111092853	-0.068766708	0.0618974163	-0.0223063114	-0.0045335513	-0.0229770196	-0.0209063471	0.0189004103	-0.0760320429	0.0343821964	0.0482120501	-0.0972221221	-0.0128694106	-0.0522782497	-0.0627691417	0.0419459528	0.0141063949	0.0086117016	0.0224630266	-0.0267754994	-0.0083157226	0.0225316885	-0.0831662485	-0.0311826351	0.0150925252	-0.1103103281	0.0506475487	-0.0765992869	-0.1155651064	0.00497334	0.00817618	6.68499193924e-05	2.47341107556e-05	0.0671099	0.0259578	0.00067380738084	0.00450373867801	0.125017	0.0255268999999999	0.015629250289	0.0006516226236099	-0.00231124	-0.00065959	5.3418303376e-06	4.350589681000001e-07	-0.000815271	-0.000151898	2.3073002404000012e-08	6.64666803441e-07	0.000830388	0.000120207	6.895442305440001e-07	1.4449722849e-08	0.0	0.0	0.0	0.0	0.0	0.0
290.3793372300592	0.2325971072625066	0.0541014143068859	84320.15949016844	267.4703262646993	2.179617295441801	71540.37543214468	4.750731554589032	208.9589702476527	0.1869980245995464	43663.851246959406	0.0349682612041325	208.4866832683796	327.731535953832	1.057936	28.090681	0.08399391	0.0536791	0.0494114197	-0.0168000492	0.0133616265	0.044009519	-0.1292082444	-0.0508255441	0.0408617868	0.0721766517	-0.0442892431	-0.0379027699	0.0001172737	0.1018493514	0.0383905998	-0.0446613425	0.0667596373	0.0377641708	0.0848164051	0.0234745046	-0.0084961534	-0.0165582799	0.044907146	0.0763726554	-0.0341605865	-0.0182827775	0.0412774751	0.0941047741	0.065973507	0.044412044	0.0797561258	0.0570420824	-0.0383585577	0.1001580279	0.0120458616	0.1193825624	-0.0860344472	0.0738993331	-0.095528782	-0.0455456234	0.025062055	0.1655505731	0.147340403	-0.0555727837	0.0304179764	0.0492103189	-0.0952205012	0.070479623	-0.0084944025	-0.211526493	0.0776460261	0.0537053374	0.0969910378	0.0136524509	-0.0321735766	0.0688399067	0.0235349364	0.0059937273	-0.0246644151	0.2690953683	0.0858560977	-0.0404353621	-0.0047052969	0.0617580153	-0.0122860322	-0.0403899818	0.1233551327	-0.0732778729	0.2390507505	0.02313151	0.0367765633	0.0778634955	-0.0360275564	-0.0120784997	-0.092182869	0.0615162699	0.0784567797	-0.0088316728	0.0732172423	0.0711328169	-0.0417685991	0.1146231063	0.0048226225	0.0935899112	0.0845077438	0.0673019763	-0.0697279435	-0.0621190605	0.0057453916	0.2064551911	-0.0287960967	-0.1234073067	0.0164788552	-0.0073022391	-0.0670521583	0.0699539952	0.106190147	-0.205755025	-0.0124250184	-0.0984810945	0.0420096221	0.0489898572	-0.0626574747	0.0459454886	0.0161102788	-0.00205912	-0.1346217534	0.2515826468	0.0600716866	-0.001691342	0.0012318907	0.0699824935	-0.0345889497	-0.0039076579	0.1572980417	-0.0178825028	0.2152992688	0.0344624448	0.0859348795	0.0641073172	-0.017935013	0.0037163035	0.0142576578	0.0465087585	0.0445608923	-0.056660477	-0.0075165595	-0.0288891124	0.1305454561	-0.1083644405	0.0945758909	0.0333003852	-0.0028835243	0.0802661842	0.0418393277	0.0514182229	-0.0328840034	0.0042596715	0.0671082353	0.0564592296	0.0381959532	-0.0991788348	-0.1700072286	0.0482056202	-0.0806385538	-0.1132514443	0.0159084	0.01093506	0.0001195755372036	0.00025307719056	0.114687	0.0475771	0.0022635804444099	0.0131531079689999	0.132254	0.007237	0.017491120516	5.2374169000000304e-05	-0.00263122	-0.00031998	6.923318688400001e-06	1.0238720040000007e-07	-0.000815271	0.0	0.0	6.64666803441e-07	0.000875303	4.491499999999997e-05	7.661553418090001e-07	2.0173572249999976e-09	0.0	0.0	0.0	0.0	0.0	0.0
290.1572881570394	-0.2220490730198321	0.0493057908289667	84191.25187064719	266.6441409729145	-0.8261852917847818	71099.0979151835	0.6825821363615051	208.92479509161976	-0.0341751560329441	43649.5700040753	0.001167941289876	208.4512975132179	325.59035964710097	1.109506	29.459984	0.0425075999999999	0.0245864	0.057158764	-0.0026488479	0.0168854726	0.0246668346	-0.0084960475	0.174138508	-0.018052396	-0.0882454295	-0.0554518036	0.0054373253	-0.0078051709	-0.1545863133	-0.0744542407	-0.1188233995	-0.0466577493	0.0755235965	-0.0622164098	0.0390031724	0.0451216114	0.0072095251	0.1013312935	0.073633581	0.0335963757	0.0263656689	-0.0274440451	-0.2142056375	-0.0064032227	0.024310687	-0.0098277285	-0.0750818884	-0.0467851349	0.0753928381	-0.0459737	0.0087388037	0.0192850664	-0.1020683134	-0.0746450363	-0.2035483933	0.0442787786	0.0684077276	0.0733579275	-0.0319517331	0.0146477004	0.0279540524	-0.0995337017	-0.0466948338	-0.0315142355	0.0169132134	0.0013144678	0.1347907613	0.1912465146	-0.2233246215	-0.0009002521	0.0210696893	-0.0158227053	-0.2244453249	-0.1236996714	-0.122181354	0.0518967181	-0.0150880703	0.096720546	0.1889010797	0.0442053888	0.0755494656	-0.0342392878	-0.0994529963	0.0307137329	-0.0815586657	-0.0078440852	0.0752418322	0.0364151364	0.0218433289	0.1244483379	-0.184876473	0.006943795	0.0300910537	-0.0024990415	-0.0542097995	-0.0308466124	0.0777744327	-0.0595942332	-0.0022654677	-0.0153907768	-0.0767822244	-0.0329740693	-0.2122466004	0.0443309096	0.0904250109	-0.0108675135	-0.0367187649	0.0019054105	0.018215684	-0.0789411378	-0.0384033221	-0.0033430687	-0.0517081968	0.1247465696	-0.1284998674	0.1971501205	-0.1951150659	-0.0882342688	-0.0012828985	-0.0591253999	-0.2261110531	-0.0414358029	-0.0960327798	0.0253943509	0.0083745045	0.1908151242	0.1225926789	0.009093953	-0.0900476562	-0.0455645828	-0.0723865623	0.0284415176	0.0637471687	0.0393427171	0.060259546	-0.0022614573	0.0035246472	0.0353954089	-0.046290458	0.1501620374	0.0884642902	0.0114752525	-0.0501601742	-0.0914259441	0.0538231581	-0.0144364415	-0.0171173832	-0.0838951775	-0.0692481393	0.0964947244	0.0795046106	-0.073927881	-0.0049825079	0.0303806958	0.0043826778	-0.0362598608	0.1300075242	0.0006251828	0.0457394187	-0.0845154255	-0.1104247249	0.0299115	0.0140031	0.00019608680961	0.00089469783225	0.117044	0.0023569999999999	5.555448999999991e-06	0.0136992979359999	0.149649	0.0173949999999999	0.022394823201	0.0003025860249999	-0.00271466	-8.343999999999973e-05	7.369378915599999e-06	6.962233599999955e-09	-0.000815271	0.0	0.0	6.64666803441e-07	0.000966913	9.161e-05	9.34920749569e-07	8.3923921e-09	0.0	0.0	0.0	0.0	0.0	0.0
290.34970299734545	0.1924148403060712	0.0370234707700109	84302.95003064671	266.99790880768387	0.3537678347693713	71287.88330767627	0.1251516809174092	208.8208339065592	-0.1039611850605695	43606.14067343078	0.0108079279991979	208.3263154486411	328.11684073254474	1.118006	29.685677	0.1468245499999999	0.0816429	0.0536833567	0.0089089694	-0.0025539408	-0.0846472789	-0.0105769877	-0.0519446083	0.0212785796	-0.0840224855	-0.0286962207	-0.0057883628	-0.051475237	0.0422708815	0.1513089429	-0.0132714548	-0.0776547887	-0.1227457919	-0.0096965041	0.0365711414	0.039163591	-0.176638652	-0.0919886944	0.0529009122	0.0718562588	-0.0334986517	0.01018678	0.135281226	-0.1192212068	-0.0226770121	0.0583859812	-0.0219550191	0.14697071	-0.1683097023	-0.1817095655	-0.0294791159	-0.0256451842	0.1480423502	-0.0359424207	0.0414688957	-0.1500669851	-0.0064259735	-0.1064326417	-0.1863915226	0.0572744859	0.0211344356	-0.1305199439	-0.0387253611	-0.0745245013	-0.1334553808	-0.1733412571	-0.0178458711	-0.0386863665	-0.1387648695	-0.1085052337	-0.0666394211	0.0771703015	-0.1124656887	-0.0721473776	0.0490617743	0.009529656	-0.1189947917	0.0506524193	-0.0822733252	0.0275027683	0.0952620294	0.0695245041	-0.0699770548	-0.0235239478	-0.0685918733	-0.1201361472	0.0494664997	0.0701353202	-0.0310020577	-0.0749183304	0.1288727881	-0.123192883	0.0372315045	0.054406049	-0.0396179624	0.1628346332	-0.1559838895	-0.1465958015	-0.0049878031	0.0125753517	0.1347021262	-0.0838093938	0.0613239929	-0.1485252493	-0.0652937567	0.0820681219	-0.1200332648	0.0945084595	-0.0108848818	-0.1575100671	-0.0198720696	-0.0764461865	-0.1648094319	0.0992936314	0.1711750533	-0.0118551144	-0.1374597723	0.0007436405	0.1013392187	-0.0855395574	-0.1031874622	-0.0615045812	0.0267684888	-0.0197241088	-0.0786172245	-0.0263082976	-0.0460522909	0.10935715	-0.0541058899	0.1131596415	-0.0401687367	-0.0435468965	0.1175812374	-0.0759481841	0.0581973252	0.0152395232	-0.0440631333	-0.0270828873	-0.0174975168	0.0949156845	-0.0280826809	0.0419987316	0.1452029784	0.0413363064	-0.1158236711	-0.0243108175	-0.1115379229	-0.0576050733	0.1305155423	0.044017983	0.0241549993	-0.024232822	0.0897740816	-0.0073308332	-0.0140418947	0.092024798	-0.0135610908	0.0272176755	0.043250186	-0.0882220943	-0.1070977539	0.0546848	0.0247732999999999	0.0006137163928899	0.00299042735104	0.0492136	-0.0678303999999999	0.0046009631641599	0.00242197842496	0.161823	0.0121739999999999	0.026186683329	0.0001482062759999	-0.00234884	0.0003658199999999	5.5170493456000005e-06	1.3382427239999982e-07	-0.000815271	0.0	0.0	6.64666803441e-07	0.00144203	0.0004751169999999	2.0794505209e-06	2.25736163689e-07	0.0	0.0	0.0	0.0	0.0	0.0
289.86727386841653	-0.4824291289289135	0.2327378644391103	84023.0364599076	265.5509937869178	-1.4469150207660846	70517.33030121966	2.0935630773185188	208.7685447154225	-0.0522891911366798	43584.30526259536	0.0027341595097282	208.3166810012789	324.65297468615574	1.06435	28.260967	0.14845115	0.0887678999999999	0.0528132617	0.0245368218	0.0125612523	0.005529287	-0.0087443061	0.0995917186	-0.0024546141	0.1324942755	-0.0644863968	0.0108003857	-0.003859048	-0.0238975391	0.0522716591	0.07990251	0.0605238295	0.1158055733	-0.0739860777	-0.0592647805	0.0390387405	-0.049023781	0.0068222843	0.0687496716	0.0254670714	-0.0041930026	-0.1424146962	0.0282241988	-0.0042103493	0.1421247721	0.0714620877	0.0595024395	-0.0552601015	0.0175223007	0.0426023075	-0.0529642814	0.0535513005	-0.1494633008	0.0960872943	0.0638227279	0.0179696468	0.0751520208	-0.0043323631	0.0157725325	0.0409314362	-0.0108759032	-0.1077321036	-0.1271383427	-0.057843208	-0.0120715763	-0.1942157253	0.0608225605	0.0178151018	0.0424480944	-0.0517640912	0.1617273995	-0.1309260491	-0.0716548745	0.1483950264	0.080223786	-0.1088417799	0.0507142187	-0.001976274	0.1353321089	0.0245180749	-0.0337556694	-0.0263016785	0.139926998	0.0227109681	0.087939743	-0.1783866902	0.0706715195	0.0241080961	-0.0068420006	0.1085905452	0.0833976476	0.0811233473	0.1200906152	0.0847860528	0.068597554	-0.0588698603	0.0021733409	0.0185472009	-0.062460882	-0.0624902759	-0.1410442496	0.1295398077	0.0365026313	0.0001056217	0.087803404	0.026187487	0.0248471681	0.0150410616	-0.0140032629	-0.124356426	-0.105554411	-0.0689834768	-0.02038979	0.1422682637	0.0871153664	0.053020432	0.1395170084	-0.1399844741	0.0327016922	0.0664184173	-0.077529992	0.1572360653	0.115598475	-0.0811646629	-0.0076687042	-0.0259336101	0.1011759516	-0.0727597015	-0.0372835146	-0.0578101006	0.2059841778	0.0134810305	0.0800831213	-0.168150524	0.0641448448	-0.0082544039	-0.0037421117	0.0558167734	0.0097926422	0.0694593355	-0.1396354827	0.0502225166	-0.0144011201	-0.063379045	0.0349306614	0.0780305765	0.017838797	0.0458014857	0.0339823505	0.073471094	0.006579744	-0.0076596576	-0.0094602416	0.0741641194	0.0319507313	0.0212100051	0.080856164	-0.0511756549	0.0407391756	-0.0917510955	-0.1032856033	0.0261581	-0.0285267	0.00081377261289	0.00068424619561	0.126071	0.0768573999999999	0.0059070599347599	0.0158938970409999	0.159512	-0.002311	0.0254440781439999	5.340721000000034e-06	-0.00231054	3.830000000000023e-05	5.338595091599999e-06	1.466890000000017e-09	-0.00114828	-0.000333009	1.10894994081e-07	1.3185469584e-06	0.000998218	-0.000443812	9.964391755239998e-07	1.9696909134400002e-07	0.0	0.0	0.0	0.0	0.0	0.0
290.06250898461104	0.1952351161945102	0.0381167505954839	84136.25911844756	266.32645730089257	0.7754635139747847	70929.78185844416	0.6013436615061212	208.80333887555503	0.0347941601325203	43598.83432557987	0.0012106335793274	208.3403482461813	322.9470637265613	1.12592	29.895815	0.0786131999999999	0.040428	0.0740316467	0.0500304759	0.0250193727	0.0318154034	-0.0938680281	0.0476147645	-0.0464160599	-0.1457910796	-0.0732308994	-0.040412445	0.0995973315	0.0093567988	-0.0113987093	-0.1868108212	-0.0557779433	-0.0551685288	0.0891162192	0.0963855151	-0.0087611822	-0.0366043294	0.0605318436	0.0956031343	0.009382811	0.0300880111	0.0816095481	-0.1139896978	-0.150207582	0.0098075108	-0.1070159347	0.1341448788	0.027350432	0.022671971	-0.0936563216	-0.0040328418	-0.0014365276	-0.0394964218	0.1934756528	0.0116871417	0.0460899496	-0.0245525617	-0.125135114	0.106962291	-0.0018496181	0.1401811485	-0.0435213727	-0.0075937501	0.0804141012	0.0650049561	0.1838700638	-0.0438952059	0.0487240903	0.1890984377	-0.0381505163	0.0737664785	0.0234227712	0.1564129007	-0.0322732182	-0.0777371859	0.068433213	-0.0103474854	-0.1231885529	0.246169435	0.0009361832	-0.0141430695	0.0738655884	-0.1222901811	0.0536174821	-0.0848218308	0.1405186361	0.0946841421	0.009279185	0.031232493	-0.042389221	-0.1325890483	-0.1173563716	0.0925636546	-0.0999610728	0.1246123255	0.0590321041	0.014016435	-0.0942814458	-0.0072564017	-0.0125896764	-0.0312905523	0.1881675329	0.0364024928	0.0615789158	-0.0794508789	0.0951376764	0.1216119305	0.0864163049	0.151080232	-0.0185336369	0.013323056	0.0902481707	0.0844674734	-0.1244016352	-0.1355488486	-0.0028712792	0.1620787759	0.0086528042	0.0560142057	0.0075547071	0.1394111812	-0.0395231141	-0.0966440016	0.071518166	0.0215378609	0.0276980674	0.2758472198	-0.0847991	-0.0169562272	0.0401695152	-0.146372096	0.0376518379	-0.0487260913	0.1360326705	0.0740757719	-0.0009507161	-0.0185738772	0.0370308103	-0.0476168098	0.0822283433	0.1552116024	0.0064520476	-0.035052088	0.0714868472	-0.0848205533	-0.0403581249	-0.0560296986	-0.0245941301	-0.0720575732	0.0945606228	-0.014585712	-0.0041943479	0.0287449996	-0.0057870639	0.0111933526	0.0533949389	0.0214486496	0.0178390112	0.0382076517	-0.0950953223	-0.0990055431	0.0217456	-0.0044125	1.947015625e-05	0.00047287111936	0.0970879	-0.0289830999999999	0.0008400200856099	0.00942606032641	0.183031	0.023519	0.033500346961	0.000553143361	-0.00223903	7.150999999999989e-05	5.0132553409e-06	5.113680099999984e-09	-0.00125669	-0.0001084099999999	1.1752728099999994e-08	1.5792697561e-06	0.000744166	-0.0002540519999999	5.53783035556e-07	6.454241870399999e-08	0.0	0.0	0.0	0.0	0.0	0.0
290.26943628719613	0.2069273025850861	0.0428189085551398	84256.34564248662	265.8639003117879	-0.4625569891046552	70683.6134889963	0.2139589681695641	208.85464751992063	0.051308644365605	43620.26379067029	0.0026325769866361	208.3703836945201	326.1328511783918	1.134936	30.135212	0.0819177499999999	0.0494172	0.0911773349	0.0245247198	0.0039085217	-0.0138837038	0.0558928325	0.0904336108	0.1064415514	0.0117180822	-0.0720061494	0.0099904672	-0.0403693029	-0.1097983843	0.0494602677	0.0839183866	0.0198307911	0.1139378656	0.0172943485	0.0633762199	0.040373955	-0.059874048	-0.0114966825	0.0993114457	-0.0039782336	-0.0327303596	-0.1260777663	0.0653957925	-0.0165465046	0.0733656468	-0.1123754189	0.0412970217	0.0599840919	-0.0706136254	-0.0534553855	-0.084523408	0.0776336604	0.0132418139	0.0394234799	0.0312345977	0.073221976	0.0010851402	0.2398322054	-0.0242999948	-0.053060957	0.0230666297	-0.0897142255	-0.1381962814	-0.1048819874	0.0350996326	-0.0075864469	-0.0217931168	-0.1187021743	-0.0273062421	0.0403052863	-0.0833358802	-0.0049078727	0.0244051655	0.0736424649	0.0364135835	0.2508171137	0.0377082457	-0.0979471187	-0.2528667457	0.0517898227	0.1133872531	-0.0874204897	0.0980220617	-0.0388423289	0.1349238396	-0.0415022883	0.0990636896	-0.0047116452	-0.0347770832	0.0828054924	0.1039512647	0.0486213409	0.0734781039	-0.0923022504	0.0384034752	0.0899986034	-0.0818039284	-0.0707171942	-0.0678477393	-0.0663333069	0.0079725385	0.0775128058	-0.0074296776	0.08625032	0.1086673301	-0.2163165526	-0.0826779111	-0.0528946666	0.0372600354	-0.1006558912	-0.0925452996	-0.10927736	0.0141772888	-0.035456229	0.0646774075	-0.1020810764	-0.0659535031	0.0548178197	-0.0507916495	0.0362440209	0.0534848187	0.0286267528	0.0699633091	0.250072043	0.0401132292	-0.1155560828	-0.1715398296	0.1798232751	-0.0582498408	-0.0401623731	0.066196332	0.0143841567	-0.1113866964	-0.0462554227	0.0966536253	-0.0055826153	-0.0324952441	0.0180502407	-0.0449484058	0.0397396065	-0.0835471437	0.0764978439	0.107774589	0.0071083756	0.1101840867	0.0733914493	-0.0659657347	0.062007027	0.0241282114	0.0055121772	-0.0765266871	0.0175716059	0.0167965823	0.0159382811	-0.028491721	0.0467697922	0.1056433805	-0.0146007269	0.0356568892	-0.0982480398	-0.094276963	0.0213345	-0.0004111	1.6900321000000086e-07	0.00045516089025	0.060537	-0.0365509	0.00133596829081	0.003664728369	0.165115	-0.0179159999999999	0.027262963225	0.0003209830559999	-0.00181798	0.0004210499999999	3.3050512804e-06	1.7728310249999988e-07	-0.00125669	0.0	0.0	1.5792697561e-06	0.0008639109999999	0.0001197449999999	7.463422159208273e-07	1.4338865024976057e-08	0.0	0.0	0.0	0.0	0.0	0.0
290.3462572888936	0.0768210016974535	0.0059014663018001	84300.9491216684	266.7714041303705	0.9075038185825974	71166.98206168947	0.8235631807419959	208.9376453973929	0.0829978774722803	43654.9396642067	0.0068886476649036	208.4534526493545	326.7484715118445	1.051022	27.907089	0.13846155	0.0800608	0.135527085	-0.0089313988	0.0151089097	-0.0411957664	0.044868069	-0.0047890942	-0.139314569	0.1106509627	-0.1231398031	0.1200637889	-0.0383943204	0.0854945443	0.0753605145	-0.1118402687	0.0711543588	0.0342761556	0.0072052838	-0.082536875	-0.0229942221	-0.1029146395	-0.0382748522	0.164418557	-0.0206885354	0.0506214162	-0.0403438928	0.0049800975	-0.0766264167	-0.0142030136	0.2225115816	0.0633248116	-0.0502064117	0.048466978	0.0326868658	0.0232302292	0.0040674638	0.0147755292	0.1434151005	0.0247600047	0.0437103843	-0.0581988181	-0.1003437419	-0.0210708691	0.0164740847	-0.0627058183	0.0548595192	0.0684845379	0.1056822763	0.1370186823	0.078161567	0.0192030801	0.0518778889	-0.1348969753	0.0914794025	0.0497714558	0.0641517918	0.171846872	-0.1298259027	-0.0789375813	0.100859454	0.0558776734	-0.0336225093	-0.1321606792	-0.1683132557	-0.1275663381	0.0124128409	0.0333212835	0.0574230581	0.0281540443	0.0312640462	0.1632588387	-0.0200045435	0.0489536315	0.0130330813	0.03622675	-0.1005547458	0.0167327923	0.2088691675	0.0766997779	-0.0805952804	0.0412550813	0.0328442349	0.0081372738	-0.0057108177	0.0150388157	0.1013223981	0.0691568089	0.0561912371	-0.1289802911	0.1030437425	-0.0042174616	0.0097022656	-0.0574740742	0.0614340018	0.0511671769	0.0618148901	0.1423366455	-0.0296292557	-0.0750117361	0.0610775149	-0.1318511333	-0.0735480264	-0.079570978	-0.0465503221	0.1575243741	-0.1158234645	-0.1336688347	0.1081378455	0.0824739081	-0.0344235351	-0.1004305853	-0.0388511143	0.2070612356	0.0243870022	0.0427097343	0.0597396624	-0.0095038858	0.0349119653	0.1416446269	-0.007507711	-0.0010146381	0.0351623351	-0.0023993579	0.0296907453	-0.0827908687	0.0344323493	-0.0337940015	-0.0871333817	-0.1793826599	-0.0143082438	0.006104976	0.0703277758	0.0455863126	0.0488164119	-0.0648209132	-0.0164081933	0.0084330379	0.0101947221	-0.0254233804	-0.0538516955	0.0021234516	0.0463980448	0.0330881723	-0.1012028987	-0.0891212848	0.0154033	-0.0059311999999999	3.517913343999999e-05	0.00023726165089	0.128286	0.067749	0.004589927001	0.016457297796	0.124692	-0.040423	0.015548094864	0.001634018929	-0.00208019	-0.0002622099999999	4.3271904361e-06	6.875408409999995e-08	-0.00140092	-0.0001442299999999	2.0802292899999992e-08	1.9625768464e-06	0.000944638	8.072700000010002e-05	8.923409510440001e-07	6.5168485290161495e-09	0.0	0.0	0.0	0.0	0.0	0.0
290.17332219924936	-0.172935089644227	0.0299065452302568	84200.55691614938	266.2091427184917	-0.5622614118788078	70867.30766691429	0.3161378952879504	209.04128022562625	0.1036348282333392	43698.2568383688	0.0107401776229537	208.5478783147392	327.937327819572	1.150144	30.539013	0.07642335	0.0488084	0.1132835996	0.0143292628	0.0107979215	0.1630735958	-0.1020030039	-0.0512506746	0.0863037936	0.0065593279	-0.1284679087	-0.1537341686	0.0654638943	0.0216427193	0.0523035068	-0.0253250226	0.0430847723	0.0220321002	0.1333696749	-0.0756052044	-0.0820673262	0.0682401732	0.0014598384	0.130033844	0.0017920844	0.0129885468	0.1789574136	0.0335133264	0.0460466158	0.0800896357	-0.0357683551	0.095831758	-0.1135972345	0.1070932856	-0.0068988077	-0.0893608513	-0.0504475636	-0.0299227655	0.123637317	-0.0847690124	0.0761726264	-0.047575702	0.0844401795	0.1169718014	-0.0383668664	0.0153882351	0.1266884853	0.1286628152	-0.0529050606	0.0578452946	0.0228503177	0.0526510214	0.0167964774	-0.0039993638	0.1014677108	-0.0247511435	-0.0533754939	-0.1409007277	0.0581746215	0.1174997373	-0.0324054167	-0.0846210736	0.1028622708	-0.0088890394	-0.0626830542	-0.0925857891	-0.1115349623	0.0543511867	-0.0006967765	0.0085533331	0.0625242846	0.1310485739	-0.0004738587	0.0213866927	-0.1777224715	-0.0541430453	0.0887839706	0.0394533022	-0.0474706166	0.0751819719	-0.1090779517	0.0872598943	-0.0397837555	-0.094854617	0.0548333707	-0.0216657925	0.1228350475	-0.0771512244	0.0921075051	-0.0412497117	-0.060523972	0.0700674998	-0.0843680236	-0.0203797722	0.1580725458	0.1138874091	-0.0495818256	0.0267077144	0.0209304399	-0.0377810217	0.0280748862	-0.0084395815	0.0181154345	-0.1065990255	0.048701886	-0.123812294	-0.013566615	0.1722530214	-0.0263089852	-0.102216449	0.066550343	-0.067328155	-0.0633700952	0.0791185468	-0.0891830539	0.0324388851	0.0017523063	-0.0326691401	0.0933198401	0.1145051453	-0.0025304662	-0.0049558383	0.0791128006	-0.0156085017	0.0723734899	0.0442817577	0.0137490979	-0.0723147935	0.1698265454	-0.0324484085	0.117761605	0.0456357437	0.0144268841	-0.0792403056	0.0505464901	-0.0118031827	0.0576379997	-0.0971037724	0.0267887401	0.0500776401	-0.0485287732	0.0430042079	-0.049901845	0.0305027946	-0.1039539485	-0.0835618648	0.0153484	-5.490000000000009e-05	3.014010000000009e-09	0.00023557338256	0.12535	-0.002936	8.620096000000128e-06	0.0157126225	0.173072	0.04838	0.029953917184	0.0023406244	-0.00188853	0.0001916599999999	3.5665455609e-06	3.6733555599999994e-08	-0.00125669	0.0001442299999999	2.0802292899999992e-08	1.5792697561e-06	0.000779479	-0.000165159	6.07587511441e-07	2.7277495281000003e-08	0.0	0.0	0.0	0.0	0.0	0.0
289.8611723755064	-0.3121498237429705	0.0974375124627675	84019.49925090303	266.1150198724535	-0.0941228460382035	70817.20380171633	0.0088591101463313	208.96510111737885	-0.0761791082474019	43666.41348499637	0.0058032565333693	208.49983930464373	324.3778598759155	1.227543	32.594139	0.07200825	0.0403989	0.1248849255	0.0244667706	-0.0166980071	-0.0197754422	0.181426186	0.0676854673	0.0442206825	-0.0976746952	-0.1119870826	0.1022344875	-0.0275747717	-0.1935373694	0.0346415198	0.002923224	-0.0726048827	0.0287401063	0.0376327547	0.111818659	0.0409631501	0.0175636023	0.0941662194	0.1400082898	0.03682863	0.0052288329	-0.145250329	-0.1525264047	-0.1209170141	0.0033294508	-0.026747552	-0.0949067442	-0.0245221418	-0.0270047479	-0.0490770354	-0.0751284617	-0.0273284309	-0.0024556889	-0.0422233454	-0.0185424447	0.1126992243	-0.0257595697	0.0369098856	-0.0232017465	0.076071957	0.0067268115	0.0401796114	-0.0415719372	0.0122314153	-0.0533918557	0.1032273465	0.0991780736	0.1519683613	0.1451775976	-0.0958694029	-0.1697288543	0.1327570069	-0.0310305842	0.0117906093	0.0846497324	-0.070188087	0.066516163	-0.0907892077	0.0756966175	0.1110003252	0.0943193183	0.0660673815	0.0459065266	-0.0536013278	-0.049232398	0.0240380311	0.1403935159	0.04027661	-0.0067909268	0.2043880325	-0.0707948701	-0.0930739971	0.0773665626	-0.0227841682	-0.0688086857	-0.0109562114	-0.0271920645	-0.066477094	-0.0627083911	0.0316165723	0.0049954803	-0.0179873603	-0.0062123922	0.1047640951	0.0227983304	-0.0444328343	-0.0120291592	0.0649249453	-0.0243246204	0.0288827164	-0.0576735154	0.0543251493	-0.0718474509	0.0138842172	-0.1586190141	0.0990964285	0.0505460962	0.2405028108	0.1105483769	-0.0737869551	0.035952879	-0.0128347416	0.0802594061	-0.0800225968	0.0690756738	-0.0516905975	0.0924818123	0.0258485444	-0.1452340781	0.0307297578	0.0049377983	-0.0868783258	-0.0181189962	0.020731041	0.1179712642	-0.0013351315	-0.0304504629	0.0514841057	-0.0915153134	0.0385955371	0.0245121933	0.0475130504	0.0833518037	-0.0828957333	0.0653038871	-0.0486764097	-0.0999593637	-0.0232703423	-0.068881008	0.000860407	-0.0599446362	-0.0106052149	0.0455550478	0.0064089897	0.0131140155	0.0024146542	0.0744081244	0.0598516015	0.0279020578	-0.1064956489	-0.0776238888	0.0226694	0.0073209999999999	5.3597041e-05	0.0005139016963599	0.100947	-0.0244029999999999	0.0005955064089999	0.0101902968089999	0.201324	0.028252	0.040531352976	0.000798175504	-0.00208473	-0.0001961999999999	4.346099172899999e-06	3.849443999999996e-08	-0.00125669	0.0	0.0	1.5792697561e-06	0.0007350339999999	-4.4445000000100016e-05	5.40274981155853e-07	1.9753580250088904e-09	0.0	0.0	0.0	0.0	0.0	0.0
289.94818243567806	0.0870100601716785	0.0075707505710791	84069.94849775326	265.36600881505893	-0.7490110573945685	70419.11863443394	0.5610175640993297	208.85225256263297	-0.1128485547458808	43619.26340048583	0.012734796308234	208.38448616916284	325.8960583389996	1.152762	30.608521	0.0329236999999999	0.0227504	0.1015989793	0.0200304898	-0.0229736248	-0.0339689765	0.0820855587	-0.1335078942	-0.0584810283	0.0993849541	-0.0814303928	0.0839796114	-0.0120858114	0.0933538099	0.1245250218	-0.0078386497	0.071734642	-0.0754252477	-0.0016742358	-0.0762248458	0.0092595218	-0.1416206666	-0.1115226307	0.1098483861	-0.0307683801	0.0006525162	-0.0674235433	0.156856818	-0.0504323491	-0.0064352002	0.1404467665	0.0445516841	0.1161242886	0.0455473718	0.019784264	-0.0686585816	0.0758314025	-0.0369069913	0.1710103523	0.0829075905	0.1131880666	-0.0375060099	0.0007671108	-0.1621182763	0.1281769925	-0.0695480169	0.0648869804	-0.0167403135	-0.020468795	0.064672555	-0.0392942218	-0.0737563476	0.046116938	0.0174103675	0.0213131909	-0.0889799261	0.0718327691	-0.0954999583	0.0519160973	0.0504228238	0.1105371596	0.1517340347	0.0414163102	0.141899452	0.115019728	-0.0860727739	-0.1138999606	0.0298541676	-0.0714956421	-0.0894037686	-0.0722394323	0.1082714643	-0.0313053331	0.0013956488	-0.0220701512	0.1754025205	-0.0552197594	0.013324315	0.1369372516	0.0380801237	0.089649595	0.0332478697	0.0377059078	-0.0840442952	-0.0813633593	-0.0501501103	0.1394487416	0.1125330353	0.1135333502	-0.0590149696	0.0359117941	-0.1326687034	0.0893381074	-0.1337117386	0.0359555985	-0.0370490577	-0.0394414671	0.0454101501	-0.0480654062	0.0730552979	0.0494102529	-0.0282843703	0.1150762779	-0.0015616275	-0.0793639139	-0.0361883822	0.0241480291	0.104364834	0.0962246542	0.1335216348	0.1302111835	0.0256800078	-0.098355312	-0.1145175164	-0.1529088683	0.0396710355	-0.0955941139	0.0986744432	0.0139753767	0.116937243	0.0001225411	-0.0215856416	0.0443303905	-0.0200957228	-0.0326298682	-0.1205601248	0.0503836542	0.0291901055	-0.0137011134	-0.1396373641	-0.0066464542	0.0046503802	0.0308219958	0.0510665479	-0.0249029687	-0.1096787218	0.0319780944	0.0143455095	0.0040703241	0.0038241022	-0.0001480509	-0.0065475224	0.0408680995	0.0252872714	-0.1088228812	-0.0713342571	0.0219454	-0.0007239999999999	5.241759999999985e-07	0.00048160058116	0.100034	-0.0009129999999999	8.335689999999948e-07	0.010006801156	0.181206	-0.0201179999999999	0.032835614436	0.0004047339239999	-0.00205208	3.264999999999995e-05	4.2110323264e-06	1.0660224999999967e-09	-0.00125669	0.0	0.0	1.5792697561e-06	0.000925758	0.0001907240000001	8.570278745640001e-07	3.637564417603816e-08	0.0	0.0	0.0	0.0	0.0	0.0
289.78844028912255	-0.1597421465555157	0.0255175533861638	83977.34012520235	265.84588320343585	0.4798743883769134	70674.03361621486	0.2302794286201167	208.91098017330967	0.0587276106766978	43643.79763697299	0.0034489322557937	208.4221244515861	325.66417349702954	1.026459	27.254896	0.0580921	0.0321275	0.1510212116	0.02959625	-0.0064958708	0.1090588704	-0.0372155164	-0.0743416501	0.0529954671	0.1012400411	-0.177920233	-0.0594656144	0.0471314068	0.0385444302	0.0899865398	0.0095566904	0.0661428947	0.0627494021	0.1452815067	-0.0360368318	-0.0549196116	0.0505387275	0.0068337515	0.1638594925	-0.0012168506	0.0443229062	0.0641222188	0.0424941752	0.0289334958	0.1485939253	-0.0240976538	0.0939623367	0.0775788106	0.0534890068	0.1096086622	0.131685308	0.0823305176	0.06697125	-0.0700326014	0.0129624231	-0.0948941128	-0.2208019226	0.1523585924	-0.0037119228	0.1105027486	-0.0945032109	0.0339609604	0.0129701098	0.1102252792	0.0522099718	-0.09096778	0.0589360248	-0.0196780371	-0.0657169489	-0.0624121757	0.1743052481	0.0344600173	-0.0649912238	0.0702286019	-0.1859067538	-0.0741988419	0.0185963623	-0.0949364538	0.016897999	0.1718990596	0.0895651564	0.0672785223	0.1015427561	-0.0928457218	-0.0883501403	-0.1121669873	0.1649538512	-0.0037967626	0.0474868871	-0.0918937175	0.0063256181	0.1001188585	0.0989646296	-0.0109646063	0.1052917835	0.067764282	0.060525472	0.1340652797	0.1012026448	-0.0628217209	0.0627032071	-0.0668401476	-0.0044529874	-0.0352058434	-0.1339285371	-0.2329869701	-0.0324557369	0.036970161	-0.1533023348	0.0317982943	-0.0095798987	0.0623617249	0.0841003577	0.158646796	0.00736935	-0.0044869995	0.0147383698	-0.1587874839	0.0598658351	-0.1125657879	-0.0391661049	0.163421396	-0.1528485681	-0.0427491017	-0.0039113598	-0.0749705817	0.0314444393	0.0230457267	-0.1736672338	0.0096314292	0.0484870011	-0.1595971377	0.0914727619	-0.0362514441	0.1478240118	0.0057354965	-0.0260336675	0.0835147701	-0.0153456627	0.0221630513	-0.036720731	0.0069696448	-0.0432185006	0.117246933	-0.0636160911	0.1197496273	0.0388191068	0.0089582483	0.0150710167	-0.0263272041	0.0193285737	0.0167388454	-0.0199123184	0.0564075994	0.0931315564	-0.0646295538	-0.0161185474	0.0199277539	0.0226597522	-0.1109309587	-0.0647214634	0.0154155	-0.0065299	4.263959401e-05	0.00023763764025	0.125907	0.0258729999999999	0.0006694121289999	0.015852572649	0.179163	-0.002043	0.032099380569	4.17384900000007e-06	-0.0022919	-0.0002398199999999	5.25280561e-06	5.7513632399999983e-08	-0.00146587	-0.00020918	4.37562724e-08	2.1487748569e-06	0.000901834	-2.392400000000004e-05	8.13304563556e-07	5.723577760000018e-10	0.0	0.0	0.0	0.0	0.0	0.0
289.58235301733	-0.206087271792569	0.0424719635949042	83857.93917905352	265.32461953339754	-0.5212636700383086	70397.15373054215	0.2717158137018067	208.8239337435221	-0.0870464297875628	43607.43530411891	0.0075770809387611	208.3528047586325	323.06656710098235	1.020089	27.085741	0.0698611	0.0351482	0.1128243396	0.0497118243	-0.0249841783	0.1431374914	0.0589681494	0.0555627346	0.0309706275	-0.0156591586	-0.1221779064	-0.0043399714	0.0515142414	-0.1902985858	-0.0653709833	-0.0366345557	0.034429631	0.0247685523	-0.0036691627	0.0064530052	0.0492933732	0.0641803937	0.0096844416	0.109285197	0.0588540052	0.0692874962	-0.0515311663	-0.1193582328	-0.0160043458	0.0611486232	-0.0944944743	-0.032466161	-0.1685024569	0.1186574265	0.014292044	0.0111808139	-0.0265049841	0.1343675398	0.10642693	-0.0468983675	-0.0186393956	0.1632489302	0.033641627	0.0683788298	0.0665623677	-0.0046881468	0.0499759944	0.1479314482	-0.1373609361	0.0581931951	-0.0256185518	-0.1320240697	-0.0137334039	-0.0685940128	-0.0271474462	-0.0714751418	-0.0605914233	-0.0348407287	-0.0536117836	0.0837578251	0.1283779656	0.2591000118	0.1556117884	-0.0570122063	0.1028589376	-0.0555982539	0.0010472643	-0.0341865283	0.0836688732	0.0411739017	0.011642881	0.1122373122	0.0603377265	0.06165789	0.108517091	-0.0875149824	0.0348579415	0.0685861129	-0.0919609411	-0.0014989555	-0.1504745309	0.1165421968	-0.0201577565	0.009875413	0.0132729122	0.1474892272	0.1165700113	-0.0610700763	-0.0293457829	0.1274051343	0.0489142815	0.039562249	0.0418595246	-0.0660153065	0.0753260326	0.1473963666	-0.1207784308	0.0150528409	-0.1228874475	0.0800278449	0.0241466215	-0.0568958624	-0.0285581968	0.0308850974	0.0892679987	-0.029443364	-0.0479110197	0.0773166139	0.050653791	0.2324225447	0.1792072783	-0.1628591944	-0.025381788	-0.1009835432	0.0276358748	0.022417367	0.0803488749	0.0164781241	-0.0491504971	0.1237941504	0.0018945933	-0.0124900286	0.1025611222	-0.0750187742	0.0147635053	0.0650366582	0.0311675756	-0.0870845793	-0.0198036258	0.0948488699	0.0685255054	0.0259301821	-0.0322487497	-0.131028469	0.0093818661	-0.0356218934	0.0027387417	-0.0426959245	-0.0081505355	0.0327516523	0.0030523939	0.0115874364	0.0389071012	0.020020823	-0.112815636	-0.0578154653	0.0154487	3.319999999999885e-05	1.102239999999924e-09	0.0002386623316899	0.117716	-0.0081909999999999	6.709248099999984e-05	0.013857056656	0.203607	0.024444	0.041455810449	0.000597509136	-0.00221361	7.828999999999996e-05	4.9000692321e-06	6.129324099999993e-09	-0.00177476	-0.00030889	9.541303210000001e-08	3.1497730576e-06	0.000545156	-0.000356678	2.97195064336e-07	1.2721919568400006e-07	0.0	0.0	0.0	0.0	0.0	0.0
290.26140134462474	0.6790483272947654	0.4611066308018188	84251.68111054532	264.2683199043627	-1.056299629034811	69837.74490507459	1.1157689062990794	208.828565689446	0.0046319459239043	43609.36984791127	2.145492304197429e-05	208.35500536511432	323.85111558954134	1.099605	29.197075	0.0851072999999999	0.0501605	0.1781005508	0.0189106209	-0.0478041076	-0.0016275382	0.1659159293	0.0342702828	-0.0418492835	-0.1428951846	-0.1374958636	0.1808934119	-0.0161276448	-0.1294252522	0.0576799684	-0.0357683865	-0.0920944242	-0.0921652186	0.117245461	0.1261543209	0.0385330784	0.0709270511	-0.0830302828	0.1479338684	0.0113216395	0.0451730934	-0.0609693893	-0.112345715	-0.1883233577	-0.0231183627	-0.0441493637	-0.1537392257	0.1172636971	-0.0719038241	-0.0084487348	-0.0051539332	-0.0661143733	0.0331746404	0.0199845999	-0.0637531371	-0.000531911	-0.0678183332	-0.0088908023	-0.0702043108	0.1205420627	0.0085123466	0.0216642039	-0.0907154876	0.2113533391	0.0644748786	0.0430562027	-0.0437516444	0.0930375075	-0.0153913663	-0.0457116258	-0.0308020383	-0.0922712586	0.0167373908	0.1077038269	-0.0003936508	-0.1108018411	0.0434052526	0.0904101572	-0.0921085785	-0.0220983475	-0.1146503961	-0.1189223828	-0.0066723086	-0.0236709524	0.1591372904	-0.051028245	0.1467209397	0.0137018217	0.0374689723	0.1237078714	-0.0615884405	-0.1785498841	0.0879135809	-0.027288155	-0.1419830894	0.12261438	-0.058567226	0.0061997392	0.0045249218	0.0705885698	0.0362507789	0.0135195471	-0.0530006674	0.0195587355	-0.0769843597	-0.0020052771	-0.0496795058	0.1509780723	-0.0261587285	0.0028052874	-0.1026821879	0.171634917	0.1296315813	-0.0286514428	-0.0173509501	0.0660757095	-0.0269677512	0.0258308734	0.0418029579	0.0780013341	-0.0081049296	0.1147614947	0.0140433344	-0.1051908215	-0.0205380683	0.0179363212	-0.1549557139	-0.0672817027	0.0710013411	-0.0988362114	0.0505909156	0.0671716123	-0.0794191663	-0.1249794463	0.1569707972	-5.45776e-05	-0.0419812778	0.0512454538	-0.1352596444	-0.0314071051	0.0927904282	0.0317537436	0.0285018518	-0.0893853306	0.0065258525	-0.0825850598	-0.1074885295	-0.0519530604	-0.0994331203	-0.051349682	-0.1183205217	0.0039874616	0.0156606495	-0.0391593117	0.0143774752	-0.0549732326	0.0368447112	-0.012131034	0.0173718128	-0.1144731177	-0.0506475487	0.0154259	-2.2799999999999904e-05	5.198399999999956e-10	0.0002379583908099	0.0766852999999999	-0.0410307000000001	0.00168351834249	0.0058806352360899	0.23059	0.0269829999999999	0.0531717480999999	0.0007280822889999	-0.00203343	0.0001801799999999	4.1348375649000006e-06	3.246483239999994e-08	-0.00177476	0.0	0.0	3.1497730576e-06	0.00038392	-0.0001612359999999	1.473945664e-07	2.5997047695999998e-08	0.0	0.0	0.0	0.0	0.0	0.0
288.96126852968007	-1.300132814944675	1.6903453364959644	83498.61471028188	264.4915656601941	0.2232457558313854	69955.78830538077	0.0498386674967265	207.378352493326	-1.4502131961200178	43005.781082846166	2.103118314200637	206.91032506692432	323.124544232866	1.657159	44.001438	0.4561199999999999	0.281505	-0.1102845409	-0.0282671715	-0.0544316049	-0.0619891846	0.0810637227	-0.0985572993	-0.1120113711	-0.0855190208	0.1544672612	0.0693619494	-0.0716537734	0.0515734954	-0.1343130225	0.033488375	0.0074191005	-0.1810864623	0.0771934044	0.0415923752	-0.0605136737	-0.2037494548	-0.0479717054	-0.2810276838	-0.0652469592	0.1359172511	-0.1966752175	0.0466112586	-0.0740363868	-0.1724118349	0.1562329641	0.1269564789	-0.1477724243	0.3898729172	-0.1626356749	-0.2223919706	0.1454927034	0.2955140709	-0.0286354502	0.1276309915	-0.0708956555	-0.0851788834	0.0618206313	-0.0384738805	-0.061183515	0.0079569898	-0.0414272514	-0.0563902501	0.0982732434	-0.0322340688	0.1472868812	-0.0303126585	0.0618462013	-0.0016721789	0.075506833	0.0290379137	-0.0830199924	-0.024356434	-0.0353893943	0.0900447596	-0.0591427342	-0.0214279854	-0.0025004896	-0.0609233973	0.148722037	0.0351972603	-0.0124798658	-0.0289888152	0.0578354461	-0.0603367253	-0.113580331	-0.2806354258	-0.0624611399	0.131262818	0.1264624631	0.1382523842	-0.147109956	-0.1138585348	0.1062960361	0.164643662	-0.1440830501	0.35353656	-0.1972700319	-0.2599701926	-0.1667780575	0.2724311537	-0.0623382992	0.1509979444	-0.0542386198	-0.0630118059	-0.1017092566	-0.0881324696	-0.0156104118	0.0526741946	-0.0392298304	-0.0352474056	0.1164700954	0.022568415	-0.1138316392	-0.1143511208	0.0154195294	0.0092503813	-0.0297101359	-0.0765203536	0.0626945493	-0.0681827102	-0.0409072605	0.0462947659	-0.0415854618	-0.0160432134	-0.0884004349	-0.0626547049	0.0039761464	-0.1428861	-0.003593099	-0.0076576023	0.0260088581	0.1119083616	-0.0437470499	-0.1048088437	0.0239206416	0.0520878896	-0.0269764372	0.0443008018	-0.1978514024	0.0553559098	0.1085415417	-0.0027936287	-0.1195658151	-0.0900805082	0.0537147446	-0.0575100689	0.0741777271	-0.2356391776	-0.0548632333	-0.1542046316	0.0759119573	0.0819641204	0.1319948864	-0.0134664924	0.0007079018	-0.0707014944	0.2701225644	0.0147140554	-0.1159000657	-0.043250186	-0.0121594	-0.0275853	0.00076094877609	0.00014785100836	0.137061	0.0603757	0.00364522515049	0.0187857177209999	0.486941	0.256351	0.237111537481	0.065715835201	-0.00284566	-0.0008122299999999	8.097780835599999e-06	6.597175728999995e-07	-0.00218108	-0.00040632	1.6509594240000013e-07	4.757109966400001e-06	0.00140153	0.00101761	1.9642863409e-06	1.0355301121e-06	1.0	0.0	0.0	0.0	0.0	0.0
289.9508886897542	0.9896201600741392	0.9793480612251648	84071.51785197823	264.545706793114	0.0541411329198808	69984.43098266824	0.0029312622738482	208.53802313250665	1.1596706391806606	43488.10709201388	1.344835991377682	208.06352622548667	322.140351684745	1.279693	33.978832	0.33327502	0.206221	-0.2343988681	-0.0819899139	0.018513823	-0.016657826	-0.078847174	-0.0646315196	-0.1904150371	0.1135884147	0.1947264384	0.0261912373	-0.0088615781	0.2200046704	-0.1487167704	0.0653955361	0.0777652857	-0.0329305062	-0.0321129786	-0.1087735601	-0.0206188704	0.1074311217	0.0155539176	-0.1392118957	0.0224111856	-0.0319661466	0.1124312653	0.0554568679	0.1920423658	-0.1304148859	0.1923323506	-0.0797787129	-0.0441592557	0.0987143763	0.0195973953	-0.0281000135	0.1321563242	-0.0978881352	-0.0054939967	0.0589499758	0.0704834331	2.49336e-05	-0.003456839	0.0665920642	0.0637064779	0.0183131009	0.07478633	-0.0199807452	0.0595571643	-0.0650985134	0.0230957919	-0.1591095323	-0.1011581421	0.0247196856	-0.0939045095	-0.2258161616	0.0182330844	-0.0461123621	0.1234817017	-0.0653850925	0.002878913	-0.0002172207	0.1048621301	-0.046905751	0.020254025	0.0007722217	0.0388246109	-0.0276172771	-0.0100606965	-0.1159551121	-0.0376814752	-0.1397151938	0.0200068358	-0.0213978191	-0.1150092067	-0.0025192703	0.0778678218	-0.2166444501	0.1793101491	-0.1056572449	-0.0762401562	0.0973631445	0.0113107533	-0.0366446912	-0.1271702495	-0.1060715447	0.0086166024	0.0469668135	0.0581588578	0.0320800267	-0.0341140091	0.0874333014	0.0307641943	-0.0364664494	0.0664125526	-0.020120111	0.0628793096	-0.0351500103	-0.1196149037	0.1166893595	-0.1183418122	-0.0687069597	0.2008820948	0.0897710327	0.0043065645	-0.0120379963	0.1294712615	-0.0129861776	-0.0378790713	-0.0479858037	0.0957436906	-0.0933289336	0.0256895127	-0.0300311809	0.040540879	-0.0248528288	-0.0416804745	0.095240388	0.032320033	-0.2118527911	0.018939174	0.0979046065	-0.1294081951	0.1979411072	-0.1222811292	0.0180927702	0.0624825398	-0.1237720966	-0.0766785113	-0.095556442	0.0980731354	-0.01638455	0.0924761567	-0.0598392851	0.0833995235	-0.0597216456	-0.0780003348	-0.1711550588	-0.0311201201	-0.1465267446	0.0396918621	-0.0377545072	0.0489856421	0.012048889	-0.1170936064	-0.0356568892	0.00640362	0.01856302	0.0003445857115204	4.10063491044e-05	0.180731	0.04367	0.0019070689	0.032663694361	0.641233	0.154292	0.411179760289	0.023806021264	-0.00469041	-0.00184475	2.19999459681e-05	3.4031025625e-06	-0.00213005	5.1030000000000086e-05	2.6040609000000088e-09	4.537113002500001e-06	0.00184075	0.0004392199999999	3.3883605625e-06	1.9291420839999997e-07	0.0	0.0	0.0	0.0	0.0	0.0
289.234083510002	-0.7168051797522139	0.5138096657196037	83656.35506387081	264.0841041123426	-0.4616026807714206	69740.4140448186	0.213077034895362	208.37623980938608	-0.1617833231205736	43420.657317098776	0.0261738436399359	207.87493132980825	322.42646089856703	1.178317	31.287067	0.13632418	0.0795523	-0.1650063908	-0.0339842025	0.0215065177	0.0256559498	-0.1321446338	-0.0193043558	0.0129207119	-0.1376540056	0.117327096	-0.1488938111	0.0190948134	0.0650545992	-0.1224766399	0.0052001118	-0.0896937316	-0.0465647349	0.0839275797	0.0895046688	-0.0577715012	0.0575038122	0.1321754404	-0.1118605505	0.032480778	-0.0142681951	0.1014174162	-0.0521406466	0.0347844294	-0.0766494184	-0.0285951649	-0.1057124932	-0.0591558996	-0.0568901813	0.0157854844	-0.0377687454	-0.0250790984	0.0871765685	-0.0778764478	-0.0699972227	0.0587852004	-0.0013126519	0.0951484476	-0.00962271	0.0958138789	0.0310105229	-0.0891741114	0.0566872115	-0.039800926	-0.0284424179	-0.0667145798	-0.0079426399	0.0448517195	0.0792187799	-0.0866169562	0.0900792146	0.0167105963	0.0643820132	0.0405065596	0.0200989837	0.1224303272	-0.0653967833	-0.0167863595	-0.0200243781	-0.1292404406	0.0355091856	0.0098711783	0.0342180072	-0.0445759082	-0.0168185312	-0.0752510171	-0.1135586566	0.0314375244	-0.0113992743	-0.0599011256	-0.0911435802	-0.0142598939	-0.0766434552	-0.0386357076	-0.116584562	-0.0557576262	-0.0438948608	-0.0042896857	-0.0248203773	0.0372132286	0.0853732927	-0.0605420568	-0.0726528214	0.0717607054	0.063230738	-0.085079985	-0.015342717	0.0841973018	-0.0371357627	-0.0754816581	0.0723248538	-0.0054525443	-0.04890581	0.0265168065	0.0403500874	0.0538181537	0.1007523271	-0.0385350051	0.0888058788	-0.0210826785	0.0562970315	-0.0118920445	0.0200780546	0.1344921042	-0.0780542922	-0.0148578656	0.0372081737	0.0703470751	0.1211052305	0.0131748919	0.0373743873	-0.0429314285	0.0308797448	-0.0761787679	-0.1707474117	0.03080565	0.0329940288	-0.1162705173	0.05146863	-0.0661783759	0.2184215928	0.0263472357	0.0275538305	0.0495116392	0.0084675747	0.1005636644	-0.0748725417	0.0345271283	0.0174367908	0.0431294057	-0.1266453947	0.0940989164	-0.0435242795	0.0434347989	0.0080154008	-0.1104424207	-0.054141398	0.0621884195	0.0093776556	-0.1180513362	-0.0279020578	0.0317133	0.02530968	0.0006405799017024	0.00100573339689	0.112458	-0.068273	0.004661202529	0.012646801764	0.611886	-0.029347	0.374404476996	0.000861246409	-0.00460895	8.146000000000021e-05	2.1242420102499995e-05	6.635731600000035e-09	-0.00231648	-0.00018643	3.4756144900000005e-08	5.3660795904e-06	0.00184075	0.0	3.3883605625e-06	0.0	0.0	0.0	0.0	0.0	0.0	0.0
288.6131499129753	-0.620933597026692	0.3855585319165063	83297.55030268956	263.9339278450719	-0.1501762672706945	69661.11826772761	0.022552911251359	208.0627357360361	-0.313504073349975	43290.1020019636	0.0982848040070265	207.59000970131808	318.5341852785492	1.079786	28.670849	0.0715048	0.0450555	-0.1634019187	-0.006789431	0.0527699458	-0.0712835707	-0.015803355	0.0438438777	0.0790838542	0.0612993426	0.1328428401	0.0482482872	-0.059230282	-0.0200058617	-0.1432044639	0.1837430707	-0.0383020629	0.0433791735	0.0171656797	-0.0323736184	-0.1136597922	-0.0750738874	0.1129397974	-0.1851416036	0.0351947654	-0.033088999	-0.0685027177	0.0872255607	0.1269355938	-0.0500700603	-0.0635538739	-0.1745343905	-0.1007718565	-0.0159326403	-0.082278161	-0.0603398493	0.0056786042	0.0302619709	-0.0150792034	-0.0665956245	0.0743039699	-0.0484610022	-0.0585683539	0.0047711615	0.0493023181	0.007064269	-0.0796365879	0.0268107842	0.0500760782	0.0169046742	-0.0822985868	0.1019988228	-0.0492665303	-0.0873275637	-0.0329408894	0.0920252827	-0.0225273884	0.1127609879	-0.1140265991	-0.0420235932	0.1005425332	0.0055793046	-0.1259153212	-0.0657914574	0.0726190599	-0.0835346955	-0.0992358942	-0.1090275909	-0.000845482	0.0605147613	0.1062139215	-0.1862541781	0.0353001062	-0.0393309363	0.0583936502	0.0978539	0.0975962622	-0.0954761573	-0.0614684373	-0.1766307178	-0.0809263317	0.0068385859	-0.1007877654	-0.0255896079	0.0119087669	0.0316055257	-0.0365080519	-0.0407177031	0.0932198258	-0.0593719891	0.032669969	0.0488674209	0.0562561558	-0.008625607	-0.0812463589	0.0337583344	0.028160043	0.0221878098	0.1350469429	0.0279828881	-0.0182474677	-0.0503653482	-0.1151033765	0.031249682	0.0385771467	0.0879080212	-0.0970679852	-0.0966136648	0.1411954429	0.0529323178	-0.1051253015	-0.0533049717	-0.0827312332	-0.0222872378	-0.0896428276	-0.115260959	0.0651619293	-0.1177888936	-0.0136710798	-0.150729671	0.0188560675	0.0043310322	-0.1514201432	0.0873093955	-0.1083603578	-0.0335913938	0.0195756581	0.0634176671	-0.0717227548	0.1777380806	0.1066203893	-0.0932780165	0.0082530603	-6.57445e-05	0.1392053739	0.0082664328	-0.0303297289	-0.0810468158	0.0257134762	0.0497102577	-0.0295533611	-0.0841483183	0.1008635061	0.0067017003	-0.1187713263	-0.020020823	0.0374926	0.0057793	3.340030849000001e-05	0.00140569505476	0.104161	-0.0082969999999999	6.884020899999998e-05	0.010849513921	0.604898	-0.0069879999999999	0.365901590404	4.883214399999992e-05	-0.00547948	-0.00087053	3.00247010704e-05	7.578224809000008e-07	-0.00239295	-7.646999999999992e-05	5.847660899999988e-09	5.7262097025e-06	0.00190256	6.181000000000003e-05	3.6197345536e-06	3.820476100000004e-09	0.0	0.0	0.0	0.0	0.0	0.0
288.96364448350863	0.3504945705333284	0.1228464439733423	83499.98783319157	264.3038245554324	0.3698967103605355	69856.5116746288	0.1368235763355459	208.1588588396827	0.0961231036465903	43330.11051343894	0.0092396510546531	207.67792340065327	316.9018195928508	1.117979	29.684959	0.177858	0.109667	-0.0956264697	0.0366619903	0.025622444	-0.1341165174	-0.0487294194	0.0072646053	-0.1339523841	0.0793956244	0.0708870027	0.0966637063	0.0299669686	0.1099644797	-0.0166100106	0.0010237279	0.0682632612	-0.0226552813	-0.1660458859	-0.0806267313	-0.0826947323	0.0709147279	0.035056495	-0.1195556204	0.0273321621	0.0176449803	0.020618055	0.0465870023	0.0334020792	-0.0729590198	0.0291062107	-0.0869983334	0.0421639793	0.0389571321	0.1212562992	0.0910417778	-0.1257261415	-0.0610797929	-0.0121976829	0.0538405834	0.160875956	0.0296000947	-0.0944376272	-0.009238036	-0.0096303253	0.0015184126	-0.0899087976	0.0814822338	-0.0903496408	0.0125593237	0.005923534	0.0300482107	-0.1698082279	-0.0880771565	0.0054656309	-0.0071554364	-0.0278098916	0.0514215328	0.0341756763	-0.0507153755	-0.0601662704	-0.1168390102	-0.0416955931	0.0586463226	-0.1431581592	0.0299256248	-0.0468800381	-0.0042105771	0.1229979173	-0.0981234701	-0.0727009656	-0.118919882	0.0282774683	0.0194236871	-0.0280009024	0.0325303883	-0.0156314007	-0.075559761	0.0242753243	-0.0829054204	0.0100824672	0.056019148	0.1351306007	0.0842606676	0.1299330835	-0.0739346551	-0.0030859434	0.0765912776	0.1265908312	0.0409131949	0.0884891168	0.0284701795	-0.0079177293	0.0125912026	-0.0661203073	0.1146317242	-0.0898944941	-0.0157136563	0.02335409	0.0103686091	-0.135825759	-0.0933742464	-0.0223223828	-0.0318898694	0.0271708332	0.0324379403	0.0273969192	-0.0359301368	-0.0159826652	-0.1228738446	-0.0511069014	0.1122113426	0.0297324996	0.1159716265	-0.041105876	-0.0029852602	0.0755732439	0.2060151629	0.0611267668	-0.09492347	0.0146345919	-0.0395214469	-0.0835832015	0.0826129687	-0.1169867292	0.0099799709	-0.0728793678	-0.1259763703	-0.1412782677	-0.0670816291	0.0518332528	-0.0501934925	0.0060236657	0.0765760507	0.0514881283	0.0457538911	-0.0054245484	-0.0212013984	0.0265985042	-0.0277525749	-0.0433834917	0.0361162674	0.0253854366	0.0040223704	-0.1192521267	-0.012048889	0.0240661	-0.0134265	0.00018027090225	0.00057917716921	0.159807	0.055646	0.003096477316	0.025538277249	0.512436	-0.092462	0.262590654096	0.008549221444	-0.00547607	3.409999999999698e-06	2.9987342644900005e-05	1.162809999999794e-11	-0.00208742	0.00030553	9.334858090000003e-08	4.3573222564e-06	0.00192009	1.7529999999999976e-05	3.6867456081e-06	3.0730089999999916e-10	0.0	0.0	0.0	0.0	0.0	0.0
289.14660818234177	0.1829636988331344	0.0334757150907019	83605.76102335266	265.0196050008138	0.7157804453813696	70235.39103478736	0.5123416459903519	208.2050511926958	0.0461923530131116	43349.34334215308	0.0021337334768879	207.71806227988984	318.5390523380032	1.073065	28.492393	0.0933262999999999	0.0775323	-0.0630560756	0.0237257586	0.0038947015	-0.0650882953	-0.1202153594	-0.1111017464	0.0814069457	-0.1057381991	0.0574038428	-0.1395016705	0.0066716279	0.0421542236	0.0237177836	0.1082835197	-0.1065223652	-0.13954284	0.0014078832	0.0644827892	-0.035818875	0.0846558829	0.0695675357	-0.1145745458	0.0108669927	0.0160843706	0.0892138531	0.0900694536	0.0125001282	-0.0962833717	-0.1130013808	-0.0304889922	0.0342458612	0.0140588444	0.0281367169	0.0485986142	-0.0546482509	0.0398167743	-0.0293268631	-0.0458412069	0.0167947445	0.0795113815	-0.0102724952	-0.1006001161	0.0011175795	0.1785166666	-0.0392997674	-0.026359604	-0.018434161	0.0152931984	0.1228362904	0.0252091741	0.0067208781	0.0685937709	-0.0327722848	0.0304107002	0.0955137015	-0.0134898207	0.0621476489	0.1171349918	-0.0426979443	0.0486490308	0.153368082	-0.0644782728	0.1689138684	0.1969547607	-0.0702099422	-0.0803384937	0.1293091689	-0.0080142989	-0.0959263777	-0.114654309	0.0095732302	0.0191436053	-0.1068179049	0.0426036163	-0.0275304796	-0.0814839893	-0.1239634568	-0.050599366	0.0386564707	0.0179606803	0.0338551886	0.0403411315	0.0490701421	0.0285350421	-0.0191690785	-0.0487943497	0.0091838193	0.0782930406	0.0486752666	-0.0851558835	0.1183865247	0.1548746461	-0.00918088	0.0090846927	-0.0125103835	-0.0051108495	-0.0346567921	-0.1045804002	-0.0245405535	0.0471139094	0.027162814	0.0269210194	-0.0565617015	0.024011281	-0.0330845448	0.1457586633	-0.0863408826	-0.0264049087	0.0662250419	-0.0941315309	0.1883213998	-0.1946922998	-0.0662163374	-0.0548835174	0.1062078719	0.1285802748	-0.0939881538	-0.0708779616	0.0212760891	-0.0588354148	-0.0981612266	0.0474608287	-0.1748603807	0.1153174412	-0.0674382879	0.0784143673	0.079655469	-0.0115961464	0.1073498464	-0.0536622726	-0.0340166138	0.042655359	0.0092182858	-0.0140089955	0.1051274414	-0.0250552297	0.0607707075	0.012914052	-0.0873618507	0.0805983199	-0.0679301232	0.0013410152	-0.1194927693	-0.0040223704	0.0340056	0.0099394999999999	9.879366024999994e-05	0.0011563808313599	0.0828766999999999	-0.0769303000000001	0.00591827105809	0.0068685474028899	0.512403	-3.2999999999949736e-05	0.2625568344090001	1.0889999999966827e-09	-0.00552123	-4.515999999999982e-05	3.04839807129e-05	2.039425599999984e-09	-0.00201677	7.064999999999979e-05	4.991422499999971e-09	4.067361232900001e-06	0.00190743	-1.2659999999999842e-05	3.6382892049e-06	1.6027559999999595e-10	0.0	0.0	0.0	0.0	0.0	0.0
289.3625159315061	0.2159077491643302	0.0466161561492073	83730.66562621112	265.1205627070533	0.1009577062395123	70288.91277010458	0.0101924584491436	208.38543762731427	0.1803864346184696	43424.49061512729	0.0325392657943634	207.9278620665263	319.9401543073055	1.1321	30.059912	0.1594193	0.0848753	-0.0083956243	0.0281199527	-0.0484117631	-0.100001693	-0.0092974779	0.1054662574	0.0787715576	0.0904973877	0.0364481018	0.0413600627	-0.0590732085	-0.1017850466	-0.0197784666	0.0784252397	0.0339621504	0.0630769828	-0.0751726095	0.0586710185	-0.0487200103	-0.0968506076	0.0503646083	-0.0469422054	0.0144896041	-0.0532224653	-0.0927313294	0.0544383267	0.0327833985	0.0419734591	-0.0541449049	-0.2155018907	0.0290749208	0.0350808277	0.1488024862	-0.0391673698	-0.0156169345	-0.0421757886	0.0280661184	-0.0879301123	0.1296380699	0.0264683145	-0.1351202741	0.0509170102	-0.1327352909	-0.0244658106	0.0600227589	0.0886464181	-0.1018734021	0.0011000197	0.0482403215	-0.0183514216	0.0815039335	-0.079418762	-0.0079501651	0.1382918454	0.0195824025	0.0344431859	0.0382266616	0.0853979554	0.0299537986	0.032722797	-0.1535035353	0.0856076422	0.0603862838	0.0124515451	-0.0560772148	0.1047453284	0.0192963763	0.0390071695	-0.050300242	-0.0477714187	0.0131191434	-0.0622467351	0.0904694214	0.0858495992	0.0673800558	0.0350365224	-0.0448401971	-0.2068911567	0.0042960146	0.0466330033	0.1508883352	-0.0445409779	0.023713755	-0.0323673112	0.0199906741	-0.057827729	0.1168711575	-0.0200139174	0.1383860054	0.06221972	-0.1171730878	0.0576615168	0.063807128	0.0813575816	-0.071071476	-0.0326198919	-0.0626054145	-0.0696420294	0.0740795054	-0.0179689719	-0.1318847207	0.0305682913	-0.0521696849	0.0275987441	0.0323603198	0.083678725	0.0636097816	0.0477475628	-0.1258998275	0.119504459	-0.0235566498	-0.0684244247	-0.0690608088	0.1063536897	0.0238752193	-0.0236001411	-0.0278299998	-0.0284220516	0.022238501	-0.0658985058	-0.0159479285	0.0352703404	-0.1008070793	-0.0857539481	-0.0476035636	-0.0085854006	-0.1270860359	0.1496346106	0.1130469387	-0.0550871777	-0.0728264582	0.0325139694	-0.0114947205	0.1044746557	0.0313388374	0.0256816595	0.1038060993	0.075153678	0.0389731673	0.0661927228	0.0522662615	-0.0013410152	-0.1194927693	0.0040223704	0.0403776	0.006372	4.060238400000003e-05	0.00163035058176	0.139868	0.0569913	0.00324800827569	0.0195630574239999	0.461952	-0.050451	0.213399650304	0.002545303401	-0.00505261	0.00046862	2.55288678121e-05	2.196047044000003e-07	-0.00159124	0.00042553	1.810757809000001e-07	2.5320447376e-06	0.00192538	1.7949999999999867e-05	3.7070881444e-06	3.2220249999999525e-10	0.0	0.0	0.0	0.0	0.0	0.0
288.8598345737241	-0.5026813577820235	0.2526885474615787	83440.00402995924	263.9009166170049	-1.2196460900484	69643.69379129537	1.4875365849703497	208.63042475315987	0.2449871258455971	43526.65413268391	0.0600186918300864	208.1496812689988	318.67794219308286	1.197133	31.786671	0.0974121	0.0448308	-0.0349240373	0.055690355	-0.0069715219	-0.0301004866	-0.101462515	-0.0317508761	-0.1035478078	-0.0031018188	0.0310673211	0.0686320092	0.1176337486	0.0785008154	-0.0746459349	-0.1680842583	0.0831135989	-0.0434605329	-0.0250082068	0.0476512023	-0.0353642604	-0.0573658703	0.0260862926	0.0010707382	0.0636365642	-0.059395003	0.1724731426	-0.0844717317	-0.0524002584	-0.0364281568	0.0819836861	-0.07732583	-0.0405545814	0.1004365557	0.0946682586	-0.0356096377	-0.0656228078	0.0467292171	-0.0420062329	0.0613976752	-0.0523969653	-0.1923890243	-0.1107839135	0.080020427	0.0240126916	-0.0513483557	-0.0485883019	-0.049404209	-0.093691959	0.0472685336	-0.0259748668	-0.0526571722	-0.0143262851	-0.0574671556	0.0199660713	0.1334421146	-0.0396630072	-0.1170669548	0.0330909743	0.0756919455	0.0485068821	0.0022763368	-0.1599213658	-0.1123557045	0.011889888	-0.0025916907	0.159634948	0.1498261997	0.0662898426	-0.0247321562	-0.0049855684	0.0001331471	0.0641007343	-0.051054442	-0.1166046188	-0.1475691917	-0.0801857991	-0.0004878181	0.0725769422	-0.0792949078	-0.072880896	0.1062028862	0.0886542433	-0.0375387752	0.0723056796	0.0337978095	-0.0505652732	0.0804940333	-0.0260394465	-0.1703065995	-0.0494490597	0.1213620463	0.0178093367	-0.0167985417	-0.0846925127	-0.0342384522	-0.1095471476	0.0330376901	-0.0333338288	0.0104248123	0.0012069433	0.0077795777	-0.1179657329	-0.0184769594	-0.045942533	-0.1172911605	0.080098273	0.0708593191	0.0870362106	0.0513458424	-0.2055662618	-0.028464454	0.0121487541	-0.0136250077	0.1686888105	0.1306615783	-0.0080528881	0.0360149801	0.0732887498	-0.043010745	0.0389996558	-0.0416375507	0.001357983	0.0333440362	-0.03327416	0.1279786126	-0.0917702218	-0.122057543	-0.0969951323	-0.1179568114	0.0522062061	-0.0187078473	-0.0393102946	0.1026637211	0.0017784434	0.0084678127	0.0154593118	-0.0077761071	-0.0254151793	0.0302022782	-0.0223417358	0.0158426323	0.1488603368	-0.0040223704	-0.1192521267	0.012048889	0.0520217	0.0116440999999999	0.0001355850648099	0.0027062572708899	0.160954	0.021086	0.000444619396	0.025906190116	0.480765	0.018813	0.231134985225	0.000353928969	-0.00547957	-0.0004269599999999	3.0025687384899995e-05	1.822948415999997e-07	-0.00191398	-0.0003227399999999	1.0416110759999999e-07	3.6633194404e-06	0.00209306	0.0001676799999999	4.3809001636e-06	2.8116582399999972e-08	0.0	0.0	0.0	0.0	0.0	0.0
289.0701867050058	0.210352131281752	0.0442480191347754	83561.57284166693	265.3278573513031	1.4269407342982277	70398.87188663345	2.0361598591995653	208.67316658780965	0.0427418346497745	43544.49045378376	0.0018268644292286	208.1886080955181	315.65598423220854	1.172052	31.120712	0.0993219999999999	0.0600529	-0.0018275459	0.0926415788	-0.0218375645	-0.0590432183	-0.072474161	-0.0422297716	0.1719771674	-0.0958604129	-0.0148358939	-0.1467380274	0.0523860082	-0.0639206236	0.1351390129	0.1214605136	-0.0452946111	-0.0782826311	-0.0937562438	0.0099878968	-0.0079065762	0.0041340775	-0.013333289	0.0406584329	0.0465637557	-0.1067920642	0.1372745793	0.1139180467	0.0166868117	0.0212938033	-0.0352379769	-0.062973897	0.0033967526	-0.0105710058	0.0050015187	-0.1222551429	-0.055322786	0.0664814835	-0.1184383775	-0.0500971983	-0.1776574631	-0.0446366715	0.0476589345	-0.0043345984	-0.0735348522	-0.0339869792	0.0328575364	-0.0728143498	-0.073288096	-0.0139377547	0.0642431578	0.056616256	0.0289808597	0.0217575475	0.0497211939	0.0702923398	0.1301862445	0.0520171238	0.1254499586	-0.0219832381	-0.1386829723	0.125005271	-0.0178194854	-0.050916435	0.0081666053	-0.053143648	-0.1103948369	0.0393914034	-0.0599802437	-0.089065341	0.0557821208	0.0380276684	0.0425753035	-0.0997114638	-0.1698370272	0.0412833045	0.0325026271	0.0137807649	-0.0442863918	-0.0893656084	-0.0037170809	-0.0214577628	-0.0029243861	-0.109634236	0.064396327	0.0609410811	-0.1111033577	-0.0690240334	-0.1580647475	-0.0361669882	-0.0960860794	-0.0228931301	-0.0575068364	0.0180402318	0.01200388	-0.0794836957	-0.0806113568	-0.0284665868	-0.0307317481	-0.0914936253	0.0122203948	0.0393532907	-0.0247109968	-0.0413480115	-0.1094613905	0.1320479106	0.0979310946	0.0307116793	-0.0999391717	0.0640176051	-0.0598841859	-0.0909723088	-0.0304840338	0.0329669918	-0.1660155606	0.0032398677	-0.0952697496	0.0307701027	0.0845074711	-0.0190048217	0.0483908909	-0.0890500258	-0.0059313438	0.0081192996	-0.0881633238	0.0485535418	-0.0735329856	0.1293189392	0.0789707902	0.0419762152	0.1108547931	-0.037459035	-0.0570115778	0.0642185413	0.0167084477	0.0660749346	0.0476400665	-0.0650307166	0.0419926145	0.0658694394	-0.0575193952	0.0679124464	0.0449267908	-0.0067017003	-0.1187713263	0.020020823	0.0548537	0.002832	8.020224000000007e-06	0.00300892840369	0.109369	-0.051585	0.002661012225	0.0119615781609999	0.480723	-4.199999999998649e-05	0.231094602729	1.7639999999988652e-09	-0.00509843	0.0003811399999999	2.59939884649e-05	1.4526769959999957e-07	-0.00159124	0.0003227399999999	1.0416110759999999e-07	2.5320447376e-06	0.00228644	0.0001933799999999	5.227807873599999e-06	3.7395824399999977e-08	0.0	0.0	0.0	0.0	0.0	0.0
289.32938669864154	0.2591999936357183	0.0671846367007564	83711.49400741205	265.2408046581127	-0.0870526931904009	70352.6844556831	0.007578171391702	208.4300050332914	-0.2431615545182524	43443.06699817788	0.059127541595733	207.95940629038924	318.4596510193607	1.100635	29.224438	0.1364618999999999	0.0770729	0.0302210715	0.075098565	-0.0591569404	-0.1452333963	0.0964879356	0.0290719884	-0.0078870695	-0.0089956037	0.0166689987	0.1315138911	-0.042921495	-0.0926448121	0.086864784	0.0852082873	-0.0041209426	-0.0491267735	-0.0010528751	-0.0623803011	-0.0414918722	0.0077521437	0.0197310745	0.0277676779	-0.0065584038	-0.0198094356	-0.0572213187	0.0290995137	-0.0720473053	-0.0233599118	0.0371784267	-0.1773012054	0.1206948843	0.0700992565	0.1298340041	-0.133465093	-0.1481477186	-0.09439137	-0.0970732357	0.0248004318	-0.0165342169	0.0352782512	-0.0737503113	0.0683273149	-0.231467658	0.0248155972	0.0007820087	0.0865410835	0.0997703267	-0.0209759555	-0.0412642509	0.1627554984	-0.0187720572	0.1247696817	0.1168184351	0.0082758014	0.0206383208	-0.0767040111	-0.1030833536	0.0806961188	-0.1148453731	0.0101668173	0.0612731324	0.1194387007	-0.088333155	0.0980428986	-0.1308311997	0.0383029386	0.0423928192	-0.0051291279	-0.1418809784	0.0258517156	-0.00628538	-0.0303669701	0.0708571432	0.0592185457	-0.0779357751	0.0254669396	0.0255833844	-0.1763674142	0.0751323728	0.0681092622	0.1487008067	-0.1503894493	0.1434689599	-0.0850620906	-0.089604637	0.0254607798	-0.0669802217	0.0146088313	0.0737823446	0.0518103486	-0.2038764857	0.1406934619	0.0315676393	0.0836034474	0.08900209	0.0078199974	0.1638928795	-0.0575057146	-0.010285339	0.1179548109	0.0633413508	-0.1269557482	-0.0169743841	-0.0722411241	-0.1065965208	0.064331459	-0.135267388	0.0158223062	0.0362031502	0.1150971993	0.0818385215	0.0391104846	-0.1270560451	0.0810440356	0.0185731906	0.1420101709	-0.0590937631	0.0292520782	0.0341761382	-0.0840360788	0.0411688548	-0.034267896	-0.1393482188	-0.0396473182	-0.0575206192	0.0218235924	-0.1749080748	0.0223099397	0.0094705408	-0.0476478851	-0.051982538	0.0012075519	-0.0073554104	0.0703844621	0.0384219932	-0.0208869927	0.0628153589	0.063037317	0.0317228349	0.0211812299	0.0008314149	-0.0093776556	-0.1180513362	0.0279020578	0.0460793	-0.0087744	7.699009536000003e-05	0.0021233018884899	0.160823	0.051454	0.002647514116	0.0258640373289999	0.428864	-0.0518589999999999	0.183924330496	0.0026893558809999	-0.00492067	0.0001777599999999	2.42129932489e-05	3.159861759999996e-08	-0.00159124	0.0	0.0	2.5320447376e-06	0.00197671	-0.0003097299999999	3.9073824241e-06	9.59326728999999e-08	0.0	0.0	0.0	0.0	0.0	0.0
289.4140618415093	0.0846751428677521	0.0071698798196742	83760.49919160096	264.9587557192202	-0.2820489388925011	70203.14223227742	0.0795516039303858	208.6946827400786	0.2646777067872108	43553.47060398206	0.0700542884701367	208.2247806288178	322.91697053577167	1.326212	35.214039	0.4911219	0.30299	0.2718703418	0.0870641711	-0.101027704	0.0804899287	0.0326451785	-0.0826238467	-0.0133737861	0.1111134514	-0.2689426583	0.0588304119	0.0884770189	0.0638915495	0.1698581268	-0.0407787015	0.1325674123	0.0125193285	0.0307063784	0.0486267732	0.0965200403	-0.0869194733	-0.0938276977	0.2199374737	-0.0354415102	0.0712285882	-0.0246841551	0.1545397629	-0.0761220245	0.0642408975	-0.0806809818	0.0701639141	0.1390259195	0.1065371844	0.1919771701	-0.0007667235	-0.0037043716	0.0012512874	0.0550478231	0.1431965065	-0.0427407279	0.1877144943	-0.0768745902	0.0594475691	-0.0604508852	-0.1053747789	-0.0289462036	-0.0781578689	0.0353559102	0.1479432555	-0.0177025238	-0.1005360813	0.0547316507	-0.0395439633	-0.1052569343	0.1023021497	-0.063878906	0.0561800847	0.022281291	0.0588103306	0.0886006282	-0.060899482	0.0558069117	-0.2163485996	-0.1107863782	-0.0574368777	0.261377723	-0.067311452	0.0482759432	-0.0409841518	-0.0432149103	0.2205641582	-0.0370534947	0.0700131566	-0.052036743	0.1505350484	-0.0228988782	0.0952343119	-0.0786600787	0.0775697095	0.1114682778	0.1053020078	0.211341489	-0.030009865	-0.0089105547	-0.005537584	0.0614846833	0.1275273354	-0.0846698612	0.1380015722	0.1263413813	0.0555822078	-0.067899877	-0.0205447711	-0.0432727855	-0.0732550274	-0.0117889737	0.1826072764	-0.0896312822	0.0457631008	0.0677952753	-0.0057968108	-0.1087895689	0.1139519824	0.0394169973	0.0322366439	-0.0028247463	0.027493753	0.0988298201	-0.0475705971	-0.045163207	-0.1617128195	0.0089183588	0.1500782373	0.2969962327	-0.0312101975	0.0352329637	0.0641633798	-0.048971999	0.2569252526	0.0265771909	-0.0929104407	0.1681255697	-0.08010853	-0.1269777286	-0.0774825543	0.014219812	-0.0712712413	0.0917667178	-0.1363468466	0.0729315149	0.0742725602	0.0191498169	0.0025988447	-0.1289860587	0.002287102	0.101169397	0.0809842216	-0.0493519361	0.0711416221	0.1572242188	-0.1130865054	-0.0015660792	-0.012048889	-0.1170936064	0.0356568892	0.0162424	-0.0298368999999999	0.0008902406016099	0.00026381555776	0.11785	-0.042973	0.0018466787289999	0.0138886225	0.200122	-0.228742	0.040048814884	0.052322902564	-0.00214448	0.00277619	4.598794470399999e-06	7.707230916100002e-06	-0.00123199	0.00035925	1.290605625e-07	1.5177993601000002e-06	0.00132075	-0.0006559599999999	1.7443805625e-06	4.302835215999999e-07	0.0	0.0	0.0	0.0	0.0	0.0
289.6316898127592	0.2176279712498967	0.0473619338703458	83886.51574379436	265.35827036786964	0.399514648649415	70415.0116526274	0.1596119544854655	208.7560436290104	0.0613608889318015	43579.0857516373	0.0037651586905008	208.26758364467656	320.23647290185147	1.166488	30.972986	0.1769702	0.11586	0.1960313747	0.0983164231	-0.1218866124	0.1966623623	0.0345631296	0.0737632522	0.0615498263	-0.0093639877	-0.1896076711	-0.0917400167	0.1222959055	-0.2234117205	0.0532949953	-0.1388326182	0.1041837194	-0.0771481263	-0.0897261997	-0.0373100695	0.1018922706	-0.0045751787	-0.1068486048	0.1362792043	-0.0020988313	-0.0066923541	-0.014907108	-0.1376838531	-0.0483813769	0.1036016837	-0.161423268	0.0222615199	0.1040153903	0.1588107925	0.1591114526	0.0155488015	0.0977586815	0.1210751492	0.1140638756	-0.0112817515	-0.1536789422	-0.1275184908	-0.0765250654	-0.1214337519	-0.0684956341	0.0790147294	0.0328254237	0.1647865544	0.0419560988	-0.1460940732	0.0701902222	-0.0445271733	0.0145009398	0.0157138912	0.0401680463	-0.2156064726	-0.0446892246	0.1017384132	-0.1288646692	0.0130096016	-0.1723202467	-0.1132981417	-0.0447440102	-0.0510672782	-0.1402715746	0.0819156255	-0.0543546047	-0.0252192673	-0.0614384381	0.1491471159	0.035168699	0.1376449037	-0.0006540799	-0.0103725099	0.0601029438	-0.1214542298	0.023426698	0.1226906766	-0.145785905	0.0528917118	0.0917889923	0.1437337638	0.1786565022	-0.0171280752	-0.1101636927	0.1247429814	0.0662805974	0.0130075975	-0.1151198057	-0.196267781	0.024285676	-0.1088564013	0.0027748115	0.081864564	0.0365595023	0.1561201815	0.0646194782	-0.1476586791	-0.0790810929	0.0133026014	-0.0122432451	-0.0722106393	0.1922158598	-0.0525193876	0.0925846551	0.0110233422	-0.1023140439	-0.09470632	-0.1845292058	-0.0750475174	-0.1158020941	0.0215277503	0.085409275	0.1386831283	-0.0203054141	-0.0132173195	0.0388930945	-0.1722694519	-0.1212907858	0.1739374026	0.0336830599	-0.075314435	0.2139145918	-0.1479858962	-0.071644374	0.0808955937	0.0043739199	-0.1372071411	0.0082642946	0.088207692	0.107949765	0.0802384439	-0.0343529851	-0.1231062948	-0.1044071343	-0.0384775469	0.1174472733	-0.0373443317	-0.0434594896	0.000610109	0.0124628414	-0.0557619639	0.0750904456	-0.0147140554	-0.1159000657	0.043250186	0.0163446	0.0001022	1.0444840000000042e-08	0.00026714594916	0.145775	0.0279249999999999	0.0007798056249999	0.0212503506249999	0.302101	0.101979	0.091265014201	0.010399716441	-0.00265703	-0.00051255	7.0598084209e-06	2.6270750250000005e-07	-0.00159124	-0.00035925	1.290605625e-07	2.5320447376e-06	0.00138823	6.747999999999997e-05	1.9271825329e-06	4.553550399999996e-09	0.0	0.0	0.0	0.0	0.0	0.0
289.5515879699886	-0.0801018427706026	0.0064163052152463	83840.12209594205	265.31182647281224	-0.0464438950573935	70390.36526633964	0.0021570353881021	208.365990591352	-0.3900530376584186	43416.386035115385	0.1521413721865597	207.89882101175303	321.037128697589	1.205464	32.007896	0.241301	0.160467	0.1458405456	0.0593122406	-0.0971276121	-0.0810222105	0.1736948893	-0.1077237776	-0.0691556368	-0.0519702088	-0.085180353	0.1698887735	-0.0153688866	-0.0817123414	0.0827002508	0.0610119593	0.0005457968	-0.1005103487	0.1762392168	0.0285537434	0.0125108519	0.0152117963	0.0155001024	0.0632585583	-0.0446355205	0.0261806453	-0.0702863579	0.0401565591	-0.141145116	-0.0404341515	-0.0335665445	-0.1499739883	0.1651898348	0.0222155897	0.1469630479	0.0439159368	-0.1220435672	-0.0078308194	-0.0474424018	-0.0842965158	-0.0353749129	-0.0254398422	-0.1645219974	-0.0280977978	-0.1451718636	0.0111349778	0.0828815512	0.0112408854	-0.0350289711	0.0365038234	0.0113653668	-0.0546448655	-0.0221191024	0.0298950387	0.1591566046	0.1081038453	-0.0655110122	-0.1088011029	0.0002939669	-0.025982175	0.0084166499	-0.049944362	-0.0554214708	-0.0431754045	0.0510479638	-0.0151188969	0.0030630173	-0.1684514576	-0.049341146	-0.1071345353	0.0604794171	0.061454668	-0.0434591101	0.0151474997	0.0775268161	0.0740385273	-0.1438101477	0.0434181315	-0.0353567484	-0.1364852247	0.131954889	0.0465232853	0.1884855286	0.028629713	0.1267680486	4.74101e-05	-0.0696147103	-0.0706451794	-0.0357308383	-0.096438729	0.1278353136	0.0055487987	-0.0797762953	0.1074226689	0.0753646664	0.003283283	-0.0643140231	0.0412109604	-0.0401503666	-0.0008564899	-0.0244051428	0.0659625605	-0.0642716237	-0.142144351	-0.0314741945	-0.1393262899	0.0443291124	-0.0212670106	0.0587370781	-0.0129141539	-0.0609353218	-0.0316911778	-0.0325497151	-0.0243750597	0.0046052854	-0.1788352838	-0.0558697369	0.02533305	0.0482193649	0.1129800264	0.0110630967	-0.1029215391	0.0978673541	-0.1145689267	-0.222162626	-0.0059469494	-0.0526074073	0.0029122151	-0.1081958714	-0.0238803297	-0.073847043	-0.0318175402	-0.053333745	-0.0115658886	-0.0942366041	0.0174135712	0.1133401502	0.0058121996	-0.0229620964	0.0451111926	5.2913e-05	-0.0169037718	-0.1104063644	-0.0173718128	-0.1144731177	0.0506475487	0.0163981	5.3499999999998e-05	2.862249999999785e-09	0.0002688976836099	0.116774	-0.0290009999999999	0.0008410580009999	0.013636167076	0.397561	0.0954599999999999	0.158054748721	0.0091126115999999	-0.00475867	-0.0021016399999999	2.26449401689e-05	4.416890689599999e-06	-0.00159124	0.0	0.0	2.5320447376e-06	0.00162232	0.0002340899999999	2.6319221824e-06	5.4798128099999975e-08	0.0	0.0	0.0	0.0	0.0	0.0
289.3441878931629	-0.2074000768257065	0.0430147918673089	83720.05906755394	264.4185010733428	-0.893325399469461	69917.14370987337	0.7980302693372721	208.267192588353	-0.0987980029989898	43375.22350863412	0.0097610453965884	207.79724978801283	317.3335838681944	1.363737	36.210396	0.4062498	0.266493	-0.0450250648	-0.0021884131	0.0079224059	-0.0256899413	-0.0282774686	-0.1596766884	-0.0176250513	0.1390008407	0.057212443	0.042607077	0.0007543574	0.1685432639	0.0235712237	0.0215018859	0.0653004711	-0.0115025589	-0.0624559823	0.009142919	0.0657889138	0.0052471325	0.0298699756	-0.08056766	-0.0496239955	0.0183780713	0.0907566319	0.0785226017	0.0589535859	-0.0187081812	0.0601071116	-0.0655960352	0.030013729	0.0356328127	0.0240342386	-0.0868159123	-0.0389246467	-0.0852673699	0.1907376565	-0.0472259114	0.0944960763	0.0422931849	0.1079225635	0.0936325126	0.0597123221	0.0685460084	0.0208738522	0.0248745888	-0.1016987348	-0.0676003846	0.0893685623	0.0499630676	-0.0500473528	0.0229346561	0.0235508858	0.0155823765	-0.0935935709	0.0973890401	0.1678213464	0.0186827732	0.0153831024	0.0146695248	-0.036723347	-0.0092633921	0.0218362002	-0.0690807768	-0.0819232916	-0.1037131239	0.0312653313	-0.0550868536	-0.0602235805	-0.0817659835	-0.0521364722	0.0287233825	-0.1200699584	0.0292591935	0.0380837295	-0.0449233542	0.0624635418	-0.0826158453	0.0156725728	0.0236504351	0.0152833848	-0.0880619428	0.0387272365	-0.0610557819	0.2286011678	-0.0527117207	0.0909493816	0.0591634279	-0.0570115794	0.0575822976	0.0285279375	-0.0048201561	0.0481382594	0.0305670694	-0.0292867955	-0.0976525019	-0.047046993	-0.0798187646	-0.054812128	0.0317716381	-0.0277083642	-0.0386001715	0.128463737	0.1056814403	0.1018068454	0.0727598221	0.05854586	-0.0341143114	-0.0115171225	-0.0174758968	-0.0725030052	0.0085501289	-0.0902278673	-0.1097864228	0.0200072691	0.1123546485	-0.006257814	-0.0400171864	-0.0128085526	0.0146375164	-0.0552355867	0.1458859041	-0.1855211274	-0.045196456	-0.0383249186	-0.0923978095	-0.0010266767	-0.0591755629	0.0463568934	-0.0107396591	-0.0041622355	-0.0329090245	0.0061721854	-0.0642605949	-0.0448880482	-0.0316468191	-0.0346433002	0.0387333235	0.0171749782	0.0219528954	-0.0113523477	-0.020020823	-0.112815636	0.0578154653	0.0247139	0.0083158	6.915252964000002e-05	0.00061077685321	0.196385	0.079611	0.006337911321	0.038567068225	0.616379	0.218818	0.379923071641	0.047881317124	-0.00645559	-0.00169692	4.16746422481e-05	2.8795374864000007e-06	-0.00174127	-0.00015003	2.25090009e-08	3.0320212129000003e-06	0.00176547	0.00014315	3.1168843209000005e-06	2.0491922500000026e-08	0.0	0.0	0.0	0.0	0.0	0.0
289.1951322368589	-0.1490556563039717	0.0222175886762077	83633.82450949431	264.4193118536914	0.0008107803486154	69917.5724811797	6.573647737010405e-07	208.3602917556848	0.0930991673318146	43414.0111805141	0.0086674549578772	207.91437265956688	318.06790059099416	1.065919	28.302633	0.1682983999999999	0.0826355	-0.0430822883	-0.023373178	0.0201481751	0.0602265407	-0.0974530764	-0.0466554522	0.0600976346	0.002352947	0.035446084	-0.139710807	0.0440160235	0.0618797619	-0.148544763	-0.0134607585	0.0410370877	0.0083694298	0.0749685758	0.1431550531	-0.0724141407	0.0645470257	0.0546022383	-0.042850193	0.0221176846	-0.0036269886	0.1814812162	-0.0295492207	0.1035683951	-0.0111367643	-0.0289189499	-0.039634684	-0.1080655376	0.0360578149	0.0575856745	-0.0460905346	-0.0176983192	0.0076592905	-0.0484541264	-0.0129340591	0.0265196405	-0.0985809265	0.0440540138	-0.0826239633	0.0845636163	0.1989597299	0.0720736303	-0.0804920785	0.0772124903	0.0025026831	0.039154709	-0.0873550842	-0.1488743447	0.1464414312	-0.0607696354	-0.0147964896	-0.0072292194	-0.1539278751	-0.0080767855	0.0185034506	-0.0987052531	-0.0337670537	-0.0837741452	-0.0118990625	0.0147929628	-0.0468973433	0.0861491053	-0.0395208656	-0.0183069851	0.0269023828	-0.0130077264	-0.0410174202	0.0194122021	0.0066674	-0.143440575	-0.1097915014	0.0878004167	-0.0593798186	-0.0286784616	-0.0581359331	-0.111530143	0.0343422815	0.0268234565	-0.0436156902	0.0285507837	-0.0089634736	-0.0286777807	-0.0215712105	0.0551304169	-0.0354436079	-0.1052637507	-0.0486314258	0.2007470851	0.127188734	0.072815973	-0.069969645	0.0483780431	0.0216696575	-0.0230144065	0.0465785129	-0.1798264673	0.0978958188	0.0943491503	0.059487314	-0.0346194581	-0.1485104965	0.0247234292	0.0124592771	-0.0945456489	4.1978e-05	-0.0855563923	0.0178688604	-0.0768106062	-0.0023245178	0.0893419221	-0.0411199999	-0.0023243873	-0.0347625841	-0.0365061907	-0.045395438	0.0159961374	0.0059140123	-0.0754656205	0.0752376991	-0.0342050592	0.1742925386	-0.0420906127	-0.0737214411	0.0431442534	0.0448186269	0.1072730472	0.0502965389	0.0054746729	0.0633950463	-0.0311678475	-0.1282673185	-0.0308015271	0.001764129	-0.0737530721	-0.0181452871	-0.0354832975	0.0593706267	-0.0476651087	-0.0226597522	-0.1109309587	0.0647214634	0.0550158	0.0303018999999999	0.0009182051436099	0.00302673824964	0.14851	-0.047875	0.002292015625	0.0220552201	0.664195	0.0478159999999999	0.4411549980249999	0.0022863698559999	-0.00677994	-0.00032435	4.59675864036e-05	1.0520292250000013e-07	-0.00180488	-6.360999999999997e-05	4.046232099999996e-09	3.2575918144e-06	0.00222362	0.0004581499999999	4.9444859044e-06	2.0990142249999986e-07	0.0	0.0	0.0	0.0	0.0	0.0
289.22696457379806	0.0318323369391464	0.0010132976750073	83652.23703657303	264.9344755826173	0.515163728925927	70190.27635223645	0.2653936676008659	208.4960375655085	0.1357458098236748	43470.59768051792	0.0184269248846852	208.0019168733889	318.74254726359044	1.113985	29.578905	0.2151233	0.131855	-0.0126258373	0.0088957654	-0.0755887618	-0.0538242813	0.0128049309	-0.0277012728	0.1223545939	-0.0308608698	0.0433286848	-0.0574407881	-0.0478026369	-0.0838880457	-0.0291799655	0.119564354	0.0006104632	-0.0631397969	0.0113050638	0.008673799	-0.0832067794	-0.0946526075	0.0164346505	0.0009124811	0.0567859341	-0.0809441304	0.0351761152	0.0880498523	0.0373277682	-0.0475031912	-0.0917405293	-0.1076529022	-0.0723596669	0.0174133941	0.004413202	-0.0429469334	0.0088550203	-0.016529671	-0.032444154	-0.1175718455	0.0677057451	-0.0191822044	-0.0281645981	-0.0399839521	-0.0527914506	-0.0845423109	0.0666672306	-0.0382207655	0.077073481	-0.0480013017	-0.0596885807	-0.0896606527	-0.0856534885	-0.0860876377	-0.0333348229	-0.0246727335	-0.0095425377	0.0158357325	-0.058222106	-0.1350537393	-0.0347267019	0.122267377	0.0121710778	-0.0607090641	-0.0181072889	0.0201049794	0.0096883786	0.0592255253	0.0260194388	0.080759983	0.0744177917	-0.0021151324	0.0538260076	-0.0867598772	-0.0396344401	0.0606162169	0.020089286	-0.0478157029	-0.1072320211	-0.1307577934	-0.0672977619	0.0243260881	-0.0108344178	-0.0344447016	0.0020059683	-0.0156791053	-0.0610560542	-0.0952947988	0.0843161204	-0.0476163156	0.0565494071	-0.0345999488	-0.083235983	-0.0401946719	0.038948497	-0.0596408159	0.0497595074	-0.0052643555	-0.0148901645	0.1159034029	-0.0695596778	-0.0823586565	-0.0296524589	0.0338886899	0.0078658315	0.0033104675	0.036002069	-0.1520231011	-0.0603955477	0.1221433558	0.0227090899	-0.0539052103	0.0493939843	0.0133968908	0.0138125989	0.0531673799	0.0571371914	-0.1059872185	0.0295322791	-0.0251499287	0.0501466046	-0.0572147492	-0.0330597111	-0.0043102651	-0.1322282072	-0.0049352386	-0.0146504765	0.0921203013	0.0343543436	0.0859392073	0.0829714115	-0.0123412208	-0.0237384641	-0.0265110863	0.0019245669	0.0672036928	0.0292192787	-0.0887832747	-0.0277851581	0.0201497303	0.0134128203	-0.0980904109	-0.0107455728	-0.0252872714	-0.1088228812	0.0713342571	0.054331	-0.0006847999999999	4.689510399999991e-07	0.0029518575609999	0.107702	-0.040808	0.0016652928639999	0.011599720804	0.59054	-0.073655	0.3487374915999999	0.005425059025	-0.00516514	0.0016147999999999	2.6678671219600003e-05	2.6075790399999987e-06	-0.00191127	-0.00010639	1.1318832100000011e-08	3.6529530129e-06	0.00250194	0.0002783199999999	6.259703763599999e-06	7.746202239999992e-08	0.0	0.0	0.0	0.0	0.0	0.0
289.1529086605539	-0.0740559132441376	0.0054842782864232	83609.40458685864	264.58658075156035	-0.3478948310569763	70006.05871380196	0.121030813476162	208.31175087439644	-0.1842866911120495	43393.7855523566	0.0339615845210279	207.8486815461389	317.6307493554518	1.039258	27.594738	0.154729	0.0850969	-0.0450066176	-0.0114030866	-0.0940695033	-0.0005981062	0.0295265217	0.0974974978	-0.0220867776	0.1118550372	0.058396345	-0.0023102652	-0.0648801271	-0.0498813632	-0.0142510394	0.1098927218	0.0703265599	-0.0386527239	-0.1300479424	-0.1665475747	0.037717791	0.0313215305	-0.0138388559	-0.0144650367	0.0386914103	-0.0272590243	-0.0731849266	0.0144254531	0.0931520584	0.0475654774	-0.0165186458	-0.0987630381	0.0048885842	0.0230179214	0.0510903802	0.0799056546	0.0820349181	-0.0009337376	0.0400344535	-0.0075115123	-0.1133568981	0.0852451779	-0.0480634867	0.1186331391	-0.037670286	-0.0926687515	-0.0807688925	0.0798541093	0.136803834	-0.0224118679	0.092669692	-0.0431976618	-0.1184305833	-0.0741566793	-0.0784337629	0.0006758943	-0.167049937	-0.0223668286	0.0897401455	-0.0055232716	0.0649153416	0.1202516283	0.0716992119	0.0095961247	0.0081509755	-0.0236854912	0.1401305859	-0.0743876311	-0.1707033101	-0.0468950977	-0.0144506852	-0.013024078	0.0393211165	-0.032078057	0.0698800712	0.0404700022	0.1095052394	-0.0038253844	0.0020388161	-0.0804540674	-0.0040133323	0.0269940886	0.0694875878	0.0802198527	-0.0838304016	0.0100612972	0.031830019	-0.0234753773	-0.1260869317	0.0187296066	0.0635861031	0.0805657318	-0.0785876117	-0.0455889692	-0.0646468628	0.0855223034	0.1387624104	0.0628422589	-0.0771014121	-0.0301869516	-0.1280555889	-0.058927928	-0.0719459635	0.0698008637	0.1590084813	-0.0163579087	0.1241073519	0.0217864389	0.0288311229	0.100533	0.1032735925	-0.0365387994	-0.0263519732	0.0134352483	0.1067396996	-0.0773943559	-0.213341735	0.0593189662	-0.0578294484	-0.0431795445	0.0495957936	-0.0079969318	0.0204922917	0.0259097891	-0.0581434386	-0.1038220562	0.0318658185	-0.0350196003	-0.0838755448	0.1080931535	0.0224076183	0.0689003665	-0.0009977532	-0.0546232792	-0.0207166915	0.0806176944	-0.0242529914	-0.1267220654	-0.0811583657	-0.1136678794	0.1563654619	-0.0507494878	0.0119711695	-0.0279020578	-0.1064956489	0.0776238888	0.05599	0.001659	2.7522810000000025e-06	0.0031348800999999	0.182052	0.0743499999999999	0.0055279224999999	0.033142930704	0.603	0.01246	0.3636089999999999	0.0001552516	-0.00490793	0.00025721	2.40877768849e-05	6.61569841000004e-08	-0.00125989	0.00065138	4.242959044e-07	1.5873228121e-06	0.00291855	0.00041661	8.517934102499999e-06	1.735638921e-07	0.0	0.0	0.0	0.0	0.0	0.0
288.8681737849953	-0.2847348755586267	0.0810739493593866	83444.82182587824	264.45890937668304	-0.127671374877309	69938.51474870465	0.0162999799630623	207.9663726356344	-0.3453782387620379	43250.01214722355	0.1192861278103672	207.4912861117153	317.8037017450876	1.151351	30.571054	0.2097524000000001	0.110233	-0.0168292755	-0.0088281219	-0.0353884255	0.0147895551	-0.0506734608	0.0763339489	-0.1545546131	-0.0933988799	0.0270462379	0.0792882058	0.0232039093	-0.0274245949	-0.1821710669	-0.2033453777	0.0489140062	-0.046856085	0.0376741259	0.0088687276	-0.0441218311	0.0040635586	0.0649777422	-0.0666775175	0.0161814268	0.0170126876	0.0389531542	-0.0902414443	-0.0985719195	-0.1555340141	-0.0025481004	-0.0051807658	-0.024756003	-0.0472984081	0.1108046268	0.0446403957	-0.0414875486	-0.0189234098	-0.0263761846	0.0527956192	0.0970164563	-0.0739306457	0.1010217855	-0.0744344039	0.0250775161	0.0018644102	0.0552389226	-0.0024074669	-0.091590895	0.1121256556	-0.0560676007	-0.0849328152	0.0921734081	0.1461913421	-0.1841107325	-0.0055706564	-0.0824292412	-0.0225293758	0.0086119049	0.0092794543	0.0752982377	-0.1247533388	0.096718643	0.157664618	-0.0670748367	0.0145242047	0.0565980222	0.1248244724	-0.0718356291	-0.0371657204	0.0568358982	-0.0667551702	0.0197949188	0.011404361	0.0257665615	-0.0923735285	-0.1637208509	-0.0727687854	-0.036226283	-0.0161476593	-0.0520914968	-0.0386334051	0.104438337	0.0385827747	0.0452233191	-0.0378257909	-0.0150758727	0.054547537	0.1065184168	0.0007929324	-0.1019875218	-0.0941039576	0.0312090288	-0.0205958295	0.0542099582	-0.0111012471	-0.1071152563	0.0734264319	-0.0344248205	0.0581810169	0.0994012549	0.1307777244	0.0534045784	0.183928122	0.0662103052	-0.0726949461	-0.0181176001	0.0207795623	0.0488415013	-0.1352543048	0.1250930638	0.1507166103	0.0078998858	0.0336540375	0.0653528586	0.1226224011	-0.0785697332	-0.0447862666	0.0472933468	-0.0435441771	0.0390292012	-0.0373176812	-0.0460845278	-0.0230076199	0.0022822246	0.1624265758	0.0125437896	-0.1272537805	-0.1041445155	-0.0118130789	-0.02708341	0.0130474619	0.0704848913	0.081719509	-0.1369741819	0.027450044	0.1239010509	-0.002805041	-0.0894824908	-0.1066848968	-0.0653550152	-0.0550663735	-0.1603935008	-0.0305027946	-0.1039539485	0.0835618648	0.0710069	0.0150169	0.00022550728561	0.00504197984761	0.106659	-0.0753929999999999	0.0056841044489999	0.011376142281	0.658719	0.055719	0.4339107209610001	0.003104606961	-0.00585013	-0.0009422	3.42240210169e-05	8.877408400000013e-07	-0.0013732	-0.0001133099999999	1.2839156099999984e-08	1.88567824e-06	0.00313551	0.00021696	9.8314229601e-06	4.707164160000018e-08	0.0	0.0	0.0	0.0	0.0	0.0
288.6702948360499	-0.1978789489454016	0.0391560784357368	83330.53912073198	265.451238349632	0.9923289729489396	70464.35994135313	0.9847167905538976	207.97141284109009	0.0050402054556855	43252.10855911913	2.540367103552197e-05	207.48142240457307	317.893975222134	1.156122	30.697744	0.0531081	0.0292437	-0.0090972018	0.0226870793	-0.0292320215	-0.0963100391	-0.0515155549	-0.1240305831	0.0255738981	-0.0646875592	0.0260624129	-0.028507301	-0.0356905083	0.082935531	0.112755975	0.0912837718	-0.0449412283	-0.1030926791	-0.0769485837	0.0936771489	0.0100535331	0.0880664971	0.0713188115	-0.0638620523	0.0505256657	0.0032993085	0.0612733416	0.1114487045	-0.1082565247	-0.0331398428	-0.0505503612	-0.0050598607	0.0197838801	-0.0438563459	-0.0857353071	-0.0018267816	-0.0441039838	-0.0142315459	-0.0020161813	0.0161065211	-0.0420202633	0.1252525958	0.0556726743	0.0999874729	-0.0953500329	-0.0492200978	-0.0152574041	0.0616702068	-0.0257913557	-0.1161422262	0.1111990731	0.01803918	0.0522803508	0.0159191471	-0.1125460515	-0.0696113762	0.0563474046	-0.0113750682	-0.0436483291	-0.1687120187	-0.0274517461	0.0696565418	0.1523372611	0.0790950355	-0.0020215134	-0.0804821157	0.0790984683	-0.0025504572	-0.090246206	0.093391102	-0.0590514099	-0.0650585985	0.0485086158	0.0095871459	-0.1084892875	0.0786032161	-0.099646311	0.0296673566	-0.0648839614	-0.0173257625	0.0379254334	-0.046119198	-0.0866345696	0.0073163148	0.0340586568	0.0029845961	0.0249999739	-0.009043428	-0.0773541334	0.1279299171	-0.0053561116	0.0430737341	-0.1396312746	-0.0014676281	-0.0013444696	0.0524872201	0.0352812498	-0.1007941455	-0.0591833707	-0.1068208618	0.0066681404	-0.0061938251	0.0580745978	0.1258805176	-0.0306214478	0.0233097874	0.0128324482	-0.1384775924	-0.0688625587	0.0326816802	0.1997175383	-0.0159380735	-0.0678433818	0.0067203172	0.0386297922	0.0227694155	-0.0692277936	0.0151786209	-0.1066598882	-0.0251028177	0.0649581893	-0.064963396	-0.0710558146	0.0274470172	-0.0531946413	0.0110501381	-0.0220162959	0.1289833831	0.0422620797	-0.0792195457	-0.0534880435	0.0575183703	0.0220810299	0.0301523047	0.0325342964	0.0598753293	-0.0082039102	0.0443520055	-0.0856678618	0.0553696636	0.1014817827	0.0231309346	-0.0117757267	-0.0330881723	-0.1012028987	0.0891212848	0.0881875	0.0171806	0.00029517301636	0.00777703515625	0.108543	0.0018839999999999	3.549455999999988e-06	0.011781582849	0.651395	-0.0073240000000001	0.4243154460249999	5.3640976000001584e-05	-0.00590754	-5.7409999999999926e-05	3.48990288516e-05	3.2959080999999916e-09	-0.00123491	0.0001382899999999	1.912412409999997e-08	1.5250027081000002e-06	0.0034742	0.00033869	1.207006564e-05	1.147109161e-07	0.0	0.0	0.0	0.0	0.0	0.0
288.7548917256182	0.0845968895683313	0.0071566337246364	83379.38749547351	263.7769843525357	-1.6742539970962866	69578.29747411786	2.8031264467928927	207.9713362136972	-7.662739287184195e-05	43252.076686510685	5.871757338335614e-09	207.4979966281743	314.30105129939665	1.01938	27.066927	0.1254582	0.087925	-0.0322540916	0.0053414664	-0.0231878815	-0.0207373248	-0.0781587667	-0.004981136	0.0583309743	0.1275470733	0.0241860363	-0.0665748938	0.0081004132	0.0436974639	-0.0003459938	0.1300839828	0.0859470654	0.0734615316	-0.0440835918	0.0410932487	-0.0464557303	-0.0198702252	-0.0590550515	-0.0741792094	0.0315652335	-0.0001987061	-0.0082756902	0.1342178238	0.070547509	0.1027816635	-0.0567378983	-0.0113985225	-0.0134318041	0.008775908	0.0017070499	0.1350237703	0.030271227	-0.0652147534	0.0009217908	0.0639853554	0.0423017803	0.1085536788	-0.0611723701	0.0652593224	0.0182577166	-0.0286760834	-0.0526159862	-0.1237912241	0.0708770157	-0.0768150662	-0.1261051049	-0.0506702159	-0.0467846697	0.0562724071	0.0083040404	-0.0520218796	0.0449109278	-0.0344372121	-0.0712640439	-0.0056999538	0.0358314676	0.0094068218	0.0292838483	-0.0070197598	0.0658793299	-0.0452456316	0.0061495186	-0.0899937309	-0.0162649053	-0.0153967573	0.059403606	-0.0732009467	0.0310099176	0.0032205764	-0.0448781316	0.1129920844	0.1202905461	0.0501650123	-0.0394306904	-0.005199454	0.0040174401	0.0336187724	0.0091504725	0.137942961	-0.0343703689	-0.0571106585	0.0046489892	0.051121173	0.0114017387	0.1018789295	0.0916635854	0.0917186616	-0.017092592	-0.0188020719	-0.0790683766	-0.1274854082	0.0764134223	-0.0290478336	0.0384355664	0.1433588592	-0.0373817856	0.046115665	0.0508638939	-0.0011342763	-0.0386655426	-0.0265509791	-0.0652211593	-0.0290758912	0.0076340548	0.0320456777	0.0500632917	-0.0382180362	-0.0471195079	-0.0551477845	0.0216828435	-0.0968577454	0.0058538018	-0.0366709806	0.0182863468	-0.0303112576	0.0534625585	-0.0194469893	-0.0218398926	0.1102302338	0.0317615402	-0.1015654987	-0.0465992255	0.0107098607	0.0685340723	0.0597536337	0.0292246363	0.0411273269	-0.0212738427	1.73396e-05	0.0127169773	0.1375886649	-0.0887597763	0.0032527387	-0.0375162186	-0.0465417378	0.1068230283	-0.0020054495	-0.00074745	-0.0356568892	-0.0982480398	0.094276963	0.0943572	0.0061697	3.806519809e-05	0.00890328119184	0.184687	0.0761439999999999	0.0057979087359999	0.0341092879689999	0.651585	0.00019	0.424563012225	3.6100000000008926e-08	-0.00663626	-0.0007287199999999	4.40399467876e-05	5.310328383999993e-07	-0.00119148	4.343000000000012e-05	1.8861649000000103e-09	1.4196245904e-06	0.00338726	-8.69400000000002e-05	1.14735303076e-05	7.558563600000033e-09	0.0	0.0	0.0	0.0	0.0	0.0
289.3443146442659	0.5894229186476991	0.3474193770271721	83720.13241695995	265.8266306612227	2.049646308686988	70663.7975686981	4.201049990714196	208.229463716207	0.2581275025097795	43359.50955953916	0.0666298075519362	207.72800201867287	319.009110862548	0.963919	25.594309	0.0671633	0.035746	0.0003110325	-0.0312445207	-0.0233359821	0.0489675589	-0.0624610591	0.0874069445	0.0707799859	0.0099637388	0.0100122752	-0.0991008684	0.001962606	-0.0750813968	-0.090787615	-0.0425124731	0.0597599402	0.038879996	0.0232732501	-0.0363846808	-0.0964511395	-0.0209298103	-0.0088689812	-0.0276747015	0.0747173647	-0.0013519816	0.0311298834	-0.0353455299	0.1216515521	0.069446177	-0.0459474016	0.0093632114	-0.0874286184	-0.0009640141	-0.0187459246	0.0364822109	-0.0526854914	0.0158467695	0.0480635591	0.0409733643	0.0198357338	-0.1027194946	-0.151218495	-0.0638778907	0.0544563638	0.0697727037	0.0840084996	0.0680762345	-0.0875407707	-0.1404479463	-0.070290663	0.0179304882	0.0243841562	0.0849638605	0.0070696702	-0.1039314311	0.0663635184	0.0489693911	-0.0919032342	0.0245804709	0.0220462338	0.0224098554	0.0594757087	0.0353496207	-0.0243673257	-0.0496459169	0.0196317145	0.0440224326	-0.1563311488	0.0554390649	-0.0486107984	-0.027527454	0.0744160755	-0.0030923352	-0.0092608021	-0.0516917372	0.1366092395	-0.0028732281	-0.0398943583	0.0100330474	-0.0778115924	-0.0011367022	-0.0254905135	0.0480066728	0.0578705761	0.0111274527	0.0086523995	0.0785833718	0.0270746364	-0.14240047	0.0884438089	0.0081224978	0.0800483506	0.0080736531	0.0741855667	0.0525853835	-0.0663166582	-0.1897857201	0.0281021803	0.0706785806	0.0179000835	0.0471387612	0.1296943045	-0.0016686997	-0.0286605405	0.0499250854	-0.107485277	-0.0220804326	-0.011526746	0.012765331	0.0617791645	-0.0088685583	-0.0417418926	0.0325068948	-0.0091249566	0.0555448293	-0.1399844475	-0.052990919	-0.1137696299	-0.0262979953	0.0489652692	-0.0037281409	0.00130534	0.0652694819	0.0568910078	0.0271339023	-0.0750573351	-0.0185433392	0.0137966795	0.0950319701	0.046938816	0.0356815296	-0.0124552665	0.0477005106	-0.0502722196	0.0744537039	-0.0137164246	-0.0477743667	-0.0928695058	-0.0399945899	0.0006876061	-0.0482431071	-0.1232168641	-0.0382076517	-0.0950953223	0.0990055431	0.099245	0.0048877999999999	2.3890588839999977e-05	0.009849570025	0.195398	0.0107109999999999	0.0001147255209999	0.0381803784039999	0.680148	0.028563	0.4626013019039999	0.000815844969	-0.00681845	-0.00018219	4.64912604025e-05	3.3193196100000175e-08	-0.00132194	-0.00013046	1.70198116e-08	1.7475253635999998e-06	0.00353464	0.0001473799999999	1.24936799296e-05	2.1720864399999973e-08	0.0	0.0	0.0	0.0	0.0	0.0
289.2885034978058	-0.0558111464601438	0.0031148840691956	83687.83825599999	265.7057956153596	-0.1208350458630889	70599.56982359124	0.0146011083087348	208.2662315810399	0.0367678648329103	43374.82321696734	0.0013518758843711	207.78485159036632	317.27135081658173	0.999534	26.539951	0.2075886	0.106865	-0.0071132014	-0.0156389733	-0.0902939885	-0.0825001596	0.0387846543	0.130268079	-0.0278412982	-0.0421471697	0.0580439277	0.0655534925	-0.0713667947	-0.1079735608	-0.0367751408	-0.0445070955	0.0098742357	-0.0449885595	0.0010135001	-0.0141412114	-0.0636461946	0.0260458609	0.0103017247	0.0059242517	0.0821401824	-0.0700798897	-0.1107788723	-0.013654392	-0.0258987671	-0.0522272439	0.0149048477	0.0228565915	-0.0611750552	-0.0489085212	-0.059448	-0.0347999639	-0.0243962258	-0.0405489538	0.0757055173	0.0699362075	-0.0759304613	-0.0570951671	-0.0890576114	0.1048093767	-0.1114370044	-0.0998317323	0.0336698084	-0.0484195076	0.0306069904	-0.1268538415	-0.0006955732	-0.0184008734	0.1034002429	0.0324071104	0.0524554948	0.1727750183	0.0757916351	-0.1316664133	-0.0209910832	0.021303563	-0.0014492819	-0.0492553357	-0.0942464608	-0.072282711	-0.0045476531	0.1605305975	0.0313681094	-0.088140935	-0.1500820393	-0.1133421357	0.0990553725	0.0046566358	0.0841553719	-0.0807520292	0.1038697264	0.040853487	-0.0539901057	-0.0302459278	0.0065150587	0.0280032519	-0.053303673	-0.0589668613	-0.058820099	-0.0193514569	0.0151685108	-0.0183189247	0.0438850259	0.0859494279	-0.0847697816	-0.1177909937	0.0599678329	0.0882072066	-0.1626786502	-0.0103012272	0.0031705766	-0.0791562896	0.0813435136	-0.069218915	-0.0329951033	-0.0349924041	0.0704592284	0.1141334064	-0.1190931197	-0.0318902392	-0.1275716558	-0.115883515	-0.0132791141	0.0324199373	0.0157591213	-0.002088527	-0.0911173248	-0.0006385456	0.1438718559	-0.0035421881	0.0102719342	-0.178537608	-0.1726891564	-0.0484695351	0.0982337849	-0.0227703437	0.0870203003	-0.0553825823	-0.0246333511	-0.0360754602	0.0753929298	-0.0170670301	0.0151751254	0.0449757025	-0.1218283617	0.0541597139	-0.0869283772	0.0391143649	0.0192174594	-0.0144800011	-0.1101725269	0.1276032781	0.0293868298	0.0334269905	-0.013281526	-0.0167008994	0.0843998691	-0.0691674535	-0.0793260859	-0.0407391756	-0.0917510955	0.1032856033	0.114133	0.0148879999999999	0.0002216525439999	0.013026341689	0.12576	-0.0696379999999999	0.0048494510439999	0.0158155776	0.660345	-0.019803	0.4360555190249999	0.000392158809	-0.00568018	0.00113827	3.22644448324e-05	1.2956585929000003e-06	-0.000791138	0.0005308019999999	2.817507632039999e-07	6.258993350440001e-07	0.00393076	0.00039612	1.54508741776e-05	1.569110544000002e-07	0.0	0.0	0.0	0.0	0.0	0.0
288.67924253640325	-0.6092609614025264	0.3711989190891308	83335.70507139154	264.92939177619087	-0.7764038391687222	70187.58262690243	0.6028029214759311	208.0900537279234	-0.1761778531165134	43301.47046049004	0.0310386359287437	207.59756286959552	318.367424602922	1.032572	27.417189	0.2196001	0.139053	-0.0139716445	-0.0098974503	-0.027698765	-0.0068977956	-0.10113538	0.0190513576	-0.1010945237	0.0520838352	0.0205989497	0.0358403101	0.0133791297	0.0953099901	-0.0299035974	-0.162745642	0.1039877601	0.0201618349	-0.0687000678	0.0400800046	0.0530117311	0.0150456664	0.0297681506	-0.0218400071	0.0383641988	0.0287355154	0.0604560106	-0.018188529	-0.031633327	-0.0147184347	0.1152076824	-0.0044152206	-0.0642317407	0.0327287376	0.007348864	0.0192327487	-0.0163092734	-0.107715561	0.0143207088	0.0263419964	-0.0591175715	-0.1167503632	0.0898775229	0.0072581893	0.0182933818	-0.0165416798	-0.0533039348	0.0214880079	-0.0224383171	0.1273292482	-0.0652798805	0.1514196479	-0.0279244634	-0.0283435112	-0.1808822572	-0.1739879692	0.049532468	-0.015660068	-0.046463614	-0.0564618725	0.0460299304	-0.0243998819	-0.0259185369	-0.0569134843	-0.0673943405	-0.0515379691	-0.0084174835	-0.0929898428	-0.0869451186	-0.0402859755	-0.0224515097	-0.0205442941	0.0409883307	0.035041138	-0.0475651679	-0.0464451607	-0.0482851897	-0.0031640201	0.101075939	0.0066560228	-0.0785560232	0.0389441388	-0.0005754898	0.0270584982	0.0200170507	-0.0934232099	0.0425182024	0.0061960763	-0.0479852132	-0.0504292982	-0.1555227932	0.0167129412	-0.0101999767	-0.0318912632	-0.0556168331	0.0320870961	-0.0894382846	0.0778696737	0.1751965085	-0.0021445246	0.0100351602	-0.1221047035	0.1676425475	0.1681634408	0.0073240614	0.0130188258	-0.0570017137	-0.0613692944	0.0515187249	-0.0180681148	-0.0074368082	-0.0518188627	-0.0198611463	0.0857060194	-0.031899687	-0.1094430383	-0.0958591195	0.0360270904	-0.0107291517	-0.0212465953	0.0537248004	0.0091824747	0.017148942	0.0962870311	0.0965691852	0.0095505762	-0.0721252467	-0.1032093513	-0.0411648214	-0.0678824696	-0.0566685379	0.0095526646	0.0131483248	0.0737643691	-0.0728438371	0.0197421058	-0.0211721505	0.0337050445	-0.107593323	0.0125246994	0.0252585758	0.0290600628	0.0373019499	-0.043250186	-0.0882220943	0.1070977539	0.114734	0.000601	3.612010000000052e-07	0.013163890756	0.242824	0.117064	0.013703980096	0.058963494976	0.689857	0.029512	0.4759026804490001	0.000870958144	-0.00670301	-0.0010228299999999	4.493034306009999e-05	1.0461812088999997e-06	-0.00114987	-0.000358732	1.2868864782400004e-07	1.3222010169e-06	0.00386386	-6.689999999999995e-05	1.4929414099600002e-05	4.475609999999993e-09	0.0	0.0	0.0	0.0	0.0	0.0
288.73322516397377	0.0539826275705195	0.0029141240794174	83366.87531358998	265.0009288211664	0.0715370449755141	70225.4922760809	0.0051175488038287	207.9331876023029	-0.1568661256204961	43236.21050645449	0.0246069813671852	207.480068188454	316.8165406643096	1.106237	29.373188	0.091432	0.0600643	0.0159753647	0.0148882932	-0.0265771123	-0.0062288956	-0.0573512313	-0.1068678565	0.0477668671	-0.0787812288	-0.0213371132	-0.0910851687	0.052505942	0.0399274651	0.0204624111	0.0983129282	-0.0614680452	-0.0746829283	0.0364524035	0.0566174344	0.009799927	0.0121721968	0.050337975	-0.049999811	0.021701547	0.0232001742	0.0772523213	0.0747087923	-0.0746250256	0.0214118486	-0.0174672559	-0.0332796174	0.0611634688	-0.0170366866	-0.0467767386	0.0166987649	-0.1033680247	-0.0711094641	0.0203764082	-0.0971586131	-0.1162867461	-0.0044883747	0.1591088429	-0.1030100234	0.1670248413	0.007007836	-0.0194288255	0.0211485746	-0.0473328323	-0.0166381556	0.0876589296	-0.0969392491	-0.0512579225	-0.0250872837	-0.0100071235	-0.0036457569	0.0397639041	0.002699398	-0.0785797542	0.1226435425	-0.0323057347	0.0402756315	0.0242759017	-0.0723904086	-0.1266434536	0.0707025456	0.0311334097	0.1279067289	-0.0555414995	-0.0377519093	0.0834568635	-0.0495080983	0.0209683521	0.0307426574	-0.0986085237	0.0348330738	-0.0456281706	0.059319907	-0.0107288743	-0.0415711525	0.0632177633	-0.013033631	-0.0405856725	0.028415731	0.1081906252	-0.0739876709	0.0495568435	-0.1238245529	-0.0938540629	0.0086138346	-0.1163876106	-0.1273708406	0.1473801161	-0.0978204501	-0.0222716151	0.0176512971	-0.0061519812	-0.028748756	-0.1253440671	0.0004963615	-0.0658165089	-0.0386508222	-0.0137057692	0.0095957277	-0.0008974454	-0.0044211853	-0.1144757963	0.0883587181	-0.0466359376	0.0736723168	-0.029616705	-0.0194607814	0.1102635377	0.1078112518	0.0403930711	0.0846199118	-0.0593028594	-0.0624075609	0.1176484183	-0.0088604697	0.0706650886	-0.0139177405	0.0323292851	0.0523122504	0.0306298506	0.0506609939	-0.0949909957	0.191574638	0.0461642141	-0.0218191569	-0.0929568709	0.1231677072	-0.0656026742	0.026516532	-0.01322596	0.0870360813	-0.0084236202	-0.0346575929	-0.1908349635	0.0241636957	-0.0504808707	0.1194487332	-0.1059668361	-0.0457394187	-0.0845154255	0.1104247249	0.118181	0.0034469999999999	1.1881808999999942e-05	0.0139667487609999	0.187388	-0.055436	0.003073150096	0.035114262544	0.665927	-0.02393	0.4434587693290001	0.0005726449	-0.00679369	-9.06800000000001e-05	4.61542238161e-05	8.222862400000018e-09	-0.00111805	3.182000000000011e-05	1.012512400000007e-09	1.2500358025e-06	0.00391374	4.987999999999954e-05	1.5317360787599997e-05	2.4880143999999542e-09	0.0	0.0	0.0	0.0	0.0	0.0
289.23455031264314	0.5013251486693662	0.2513269046883621	83656.62509455689	265.6223112344742	0.6213824133077992	70555.21222554387	0.3861161035682245	208.2851833162532	0.3519957139503162	43382.7175890852	0.1239009826393928	207.81193095716665	315.12674037514813	1.085795	28.830404	0.1168814999999999	0.0521597	-0.0015523129	0.009543994	-0.0215667941	-0.0455478298	-0.1261004557	0.0524294674	0.0680331113	0.0738732592	0.0195099032	-0.0793327795	-0.0244888789	-0.0238922819	0.0297920988	0.0831590509	0.0975423086	0.0911190524	-0.011815355	0.0366586826	-0.0802941653	-0.0458719028	0.0415139778	-0.0037113168	0.1049058491	-0.0185073698	-0.0460638033	0.0628751548	0.0825844727	0.05887614	0.0044305298	-0.0009602579	-0.0001242341	-0.0604457225	0.0242461998	0.031135159	0.0814752623	-0.0311344707	0.0132349538	-0.0106671026	-0.0789902828	0.0009236158	-0.0631466613	0.0887213774	0.0779278452	0.1019864062	-0.0861203296	0.0196941615	-0.0014501677	-0.151734436	0.0235286551	-0.0325233147	0.0101694576	-0.0578700249	0.1694693927	0.02330654	-0.0140171859	-0.0049812972	-0.0044644742	-0.0489573217	-0.0677494897	0.0713600111	-0.0221447099	0.0413880008	-0.0209613282	-0.0028649395	0.0121724401	-0.0372867471	0.0064996921	0.1392580402	0.0591373559	-0.0039446539	0.1025729299	-0.0207160012	0.000334515	0.0745090526	0.1023342356	0.0063016247	0.0168338717	0.0020976371	0.0036541218	-0.0531272318	0.0291076272	0.0319104914	-0.081225125	-0.0144687297	0.0160579061	-0.0198569482	-0.0663408548	-0.0166145396	0.0237814691	0.1115067787	0.0843623481	0.0401068465	-0.0831924743	0.0233169042	0.0794739088	-0.1608143607	-0.0293774103	-0.0094493108	-0.0012316786	-0.0157427697	-0.0810376241	-0.1650508763	-0.011415054	-0.0211453454	0.0382762457	-0.0461500555	-0.0775205529	0.0772179037	0.0292785319	0.0466098054	-0.0259293988	0.0140340517	0.0184032127	-0.0321044484	0.0848488249	-0.1423301439	-0.0316774526	-0.0048284074	0.0717047479	-0.056863825	-0.0593521225	0.0902741112	0.0882640986	-0.0911240082	-0.0536259931	0.0158907689	0.0741996249	0.0436435361	0.0251621901	0.0217928059	0.020600901	-0.0131138426	-0.028087983	0.1610478027	-0.0675418364	0.0548117337	-0.0619099586	0.0062408163	0.0350079363	0.0328972654	-0.0733353979	-0.0482056202	-0.0806385538	0.1132514443	0.126987	0.0088059999999999	7.75456359999999e-05	0.016125698169	0.163152	-0.024236	0.000587383696	0.0266185751039999	0.691418	0.0254909999999999	0.4780588507239999	0.0006497910809999	-0.00724503	-0.00045134	5.249045970090001e-05	2.0370779560000054e-07	-0.00155085	-0.0004328	1.873158400000001e-07	2.4051357225000004e-06	0.00419657	0.00028283	1.76111997649e-05	7.999280890000023e-08	0.0	0.0	0.0	0.0	0.0	0.0
288.60121713562614	-0.6333331770169934	0.4011109131104383	83290.66253216483	265.92836121541484	0.3060499809406565	70717.89329871615	0.0936665908337762	207.9438013953864	-0.3413819208668087	43240.62453876391	0.116541615894712	207.45374192609805	313.75037158830423	1.058041	28.09347	0.134696	0.0809403	0.0003554073	0.0066675382	0.0177752696	-0.0266171684	-0.0786832495	0.2000914299	-0.0373314891	-0.0844084535	0.0249611342	-0.0273001855	-0.0397209541	-0.1075270047	-0.1000531865	-0.1257038401	0.018507238	0.0481229815	-0.025097812	-0.058386666	-0.1081955837	0.0171157207	0.0169057153	-0.0400296515	0.1292719195	0.0062048142	-0.0607753108	-0.1031616875	-0.029981673	-0.0355273326	-0.0588030646	0.056564159	-0.1332079116	-0.0526064894	-0.0083737328	0.140878108	-0.0161398009	-0.0791663504	-0.0014390205	0.0499016751	-0.1335526295	-0.1018902045	0.0073314517	-0.0226385458	-0.0112941247	-0.1695926427	-0.037065916	0.0082119654	-0.0690357106	-0.0521073606	0.0365077282	0.0765196815	0.0430953588	0.0249035273	-0.0720114683	-0.0037288961	0.084273572	-0.0475503943	-0.0479330863	0.0608782794	-0.0170558871	-0.0593565375	0.0536602396	-0.0274368561	0.0208017361	-0.0265706173	-0.0833868435	-0.0825393038	0.1165339084	-0.0499394022	-0.0773477569	-0.0372563732	0.1325554932	-0.0011942578	0.1048794348	-0.0676358208	-0.034016692	-0.0085105567	-0.0745748282	0.073331099	-0.1244884528	-0.0441020335	-0.0195242336	0.1540703155	0.0125354086	-0.0730229438	-0.0095334554	0.0454904389	-0.1195560291	-0.1050923578	-0.0386488289	-0.0370485344	-0.0874554799	-0.1270983125	-0.0702032002	-0.0079922804	-0.0499613043	-0.0554534609	0.031694125	-0.0919551051	0.0245216344	0.0243886552	0.0271575146	0.0798877167	-0.0597194623	-0.0162016372	-0.0827775391	0.0493017876	-0.0289406083	-0.0545316839	0.0025147744	-0.0585684652	-0.0160752276	-0.0231324574	-0.0592820075	-0.0503817258	0.1083199116	0.1003601452	-0.0038787125	-0.0133630249	0.0676186647	-0.0306637642	-0.0637867515	-0.0028285033	0.1744421286	0.1229753881	-0.0267367971	-0.0061208616	-0.0980350339	0.0552763605	-0.0473480199	0.036716632	0.0990359412	0.072749072	-0.0381771858	0.0001428231	0.0015785046	0.0427983378	-0.0162313909	0.055789659	0.0224440272	0.0017721473	-0.1353614824	-0.0506475487	-0.0765992869	0.1155651064	0.149539	0.022552	0.000508592704	0.022361912521	0.15091	-0.012242	0.000149866564	0.0227738280999999	0.763521	0.072103	0.582964317441	0.005198842609	-0.00745972	-0.00021469	5.5647422478400006e-05	4.6091796100000016e-08	-0.00133724	0.00021361	4.562923210000007e-08	1.7882108176e-06	0.00432425	0.0001276799999999	1.86991380625e-05	1.630218239999995e-08	0.0	0.0	0.0	0.0	0.0	0.0
288.1057560639042	-0.4954610717219339	0.2454816735918473	83004.92667715388	265.0319342505049	-0.8964269649099492	70241.92617256395	0.8035813034176633	207.76539459627512	-0.1784067991112863	43166.459191745904	0.0318289859691348	207.2657586906842	313.4018258460835	1.080985	28.70269	0.1168389999999999	0.0551883	-0.012822885	0.0301460396	0.028116278	-0.0920235067	-0.0632034066	-0.0303598763	-0.0200212011	-0.0110617416	0.0161936806	0.0194584157	-0.0432048885	0.0747661305	0.0752638585	0.0143279664	-0.0481484428	-0.0828711884	-0.1244449919	0.0605606937	-0.0079782986	-0.0057274864	0.071960548	-0.0709397922	0.0568681808	0.0176154626	-0.0029235521	0.0476722241	-0.0567272058	-0.0879015307	0.0034675924	0.0666968197	-0.0296762939	-0.0829570954	-0.0779221396	0.0724192167	0.0105129971	-0.0776080939	-0.020765497	0.02014558	0.0559511345	-0.0070207068	0.0793154554	0.0057478644	-0.0881345919	0.0052023155	-0.0327036365	0.0162354993	0.0144217701	0.0082499505	0.0399355322	0.0331094519	0.138529281	-0.1720291178	-0.0440494677	-0.1077985621	-0.0634391555	0.0231398282	-0.0213048284	-0.0966879028	0.0748340774	0.0824709784	-0.0560728847	0.0950521895	-0.0031935425	0.1338558466	0.0695207965	0.0682374223	0.0817393181	0.0314887091	-0.0399803551	-0.0721872166	0.0558338137	0.0203168565	-0.0332412912	0.0508710076	-0.0925961806	-0.046455514	-0.0130700501	0.0552763224	-0.0097077722	-0.0825996489	-0.0796718221	0.0782243454	-0.0199059339	-0.0650192697	0.003573652	0.0197817408	0.0480250856	0.042055751	-0.0602954609	-0.0306593684	-0.0983948953	0.0508902862	-0.020293879	0.0143799906	0.0303754158	-0.0181786847	0.0189281702	-0.0722233505	0.1360942611	-0.1908841171	0.0151228394	0.0450301806	0.0638268625	-0.0092706849	0.0606869562	-0.1023298881	0.0433504521	0.0901886655	0.0457697012	0.1387852213	0.0953199088	-0.0553056158	0.0639074001	0.0826758889	0.0737505123	-0.0175886631	-0.0316529961	-0.0103940019	0.049360072	-0.0426029055	-0.1144474207	0.0589925356	0.0376788524	-0.0620002478	0.018550081	0.0624437544	0.0577767524	-0.0487164113	-0.1012358354	-0.0103425591	0.040084027	0.0187783005	0.0454228907	0.0463952948	-0.0612217505	0.0905528237	-0.1072523603	0.1364908153	0.0358834908	0.0147441794	0.0320925611	-0.0530639746	-0.0724057592	0.1173552296	0.12701	-0.0225289999999999	0.0005075558409999	0.0161315401	0.111486	-0.0394239999999999	0.0015542517759999	0.012429128196	0.7865539999999999	0.0230329999999998	0.6186671949159998	0.0005305190889999	-0.00715533	0.00030439	5.11987474089e-05	9.265327210000044e-08	-0.00154076	-0.00020352	4.14203904e-08	2.3739413776e-06	0.0041951	-0.0001291499999999	1.7598864010000003e-05	1.6679722499999934e-08	0.0	0.0	0.0	0.0	0.0	0.0
288.48801294727804	0.3822568833738273	0.1461203248866718	83225.33361426886	263.2653395882359	-1.7665946622689717	69308.63902850918	3.120856700757222	207.76889560202144	0.0035010057463296	43167.91397968368	1.2257041235832956e-05	207.28083940319124	313.8444764146675	1.105836	29.362522	0.2045655	0.150171	-0.0071785638	-0.0060118947	0.0344683243	0.0660144043	-0.0248607458	0.1280277618	0.0474157008	0.0983611284	-0.0060081843	-0.0483023666	0.0174083665	0.0020373094	-0.1076345616	0.0101158498	0.108285268	0.1203280673	-0.0559766679	-0.0011479659	-0.0330028741	0.0073295577	-0.1296972329	-0.0644264291	0.0652210427	0.0298894657	-0.1080290901	-0.0173008514	0.0891054175	0.0991362359	-0.0604280177	0.0396198672	-0.1071207281	-0.0232793462	0.0211607689	0.0949888623	-0.0696504486	-0.0131073902	0.0175668734	0.0550556548	-0.0340075427	-0.0786484566	-0.0494949839	0.0193665073	0.1109968682	0.0327527729	-0.1244088839	-0.0589474573	-0.0272468904	-0.0124723886	-0.0537871893	0.0735846698	-0.018471736	-0.0092327127	0.0014215054	0.0005351371	-0.0443537017	0.1080873054	-0.0655169186	-0.047819171	0.0765006189	0.0047925395	0.086056265	0.0120600868	0.0064632267	-0.1115059233	-0.0316343888	0.0082127929	0.1064477469	0.1224302254	-0.0596174593	-0.0621922895	0.0673576848	0.0268345545	0.0982688244	0.0211893532	0.1363782875	0.0374761598	-0.0414115896	0.068836289	-0.0899968719	-0.0107714476	0.0057805836	0.1110708484	0.072840203	-0.0073344033	0.0199576342	0.0550121997	-0.0201949004	-0.0612280383	-0.0175116442	0.0615723437	0.1120519337	-0.0093094072	-0.1384885007	-0.0379688245	-0.0286191281	-0.0299350897	0.0821031697	0.0126671273	-0.0039001275	0.0019574443	-0.0212056221	-0.0181876061	0.0701356393	0.0786668575	-0.0642617202	-0.0738786855	0.0669938695	-0.0159294847	0.086842228	-0.0422541787	-0.071208718	0.0102385427	-0.0099210073	0.0840116474	0.1480110124	-0.0064092365	-0.0654909553	-0.007571769	0.0433105946	0.0356588984	0.0129278621	0.0839892491	0.1479934958	-0.0429389668	-0.0590302297	-0.0612401735	-0.0368306079	0.1422485332	0.0195213264	-0.0214508372	0.0322553199	0.0029967379	-0.001970932	0.0709656616	-0.0841060047	0.0837299974	-0.0367166521	-0.0166281215	0.0796316371	-0.0505982015	-0.0037337288	-0.0554536812	-0.0680664159	0.1186137044	0.140555	0.013545	0.000183467025	0.019755708025	0.253659	0.142173	0.020213161929	0.064342888281	0.7791249999999998	-0.007429	0.6070357656249997	5.519004100000028e-05	-0.00786676	-0.00071143	6.188591289760001e-05	5.06132644900001e-07	-0.00163664	-9.588e-05	9.192974400000002e-09	2.6785904896e-06	0.00417404	-2.105999999999983e-05	1.7422609921600005e-05	4.4352359999999276e-10	0.0	0.0	0.0	0.0	0.0	0.0
289.3082598903928	0.8202469431147392	0.6728050476890742	83699.26924080704	264.576595585876	1.311255997640103	70000.7749318122	1.719392291347142	208.1142339752733	0.3453383732518489	43311.5343831148	0.1192585920402333	207.6392508487384	317.9649704021764	1.160839	30.82299	0.2335975	0.14224	0.0091026632	-0.0327054089	-0.0527607486	-0.0638202802	0.0559462258	-0.0283014526	-0.0807117668	-0.0843140103	0.0348074459	0.0803199601	-0.0460389088	-0.0056799432	-0.0266039461	-0.1678870983	0.0320979759	-0.0719288682	-0.0405967522	0.0942622588	-0.0749070955	0.0652585892	-0.0462593889	-0.0059762431	0.0934184667	-0.0187383911	0.0010620758	-0.08594392	-0.0184031735	-0.1051615426	0.0092232536	0.149857271	0.0837885969	-0.042121401	0.0088592864	0.136423467	0.007055058	-0.0028839661	-0.0920634098	-0.0250743883	-0.0599142979	-0.004223055	0.1511624703	-0.0075917506	0.0164548999	-0.0454987151	-0.0764338931	0.0758988409	-0.039280816	-0.0326610745	-0.0550888083	-0.0233939574	-0.1000716501	-0.0751759362	0.0945582569	0.0258363248	0.0039883137	0.0571862675	0.0027036237	0.0300261937	0.0958456497	0.0182131042	-0.0903930648	-0.0707606748	-0.0658447734	0.0532333112	-0.0993716065	0.0327760077	0.0565665409	-0.0402375659	-0.0570992462	-0.0049524542	0.0955757629	-0.0180323493	0.0154754934	-0.077236857	-0.0809674732	-0.0928150715	0.0103151969	0.1563486678	0.0811922129	-0.037155025	0.0296674709	0.1302031501	-0.0014070972	-0.0160135682	-0.062498758	-0.053128138	-0.0428662973	0.0520342666	-0.1398500696	-0.0513632115	-0.0287738496	-0.0711525567	-0.0613792185	0.0904124361	-0.0267710777	-0.0281228645	0.0037296531	0.0783728489	-0.0698388083	-0.0497881887	-0.0716959561	-0.098651827	0.0074946894	0.0553358987	-0.0092639975	0.0222118076	0.1107715264	0.0399858893	-0.0869049003	-0.0097593437	0.0854530936	0.051031618	-0.0772086341	0.0297055447	0.06722845	0.0280279969	0.0138422128	-0.0072154077	0.0680895944	-0.026130071	-0.0370403001	-0.0942302197	0.085151067	0.0782268568	-0.073590836	0.041046011	-0.0789796451	-0.1136829638	-0.0930986988	0.0866808966	0.0220489166	0.0956165416	-0.0827103936	-0.0184584457	-0.0165773595	0.0447737908	-0.1092785029	-0.0323142639	-0.0862951224	0.0424441757	-0.0154837208	-0.0578154653	-0.0635899959	0.1193348294	0.147613	0.0070579999999999	4.981536399999973e-05	0.021789597769	0.141165	-0.112494	0.012654900036	0.019927557225	0.7208069999999999	-0.0583179999999999	0.5195627312489998	0.0034009891239999	-0.00697839	0.00088837	4.86979269921e-05	7.892012569000006e-07	-0.00171848	-8.184000000000012e-05	6.697785600000021e-09	2.9531735104000005e-06	0.00431838	0.0001443399999999	1.8648405824400003e-05	2.0834035599999925e-08	0.0	0.0	0.0	0.0	0.0	0.0
289.27681724329693	-0.0314426470958437	0.0009886400563937	83681.07699441181	265.18242672383786	0.6058311379618431	70321.71944314364	0.3670313677241417	208.1789408339285	0.0647068586551995	43338.4714067363	0.0041869775570239	207.6784892478844	319.70480307009063	1.105006	29.340496	0.1354205	0.0770579	-0.0145152678	-0.0545562881	-0.0795181528	-0.0220381688	-0.0120257431	-0.0749944158	0.1275417365	0.0131219116	0.0182077172	-0.1003530481	-0.0681060928	0.0061925972	0.0979162814	0.0773099127	0.0050304409	-0.0107999165	0.0765579214	0.0355355199	-0.0455947583	0.0840439658	-0.0193927673	0.0308104342	0.0676717453	-0.0207688039	0.0201319759	0.0597474775	-0.008569714	-0.0015186472	0.0403297137	0.0991020102	-0.0637121284	-0.0945939168	-0.0209803018	-0.0732286333	-0.0722242541	-0.027846653	0.0234334418	-0.0333407242	-0.1003500853	0.0816352233	-0.0036648279	-0.0232166063	0.0292879532	-0.0801920872	0.0205477873	-0.0804898945	-0.0334615107	0.0522957323	0.0131178033	-0.0330053235	0.0009032434	0.1467157221	0.0895334489	-0.0105634299	0.0689742442	-0.0125708003	-0.0633348872	0.0128052898	-0.0290648347	-0.0379833323	0.0113703857	0.0062369639	-0.1000364051	-0.0214066605	-0.1218142406	0.0891383733	0.0675265579	-0.0396571081	0.1105519786	0.0306458194	0.0648120898	-0.0167256939	-0.0567481516	0.051176328	-0.0056541869	-0.0054261894	0.025934812	0.0817398231	-0.0664807123	-0.1116812799	-0.0442102491	-0.0653507689	0.0644977887	-0.0245611224	0.0271482301	-0.0544921914	-0.1096138368	0.0410905897	0.0488332548	-0.0221953379	-0.0019643844	-0.0737205506	-0.0051658657	-0.0853944315	-0.0573089898	0.0565723415	-0.0457892331	0.0016794505	-0.009772912	0.115682446	0.0823925706	-0.0824248051	-0.0671493343	-0.006742696	-0.0788871335	0.0022227638	-0.0277124795	-0.0250127372	0.0026446794	0.0145091759	0.0119462817	0.0946257432	-0.0961562656	0.0769058646	0.0605797804	-0.048858779	0.1283708938	-0.0179833826	0.0744129634	0.0169252466	0.0054272676	0.0150088085	0.0899149266	-0.05194252	-0.0530732745	0.1134995632	0.1315123422	-0.0053215029	-0.0504526323	6.027e-06	-0.0123903649	-0.0957257551	-0.031377946	0.0170312267	-0.0336276498	-0.058556816	0.0617364921	-0.0288814307	-0.0556296781	-0.0485843832	0.0411574595	-0.0601481375	-0.0589855141	0.1195153378	0.140395	-0.007218	5.209952400000003e-05	0.0197107560249999	0.205244	0.064079	0.0041061182409999	0.042125099536	0.765134	0.0443270000000001	0.585430037956	0.001964882929	-0.006715	0.00026339	4.5091225e-05	6.937429210000027e-08	-0.00163027	8.821000000000002e-05	7.781004100000005e-09	2.6577802729e-06	0.00436271	4.432999999999954e-05	1.90332385441e-05	1.9651488999999595e-09	0.0	0.0	0.0	0.0	0.0	0.0
288.9268616955561	-0.3499555477408194	0.1224688853945769	83478.73140924302	264.93122740807354	-0.2511993157643246	70188.55525594838	0.0631010962404648	208.1076506513867	-0.0712901825417873	43308.79425963962	0.0050822901268413	207.6126321140367	314.7993032485174	1.109827	29.468493	0.194901	0.128356	-0.0217347574	-0.0117207422	-0.0547771431	-0.1148952228	0.0536568722	0.012619625	-0.0226577472	0.0919561275	0.0250557159	0.0688870215	-0.080912344	-0.0381837585	0.0655515829	-0.0016086912	-0.0039015343	0.0210130041	-0.0229823568	-0.1055190369	-0.0474728848	0.0135368489	-0.032900005	0.0294691812	0.0402803971	0.0264908181	-0.0760146096	-0.0109016755	-0.05237347	0.0411484632	0.1506227222	0.0913588498	-0.1005404612	-0.0523916331	-0.099096436	-0.1045636821	-0.0046516267	-0.0340479248	0.0436724778	-0.0366204987	0.0138201579	0.1736060456	-0.1246665688	-0.0067887474	0.0677784944	-0.0475723064	-0.0207166511	-0.0681179641	-0.0285684959	-0.0181975339	-0.1203339104	-0.114173202	-0.082254676	0.1928892583	-0.0995628374	-0.0128571013	0.0818690886	0.103774053	0.0660442606	-0.0599815202	-0.085909532	-0.2051631065	-0.090547405	-0.0202794921	-0.0368149525	-0.0141866542	0.0170382999	0.054547381	0.1088154303	0.0114871028	0.0750240216	0.0297357495	0.0403400309	0.0230900414	0.0663360162	0.033518869	-0.035722655	0.0529691697	0.1336621945	0.0863460308	-0.1024858814	-0.0725163566	-0.1250829804	-0.1008326379	-0.0022877799	-0.0319770207	0.02553972	-0.0371077075	-0.0194200179	0.0907870806	0.1922670012	0.0368454702	0.037806856	-0.0722063571	-0.0350573618	-0.0567961776	-0.0436337614	-0.001386223	-0.0421408884	0.1741277015	-0.0666372891	0.1620126227	0.0915305761	0.0921302362	-0.0640669659	0.0990079915	0.0250937676	-0.0594843168	-0.0423613065	-0.211345401	-0.1162369003	0.0546961012	-0.0123574042	0.0462600467	0.0320291412	0.0038461996	0.0715371875	-0.0193716835	0.0903212327	-0.0016947954	0.0356263905	0.0437095443	0.0448274761	0.0925811931	0.101624902	-0.1717084101	0.0043846524	-0.0321557002	-0.0076089675	0.0210701983	-0.2478325336	-0.1471155515	0.0466298104	-0.2150372243	0.0487754078	-0.1125455351	-0.0574203638	-0.219937143	0.3410105684	-0.0839281236	0.0077392701	-0.148258663	-0.0951113923	-0.0624505233	-0.0542622434	0.1191544118	0.133901	-0.006494	4.2172036e-05	0.0179294778009999	0.321993	0.1167489999999999	0.0136303290009999	0.1036794920489999	0.814393	0.049259	0.6632359584490001	0.002426449081	-0.00676417	-4.917000000000029e-05	4.57539957889e-05	2.4176889000000283e-09	-0.00157508	5.51900000000001e-05	3.045936100000011e-09	2.4808770064e-06	0.00470633	0.00034362	2.21495420689e-05	1.1807470440000015e-07	0.0	0.0	0.0	0.0	0.0	0.0
288.47778350172047	-0.4490781938356463	0.2016712241786863	83219.4315740655	264.28652551439075	-0.6447018936827931	69847.3675684687	0.4156405317181794	208.00959816591748	-0.0980524854692248	43267.99292914646	0.0096142899066925	207.5350720982014	316.54160673631094	1.316151	34.946899	0.1602659999999999	0.0699048	-0.0049372334	-0.0463442476	-0.0142214113	0.1441623642	-0.0287917555	-0.1001098294	0.0061722354	0.0567588749	-0.0303439264	-0.0384152114	0.0316930329	0.0407727852	-0.024463376	-0.0254082231	0.0279575251	0.0756004318	0.0933663971	0.0505534779	0.1567902193	0.073612336	-0.1000916043	0.0098954279	0.0178482753	0.0437291071	0.0741203487	-0.0744825758	0.0204369688	0.019534768	0.0320871904	0.1364838432	0.0436911605	-0.0331934054	-0.0141271519	0.0194599518	-0.0307973209	-0.0446280972	0.0295687217	-0.0674544678	0.0560890932	0.0750927736	0.1935637524	-0.0432590248	0.0865925938	0.0299698878	-0.0068714061	-0.0772792179	0.0313242271	0.0996124386	0.0102533947	0.0783602384	-0.1164963778	-0.089632546	0.0835144212	0.024620327	0.0542646089	0.0115389133	-0.0033568101	0.030722539	0.0542190338	0.0677767902	-0.0578856793	0.010686931	-0.1219920575	-0.0556682637	0.0446611829	-0.0545151462	-0.0796076783	-0.0670068797	0.0923868254	0.0099215843	0.0167246385	0.0491648338	-0.0511520468	-0.0980219272	0.0196208583	-0.0091917379	0.0372125942	0.1253003644	0.0498375605	-0.044908101	-0.0206841161	0.0008649596	0.0353583511	-0.0415249537	0.0767803163	-0.1039900168	0.0610428326	0.1351286028	-0.1044637772	-0.0821096074	0.0695851724	-0.0369316638	0.0151983167	-0.0762811771	-0.0143631653	0.0826680559	0.0941954039	-0.0259043008	-0.093050905	-0.0891997554	-0.0636894704	-0.091308552	-0.033139014	0.0529370592	-0.0249303906	0.0359152416	0.0241480857	0.0901453384	0.0115765122	0.0345108143	-0.0413339492	0.1269432901	0.0428771172	-0.0752517578	-0.0735370073	-0.0612420888	0.0432172546	-0.0144177148	0.0465222005	0.1184528359	0.0833735524	0.0521402616	0.1616973876	0.027270828	0.005706514	-0.0589504408	0.1224381317	-0.0292697238	-0.0107636426	0.0412122071	0.0593937411	0.0157863608	-0.1376969603	-0.1299423778	0.0172173666	0.0025704256	0.2263701599	-0.1471589565	-0.1939712379	0.0291202546	-0.0128124826	-0.0647214634	-0.0494296957	0.1182536866	0.143334	0.0094329999999999	8.898148899999994e-05	0.0205446355559999	0.276749	-0.0452439999999999	0.0020470195359999	0.076590009001	0.845659	0.031266	0.7151391442810001	0.000977562756	-0.00628945	0.0004747199999999	3.9557181302500005e-05	2.253590783999997e-07	-0.00195726	-0.00038218	1.4606155240000018e-07	3.8308667076000005e-06	0.00407677	-0.0006295599999999	1.6620053632900005e-05	3.963457935999994e-07	0.0	0.0	0.0	0.0	0.0	0.0
289.06912297229394	0.5913394705734731	0.3496823694581155	83560.9578559712	264.0698904774807	-0.21663503691002	69732.90705678867	0.0469307392170057	207.7878753867308	-0.2217227791866776	43175.80115773157	0.0491609908102641	207.3136263665783	316.4479706370128	1.231296	32.693775	0.2055395000000001	0.133284	-0.0276397582	-0.0552635764	-0.1102748691	0.0130070723	0.1403039385	0.054559378	0.0538557081	-0.0966338677	0.0370706878	-0.0286438565	-0.0734849789	-0.1592014335	-0.0466971769	-0.0191002757	-0.03108711	-0.0831521753	0.0069894655	-0.0315197406	0.0003029817	0.0197568684	-0.1757225872	-0.0484307119	0.0595458354	-0.0175847653	-0.1795279057	-0.0646281714	-0.0015350092	-0.0559468852	-0.1237242366	0.1054349951	0.0007951858	-0.0917075392	-0.0040075838	-0.006499372	0.0031276483	-0.0024887724	-0.0741643322	0.0241555043	0.0289270606	0.0245854368	0.0669325904	-0.0572758658	0.0872462698	-0.0467189529	-0.0580068817	-0.0562542866	0.0583015607	-0.0848854713	0.0893844084	-0.0131965456	0.0664171069	-0.0716931722	0.0608210793	0.024976898	-0.0464390483	0.0649539234	0.0814750712	0.1350454364	-0.0204123875	-0.0279893331	-0.0186542266	0.0092704204	0.0217174458	-0.0888496486	0.056198845	0.1173174428	0.027875972	-0.0296864534	0.1715362316	-0.0463856571	0.0615719087	-0.0288593837	0.1822172323	0.0191635382	-0.0121296262	-0.0413278553	-0.1210321926	0.1150024096	0.0160590227	-0.1016474206	-0.0130406078	0.0021117769	-0.0005925439	-0.0176493433	-0.0643722389	0.0224823219	0.029191573	0.053777284	-0.0341136771	-0.073951992	0.0599718488	-0.0700458034	-0.0708870143	-0.0628676499	0.1100844735	-0.047473519	-0.0805321785	-0.0643913922	0.0287467178	-0.0434486043	-0.0655490176	-0.0612122622	0.0597617067	0.0633720058	0.0284393345	0.129894753	-0.0065170871	-0.0289910626	-0.0395226728	0.0004261159	-0.0958564448	-0.0018836617	0.0576134259	0.0841820881	-0.0025193838	-0.0889662313	0.1673207026	-0.0279491299	0.0752365368	0.0664145987	0.0271529823	-0.1613714303	0.0855268598	0.0086760423	0.0639545619	0.1649216687	-0.0377640344	0.058197557	-0.0818562072	0.0818402281	0.0283115594	-0.1278792717	-0.036867184	-0.0065419705	-0.0017348753	0.0261323872	0.1976351777	-0.0675391139	0.0494119563	-0.0861635847	0.0822835034	-0.0669598143	-0.0444976032	0.1168172427	0.137912	-0.0054219999999999	2.939808399999981e-05	0.019019719744	0.166039	-0.11071	0.0122567041	0.027568949521	0.8088649999999998	-0.0367940000000002	0.6542625882249997	0.001353798436	-0.005331	0.00095845	2.8419561e-05	9.186264025000008e-07	-0.00194228	1.4980000000000158e-05	2.2440040000000475e-10	3.7724515984e-06	0.00399793	-7.884000000000016e-05	1.5983444284900003e-05	6.215745600000025e-09	0.0	0.0	0.0	0.0	0.0	0.0
289.31045761897474	0.2413346466807979	0.0582424116885455	83700.54088770058	265.45654031391496	1.3866498364342306	70467.17479543315	1.9227977688830784	207.9855212787661	0.1976458920352968	43257.97706160007	0.0390638986384282	207.5119327791958	319.5872185336516	1.047225	27.806276	0.1218219999999999	0.0581284	-0.0215487023	-0.0627178546	-0.1091349605	-0.077702932	0.0842848804	-0.0967835773	-0.040340261	0.0291909101	0.0410766933	0.0767612382	-0.1159431832	0.0457763886	0.123283677	-0.0891306551	0.0257329318	-0.0919879239	-0.0431781093	-0.0011095611	0.0584934421	-0.0234571678	-0.0177209409	-0.0145496903	0.0316953398	-0.0249258703	-0.0716443649	0.0033893841	-0.0084598256	-0.0560031197	0.0255793803	0.1658599942	0.0578246431	0.0040518796	-0.0165440162	0.0458475311	0.0215028295	-0.0313366194	-0.0275336811	0.025271963	-0.003901604	-0.0151132764	-0.0526420827	0.0877848622	-0.040175247	0.1019640734	0.0640929188	0.0383423604	0.0469814132	0.0049417186	-0.0278653286	-0.1071189563	-0.006797142	0.017590942	0.0980872151	-0.0421444931	-0.0282710538	-0.0823741714	0.0157582015	-0.0263838911	-0.0179008048	-0.0215117506	-0.0175827624	-0.0121718309	0.0889776422	0.0180332727	-0.0466792869	0.1503931591	0.0305743442	0.0886583464	0.0618054763	-0.0141639856	0.0338136518	-0.0211394435	0.0276974225	0.0335903624	-0.0449036497	-0.0540165761	0.0328327633	0.1752052442	0.0626687359	-0.0034592419	-0.003482426	0.0383210368	-0.0264389891	-0.0337349915	-0.0155811567	0.0242567862	-0.0076270712	-0.0108268914	-0.0037131477	0.1002589954	-0.0011408773	0.1012313005	0.0729769178	0.0431658411	0.0493478706	0.0157246392	-0.0639667667	0.0869791826	-0.0020584981	0.004712784	0.0493851103	-0.0960186393	-0.0140229863	-0.1003688253	0.0555821861	-0.0138422457	0.000906166	-0.0145986557	-0.0319630677	-0.0192475758	0.0097123587	-0.0939601589	-0.0371523663	0.116046895	0.0329430519	-0.1078294712	0.0545310759	-0.0170400748	0.047340506	0.0231998026	-0.0020298796	-0.089714489	0.0333096121	-0.1265706954	-0.008395715	0.0543361304	0.0004523503	-0.1372522618	-0.1359400424	0.0407940822	-0.035327249	-0.0537768781	-0.0436047185	-0.0350078278	-0.037265638	0.0183271485	0.0703943126	-0.0591864835	-0.0227347904	0.0694472591	0.1324653677	-0.0691644489	-0.0394758984	0.1148515874	0.13875	0.000838	7.022440000000091e-07	0.0192515625	0.182359	0.01632	0.0002663424	0.0332548048809999	0.764957	-0.0439079999999998	0.585159211849	0.0019279124639999	-0.00601405	-0.00068305	3.61687974025e-05	4.665573025000002e-07	-0.00180076	0.00014152	2.0027910400000004e-08	3.2427365776e-06	0.00438848	0.0003905499999999	1.9258756710400003e-05	1.5252930249999993e-07	0.0	0.0	0.0	0.0	0.0	0.0
288.9993942593319	-0.3110633596428442	0.0967604137122934	83520.64988226075	265.1013224910807	-0.3552178228342768	70278.71118651995	0.1261797016591236	208.0552762344697	0.069754955703587	43286.99796900149	0.0048657538452093	207.583039602114	318.3070954644732	0.934539	24.814205	0.101283	0.0471074	-0.0348920901	-0.0525968702	-0.0827437435	0.020084807	-0.0286076056	-0.0551832499	0.0940404325	0.0623266764	0.0395458709	-0.0689935593	-0.051330123	0.0372254944	0.1204265776	0.0704100175	0.0519593844	0.0639648432	0.1042427943	0.0048474361	0.0665249979	0.0592431391	0.0306916913	0.0213021874	0.0316838261	-0.0426428086	-0.0747619979	0.0427356795	0.0398024645	0.0491605696	0.0560592095	0.1151818426	0.011660264	-0.0331387845	-0.0866289156	-0.0731279023	0.0793488645	0.0114364534	0.0832846107	-0.0726309834	-0.0352579805	0.0526582204	-0.0531771129	0.0139395103	-0.0246101036	-0.0414136745	0.0586398965	-0.0833075295	0.080364732	0.0162823669	-0.1203253301	0.009469201	-0.0412676653	-0.0157222235	-0.0511912331	0.0064073293	0.0007467913	-0.0106941634	-0.0563340036	-0.0124864893	-0.0914869388	-0.0034460387	0.1515494183	0.116550145	0.0222339	-0.098353963	-0.0418488753	-0.0679102946	0.0269905777	-0.0016971008	0.0440974521	0.0222196488	0.028500811	-0.0411118611	0.0193034078	0.0743016964	0.0633608	0.0100678412	0.0601698437	0.1178946948	0.0191211059	-0.0460865967	-0.0871888	-0.0786919241	-0.0861720982	0.0250726734	0.057162422	-0.0715272474	-0.0341942599	-0.0191524704	0.1004338448	0.0224158642	-0.0366942988	-0.0245051232	0.0400117639	-0.0987634293	0.0399191392	0.0511489667	0.0869354623	0.1023846539	-0.0176056346	0.0024197673	-0.0296775936	0.0489333337	0.0068079191	-0.0118295586	-0.0547444602	-0.0226854849	-0.1074470442	-0.0236176032	0.1353147272	-0.0003984864	-0.1207665729	-0.0157981293	-0.049680587	-0.0266788806	0.0328671097	0.0199989452	0.0014438252	-0.0200366783	0.0405662107	0.0459451026	0.0299604554	-0.0505118564	0.093125074	-0.1470854942	-0.0267529786	0.0401512869	0.1684760061	-0.0136759364	-0.0260698888	0.0366180206	-0.0572706856	-0.0646015233	-0.0359681469	0.0346297042	-0.0252856206	-0.0367396042	0.1097087682	-0.0633962427	-0.0235505878	0.0094473117	0.1314571687	-0.0713342571	-0.0343746944	0.1123656258	0.145114	0.0063639999999999	4.050049599999976e-05	0.021058072996	0.200815	0.018456	0.000340623936	0.0403266642249999	0.784625	0.019668	0.615636390625	0.000386830224	-0.00651812	-0.0005040699999999	4.24858883344e-05	2.540865648999997e-07	-0.00207856	-0.0002778	7.717284000000008e-08	4.3204116736000005e-06	0.00403445	-0.0003540299999999	1.6276786802500002e-05	1.253372409e-07	0.0	0.0	0.0	0.0	0.0	0.0
288.44812163471124	-0.5512726246206512	0.3039015066561414	83202.31887459317	264.7739889599659	-0.3273335311147889	70105.26522977214	0.1071472405920764	207.84359410898327	-0.2116821254863623	43198.959612139806	0.044809322250424	207.3799204052486	315.219545741576	1.014286	26.93166	0.1531169999999999	0.0900828	-0.0152274084	-0.0673601584	-0.0107311334	0.0720022645	0.0287848955	0.134838486	-0.0546442828	0.0285395316	0.0124490767	-0.0343187947	-0.036225887	-0.0635329237	-0.041148528	-0.0886672349	0.0215665287	0.0836903387	0.0193591797	-0.0850731857	0.0475345388	-0.0152731345	-0.1243679297	0.0069957711	-0.0074966832	0.0286966405	-0.0639996973	-0.1188237359	0.0482140977	-0.0053203306	0.0206285346	0.0991872809	-0.0086828328	-0.0496046852	0.0616584058	0.0495095327	0.0002440781	-0.0380231377	-0.0518909407	0.0980947595	-0.0439136923	0.0099291834	0.0016265152	-0.0111765304	-0.1176170471	0.0180932557	0.0539219171	0.0142868728	0.0731388029	0.0353790329	-0.0335811711	0.1358061449	0.0337071795	-0.0461471957	-0.1010473081	-0.0318157317	-0.0571488014	-0.0150588262	-0.0008115994	0.0880238196	0.0889829922	-0.1409372394	0.0547622309	-0.0417263865	-0.0133112047	-0.005625948	0.0189078973	-0.1037459624	-0.0086680883	0.0851422187	-0.0591782683	0.0094924439	-0.0043662122	0.0220332312	0.1089550377	-0.0784102547	0.0335685497	-0.0333225168	0.01636033	0.1081292704	-0.0218958418	-0.0542651908	0.0674958474	0.0394658588	-0.0078255526	-0.0428099874	-0.0548833076	0.0955045436	-0.0649754262	0.011339743	0.0063646726	-0.0303735916	-0.0902080616	0.0687807343	0.0642253262	0.0010001666	0.0426173884	0.037930861	0.1412404636	-0.0325384366	0.0442157306	-0.057371394	0.0170673011	0.0921224461	0.0805470328	-0.0218878601	-0.0538274549	0.0853993513	0.06722488	-0.1287541463	0.0177131508	-0.045539737	0.0053710362	0.0167283233	0.0564236915	-0.0683613215	0.0307130678	-0.0051854919	-0.1149801272	-0.016965723	0.0004212341	0.077158651	0.0180773788	-0.0524804677	0.1461098252	-0.0224350969	-0.001254502	-0.1304262052	-0.0603298471	0.056940683	-0.0301820281	-0.0657726724	0.0276665495	0.0075979952	-0.1198721213	-0.0172401918	0.0002599621	0.0939490165	0.0884608653	-0.0378840726	0.0122433751	-0.0129607677	0.0079888049	-0.0734681463	-0.0292042644	0.1093706198	0.147899	0.002785	7.756225000000055e-06	0.021874114201	0.225303	0.024488	0.000599662144	0.050761441809	0.8542739999999999	0.0696489999999998	0.7297840670759997	0.0048509832009999	-0.00720342	-0.0006853	5.18892596964e-05	4.696360900000009e-07	-0.00230574	-0.00022718	5.16107524e-08	5.316436947600001e-06	0.00424587	0.0002114199999999	1.80274120569e-05	4.469841639999978e-08	0.0	0.0	0.0	0.0	0.0	0.0
288.38420241598925	-0.0639192187219919	0.0040856665220298	83165.44820310627	264.04613528075043	-0.7278536792154569	69720.36155670036	0.5297709783474772	207.82864766625	-0.0149464427333327	43192.74679078228	0.0002233961503807	207.3415596924956	316.119260032062	1.05658	28.054667	0.0743024999999999	0.0352757	-0.0384082333	-0.0525556229	-0.0053571712	0.0183962429	0.0558708296	-0.0578711653	-0.0741421612	-0.1231844976	0.0424603809	0.0312347488	-0.0376590001	0.0237415044	-0.0651338152	-0.1156763987	-0.0659422985	-0.1090594434	-0.0251255751	0.0178414604	0.0905248181	-0.0093063615	-0.0427436189	-0.0099082048	0.0387727971	-0.0011828275	-0.0166416435	-0.1195808259	-0.0655593468	0.0013163223	0.0571414091	0.0808876079	0.042844061	-0.0669242921	-0.1007301121	0.0332716309	0.0632342716	-0.0227185336	-0.08827923	0.0073307757	-0.0249130007	-0.0116819975	0.0072363866	0.0428083299	-0.150672272	-0.0826839248	-0.0929417018	0.1008121546	0.015012757	0.0018908646	0.0465348351	0.0453657796	0.0740975079	-0.0391514491	0.0810954438	-0.0256517532	0.0128218872	0.0989165023	0.0386391809	0.0347455714	-0.02297387	-0.0189145362	-0.137696935	0.0682575255	0.0853829988	-0.0757101664	0.0639825481	0.0978372139	-0.1397435332	0.0066292901	-0.1092930348	-0.0098147479	0.0406036867	0.0013267332	0.0425207062	-0.0979844178	-0.0684143322	0.0273946147	0.0627148443	0.0893632813	0.0559167754	-0.0674454842	-0.0854092751	0.0396832553	-0.064236451	-0.0207375087	-0.086120739	0.0025302791	-0.0318501368	-0.0023462139	-0.028010964	0.0077865176	-0.1763240653	0.0200984614	-0.0800149669	0.1141059482	0.0280387124	0.0116519271	-0.0102104245	-0.0766601753	0.0629676928	-0.046709646	0.0143644587	-0.0702143301	-0.0110392727	0.1023906551	0.0411236195	0.0035078857	0.0346203533	-0.0044639793	-0.1348675389	0.0823736382	-0.1154992815	-0.0723997318	0.0258411706	0.0963182406	-0.1476247848	0.0175338732	-0.0802080149	-0.0266731384	0.008160814	0.1027831171	0.0266807179	-0.1156771302	0.0824959352	0.0659323852	-0.0033609372	0.1008350228	-0.0235149383	-0.1180303193	-0.098649878	0.0800114079	0.0054559561	0.0548167863	0.0091865017	-0.1076407244	-0.0111432163	0.0588750548	0.0375415289	0.0490723877	-0.0518854074	-0.0056992051	0.1438696574	-0.0755650422	-0.0239750208	0.1058801375	0.13457	-0.013329	0.000177662241	0.0181090849	0.199567	-0.025736	0.000662341696	0.0398269874889999	0.8570229999999999	0.002749	0.7344884225289998	7.557001000000008e-06	-0.0073917999999999	-0.0001883799999998	5.463870723999852e-05	3.5487024399962155e-08	-0.00210659	0.0001991499999999	3.966072249999997e-08	4.437721428100001e-06	0.00398363	-0.0002622399999999	1.58693079769e-05	6.876981759999974e-08	0.0	0.0	0.0	0.0	0.0	0.0
288.6507183606177	0.2665159446284519	0.071030748741196	83319.23721010065	265.4446277812675	1.3984925005170794	70460.85041793565	1.9557812740025131	207.709901247534	-0.1187464187160003	43143.40307626032	0.0141007119578756	207.25941201596075	317.5642465445917	1.042117	27.670637	0.1619985	0.0796628	-0.0105702494	-0.079089738	0.006799307	0.0549785114	-0.0309007413	-0.0878050628	0.0245163667	-0.010817382	0.0084260904	-0.0602170127	-0.060669328	0.0509695478	0.093572751	0.0022157972	-0.0392114394	0.0492457065	0.0328232838	0.1539214897	0.0698407152	0.1170036482	0.0176754866	-0.0408335779	-0.1266029886	0.076989529	0.00233967	-0.0257065166	-0.0158713133	-0.0438036354	-0.0047841799	0.1892554422	0.0829361689	-0.0174214987	0.0607187889	-0.0440658944	0.0250358886	-0.0614464013	-0.0586450836	0.0082073426	-0.0196626682	0.0550143412	0.0842528534	-0.0229511585	0.0733606613	0.1326631446	0.065021523	0.0714747697	-0.0619411497	0.0844356535	0.0679895567	0.0778535855	0.0477631821	0.153519894	0.0735881284	0.0612241635	-0.078560874	0.0361970363	0.1040303324	0.0145115888	-0.0084821794	0.0566483181	-0.0754469389	-0.0029202057	-0.0300313181	0.0732395508	0.0635984422	-0.0253460362	-0.0141017002	0.0845559345	-0.0096022327	-0.0400162085	-0.1263012116	0.0813278201	-0.0092598673	-0.0214299754	-0.0330164764	-0.0384771295	-0.0062744419	0.1714806164	0.0748913761	-0.0471265173	0.0615724299	-0.0681119245	-0.0259811653	-0.0793615528	-0.0074831953	-0.02318296	-0.0178748398	0.0998740838	-0.0785661384	-0.0347200962	0.1277741374	0.0601131215	0.1027110068	0.0711389629	-0.0653707557	0.0327735134	0.0145253784	-0.1253209834	0.0401691749	0.1576460159	0.0115991423	-0.0812589678	0.0674671344	0.0289800511	0.0978681454	0.0385945362	0.0138336653	0.0447615987	-0.0498386742	0.0506766396	0.0574014866	0.0275732869	0.0485564799	-0.0256593083	0.0007614443	-0.0576089954	-0.0700501699	-0.0042063323	-0.0616990713	0.0765689975	-0.028541599	-0.0351772161	-0.060234644	-0.0085680351	0.0058131135	0.0209911163	0.1326010459	-0.0450977117	-0.0016159996	0.0620938847	-0.0707689885	-0.0643285871	0.0616248299	-0.1535992602	-0.0082699482	0.0995756002	-0.0537125388	-0.0383673894	-0.1183741593	0.1750755612	-0.0649146731	-0.0776238888	-0.0186974948	0.1019099918	0.089409	-0.0451609999999999	0.0020395159209999	0.007993969281	0.18861	-0.0109569999999999	0.0001200558489999	0.0355737321	0.887802	0.0307790000000001	0.788192391204	0.000947346841	-0.00790482	-0.0005130200000001	6.24861792324e-05	2.6318952040010265e-07	-0.00186583	0.00024076	5.796537760000012e-08	3.4813215889e-06	0.00323538	-0.00074825	1.04676837444e-05	5.598780625000003e-07	0.0	0.0	0.0	0.0	0.0	0.0
288.80407427020884	0.1533559095911414	0.0235180350065263	83407.79331507231	264.9579231845008	-0.4867045967666854	70202.70105824384	0.2368813645138218	207.8344220919176	0.1245208443835963	43195.14700628136	0.0155054406860038	207.4095249281793	320.7457573546239	1.098759	29.174625	0.3842678	0.206382	-0.0082961401	-0.1704433026	0.0452810004	0.1657500032	0.047135246	-0.1037349641	-0.0494359885	-0.0395145475	-0.0453637118	-0.0241779349	-0.0649242386	0.093118498	-0.0944822986	0.0994368852	-0.0892173624	0.0269537669	0.0406428921	0.002976996	0.2253235357	-0.0460128545	0.0937657538	-0.0411697845	-0.1242000827	0.1599122294	0.0828791006	-0.1217304354	0.1099883579	0.0982870232	0.0438049563	-0.0208878682	0.1849841771	-0.0017768712	-0.0695398844	-0.1551793143	0.0892478097	-0.0372020672	0.0215061707	-0.0242132529	0.0681306074	0.0794178234	-0.0046140588	-0.1233377547	-0.0044907824	0.0748968479	0.0959651698	0.0009445575	0.2059722609	0.0146635751	0.028485642	0.1148398676	-0.0814082615	0.0252219974	0.056831404	0.0291873619	-0.0104002064	0.1334162009	0.0027977514	0.0019983702	0.0213136412	0.0639513502	-0.0884008353	-0.01956145	-0.0211591658	0.2145565803	0.0575477726	-0.0499384919	0.0977456857	-0.0499999403	-0.0100892632	-0.0398774363	-0.1226609882	0.1661502161	-0.0236106313	-0.1459214358	0.1277939145	0.0198159159	0.0844747395	-0.0435332318	0.1929225936	-0.0178163537	-0.046171003	-0.1663288518	-0.0872746119	-0.047854807	0.0015328966	-0.0118340139	0.0586167374	0.0266490054	0.0876637886	-0.119078964	0.058688496	0.0635968693	0.1125717368	-0.0192623502	0.1799738767	0.0693313928	0.1029138927	-0.0442727635	-0.0847659825	0.0106160863	-0.004004502	-0.0698551535	0.0561120092	0.1303488975	0.0017723924	-0.017473423	0.0261674715	0.0797979897	-0.0839460745	0.0779709423	0.1946808405	-0.016657641	0.0561583432	-0.0608434122	0.053332543	0.0615947329	0.0199810061	0.0149572988	-0.1043497007	0.2713362915	0.088621163	0.0823251166	-0.1812017675	0.0366545099	0.1277844006	0.0950582893	0.0322321837	0.0085362817	-0.0189660802	0.0518496362	-0.0667037479	-0.1587375266	0.1493432805	-0.1900869135	-0.0900611487	-0.0890911129	-0.1154918078	0.0257916875	0.0533752863	0.1445644375	-0.0578616541	-0.0796436494	-0.0133823145	0.0974781683	0.0442837	-0.0451253	0.00203629270009	0.00196104608569	0.338536	0.149926	0.022477805476	0.114606623296	0.998431	0.1106289999999999	0.996864461761	0.0122387756409999	-0.00868487	-0.00078005	7.542696691690001e-05	6.084780025000013e-07	-0.00224134	-0.00037551	1.410077601000001e-07	5.0236049956e-06	0.00281919	-0.0004161899999999	7.947832256100001e-06	1.732141160999999e-07	0.0	0.0	0.0	0.0	0.0	0.0
288.9736720468832	0.1695977766743794	0.0287634058528926	83505.78313625962	265.64013889277425	0.6822157082734179	70564.6833909724	0.4654182726150013	208.17663791957168	0.342215827654087	43337.51257549645	0.1171116726969717	207.7403733907477	318.3194290977779	1.092774	29.015696	0.3134088999999999	0.173421	-0.037062949	-0.1174196327	0.0260070781	0.0778661317	0.0025544859	-0.0059061593	-0.0086069229	0.0252690059	-0.016207496	-0.0852606946	-0.0811336757	0.061806488	-0.0005691175	0.1001232905	-0.0423462892	0.0644983479	0.0831856831	-0.0641923764	0.0680185317	-0.0924818172	0.0889867607	0.0349943773	-0.0310748872	0.0226873611	0.0687497662	0.0272780711	0.1223175505	0.0452983629	0.0399208614	-0.0420553981	0.080964119	-0.0761352016	-0.0935218384	-0.0881103898	0.1130315427	0.0951960961	0.027910044	-0.0817597948	0.0750580526	0.0386505353	-0.0744861606	0.0627793342	-0.0169566954	0.0574042091	0.016644155	0.0342759488	-0.0228215422	0.1303716845	0.0432883322	-0.0080841516	0.0803117715	-0.0438646648	0.0491130366	0.0089820962	0.020029021	0.0437605162	-0.0891145118	0.0144933966	-0.0665030235	0.0631560181	-0.0338872987	0.0903179995	0.064171248	-0.150773949	-0.0344567742	-0.0662088673	0.0884414833	0.0371807433	0.0412387157	0.0352008121	-0.0324589241	0.0269512186	-0.0607744976	-0.0100403146	0.1180745654	-0.026878336	0.0591189692	-0.0742849784	0.0924776039	-0.0786420908	-0.0780901444	-0.0789519829	-0.1073623108	0.0863185548	0.0001081176	-0.0567284461	0.0828648486	0.0057874688	0.0833161065	0.0805981771	0.0224261339	0.050758394	0.0320101396	0.050380053	-0.0462000525	0.0814081797	-0.0350949888	-0.052242138	0.0865062595	-0.0453816577	-0.0291493392	-0.0336847904	-0.0173451334	0.0132031288	-0.0882175263	-0.0208796857	-0.0667896807	0.0786894406	-0.0147641034	0.0429980883	-0.190282736	-0.0362343882	-0.0382198541	-0.0173742154	0.1264009079	-0.0346678183	-0.0264252588	-0.0137927129	-0.0610610643	0.1296172591	-0.0459097692	-0.0018334579	-0.0346444776	-0.0984112642	0.1432534456	-0.0272128102	0.1488307303	0.014933998	0.0203917568	-0.0452791319	-0.0493708353	-0.0742200051	0.0546175952	-0.0102273413	-0.0009978966	0.031108543	0.0190908284	0.0116055188	-0.0874589779	0.0195373134	0.0566251302	-0.081623307	-0.008040184	0.0926047444	0.0878811	0.0435974	0.00190073328676	0.00772308773721	0.18995	-0.148586	0.022077799396	0.0360810025	0.9612480000000002	-0.0371829999999997	0.9239977175040004	0.0013825754889999	-0.00794031	0.00074456	6.304852289610002e-05	5.543695936e-07	-0.00257694	-0.0003355999999999	1.126273599999998e-07	6.640619763599999e-06	0.00341988	0.00060069	1.1695579214400002e-05	3.608284761000001e-07	0.0	0.0	0.0	0.0	0.0	0.0
287.8373957049944	-1.1362763418888449	1.2911239251362951	82850.36636623352	264.245879401101	-1.3942594916732671	69825.8847804612	1.9439595301209975	207.937320371506	-0.239317548065685	43237.92920328232	0.0572728888121714	207.49528276087395	315.0794305597435	1.165448	30.945366	0.2399864	0.126529	0.0106496883	-0.0674234399	0.0842317719	0.1425451075	-0.0753328906	0.1710865414	-0.0456214525	-0.0150309495	-0.0343987725	-0.097150855	-0.0273341166	-0.0320796376	-0.1452585586	-0.0510891679	-0.0372251405	0.0940251274	0.022738121	-0.1195511405	-0.0128052774	-0.0848680227	-0.0285949188	0.0138482806	0.0058789684	0.0188760703	0.0525070982	-0.1050056605	0.1140604877	0.0527556407	-0.0208386832	-0.0373511665	-0.1148511201	-0.0128176979	-0.0445701548	0.0262140688	0.0936934526	0.131524106	-0.0872972489	0.070896914	0.1460162722	-0.0444314335	-0.005507997	-0.1363214788	-0.0486519245	0.0013252296	0.0799730216	-0.0123822422	0.0614362379	0.1183714069	-0.034138774	0.0556835501	0.020770637	-0.0213469525	0.0676512968	0.235358788	0.0071284828	-0.0709347785	0.0569415584	0.0255170193	0.0521722301	-0.0360948927	0.1025038284	0.0410225401	-0.0181497375	0.0878399387	-0.0321420378	0.0053827767	-0.0474887316	0.0261452806	0.0058519449	0.0154530804	0.0065963726	0.0132508069	0.005256684	-0.1182745728	0.1251826465	-0.0101519555	-0.0141276839	-0.0386100345	-0.0945265035	-0.0037742914	-0.0511494384	0.0305915162	-0.0875059881	0.1028303	-0.1378179452	0.1048341129	0.1519885258	-0.0327484325	0.0304651117	-0.1399707508	0.0103123997	0.040910808	0.0956625038	-0.0310971298	0.009059109	0.1406145209	0.0953020133	-0.0386558942	0.0337088511	0.0696156242	-0.1979264989	-0.062010304	-0.0702643117	-0.048343391	0.0304690876	0.0774815155	0.0521739141	-0.0531695893	0.0968500363	0.0175576536	0.0887148009	-0.0049192296	-0.0200296248	0.0051717909	-0.0466611083	-0.0153417411	-0.0172206246	0.0107608756	-0.0570030571	0.083197292	-0.0430460343	-0.0093954992	0.1439448555	0.1039153582	0.1179429706	-0.1458285941	-0.0293359851	0.1319817862	0.0718161542	-0.0504553081	0.0895027806	0.1689265369	0.0350055115	-0.1823120506	0.016503964	0.1682517238	0.0264516808	0.0438911505	0.031743292	-0.0784830783	-0.0110151671	-0.0835618648	-0.0026818616	0.0873117978	0.12734	0.0394589	0.00155700478921	0.0162154756	0.1991	0.0091499999999999	8.372249999999984e-05	0.03964081	1.01787	0.0566219999999998	1.0360593369000002	0.0032060508839999	-0.00952942	-0.0015891099999999	9.08098455364e-05	2.5252705920999984e-06	-0.00210281	0.0004741299999999	2.247992568999997e-07	4.421809896100001e-06	0.00405175	0.0006318699999999	1.6416678062499998e-05	3.992596968999996e-07	0.0	0.0	0.0	0.0	0.0	0.0
287.3376995031994	-0.4996962017949613	0.2496962940883107	82562.95355579093	265.2803586800893	1.0344792789883286	70373.66870143684	1.070147378656212	207.7406098056205	-0.1967105658854961	43156.16096241106	0.0386950467309921	207.28114775765184	311.30828787580214	1.285967	34.145439	0.2333701	0.13888	-0.0018301568	0.0310296817	0.1080991991	-0.1011448519	0.023323289	0.0294006879	-0.0904761471	-0.1025841198	0.003938932	0.1200664071	-0.0333287289	0.015329769	0.0369443527	0.0137525995	-0.1334407882	-0.037222937	-0.024795225	-0.1280143348	-0.1423673186	-0.0039358393	0.1760806022	-0.0057268515	-0.033885869	-0.0274241566	-0.024743425	0.0317700058	-0.0796111776	-0.0530213059	-0.0024834149	-0.1026460283	-0.0114793917	-0.099565081	-0.1046640379	0.0667993145	0.1392340757	0.1171748336	0.0126151006	0.0401105442	0.1338022953	0.0310897666	0.0496378107	0.0367792788	-0.0934448541	-0.0502127121	0.0150999413	0.0327397042	-0.0052010013	0.0467099443	-0.1341420704	-0.0914880735	0.0372819062	-0.0469023096	-0.0293515281	-0.0311297074	0.006803438	0.0139407103	0.0290669332	-0.1056100766	-0.0914040277	0.127982162	-0.0254108536	0.0228979668	0.0852411682	0.0040169143	-0.0960065069	0.01018904	-0.0041968205	0.0419607432	0.0452381367	-0.0073304906	-0.0332065423	-0.0292250798	0.0272766314	0.0412549866	-0.0920528649	0.0031084245	-0.003533212	-0.1120069037	0.0095235231	-0.08556094	-0.0966609241	0.0878020986	-0.1365362934	0.1107532299	-0.0007479756	0.040532913	0.1290192699	0.0637010824	-0.0242315385	0.0037408808	-0.107729689	-0.0048458032	0.0250267365	0.0363042628	-0.0316024426	0.0625257671	-0.0195479677	0.1411812126	0.0706224947	-0.0166442378	-0.0252755298	0.0402128489	-0.0139762291	0.0214834565	0.0872135938	-0.0836992609	-0.0870925414	0.1002582615	0.0089605944	-0.0178759387	-0.0253418354	-0.0865434617	-0.1255654718	-0.0009754664	0.0084810826	-0.0441098734	0.0161144188	0.0127785756	-0.0559511562	-0.0482807882	-0.157101456	-0.0476200318	0.0031809359	-0.0331201247	0.1507337784	0.0545766747	0.0143399858	-0.0092547462	-0.1337666974	0.0079751371	0.0451570559	0.0215716885	0.1957307197	0.0028283893	0.0162098373	-0.0333295883	-0.0146485496	0.2193104806	-0.0925987779	-0.0510833679	-0.1019700206	-0.0854583468	0.0026818616	0.081623307	0.113505	-0.013835	0.000191407225	0.012883385025	0.0685434	-0.1305566	0.0170450258035599	0.00469819768356	0.989936	-0.027934	0.979973284096	0.000780308356	-0.00964684	-0.00011742	9.30615219856e-05	1.3787456400000006e-08	-0.00163543	0.00046738	2.184440644000001e-07	2.6746312849e-06	0.00468784	0.00063609	2.19758438656e-05	4.0461048810000086e-07	0.0	0.0	0.0	0.0	0.0	0.0
287.2026984527139	-0.1350010504855276	0.0182252836321959	82485.3899985205	263.87886082154733	-1.4014978585419726	69632.05318847756	1.964196247497735	207.7332766550354	-0.0073331505850831	43153.11422983748	5.3775097503504666e-05	207.29452844362385	307.90351566592483	1.182579	31.400248	0.2507036000000001	0.177346	0.0101677947	0.0362639966	0.1269423875	0.0098683397	-0.1122859721	0.0704690789	-0.0675338876	0.1082788083	-0.0443743236	0.0355322064	0.0459626076	0.1331217298	0.0417330536	-0.0006423868	0.055106799	0.1662475059	-0.0779833693	0.1302562549	0.0680330075	0.0259005817	0.10537285	-0.0073200203	-0.0532107306	0.037545424	0.0247746983	0.0382750098	0.0094841436	0.0373490236	0.0059537338	0.0251844662	-0.0866558573	-0.0025114534	0.0064493998	0.0334494692	-0.0046217246	0.0246371715	0.0525763421	-0.0498402005	0.0495480603	0.0634179811	-0.0141669985	0.049720721	-0.0012694634	0.0996366656	0.0399166501	-0.0478592017	-0.0992934518	0.0504681009	-0.0256824894	0.1880737061	0.0226923541	-0.0427257133	-0.0164017855	0.0302033012	-0.0685632599	0.0057282229	0.0429508503	-0.1012714716	-0.0928022794	-0.0123950472	-0.0532806093	-0.0371866805	0.077302563	0.0329980306	-0.0169649287	0.0152144157	0.063466398	0.0518810863	0.0014248535	-0.0070100865	-0.0553618309	0.0448476764	-0.0440542709	0.0249244036	0.0342544165	0.0273487088	0.0112848809	0.0197187699	-0.0729863837	-0.0006380201	-0.0139497272	0.0298804339	-0.0069222133	0.0386240603	0.0770776563	-0.0541942688	0.0501313618	0.0686380304	0.0360807055	0.0618083849	0.0392513986	0.0906326437	0.0513543975	-0.0465537648	-0.1135342549	-0.0181346362	0.1559456245	-0.0969537536	0.0503204005	-0.013414948	-0.0468684782	-0.0114682898	0.069352528	0.006612769	0.092057217	-0.0777676533	-0.0607535881	-0.0322294	-0.0679245038	-0.0150892796	0.0157638474	-0.0771293695	-0.0018461923	0.0171469467	0.0889980009	-0.0062452633	0.0141783919	0.014415913	-0.0681742541	0.0022656982	-0.039573537	0.1218699821	0.0608018396	-0.089935745	0.0441204237	-0.1582660356	0.1078087954	-0.0048701919	-0.0054014932	-0.1276346837	0.0381772079	-0.0328464207	0.0785943607	-0.0203687068	-0.0336169019	0.172154234	-0.0849633133	0.0986495503	0.0329500202	0.1308310365	0.0115585071	-0.0873117978	0.008040184	0.0755650422	0.119922	0.006417	4.117788900000008e-05	0.014381286084	0.236244	0.1677006	0.02812349124036	0.055811227536	0.9893900000000002	-0.0005459999999998	0.9788925721000004	2.981159999998083e-07	-0.0103452	-0.00069836	0.00010702316304	4.877066896000005e-07	-0.00218394	-0.00054851	3.008632201000001e-07	4.7695939236e-06	0.00496177	0.0002739299999999	2.46191615329e-05	7.503764489999972e-08	0.0	0.0	0.0	0.0	0.0	0.0
287.35696988378766	0.1542714310737665	0.0237996744455478	82574.02814079204	264.4439388593038	0.5650780377564502	69930.5967994232	0.3193131887546801	207.88141537175767	0.1481387167222578	43214.68285696524	0.0219450793921173	207.44533589304925	309.71201984677964	1.160226	30.806713	0.1324765	0.0772028	-0.0097630605	0.0317353104	0.1221362487	0.0564834954	-0.0400173157	0.0654269108	0.0869420964	-0.0979265285	-0.0067702988	-0.1024728259	0.071355109	-0.0467203665	-0.102100042	-0.020081709	-0.1011407221	-0.0006696344	-0.0117425015	-0.0356673938	-0.0979293885	-0.0488507427	-0.0185495839	0.032831292	-0.0638787717	-0.0176801982	0.0446735619	-0.0589418714	-0.0142714337	0.033125556	-0.0451990759	0.0081957849	-0.039118188	-0.0448143293	-0.0092397927	-0.016392903	0.1113459106	0.0758024121	-0.0979281529	-0.0131508989	0.0252112453	-0.0232681566	-0.0805525241	-0.0495617975	0.0003638819	0.0213046378	-0.037740039	-0.0014857101	-0.0011285222	-0.0077569362	0.0605647518	-0.0499879698	0.0764214184	0.0661803737	0.0466316111	-0.0372314354	-0.0139229304	-0.064146044	0.0880961986	0.0397164572	0.047291844	-0.0135974238	0.0896323205	-0.0159388516	0.0589727628	0.0593084835	0.0018099415	-0.0216148658	-0.0474237533	0.0587352108	0.0286032193	0.0341485352	-0.0637565139	-0.0174349421	-0.0164460555	-0.0716403418	0.0118447159	0.0417737437	-0.0440668009	0.0030436817	-0.0313655053	-0.0477893016	-0.0111349285	-0.0070642164	-0.1079278284	0.0506946363	-0.1295209674	0.0055900643	0.0356233926	-0.0378613998	0.0456712938	-0.0262635752	0.0517256366	0.0431754983	-0.0387736982	0.0116384799	0.0142249997	-0.0026732407	-0.0929686009	-0.041485638	0.0536899609	0.0491294841	0.0621918108	-0.0360839788	-0.003792458	-0.0383078748	0.0630809782	0.0868292085	0.0250485134	-0.0288311418	0.0769447346	-0.0453580681	0.0512991024	-0.0701352304	0.017582332	-0.0304805318	-0.0282241073	-0.0217225252	-0.0225275487	-0.0064627244	-0.0751105488	0.0067251703	-0.0135839484	-0.07534562	0.0804548772	0.1277518616	-0.0181038704	0.0726769456	-0.0036842301	0.0884532379	0.0393776028	0.0823859703	0.1308788664	0.1514337772	0.1825706767	-0.143676476	0.0112733147	0.0581409241	0.0269051513	0.0779415143	-0.0014287471	-0.1064904954	-0.0038362786	-0.0891212848	0.0133823145	0.0691644489	0.109099	-0.010823	0.0001171373289999	0.011902591801	0.17305	-0.063194	0.003993481636	0.0299463025	0.967035	-0.0223550000000002	0.935156691225	0.000499746025	-0.00981656	0.00052864	9.63648502336e-05	2.794602496000004e-07	-0.00208765	9.629000000000018e-05	9.271764100000034e-09	4.3582825225e-06	0.00486461	-9.715999999999978e-05	2.36644304521e-05	9.440065599999957e-09	0.0	0.0	0.0	0.0	0.0	0.0
287.21216982184154	-0.144800061946114	0.0209670579395984	82490.83049377035	264.59997694404035	0.156038084736565	70013.14779878668	0.0243478838882554	207.98221648839325	0.10080111663558	43256.60237542488	0.0101608651149798	207.50001957412127	310.2450819201314	1.108477	29.432648	0.1535529	0.0895776999999999	0.0092915909	0.0341648348	0.1426656179	-0.0702166689	0.0825105248	0.0709334424	-0.0419611073	-0.0047474066	-0.0106076868	0.1131626849	-0.0169815238	-0.0160793367	0.0463409117	0.013720347	-0.1168091791	0.0412726075	0.0272156841	-0.1514885729	-0.0982428842	-0.0213351947	0.0937389435	0.0680789673	-0.0719354499	-0.0793010505	-0.0115811202	-0.0026250727	-0.0477292981	0.007598849	0.0770870753	-0.0535222424	-0.0601265467	-0.0455312587	-0.0753867951	-0.0420371355	-0.0399868954	0.0349716361	-0.0594624985	-0.0532059385	0.0640785598	0.0223435594	0.0135650904	0.0289490766	0.0133170949	0.0777964098	-0.0063643245	-0.0294395765	0.0102213235	0.0161132656	-0.0379973781	0.1749887279	0.0681510734	-0.0111532514	0.0089535674	-0.0429119249	-0.0172920393	-0.0889713607	0.1094920177	-0.0304537305	-0.0204225062	-0.0157416455	0.028985563	-0.1180565155	0.0155765882	-0.0130919096	0.0926486245	0.1207178553	-0.0178763379	-0.0212835092	0.0386933579	0.0663519376	-0.0728048377	-0.0805917535	0.013578217	0.0068552402	-0.0464105573	0.0272158786	0.0711049855	-0.0493290807	-0.0521600717	-0.0400667782	-0.089799197	-0.0264907219	0.0475776827	0.0413529156	-0.0523737311	-0.0548473513	0.0560782137	0.0501490129	-0.0109273966	0.0385815748	0.026798247	0.0469186077	0.0020248795	-0.0231764145	0.0020857291	-0.0224686888	0.1543349326	-0.063980934	0.0732676378	-0.0212132951	0.0496767375	-0.0221859985	0.0096679066	-0.0388243955	0.0951833774	0.0415188408	-0.0028375585	-0.0526726828	0.0065861797	-0.1272837234	-0.0023844699	0.0045221641	0.07134981	0.0723220501	-0.0711597692	-0.0395952279	0.0884620555	0.0170345542	-0.1044247818	-0.0290055312	-0.0425182635	0.020377498	-0.0221615199	-0.0917410631	0.0161854494	-0.0249195551	-0.027190893	0.0417248567	-0.1028564794	-0.126749277	0.014771069	-0.0685158324	0.2030444583	-0.0012875921	0.0363021848	-0.0204099791	-0.0430786595	0.1850072456	-0.0286279198	-0.0407883875	-0.1185981604	-0.0908858965	0.0186974948	0.0624505233	0.0991061	-0.0099928999999999	9.985805040999998e-05	0.00982201905721	0.200219	0.027169	0.0007381545609999	0.040087647961	0.980174	0.013139	0.960741070276	0.000172633321	-0.0112894	-0.0014728399999999	0.00012745055236	2.1692576655999985e-06	-0.00241754	-0.00032989	1.0882741210000015e-07	5.844499651600001e-06	0.00512692	0.00026231	2.62853086864e-05	6.880653609999998e-08	0.0	0.0	0.0	0.0	0.0	0.0
287.1653448589153	-0.0468249629262231	0.0021925771530421	82463.93528793976	263.73510185171057	-0.8648750923297825	69556.20394873215	0.7480089253324499	207.8697688687324	-0.1124476196608554	43209.84080954023	0.0126444671673924	207.41185258170813	310.2685233508008	0.950659	25.242216	0.1685754	0.0840246999999999	-0.011340916	0.0143726929	0.1483155011	0.0411484935	0.0259188848	-0.0814418975	0.0005936126	0.0619354169	-0.0167582111	0.0597077721	0.0995984948	0.0948423906	0.0419408501	-0.0179526428	-0.0624507917	0.0799343088	-0.1187650304	0.0737426871	0.1334117695	-0.0163379521	0.0727635088	0.0468727022	-0.0976306919	0.0044898555	0.0177503108	0.0196690567	-0.0334629134	0.0656436961	0.1255333833	-0.0217250165	-0.0184737128	-0.0185722707	-0.0334331093	0.0012982108	0.0605164742	0.0550911484	0.0147503661	0.0147462768	-0.0792199547	0.0344568282	-0.04466744	0.0093333862	-0.061450065	0.0876012077	-0.051499633	0.0785793871	0.0076023369	0.0669326727	-0.0449767043	0.0251494589	0.0100603831	-0.028135936	0.0307042412	-0.0484042908	0.0235916228	-0.1056364636	0.1153321002	-0.1276741707	0.0302543904	-0.0213330592	-0.0575561176	-0.0741835812	0.0644254016	0.0196729945	-0.0293219744	0.0484118785	-0.1061352708	-0.1139628946	-0.0676073064	0.0456286968	-0.0995871256	0.0130232614	-0.0404839309	0.0134225018	-0.0062842943	0.0685699818	0.129849441	-0.0151972735	-0.0217453702	-0.0181324525	-0.030408076	0.0046081329	-0.0711075179	0.0674845992	0.0204274509	-5.78119e-05	-0.0844810635	0.0171869714	0.012608254	0.0271061218	0.0024052198	0.1121352826	-0.0232815734	0.1009343763	-0.032906683	0.0396878075	0.0549386054	0.0251982298	0.0259289244	-0.0541775457	0.0599385137	-0.0291934875	-0.0713135329	-0.0449015636	0.1693270819	-0.0619493022	0.0651231734	-0.0221911663	-0.0450704043	-0.0636302083	0.0180853475	-0.048974809	-0.0388877562	0.0025682385	-0.1350623911	0.0535657635	0.0189242863	0.0009694363	-0.1257256727	0.0420992088	0.049060208	0.0690311724	0.0162981413	-0.0606406913	-0.0488827884	-0.0063913606	0.0723313066	-0.0551850127	-0.0286055231	-0.0481380266	-0.0024798013	0.0331576712	0.1369099703	-0.0682420936	-0.008836718	0.0722284159	-0.0436233086	0.1027371211	0.028079007	0.0803702443	0.043029564	-0.0926047444	0.0239750208	0.0554536812	0.0896987	-0.0094073999999999	8.849917475999994e-05	0.00804585678169	0.270154	0.069935	0.0048909042249999	0.072983183716	0.957552	-0.022622	0.916905832704	0.000511754884	-0.0107482	0.0005412	0.0001155238032399	2.928974400000004e-07	-0.00203058	0.00038696	1.497380416e-07	4.123255136400001e-06	0.00472286	-0.00040406	2.23054065796e-05	1.632644836000003e-07	0.0	0.0	0.0	0.0	0.0	0.0
287.1159922601933	-0.0493525987220095	0.0024356790006157	82435.59301155538	263.81148655502886	0.0763847033182969	69596.50043837418	0.0058346229010242	207.86666543509563	-0.0031034336367667	43208.550599105976	9.631300337815574e-06	207.41114828282497	310.0653907554764	0.975717	25.907566	0.1716940999999999	0.103911	-0.0565042283	0.0263839057	0.1181916047	0.1267219789	0.0438223964	0.0052480869	0.0807525398	0.043807731	0.0004603942	-0.0809758922	0.1624833888	-0.0200027078	-0.0412825829	0.0142771623	-0.0602214583	0.1461488611	0.0792720522	-0.126400093	0.0836420252	0.0016043796	-0.0982069502	0.0408879694	-0.1632361403	-0.0397180303	0.0300496118	-0.0582277541	0.0537211468	0.0521325483	-0.0047829398	0.0127697851	-0.0995559833	0.0580667546	0.0317571373	-0.0427416764	0.0187785788	0.0252362649	-0.1479975163	0.0103790509	-0.0811223683	0.0292649091	-0.0272211649	-0.037861299	0.0502740914	-0.0589096809	-0.0334274111	0.0096559343	0.0808671055	0.0600674655	-0.0724659125	-0.0536242556	0.0140757192	0.0271656382	0.0418769684	-0.0735028341	0.046488897	0.0828131521	-0.024071654	0.0519397439	-0.0612577407	0.018309557	0.0074039423	0.0293642041	0.0062272718	-0.0517661311	0.0405931545	-0.0837651256	0.0609000618	0.1293331008	-0.0949500212	0.0416116368	-0.1628713538	-0.0425082603	0.0041128392	-0.0714260043	0.0714162061	0.0180427541	-0.009811394	0.018218777	-0.1038766084	0.0546028937	0.0166785333	-0.0448344563	-0.0142866702	0.0037862404	-0.1611601572	0.0097125047	-0.0828810005	0.0177270443	0.0254968815	-0.024393587	0.0471984418	-0.0585517619	-0.036545298	0.0048035827	0.0549154378	0.0844200175	-0.0099530816	0.0790411533	0.0492286049	0.006248628	0.0500328171	-0.0405137198	-0.0041101019	0.0903557764	-0.0483914986	0.0175080145	-0.0890871408	0.0381747857	0.0006935222	0.0243589454	-0.0610926298	-0.0070584146	0.0568224275	-0.0498952157	0.0993970727	0.0320758003	-0.0851543775	-0.0258699431	-0.155564332	0.07764818	0.1161821594	-0.0694160517	-0.0013376099	-0.0068575112	-0.0863928182	-0.1090181202	0.0170938112	0.1130609839	0.0568566987	-0.0163409021	-0.0215829374	0.1083242434	0.0844473201	-0.0417377117	0.0130208978	0.0043941185	-0.00240258	-0.1413181501	0.0902838341	-0.074750531	0.0741935515	-0.094276963	0.0292042644	0.0482056202	0.0606201	-0.0290786	0.00084556497796	0.00367479652401	0.270953	0.0007989999999999	6.384009999999907e-07	0.073415528209	0.917994	-0.0395579999999999	0.8427129840359999	0.0015648353639999	-0.00920691	0.0015412899999999	8.47671917481e-05	2.375574864099997e-06	-0.00212447	-9.388999999999969e-05	8.81533209999994e-09	4.513372780899999e-06	0.00431287	-0.0004099899999999	1.86008476369e-05	1.680918000999999e-07	0.0	0.0	0.0	0.0	0.0	0.0
287.1930099385179	0.0770176783245801	0.0059317227745085	82479.82495754563	263.8715489987974	0.0600624437685155	69628.19437102473	0.003607497151446	207.76328526106084	-0.1033801740347826	43165.58270246894	0.0106874603834619	207.2782781689092	309.700021506401	1.114078	29.581373	0.2177185	0.109416	-0.0736699743	0.0400787304	0.1279924073	-0.0298651993	0.2098849286	-0.0953000952	-0.0042863478	-0.1167235674	0.0510498159	0.1358463373	0.0821901191	-0.0422118011	0.0565944553	0.0137214872	-0.2097441678	0.0075088347	0.1059049974	-0.197194256	0.0244454043	0.0276790838	-0.0511937833	0.0257915968	-0.2075325498	-0.0842270976	-0.0342131519	-0.0854850004	-0.0377296016	-0.0437436806	-0.0165498227	0.0270520176	0.1000502352	-0.0212365413	0.0355992724	-0.0122860127	-0.1846920661	0.0183844126	-0.0992975313	-0.0301071703	0.0461079627	0.0684413523	0.0116175501	0.0694307439	-0.0373508236	-0.0671143183	-0.0440531582	0.0533997407	-0.0866573349	-0.0198290233	-0.0356385983	-0.164267846	-0.0582735751	0.0380459449	0.0176646483	0.033151522	0.0201179675	0.0506410774	-0.038431398	-0.0942159216	-0.1018091773	0.0332904822	0.0151878684	0.0736955669	0.0653175816	-0.0324935357	-0.0734966326	-0.0213814216	-0.0133236009	-0.1479792997	-0.1130390294	0.0242288215	-0.2062914834	-0.0884937315	0.067446045	-0.0623349854	-0.0685832445	-0.0241858455	-0.0135456751	0.0333598256	0.0898477364	-0.0280172661	0.0479820537	-0.0179675954	0.1947008098	0.0129150881	-0.0797661108	-0.035992967	0.0197253992	0.0890051691	0.0076875566	0.0502692226	-0.0784849432	-0.0405588068	-0.0263248786	0.0704674914	-0.0601263887	-0.0043431284	-0.1363950032	0.1042800632	-0.0424323613	0.0693824518	-0.0454943211	-0.0170140691	-0.034455648	0.0251058262	-0.003072509	-0.1091415552	-0.0888748541	0.0069669301	0.0288474035	0.0393265078	-0.0608324552	-0.0604308519	-0.1072939352	-0.0084694195	-0.043335086	0.1345753691	0.0068629947	-0.0413414079	-0.1815924804	0.0206116464	0.0664012042	-0.2020209448	-0.1480595903	-0.0022297175	-0.1211826407	0.0757910795	-0.0600849786	-0.04923725	-0.0925406335	0.065835735	-0.0626963332	0.092282791	0.0886683881	0.0439344574	0.0659855501	-0.0996606445	0.01252822	-0.0740338708	-0.0738784293	-0.031513211	-0.0381871089	-0.0959017104	0.0343746944	0.0407391756	0.0287466	-0.0318735	0.00101592000225	0.00082636701156	0.189215	-0.081738	0.006681100644	0.035802316225	0.8684819999999999	-0.0495120000000001	0.7542609843239998	0.002451438144	-0.0088442799999999	0.00036263	7.822128871839824e-05	1.315005169000724e-07	-0.00154804	0.0005764299999999	3.322715448999997e-07	2.3964278416e-06	0.00416003	-0.0001528399999999	1.7305849600900003e-05	2.336006559999987e-08	0.0	0.0	0.0	0.0	0.0	0.0
287.382080017692	0.1890700791740869	0.0357474948388954	82588.45991529511	263.7957078222875	-0.0758411765098685	69588.17546546168	0.005751884054401	207.6612877202737	-0.1019975407871527	43123.21041764229	0.0104034983266268	207.1826592154512	309.15358971620384	1.116599	29.648317	0.0617585999999999	0.029941	-0.0847353494	0.0463977663	0.0856507378	-0.0058555954	0.0277829961	-0.1151338915	0.0798800101	0.1039996975	0.0772089244	0.0476737513	0.1154973596	0.0921283318	0.1407663517	0.0317412533	-0.0177498983	0.1378739458	0.0189431826	0.0782399279	0.1598415383	0.0614405117	-0.0490571914	-0.0046367381	-0.2233898334	-0.0879321558	-0.0084607687	0.076406064	-0.0079183067	-0.0197052521	0.0052592743	0.1281345227	0.0882456427	0.0783798908	0.0917367992	-0.0606256815	-0.0197011696	-0.0711108528	0.0602593205	-0.0469846644	-0.0427595177	0.0588994092	0.0884009225	0.0045328795	0.0089864585	0.0998025619	0.016651275	-0.021916056	-0.0664890142	-0.0240462049	-0.1164770787	0.0116799263	-0.0242661552	-0.0551006894	0.0487241336	-0.0425968662	-0.0028414409	-0.0604089803	-0.1123057735	-0.2293335822	0.0155986474	-0.0252405208	-0.0865134366	0.0966841481	0.1015181849	0.0490425423	0.0708468828	0.0089128183	0.0447201992	-0.0566647089	0.0228985073	-0.0070097918	-0.2264824903	-0.0810111878	-0.0472741092	0.0693630478	-0.0157624545	-0.0224303508	-0.0011363724	0.1267581628	0.0722547866	0.0606302293	0.0877312739	-0.0904558732	0.0122760515	-0.0529901683	0.104600305	-0.0728265663	-0.0420065455	0.0794512241	-0.0576824502	-0.0007300634	0.017019343	0.0539615965	0.029772714	-0.0209554194	-0.0596611292	-0.078596022	0.0884361359	0.0950874659	0.0146800106	-0.0629497208	0.0114799468	-0.0568686149	-0.0343911842	-0.08092948	0.0054847085	-0.2354779163	0.0286178742	0.0195046343	0.0086114062	0.1214688182	-0.0045589307	-0.1279216685	0.0618150899	-0.0181339454	0.0241005431	0.0119404961	0.0782303003	-0.0365114373	-0.1748489734	0.0030525814	0.0468427508	-0.0862983985	-0.1151976234	-0.1598064304	-0.1140146292	-0.0981358779	0.1737398933	-0.0639525741	0.0292810359	-0.033540115	-0.1234716584	0.0007493452	-0.0107123895	0.0722916558	0.0019226028	0.0330836889	-0.0299533384	-0.1687188257	0.0582668177	0.1133913425	0.0833018781	-0.0974781683	0.0394758984	0.0330881723	0.0408422	0.0120956	0.00014630353936	0.00166808530084	0.19577	0.006555	4.296802500000007e-05	0.0383258929	0.853989	-0.0144929999999998	0.729297212121	0.0002100470489999	-0.00883896	5.319999999900751e-06	7.812721388159999e-05	2.8302399998943995e-11	-0.00196218	-0.0004141399999999	1.7151193959999994e-07	3.8501503524e-06	0.00431287	0.0001528399999999	1.86008476369e-05	2.336006559999987e-08	0.0	0.0	0.0	0.0	0.0	0.0
287.74105090913633	0.3589708914443577	0.1288601009043568	82794.91237829419	263.95348204948283	0.1577742271953184	69671.44068604666	0.0248927067670799	207.85086210334217	0.189574383068475	43201.98087710256	0.0359384467157929	207.38231369836487	311.43642475463986	1.150271	30.542395	0.1068832999999999	0.0569675	-0.0594127378	-0.0099965631	0.1161045605	0.1151421352	0.1073769124	0.0049917046	0.1431580395	-0.0277795101	0.0383540766	-0.0562478194	0.1307308834	-0.0639712406	-0.0397790796	-0.0362816406	-0.0890157618	0.1145056632	0.0666050679	-0.0560867189	0.0510380213	-0.0144604946	-0.2488851485	0.0528182732	-0.1867278311	-0.0721663647	-0.0393803095	-0.1218538677	0.0503000706	9.03232e-05	-0.1203936581	0.0917992503	-0.0273984482	0.0768106642	0.09745996	-0.0216071088	-0.1419417339	-0.0420116149	-0.098478926	-0.0205258808	-0.0414159096	-0.0348540403	0.0192661413	-0.2079911244	0.0829270289	-0.1071406491	0.0074111393	-0.0090748409	-0.0150594075	-0.0160031965	0.0132756197	-0.0600272045	-0.1107138006	-0.0073989571	0.0049289921	0.0115299693	-0.0460714447	0.0663951382	-0.0862964552	-0.0154212053	0.0747377855	-0.0095667041	0.0732478494	0.1306066317	0.1872528683	-0.0931356792	-0.044845727	0.0360490882	-0.0149385181	-0.1033613389	-0.0301748431	0.0525578916	-0.1861793115	-0.0774895896	0.076221802	-0.0962954111	0.0502698028	-0.0225016341	-0.114513391	0.1065875062	-0.0316148669	0.0630811336	0.0830313161	-0.0315767809	0.1515324279	-0.066371576	-0.1007172293	-0.0028012447	-0.0302248628	-0.0493415439	0.0060121518	-0.1902889176	0.0708812645	-0.1150224123	-0.007869467	-0.0180666944	-0.0199407729	0.0055139803	-0.0549279854	0.0361667802	-0.097469486	-0.0107883462	-0.0264784159	-0.0157686106	0.0473986333	0.0436755358	-0.0730702789	-0.068426353	0.074467565	-0.011528891	0.0788910408	0.0374220652	-0.1231941934	-0.1792919239	-0.0503875345	0.0531631034	-0.0689921456	0.1221500368	0.0292791174	-0.0477255254	-0.1758050123	0.0480520421	0.1064255531	-0.1950536202	0.0014352299	0.0713765139	-0.1923566286	-0.0309031916	-0.048026646	0.0785166175	0.105054916	0.0566193695	-0.0255957279	0.1818833503	0.0126408948	-0.0123766613	0.0143488604	0.0300125076	0.044301879	-0.1667352167	0.0395681778	-0.0600914773	0.0296055287	-0.0990055431	0.0444976032	0.0252872714	0.051705	0.0108627999999999	0.0001180004238399	0.002673407025	0.230108	0.034338	0.001179098244	0.052949691664	0.8810719999999999	0.0270829999999998	0.7762878691839997	0.0007334888889999	-0.00935257	-0.0005136099999999	8.747056560489998e-05	2.637952320999994e-07	-0.00214056	-0.00017838	3.1819424400000045e-08	4.5819971136e-06	0.00431287	0.0	1.86008476369e-05	0.0	0.0	0.0	0.0	0.0	0.0	0.0
287.7104238024696	-0.0306271066667136	0.0009380196627742	82777.28796459668	264.6203224535342	0.6668404040513565	70023.9150554124	0.4446761244753763	207.96974035354967	0.1188782502075014	43251.41290272286	0.0141320383723973	207.4927267811435	311.9079999043427	1.17197	31.11853	0.0912209	0.0524048	-0.0553312929	0.006872184	0.0760098203	-0.1143994136	0.1629251374	-0.05809474	0.0400912997	0.027560271	0.0854944993	0.1016056861	0.0301808322	-0.0148376177	0.1272506751	-0.0076649429	-0.0958699761	0.0456787388	0.0301954292	-0.0649380371	-0.0143356734	0.0085983712	-0.0845691732	0.0615630371	-0.1721100249	-0.1080328832	0.0143596449	0.0008073923	0.0253550726	-0.0234645756	0.0966295069	-0.0048440487	0.0841870833	0.0697561571	-0.0121026459	-0.1112547475	-0.031389918	-0.0523571002	0.0382835366	-0.0164621637	-0.0447098115	-0.0520222408	-0.0397528787	0.0214765166	-0.0539396141	0.0057323587	0.0144847244	0.0160343588	-0.0833961464	-0.0275421134	-0.1094234612	-0.1033627416	-0.0433534725	-0.0788979966	-0.0743221946	-0.0529851168	-0.008339229	-0.0492743109	-0.1651596313	-0.0061708659	0.068183161	-0.0607148603	0.0910455151	-0.0140223033	0.0656478512	0.0384579492	0.0133649583	0.0920177761	0.2052613246	-0.0750955152	0.0154231311	0.0597510706	-0.1718152079	-0.1091265422	-0.0016928733	-0.0100038305	-0.0116089646	-0.0420497935	0.0913603199	-0.0106892889	0.0605838435	0.064730713	0.001766072	-0.1164192091	0.0341812297	-0.0481038354	0.0116383174	-0.009437014	-0.0441681396	-0.0807673971	0.0172304076	0.0445055869	-0.066283427	0.0070971931	0.0014214999	0.0207593304	-0.0847794581	-0.0500378965	-0.0204302469	0.1721763453	-0.0175628769	-0.0848625353	0.0018007551	0.0729661145	0.0131993446	-0.1034768847	-0.1601934316	-0.045630324	0.0465246965	-0.0373847112	0.0726036266	-0.039286166	0.0483432014	-0.08627659	0.0351430281	0.0894314156	0.1464019385	0.0389571259	0.1371514151	-0.0289513023	-0.1776413418	-0.0216273565	0.0077128937	-0.1690284131	-0.1184232277	-0.1619114542	-0.1239626055	-0.0313743476	0.0214393719	-0.0398664918	-0.083392824	-0.064733101	-0.1995016377	0.0009077314	0.1049998606	0.1049909546	-0.0105719413	-0.1354432435	-0.0722252862	-0.0882172792	0.0378085212	0.0097436121	-0.0277348476	-0.1004830656	0.0494296957	0.0173718128	0.0531589	0.0014539	2.113825210000003e-06	0.00282586864921	0.182103	-0.048005	0.002304480025	0.033161502609	0.862498	-0.0185739999999998	0.743902800004	0.0003449934759999	-0.00972272	-0.00037015	9.45312841984e-05	1.3701102250000104e-07	-0.00223417	-9.361000000000003e-05	8.762832100000008e-09	4.991515588900001e-06	0.00431287	0.0	1.86008476369e-05	0.0	0.0	0.0	0.0	0.0	0.0	0.0
287.04550173627484	-0.6649220661947766	0.4421213541127308	82395.12006702977	262.1834939294391	-2.4368285240950627	68740.18448904825	5.938133255843321	207.49548717751003	-0.4742531760396389	43054.37719903223	0.2249160749836847	207.0428270153109	321.0728430322944	2.029165	53.879066	0.9729197	0.558725	-0.0345982454	-0.2179397551	0.1551726382	0.379520253	0.1598535043	-0.0703600937	-0.213332855	-0.1320015842	-0.133464274	0.0340834307	-0.0086420785	0.1315255082	-0.2850414263	0.034736509	-0.1356452251	-0.0654542885	0.0244599031	-0.1400742207	0.4973076377	-0.1186868726	-0.0259878081	-0.0171000395	-0.0693149936	0.3159171667	0.0929237535	-0.1395838742	0.1475674454	0.2134807392	0.1612119603	-0.1371118772	0.1883953848	-0.1243512609	-0.1995526433	-0.1001172804	-0.0609358577	0.0147522153	-0.0434243361	-0.0384102839	0.0588434573	0.0122830081	0.0856739668	0.0271364213	-0.0191996385	-0.1864777589	-0.0128700471	-0.0895158394	0.0191573974	-0.0524859912	0.1026761743	-0.1611892864	0.1676043699	-0.0244632725	0.0290921166	0.054728161	-0.019807244	0.0312820283	0.0128491624	-0.0238453736	0.0529943047	-0.1990349856	0.1507494466	-0.0868378823	-0.0789985929	-0.0586045986	-0.0313119258	0.0572198934	0.0556285569	-0.0593055688	-0.014971555	-0.0151263078	-0.0633371602	0.3253554024	-0.0153542593	-0.1707013286	0.1891477208	0.0905049787	0.2168136707	-0.1491467958	0.2101478507	-0.1191967805	-0.1628620532	-0.0749575423	0.0739741924	0.0253241285	-0.0707440425	-0.0244455553	0.0373855729	0.0154840943	-0.0234460236	-0.0225636159	-0.1333816649	-0.1465711108	-0.0413753842	-0.0981605835	0.0886831441	-0.0009326727	-0.21921931	-0.0302621974	0.1194372597	-0.0052612878	-0.0483329941	-0.0124397629	-0.0207740672	-0.0348560801	-0.03825004	-0.0214276927	0.078872263	-0.2327964673	0.0565487553	-0.102262155	0.0154768387	0.0983868169	0.0034108024	0.0706417546	0.0389501349	0.0994790278	0.0383462965	0.0109849896	-0.1145635089	0.5111558766	0.2791888299	0.0979576682	0.0019387852	0.1390731267	0.205555756	0.1015365548	-0.1218080858	-0.1198983338	0.065350838	-0.2975782965	0.0079470708	0.2039701437	-0.2485931058	0.2721282447	-0.0491992104	-0.2232555412	0.026710926	0.2252240912	0.1434198946	0.0494963893	-0.0423420842	-0.1019099918	0.0542622434	0.0093776556	0.0834175999999999	0.0302586999999998	0.0009155889256899	0.0069584959897599	0.579906	0.397803	0.158247226809	0.336290968836	1.2653	0.4028020000000001	1.6009840900000003	0.162249451204	-0.00822335	0.0014993699999999	6.762348522250001e-05	2.2481103969e-06	-0.00313631	-0.0009021399999999	8.138565795999994e-07	9.8364404161e-06	0.00475248	0.00043961	2.25860661504e-05	1.932569521e-07	0.0	1.0	0.0	0.0	0.0	0.0
288.4972568319296	1.4517550956547325	2.1075928577594816	83230.66719954833	262.6720267737353	0.4885328442961736	68996.5936494219	0.2386643399561094	207.7980014030106	0.3025142255005733	43180.00938708559	0.0915148566302117	207.2854143717373	314.63150753861106	1.89595	50.341896	0.9404302	0.7662919999999999	-0.0409895369	-0.1159202198	0.0570120502	0.0449907191	0.1440822361	-0.0331506432	-0.0913015963	-0.1141750912	0.0306999405	0.0025984704	-0.1055009242	0.02026832	-0.0209416245	-0.0057676417	-0.0778479699	-0.1507707736	-0.0326637675	-0.081293873	0.0407593586	0.2830308914	-0.1841928058	0.0299326493	0.0029966831	0.0566794622	0.0443324449	0.0531177896	0.0693304204	-0.2617585152	-0.2270464341	-0.0117877832	0.3017973238	-0.079322168	-0.0505694738	0.0447327085	0.2474939884	0.1408149527	0.0970148987	0.0514098488	0.1232574879	-0.1475641454	0.0214992198	0.1891266804	0.0249467086	-0.1317788674	0.0021904493	0.0111010395	-0.0920955164	-0.1064054851	-0.0849180209	0.0267152259	0.0159502665	0.0175405248	0.1007415013	-0.0409365495	0.1203221201	-0.0627826707	0.0981838268	0.0834163925	0.023389707	0.0210594222	0.0975922363	0.0151671904	-0.0696669661	-0.0780742552	0.0127792004	-0.0472392797	0.0302884486	0.032625155	-0.0645727997	0.027438237	0.0008127534	0.0601001643	-0.0623098352	0.0263140401	-0.0624336876	-0.250159161	-0.2310034837	-0.0435375114	0.3173906358	-0.0720227638	0.0045611096	0.0443304595	-0.245652069	0.1413025157	0.0743094626	0.0705215027	0.1487796585	-0.0927845829	-0.096555426	0.1731433538	-0.1029286441	-0.1532304422	-0.0265940741	-0.0037978439	-0.0471810762	-0.1225105153	0.0278266149	0.0440585295	0.0235191157	0.0347999362	0.0485231997	-0.080242846	-0.1112145716	0.0289474298	0.0482946567	0.152143139	-0.0129946322	0.0157796464	0.0982673857	-0.0384485967	-0.0509572085	0.0691267751	0.0314026481	0.0063003208	0.0667680461	0.0410455124	-0.0564370032	0.0152150991	-0.04744712	0.0665654463	-0.2974076955	-0.3090643579	-0.1169927421	0.1071779101	0.4103173867	0.1276911255	0.0252883583	-0.1531800443	0.115856131	0.2640342221	0.1223263899	-0.0821013821	-0.0843623638	0.2750853663	-0.0725569782	0.0048229981	0.0364956168	-0.021946494	-0.0612740681	0.0341181557	-0.0106010428	-0.1032856033	0.0589855141	0.0013410152	0.0869968	0.0035792000000001	1.2810672640000728e-05	0.00756844321024	-0.182547	-0.762453	0.5813345772090001	0.033323407209	1.15566	-0.1096400000000001	1.3355500356	0.0120209296	-0.00917115	-0.0009477999999999	8.410999232249999e-05	8.983248399999974e-07	-0.0032425	-0.00010619	1.1276316100000075e-08	1.051380625e-05	0.00499365	0.0002411699999999	2.4936540322499995e-05	5.816296889999988e-08	0.0	0.0	1.0	0.0	0.0	0.0
288.0442731425791	-0.4529836893505035	0.2051942228175934	82969.5032902367	265.72046023121584	3.0484334574805416	70607.36298548916	9.29294654468677	207.5075463860348	-0.2904550169758124	43059.38180715238	0.0843641168864195	207.07202064105192	314.6965904725916	1.556657	41.33287	0.3752311000000001	0.244095	0.0324806346	-0.0767533648	0.041054244	-0.0511369477	0.0145040768	0.2041929489	-0.0526743377	0.0439640001	-0.0084563311	0.0421542152	-0.0613786189	0.0427995999	0.0814623366	-0.1463942052	0.0282067414	0.1717566195	0.0119528435	0.0490274977	-0.0188541499	0.0765731667	0.0760984251	-0.0204303868	-0.0822339079	0.0027575927	-0.0774143116	0.0706906346	0.0983452814	-0.1429492571	-0.0972773855	-0.0068457946	0.0724954516	0.0596519076	0.0469360354	-0.0385969128	0.0599058991	0.08905978	-0.0043049753	0.086898616	0.1339107042	-0.095994648	0.0492702184	0.0091363506	0.0217851735	0.0133511335	0.1832843195	-0.0812939132	-0.1226244617	0.0631016827	-0.0005907012	0.0734850663	0.010033081	-0.1002832411	-0.1507818061	0.0475666095	-0.03192938	-0.0383836495	-0.073281831	0.0696032777	-0.011604205	-0.003111079	0.1210833474	0.0380003116	-0.1186440956	0.0914329313	0.0629116073	-0.0645458086	-0.0718880934	0.1180491845	0.0417857368	-0.0208809577	-0.0801940341	-0.0047381487	0.0693395541	0.0854224597	0.0175342436	-0.1697000941	-0.1042359025	-0.0198979398	0.0724960007	0.0567990859	0.0590999813	-0.0464024017	-0.0545778161	0.0731721612	-0.0136438729	0.1099322495	0.1491073982	-0.0281456422	-0.0839543732	0.0236505179	0.0162589195	-0.0224378521	0.1685728881	-0.1114713337	-0.1596753499	0.0062232235	0.0672167779	-0.0420362409	0.0153079183	-0.0759783415	-0.0844787765	0.1437705166	0.053406163	-0.0756777037	-0.1073369773	0.0584733714	-0.0587649451	-0.006724957	0.1101497924	0.029064752	0.0929055515	0.099208642	0.0498328664	-0.0506897025	-0.0241297653	-0.1209175885	-0.0945197331	0.0290304439	-0.0917560162	-0.0519387323	-0.2374804087	-0.0563376516	0.0251841657	-0.0664122135	0.2783280243	-0.2973353718	0.0570582404	0.0484168206	0.090882401	-0.2038873509	0.0104021697	-0.0961067037	-0.1730960976	0.1053750797	-0.0070239878	0.1503348128	-0.1371976668	-0.1375903092	-0.0748150986	0.013587613	-0.0309844558	-0.1046092073	0.0635899959	-0.0067017003	0.0801886	-0.0068082	4.6351587240000006e-05	0.00643021156996	0.0195529	0.2020999	0.04084436958001	0.00038231589841	1.1673	0.01164	1.36258929	0.0001354896	-0.0113653	-0.00219415	0.00012917004409	4.814294222500003e-06	-0.00288669	0.00035581	1.2660075610000018e-07	8.332979156099999e-06	0.00553735	0.0005437	3.06622450225e-05	2.956096900000003e-07	0.0	0.0	0.0	1.0	0.0	0.0
288.16720611389616	0.1229329713170841	0.015112515436847	83040.3386794887	264.76007018442505	-0.960390046790792	70097.89476406168	0.9223490419748196	207.86107809346785	0.3535317074330635	43206.22778617874	0.1249846681605372	207.4159629976904	313.9534359450928	1.355158	35.98262	0.3142284	0.197003	-0.0470827542	-0.0561696333	0.0817182955	-0.0389987584	0.0192282551	0.1023221269	0.0827367	-0.0020537402	0.0796795056	-0.0217352328	-0.0193039705	-0.0181970531	0.0990683173	-0.0459711638	-0.046880645	0.132393294	0.0426343546	-0.0307507903	-0.0729566585	0.0349663671	-0.0462747563	0.0447846907	-0.1262908804	-0.127406837	0.0122548573	-0.0743138804	0.0170058048	0.0008527671	-0.0617843285	0.0135665412	-0.0783892239	0.0172674984	0.0941633107	-0.0313481026	-0.0034897335	0.1202231975	-0.0376848117	-0.0106048846	0.0324498797	0.0647325591	-0.1857509146	-0.0716585861	0.108425034	-0.0457153049	-0.0293746458	-0.1170348239	-0.0273886791	0.200801317	0.0603341311	0.0055465355	0.0158944343	0.023016811	-0.1370313303	-0.0133700718	0.103993904	0.0857870653	0.1283189002	0.0412129453	0.0367540651	0.0202330942	0.0593666066	-0.0756503381	0.0962758761	0.0769928463	-0.0931754042	-0.1524427071	-0.0744410147	-0.01949019	0.0156310389	0.0453030808	-0.1259457698	-0.129045832	0.018952736	-0.0744326863	0.020079475	-0.005309451	-0.0648892944	0.0253019	-0.0829598893	0.0210266829	0.0767067678	-0.0323045183	0.0028523293	0.0984293448	-0.0709909553	0.0108476556	0.0291403779	0.0085438378	0.1696693529	0.0051742295	0.156248591	-0.0305650465	-0.0600006832	-0.1011944348	-0.1095903559	0.1891569566	-0.0399596032	-0.0592503258	0.0194661839	-0.0175675912	0.0513011824	0.1380652724	-0.0506879854	0.1394912078	0.0419213202	0.0836712232	0.0311879434	-0.0453475214	0.0187550109	-0.0992786816	0.0965216801	-0.0831075669	-0.099294718	-0.1618163186	-0.0557785695	0.0399110682	-0.037707013	-0.0216918974	-0.1306206773	-0.0257622693	-0.1070013203	-0.1922212679	0.0220793373	0.0128610319	0.0130549326	-0.025733834	-0.0326225305	0.0370781879	0.1247449219	0.1104426478	0.0215926651	0.06467963	0.2136109915	-0.05380151	-0.0196477056	0.0786907262	0.048870719	0.021963212	0.1528124082	-0.0155496097	0.050480271	-0.1058801375	0.0680664159	-0.0147140554	0.0847384	0.0045498	2.070068004000006e-05	0.00718059643456	0.111027	0.0914741	0.00836751097081	0.012326994729	0.992141	-0.1751589999999999	0.984343763881	0.0306806752809999	-0.011759	-0.0003937	0.000138274081	1.5499969000000022e-07	-0.00292097	-3.428000000000025e-05	1.175118400000017e-09	8.5320657409e-06	0.00510442	-0.0004329299999999	2.60551035364e-05	1.8742838489999987e-07	0.0	0.0	0.0	0.0	0.0	0.0
285.8659759151372	-2.301230198758958	5.295660427680193	81719.3561859138	263.0429188745993	-1.7171513098257378	69191.57717006904	2.948608620836247	207.4243948405297	-0.4366832529381668	43024.87957495996	0.1906922633966589	206.9742277106604	312.44010948725463	1.410965	37.46442	0.1338557999999999	0.0708766	-0.0035419012	0.0519864269	0.1152407034	-0.0738012467	-0.0185708033	0.0816069552	0.0229336047	-0.0874537766	0.0074366495	0.0264297166	0.0745050503	-0.0209554573	0.0829559963	-0.1148115641	-0.1966556861	0.0738427101	-0.0637577845	-0.0939015051	-0.027715419	-0.1890290083	0.138790599	0.0192503017	-0.1722603674	-0.0837446446	0.0047400539	-0.0026080036	-0.0891340681	0.0441927046	0.0386816371	-0.0690106011	-0.0690208728	-0.0755035835	0.0008254476	-0.0567202331	-0.0522040222	0.0731984062	-0.0011595202	-0.0661357578	-0.0433181126	-0.0042102091	0.075109037	0.0848139181	-0.0497117055	-0.1257114404	-0.0430761986	-0.0080747156	-0.0323821656	-0.0201531484	0.0452603512	-0.014656168	0.0454271082	-0.059357645	-0.1092739433	0.0331512288	0.0078131067	-0.0156608685	-0.1345963262	0.0498172093	0.1301596517	0.0690627219	-0.0728853998	-0.0784598713	-0.0779298164	0.1557111878	-0.1841871029	-0.1404137161	-0.011739099	0.061350746	0.1232253493	0.0173998209	-0.1723360539	-0.0850251519	0.0066608456	-0.0072306158	-0.0524363458	0.0895817447	0.0243919172	-0.0652069491	-0.0768899142	-0.0706503159	-0.0105024236	-0.0375557879	0.0542263244	0.088342394	-0.0069677849	-0.0667765696	-0.0362871379	0.0069912847	-0.0602158497	0.037394108	-0.1229058628	-0.0820184474	-0.0606805036	-0.0051403098	-0.0141842441	-0.0052141054	-0.0537496558	-0.0354657126	0.0355788684	-0.0500517365	-0.0506595803	0.1285318808	0.0222624205	-0.0444151294	-0.1399363424	0.0131387528	0.1102736245	0.1115058137	-0.0417289129	-0.011313462	0.1796796823	0.055372034	-0.1664940733	-0.1662631559	0.0556545278	-0.1140687208	-0.0138618547	-0.0069708277	-0.1810481737	-0.0991824987	-0.0456233103	-0.0524959461	0.0351953986	-0.0631871398	0.0110224191	-0.1521067702	0.0372811138	0.0358588043	-0.0344051454	-0.2355929042	-0.1299822574	0.1458605539	-0.0196821157	-0.0045652558	0.1992119711	-0.0341010529	-0.0218799042	0.1474773666	-0.2939385785	-0.1183160718	-0.0313881582	-0.1070977539	0.0724057592	-0.0226597522	0.0918962	0.0071577999999999	5.123410083999988e-05	0.00844491157444	0.146004	0.0349769999999999	0.0012233905289999	0.0213171680159999	0.984624	-0.0075169999999999	0.969484421376	5.650528899999994e-05	-0.0127999	-0.0010408999999999	0.00016383744001	1.0834728099999982e-06	-0.00254408	0.0003768899999999	1.4204607209999997e-07	6.4723430464000015e-06	0.00537071	0.0002662899999999	2.88445259041e-05	7.091036409999986e-08	0.0	0.0	0.0	0.0	0.0	0.0
283.9355383195884	-1.930437595548824	3.726589310308325	80619.38992083444	262.0115875204404	-1.0313313541589082	68650.0719949814	1.0636443620712472	206.87548524602207	-0.5489095945076201	42797.46639577709	0.3013017429425199	206.4135566358866	301.3858567891444	1.614798	42.876659	0.8235313999999998	0.399433	0.1210049373	0.2672422307	0.0642362937	-0.0126194636	-0.0802807273	-0.0459198877	-0.1039845409	-0.0335239577	-0.1660877277	0.078413412	0.1783388321	0.0577905569	-0.0603182621	0.1196260594	0.0502834919	-0.0843110281	-0.176282629	0.1125259007	-0.0106472539	-0.1025819519	0.2612404349	-0.0425017836	-0.0991905831	0.1483753097	0.0272075595	0.1358459098	-0.213300445	0.056110795	0.0156432247	-0.201115493	-0.117852315	-0.0552365702	-0.0076304904	0.0601986834	-0.0264887846	0.0815988849	0.1257921919	0.1934246937	-0.0054065476	-0.0035175669	0.1583196459	0.0464371191	-0.0463603812	0.0741120333	-0.010114691	0.0272588574	-0.1152240458	0.043386221	-0.0370251149	0.1383562944	0.0866250386	0.0864369732	-0.0815019827	0.047616307	-0.0304743909	-0.1060271199	-0.221038873	-0.0180030159	0.0527846808	-0.0963798685	-0.0040561285	0.0127771128	-0.06383025	-0.026775968	0.0579574196	-0.0209502505	0.0220593638	0.0214268312	0.2063146613	-0.0455792245	-0.0995719219	0.154188894	-0.0615345906	0.1156018917	-0.1440358501	0.1757392708	-0.0014195126	-0.1937433356	-0.1096517398	-0.0310478627	-0.0265742229	0.0796179734	0.0129178861	0.1082802568	0.1605510348	0.1597951567	-0.0208066256	0.0835518898	-0.1516793507	0.0004891669	-0.0316367234	0.063438829	0.0127826769	0.0210009585	-0.0982659201	-0.0183055059	0.1324276779	-0.0716034289	0.0888150393	0.1005992268	-0.008121434	0.0798901292	0.0130719887	-0.1326000582	-0.2041529017	-0.0765538996	0.0619265197	-0.0326827135	0.0250418875	0.0249914743	-0.0367448203	0.0623047951	0.0868430898	-0.055420739	0.0124735679	-0.1124716651	0.1458813544	0.0987001384	-0.0950302191	-0.1936311942	0.1032122295	0.2928701827	-0.0879766104	0.0816060876	0.2076564133	0.0330202279	0.0043960024	0.0482069847	-0.1257681759	0.0532428669	-0.115652164	-0.0219933931	-0.1163467764	0.1006210466	0.0865326302	0.1206862477	0.0529492098	-0.0083671479	-0.0867706523	-0.0087557195	0.0506943068	-0.1082614433	0.0765992869	-0.0305027946	0.0365723	-0.0553238999999999	0.0030607339112099	0.00133753312729	0.217746	0.071742	0.005146914564	0.0474133205159999	1.20782	0.2231959999999998	1.4588291523999997	0.0498164544159999	-0.016921	-0.0041210999999999	0.0002863202409999	1.698346520999999e-05	0.00022563	0.00276971	7.671293484100002e-06	5.09088969e-08	0.00794529	0.00257458	6.312763318410001e-05	6.628462176400004e-06	0.0	0.0	0.0	0.0	1.0	0.0
285.0875676542643	1.1520293346759445	1.3271715879538992	81274.92123102474	258.8044089520419	-3.20717856839849	66979.72209301575	10.285994369594588	207.0336604383752	0.1581751923531271	42862.93655451244	0.0250193914759487	206.5700941159853	297.6147069033332	1.142762	30.343012	0.1712069999999999	0.0858769	0.0920707272	0.2480664422	0.1205493128	0.0474094509	-0.0761876761	-0.0145411014	-0.0714250184	0.1242428387	-0.1277021508	0.0160773864	0.2291898654	0.0287327747	-0.1462097876	0.1596785317	0.086441528	-0.0465963386	-0.1466327821	0.0897012058	-0.1266268546	-0.0453887173	-0.0805368752	-0.0575222323	-0.0877164742	0.1331696572	0.0005690765	0.1070116802	-0.1210898212	0.0945836106	-0.0321874267	-0.1495222529	-0.1052773145	0.0196265533	-0.0698500204	0.2275224552	0.0133926203	-0.0238279685	0.1171043972	0.1297873746	-0.0184767582	0.0530491975	-0.0445186595	-0.0193333065	0.061739355	0.0124609544	-0.0334026823	-0.0137319226	0.0487113884	-0.0309931157	0.0196810852	-0.0121487694	-0.0843188632	0.0551947246	0.0908960954	-0.0534329803	0.0033834452	0.0050267483	0.1385333096	-0.0626474427	-0.0074818892	0.024672451	0.0008993333	0.0475110532	-0.0134605156	0.0877373619	-0.0042393074	0.0771336923	0.0746228032	-0.0582904169	0.0161652965	-0.0556849695	-0.0858406684	0.137409889	-0.0130123077	0.0919580762	-0.0353840476	0.1583552639	-0.0306832003	-0.1357934381	-0.084665561	0.0503685463	-0.0655384051	0.244654456	-0.035313394	-0.01355919	0.1186472325	0.1183265193	-0.0434882077	0.0350115141	0.0567488317	-0.0066390644	0.0469953598	-0.021362425	-0.0381190664	-0.0023753559	0.0442606965	-0.0076922351	-0.0010114186	0.018504418	-0.0977562757	0.022059041	0.0774900497	-0.0979312528	-0.0091622167	0.0182172962	0.1388172192	0.0060480422	-0.0174705247	-0.012246956	0.0385704084	0.0689133007	0.0859741283	-0.0104593668	-0.016609879	0.0561713359	0.0414184893	0.029452368	0.0752702256	0.0714881119	-0.1127534469	-0.1608839764	0.1036779586	0.2910656415	-0.0422771023	0.0380773261	0.1188576491	0.0386215738	0.0024826582	0.0425003626	-0.0339915111	0.1038629819	-0.0631251622	-0.0694533099	-0.0639670911	0.0729565694	-0.0616246236	0.0641434707	-0.0296238191	-0.1634734589	-0.0050553662	0.0243599207	0.0293533796	-0.1093706198	0.0806385538	-0.0382076517	0.0553145	0.0187422	0.00035127006084	0.00305969391025	0.249283	0.031537	0.000994582369	0.062142014089	1.16037	-0.0474499999999999	1.3464585368999995	0.0022515024999999	-0.0159028	0.0010181999999999	0.00025289904784	1.0367312399999936e-06	-0.000135976	-0.000361606	1.30758899236e-07	1.8489472576e-08	0.0078555399999999	-8.975000000010017e-05	6.170950869159844e-05	8.055062500017981e-09	0.0	0.0	0.0	0.0	0.0	0.0
286.4161597916336	1.3285921373692986	1.7651570674795212	82034.2165897866	259.9238579202581	1.1194489682162043	67560.41191615052	1.2531659924403244	207.37228030182328	0.3386198634480877	43003.262637577966	0.1146634119216015	206.96261438732887	304.1501798707569	1.094906	29.072308	0.1745541999999999	0.0829016	0.0745104015	0.1417141727	0.0702993905	0.0527280578	-0.0702818028	-0.0176841332	-0.0566342354	0.0769872623	-0.0782803792	0.0123678872	0.1222115469	-0.0023444867	-0.2098621942	0.0553769881	0.0722557069	-0.007439245	-0.0702708442	0.2385233524	-0.1367778073	-0.0789274944	-0.0707289063	-0.0272994228	-0.0098370237	0.0831077045	0.0482381009	0.0126036157	-0.0432122195	0.0931031276	0.0444892249	-0.1637866145	-0.0380293832	-0.0204920249	-0.0890365546	0.2254127293	0.0374392826	-0.0486556425	0.0260296091	0.0588949806	-0.0609348549	-0.0568898526	-0.0187173804	-0.0679735964	0.0508998613	0.0904893964	-0.068772409	0.1195377027	0.0703071712	0.0405248502	0.1087560122	-0.0926181773	-0.0912668944	0.0066595381	0.0551430506	0.0060245018	-0.0338241258	-0.0668327105	-0.0005145127	0.0569352212	0.0385259129	0.0047099983	-0.0967420532	0.063050109	0.0671022284	0.0012351154	-0.0863650591	0.1073502542	-0.0703188763	0.0806270753	-0.0749348194	-0.0249593648	-0.0075441386	0.087449008	-0.0283788359	-0.0096445281	0.0081358857	0.1032273368	0.0667157951	-0.1454851082	-0.0206196755	0.0142093008	-0.0610644224	0.2501520645	-0.0417121937	-0.0495310541	0.0223286467	0.0433351982	-0.060401201	-0.0628455869	-0.0234955945	-0.0531550561	0.108342762	0.047479238	-0.0322775697	0.1475013611	0.0571197145	0.0693821911	-0.0775577658	-0.0170949087	-0.1228136503	-0.0145074922	0.0054451754	-0.0486901836	-0.0115265745	-0.0953483676	0.0048882675	0.0481198113	0.0467100679	0.013390848	-0.0540805122	0.0761936886	-0.0364881542	-0.0681305457	-0.1046169965	0.0916920987	-0.0553201835	-0.0589479304	-0.1095085981	0.0458893406	-0.0719345726	-0.0862835406	0.117629542	0.216124461	0.0369646512	0.153817787	0.0394994777	0.0703618283	-0.0583623015	-0.0169902876	0.0130360016	0.1095394719	0.0010748954	0.0578366657	-0.0086688563	-0.1566049158	-0.070270614	0.1007955037	-0.0004061808	-0.0397658072	0.0134038185	0.0730816971	-0.0015015751	-0.1104247249	0.0845154255	-0.0457394187	0.101415	0.0461005	0.00212525610025	0.010285002225	0.291123	0.04184	0.0017505856	0.084752601129	1.15721	-0.0031599999999998	1.3391349841000002	9.985599999998922e-06	-0.0153372	0.0005656	0.00023522970384	3.1990336000000133e-07	-0.00114681	-0.001010834	1.021785375556e-06	1.3151731761e-06	0.00794818	9.264000000009862e-05	6.317356531239999e-05	8.582169600018272e-09	0.0	0.0	0.0	0.0	0.0	0.0
286.7231010832352	0.3069412916015608	0.0942129564900343	82210.1366947871	263.1165578968823	3.1926999766241693	69230.3230395034	10.193333140735971	207.76078691222483	0.3885066104015493	43164.54457838689	0.1509373863257012	207.3199884439352	307.7907751722564	1.093346	29.030891	0.1228474999999999	0.0621851	0.0661759055	0.1411873222	0.0078163515	-0.012260504	-0.0681178301	0.0332034219	-0.001881857	-0.043951742	-0.0826688176	-0.0278384207	0.0274607663	-0.0574669448	-0.097088555	0.1087177142	-0.0276647047	-0.1427486657	-0.0278633037	-0.0532270006	-0.180177876	-0.2147043868	0.049086937	0.0449949288	0.016549416	-0.0080531281	0.0782767526	0.0454491299	-0.0282287894	0.1345456983	0.0453788838	-0.2104868289	-0.0614809209	-0.0154375448	-0.115620172	0.0494954524	0.0030485207	0.0210246717	-0.0237653723	0.0544919429	-0.140756542	0.0002866957	-0.0813448277	-0.0365323923	0.007810449	0.0396543539	-0.0045896675	0.0588719515	0.0950276723	-0.0244408588	0.1093602396	-0.0346861424	-0.0578573056	0.0471087703	0.0826035656	-0.0281951956	0.0379948341	0.0653875066	0.0822000448	0.0538918944	0.0682995941	-0.0009952285	0.0667872573	0.0188975677	0.1258671047	-0.0392123787	0.1691757065	0.0161173353	0.0448383992	0.0733770911	0.0306875365	0.04385624	0.0142461802	-0.0074845753	-0.065795951	0.0113210317	0.0427564159	0.1358778614	0.0565096355	-0.2080642406	-0.046007686	0.0128363924	-0.1067264303	0.0740579169	-0.0102215314	0.028060095	-0.0580410312	0.046284582	-0.148921362	-0.0607715456	0.0644498383	-0.0190965357	0.0486684463	0.0358264851	0.0009938811	0.0535749591	0.1009717749	0.0141613251	-0.0575040514	-0.0431068437	-0.0937734538	0.0188383946	0.0385162825	-0.0701839061	-0.0118695944	0.0977474293	0.0291015516	0.0815356791	0.0357184214	-0.0095137133	0.0891031679	-0.0251245987	-0.0507108256	-0.1171261355	0.1755460243	0.0260589086	0.0526161391	-0.0822748104	0.0079070541	0.053786257	-0.0303542289	-0.118971241	0.0838715992	0.2029744885	0.0084294069	0.069942044	0.0839127994	0.1525041713	-0.0478884023	0.0998652586	-0.0742118289	0.0974858768	-0.0927167287	0.0122767528	0.1362681344	-0.0194794448	-0.013046685	-0.0205194851	0.0745626814	0.055651519	0.0158311682	-0.3027903502	0.0104852348	-0.1114232278	0.0882220943	-0.0530639746	0.113735	0.0123199999999999	0.0001517823999999	0.012935650225	0.245709	-0.045414	0.002062431396	0.060372912681	1.18962	0.0324099999999998	1.4151957443999998	0.0010504080999999	-0.0156171	-0.0002798999999999	0.00024389381241	7.834400999999977e-08	-0.00105219	9.462000000000012e-05	8.952944400000023e-09	1.1071037960999998e-06	0.00822773	0.00027955	6.769554095290001e-05	7.814820250000095e-08	0.0	0.0	0.0	0.0	0.0	0.0
286.25444753737975	-0.4686535458554317	0.2196361460428692	81941.60873493049	261.6493263668484	-1.467231530033871	68460.36998822556	2.152768362725534	207.68208510491849	-0.078701807306345	43131.8484735266	0.006193974473285	207.2443677581392	302.67589268975297	1.084159	28.786963	0.1455015000000001	0.0774138999999999	0.0745111692	0.2142024435	0.0476033159	-0.090681772	-0.042659273	0.0668432597	-0.0805742524	0.014832151	-0.0559566268	0.0913400431	0.0855227693	-0.0240348925	0.0589085449	0.0300674189	0.010620844	-0.0933051606	-0.1899899015	-0.0768306697	-0.1191375521	0.0977310086	0.0638685709	0.0477294659	-0.0644976023	-0.0263042369	0.0113506172	0.0168353357	-0.0165864611	-0.0055241284	-0.0335929144	-0.089349708	-0.0690173189	-0.0111161541	0.0643063545	0.1115600515	0.0627756825	-0.0945828017	0.0970668039	0.1252527172	0.0210477471	0.0273145631	0.0257491556	-0.0630080312	-0.0697885231	0.1284672781	0.0359875775	0.044151977	0.0792010526	0.03501169	0.0036625733	-0.0152266102	-0.0454923485	-0.0551387108	-0.0527424556	0.019088297	0.0782303737	-0.0716705745	0.1013171937	0.045281188	-0.0224948307	-0.1607969429	-0.0867567674	0.0063796773	0.034042747	0.024024798	-0.1080378791	-0.0761568468	-0.0426395712	0.0069677682	-0.0137979663	0.0478939224	-0.0651992319	-0.0236236969	-0.0102790084	0.0083534014	-0.0044841253	0.0170520978	-0.0298942906	-0.084465454	-0.0751676802	-0.0032061233	0.0611039365	0.1203536749	-0.0705499762	-0.0895586511	0.1215372386	0.1014953175	0.0011437717	0.0396989389	-0.019769246	-0.0635102849	0.0088533147	0.1348677075	0.0600672124	0.0542254608	0.0553073267	0.0411997554	0.0210438009	0.0326321897	-0.058996958	-0.0653457348	-0.0021345737	0.0494257425	-0.0949861165	-0.0416171877	0.0509765919	0.0851926234	0.003334212	-0.1442202769	-0.1041247071	0.0242679765	0.0025608593	-0.0247139221	-0.1027693085	-0.0919730481	-0.0112526669	-0.0318383976	-0.0162013268	0.0534553696	-0.063165498	-0.1884404804	-0.0020677197	0.1291910863	0.0163597822	0.0472964616	0.0974560981	-0.0067578615	-0.06839317	-0.0204082044	-0.0846869667	0.0896155111	-0.0729262672	0.0499976402	0.0024450852	-0.0520675588	-0.0145946315	-0.0056933887	0.0819383949	0.0457860934	0.0274144279	0.065000786	0.0999887345	-0.1123656258	0.0917510955	-0.0601481375	0.10945	-0.0042849999999999	1.836122499999997e-05	0.0119793025	0.178967	-0.066742	0.004454494564	0.0320291870889999	1.15281	-0.03681	1.3289708960999995	0.0013549761	-0.0159515	-0.0003344	0.00025445035225	1.1182336000000023e-07	-0.00115615	-0.00010396	1.0807681600000034e-08	1.3366828225000002e-06	0.0079127999999999	-0.0003149300000001	6.261240383999842e-05	9.91809049000632e-08	0.0	0.0	0.0	0.0	0.0	0.0
286.8015426751472	0.5470951377674282	0.2993130897687613	82255.12488084426	263.5012391055072	1.8519127386587684	69432.90301013767	3.42958079160662	207.64458194258145	-0.0375031623370318	43116.27241010942	0.0014064871852777	207.18538777180387	304.55213347880857	1.165578	30.948826	0.3296605	0.179034	-0.0322915023	0.1138435968	0.160604986	0.0227756836	-0.0321234366	-0.0536335364	0.0804424836	0.0143545075	-0.0051772351	-0.0106115457	0.1686433348	0.0098292947	-0.0122555701	0.0717412097	-0.1084790352	0.0910675065	0.0940112644	0.0440596762	-0.045245775	0.0614869501	0.0591539356	0.0131104103	-0.1346933949	-0.0470935135	0.0628226995	0.0100161764	0.0377900656	0.052123247	0.0053823296	-0.0344355675	-0.0035862659	0.0898194331	-0.0905518509	-0.0070067764	-0.0610291274	-0.0620000155	0.1018105927	-0.0729786476	-0.0906144464	-0.0856469778	-0.0096160235	-0.0063542219	0.0178395575	0.0232002477	-0.011754748	-0.1043674348	-0.1294855931	-0.0867007551	-0.0418042679	-0.0316789978	0.0379575539	0.0729324869	0.0113580053	-0.0272752791	0.0209852808	-0.0503430656	0.0038904652	-0.0212886706	-0.0627823202	0.0387885882	-0.0065685956	0.0033354902	-0.0094005061	-0.087496433	0.116187491	-0.0747018508	-0.0884899449	0.0493646586	-0.1326976768	0.0118117168	-0.1373995563	-0.040705625	-0.0619493455	-0.0200119537	0.0560248382	0.0226285405	0.0172333817	-0.0355109336	0.0113129271	0.0866834148	-0.0943755214	-0.0051333719	0.0612386513	-0.0434811035	0.1040350232	-0.0744960689	-0.0676778838	-0.1084455922	-0.0206361032	0.0044090324	0.0228924086	0.0092455091	-0.0345242407	-0.0984365535	-0.0979707214	-0.1244297951	-0.0340660845	0.034594612	0.0332948655	0.0757197015	0.0459149428	-0.0068651433	-0.037067461	-0.0224583869	0.0274694507	-0.0213626944	-0.061466066	0.0343029117	0.0072219774	-0.0170283934	-0.1083013798	0.0240772595	0.0863896798	-0.0410183915	-0.0649767724	0.0356032926	-0.1542624899	-0.0188990236	-0.1547956527	-0.0940594321	0.0777512742	0.1169690895	0.0201906577	0.0742682309	-0.0856787662	0.0887640702	0.0084511176	-0.0098689646	0.0733124248	0.058707234	0.0214949846	0.0068289572	-0.0427982041	-0.0529781872	-0.0302939395	-0.1524061244	-0.0060755926	-0.1378061062	-0.0096568451	-0.0011727387	-0.0593538713	-0.1132514443	0.0950953223	-0.0669598143	0.0485815	-0.0608685	0.00370497429225	0.00236016214225	0.224546	0.045579	0.002077445241	0.0504209061159999	1.05742	-0.0953899999999998	1.1181370564000002	0.0090992520999999	-0.0137469	0.0022046	0.0001889772596099	4.860261160000005e-06	-0.00125369	-9.753999999999992e-05	9.514051599999982e-09	1.5717386161e-06	0.0076584799999999	-0.00025432	5.865231591039847e-05	6.46786624000003e-08	0.0	0.0	0.0	0.0	0.0	0.0
287.80345560107816	1.0019129259309807	1.0038295111475788	82830.82905592177	261.909559557173	-1.5916795483341843	68596.61738743234	2.5334437845853133	207.64811403020173	0.0035320876202717	43117.739260299655	1.2475642957277277e-05	207.19908826055897	305.15049669505095	1.105098	29.342949	0.2027252999999999	0.119513	-0.0078377658	0.071277756	0.1092373072	-0.0787386371	0.0912735759	0.1091362359	0.0807163228	0.0158214664	0.0709139186	0.0841123422	0.0548353159	-0.0698967238	0.0404702611	0.0041268977	-0.0739162847	0.0400642044	-0.0325733031	-0.0547518715	-0.1420636638	0.0366173177	-0.1818961362	0.0093931255	-0.148661212	-0.084838435	-0.0831350802	0.0215385793	0.0134262803	-0.0953045779	-0.1417877629	-0.0214195176	0.0717735094	0.0727774988	-0.0527116009	0.0961873769	0.0686791938	-0.002629948	0.0812446982	-0.0232655966	0.0340109906	-0.0099626436	0.0306429888	0.0016445682	0.0244661707	0.0336197474	0.062525664	-0.0436083176	0.0295302855	-0.1241188949	-0.0458059733	-0.0119227433	0.0262495717	0.0386675905	-0.1034875952	0.0548157486	0.0248640003	0.111133795	0.0369735241	0.0514107387	-0.0188797251	0.014677837	-0.0374317915	0.1267302887	-0.1426868351	-0.085910915	0.1269329034	0.0544321715	-0.006587806	-0.065016643	0.0110458736	0.0076925208	-0.1495175526	-0.0902848189	0.0685554789	0.0564839611	-0.0177233699	-0.0782187187	-0.1296546709	-0.0136635854	0.0918180057	0.0792815881	-0.0361433973	0.0928540135	-0.069338676	-0.0039265044	0.0768695091	-0.0111831005	0.0481153271	-0.0334453681	-0.0005959915	-0.0259999179	0.0268001226	-0.0042089136	0.0644422035	-0.0632978235	0.0882111177	-0.1042783089	-0.0198702345	0.0441705968	0.0191525209	0.0792053459	-0.0613091218	0.0981028518	0.0172338128	0.128711331	-0.0048274373	0.0532320721	-0.0255724867	0.0063140269	0.0103835633	0.1323213699	-0.0835863255	0.1271390152	0.0964288348	0.0593887438	-0.0804682391	0.071567845	0.0936151002	-0.0171165443	-0.1786054439	-0.1345386607	-0.0501376359	-0.0246751019	0.0010541514	0.0305157575	0.0409243158	0.018902746	-0.0946372162	0.0589223295	0.05075998	0.0665979255	-0.0213861916	-0.0486975354	-0.0785149875	0.0354413552	-0.0510849368	-0.0742279129	0.0818652158	-0.1179378333	0.1465072696	-0.0730016269	-0.0867990059	-0.1140802373	0.0982480398	-0.0734681463	0.0400032	-0.0085782999999999	7.358723088999995e-05	0.00160025601024	0.116488	-0.108058	0.011676531364	0.013569454144	1.08802	0.0305999999999999	1.1837875204	0.0009363599999999	-0.0135245	0.0002223999999999	0.00018291210025	4.94617599999997e-08	-0.00103679	0.0002168999999999	4.7045609999999965e-08	1.0749335041e-06	0.006988	-0.0006704799999998	4.8832144e-05	4.4954343039986534e-07	0.0	0.0	0.0	0.0	0.0	0.0
288.544224126468	0.7407685253898535	0.548738008208258	83257.7692767454	265.9140166300314	4.004457072858429	70710.26424031662	16.035676448365898	208.10163751145464	0.4535234812529154	43306.29153494887	0.2056835480477635	207.6469654245429	312.2531373904382	1.222027	32.44767	0.4711148	0.222533	-0.064706453	-0.0264678168	0.0325905242	-0.0910451464	-0.0180570788	-0.0470492007	0.0488715316	0.0182167658	0.1235981816	0.0697108264	0.0119592873	0.0122401705	0.0802118935	-0.1256528312	-0.0213580251	0.0793063416	-0.0250823953	0.1624260831	0.0363901194	-0.0584949451	0.0758705634	0.0520290835	0.0051839723	-0.1741073232	0.051664202	-0.0529730188	0.0618799656	-0.0708364709	0.1331200846	-0.0394465347	-0.003765697	0.0423736057	-0.0680880579	0.0816435961	-0.0849505627	-0.0293674379	-0.005934812	-0.0790447902	0.0270115285	-0.1305309223	0.031708554	0.0022765468	-0.0152670584	0.0488172207	-0.0883900795	0.0138441309	0.1277750049	-0.0129550433	0.0729918271	0.0893883687	-0.0508730659	-0.0625391982	0.0456551241	0.0295547802	-0.0857301825	-0.0172617629	-0.0051144835	-0.0517870133	0.088806272	-0.0311709765	-0.0793507397	-0.0509827072	-0.0744383023	-0.0520423372	-0.0009710382	0.0330556411	0.0355339782	-0.0867121357	-0.2164648771	0.0508145295	0.0055086596	-0.1663794727	-0.0459317282	-0.0746836552	-0.0059140353	-0.1053170318	0.1404476589	-0.0229621048	0.0021399876	0.0614475157	-0.0635080402	0.0823845386	0.0898703234	-0.0110381194	0.0053805451	-0.0674684749	0.0485760349	-0.0943834875	-0.0817128559	-0.0013246038	-0.0045771245	0.0581609808	-0.0777216157	0.0346174736	0.1236425036	0.0176894387	0.090517187	-0.0920171725	-0.0685324851	-0.0759581115	-0.0153572978	-0.05712494	0.0369000552	-0.0635754063	0.0388371139	-0.0645440032	0.1338424843	-0.0262558028	-0.091619147	-0.0004262202	1.81798e-05	0.0863334723	0.0067582262	0.0875676445	0.0195851072	0.1559709852	-0.0912266659	-0.0644962292	-0.0153156167	-0.066739158	-0.0134701242	0.0048510241	0.0750919108	0.0113829498	-0.1948650306	0.0545163794	-0.0766790717	-0.1519581005	0.0552811523	0.0088982192	0.1318533187	-0.1007237345	-0.1001633056	-0.0656378255	-0.0347312688	-0.129147934	-0.1009603802	0.0955861614	0.1506749051	0.1363947853	0.0477554875	-0.1148515874	0.1012028987	-0.0796436494	0.110119	0.0701157999999999	0.0049162254096399	0.012126194161	0.205304	0.0888159999999999	0.0078882818559999	0.0421497324159999	1.02685	-0.0611699999999999	1.0544209225	0.0037417688999999	-0.0129416	0.0005829	0.00016748501056	3.397724100000009e-07	-0.0025371	-0.00150031	2.2509300961e-06	6.43687641e-06	0.00992505	0.0029370499999999	9.85066175025e-05	8.626262702499995e-06	0.0	0.0	0.0	0.0	0.0	0.0
288.3297012274817	-0.2145228989863312	0.0460200741894996	83134.01660992885	265.2361118263668	-0.6779048036646032	70350.19501676896	0.4595549228315441	208.33244163846632	0.2308041270116803	43402.406239044976	0.0532705450456238	207.88738959800733	311.4877981096724	1.10254	29.275021	0.2078162	0.136745	-0.0511243908	0.018447716	0.0122181599	-0.0967371201	-0.0262322549	-0.0592200504	0.1967596852	0.0380644067	0.0900279894	-0.0669675121	0.0411946029	-0.0198428618	0.1073467883	0.0281138395	-0.0326032953	0.0795056105	0.0835359083	0.0447762716	-0.1273749722	0.0103562463	0.0671987466	0.1191420282	0.0872161827	-0.2452927755	0.0972812119	0.020996369	0.0589324962	-0.0233037119	0.0726544029	0.0153278824	-0.0552372325	-0.001631286	-0.0394155147	-0.0735693829	0.0291367233	-0.0209079483	0.0242774355	-0.0500971806	-0.1213562965	0.0059164238	0.0053038082	0.0650220926	0.0933780634	-0.0048133792	-0.0222551052	-0.0552348713	-0.0252949926	-0.0356953297	0.0221906033	0.0297452608	0.065201845	0.0284819172	0.0921070668	0.06701439	-0.1224755703	-0.0215832785	0.0660574093	0.0121609166	-0.0635872588	0.0737644174	0.0629567991	-0.0405266852	-0.1480603376	-0.0769329069	-0.0900086378	-0.0180963974	0.069268386	0.07869059	0.0015158306	0.116382506	0.0826048496	-0.2406251846	-0.1149311258	-0.0227688269	0.0337990626	-0.0534010339	0.0659805904	-0.0033401155	-0.0574842286	-0.0121273538	-0.0570027926	-0.0729425124	-0.0312428899	-0.0117703404	0.0338428364	-0.06468208	-0.1059432264	-0.0124056013	-0.0190339257	0.0640551001	0.0652728367	-0.0507150176	-0.0360427143	-0.0604690798	0.0035507757	-0.040942296	-0.0088528771	-0.0589132857	0.0585360822	0.0691338638	-0.0639175971	-0.0908474225	0.0883857626	-0.0445482994	0.0712668416	0.0371046688	-0.0464893983	0.0334972453	0.0400247714	-0.0656366994	-0.0381974852	0.1683916586	-0.0700146919	0.0174833012	0.1217439542	-0.0045754212	-0.0541675308	-0.0474771449	0.0267697335	-0.1221999178	-0.105155192	-0.068206821	0.1059202339	-0.0088334966	-0.1394994803	0.0700038023	0.0574239959	-0.0402487822	0.1131598228	0.0588028038	0.10570813	-0.0426515273	-0.1177360842	-0.0192748348	-0.0205927658	-0.2017893801	0.0653346847	0.1074389179	-0.0008764929	0.0043258509	0.0509452979	-0.1155651064	0.1039539485	-0.0854583468	0.139745	0.029626	0.000877699876	0.019528665025	0.0747593	-0.1305446999999999	0.0170419186980899	0.00558895293649	1.02078	-0.00607	1.0419918084	3.684490000000024e-05	-0.0126793	0.0002623	0.00016076464849	6.880129000000001e-08	-0.00289213	-0.00035503	1.2604630090000008e-07	8.3644159369e-06	0.00971087	-0.0002141799999999	9.43009961569e-05	4.587307239999982e-08	0.0	0.0	0.0	0.0	0.0	0.0
287.84607373336087	-0.4836274941208103	0.2338955530695744	82855.36216371143	264.9331625629354	-0.302949263431401	70189.58062559877	0.0917782562136284	207.90916650064588	-0.4232751378204398	43226.22151499329	0.1791618422969123	207.4449349197133	310.9136350143264	1.054725	28.005402	0.2118883	0.113859	-0.0173885013	0.0141060663	0.021216381	-0.1167366061	0.0385323295	0.1091066404	0.0558024175	-0.0137512446	0.0868623654	-0.0019013743	0.0036088567	-0.0895497539	0.0520409458	-0.1048454662	-0.0476469878	0.0095856957	-0.0267372627	-0.05465687	-0.1480376914	-0.0618922335	-0.061178987	0.061816774	0.0082672382	-0.2127678089	-0.0639395423	-0.0074766317	0.0321970687	-0.1285028189	-0.0093678193	-0.014453837	-0.0856456202	-0.0183752612	-0.0021941665	0.0141185179	0.0115452676	0.0209854808	-0.0304360207	-0.0182819871	0.0090979674	-0.0200736457	-0.0217816819	0.0307926922	0.0404506739	-0.0412473257	0.0212440364	0.0461607222	-0.0297991478	-0.1190002001	0.1546162075	-0.0246442905	-0.020485944	-0.0427867124	0.0070886921	0.0730492635	-0.0279879726	0.0295251839	0.01870359	0.0909620037	0.068445708	-0.1228978893	-0.0704053464	0.065521161	-0.0470331395	-0.0759995072	0.0472193221	0.0747036071	0.040735197	-0.0480199762	0.040456399	0.0589637428	0.0063167228	-0.2195939334	0.0541196943	0.0227748404	-0.0380465092	-0.1178209203	-0.0273739736	-0.0101654445	-0.0898569213	-0.0174513596	-0.0109045901	0.0269546395	-0.0082919249	0.0200220446	-0.0371189962	0.0034948553	0.0128639666	-0.033051159	0.0123400686	0.0297060587	-0.0008734684	-0.06371531	0.0188689894	0.0402904597	0.0399219034	-0.116577293	-0.1111224351	-0.1033165575	-0.064903689	-0.0288410911	-0.0724638313	-0.0003412889	0.0174855593	0.0130596914	-0.0260586145	0.0735598055	0.0947414515	-0.0940462154	-0.0643675236	0.0956553909	-0.0888013586	0.0499832549	0.0538324767	0.0570441717	-0.0067587494	0.0043471326	0.0461728709	-0.0341755033	-0.0239499591	-0.133408769	-0.1020784617	-0.0373064029	0.100160328	0.0215343406	-0.0414500496	-0.0179994916	-0.0889299919	-0.0189222138	0.0417171517	-0.0406022461	0.0854082812	-0.0752774096	-0.1566497087	-0.0320269235	0.0424263812	-0.1483388867	0.0428760578	0.1071985006	0.0464194244	-0.0462930189	-0.1004806921	-0.1162204348	0.1064956489	-0.0908858965	0.119574	-0.020171	0.000406869241	0.014297941476	0.0984681	0.0237088	0.00056210719744	0.00969596671761	1.09263	0.0718499999999999	1.1938403169	0.0051624224999999	-0.0138959	-0.0012166	0.0001930960368099	1.48011556e-06	-0.002417	0.00047513	2.2574851690000026e-07	5.841889e-06	0.00947943	-0.0002314399999999	8.98595931249e-05	5.3564473599999736e-08	0.0	0.0	0.0	0.0	0.0	0.0
287.5901667781925	-0.2559069551683706	0.0654883697035464	82708.10402750857	264.3873146463324	-0.5458479166030088	69900.65214589878	0.2979499480598452	207.6706957241738	-0.2384707764720701	43127.11786256238	0.056868311231192	207.20788533039763	310.36158940087165	0.975837	25.910761	0.0762553999999999	0.0362541	-0.0296676982	0.0260352326	-0.0089605108	-0.1370108741	-0.0342105236	-0.0479342477	0.0292360515	0.010839635	0.0701317831	0.0526841174	0.0030426156	0.0422587281	0.0987691417	-0.0777045173	-0.0137104893	-0.0067945079	-0.1118932841	0.0890811238	-0.0094384619	0.0398499278	0.0877315918	0.0315312357	0.0269464366	-0.1028155721	-0.0060844061	0.0124557334	-0.0706829567	-0.0637709701	-0.0108895554	0.0524153209	-0.0273812802	-0.0281645101	-0.0639601869	0.107517056	0.0417429062	0.0237168696	0.0807077154	-0.0641344569	0.0182696149	0.0276200435	0.0005941081	0.0621220964	-0.0788600847	-0.0367295339	-0.0901614688	0.0335909832	0.0187959412	0.0256219675	0.0049858596	0.0256954888	-0.0043536947	-0.0112427892	-0.0793921091	-0.0394124777	-0.0468598333	0.0504566256	-0.0060005291	0.0716748414	-0.0444143281	0.0080102191	-0.0633318773	0.0179612844	0.0088448063	0.0810416394	-0.11153504	-0.0810239668	0.0143591588	0.0037803416	-0.0750797643	0.0309677271	0.0258575458	-0.0946756647	-0.0261656449	0.0121116605	-0.0934509838	-0.0209933211	-0.0108958581	0.0590565994	0.0002387288	-0.0194790251	-0.06839778	0.1098808147	-0.0532811907	0.0452045948	0.0890858429	-0.068398581	0.0252558561	0.0283852811	0.0176490599	0.0401385228	-0.0894101566	0.0243807589	-0.0903581683	0.0512283714	0.006615387	0.0426055262	0.0182675055	-0.0173253496	0.0081173889	-0.0291897595	0.0289113139	0.0726978633	0.0754573455	0.0212204716	-0.0135857563	0.0231427729	-0.0337699426	0.0092357147	-0.0979703225	0.0469389149	0.0549415673	-0.021189208	-0.110928711	-0.0645894956	0.0306805051	0.0605624465	-0.1281717234	-0.0311859285	-0.0066851235	-0.1243865332	-0.086781637	0.0246094475	0.0573734511	-0.0216238022	-0.032620623	0.0097956551	-0.00371068	-0.1303608574	-0.0200926792	0.0144053626	0.0095010635	-0.0721159073	-0.0663030298	-0.0616972093	-0.0546502984	-0.1149931665	-0.0102995212	0.0895252431	0.0678823706	0.1266432261	0.1144175953	-0.1168172427	0.1088228812	-0.0959017104	0.115079	-0.0044949999999999	2.0205024999999992e-05	0.013243176241	0.127461	0.0289928999999999	0.0008405882504099	0.016246306521	1.10787	0.0152399999999999	1.2273759369	0.0002322575999999	-0.0136942	0.0002016999999999	0.00018753111364	4.068288999999964e-08	-0.00250839	-9.139000000000022e-05	8.352132100000041e-09	6.2920203921e-06	0.00922197	-0.00025746	8.504473068089999e-05	6.628565160000052e-08	0.0	0.0	0.0	0.0	0.0	0.0
287.581157464315	-0.0090093138774705	8.11677365427826e-05	82702.92212851516	263.9948710138047	-0.3924436325277156	69693.29192159537	0.1540120047115487	207.2855633267904	-0.3851323973834155	42967.30476370483	0.1483269635142971	206.81863171194925	313.25158898910547	1.144868	30.398932	0.3376689999999999	0.173377	-0.0831073318	-0.0664041951	0.0295828962	-0.0393329061	-0.0172983868	-0.0585889856	0.1185277303	0.0756803886	0.1085745232	-0.0634054291	0.0630952965	0.0205593528	0.0298176336	0.0016205066	-0.0491980585	0.1368365969	0.1566351542	0.189696081	-0.0124117599	-0.0181431104	-0.0387897375	-0.0599405994	-0.0502217229	-0.0724423973	-0.0362843022	0.0076190223	0.0280968987	0.007773868	0.0641672455	0.1595843009	-0.0629999477	0.114517389	-0.042509671	0.0251130232	-0.1864245625	-0.0605303873	-0.0529976012	0.0886870962	-0.0243185876	0.0269409633	-0.060998865	0.0047257812	0.0672405021	0.0103762079	0.0533930534	-0.0061261906	-0.0542509863	0.0207043846	0.076173058	0.1041977155	-0.0547765815	-0.07459335	0.0015164203	0.0499776817	0.0009559112	-0.061520912	9.34391e-05	0.058190668	-0.1456398612	0.2095657073	0.1293862495	-0.1359546318	-0.096312582	-0.0086944111	0.0078105763	0.0488914602	-0.1304657207	0.1019281892	0.1035920434	-0.0601783163	-0.0536921909	-0.0702152557	0.0101581685	0.023021291	0.0260853334	-0.0219895558	0.0575477875	0.1665656095	-0.0578245514	0.098149489	-0.0584496159	0.0019332851	0.1743586169	-0.0676101362	-0.0155597354	0.078704998	-0.0519827424	0.0471662676	0.0431201064	0.0390071782	0.0674901786	-0.013917366	0.0503101395	-0.0280976923	-0.0871657508	-0.0133024424	0.0708047547	-0.1334551681	-0.0649160971	-0.0366242951	-0.0754562977	-0.012791475	-0.0011878952	-0.0295221476	0.0418331684	0.0575466513	-0.2047759908	0.1780596319	0.0521875735	-0.1660936757	0.052256391	0.1152905692	0.018676022	0.0763058427	-0.0587267008	-0.150243334	-0.0478455127	-0.0798646526	-0.011780724	0.0132998373	0.0399341114	0.0384964037	0.1160554361	-0.0407109373	-0.2231876373	0.035849123	0.0124628427	-0.0543400437	0.1414773263	-0.1374653319	0.1489371935	-0.1546417468	-0.1977067201	0.0147953698	0.0945712432	0.0827226008	0.0107822583	-0.0953232565	-0.2098852135	0.0573000722	0.025541848	-0.1173552296	0.1109309587	-0.1004830656	0.119467	0.004388	1.9254544000000028e-05	0.014272364089	0.268379	0.140918	0.0198578827239999	0.0720272876409999	1.05718	-0.0506899999999999	1.1176295524	0.0025694760999999	-0.0124201	0.0012741	0.00015425888401	1.6233308100000006e-06	-0.00355391	-0.0010455199999999	1.0931120703999998e-06	1.26302762881e-05	0.00973581	0.0005138399999999	9.478599635609998e-05	2.6403154559999977e-07	0.0	0.0	0.0	0.0	0.0	0.0
286.2732904274257	-1.30786703688932	1.7105161861816498	81952.39681214522	261.4805870329892	-2.514283980815492	68372.09739511664	6.3216239361853965	206.04083585685697	-1.244727469933423	42452.82604059228	1.5493464744068604	205.5718578514903	315.1360687477903	1.35769	36.049847	0.4223145000000001	0.218879	-0.0481665863	-0.106585673	-0.0045275902	0.0949480447	0.087980932	-0.0443279037	0.030840147	0.1416705472	0.0034164796	-0.0253041748	-0.0242147039	0.0484168402	-0.0704300714	0.1415369641	0.0500907572	0.0807506944	0.0873660529	-0.0568890841	0.0882289066	-0.1511908208	-0.2113251584	-0.275707514	-0.0274761915	0.3343212307	-0.0633284534	0.0137883079	-0.0172906784	0.1452987191	-0.049997541	0.0713874227	0.0001840507	0.1366828811	0.0646798901	-0.1074913266	-0.0759884059	-0.0783482185	-0.0835022937	-0.064585801	0.0138434425	-0.1011977489	-0.199872685	0.0196546681	0.1603063321	-0.2281340525	0.0047656915	0.1228148199	-0.0891263681	-0.0036628544	-0.0488672904	-0.037166406	0.1044365568	-0.0207224138	0.0043041022	-0.1019176652	-0.0715972935	-0.0371548518	-0.0140105069	0.0548049801	0.0187480296	0.0575488801	-0.0989332306	0.0370920988	-0.0719965884	-0.0478833572	-0.0420302345	-0.0176140489	-0.1550373547	0.0076576503	-0.0442865027	-0.272145306	-0.0217488885	0.3275422895	0.0900616303	0.035039904	0.0635624984	0.1281364577	-0.0523533037	0.078231776	-0.0154464145	0.1251288482	0.0598397441	-0.113541777	0.0944976403	-0.1075500755	-0.1273314468	-0.0159762935	0.0243381687	-0.1527072661	0.1237799892	0.0959264054	0.0247714482	-0.2654400244	-0.0400867589	0.0964952626	-0.1066153382	-0.0371870415	-0.0391850618	0.0326845967	0.1222892585	-0.0418770991	0.0811589265	0.0056831765	0.058762745	-0.0580048442	0.0294970991	0.0270399928	0.0097668405	0.0922248817	-0.0534128274	0.0510766538	-0.0541565556	0.0848844371	-0.0607370711	0.0005645324	-0.1159157083	-0.0919454013	-0.0996265539	-0.034058072	0.0613789031	0.1813337192	0.1820157804	0.038033709	-0.0904112469	-0.0049415232	-0.1947837324	0.2028978965	-0.1211349135	-0.0487100102	0.2077559207	-0.0555093458	0.2059001884	-0.2763617664	0.1939050815	0.1770967762	0.0963144984	0.4441009432	-0.0748834865	-0.0500100191	-0.1230031055	-0.1253101654	-0.1105518393	-0.1178341246	0.112815636	-0.1046092073	0.0955645	-0.0239025	0.00057132950625	0.0091325736602499	0.393482	0.125103	0.015650760609	0.154828084324	1.17479	0.1176099999999999	1.3801315441	0.0138321120999999	-0.0135736	-0.0011535	0.00018424261696	1.33056225e-06	-0.00549991	-0.001946	3.786916000000001e-06	3.02490100081e-05	0.00975029	1.4480000000000742e-05	9.50681550841e-05	2.096704000000215e-10	0.0	0.0	0.0	0.0	0.0	0.0
288.7909136097211	2.517623182295381	6.338426488031121	83400.19178353739	264.76096143501775	3.280374402028542	70098.36669999495	10.760856217484116	207.60383101795696	1.562995161099991	43099.35065333243	2.442953873621987	207.1927254103909	316.1914184479033	1.589698	42.21019	0.5042000000000001	0.254792	0.0419815655	-0.0630660719	-0.2361703728	0.0887927477	-0.0568864623	0.036083549	-0.0466136271	0.0100589645	-0.0530944234	-0.0907582806	-0.1162568815	-0.0184740382	0.0330229856	0.021696067	0.2437297548	-0.0753523348	0.0950247127	-0.1966648409	-0.0661615649	0.193707453	-0.0240097959	0.0372252358	0.1744426997	0.0294410024	0.0615059669	-0.0177772336	0.0208877098	-0.0012688714	-0.0637909492	-0.0150426851	0.0282159908	0.0090833068	0.1701327837	-0.0409949686	0.1096500002	-0.0822664311	-0.0246198076	-0.076772951	0.0720767079	-0.1414006771	-0.0478923694	-0.0235946901	0.0106313753	-0.0429520197	-0.0740950656	-0.035098908	0.0610319435	0.0169846347	-0.0463740244	-0.069996508	0.0362892593	-0.0268339911	0.0076305544	-0.0450766468	-0.0399785532	0.0273761297	-0.1035504341	-0.0184639335	0.0272104631	0.0426667571	0.0068611802	0.0668102319	0.0997626458	-0.007509608	0.095670885	0.0381882661	0.0141288254	0.0572724887	0.0157049549	0.039327869	0.1738865184	0.0220177244	-0.0340853537	-0.0385246075	0.0302176367	-0.000887746	-0.0732757106	-0.02977826	-0.0088993081	0.0058951206	0.1734945546	-0.0519020233	-0.0889183929	-0.1040099752	-0.0579722683	-0.0484767637	0.1105003499	-0.1481167309	-0.0029897056	-0.0098718932	0.013181462	-0.0183759437	-0.0823356317	-0.0270424792	0.0606241581	0.0422738687	-0.041537457	0.0690599374	0.0560785085	-0.0271957101	0.0057987864	-0.003796867	0.0425269778	0.0054331737	-0.0589047823	-0.0602982517	0.0031532249	0.066544355	0.0404734741	0.0503823644	-0.050934368	-0.1153522213	0.0867124839	0.0378312336	-0.0021232807	-0.0014124202	0.0017338862	0.039057842	0.2317126337	0.0699043998	-0.0064506137	-0.0729461354	-0.0428758384	0.0431185073	0.0454077564	-0.0902721613	0.0156036046	0.0497279295	0.058164585	0.0126611715	0.0465299577	0.1141803011	0.1325530322	-0.0750039366	-0.0512656601	-0.1224799274	-0.0862194902	-0.1382492955	0.2212435089	-0.1151004081	-0.0163079516	-0.1182536866	0.1144731177	-0.1082614433	0.157535	0.0619705	0.00384034287025	0.024817276225	0.212935	-0.1805469999999999	0.0325972192089999	0.045341314225	1.32247	0.14768	1.7489269009	0.0218093824	-0.0142853	-0.0007117	0.00020406979609	5.065168900000013e-07	-0.00608145	-0.00058154	3.381887716000002e-07	3.69840341025e-05	0.0107371	0.0009868099999999	0.0001152853164099	9.737939760999989e-07	0.0	0.0	0.0	0.0	0.0	1.0
288.196699047847	-0.5942145618740824	0.3530909455432077	83057.3373420753	264.33228096167244	-0.4286804733453095	69871.55475840054	0.1837669482275586	207.4282839878041	-0.1755470301528703	43026.492998125104	0.0308167597954927	206.99011491927112	316.74749345890905	1.365386	36.254177	0.323343	0.179501	0.0101091059	-0.0827756359	-0.0856888864	-0.133313801	0.0403819172	0.0496928594	0.0633382164	-0.1029212712	0.0533157383	0.0077019748	-0.139423451	-0.0796892916	0.0503843683	-0.0664015023	-0.0606405723	-0.0927245175	0.0244658838	0.0018575934	-0.1039721854	-0.1426890561	0.0021534707	-0.0367174632	0.1026195572	-0.0858873722	-0.1211385335	0.0523879814	0.0340001304	-0.0798070928	-0.0245153656	0.0628242378	0.0378104011	-0.057324941	0.0008625437	0.0631396874	-0.1142201981	0.0398551851	-0.0519467109	0.0191779656	-0.0005345025	0.0143073388	-0.129102648	-0.0253725206	-0.065195347	0.0006095831	0.0924817873	0.0083005073	0.1432860547	-0.029098296	0.0438213705	0.0005715558	0.0366550801	0.013958985	-0.0285815323	-0.0638844053	-0.009630405	-0.048108502	-0.005946648	0.0433418775	-0.0233649485	0.0876914491	0.0297865418	-0.0982543181	0.0231792058	0.1009160724	0.0122734596	0.071430389	0.1199547229	-0.0372590404	0.140566677	-0.0359598674	0.1040158336	-0.0950082002	0.0785719041	0.0995848186	-0.0092987514	-0.0846017122	-0.0296161198	0.0681666612	0.038243103	-0.0508495941	0.0197408643	0.0644291499	0.1057030824	0.0329800643	-0.085698168	0.059026076	-0.0144537459	-0.0446483522	0.1340122757	-0.0127789001	-0.0363835051	0.0475476444	0.0737148765	-0.0156507061	0.1428141883	0.0154093032	-0.012890962	-0.0313476601	0.0198987084	-0.0156294999	0.0765061167	0.0276040616	0.0289038601	-0.047721256	0.0111086603	0.0477446715	-0.047585285	0.0907468714	-0.021753132	-0.0821188564	0.1268546766	-0.0438829709	0.0285477121	0.0378218262	0.0789978207	-0.023824111	0.1865381208	-0.0286248173	0.1265022925	-0.0145560626	-0.0739281062	-0.0632195015	0.0200135427	-0.0803449197	-0.1037757601	0.0551482787	-0.063712073	0.0383524801	-0.0209004241	-0.1353441487	0.0116782414	-0.1270069594	0.0085024865	0.0374373998	0.0964979552	-0.0295941432	-0.0031063727	0.2878904215	-0.0239244617	-0.1031483493	-0.0431011443	-0.1186137044	0.1159000657	-0.1114232278	0.177194	0.0196589999999999	0.0003864762809999	0.0313977136359999	0.140547	-0.072388	0.005240022544	0.019753459209	1.16648	-0.15599	1.3606755904	0.0243328801	-0.0145259	-0.0002405999999999	0.00021100177081	5.788835999999942e-08	-0.00503013	0.00105132	1.1052737424000012e-06	2.53022078169e-05	0.0105229	-0.0002141999999999	0.00011073142441	4.5881639999999766e-08	0.0	0.0	0.0	0.0	0.0	0.0
288.09311434309745	-0.1035847047495508	0.0107297910580516	82997.64253190502	264.3917425888556	0.0594616271831682	69902.99354917169	0.00353568510727	207.3675011658696	-0.060782821934481	43001.28053977693	0.0036945514423188	206.8922203811392	315.8636365831043	1.13612	30.16663	0.2190910000000001	0.136439	0.0393732986	-0.052954465	-0.1538499173	-0.0312081827	-0.0829990838	0.0322814586	-0.0765190594	0.0482633542	0.0177207704	0.022429935	-0.077398406	0.0325152811	0.1015525694	-0.1031777862	0.1577925689	-0.0109350287	-0.1199248756	0.0380177426	0.0693152789	0.1772690426	0.0931250808	-0.0411122822	0.1507048733	0.042400813	-0.0281957051	-0.0314933572	0.0313035246	-0.0225270303	0.0327276316	0.1556901984	0.0233847043	0.0238954906	0.0489132437	-0.0026379678	0.1209746388	0.0313789771	-0.0213988061	0.02386802	0.0825143559	0.0515942844	0.0221394491	0.0431955681	-0.0598628253	0.0311316151	0.0523785839	-0.012730242	0.0748075893	-0.0194370165	-0.0253023383	0.0303302132	-0.1335999849	0.063267951	-0.0368404656	0.0209216349	0.1361312299	-0.0603196214	-0.083670277	0.0584925393	-0.0035174655	-0.0895163257	-0.1059781821	0.0286457604	-0.0733228983	0.0469823364	-0.0137007344	0.0299386435	-0.0850350542	0.0577026299	-0.1259296635	-0.039048714	0.1527331971	0.0455146557	0.0116763016	-0.0189895753	0.0058229476	-0.0475139884	0.0278001206	0.163343998	0.0146150726	0.0084924296	0.0502386774	-0.0232950864	-0.1206917737	0.031199826	-0.0117094685	0.0149653861	0.0683241057	0.0801966041	-0.011706845	0.0441389233	-0.0610606063	0.0406047448	0.0615676101	-0.0091803607	0.0538564183	0.0108849734	0.0736285651	0.0408673151	-0.1404820892	0.0276334125	0.0598977734	0.0334649178	-0.1374619251	-0.0393207258	-0.1039717004	0.0202203972	0.0160441503	-0.0490711701	-0.1272458384	0.0878016819	0.0490359031	0.0545072855	-0.0250065518	0.029263857	-0.0808166467	0.0491342788	-0.1362783558	0.0035557456	0.1717414206	0.0085346258	-0.0379307282	0.0019737041	0.0081681183	-0.0561379742	-0.0461897748	-0.129068109	-0.0150232341	-0.0614411242	-0.0238518439	-0.0494658596	-0.0149924439	-0.0575305089	0.0284279442	-0.0420800706	-0.0240451135	0.0299212513	-0.1035050532	0.0661991321	0.1535294581	0.1746719619	0.1488183303	-0.1189139965	0.1170936064	-0.1140802373	0.17742	0.000226	5.10760000000018e-08	0.0314778564	0.240487	0.09994	0.0099880036	0.057833997169	1.24434	0.07786	1.5483820356	0.0060621796	-0.0151249	-0.000599	0.00022876260001	3.588010000000007e-07	-0.00518373	-0.0001536	2.359296000000008e-08	2.68710567129e-05	0.0105916	6.869999999999966e-05	0.00011218199056	4.7196899999999535e-09	0.0	0.0	0.0	0.0	0.0	0.0
287.7046959091414	-0.3884184339560761	0.1508688798368906	82773.99204817151	262.2420075310601	-2.1497350577955103	68770.87051392058	4.6213608187150665	207.1719818998728	-0.1955192659968077	42920.23008432122	0.0382277833759304	206.72708024678963	319.2822615386101	1.212669	32.199192	0.3444225	0.197987	0.0538627167	-0.080445061	-0.2450932874	0.078126066	-0.0605451755	-0.116651921	-0.0562233893	-0.0513428569	-0.0693421283	-0.0964832323	-0.1319883019	0.0127300722	-0.1405715864	0.0781388866	0.1138480458	-0.187471152	0.1655648549	0.0958814715	0.0715779564	0.0217962281	0.0114107231	-0.0484986775	0.2559764675	0.1609397853	0.0089865641	0.0336588341	-0.0719043483	0.045921638	-0.0031223508	0.0005738189	0.0661643572	0.0074428759	0.0041552674	-0.1232116144	-0.0988269388	0.0115171842	-0.0096013599	-0.0462850669	-0.0601818755	0.0372010505	0.1261761159	-0.0214333203	-0.1358966461	0.0382867412	0.0374816082	-0.0552697246	-0.0787681934	-0.0434587304	0.0396646714	-0.0426779243	-0.0345251629	0.0743308941	0.014911945	-0.049471873	0.0618679289	0.0260020985	0.0008867727	-0.0696005726	-0.0944459362	0.1102773912	-0.0421804674	-0.0147951961	0.0517641807	-0.0080448332	0.0889781525	-0.0317626003	-0.0162968037	-0.0296661846	0.0071453511	-0.0481551018	0.2556922261	0.1596937191	-0.0195008916	0.0334074265	-0.0383189179	0.0736537944	-0.0024420455	-0.0091841842	0.0636298223	-0.0118785177	-0.0029112493	-0.1329573293	0.101966254	0.0199367454	0.0192865327	-0.0714223294	-0.0608166708	0.0620520113	-0.0845531447	-0.0747772425	-0.0954436933	0.0947734011	0.0404731552	-0.0513240842	-0.0581344181	-0.0552427884	-0.0735971245	-0.007612053	-0.0438069439	0.0550289218	0.056171021	-0.0074902983	-0.0352540438	0.0643067608	0.0297460665	-0.0662287296	-0.1030950468	0.1103199672	-0.0174873426	-0.0144507353	-0.0338201708	-0.0504114498	0.0605440224	-0.053780772	-0.0272960963	0.0148672633	0.0179147581	0.0411952113	0.2867746057	0.11166881	0.053639597	0.0107395603	-0.1086024984	0.0298784742	0.0027908928	0.0540004562	0.0454891941	0.0299109286	-0.0518168282	0.063260947	-0.0700003061	0.0883503333	0.0596670203	-0.0316257415	-0.0071701841	0.0343059696	0.0069491439	-0.0514191521	-0.1629872647	0.0338754484	-0.0769021853	-0.1191544118	0.1180513362	-0.1162204348	0.212534	0.035114	0.001232992996	0.045170701156	0.256395	0.0159079999999999	0.0002530644639999	0.0657383960249999	1.40742	0.1630799999999999	1.9808310564	0.0265950863999999	-0.0160145	-0.0008896	0.00025646421025	7.913881600000015e-07	-0.00557334	-0.00038961	1.5179595210000026e-07	3.106211875560001e-05	0.0119188	0.0013272	0.00014205779344	1.7614598400000017e-06	0.0	0.0	0.0	0.0	0.0	0.0
288.4307395889672	0.726043679825807	0.5271394250149989	83192.2915398386	263.70564065774283	1.463633126682737	69540.66491471059	2.1422219295230844	207.54182242563425	0.3698405257614467	43073.6080557535	0.1367820144955033	207.09629491499305	316.6328748391421	1.098314	29.162798	0.1363019999999998	0.064922	0.0691095177	-0.0610461607	-0.2922554265	0.0153520356	-0.0547000024	0.0469081429	-0.074810212	-0.0205828691	-0.0711364545	-0.0574422204	-0.1733408097	-0.0451021913	-0.0275738096	0.0184366937	0.2152099274	-0.1755311106	0.0298946963	-0.0964299866	0.0609099464	-0.062046607	-0.0190029973	0.0140909405	0.3088139591	0.0641757539	-0.0267187002	0.0117375705	0.0354160445	0.031597492	-0.0389086789	0.013280051	-0.0116459554	0.0179509717	0.1244439592	-0.0639120336	0.0294609784	-0.0385087325	-0.0235230448	-0.0118545766	-0.0002542168	0.1701325771	-0.0385605705	-0.0772700512	-0.0739004424	0.0640748691	0.0230828641	0.0494764231	0.0214006664	0.0167145063	-0.0484358439	-0.0314351613	0.0061534416	-0.0031077537	-0.0133324758	0.0604123371	0.0752902307	0.1179660768	0.0150302909	-0.0554423342	0.1019833106	-0.1221168595	0.0684923629	0.0469926683	0.117882703	0.0089283004	-0.0411485366	-0.0368642676	0.0362499241	-0.1417541282	0.0201695914	0.0150637452	0.3079669683	0.0567427462	0.0141746155	0.0300976638	0.0497283191	0.0090158556	-0.0382853047	0.0141011263	-0.0274387884	0.0126294122	0.1150978656	-0.076614662	-0.0284422956	-0.0424920503	-0.0266356028	-0.0223229607	-0.0244264125	0.1089072324	0.1268069213	-0.0717158237	-0.0061374393	0.0884173144	0.0508629829	0.0463775098	0.0209506457	0.0196863041	-0.0069768448	0.0648069336	0.0165054338	0.015512159	-0.0677109143	0.0166646574	-0.0527847435	0.1345408697	-0.0451454135	-0.0429116405	0.1080840166	-0.1354700454	0.0884352772	0.0031558819	-0.0085806355	-0.1113649976	-0.0297827643	-0.0640932305	-0.0138500696	0.0419919137	0.1163992915	0.0565423238	0.3350268132	0.0770100855	0.0024623817	-0.0298910896	-0.1056142703	-0.0561496213	0.0157612135	-0.1162143727	0.0376539322	0.133052323	-0.0909395541	-0.0117035088	-0.1127430684	0.0574677729	0.0622778678	0.0580128138	0.0053887496	0.0632496893	0.029986719	-0.0612473036	0.070181351	-0.0812488289	-0.0282501374	-0.1193348294	0.1187713263	-0.1178341246	0.238781	0.0262469999999999	0.0006889050089999	0.0570163659609999	0.251449	-0.004946	2.4462916000000057e-05	0.063226599601	1.39713	-0.0102899999999999	1.9519722369	0.0001058840999999	-0.0164055	-0.0003909999999999	0.00026914043025	1.528809999999992e-07	-0.00643842	-0.0008650799999999	7.483634063999997e-07	4.14532520964e-05	0.0125591	0.0006402999999999	0.00015773099281	4.099840899999999e-07	0.0	0.0	0.0	0.0	0.0	0.0
287.8455232557568	-0.5852163332103828	0.3424781566562058	82855.04525838043	264.23253256099093	0.5268919032480994	69818.83126359513	0.2776150777084045	207.4841828059473	-0.0576396196869382	43049.68611465176	0.0033223257576548	207.06075938113736	318.6407961438937	1.06517	28.282757	0.180212	0.0915455	0.0691594119	-0.0453173101	-0.2583475688	0.0078502833	-0.0892993449	-0.0263662757	-0.0713510316	-0.099064173	-0.0636933584	-0.0177566943	-0.1586256095	-0.0670664797	-0.0331995296	-0.1029780835	0.1610601806	-0.1316822247	-0.0659412462	0.0468176166	0.0798025799	0.0702263462	0.0900050301	0.0213547834	0.2527117759	0.0740527493	-0.0178649275	-0.007881725	-0.0761876133	-0.0607052177	-0.0031414975	-0.0237479989	-0.0282966981	0.0382608394	0.1617358629	-0.1189272517	-0.0433499923	-0.0203766724	-0.0236279926	-0.0040517432	-0.0122039272	0.0187641215	0.1406820762	-0.0204311842	0.0671910539	0.040784349	-0.0380556079	-0.0442286946	0.0612249595	-0.0085444411	-0.0588268521	-0.0612837406	-0.0100974771	-0.0208680958	0.0460386537	0.0342569225	-0.021289473	-0.0007460553	-0.0047922694	-0.0523328384	-0.0116334258	-0.0600540528	0.0393790799	-0.0835770802	-0.0423807185	0.0048776495	-0.0790599522	-0.0039696382	-0.0358323751	-0.0700809702	-0.015143109	0.0237757873	0.2544639233	0.0692313327	0.0202303355	0.0042348633	-0.0816204873	-0.0045893423	-0.0281799272	-0.0173094096	-0.0664622114	0.0267999496	0.1385537958	-0.1299761234	0.0486082809	-0.0195993554	0.0190175248	-0.0332312509	-0.0095295478	0.0751460332	-0.134523036	-0.0471831623	0.0630714473	-0.00699017	-0.0276874118	-0.0283230458	0.065648788	0.0180504908	-0.0110674679	0.0861696504	-0.0015278775	-0.0037718395	-0.0420525301	-0.0533513291	-0.0026943145	-0.0373141594	0.002967349	-0.0495996418	0.0134321149	-0.0756304918	-0.0101795703	-0.0703306946	0.052980258	0.0530728335	-0.0687160442	-0.0057540077	-0.0404876118	0.060858073	0.0223953333	0.0428082142	0.2869926491	0.0483638133	-0.0108201975	-0.0441168072	-0.0771881917	0.0487897915	0.0324770683	-0.0865586894	0.0036437154	0.0216215399	-0.083206807	0.0115545554	-0.0328453122	0.214066804	-0.0371536452	-0.1201374785	0.0324330557	-0.0628599374	0.0100142816	0.0159845036	-0.0300748574	0.0743997124	-0.0152525445	-0.1194551582	0.1192521267	-0.1189139965	0.212708	-0.0260729999999999	0.0006798013289999	0.045244693264	0.180303	-0.0711459999999999	0.0050617533159999	0.0325091718089999	1.40126	0.0041299999999999	1.9635295876	1.7056899999999728e-05	-0.0160079	0.0003976	0.0002562528624099	1.5808576000000114e-07	-0.00567556	0.00076286	5.81955379600001e-07	3.2211981313599994e-05	0.0121423	-0.0004168	0.00014743544929	1.7372224000000013e-07	0.0	0.0	0.0	0.0	0.0	0.0
287.39118972346625	-0.4543335322905477	0.2064189585636061	82593.69593066938	262.450048919298	-1.7824836416929202	68880.02817774191	3.1772479329028545	207.372866422862	-0.1113163830853238	43003.50572843416	0.0123913371431985	206.9511937365294	315.48011697283675	1.065173	28.282827	0.1258169999999999	0.0587981	0.0588377652	-0.0158385892	-0.2349005884	0.0297045723	-0.0744026788	-0.0924337335	-0.0362046488	0.0282448954	-0.0901310107	-0.0500072334	-0.1104213647	-0.0106934827	-0.0199802396	0.0782345528	0.1271529482	-0.1341901301	0.0544072705	0.0364832251	0.0868434405	0.0614003422	0.0833767448	-0.0064808024	0.2318131862	0.0809857969	0.0156648458	0.0486190294	-0.0571366918	-0.0240251421	0.0129747251	0.0131568143	0.0395763585	-0.0118482079	0.1160942892	-0.1060932905	-0.0193209919	-0.0113241864	0.0379155972	-0.0309692653	0.0128452959	-0.0012418121	0.0616091951	0.0278987152	-0.0226536718	0.0303796858	-0.0319755945	0.0210254558	-0.0783772314	0.0668094453	-0.0407894859	0.0788386002	-0.0032032572	0.0297038066	-0.0303479446	-0.0468080587	-0.0603413036	0.0453392132	0.0520918096	-0.0982208089	-0.0802096727	0.0868953467	-0.0032452333	-0.1088387294	0.031067353	-0.0083217215	0.0394862358	-0.0379519576	0.0596272568	-0.0144827888	0.0223008614	-0.0067573526	0.2312088956	0.077715824	-0.0306659745	0.0441312489	-0.0568132807	0.0112892336	0.0011927953	-0.0057767165	0.0147721487	-0.0244220596	0.1031104724	-0.1239344417	0.0224985308	-0.0100657873	0.0618641913	-0.0438082701	0.0264360015	0.0326784233	-0.0588651739	0.0083207637	-0.0053534959	0.0378215126	-0.0212994609	0.0271763552	-0.097005425	0.0266291849	0.0673050089	-0.0163467256	0.0309647646	0.0276320348	0.0268069159	0.0173552246	0.0855143469	0.0609574627	0.0903136926	-0.0779553217	-0.0694486489	0.0585895228	-0.0131761815	-0.1012127882	0.0010635036	-0.0125126879	0.0432301557	-0.0431672535	0.059305153	0.0108613633	0.0543838279	0.0491282411	0.2999118595	0.0530268889	-0.0143220691	0.0089295379	-0.1070806279	-0.0496553601	0.0168649472	-0.0778148273	0.0987728597	0.0493911272	-0.0506267319	0.0185646784	-0.0483814462	0.0450350669	-0.010311055	0.0323299199	-0.0314416257	-0.035429184	0.0159262077	-0.0729017768	-0.1226689235	0.0674032138	0.0101414571	-0.1195153378	0.1194927693	-0.1194551582	0.204199	-0.008509	7.240308100000028e-05	0.0416972316009999	0.200329	0.020026	0.000401040676	0.040131708241	1.3911	-0.0101599999999999	1.93515921	0.0001032255999999	-0.0152553	0.0007525999999999	0.0002327241780899	5.664067599999987e-07	-0.0060116	-0.00033604	1.1292288160000009e-07	3.613933456e-05	0.0127961	0.0006537999999999	0.00016374017521	4.274544399999994e-07	0.0	0.0	0.0	0.0	0.0	0.0
